818073.0627900377 0 0 0 0 0 0 0 0 0 0
-799.6843306000217 0 0 0 0 0 0 0 0 0 3
-1189.5908090235052 0 0 0 0 0 0 0 0 3 0
-181.99338898540933 0 0 0 0 0 0 0 0 3 3
-1189.5908090235048 0 0 0 0 0 0 0 3 0 0
-181.9933889854093 0 0 0 0 0 0 0 3 0 3
-174.13807029174728 0 0 0 0 0 0 0 3 3 0
0.3517704068818063 0 0 0 0 0 0 0 3 3 3
-1419.614878596862 0 0 0 0 0 0 3 0 0 0
-154.74969281549582 0 0 0 0 0 0 3 0 0 3
-166.46658960405367 0 0 0 0 0 0 3 0 3 0
0.35402769689023433 0 0 0 0 0 0 3 0 3 3
-166.46658960405367 0 0 0 0 0 0 3 3 0 0
0.35402769689023433 0 0 0 0 0 0 3 3 0 3
0.3961640252842553 0 0 0 0 0 0 3 3 3 0
0.05411202153109894 0 0 0 0 0 0 3 3 3 3
-1614.328553730744 0 0 0 0 0 3 0 0 0 0
-167.1774906162701 0 0 0 0 0 3 0 0 0 3
-150.2440801119247 0 0 0 0 0 3 0 0 3 0
0.3770215336314592 0 0 0 0 0 3 0 0 3 3
-150.2440801119247 0 0 0 0 0 3 0 3 0 0
0.3770215336314592 0 0 0 0 0 3 0 3 0 3
0.3935950609329277 0 0 0 0 0 3 0 3 3 0
0.05185968492962724 0 0 0 0 0 3 0 3 3 3
-120.99634240642204 0 0 0 0 0 3 3 0 0 0
0.35802021937682466 0 0 0 0 0 3 3 0 0 3
0.3863573837491432 0 0 0 0 0 3 3 0 3 0
0.04534452035331971 0 0 0 0 0 3 3 0 3 3
0.3863573837491432 0 0 0 0 0 3 3 3 0 0
0.04534452035331971 0 0 0 0 0 3 3 3 0 3
0.04418472178456769 0 0 0 0 0 3 3 3 3 0
-799.6843306000217 0 0 0 0 3 0 0 0 0 0
-219.66169980221375 0 0 0 0 3 0 0 0 0 3
-196.10284441517683 0 0 0 0 3 0 0 0 3 0
0.34612104975494284 0 0 0 0 3 0 0 0 3 3
-196.10284441517683 0 0 0 0 3 0 0 3 0 0
0.34612104975494284 0 0 0 0 3 0 0 3 0 3
0.3723025369691457 0 0 0 0 3 0 0 3 3 0
0.06755039980529812 0 0 0 0 3 0 0 3 3 3
-197.70443063501054 0 0 0 0 3 0 3 0 0 0
0.36462256788843245 0 0 0 0 3 0 3 0 0 3
0.39753511533459895 0 0 0 0 3 0 3 0 3 0
0.06346527841288954 0 0 0 0 3 0 3 0 3 3
0.3975351153345989 0 0 0 0 3 0 3 3 0 0
0.06346527841288954 0 0 0 0 3 0 3 3 0 3
0.061600884941048054 0 0 0 0 3 0 3 3 3 0
-0.0010260159199597225 0 0 0 0 3 1 3 3 3 1
-0.0010260159199597225 0 0 0 0 3 2 3 3 3 2
-192.25572848136446 0 0 0 0 3 3 0 0 0 0
0.39392141134493464 0 0 0 0 3 3 0 0 0 3
0.4091845977282416 0 0 0 0 3 3 0 0 3 0
0.062211846620900624 0 0 0 0 3 3 0 0 3 3
0.40918459772824156 0 0 0 0 3 3 0 3 0 0
0.062211846620900624 0 0 0 0 3 3 0 3 0 3
0.05715752769347236 0 0 0 0 3 3 0 3 3 0
0.42381212195154394 0 0 0 0 3 3 3 0 0 0
0.054843577192682555 0 0 0 0 3 3 3 0 0 3
0.05293643141982196 0 0 0 0 3 3 3 0 3 0
0.05293643141982196 0 0 0 0 3 3 3 3 0 0
0.0012306055532046055 0 0 0 1 1 0 0 0 1 1
0.0012306055532046055 0 0 0 1 1 0 0 0 2 2
14.108224824214352 0 0 0 1 2 0 0 0 1 2
-14.108224824214352 0 0 0 1 2 0 0 0 2 1
-0.01026606504366969 0 0 0 1 2 0 0 3 1 2
0.01026606504366969 0 0 0 1 2 0 0 3 2 1
-0.012248531442925101 0 0 0 1 2 0 3 0 1 2
0.012248531442925101 0 0 0 1 2 0 3 0 2 1
-0.0014453766191936403 0 0 0 1 2 0 3 3 1 2
0.0014453766191936403 0 0 0 1 2 0 3 3 2 1
-0.0012061658192353067 0 0 0 1 2 1 3 3 2 0
0.0012061658192353067 0 0 0 1 2 2 3 3 1 0
-0.013671090816448779 0 0 0 1 2 3 0 0 1 2
0.013671090816448779 0 0 0 1 2 3 0 0 2 1
-0.0013087269424796014 0 0 0 1 2 3 0 3 1 2
0.0013087269424796014 0 0 0 1 2 3 0 3 2 1
-0.0007891574489536978 0 0 0 1 2 3 3 0 1 2
0.0007891574489536978 0 0 0 1 2 3 3 0 2 1
-14.108224824214352 0 0 0 2 1 0 0 0 1 2
14.108224824214352 0 0 0 2 1 0 0 0 2 1
0.01026606504366969 0 0 0 2 1 0 0 3 1 2
-0.01026606504366969 0 0 0 2 1 0 0 3 2 1
0.012248531442925101 0 0 0 2 1 0 3 0 1 2
-0.012248531442925101 0 0 0 2 1 0 3 0 2 1
0.0014453766191936403 0 0 0 2 1 0 3 3 1 2
-0.0014453766191936403 0 0 0 2 1 0 3 3 2 1
0.0012061658192353067 0 0 0 2 1 1 3 3 2 0
-0.0012061658192353067 0 0 0 2 1 2 3 3 1 0
0.013671090816448779 0 0 0 2 1 3 0 0 1 2
-0.013671090816448779 0 0 0 2 1 3 0 0 2 1
0.0013087269424796014 0 0 0 2 1 3 0 3 1 2
-0.0013087269424796014 0 0 0 2 1 3 0 3 2 1
0.0007891574489536978 0 0 0 2 1 3 3 0 1 2
-0.0007891574489536978 0 0 0 2 1 3 3 0 2 1
0.0012306055532046055 0 0 0 2 2 0 0 0 1 1
0.0012306055532046055 0 0 0 2 2 0 0 0 2 2
-1189.590809023505 0 0 0 3 0 0 0 0 0 0
-196.10284441517683 0 0 0 3 0 0 0 0 0 3
-201.9177598163249 0 0 0 3 0 0 0 0 3 0
0.3756331023363755 0 0 0 3 0 0 0 0 3 3
-183.39888474689045 0 0 0 3 0 0 0 3 0 0
0.3665686820624425 0 0 0 3 0 0 0 3 0 3
0.4094266026766414 0 0 0 3 0 0 0 3 3 0
0.06434090944719581 0 0 0 3 0 0 0 3 3 3
-181.45823371454617 0 0 0 3 0 0 3 0 0 0
0.37361349372206565 0 0 0 3 0 0 3 0 0 3
0.4311889012382072 0 0 0 3 0 0 3 0 3 0
0.05987268103519816 0 0 0 3 0 0 3 0 3 3
0.4151109706269076 0 0 0 3 0 0 3 3 0 0
0.05811178820451311 0 0 0 3 0 0 3 3 0 3
0.05924840090842315 0 0 0 3 0 0 3 3 3 0
-0.0006738069632395622 0 0 0 3 0 1 3 3 3 1
-0.0006738069632395622 0 0 0 3 0 2 3 3 3 2
-185.02762737204395 0 0 0 3 0 3 0 0 0 0
0.4074623212617248 0 0 0 3 0 3 0 0 0 3
0.4463272279603032 0 0 0 3 0 3 0 0 3 0
0.059908479226504746 0 0 0 3 0 3 0 0 3 3
0.42804636129669293 0 0 0 3 0 3 0 3 0 0
0.05800591110039248 0 0 0 3 0 3 0 3 0 3
0.055837553611379084 0 0 0 3 0 3 0 3 3 0
0.43135358872141544 0 0 0 3 0 3 3 0 0 0
0.050713825452665603 0 0 0 3 0 3 3 0 0 3
0.051216890362655865 0 0 0 3 0 3 3 0 3 0
0.049830108460205 0 0 0 3 0 3 3 3 0 0
-181.99338898540944 0 0 0 3 3 0 0 0 0 0
0.3461210497549429 0 0 0 3 3 0 0 0 0 3
0.37563310233637554 0 0 0 3 3 0 0 0 3 0
0.07165328176902672 0 0 0 3 3 0 0 0 3 3
0.3665686820624425 0 0 0 3 3 0 0 3 0 0
0.06891802712654099 0 0 0 3 3 0 0 3 0 3
0.06617025702032307 0 0 0 3 3 0 0 3 3 0
0.3926238492805801 0 0 0 3 3 0 3 0 0 0
0.06585274750405518 0 0 0 3 3 0 3 0 0 3
0.06532901274166765 0 0 0 3 3 0 3 0 3 0
0.06308210745474542 0 0 0 3 3 0 3 3 0 0
-0.0038385891019285306 0 0 0 3 3 1 0 3 3 1
0.00028564727866725224 0 0 0 3 3 1 3 0 3 1
0.00014513174740114114 0 0 0 3 3 1 3 3 0 1
-0.004584630206910886 0 0 0 3 3 1 3 3 3 1
-0.0038385891019285306 0 0 0 3 3 2 0 3 3 2
0.00028564727866725224 0 0 0 3 3 2 3 0 3 2
0.00014513174740114114 0 0 0 3 3 2 3 3 0 2
-0.004584630206910886 0 0 0 3 3 2 3 3 3 2
0.41228320372560967 0 0 0 3 3 3 0 0 0 0
0.0669728648602099 0 0 0 3 3 3 0 0 0 3
0.06348361882682396 0 0 0 3 3 3 0 0 3 0
0.061127964627070375 0 0 0 3 3 3 0 3 0 0
0.05786994519787922 0 0 0 3 3 3 3 0 0 0
0.0012306055532046057 0 0 1 0 1 0 0 1 0 1
0.0012306055532046057 0 0 1 0 1 0 0 2 0 2
14.108224824214352 0 0 1 0 2 0 0 1 0 2
-0.010266065043669692 0 0 1 0 2 0 0 1 3 2
-14.108224824214352 0 0 1 0 2 0 0 2 0 1
0.010266065043669692 0 0 1 0 2 0 0 2 3 1
-0.012248531442925101 0 0 1 0 2 0 3 1 0 2
-0.0014453766191936403 0 0 1 0 2 0 3 1 3 2
0.012248531442925101 0 0 1 0 2 0 3 2 0 1
0.0014453766191936403 0 0 1 0 2 0 3 2 3 1
-0.0012061658192353067 0 0 1 0 2 1 3 2 3 0
0.0012061658192353067 0 0 1 0 2 2 3 1 3 0
-0.013671090816448779 0 0 1 0 2 3 0 1 0 2
-0.0013087269424796014 0 0 1 0 2 3 0 1 3 2
0.013671090816448779 0 0 1 0 2 3 0 2 0 1
0.0013087269424796014 0 0 1 0 2 3 0 2 3 1
-0.0007891574489536978 0 0 1 0 2 3 3 1 0 2
0.0007891574489536978 0 0 1 0 2 3 3 2 0 1
0.0013769204260111424 0 0 1 1 0 0 0 1 1 0
0.0013769204260111424 0 0 1 1 0 0 0 2 2 0
9.259437534717241 0 0 1 2 0 0 0 1 2 0
-0.004532210136966505 0 0 1 2 0 0 0 1 2 3
-9.259437534717241 0 0 1 2 0 0 0 2 1 0
0.004532210136966505 0 0 1 2 0 0 0 2 1 3
-0.008038965305649836 0 0 1 2 0 0 3 1 2 0
-0.0008804464153425231 0 0 1 2 0 0 3 1 2 3
0.008038965305649836 0 0 1 2 0 0 3 2 1 0
0.0008804464153425231 0 0 1 2 0 0 3 2 1 3
-0.009140433331805156 0 0 1 2 0 3 0 1 2 0
-0.0009512840630561379 0 0 1 2 0 3 0 1 2 3
0.009140433331805156 0 0 1 2 0 3 0 2 1 0
0.0009512840630561379 0 0 1 2 0 3 0 2 1 3
-0.0006933909512254326 0 0 1 2 0 3 3 1 2 0
0.0006933909512254326 0 0 1 2 0 3 3 2 1 0
-0.004532210136966505 0 0 1 2 3 0 0 1 2 0
-0.0013676273212428658 0 0 1 2 3 0 0 1 2 3
0.004532210136966505 0 0 1 2 3 0 0 2 1 0
0.0013676273212428658 0 0 1 2 3 0 0 2 1 3
-0.0011234526434611225 0 0 1 2 3 0 3 1 2 0
0.0011234526434611225 0 0 1 2 3 0 3 2 1 0
-7.025776563305583e-05 0 0 1 2 3 1 3 1 2 1
7.025776563305583e-05 0 0 1 2 3 1 3 2 1 1
-7.025776563305583e-05 0 0 1 2 3 2 3 1 2 2
7.025776563305583e-05 0 0 1 2 3 2 3 2 1 2
-0.0011778270998767989 0 0 1 2 3 3 0 1 2 0
0.0011778270998767989 0 0 1 2 3 3 0 2 1 0
-0.010266065043669692 0 0 1 3 2 0 0 1 0 2
-0.0018293475731272577 0 0 1 3 2 0 0 1 3 2
0.010266065043669692 0 0 1 3 2 0 0 2 0 1
0.0018293475731272577 0 0 1 3 2 0 0 2 3 1
-0.0015745794697455068 0 0 1 3 2 0 3 1 0 2
0.0015745794697455068 0 0 1 3 2 0 3 2 0 1
-0.000997176660244814 0 0 1 3 2 1 0 2 3 0
-0.0013139855113584369 0 0 1 3 2 1 3 2 0 0
-0.010221391273457356 0 0 1 3 2 1 3 2 3 0
-0.0015354965506328233 0 0 1 3 2 1 3 2 3 3
0.000997176660244814 0 0 1 3 2 2 0 1 3 0
0.0013139855113584369 0 0 1 3 2 2 3 1 0 0
0.010221391273457356 0 0 1 3 2 2 3 1 3 0
0.0015354965506328233 0 0 1 3 2 2 3 1 3 3
-0.0015238485534508925 0 0 1 3 2 3 0 1 0 2
0.0015238485534508925 0 0 1 3 2 3 0 2 0 1
-14.108224824214352 0 0 2 0 1 0 0 1 0 2
0.010266065043669692 0 0 2 0 1 0 0 1 3 2
14.108224824214352 0 0 2 0 1 0 0 2 0 1
-0.010266065043669692 0 0 2 0 1 0 0 2 3 1
0.012248531442925101 0 0 2 0 1 0 3 1 0 2
0.0014453766191936403 0 0 2 0 1 0 3 1 3 2
-0.012248531442925101 0 0 2 0 1 0 3 2 0 1
-0.0014453766191936403 0 0 2 0 1 0 3 2 3 1
0.0012061658192353067 0 0 2 0 1 1 3 2 3 0
-0.0012061658192353067 0 0 2 0 1 2 3 1 3 0
0.013671090816448779 0 0 2 0 1 3 0 1 0 2
0.0013087269424796014 0 0 2 0 1 3 0 1 3 2
-0.013671090816448779 0 0 2 0 1 3 0 2 0 1
-0.0013087269424796014 0 0 2 0 1 3 0 2 3 1
0.0007891574489536978 0 0 2 0 1 3 3 1 0 2
-0.0007891574489536978 0 0 2 0 1 3 3 2 0 1
0.0012306055532046057 0 0 2 0 2 0 0 1 0 1
0.0012306055532046057 0 0 2 0 2 0 0 2 0 2
-9.259437534717241 0 0 2 1 0 0 0 1 2 0
0.004532210136966505 0 0 2 1 0 0 0 1 2 3
9.259437534717241 0 0 2 1 0 0 0 2 1 0
-0.004532210136966505 0 0 2 1 0 0 0 2 1 3
0.008038965305649836 0 0 2 1 0 0 3 1 2 0
0.0008804464153425231 0 0 2 1 0 0 3 1 2 3
-0.008038965305649836 0 0 2 1 0 0 3 2 1 0
-0.0008804464153425231 0 0 2 1 0 0 3 2 1 3
0.009140433331805156 0 0 2 1 0 3 0 1 2 0
0.0009512840630561379 0 0 2 1 0 3 0 1 2 3
-0.009140433331805156 0 0 2 1 0 3 0 2 1 0
-0.0009512840630561379 0 0 2 1 0 3 0 2 1 3
0.0006933909512254326 0 0 2 1 0 3 3 1 2 0
-0.0006933909512254326 0 0 2 1 0 3 3 2 1 0
0.004532210136966505 0 0 2 1 3 0 0 1 2 0
0.0013676273212428658 0 0 2 1 3 0 0 1 2 3
-0.004532210136966505 0 0 2 1 3 0 0 2 1 0
-0.0013676273212428658 0 0 2 1 3 0 0 2 1 3
0.0011234526434611225 0 0 2 1 3 0 3 1 2 0
-0.0011234526434611225 0 0 2 1 3 0 3 2 1 0
7.025776563305583e-05 0 0 2 1 3 1 3 1 2 1
-7.025776563305583e-05 0 0 2 1 3 1 3 2 1 1
7.025776563305583e-05 0 0 2 1 3 2 3 1 2 2
-7.025776563305583e-05 0 0 2 1 3 2 3 2 1 2
0.0011778270998767989 0 0 2 1 3 3 0 1 2 0
-0.0011778270998767989 0 0 2 1 3 3 0 2 1 0
0.0013769204260111428 0 0 2 2 0 0 0 1 1 0
0.0013769204260111424 0 0 2 2 0 0 0 2 2 0
0.010266065043669692 0 0 2 3 1 0 0 1 0 2
0.0018293475731272577 0 0 2 3 1 0 0 1 3 2
-0.010266065043669692 0 0 2 3 1 0 0 2 0 1
-0.0018293475731272577 0 0 2 3 1 0 0 2 3 1
0.0015745794697455068 0 0 2 3 1 0 3 1 0 2
-0.0015745794697455068 0 0 2 3 1 0 3 2 0 1
0.000997176660244814 0 0 2 3 1 1 0 2 3 0
0.0013139855113584369 0 0 2 3 1 1 3 2 0 0
0.010221391273457356 0 0 2 3 1 1 3 2 3 0
0.0015354965506328233 0 0 2 3 1 1 3 2 3 3
-0.000997176660244814 0 0 2 3 1 2 0 1 3 0
-0.0013139855113584369 0 0 2 3 1 2 3 1 0 0
-0.010221391273457356 0 0 2 3 1 2 3 1 3 0
-0.0015354965506328233 0 0 2 3 1 2 3 1 3 3
0.0015238485534508925 0 0 2 3 1 3 0 1 0 2
-0.0015238485534508925 0 0 2 3 1 3 0 2 0 1
-1189.5908090235048 0 0 3 0 0 0 0 0 0 0
-196.10284441517683 0 0 3 0 0 0 0 0 0 3
-183.39888474689045 0 0 3 0 0 0 0 0 3 0
0.36656868206244253 0 0 3 0 0 0 0 0 3 3
-201.9177598163249 0 0 3 0 0 0 0 3 0 0
0.3756331023363755 0 0 3 0 0 0 0 3 0 3
0.40942660267664144 0 0 3 0 0 0 0 3 3 0
0.06434090944719581 0 0 3 0 0 0 0 3 3 3
-181.45823371454617 0 0 3 0 0 0 3 0 0 0
0.37361349372206565 0 0 3 0 0 0 3 0 0 3
0.4151109706269076 0 0 3 0 0 0 3 0 3 0
0.05811178820451311 0 0 3 0 0 0 3 0 3 3
0.4311889012382072 0 0 3 0 0 0 3 3 0 0
0.05987268103519816 0 0 3 0 0 0 3 3 0 3
0.05924840090842315 0 0 3 0 0 0 3 3 3 0
-0.0006738069632395622 0 0 3 0 0 1 3 3 3 1
-0.0006738069632395622 0 0 3 0 0 2 3 3 3 2
-185.02762737204395 0 0 3 0 0 3 0 0 0 0
0.4074623212617248 0 0 3 0 0 3 0 0 0 3
0.428046361296693 0 0 3 0 0 3 0 0 3 0
0.05800591110039248 0 0 3 0 0 3 0 0 3 3
0.4463272279603032 0 0 3 0 0 3 0 3 0 0
0.059908479226504746 0 0 3 0 0 3 0 3 0 3
0.055837553611379084 0 0 3 0 0 3 0 3 3 0
0.43135358872141544 0 0 3 0 0 3 3 0 0 0
0.050713825452665603 0 0 3 0 0 3 3 0 0 3
0.049830108460205 0 0 3 0 0 3 3 0 3 0
0.051216890362655865 0 0 3 0 0 3 3 3 0 0
-181.99338898540944 0 0 3 0 3 0 0 0 0 0
0.3461210497549429 0 0 3 0 3 0 0 0 0 3
0.3665686820624425 0 0 3 0 3 0 0 0 3 0
0.06891802712654099 0 0 3 0 3 0 0 0 3 3
0.3756331023363755 0 0 3 0 3 0 0 3 0 0
0.07165328176902672 0 0 3 0 3 0 0 3 0 3
0.06617025702032307 0 0 3 0 3 0 0 3 3 0
0.3926238492805801 0 0 3 0 3 0 3 0 0 0
0.06585274750405518 0 0 3 0 3 0 3 0 0 3
0.06308210745474542 0 0 3 0 3 0 3 0 3 0
0.06532901274166765 0 0 3 0 3 0 3 3 0 0
-0.0038385891019285315 0 0 3 0 3 1 0 3 3 1
0.00014513174740114136 0 0 3 0 3 1 3 0 3 1
0.00028564727866725245 0 0 3 0 3 1 3 3 0 1
-0.004584630206910883 0 0 3 0 3 1 3 3 3 1
-0.0038385891019285315 0 0 3 0 3 2 0 3 3 2
0.00014513174740114136 0 0 3 0 3 2 3 0 3 2
0.00028564727866725245 0 0 3 0 3 2 3 3 0 2
-0.004584630206910883 0 0 3 0 3 2 3 3 3 2
0.41228320372560967 0 0 3 0 3 3 0 0 0 0
0.0669728648602099 0 0 3 0 3 3 0 0 0 3
0.061127964627070375 0 0 3 0 3 3 0 0 3 0
0.06348361882682396 0 0 3 0 3 3 0 3 0 0
0.05786994519787922 0 0 3 0 3 3 3 0 0 0
-0.010266065043669692 0 0 3 1 2 0 0 0 1 2
0.010266065043669692 0 0 3 1 2 0 0 0 2 1
-0.0018293475731272577 0 0 3 1 2 0 0 3 1 2
0.0018293475731272577 0 0 3 1 2 0 0 3 2 1
-0.0015745794697455068 0 0 3 1 2 0 3 0 1 2
0.0015745794697455068 0 0 3 1 2 0 3 0 2 1
-0.000997176660244814 0 0 3 1 2 1 0 3 2 0
-0.0013139855113584369 0 0 3 1 2 1 3 0 2 0
-0.010221391273457356 0 0 3 1 2 1 3 3 2 0
-0.0015354965506328233 0 0 3 1 2 1 3 3 2 3
0.000997176660244814 0 0 3 1 2 2 0 3 1 0
0.0013139855113584369 0 0 3 1 2 2 3 0 1 0
0.010221391273457356 0 0 3 1 2 2 3 3 1 0
0.0015354965506328233 0 0 3 1 2 2 3 3 1 3
-0.0015238485534508925 0 0 3 1 2 3 0 0 1 2
0.0015238485534508925 0 0 3 1 2 3 0 0 2 1
0.010266065043669692 0 0 3 2 1 0 0 0 1 2
-0.010266065043669692 0 0 3 2 1 0 0 0 2 1
0.0018293475731272577 0 0 3 2 1 0 0 3 1 2
-0.0018293475731272577 0 0 3 2 1 0 0 3 2 1
0.0015745794697455068 0 0 3 2 1 0 3 0 1 2
-0.0015745794697455068 0 0 3 2 1 0 3 0 2 1
0.000997176660244814 0 0 3 2 1 1 0 3 2 0
0.0013139855113584369 0 0 3 2 1 1 3 0 2 0
0.010221391273457356 0 0 3 2 1 1 3 3 2 0
0.0015354965506328233 0 0 3 2 1 1 3 3 2 3
-0.000997176660244814 0 0 3 2 1 2 0 3 1 0
-0.0013139855113584369 0 0 3 2 1 2 3 0 1 0
-0.010221391273457356 0 0 3 2 1 2 3 3 1 0
-0.0015354965506328233 0 0 3 2 1 2 3 3 1 3
0.0015238485534508925 0 0 3 2 1 3 0 0 1 2
-0.0015238485534508925 0 0 3 2 1 3 0 0 2 1
-174.1380702917472 0 0 3 3 0 0 0 0 0 0
0.3723025369691458 0 0 3 3 0 0 0 0 0 3
0.40942660267664144 0 0 3 3 0 0 0 0 3 0
0.06617025702032307 0 0 3 3 0 0 0 0 3 3
0.40942660267664144 0 0 3 3 0 0 0 3 0 0
0.06617025702032307 0 0 3 3 0 0 0 3 0 3
0.0648187445748339 0 0 3 3 0 0 0 3 3 0
0.4179799853582601 0 0 3 3 0 0 3 0 0 0
0.06060906774834597 0 0 3 3 0 0 3 0 0 3
0.06119213365544246 0 0 3 3 0 0 3 0 3 0
0.06119213365544245 0 0 3 3 0 0 3 3 0 0
-0.0005887195022968483 0 0 3 3 0 1 0 3 3 1
0.00046621283945719183 0 0 3 3 0 1 3 0 3 1
0.00046621283945719183 0 0 3 3 0 1 3 3 0 1
-0.005501219817871689 0 0 3 3 0 1 3 3 3 1
-0.0005887195022968483 0 0 3 3 0 2 0 3 3 2
0.00046621283945719183 0 0 3 3 0 2 3 0 3 2
0.00046621283945719183 0 0 3 3 0 2 3 3 0 2
-0.005501219817871689 0 0 3 3 0 2 3 3 3 2
0.44421679499684796 0 0 3 3 0 3 0 0 0 0
0.06267981236698804 0 0 3 3 0 3 0 0 0 3
0.06034778932308581 0 0 3 3 0 3 0 0 3 0
0.06034778932308581 0 0 3 3 0 3 0 3 0 0
0.054725809561255646 0 0 3 3 0 3 3 0 0 0
0.35177040688180633 0 0 3 3 3 0 0 0 0 0
0.06755039980529812 0 0 3 3 3 0 0 0 0 3
0.06434090944719581 0 0 3 3 3 0 0 0 3 0
0.06434090944719581 0 0 3 3 3 0 0 3 0 0
0.06205801898041681 0 0 3 3 3 0 3 0 0 0
-0.002841412441683717 0 0 3 3 3 1 0 0 3 1
-0.002841412441683717 0 0 3 3 3 1 0 3 0 1
-0.025866760887415574 0 0 3 3 3 1 0 3 3 1
0.0013914032677421538 0 0 3 3 3 1 3 0 0 1
0.005311206890771616 0 0 3 3 3 1 3 0 3 1
0.005311206890771618 0 0 3 3 3 1 3 3 0 1
-12.458036518941528 0 0 3 3 3 1 3 3 3 1
-0.002841412441683717 0 0 3 3 3 2 0 0 3 2
-0.002841412441683717 0 0 3 3 3 2 0 3 0 2
-0.025866760887415574 0 0 3 3 3 2 0 3 3 2
0.0013914032677421538 0 0 3 3 3 2 3 0 0 2
0.005311206890771616 0 0 3 3 3 2 3 0 3 2
0.005311206890771618 0 0 3 3 3 2 3 3 0 2
-12.458036518941528 0 0 3 3 3 2 3 3 3 2
0.06231250413897219 0 0 3 3 3 3 0 0 0 0
0.0006180673866988261 0 1 0 0 1 0 1 0 0 1
0.0006180673866988261 0 1 0 0 1 0 2 0 0 2
42.95411975212787 0 1 0 0 2 0 1 0 0 2
-0.03125888700143952 0 1 0 0 2 0 1 0 3 2
-0.03125888700143952 0 1 0 0 2 0 1 3 0 2
-0.004598110171561842 0 1 0 0 2 0 1 3 3 2
-42.95411975212788 0 1 0 0 2 0 2 0 0 1
0.03125888700143952 0 1 0 0 2 0 2 0 3 1
0.03125888700143952 0 1 0 0 2 0 2 3 0 1
0.004598110171561842 0 1 0 0 2 0 2 3 3 1
0.005307639338279533 0 1 0 0 2 1 2 3 3 0
-0.005307639338279533 0 1 0 0 2 2 1 3 3 0
-0.043482198883805306 0 1 0 0 2 3 1 0 0 2
-0.0039704124763159645 0 1 0 0 2 3 1 0 3 2
-0.0039704124763159645 0 1 0 0 2 3 1 3 0 2
0.043482198883805306 0 1 0 0 2 3 2 0 0 1
0.0039704124763159645 0 1 0 0 2 3 2 0 3 1
0.0039704124763159645 0 1 0 0 2 3 2 3 0 1
0.0015344315960212943 0 1 0 1 0 0 1 0 1 0
0.0015344315960212943 0 1 0 1 0 0 2 0 2 0
14.99010967889649 0 1 0 2 0 0 1 0 2 0
-0.007337265388906153 0 1 0 2 0 0 1 0 2 3
-0.010907980037002388 0 1 0 2 0 0 1 3 2 0
-0.0016739436388780182 0 1 0 2 0 0 1 3 2 3
-14.99010967889649 0 1 0 2 0 0 2 0 1 0
0.007337265388906153 0 1 0 2 0 0 2 0 1 3
0.010907980037002388 0 1 0 2 0 0 2 3 1 0
0.0016739436388780182 0 1 0 2 0 0 2 3 1 3
-0.014797589497901466 0 1 0 2 0 3 1 0 2 0
-0.0015400485458407162 0 1 0 2 0 3 1 0 2 3
-0.0013884360485385252 0 1 0 2 0 3 1 3 2 0
0.014797589497901466 0 1 0 2 0 3 2 0 1 0
0.0015400485458407162 0 1 0 2 0 3 2 0 1 3
0.0013884360485385252 0 1 0 2 0 3 2 3 1 0
-0.007337265388906153 0 1 0 2 3 0 1 0 2 0
-0.0023874690911656433 0 1 0 2 3 0 1 0 2 3
-0.0018031464894298847 0 1 0 2 3 0 1 3 2 0
0.007337265388906153 0 1 0 2 3 0 2 0 1 0
0.0023874690911656433 0 1 0 2 3 0 2 0 1 3
0.0018031464894298847 0 1 0 2 3 0 2 3 1 0
0.0001052759175074986 0 1 0 2 3 1 1 3 2 1
-0.0001052759175074986 0 1 0 2 3 1 2 3 1 1
0.0001052759175074986 0 1 0 2 3 2 1 3 2 2
-0.0001052759175074986 0 1 0 2 3 2 2 3 1 2
-0.0014130560988384919 0 1 0 2 3 3 1 0 2 0
0.0014130560988384919 0 1 0 2 3 3 2 0 1 0
-0.03125888700143952 0 1 0 3 2 0 1 0 0 2
-0.0054563317064695045 0 1 0 3 2 0 1 0 3 2
-0.004841116399680441 0 1 0 3 2 0 1 3 0 2
0.03125888700143952 0 1 0 3 2 0 2 0 0 1
0.0054563317064695045 0 1 0 3 2 0 2 0 3 1
0.004841116399680441 0 1 0 3 2 0 2 3 0 1
0.00604133237705152 0 1 0 3 2 1 2 0 3 0
0.00558814358191124 0 1 0 3 2 1 2 3 0 0
0.036082410409779324 0 1 0 3 2 1 2 3 3 0
0.006266300400077153 0 1 0 3 2 1 2 3 3 3
-0.00604133237705152 0 1 0 3 2 2 1 0 3 0
-0.00558814358191124 0 1 0 3 2 2 1 3 0 0
-0.036082410409779324 0 1 0 3 2 2 1 3 3 0
-0.006266300400077153 0 1 0 3 2 2 1 3 3 3
-0.005239928499936956 0 1 0 3 2 3 1 0 0 2
0.005239928499936956 0 1 0 3 2 3 2 0 0 1
0.0015344315960212943 0 1 1 0 0 0 1 1 0 0
0.0015344315960212943 0 1 1 0 0 0 2 2 0 0
0.000372209078670466 0 1 1 2 2 0 1 1 2 2
-0.00024300622811859954 0 1 1 2 2 0 1 2 1 2
-0.00012920285055186646 0 1 1 2 2 0 1 2 2 1
-0.00012920285055186646 0 1 1 2 2 0 2 1 1 2
-0.00024300622811859954 0 1 1 2 2 0 2 1 2 1
0.000372209078670466 0 1 1 2 2 0 2 2 1 1
0.00010781969212313007 0 1 1 2 2 1 1 2 2 0
-0.00028050424363170617 0 1 1 2 2 1 2 1 2 0
0.0001726845515085761 0 1 1 2 2 1 2 2 1 0
0.0001726845515085761 0 1 1 2 2 2 1 1 2 0
-0.00028050424363170617 0 1 1 2 2 2 1 2 1 0
0.00010781969212313007 0 1 1 2 2 2 2 1 1 0
14.99010967889649 0 1 2 0 0 0 1 2 0 0
-0.007337265388906153 0 1 2 0 0 0 1 2 0 3
-0.01090798003700239 0 1 2 0 0 0 1 2 3 0
-0.0016739436388780182 0 1 2 0 0 0 1 2 3 3
-14.99010967889649 0 1 2 0 0 0 2 1 0 0
0.007337265388906153 0 1 2 0 0 0 2 1 0 3
0.01090798003700239 0 1 2 0 0 0 2 1 3 0
0.0016739436388780182 0 1 2 0 0 0 2 1 3 3
-0.014797589497901466 0 1 2 0 0 3 1 2 0 0
-0.0015400485458407162 0 1 2 0 0 3 1 2 0 3
-0.0013884360485385252 0 1 2 0 0 3 1 2 3 0
0.014797589497901466 0 1 2 0 0 3 2 1 0 0
0.0015400485458407162 0 1 2 0 0 3 2 1 0 3
0.0013884360485385252 0 1 2 0 0 3 2 1 3 0
-0.007337265388906153 0 1 2 0 3 0 1 2 0 0
-0.0023874690911656433 0 1 2 0 3 0 1 2 0 3
-0.0018031464894298847 0 1 2 0 3 0 1 2 3 0
0.007337265388906153 0 1 2 0 3 0 2 1 0 0
0.0023874690911656433 0 1 2 0 3 0 2 1 0 3
0.0018031464894298847 0 1 2 0 3 0 2 1 3 0
0.0001052759175074986 0 1 2 0 3 1 1 2 3 1
-0.0001052759175074986 0 1 2 0 3 1 2 1 3 1
0.0001052759175074986 0 1 2 0 3 2 1 2 3 2
-0.0001052759175074986 0 1 2 0 3 2 2 1 3 2
-0.0014130560988384919 0 1 2 0 3 3 1 2 0 0
0.0014130560988384919 0 1 2 0 3 3 2 1 0 0
-0.00024300622811859954 0 1 2 1 2 0 1 1 2 2
0.000372209078670466 0 1 2 1 2 0 1 2 1 2
-0.00012920285055186646 0 1 2 1 2 0 1 2 2 1
-0.00012920285055186646 0 1 2 1 2 0 2 1 1 2
0.000372209078670466 0 1 2 1 2 0 2 1 2 1
-0.00024300622811859954 0 1 2 1 2 0 2 2 1 1
0.00010781969212313007 0 1 2 1 2 1 1 2 2 0
0.0001726845515085761 0 1 2 1 2 1 2 1 2 0
-0.00028050424363170617 0 1 2 1 2 1 2 2 1 0
-0.00028050424363170617 0 1 2 1 2 2 1 1 2 0
0.0001726845515085761 0 1 2 1 2 2 1 2 1 0
0.00010781969212313007 0 1 2 1 2 2 2 1 1 0
-0.00012920285055186646 0 1 2 2 1 0 1 1 2 2
-0.00012920285055186646 0 1 2 2 1 0 1 2 1 2
0.0002584057011037329 0 1 2 2 1 0 1 2 2 1
0.0002584057011037329 0 1 2 2 1 0 2 1 1 2
-0.00012920285055186646 0 1 2 2 1 0 2 1 2 1
-0.00012920285055186646 0 1 2 2 1 0 2 2 1 1
-0.00021563938424626014 0 1 2 2 1 1 1 2 2 0
0.00010781969212313007 0 1 2 2 1 1 2 1 2 0
0.00010781969212313007 0 1 2 2 1 1 2 2 1 0
0.00010781969212313007 0 1 2 2 1 2 1 1 2 0
0.00010781969212313007 0 1 2 2 1 2 1 2 1 0
-0.00021563938424626014 0 1 2 2 1 2 2 1 1 0
-0.01090798003700239 0 1 2 3 0 0 1 2 0 0
-0.0018031464894298847 0 1 2 3 0 0 1 2 0 3
-0.0019437327470192998 0 1 2 3 0 0 1 2 3 0
0.01090798003700239 0 1 2 3 0 0 2 1 0 0
0.0018031464894298847 0 1 2 3 0 0 2 1 0 3
0.0019437327470192998 0 1 2 3 0 0 2 1 3 0
0.00039547674793606944 0 1 2 3 0 1 1 2 3 1
0.0003408900060445411 0 1 2 3 0 1 2 1 3 1
0.0007363667539806106 0 1 2 3 0 1 2 2 3 2
-0.0007363667539806106 0 1 2 3 0 2 1 1 3 1
-0.0003408900060445411 0 1 2 3 0 2 1 2 3 2
-0.00039547674793606944 0 1 2 3 0 2 2 1 3 2
-0.0017069842124706267 0 1 2 3 0 3 1 2 0 0
0.0017069842124706267 0 1 2 3 0 3 2 1 0 0
-0.0016739436388780182 0 1 2 3 3 0 1 2 0 0
0.0016739436388780182 0 1 2 3 3 0 2 1 0 0
-2.543774615631462e-06 0 1 2 3 3 1 1 2 0 1
0.00032555417577485353 0 1 2 3 3 1 1 2 3 1
2.543774615631462e-06 0 1 2 3 3 1 2 1 0 1
-0.00032555417577485353 0 1 2 3 3 1 2 1 3 1
-2.543774615631462e-06 0 1 2 3 3 2 1 2 0 2
0.00032555417577485353 0 1 2 3 3 2 1 2 3 2
2.543774615631462e-06 0 1 2 3 3 2 2 1 0 2
-0.00032555417577485353 0 1 2 3 3 2 2 1 3 2
-0.03125888700143952 0 1 3 0 2 0 1 0 0 2
-0.004841116399680441 0 1 3 0 2 0 1 0 3 2
-0.0054563317064695045 0 1 3 0 2 0 1 3 0 2
0.03125888700143952 0 1 3 0 2 0 2 0 0 1
0.004841116399680441 0 1 3 0 2 0 2 0 3 1
0.0054563317064695045 0 1 3 0 2 0 2 3 0 1
0.00558814358191124 0 1 3 0 2 1 2 0 3 0
0.00604133237705152 0 1 3 0 2 1 2 3 0 0
0.036082410409779324 0 1 3 0 2 1 2 3 3 0
0.006266300400077153 0 1 3 0 2 1 2 3 3 3
-0.00558814358191124 0 1 3 0 2 2 1 0 3 0
-0.00604133237705152 0 1 3 0 2 2 1 3 0 0
-0.036082410409779324 0 1 3 0 2 2 1 3 3 0
-0.006266300400077153 0 1 3 0 2 2 1 3 3 3
-0.005239928499936956 0 1 3 0 2 3 1 0 0 2
0.005239928499936956 0 1 3 0 2 3 2 0 0 1
-0.01090798003700239 0 1 3 2 0 0 1 0 2 0
-0.0018031464894298847 0 1 3 2 0 0 1 0 2 3
-0.0019437327470192998 0 1 3 2 0 0 1 3 2 0
0.01090798003700239 0 1 3 2 0 0 2 0 1 0
0.0018031464894298847 0 1 3 2 0 0 2 0 1 3
0.0019437327470192998 0 1 3 2 0 0 2 3 1 0
0.00039547674793606944 0 1 3 2 0 1 1 3 2 1
0.0003408900060445411 0 1 3 2 0 1 2 3 1 1
0.0007363667539806106 0 1 3 2 0 1 2 3 2 2
-0.0007363667539806106 0 1 3 2 0 2 1 3 1 1
-0.0003408900060445411 0 1 3 2 0 2 1 3 2 2
-0.00039547674793606944 0 1 3 2 0 2 2 3 1 2
-0.0017069842124706267 0 1 3 2 0 3 1 0 2 0
0.0017069842124706267 0 1 3 2 0 3 2 0 1 0
-0.0016739436388780182 0 1 3 2 3 0 1 0 2 0
0.0016739436388780182 0 1 3 2 3 0 2 0 1 0
-2.543774615631462e-06 0 1 3 2 3 1 1 0 2 1
0.00032555417577485353 0 1 3 2 3 1 1 3 2 1
2.543774615631462e-06 0 1 3 2 3 1 2 0 1 1
-0.00032555417577485353 0 1 3 2 3 1 2 3 1 1
-2.543774615631462e-06 0 1 3 2 3 2 1 0 2 2
0.00032555417577485353 0 1 3 2 3 2 1 3 2 2
2.543774615631462e-06 0 1 3 2 3 2 2 0 1 2
-0.00032555417577485353 0 1 3 2 3 2 2 3 1 2
-0.00025537525230004497 0 1 3 3 1 1 1 3 3 0
-0.00025537525230004497 0 1 3 3 1 2 2 3 3 0
-0.004598110171561842 0 1 3 3 2 0 1 0 0 2
0.004598110171561842 0 1 3 3 2 0 2 0 0 1
0.005307639338279533 0 1 3 3 2 1 2 0 0 0
0.03608241040977932 0 1 3 3 2 1 2 0 3 0
0.0055299336460965425 0 1 3 3 2 1 2 0 3 3
0.036082410409779324 0 1 3 3 2 1 2 3 0 0
0.0055299336460965425 0 1 3 3 2 1 2 3 0 3
-49.58141337738305 0 1 3 3 2 1 2 3 3 0
0.02520381237486432 0 1 3 3 2 1 2 3 3 3
-0.005307639338279533 0 1 3 3 2 2 1 0 0 0
-0.03608241040977932 0 1 3 3 2 2 1 0 3 0
-0.0055299336460965425 0 1 3 3 2 2 1 0 3 3
-0.036082410409779324 0 1 3 3 2 2 1 3 0 0
-0.0055299336460965425 0 1 3 3 2 2 1 3 0 3
49.58141337738305 0 1 3 3 2 2 1 3 3 0
-0.02520381237486432 0 1 3 3 2 2 1 3 3 3
-42.95411975212788 0 2 0 0 1 0 1 0 0 2
0.03125888700143952 0 2 0 0 1 0 1 0 3 2
0.03125888700143952 0 2 0 0 1 0 1 3 0 2
0.004598110171561842 0 2 0 0 1 0 1 3 3 2
42.95411975212788 0 2 0 0 1 0 2 0 0 1
-0.03125888700143952 0 2 0 0 1 0 2 0 3 1
-0.03125888700143952 0 2 0 0 1 0 2 3 0 1
-0.004598110171561842 0 2 0 0 1 0 2 3 3 1
-0.005307639338279533 0 2 0 0 1 1 2 3 3 0
0.005307639338279533 0 2 0 0 1 2 1 3 3 0
0.043482198883805306 0 2 0 0 1 3 1 0 0 2
0.0039704124763159645 0 2 0 0 1 3 1 0 3 2
0.0039704124763159645 0 2 0 0 1 3 1 3 0 2
-0.043482198883805306 0 2 0 0 1 3 2 0 0 1
-0.0039704124763159645 0 2 0 0 1 3 2 0 3 1
-0.0039704124763159645 0 2 0 0 1 3 2 3 0 1
0.0006180673866988257 0 2 0 0 2 0 1 0 0 1
0.0006180673866988257 0 2 0 0 2 0 2 0 0 2
-14.99010967889649 0 2 0 1 0 0 1 0 2 0
0.007337265388906153 0 2 0 1 0 0 1 0 2 3
0.010907980037002388 0 2 0 1 0 0 1 3 2 0
0.0016739436388780182 0 2 0 1 0 0 1 3 2 3
14.99010967889649 0 2 0 1 0 0 2 0 1 0
-0.007337265388906153 0 2 0 1 0 0 2 0 1 3
-0.010907980037002388 0 2 0 1 0 0 2 3 1 0
-0.0016739436388780182 0 2 0 1 0 0 2 3 1 3
0.014797589497901466 0 2 0 1 0 3 1 0 2 0
0.0015400485458407162 0 2 0 1 0 3 1 0 2 3
0.0013884360485385252 0 2 0 1 0 3 1 3 2 0
-0.014797589497901466 0 2 0 1 0 3 2 0 1 0
-0.0015400485458407162 0 2 0 1 0 3 2 0 1 3
-0.0013884360485385252 0 2 0 1 0 3 2 3 1 0
0.007337265388906153 0 2 0 1 3 0 1 0 2 0
0.0023874690911656433 0 2 0 1 3 0 1 0 2 3
0.0018031464894298847 0 2 0 1 3 0 1 3 2 0
-0.007337265388906153 0 2 0 1 3 0 2 0 1 0
-0.0023874690911656433 0 2 0 1 3 0 2 0 1 3
-0.0018031464894298847 0 2 0 1 3 0 2 3 1 0
-0.0001052759175074986 0 2 0 1 3 1 1 3 2 1
0.0001052759175074986 0 2 0 1 3 1 2 3 1 1
-0.0001052759175074986 0 2 0 1 3 2 1 3 2 2
0.0001052759175074986 0 2 0 1 3 2 2 3 1 2
0.0014130560988384919 0 2 0 1 3 3 1 0 2 0
-0.0014130560988384919 0 2 0 1 3 3 2 0 1 0
0.0015344315960212943 0 2 0 2 0 0 1 0 1 0
0.001534431596021294 0 2 0 2 0 0 2 0 2 0
0.03125888700143952 0 2 0 3 1 0 1 0 0 2
0.0054563317064695045 0 2 0 3 1 0 1 0 3 2
0.004841116399680441 0 2 0 3 1 0 1 3 0 2
-0.03125888700143952 0 2 0 3 1 0 2 0 0 1
-0.0054563317064695045 0 2 0 3 1 0 2 0 3 1
-0.004841116399680441 0 2 0 3 1 0 2 3 0 1
-0.00604133237705152 0 2 0 3 1 1 2 0 3 0
-0.00558814358191124 0 2 0 3 1 1 2 3 0 0
-0.036082410409779324 0 2 0 3 1 1 2 3 3 0
-0.006266300400077153 0 2 0 3 1 1 2 3 3 3
0.00604133237705152 0 2 0 3 1 2 1 0 3 0
0.00558814358191124 0 2 0 3 1 2 1 3 0 0
0.036082410409779324 0 2 0 3 1 2 1 3 3 0
0.006266300400077153 0 2 0 3 1 2 1 3 3 3
0.005239928499936956 0 2 0 3 1 3 1 0 0 2
-0.005239928499936956 0 2 0 3 1 3 2 0 0 1
-14.99010967889649 0 2 1 0 0 0 1 2 0 0
0.007337265388906153 0 2 1 0 0 0 1 2 0 3
0.01090798003700239 0 2 1 0 0 0 1 2 3 0
0.0016739436388780182 0 2 1 0 0 0 1 2 3 3
14.99010967889649 0 2 1 0 0 0 2 1 0 0
-0.007337265388906153 0 2 1 0 0 0 2 1 0 3
-0.01090798003700239 0 2 1 0 0 0 2 1 3 0
-0.0016739436388780182 0 2 1 0 0 0 2 1 3 3
0.014797589497901466 0 2 1 0 0 3 1 2 0 0
0.0015400485458407162 0 2 1 0 0 3 1 2 0 3
0.0013884360485385252 0 2 1 0 0 3 1 2 3 0
-0.014797589497901466 0 2 1 0 0 3 2 1 0 0
-0.0015400485458407162 0 2 1 0 0 3 2 1 0 3
-0.0013884360485385252 0 2 1 0 0 3 2 1 3 0
0.007337265388906153 0 2 1 0 3 0 1 2 0 0
0.0023874690911656433 0 2 1 0 3 0 1 2 0 3
0.0018031464894298847 0 2 1 0 3 0 1 2 3 0
-0.007337265388906153 0 2 1 0 3 0 2 1 0 0
-0.0023874690911656433 0 2 1 0 3 0 2 1 0 3
-0.0018031464894298847 0 2 1 0 3 0 2 1 3 0
-0.0001052759175074986 0 2 1 0 3 1 1 2 3 1
0.0001052759175074986 0 2 1 0 3 1 2 1 3 1
-0.0001052759175074986 0 2 1 0 3 2 1 2 3 2
0.0001052759175074986 0 2 1 0 3 2 2 1 3 2
0.0014130560988384919 0 2 1 0 3 3 1 2 0 0
-0.0014130560988384919 0 2 1 0 3 3 2 1 0 0
-0.00012920285055186646 0 2 1 1 2 0 1 1 2 2
-0.00012920285055186646 0 2 1 1 2 0 1 2 1 2
0.0002584057011037329 0 2 1 1 2 0 1 2 2 1
0.0002584057011037329 0 2 1 1 2 0 2 1 1 2
-0.00012920285055186646 0 2 1 1 2 0 2 1 2 1
-0.00012920285055186646 0 2 1 1 2 0 2 2 1 1
-0.00021563938424626014 0 2 1 1 2 1 1 2 2 0
0.00010781969212313007 0 2 1 1 2 1 2 1 2 0
0.00010781969212313007 0 2 1 1 2 1 2 2 1 0
0.00010781969212313007 0 2 1 1 2 2 1 1 2 0
0.00010781969212313007 0 2 1 1 2 2 1 2 1 0
-0.00021563938424626014 0 2 1 1 2 2 2 1 1 0
-0.00024300622811859954 0 2 1 2 1 0 1 1 2 2
0.000372209078670466 0 2 1 2 1 0 1 2 1 2
-0.00012920285055186646 0 2 1 2 1 0 1 2 2 1
-0.00012920285055186646 0 2 1 2 1 0 2 1 1 2
0.000372209078670466 0 2 1 2 1 0 2 1 2 1
-0.00024300622811859954 0 2 1 2 1 0 2 2 1 1
0.00010781969212313007 0 2 1 2 1 1 1 2 2 0
0.0001726845515085761 0 2 1 2 1 1 2 1 2 0
-0.00028050424363170617 0 2 1 2 1 1 2 2 1 0
-0.00028050424363170617 0 2 1 2 1 2 1 1 2 0
0.0001726845515085761 0 2 1 2 1 2 1 2 1 0
0.00010781969212313007 0 2 1 2 1 2 2 1 1 0
0.01090798003700239 0 2 1 3 0 0 1 2 0 0
0.0018031464894298847 0 2 1 3 0 0 1 2 0 3
0.0019437327470192998 0 2 1 3 0 0 1 2 3 0
-0.01090798003700239 0 2 1 3 0 0 2 1 0 0
-0.0018031464894298847 0 2 1 3 0 0 2 1 0 3
-0.0019437327470192998 0 2 1 3 0 0 2 1 3 0
-0.00039547674793606944 0 2 1 3 0 1 1 2 3 1
-0.0003408900060445411 0 2 1 3 0 1 2 1 3 1
-0.0007363667539806106 0 2 1 3 0 1 2 2 3 2
0.0007363667539806106 0 2 1 3 0 2 1 1 3 1
0.0003408900060445411 0 2 1 3 0 2 1 2 3 2
0.00039547674793606944 0 2 1 3 0 2 2 1 3 2
0.0017069842124706267 0 2 1 3 0 3 1 2 0 0
-0.0017069842124706267 0 2 1 3 0 3 2 1 0 0
0.0016739436388780182 0 2 1 3 3 0 1 2 0 0
-0.0016739436388780182 0 2 1 3 3 0 2 1 0 0
2.543774615631462e-06 0 2 1 3 3 1 1 2 0 1
-0.00032555417577485353 0 2 1 3 3 1 1 2 3 1
-2.543774615631462e-06 0 2 1 3 3 1 2 1 0 1
0.00032555417577485353 0 2 1 3 3 1 2 1 3 1
2.543774615631462e-06 0 2 1 3 3 2 1 2 0 2
-0.00032555417577485353 0 2 1 3 3 2 1 2 3 2
-2.543774615631462e-06 0 2 1 3 3 2 2 1 0 2
0.00032555417577485353 0 2 1 3 3 2 2 1 3 2
0.0015344315960212943 0 2 2 0 0 0 1 1 0 0
0.0015344315960212943 0 2 2 0 0 0 2 2 0 0
0.000372209078670466 0 2 2 1 1 0 1 1 2 2
-0.00024300622811859954 0 2 2 1 1 0 1 2 1 2
-0.00012920285055186646 0 2 2 1 1 0 1 2 2 1
-0.00012920285055186646 0 2 2 1 1 0 2 1 1 2
-0.00024300622811859954 0 2 2 1 1 0 2 1 2 1
0.000372209078670466 0 2 2 1 1 0 2 2 1 1
0.00010781969212313007 0 2 2 1 1 1 1 2 2 0
-0.00028050424363170617 0 2 2 1 1 1 2 1 2 0
0.0001726845515085761 0 2 2 1 1 1 2 2 1 0
0.0001726845515085761 0 2 2 1 1 2 1 1 2 0
-0.00028050424363170617 0 2 2 1 1 2 1 2 1 0
0.00010781969212313007 0 2 2 1 1 2 2 1 1 0
0.03125888700143952 0 2 3 0 1 0 1 0 0 2
0.004841116399680441 0 2 3 0 1 0 1 0 3 2
0.0054563317064695045 0 2 3 0 1 0 1 3 0 2
-0.03125888700143952 0 2 3 0 1 0 2 0 0 1
-0.004841116399680441 0 2 3 0 1 0 2 0 3 1
-0.0054563317064695045 0 2 3 0 1 0 2 3 0 1
-0.00558814358191124 0 2 3 0 1 1 2 0 3 0
-0.00604133237705152 0 2 3 0 1 1 2 3 0 0
-0.036082410409779324 0 2 3 0 1 1 2 3 3 0
-0.006266300400077153 0 2 3 0 1 1 2 3 3 3
0.00558814358191124 0 2 3 0 1 2 1 0 3 0
0.00604133237705152 0 2 3 0 1 2 1 3 0 0
0.036082410409779324 0 2 3 0 1 2 1 3 3 0
0.006266300400077153 0 2 3 0 1 2 1 3 3 3
0.005239928499936956 0 2 3 0 1 3 1 0 0 2
-0.005239928499936956 0 2 3 0 1 3 2 0 0 1
0.01090798003700239 0 2 3 1 0 0 1 0 2 0
0.0018031464894298847 0 2 3 1 0 0 1 0 2 3
0.0019437327470192998 0 2 3 1 0 0 1 3 2 0
-0.01090798003700239 0 2 3 1 0 0 2 0 1 0
-0.0018031464894298847 0 2 3 1 0 0 2 0 1 3
-0.0019437327470192998 0 2 3 1 0 0 2 3 1 0
-0.00039547674793606944 0 2 3 1 0 1 1 3 2 1
-0.0003408900060445411 0 2 3 1 0 1 2 3 1 1
-0.0007363667539806106 0 2 3 1 0 1 2 3 2 2
0.0007363667539806106 0 2 3 1 0 2 1 3 1 1
0.0003408900060445411 0 2 3 1 0 2 1 3 2 2
0.00039547674793606944 0 2 3 1 0 2 2 3 1 2
0.0017069842124706267 0 2 3 1 0 3 1 0 2 0
-0.0017069842124706267 0 2 3 1 0 3 2 0 1 0
0.0016739436388780182 0 2 3 1 3 0 1 0 2 0
-0.0016739436388780182 0 2 3 1 3 0 2 0 1 0
2.543774615631462e-06 0 2 3 1 3 1 1 0 2 1
-0.00032555417577485353 0 2 3 1 3 1 1 3 2 1
-2.543774615631462e-06 0 2 3 1 3 1 2 0 1 1
0.00032555417577485353 0 2 3 1 3 1 2 3 1 1
2.543774615631462e-06 0 2 3 1 3 2 1 0 2 2
-0.00032555417577485353 0 2 3 1 3 2 1 3 2 2
-2.543774615631462e-06 0 2 3 1 3 2 2 0 1 2
0.00032555417577485353 0 2 3 1 3 2 2 3 1 2
0.004598110171561842 0 2 3 3 1 0 1 0 0 2
-0.004598110171561842 0 2 3 3 1 0 2 0 0 1
-0.005307639338279533 0 2 3 3 1 1 2 0 0 0
-0.03608241040977932 0 2 3 3 1 1 2 0 3 0
-0.0055299336460965425 0 2 3 3 1 1 2 0 3 3
-0.036082410409779324 0 2 3 3 1 1 2 3 0 0
-0.0055299336460965425 0 2 3 3 1 1 2 3 0 3
49.58141337738305 0 2 3 3 1 1 2 3 3 0
-0.02520381237486432 0 2 3 3 1 1 2 3 3 3
0.005307639338279533 0 2 3 3 1 2 1 0 0 0
0.03608241040977932 0 2 3 3 1 2 1 0 3 0
0.0055299336460965425 0 2 3 3 1 2 1 0 3 3
0.036082410409779324 0 2 3 3 1 2 1 3 0 0
0.0055299336460965425 0 2 3 3 1 2 1 3 0 3
-49.58141337738305 0 2 3 3 1 2 1 3 3 0
0.02520381237486432 0 2 3 3 1 2 1 3 3 3
-0.0002553752523000454 0 2 3 3 2 1 1 3 3 0
-0.0002553752523000454 0 2 3 3 2 2 2 3 3 0
-1419.6148785968617 0 3 0 0 0 0 0 0 0 0
-197.70443063501048 0 3 0 0 0 0 0 0 0 3
-181.4582337145462 0 3 0 0 0 0 0 0 3 0
0.3926238492805801 0 3 0 0 0 0 0 0 3 3
-181.4582337145462 0 3 0 0 0 0 0 3 0 0
0.39262384928058003 0 3 0 0 0 0 0 3 0 3
0.4179799853582601 0 3 0 0 0 0 0 3 3 0
0.06205801898041681 0 3 0 0 0 0 0 3 3 3
-200.3568468226961 0 3 0 0 0 0 3 0 0 0
0.4063093884442556 0 3 0 0 0 0 3 0 0 3
0.451020646218181 0 3 0 0 0 0 3 0 3 0
0.060249050821639664 0 3 0 0 0 0 3 0 3 3
0.45102064621818094 0 3 0 0 0 0 3 3 0 0
0.060249050821639664 0 3 0 0 0 0 3 3 0 3
0.059029699862537977 0 3 0 0 0 0 3 3 3 0
-0.003578358148223252 0 3 0 0 0 1 3 3 3 1
-0.003578358148223252 0 3 0 0 0 2 3 3 3 2
-188.37634999809168 0 3 0 0 0 3 0 0 0 0
0.4355624742212234 0 3 0 0 0 3 0 0 0 3
0.4501895402180574 0 3 0 0 0 3 0 0 3 0
0.05837143407051866 0 3 0 0 0 3 0 0 3 3
0.4501895402180574 0 3 0 0 0 3 0 3 0 0
0.05837143407051866 0 3 0 0 0 3 0 3 0 3
0.05417446557273089 0 3 0 0 0 3 0 3 3 0
0.47051970669134296 0 3 0 0 0 3 3 0 0 0
0.05422814521005526 0 3 0 0 0 3 3 0 0 3
0.051830485799467876 0 3 0 0 0 3 3 0 3 0
0.051830485799467876 0 3 0 0 0 3 3 3 0 0
-154.74969281549596 0 3 0 0 3 0 0 0 0 0
0.3646225678884325 0 3 0 0 3 0 0 0 0 3
0.3736134937220657 0 3 0 0 3 0 0 0 3 0
0.06585274750405518 0 3 0 0 3 0 0 0 3 3
0.37361349372206565 0 3 0 0 3 0 0 3 0 0
0.06585274750405518 0 3 0 0 3 0 0 3 0 3
0.06060906774834597 0 3 0 0 3 0 0 3 3 0
0.4063093884442557 0 3 0 0 3 0 3 0 0 0
0.06830249131772556 0 3 0 0 3 0 3 0 0 3
0.0623815712240956 0 3 0 0 3 0 3 0 3 0
0.0623815712240956 0 3 0 0 3 0 3 3 0 0
-0.006544207093254253 0 3 0 0 3 1 0 3 3 1
-0.002691299301426549 0 3 0 0 3 1 3 0 3 1
-0.002691299301426549 0 3 0 0 3 1 3 3 0 1
-0.020534863581113373 0 3 0 0 3 1 3 3 3 1
-0.006544207093254253 0 3 0 0 3 2 0 3 3 2
-0.002691299301426549 0 3 0 0 3 2 3 0 3 2
-0.002691299301426549 0 3 0 0 3 2 3 3 0 2
-0.020534863581113373 0 3 0 0 3 2 3 3 3 2
0.4143899790283322 0 3 0 0 3 3 0 0 0 0
0.06514194659990283 0 3 0 0 3 3 0 0 0 3
0.058832988218152735 0 3 0 0 3 3 0 0 3 0
0.058832988218152735 0 3 0 0 3 3 0 3 0 0
0.06152826674768229 0 3 0 0 3 3 3 0 0 0
-0.012248531442925103 0 3 0 1 2 0 0 0 1 2
0.012248531442925103 0 3 0 1 2 0 0 0 2 1
-0.0015745794697455068 0 3 0 1 2 0 0 3 1 2
0.0015745794697455068 0 3 0 1 2 0 0 3 2 1
-0.0021325204024559416 0 3 0 1 2 0 3 0 1 2
0.0021325204024559416 0 3 0 1 2 0 3 0 2 1
-0.0013139855113584369 0 3 0 1 2 1 0 3 2 0
-0.00152658932274561 0 3 0 1 2 1 3 0 2 0
-0.00856702439301177 0 3 0 1 2 1 3 3 2 0
-0.0013170935859544814 0 3 0 1 2 1 3 3 2 3
0.0013139855113584369 0 3 0 1 2 2 0 3 1 0
0.00152658932274561 0 3 0 1 2 2 3 0 1 0
0.00856702439301177 0 3 0 1 2 2 3 3 1 0
0.0013170935859544814 0 3 0 1 2 2 3 3 1 3
-0.0017266179297196875 0 3 0 1 2 3 0 0 1 2
0.0017266179297196875 0 3 0 1 2 3 0 0 2 1
0.012248531442925103 0 3 0 2 1 0 0 0 1 2
-0.012248531442925103 0 3 0 2 1 0 0 0 2 1
0.0015745794697455068 0 3 0 2 1 0 0 3 1 2
-0.0015745794697455068 0 3 0 2 1 0 0 3 2 1
0.0021325204024559416 0 3 0 2 1 0 3 0 1 2
-0.0021325204024559416 0 3 0 2 1 0 3 0 2 1
0.0013139855113584369 0 3 0 2 1 1 0 3 2 0
0.00152658932274561 0 3 0 2 1 1 3 0 2 0
0.00856702439301177 0 3 0 2 1 1 3 3 2 0
0.0013170935859544814 0 3 0 2 1 1 3 3 2 3
-0.0013139855113584369 0 3 0 2 1 2 0 3 1 0
-0.00152658932274561 0 3 0 2 1 2 3 0 1 0
-0.00856702439301177 0 3 0 2 1 2 3 3 1 0
-0.0013170935859544814 0 3 0 2 1 2 3 3 1 3
0.0017266179297196875 0 3 0 2 1 3 0 0 1 2
-0.0017266179297196875 0 3 0 2 1 3 0 0 2 1
-166.4665896040537 0 3 0 3 0 0 0 0 0 0
0.397535115334599 0 3 0 3 0 0 0 0 0 3
0.4311889012382072 0 3 0 3 0 0 0 0 3 0
0.06532901274166765 0 3 0 3 0 0 0 0 3 3
0.41511097062690755 0 3 0 3 0 0 0 3 0 0
0.06308210745474542 0 3 0 3 0 0 0 3 0 3
0.06119213365544246 0 3 0 3 0 0 0 3 3 0
0.45102064621818094 0 3 0 3 0 0 3 0 0 0
0.0623815712240956 0 3 0 3 0 0 3 0 0 3
0.06286579423793891 0 3 0 3 0 0 3 0 3 0
0.060308397987671625 0 3 0 3 0 0 3 3 0 0
-0.006599217357272174 0 3 0 3 0 1 0 3 3 1
-0.0027259792106962277 0 3 0 3 0 1 3 0 3 1
-0.002416169445077923 0 3 0 3 0 1 3 3 0 1
-0.016469251070955725 0 3 0 3 0 1 3 3 3 1
-0.006599217357272174 0 3 0 3 0 2 0 3 3 2
-0.0027259792106962277 0 3 0 3 0 2 3 0 3 2
-0.002416169445077923 0 3 0 3 0 2 3 3 0 2
-0.016469251070955725 0 3 0 3 0 2 3 3 3 2
0.46559056619452666 0 3 0 3 0 3 0 0 0 0
0.06286761858257009 0 3 0 3 0 3 0 0 0 3
0.05989189269709885 0 3 0 3 0 3 0 0 3 0
0.057742722475031504 0 3 0 3 0 3 0 3 0 0
0.05673537242376562 0 3 0 3 0 3 3 0 0 0
0.35402769689023433 0 3 0 3 3 0 0 0 0 0
0.06346527841288954 0 3 0 3 3 0 0 0 0 3
0.05987268103519816 0 3 0 3 3 0 0 0 3 0
0.05811178820451311 0 3 0 3 3 0 0 3 0 0
0.06024905082163966 0 3 0 3 3 0 3 0 0 0
-0.005755685098384267 0 3 0 3 3 1 0 0 3 1
-0.005335192142386968 0 3 0 3 3 1 0 3 0 1
-0.04099259479246506 0 3 0 3 3 1 0 3 3 1
-0.0011647099786809391 0 3 0 3 3 1 3 0 0 1
-0.012571121142905695 0 3 0 3 3 1 3 0 3 1
-0.012168933173036304 0 3 0 3 3 1 3 3 0 1
11.46340373293093 0 3 0 3 3 1 3 3 3 1
-0.005755685098384267 0 3 0 3 3 2 0 0 3 2
-0.005335192142386968 0 3 0 3 3 2 0 3 0 2
-0.04099259479246506 0 3 0 3 3 2 0 3 3 2
-0.0011647099786809391 0 3 0 3 3 2 3 0 0 2
-0.012571121142905695 0 3 0 3 3 2 3 0 3 2
-0.012168933173036304 0 3 0 3 3 2 3 3 0 2
11.46340373293093 0 3 0 3 3 2 3 3 3 2
0.058733413294146025 0 3 0 3 3 3 0 0 0 0
-0.012248531442925103 0 3 1 0 2 0 0 1 0 2
-0.0015745794697455068 0 3 1 0 2 0 0 1 3 2
0.012248531442925103 0 3 1 0 2 0 0 2 0 1
0.0015745794697455068 0 3 1 0 2 0 0 2 3 1
-0.0021325204024559416 0 3 1 0 2 0 3 1 0 2
0.0021325204024559416 0 3 1 0 2 0 3 2 0 1
-0.0013139855113584369 0 3 1 0 2 1 0 2 3 0
-0.00152658932274561 0 3 1 0 2 1 3 2 0 0
-0.00856702439301177 0 3 1 0 2 1 3 2 3 0
-0.0013170935859544814 0 3 1 0 2 1 3 2 3 3
0.0013139855113584369 0 3 1 0 2 2 0 1 3 0
0.00152658932274561 0 3 1 0 2 2 3 1 0 0
0.00856702439301177 0 3 1 0 2 2 3 1 3 0
0.0013170935859544814 0 3 1 0 2 2 3 1 3 3
-0.0017266179297196873 0 3 1 0 2 3 0 1 0 2
0.0017266179297196873 0 3 1 0 2 3 0 2 0 1
-0.008038965305649837 0 3 1 2 0 0 0 1 2 0
-0.0011234526434611225 0 3 1 2 0 0 0 1 2 3
0.008038965305649837 0 3 1 2 0 0 0 2 1 0
0.0011234526434611225 0 3 1 2 0 0 0 2 1 3
-0.0012786981251336426 0 3 1 2 0 0 3 1 2 0
0.0012786981251336426 0 3 1 2 0 0 3 2 1 0
0.00015490488280915237 0 3 1 2 0 1 3 1 2 1
-0.00015490488280915237 0 3 1 2 0 1 3 2 1 1
0.00015490488280915237 0 3 1 2 0 2 3 1 2 2
-0.00015490488280915237 0 3 1 2 0 2 3 2 1 2
-0.0010745851110336795 0 3 1 2 0 3 0 1 2 0
0.0010745851110336795 0 3 1 2 0 3 0 2 1 0
-0.0008804464153425231 0 3 1 2 3 0 0 1 2 0
0.0008804464153425231 0 3 1 2 3 0 0 2 1 0
0.00021024647799865032 0 3 1 2 3 1 0 1 2 1
-0.00021024647799865032 0 3 1 2 3 1 0 2 1 1
0.00020109398493469685 0 3 1 2 3 1 3 1 2 1
-0.00020109398493469685 0 3 1 2 3 1 3 2 1 1
0.00021024647799865032 0 3 1 2 3 2 0 1 2 2
-0.00021024647799865032 0 3 1 2 3 2 0 2 1 2
0.00020109398493469685 0 3 1 2 3 2 3 1 2 2
-0.00020109398493469685 0 3 1 2 3 2 3 2 1 2
0.0004225137029803407 0 3 1 3 1 1 3 1 3 0
0.00042251370298034094 0 3 1 3 1 2 3 2 3 0
-0.0014453766191936403 0 3 1 3 2 0 0 1 0 2
0.0014453766191936403 0 3 1 3 2 0 0 2 0 1
-0.0012061658192353067 0 3 1 3 2 1 0 2 0 0
-0.010221391273457354 0 3 1 3 2 1 0 2 3 0
-0.0007991297966522127 0 3 1 3 2 1 0 2 3 3
-0.00856702439301177 0 3 1 3 2 1 3 2 0 0
-0.0013170935859544814 0 3 1 3 2 1 3 2 0 3
11.773074955567125 0 3 1 3 2 1 3 2 3 0
-0.005456222968792002 0 3 1 3 2 1 3 2 3 3
0.0012061658192353067 0 3 1 3 2 2 0 1 0 0
0.010221391273457354 0 3 1 3 2 2 0 1 3 0
0.0007991297966522127 0 3 1 3 2 2 0 1 3 3
0.00856702439301177 0 3 1 3 2 2 3 1 0 0
0.0013170935859544814 0 3 1 3 2 2 3 1 0 3
-11.773074955567127 0 3 1 3 2 2 3 1 3 0
0.005456222968792002 0 3 1 3 2 2 3 1 3 3
0.012248531442925103 0 3 2 0 1 0 0 1 0 2
0.0015745794697455068 0 3 2 0 1 0 0 1 3 2
-0.012248531442925103 0 3 2 0 1 0 0 2 0 1
-0.0015745794697455068 0 3 2 0 1 0 0 2 3 1
0.0021325204024559416 0 3 2 0 1 0 3 1 0 2
-0.0021325204024559416 0 3 2 0 1 0 3 2 0 1
0.0013139855113584369 0 3 2 0 1 1 0 2 3 0
0.00152658932274561 0 3 2 0 1 1 3 2 0 0
0.00856702439301177 0 3 2 0 1 1 3 2 3 0
0.0013170935859544814 0 3 2 0 1 1 3 2 3 3
-0.0013139855113584369 0 3 2 0 1 2 0 1 3 0
-0.00152658932274561 0 3 2 0 1 2 3 1 0 0
-0.00856702439301177 0 3 2 0 1 2 3 1 3 0
-0.0013170935859544814 0 3 2 0 1 2 3 1 3 3
0.0017266179297196873 0 3 2 0 1 3 0 1 0 2
-0.0017266179297196873 0 3 2 0 1 3 0 2 0 1
0.008038965305649837 0 3 2 1 0 0 0 1 2 0
0.0011234526434611225 0 3 2 1 0 0 0 1 2 3
-0.008038965305649837 0 3 2 1 0 0 0 2 1 0
-0.0011234526434611225 0 3 2 1 0 0 0 2 1 3
0.0012786981251336426 0 3 2 1 0 0 3 1 2 0
-0.0012786981251336426 0 3 2 1 0 0 3 2 1 0
-0.00015490488280915237 0 3 2 1 0 1 3 1 2 1
0.00015490488280915237 0 3 2 1 0 1 3 2 1 1
-0.00015490488280915237 0 3 2 1 0 2 3 1 2 2
0.00015490488280915237 0 3 2 1 0 2 3 2 1 2
0.0010745851110336795 0 3 2 1 0 3 0 1 2 0
-0.0010745851110336795 0 3 2 1 0 3 0 2 1 0
0.0008804464153425231 0 3 2 1 3 0 0 1 2 0
-0.0008804464153425231 0 3 2 1 3 0 0 2 1 0
-0.00021024647799865032 0 3 2 1 3 1 0 1 2 1
0.00021024647799865032 0 3 2 1 3 1 0 2 1 1
-0.00020109398493469685 0 3 2 1 3 1 3 1 2 1
0.00020109398493469685 0 3 2 1 3 1 3 2 1 1
-0.00021024647799865032 0 3 2 1 3 2 0 1 2 2
0.00021024647799865032 0 3 2 1 3 2 0 2 1 2
-0.00020109398493469685 0 3 2 1 3 2 3 1 2 2
0.00020109398493469685 0 3 2 1 3 2 3 2 1 2
0.0014453766191936403 0 3 2 3 1 0 0 1 0 2
-0.0014453766191936403 0 3 2 3 1 0 0 2 0 1
0.0012061658192353067 0 3 2 3 1 1 0 2 0 0
0.010221391273457354 0 3 2 3 1 1 0 2 3 0
0.0007991297966522127 0 3 2 3 1 1 0 2 3 3
0.00856702439301177 0 3 2 3 1 1 3 2 0 0
0.0013170935859544814 0 3 2 3 1 1 3 2 0 3
-11.773074955567125 0 3 2 3 1 1 3 2 3 0
0.005456222968792002 0 3 2 3 1 1 3 2 3 3
-0.0012061658192353067 0 3 2 3 1 2 0 1 0 0
-0.010221391273457354 0 3 2 3 1 2 0 1 3 0
-0.0007991297966522127 0 3 2 3 1 2 0 1 3 3
-0.00856702439301177 0 3 2 3 1 2 3 1 0 0
-0.0013170935859544814 0 3 2 3 1 2 3 1 0 3
11.773074955567125 0 3 2 3 1 2 3 1 3 0
-0.005456222968792002 0 3 2 3 1 2 3 1 3 3
0.0004225137029803407 0 3 2 3 2 1 3 1 3 0
0.0004225137029803407 0 3 2 3 2 2 3 2 3 0
-166.4665896040537 0 3 3 0 0 0 0 0 0 0
0.397535115334599 0 3 3 0 0 0 0 0 0 3
0.41511097062690755 0 3 3 0 0 0 0 0 3 0
0.06308210745474542 0 3 3 0 0 0 0 0 3 3
0.4311889012382072 0 3 3 0 0 0 0 3 0 0
0.06532901274166765 0 3 3 0 0 0 0 3 0 3
0.06119213365544245 0 3 3 0 0 0 0 3 3 0
0.45102064621818094 0 3 3 0 0 0 3 0 0 0
0.0623815712240956 0 3 3 0 0 0 3 0 0 3
0.060308397987671625 0 3 3 0 0 0 3 0 3 0
0.06286579423793891 0 3 3 0 0 0 3 3 0 0
-0.006599217357272174 0 3 3 0 0 1 0 3 3 1
-0.002416169445077923 0 3 3 0 0 1 3 0 3 1
-0.0027259792106962277 0 3 3 0 0 1 3 3 0 1
-0.016469251070955725 0 3 3 0 0 1 3 3 3 1
-0.006599217357272174 0 3 3 0 0 2 0 3 3 2
-0.002416169445077923 0 3 3 0 0 2 3 0 3 2
-0.0027259792106962277 0 3 3 0 0 2 3 3 0 2
-0.016469251070955725 0 3 3 0 0 2 3 3 3 2
0.46559056619452666 0 3 3 0 0 3 0 0 0 0
0.06286761858257009 0 3 3 0 0 3 0 0 0 3
0.057742722475031504 0 3 3 0 0 3 0 0 3 0
0.05989189269709885 0 3 3 0 0 3 0 3 0 0
0.05673537242376562 0 3 3 0 0 3 3 0 0 0
0.35402769689023433 0 3 3 0 3 0 0 0 0 0
0.06346527841288954 0 3 3 0 3 0 0 0 0 3
0.05811178820451311 0 3 3 0 3 0 0 0 3 0
0.05987268103519816 0 3 3 0 3 0 0 3 0 0
0.06024905082163966 0 3 3 0 3 0 3 0 0 0
-0.005335192142386968 0 3 3 0 3 1 0 0 3 1
-0.005755685098384267 0 3 3 0 3 1 0 3 0 1
-0.04099259479246506 0 3 3 0 3 1 0 3 3 1
-0.0011647099786809391 0 3 3 0 3 1 3 0 0 1
-0.012168933173036304 0 3 3 0 3 1 3 0 3 1
-0.012571121142905695 0 3 3 0 3 1 3 3 0 1
11.46340373293093 0 3 3 0 3 1 3 3 3 1
-0.005335192142386968 0 3 3 0 3 2 0 0 3 2
-0.005755685098384267 0 3 3 0 3 2 0 3 0 2
-0.04099259479246506 0 3 3 0 3 2 0 3 3 2
-0.0011647099786809391 0 3 3 0 3 2 3 0 0 2
-0.012168933173036304 0 3 3 0 3 2 3 0 3 2
-0.012571121142905695 0 3 3 0 3 2 3 3 0 2
11.46340373293093 0 3 3 0 3 2 3 3 3 2
0.058733413294146025 0 3 3 0 3 3 0 0 0 0
0.00042251370298034094 0 3 3 1 1 1 3 3 1 0
0.0004225137029803407 0 3 3 1 1 2 3 3 2 0
-0.0014453766191936403 0 3 3 1 2 0 0 0 1 2
0.0014453766191936403 0 3 3 1 2 0 0 0 2 1
-0.0012061658192353067 0 3 3 1 2 1 0 0 2 0
-0.010221391273457354 0 3 3 1 2 1 0 3 2 0
-0.0007991297966522127 0 3 3 1 2 1 0 3 2 3
-0.008567024393011768 0 3 3 1 2 1 3 0 2 0
-0.0013170935859544814 0 3 3 1 2 1 3 0 2 3
11.773074955567125 0 3 3 1 2 1 3 3 2 0
-0.005456222968792002 0 3 3 1 2 1 3 3 2 3
0.0012061658192353067 0 3 3 1 2 2 0 0 1 0
0.010221391273457354 0 3 3 1 2 2 0 3 1 0
0.0007991297966522127 0 3 3 1 2 2 0 3 1 3
0.008567024393011768 0 3 3 1 2 2 3 0 1 0
0.0013170935859544814 0 3 3 1 2 2 3 0 1 3
-11.773074955567127 0 3 3 1 2 2 3 3 1 0
0.005456222968792002 0 3 3 1 2 2 3 3 1 3
0.0014453766191936403 0 3 3 2 1 0 0 0 1 2
-0.0014453766191936403 0 3 3 2 1 0 0 0 2 1
0.0012061658192353067 0 3 3 2 1 1 0 0 2 0
0.010221391273457354 0 3 3 2 1 1 0 3 2 0
0.0007991297966522127 0 3 3 2 1 1 0 3 2 3
0.008567024393011768 0 3 3 2 1 1 3 0 2 0
0.0013170935859544814 0 3 3 2 1 1 3 0 2 3
-11.773074955567125 0 3 3 2 1 1 3 3 2 0
0.005456222968792002 0 3 3 2 1 1 3 3 2 3
-0.0012061658192353067 0 3 3 2 1 2 0 0 1 0
-0.010221391273457354 0 3 3 2 1 2 0 3 1 0
-0.0007991297966522127 0 3 3 2 1 2 0 3 1 3
-0.008567024393011768 0 3 3 2 1 2 3 0 1 0
-0.0013170935859544814 0 3 3 2 1 2 3 0 1 3
11.773074955567125 0 3 3 2 1 2 3 3 1 0
-0.005456222968792002 0 3 3 2 1 2 3 3 1 3
0.00042251370298034094 0 3 3 2 2 1 3 3 1 0
0.00042251370298034094 0 3 3 2 2 2 3 3 2 0
0.3961640252842553 0 3 3 3 0 0 0 0 0 0
0.061600884941048054 0 3 3 3 0 0 0 0 0 3
0.059248400908423156 0 3 3 3 0 0 0 0 3 0
0.05924840090842315 0 3 3 3 0 0 0 3 0 0
0.059029699862537977 0 3 3 3 0 0 3 0 0 0
-0.005404610812683892 0 3 3 3 0 1 0 0 3 1
-0.005404610812683892 0 3 3 3 0 1 0 3 0 1
-0.030705032192736015 0 3 3 3 0 1 0 3 3 1
-0.0009441709763142894 0 3 3 3 0 1 3 0 0 1
-0.011013028102163723 0 3 3 3 0 1 3 0 3 1
-0.011013028102163725 0 3 3 3 0 1 3 3 0 1
9.421059365427709 0 3 3 3 0 1 3 3 3 1
-0.005404610812683892 0 3 3 3 0 2 0 0 3 2
-0.005404610812683892 0 3 3 3 0 2 0 3 0 2
-0.030705032192736015 0 3 3 3 0 2 0 3 3 2
-0.0009441709763142894 0 3 3 3 0 2 3 0 0 2
-0.011013028102163723 0 3 3 3 0 2 3 0 3 2
-0.011013028102163725 0 3 3 3 0 2 3 3 0 2
9.421059365427709 0 3 3 3 0 2 3 3 3 2
0.058524712827400543 0 3 3 3 0 3 0 0 0 0
0.05411202153109894 0 3 3 3 3 0 0 0 0 0
-0.0039213236197686435 0 3 3 3 3 1 0 0 0 1
-0.03044564934323285 0 3 3 3 3 1 0 0 3 1
-0.030445649343232854 0 3 3 3 3 1 0 3 0 1
37.123121483189244 0 3 3 3 3 1 0 3 3 1
-0.003400814795089837 0 3 3 3 3 1 3 0 0 1
-0.30924870893321055 0 3 3 3 3 1 3 0 3 1
-0.30924870893321055 0 3 3 3 3 1 3 3 0 1
35.503046041771356 0 3 3 3 3 1 3 3 3 1
-0.0039213236197686435 0 3 3 3 3 2 0 0 0 2
-0.03044564934323285 0 3 3 3 3 2 0 0 3 2
-0.030445649343232854 0 3 3 3 3 2 0 3 0 2
37.12312148318924 0 3 3 3 3 2 0 3 3 2
-0.003400814795089837 0 3 3 3 3 2 3 0 0 2
-0.30924870893321055 0 3 3 3 3 2 3 0 3 2
-0.30924870893321055 0 3 3 3 3 2 3 3 0 2
35.503046041771356 0 3 3 3 3 2 3 3 3 2
0.0009317805015538569 1 0 0 0 1 1 0 0 0 1
0.0009317805015538567 1 0 0 0 1 2 0 0 0 2
-0.0039213236197686435 1 0 0 0 1 3 3 3 3 0
25.07730608459284 1 0 0 0 2 1 0 0 0 2
-0.018491973280333654 1 0 0 0 2 1 0 0 3 2
-0.01849197328033365 1 0 0 0 2 1 0 3 0 2
-0.0026803888788859338 1 0 0 0 2 1 0 3 3 2
-0.02230970369091405 1 0 0 0 2 1 3 0 0 2
-0.0028323411412325807 1 0 0 0 2 1 3 0 3 2
-0.0028323411412325807 1 0 0 0 2 1 3 3 0 2
-25.077306084592838 1 0 0 0 2 2 0 0 0 1
0.018491973280333654 1 0 0 0 2 2 0 0 3 1
0.01849197328033365 1 0 0 0 2 2 0 3 0 1
0.0026803888788859338 1 0 0 0 2 2 0 3 3 1
0.02230970369091405 1 0 0 0 2 2 3 0 0 1
0.0028323411412325807 1 0 0 0 2 2 3 0 3 1
0.0028323411412325807 1 0 0 0 2 2 3 3 0 1
0.0011979553292373662 1 0 0 1 0 1 0 0 1 0
0.0011979553292373662 1 0 0 1 0 2 0 0 2 0
0.0012061658192353067 1 0 0 1 3 3 3 3 1 1
0.0012061658192353067 1 0 0 1 3 3 3 3 2 2
34.78234930479 1 0 0 2 0 1 0 0 2 0
-0.016769696813816876 1 0 0 2 0 1 0 0 2 3
-0.025310867031960158 1 0 0 2 0 1 0 3 2 0
-0.003886215165229515 1 0 0 2 0 1 0 3 2 3
-0.030198615474370766 1 0 0 2 0 1 3 0 2 0
-0.003040099104551475 1 0 0 2 0 1 3 0 2 3
-0.0035635596758733547 1 0 0 2 0 1 3 3 2 0
-34.78234930479 1 0 0 2 0 2 0 0 1 0
0.016769696813816876 1 0 0 2 0 2 0 0 1 3
0.025310867031960158 1 0 0 2 0 2 0 3 1 0
0.003886215165229515 1 0 0 2 0 2 0 3 1 3
0.030198615474370766 1 0 0 2 0 2 3 0 1 0
0.003040099104551475 1 0 0 2 0 2 3 0 1 3
0.0035635596758733547 1 0 0 2 0 2 3 3 1 0
-0.01676969681381688 1 0 0 2 3 1 0 0 2 0
-0.004761018239309271 1 0 0 2 3 1 0 0 2 3
-0.004101336776200806 1 0 0 2 3 1 0 3 2 0
-0.004309615128172467 1 0 0 2 3 1 3 0 2 0
0.01676969681381688 1 0 0 2 3 2 0 0 1 0
0.004761018239309271 1 0 0 2 3 2 0 0 1 3
0.004101336776200806 1 0 0 2 3 2 0 3 1 0
0.004309615128172467 1 0 0 2 3 2 3 0 1 0
-0.003975805393077331 1 0 0 3 1 0 3 3 3 0
-0.0028414124416837167 1 0 0 3 1 3 0 3 3 0
-0.005755685098384268 1 0 0 3 1 3 3 0 3 0
-0.005335192142386968 1 0 0 3 1 3 3 3 0 0
-0.030445649343232854 1 0 0 3 1 3 3 3 3 0
-0.005404610812683891 1 0 0 3 1 3 3 3 3 3
-0.018491973280333654 1 0 0 3 2 1 0 0 0 2
-0.0035751396003192073 1 0 0 3 2 1 0 0 3 2
-0.002906931915706595 1 0 0 3 2 1 0 3 0 2
-0.0027053486942303566 1 0 0 3 2 1 3 0 0 2
0.018491973280333654 1 0 0 3 2 2 0 0 0 1
0.0035751396003192073 1 0 0 3 2 2 0 0 3 1
0.002906931915706595 1 0 0 3 2 2 0 3 0 1
0.0027053486942303566 1 0 0 3 2 2 3 0 0 1
0.0011979553292373662 1 0 1 0 0 1 0 1 0 0
0.0011979553292373662 1 0 1 0 0 2 0 2 0 0
0.0012061658192353067 1 0 1 0 3 3 3 1 3 1
0.0012061658192353067 1 0 1 0 3 3 3 2 3 2
0.00021024647799865032 1 0 1 2 1 3 3 1 2 0
-0.00021024647799865032 1 0 1 2 1 3 3 2 1 0
0.00044166464779195216 1 0 1 2 2 1 0 1 2 2
-0.00022654303682066105 1 0 1 2 2 1 0 2 1 2
-0.00021512161097129114 1 0 1 2 2 1 0 2 2 1
-0.00021512161097129114 1 0 1 2 2 2 0 1 1 2
-0.00022654303682066105 1 0 1 2 2 2 0 1 2 1
0.00044166464779195216 1 0 1 2 2 2 0 2 1 1
0.0007991297966522127 1 0 1 3 0 3 3 1 3 1
0.0007991297966522127 1 0 1 3 0 3 3 2 3 2
0.0016302399160421032 1 0 1 3 3 0 3 1 3 1
0.0016302399160421032 1 0 1 3 3 0 3 2 3 2
0.000997176660244814 1 0 1 3 3 3 0 1 3 1
0.000997176660244814 1 0 1 3 3 3 0 2 3 2
0.0013139855113584369 1 0 1 3 3 3 3 1 0 1
0.010221391273457356 1 0 1 3 3 3 3 1 3 1
0.0013139855113584369 1 0 1 3 3 3 3 2 0 2
0.010221391273457356 1 0 1 3 3 3 3 2 3 2
34.78234930479 1 0 2 0 0 1 0 2 0 0
-0.016769696813816876 1 0 2 0 0 1 0 2 0 3
-0.025310867031960164 1 0 2 0 0 1 0 2 3 0
-0.003886215165229515 1 0 2 0 0 1 0 2 3 3
-0.030198615474370766 1 0 2 0 0 1 3 2 0 0
-0.003040099104551475 1 0 2 0 0 1 3 2 0 3
-0.0035635596758733547 1 0 2 0 0 1 3 2 3 0
-34.78234930479 1 0 2 0 0 2 0 1 0 0
0.016769696813816876 1 0 2 0 0 2 0 1 0 3
0.025310867031960164 1 0 2 0 0 2 0 1 3 0
0.003886215165229515 1 0 2 0 0 2 0 1 3 3
0.030198615474370766 1 0 2 0 0 2 3 1 0 0
0.003040099104551475 1 0 2 0 0 2 3 1 0 3
0.0035635596758733547 1 0 2 0 0 2 3 1 3 0
-0.01676969681381688 1 0 2 0 3 1 0 2 0 0
-0.004761018239309271 1 0 2 0 3 1 0 2 0 3
-0.004101336776200806 1 0 2 0 3 1 0 2 3 0
-0.004309615128172467 1 0 2 0 3 1 3 2 0 0
0.01676969681381688 1 0 2 0 3 2 0 1 0 0
0.004761018239309271 1 0 2 0 3 2 0 1 0 3
0.004101336776200806 1 0 2 0 3 2 0 1 3 0
0.004309615128172467 1 0 2 0 3 2 3 1 0 0
-0.00021024647799865032 1 0 2 1 1 3 3 1 2 0
0.00021024647799865032 1 0 2 1 1 3 3 2 1 0
-0.00022654303682066105 1 0 2 1 2 1 0 1 2 2
0.00044166464779195216 1 0 2 1 2 1 0 2 1 2
-0.00021512161097129114 1 0 2 1 2 1 0 2 2 1
-0.00021512161097129114 1 0 2 1 2 2 0 1 1 2
0.00044166464779195216 1 0 2 1 2 2 0 1 2 1
-0.00022654303682066105 1 0 2 1 2 2 0 2 1 1
-0.00021512161097129114 1 0 2 2 1 1 0 1 2 2
-0.00021512161097129114 1 0 2 2 1 1 0 2 1 2
0.00043024322194258233 1 0 2 2 1 1 0 2 2 1
0.00043024322194258233 1 0 2 2 1 2 0 1 1 2
-0.00021512161097129114 1 0 2 2 1 2 0 1 2 1
-0.00021512161097129114 1 0 2 2 1 2 0 2 1 1
-0.025310867031960164 1 0 2 3 0 1 0 2 0 0
-0.004101336776200806 1 0 2 3 0 1 0 2 0 3
-0.004510235711706718 1 0 2 3 0 1 0 2 3 0
-0.0038821078398054566 1 0 2 3 0 1 3 2 0 0
0.025310867031960164 1 0 2 3 0 2 0 1 0 0
0.004101336776200806 1 0 2 3 0 2 0 1 0 3
0.004510235711706718 1 0 2 3 0 2 0 1 3 0
0.0038821078398054566 1 0 2 3 0 2 3 1 0 0
-0.003886215165229515 1 0 2 3 3 1 0 2 0 0
0.003886215165229515 1 0 2 3 3 2 0 1 0 0
-0.003975805393077331 1 0 3 0 1 0 3 3 3 0
-0.0028414124416837167 1 0 3 0 1 3 0 3 3 0
-0.005335192142386968 1 0 3 0 1 3 3 0 3 0
-0.005755685098384268 1 0 3 0 1 3 3 3 0 0
-0.030445649343232854 1 0 3 0 1 3 3 3 3 0
-0.005404610812683891 1 0 3 0 1 3 3 3 3 3
-0.018491973280333654 1 0 3 0 2 1 0 0 0 2
-0.002906931915706595 1 0 3 0 2 1 0 0 3 2
-0.0035751396003192073 1 0 3 0 2 1 0 3 0 2
-0.0027053486942303566 1 0 3 0 2 1 3 0 0 2
0.018491973280333654 1 0 3 0 2 2 0 0 0 1
0.002906931915706595 1 0 3 0 2 2 0 0 3 1
0.0035751396003192073 1 0 3 0 2 2 0 3 0 1
0.0027053486942303566 1 0 3 0 2 2 3 0 0 1
0.0007991297966522127 1 0 3 1 0 3 3 3 1 1
0.0007991297966522127 1 0 3 1 0 3 3 3 2 2
0.0016302399160421032 1 0 3 1 3 0 3 3 1 1
0.0016302399160421032 1 0 3 1 3 0 3 3 2 2
0.000997176660244814 1 0 3 1 3 3 0 3 1 1
0.000997176660244814 1 0 3 1 3 3 0 3 2 2
0.0013139855113584369 1 0 3 1 3 3 3 0 1 1
0.0013139855113584369 1 0 3 1 3 3 3 0 2 2
0.010221391273457356 1 0 3 1 3 3 3 3 1 1
0.010221391273457356 1 0 3 1 3 3 3 3 2 2
-0.025310867031960164 1 0 3 2 0 1 0 0 2 0
-0.004101336776200806 1 0 3 2 0 1 0 0 2 3
-0.004510235711706718 1 0 3 2 0 1 0 3 2 0
-0.0038821078398054566 1 0 3 2 0 1 3 0 2 0
0.025310867031960164 1 0 3 2 0 2 0 0 1 0
0.004101336776200806 1 0 3 2 0 2 0 0 1 3
0.004510235711706718 1 0 3 2 0 2 0 3 1 0
0.0038821078398054566 1 0 3 2 0 2 3 0 1 0
-0.003886215165229515 1 0 3 2 3 1 0 0 2 0
0.003886215165229515 1 0 3 2 3 2 0 0 1 0
0.0030106636484588754 1 0 3 3 1 0 0 3 3 0
-0.00453228163118942 1 0 3 3 1 0 3 0 3 0
-0.00453228163118942 1 0 3 3 1 0 3 3 0 0
-0.03891421594739752 1 0 3 3 1 0 3 3 3 0
-0.005029526880497911 1 0 3 3 1 0 3 3 3 3
-0.003838589101928531 1 0 3 3 1 3 0 0 3 0
-0.003838589101928531 1 0 3 3 1 3 0 3 0 0
-0.025866760887415567 1 0 3 3 1 3 0 3 3 0
-0.0005887195022968483 1 0 3 3 1 3 0 3 3 3
-0.006544207093254254 1 0 3 3 1 3 3 0 0 0
-0.04099259479246506 1 0 3 3 1 3 3 0 3 0
-0.006599217357272175 1 0 3 3 1 3 3 0 3 3
-0.04099259479246506 1 0 3 3 1 3 3 3 0 0
-0.006599217357272175 1 0 3 3 1 3 3 3 0 3
37.12312148318925 1 0 3 3 1 3 3 3 3 0
-0.03070503219273601 1 0 3 3 1 3 3 3 3 3
-0.0026803888788859338 1 0 3 3 2 1 0 0 0 2
0.0026803888788859338 1 0 3 3 2 2 0 0 0 1
0.0010384031262993254 1 1 0 0 0 1 1 0 0 0
0.0010384031262993254 1 1 0 0 0 2 2 0 0 0
-0.005307639338279533 1 1 0 0 3 3 1 3 3 1
-0.005307639338279533 1 1 0 0 3 3 2 3 3 2
-2.543774615631462e-06 1 1 0 2 1 3 1 3 2 0
2.543774615631462e-06 1 1 0 2 1 3 2 3 1 0
0.0011425235766187676 1 1 0 2 2 1 1 0 2 2
0.0001269924470022242 1 1 0 2 2 1 2 0 1 2
-0.0012695160236209917 1 1 0 2 2 1 2 0 2 1
-0.0012695160236209917 1 1 0 2 2 2 1 0 1 2
0.0001269924470022242 1 1 0 2 2 2 1 0 2 1
0.0011425235766187676 1 1 0 2 2 2 2 0 1 1
-0.0055299336460965425 1 1 0 3 0 3 1 3 3 1
-0.0055299336460965425 1 1 0 3 0 3 2 3 3 2
-0.006119764036823449 1 1 0 3 3 0 1 3 3 1
-0.006119764036823449 1 1 0 3 3 0 2 3 3 2
-0.00604133237705152 1 1 0 3 3 3 1 0 3 1
-0.00558814358191124 1 1 0 3 3 3 1 3 0 1
-0.036082410409779324 1 1 0 3 3 3 1 3 3 1
-0.00604133237705152 1 1 0 3 3 3 2 0 3 2
-0.00558814358191124 1 1 0 3 3 3 2 3 0 2
-0.036082410409779324 1 1 0 3 3 3 2 3 3 2
0.0001726845515085761 1 1 1 2 3 3 1 1 2 1
-0.00028050424363170617 1 1 1 2 3 3 1 2 1 1
-0.00010781969212313007 1 1 1 2 3 3 1 2 2 2
0.00010781969212313007 1 1 1 2 3 3 2 1 1 1
0.00028050424363170617 1 1 1 2 3 3 2 1 2 2
-0.0001726845515085761 1 1 1 2 3 3 2 2 1 2
-0.001538403759775938 1 1 1 3 2 0 1 2 3 0
0.001538403759775938 1 1 1 3 2 0 2 1 3 0
0.0007363667539806106 1 1 1 3 2 3 1 2 3 3
-0.0007363667539806106 1 1 1 3 2 3 2 1 3 3
-2.543774615631462e-06 1 1 2 0 1 3 1 2 3 0
2.543774615631462e-06 1 1 2 0 1 3 2 1 3 0
0.0011425235766187676 1 1 2 0 2 1 1 2 0 2
0.0001269924470022242 1 1 2 0 2 1 2 1 0 2
-0.0012695160236209917 1 1 2 0 2 1 2 2 0 1
-0.0012695160236209917 1 1 2 0 2 2 1 1 0 2
0.0001269924470022242 1 1 2 0 2 2 1 2 0 1
0.0011425235766187676 1 1 2 0 2 2 2 1 0 1
-0.00028050424363170617 1 1 2 1 3 3 1 1 2 1
0.0001726845515085761 1 1 2 1 3 3 1 2 1 1
-0.00010781969212313007 1 1 2 1 3 3 1 2 2 2
0.00010781969212313007 1 1 2 1 3 3 2 1 1 1
-0.0001726845515085761 1 1 2 1 3 3 2 1 2 2
0.00028050424363170617 1 1 2 1 3 3 2 2 1 2
0.0006370963278642035 1 1 2 2 0 1 1 2 2 0
-0.00031854816393210177 1 1 2 2 0 1 2 1 2 0
-0.00031854816393210177 1 1 2 2 0 1 2 2 1 0
-0.00031854816393210177 1 1 2 2 0 2 1 1 2 0
-0.00031854816393210177 1 1 2 2 0 2 1 2 1 0
0.0006370963278642035 1 1 2 2 0 2 2 1 1 0
0.000464640081845924 1 1 2 3 1 0 1 2 3 0
-0.000464640081845924 1 1 2 3 1 0 2 1 3 0
0.0001052759175074986 1 1 2 3 1 3 1 2 0 0
0.0003255541757748534 1 1 2 3 1 3 1 2 3 0
-0.0003408900060445411 1 1 2 3 1 3 1 2 3 3
-0.0001052759175074986 1 1 2 3 1 3 2 1 0 0
-0.0003255541757748534 1 1 2 3 1 3 2 1 3 0
0.0003408900060445411 1 1 2 3 1 3 2 1 3 3
-0.0055299336460965425 1 1 3 0 0 3 1 3 3 1
-0.0055299336460965425 1 1 3 0 0 3 2 3 3 2
-0.006119764036823449 1 1 3 0 3 0 1 3 3 1
-0.006119764036823449 1 1 3 0 3 0 2 3 3 2
-0.00558814358191124 1 1 3 0 3 3 1 0 3 1
-0.00604133237705152 1 1 3 0 3 3 1 3 0 1
-0.036082410409779324 1 1 3 0 3 3 1 3 3 1
-0.00558814358191124 1 1 3 0 3 3 2 0 3 2
-0.00604133237705152 1 1 3 0 3 3 2 3 0 2
-0.036082410409779324 1 1 3 0 3 3 2 3 3 2
-0.001538403759775938 1 1 3 1 2 0 1 3 2 0
0.001538403759775938 1 1 3 1 2 0 2 3 1 0
0.0007363667539806106 1 1 3 1 2 3 1 3 2 3
-0.0007363667539806106 1 1 3 1 2 3 2 3 1 3
0.000464640081845924 1 1 3 2 1 0 1 3 2 0
-0.000464640081845924 1 1 3 2 1 0 2 3 1 0
0.0001052759175074986 1 1 3 2 1 3 1 0 2 0
0.0003255541757748534 1 1 3 2 1 3 1 3 2 0
-0.0003408900060445411 1 1 3 2 1 3 1 3 2 3
-0.0001052759175074986 1 1 3 2 1 3 2 0 1 0
-0.0003255541757748534 1 1 3 2 1 3 2 3 1 0
0.0003408900060445411 1 1 3 2 1 3 2 3 1 3
-0.006945122463728059 1 1 3 3 0 0 1 3 3 1
-0.006945122463728059 1 1 3 3 0 0 2 3 3 2
-0.006266300400077153 1 1 3 3 0 3 1 0 3 1
-0.006266300400077153 1 1 3 3 0 3 1 3 0 1
-0.02520381237486432 1 1 3 3 0 3 1 3 3 1
-0.006266300400077153 1 1 3 3 0 3 2 0 3 2
-0.006266300400077153 1 1 3 3 0 3 2 3 0 2
-0.02520381237486432 1 1 3 3 0 3 2 3 3 2
-0.004581360277047513 1 1 3 3 3 0 1 0 3 1
-0.004581360277047513 1 1 3 3 3 0 1 3 0 1
-0.05041227647172724 1 1 3 3 3 0 1 3 3 1
-0.004581360277047513 1 1 3 3 3 0 2 0 3 2
-0.004581360277047513 1 1 3 3 3 0 2 3 0 2
-0.05041227647172724 1 1 3 3 3 0 2 3 3 2
-0.005307639338279533 1 1 3 3 3 3 1 0 0 1
-0.03608241040977932 1 1 3 3 3 3 1 0 3 1
-0.036082410409779324 1 1 3 3 3 3 1 3 0 1
49.58141337738304 1 1 3 3 3 3 1 3 3 1
-0.005307639338279533 1 1 3 3 3 3 2 0 0 2
-0.03608241040977932 1 1 3 3 3 3 2 0 3 2
-0.036082410409779324 1 1 3 3 3 3 2 3 0 2
49.581413377383036 1 1 3 3 3 3 2 3 3 2
67.37896918854321 1 2 0 0 0 1 2 0 0 0
-0.03406005596059351 1 2 0 0 0 1 2 0 0 3
-0.04903456697101274 1 2 0 0 0 1 2 0 3 0
-0.007516452695042256 1 2 0 0 0 1 2 0 3 3
-0.04903456697101273 1 2 0 0 0 1 2 3 0 0
-0.007516452695042256 1 2 0 0 0 1 2 3 0 3
-0.007212871691086151 1 2 0 0 0 1 2 3 3 0
-67.37896918854322 1 2 0 0 0 2 1 0 0 0
0.03406005596059351 1 2 0 0 0 2 1 0 0 3
0.04903456697101274 1 2 0 0 0 2 1 0 3 0
0.007516452695042256 1 2 0 0 0 2 1 0 3 3
0.04903456697101273 1 2 0 0 0 2 1 3 0 0
0.007516452695042256 1 2 0 0 0 2 1 3 0 3
0.007212871691086151 1 2 0 0 0 2 1 3 3 0
-0.03406005596059351 1 2 0 0 3 1 2 0 0 0
-0.010298369407220268 1 2 0 0 3 1 2 0 0 3
-0.008453913175808245 1 2 0 0 3 1 2 0 3 0
-0.008453913175808245 1 2 0 0 3 1 2 3 0 0
0.03406005596059351 1 2 0 0 3 2 1 0 0 0
0.010298369407220268 1 2 0 0 3 2 1 0 0 3
0.008453913175808245 1 2 0 0 3 2 1 0 3 0
0.008453913175808245 1 2 0 0 3 2 1 3 0 0
2.543774615631462e-06 1 2 0 1 1 3 1 3 2 0
-2.543774615631462e-06 1 2 0 1 1 3 2 3 1 0
0.0001269924470022242 1 2 0 1 2 1 1 0 2 2
0.0008104680337637652 1 2 0 1 2 1 2 0 1 2
-0.0009374604807659894 1 2 0 1 2 1 2 0 2 1
-0.0009374604807659894 1 2 0 1 2 2 1 0 1 2
0.0008104680337637652 1 2 0 1 2 2 1 0 2 1
0.0001269924470022242 1 2 0 1 2 2 2 0 1 1
-0.0012695160236209917 1 2 0 2 1 1 1 0 2 2
-0.0009374604807659894 1 2 0 2 1 1 2 0 1 2
0.002206976504386981 1 2 0 2 1 1 2 0 2 1
0.002206976504386981 1 2 0 2 1 2 1 0 1 2
-0.0009374604807659894 1 2 0 2 1 2 1 0 2 1
-0.0012695160236209917 1 2 0 2 1 2 2 0 1 1
-0.04903456697101274 1 2 0 3 0 1 2 0 0 0
-0.008453913175808245 1 2 0 3 0 1 2 0 0 3
-0.008675002334442992 1 2 0 3 0 1 2 0 3 0
-0.007594065850894398 1 2 0 3 0 1 2 3 0 0
0.04903456697101274 1 2 0 3 0 2 1 0 0 0
0.008453913175808245 1 2 0 3 0 2 1 0 0 3
0.008675002334442992 1 2 0 3 0 2 1 0 3 0
0.007594065850894398 1 2 0 3 0 2 1 3 0 0
-0.007516452695042256 1 2 0 3 3 1 2 0 0 0
0.007516452695042256 1 2 0 3 3 2 1 0 0 0
2.543774615631462e-06 1 2 1 0 1 3 1 2 3 0
-2.543774615631462e-06 1 2 1 0 1 3 2 1 3 0
0.0001269924470022242 1 2 1 0 2 1 1 2 0 2
0.0008104680337637652 1 2 1 0 2 1 2 1 0 2
-0.0009374604807659894 1 2 1 0 2 1 2 2 0 1
-0.0009374604807659894 1 2 1 0 2 2 1 1 0 2
0.0008104680337637652 1 2 1 0 2 2 1 2 0 1
0.0001269924470022242 1 2 1 0 2 2 2 1 0 1
0.00010781969212313007 1 2 1 1 3 3 1 1 2 1
0.00010781969212313007 1 2 1 1 3 3 1 2 1 1
0.00021563938424626014 1 2 1 1 3 3 1 2 2 2
-0.00021563938424626014 1 2 1 1 3 3 2 1 1 1
-0.00010781969212313007 1 2 1 1 3 3 2 1 2 2
-0.00010781969212313007 1 2 1 1 3 3 2 2 1 2
-0.00031854816393210177 1 2 1 2 0 1 1 2 2 0
0.0006997423237403486 1 2 1 2 0 1 2 1 2 0
-0.00038119415980824683 1 2 1 2 0 1 2 2 1 0
-0.00038119415980824683 1 2 1 2 0 2 1 1 2 0
0.0006997423237403486 1 2 1 2 0 2 1 2 1 0
-0.00031854816393210177 1 2 1 2 0 2 2 1 1 0
0.0010737636779300141 1 2 1 3 1 0 1 2 3 0
-0.0010737636779300141 1 2 1 3 1 0 2 1 3 0
-0.0001052759175074986 1 2 1 3 1 3 1 2 0 0
-0.0003255541757748534 1 2 1 3 1 3 1 2 3 0
-0.0003954767479360694 1 2 1 3 1 3 1 2 3 3
0.0001052759175074986 1 2 1 3 1 3 2 1 0 0
0.0003255541757748534 1 2 1 3 1 3 2 1 3 0
0.0003954767479360694 1 2 1 3 1 3 2 1 3 3
-0.0012695160236209917 1 2 2 0 1 1 1 2 0 2
-0.0009374604807659894 1 2 2 0 1 1 2 1 0 2
0.002206976504386981 1 2 2 0 1 1 2 2 0 1
0.002206976504386981 1 2 2 0 1 2 1 1 0 2
-0.0009374604807659894 1 2 2 0 1 2 1 2 0 1
-0.0012695160236209917 1 2 2 0 1 2 2 1 0 1
-0.00031854816393210177 1 2 2 1 0 1 1 2 2 0
-0.00038119415980824683 1 2 2 1 0 1 2 1 2 0
0.0006997423237403486 1 2 2 1 0 1 2 2 1 0
0.0006997423237403486 1 2 2 1 0 2 1 1 2 0
-0.00038119415980824683 1 2 2 1 0 2 1 2 1 0
-0.00031854816393210177 1 2 2 1 0 2 2 1 1 0
-0.04903456697101274 1 2 3 0 0 1 2 0 0 0
-0.008453913175808245 1 2 3 0 0 1 2 0 0 3
-0.007594065850894398 1 2 3 0 0 1 2 0 3 0
-0.008675002334442992 1 2 3 0 0 1 2 3 0 0
0.04903456697101274 1 2 3 0 0 2 1 0 0 0
0.008453913175808245 1 2 3 0 0 2 1 0 0 3
0.007594065850894398 1 2 3 0 0 2 1 0 3 0
0.008675002334442992 1 2 3 0 0 2 1 3 0 0
-0.007516452695042256 1 2 3 0 3 1 2 0 0 0
0.007516452695042256 1 2 3 0 3 2 1 0 0 0
0.0010737636779300141 1 2 3 1 1 0 1 3 2 0
-0.0010737636779300141 1 2 3 1 1 0 2 3 1 0
-0.0001052759175074986 1 2 3 1 1 3 1 0 2 0
-0.0003255541757748534 1 2 3 1 1 3 1 3 2 0
-0.0003954767479360694 1 2 3 1 1 3 1 3 2 3
0.0001052759175074986 1 2 3 1 1 3 2 0 1 0
0.0003255541757748534 1 2 3 1 1 3 2 3 1 0
0.0003954767479360694 1 2 3 1 1 3 2 3 1 3
-0.007212871691086151 1 2 3 3 0 1 2 0 0 0
0.007212871691086151 1 2 3 3 0 2 1 0 0 0
0.000255375252300045 1 2 3 3 3 3 1 3 3 2
-0.000255375252300045 1 2 3 3 3 3 2 3 3 1
0.0002974977679830546 1 3 0 0 1 0 3 3 3 0
0.0013914032677421536 1 3 0 0 1 3 0 3 3 0
-0.0011647099786809391 1 3 0 0 1 3 3 0 3 0
-0.0011647099786809391 1 3 0 0 1 3 3 3 0 0
-0.0034008147950898354 1 3 0 0 1 3 3 3 3 0
-0.0009441709763142892 1 3 0 0 1 3 3 3 3 3
-0.022309703690914052 1 3 0 0 2 1 0 0 0 2
-0.002705348694230357 1 3 0 0 2 1 0 0 3 2
-0.002705348694230357 1 3 0 0 2 1 0 3 0 2
-0.007300121537627035 1 3 0 0 2 1 3 0 0 2
0.022309703690914052 1 3 0 0 2 2 0 0 0 1
0.002705348694230357 1 3 0 0 2 2 0 0 3 1
0.002705348694230357 1 3 0 0 2 2 0 3 0 1
0.007300121537627035 1 3 0 0 2 2 3 0 0 1
0.0013170935859544814 1 3 0 1 0 3 3 3 1 1
0.0013170935859544814 1 3 0 1 0 3 3 3 2 2
0.0010963671180597816 1 3 0 1 3 0 3 3 1 1
0.0010963671180597816 1 3 0 1 3 0 3 3 2 2
0.0013139855113584369 1 3 0 1 3 3 0 3 1 1
0.0013139855113584369 1 3 0 1 3 3 0 3 2 2
0.00152658932274561 1 3 0 1 3 3 3 0 1 1
0.00152658932274561 1 3 0 1 3 3 3 0 2 2
0.00856702439301177 1 3 0 1 3 3 3 3 1 1
0.00856702439301177 1 3 0 1 3 3 3 3 2 2
-0.030198615474370773 1 3 0 2 0 1 0 0 2 0
-0.004309615128172467 1 3 0 2 0 1 0 0 2 3
-0.0038821078398054566 1 3 0 2 0 1 0 3 2 0
-0.004904886624297749 1 3 0 2 0 1 3 0 2 0
0.030198615474370773 1 3 0 2 0 2 0 0 1 0
0.004309615128172467 1 3 0 2 0 2 0 0 1 3
0.0038821078398054566 1 3 0 2 0 2 0 3 1 0
0.004904886624297749 1 3 0 2 0 2 3 0 1 0
-0.003040099104551475 1 3 0 2 3 1 0 0 2 0
0.003040099104551475 1 3 0 2 3 2 0 0 1 0
0.0016793185619001954 1 3 0 3 1 0 0 3 3 0
-0.0015122856156903456 1 3 0 3 1 0 3 0 3 0
-0.0010366747719479331 1 3 0 3 1 0 3 3 0 0
-0.002181405733574863 1 3 0 3 1 0 3 3 3 0
-0.00043153524354302633 1 3 0 3 1 0 3 3 3 3
0.0002856472786672524 1 3 0 3 1 3 0 0 3 0
0.00014513174740114133 1 3 0 3 1 3 0 3 0 0
0.005311206890771619 1 3 0 3 1 3 0 3 3 0
0.00046621283945719183 1 3 0 3 1 3 0 3 3 3
-0.0026912993014265494 1 3 0 3 1 3 3 0 0 0
-0.012571121142905692 1 3 0 3 1 3 3 0 3 0
-0.0027259792106962273 1 3 0 3 1 3 3 0 3 3
-0.0121689331730363 1 3 0 3 1 3 3 3 0 0
-0.002416169445077923 1 3 0 3 1 3 3 3 0 3
-0.30924870893321055 1 3 0 3 1 3 3 3 3 0
-0.011013028102163721 1 3 0 3 1 3 3 3 3 3
-0.002832341141232581 1 3 0 3 2 1 0 0 0 2
0.002832341141232581 1 3 0 3 2 2 0 0 0 1
0.0013170935859544814 1 3 1 0 0 3 3 1 3 1
0.0013170935859544814 1 3 1 0 0 3 3 2 3 2
0.0010963671180597816 1 3 1 0 3 0 3 1 3 1
0.0010963671180597816 1 3 1 0 3 0 3 2 3 2
0.0013139855113584369 1 3 1 0 3 3 0 1 3 1
0.0013139855113584369 1 3 1 0 3 3 0 2 3 2
0.00152658932274561 1 3 1 0 3 3 3 1 0 1
0.00856702439301177 1 3 1 0 3 3 3 1 3 1
0.00152658932274561 1 3 1 0 3 3 3 2 0 2
0.00856702439301177 1 3 1 0 3 3 3 2 3 2
0.00023780542187120619 1 3 1 2 1 0 3 1 2 0
-0.00023780542187120619 1 3 1 2 1 0 3 2 1 0
-7.025776563305583e-05 1 3 1 2 1 3 0 1 2 0
7.025776563305583e-05 1 3 1 2 1 3 0 2 1 0
0.00020109398493469677 1 3 1 2 1 3 3 1 2 0
0.00015490488280915237 1 3 1 2 1 3 3 1 2 3
-0.00020109398493469677 1 3 1 2 1 3 3 2 1 0
-0.00015490488280915237 1 3 1 2 1 3 3 2 1 3
0.001388439975998349 1 3 1 3 0 0 3 1 3 1
0.001388439975998349 1 3 1 3 0 0 3 2 3 2
0.001535496550632823 1 3 1 3 0 3 0 1 3 1
0.001535496550632823 1 3 1 3 0 3 0 2 3 2
0.0013170935859544814 1 3 1 3 0 3 3 1 0 1
0.005456222968792002 1 3 1 3 0 3 3 1 3 1
0.0013170935859544814 1 3 1 3 0 3 3 2 0 2
0.005456222968792002 1 3 1 3 0 3 3 2 3 2
9.183615626616481e-05 1 3 1 3 3 0 0 1 3 1
9.183615626616481e-05 1 3 1 3 3 0 0 2 3 2
0.0010963671180597816 1 3 1 3 3 0 3 1 0 1
0.010866471274193254 1 3 1 3 3 0 3 1 3 1
0.0010963671180597816 1 3 1 3 3 0 3 2 0 2
0.010866471274193254 1 3 1 3 3 0 3 2 3 2
0.0012061658192353067 1 3 1 3 3 3 0 1 0 1
0.010221391273457354 1 3 1 3 3 3 0 1 3 1
0.0012061658192353067 1 3 1 3 3 3 0 2 0 2
0.010221391273457354 1 3 1 3 3 3 0 2 3 2
0.00856702439301177 1 3 1 3 3 3 3 1 0 1
-11.773074955567125 1 3 1 3 3 3 3 1 3 1
0.00856702439301177 1 3 1 3 3 3 3 2 0 2
-11.773074955567125 1 3 1 3 3 3 3 2 3 2
-0.030198615474370773 1 3 2 0 0 1 0 2 0 0
-0.004309615128172467 1 3 2 0 0 1 0 2 0 3
-0.0038821078398054566 1 3 2 0 0 1 0 2 3 0
-0.004904886624297749 1 3 2 0 0 1 3 2 0 0
0.030198615474370773 1 3 2 0 0 2 0 1 0 0
0.004309615128172467 1 3 2 0 0 2 0 1 0 3
0.0038821078398054566 1 3 2 0 0 2 0 1 3 0
0.004904886624297749 1 3 2 0 0 2 3 1 0 0
-0.003040099104551475 1 3 2 0 3 1 0 2 0 0
0.003040099104551475 1 3 2 0 3 2 0 1 0 0
-0.00023780542187120619 1 3 2 1 1 0 3 1 2 0
0.00023780542187120619 1 3 2 1 1 0 3 2 1 0
7.025776563305583e-05 1 3 2 1 1 3 0 1 2 0
-7.025776563305583e-05 1 3 2 1 1 3 0 2 1 0
-0.00020109398493469677 1 3 2 1 1 3 3 1 2 0
-0.00015490488280915237 1 3 2 1 1 3 3 1 2 3
0.00020109398493469677 1 3 2 1 1 3 3 2 1 0
0.00015490488280915237 1 3 2 1 1 3 3 2 1 3
-0.0035635596758733547 1 3 2 3 0 1 0 2 0 0
0.0035635596758733547 1 3 2 3 0 2 0 1 0 0
-0.00042251370298034083 1 3 2 3 3 3 3 1 3 2
0.0004225137029803409 1 3 2 3 3 3 3 2 3 1
0.0016793185619001954 1 3 3 0 1 0 0 3 3 0
-0.0010366747719479331 1 3 3 0 1 0 3 0 3 0
-0.0015122856156903456 1 3 3 0 1 0 3 3 0 0
-0.002181405733574863 1 3 3 0 1 0 3 3 3 0
-0.00043153524354302633 1 3 3 0 1 0 3 3 3 3
0.00014513174740114133 1 3 3 0 1 3 0 0 3 0
0.0002856472786672524 1 3 3 0 1 3 0 3 0 0
0.005311206890771619 1 3 3 0 1 3 0 3 3 0
0.00046621283945719183 1 3 3 0 1 3 0 3 3 3
-0.0026912993014265494 1 3 3 0 1 3 3 0 0 0
-0.0121689331730363 1 3 3 0 1 3 3 0 3 0
-0.002416169445077923 1 3 3 0 1 3 3 0 3 3
-0.012571121142905692 1 3 3 0 1 3 3 3 0 0
-0.0027259792106962273 1 3 3 0 1 3 3 3 0 3
-0.3092487089332105 1 3 3 0 1 3 3 3 3 0
-0.011013028102163721 1 3 3 0 1 3 3 3 3 3
-0.0028323411412325816 1 3 3 0 2 1 0 0 0 2
0.0028323411412325816 1 3 3 0 2 2 0 0 0 1
0.001388439975998349 1 3 3 1 0 0 3 3 1 1
0.001388439975998349 1 3 3 1 0 0 3 3 2 2
0.001535496550632823 1 3 3 1 0 3 0 3 1 1
0.001535496550632823 1 3 3 1 0 3 0 3 2 2
0.0013170935859544814 1 3 3 1 0 3 3 0 1 1
0.0013170935859544814 1 3 3 1 0 3 3 0 2 2
0.005456222968792002 1 3 3 1 0 3 3 3 1 1
0.005456222968792002 1 3 3 1 0 3 3 3 2 2
9.183615626616481e-05 1 3 3 1 3 0 0 3 1 1
9.183615626616481e-05 1 3 3 1 3 0 0 3 2 2
0.0010963671180597816 1 3 3 1 3 0 3 0 1 1
0.0010963671180597816 1 3 3 1 3 0 3 0 2 2
0.010866471274193254 1 3 3 1 3 0 3 3 1 1
0.010866471274193254 1 3 3 1 3 0 3 3 2 2
0.0012061658192353067 1 3 3 1 3 3 0 0 1 1
0.0012061658192353067 1 3 3 1 3 3 0 0 2 2
0.010221391273457354 1 3 3 1 3 3 0 3 1 1
0.010221391273457354 1 3 3 1 3 3 0 3 2 2
0.008567024393011768 1 3 3 1 3 3 3 0 1 1
0.008567024393011768 1 3 3 1 3 3 3 0 2 2
-11.773074955567125 1 3 3 1 3 3 3 3 1 1
-11.773074955567125 1 3 3 1 3 3 3 3 2 2
-0.0035635596758733547 1 3 3 2 0 1 0 0 2 0
0.0035635596758733547 1 3 3 2 0 2 0 0 1 0
-0.00042251370298034083 1 3 3 2 3 3 3 3 1 2
0.0004225137029803409 1 3 3 2 3 3 3 3 2 1
0.0005137187277040167 1 3 3 3 1 0 0 0 3 0
0.0005137187277040167 1 3 3 3 1 0 0 3 0 0
0.011498060524329718 1 3 3 3 1 0 0 3 3 0
0.00191559558323015 1 3 3 3 1 0 0 3 3 3
-0.0018952364681365092 1 3 3 3 1 0 3 0 0 0
-0.01304787700776812 1 3 3 3 1 0 3 0 3 0
-0.0018199752195413761 1 3 3 3 1 0 3 0 3 3
-0.01304787700776812 1 3 3 3 1 0 3 3 0 0
-0.0018199752195413761 1 3 3 3 1 0 3 3 0 3
-2.229615985861276 1 3 3 3 1 0 3 3 3 0
-0.010815454526352051 1 3 3 3 1 0 3 3 3 3
-0.0010260159199597225 1 3 3 3 1 3 0 0 0 0
-0.0045846302069108835 1 3 3 3 1 3 0 0 3 0
-0.000673806963239562 1 3 3 3 1 3 0 0 3 3
-0.004584630206910883 1 3 3 3 1 3 0 3 0 0
-0.000673806963239562 1 3 3 3 1 3 0 3 0 3
-12.458036518941523 1 3 3 3 1 3 0 3 3 0
-0.005501219817871687 1 3 3 3 1 3 0 3 3 3
-0.020534863581113373 1 3 3 3 1 3 3 0 0 0
-0.0035783581482232516 1 3 3 3 1 3 3 0 0 3
11.463403732930932 1 3 3 3 1 3 3 0 3 0
-0.016469251070955725 1 3 3 3 1 3 3 0 3 3
11.46340373293093 1 3 3 3 1 3 3 3 0 0
-0.016469251070955725 1 3 3 3 1 3 3 3 0 3
35.503046041771334 1 3 3 3 1 3 3 3 3 0
9.421059365427707 1 3 3 3 1 3 3 3 3 3
-25.077306084592838 2 0 0 0 1 1 0 0 0 2
0.018491973280333654 2 0 0 0 1 1 0 0 3 2
0.01849197328033365 2 0 0 0 1 1 0 3 0 2
0.0026803888788859338 2 0 0 0 1 1 0 3 3 2
0.02230970369091405 2 0 0 0 1 1 3 0 0 2
0.0028323411412325807 2 0 0 0 1 1 3 0 3 2
0.0028323411412325807 2 0 0 0 1 1 3 3 0 2
25.077306084592834 2 0 0 0 1 2 0 0 0 1
-0.018491973280333654 2 0 0 0 1 2 0 0 3 1
-0.01849197328033365 2 0 0 0 1 2 0 3 0 1
-0.0026803888788859338 2 0 0 0 1 2 0 3 3 1
-0.02230970369091405 2 0 0 0 1 2 3 0 0 1
-0.0028323411412325807 2 0 0 0 1 2 3 0 3 1
-0.0028323411412325807 2 0 0 0 1 2 3 3 0 1
0.0009317805015538568 2 0 0 0 2 1 0 0 0 1
0.0009317805015538568 2 0 0 0 2 2 0 0 0 2
-0.0039213236197686435 2 0 0 0 2 3 3 3 3 0
-34.78234930479 2 0 0 1 0 1 0 0 2 0
0.016769696813816876 2 0 0 1 0 1 0 0 2 3
0.025310867031960158 2 0 0 1 0 1 0 3 2 0
0.003886215165229515 2 0 0 1 0 1 0 3 2 3
0.030198615474370766 2 0 0 1 0 1 3 0 2 0
0.003040099104551475 2 0 0 1 0 1 3 0 2 3
0.0035635596758733547 2 0 0 1 0 1 3 3 2 0
34.78234930479001 2 0 0 1 0 2 0 0 1 0
-0.016769696813816876 2 0 0 1 0 2 0 0 1 3
-0.025310867031960158 2 0 0 1 0 2 0 3 1 0
-0.003886215165229515 2 0 0 1 0 2 0 3 1 3
-0.030198615474370766 2 0 0 1 0 2 3 0 1 0
-0.003040099104551475 2 0 0 1 0 2 3 0 1 3
-0.0035635596758733547 2 0 0 1 0 2 3 3 1 0
0.01676969681381688 2 0 0 1 3 1 0 0 2 0
0.004761018239309271 2 0 0 1 3 1 0 0 2 3
0.004101336776200806 2 0 0 1 3 1 0 3 2 0
0.004309615128172467 2 0 0 1 3 1 3 0 2 0
-0.01676969681381688 2 0 0 1 3 2 0 0 1 0
-0.004761018239309271 2 0 0 1 3 2 0 0 1 3
-0.004101336776200806 2 0 0 1 3 2 0 3 1 0
-0.004309615128172467 2 0 0 1 3 2 3 0 1 0
0.0011979553292373662 2 0 0 2 0 1 0 0 1 0
0.0011979553292373662 2 0 0 2 0 2 0 0 2 0
0.0012061658192353067 2 0 0 2 3 3 3 3 1 1
0.0012061658192353067 2 0 0 2 3 3 3 3 2 2
0.018491973280333654 2 0 0 3 1 1 0 0 0 2
0.0035751396003192073 2 0 0 3 1 1 0 0 3 2
0.002906931915706595 2 0 0 3 1 1 0 3 0 2
0.0027053486942303566 2 0 0 3 1 1 3 0 0 2
-0.018491973280333654 2 0 0 3 1 2 0 0 0 1
-0.0035751396003192073 2 0 0 3 1 2 0 0 3 1
-0.002906931915706595 2 0 0 3 1 2 0 3 0 1
-0.0027053486942303566 2 0 0 3 1 2 3 0 0 1
-0.003975805393077331 2 0 0 3 2 0 3 3 3 0
-0.0028414124416837167 2 0 0 3 2 3 0 3 3 0
-0.005755685098384268 2 0 0 3 2 3 3 0 3 0
-0.005335192142386968 2 0 0 3 2 3 3 3 0 0
-0.030445649343232854 2 0 0 3 2 3 3 3 3 0
-0.005404610812683891 2 0 0 3 2 3 3 3 3 3
-34.78234930479 2 0 1 0 0 1 0 2 0 0
0.016769696813816876 2 0 1 0 0 1 0 2 0 3
0.025310867031960164 2 0 1 0 0 1 0 2 3 0
0.003886215165229515 2 0 1 0 0 1 0 2 3 3
0.030198615474370766 2 0 1 0 0 1 3 2 0 0
0.003040099104551475 2 0 1 0 0 1 3 2 0 3
0.0035635596758733547 2 0 1 0 0 1 3 2 3 0
34.78234930479001 2 0 1 0 0 2 0 1 0 0
-0.016769696813816876 2 0 1 0 0 2 0 1 0 3
-0.025310867031960164 2 0 1 0 0 2 0 1 3 0
-0.003886215165229515 2 0 1 0 0 2 0 1 3 3
-0.030198615474370766 2 0 1 0 0 2 3 1 0 0
-0.003040099104551475 2 0 1 0 0 2 3 1 0 3
-0.0035635596758733547 2 0 1 0 0 2 3 1 3 0
0.01676969681381688 2 0 1 0 3 1 0 2 0 0
0.004761018239309271 2 0 1 0 3 1 0 2 0 3
0.004101336776200806 2 0 1 0 3 1 0 2 3 0
0.004309615128172467 2 0 1 0 3 1 3 2 0 0
-0.01676969681381688 2 0 1 0 3 2 0 1 0 0
-0.004761018239309271 2 0 1 0 3 2 0 1 0 3
-0.004101336776200806 2 0 1 0 3 2 0 1 3 0
-0.004309615128172467 2 0 1 0 3 2 3 1 0 0
-0.00021512161097129114 2 0 1 1 2 1 0 1 2 2
-0.00021512161097129114 2 0 1 1 2 1 0 2 1 2
0.00043024322194258233 2 0 1 1 2 1 0 2 2 1
0.00043024322194258233 2 0 1 1 2 2 0 1 1 2
-0.00021512161097129114 2 0 1 1 2 2 0 1 2 1
-0.00021512161097129114 2 0 1 1 2 2 0 2 1 1
-0.00022654303682066105 2 0 1 2 1 1 0 1 2 2
0.00044166464779195216 2 0 1 2 1 1 0 2 1 2
-0.00021512161097129114 2 0 1 2 1 1 0 2 2 1
-0.00021512161097129114 2 0 1 2 1 2 0 1 1 2
0.00044166464779195216 2 0 1 2 1 2 0 1 2 1
-0.00022654303682066105 2 0 1 2 1 2 0 2 1 1
0.00021024647799865032 2 0 1 2 2 3 3 1 2 0
-0.00021024647799865032 2 0 1 2 2 3 3 2 1 0
0.025310867031960164 2 0 1 3 0 1 0 2 0 0
0.004101336776200806 2 0 1 3 0 1 0 2 0 3
0.004510235711706718 2 0 1 3 0 1 0 2 3 0
0.0038821078398054566 2 0 1 3 0 1 3 2 0 0
-0.025310867031960164 2 0 1 3 0 2 0 1 0 0
-0.004101336776200806 2 0 1 3 0 2 0 1 0 3
-0.004510235711706718 2 0 1 3 0 2 0 1 3 0
-0.0038821078398054566 2 0 1 3 0 2 3 1 0 0
0.003886215165229515 2 0 1 3 3 1 0 2 0 0
-0.003886215165229515 2 0 1 3 3 2 0 1 0 0
0.0011979553292373662 2 0 2 0 0 1 0 1 0 0
0.0011979553292373662 2 0 2 0 0 2 0 2 0 0
0.0012061658192353067 2 0 2 0 3 3 3 1 3 1
0.0012061658192353067 2 0 2 0 3 3 3 2 3 2
0.00044166464779195216 2 0 2 1 1 1 0 1 2 2
-0.00022654303682066105 2 0 2 1 1 1 0 2 1 2
-0.00021512161097129114 2 0 2 1 1 1 0 2 2 1
-0.00021512161097129114 2 0 2 1 1 2 0 1 1 2
-0.00022654303682066105 2 0 2 1 1 2 0 1 2 1
0.00044166464779195216 2 0 2 1 1 2 0 2 1 1
-0.00021024647799865032 2 0 2 1 2 3 3 1 2 0
0.00021024647799865032 2 0 2 1 2 3 3 2 1 0
0.0007991297966522127 2 0 2 3 0 3 3 1 3 1
0.0007991297966522127 2 0 2 3 0 3 3 2 3 2
0.0016302399160421032 2 0 2 3 3 0 3 1 3 1
0.0016302399160421032 2 0 2 3 3 0 3 2 3 2
0.000997176660244814 2 0 2 3 3 3 0 1 3 1
0.000997176660244814 2 0 2 3 3 3 0 2 3 2
0.0013139855113584369 2 0 2 3 3 3 3 1 0 1
0.010221391273457356 2 0 2 3 3 3 3 1 3 1
0.0013139855113584369 2 0 2 3 3 3 3 2 0 2
0.010221391273457356 2 0 2 3 3 3 3 2 3 2
0.018491973280333654 2 0 3 0 1 1 0 0 0 2
0.002906931915706595 2 0 3 0 1 1 0 0 3 2
0.0035751396003192073 2 0 3 0 1 1 0 3 0 2
0.0027053486942303566 2 0 3 0 1 1 3 0 0 2
-0.018491973280333654 2 0 3 0 1 2 0 0 0 1
-0.002906931915706595 2 0 3 0 1 2 0 0 3 1
-0.0035751396003192073 2 0 3 0 1 2 0 3 0 1
-0.0027053486942303566 2 0 3 0 1 2 3 0 0 1
-0.003975805393077331 2 0 3 0 2 0 3 3 3 0
-0.0028414124416837167 2 0 3 0 2 3 0 3 3 0
-0.005335192142386968 2 0 3 0 2 3 3 0 3 0
-0.005755685098384268 2 0 3 0 2 3 3 3 0 0
-0.030445649343232854 2 0 3 0 2 3 3 3 3 0
-0.005404610812683891 2 0 3 0 2 3 3 3 3 3
0.025310867031960164 2 0 3 1 0 1 0 0 2 0
0.004101336776200806 2 0 3 1 0 1 0 0 2 3
0.004510235711706718 2 0 3 1 0 1 0 3 2 0
0.0038821078398054566 2 0 3 1 0 1 3 0 2 0
-0.025310867031960164 2 0 3 1 0 2 0 0 1 0
-0.004101336776200806 2 0 3 1 0 2 0 0 1 3
-0.004510235711706718 2 0 3 1 0 2 0 3 1 0
-0.0038821078398054566 2 0 3 1 0 2 3 0 1 0
0.003886215165229515 2 0 3 1 3 1 0 0 2 0
-0.003886215165229515 2 0 3 1 3 2 0 0 1 0
0.0007991297966522127 2 0 3 2 0 3 3 3 1 1
0.0007991297966522127 2 0 3 2 0 3 3 3 2 2
0.0016302399160421032 2 0 3 2 3 0 3 3 1 1
0.0016302399160421032 2 0 3 2 3 0 3 3 2 2
0.000997176660244814 2 0 3 2 3 3 0 3 1 1
0.000997176660244814 2 0 3 2 3 3 0 3 2 2
0.0013139855113584369 2 0 3 2 3 3 3 0 1 1
0.0013139855113584369 2 0 3 2 3 3 3 0 2 2
0.010221391273457356 2 0 3 2 3 3 3 3 1 1
0.010221391273457356 2 0 3 2 3 3 3 3 2 2
0.0026803888788859338 2 0 3 3 1 1 0 0 0 2
-0.0026803888788859338 2 0 3 3 1 2 0 0 0 1
0.0030106636484588754 2 0 3 3 2 0 0 3 3 0
-0.00453228163118942 2 0 3 3 2 0 3 0 3 0
-0.00453228163118942 2 0 3 3 2 0 3 3 0 0
-0.03891421594739752 2 0 3 3 2 0 3 3 3 0
-0.005029526880497911 2 0 3 3 2 0 3 3 3 3
-0.003838589101928531 2 0 3 3 2 3 0 0 3 0
-0.003838589101928531 2 0 3 3 2 3 0 3 0 0
-0.025866760887415567 2 0 3 3 2 3 0 3 3 0
-0.0005887195022968483 2 0 3 3 2 3 0 3 3 3
-0.006544207093254254 2 0 3 3 2 3 3 0 0 0
-0.04099259479246506 2 0 3 3 2 3 3 0 3 0
-0.006599217357272175 2 0 3 3 2 3 3 0 3 3
-0.04099259479246506 2 0 3 3 2 3 3 3 0 0
-0.006599217357272175 2 0 3 3 2 3 3 3 0 3
37.12312148318925 2 0 3 3 2 3 3 3 3 0
-0.03070503219273601 2 0 3 3 2 3 3 3 3 3
-67.37896918854321 2 1 0 0 0 1 2 0 0 0
0.03406005596059351 2 1 0 0 0 1 2 0 0 3
0.04903456697101274 2 1 0 0 0 1 2 0 3 0
0.007516452695042256 2 1 0 0 0 1 2 0 3 3
0.04903456697101273 2 1 0 0 0 1 2 3 0 0
0.007516452695042256 2 1 0 0 0 1 2 3 0 3
0.007212871691086151 2 1 0 0 0 1 2 3 3 0
67.37896918854322 2 1 0 0 0 2 1 0 0 0
-0.03406005596059351 2 1 0 0 0 2 1 0 0 3
-0.04903456697101274 2 1 0 0 0 2 1 0 3 0
-0.007516452695042256 2 1 0 0 0 2 1 0 3 3
-0.04903456697101273 2 1 0 0 0 2 1 3 0 0
-0.007516452695042256 2 1 0 0 0 2 1 3 0 3
-0.007212871691086151 2 1 0 0 0 2 1 3 3 0
0.03406005596059351 2 1 0 0 3 1 2 0 0 0
0.010298369407220268 2 1 0 0 3 1 2 0 0 3
0.008453913175808245 2 1 0 0 3 1 2 0 3 0
0.008453913175808245 2 1 0 0 3 1 2 3 0 0
-0.03406005596059351 2 1 0 0 3 2 1 0 0 0
-0.010298369407220268 2 1 0 0 3 2 1 0 0 3
-0.008453913175808245 2 1 0 0 3 2 1 0 3 0
-0.008453913175808245 2 1 0 0 3 2 1 3 0 0
-0.0012695160236209917 2 1 0 1 2 1 1 0 2 2
-0.0009374604807659894 2 1 0 1 2 1 2 0 1 2
0.002206976504386981 2 1 0 1 2 1 2 0 2 1
0.002206976504386981 2 1 0 1 2 2 1 0 1 2
-0.0009374604807659894 2 1 0 1 2 2 1 0 2 1
-0.0012695160236209917 2 1 0 1 2 2 2 0 1 1
0.0001269924470022242 2 1 0 2 1 1 1 0 2 2
0.0008104680337637652 2 1 0 2 1 1 2 0 1 2
-0.0009374604807659894 2 1 0 2 1 1 2 0 2 1
-0.0009374604807659894 2 1 0 2 1 2 1 0 1 2
0.0008104680337637652 2 1 0 2 1 2 1 0 2 1
0.0001269924470022242 2 1 0 2 1 2 2 0 1 1
-2.543774615631462e-06 2 1 0 2 2 3 1 3 2 0
2.543774615631462e-06 2 1 0 2 2 3 2 3 1 0
0.04903456697101274 2 1 0 3 0 1 2 0 0 0
0.008453913175808245 2 1 0 3 0 1 2 0 0 3
0.008675002334442992 2 1 0 3 0 1 2 0 3 0
0.007594065850894398 2 1 0 3 0 1 2 3 0 0
-0.04903456697101274 2 1 0 3 0 2 1 0 0 0
-0.008453913175808245 2 1 0 3 0 2 1 0 0 3
-0.008675002334442992 2 1 0 3 0 2 1 0 3 0
-0.007594065850894398 2 1 0 3 0 2 1 3 0 0
0.007516452695042256 2 1 0 3 3 1 2 0 0 0
-0.007516452695042256 2 1 0 3 3 2 1 0 0 0
-0.0012695160236209917 2 1 1 0 2 1 1 2 0 2
-0.0009374604807659894 2 1 1 0 2 1 2 1 0 2
0.002206976504386981 2 1 1 0 2 1 2 2 0 1
0.002206976504386981 2 1 1 0 2 2 1 1 0 2
-0.0009374604807659894 2 1 1 0 2 2 1 2 0 1
-0.0012695160236209917 2 1 1 0 2 2 2 1 0 1
-0.00031854816393210177 2 1 1 2 0 1 1 2 2 0
-0.00038119415980824683 2 1 1 2 0 1 2 1 2 0
0.0006997423237403486 2 1 1 2 0 1 2 2 1 0
0.0006997423237403486 2 1 1 2 0 2 1 1 2 0
-0.00038119415980824683 2 1 1 2 0 2 1 2 1 0
-0.00031854816393210177 2 1 1 2 0 2 2 1 1 0
0.0001269924470022242 2 1 2 0 1 1 1 2 0 2
0.0008104680337637652 2 1 2 0 1 1 2 1 0 2
-0.0009374604807659894 2 1 2 0 1 1 2 2 0 1
-0.0009374604807659894 2 1 2 0 1 2 1 1 0 2
0.0008104680337637652 2 1 2 0 1 2 1 2 0 1
0.0001269924470022242 2 1 2 0 1 2 2 1 0 1
-2.543774615631462e-06 2 1 2 0 2 3 1 2 3 0
2.543774615631462e-06 2 1 2 0 2 3 2 1 3 0
-0.00031854816393210177 2 1 2 1 0 1 1 2 2 0
0.0006997423237403486 2 1 2 1 0 1 2 1 2 0
-0.00038119415980824683 2 1 2 1 0 1 2 2 1 0
-0.00038119415980824683 2 1 2 1 0 2 1 1 2 0
0.0006997423237403486 2 1 2 1 0 2 1 2 1 0
-0.00031854816393210177 2 1 2 1 0 2 2 1 1 0
-0.00010781969212313007 2 1 2 2 3 3 1 1 2 1
-0.00010781969212313007 2 1 2 2 3 3 1 2 1 1
-0.00021563938424626014 2 1 2 2 3 3 1 2 2 2
0.00021563938424626014 2 1 2 2 3 3 2 1 1 1
0.00010781969212313007 2 1 2 2 3 3 2 1 2 2
0.00010781969212313007 2 1 2 2 3 3 2 2 1 2
-0.0010737636779300141 2 1 2 3 2 0 1 2 3 0
0.0010737636779300141 2 1 2 3 2 0 2 1 3 0
0.0001052759175074986 2 1 2 3 2 3 1 2 0 0
0.0003255541757748534 2 1 2 3 2 3 1 2 3 0
0.0003954767479360694 2 1 2 3 2 3 1 2 3 3
-0.0001052759175074986 2 1 2 3 2 3 2 1 0 0
-0.0003255541757748534 2 1 2 3 2 3 2 1 3 0
-0.0003954767479360694 2 1 2 3 2 3 2 1 3 3
0.04903456697101274 2 1 3 0 0 1 2 0 0 0
0.008453913175808245 2 1 3 0 0 1 2 0 0 3
0.007594065850894398 2 1 3 0 0 1 2 0 3 0
0.008675002334442992 2 1 3 0 0 1 2 3 0 0
-0.04903456697101274 2 1 3 0 0 2 1 0 0 0
-0.008453913175808245 2 1 3 0 0 2 1 0 0 3
-0.007594065850894398 2 1 3 0 0 2 1 0 3 0
-0.008675002334442992 2 1 3 0 0 2 1 3 0 0
0.007516452695042256 2 1 3 0 3 1 2 0 0 0
-0.007516452695042256 2 1 3 0 3 2 1 0 0 0
-0.0010737636779300141 2 1 3 2 2 0 1 3 2 0
0.0010737636779300141 2 1 3 2 2 0 2 3 1 0
0.0001052759175074986 2 1 3 2 2 3 1 0 2 0
0.0003255541757748534 2 1 3 2 2 3 1 3 2 0
0.0003954767479360694 2 1 3 2 2 3 1 3 2 3
-0.0001052759175074986 2 1 3 2 2 3 2 0 1 0
-0.0003255541757748534 2 1 3 2 2 3 2 3 1 0
-0.0003954767479360694 2 1 3 2 2 3 2 3 1 3
0.007212871691086151 2 1 3 3 0 1 2 0 0 0
-0.007212871691086151 2 1 3 3 0 2 1 0 0 0
-0.000255375252300045 2 1 3 3 3 3 1 3 3 2
0.000255375252300045 2 1 3 3 3 3 2 3 3 1
0.0010384031262993263 2 2 0 0 0 1 1 0 0 0
0.0010384031262993254 2 2 0 0 0 2 2 0 0 0
-0.005307639338279533 2 2 0 0 3 3 1 3 3 1
-0.005307639338279533 2 2 0 0 3 3 2 3 3 2
0.0011425235766187676 2 2 0 1 1 1 1 0 2 2
0.00012699244700222422 2 2 0 1 1 1 2 0 1 2
-0.0012695160236209917 2 2 0 1 1 1 2 0 2 1
-0.0012695160236209917 2 2 0 1 1 2 1 0 1 2
0.00012699244700222422 2 2 0 1 1 2 1 0 2 1
0.0011425235766187676 2 2 0 1 1 2 2 0 1 1
2.543774615631462e-06 2 2 0 1 2 3 1 3 2 0
-2.543774615631462e-06 2 2 0 1 2 3 2 3 1 0
-0.0055299336460965425 2 2 0 3 0 3 1 3 3 1
-0.0055299336460965425 2 2 0 3 0 3 2 3 3 2
-0.006119764036823449 2 2 0 3 3 0 1 3 3 1
-0.006119764036823449 2 2 0 3 3 0 2 3 3 2
-0.00604133237705152 2 2 0 3 3 3 1 0 3 1
-0.00558814358191124 2 2 0 3 3 3 1 3 0 1
-0.036082410409779324 2 2 0 3 3 3 1 3 3 1
-0.00604133237705152 2 2 0 3 3 3 2 0 3 2
-0.00558814358191124 2 2 0 3 3 3 2 3 0 2
-0.036082410409779324 2 2 0 3 3 3 2 3 3 2
0.0011425235766187676 2 2 1 0 1 1 1 2 0 2
0.00012699244700222422 2 2 1 0 1 1 2 1 0 2
-0.0012695160236209917 2 2 1 0 1 1 2 2 0 1
-0.0012695160236209917 2 2 1 0 1 2 1 1 0 2
0.00012699244700222422 2 2 1 0 1 2 1 2 0 1
0.0011425235766187676 2 2 1 0 1 2 2 1 0 1
2.543774615631462e-06 2 2 1 0 2 3 1 2 3 0
-2.543774615631462e-06 2 2 1 0 2 3 2 1 3 0
0.0006370963278642035 2 2 1 1 0 1 1 2 2 0
-0.00031854816393210177 2 2 1 1 0 1 2 1 2 0
-0.00031854816393210177 2 2 1 1 0 1 2 2 1 0
-0.00031854816393210177 2 2 1 1 0 2 1 1 2 0
-0.00031854816393210177 2 2 1 1 0 2 1 2 1 0
0.0006370963278642035 2 2 1 1 0 2 2 1 1 0
0.00028050424363170617 2 2 1 2 3 3 1 1 2 1
-0.0001726845515085761 2 2 1 2 3 3 1 2 1 1
0.00010781969212313007 2 2 1 2 3 3 1 2 2 2
-0.00010781969212313007 2 2 1 2 3 3 2 1 1 1
0.0001726845515085761 2 2 1 2 3 3 2 1 2 2
-0.00028050424363170617 2 2 1 2 3 3 2 2 1 2
-0.000464640081845924 2 2 1 3 2 0 1 2 3 0
0.000464640081845924 2 2 1 3 2 0 2 1 3 0
-0.0001052759175074986 2 2 1 3 2 3 1 2 0 0
-0.0003255541757748534 2 2 1 3 2 3 1 2 3 0
0.0003408900060445411 2 2 1 3 2 3 1 2 3 3
0.0001052759175074986 2 2 1 3 2 3 2 1 0 0
0.0003255541757748534 2 2 1 3 2 3 2 1 3 0
-0.0003408900060445411 2 2 1 3 2 3 2 1 3 3
-0.0001726845515085761 2 2 2 1 3 3 1 1 2 1
0.00028050424363170617 2 2 2 1 3 3 1 2 1 1
0.00010781969212313007 2 2 2 1 3 3 1 2 2 2
-0.00010781969212313007 2 2 2 1 3 3 2 1 1 1
-0.00028050424363170617 2 2 2 1 3 3 2 1 2 2
0.0001726845515085761 2 2 2 1 3 3 2 2 1 2
0.001538403759775938 2 2 2 3 1 0 1 2 3 0
-0.001538403759775938 2 2 2 3 1 0 2 1 3 0
-0.0007363667539806106 2 2 2 3 1 3 1 2 3 3
0.0007363667539806106 2 2 2 3 1 3 2 1 3 3
-0.0055299336460965425 2 2 3 0 0 3 1 3 3 1
-0.0055299336460965425 2 2 3 0 0 3 2 3 3 2
-0.006119764036823449 2 2 3 0 3 0 1 3 3 1
-0.006119764036823449 2 2 3 0 3 0 2 3 3 2
-0.00558814358191124 2 2 3 0 3 3 1 0 3 1
-0.00604133237705152 2 2 3 0 3 3 1 3 0 1
-0.036082410409779324 2 2 3 0 3 3 1 3 3 1
-0.00558814358191124 2 2 3 0 3 3 2 0 3 2
-0.00604133237705152 2 2 3 0 3 3 2 3 0 2
-0.036082410409779324 2 2 3 0 3 3 2 3 3 2
-0.000464640081845924 2 2 3 1 2 0 1 3 2 0
0.000464640081845924 2 2 3 1 2 0 2 3 1 0
-0.0001052759175074986 2 2 3 1 2 3 1 0 2 0
-0.0003255541757748534 2 2 3 1 2 3 1 3 2 0
0.0003408900060445411 2 2 3 1 2 3 1 3 2 3
0.0001052759175074986 2 2 3 1 2 3 2 0 1 0
0.0003255541757748534 2 2 3 1 2 3 2 3 1 0
-0.0003408900060445411 2 2 3 1 2 3 2 3 1 3
0.001538403759775938 2 2 3 2 1 0 1 3 2 0
-0.001538403759775938 2 2 3 2 1 0 2 3 1 0
-0.0007363667539806106 2 2 3 2 1 3 1 3 2 3
0.0007363667539806106 2 2 3 2 1 3 2 3 1 3
-0.006945122463728059 2 2 3 3 0 0 1 3 3 1
-0.006945122463728059 2 2 3 3 0 0 2 3 3 2
-0.006266300400077153 2 2 3 3 0 3 1 0 3 1
-0.006266300400077153 2 2 3 3 0 3 1 3 0 1
-0.02520381237486432 2 2 3 3 0 3 1 3 3 1
-0.006266300400077153 2 2 3 3 0 3 2 0 3 2
-0.006266300400077153 2 2 3 3 0 3 2 3 0 2
-0.02520381237486432 2 2 3 3 0 3 2 3 3 2
-0.004581360277047513 2 2 3 3 3 0 1 0 3 1
-0.004581360277047513 2 2 3 3 3 0 1 3 0 1
-0.05041227647172724 2 2 3 3 3 0 1 3 3 1
-0.004581360277047513 2 2 3 3 3 0 2 0 3 2
-0.004581360277047513 2 2 3 3 3 0 2 3 0 2
-0.05041227647172724 2 2 3 3 3 0 2 3 3 2
-0.005307639338279533 2 2 3 3 3 3 1 0 0 1
-0.03608241040977932 2 2 3 3 3 3 1 0 3 1
-0.036082410409779324 2 2 3 3 3 3 1 3 0 1
49.58141337738304 2 2 3 3 3 3 1 3 3 1
-0.005307639338279533 2 2 3 3 3 3 2 0 0 2
-0.03608241040977932 2 2 3 3 3 3 2 0 3 2
-0.036082410409779324 2 2 3 3 3 3 2 3 0 2
49.58141337738304 2 2 3 3 3 3 2 3 3 2
0.022309703690914052 2 3 0 0 1 1 0 0 0 2
0.002705348694230357 2 3 0 0 1 1 0 0 3 2
0.002705348694230357 2 3 0 0 1 1 0 3 0 2
0.007300121537627033 2 3 0 0 1 1 3 0 0 2
-0.022309703690914052 2 3 0 0 1 2 0 0 0 1
-0.002705348694230357 2 3 0 0 1 2 0 0 3 1
-0.002705348694230357 2 3 0 0 1 2 0 3 0 1
-0.007300121537627033 2 3 0 0 1 2 3 0 0 1
0.0002974977679830546 2 3 0 0 2 0 3 3 3 0
0.0013914032677421536 2 3 0 0 2 3 0 3 3 0
-0.0011647099786809391 2 3 0 0 2 3 3 0 3 0
-0.0011647099786809391 2 3 0 0 2 3 3 3 0 0
-0.0034008147950898354 2 3 0 0 2 3 3 3 3 0
-0.0009441709763142892 2 3 0 0 2 3 3 3 3 3
0.030198615474370773 2 3 0 1 0 1 0 0 2 0
0.004309615128172467 2 3 0 1 0 1 0 0 2 3
0.0038821078398054566 2 3 0 1 0 1 0 3 2 0
0.004904886624297749 2 3 0 1 0 1 3 0 2 0
-0.030198615474370773 2 3 0 1 0 2 0 0 1 0
-0.004309615128172467 2 3 0 1 0 2 0 0 1 3
-0.0038821078398054566 2 3 0 1 0 2 0 3 1 0
-0.004904886624297749 2 3 0 1 0 2 3 0 1 0
0.003040099104551475 2 3 0 1 3 1 0 0 2 0
-0.003040099104551475 2 3 0 1 3 2 0 0 1 0
0.0013170935859544814 2 3 0 2 0 3 3 3 1 1
0.0013170935859544814 2 3 0 2 0 3 3 3 2 2
0.0010963671180597816 2 3 0 2 3 0 3 3 1 1
0.0010963671180597816 2 3 0 2 3 0 3 3 2 2
0.0013139855113584369 2 3 0 2 3 3 0 3 1 1
0.0013139855113584369 2 3 0 2 3 3 0 3 2 2
0.00152658932274561 2 3 0 2 3 3 3 0 1 1
0.00152658932274561 2 3 0 2 3 3 3 0 2 2
0.00856702439301177 2 3 0 2 3 3 3 3 1 1
0.00856702439301177 2 3 0 2 3 3 3 3 2 2
0.002832341141232581 2 3 0 3 1 1 0 0 0 2
-0.002832341141232581 2 3 0 3 1 2 0 0 0 1
0.0016793185619001954 2 3 0 3 2 0 0 3 3 0
-0.0015122856156903456 2 3 0 3 2 0 3 0 3 0
-0.0010366747719479331 2 3 0 3 2 0 3 3 0 0
-0.002181405733574863 2 3 0 3 2 0 3 3 3 0
-0.00043153524354302633 2 3 0 3 2 0 3 3 3 3
0.0002856472786672524 2 3 0 3 2 3 0 0 3 0
0.00014513174740114133 2 3 0 3 2 3 0 3 0 0
0.005311206890771619 2 3 0 3 2 3 0 3 3 0
0.00046621283945719183 2 3 0 3 2 3 0 3 3 3
-0.0026912993014265494 2 3 0 3 2 3 3 0 0 0
-0.012571121142905692 2 3 0 3 2 3 3 0 3 0
-0.0027259792106962273 2 3 0 3 2 3 3 0 3 3
-0.0121689331730363 2 3 0 3 2 3 3 3 0 0
-0.002416169445077923 2 3 0 3 2 3 3 3 0 3
-0.30924870893321055 2 3 0 3 2 3 3 3 3 0
-0.011013028102163721 2 3 0 3 2 3 3 3 3 3
0.030198615474370773 2 3 1 0 0 1 0 2 0 0
0.004309615128172467 2 3 1 0 0 1 0 2 0 3
0.0038821078398054566 2 3 1 0 0 1 0 2 3 0
0.004904886624297749 2 3 1 0 0 1 3 2 0 0
-0.030198615474370773 2 3 1 0 0 2 0 1 0 0
-0.004309615128172467 2 3 1 0 0 2 0 1 0 3
-0.0038821078398054566 2 3 1 0 0 2 0 1 3 0
-0.004904886624297749 2 3 1 0 0 2 3 1 0 0
0.003040099104551475 2 3 1 0 3 1 0 2 0 0
-0.003040099104551475 2 3 1 0 3 2 0 1 0 0
0.00023780542187120619 2 3 1 2 2 0 3 1 2 0
-0.00023780542187120619 2 3 1 2 2 0 3 2 1 0
-7.025776563305583e-05 2 3 1 2 2 3 0 1 2 0
7.025776563305583e-05 2 3 1 2 2 3 0 2 1 0
0.00020109398493469677 2 3 1 2 2 3 3 1 2 0
0.00015490488280915237 2 3 1 2 2 3 3 1 2 3
-0.00020109398493469677 2 3 1 2 2 3 3 2 1 0
-0.00015490488280915237 2 3 1 2 2 3 3 2 1 3
0.0035635596758733547 2 3 1 3 0 1 0 2 0 0
-0.0035635596758733547 2 3 1 3 0 2 0 1 0 0
0.00042251370298034083 2 3 1 3 3 3 3 1 3 2
-0.0004225137029803409 2 3 1 3 3 3 3 2 3 1
0.0013170935859544814 2 3 2 0 0 3 3 1 3 1
0.0013170935859544814 2 3 2 0 0 3 3 2 3 2
0.0010963671180597816 2 3 2 0 3 0 3 1 3 1
0.0010963671180597816 2 3 2 0 3 0 3 2 3 2
0.0013139855113584369 2 3 2 0 3 3 0 1 3 1
0.0013139855113584369 2 3 2 0 3 3 0 2 3 2
0.00152658932274561 2 3 2 0 3 3 3 1 0 1
0.00856702439301177 2 3 2 0 3 3 3 1 3 1
0.00152658932274561 2 3 2 0 3 3 3 2 0 2
0.00856702439301177 2 3 2 0 3 3 3 2 3 2
-0.00023780542187120619 2 3 2 1 2 0 3 1 2 0
0.00023780542187120619 2 3 2 1 2 0 3 2 1 0
7.025776563305583e-05 2 3 2 1 2 3 0 1 2 0
-7.025776563305583e-05 2 3 2 1 2 3 0 2 1 0
-0.00020109398493469677 2 3 2 1 2 3 3 1 2 0
-0.00015490488280915237 2 3 2 1 2 3 3 1 2 3
0.00020109398493469677 2 3 2 1 2 3 3 2 1 0
0.00015490488280915237 2 3 2 1 2 3 3 2 1 3
0.001388439975998349 2 3 2 3 0 0 3 1 3 1
0.001388439975998349 2 3 2 3 0 0 3 2 3 2
0.001535496550632823 2 3 2 3 0 3 0 1 3 1
0.001535496550632823 2 3 2 3 0 3 0 2 3 2
0.0013170935859544814 2 3 2 3 0 3 3 1 0 1
0.005456222968792002 2 3 2 3 0 3 3 1 3 1
0.0013170935859544814 2 3 2 3 0 3 3 2 0 2
0.005456222968792002 2 3 2 3 0 3 3 2 3 2
9.183615626616481e-05 2 3 2 3 3 0 0 1 3 1
9.183615626616481e-05 2 3 2 3 3 0 0 2 3 2
0.0010963671180597816 2 3 2 3 3 0 3 1 0 1
0.010866471274193254 2 3 2 3 3 0 3 1 3 1
0.0010963671180597816 2 3 2 3 3 0 3 2 0 2
0.010866471274193254 2 3 2 3 3 0 3 2 3 2
0.0012061658192353067 2 3 2 3 3 3 0 1 0 1
0.010221391273457354 2 3 2 3 3 3 0 1 3 1
0.0012061658192353067 2 3 2 3 3 3 0 2 0 2
0.010221391273457354 2 3 2 3 3 3 0 2 3 2
0.00856702439301177 2 3 2 3 3 3 3 1 0 1
-11.773074955567127 2 3 2 3 3 3 3 1 3 1
0.00856702439301177 2 3 2 3 3 3 3 2 0 2
-11.773074955567125 2 3 2 3 3 3 3 2 3 2
0.0028323411412325816 2 3 3 0 1 1 0 0 0 2
-0.0028323411412325816 2 3 3 0 1 2 0 0 0 1
0.0016793185619001954 2 3 3 0 2 0 0 3 3 0
-0.0010366747719479331 2 3 3 0 2 0 3 0 3 0
-0.0015122856156903456 2 3 3 0 2 0 3 3 0 0
-0.002181405733574863 2 3 3 0 2 0 3 3 3 0
-0.00043153524354302633 2 3 3 0 2 0 3 3 3 3
0.00014513174740114133 2 3 3 0 2 3 0 0 3 0
0.0002856472786672524 2 3 3 0 2 3 0 3 0 0
0.005311206890771619 2 3 3 0 2 3 0 3 3 0
0.00046621283945719183 2 3 3 0 2 3 0 3 3 3
-0.0026912993014265494 2 3 3 0 2 3 3 0 0 0
-0.0121689331730363 2 3 3 0 2 3 3 0 3 0
-0.002416169445077923 2 3 3 0 2 3 3 0 3 3
-0.012571121142905692 2 3 3 0 2 3 3 3 0 0
-0.0027259792106962273 2 3 3 0 2 3 3 3 0 3
-0.3092487089332105 2 3 3 0 2 3 3 3 3 0
-0.011013028102163721 2 3 3 0 2 3 3 3 3 3
0.0035635596758733547 2 3 3 1 0 1 0 0 2 0
-0.0035635596758733547 2 3 3 1 0 2 0 0 1 0
0.00042251370298034083 2 3 3 1 3 3 3 3 1 2
-0.0004225137029803409 2 3 3 1 3 3 3 3 2 1
0.001388439975998349 2 3 3 2 0 0 3 3 1 1
0.001388439975998349 2 3 3 2 0 0 3 3 2 2
0.001535496550632823 2 3 3 2 0 3 0 3 1 1
0.001535496550632823 2 3 3 2 0 3 0 3 2 2
0.0013170935859544814 2 3 3 2 0 3 3 0 1 1
0.0013170935859544814 2 3 3 2 0 3 3 0 2 2
0.005456222968792002 2 3 3 2 0 3 3 3 1 1
0.005456222968792002 2 3 3 2 0 3 3 3 2 2
9.183615626616481e-05 2 3 3 2 3 0 0 3 1 1
9.183615626616481e-05 2 3 3 2 3 0 0 3 2 2
0.0010963671180597816 2 3 3 2 3 0 3 0 1 1
0.0010963671180597816 2 3 3 2 3 0 3 0 2 2
0.010866471274193254 2 3 3 2 3 0 3 3 1 1
0.010866471274193254 2 3 3 2 3 0 3 3 2 2
0.0012061658192353067 2 3 3 2 3 3 0 0 1 1
0.0012061658192353067 2 3 3 2 3 3 0 0 2 2
0.010221391273457354 2 3 3 2 3 3 0 3 1 1
0.010221391273457354 2 3 3 2 3 3 0 3 2 2
0.008567024393011768 2 3 3 2 3 3 3 0 1 1
0.008567024393011768 2 3 3 2 3 3 3 0 2 2
-11.773074955567127 2 3 3 2 3 3 3 3 1 1
-11.773074955567125 2 3 3 2 3 3 3 3 2 2
0.0005137187277040167 2 3 3 3 2 0 0 0 3 0
0.0005137187277040167 2 3 3 3 2 0 0 3 0 0
0.011498060524329718 2 3 3 3 2 0 0 3 3 0
0.00191559558323015 2 3 3 3 2 0 0 3 3 3
-0.0018952364681365092 2 3 3 3 2 0 3 0 0 0
-0.01304787700776812 2 3 3 3 2 0 3 0 3 0
-0.0018199752195413761 2 3 3 3 2 0 3 0 3 3
-0.01304787700776812 2 3 3 3 2 0 3 3 0 0
-0.0018199752195413761 2 3 3 3 2 0 3 3 0 3
-2.229615985861276 2 3 3 3 2 0 3 3 3 0
-0.010815454526352051 2 3 3 3 2 0 3 3 3 3
-0.0010260159199597225 2 3 3 3 2 3 0 0 0 0
-0.0045846302069108835 2 3 3 3 2 3 0 0 3 0
-0.000673806963239562 2 3 3 3 2 3 0 0 3 3
-0.004584630206910883 2 3 3 3 2 3 0 3 0 0
-0.000673806963239562 2 3 3 3 2 3 0 3 0 3
-12.458036518941523 2 3 3 3 2 3 0 3 3 0
-0.005501219817871687 2 3 3 3 2 3 0 3 3 3
-0.020534863581113373 2 3 3 3 2 3 3 0 0 0
-0.0035783581482232516 2 3 3 3 2 3 3 0 0 3
11.463403732930932 2 3 3 3 2 3 3 0 3 0
-0.016469251070955725 2 3 3 3 2 3 3 0 3 3
11.46340373293093 2 3 3 3 2 3 3 3 0 0
-0.016469251070955725 2 3 3 3 2 3 3 3 0 3
35.503046041771334 2 3 3 3 2 3 3 3 3 0
9.421059365427706 2 3 3 3 2 3 3 3 3 3
-1614.3285537307443 3 0 0 0 0 0 0 0 0 0
-192.25572848136443 3 0 0 0 0 0 0 0 0 3
-185.02762737204392 3 0 0 0 0 0 0 0 3 0
0.41228320372560967 3 0 0 0 0 0 0 0 3 3
-185.02762737204392 3 0 0 0 0 0 0 3 0 0
0.4122832037256096 3 0 0 0 0 0 0 3 0 3
0.4442167949968479 3 0 0 0 0 0 0 3 3 0
0.062312504138972186 3 0 0 0 0 0 0 3 3 3
-188.37634999809163 3 0 0 0 0 0 3 0 0 0
0.4143899790283321 3 0 0 0 0 0 3 0 0 3
0.46559056619452666 3 0 0 0 0 0 3 0 3 0
0.058733413294146025 3 0 0 0 0 0 3 0 3 3
0.46559056619452666 3 0 0 0 0 0 3 3 0 0
0.058733413294146025 3 0 0 0 0 0 3 3 0 3
0.05852471282740055 3 0 0 0 0 0 3 3 3 0
-185.1923261755481 3 0 0 0 0 3 0 0 0 0
0.44836762485621207 3 0 0 0 0 3 0 0 0 3
0.46970427727182085 3 0 0 0 0 3 0 0 3 0
0.057925091505638154 3 0 0 0 0 3 0 0 3 3
0.46970427727182085 3 0 0 0 0 3 0 3 0 0
0.057925091505638154 3 0 0 0 0 3 0 3 0 3
0.05454059617824797 3 0 0 0 0 3 0 3 3 0
0.47083809963380335 3 0 0 0 0 3 3 0 0 0
0.051863793022335444 3 0 0 0 0 3 3 0 0 3
0.05070699083448617 3 0 0 0 0 3 3 0 3 0
0.05070699083448617 3 0 0 0 0 3 3 3 0 0
-167.17749061627006 3 0 0 0 3 0 0 0 0 0
0.39392141134493464 3 0 0 0 3 0 0 0 0 3
0.4074623212617248 3 0 0 0 3 0 0 0 3 0
0.0669728648602099 3 0 0 0 3 0 0 0 3 3
0.40746232126172477 3 0 0 0 3 0 0 3 0 0
0.0669728648602099 3 0 0 0 3 0 0 3 0 3
0.06267981236698804 3 0 0 0 3 0 0 3 3 0
0.4355624742212234 3 0 0 0 3 0 3 0 0 0
0.06514194659990283 3 0 0 0 3 0 3 0 0 3
0.06286761858257009 3 0 0 0 3 0 3 0 3 0
0.06286761858257009 3 0 0 0 3 0 3 3 0 0
0.44836762485621207 3 0 0 0 3 3 0 0 0 0
0.06606853122068009 3 0 0 0 3 3 0 0 0 3
0.060100953892189515 3 0 0 0 3 3 0 0 3 0
0.060100953892189515 3 0 0 0 3 3 0 3 0 0
0.05767034015052701 3 0 0 0 3 3 3 0 0 0
-0.013671090816448777 3 0 0 1 2 0 0 0 1 2
0.013671090816448777 3 0 0 1 2 0 0 0 2 1
-0.0015238485534508925 3 0 0 1 2 0 0 3 1 2
0.0015238485534508925 3 0 0 1 2 0 0 3 2 1
-0.0017266179297196875 3 0 0 1 2 0 3 0 1 2
0.0017266179297196875 3 0 0 1 2 0 3 0 2 1
-0.0021758623865513658 3 0 0 1 2 3 0 0 1 2
0.0021758623865513658 3 0 0 1 2 3 0 0 2 1
0.013671090816448777 3 0 0 2 1 0 0 0 1 2
-0.013671090816448777 3 0 0 2 1 0 0 0 2 1
0.0015238485534508925 3 0 0 2 1 0 0 3 1 2
-0.0015238485534508925 3 0 0 2 1 0 0 3 2 1
0.0017266179297196875 3 0 0 2 1 0 3 0 1 2
-0.0017266179297196875 3 0 0 2 1 0 3 0 2 1
0.0021758623865513658 3 0 0 2 1 3 0 0 1 2
-0.0021758623865513658 3 0 0 2 1 3 0 0 2 1
-150.24408011192457 3 0 0 3 0 0 0 0 0 0
0.4091845977282416 3 0 0 3 0 0 0 0 0 3
0.4463272279603032 3 0 0 3 0 0 0 0 3 0
0.06348361882682396 3 0 0 3 0 0 0 0 3 3
0.428046361296693 3 0 0 3 0 0 0 3 0 0
0.061127964627070375 3 0 0 3 0 0 0 3 0 3
0.06034778932308581 3 0 0 3 0 0 0 3 3 0
0.45018954021805735 3 0 0 3 0 0 3 0 0 0
0.058832988218152735 3 0 0 3 0 0 3 0 0 3
0.05989189269709885 3 0 0 3 0 0 3 0 3 0
0.057742722475031504 3 0 0 3 0 0 3 3 0 0
0.4697042772718208 3 0 0 3 0 3 0 0 0 0
0.06010095389218951 3 0 0 3 0 3 0 0 0 3
0.059930999660894844 3 0 0 3 0 3 0 0 3 0
0.05633739733913026 3 0 0 3 0 3 0 3 0 0
0.053851191715025046 3 0 0 3 0 3 3 0 0 0
0.3770215336314591 3 0 0 3 3 0 0 0 0 0
0.06221184662090063 3 0 0 3 3 0 0 0 0 3
0.05990847922650475 3 0 0 3 3 0 0 0 3 0
0.058005911100392486 3 0 0 3 3 0 0 3 0 0
0.05837143407051865 3 0 0 3 3 0 3 0 0 0
0.0005137187277040167 3 0 0 3 3 1 3 3 3 1
0.0005137187277040167 3 0 0 3 3 2 3 3 3 2
0.057925091505638154 3 0 0 3 3 3 0 0 0 0
-0.013671090816448777 3 0 1 0 2 0 0 1 0 2
-0.0015238485534508925 3 0 1 0 2 0 0 1 3 2
0.013671090816448777 3 0 1 0 2 0 0 2 0 1
0.0015238485534508925 3 0 1 0 2 0 0 2 3 1
-0.0017266179297196875 3 0 1 0 2 0 3 1 0 2
0.0017266179297196875 3 0 1 0 2 0 3 2 0 1
-0.0021758623865513658 3 0 1 0 2 3 0 1 0 2
0.0021758623865513658 3 0 1 0 2 3 0 2 0 1
-0.009140433331805154 3 0 1 2 0 0 0 1 2 0
-0.0011778270998767989 3 0 1 2 0 0 0 1 2 3
0.009140433331805154 3 0 1 2 0 0 0 2 1 0
0.0011778270998767989 3 0 1 2 0 0 0 2 1 3
-0.0010745851110336795 3 0 1 2 0 0 3 1 2 0
0.0010745851110336795 3 0 1 2 0 0 3 2 1 0
-0.0017968011608822945 3 0 1 2 0 3 0 1 2 0
0.0017968011608822945 3 0 1 2 0 3 0 2 1 0
-0.0009512840630561379 3 0 1 2 3 0 0 1 2 0
0.0009512840630561379 3 0 1 2 3 0 0 2 1 0
-0.0013087269424796014 3 0 1 3 2 0 0 1 0 2
0.0013087269424796014 3 0 1 3 2 0 0 2 0 1
-9.183615626616481e-05 3 0 1 3 2 1 3 2 3 0
9.183615626616481e-05 3 0 1 3 2 2 3 1 3 0
0.013671090816448777 3 0 2 0 1 0 0 1 0 2
0.0015238485534508925 3 0 2 0 1 0 0 1 3 2
-0.013671090816448777 3 0 2 0 1 0 0 2 0 1
-0.0015238485534508925 3 0 2 0 1 0 0 2 3 1
0.0017266179297196875 3 0 2 0 1 0 3 1 0 2
-0.0017266179297196875 3 0 2 0 1 0 3 2 0 1
0.0021758623865513658 3 0 2 0 1 3 0 1 0 2
-0.0021758623865513658 3 0 2 0 1 3 0 2 0 1
0.009140433331805154 3 0 2 1 0 0 0 1 2 0
0.0011778270998767989 3 0 2 1 0 0 0 1 2 3
-0.009140433331805154 3 0 2 1 0 0 0 2 1 0
-0.0011778270998767989 3 0 2 1 0 0 0 2 1 3
0.0010745851110336795 3 0 2 1 0 0 3 1 2 0
-0.0010745851110336795 3 0 2 1 0 0 3 2 1 0
0.0017968011608822945 3 0 2 1 0 3 0 1 2 0
-0.0017968011608822945 3 0 2 1 0 3 0 2 1 0
0.0009512840630561379 3 0 2 1 3 0 0 1 2 0
-0.0009512840630561379 3 0 2 1 3 0 0 2 1 0
0.0013087269424796014 3 0 2 3 1 0 0 1 0 2
-0.0013087269424796014 3 0 2 3 1 0 0 2 0 1
9.183615626616481e-05 3 0 2 3 1 1 3 2 3 0
-9.183615626616481e-05 3 0 2 3 1 2 3 1 3 0
-150.24408011192457 3 0 3 0 0 0 0 0 0 0
0.4091845977282416 3 0 3 0 0 0 0 0 0 3
0.428046361296693 3 0 3 0 0 0 0 0 3 0
0.061127964627070375 3 0 3 0 0 0 0 0 3 3
0.4463272279603032 3 0 3 0 0 0 0 3 0 0
0.06348361882682396 3 0 3 0 0 0 0 3 0 3
0.06034778932308581 3 0 3 0 0 0 0 3 3 0
0.45018954021805735 3 0 3 0 0 0 3 0 0 0
0.058832988218152735 3 0 3 0 0 0 3 0 0 3
0.057742722475031504 3 0 3 0 0 0 3 0 3 0
0.05989189269709885 3 0 3 0 0 0 3 3 0 0
0.4697042772718208 3 0 3 0 0 3 0 0 0 0
0.06010095389218951 3 0 3 0 0 3 0 0 0 3
0.05633739733913026 3 0 3 0 0 3 0 0 3 0
0.059930999660894844 3 0 3 0 0 3 0 3 0 0
0.053851191715025046 3 0 3 0 0 3 3 0 0 0
0.3770215336314591 3 0 3 0 3 0 0 0 0 0
0.06221184662090063 3 0 3 0 3 0 0 0 0 3
0.058005911100392486 3 0 3 0 3 0 0 0 3 0
0.05990847922650475 3 0 3 0 3 0 0 3 0 0
0.05837143407051865 3 0 3 0 3 0 3 0 0 0
0.0005137187277040167 3 0 3 0 3 1 3 3 3 1
0.0005137187277040167 3 0 3 0 3 2 3 3 3 2
0.057925091505638154 3 0 3 0 3 3 0 0 0 0
-0.0013087269424796014 3 0 3 1 2 0 0 0 1 2
0.0013087269424796014 3 0 3 1 2 0 0 0 2 1
-9.183615626616481e-05 3 0 3 1 2 1 3 3 2 0
9.183615626616481e-05 3 0 3 1 2 2 3 3 1 0
0.0013087269424796014 3 0 3 2 1 0 0 0 1 2
-0.0013087269424796014 3 0 3 2 1 0 0 0 2 1
9.183615626616481e-05 3 0 3 2 1 1 3 3 2 0
-9.183615626616481e-05 3 0 3 2 1 2 3 3 1 0
0.3935950609329277 3 0 3 3 0 0 0 0 0 0
0.05715752769347236 3 0 3 3 0 0 0 0 0 3
0.05583755361137908 3 0 3 3 0 0 0 0 3 0
0.05583755361137908 3 0 3 3 0 0 0 3 0 0
0.05417446557273089 3 0 3 3 0 0 3 0 0 0
0.00191559558323015 3 0 3 3 0 1 3 3 3 1
0.00191559558323015 3 0 3 3 0 2 3 3 3 2
0.05454059617824797 3 0 3 3 0 3 0 0 0 0
0.05185968492962724 3 0 3 3 3 0 0 0 0 0
0.0030106636484588754 3 0 3 3 3 1 0 3 3 1
0.0016793185619001954 3 0 3 3 3 1 3 0 3 1
0.0016793185619001954 3 0 3 3 3 1 3 3 0 1
0.011498060524329714 3 0 3 3 3 1 3 3 3 1
0.0030106636484588754 3 0 3 3 3 2 0 3 3 2
0.0016793185619001954 3 0 3 3 3 2 3 0 3 2
0.0016793185619001954 3 0 3 3 3 2 3 3 0 2
0.011498060524329714 3 0 3 3 3 2 3 3 3 2
-0.04348219888380529 3 1 0 0 2 0 1 0 0 2
-0.005239928499936956 3 1 0 0 2 0 1 0 3 2
-0.005239928499936956 3 1 0 0 2 0 1 3 0 2
0.04348219888380529 3 1 0 0 2 0 2 0 0 1
0.005239928499936956 3 1 0 0 2 0 2 0 3 1
0.005239928499936956 3 1 0 0 2 0 2 3 0 1
-0.005806547128191563 3 1 0 0 2 3 1 0 0 2
0.005806547128191563 3 1 0 0 2 3 2 0 0 1
-0.014797589497901465 3 1 0 2 0 0 1 0 2 0
-0.0014130560988384919 3 1 0 2 0 0 1 0 2 3
-0.0017069842124706267 3 1 0 2 0 0 1 3 2 0
0.014797589497901465 3 1 0 2 0 0 2 0 1 0
0.0014130560988384919 3 1 0 2 0 0 2 0 1 3
0.0017069842124706267 3 1 0 2 0 0 2 3 1 0
-0.0031442008805388838 3 1 0 2 0 3 1 0 2 0
0.0031442008805388838 3 1 0 2 0 3 2 0 1 0
-0.0015400485458407162 3 1 0 2 3 0 1 0 2 0
0.0015400485458407162 3 1 0 2 3 0 2 0 1 0
-0.0039704124763159645 3 1 0 3 2 0 1 0 0 2
0.0039704124763159645 3 1 0 3 2 0 2 0 0 1
0.004581360277047513 3 1 0 3 2 1 2 3 3 0
-0.004581360277047513 3 1 0 3 2 2 1 3 3 0
-0.014797589497901465 3 1 2 0 0 0 1 2 0 0
-0.0014130560988384919 3 1 2 0 0 0 1 2 0 3
-0.0017069842124706267 3 1 2 0 0 0 1 2 3 0
0.014797589497901465 3 1 2 0 0 0 2 1 0 0
0.0014130560988384919 3 1 2 0 0 0 2 1 0 3
0.0017069842124706267 3 1 2 0 0 0 2 1 3 0
-0.0031442008805388838 3 1 2 0 0 3 1 2 0 0
0.0031442008805388838 3 1 2 0 0 3 2 1 0 0
-0.0015400485458407162 3 1 2 0 3 0 1 2 0 0
0.0015400485458407162 3 1 2 0 3 0 2 1 0 0
-0.0013884360485385252 3 1 2 3 0 0 1 2 0 0
0.0013884360485385252 3 1 2 3 0 0 2 1 0 0
-0.0010737636779300141 3 1 2 3 3 1 1 2 3 1
-0.00046464008184592397 3 1 2 3 3 1 2 1 3 1
-0.0015384037597759382 3 1 2 3 3 1 2 2 3 2
0.0015384037597759382 3 1 2 3 3 2 1 1 3 1
0.00046464008184592397 3 1 2 3 3 2 1 2 3 2
0.0010737636779300141 3 1 2 3 3 2 2 1 3 2
-0.0039704124763159645 3 1 3 0 2 0 1 0 0 2
0.0039704124763159645 3 1 3 0 2 0 2 0 0 1
0.004581360277047513 3 1 3 0 2 1 2 3 3 0
-0.004581360277047513 3 1 3 0 2 2 1 3 3 0
-0.0013884360485385252 3 1 3 2 0 0 1 0 2 0
0.0013884360485385252 3 1 3 2 0 0 2 0 1 0
-0.0010737636779300141 3 1 3 2 3 1 1 3 2 1
-0.00046464008184592397 3 1 3 2 3 1 2 3 1 1
-0.0015384037597759382 3 1 3 2 3 1 2 3 2 2
0.0015384037597759382 3 1 3 2 3 2 1 3 1 1
0.00046464008184592397 3 1 3 2 3 2 1 3 2 2
0.0010737636779300141 3 1 3 2 3 2 2 3 1 2
0.00611976403682345 3 1 3 3 2 1 2 0 3 0
0.00611976403682345 3 1 3 3 2 1 2 3 0 0
0.05041227647172723 3 1 3 3 2 1 2 3 3 0
0.006945122463728059 3 1 3 3 2 1 2 3 3 3
-0.00611976403682345 3 1 3 3 2 2 1 0 3 0
-0.00611976403682345 3 1 3 3 2 2 1 3 0 0
-0.05041227647172723 3 1 3 3 2 2 1 3 3 0
-0.006945122463728059 3 1 3 3 2 2 1 3 3 3
0.04348219888380529 3 2 0 0 1 0 1 0 0 2
0.005239928499936956 3 2 0 0 1 0 1 0 3 2
0.005239928499936956 3 2 0 0 1 0 1 3 0 2
-0.04348219888380529 3 2 0 0 1 0 2 0 0 1
-0.005239928499936956 3 2 0 0 1 0 2 0 3 1
-0.005239928499936956 3 2 0 0 1 0 2 3 0 1
0.005806547128191563 3 2 0 0 1 3 1 0 0 2
-0.005806547128191563 3 2 0 0 1 3 2 0 0 1
0.014797589497901465 3 2 0 1 0 0 1 0 2 0
0.0014130560988384919 3 2 0 1 0 0 1 0 2 3
0.0017069842124706267 3 2 0 1 0 0 1 3 2 0
-0.014797589497901465 3 2 0 1 0 0 2 0 1 0
-0.0014130560988384919 3 2 0 1 0 0 2 0 1 3
-0.0017069842124706267 3 2 0 1 0 0 2 3 1 0
0.0031442008805388838 3 2 0 1 0 3 1 0 2 0
-0.0031442008805388838 3 2 0 1 0 3 2 0 1 0
0.0015400485458407162 3 2 0 1 3 0 1 0 2 0
-0.0015400485458407162 3 2 0 1 3 0 2 0 1 0
0.0039704124763159645 3 2 0 3 1 0 1 0 0 2
-0.0039704124763159645 3 2 0 3 1 0 2 0 0 1
-0.004581360277047513 3 2 0 3 1 1 2 3 3 0
0.004581360277047513 3 2 0 3 1 2 1 3 3 0
0.014797589497901465 3 2 1 0 0 0 1 2 0 0
0.0014130560988384919 3 2 1 0 0 0 1 2 0 3
0.0017069842124706267 3 2 1 0 0 0 1 2 3 0
-0.014797589497901465 3 2 1 0 0 0 2 1 0 0
-0.0014130560988384919 3 2 1 0 0 0 2 1 0 3
-0.0017069842124706267 3 2 1 0 0 0 2 1 3 0
0.0031442008805388838 3 2 1 0 0 3 1 2 0 0
-0.0031442008805388838 3 2 1 0 0 3 2 1 0 0
0.0015400485458407162 3 2 1 0 3 0 1 2 0 0
-0.0015400485458407162 3 2 1 0 3 0 2 1 0 0
0.0013884360485385252 3 2 1 3 0 0 1 2 0 0
-0.0013884360485385252 3 2 1 3 0 0 2 1 0 0
0.0010737636779300141 3 2 1 3 3 1 1 2 3 1
0.00046464008184592397 3 2 1 3 3 1 2 1 3 1
0.0015384037597759382 3 2 1 3 3 1 2 2 3 2
-0.0015384037597759382 3 2 1 3 3 2 1 1 3 1
-0.00046464008184592397 3 2 1 3 3 2 1 2 3 2
-0.0010737636779300141 3 2 1 3 3 2 2 1 3 2
0.0039704124763159645 3 2 3 0 1 0 1 0 0 2
-0.0039704124763159645 3 2 3 0 1 0 2 0 0 1
-0.004581360277047513 3 2 3 0 1 1 2 3 3 0
0.004581360277047513 3 2 3 0 1 2 1 3 3 0
0.0013884360485385252 3 2 3 1 0 0 1 0 2 0
-0.0013884360485385252 3 2 3 1 0 0 2 0 1 0
0.0010737636779300141 3 2 3 1 3 1 1 3 2 1
0.00046464008184592397 3 2 3 1 3 1 2 3 1 1
0.0015384037597759382 3 2 3 1 3 1 2 3 2 2
-0.0015384037597759382 3 2 3 1 3 2 1 3 1 1
-0.00046464008184592397 3 2 3 1 3 2 1 3 2 2
-0.0010737636779300141 3 2 3 1 3 2 2 3 1 2
-0.00611976403682345 3 2 3 3 1 1 2 0 3 0
-0.00611976403682345 3 2 3 3 1 1 2 3 0 0
-0.05041227647172723 3 2 3 3 1 1 2 3 3 0
-0.006945122463728059 3 2 3 3 1 1 2 3 3 3
0.00611976403682345 3 2 3 3 1 2 1 0 3 0
0.00611976403682345 3 2 3 3 1 2 1 3 0 0
0.05041227647172723 3 2 3 3 1 2 1 3 3 0
0.006945122463728059 3 2 3 3 1 2 1 3 3 3
-120.99634240642203 3 3 0 0 0 0 0 0 0 0
0.42381212195154394 3 3 0 0 0 0 0 0 0 3
0.4313535887214154 3 3 0 0 0 0 0 0 3 0
0.05786994519787922 3 3 0 0 0 0 0 0 3 3
0.4313535887214154 3 3 0 0 0 0 0 3 0 0
0.05786994519787922 3 3 0 0 0 0 0 3 0 3
0.054725809561255646 3 3 0 0 0 0 0 3 3 0
0.47051970669134296 3 3 0 0 0 0 3 0 0 0
0.06152826674768229 3 3 0 0 0 0 3 0 0 3
0.05673537242376562 3 3 0 0 0 0 3 0 3 0
0.05673537242376562 3 3 0 0 0 0 3 3 0 0
0.4708380996338034 3 3 0 0 0 3 0 0 0 0
0.05767034015052701 3 3 0 0 0 3 0 0 0 3
0.053851191715025046 3 3 0 0 0 3 0 0 3 0
0.053851191715025046 3 3 0 0 0 3 0 3 0 0
0.059819835944896704 3 3 0 0 0 3 3 0 0 0
0.3580202193768246 3 3 0 0 3 0 0 0 0 0
0.054843577192682555 3 3 0 0 3 0 0 0 0 3
0.050713825452665603 3 3 0 0 3 0 0 0 3 0
0.050713825452665603 3 3 0 0 3 0 0 3 0 0
0.05422814521005526 3 3 0 0 3 0 3 0 0 0
-0.0018952364681365092 3 3 0 0 3 1 3 3 3 1
-0.0018952364681365092 3 3 0 0 3 2 3 3 3 2
0.05186379302233545 3 3 0 0 3 3 0 0 0 0
-0.0007891574489536978 3 3 0 1 2 0 0 0 1 2
0.0007891574489536978 3 3 0 1 2 0 0 0 2 1
-0.0010963671180597816 3 3 0 1 2 1 3 3 2 0
0.0010963671180597816 3 3 0 1 2 2 3 3 1 0
0.0007891574489536978 3 3 0 2 1 0 0 0 1 2
-0.0007891574489536978 3 3 0 2 1 0 0 0 2 1
0.0010963671180597816 3 3 0 2 1 1 3 3 2 0
-0.0010963671180597816 3 3 0 2 1 2 3 3 1 0
0.3863573837491432 3 3 0 3 0 0 0 0 0 0
0.05293643141982196 3 3 0 3 0 0 0 0 0 3
0.05121689036265586 3 3 0 3 0 0 0 0 3 0
0.049830108460205004 3 3 0 3 0 0 0 3 0 0
0.051830485799467876 3 3 0 3 0 0 3 0 0 0
-0.001819975219541376 3 3 0 3 0 1 3 3 3 1
-0.001819975219541376 3 3 0 3 0 2 3 3 3 2
0.05070699083448616 3 3 0 3 0 3 0 0 0 0
0.04534452035331971 3 3 0 3 3 0 0 0 0 0
-0.004532281631189419 3 3 0 3 3 1 0 3 3 1
-0.0015122856156903456 3 3 0 3 3 1 3 0 3 1
-0.0010366747719479331 3 3 0 3 3 1 3 3 0 1
-0.013047877007768119 3 3 0 3 3 1 3 3 3 1
-0.004532281631189419 3 3 0 3 3 2 0 3 3 2
-0.0015122856156903456 3 3 0 3 3 2 3 0 3 2
-0.0010366747719479331 3 3 0 3 3 2 3 3 0 2
-0.013047877007768119 3 3 0 3 3 2 3 3 3 2
-0.0007891574489536978 3 3 1 0 2 0 0 1 0 2
0.0007891574489536978 3 3 1 0 2 0 0 2 0 1
-0.0010963671180597816 3 3 1 0 2 1 3 2 3 0
0.0010963671180597816 3 3 1 0 2 2 3 1 3 0
-0.0006933909512254326 3 3 1 2 0 0 0 1 2 0
0.0006933909512254326 3 3 1 2 0 0 0 2 1 0
0.00023780542187120616 3 3 1 2 3 1 3 1 2 1
-0.00023780542187120616 3 3 1 2 3 1 3 2 1 1
0.00023780542187120616 3 3 1 2 3 2 3 1 2 2
-0.00023780542187120616 3 3 1 2 3 2 3 2 1 2
-0.0016302399160421032 3 3 1 3 2 1 0 2 3 0
-0.0010963671180597816 3 3 1 3 2 1 3 2 0 0
-0.010866471274193254 3 3 1 3 2 1 3 2 3 0
-0.0013884399759983492 3 3 1 3 2 1 3 2 3 3
0.0016302399160421032 3 3 1 3 2 2 0 1 3 0
0.0010963671180597816 3 3 1 3 2 2 3 1 0 0
0.010866471274193254 3 3 1 3 2 2 3 1 3 0
0.0013884399759983492 3 3 1 3 2 2 3 1 3 3
0.0007891574489536978 3 3 2 0 1 0 0 1 0 2
-0.0007891574489536978 3 3 2 0 1 0 0 2 0 1
0.0010963671180597816 3 3 2 0 1 1 3 2 3 0
-0.0010963671180597816 3 3 2 0 1 2 3 1 3 0
0.0006933909512254326 3 3 2 1 0 0 0 1 2 0
-0.0006933909512254326 3 3 2 1 0 0 0 2 1 0
-0.00023780542187120616 3 3 2 1 3 1 3 1 2 1
0.00023780542187120616 3 3 2 1 3 1 3 2 1 1
-0.00023780542187120616 3 3 2 1 3 2 3 1 2 2
0.00023780542187120616 3 3 2 1 3 2 3 2 1 2
0.0016302399160421032 3 3 2 3 1 1 0 2 3 0
0.0010963671180597816 3 3 2 3 1 1 3 2 0 0
0.010866471274193254 3 3 2 3 1 1 3 2 3 0
0.0013884399759983492 3 3 2 3 1 1 3 2 3 3
-0.0016302399160421032 3 3 2 3 1 2 0 1 3 0
-0.0010963671180597816 3 3 2 3 1 2 3 1 0 0
-0.010866471274193254 3 3 2 3 1 2 3 1 3 0
-0.0013884399759983492 3 3 2 3 1 2 3 1 3 3
0.3863573837491432 3 3 3 0 0 0 0 0 0 0
0.05293643141982196 3 3 3 0 0 0 0 0 0 3
0.049830108460205004 3 3 3 0 0 0 0 0 3 0
0.05121689036265586 3 3 3 0 0 0 0 3 0 0
0.051830485799467876 3 3 3 0 0 0 3 0 0 0
-0.001819975219541376 3 3 3 0 0 1 3 3 3 1
-0.001819975219541376 3 3 3 0 0 2 3 3 3 2
0.05070699083448616 3 3 3 0 0 3 0 0 0 0
0.04534452035331971 3 3 3 0 3 0 0 0 0 0
-0.004532281631189419 3 3 3 0 3 1 0 3 3 1
-0.0010366747719479331 3 3 3 0 3 1 3 0 3 1
-0.0015122856156903456 3 3 3 0 3 1 3 3 0 1
-0.013047877007768119 3 3 3 0 3 1 3 3 3 1
-0.004532281631189419 3 3 3 0 3 2 0 3 3 2
-0.0010366747719479331 3 3 3 0 3 2 3 0 3 2
-0.0015122856156903456 3 3 3 0 3 2 3 3 0 2
-0.013047877007768119 3 3 3 0 3 2 3 3 3 2
-0.0016302399160421032 3 3 3 1 2 1 0 3 2 0
-0.0010963671180597816 3 3 3 1 2 1 3 0 2 0
-0.010866471274193254 3 3 3 1 2 1 3 3 2 0
-0.0013884399759983492 3 3 3 1 2 1 3 3 2 3
0.0016302399160421032 3 3 3 1 2 2 0 3 1 0
0.0010963671180597816 3 3 3 1 2 2 3 0 1 0
0.010866471274193254 3 3 3 1 2 2 3 3 1 0
0.0013884399759983492 3 3 3 1 2 2 3 3 1 3
0.0016302399160421032 3 3 3 2 1 1 0 3 2 0
0.0010963671180597816 3 3 3 2 1 1 3 0 2 0
0.010866471274193254 3 3 3 2 1 1 3 3 2 0
0.0013884399759983492 3 3 3 2 1 1 3 3 2 3
-0.0016302399160421032 3 3 3 2 1 2 0 3 1 0
-0.0010963671180597816 3 3 3 2 1 2 3 0 1 0
-0.010866471274193254 3 3 3 2 1 2 3 3 1 0
-0.0013884399759983492 3 3 3 2 1 2 3 3 1 3
0.04418472178456769 3 3 3 3 0 0 0 0 0 0
-0.005029526880497911 3 3 3 3 0 1 0 3 3 1
-0.0004315352435430264 3 3 3 3 0 1 3 0 3 1
-0.0004315352435430264 3 3 3 3 0 1 3 3 0 1
-0.010815454526352053 3 3 3 3 0 1 3 3 3 1
-0.005029526880497911 3 3 3 3 0 2 0 3 3 2
-0.0004315352435430264 3 3 3 3 0 2 3 0 3 2
-0.0004315352435430264 3 3 3 3 0 2 3 3 0 2
-0.010815454526352053 3 3 3 3 0 2 3 3 3 2
-0.003975805393077331 3 3 3 3 3 1 0 0 3 1
-0.003975805393077331 3 3 3 3 3 1 0 3 0 1
-0.03891421594739752 3 3 3 3 3 1 0 3 3 1
0.00029749776798305457 3 3 3 3 3 1 3 0 0 1
-0.0021814057335748658 3 3 3 3 3 1 3 0 3 1
-0.0021814057335748653 3 3 3 3 3 1 3 3 0 1
-2.229615985861276 3 3 3 3 3 1 3 3 3 1
-0.003975805393077331 3 3 3 3 3 2 0 0 3 2
-0.003975805393077331 3 3 3 3 3 2 0 3 0 2
-0.03891421594739752 3 3 3 3 3 2 0 3 3 2
0.00029749776798305457 3 3 3 3 3 2 3 0 0 2
-0.0021814057335748658 3 3 3 3 3 2 3 0 3 2
-0.0021814057335748653 3 3 3 3 3 2 3 3 0 2
-2.229615985861276 3 3 3 3 3 2 3 3 3 2
