-730202557.7646229 0 0 0 0 0 0 0 0 0 0
503351.35234219313 0 0 0 0 0 0 0 0 0 3
1646996.7999848993 0 0 0 0 0 0 0 0 3 0
247834.253428952 0 0 0 0 0 0 0 0 3 3
1646996.7999848993 0 0 0 0 0 0 0 3 0 0
247834.25342895198 0 0 0 0 0 0 0 3 0 3
244527.24106936483 0 0 0 0 0 0 0 3 3 0
-862.7649053794523 0 0 0 0 0 0 0 3 3 3
1972668.9065803648 0 0 0 0 0 0 3 0 0 0
227128.9545643097 0 0 0 0 0 0 3 0 0 3
235442.70107763703 0 0 0 0 0 0 3 0 3 0
-901.7063187600394 0 0 0 0 0 0 3 0 3 3
235442.70107763703 0 0 0 0 0 0 3 3 0 0
-901.7063187600394 0 0 0 0 0 0 3 3 0 3
-1162.1090544998142 0 0 0 0 0 0 3 3 3 0
-158.80903714755922 0 0 0 0 0 0 3 3 3 3
0.002181243438705798 0 0 0 0 0 1 0 3 3 1
0.005260326310269445 0 0 0 0 0 1 3 0 3 1
0.005260326310269446 0 0 0 0 0 1 3 3 0 1
0.023794978175710673 0 0 0 0 0 1 3 3 3 1
0.002181243438705798 0 0 0 0 0 2 0 3 3 2
0.005260326310269445 0 0 0 0 0 2 3 0 3 2
0.005260326310269446 0 0 0 0 0 2 3 3 0 2
0.023794978175710673 0 0 0 0 0 2 3 3 3 2
2199770.859668487 0 0 0 0 0 3 0 0 0 0
236354.63132000985 0 0 0 0 0 3 0 0 0 3
211203.74876216814 0 0 0 0 0 3 0 0 3 0
-954.6501276649715 0 0 0 0 0 3 0 0 3 3
211203.74876216814 0 0 0 0 0 3 0 3 0 0
-954.6501276649715 0 0 0 0 0 3 0 3 0 3
-1141.1234595183712 0 0 0 0 0 3 0 3 3 0
-149.27381990549975 0 0 0 0 0 3 0 3 3 3
163515.88769545863 0 0 0 0 0 3 3 0 0 0
-966.1782789900417 0 0 0 0 0 3 3 0 0 3
-1116.3495437567778 0 0 0 0 0 3 3 0 3 0
-134.41196019341777 0 0 0 0 0 3 3 0 3 3
-1116.3495437567778 0 0 0 0 0 3 3 3 0 0
-134.41196019341774 0 0 0 0 0 3 3 3 0 3
-129.52730087071484 0 0 0 0 0 3 3 3 3 0
0.5326255419454783 0 0 0 0 0 3 3 3 3 3
503351.3523421931 0 0 0 0 3 0 0 0 0 0
288238.2883059869 0 0 0 0 3 0 0 0 0 3
270222.05178353173 0 0 0 0 3 0 0 0 3 0
-674.4084823328915 0 0 0 0 3 0 0 0 3 3
270222.0517835318 0 0 0 0 3 0 0 3 0 0
-674.4084823328915 0 0 0 0 3 0 0 3 0 3
-930.1625445362522 0 0 0 0 3 0 0 3 3 0
-187.75288427717618 0 0 0 0 3 0 0 3 3 3
276126.3198343669 0 0 0 0 3 0 3 0 0 0
-753.5096853290831 0 0 0 0 3 0 3 0 0 3
-1015.8204703854701 0 0 0 0 3 0 3 0 3 0
-181.67007002199855 0 0 0 0 3 0 3 0 3 3
-1015.8204703854701 0 0 0 0 3 0 3 3 0 0
-181.67007002199858 0 0 0 0 3 0 3 3 0 3
-179.5142287573181 0 0 0 0 3 0 3 3 3 0
0.5246384096653817 0 0 0 0 3 0 3 3 3 3
0.0016251651168666752 0 0 0 0 3 1 0 0 3 1
0.0016251651168666752 0 0 0 0 3 1 0 3 0 1
0.004138540485205787 0 0 0 0 3 1 0 3 3 1
0.0059391043455738445 0 0 0 0 3 1 3 0 0 1
0.030920877421980606 0 0 0 0 3 1 3 0 3 1
0.030920877421980606 0 0 0 0 3 1 3 3 0 1
-6.937555957035607 0 0 0 0 3 1 3 3 3 1
0.0016251651168666752 0 0 0 0 3 2 0 0 3 2
0.0016251651168666752 0 0 0 0 3 2 0 3 0 2
0.004138540485205787 0 0 0 0 3 2 0 3 3 2
0.0059391043455738445 0 0 0 0 3 2 3 0 0 2
0.030920877421980606 0 0 0 0 3 2 3 0 3 2
0.030920877421980606 0 0 0 0 3 2 3 3 0 2
-6.937555957035606 0 0 0 0 3 2 3 3 3 2
268760.5267184784 0 0 0 0 3 3 0 0 0 0
-813.0332714621574 0 0 0 0 3 3 0 0 0 3
-1049.9867125046771 0 0 0 0 3 3 0 0 3 0
-175.3987155287341 0 0 0 0 3 3 0 0 3 3
-1049.986712504677 0 0 0 0 3 3 0 3 0 0
-175.39871552873413 0 0 0 0 3 3 0 3 0 3
-165.9591672726103 0 0 0 0 3 3 0 3 3 0
0.5289923110532425 0 0 0 0 3 3 0 3 3 3
-1120.519044031435 0 0 0 0 3 3 3 0 0 0
-160.59311167812456 0 0 0 0 3 3 3 0 0 3
-153.22489095549284 0 0 0 0 3 3 3 0 3 0
0.5322929847729859 0 0 0 0 3 3 3 0 3 3
-153.22489095549284 0 0 0 0 3 3 3 3 0 0
0.5322929847729859 0 0 0 0 3 3 3 3 0 3
0.597370805883152 0 0 0 0 3 3 3 3 3 0
0.08995064905547896 0 0 0 0 3 3 3 3 3 3
-2.8036723597568893 0 0 0 1 1 0 0 0 1 1
-2.8036723597568898 0 0 0 1 1 0 0 0 2 2
0.0020869448005249812 0 0 0 1 1 0 0 3 1 1
0.0020869448005249804 0 0 0 1 1 0 0 3 2 2
0.002243421219858057 0 0 0 1 1 0 3 0 1 1
0.002243421219858057 0 0 0 1 1 0 3 0 2 2
0.0003176691489193593 0 0 0 1 1 0 3 3 1 1
0.0003176691489193594 0 0 0 1 1 0 3 3 2 2
0.00015138057741570076 0 0 0 1 1 1 3 3 1 0
0.00015138057741570065 0 0 0 1 1 2 3 3 2 0
0.0024525041832441953 0 0 0 1 1 3 0 0 1 1
0.0024525041832441953 0 0 0 1 1 3 0 0 2 2
0.0002796218144552056 0 0 0 1 1 3 0 3 1 1
0.0002796218144552056 0 0 0 1 1 3 0 3 2 2
0.000253482151652258 0 0 0 1 1 3 3 0 1 1
0.0002534821516522581 0 0 0 1 1 3 3 0 2 2
-22384.99468222008 0 0 0 1 2 0 0 0 1 2
22384.99468222008 0 0 0 1 2 0 0 0 2 1
33.696732633599424 0 0 0 1 2 0 0 3 1 2
-33.696732633599424 0 0 0 1 2 0 0 3 2 1
40.34914753291614 0 0 0 1 2 0 3 0 1 2
-40.34914753291614 0 0 0 1 2 0 3 0 2 1
4.848176497361598 0 0 0 1 2 0 3 3 1 2
-4.848176497361598 0 0 0 1 2 0 3 3 2 1
-0.0016041023306261311 0 0 0 1 2 1 0 0 2 0
-0.011227945218406822 0 0 0 1 2 1 0 3 2 0
-0.0015562233713120308 0 0 0 1 2 1 0 3 2 3
-0.011892108328989678 0 0 0 1 2 1 3 0 2 0
-0.0019239277513877623 0 0 0 1 2 1 3 0 2 3
4.346001048927973 0 0 0 1 2 1 3 3 2 0
-0.009905399908807054 0 0 0 1 2 1 3 3 2 3
0.0016041023306261311 0 0 0 1 2 2 0 0 1 0
0.011227945218406822 0 0 0 1 2 2 0 3 1 0
0.0015562233713120308 0 0 0 1 2 2 0 3 1 3
0.011892108328989678 0 0 0 1 2 2 3 0 1 0
0.0019239277513877623 0 0 0 1 2 2 3 0 1 3
-4.346001048927974 0 0 0 1 2 2 3 3 1 0
0.009905399908807054 0 0 0 1 2 2 3 3 1 3
45.79187622273162 0 0 0 1 2 3 0 0 1 2
-45.79187622273162 0 0 0 1 2 3 0 0 2 1
4.712923633232621 0 0 0 1 2 3 0 3 1 2
-4.712923633232622 0 0 0 1 2 3 0 3 2 1
2.807483532660088 0 0 0 1 2 3 3 0 1 2
-2.8074835326600875 0 0 0 1 2 3 3 0 2 1
-0.01142629630150787 0 0 0 1 2 3 3 3 1 2
0.01142629630150787 0 0 0 1 2 3 3 3 2 1
22384.99468222008 0 0 0 2 1 0 0 0 1 2
-22384.99468222008 0 0 0 2 1 0 0 0 2 1
-33.696732633599424 0 0 0 2 1 0 0 3 1 2
33.696732633599424 0 0 0 2 1 0 0 3 2 1
-40.34914753291614 0 0 0 2 1 0 3 0 1 2
40.34914753291614 0 0 0 2 1 0 3 0 2 1
-4.848176497361598 0 0 0 2 1 0 3 3 1 2
4.848176497361598 0 0 0 2 1 0 3 3 2 1
0.0016041023306261311 0 0 0 2 1 1 0 0 2 0
0.011227945218406822 0 0 0 2 1 1 0 3 2 0
0.0015562233713120308 0 0 0 2 1 1 0 3 2 3
0.011892108328989678 0 0 0 2 1 1 3 0 2 0
0.0019239277513877623 0 0 0 2 1 1 3 0 2 3
-4.346001048927973 0 0 0 2 1 1 3 3 2 0
0.009905399908807054 0 0 0 2 1 1 3 3 2 3
-0.0016041023306261311 0 0 0 2 1 2 0 0 1 0
-0.011227945218406822 0 0 0 2 1 2 0 3 1 0
-0.0015562233713120308 0 0 0 2 1 2 0 3 1 3
-0.011892108328989678 0 0 0 2 1 2 3 0 1 0
-0.0019239277513877623 0 0 0 2 1 2 3 0 1 3
4.346001048927973 0 0 0 2 1 2 3 3 1 0
-0.009905399908807054 0 0 0 2 1 2 3 3 1 3
-45.79187622273162 0 0 0 2 1 3 0 0 1 2
45.79187622273162 0 0 0 2 1 3 0 0 2 1
-4.712923633232621 0 0 0 2 1 3 0 3 1 2
4.712923633232622 0 0 0 2 1 3 0 3 2 1
-2.807483532660088 0 0 0 2 1 3 3 0 1 2
2.8074835326600875 0 0 0 2 1 3 3 0 2 1
0.01142629630150787 0 0 0 2 1 3 3 3 1 2
-0.01142629630150787 0 0 0 2 1 3 3 3 2 1
-2.8036723597568898 0 0 0 2 2 0 0 0 1 1
-2.80367235975689 0 0 0 2 2 0 0 0 2 2
0.0020869448005249804 0 0 0 2 2 0 0 3 1 1
0.0020869448005249812 0 0 0 2 2 0 0 3 2 2
0.0022434212198580578 0 0 0 2 2 0 3 0 1 1
0.002243421219858057 0 0 0 2 2 0 3 0 2 2
0.0003176691489193592 0 0 0 2 2 0 3 3 1 1
0.0003176691489193594 0 0 0 2 2 0 3 3 2 2
0.00015138057741570065 0 0 0 2 2 1 3 3 1 0
0.00015138057741570065 0 0 0 2 2 2 3 3 2 0
0.0024525041832441953 0 0 0 2 2 3 0 0 1 1
0.0024525041832441953 0 0 0 2 2 3 0 0 2 2
0.0002796218144552056 0 0 0 2 2 3 0 3 1 1
0.0002796218144552056 0 0 0 2 2 3 0 3 2 2
0.000253482151652258 0 0 0 2 2 3 3 0 1 1
0.0002534821516522581 0 0 0 2 2 3 3 0 2 2
1646996.7999849003 0 0 0 3 0 0 0 0 0 0
270222.05178353185 0 0 0 3 0 0 0 0 0 3
285309.277765501 0 0 0 3 0 0 0 0 3 0
-915.2956040396853 0 0 0 3 0 0 0 0 3 3
258124.18582229747 0 0 0 3 0 0 0 3 0 0
-902.7418991772471 0 0 0 3 0 0 0 3 0 3
-1196.72817522051 0 0 0 3 0 0 0 3 3 0
-184.82783386889014 0 0 0 3 0 0 0 3 3 3
258326.72166389864 0 0 0 3 0 0 3 0 0 0
-952.6268871471592 0 0 0 3 0 0 3 0 0 3
-1270.0755825957556 0 0 0 3 0 0 3 0 3 0
-177.33362565381816 0 0 0 3 0 0 3 0 3 3
-1221.068193676196 0 0 0 3 0 0 3 3 0 0
-171.6777597411128 0 0 0 3 0 0 3 3 0 3
-176.75930058248198 0 0 0 3 0 0 3 3 3 0
0.5954112672055045 0 0 0 3 0 0 3 3 3 3
0.0038101501812482625 0 0 0 3 0 1 0 0 3 1
0.003761694600427972 0 0 0 3 0 1 0 3 0 1
0.018632041953824473 0 0 0 3 0 1 0 3 3 1
0.0071380049370070265 0 0 0 3 0 1 3 0 0 1
0.03323948108257351 0 0 0 3 0 1 3 0 3 1
0.033329015170347615 0 0 0 3 0 1 3 3 0 1
-10.544169793920936 0 0 0 3 0 1 3 3 3 1
0.0038101501812482625 0 0 0 3 0 2 0 0 3 2
0.003761694600427972 0 0 0 3 0 2 0 3 0 2
0.018632041953824473 0 0 0 3 0 2 0 3 3 2
0.0071380049370070265 0 0 0 3 0 2 3 0 0 2
0.03323948108257351 0 0 0 3 0 2 3 0 3 2
0.033329015170347615 0 0 0 3 0 2 3 3 0 2
-10.544169793920936 0 0 0 3 0 2 3 3 3 2
258663.16182912234 0 0 0 3 0 3 0 0 0 0
-1023.1713198260123 0 0 0 3 0 3 0 0 0 3
-1294.5396675866239 0 0 0 3 0 3 0 0 3 0
-173.94032765236506 0 0 0 3 0 3 0 0 3 3
-1239.9025602802417 0 0 0 3 0 3 0 3 0 0
-168.05501144838766 0 0 0 3 0 3 0 3 0 3
-164.85715802711945 0 0 0 3 0 3 0 3 3 0
0.5993016267905967 0 0 0 3 0 3 0 3 3 3
-1247.8965704996074 0 0 0 3 0 3 3 0 0 0
-151.46655207915003 0 0 0 3 0 3 3 0 0 3
-150.4299230206461 0 0 0 3 0 3 3 0 3 0
0.5916270608659667 0 0 0 3 0 3 3 0 3 3
-146.31556335095866 0 0 0 3 0 3 3 3 0 0
0.5796086595301901 0 0 0 3 0 3 3 3 0 3
0.6570116456056512 0 0 0 3 0 3 3 3 3 0
0.08766216812465494 0 0 0 3 0 3 3 3 3 3
247834.25342895195 0 0 0 3 3 0 0 0 0 0
-674.4084823328914 0 0 0 3 3 0 0 0 0 3
-915.2956040396851 0 0 0 3 3 0 0 0 3 0
-199.87135155257326 0 0 0 3 3 0 0 0 3 3
-902.741899177247 0 0 0 3 3 0 0 3 0 0
-191.79280154069812 0 0 0 3 3 0 0 3 0 3
-190.96801538995862 0 0 0 3 3 0 0 3 3 0
0.5264314756643564 0 0 0 3 3 0 0 3 3 3
-986.0382568643176 0 0 0 3 3 0 3 0 0 0
-188.701307119179 0 0 0 3 3 0 3 0 0 3
-190.63281594939977 0 0 0 3 3 0 3 0 3 0
0.5477463599964889 0 0 0 3 3 0 3 0 3 3
-183.7613397989395 0 0 0 3 3 0 3 3 0 0
0.5375506995029733 0 0 0 3 3 0 3 3 0 3
0.6358727092373497 0 0 0 3 3 0 3 3 3 0
0.10915516179727584 0 0 0 3 3 0 3 3 3 3
0.0032292674474928063 0 0 0 3 3 1 0 0 0 1
0.0156222808387141 0 0 0 3 3 1 0 0 3 1
0.015451750748646435 0 0 0 3 3 1 0 3 0 1
-0.576024260392887 0 0 0 3 3 1 0 3 3 1
0.043237821186048506 0 0 0 3 3 1 3 0 0 1
-12.462873713975556 0 0 0 3 3 1 3 0 3 1
-11.66833088832001 0 0 0 3 3 1 3 3 0 1
-56.76571479516553 0 0 0 3 3 1 3 3 3 1
0.0032292674474928063 0 0 0 3 3 2 0 0 0 2
0.0156222808387141 0 0 0 3 3 2 0 0 3 2
0.015451750748646435 0 0 0 3 3 2 0 3 0 2
-0.5760242603928879 0 0 0 3 3 2 0 3 3 2
0.043237821186048506 0 0 0 3 3 2 3 0 0 2
-12.462873713975554 0 0 0 3 3 2 3 0 3 2
-11.66833088832001 0 0 0 3 3 2 3 3 0 2
-56.76571479516553 0 0 0 3 3 2 3 3 3 2
-1026.9192472118882 0 0 0 3 3 3 0 0 0 0
-189.1433877796494 0 0 0 3 3 3 0 0 0 3
-184.10973524011217 0 0 0 3 3 3 0 0 3 0
0.5616980363914525 0 0 0 3 3 3 0 0 3 3
-176.68557450782188 0 0 0 3 3 3 0 3 0 0
0.5504659583767829 0 0 0 3 3 3 0 3 0 3
0.6327665593145206 0 0 0 3 3 3 0 3 3 0
0.10500115784853947 0 0 0 3 3 3 0 3 3 3
-167.46282516558347 0 0 0 3 3 3 3 0 0 0
0.5591934892181399 0 0 0 3 3 3 3 0 0 3
0.6405226811796803 0 0 0 3 3 3 3 0 3 0
0.09908951686790032 0 0 0 3 3 3 3 0 3 3
0.6259266402284078 0 0 0 3 3 3 3 3 0 0
0.09695889812320879 0 0 0 3 3 3 3 3 0 3
0.09565772979726299 0 0 0 3 3 3 3 3 3 0
-2.8036723597568898 0 0 1 0 1 0 0 1 0 1
0.0020869448005249812 0 0 1 0 1 0 0 1 3 1
-2.8036723597568898 0 0 1 0 1 0 0 2 0 2
0.0020869448005249812 0 0 1 0 1 0 0 2 3 2
0.002243421219858057 0 0 1 0 1 0 3 1 0 1
0.00031766914891935924 0 0 1 0 1 0 3 1 3 1
0.002243421219858057 0 0 1 0 1 0 3 2 0 2
0.00031766914891935934 0 0 1 0 1 0 3 2 3 2
0.00015138057741570065 0 0 1 0 1 1 3 1 3 0
0.00015138057741570065 0 0 1 0 1 2 3 2 3 0
0.0024525041832441953 0 0 1 0 1 3 0 1 0 1
0.0002796218144552056 0 0 1 0 1 3 0 1 3 1
0.0024525041832441953 0 0 1 0 1 3 0 2 0 2
0.0002796218144552056 0 0 1 0 1 3 0 2 3 2
0.000253482151652258 0 0 1 0 1 3 3 1 0 1
0.000253482151652258 0 0 1 0 1 3 3 2 0 2
-22384.99468222008 0 0 1 0 2 0 0 1 0 2
33.69673263359942 0 0 1 0 2 0 0 1 3 2
22384.99468222008 0 0 1 0 2 0 0 2 0 1
-33.69673263359942 0 0 1 0 2 0 0 2 3 1
40.34914753291614 0 0 1 0 2 0 3 1 0 2
4.848176497361598 0 0 1 0 2 0 3 1 3 2
-40.34914753291614 0 0 1 0 2 0 3 2 0 1
-4.848176497361598 0 0 1 0 2 0 3 2 3 1
-0.0016041023306261311 0 0 1 0 2 1 0 2 0 0
-0.011227945218406822 0 0 1 0 2 1 0 2 3 0
-0.001556223371312031 0 0 1 0 2 1 0 2 3 3
-0.011892108328989678 0 0 1 0 2 1 3 2 0 0
-0.0019239277513877619 0 0 1 0 2 1 3 2 0 3
4.346001048927974 0 0 1 0 2 1 3 2 3 0
-0.009905399908807054 0 0 1 0 2 1 3 2 3 3
0.0016041023306261311 0 0 1 0 2 2 0 1 0 0
0.011227945218406822 0 0 1 0 2 2 0 1 3 0
0.001556223371312031 0 0 1 0 2 2 0 1 3 3
0.011892108328989678 0 0 1 0 2 2 3 1 0 0
0.0019239277513877619 0 0 1 0 2 2 3 1 0 3
-4.346001048927975 0 0 1 0 2 2 3 1 3 0
0.009905399908807054 0 0 1 0 2 2 3 1 3 3
45.79187622273162 0 0 1 0 2 3 0 1 0 2
4.712923633232622 0 0 1 0 2 3 0 1 3 2
-45.79187622273162 0 0 1 0 2 3 0 2 0 1
-4.712923633232622 0 0 1 0 2 3 0 2 3 1
2.807483532660088 0 0 1 0 2 3 3 1 0 2
-0.01142629630150787 0 0 1 0 2 3 3 1 3 2
-2.8074835326600875 0 0 1 0 2 3 3 2 0 1
0.01142629630150787 0 0 1 0 2 3 3 2 3 1
-4.398781330893342 0 0 1 1 0 0 0 1 1 0
0.0013217881750915296 0 0 1 1 0 0 0 1 1 3
-4.398781330893341 0 0 1 1 0 0 0 2 2 0
0.0013217881750915296 0 0 1 1 0 0 0 2 2 3
0.003919400061802747 0 0 1 1 0 0 3 1 1 0
0.000452047623482083 0 0 1 1 0 0 3 1 1 3
0.003919400061802747 0 0 1 1 0 0 3 2 2 0
0.000452047623482083 0 0 1 1 0 0 3 2 2 3
0.004032259853465945 0 0 1 1 0 3 0 1 1 0
0.0004952240336848681 0 0 1 1 0 3 0 1 1 3
0.004032259853465947 0 0 1 1 0 3 0 2 2 0
0.0004952240336848681 0 0 1 1 0 3 0 2 2 3
0.0003839596281413711 0 0 1 1 0 3 3 1 1 0
0.0003839596281413711 0 0 1 1 0 3 3 2 2 0
0.0013217881750915296 0 0 1 1 3 0 0 1 1 0
0.0006422575843524855 0 0 1 1 3 0 0 1 1 3
0.0013217881750915296 0 0 1 1 3 0 0 2 2 0
0.0006422575843524853 0 0 1 1 3 0 0 2 2 3
0.000565903086167562 0 0 1 1 3 0 3 1 1 0
0.000565903086167562 0 0 1 1 3 0 3 2 2 0
6.064399797965399e-05 0 0 1 1 3 1 3 1 1 1
1.5752140131924345e-05 0 0 1 1 3 1 3 1 2 2
1.5752140131924345e-05 0 0 1 1 3 1 3 2 1 2
2.9139717715805302e-05 0 0 1 1 3 1 3 2 2 1
2.9139717715805302e-05 0 0 1 1 3 2 3 1 1 2
1.5752140131924345e-05 0 0 1 1 3 2 3 1 2 1
1.5752140131924345e-05 0 0 1 1 3 2 3 2 1 1
6.064399797965399e-05 0 0 1 1 3 2 3 2 2 2
0.0005318105584381171 0 0 1 1 3 3 0 1 1 0
0.0005318105584381169 0 0 1 1 3 3 0 2 2 0
-13592.545971601672 0 0 1 2 0 0 0 1 2 0
6.276852431218974 0 0 1 2 0 0 0 1 2 3
13592.54597160167 0 0 1 2 0 0 0 2 1 0
-6.276852431218974 0 0 1 2 0 0 0 2 1 3
24.50369445977953 0 0 1 2 0 0 3 1 2 0
2.8279329563526296 0 0 1 2 0 0 3 1 2 3
-24.50369445977953 0 0 1 2 0 0 3 2 1 0
-2.82793295635263 0 0 1 2 0 0 3 2 1 3
-2.422779041014388e-05 0 0 1 2 0 1 0 1 2 1
2.422779041014388e-05 0 0 1 2 0 1 0 2 1 1
4.476704388705505e-05 0 0 1 2 0 1 3 1 2 1
-4.476704388705505e-05 0 0 1 2 0 1 3 2 1 1
-2.422779041014388e-05 0 0 1 2 0 2 0 1 2 2
2.422779041014388e-05 0 0 1 2 0 2 0 2 1 2
4.476704388705505e-05 0 0 1 2 0 2 3 1 2 2
-4.476704388705505e-05 0 0 1 2 0 2 3 2 1 2
27.31855365319061 0 0 1 2 0 3 0 1 2 0
2.9426581019886275 0 0 1 2 0 3 0 1 2 3
-27.31855365319061 0 0 1 2 0 3 0 2 1 0
-2.9426581019886275 0 0 1 2 0 3 0 2 1 3
2.0571798348437316 0 0 1 2 0 3 3 1 2 0
-0.006009200667888221 0 0 1 2 0 3 3 1 2 3
-2.0571798348437316 0 0 1 2 0 3 3 2 1 0
0.006009200667888221 0 0 1 2 0 3 3 2 1 3
6.276852431218973 0 0 1 2 3 0 0 1 2 0
4.03927500593753 0 0 1 2 3 0 0 1 2 3
-6.276852431218973 0 0 1 2 3 0 0 2 1 0
-4.03927500593753 0 0 1 2 3 0 0 2 1 3
3.4357380752300815 0 0 1 2 3 0 3 1 2 0
-0.005097830246757782 0 0 1 2 3 0 3 1 2 3
-3.4357380752300815 0 0 1 2 3 0 3 2 1 0
0.005097830246757782 0 0 1 2 3 0 3 2 1 3
-8.526504503383108e-05 0 0 1 2 3 1 0 1 2 1
8.526504503383108e-05 0 0 1 2 3 1 0 2 1 1
0.3972714128277675 0 0 1 2 3 1 3 1 2 1
-0.39727141282776757 0 0 1 2 3 1 3 2 1 1
-8.526504503383108e-05 0 0 1 2 3 2 0 1 2 2
8.526504503383108e-05 0 0 1 2 3 2 0 2 1 2
0.3972714128277675 0 0 1 2 3 2 3 1 2 2
-0.39727141282776757 0 0 1 2 3 2 3 2 1 2
3.7120803661451185 0 0 1 2 3 3 0 1 2 0
-0.005616039007334693 0 0 1 2 3 3 0 1 2 3
-3.7120803661451185 0 0 1 2 3 3 0 2 1 0
0.005616039007334693 0 0 1 2 3 3 0 2 1 3
-0.007298020475636018 0 0 1 2 3 3 3 1 2 0
-0.0010653093723457523 0 0 1 2 3 3 3 1 2 3
0.007298020475636018 0 0 1 2 3 3 3 2 1 0
0.0010653093723457523 0 0 1 2 3 3 3 2 1 3
0.002086944800524981 0 0 1 3 1 0 0 1 0 1
0.00043577842399182185 0 0 1 3 1 0 0 1 3 1
0.002086944800524981 0 0 1 3 1 0 0 2 0 2
0.00043577842399182185 0 0 1 3 1 0 0 2 3 2
0.0003285387777473638 0 0 1 3 1 0 3 1 0 1
0.0003285387777473638 0 0 1 3 1 0 3 2 0 2
0.00035207062981032 0 0 1 3 1 1 0 1 3 0
0.00016647635130257355 0 0 1 3 1 1 3 1 0 0
0.0006681121674693784 0 0 1 3 1 1 3 1 3 0
0.0001312778620369452 0 0 1 3 1 1 3 1 3 3
0.00035207062981032 0 0 1 3 1 2 0 2 3 0
0.00016647635130257355 0 0 1 3 1 2 3 2 0 0
0.0006681121674693793 0 0 1 3 1 2 3 2 3 0
0.0001312778620369452 0 0 1 3 1 2 3 2 3 3
0.0003316319699340455 0 0 1 3 1 3 0 1 0 1
0.0003316319699340455 0 0 1 3 1 3 0 2 0 2
33.69673263359943 0 0 1 3 2 0 0 1 0 2
6.139745742644463 0 0 1 3 2 0 0 1 3 2
-33.69673263359943 0 0 1 3 2 0 0 2 0 1
-6.139745742644463 0 0 1 3 2 0 0 2 3 1
5.315623434481429 0 0 1 3 2 0 3 1 0 2
-0.013266621065056185 0 0 1 3 2 0 3 1 3 2
-5.315623434481429 0 0 1 3 2 0 3 2 0 1
0.013266621065056185 0 0 1 3 2 0 3 2 3 1
-0.011227945218406818 0 0 1 3 2 1 0 2 0 0
-0.001556223371312031 0 0 1 3 2 1 0 2 0 3
3.893773577087025 0 0 1 3 2 1 0 2 3 0
-0.009411907070337518 0 0 1 3 2 1 0 2 3 3
4.764987247282464 0 0 1 3 2 1 3 2 0 0
-0.010011698031317325 0 0 1 3 2 1 3 2 0 3
36.17350316219007 0 0 1 3 2 1 3 2 3 0
5.726216786888862 0 0 1 3 2 1 3 2 3 3
0.011227945218406818 0 0 1 3 2 2 0 1 0 0
0.001556223371312031 0 0 1 3 2 2 0 1 0 3
-3.893773577087025 0 0 1 3 2 2 0 1 3 0
0.009411907070337518 0 0 1 3 2 2 0 1 3 3
-4.764987247282464 0 0 1 3 2 2 3 1 0 0
0.010011698031317325 0 0 1 3 2 2 3 1 0 3
-36.17350316219007 0 0 1 3 2 2 3 1 3 0
-5.7262167868888625 0 0 1 3 2 2 3 1 3 3
5.315034974813743 0 0 1 3 2 3 0 1 0 2
-0.013920361432678224 0 0 1 3 2 3 0 1 3 2
-5.315034974813743 0 0 1 3 2 3 0 2 0 1
0.013920361432678224 0 0 1 3 2 3 0 2 3 1
-0.012447296462369835 0 0 1 3 2 3 3 1 0 2
-0.0015438105426942616 0 0 1 3 2 3 3 1 3 2
0.012447296462369835 0 0 1 3 2 3 3 2 0 1
0.0015438105426942616 0 0 1 3 2 3 3 2 3 1
22384.99468222008 0 0 2 0 1 0 0 1 0 2
-33.69673263359942 0 0 2 0 1 0 0 1 3 2
-22384.99468222008 0 0 2 0 1 0 0 2 0 1
33.69673263359942 0 0 2 0 1 0 0 2 3 1
-40.34914753291614 0 0 2 0 1 0 3 1 0 2
-4.848176497361598 0 0 2 0 1 0 3 1 3 2
40.34914753291614 0 0 2 0 1 0 3 2 0 1
4.848176497361598 0 0 2 0 1 0 3 2 3 1
0.0016041023306261311 0 0 2 0 1 1 0 2 0 0
0.011227945218406822 0 0 2 0 1 1 0 2 3 0
0.001556223371312031 0 0 2 0 1 1 0 2 3 3
0.011892108328989678 0 0 2 0 1 1 3 2 0 0
0.0019239277513877619 0 0 2 0 1 1 3 2 0 3
-4.346001048927974 0 0 2 0 1 1 3 2 3 0
0.009905399908807054 0 0 2 0 1 1 3 2 3 3
-0.0016041023306261311 0 0 2 0 1 2 0 1 0 0
-0.011227945218406822 0 0 2 0 1 2 0 1 3 0
-0.001556223371312031 0 0 2 0 1 2 0 1 3 3
-0.011892108328989678 0 0 2 0 1 2 3 1 0 0
-0.0019239277513877619 0 0 2 0 1 2 3 1 0 3
4.346001048927974 0 0 2 0 1 2 3 1 3 0
-0.009905399908807054 0 0 2 0 1 2 3 1 3 3
-45.79187622273162 0 0 2 0 1 3 0 1 0 2
-4.712923633232621 0 0 2 0 1 3 0 1 3 2
45.79187622273162 0 0 2 0 1 3 0 2 0 1
4.712923633232621 0 0 2 0 1 3 0 2 3 1
-2.807483532660088 0 0 2 0 1 3 3 1 0 2
0.01142629630150787 0 0 2 0 1 3 3 1 3 2
2.8074835326600875 0 0 2 0 1 3 3 2 0 1
-0.01142629630150787 0 0 2 0 1 3 3 2 3 1
-2.8036723597568898 0 0 2 0 2 0 0 1 0 1
0.0020869448005249812 0 0 2 0 2 0 0 1 3 1
-2.8036723597568893 0 0 2 0 2 0 0 2 0 2
0.0020869448005249812 0 0 2 0 2 0 0 2 3 2
0.002243421219858057 0 0 2 0 2 0 3 1 0 1
0.00031766914891935924 0 0 2 0 2 0 3 1 3 1
0.002243421219858057 0 0 2 0 2 0 3 2 0 2
0.00031766914891935913 0 0 2 0 2 0 3 2 3 2
0.00015138057741570065 0 0 2 0 2 1 3 1 3 0
0.00015138057741570065 0 0 2 0 2 2 3 2 3 0
0.0024525041832441953 0 0 2 0 2 3 0 1 0 1
0.0002796218144552056 0 0 2 0 2 3 0 1 3 1
0.0024525041832441953 0 0 2 0 2 3 0 2 0 2
0.0002796218144552056 0 0 2 0 2 3 0 2 3 2
0.0002534821516522582 0 0 2 0 2 3 3 1 0 1
0.000253482151652258 0 0 2 0 2 3 3 2 0 2
13592.54597160167 0 0 2 1 0 0 0 1 2 0
-6.276852431218974 0 0 2 1 0 0 0 1 2 3
-13592.545971601672 0 0 2 1 0 0 0 2 1 0
6.276852431218973 0 0 2 1 0 0 0 2 1 3
-24.50369445977953 0 0 2 1 0 0 3 1 2 0
-2.82793295635263 0 0 2 1 0 0 3 1 2 3
24.503694459779528 0 0 2 1 0 0 3 2 1 0
2.82793295635263 0 0 2 1 0 0 3 2 1 3
2.422779041014388e-05 0 0 2 1 0 1 0 1 2 1
-2.422779041014388e-05 0 0 2 1 0 1 0 2 1 1
-4.476704388705505e-05 0 0 2 1 0 1 3 1 2 1
4.476704388705505e-05 0 0 2 1 0 1 3 2 1 1
2.422779041014388e-05 0 0 2 1 0 2 0 1 2 2
-2.422779041014388e-05 0 0 2 1 0 2 0 2 1 2
-4.476704388705505e-05 0 0 2 1 0 2 3 1 2 2
4.476704388705505e-05 0 0 2 1 0 2 3 2 1 2
-27.31855365319061 0 0 2 1 0 3 0 1 2 0
-2.9426581019886275 0 0 2 1 0 3 0 1 2 3
27.318553653190605 0 0 2 1 0 3 0 2 1 0
2.9426581019886275 0 0 2 1 0 3 0 2 1 3
-2.0571798348437316 0 0 2 1 0 3 3 1 2 0
0.006009200667888221 0 0 2 1 0 3 3 1 2 3
2.057179834843731 0 0 2 1 0 3 3 2 1 0
-0.006009200667888221 0 0 2 1 0 3 3 2 1 3
-6.276852431218973 0 0 2 1 3 0 0 1 2 0
-4.03927500593753 0 0 2 1 3 0 0 1 2 3
6.276852431218972 0 0 2 1 3 0 0 2 1 0
4.03927500593753 0 0 2 1 3 0 0 2 1 3
-3.4357380752300815 0 0 2 1 3 0 3 1 2 0
0.005097830246757782 0 0 2 1 3 0 3 1 2 3
3.4357380752300815 0 0 2 1 3 0 3 2 1 0
-0.005097830246757782 0 0 2 1 3 0 3 2 1 3
8.526504503383108e-05 0 0 2 1 3 1 0 1 2 1
-8.526504503383108e-05 0 0 2 1 3 1 0 2 1 1
-0.39727141282776757 0 0 2 1 3 1 3 1 2 1
0.39727141282776757 0 0 2 1 3 1 3 2 1 1
8.526504503383108e-05 0 0 2 1 3 2 0 1 2 2
-8.526504503383108e-05 0 0 2 1 3 2 0 2 1 2
-0.39727141282776757 0 0 2 1 3 2 3 1 2 2
0.39727141282776757 0 0 2 1 3 2 3 2 1 2
-3.7120803661451185 0 0 2 1 3 3 0 1 2 0
0.005616039007334693 0 0 2 1 3 3 0 1 2 3
3.7120803661451176 0 0 2 1 3 3 0 2 1 0
-0.005616039007334693 0 0 2 1 3 3 0 2 1 3
0.007298020475636018 0 0 2 1 3 3 3 1 2 0
0.0010653093723457523 0 0 2 1 3 3 3 1 2 3
-0.007298020475636018 0 0 2 1 3 3 3 2 1 0
-0.0010653093723457523 0 0 2 1 3 3 3 2 1 3
-4.398781330893341 0 0 2 2 0 0 0 1 1 0
0.0013217881750915296 0 0 2 2 0 0 0 1 1 3
-4.398781330893341 0 0 2 2 0 0 0 2 2 0
0.0013217881750915296 0 0 2 2 0 0 0 2 2 3
0.003919400061802747 0 0 2 2 0 0 3 1 1 0
0.0004520476234820831 0 0 2 2 0 0 3 1 1 3
0.003919400061802748 0 0 2 2 0 0 3 2 2 0
0.0004520476234820831 0 0 2 2 0 0 3 2 2 3
0.004032259853465947 0 0 2 2 0 3 0 1 1 0
0.0004952240336848681 0 0 2 2 0 3 0 1 1 3
0.004032259853465945 0 0 2 2 0 3 0 2 2 0
0.0004952240336848681 0 0 2 2 0 3 0 2 2 3
0.0003839596281413711 0 0 2 2 0 3 3 1 1 0
0.0003839596281413711 0 0 2 2 0 3 3 2 2 0
0.0013217881750915296 0 0 2 2 3 0 0 1 1 0
0.0006422575843524853 0 0 2 2 3 0 0 1 1 3
0.0013217881750915296 0 0 2 2 3 0 0 2 2 0
0.0006422575843524855 0 0 2 2 3 0 0 2 2 3
0.000565903086167562 0 0 2 2 3 0 3 1 1 0
0.000565903086167562 0 0 2 2 3 0 3 2 2 0
6.0643997979654016e-05 0 0 2 2 3 1 3 1 1 1
1.5752140131924345e-05 0 0 2 2 3 1 3 1 2 2
1.5752140131924345e-05 0 0 2 2 3 1 3 2 1 2
2.9139717715805302e-05 0 0 2 2 3 1 3 2 2 1
2.9139717715805302e-05 0 0 2 2 3 2 3 1 1 2
1.5752140131924345e-05 0 0 2 2 3 2 3 1 2 1
1.5752140131924345e-05 0 0 2 2 3 2 3 2 1 1
6.0643997979654016e-05 0 0 2 2 3 2 3 2 2 2
0.0005318105584381169 0 0 2 2 3 3 0 1 1 0
0.0005318105584381171 0 0 2 2 3 3 0 2 2 0
-33.69673263359943 0 0 2 3 1 0 0 1 0 2
-6.139745742644463 0 0 2 3 1 0 0 1 3 2
33.69673263359943 0 0 2 3 1 0 0 2 0 1
6.139745742644463 0 0 2 3 1 0 0 2 3 1
-5.315623434481429 0 0 2 3 1 0 3 1 0 2
0.013266621065056185 0 0 2 3 1 0 3 1 3 2
5.31562343448143 0 0 2 3 1 0 3 2 0 1
-0.013266621065056185 0 0 2 3 1 0 3 2 3 1
0.011227945218406818 0 0 2 3 1 1 0 2 0 0
0.001556223371312031 0 0 2 3 1 1 0 2 0 3
-3.893773577087025 0 0 2 3 1 1 0 2 3 0
0.009411907070337518 0 0 2 3 1 1 0 2 3 3
-4.764987247282465 0 0 2 3 1 1 3 2 0 0
0.010011698031317325 0 0 2 3 1 1 3 2 0 3
-36.17350316219007 0 0 2 3 1 1 3 2 3 0
-5.726216786888862 0 0 2 3 1 1 3 2 3 3
-0.011227945218406818 0 0 2 3 1 2 0 1 0 0
-0.001556223371312031 0 0 2 3 1 2 0 1 0 3
3.893773577087025 0 0 2 3 1 2 0 1 3 0
-0.009411907070337518 0 0 2 3 1 2 0 1 3 3
4.764987247282464 0 0 2 3 1 2 3 1 0 0
-0.010011698031317325 0 0 2 3 1 2 3 1 0 3
36.17350316219007 0 0 2 3 1 2 3 1 3 0
5.726216786888863 0 0 2 3 1 2 3 1 3 3
-5.315034974813744 0 0 2 3 1 3 0 1 0 2
0.013920361432678224 0 0 2 3 1 3 0 1 3 2
5.315034974813743 0 0 2 3 1 3 0 2 0 1
-0.013920361432678224 0 0 2 3 1 3 0 2 3 1
0.012447296462369835 0 0 2 3 1 3 3 1 0 2
0.0015438105426942616 0 0 2 3 1 3 3 1 3 2
-0.012447296462369835 0 0 2 3 1 3 3 2 0 1
-0.0015438105426942616 0 0 2 3 1 3 3 2 3 1
0.002086944800524981 0 0 2 3 2 0 0 1 0 1
0.00043577842399182185 0 0 2 3 2 0 0 1 3 1
0.002086944800524981 0 0 2 3 2 0 0 2 0 2
0.00043577842399182185 0 0 2 3 2 0 0 2 3 2
0.0003285387777473638 0 0 2 3 2 0 3 1 0 1
0.0003285387777473638 0 0 2 3 2 0 3 2 0 2
0.00035207062981032 0 0 2 3 2 1 0 1 3 0
0.00016647635130257358 0 0 2 3 2 1 3 1 0 0
0.0006681121674693784 0 0 2 3 2 1 3 1 3 0
0.0001312778620369452 0 0 2 3 2 1 3 1 3 3
0.00035207062981032 0 0 2 3 2 2 0 2 3 0
0.00016647635130257358 0 0 2 3 2 2 3 2 0 0
0.0006681121674693784 0 0 2 3 2 2 3 2 3 0
0.0001312778620369452 0 0 2 3 2 2 3 2 3 3
0.0003316319699340456 0 0 2 3 2 3 0 1 0 1
0.0003316319699340455 0 0 2 3 2 3 0 2 0 2
1646996.7999849003 0 0 3 0 0 0 0 0 0 0
270222.05178353185 0 0 3 0 0 0 0 0 0 3
258124.18582229747 0 0 3 0 0 0 0 0 3 0
-902.7418991772471 0 0 3 0 0 0 0 0 3 3
285309.27776550094 0 0 3 0 0 0 0 3 0 0
-915.2956040396853 0 0 3 0 0 0 0 3 0 3
-1196.7281752205097 0 0 3 0 0 0 0 3 3 0
-184.8278338688901 0 0 3 0 0 0 0 3 3 3
258326.72166389867 0 0 3 0 0 0 3 0 0 0
-952.6268871471592 0 0 3 0 0 0 3 0 0 3
-1221.0681936761962 0 0 3 0 0 0 3 0 3 0
-171.6777597411128 0 0 3 0 0 0 3 0 3 3
-1270.0755825957553 0 0 3 0 0 0 3 3 0 0
-177.33362565381816 0 0 3 0 0 0 3 3 0 3
-176.75930058248198 0 0 3 0 0 0 3 3 3 0
0.5954112672055045 0 0 3 0 0 0 3 3 3 3
0.003761694600427972 0 0 3 0 0 1 0 0 3 1
0.003810150181248262 0 0 3 0 0 1 0 3 0 1
0.018632041953824476 0 0 3 0 0 1 0 3 3 1
0.0071380049370070265 0 0 3 0 0 1 3 0 0 1
0.033329015170347615 0 0 3 0 0 1 3 0 3 1
0.03323948108257351 0 0 3 0 0 1 3 3 0 1
-10.544169793920936 0 0 3 0 0 1 3 3 3 1
0.003761694600427972 0 0 3 0 0 2 0 0 3 2
0.003810150181248262 0 0 3 0 0 2 0 3 0 2
0.018632041953824476 0 0 3 0 0 2 0 3 3 2
0.0071380049370070265 0 0 3 0 0 2 3 0 0 2
0.033329015170347615 0 0 3 0 0 2 3 0 3 2
0.03323948108257351 0 0 3 0 0 2 3 3 0 2
-10.544169793920934 0 0 3 0 0 2 3 3 3 2
258663.16182912234 0 0 3 0 0 3 0 0 0 0
-1023.1713198260123 0 0 3 0 0 3 0 0 0 3
-1239.9025602802417 0 0 3 0 0 3 0 0 3 0
-168.0550114483877 0 0 3 0 0 3 0 0 3 3
-1294.5396675866239 0 0 3 0 0 3 0 3 0 0
-173.94032765236508 0 0 3 0 0 3 0 3 0 3
-164.85715802711945 0 0 3 0 0 3 0 3 3 0
0.5993016267905967 0 0 3 0 0 3 0 3 3 3
-1247.8965704996074 0 0 3 0 0 3 3 0 0 0
-151.46655207915 0 0 3 0 0 3 3 0 0 3
-146.31556335095866 0 0 3 0 0 3 3 0 3 0
0.5796086595301901 0 0 3 0 0 3 3 0 3 3
-150.4299230206461 0 0 3 0 0 3 3 3 0 0
0.5916270608659667 0 0 3 0 0 3 3 3 0 3
0.6570116456056512 0 0 3 0 0 3 3 3 3 0
0.08766216812465494 0 0 3 0 0 3 3 3 3 3
247834.25342895195 0 0 3 0 3 0 0 0 0 0
-674.4084823328915 0 0 3 0 3 0 0 0 0 3
-902.7418991772471 0 0 3 0 3 0 0 0 3 0
-191.79280154069812 0 0 3 0 3 0 0 0 3 3
-915.2956040396851 0 0 3 0 3 0 0 3 0 0
-199.87135155257326 0 0 3 0 3 0 0 3 0 3
-190.9680153899586 0 0 3 0 3 0 0 3 3 0
0.5264314756643564 0 0 3 0 3 0 0 3 3 3
-986.0382568643178 0 0 3 0 3 0 3 0 0 0
-188.701307119179 0 0 3 0 3 0 3 0 0 3
-183.76133979893947 0 0 3 0 3 0 3 0 3 0
0.5375506995029733 0 0 3 0 3 0 3 0 3 3
-190.63281594939977 0 0 3 0 3 0 3 3 0 0
0.5477463599964889 0 0 3 0 3 0 3 3 0 3
0.6358727092373496 0 0 3 0 3 0 3 3 3 0
0.10915516179727583 0 0 3 0 3 0 3 3 3 3
0.0032292674474928055 0 0 3 0 3 1 0 0 0 1
0.015451750748646437 0 0 3 0 3 1 0 0 3 1
0.015622280838714102 0 0 3 0 3 1 0 3 0 1
-0.5760242603928866 0 0 3 0 3 1 0 3 3 1
0.043237821186048506 0 0 3 0 3 1 3 0 0 1
-11.66833088832001 0 0 3 0 3 1 3 0 3 1
-12.462873713975556 0 0 3 0 3 1 3 3 0 1
-56.76571479516553 0 0 3 0 3 1 3 3 3 1
0.0032292674474928055 0 0 3 0 3 2 0 0 0 2
0.015451750748646437 0 0 3 0 3 2 0 0 3 2
0.015622280838714102 0 0 3 0 3 2 0 3 0 2
-0.5760242603928866 0 0 3 0 3 2 0 3 3 2
0.043237821186048506 0 0 3 0 3 2 3 0 0 2
-11.668330888320009 0 0 3 0 3 2 3 0 3 2
-12.462873713975556 0 0 3 0 3 2 3 3 0 2
-56.76571479516553 0 0 3 0 3 2 3 3 3 2
-1026.9192472118882 0 0 3 0 3 3 0 0 0 0
-189.1433877796494 0 0 3 0 3 3 0 0 0 3
-176.68557450782188 0 0 3 0 3 3 0 0 3 0
0.5504659583767829 0 0 3 0 3 3 0 0 3 3
-184.10973524011217 0 0 3 0 3 3 0 3 0 0
0.5616980363914525 0 0 3 0 3 3 0 3 0 3
0.6327665593145206 0 0 3 0 3 3 0 3 3 0
0.10500115784853947 0 0 3 0 3 3 0 3 3 3
-167.46282516558347 0 0 3 0 3 3 3 0 0 0
0.5591934892181399 0 0 3 0 3 3 3 0 0 3
0.6259266402284078 0 0 3 0 3 3 3 0 3 0
0.09695889812320879 0 0 3 0 3 3 3 0 3 3
0.6405226811796803 0 0 3 0 3 3 3 3 0 0
0.09908951686790032 0 0 3 0 3 3 3 3 0 3
0.09565772979726299 0 0 3 0 3 3 3 3 3 0
0.002086944800524981 0 0 3 1 1 0 0 0 1 1
0.002086944800524981 0 0 3 1 1 0 0 0 2 2
0.0004357784239918224 0 0 3 1 1 0 0 3 1 1
0.00043577842399182196 0 0 3 1 1 0 0 3 2 2
0.00032853877774736376 0 0 3 1 1 0 3 0 1 1
0.00032853877774736387 0 0 3 1 1 0 3 0 2 2
0.00035207062981032 0 0 3 1 1 1 0 3 1 0
0.0001664763513025735 0 0 3 1 1 1 3 0 1 0
0.0006681121674693793 0 0 3 1 1 1 3 3 1 0
0.00013127786203694525 0 0 3 1 1 1 3 3 1 3
0.0003520706298103199 0 0 3 1 1 2 0 3 2 0
0.0001664763513025735 0 0 3 1 1 2 3 0 2 0
0.0006681121674693793 0 0 3 1 1 2 3 3 2 0
0.00013127786203694515 0 0 3 1 1 2 3 3 2 3
0.0003316319699340455 0 0 3 1 1 3 0 0 1 1
0.0003316319699340455 0 0 3 1 1 3 0 0 2 2
33.69673263359944 0 0 3 1 2 0 0 0 1 2
-33.69673263359944 0 0 3 1 2 0 0 0 2 1
6.139745742644463 0 0 3 1 2 0 0 3 1 2
-6.139745742644463 0 0 3 1 2 0 0 3 2 1
5.315623434481429 0 0 3 1 2 0 3 0 1 2
-5.31562343448143 0 0 3 1 2 0 3 0 2 1
-0.013266621065056185 0 0 3 1 2 0 3 3 1 2
0.013266621065056185 0 0 3 1 2 0 3 3 2 1
-0.011227945218406818 0 0 3 1 2 1 0 0 2 0
-0.001556223371312031 0 0 3 1 2 1 0 0 2 3
3.893773577087025 0 0 3 1 2 1 0 3 2 0
-0.009411907070337518 0 0 3 1 2 1 0 3 2 3
4.764987247282466 0 0 3 1 2 1 3 0 2 0
-0.010011698031317325 0 0 3 1 2 1 3 0 2 3
36.17350316219007 0 0 3 1 2 1 3 3 2 0
5.726216786888862 0 0 3 1 2 1 3 3 2 3
0.011227945218406818 0 0 3 1 2 2 0 0 1 0
0.001556223371312031 0 0 3 1 2 2 0 0 1 3
-3.893773577087025 0 0 3 1 2 2 0 3 1 0
0.009411907070337518 0 0 3 1 2 2 0 3 1 3
-4.764987247282465 0 0 3 1 2 2 3 0 1 0
0.010011698031317325 0 0 3 1 2 2 3 0 1 3
-36.17350316219007 0 0 3 1 2 2 3 3 1 0
-5.7262167868888625 0 0 3 1 2 2 3 3 1 3
5.315034974813743 0 0 3 1 2 3 0 0 1 2
-5.315034974813742 0 0 3 1 2 3 0 0 2 1
-0.013920361432678224 0 0 3 1 2 3 0 3 1 2
0.013920361432678224 0 0 3 1 2 3 0 3 2 1
-0.012447296462369835 0 0 3 1 2 3 3 0 1 2
0.012447296462369835 0 0 3 1 2 3 3 0 2 1
-0.0015438105426942613 0 0 3 1 2 3 3 3 1 2
0.0015438105426942613 0 0 3 1 2 3 3 3 2 1
-33.69673263359944 0 0 3 2 1 0 0 0 1 2
33.69673263359944 0 0 3 2 1 0 0 0 2 1
-6.139745742644463 0 0 3 2 1 0 0 3 1 2
6.139745742644463 0 0 3 2 1 0 0 3 2 1
-5.31562343448143 0 0 3 2 1 0 3 0 1 2
5.31562343448143 0 0 3 2 1 0 3 0 2 1
0.013266621065056185 0 0 3 2 1 0 3 3 1 2
-0.013266621065056185 0 0 3 2 1 0 3 3 2 1
0.011227945218406818 0 0 3 2 1 1 0 0 2 0
0.001556223371312031 0 0 3 2 1 1 0 0 2 3
-3.893773577087025 0 0 3 2 1 1 0 3 2 0
0.009411907070337518 0 0 3 2 1 1 0 3 2 3
-4.764987247282465 0 0 3 2 1 1 3 0 2 0
0.010011698031317325 0 0 3 2 1 1 3 0 2 3
-36.17350316219007 0 0 3 2 1 1 3 3 2 0
-5.7262167868888625 0 0 3 2 1 1 3 3 2 3
-0.011227945218406818 0 0 3 2 1 2 0 0 1 0
-0.001556223371312031 0 0 3 2 1 2 0 0 1 3
3.893773577087025 0 0 3 2 1 2 0 3 1 0
-0.009411907070337518 0 0 3 2 1 2 0 3 1 3
4.764987247282465 0 0 3 2 1 2 3 0 1 0
-0.010011698031317325 0 0 3 2 1 2 3 0 1 3
36.17350316219007 0 0 3 2 1 2 3 3 1 0
5.7262167868888625 0 0 3 2 1 2 3 3 1 3
-5.315034974813743 0 0 3 2 1 3 0 0 1 2
5.315034974813743 0 0 3 2 1 3 0 0 2 1
0.013920361432678224 0 0 3 2 1 3 0 3 1 2
-0.013920361432678224 0 0 3 2 1 3 0 3 2 1
0.012447296462369835 0 0 3 2 1 3 3 0 1 2
-0.012447296462369835 0 0 3 2 1 3 3 0 2 1
0.0015438105426942613 0 0 3 2 1 3 3 3 1 2
-0.0015438105426942613 0 0 3 2 1 3 3 3 2 1
0.002086944800524981 0 0 3 2 2 0 0 0 1 1
0.002086944800524981 0 0 3 2 2 0 0 0 2 2
0.00043577842399182196 0 0 3 2 2 0 0 3 1 1
0.0004357784239918224 0 0 3 2 2 0 0 3 2 2
0.00032853877774736376 0 0 3 2 2 0 3 0 1 1
0.00032853877774736387 0 0 3 2 2 0 3 0 2 2
0.00035207062981032 0 0 3 2 2 1 0 3 1 0
0.00016647635130257352 0 0 3 2 2 1 3 0 1 0
0.0006681121674693793 0 0 3 2 2 1 3 3 1 0
0.0001312778620369452 0 0 3 2 2 1 3 3 1 3
0.0003520706298103199 0 0 3 2 2 2 0 3 2 0
0.00016647635130257352 0 0 3 2 2 2 3 0 2 0
0.0006681121674693784 0 0 3 2 2 2 3 3 2 0
0.00013127786203694515 0 0 3 2 2 2 3 3 2 3
0.0003316319699340455 0 0 3 2 2 3 0 0 1 1
0.0003316319699340455 0 0 3 2 2 3 0 0 2 2
244527.2410693648 0 0 3 3 0 0 0 0 0 0
-930.1625445362525 0 0 3 3 0 0 0 0 0 3
-1196.7281752205095 0 0 3 3 0 0 0 0 3 0
-190.96801538995868 0 0 3 3 0 0 0 0 3 3
-1196.7281752205095 0 0 3 3 0 0 0 3 0 0
-190.96801538995865 0 0 3 3 0 0 0 3 0 3
-192.2603606293746 0 0 3 3 0 0 0 3 3 0
0.6155632589915516 0 0 3 3 0 0 0 3 3 3
-1231.0121051328945 0 0 3 3 0 0 3 0 0 0
-179.82462794021149 0 0 3 3 0 0 3 0 0 3
-183.0352882049618 0 0 3 3 0 0 3 0 3 0
0.6183246539439822 0 0 3 3 0 0 3 0 3 3
-183.03528820496183 0 0 3 3 0 0 3 3 0 0
0.618324653943982 0 0 3 3 0 0 3 3 0 3
0.7240613427457376 0 0 3 3 0 0 3 3 3 0
0.10675677995106722 0 0 3 3 0 0 3 3 3 3
0.005293690181329859 0 0 3 3 0 1 0 0 0 1
0.02804394902416199 0 0 3 3 0 1 0 0 3 1
0.02804394902416199 0 0 3 3 0 1 0 3 0 1
-11.279131713890223 0 0 3 3 0 1 0 3 3 1
0.0431651824977792 0 0 3 3 0 1 3 0 0 1
-15.70104692506875 0 0 3 3 0 1 3 0 3 1
-15.701046925068749 0 0 3 3 0 1 3 3 0 1
-52.27380974531766 0 0 3 3 0 1 3 3 3 1
0.005293690181329859 0 0 3 3 0 2 0 0 0 2
0.02804394902416199 0 0 3 3 0 2 0 0 3 2
0.02804394902416199 0 0 3 3 0 2 0 3 0 2
-11.279131713890225 0 0 3 3 0 2 0 3 3 2
0.0431651824977792 0 0 3 3 0 2 3 0 0 2
-15.701046925068747 0 0 3 3 0 2 3 0 3 2
-15.701046925068747 0 0 3 3 0 2 3 3 0 2
-52.27380974531764 0 0 3 3 0 2 3 3 3 2
-1284.0364892160228 0 0 3 3 0 3 0 0 0 0
-182.15422304270407 0 0 3 3 0 3 0 0 0 3
-177.87385187424798 0 0 3 3 0 3 0 0 3 0
0.6336046485493555 0 0 3 3 0 3 0 0 3 3
-177.87385187424798 0 0 3 3 0 3 0 3 0 0
0.6336046485493555 0 0 3 3 0 3 0 3 0 3
0.7187199635492002 0 0 3 3 0 3 0 3 3 0
0.103427139506092 0 0 3 3 0 3 0 3 3 3
-160.97070619257212 0 0 3 3 0 3 3 0 0 0
0.6170906555467011 0 0 3 3 0 3 3 0 0 3
0.6989845940677362 0 0 3 3 0 3 3 0 3 0
0.09496631179364652 0 0 3 3 0 3 3 0 3 3
0.698984594067736 0 0 3 3 0 3 3 3 0 0
0.09496631179364652 0 0 3 3 0 3 3 3 0 3
0.09413591407792157 0 0 3 3 0 3 3 3 3 0
-862.7649053794526 0 0 3 3 3 0 0 0 0 0
-187.75288427717618 0 0 3 3 3 0 0 0 0 3
-184.82783386889017 0 0 3 3 3 0 0 0 3 0
0.5264314756643563 0 0 3 3 3 0 0 0 3 3
-184.8278338688901 0 0 3 3 3 0 0 3 0 0
0.5264314756643564 0 0 3 3 3 0 0 3 0 3
0.6155632589915515 0 0 3 3 3 0 0 3 3 0
0.11593861333797426 0 0 3 3 3 0 0 3 3 3
-180.20092727043104 0 0 3 3 3 0 3 0 0 0
0.5402673288470492 0 0 3 3 3 0 3 0 0 3
0.6322528538457147 0 0 3 3 3 0 3 0 3 0
0.11143240991408213 0 0 3 3 3 0 3 0 3 3
0.6322528538457146 0 0 3 3 3 0 3 3 0 0
0.11143240991408211 0 0 3 3 3 0 3 3 0 3
0.11123083930538862 0 0 3 3 3 0 3 3 3 0
0.026594430922019414 0 0 3 3 3 1 0 0 0 1
-4.469445766850099 0 0 3 3 3 1 0 0 3 1
-4.4694457668501 0 0 3 3 3 1 0 3 0 1
-12.079021222761895 0 0 3 3 3 1 0 3 3 1
-16.44241541539438 0 0 3 3 3 1 3 0 0 1
-93.85365019493352 0 0 3 3 3 1 3 0 3 1
-93.85365019493352 0 0 3 3 3 1 3 3 0 1
31965.255277018885 0 0 3 3 3 1 3 3 3 1
0.026594430922019414 0 0 3 3 3 2 0 0 0 2
-4.469445766850098 0 0 3 3 3 2 0 0 3 2
-4.469445766850099 0 0 3 3 3 2 0 3 0 2
-12.079021222761895 0 0 3 3 3 2 0 3 3 2
-16.442415415394382 0 0 3 3 3 2 3 0 0 2
-93.85365019493352 0 0 3 3 3 2 3 0 3 2
-93.85365019493352 0 0 3 3 3 2 3 3 0 2
31965.255277018885 0 0 3 3 3 2 3 3 3 2
-178.78243068615316 0 0 3 3 3 3 0 0 0 0
0.560707527685654 0 0 3 3 3 3 0 0 0 3
0.6392288582079229 0 0 3 3 3 3 0 0 3 0
0.10968045651608507 0 0 3 3 3 3 0 0 3 3
0.6392288582079229 0 0 3 3 3 3 0 3 0 0
0.10968045651608507 0 0 3 3 3 3 0 3 0 3
0.10683910378503773 0 0 3 3 3 3 0 3 3 0
0.6383197127465192 0 0 3 3 3 3 3 0 0 0
0.1021505829767498 0 0 3 3 3 3 3 0 0 3
0.10028741836377195 0 0 3 3 3 3 3 0 3 0
0.10028741836377196 0 0 3 3 3 3 3 3 0 0
-3.0947095585774838 0 1 0 0 1 0 1 0 0 1
0.0018547392592883575 0 1 0 0 1 0 1 0 3 1
0.0018547392592883575 0 1 0 0 1 0 1 3 0 1
0.0003519105211944862 0 1 0 0 1 0 1 3 3 1
-3.0947095585774846 0 1 0 0 1 0 2 0 0 2
0.0018547392592883558 0 1 0 0 1 0 2 0 3 2
0.0018547392592883558 0 1 0 0 1 0 2 3 0 2
0.0003519105211944862 0 1 0 0 1 0 2 3 3 2
-3.36575863676043e-05 0 1 0 0 1 1 1 3 3 0
-3.36575863676043e-05 0 1 0 0 1 2 2 3 3 0
0.0019742642591784425 0 1 0 0 1 3 1 0 0 1
0.0003258243695382164 0 1 0 0 1 3 1 0 3 1
0.0003258243695382164 0 1 0 0 1 3 1 3 0 1
0.0019742642591784425 0 1 0 0 1 3 2 0 0 2
0.0003258243695382164 0 1 0 0 1 3 2 0 3 2
0.0003258243695382164 0 1 0 0 1 3 2 3 0 2
-48994.270560498815 0 1 0 0 2 0 1 0 0 2
73.76090593203544 0 1 0 0 2 0 1 0 3 2
73.76090593203544 0 1 0 0 2 0 1 3 0 2
11.007851366216666 0 1 0 0 2 0 1 3 3 2
48994.270560498815 0 1 0 0 2 0 2 0 0 1
-73.76090593203546 0 1 0 0 2 0 2 0 3 1
-73.76090593203546 0 1 0 0 2 0 2 3 0 1
-11.007851366216666 0 1 0 0 2 0 2 3 3 1
0.00553678321389759 0 1 0 0 2 1 2 0 0 0
0.03460051750709892 0 1 0 0 2 1 2 0 3 0
0.005452075151963092 0 1 0 0 2 1 2 0 3 3
0.03460051750709893 0 1 0 0 2 1 2 3 0 0
0.005452075151963093 0 1 0 0 2 1 2 3 0 3
-14.318380406125543 0 1 0 0 2 1 2 3 3 0
0.02693666239220248 0 1 0 0 2 1 2 3 3 3
-0.00553678321389759 0 1 0 0 2 2 1 0 0 0
-0.03460051750709892 0 1 0 0 2 2 1 0 3 0
-0.005452075151963092 0 1 0 0 2 2 1 0 3 3
-0.03460051750709893 0 1 0 0 2 2 1 3 0 0
-0.005452075151963093 0 1 0 0 2 2 1 3 0 3
14.318380406125543 0 1 0 0 2 2 1 3 3 0
-0.02693666239220248 0 1 0 0 2 2 1 3 3 3
95.9193422219767 0 1 0 0 2 3 1 0 0 2
8.401991508282917 0 1 0 0 2 3 1 0 3 2
8.401991508282917 0 1 0 0 2 3 1 3 0 2
-0.023613861291173467 0 1 0 0 2 3 1 3 3 2
-95.9193422219767 0 1 0 0 2 3 2 0 0 1
-8.401991508282917 0 1 0 0 2 3 2 0 3 1
-8.401991508282917 0 1 0 0 2 3 2 3 0 1
0.023613861291173467 0 1 0 0 2 3 2 3 3 1
-4.616781119197235 0 1 0 1 0 0 1 0 1 0
0.000979122190433258 0 1 0 1 0 0 1 0 1 3
0.0034835186649402037 0 1 0 1 0 0 1 3 1 0
0.000520453372587808 0 1 0 1 0 0 1 3 1 3
-4.616781119197236 0 1 0 1 0 0 2 0 2 0
0.000979122190433258 0 1 0 1 0 0 2 0 2 3
0.0034835186649402037 0 1 0 1 0 0 2 3 2 0
0.000520453372587808 0 1 0 1 0 0 2 3 2 3
0.00419161955280498 0 1 0 1 0 3 1 0 1 0
0.000515757169017226 0 1 0 1 0 3 1 0 1 3
0.00047626571745042906 0 1 0 1 0 3 1 3 1 0
0.004191619552804982 0 1 0 1 0 3 2 0 2 0
0.0005157571690172258 0 1 0 1 0 3 2 0 2 3
0.00047626571745042906 0 1 0 1 0 3 2 3 2 0
0.0009791221904332575 0 1 0 1 3 0 1 0 1 0
0.0007097508686212229 0 1 0 1 3 0 1 0 1 3
0.0005709649726918881 0 1 0 1 3 0 1 3 1 0
0.0009791221904332575 0 1 0 1 3 0 2 0 2 0
0.0007097508686212229 0 1 0 1 3 0 2 0 2 3
0.0005709649726918878 0 1 0 1 3 0 2 3 2 0
1.9854971668939797e-06 0 1 0 1 3 1 1 3 1 1
1.5908429448391437e-06 0 1 0 1 3 1 1 3 2 2
-5.919295350966949e-06 0 1 0 1 3 1 2 3 1 2
6.313949573021813e-06 0 1 0 1 3 1 2 3 2 1
6.313949573021813e-06 0 1 0 1 3 2 1 3 1 2
-5.919295350966945e-06 0 1 0 1 3 2 1 3 2 1
1.5908429448391437e-06 0 1 0 1 3 2 2 3 1 1
1.9854971668939797e-06 0 1 0 1 3 2 2 3 2 2
0.0006176987376831156 0 1 0 1 3 3 1 0 1 0
0.0006176987376831152 0 1 0 1 3 3 2 0 2 0
-22879.40380514241 0 1 0 2 0 0 1 0 2 0
10.56819831079305 0 1 0 2 0 0 1 0 2 3
34.44804179787492 0 1 0 2 0 0 1 3 2 0
5.191322969694384 0 1 0 2 0 0 1 3 2 3
22879.40380514241 0 1 0 2 0 0 2 0 1 0
-10.56819831079305 0 1 0 2 0 0 2 0 1 3
-34.44804179787492 0 1 0 2 0 0 2 3 1 0
-5.191322969694384 0 1 0 2 0 0 2 3 1 3
4.624912465017901e-05 0 1 0 2 0 1 1 0 2 1
0.00032659587028305813 0 1 0 2 0 1 1 3 2 1
0.00025665970367086865 0 1 0 2 0 1 2 0 1 1
0.0003029088283210477 0 1 0 2 0 1 2 0 2 2
0.0013295696266364147 0 1 0 2 0 1 2 3 1 1
0.0016561654969194728 0 1 0 2 0 1 2 3 2 2
-0.0003029088283210477 0 1 0 2 0 2 1 0 1 1
-0.00025665970367086865 0 1 0 2 0 2 1 0 2 2
-0.0016561654969194728 0 1 0 2 0 2 1 3 1 1
-0.0013295696266364147 0 1 0 2 0 2 1 3 2 2
-4.624912465017901e-05 0 1 0 2 0 2 2 0 1 2
-0.00032659587028305813 0 1 0 2 0 2 2 3 1 2
45.98458212814344 0 1 0 2 0 3 1 0 2 0
4.953375134705499 0 1 0 2 0 3 1 0 2 3
4.452022697536623 0 1 0 2 0 3 1 3 2 0
-0.009993425280217589 0 1 0 2 0 3 1 3 2 3
-45.98458212814344 0 1 0 2 0 3 2 0 1 0
-4.953375134705499 0 1 0 2 0 3 2 0 1 3
-4.452022697536623 0 1 0 2 0 3 2 3 1 0
0.009993425280217589 0 1 0 2 0 3 2 3 1 3
10.568198310793054 0 1 0 2 3 0 1 0 2 0
7.030527346311817 0 1 0 2 3 0 1 0 2 3
5.65873026484294 0 1 0 2 3 0 1 3 2 0
-0.007814459590833758 0 1 0 2 3 0 1 3 2 3
-10.568198310793052 0 1 0 2 3 0 2 0 1 0
-7.030527346311817 0 1 0 2 3 0 2 0 1 3
-5.65873026484294 0 1 0 2 3 0 2 3 1 0
0.007814459590833758 0 1 0 2 3 0 2 3 1 3
-0.00042483543507822267 0 1 0 2 3 1 1 0 2 1
1.4245936935430665e-06 0 1 0 2 3 1 1 3 1 2
-0.012392860999686735 0 1 0 2 3 1 1 3 2 1
0.00042483543507822267 0 1 0 2 3 1 2 0 1 1
0.012137756984909667 0 1 0 2 3 1 2 3 1 1
-0.00025367942108352464 0 1 0 2 3 1 2 3 2 2
-0.00042483543507822267 0 1 0 2 3 2 1 0 2 2
0.00025367942108352464 0 1 0 2 3 2 1 3 1 1
-0.012137756984909666 0 1 0 2 3 2 1 3 2 2
0.00042483543507822267 0 1 0 2 3 2 2 0 1 2
0.012392860999686733 0 1 0 2 3 2 2 3 1 2
-1.4245936935430665e-06 0 1 0 2 3 2 2 3 2 1
4.46295876755529 0 1 0 2 3 3 1 0 2 0
-0.00923677613031435 0 1 0 2 3 3 1 0 2 3
-0.010110154817553679 0 1 0 2 3 3 1 3 2 0
-0.0018051120362662008 0 1 0 2 3 3 1 3 2 3
-4.46295876755529 0 1 0 2 3 3 2 0 1 0
0.00923677613031435 0 1 0 2 3 3 2 0 1 3
0.010110154817553679 0 1 0 2 3 3 2 3 1 0
0.0018051120362662008 0 1 0 2 3 3 2 3 1 3
0.0018547392592883566 0 1 0 3 1 0 1 0 0 1
0.000494147188049385 0 1 0 3 1 0 1 0 3 1
0.00038046963164822703 0 1 0 3 1 0 1 3 0 1
0.0018547392592883566 0 1 0 3 1 0 2 0 0 2
0.000494147188049385 0 1 0 3 1 0 2 0 3 2
0.00038046963164822703 0 1 0 3 1 0 2 3 0 2
-7.63654568938679e-05 0 1 0 3 1 1 1 0 3 0
-4.6396859859629226e-05 0 1 0 3 1 1 1 3 0 0
-0.00011918297759867108 0 1 0 3 1 1 1 3 3 0
-4.573280242463362e-05 0 1 0 3 1 1 1 3 3 3
-7.636545689386747e-05 0 1 0 3 1 2 2 0 3 0
-4.639685985962944e-05 0 1 0 3 1 2 2 3 0 0
-0.00011918297759867108 0 1 0 3 1 2 2 3 3 0
-4.573280242463362e-05 0 1 0 3 1 2 2 3 3 3
0.00037006708298937727 0 1 0 3 1 3 1 0 0 1
0.00037006708298937727 0 1 0 3 1 3 2 0 0 2
73.76090593203546 0 1 0 3 2 0 1 0 0 2
13.29869614839353 0 1 0 3 2 0 1 0 3 2
11.615741781446353 0 1 0 3 2 0 1 3 0 2
-0.02719482096678887 0 1 0 3 2 0 1 3 3 2
-73.76090593203547 0 1 0 3 2 0 2 0 0 1
-13.298696148393528 0 1 0 3 2 0 2 0 3 1
-11.615741781446355 0 1 0 3 2 0 2 3 0 1
0.02719482096678887 0 1 0 3 2 0 2 3 3 1
0.03460051750709892 0 1 0 3 2 1 2 0 0 0
0.005149166323642046 0 1 0 3 2 1 2 0 0 3
-16.270904236445393 0 1 0 3 2 1 2 0 3 0
0.025686320730864423 0 1 0 3 2 1 2 0 3 3
-15.108771513309382 0 1 0 3 2 1 2 3 0 0
0.025451204214646892 0 1 0 3 2 1 2 3 0 3
-95.95512243487762 0 1 0 3 2 1 2 3 3 0
-15.7889632987737 0 1 0 3 2 1 2 3 3 3
-0.03460051750709892 0 1 0 3 2 2 1 0 0 0
-0.005149166323642046 0 1 0 3 2 2 1 0 0 3
16.270904236445393 0 1 0 3 2 2 1 0 3 0
-0.025686320730864423 0 1 0 3 2 2 1 0 3 3
15.108771513309382 0 1 0 3 2 2 1 3 0 0
-0.025451204214646892 0 1 0 3 2 2 1 3 0 3
95.95512243487762 0 1 0 3 2 2 1 3 3 0
15.788963298773702 0 1 0 3 2 2 1 3 3 3
11.691078045132869 0 1 0 3 2 3 1 0 0 2
-0.028354214325293343 0 1 0 3 2 3 1 0 3 2
-0.0266858855875312 0 1 0 3 2 3 1 3 0 2
-0.0035049296878797917 0 1 0 3 2 3 1 3 3 2
-11.691078045132869 0 1 0 3 2 3 2 0 0 1
0.028354214325293343 0 1 0 3 2 3 2 0 3 1
0.0266858855875312 0 1 0 3 2 3 2 3 0 1
0.0035049296878797917 0 1 0 3 2 3 2 3 3 1
-4.616781119197235 0 1 1 0 0 0 1 1 0 0
0.000979122190433258 0 1 1 0 0 0 1 1 0 3
0.0034835186649402037 0 1 1 0 0 0 1 1 3 0
0.0005204533725878082 0 1 1 0 0 0 1 1 3 3
-4.616781119197234 0 1 1 0 0 0 2 2 0 0
0.000979122190433258 0 1 1 0 0 0 2 2 0 3
0.0034835186649402037 0 1 1 0 0 0 2 2 3 0
0.000520453372587808 0 1 1 0 0 0 2 2 3 3
0.00419161955280498 0 1 1 0 0 3 1 1 0 0
0.000515757169017226 0 1 1 0 0 3 1 1 0 3
0.00047626571745042906 0 1 1 0 0 3 1 1 3 0
0.004191619552804982 0 1 1 0 0 3 2 2 0 0
0.0005157571690172258 0 1 1 0 0 3 2 2 0 3
0.00047626571745042906 0 1 1 0 0 3 2 2 3 0
0.0009791221904332575 0 1 1 0 3 0 1 1 0 0
0.0007097508686212229 0 1 1 0 3 0 1 1 0 3
0.000570964972691888 0 1 1 0 3 0 1 1 3 0
0.0009791221904332575 0 1 1 0 3 0 2 2 0 0
0.0007097508686212229 0 1 1 0 3 0 2 2 0 3
0.000570964972691888 0 1 1 0 3 0 2 2 3 0
1.9854971668939933e-06 0 1 1 0 3 1 1 1 3 1
1.5908429448391437e-06 0 1 1 0 3 1 1 2 3 2
-5.919295350966949e-06 0 1 1 0 3 1 2 1 3 2
6.313949573021813e-06 0 1 1 0 3 1 2 2 3 1
6.313949573021813e-06 0 1 1 0 3 2 1 1 3 2
-5.919295350966949e-06 0 1 1 0 3 2 1 2 3 1
1.5908429448391437e-06 0 1 1 0 3 2 2 1 3 1
1.9854971668939933e-06 0 1 1 0 3 2 2 2 3 2
0.0006176987376831156 0 1 1 0 3 3 1 1 0 0
0.0006176987376831156 0 1 1 0 3 3 2 2 0 0
2.410946719205413e-06 0 1 1 1 1 0 1 1 2 2
2.410946719205413e-06 0 1 1 1 1 0 1 2 1 2
-4.821893438410833e-06 0 1 1 1 1 0 1 2 2 1
-4.821893438410833e-06 0 1 1 1 1 0 2 1 1 2
2.410946719205413e-06 0 1 1 1 1 0 2 1 2 1
2.410946719205413e-06 0 1 1 1 1 0 2 2 1 1
1.390245093523311e-05 0 1 1 1 1 1 1 2 2 0
-6.95122546761655e-06 0 1 1 1 1 1 2 1 2 0
-6.951225467616553e-06 0 1 1 1 1 1 2 2 1 0
-6.951225467616553e-06 0 1 1 1 1 2 1 1 2 0
-6.95122546761655e-06 0 1 1 1 1 2 1 2 1 0
1.390245093523311e-05 0 1 1 1 1 2 2 1 1 0
-0.00021487866289363923 0 1 1 1 2 0 1 1 1 2
5.2922546823285565e-05 0 1 1 1 2 0 1 1 2 1
5.292254682328558e-05 0 1 1 1 2 0 1 2 1 1
-0.00010903356924706818 0 1 1 1 2 0 1 2 2 2
0.00010903356924706813 0 1 1 1 2 0 2 1 1 1
-5.2922546823285565e-05 0 1 1 1 2 0 2 1 2 2
-5.292254682328555e-05 0 1 1 1 2 0 2 2 1 2
0.00021487866289363928 0 1 1 1 2 0 2 2 2 1
-4.499888362575254e-05 0 1 1 1 2 1 1 1 2 0
-4.499888362575254e-05 0 1 1 1 2 1 1 2 1 0
0.00013881637659078958 0 1 1 1 2 1 2 1 1 0
4.881860933928448e-05 0 1 1 1 2 1 2 2 2 0
-4.881860933928448e-05 0 1 1 1 2 2 1 1 1 0
-0.00013881637659078958 0 1 1 1 2 2 1 2 2 0
4.499888362575253e-05 0 1 1 1 2 2 2 1 2 0
4.499888362575254e-05 0 1 1 1 2 2 2 2 1 0
5.2922546823285565e-05 0 1 1 2 1 0 1 1 1 2
-8.994033938582666e-05 0 1 1 2 1 0 1 1 2 1
2.37372170153307e-05 0 1 1 2 1 0 1 2 1 1
-1.3280575547210407e-05 0 1 1 2 1 0 1 2 2 2
1.3280575547210404e-05 0 1 1 2 1 0 2 1 1 1
-2.3737217015330693e-05 0 1 1 2 1 0 2 1 2 2
8.994033938582663e-05 0 1 1 2 1 0 2 2 1 2
-5.2922546823285565e-05 0 1 1 2 1 0 2 2 2 1
2.55353960544052e-05 0 1 1 2 1 1 1 1 2 0
-4.433200979833375e-06 0 1 1 2 1 1 1 2 1 0
-5.575548535214331e-06 0 1 1 2 1 1 2 1 1 0
1.552664653935749e-05 0 1 1 2 1 1 2 2 2 0
-1.552664653935749e-05 0 1 1 2 1 2 1 1 1 0
5.575548535214338e-06 0 1 1 2 1 2 1 2 2 0
4.433200979833375e-06 0 1 1 2 1 2 2 1 2 0
-2.55353960544052e-05 0 1 1 2 1 2 2 2 1 0
2.410946719205414e-06 0 1 1 2 2 0 1 1 1 1
-1.075172985286727 0 1 1 2 2 0 1 1 2 2
0.6077813816604364 0 1 1 2 2 0 1 2 1 2
0.46739401457300955 0 1 1 2 2 0 1 2 2 1
0.46739401457300955 0 1 1 2 2 0 2 1 1 2
0.6077813816604364 0 1 1 2 2 0 2 1 2 1
-1.075172985286727 0 1 1 2 2 0 2 2 1 1
2.410946719205414e-06 0 1 1 2 2 0 2 2 2 2
-1.188597793279194e-06 0 1 1 2 2 1 1 1 1 0
-0.41895118898332184 0 1 1 2 2 1 1 2 2 0
0.00010629812251027011 0 1 1 2 2 1 1 2 2 3
0.7905413617607603 0 1 1 2 2 1 2 1 2 0
-0.00017070731936389455 0 1 1 2 2 1 2 1 2 3
-0.37159136137523174 0 1 1 2 2 1 2 2 1 0
6.440919685362441e-05 0 1 1 2 2 1 2 2 1 3
-0.37159136137523174 0 1 1 2 2 2 1 1 2 0
6.440919685362441e-05 0 1 1 2 2 2 1 1 2 3
0.7905413617607604 0 1 1 2 2 2 1 2 1 0
-0.00017070731936389455 0 1 1 2 2 2 1 2 1 3
-0.41895118898332184 0 1 1 2 2 2 2 1 1 0
0.00010629812251027011 0 1 1 2 2 2 2 1 1 3
-1.1885977932791927e-06 0 1 1 2 2 2 2 2 2 0
0.001073264438743972 0 1 1 2 2 3 1 1 2 2
-0.0005950642990181502 0 1 1 2 2 3 1 2 1 2
-0.00047820013972582154 0 1 1 2 2 3 1 2 2 1
-0.00047820013972582154 0 1 1 2 2 3 2 1 1 2
-0.0005950642990181502 0 1 1 2 2 3 2 1 2 1
0.001073264438743972 0 1 1 2 2 3 2 2 1 1
0.003483518664940205 0 1 1 3 0 0 1 1 0 0
0.0005709649726918877 0 1 1 3 0 0 1 1 0 3
0.0006774759582133434 0 1 1 3 0 0 1 1 3 0
0.0034835186649402033 0 1 1 3 0 0 2 2 0 0
0.0005709649726918877 0 1 1 3 0 0 2 2 0 3
0.0006774759582133434 0 1 1 3 0 0 2 2 3 0
6.557551895333593e-05 0 1 1 3 0 1 1 1 3 1
4.051116612331032e-05 0 1 1 3 0 1 1 2 3 2
-4.552767978709604e-05 0 1 1 3 0 1 2 1 3 2
7.059203261712168e-05 0 1 1 3 0 1 2 2 3 1
7.059203261712168e-05 0 1 1 3 0 2 1 1 3 2
-4.552767978709604e-05 0 1 1 3 0 2 1 2 3 1
4.051116612331032e-05 0 1 1 3 0 2 2 1 3 1
6.557551895333595e-05 0 1 1 3 0 2 2 2 3 2
0.0005383602298388232 0 1 1 3 0 3 1 1 0 0
0.0005383602298388232 0 1 1 3 0 3 2 2 0 0
0.0005204533725878078 0 1 1 3 3 0 1 1 0 0
0.0005204533725878078 0 1 1 3 3 0 2 2 0 0
4.5795782999367266e-05 0 1 1 3 3 1 1 1 0 1
-5.89896213190804e-05 0 1 1 3 3 1 1 1 3 1
7.353470619176464e-06 0 1 1 3 3 1 1 2 0 2
-0.00019548697293420762 0 1 1 3 3 1 1 2 3 2
2.3552941735428098e-05 0 1 1 3 3 1 2 1 0 2
-0.0001967926708225546 0 1 1 3 3 1 2 1 3 2
1.4889370644762696e-05 0 1 1 3 3 1 2 2 0 1
0.0003332900224376817 0 1 1 3 3 1 2 2 3 1
1.4889370644762696e-05 0 1 1 3 3 2 1 1 0 2
0.0003332900224376817 0 1 1 3 3 2 1 1 3 2
2.3552941735428098e-05 0 1 1 3 3 2 1 2 0 1
-0.00019679267082255448 0 1 1 3 3 2 1 2 3 1
7.353470619176464e-06 0 1 1 3 3 2 2 1 0 1
-0.00019548697293420773 0 1 1 3 3 2 2 1 3 1
4.5795782999367266e-05 0 1 1 3 3 2 2 2 0 2
-5.89896213190804e-05 0 1 1 3 3 2 2 2 3 2
-22879.40380514241 0 1 2 0 0 0 1 2 0 0
10.56819831079305 0 1 2 0 0 0 1 2 0 3
34.44804179787493 0 1 2 0 0 0 1 2 3 0
5.191322969694384 0 1 2 0 0 0 1 2 3 3
22879.40380514241 0 1 2 0 0 0 2 1 0 0
-10.56819831079305 0 1 2 0 0 0 2 1 0 3
-34.44804179787492 0 1 2 0 0 0 2 1 3 0
-5.191322969694384 0 1 2 0 0 0 2 1 3 3
4.6249124650179024e-05 0 1 2 0 0 1 1 2 0 1
0.00032659587028305813 0 1 2 0 0 1 1 2 3 1
0.00025665970367086865 0 1 2 0 0 1 2 1 0 1
0.0013295696266364147 0 1 2 0 0 1 2 1 3 1
0.0003029088283210477 0 1 2 0 0 1 2 2 0 2
0.0016561654969194728 0 1 2 0 0 1 2 2 3 2
-0.0003029088283210477 0 1 2 0 0 2 1 1 0 1
-0.0016561654969194728 0 1 2 0 0 2 1 1 3 1
-0.00025665970367086865 0 1 2 0 0 2 1 2 0 2
-0.0013295696266364147 0 1 2 0 0 2 1 2 3 2
-4.6249124650179024e-05 0 1 2 0 0 2 2 1 0 2
-0.00032659587028305813 0 1 2 0 0 2 2 1 3 2
45.98458212814344 0 1 2 0 0 3 1 2 0 0
4.953375134705499 0 1 2 0 0 3 1 2 0 3
4.452022697536623 0 1 2 0 0 3 1 2 3 0
-0.009993425280217589 0 1 2 0 0 3 1 2 3 3
-45.98458212814344 0 1 2 0 0 3 2 1 0 0
-4.953375134705499 0 1 2 0 0 3 2 1 0 3
-4.452022697536623 0 1 2 0 0 3 2 1 3 0
0.009993425280217589 0 1 2 0 0 3 2 1 3 3
10.568198310793054 0 1 2 0 3 0 1 2 0 0
7.030527346311817 0 1 2 0 3 0 1 2 0 3
5.65873026484294 0 1 2 0 3 0 1 2 3 0
-0.007814459590833758 0 1 2 0 3 0 1 2 3 3
-10.568198310793052 0 1 2 0 3 0 2 1 0 0
-7.030527346311817 0 1 2 0 3 0 2 1 0 3
-5.65873026484294 0 1 2 0 3 0 2 1 3 0
0.007814459590833758 0 1 2 0 3 0 2 1 3 3
1.4245936935430665e-06 0 1 2 0 3 1 1 1 3 2
-0.00042483543507822267 0 1 2 0 3 1 1 2 0 1
-0.012392860999686733 0 1 2 0 3 1 1 2 3 1
0.00042483543507822267 0 1 2 0 3 1 2 1 0 1
0.012137756984909669 0 1 2 0 3 1 2 1 3 1
-0.00025367942108352464 0 1 2 0 3 1 2 2 3 2
0.00025367942108352464 0 1 2 0 3 2 1 1 3 1
-0.00042483543507822267 0 1 2 0 3 2 1 2 0 2
-0.012137756984909667 0 1 2 0 3 2 1 2 3 2
0.00042483543507822267 0 1 2 0 3 2 2 1 0 2
0.012392860999686731 0 1 2 0 3 2 2 1 3 2
-1.4245936935430665e-06 0 1 2 0 3 2 2 2 3 1
4.46295876755529 0 1 2 0 3 3 1 2 0 0
-0.00923677613031435 0 1 2 0 3 3 1 2 0 3
-0.010110154817553679 0 1 2 0 3 3 1 2 3 0
-0.0018051120362662008 0 1 2 0 3 3 1 2 3 3
-4.46295876755529 0 1 2 0 3 3 2 1 0 0
0.00923677613031435 0 1 2 0 3 3 2 1 0 3
0.010110154817553679 0 1 2 0 3 3 2 1 3 0
0.0018051120362662008 0 1 2 0 3 3 2 1 3 3
5.2922546823285565e-05 0 1 2 1 1 0 1 1 1 2
2.37372170153307e-05 0 1 2 1 1 0 1 1 2 1
-8.994033938582666e-05 0 1 2 1 1 0 1 2 1 1
-1.3280575547210407e-05 0 1 2 1 1 0 1 2 2 2
1.3280575547210404e-05 0 1 2 1 1 0 2 1 1 1
8.994033938582669e-05 0 1 2 1 1 0 2 1 2 2
-2.37372170153307e-05 0 1 2 1 1 0 2 2 1 2
-5.2922546823285565e-05 0 1 2 1 1 0 2 2 2 1
-4.433200979833375e-06 0 1 2 1 1 1 1 1 2 0
2.5535396054405213e-05 0 1 2 1 1 1 1 2 1 0
-5.575548535214328e-06 0 1 2 1 1 1 2 1 1 0
1.552664653935749e-05 0 1 2 1 1 1 2 2 2 0
-1.5526646539357483e-05 0 1 2 1 1 2 1 1 1 0
5.575548535214328e-06 0 1 2 1 1 2 1 2 2 0
-2.5535396054405213e-05 0 1 2 1 1 2 2 1 2 0
4.433200979833375e-06 0 1 2 1 1 2 2 2 1 0
2.410946719205414e-06 0 1 2 1 2 0 1 1 1 1
0.6077813816604364 0 1 2 1 2 0 1 1 2 2
-1.075172985286727 0 1 2 1 2 0 1 2 1 2
0.46739401457300955 0 1 2 1 2 0 1 2 2 1
0.46739401457300955 0 1 2 1 2 0 2 1 1 2
-1.075172985286727 0 1 2 1 2 0 2 1 2 1
0.6077813816604364 0 1 2 1 2 0 2 2 1 1
2.410946719205414e-06 0 1 2 1 2 0 2 2 2 2
-1.1885977932791974e-06 0 1 2 1 2 1 1 1 1 0
-0.4189511889833219 0 1 2 1 2 1 1 2 2 0
0.00010629812251027011 0 1 2 1 2 1 1 2 2 3
-0.37159136137523174 0 1 2 1 2 1 2 1 2 0
6.440919685362441e-05 0 1 2 1 2 1 2 1 2 3
0.7905413617607604 0 1 2 1 2 1 2 2 1 0
-0.00017070731936389455 0 1 2 1 2 1 2 2 1 3
0.7905413617607604 0 1 2 1 2 2 1 1 2 0
-0.00017070731936389455 0 1 2 1 2 2 1 1 2 3
-0.37159136137523174 0 1 2 1 2 2 1 2 1 0
6.440919685362441e-05 0 1 2 1 2 2 1 2 1 3
-0.4189511889833219 0 1 2 1 2 2 2 1 1 0
0.00010629812251027011 0 1 2 1 2 2 2 1 1 3
-1.1885977932791961e-06 0 1 2 1 2 2 2 2 2 0
-0.0005950642990181502 0 1 2 1 2 3 1 1 2 2
0.001073264438743972 0 1 2 1 2 3 1 2 1 2
-0.00047820013972582154 0 1 2 1 2 3 1 2 2 1
-0.00047820013972582154 0 1 2 1 2 3 2 1 1 2
0.001073264438743972 0 1 2 1 2 3 2 1 2 1
-0.0005950642990181502 0 1 2 1 2 3 2 2 1 1
-4.821893438410829e-06 0 1 2 2 1 0 1 1 1 1
0.46739401457300955 0 1 2 2 1 0 1 1 2 2
0.46739401457300955 0 1 2 2 1 0 1 2 1 2
-0.9347928510394575 0 1 2 2 1 0 1 2 2 1
-0.9347928510394575 0 1 2 2 1 0 2 1 1 2
0.46739401457300955 0 1 2 2 1 0 2 1 2 1
0.46739401457300955 0 1 2 2 1 0 2 2 1 1
-4.821893438410836e-06 0 1 2 2 1 0 2 2 2 2
2.377195586558391e-06 0 1 2 2 1 1 1 1 1 0
0.8379162804175783 0 1 2 2 1 1 1 2 2 0
-0.00021259624502054022 0 1 2 2 1 1 1 2 2 3
-0.4189569516109961 0 1 2 2 1 1 2 1 2 0
0.00010629812251027011 0 1 2 2 1 1 2 1 2 3
-0.4189569516109961 0 1 2 2 1 1 2 2 1 0
0.00010629812251027011 0 1 2 2 1 1 2 2 1 3
-0.4189569516109961 0 1 2 2 1 2 1 1 2 0
0.00010629812251027011 0 1 2 2 1 2 1 1 2 3
-0.41895695161099616 0 1 2 2 1 2 1 2 1 0
0.00010629812251027011 0 1 2 2 1 2 1 2 1 3
0.8379162804175782 0 1 2 2 1 2 2 1 1 0
-0.00021259624502054022 0 1 2 2 1 2 2 1 1 3
2.3771955865583927e-06 0 1 2 2 1 2 2 2 2 0
-0.00047820013972582154 0 1 2 2 1 3 1 1 2 2
-0.00047820013972582154 0 1 2 2 1 3 1 2 1 2
0.000956400279451643 0 1 2 2 1 3 1 2 2 1
0.000956400279451643 0 1 2 2 1 3 2 1 1 2
-0.00047820013972582154 0 1 2 2 1 3 2 1 2 1
-0.00047820013972582154 0 1 2 2 1 3 2 2 1 1
-0.00010903356924706815 0 1 2 2 2 0 1 1 1 2
-1.3280575547210394e-05 0 1 2 2 2 0 1 1 2 1
-1.3280575547210394e-05 0 1 2 2 2 0 1 2 1 1
-0.00013559472034148904 0 1 2 2 2 0 1 2 2 2
0.000135594720341489 0 1 2 2 2 0 2 1 1 1
1.3280575547210407e-05 0 1 2 2 2 0 2 1 2 2
1.32805755472104e-05 0 1 2 2 2 0 2 2 1 2
0.00010903356924706815 0 1 2 2 2 0 2 2 2 1
-2.3896688551180715e-05 0 1 2 2 2 1 1 1 2 0
-2.3896688551180712e-05 0 1 2 2 2 1 1 2 1 0
0.00012766527952036088 0 1 2 2 2 1 2 1 1 0
7.987190241799943e-05 0 1 2 2 2 1 2 2 2 0
-7.987190241799945e-05 0 1 2 2 2 2 1 1 1 0
-0.00012766527952036088 0 1 2 2 2 2 1 2 2 0
2.3896688551180705e-05 0 1 2 2 2 2 2 1 2 0
2.3896688551180722e-05 0 1 2 2 2 2 2 2 1 0
34.44804179787494 0 1 2 3 0 0 1 2 0 0
5.658730264842941 0 1 2 3 0 0 1 2 0 3
6.275310146521663 0 1 2 3 0 0 1 2 3 0
-0.009646765673421182 0 1 2 3 0 0 1 2 3 3
-34.448041797874936 0 1 2 3 0 0 2 1 0 0
-5.658730264842942 0 1 2 3 0 0 2 1 0 3
-6.2753101465216625 0 1 2 3 0 0 2 1 3 0
0.009646765673421182 0 1 2 3 0 0 2 1 3 3
6.518521753119737e-06 0 1 2 3 0 1 1 1 3 2
0.0002202977477727878 0 1 2 3 0 1 1 2 0 1
-0.5692399607535901 0 1 2 3 0 1 1 2 3 1
0.0014358677491466843 0 1 2 3 0 1 2 1 0 1
-1.6301521814818956 0 1 2 3 0 1 2 1 3 1
0.0016561654969194722 0 1 2 3 0 1 2 2 0 2
-2.1993856237137326 0 1 2 3 0 1 2 2 3 2
-0.0016561654969194722 0 1 2 3 0 2 1 1 0 1
2.1993856237137326 0 1 2 3 0 2 1 1 3 1
-0.0014358677491466843 0 1 2 3 0 2 1 2 0 2
1.6301521814818953 0 1 2 3 0 2 1 2 3 2
-0.0002202977477727878 0 1 2 3 0 2 2 1 0 2
0.5692399607535901 0 1 2 3 0 2 2 1 3 2
-6.518521753119734e-06 0 1 2 3 0 2 2 2 3 1
5.4429645781809475 0 1 2 3 0 3 1 2 0 0
-0.010709265142869104 0 1 2 3 0 3 1 2 0 3
-0.013846830942997934 0 1 2 3 0 3 1 2 3 0
-0.0018637200520622383 0 1 2 3 0 3 1 2 3 3
-5.442964578180947 0 1 2 3 0 3 2 1 0 0
0.010709265142869104 0 1 2 3 0 3 2 1 0 3
0.013846830942997934 0 1 2 3 0 3 2 1 3 0
0.0018637200520622383 0 1 2 3 0 3 2 1 3 3
5.191322969694382 0 1 2 3 3 0 1 2 0 0
-0.00781445959083376 0 1 2 3 3 0 1 2 0 3
-0.009646765673421182 0 1 2 3 3 0 1 2 3 0
-0.0022772481168062734 0 1 2 3 3 0 1 2 3 3
-5.191322969694382 0 1 2 3 3 0 2 1 0 0
0.00781445959083376 0 1 2 3 3 0 2 1 0 3
0.009646765673421182 0 1 2 3 3 0 2 1 3 0
0.0022772481168062734 0 1 2 3 3 0 2 1 3 3
7.187221367880431e-06 0 1 2 3 3 1 1 1 0 2
-0.0002720457265390867 0 1 2 3 3 1 1 1 3 2
0.40653443129508365 0 1 2 3 3 1 1 2 0 1
0.9152358981203648 0 1 2 3 3 1 1 2 3 1
-0.4068247701746215 0 1 2 3 3 1 2 1 0 1
-0.9180188532034038 0 1 2 3 3 1 2 1 3 1
-0.00028315165816991965 0 1 2 3 3 1 2 2 0 2
-0.003055000809578055 0 1 2 3 3 1 2 2 3 2
0.00028315165816991965 0 1 2 3 3 2 1 1 0 1
0.003055000809578055 0 1 2 3 3 2 1 1 3 1
0.4068247701746215 0 1 2 3 3 2 1 2 0 2
0.9180188532034038 0 1 2 3 3 2 1 2 3 2
-0.40653443129508365 0 1 2 3 3 2 2 1 0 2
-0.9152358981203648 0 1 2 3 3 2 2 1 3 2
-7.187221367880433e-06 0 1 2 3 3 2 2 2 0 1
0.00027204572653908665 0 1 2 3 3 2 2 2 3 1
-0.009869594400753554 0 1 2 3 3 3 1 2 0 0
-0.0019621393015175612 0 1 2 3 3 3 1 2 0 3
-0.0018175730436413074 0 1 2 3 3 3 1 2 3 0
0.009869594400753554 0 1 2 3 3 3 2 1 0 0
0.0019621393015175612 0 1 2 3 3 3 2 1 0 3
0.0018175730436413074 0 1 2 3 3 3 2 1 3 0
0.0018547392592883566 0 1 3 0 1 0 1 0 0 1
0.0003804696316482272 0 1 3 0 1 0 1 0 3 1
0.000494147188049385 0 1 3 0 1 0 1 3 0 1
0.0018547392592883566 0 1 3 0 1 0 2 0 0 2
0.00038046963164822676 0 1 3 0 1 0 2 0 3 2
0.000494147188049385 0 1 3 0 1 0 2 3 0 2
-4.6396859859629226e-05 0 1 3 0 1 1 1 0 3 0
-7.636545689386747e-05 0 1 3 0 1 1 1 3 0 0
-0.00011918297759867108 0 1 3 0 1 1 1 3 3 0
-4.57328024246334e-05 0 1 3 0 1 1 1 3 3 3
-4.639685985962944e-05 0 1 3 0 1 2 2 0 3 0
-7.63654568938679e-05 0 1 3 0 1 2 2 3 0 0
-0.00011918297759867108 0 1 3 0 1 2 2 3 3 0
-4.573280242463362e-05 0 1 3 0 1 2 2 3 3 3
0.0003700670829893775 0 1 3 0 1 3 1 0 0 1
0.00037006708298937727 0 1 3 0 1 3 2 0 0 2
73.76090593203546 0 1 3 0 2 0 1 0 0 2
11.615741781446353 0 1 3 0 2 0 1 0 3 2
13.29869614839353 0 1 3 0 2 0 1 3 0 2
-0.02719482096678887 0 1 3 0 2 0 1 3 3 2
-73.76090593203547 0 1 3 0 2 0 2 0 0 1
-11.615741781446355 0 1 3 0 2 0 2 0 3 1
-13.298696148393528 0 1 3 0 2 0 2 3 0 1
0.02719482096678887 0 1 3 0 2 0 2 3 3 1
0.03460051750709892 0 1 3 0 2 1 2 0 0 0
0.005149166323642046 0 1 3 0 2 1 2 0 0 3
-15.108771513309382 0 1 3 0 2 1 2 0 3 0
0.025451204214646892 0 1 3 0 2 1 2 0 3 3
-16.270904236445396 0 1 3 0 2 1 2 3 0 0
0.025686320730864423 0 1 3 0 2 1 2 3 0 3
-95.95512243487761 0 1 3 0 2 1 2 3 3 0
-15.788963298773703 0 1 3 0 2 1 2 3 3 3
-0.03460051750709892 0 1 3 0 2 2 1 0 0 0
-0.005149166323642046 0 1 3 0 2 2 1 0 0 3
15.108771513309382 0 1 3 0 2 2 1 0 3 0
-0.025451204214646892 0 1 3 0 2 2 1 0 3 3
16.270904236445393 0 1 3 0 2 2 1 3 0 0
-0.025686320730864423 0 1 3 0 2 2 1 3 0 3
95.95512243487761 0 1 3 0 2 2 1 3 3 0
15.788963298773702 0 1 3 0 2 2 1 3 3 3
11.691078045132869 0 1 3 0 2 3 1 0 0 2
-0.0266858855875312 0 1 3 0 2 3 1 0 3 2
-0.028354214325293343 0 1 3 0 2 3 1 3 0 2
-0.0035049296878797917 0 1 3 0 2 3 1 3 3 2
-11.691078045132869 0 1 3 0 2 3 2 0 0 1
0.0266858855875312 0 1 3 0 2 3 2 0 3 1
0.028354214325293343 0 1 3 0 2 3 2 3 0 1
0.0035049296878797917 0 1 3 0 2 3 2 3 3 1
0.003483518664940205 0 1 3 1 0 0 1 0 1 0
0.0005709649726918882 0 1 3 1 0 0 1 0 1 3
0.0006774759582133434 0 1 3 1 0 0 1 3 1 0
0.0034835186649402033 0 1 3 1 0 0 2 0 2 0
0.0005709649726918882 0 1 3 1 0 0 2 0 2 3
0.000677475958213343 0 1 3 1 0 0 2 3 2 0
6.55755189533359e-05 0 1 3 1 0 1 1 3 1 1
4.051116612331032e-05 0 1 3 1 0 1 1 3 2 2
-4.552767978709605e-05 0 1 3 1 0 1 2 3 1 2
7.059203261712168e-05 0 1 3 1 0 1 2 3 2 1
7.059203261712168e-05 0 1 3 1 0 2 1 3 1 2
-4.5527679787096026e-05 0 1 3 1 0 2 1 3 2 1
4.051116612331029e-05 0 1 3 1 0 2 2 3 1 1
6.557551895333595e-05 0 1 3 1 0 2 2 3 2 2
0.0005383602298388232 0 1 3 1 0 3 1 0 1 0
0.0005383602298388232 0 1 3 1 0 3 2 0 2 0
0.0005204533725878078 0 1 3 1 3 0 1 0 1 0
0.0005204533725878078 0 1 3 1 3 0 2 0 2 0
4.579578299936729e-05 0 1 3 1 3 1 1 0 1 1
7.353470619176464e-06 0 1 3 1 3 1 1 0 2 2
-5.89896213190804e-05 0 1 3 1 3 1 1 3 1 1
-0.00019548697293420762 0 1 3 1 3 1 1 3 2 2
2.3552941735428098e-05 0 1 3 1 3 1 2 0 1 2
1.4889370644762716e-05 0 1 3 1 3 1 2 0 2 1
-0.0001967926708225546 0 1 3 1 3 1 2 3 1 2
0.00033329002243768157 0 1 3 1 3 1 2 3 2 1
1.4889370644762716e-05 0 1 3 1 3 2 1 0 1 2
2.3552941735428098e-05 0 1 3 1 3 2 1 0 2 1
0.00033329002243768157 0 1 3 1 3 2 1 3 1 2
-0.00019679267082255448 0 1 3 1 3 2 1 3 2 1
7.353470619176464e-06 0 1 3 1 3 2 2 0 1 1
4.579578299936729e-05 0 1 3 1 3 2 2 0 2 2
-0.00019548697293420773 0 1 3 1 3 2 2 3 1 1
-5.89896213190804e-05 0 1 3 1 3 2 2 3 2 2
34.448041797874936 0 1 3 2 0 0 1 0 2 0
5.658730264842941 0 1 3 2 0 0 1 0 2 3
6.275310146521663 0 1 3 2 0 0 1 3 2 0
-0.009646765673421182 0 1 3 2 0 0 1 3 2 3
-34.448041797874936 0 1 3 2 0 0 2 0 1 0
-5.658730264842941 0 1 3 2 0 0 2 0 1 3
-6.2753101465216625 0 1 3 2 0 0 2 3 1 0
0.009646765673421182 0 1 3 2 0 0 2 3 1 3
0.0002202977477727878 0 1 3 2 0 1 1 0 2 1
6.518521753119737e-06 0 1 3 2 0 1 1 3 1 2
-0.5692399607535901 0 1 3 2 0 1 1 3 2 1
0.0014358677491466843 0 1 3 2 0 1 2 0 1 1
0.0016561654969194722 0 1 3 2 0 1 2 0 2 2
-1.6301521814818956 0 1 3 2 0 1 2 3 1 1
-2.1993856237137326 0 1 3 2 0 1 2 3 2 2
-0.0016561654969194722 0 1 3 2 0 2 1 0 1 1
-0.0014358677491466843 0 1 3 2 0 2 1 0 2 2
2.1993856237137326 0 1 3 2 0 2 1 3 1 1
1.6301521814818953 0 1 3 2 0 2 1 3 2 2
-0.0002202977477727878 0 1 3 2 0 2 2 0 1 2
0.5692399607535901 0 1 3 2 0 2 2 3 1 2
-6.518521753119734e-06 0 1 3 2 0 2 2 3 2 1
5.4429645781809475 0 1 3 2 0 3 1 0 2 0
-0.010709265142869104 0 1 3 2 0 3 1 0 2 3
-0.013846830942997934 0 1 3 2 0 3 1 3 2 0
-0.0018637200520622383 0 1 3 2 0 3 1 3 2 3
-5.442964578180947 0 1 3 2 0 3 2 0 1 0
0.010709265142869104 0 1 3 2 0 3 2 0 1 3
0.013846830942997934 0 1 3 2 0 3 2 3 1 0
0.0018637200520622383 0 1 3 2 0 3 2 3 1 3
5.191322969694382 0 1 3 2 3 0 1 0 2 0
-0.00781445959083376 0 1 3 2 3 0 1 0 2 3
-0.00964676567342118 0 1 3 2 3 0 1 3 2 0
-0.002277248116806274 0 1 3 2 3 0 1 3 2 3
-5.191322969694382 0 1 3 2 3 0 2 0 1 0
0.00781445959083376 0 1 3 2 3 0 2 0 1 3
0.00964676567342118 0 1 3 2 3 0 2 3 1 0
0.002277248116806274 0 1 3 2 3 0 2 3 1 3
7.187221367880431e-06 0 1 3 2 3 1 1 0 1 2
0.40653443129508365 0 1 3 2 3 1 1 0 2 1
-0.0002720457265390867 0 1 3 2 3 1 1 3 1 2
0.9152358981203648 0 1 3 2 3 1 1 3 2 1
-0.4068247701746215 0 1 3 2 3 1 2 0 1 1
-0.00028315165816991965 0 1 3 2 3 1 2 0 2 2
-0.9180188532034038 0 1 3 2 3 1 2 3 1 1
-0.003055000809578055 0 1 3 2 3 1 2 3 2 2
0.00028315165816991965 0 1 3 2 3 2 1 0 1 1
0.4068247701746215 0 1 3 2 3 2 1 0 2 2
0.003055000809578055 0 1 3 2 3 2 1 3 1 1
0.9180188532034038 0 1 3 2 3 2 1 3 2 2
-0.40653443129508365 0 1 3 2 3 2 2 0 1 2
-7.187221367880433e-06 0 1 3 2 3 2 2 0 2 1
-0.9152358981203648 0 1 3 2 3 2 2 3 1 2
0.00027204572653908665 0 1 3 2 3 2 2 3 2 1
-0.009869594400753554 0 1 3 2 3 3 1 0 2 0
-0.0019621393015175612 0 1 3 2 3 3 1 0 2 3
-0.0018175730436413072 0 1 3 2 3 3 1 3 2 0
0.009869594400753554 0 1 3 2 3 3 2 0 1 0
0.0019621393015175612 0 1 3 2 3 3 2 0 1 3
0.0018175730436413072 0 1 3 2 3 3 2 3 1 0
0.0003519105211944864 0 1 3 3 1 0 1 0 0 1
0.0003519105211944864 0 1 3 3 1 0 2 0 0 2
-3.399008487019596e-05 0 1 3 3 1 1 1 0 0 0
-0.0001957417312035501 0 1 3 3 1 1 1 0 3 0
-7.972544679482434e-05 0 1 3 3 1 1 1 0 3 3
-0.0001957417312035501 0 1 3 3 1 1 1 3 0 0
-7.972544679482434e-05 0 1 3 3 1 1 1 3 0 3
0.35687286015021585 0 1 3 3 1 1 1 3 3 0
0.0006719718269325818 0 1 3 3 1 1 1 3 3 3
-3.399008487019596e-05 0 1 3 3 1 2 2 0 0 0
-0.0001957417312035501 0 1 3 3 1 2 2 0 3 0
-7.972544679482434e-05 0 1 3 3 1 2 2 0 3 3
-0.0001957417312035501 0 1 3 3 1 2 2 3 0 0
-7.972544679482434e-05 0 1 3 3 1 2 2 3 0 3
0.35687286015021585 0 1 3 3 1 2 2 3 3 0
0.0006719718269325818 0 1 3 3 1 2 2 3 3 3
11.007851366216668 0 1 3 3 2 0 1 0 0 2
-0.02719482096678887 0 1 3 3 2 0 1 0 3 2
-0.027194820966788873 0 1 3 3 2 0 1 3 0 2
-0.004474059354321397 0 1 3 3 2 0 1 3 3 2
-11.007851366216668 0 1 3 3 2 0 2 0 0 1
0.02719482096678887 0 1 3 3 2 0 2 0 3 1
0.027194820966788873 0 1 3 3 2 0 2 3 0 1
0.004474059354321397 0 1 3 3 2 0 2 3 3 1
-14.317861208692673 0 1 3 3 2 1 2 0 0 0
0.023624331398363525 0 1 3 3 2 1 2 0 0 3
-95.95187064139719 0 1 3 3 2 1 2 0 3 0
-13.589532147380183 0 1 3 3 2 1 2 0 3 3
-95.95187064139718 0 1 3 3 2 1 2 3 0 0
-13.589532147380181 0 1 3 3 2 1 2 3 0 3
63726.34473132292 0 1 3 3 2 1 2 3 3 0
-27.468286991160515 0 1 3 3 2 1 2 3 3 3
14.317861208692673 0 1 3 3 2 2 1 0 0 0
-0.023624331398363525 0 1 3 3 2 2 1 0 0 3
95.95187064139719 0 1 3 3 2 2 1 0 3 0
13.589532147380181 0 1 3 3 2 2 1 0 3 3
95.95187064139718 0 1 3 3 2 2 1 3 0 0
13.589532147380183 0 1 3 3 2 2 1 3 0 3
-63726.344731322926 0 1 3 3 2 2 1 3 3 0
27.468286991160515 0 1 3 3 2 2 1 3 3 3
-0.02856778128585263 0 1 3 3 2 3 1 0 0 2
-0.0039642426792066456 0 1 3 3 2 3 1 0 3 2
-0.0039642426792066456 0 1 3 3 2 3 1 3 0 2
0.02856778128585263 0 1 3 3 2 3 2 0 0 1
0.0039642426792066456 0 1 3 3 2 3 2 0 3 1
0.0039642426792066456 0 1 3 3 2 3 2 3 0 1
48994.270560498815 0 2 0 0 1 0 1 0 0 2
-73.76090593203544 0 2 0 0 1 0 1 0 3 2
-73.76090593203544 0 2 0 0 1 0 1 3 0 2
-11.007851366216666 0 2 0 0 1 0 1 3 3 2
-48994.27056049881 0 2 0 0 1 0 2 0 0 1
73.76090593203544 0 2 0 0 1 0 2 0 3 1
73.76090593203544 0 2 0 0 1 0 2 3 0 1
11.007851366216666 0 2 0 0 1 0 2 3 3 1
-0.00553678321389759 0 2 0 0 1 1 2 0 0 0
-0.03460051750709893 0 2 0 0 1 1 2 0 3 0
-0.005452075151963093 0 2 0 0 1 1 2 0 3 3
-0.03460051750709893 0 2 0 0 1 1 2 3 0 0
-0.005452075151963094 0 2 0 0 1 1 2 3 0 3
14.318380406125543 0 2 0 0 1 1 2 3 3 0
-0.026936662392202475 0 2 0 0 1 1 2 3 3 3
0.00553678321389759 0 2 0 0 1 2 1 0 0 0
0.03460051750709893 0 2 0 0 1 2 1 0 3 0
0.005452075151963093 0 2 0 0 1 2 1 0 3 3
0.03460051750709893 0 2 0 0 1 2 1 3 0 0
0.005452075151963094 0 2 0 0 1 2 1 3 0 3
-14.318380406125543 0 2 0 0 1 2 1 3 3 0
0.026936662392202475 0 2 0 0 1 2 1 3 3 3
-95.91934222197675 0 2 0 0 1 3 1 0 0 2
-8.401991508282915 0 2 0 0 1 3 1 0 3 2
-8.401991508282915 0 2 0 0 1 3 1 3 0 2
0.023613861291173474 0 2 0 0 1 3 1 3 3 2
95.91934222197673 0 2 0 0 1 3 2 0 0 1
8.401991508282915 0 2 0 0 1 3 2 0 3 1
8.401991508282913 0 2 0 0 1 3 2 3 0 1
-0.023613861291173474 0 2 0 0 1 3 2 3 3 1
-3.0947095585774855 0 2 0 0 2 0 1 0 0 1
0.0018547392592883558 0 2 0 0 2 0 1 0 3 1
0.0018547392592883558 0 2 0 0 2 0 1 3 0 1
0.0003519105211944862 0 2 0 0 2 0 1 3 3 1
-3.0947095585774838 0 2 0 0 2 0 2 0 0 2
0.0018547392592883558 0 2 0 0 2 0 2 0 3 2
0.0018547392592883558 0 2 0 0 2 0 2 3 0 2
0.0003519105211944862 0 2 0 0 2 0 2 3 3 2
-3.36575863676043e-05 0 2 0 0 2 1 1 3 3 0
-3.36575863676043e-05 0 2 0 0 2 2 2 3 3 0
0.0019742642591784425 0 2 0 0 2 3 1 0 0 1
0.0003258243695382164 0 2 0 0 2 3 1 0 3 1
0.0003258243695382164 0 2 0 0 2 3 1 3 0 1
0.0019742642591784425 0 2 0 0 2 3 2 0 0 2
0.0003258243695382164 0 2 0 0 2 3 2 0 3 2
0.0003258243695382164 0 2 0 0 2 3 2 3 0 2
22879.40380514241 0 2 0 1 0 0 1 0 2 0
-10.56819831079305 0 2 0 1 0 0 1 0 2 3
-34.44804179787492 0 2 0 1 0 0 1 3 2 0
-5.191322969694384 0 2 0 1 0 0 1 3 2 3
-22879.40380514241 0 2 0 1 0 0 2 0 1 0
10.568198310793049 0 2 0 1 0 0 2 0 1 3
34.44804179787492 0 2 0 1 0 0 2 3 1 0
5.191322969694384 0 2 0 1 0 0 2 3 1 3
-4.624912465017901e-05 0 2 0 1 0 1 1 0 2 1
-0.00032659587028305813 0 2 0 1 0 1 1 3 2 1
-0.00025665970367086865 0 2 0 1 0 1 2 0 1 1
-0.0003029088283210477 0 2 0 1 0 1 2 0 2 2
-0.0013295696266364147 0 2 0 1 0 1 2 3 1 1
-0.0016561654969194728 0 2 0 1 0 1 2 3 2 2
0.0003029088283210477 0 2 0 1 0 2 1 0 1 1
0.00025665970367086865 0 2 0 1 0 2 1 0 2 2
0.0016561654969194728 0 2 0 1 0 2 1 3 1 1
0.0013295696266364147 0 2 0 1 0 2 1 3 2 2
4.624912465017901e-05 0 2 0 1 0 2 2 0 1 2
0.00032659587028305813 0 2 0 1 0 2 2 3 1 2
-45.98458212814344 0 2 0 1 0 3 1 0 2 0
-4.953375134705499 0 2 0 1 0 3 1 0 2 3
-4.452022697536623 0 2 0 1 0 3 1 3 2 0
0.009993425280217589 0 2 0 1 0 3 1 3 2 3
45.98458212814344 0 2 0 1 0 3 2 0 1 0
4.953375134705499 0 2 0 1 0 3 2 0 1 3
4.452022697536623 0 2 0 1 0 3 2 3 1 0
-0.009993425280217589 0 2 0 1 0 3 2 3 1 3
-10.568198310793052 0 2 0 1 3 0 1 0 2 0
-7.030527346311817 0 2 0 1 3 0 1 0 2 3
-5.65873026484294 0 2 0 1 3 0 1 3 2 0
0.007814459590833758 0 2 0 1 3 0 1 3 2 3
10.568198310793052 0 2 0 1 3 0 2 0 1 0
7.030527346311817 0 2 0 1 3 0 2 0 1 3
5.658730264842941 0 2 0 1 3 0 2 3 1 0
-0.007814459590833758 0 2 0 1 3 0 2 3 1 3
0.00042483543507822267 0 2 0 1 3 1 1 0 2 1
-1.4245936935430665e-06 0 2 0 1 3 1 1 3 1 2
0.012392860999686735 0 2 0 1 3 1 1 3 2 1
-0.00042483543507822267 0 2 0 1 3 1 2 0 1 1
-0.012137756984909666 0 2 0 1 3 1 2 3 1 1
0.00025367942108352464 0 2 0 1 3 1 2 3 2 2
0.00042483543507822267 0 2 0 1 3 2 1 0 2 2
-0.00025367942108352464 0 2 0 1 3 2 1 3 1 1
0.012137756984909667 0 2 0 1 3 2 1 3 2 2
-0.00042483543507822267 0 2 0 1 3 2 2 0 1 2
-0.012392860999686733 0 2 0 1 3 2 2 3 1 2
1.4245936935430665e-06 0 2 0 1 3 2 2 3 2 1
-4.462958767555289 0 2 0 1 3 3 1 0 2 0
0.009236776130314352 0 2 0 1 3 3 1 0 2 3
0.010110154817553679 0 2 0 1 3 3 1 3 2 0
0.0018051120362662012 0 2 0 1 3 3 1 3 2 3
4.46295876755529 0 2 0 1 3 3 2 0 1 0
-0.009236776130314352 0 2 0 1 3 3 2 0 1 3
-0.010110154817553679 0 2 0 1 3 3 2 3 1 0
-0.0018051120362662012 0 2 0 1 3 3 2 3 1 3
-4.616781119197234 0 2 0 2 0 0 1 0 1 0
0.000979122190433258 0 2 0 2 0 0 1 0 1 3
0.0034835186649402037 0 2 0 2 0 0 1 3 1 0
0.0005204533725878082 0 2 0 2 0 0 1 3 1 3
-4.616781119197234 0 2 0 2 0 0 2 0 2 0
0.000979122190433258 0 2 0 2 0 0 2 0 2 3
0.0034835186649402037 0 2 0 2 0 0 2 3 2 0
0.0005204533725878082 0 2 0 2 0 0 2 3 2 3
0.00419161955280498 0 2 0 2 0 3 1 0 1 0
0.000515757169017226 0 2 0 2 0 3 1 0 1 3
0.0004762657174504293 0 2 0 2 0 3 1 3 1 0
0.004191619552804982 0 2 0 2 0 3 2 0 2 0
0.0005157571690172258 0 2 0 2 0 3 2 0 2 3
0.00047626571745042906 0 2 0 2 0 3 2 3 2 0
0.0009791221904332575 0 2 0 2 3 0 1 0 1 0
0.0007097508686212227 0 2 0 2 3 0 1 0 1 3
0.0005709649726918881 0 2 0 2 3 0 1 3 1 0
0.0009791221904332575 0 2 0 2 3 0 2 0 2 0
0.0007097508686212227 0 2 0 2 3 0 2 0 2 3
0.0005709649726918881 0 2 0 2 3 0 2 3 2 0
1.9854971668939797e-06 0 2 0 2 3 1 1 3 1 1
1.5908429448391437e-06 0 2 0 2 3 1 1 3 2 2
-5.919295350966966e-06 0 2 0 2 3 1 2 3 1 2
6.313949573021813e-06 0 2 0 2 3 1 2 3 2 1
6.313949573021813e-06 0 2 0 2 3 2 1 3 1 2
-5.919295350966966e-06 0 2 0 2 3 2 1 3 2 1
1.5908429448391437e-06 0 2 0 2 3 2 2 3 1 1
1.9854971668939797e-06 0 2 0 2 3 2 2 3 2 2
0.0006176987376831156 0 2 0 2 3 3 1 0 1 0
0.0006176987376831156 0 2 0 2 3 3 2 0 2 0
-73.76090593203547 0 2 0 3 1 0 1 0 0 2
-13.29869614839353 0 2 0 3 1 0 1 0 3 2
-11.615741781446355 0 2 0 3 1 0 1 3 0 2
0.02719482096678887 0 2 0 3 1 0 1 3 3 2
73.76090593203548 0 2 0 3 1 0 2 0 0 1
13.298696148393528 0 2 0 3 1 0 2 0 3 1
11.615741781446353 0 2 0 3 1 0 2 3 0 1
-0.02719482096678887 0 2 0 3 1 0 2 3 3 1
-0.03460051750709892 0 2 0 3 1 1 2 0 0 0
-0.005149166323642046 0 2 0 3 1 1 2 0 0 3
16.27090423644539 0 2 0 3 1 1 2 0 3 0
-0.025686320730864423 0 2 0 3 1 1 2 0 3 3
15.10877151330938 0 2 0 3 1 1 2 3 0 0
-0.025451204214646892 0 2 0 3 1 1 2 3 0 3
95.95512243487762 0 2 0 3 1 1 2 3 3 0
15.788963298773702 0 2 0 3 1 1 2 3 3 3
0.03460051750709892 0 2 0 3 1 2 1 0 0 0
0.005149166323642046 0 2 0 3 1 2 1 0 0 3
-16.270904236445386 0 2 0 3 1 2 1 0 3 0
0.025686320730864423 0 2 0 3 1 2 1 0 3 3
-15.10877151330938 0 2 0 3 1 2 1 3 0 0
0.025451204214646892 0 2 0 3 1 2 1 3 0 3
-95.95512243487762 0 2 0 3 1 2 1 3 3 0
-15.7889632987737 0 2 0 3 1 2 1 3 3 3
-11.69107804513287 0 2 0 3 1 3 1 0 0 2
0.028354214325293347 0 2 0 3 1 3 1 0 3 2
0.0266858855875312 0 2 0 3 1 3 1 3 0 2
0.0035049296878797917 0 2 0 3 1 3 1 3 3 2
11.691078045132869 0 2 0 3 1 3 2 0 0 1
-0.028354214325293347 0 2 0 3 1 3 2 0 3 1
-0.0266858855875312 0 2 0 3 1 3 2 3 0 1
-0.0035049296878797917 0 2 0 3 1 3 2 3 3 1
0.0018547392592883566 0 2 0 3 2 0 1 0 0 1
0.0004941471880493846 0 2 0 3 2 0 1 0 3 1
0.00038046963164822703 0 2 0 3 2 0 1 3 0 1
0.0018547392592883566 0 2 0 3 2 0 2 0 0 2
0.0004941471880493846 0 2 0 3 2 0 2 0 3 2
0.00038046963164822703 0 2 0 3 2 0 2 3 0 2
-7.63654568938679e-05 0 2 0 3 2 1 1 0 3 0
-4.639685985962944e-05 0 2 0 3 2 1 1 3 0 0
-0.00011918297759867108 0 2 0 3 2 1 1 3 3 0
-4.573280242463362e-05 0 2 0 3 2 1 1 3 3 3
-7.63654568938679e-05 0 2 0 3 2 2 2 0 3 0
-4.639685985962944e-05 0 2 0 3 2 2 2 3 0 0
-0.00011918297759867108 0 2 0 3 2 2 2 3 3 0
-4.573280242463362e-05 0 2 0 3 2 2 2 3 3 3
0.00037006708298937727 0 2 0 3 2 3 1 0 0 1
0.00037006708298937727 0 2 0 3 2 3 2 0 0 2
22879.40380514241 0 2 1 0 0 0 1 2 0 0
-10.56819831079305 0 2 1 0 0 0 1 2 0 3
-34.44804179787492 0 2 1 0 0 0 1 2 3 0
-5.191322969694384 0 2 1 0 0 0 1 2 3 3
-22879.40380514241 0 2 1 0 0 0 2 1 0 0
10.568198310793049 0 2 1 0 0 0 2 1 0 3
34.448041797874914 0 2 1 0 0 0 2 1 3 0
5.191322969694384 0 2 1 0 0 0 2 1 3 3
-4.6249124650179024e-05 0 2 1 0 0 1 1 2 0 1
-0.00032659587028305813 0 2 1 0 0 1 1 2 3 1
-0.00025665970367086865 0 2 1 0 0 1 2 1 0 1
-0.0013295696266364147 0 2 1 0 0 1 2 1 3 1
-0.0003029088283210477 0 2 1 0 0 1 2 2 0 2
-0.0016561654969194728 0 2 1 0 0 1 2 2 3 2
0.0003029088283210477 0 2 1 0 0 2 1 1 0 1
0.0016561654969194728 0 2 1 0 0 2 1 1 3 1
0.00025665970367086865 0 2 1 0 0 2 1 2 0 2
0.0013295696266364147 0 2 1 0 0 2 1 2 3 2
4.6249124650179024e-05 0 2 1 0 0 2 2 1 0 2
0.00032659587028305813 0 2 1 0 0 2 2 1 3 2
-45.98458212814344 0 2 1 0 0 3 1 2 0 0
-4.953375134705499 0 2 1 0 0 3 1 2 0 3
-4.4520226975366235 0 2 1 0 0 3 1 2 3 0
0.009993425280217589 0 2 1 0 0 3 1 2 3 3
45.98458212814344 0 2 1 0 0 3 2 1 0 0
4.953375134705499 0 2 1 0 0 3 2 1 0 3
4.4520226975366235 0 2 1 0 0 3 2 1 3 0
-0.009993425280217589 0 2 1 0 0 3 2 1 3 3
-10.568198310793052 0 2 1 0 3 0 1 2 0 0
-7.030527346311817 0 2 1 0 3 0 1 2 0 3
-5.65873026484294 0 2 1 0 3 0 1 2 3 0
0.007814459590833758 0 2 1 0 3 0 1 2 3 3
10.568198310793052 0 2 1 0 3 0 2 1 0 0
7.030527346311817 0 2 1 0 3 0 2 1 0 3
5.658730264842941 0 2 1 0 3 0 2 1 3 0
-0.007814459590833758 0 2 1 0 3 0 2 1 3 3
-1.4245936935430665e-06 0 2 1 0 3 1 1 1 3 2
0.00042483543507822267 0 2 1 0 3 1 1 2 0 1
0.012392860999686733 0 2 1 0 3 1 1 2 3 1
-0.00042483543507822267 0 2 1 0 3 1 2 1 0 1
-0.012137756984909667 0 2 1 0 3 1 2 1 3 1
0.00025367942108352464 0 2 1 0 3 1 2 2 3 2
-0.00025367942108352464 0 2 1 0 3 2 1 1 3 1
0.00042483543507822267 0 2 1 0 3 2 1 2 0 2
0.012137756984909666 0 2 1 0 3 2 1 2 3 2
-0.00042483543507822267 0 2 1 0 3 2 2 1 0 2
-0.012392860999686731 0 2 1 0 3 2 2 1 3 2
1.4245936935430665e-06 0 2 1 0 3 2 2 2 3 1
-4.462958767555289 0 2 1 0 3 3 1 2 0 0
0.009236776130314352 0 2 1 0 3 3 1 2 0 3
0.010110154817553679 0 2 1 0 3 3 1 2 3 0
0.0018051120362662012 0 2 1 0 3 3 1 2 3 3
4.46295876755529 0 2 1 0 3 3 2 1 0 0
-0.009236776130314352 0 2 1 0 3 3 2 1 0 3
-0.010110154817553679 0 2 1 0 3 3 2 1 3 0
-0.0018051120362662012 0 2 1 0 3 3 2 1 3 3
0.00010903356924706818 0 2 1 1 1 0 1 1 1 2
1.3280575547210407e-05 0 2 1 1 1 0 1 1 2 1
1.3280575547210407e-05 0 2 1 1 1 0 1 2 1 1
0.000135594720341489 0 2 1 1 1 0 1 2 2 2
-0.000135594720341489 0 2 1 1 1 0 2 1 1 1
-1.3280575547210407e-05 0 2 1 1 1 0 2 1 2 2
-1.3280575547210407e-05 0 2 1 1 1 0 2 2 1 2
-0.00010903356924706818 0 2 1 1 1 0 2 2 2 1
2.3896688551180715e-05 0 2 1 1 1 1 1 1 2 0
2.3896688551180715e-05 0 2 1 1 1 1 1 2 1 0
-0.0001276652795203609 0 2 1 1 1 1 2 1 1 0
-7.987190241799945e-05 0 2 1 1 1 1 2 2 2 0
7.987190241799943e-05 0 2 1 1 1 2 1 1 1 0
0.0001276652795203609 0 2 1 1 1 2 1 2 2 0
-2.3896688551180715e-05 0 2 1 1 1 2 2 1 2 0
-2.3896688551180715e-05 0 2 1 1 1 2 2 2 1 0
-4.821893438410829e-06 0 2 1 1 2 0 1 1 1 1
0.46739401457300955 0 2 1 1 2 0 1 1 2 2
0.46739401457300955 0 2 1 1 2 0 1 2 1 2
-0.9347928510394575 0 2 1 1 2 0 1 2 2 1
-0.9347928510394575 0 2 1 1 2 0 2 1 1 2
0.46739401457300955 0 2 1 1 2 0 2 1 2 1
0.46739401457300955 0 2 1 1 2 0 2 2 1 1
-4.821893438410836e-06 0 2 1 1 2 0 2 2 2 2
2.377195586558391e-06 0 2 1 1 2 1 1 1 1 0
0.8379162804175784 0 2 1 1 2 1 1 2 2 0
-0.00021259624502054022 0 2 1 1 2 1 1 2 2 3
-0.4189569516109961 0 2 1 1 2 1 2 1 2 0
0.00010629812251027011 0 2 1 1 2 1 2 1 2 3
-0.41895695161099616 0 2 1 1 2 1 2 2 1 0
0.00010629812251027011 0 2 1 1 2 1 2 2 1 3
-0.41895695161099616 0 2 1 1 2 2 1 1 2 0
0.00010629812251027011 0 2 1 1 2 2 1 1 2 3
-0.41895695161099616 0 2 1 1 2 2 1 2 1 0
0.00010629812251027011 0 2 1 1 2 2 1 2 1 3
0.8379162804175783 0 2 1 1 2 2 2 1 1 0
-0.00021259624502054022 0 2 1 1 2 2 2 1 1 3
2.3771955865583927e-06 0 2 1 1 2 2 2 2 2 0
-0.00047820013972582154 0 2 1 1 2 3 1 1 2 2
-0.00047820013972582154 0 2 1 1 2 3 1 2 1 2
0.000956400279451643 0 2 1 1 2 3 1 2 2 1
0.000956400279451643 0 2 1 1 2 3 2 1 1 2
-0.00047820013972582154 0 2 1 1 2 3 2 1 2 1
-0.00047820013972582154 0 2 1 1 2 3 2 2 1 1
2.410946719205413e-06 0 2 1 2 1 0 1 1 1 1
0.6077813816604365 0 2 1 2 1 0 1 1 2 2
-1.075172985286727 0 2 1 2 1 0 1 2 1 2
0.46739401457300955 0 2 1 2 1 0 1 2 2 1
0.46739401457300955 0 2 1 2 1 0 2 1 1 2
-1.075172985286727 0 2 1 2 1 0 2 1 2 1
0.6077813816604365 0 2 1 2 1 0 2 2 1 1
2.410946719205413e-06 0 2 1 2 1 0 2 2 2 2
-1.1885977932791887e-06 0 2 1 2 1 1 1 1 1 0
-0.41895118898332184 0 2 1 2 1 1 1 2 2 0
0.00010629812251027011 0 2 1 2 1 1 1 2 2 3
-0.3715913613752317 0 2 1 2 1 1 2 1 2 0
6.440919685362441e-05 0 2 1 2 1 1 2 1 2 3
0.7905413617607604 0 2 1 2 1 1 2 2 1 0
-0.00017070731936389452 0 2 1 2 1 1 2 2 1 3
0.7905413617607603 0 2 1 2 1 2 1 1 2 0
-0.00017070731936389452 0 2 1 2 1 2 1 1 2 3
-0.3715913613752318 0 2 1 2 1 2 1 2 1 0
6.440919685362441e-05 0 2 1 2 1 2 1 2 1 3
-0.4189511889833219 0 2 1 2 1 2 2 1 1 0
0.00010629812251027011 0 2 1 2 1 2 2 1 1 3
-1.188597793279182e-06 0 2 1 2 1 2 2 2 2 0
-0.0005950642990181503 0 2 1 2 1 3 1 1 2 2
0.0010732644387439717 0 2 1 2 1 3 1 2 1 2
-0.00047820013972582154 0 2 1 2 1 3 1 2 2 1
-0.00047820013972582154 0 2 1 2 1 3 2 1 1 2
0.0010732644387439717 0 2 1 2 1 3 2 1 2 1
-0.0005950642990181503 0 2 1 2 1 3 2 2 1 1
-5.292254682328558e-05 0 2 1 2 2 0 1 1 1 2
-2.3737217015330714e-05 0 2 1 2 2 0 1 1 2 1
8.994033938582666e-05 0 2 1 2 2 0 1 2 1 1
1.3280575547210404e-05 0 2 1 2 2 0 1 2 2 2
-1.3280575547210404e-05 0 2 1 2 2 0 2 1 1 1
-8.994033938582666e-05 0 2 1 2 2 0 2 1 2 2
2.3737217015330707e-05 0 2 1 2 2 0 2 2 1 2
5.292254682328559e-05 0 2 1 2 2 0 2 2 2 1
4.433200979833375e-06 0 2 1 2 2 1 1 1 2 0
-2.5535396054405186e-05 0 2 1 2 2 1 1 2 1 0
5.57554853521434e-06 0 2 1 2 2 1 2 1 1 0
-1.5526646539357483e-05 0 2 1 2 2 1 2 2 2 0
1.5526646539357483e-05 0 2 1 2 2 2 1 1 1 0
-5.575548535214336e-06 0 2 1 2 2 2 1 2 2 0
2.5535396054405186e-05 0 2 1 2 2 2 2 1 2 0
-4.433200979833375e-06 0 2 1 2 2 2 2 2 1 0
-34.448041797874936 0 2 1 3 0 0 1 2 0 0
-5.658730264842942 0 2 1 3 0 0 1 2 0 3
-6.2753101465216625 0 2 1 3 0 0 1 2 3 0
0.009646765673421182 0 2 1 3 0 0 1 2 3 3
34.448041797874936 0 2 1 3 0 0 2 1 0 0
5.658730264842942 0 2 1 3 0 0 2 1 0 3
6.275310146521663 0 2 1 3 0 0 2 1 3 0
-0.009646765673421182 0 2 1 3 0 0 2 1 3 3
-6.518521753119734e-06 0 2 1 3 0 1 1 1 3 2
-0.0002202977477727878 0 2 1 3 0 1 1 2 0 1
0.5692399607535902 0 2 1 3 0 1 1 2 3 1
-0.0014358677491466843 0 2 1 3 0 1 2 1 0 1
1.6301521814818953 0 2 1 3 0 1 2 1 3 1
-0.0016561654969194722 0 2 1 3 0 1 2 2 0 2
2.199385623713733 0 2 1 3 0 1 2 2 3 2
0.0016561654969194722 0 2 1 3 0 2 1 1 0 1
-2.199385623713733 0 2 1 3 0 2 1 1 3 1
0.0014358677491466843 0 2 1 3 0 2 1 2 0 2
-1.6301521814818953 0 2 1 3 0 2 1 2 3 2
0.0002202977477727878 0 2 1 3 0 2 2 1 0 2
-0.5692399607535902 0 2 1 3 0 2 2 1 3 2
6.518521753119734e-06 0 2 1 3 0 2 2 2 3 1
-5.442964578180947 0 2 1 3 0 3 1 2 0 0
0.010709265142869104 0 2 1 3 0 3 1 2 0 3
0.013846830942997934 0 2 1 3 0 3 1 2 3 0
0.0018637200520622383 0 2 1 3 0 3 1 2 3 3
5.4429645781809475 0 2 1 3 0 3 2 1 0 0
-0.010709265142869104 0 2 1 3 0 3 2 1 0 3
-0.013846830942997934 0 2 1 3 0 3 2 1 3 0
-0.0018637200520622383 0 2 1 3 0 3 2 1 3 3
-5.191322969694382 0 2 1 3 3 0 1 2 0 0
0.00781445959083376 0 2 1 3 3 0 1 2 0 3
0.009646765673421182 0 2 1 3 3 0 1 2 3 0
0.0022772481168062734 0 2 1 3 3 0 1 2 3 3
5.191322969694382 0 2 1 3 3 0 2 1 0 0
-0.00781445959083376 0 2 1 3 3 0 2 1 0 3
-0.009646765673421182 0 2 1 3 3 0 2 1 3 0
-0.0022772481168062734 0 2 1 3 3 0 2 1 3 3
-7.187221367880431e-06 0 2 1 3 3 1 1 1 0 2
0.0002720457265390867 0 2 1 3 3 1 1 1 3 2
-0.40653443129508365 0 2 1 3 3 1 1 2 0 1
-0.9152358981203648 0 2 1 3 3 1 1 2 3 1
0.4068247701746215 0 2 1 3 3 1 2 1 0 1
0.9180188532034038 0 2 1 3 3 1 2 1 3 1
0.0002831516581699196 0 2 1 3 3 1 2 2 0 2
0.0030550008095780543 0 2 1 3 3 1 2 2 3 2
-0.0002831516581699196 0 2 1 3 3 2 1 1 0 1
-0.0030550008095780543 0 2 1 3 3 2 1 1 3 1
-0.4068247701746215 0 2 1 3 3 2 1 2 0 2
-0.9180188532034038 0 2 1 3 3 2 1 2 3 2
0.40653443129508365 0 2 1 3 3 2 2 1 0 2
0.9152358981203648 0 2 1 3 3 2 2 1 3 2
7.187221367880433e-06 0 2 1 3 3 2 2 2 0 1
-0.00027204572653908665 0 2 1 3 3 2 2 2 3 1
0.009869594400753553 0 2 1 3 3 3 1 2 0 0
0.0019621393015175612 0 2 1 3 3 3 1 2 0 3
0.0018175730436413074 0 2 1 3 3 3 1 2 3 0
-0.009869594400753553 0 2 1 3 3 3 2 1 0 0
-0.0019621393015175612 0 2 1 3 3 3 2 1 0 3
-0.0018175730436413074 0 2 1 3 3 3 2 1 3 0
-4.616781119197232 0 2 2 0 0 0 1 1 0 0
0.000979122190433258 0 2 2 0 0 0 1 1 0 3
0.0034835186649402037 0 2 2 0 0 0 1 1 3 0
0.0005204533725878082 0 2 2 0 0 0 1 1 3 3
-4.616781119197232 0 2 2 0 0 0 2 2 0 0
0.000979122190433258 0 2 2 0 0 0 2 2 0 3
0.0034835186649402037 0 2 2 0 0 0 2 2 3 0
0.0005204533725878082 0 2 2 0 0 0 2 2 3 3
0.004191619552804982 0 2 2 0 0 3 1 1 0 0
0.0005157571690172258 0 2 2 0 0 3 1 1 0 3
0.00047626571745042906 0 2 2 0 0 3 1 1 3 0
0.004191619552804982 0 2 2 0 0 3 2 2 0 0
0.0005157571690172258 0 2 2 0 0 3 2 2 0 3
0.00047626571745042906 0 2 2 0 0 3 2 2 3 0
0.0009791221904332575 0 2 2 0 3 0 1 1 0 0
0.0007097508686212227 0 2 2 0 3 0 1 1 0 3
0.0005709649726918877 0 2 2 0 3 0 1 1 3 0
0.0009791221904332575 0 2 2 0 3 0 2 2 0 0
0.0007097508686212227 0 2 2 0 3 0 2 2 0 3
0.0005709649726918877 0 2 2 0 3 0 2 2 3 0
1.9854971668939933e-06 0 2 2 0 3 1 1 1 3 1
1.5908429448391437e-06 0 2 2 0 3 1 1 2 3 2
-5.919295350966959e-06 0 2 2 0 3 1 2 1 3 2
6.3139495730218195e-06 0 2 2 0 3 1 2 2 3 1
6.313949573021813e-06 0 2 2 0 3 2 1 1 3 2
-5.919295350966959e-06 0 2 2 0 3 2 1 2 3 1
1.5908429448391437e-06 0 2 2 0 3 2 2 1 3 1
1.9854971668939933e-06 0 2 2 0 3 2 2 2 3 2
0.0006176987376831156 0 2 2 0 3 3 1 1 0 0
0.0006176987376831156 0 2 2 0 3 3 2 2 0 0
2.410946719205413e-06 0 2 2 1 1 0 1 1 1 1
-1.075172985286727 0 2 2 1 1 0 1 1 2 2
0.6077813816604365 0 2 2 1 1 0 1 2 1 2
0.46739401457300955 0 2 2 1 1 0 1 2 2 1
0.46739401457300955 0 2 2 1 1 0 2 1 1 2
0.6077813816604365 0 2 2 1 1 0 2 1 2 1
-1.0751729852867267 0 2 2 1 1 0 2 2 1 1
2.410946719205413e-06 0 2 2 1 1 0 2 2 2 2
-1.1885977932791887e-06 0 2 2 1 1 1 1 1 1 0
-0.4189511889833219 0 2 2 1 1 1 1 2 2 0
0.00010629812251027011 0 2 2 1 1 1 1 2 2 3
0.7905413617607604 0 2 2 1 1 1 2 1 2 0
-0.00017070731936389452 0 2 2 1 1 1 2 1 2 3
-0.37159136137523174 0 2 2 1 1 1 2 2 1 0
6.440919685362441e-05 0 2 2 1 1 1 2 2 1 3
-0.37159136137523174 0 2 2 1 1 2 1 1 2 0
6.440919685362441e-05 0 2 2 1 1 2 1 1 2 3
0.7905413617607604 0 2 2 1 1 2 1 2 1 0
-0.00017070731936389452 0 2 2 1 1 2 1 2 1 3
-0.41895118898332184 0 2 2 1 1 2 2 1 1 0
0.00010629812251027011 0 2 2 1 1 2 2 1 1 3
-1.188597793279182e-06 0 2 2 1 1 2 2 2 2 0
0.0010732644387439717 0 2 2 1 1 3 1 1 2 2
-0.0005950642990181503 0 2 2 1 1 3 1 2 1 2
-0.00047820013972582154 0 2 2 1 1 3 1 2 2 1
-0.00047820013972582154 0 2 2 1 1 3 2 1 1 2
-0.0005950642990181503 0 2 2 1 1 3 2 1 2 1
0.0010732644387439717 0 2 2 1 1 3 2 2 1 1
-5.2922546823285565e-05 0 2 2 1 2 0 1 1 1 2
8.994033938582666e-05 0 2 2 1 2 0 1 1 2 1
-2.37372170153307e-05 0 2 2 1 2 0 1 2 1 1
1.3280575547210407e-05 0 2 2 1 2 0 1 2 2 2
-1.3280575547210407e-05 0 2 2 1 2 0 2 1 1 1
2.37372170153307e-05 0 2 2 1 2 0 2 1 2 2
-8.994033938582666e-05 0 2 2 1 2 0 2 2 1 2
5.2922546823285565e-05 0 2 2 1 2 0 2 2 2 1
-2.5535396054405186e-05 0 2 2 1 2 1 1 1 2 0
4.4332009798333885e-06 0 2 2 1 2 1 1 2 1 0
5.575548535214335e-06 0 2 2 1 2 1 2 1 1 0
-1.552664653935749e-05 0 2 2 1 2 1 2 2 2 0
1.552664653935749e-05 0 2 2 1 2 2 1 1 1 0
-5.575548535214335e-06 0 2 2 1 2 2 1 2 2 0
-4.433200979833375e-06 0 2 2 1 2 2 2 1 2 0
2.5535396054405213e-05 0 2 2 1 2 2 2 2 1 0
0.00021487866289363923 0 2 2 2 1 0 1 1 1 2
-5.2922546823285565e-05 0 2 2 2 1 0 1 1 2 1
-5.292254682328559e-05 0 2 2 2 1 0 1 2 1 1
0.00010903356924706815 0 2 2 2 1 0 1 2 2 2
-0.00010903356924706815 0 2 2 2 1 0 2 1 1 1
5.292254682328559e-05 0 2 2 2 1 0 2 1 2 2
5.2922546823285565e-05 0 2 2 2 1 0 2 2 1 2
-0.00021487866289363928 0 2 2 2 1 0 2 2 2 1
4.499888362575257e-05 0 2 2 2 1 1 1 1 2 0
4.499888362575253e-05 0 2 2 2 1 1 1 2 1 0
-0.00013881637659078955 0 2 2 2 1 1 2 1 1 0
-4.881860933928448e-05 0 2 2 2 1 1 2 2 2 0
4.881860933928448e-05 0 2 2 2 1 2 1 1 1 0
0.00013881637659078955 0 2 2 2 1 2 1 2 2 0
-4.499888362575254e-05 0 2 2 2 1 2 2 1 2 0
-4.499888362575254e-05 0 2 2 2 1 2 2 2 1 0
2.410946719205413e-06 0 2 2 2 2 0 1 1 2 2
2.410946719205413e-06 0 2 2 2 2 0 1 2 1 2
-4.821893438410826e-06 0 2 2 2 2 0 1 2 2 1
-4.821893438410826e-06 0 2 2 2 2 0 2 1 1 2
2.410946719205413e-06 0 2 2 2 2 0 2 1 2 1
2.410946719205413e-06 0 2 2 2 2 0 2 2 1 1
1.3902450935233102e-05 0 2 2 2 2 1 1 2 2 0
-6.951225467616557e-06 0 2 2 2 2 1 2 1 2 0
-6.951225467616555e-06 0 2 2 2 2 1 2 2 1 0
-6.951225467616555e-06 0 2 2 2 2 2 1 1 2 0
-6.951225467616557e-06 0 2 2 2 2 2 1 2 1 0
1.3902450935233102e-05 0 2 2 2 2 2 2 1 1 0
0.003483518664940205 0 2 2 3 0 0 1 1 0 0
0.0005709649726918877 0 2 2 3 0 0 1 1 0 3
0.0006774759582133434 0 2 2 3 0 0 1 1 3 0
0.003483518664940205 0 2 2 3 0 0 2 2 0 0
0.0005709649726918877 0 2 2 3 0 0 2 2 0 3
0.000677475958213343 0 2 2 3 0 0 2 2 3 0
6.557551895333593e-05 0 2 2 3 0 1 1 1 3 1
4.051116612331032e-05 0 2 2 3 0 1 1 2 3 2
-4.552767978709604e-05 0 2 2 3 0 1 2 1 3 2
7.059203261712164e-05 0 2 2 3 0 1 2 2 3 1
7.059203261712167e-05 0 2 2 3 0 2 1 1 3 2
-4.552767978709604e-05 0 2 2 3 0 2 1 2 3 1
4.051116612331032e-05 0 2 2 3 0 2 2 1 3 1
6.557551895333593e-05 0 2 2 3 0 2 2 2 3 2
0.0005383602298388232 0 2 2 3 0 3 1 1 0 0
0.0005383602298388232 0 2 2 3 0 3 2 2 0 0
0.0005204533725878078 0 2 2 3 3 0 1 1 0 0
0.0005204533725878078 0 2 2 3 3 0 2 2 0 0
4.5795782999367266e-05 0 2 2 3 3 1 1 1 0 1
-5.898962131908062e-05 0 2 2 3 3 1 1 1 3 1
7.353470619176464e-06 0 2 2 3 3 1 1 2 0 2
-0.0001954869729342074 0 2 2 3 3 1 1 2 3 2
2.355294173542809e-05 0 2 2 3 3 1 2 1 0 2
-0.00019679267082255475 0 2 2 3 3 1 2 1 3 2
1.4889370644762716e-05 0 2 2 3 3 1 2 2 0 1
0.0003332900224376817 0 2 2 3 3 1 2 2 3 1
1.4889370644762709e-05 0 2 2 3 3 2 1 1 0 2
0.0003332900224376817 0 2 2 3 3 2 1 1 3 2
2.355294173542809e-05 0 2 2 3 3 2 1 2 0 1
-0.00019679267082255454 0 2 2 3 3 2 1 2 3 1
7.353470619176464e-06 0 2 2 3 3 2 2 1 0 1
-0.00019548697293420762 0 2 2 3 3 2 2 1 3 1
4.5795782999367266e-05 0 2 2 3 3 2 2 2 0 2
-5.89896213190804e-05 0 2 2 3 3 2 2 2 3 2
-73.76090593203547 0 2 3 0 1 0 1 0 0 2
-11.615741781446355 0 2 3 0 1 0 1 0 3 2
-13.29869614839353 0 2 3 0 1 0 1 3 0 2
0.02719482096678887 0 2 3 0 1 0 1 3 3 2
73.76090593203548 0 2 3 0 1 0 2 0 0 1
11.615741781446353 0 2 3 0 1 0 2 0 3 1
13.298696148393528 0 2 3 0 1 0 2 3 0 1
-0.02719482096678887 0 2 3 0 1 0 2 3 3 1
-0.03460051750709892 0 2 3 0 1 1 2 0 0 0
-0.005149166323642046 0 2 3 0 1 1 2 0 0 3
15.10877151330938 0 2 3 0 1 1 2 0 3 0
-0.025451204214646892 0 2 3 0 1 1 2 0 3 3
16.270904236445393 0 2 3 0 1 1 2 3 0 0
-0.025686320730864423 0 2 3 0 1 1 2 3 0 3
95.95512243487761 0 2 3 0 1 1 2 3 3 0
15.788963298773702 0 2 3 0 1 1 2 3 3 3
0.03460051750709892 0 2 3 0 1 2 1 0 0 0
0.005149166323642046 0 2 3 0 1 2 1 0 0 3
-15.10877151330938 0 2 3 0 1 2 1 0 3 0
0.025451204214646892 0 2 3 0 1 2 1 0 3 3
-16.27090423644539 0 2 3 0 1 2 1 3 0 0
0.025686320730864423 0 2 3 0 1 2 1 3 0 3
-95.95512243487761 0 2 3 0 1 2 1 3 3 0
-15.788963298773703 0 2 3 0 1 2 1 3 3 3
-11.691078045132869 0 2 3 0 1 3 1 0 0 2
0.0266858855875312 0 2 3 0 1 3 1 0 3 2
0.028354214325293347 0 2 3 0 1 3 1 3 0 2
0.0035049296878797917 0 2 3 0 1 3 1 3 3 2
11.691078045132867 0 2 3 0 1 3 2 0 0 1
-0.0266858855875312 0 2 3 0 1 3 2 0 3 1
-0.028354214325293347 0 2 3 0 1 3 2 3 0 1
-0.0035049296878797917 0 2 3 0 1 3 2 3 3 1
0.0018547392592883566 0 2 3 0 2 0 1 0 0 1
0.00038046963164822676 0 2 3 0 2 0 1 0 3 1
0.0004941471880493846 0 2 3 0 2 0 1 3 0 1
0.0018547392592883566 0 2 3 0 2 0 2 0 0 2
0.00038046963164822676 0 2 3 0 2 0 2 0 3 2
0.000494147188049385 0 2 3 0 2 0 2 3 0 2
-4.639685985962944e-05 0 2 3 0 2 1 1 0 3 0
-7.63654568938679e-05 0 2 3 0 2 1 1 3 0 0
-0.00011918297759867108 0 2 3 0 2 1 1 3 3 0
-4.573280242463362e-05 0 2 3 0 2 1 1 3 3 3
-4.639685985962944e-05 0 2 3 0 2 2 2 0 3 0
-7.636545689386747e-05 0 2 3 0 2 2 2 3 0 0
-0.00011918297759867108 0 2 3 0 2 2 2 3 3 0
-4.573280242463362e-05 0 2 3 0 2 2 2 3 3 3
0.00037006708298937727 0 2 3 0 2 3 1 0 0 1
0.0003700670829893775 0 2 3 0 2 3 2 0 0 2
-34.448041797874936 0 2 3 1 0 0 1 0 2 0
-5.658730264842941 0 2 3 1 0 0 1 0 2 3
-6.2753101465216625 0 2 3 1 0 0 1 3 2 0
0.009646765673421182 0 2 3 1 0 0 1 3 2 3
34.448041797874936 0 2 3 1 0 0 2 0 1 0
5.658730264842942 0 2 3 1 0 0 2 0 1 3
6.275310146521663 0 2 3 1 0 0 2 3 1 0
-0.009646765673421182 0 2 3 1 0 0 2 3 1 3
-0.0002202977477727878 0 2 3 1 0 1 1 0 2 1
-6.518521753119734e-06 0 2 3 1 0 1 1 3 1 2
0.5692399607535902 0 2 3 1 0 1 1 3 2 1
-0.0014358677491466843 0 2 3 1 0 1 2 0 1 1
-0.0016561654969194722 0 2 3 1 0 1 2 0 2 2
1.6301521814818953 0 2 3 1 0 1 2 3 1 1
2.199385623713733 0 2 3 1 0 1 2 3 2 2
0.0016561654969194722 0 2 3 1 0 2 1 0 1 1
0.0014358677491466843 0 2 3 1 0 2 1 0 2 2
-2.199385623713733 0 2 3 1 0 2 1 3 1 1
-1.6301521814818953 0 2 3 1 0 2 1 3 2 2
0.0002202977477727878 0 2 3 1 0 2 2 0 1 2
-0.5692399607535902 0 2 3 1 0 2 2 3 1 2
6.518521753119734e-06 0 2 3 1 0 2 2 3 2 1
-5.442964578180947 0 2 3 1 0 3 1 0 2 0
0.010709265142869104 0 2 3 1 0 3 1 0 2 3
0.013846830942997934 0 2 3 1 0 3 1 3 2 0
0.0018637200520622383 0 2 3 1 0 3 1 3 2 3
5.4429645781809475 0 2 3 1 0 3 2 0 1 0
-0.010709265142869104 0 2 3 1 0 3 2 0 1 3
-0.013846830942997934 0 2 3 1 0 3 2 3 1 0
-0.0018637200520622383 0 2 3 1 0 3 2 3 1 3
-5.191322969694383 0 2 3 1 3 0 1 0 2 0
0.00781445959083376 0 2 3 1 3 0 1 0 2 3
0.00964676567342118 0 2 3 1 3 0 1 3 2 0
0.002277248116806274 0 2 3 1 3 0 1 3 2 3
5.191322969694383 0 2 3 1 3 0 2 0 1 0
-0.00781445959083376 0 2 3 1 3 0 2 0 1 3
-0.00964676567342118 0 2 3 1 3 0 2 3 1 0
-0.002277248116806274 0 2 3 1 3 0 2 3 1 3
-7.187221367880431e-06 0 2 3 1 3 1 1 0 1 2
-0.40653443129508365 0 2 3 1 3 1 1 0 2 1
0.0002720457265390867 0 2 3 1 3 1 1 3 1 2
-0.9152358981203648 0 2 3 1 3 1 1 3 2 1
0.4068247701746215 0 2 3 1 3 1 2 0 1 1
0.0002831516581699196 0 2 3 1 3 1 2 0 2 2
0.9180188532034038 0 2 3 1 3 1 2 3 1 1
0.0030550008095780543 0 2 3 1 3 1 2 3 2 2
-0.0002831516581699196 0 2 3 1 3 2 1 0 1 1
-0.4068247701746215 0 2 3 1 3 2 1 0 2 2
-0.0030550008095780543 0 2 3 1 3 2 1 3 1 1
-0.9180188532034038 0 2 3 1 3 2 1 3 2 2
0.40653443129508365 0 2 3 1 3 2 2 0 1 2
7.187221367880433e-06 0 2 3 1 3 2 2 0 2 1
0.9152358981203648 0 2 3 1 3 2 2 3 1 2
-0.00027204572653908665 0 2 3 1 3 2 2 3 2 1
0.009869594400753553 0 2 3 1 3 3 1 0 2 0
0.0019621393015175612 0 2 3 1 3 3 1 0 2 3
0.0018175730436413072 0 2 3 1 3 3 1 3 2 0
-0.009869594400753553 0 2 3 1 3 3 2 0 1 0
-0.0019621393015175612 0 2 3 1 3 3 2 0 1 3
-0.0018175730436413072 0 2 3 1 3 3 2 3 1 0
0.003483518664940205 0 2 3 2 0 0 1 0 1 0
0.0005709649726918882 0 2 3 2 0 0 1 0 1 3
0.000677475958213343 0 2 3 2 0 0 1 3 1 0
0.0034835186649402033 0 2 3 2 0 0 2 0 2 0
0.0005709649726918882 0 2 3 2 0 0 2 0 2 3
0.0006774759582133434 0 2 3 2 0 0 2 3 2 0
6.557551895333596e-05 0 2 3 2 0 1 1 3 1 1
4.051116612331026e-05 0 2 3 2 0 1 1 3 2 2
-4.5527679787096046e-05 0 2 3 2 0 1 2 3 1 2
7.059203261712167e-05 0 2 3 2 0 1 2 3 2 1
7.059203261712167e-05 0 2 3 2 0 2 1 3 1 2
-4.552767978709607e-05 0 2 3 2 0 2 1 3 2 1
4.051116612331026e-05 0 2 3 2 0 2 2 3 1 1
6.557551895333596e-05 0 2 3 2 0 2 2 3 2 2
0.0005383602298388232 0 2 3 2 0 3 1 0 1 0
0.0005383602298388232 0 2 3 2 0 3 2 0 2 0
0.0005204533725878078 0 2 3 2 3 0 1 0 1 0
0.0005204533725878078 0 2 3 2 3 0 2 0 2 0
4.579578299936727e-05 0 2 3 2 3 1 1 0 1 1
7.353470619176464e-06 0 2 3 2 3 1 1 0 2 2
-5.898962131908062e-05 0 2 3 2 3 1 1 3 1 1
-0.0001954869729342074 0 2 3 2 3 1 1 3 2 2
2.3552941735428088e-05 0 2 3 2 3 1 2 0 1 2
1.4889370644762716e-05 0 2 3 2 3 1 2 0 2 1
-0.00019679267082255475 0 2 3 2 3 1 2 3 1 2
0.0003332900224376817 0 2 3 2 3 1 2 3 2 1
1.4889370644762716e-05 0 2 3 2 3 2 1 0 1 2
2.355294173542809e-05 0 2 3 2 3 2 1 0 2 1
0.0003332900224376817 0 2 3 2 3 2 1 3 1 2
-0.00019679267082255454 0 2 3 2 3 2 1 3 2 1
7.353470619176464e-06 0 2 3 2 3 2 2 0 1 1
4.579578299936727e-05 0 2 3 2 3 2 2 0 2 2
-0.00019548697293420762 0 2 3 2 3 2 2 3 1 1
-5.89896213190804e-05 0 2 3 2 3 2 2 3 2 2
-11.007851366216666 0 2 3 3 1 0 1 0 0 2
0.02719482096678887 0 2 3 3 1 0 1 0 3 2
0.027194820966788873 0 2 3 3 1 0 1 3 0 2
0.004474059354321397 0 2 3 3 1 0 1 3 3 2
11.007851366216666 0 2 3 3 1 0 2 0 0 1
-0.02719482096678887 0 2 3 3 1 0 2 0 3 1
-0.027194820966788873 0 2 3 3 1 0 2 3 0 1
-0.004474059354321397 0 2 3 3 1 0 2 3 3 1
14.317861208692673 0 2 3 3 1 1 2 0 0 0
-0.023624331398363525 0 2 3 3 1 1 2 0 0 3
95.95187064139719 0 2 3 3 1 1 2 0 3 0
13.589532147380183 0 2 3 3 1 1 2 0 3 3
95.95187064139718 0 2 3 3 1 1 2 3 0 0
13.589532147380181 0 2 3 3 1 1 2 3 0 3
-63726.34473132292 0 2 3 3 1 1 2 3 3 0
27.468286991160515 0 2 3 3 1 1 2 3 3 3
-14.317861208692673 0 2 3 3 1 2 1 0 0 0
0.023624331398363525 0 2 3 3 1 2 1 0 0 3
-95.95187064139719 0 2 3 3 1 2 1 0 3 0
-13.589532147380181 0 2 3 3 1 2 1 0 3 3
-95.95187064139718 0 2 3 3 1 2 1 3 0 0
-13.589532147380183 0 2 3 3 1 2 1 3 0 3
63726.344731322926 0 2 3 3 1 2 1 3 3 0
-27.468286991160515 0 2 3 3 1 2 1 3 3 3
0.028567781285852623 0 2 3 3 1 3 1 0 0 2
0.0039642426792066456 0 2 3 3 1 3 1 0 3 2
0.0039642426792066456 0 2 3 3 1 3 1 3 0 2
-0.028567781285852623 0 2 3 3 1 3 2 0 0 1
-0.0039642426792066456 0 2 3 3 1 3 2 0 3 1
-0.0039642426792066456 0 2 3 3 1 3 2 3 0 1
0.0003519105211944862 0 2 3 3 2 0 1 0 0 1
0.0003519105211944862 0 2 3 3 2 0 2 0 0 2
-3.399008487019596e-05 0 2 3 3 2 1 1 0 0 0
-0.0001957417312035501 0 2 3 3 2 1 1 0 3 0
-7.972544679482434e-05 0 2 3 3 2 1 1 0 3 3
-0.0001957417312035501 0 2 3 3 2 1 1 3 0 0
-7.972544679482434e-05 0 2 3 3 2 1 1 3 0 3
0.35687286015021447 0 2 3 3 2 1 1 3 3 0
0.0006719718269325818 0 2 3 3 2 1 1 3 3 3
-3.399008487019596e-05 0 2 3 3 2 2 2 0 0 0
-0.0001957417312035501 0 2 3 3 2 2 2 0 3 0
-7.972544679482455e-05 0 2 3 3 2 2 2 0 3 3
-0.0001957417312035501 0 2 3 3 2 2 2 3 0 0
-7.972544679482434e-05 0 2 3 3 2 2 2 3 0 3
0.35687286015021535 0 2 3 3 2 2 2 3 3 0
0.0006719718269325818 0 2 3 3 2 2 2 3 3 3
1972668.9065803653 0 3 0 0 0 0 0 0 0 0
276126.31983436685 0 3 0 0 0 0 0 0 0 3
258326.72166389873 0 3 0 0 0 0 0 0 3 0
-986.0382568643178 0 3 0 0 0 0 0 0 3 3
258326.72166389876 0 3 0 0 0 0 0 3 0 0
-986.0382568643178 0 3 0 0 0 0 0 3 0 3
-1231.0121051328933 0 3 0 0 0 0 0 3 3 0
-180.20092727043098 0 3 0 0 0 0 0 3 3 3
283136.9140322436 0 3 0 0 0 0 3 0 0 0
-1042.9846440317017 0 3 0 0 0 0 3 0 0 3
-1331.0472591776863 0 3 0 0 0 0 3 0 3 0
-178.7540872154016 0 3 0 0 0 0 3 0 3 3
-1331.0472591776863 0 3 0 0 0 0 3 3 0 0
-178.7540872154016 0 3 0 0 0 0 3 3 0 3
-176.69843660420946 0 3 0 0 0 0 3 3 3 0
0.6218040621408377 0 3 0 0 0 0 3 3 3 3
6.491086197722223e-05 0 3 0 0 0 1 0 0 3 1
6.491086197722218e-05 0 3 0 0 0 1 0 3 0 1
-0.0004825449632189633 0 3 0 0 0 1 0 3 3 1
0.004392259015786653 0 3 0 0 0 1 3 0 0 1
0.018992662259049352 0 3 0 0 0 1 3 0 3 1
0.018992662259049352 0 3 0 0 0 1 3 3 0 1
-3.26492413142163 0 3 0 0 0 1 3 3 3 1
6.491086197722223e-05 0 3 0 0 0 2 0 0 3 2
6.491086197722218e-05 0 3 0 0 0 2 0 3 0 2
-0.0004825449632189633 0 3 0 0 0 2 0 3 3 2
0.004392259015786653 0 3 0 0 0 2 3 0 0 2
0.018992662259049352 0 3 0 0 0 2 3 0 3 2
0.018992662259049352 0 3 0 0 0 2 3 3 0 2
-3.2649241314216297 0 3 0 0 0 2 3 3 3 2
269350.96728560195 0 3 0 0 0 3 0 0 0 0
-1108.4433410452089 0 3 0 0 0 3 0 0 0 3
-1321.7095085237918 0 3 0 0 0 3 0 0 3 0
-170.65024010460104 0 3 0 0 0 3 0 0 3 3
-1321.709508523792 0 3 0 0 0 3 0 3 0 0
-170.650240104601 0 3 0 0 0 3 0 3 0 3
-162.21029701513888 0 3 0 0 0 3 0 3 3 0
0.6160139411752638 0 3 0 0 0 3 0 3 3 3
-1368.6136917079784 0 3 0 0 0 3 3 0 0 0
-161.97466850414958 0 3 0 0 0 3 3 0 0 3
-153.64399170885048 0 3 0 0 0 3 3 0 3 0
0.6190564576900696 0 3 0 0 0 3 3 0 3 3
-153.64399170885048 0 3 0 0 0 3 3 3 0 0
0.6190564576900696 0 3 0 0 0 3 3 3 0 3
0.6826623127798552 0 3 0 0 0 3 3 3 3 0
0.08895604921535197 0 3 0 0 0 3 3 3 3 3
227128.9545643097 0 3 0 0 3 0 0 0 0 0
-753.5096853290833 0 3 0 0 3 0 0 0 0 3
-952.6268871471591 0 3 0 0 3 0 0 0 3 0
-188.70130711917903 0 3 0 0 3 0 0 0 3 3
-952.6268871471591 0 3 0 0 3 0 0 3 0 0
-188.70130711917903 0 3 0 0 3 0 0 3 0 3
-179.82462794021149 0 3 0 0 3 0 0 3 3 0
0.5402673288470493 0 3 0 0 3 0 0 3 3 3
-1042.9846440317021 0 3 0 0 3 0 3 0 0 0
-196.90663400086552 0 3 0 0 3 0 3 0 0 3
-185.60586907867912 0 3 0 0 3 0 3 0 3 0
0.5703895104989167 0 3 0 0 3 0 3 0 3 3
-185.60586907867915 0 3 0 0 3 0 3 3 0 0
0.5703895104989167 0 3 0 0 3 0 3 3 0 3
0.650632194383591 0 3 0 0 3 0 3 3 3 0
0.10857611295975417 0 3 0 0 3 0 3 3 3 3
0.0004023211316762541 0 3 0 0 3 1 0 0 0 1
-0.00325480465004009 0 3 0 0 3 1 0 0 3 1
-0.003254804650040089 0 3 0 0 3 1 0 3 0 1
7.405053345075737 0 3 0 0 3 1 0 3 3 1
0.024692395279052176 0 3 0 0 3 1 3 0 0 1
-4.084025237045782 0 3 0 0 3 1 3 0 3 1
-4.084025237045783 0 3 0 0 3 1 3 3 0 1
-8.197254596046307 0 3 0 0 3 1 3 3 3 1
0.0004023211316762541 0 3 0 0 3 2 0 0 0 2
-0.00325480465004009 0 3 0 0 3 2 0 0 3 2
-0.003254804650040089 0 3 0 0 3 2 0 3 0 2
7.4050533450757365 0 3 0 0 3 2 0 3 3 2
0.024692395279052176 0 3 0 0 3 2 3 0 0 2
-4.084025237045781 0 3 0 0 3 2 3 0 3 2
-4.084025237045782 0 3 0 0 3 2 3 3 0 2
-8.197254596046307 0 3 0 0 3 2 3 3 3 2
-1070.9414731141303 0 3 0 0 3 3 0 0 0 0
-188.1069400392107 0 3 0 0 3 3 0 0 0 3
-175.4975309537183 0 3 0 0 3 3 0 0 3 0
0.5730625277126832 0 3 0 0 3 3 0 0 3 3
-175.4975309537183 0 3 0 0 3 3 0 3 0 0
0.5730625277126832 0 3 0 0 3 3 0 3 0 3
0.6387794406828715 0 3 0 0 3 3 0 3 3 0
0.10236017893041824 0 3 0 0 3 3 0 3 3 3
-180.70286163396278 0 3 0 0 3 3 3 0 0 0
0.5957337852650534 0 3 0 0 3 3 3 0 0 3
0.6618166189851387 0 3 0 0 3 3 3 0 3 0
0.10030288046470935 0 3 0 0 3 3 3 0 3 3
0.6618166189851387 0 3 0 0 3 3 3 3 0 0
0.10030288046470935 0 3 0 0 3 3 3 3 0 3
0.09622803129393778 0 3 0 0 3 3 3 3 3 0
0.0022434212198580547 0 3 0 1 1 0 0 0 1 1
0.0022434212198580547 0 3 0 1 1 0 0 0 2 2
0.00032853877774736365 0 3 0 1 1 0 0 3 1 1
0.00032853877774736365 0 3 0 1 1 0 0 3 2 2
0.0005411617646668862 0 3 0 1 1 0 3 0 1 1
0.0005411617646668862 0 3 0 1 1 0 3 0 2 2
0.00015148832833118957 0 3 0 1 1 1 0 3 1 0
0.00012979299820664245 0 3 0 1 1 1 3 0 1 0
0.0011138925571614103 0 3 0 1 1 1 3 3 1 0
0.0001621259603529113 0 3 0 1 1 1 3 3 1 3
0.00015148832833118957 0 3 0 1 1 2 0 3 2 0
0.00012979299820664266 0 3 0 1 1 2 3 0 2 0
0.0011138925571614103 0 3 0 1 1 2 3 3 2 0
0.0001621259603529113 0 3 0 1 1 2 3 3 2 3
0.00032812114055458453 0 3 0 1 1 3 0 0 1 1
0.00032812114055458453 0 3 0 1 1 3 0 0 2 2
40.349147532916135 0 3 0 1 2 0 0 0 1 2
-40.349147532916135 0 3 0 1 2 0 0 0 2 1
5.31562343448143 0 3 0 1 2 0 0 3 1 2
-5.315623434481431 0 3 0 1 2 0 0 3 2 1
6.851240701512843 0 3 0 1 2 0 3 0 1 2
-6.851240701512843 0 3 0 1 2 0 3 0 2 1
-0.014414066121376716 0 3 0 1 2 0 3 3 1 2
0.014414066121376716 0 3 0 1 2 0 3 3 2 1
-0.011892108328989678 0 3 0 1 2 1 0 0 2 0
-0.0016210189230667143 0 3 0 1 2 1 0 0 2 3
4.764712494293807 0 3 0 1 2 1 0 3 2 0
-0.008355532534397853 0 3 0 1 2 1 0 3 2 3
5.503294827318649 0 3 0 1 2 1 3 0 2 0
-0.008876190111671666 0 3 0 1 2 1 3 0 2 3
30.207682297767406 0 3 0 1 2 1 3 3 2 0
4.950634692462316 0 3 0 1 2 1 3 3 2 3
0.011892108328989678 0 3 0 1 2 2 0 0 1 0
0.0016210189230667143 0 3 0 1 2 2 0 0 1 3
-4.764712494293806 0 3 0 1 2 2 0 3 1 0
0.008355532534397853 0 3 0 1 2 2 0 3 1 3
-5.503294827318649 0 3 0 1 2 2 3 0 1 0
0.008876190111671666 0 3 0 1 2 2 3 0 1 3
-30.207682297767406 0 3 0 1 2 2 3 3 1 0
-4.950634692462316 0 3 0 1 2 2 3 3 1 3
6.136718071599878 0 3 0 1 2 3 0 0 1 2
-6.136718071599878 0 3 0 1 2 3 0 0 2 1
-0.014411745980038013 0 3 0 1 2 3 0 3 1 2
0.014411745980038013 0 3 0 1 2 3 0 3 2 1
-0.01514975792158405 0 3 0 1 2 3 3 0 1 2
0.01514975792158405 0 3 0 1 2 3 3 0 2 1
-0.0017254433582271815 0 3 0 1 2 3 3 3 1 2
0.0017254433582271815 0 3 0 1 2 3 3 3 2 1
-40.349147532916135 0 3 0 2 1 0 0 0 1 2
40.349147532916135 0 3 0 2 1 0 0 0 2 1
-5.315623434481431 0 3 0 2 1 0 0 3 1 2
5.315623434481431 0 3 0 2 1 0 0 3 2 1
-6.851240701512843 0 3 0 2 1 0 3 0 1 2
6.851240701512843 0 3 0 2 1 0 3 0 2 1
0.014414066121376716 0 3 0 2 1 0 3 3 1 2
-0.014414066121376716 0 3 0 2 1 0 3 3 2 1
0.011892108328989678 0 3 0 2 1 1 0 0 2 0
0.0016210189230667143 0 3 0 2 1 1 0 0 2 3
-4.764712494293806 0 3 0 2 1 1 0 3 2 0
0.008355532534397853 0 3 0 2 1 1 0 3 2 3
-5.503294827318649 0 3 0 2 1 1 3 0 2 0
0.008876190111671666 0 3 0 2 1 1 3 0 2 3
-30.207682297767402 0 3 0 2 1 1 3 3 2 0
-4.950634692462317 0 3 0 2 1 1 3 3 2 3
-0.011892108328989678 0 3 0 2 1 2 0 0 1 0
-0.0016210189230667143 0 3 0 2 1 2 0 0 1 3
4.764712494293806 0 3 0 2 1 2 0 3 1 0
-0.008355532534397853 0 3 0 2 1 2 0 3 1 3
5.503294827318649 0 3 0 2 1 2 3 0 1 0
-0.008876190111671666 0 3 0 2 1 2 3 0 1 3
30.207682297767402 0 3 0 2 1 2 3 3 1 0
4.950634692462316 0 3 0 2 1 2 3 3 1 3
-6.136718071599878 0 3 0 2 1 3 0 0 1 2
6.136718071599878 0 3 0 2 1 3 0 0 2 1
0.014411745980038013 0 3 0 2 1 3 0 3 1 2
-0.014411745980038013 0 3 0 2 1 3 0 3 2 1
0.01514975792158405 0 3 0 2 1 3 3 0 1 2
-0.01514975792158405 0 3 0 2 1 3 3 0 2 1
0.0017254433582271818 0 3 0 2 1 3 3 3 1 2
-0.0017254433582271818 0 3 0 2 1 3 3 3 2 1
0.0022434212198580547 0 3 0 2 2 0 0 0 1 1
0.0022434212198580556 0 3 0 2 2 0 0 0 2 2
0.00032853877774736365 0 3 0 2 2 0 0 3 1 1
0.00032853877774736365 0 3 0 2 2 0 0 3 2 2
0.0005411617646668862 0 3 0 2 2 0 3 0 1 1
0.0005411617646668858 0 3 0 2 2 0 3 0 2 2
0.00015148832833118944 0 3 0 2 2 1 0 3 1 0
0.00012979299820664245 0 3 0 2 2 1 3 0 1 0
0.0011138925571614103 0 3 0 2 2 1 3 3 1 0
0.0001621259603529114 0 3 0 2 2 1 3 3 1 3
0.00015148832833118954 0 3 0 2 2 2 0 3 2 0
0.00012979299820664266 0 3 0 2 2 2 3 0 2 0
0.0011138925571614103 0 3 0 2 2 2 3 3 2 0
0.0001621259603529113 0 3 0 2 2 2 3 3 2 3
0.00032812114055458453 0 3 0 2 2 3 0 0 1 1
0.00032812114055458453 0 3 0 2 2 3 0 0 2 2
235442.701077637 0 3 0 3 0 0 0 0 0 0
-1015.8204703854702 0 3 0 3 0 0 0 0 0 3
-1270.075582595755 0 3 0 3 0 0 0 0 3 0
-190.63281594939977 0 3 0 3 0 0 0 0 3 3
-1221.0681936761957 0 3 0 3 0 0 0 3 0 0
-183.76133979893947 0 3 0 3 0 0 0 3 0 3
-183.0352882049619 0 3 0 3 0 0 0 3 3 0
0.6322528538457147 0 3 0 3 0 0 0 3 3 3
-1331.0472591776868 0 3 0 3 0 0 3 0 0 0
-185.60586907867915 0 3 0 3 0 0 3 0 0 3
-188.74901779530282 0 3 0 3 0 0 3 0 3 0
0.6560066495442656 0 3 0 3 0 0 3 0 3 3
-180.71573955528433 0 3 0 3 0 0 3 3 0 0
0.642814302022898 0 3 0 3 0 0 3 3 0 3
0.7453565185357331 0 3 0 3 0 0 3 3 3 0
0.10674057523882884 0 3 0 3 0 0 3 3 3 3
0.0017321789096941154 0 3 0 3 0 1 0 0 0 1
0.007553160351709102 0 3 0 3 0 1 0 0 3 1
0.007984109078210993 0 3 0 3 0 1 0 3 0 1
3.6144910058914625 0 3 0 3 0 1 0 3 3 1
0.027868852370721016 0 3 0 3 0 1 3 0 0 1
-7.571061436214557 0 3 0 3 0 1 3 0 3 1
-8.000633261644616 0 3 0 3 0 1 3 3 0 1
-33.37706465685387 0 3 0 3 0 1 3 3 3 1
0.0017321789096941154 0 3 0 3 0 2 0 0 0 2
0.007553160351709102 0 3 0 3 0 2 0 0 3 2
0.007984109078210993 0 3 0 3 0 2 0 3 0 2
3.614491005891461 0 3 0 3 0 2 0 3 3 2
0.027868852370721016 0 3 0 3 0 2 3 0 0 2
-7.571061436214557 0 3 0 3 0 2 3 0 3 2
-8.000633261644616 0 3 0 3 0 2 3 3 0 2
-33.37706465685387 0 3 0 3 0 2 3 3 3 2
-1361.2789877712303 0 3 0 3 0 3 0 0 0 0
-184.4154901640763 0 3 0 3 0 3 0 0 0 3
-179.1378750750492 0 3 0 3 0 3 0 0 3 0
0.6633775300067248 0 3 0 3 0 3 0 0 3 3
-172.3976447110064 0 3 0 3 0 3 0 3 0 0
0.64959321462254 0 3 0 3 0 3 0 3 0 3
0.7295919445946819 0 3 0 3 0 3 0 3 3 0
0.10186250620304596 0 3 0 3 0 3 0 3 3 3
-168.20996927614078 0 3 0 3 0 3 3 0 0 0
0.6574475201887351 0 3 0 3 0 3 3 0 0 3
0.7402612215461615 0 3 0 3 0 3 3 0 3 0
0.09807393378134871 0 3 0 3 0 3 3 0 3 3
0.7222551059699338 0 3 0 3 0 3 3 3 0 0
0.09593771452275254 0 3 0 3 0 3 3 3 0 3
0.09474405202234286 0 3 0 3 0 3 3 3 3 0
-901.7063187600394 0 3 0 3 3 0 0 0 0 0
-181.67007002199855 0 3 0 3 3 0 0 0 0 3
-177.33362565381822 0 3 0 3 3 0 0 0 3 0
0.5477463599964889 0 3 0 3 3 0 0 0 3 3
-171.67775974111282 0 3 0 3 3 0 0 3 0 0
0.5375506995029732 0 3 0 3 3 0 0 3 0 3
0.618324653943982 0 3 0 3 3 0 0 3 3 0
0.11143240991408213 0 3 0 3 3 0 0 3 3 3
-178.75408721540157 0 3 0 3 3 0 3 0 0 0
0.5703895104989166 0 3 0 3 3 0 3 0 0 3
0.6560066495442657 0 3 0 3 3 0 3 0 3 0
0.11269357075154496 0 3 0 3 3 0 3 0 3 3
0.642814302022898 0 3 0 3 3 0 3 3 0 0
0.10994859889035109 0 3 0 3 3 0 3 3 0 3
0.10887546191786061 0 3 0 3 3 0 3 3 3 0
0.008212468243871365 0 3 0 3 3 1 0 0 0 1
3.8079541570129414 0 3 0 3 3 1 0 0 3 1
3.0214231255489037 0 3 0 3 3 1 0 3 0 1
38.27085975475506 0 3 0 3 3 1 0 3 3 1
-9.587190271366222 0 3 0 3 3 1 3 0 0 1
-40.041693481066154 0 3 0 3 3 1 3 0 3 1
-38.949747552117074 0 3 0 3 3 1 3 3 0 1
-628.0264722312593 0 3 0 3 3 1 3 3 3 1
0.008212468243871365 0 3 0 3 3 2 0 0 0 2
3.8079541570129414 0 3 0 3 3 2 0 0 3 2
3.021423125548903 0 3 0 3 3 2 0 3 0 2
38.27085975475505 0 3 0 3 3 2 0 3 3 2
-9.587190271366222 0 3 0 3 3 2 3 0 0 2
-40.04169348106615 0 3 0 3 3 2 3 0 3 2
-38.949747552117074 0 3 0 3 3 2 3 3 0 2
-628.0264722312593 0 3 0 3 3 2 3 3 3 2
-174.1898722737309 0 3 0 3 3 3 0 0 0 0
0.5814894798972082 0 3 0 3 3 3 0 0 0 3
0.6555647216698515 0 3 0 3 3 3 0 0 3 0
0.10872048094579 0 3 0 3 3 3 0 0 3 3
0.6415830238662438 0 3 0 3 3 3 0 3 0 0
0.10614010819427748 0 3 0 3 3 3 0 3 0 3
0.10326691436968514 0 3 0 3 3 3 0 3 3 0
0.6699081656406359 0 3 0 3 3 3 3 0 0 0
0.10527968584603914 0 3 0 3 3 3 3 0 0 3
0.10248493866471681 0 3 0 3 3 3 3 0 3 0
0.10005407861207243 0 3 0 3 3 3 3 3 0 0
0.0022434212198580547 0 3 1 0 1 0 0 1 0 1
0.0003285387777473637 0 3 1 0 1 0 0 1 3 1
0.0022434212198580547 0 3 1 0 1 0 0 2 0 2
0.0003285387777473637 0 3 1 0 1 0 0 2 3 2
0.0005411617646668862 0 3 1 0 1 0 3 1 0 1
0.0005411617646668862 0 3 1 0 1 0 3 2 0 2
0.00015148832833118946 0 3 1 0 1 1 0 1 3 0
0.00012979299820664255 0 3 1 0 1 1 3 1 0 0
0.0011138925571614103 0 3 1 0 1 1 3 1 3 0
0.0001621259603529115 0 3 1 0 1 1 3 1 3 3
0.00015148832833118957 0 3 1 0 1 2 0 2 3 0
0.00012979299820664255 0 3 1 0 1 2 3 2 0 0
0.0011138925571614103 0 3 1 0 1 2 3 2 3 0
0.0001621259603529114 0 3 1 0 1 2 3 2 3 3
0.00032812114055458464 0 3 1 0 1 3 0 1 0 1
0.0003281211405545844 0 3 1 0 1 3 0 2 0 2
40.349147532916135 0 3 1 0 2 0 0 1 0 2
5.31562343448143 0 3 1 0 2 0 0 1 3 2
-40.349147532916135 0 3 1 0 2 0 0 2 0 1
-5.315623434481431 0 3 1 0 2 0 0 2 3 1
6.851240701512843 0 3 1 0 2 0 3 1 0 2
-0.014414066121376716 0 3 1 0 2 0 3 1 3 2
-6.851240701512843 0 3 1 0 2 0 3 2 0 1
0.014414066121376716 0 3 1 0 2 0 3 2 3 1
-0.011892108328989678 0 3 1 0 2 1 0 2 0 0
-0.0016210189230667143 0 3 1 0 2 1 0 2 0 3
4.764712494293805 0 3 1 0 2 1 0 2 3 0
-0.008355532534397853 0 3 1 0 2 1 0 2 3 3
5.5032948273186495 0 3 1 0 2 1 3 2 0 0
-0.008876190111671666 0 3 1 0 2 1 3 2 0 3
30.207682297767406 0 3 1 0 2 1 3 2 3 0
4.950634692462317 0 3 1 0 2 1 3 2 3 3
0.011892108328989678 0 3 1 0 2 2 0 1 0 0
0.0016210189230667143 0 3 1 0 2 2 0 1 0 3
-4.764712494293805 0 3 1 0 2 2 0 1 3 0
0.008355532534397853 0 3 1 0 2 2 0 1 3 3
-5.5032948273186495 0 3 1 0 2 2 3 1 0 0
0.008876190111671666 0 3 1 0 2 2 3 1 0 3
-30.207682297767406 0 3 1 0 2 2 3 1 3 0
-4.950634692462316 0 3 1 0 2 2 3 1 3 3
6.136718071599878 0 3 1 0 2 3 0 1 0 2
-0.014411745980038013 0 3 1 0 2 3 0 1 3 2
-6.136718071599878 0 3 1 0 2 3 0 2 0 1
0.014411745980038013 0 3 1 0 2 3 0 2 3 1
-0.01514975792158405 0 3 1 0 2 3 3 1 0 2
-0.0017254433582271815 0 3 1 0 2 3 3 1 3 2
0.01514975792158405 0 3 1 0 2 3 3 2 0 1
0.0017254433582271815 0 3 1 0 2 3 3 2 3 1
0.003919400061802749 0 3 1 1 0 0 0 1 1 0
0.000565903086167562 0 3 1 1 0 0 0 1 1 3
0.003919400061802749 0 3 1 1 0 0 0 2 2 0
0.000565903086167562 0 3 1 1 0 0 0 2 2 3
0.0006638310656744499 0 3 1 1 0 0 3 1 1 0
0.0006638310656744499 0 3 1 1 0 0 3 2 2 0
5.9919309426088884e-05 0 3 1 1 0 1 3 1 1 1
3.744287337921633e-05 0 3 1 1 0 1 3 1 2 2
3.7442873379216345e-05 0 3 1 1 0 1 3 2 1 2
-1.496643733234378e-05 0 3 1 1 0 1 3 2 2 1
-1.496643733234378e-05 0 3 1 1 0 2 3 1 1 2
3.7442873379216345e-05 0 3 1 1 0 2 3 1 2 1
3.744287337921633e-05 0 3 1 1 0 2 3 2 1 1
5.991930942608891e-05 0 3 1 1 0 2 3 2 2 2
0.0005277794255563604 0 3 1 1 0 3 0 1 1 0
0.0005277794255563604 0 3 1 1 0 3 0 2 2 0
0.00045204762348208315 0 3 1 1 3 0 0 1 1 0
0.00045204762348208315 0 3 1 1 3 0 0 2 2 0
-7.579518302457713e-05 0 3 1 1 3 1 0 1 1 1
-1.9482724628808052e-05 0 3 1 1 3 1 0 1 2 2
-1.948272462880806e-05 0 3 1 1 3 1 0 2 1 2
-3.682973376696102e-05 0 3 1 1 3 1 0 2 2 1
0.0002921612472883085 0 3 1 1 3 1 3 1 1 1
0.00034057486130410026 0 3 1 1 3 1 3 1 2 2
0.00034057486130410026 0 3 1 1 3 1 3 2 1 2
-0.0003889884753198918 0 3 1 1 3 1 3 2 2 1
-3.682973376696102e-05 0 3 1 1 3 2 0 1 1 2
-1.948272462880806e-05 0 3 1 1 3 2 0 1 2 1
-1.9482724628808066e-05 0 3 1 1 3 2 0 2 1 1
-7.579518302457714e-05 0 3 1 1 3 2 0 2 2 2
-0.0003889884753198918 0 3 1 1 3 2 3 1 1 2
0.00034057486130410026 0 3 1 1 3 2 3 1 2 1
0.00034057486130410026 0 3 1 1 3 2 3 2 1 1
0.0002921612472883085 0 3 1 1 3 2 3 2 2 2
24.503694459779528 0 3 1 2 0 0 0 1 2 0
3.435738075230081 0 3 1 2 0 0 0 1 2 3
-24.503694459779528 0 3 1 2 0 0 0 2 1 0
-3.435738075230081 0 3 1 2 0 0 0 2 1 3
4.016639120009166 0 3 1 2 0 0 3 1 2 0
-0.0065961737606836605 0 3 1 2 0 0 3 1 2 3
-4.016639120009166 0 3 1 2 0 0 3 2 1 0
0.0065961737606836605 0 3 1 2 0 0 3 2 1 3
0.00021547436325094956 0 3 1 2 0 1 0 1 2 1
-0.00021547436325094956 0 3 1 2 0 1 0 2 1 1
-0.2147859127150287 0 3 1 2 0 1 3 1 2 1
0.21478591271502867 0 3 1 2 0 1 3 2 1 1
0.00021547436325094956 0 3 1 2 0 2 0 1 2 2
-0.00021547436325094956 0 3 1 2 0 2 0 2 1 2
-0.2147859127150287 0 3 1 2 0 2 3 1 2 2
0.2147859127150287 0 3 1 2 0 2 3 2 1 2
3.370115182021355 0 3 1 2 0 3 0 1 2 0
-0.0068921576920922675 0 3 1 2 0 3 0 1 2 3
-3.370115182021355 0 3 1 2 0 3 0 2 1 0
0.0068921576920922675 0 3 1 2 0 3 0 2 1 3
-0.009003057788113727 0 3 1 2 0 3 3 1 2 0
-0.0010681096292980672 0 3 1 2 0 3 3 1 2 3
0.009003057788113727 0 3 1 2 0 3 3 2 1 0
0.0010681096292980672 0 3 1 2 0 3 3 2 1 3
2.8279329563526305 0 3 1 2 3 0 0 1 2 0
-0.005097830246757782 0 3 1 2 3 0 0 1 2 3
-2.827932956352631 0 3 1 2 3 0 0 2 1 0
0.005097830246757782 0 3 1 2 3 0 0 2 1 3
-0.006596173760683659 0 3 1 2 3 0 3 1 2 0
-0.0013724859305969106 0 3 1 2 3 0 3 1 2 3
0.006596173760683659 0 3 1 2 3 0 3 2 1 0
0.0013724859305969106 0 3 1 2 3 0 3 2 1 3
-0.3932655157320128 0 3 1 2 3 1 0 1 2 1
0.39326551573201274 0 3 1 2 3 1 0 2 1 1
0.5459729644745341 0 3 1 2 3 1 3 1 2 1
-0.545972964474534 0 3 1 2 3 1 3 2 1 1
-0.3932655157320127 0 3 1 2 3 2 0 1 2 2
0.39326551573201274 0 3 1 2 3 2 0 2 1 2
0.5459729644745341 0 3 1 2 3 2 3 1 2 2
-0.545972964474534 0 3 1 2 3 2 3 2 1 2
-0.006990848901803762 0 3 1 2 3 3 0 1 2 0
-0.0012901863757562334 0 3 1 2 3 3 0 1 2 3
0.006990848901803762 0 3 1 2 3 3 0 2 1 0
0.0012901863757562334 0 3 1 2 3 3 0 2 1 3
-0.0012154300263221643 0 3 1 2 3 3 3 1 2 0
0.0012154300263221643 0 3 1 2 3 3 3 2 1 0
0.0003176691489193593 0 3 1 3 1 0 0 1 0 1
0.00031766914891935934 0 3 1 3 1 0 0 2 0 2
0.00014012313894120026 0 3 1 3 1 1 0 1 0 0
0.001136950564831019 0 3 1 3 1 1 0 1 3 0
0.00017028702007092195 0 3 1 3 1 1 0 1 3 3
0.0007733176958573092 0 3 1 3 1 1 3 1 0 0
0.00012468308697369512 0 3 1 3 1 1 3 1 0 3
-1.317411732503431 0 3 1 3 1 1 3 1 3 0
5.0842158647098224e-05 0 3 1 3 1 1 3 1 3 3
0.00014012313894120026 0 3 1 3 1 2 0 2 0 0
0.001136950564831019 0 3 1 3 1 2 0 2 3 0
0.0001702870200709219 0 3 1 3 1 2 0 2 3 3
0.0007733176958573092 0 3 1 3 1 2 3 2 0 0
0.00012468308697369512 0 3 1 3 1 2 3 2 0 3
-1.317411732503431 0 3 1 3 1 2 3 2 3 0
5.0842158647098224e-05 0 3 1 3 1 2 3 2 3 3
4.848176497361598 0 3 1 3 2 0 0 1 0 2
-0.013266621065056185 0 3 1 3 2 0 0 1 3 2
-4.848176497361597 0 3 1 3 2 0 0 2 0 1
0.013266621065056185 0 3 1 3 2 0 0 2 3 1
-0.014414066121376717 0 3 1 3 2 0 3 1 0 2
-0.00213488667903175 0 3 1 3 2 0 3 1 3 2
0.014414066121376717 0 3 1 3 2 0 3 2 0 1
0.00213488667903175 0 3 1 3 2 0 3 2 3 1
4.345730026523815 0 3 1 3 2 1 0 2 0 0
-0.008249234411887584 0 3 1 3 2 1 0 2 0 3
36.17064364835341 0 3 1 3 2 1 0 2 3 0
3.526790652009008 0 3 1 3 2 1 0 2 3 3
30.20734172290609 0 3 1 3 2 1 3 2 0 0
4.950597249588938 0 3 1 3 2 1 3 2 0 3
-20064.508141378625 0 3 1 3 2 1 3 2 3 0
10.161325835013683 0 3 1 3 2 1 3 2 3 3
-4.345730026523816 0 3 1 3 2 2 0 1 0 0
0.008249234411887584 0 3 1 3 2 2 0 1 0 3
-36.17064364835341 0 3 1 3 2 2 0 1 3 0
-3.526790652009008 0 3 1 3 2 2 0 1 3 3
-30.20734172290609 0 3 1 3 2 2 3 1 0 0
-4.950597249588937 0 3 1 3 2 2 3 1 0 3
20064.508141378625 0 3 1 3 2 2 3 1 3 0
-10.161325835013681 0 3 1 3 2 2 3 1 3 3
-0.01447634586144834 0 3 1 3 2 3 0 1 0 2
-0.002008663420905932 0 3 1 3 2 3 0 1 3 2
0.01447634586144834 0 3 1 3 2 3 0 2 0 1
0.002008663420905932 0 3 1 3 2 3 0 2 3 1
-0.001873391688391542 0 3 1 3 2 3 3 1 0 2
0.001873391688391542 0 3 1 3 2 3 3 2 0 1
-40.349147532916135 0 3 2 0 1 0 0 1 0 2
-5.315623434481431 0 3 2 0 1 0 0 1 3 2
40.349147532916135 0 3 2 0 1 0 0 2 0 1
5.315623434481431 0 3 2 0 1 0 0 2 3 1
-6.851240701512843 0 3 2 0 1 0 3 1 0 2
0.014414066121376716 0 3 2 0 1 0 3 1 3 2
6.851240701512843 0 3 2 0 1 0 3 2 0 1
-0.014414066121376716 0 3 2 0 1 0 3 2 3 1
0.011892108328989678 0 3 2 0 1 1 0 2 0 0
0.0016210189230667143 0 3 2 0 1 1 0 2 0 3
-4.764712494293806 0 3 2 0 1 1 0 2 3 0
0.008355532534397853 0 3 2 0 1 1 0 2 3 3
-5.503294827318649 0 3 2 0 1 1 3 2 0 0
0.008876190111671666 0 3 2 0 1 1 3 2 0 3
-30.207682297767402 0 3 2 0 1 1 3 2 3 0
-4.950634692462317 0 3 2 0 1 1 3 2 3 3
-0.011892108328989678 0 3 2 0 1 2 0 1 0 0
-0.0016210189230667143 0 3 2 0 1 2 0 1 0 3
4.764712494293805 0 3 2 0 1 2 0 1 3 0
-0.008355532534397853 0 3 2 0 1 2 0 1 3 3
5.503294827318649 0 3 2 0 1 2 3 1 0 0
-0.008876190111671666 0 3 2 0 1 2 3 1 0 3
30.207682297767402 0 3 2 0 1 2 3 1 3 0
4.950634692462317 0 3 2 0 1 2 3 1 3 3
-6.136718071599878 0 3 2 0 1 3 0 1 0 2
0.014411745980038013 0 3 2 0 1 3 0 1 3 2
6.136718071599878 0 3 2 0 1 3 0 2 0 1
-0.014411745980038013 0 3 2 0 1 3 0 2 3 1
0.01514975792158405 0 3 2 0 1 3 3 1 0 2
0.0017254433582271815 0 3 2 0 1 3 3 1 3 2
-0.01514975792158405 0 3 2 0 1 3 3 2 0 1
-0.0017254433582271815 0 3 2 0 1 3 3 2 3 1
0.0022434212198580556 0 3 2 0 2 0 0 1 0 1
0.0003285387777473637 0 3 2 0 2 0 0 1 3 1
0.0022434212198580547 0 3 2 0 2 0 0 2 0 2
0.0003285387777473637 0 3 2 0 2 0 0 2 3 2
0.0005411617646668866 0 3 2 0 2 0 3 1 0 1
0.0005411617646668862 0 3 2 0 2 0 3 2 0 2
0.00015148832833118946 0 3 2 0 2 1 0 1 3 0
0.00012979299820664255 0 3 2 0 2 1 3 1 0 0
0.0011138925571614103 0 3 2 0 2 1 3 1 3 0
0.0001621259603529115 0 3 2 0 2 1 3 1 3 3
0.00015148832833118957 0 3 2 0 2 2 0 2 3 0
0.00012979299820664255 0 3 2 0 2 2 3 2 0 0
0.0011138925571614103 0 3 2 0 2 2 3 2 3 0
0.0001621259603529114 0 3 2 0 2 2 3 2 3 3
0.00032812114055458464 0 3 2 0 2 3 0 1 0 1
0.00032812114055458464 0 3 2 0 2 3 0 2 0 2
-24.503694459779528 0 3 2 1 0 0 0 1 2 0
-3.435738075230081 0 3 2 1 0 0 0 1 2 3
24.50369445977952 0 3 2 1 0 0 0 2 1 0
3.435738075230081 0 3 2 1 0 0 0 2 1 3
-4.016639120009166 0 3 2 1 0 0 3 1 2 0
0.0065961737606836605 0 3 2 1 0 0 3 1 2 3
4.016639120009167 0 3 2 1 0 0 3 2 1 0
-0.0065961737606836605 0 3 2 1 0 0 3 2 1 3
-0.00021547436325094956 0 3 2 1 0 1 0 1 2 1
0.00021547436325094956 0 3 2 1 0 1 0 2 1 1
0.21478591271502867 0 3 2 1 0 1 3 1 2 1
-0.21478591271502867 0 3 2 1 0 1 3 2 1 1
-0.00021547436325094956 0 3 2 1 0 2 0 1 2 2
0.00021547436325094956 0 3 2 1 0 2 0 2 1 2
0.2147859127150287 0 3 2 1 0 2 3 1 2 2
-0.2147859127150287 0 3 2 1 0 2 3 2 1 2
-3.370115182021355 0 3 2 1 0 3 0 1 2 0
0.0068921576920922675 0 3 2 1 0 3 0 1 2 3
3.370115182021355 0 3 2 1 0 3 0 2 1 0
-0.0068921576920922675 0 3 2 1 0 3 0 2 1 3
0.009003057788113727 0 3 2 1 0 3 3 1 2 0
0.0010681096292980672 0 3 2 1 0 3 3 1 2 3
-0.009003057788113727 0 3 2 1 0 3 3 2 1 0
-0.0010681096292980672 0 3 2 1 0 3 3 2 1 3
-2.827932956352631 0 3 2 1 3 0 0 1 2 0
0.005097830246757782 0 3 2 1 3 0 0 1 2 3
2.827932956352631 0 3 2 1 3 0 0 2 1 0
-0.005097830246757782 0 3 2 1 3 0 0 2 1 3
0.006596173760683659 0 3 2 1 3 0 3 1 2 0
0.0013724859305969106 0 3 2 1 3 0 3 1 2 3
-0.006596173760683659 0 3 2 1 3 0 3 2 1 0
-0.0013724859305969106 0 3 2 1 3 0 3 2 1 3
0.39326551573201274 0 3 2 1 3 1 0 1 2 1
-0.3932655157320128 0 3 2 1 3 1 0 2 1 1
-0.545972964474534 0 3 2 1 3 1 3 1 2 1
0.545972964474534 0 3 2 1 3 1 3 2 1 1
0.39326551573201274 0 3 2 1 3 2 0 1 2 2
-0.3932655157320128 0 3 2 1 3 2 0 2 1 2
-0.545972964474534 0 3 2 1 3 2 3 1 2 2
0.5459729644745339 0 3 2 1 3 2 3 2 1 2
0.006990848901803762 0 3 2 1 3 3 0 1 2 0
0.0012901863757562334 0 3 2 1 3 3 0 1 2 3
-0.006990848901803762 0 3 2 1 3 3 0 2 1 0
-0.0012901863757562334 0 3 2 1 3 3 0 2 1 3
0.0012154300263221643 0 3 2 1 3 3 3 1 2 0
-0.0012154300263221643 0 3 2 1 3 3 3 2 1 0
0.003919400061802749 0 3 2 2 0 0 0 1 1 0
0.000565903086167562 0 3 2 2 0 0 0 1 1 3
0.003919400061802749 0 3 2 2 0 0 0 2 2 0
0.000565903086167562 0 3 2 2 0 0 0 2 2 3
0.0006638310656744494 0 3 2 2 0 0 3 1 1 0
0.0006638310656744499 0 3 2 2 0 0 3 2 2 0
5.9919309426088884e-05 0 3 2 2 0 1 3 1 1 1
3.744287337921633e-05 0 3 2 2 0 1 3 1 2 2
3.744287337921636e-05 0 3 2 2 0 1 3 2 1 2
-1.4966437332343772e-05 0 3 2 2 0 1 3 2 2 1
-1.4966437332343772e-05 0 3 2 2 0 2 3 1 1 2
3.744287337921636e-05 0 3 2 2 0 2 3 1 2 1
3.7442873379216345e-05 0 3 2 2 0 2 3 2 1 1
5.9919309426088884e-05 0 3 2 2 0 2 3 2 2 2
0.0005277794255563604 0 3 2 2 0 3 0 1 1 0
0.0005277794255563604 0 3 2 2 0 3 0 2 2 0
0.00045204762348208315 0 3 2 2 3 0 0 1 1 0
0.00045204762348208315 0 3 2 2 3 0 0 2 2 0
-7.579518302457713e-05 0 3 2 2 3 1 0 1 1 1
-1.948272462880806e-05 0 3 2 2 3 1 0 1 2 2
-1.948272462880806e-05 0 3 2 2 3 1 0 2 1 2
-3.682973376696102e-05 0 3 2 2 3 1 0 2 2 1
0.0002921612472883085 0 3 2 2 3 1 3 1 1 1
0.00034057486130410026 0 3 2 2 3 1 3 1 2 2
0.00034057486130410026 0 3 2 2 3 1 3 2 1 2
-0.0003889884753198918 0 3 2 2 3 1 3 2 2 1
-3.682973376696102e-05 0 3 2 2 3 2 0 1 1 2
-1.948272462880806e-05 0 3 2 2 3 2 0 1 2 1
-1.9482724628808066e-05 0 3 2 2 3 2 0 2 1 1
-7.579518302457714e-05 0 3 2 2 3 2 0 2 2 2
-0.0003889884753198918 0 3 2 2 3 2 3 1 1 2
0.00034057486130410026 0 3 2 2 3 2 3 1 2 1
0.00034057486130410026 0 3 2 2 3 2 3 2 1 1
0.0002921612472883085 0 3 2 2 3 2 3 2 2 2
-4.848176497361597 0 3 2 3 1 0 0 1 0 2
0.013266621065056185 0 3 2 3 1 0 0 1 3 2
4.848176497361598 0 3 2 3 1 0 0 2 0 1
-0.013266621065056185 0 3 2 3 1 0 0 2 3 1
0.014414066121376717 0 3 2 3 1 0 3 1 0 2
0.0021348866790317504 0 3 2 3 1 0 3 1 3 2
-0.014414066121376717 0 3 2 3 1 0 3 2 0 1
-0.0021348866790317504 0 3 2 3 1 0 3 2 3 1
-4.345730026523815 0 3 2 3 1 1 0 2 0 0
0.008249234411887584 0 3 2 3 1 1 0 2 0 3
-36.17064364835341 0 3 2 3 1 1 0 2 3 0
-3.5267906520090073 0 3 2 3 1 1 0 2 3 3
-30.20734172290609 0 3 2 3 1 1 3 2 0 0
-4.950597249588938 0 3 2 3 1 1 3 2 0 3
20064.50814137862 0 3 2 3 1 1 3 2 3 0
-10.161325835013683 0 3 2 3 1 1 3 2 3 3
4.345730026523815 0 3 2 3 1 2 0 1 0 0
-0.008249234411887584 0 3 2 3 1 2 0 1 0 3
36.17064364835341 0 3 2 3 1 2 0 1 3 0
3.5267906520090073 0 3 2 3 1 2 0 1 3 3
30.20734172290609 0 3 2 3 1 2 3 1 0 0
4.950597249588937 0 3 2 3 1 2 3 1 0 3
-20064.50814137862 0 3 2 3 1 2 3 1 3 0
10.161325835013681 0 3 2 3 1 2 3 1 3 3
0.01447634586144834 0 3 2 3 1 3 0 1 0 2
0.002008663420905932 0 3 2 3 1 3 0 1 3 2
-0.01447634586144834 0 3 2 3 1 3 0 2 0 1
-0.002008663420905932 0 3 2 3 1 3 0 2 3 1
0.001873391688391542 0 3 2 3 1 3 3 1 0 2
-0.001873391688391542 0 3 2 3 1 3 3 2 0 1
0.0003176691489193593 0 3 2 3 2 0 0 1 0 1
0.00031766914891935934 0 3 2 3 2 0 0 2 0 2
0.00014012313894120026 0 3 2 3 2 1 0 1 0 0
0.001136950564831019 0 3 2 3 2 1 0 1 3 0
0.00017028702007092195 0 3 2 3 2 1 0 1 3 3
0.0007733176958573092 0 3 2 3 2 1 3 1 0 0
0.000124683086973695 0 3 2 3 2 1 3 1 0 3
-1.3174117325034305 0 3 2 3 2 1 3 1 3 0
5.0842158647098224e-05 0 3 2 3 2 1 3 1 3 3
0.00014012313894120026 0 3 2 3 2 2 0 2 0 0
0.001136950564831019 0 3 2 3 2 2 0 2 3 0
0.0001702870200709219 0 3 2 3 2 2 0 2 3 3
0.0007733176958573092 0 3 2 3 2 2 3 2 0 0
0.00012468308697369512 0 3 2 3 2 2 3 2 0 3
-1.317411732503431 0 3 2 3 2 2 3 2 3 0
5.0842158647098224e-05 0 3 2 3 2 2 3 2 3 3
235442.701077637 0 3 3 0 0 0 0 0 0 0
-1015.8204703854702 0 3 3 0 0 0 0 0 0 3
-1221.0681936761957 0 3 3 0 0 0 0 0 3 0
-183.7613397989395 0 3 3 0 0 0 0 0 3 3
-1270.0755825957547 0 3 3 0 0 0 0 3 0 0
-190.6328159493998 0 3 3 0 0 0 0 3 0 3
-183.03528820496186 0 3 3 0 0 0 0 3 3 0
0.6322528538457146 0 3 3 0 0 0 0 3 3 3
-1331.0472591776868 0 3 3 0 0 0 3 0 0 0
-185.6058690786791 0 3 3 0 0 0 3 0 0 3
-180.7157395552844 0 3 3 0 0 0 3 0 3 0
0.642814302022898 0 3 3 0 0 0 3 0 3 3
-188.74901779530282 0 3 3 0 0 0 3 3 0 0
0.6560066495442656 0 3 3 0 0 0 3 3 0 3
0.745356518535733 0 3 3 0 0 0 3 3 3 0
0.10674057523882884 0 3 3 0 0 0 3 3 3 3
0.0017321789096941152 0 3 3 0 0 1 0 0 0 1
0.007984109078210993 0 3 3 0 0 1 0 0 3 1
0.007553160351709102 0 3 3 0 0 1 0 3 0 1
3.6144910058914625 0 3 3 0 0 1 0 3 3 1
0.027868852370721016 0 3 3 0 0 1 3 0 0 1
-8.000633261644616 0 3 3 0 0 1 3 0 3 1
-7.571061436214557 0 3 3 0 0 1 3 3 0 1
-33.37706465685387 0 3 3 0 0 1 3 3 3 1
0.0017321789096941152 0 3 3 0 0 2 0 0 0 2
0.007984109078210993 0 3 3 0 0 2 0 0 3 2
0.007553160351709102 0 3 3 0 0 2 0 3 0 2
3.614491005891462 0 3 3 0 0 2 0 3 3 2
0.027868852370721016 0 3 3 0 0 2 3 0 0 2
-8.000633261644616 0 3 3 0 0 2 3 0 3 2
-7.571061436214557 0 3 3 0 0 2 3 3 0 2
-33.37706465685387 0 3 3 0 0 2 3 3 3 2
-1361.2789877712303 0 3 3 0 0 3 0 0 0 0
-184.41549016407623 0 3 3 0 0 3 0 0 0 3
-172.3976447110064 0 3 3 0 0 3 0 0 3 0
0.6495932146225402 0 3 3 0 0 3 0 0 3 3
-179.13787507504918 0 3 3 0 0 3 0 3 0 0
0.6633775300067248 0 3 3 0 0 3 0 3 0 3
0.7295919445946819 0 3 3 0 0 3 0 3 3 0
0.10186250620304593 0 3 3 0 0 3 0 3 3 3
-168.20996927614073 0 3 3 0 0 3 3 0 0 0
0.6574475201887352 0 3 3 0 0 3 3 0 0 3
0.7222551059699338 0 3 3 0 0 3 3 0 3 0
0.09593771452275254 0 3 3 0 0 3 3 0 3 3
0.7402612215461615 0 3 3 0 0 3 3 3 0 0
0.0980739337813487 0 3 3 0 0 3 3 3 0 3
0.09474405202234286 0 3 3 0 0 3 3 3 3 0
-901.7063187600394 0 3 3 0 3 0 0 0 0 0
-181.67007002199853 0 3 3 0 3 0 0 0 0 3
-171.67775974111282 0 3 3 0 3 0 0 0 3 0
0.5375506995029732 0 3 3 0 3 0 0 0 3 3
-177.33362565381825 0 3 3 0 3 0 0 3 0 0
0.5477463599964889 0 3 3 0 3 0 0 3 0 3
0.618324653943982 0 3 3 0 3 0 0 3 3 0
0.11143240991408213 0 3 3 0 3 0 0 3 3 3
-178.7540872154016 0 3 3 0 3 0 3 0 0 0
0.5703895104989166 0 3 3 0 3 0 3 0 0 3
0.642814302022898 0 3 3 0 3 0 3 0 3 0
0.10994859889035109 0 3 3 0 3 0 3 0 3 3
0.6560066495442657 0 3 3 0 3 0 3 3 0 0
0.11269357075154496 0 3 3 0 3 0 3 3 0 3
0.10887546191786061 0 3 3 0 3 0 3 3 3 0
0.008212468243871365 0 3 3 0 3 1 0 0 0 1
3.0214231255489037 0 3 3 0 3 1 0 0 3 1
3.8079541570129423 0 3 3 0 3 1 0 3 0 1
38.27085975475506 0 3 3 0 3 1 0 3 3 1
-9.587190271366222 0 3 3 0 3 1 3 0 0 1
-38.949747552117074 0 3 3 0 3 1 3 0 3 1
-40.04169348106616 0 3 3 0 3 1 3 3 0 1
-628.0264722312593 0 3 3 0 3 1 3 3 3 1
0.008212468243871365 0 3 3 0 3 2 0 0 0 2
3.0214231255489037 0 3 3 0 3 2 0 0 3 2
3.807954157012942 0 3 3 0 3 2 0 3 0 2
38.27085975475505 0 3 3 0 3 2 0 3 3 2
-9.58719027136622 0 3 3 0 3 2 3 0 0 2
-38.949747552117074 0 3 3 0 3 2 3 0 3 2
-40.041693481066154 0 3 3 0 3 2 3 3 0 2
-628.0264722312592 0 3 3 0 3 2 3 3 3 2
-174.18987227373088 0 3 3 0 3 3 0 0 0 0
0.5814894798972082 0 3 3 0 3 3 0 0 0 3
0.6415830238662438 0 3 3 0 3 3 0 0 3 0
0.10614010819427748 0 3 3 0 3 3 0 0 3 3
0.6555647216698515 0 3 3 0 3 3 0 3 0 0
0.10872048094579 0 3 3 0 3 3 0 3 0 3
0.10326691436968514 0 3 3 0 3 3 0 3 3 0
0.6699081656406359 0 3 3 0 3 3 3 0 0 0
0.10527968584603915 0 3 3 0 3 3 3 0 0 3
0.10005407861207243 0 3 3 0 3 3 3 0 3 0
0.10248493866471681 0 3 3 0 3 3 3 3 0 0
0.00031766914891935924 0 3 3 1 1 0 0 0 1 1
0.00031766914891935924 0 3 3 1 1 0 0 0 2 2
0.00014012313894120026 0 3 3 1 1 1 0 0 1 0
0.001136950564831019 0 3 3 1 1 1 0 3 1 0
0.00017028702007092195 0 3 3 1 1 1 0 3 1 3
0.0007733176958573092 0 3 3 1 1 1 3 0 1 0
0.00012468308697369512 0 3 3 1 1 1 3 0 1 3
-1.3174117325034305 0 3 3 1 1 1 3 3 1 0
5.0842158647098224e-05 0 3 3 1 1 1 3 3 1 3
0.00014012313894120026 0 3 3 1 1 2 0 0 2 0
0.001136950564831019 0 3 3 1 1 2 0 3 2 0
0.000170287020070922 0 3 3 1 1 2 0 3 2 3
0.0007733176958573092 0 3 3 1 1 2 3 0 2 0
0.000124683086973695 0 3 3 1 1 2 3 0 2 3
-1.3174117325034302 0 3 3 1 1 2 3 3 2 0
5.0842158647098224e-05 0 3 3 1 1 2 3 3 2 3
4.848176497361597 0 3 3 1 2 0 0 0 1 2
-4.848176497361598 0 3 3 1 2 0 0 0 2 1
-0.013266621065056182 0 3 3 1 2 0 0 3 1 2
0.013266621065056182 0 3 3 1 2 0 0 3 2 1
-0.014414066121376717 0 3 3 1 2 0 3 0 1 2
0.014414066121376717 0 3 3 1 2 0 3 0 2 1
-0.0021348866790317504 0 3 3 1 2 0 3 3 1 2
0.0021348866790317504 0 3 3 1 2 0 3 3 2 1
4.345730026523815 0 3 3 1 2 1 0 0 2 0
-0.008249234411887584 0 3 3 1 2 1 0 0 2 3
36.17064364835341 0 3 3 1 2 1 0 3 2 0
3.526790652009008 0 3 3 1 2 1 0 3 2 3
30.20734172290609 0 3 3 1 2 1 3 0 2 0
4.950597249588938 0 3 3 1 2 1 3 0 2 3
-20064.508141378625 0 3 3 1 2 1 3 3 2 0
10.161325835013683 0 3 3 1 2 1 3 3 2 3
-4.345730026523815 0 3 3 1 2 2 0 0 1 0
0.008249234411887584 0 3 3 1 2 2 0 0 1 3
-36.17064364835341 0 3 3 1 2 2 0 3 1 0
-3.526790652009008 0 3 3 1 2 2 0 3 1 3
-30.20734172290609 0 3 3 1 2 2 3 0 1 0
-4.950597249588937 0 3 3 1 2 2 3 0 1 3
20064.508141378625 0 3 3 1 2 2 3 3 1 0
-10.161325835013681 0 3 3 1 2 2 3 3 1 3
-0.01447634586144834 0 3 3 1 2 3 0 0 1 2
0.01447634586144834 0 3 3 1 2 3 0 0 2 1
-0.002008663420905932 0 3 3 1 2 3 0 3 1 2
0.002008663420905932 0 3 3 1 2 3 0 3 2 1
-0.001873391688391542 0 3 3 1 2 3 3 0 1 2
0.001873391688391542 0 3 3 1 2 3 3 0 2 1
-4.848176497361598 0 3 3 2 1 0 0 0 1 2
4.848176497361597 0 3 3 2 1 0 0 0 2 1
0.013266621065056182 0 3 3 2 1 0 0 3 1 2
-0.013266621065056182 0 3 3 2 1 0 0 3 2 1
0.014414066121376717 0 3 3 2 1 0 3 0 1 2
-0.014414066121376717 0 3 3 2 1 0 3 0 2 1
0.0021348866790317504 0 3 3 2 1 0 3 3 1 2
-0.0021348866790317504 0 3 3 2 1 0 3 3 2 1
-4.345730026523814 0 3 3 2 1 1 0 0 2 0
0.008249234411887584 0 3 3 2 1 1 0 0 2 3
-36.17064364835341 0 3 3 2 1 1 0 3 2 0
-3.5267906520090073 0 3 3 2 1 1 0 3 2 3
-30.20734172290609 0 3 3 2 1 1 3 0 2 0
-4.950597249588938 0 3 3 2 1 1 3 0 2 3
20064.50814137862 0 3 3 2 1 1 3 3 2 0
-10.161325835013683 0 3 3 2 1 1 3 3 2 3
4.345730026523815 0 3 3 2 1 2 0 0 1 0
-0.008249234411887584 0 3 3 2 1 2 0 0 1 3
36.17064364835341 0 3 3 2 1 2 0 3 1 0
3.5267906520090073 0 3 3 2 1 2 0 3 1 3
30.20734172290609 0 3 3 2 1 2 3 0 1 0
4.950597249588937 0 3 3 2 1 2 3 0 1 3
-20064.50814137862 0 3 3 2 1 2 3 3 1 0
10.161325835013681 0 3 3 2 1 2 3 3 1 3
0.01447634586144834 0 3 3 2 1 3 0 0 1 2
-0.01447634586144834 0 3 3 2 1 3 0 0 2 1
0.002008663420905932 0 3 3 2 1 3 0 3 1 2
-0.002008663420905932 0 3 3 2 1 3 0 3 2 1
0.001873391688391542 0 3 3 2 1 3 3 0 1 2
-0.001873391688391542 0 3 3 2 1 3 3 0 2 1
0.00031766914891935924 0 3 3 2 2 0 0 0 1 1
0.00031766914891935924 0 3 3 2 2 0 0 0 2 2
0.00014012313894120026 0 3 3 2 2 1 0 0 1 0
0.001136950564831019 0 3 3 2 2 1 0 3 1 0
0.00017028702007092195 0 3 3 2 2 1 0 3 1 3
0.0007733176958573092 0 3 3 2 2 1 3 0 1 0
0.00012468308697369506 0 3 3 2 2 1 3 0 1 3
-1.3174117325034305 0 3 3 2 2 1 3 3 1 0
5.0842158647098224e-05 0 3 3 2 2 1 3 3 1 3
0.00014012313894120026 0 3 3 2 2 2 0 0 2 0
0.001136950564831019 0 3 3 2 2 2 0 3 2 0
0.000170287020070922 0 3 3 2 2 2 0 3 2 3
0.0007733176958573092 0 3 3 2 2 2 3 0 2 0
0.000124683086973695 0 3 3 2 2 2 3 0 2 3
-1.3174117325034302 0 3 3 2 2 2 3 3 2 0
5.0842158647098224e-05 0 3 3 2 2 2 3 3 2 3
-1162.1090544998146 0 3 3 3 0 0 0 0 0 0
-179.5142287573181 0 3 3 3 0 0 0 0 0 3
-176.7593005824819 0 3 3 3 0 0 0 0 3 0
0.6358727092373497 0 3 3 3 0 0 0 0 3 3
-176.7593005824819 0 3 3 3 0 0 0 3 0 0
0.6358727092373496 0 3 3 3 0 0 0 3 0 3
0.7240613427457374 0 3 3 3 0 0 0 3 3 0
0.1112308393053886 0 3 3 3 0 0 0 3 3 3
-176.69843660420946 0 3 3 3 0 0 3 0 0 0
0.6506321943835911 0 3 3 3 0 0 3 0 0 3
0.745356518535733 0 3 3 3 0 0 3 0 3 0
0.10887546191786061 0 3 3 3 0 0 3 0 3 3
0.745356518535733 0 3 3 3 0 0 3 3 0 0
0.10887546191786061 0 3 3 3 0 0 3 3 0 3
0.10904019905903747 0 3 3 3 0 0 3 3 3 0
0.016669115601122313 0 3 3 3 0 1 0 0 0 1
-0.481337736976482 0 3 3 3 0 1 0 0 3 1
-0.48133773697648247 0 3 3 3 0 1 0 3 0 1
-24.804850782330227 0 3 3 3 0 1 0 3 3 1
-13.165869264425558 0 3 3 3 0 1 3 0 0 1
-43.5383396497089 0 3 3 3 0 1 3 0 3 1
-43.53833964970891 0 3 3 3 0 1 3 3 0 1
15696.421593422872 0 3 3 3 0 1 3 3 3 1
0.016669115601122313 0 3 3 3 0 2 0 0 0 2
-0.4813377369764823 0 3 3 3 0 2 0 0 3 2
-0.48133773697648297 0 3 3 3 0 2 0 3 0 2
-24.804850782330224 0 3 3 3 0 2 0 3 3 2
-13.165869264425558 0 3 3 3 0 2 3 0 0 2
-43.5383396497089 0 3 3 3 0 2 3 0 3 2
-43.53833964970891 0 3 3 3 0 2 3 3 0 2
15696.42159342287 0 3 3 3 0 2 3 3 3 2
-173.86169853366658 0 3 3 3 0 3 0 0 0 0
0.669042093002601 0 3 3 3 0 3 0 0 0 3
0.7438712311707708 0 3 3 3 0 3 0 0 3 0
0.10636337563745159 0 3 3 3 0 3 0 0 3 3
0.7438712311707708 0 3 3 3 0 3 0 3 0 0
0.10636337563745157 0 3 3 3 0 3 0 3 0 3
0.10379582713147932 0 3 3 3 0 3 0 3 3 0
0.7438417835837852 0 3 3 3 0 3 3 0 0 0
0.10107905723188566 0 3 3 3 0 3 3 0 0 3
0.0992758157102681 0 3 3 3 0 3 3 0 3 0
0.0992758157102681 0 3 3 3 0 3 3 3 0 0
-158.8090371475593 0 3 3 3 3 0 0 0 0 0
0.5246384096653818 0 3 3 3 3 0 0 0 0 3
0.5954112672055047 0 3 3 3 3 0 0 0 3 0
0.10915516179727586 0 3 3 3 3 0 0 0 3 3
0.5954112672055047 0 3 3 3 3 0 0 3 0 0
0.10915516179727586 0 3 3 3 3 0 0 3 0 3
0.10675677995106723 0 3 3 3 3 0 0 3 3 0
0.6218040621408377 0 3 3 3 3 0 3 0 0 0
0.1085761129597542 0 3 3 3 3 0 3 0 0 3
0.10674057523882886 0 3 3 3 3 0 3 0 3 0
0.10674057523882886 0 3 3 3 3 0 3 3 0 0
-1.3109085451975448 0 3 3 3 3 1 0 0 0 1
3.0164534067118827 0 3 3 3 3 1 0 0 3 1
3.0164534067118827 0 3 3 3 3 1 0 3 0 1
-31760.732581443925 0 3 3 3 3 1 0 3 3 1
-68.61039140646675 0 3 3 3 3 1 3 0 0 1
19435.16425741484 0 3 3 3 3 1 3 0 3 1
19435.16425741484 0 3 3 3 3 1 3 3 0 1
43848.51654724756 0 3 3 3 3 1 3 3 3 1
-1.3109085451975453 0 3 3 3 3 2 0 0 0 2
3.016453406711881 0 3 3 3 3 2 0 0 3 2
3.016453406711879 0 3 3 3 3 2 0 3 0 2
-31760.73258144392 0 3 3 3 3 2 0 3 3 2
-68.61039140646675 0 3 3 3 3 2 3 0 0 2
19435.16425741484 0 3 3 3 3 2 3 0 3 2
19435.16425741484 0 3 3 3 3 2 3 3 0 2
43848.51654724756 0 3 3 3 3 2 3 3 3 2
0.6298004300373364 0 3 3 3 3 3 0 0 0 0
0.10702561017612154 0 3 3 3 3 3 0 0 0 3
0.10333729097937297 0 3 3 3 3 3 0 0 3 0
0.10333729097937297 0 3 3 3 3 3 0 3 0 0
0.10115336921723402 0 3 3 3 3 3 3 0 0 0
0.006397530136094112 1 0 0 0 1 0 0 3 3 0
0.002082531214818931 1 0 0 0 1 0 3 0 3 0
0.002082531214818931 1 0 0 0 1 0 3 3 0 0
0.020624531226137353 1 0 0 0 1 0 3 3 3 0
0.003485355041018117 1 0 0 0 1 0 3 3 3 3
-2.658442782678365 1 0 0 0 1 1 0 0 0 1
0.0016068370036055714 1 0 0 0 1 1 0 0 3 1
0.0016068370036055714 1 0 0 0 1 1 0 3 0 1
0.00029905045855740855 1 0 0 0 1 1 0 3 3 1
0.0017258670069004883 1 0 0 0 1 1 3 0 0 1
0.0002867849932684279 1 0 0 0 1 1 3 0 3 1
0.000286784993268428 1 0 0 0 1 1 3 3 0 1
-2.6584427826783665 1 0 0 0 1 2 0 0 0 2
0.0016068370036055714 1 0 0 0 1 2 0 0 3 2
0.0016068370036055714 1 0 0 0 1 2 0 3 0 2
0.00029905045855740844 1 0 0 0 1 2 0 3 3 2
0.0017258670069004883 1 0 0 0 1 2 3 0 0 2
0.0002867849932684279 1 0 0 0 1 2 3 0 3 2
0.000286784993268428 1 0 0 0 1 2 3 3 0 2
0.0032292674474928055 1 0 0 0 1 3 0 0 3 0
0.0032292674474928055 1 0 0 0 1 3 0 3 0 0
0.02659443092201942 1 0 0 0 1 3 0 3 3 0
0.005293690181329859 1 0 0 0 1 3 0 3 3 3
0.0004023211316762542 1 0 0 0 1 3 3 0 0 0
0.008212468243871361 1 0 0 0 1 3 3 0 3 0
0.0017321789096941156 1 0 0 0 1 3 3 0 3 3
0.008212468243871361 1 0 0 0 1 3 3 3 0 0
0.0017321789096941154 1 0 0 0 1 3 3 3 0 3
-1.3109085451975466 1 0 0 0 1 3 3 3 3 0
0.016669115601122317 1 0 0 0 1 3 3 3 3 3
-32403.23695568589 1 0 0 0 2 1 0 0 0 2
49.5406492757875 1 0 0 0 2 1 0 0 3 2
49.54064927578751 1 0 0 0 2 1 0 3 0 2
7.258641806557774 1 0 0 0 2 1 0 3 3 2
58.41772268815007 1 0 0 0 2 1 3 0 0 2
7.602589629617637 1 0 0 0 2 1 3 0 3 2
7.602589629617637 1 0 0 0 2 1 3 3 0 2
-0.01827881004348461 1 0 0 0 2 1 3 3 3 2
32403.236955685894 1 0 0 0 2 2 0 0 0 1
-49.54064927578751 1 0 0 0 2 2 0 0 3 1
-49.5406492757875 1 0 0 0 2 2 0 3 0 1
-7.258641806557774 1 0 0 0 2 2 0 3 3 1
-58.41772268815007 1 0 0 0 2 2 3 0 0 1
-7.602589629617637 1 0 0 0 2 2 3 0 3 1
-7.602589629617637 1 0 0 0 2 2 3 3 0 1
0.01827881004348461 1 0 0 0 2 2 3 3 3 1
0.0019304799243990262 1 0 0 1 0 0 3 3 1 1
0.0019304799243990262 1 0 0 1 0 0 3 3 2 2
-3.99079457798414 1 0 0 1 0 1 0 0 1 0
0.0009142393637675246 1 0 0 1 0 1 0 0 1 3
0.002918868993473229 1 0 0 1 0 1 0 3 1 0
0.0004404274882625962 1 0 0 1 0 1 0 3 1 3
0.003368279993885904 1 0 0 1 0 1 3 0 1 0
0.0004319348086105103 1 0 0 1 0 1 3 0 1 3
0.0004300393448976671 1 0 0 1 0 1 3 3 1 0
-3.990794577984141 1 0 0 1 0 2 0 0 2 0
0.0009142393637675246 1 0 0 1 0 2 0 0 2 3
0.002918868993473229 1 0 0 1 0 2 0 3 2 0
0.00044042748826259655 1 0 0 1 0 2 0 3 2 3
0.0033682799938859025 1 0 0 1 0 2 3 0 2 0
0.0004319348086105103 1 0 0 1 0 2 3 0 2 3
0.0004300393448976671 1 0 0 1 0 2 3 3 2 0
0.001556223371312031 1 0 0 1 0 3 0 3 1 1
0.001556223371312031 1 0 0 1 0 3 0 3 2 2
0.0016210189230667145 1 0 0 1 0 3 3 0 1 1
0.0016210189230667145 1 0 0 1 0 3 3 0 2 2
0.008249234411887584 1 0 0 1 0 3 3 3 1 1
0.008249234411887584 1 0 0 1 0 3 3 3 2 2
0.0014174763741742445 1 0 0 1 3 0 0 3 1 1
0.0014174763741742445 1 0 0 1 3 0 0 3 2 2
0.0019747844050457533 1 0 0 1 3 0 3 0 1 1
0.0019747844050457533 1 0 0 1 3 0 3 0 2 2
0.013741463762964038 1 0 0 1 3 0 3 3 1 1
0.013741463762964038 1 0 0 1 3 0 3 3 2 2
0.0009142393637675238 1 0 0 1 3 1 0 0 1 0
0.0005802883873182788 1 0 0 1 3 1 0 0 1 3
0.0004968511012898669 1 0 0 1 3 1 0 3 1 0
0.0004900723095571902 1 0 0 1 3 1 3 0 1 0
0.0009142393637675246 1 0 0 1 3 2 0 0 2 0
0.0005802883873182788 1 0 0 1 3 2 0 0 2 3
0.0004968511012898668 1 0 0 1 3 2 0 3 2 0
0.0004900723095571902 1 0 0 1 3 2 3 0 2 0
0.0016041023306261305 1 0 0 1 3 3 0 0 1 1
0.0016041023306261305 1 0 0 1 3 3 0 0 2 2
0.01122794521840682 1 0 0 1 3 3 0 3 1 1
0.01122794521840682 1 0 0 1 3 3 0 3 2 2
0.011892108328989678 1 0 0 1 3 3 3 0 1 1
0.011892108328989678 1 0 0 1 3 3 3 0 2 2
-4.345730026523814 1 0 0 1 3 3 3 3 1 1
-4.345730026523813 1 0 0 1 3 3 3 3 2 2
-47455.42227237645 1 0 0 2 0 1 0 0 2 0
22.725949194762265 1 0 0 2 0 1 0 0 2 3
71.45359597983193 1 0 0 2 0 1 0 3 2 0
11.12439453433027 1 0 0 2 0 1 0 3 2 3
85.5548847151398 1 0 0 2 0 1 3 0 2 0
9.292532044237417 1 0 0 2 0 1 3 0 2 3
10.277769683173025 1 0 0 2 0 1 3 3 2 0
-0.01955419533509826 1 0 0 2 0 1 3 3 2 3
47455.42227237645 1 0 0 2 0 2 0 0 1 0
-22.725949194762265 1 0 0 2 0 2 0 0 1 3
-71.45359597983195 1 0 0 2 0 2 0 3 1 0
-11.12439453433027 1 0 0 2 0 2 0 3 1 3
-85.5548847151398 1 0 0 2 0 2 3 0 1 0
-9.292532044237417 1 0 0 2 0 2 3 0 1 3
-10.277769683173025 1 0 0 2 0 2 3 3 1 0
0.01955419533509826 1 0 0 2 0 2 3 3 1 3
22.725949194762272 1 0 0 2 3 1 0 0 2 0
13.74409196252798 1 0 0 2 3 1 0 0 2 3
11.726501462453841 1 0 0 2 3 1 0 3 2 0
-0.015857608316205647 1 0 0 2 3 1 0 3 2 3
12.581604686299867 1 0 0 2 3 1 3 0 2 0
-0.01766372831483959 1 0 0 2 3 1 3 0 2 3
-0.022573955353573975 1 0 0 2 3 1 3 3 2 0
-0.004137827659117861 1 0 0 2 3 1 3 3 2 3
-22.72594919476227 1 0 0 2 3 2 0 0 1 0
-13.744091962527982 1 0 0 2 3 2 0 0 1 3
-11.72650146245384 1 0 0 2 3 2 0 3 1 0
0.015857608316205647 1 0 0 2 3 2 0 3 1 3
-12.581604686299867 1 0 0 2 3 2 3 0 1 0
0.01766372831483959 1 0 0 2 3 2 3 0 1 3
0.022573955353573975 1 0 0 2 3 2 3 3 1 0
0.004137827659117861 1 0 0 2 3 2 3 3 1 3
-0.0001401231389412001 1 0 0 2 3 3 3 3 1 2
0.00014012313894120026 1 0 0 2 3 3 3 3 2 1
0.005070039416483922 1 0 0 3 1 0 0 0 3 0
0.005010048980107883 1 0 0 3 1 0 0 3 0 0
0.039839611712788346 1 0 0 3 1 0 0 3 3 0
0.0072162657186257695 1 0 0 3 1 0 0 3 3 3
0.0005607994447132987 1 0 0 3 1 0 3 0 0 0
0.0072031337721258325 1 0 0 3 1 0 3 0 3 0
0.001397004300783911 1 0 0 3 1 0 3 0 3 3
0.008945949930380094 1 0 0 3 1 0 3 3 0 0
0.001751512541456307 1 0 0 3 1 0 3 3 0 3
-1.8983088759670992 1 0 0 3 1 0 3 3 3 0
0.016862459907700564 1 0 0 3 1 0 3 3 3 3
0.0016068370036055719 1 0 0 3 1 1 0 0 0 1
0.00048275417359614013 1 0 0 3 1 1 0 0 3 1
0.00032543830288577554 1 0 0 3 1 1 0 3 0 1
0.0003086127270687559 1 0 0 3 1 1 3 0 0 1
0.0016068370036055719 1 0 0 3 1 2 0 0 0 2
0.0004827541735961399 1 0 0 3 1 2 0 0 3 2
0.00032543830288577554 1 0 0 3 1 2 0 3 0 2
0.0003086127270687559 1 0 0 3 1 2 3 0 0 2
0.0016251651168666752 1 0 0 3 1 3 0 0 0 0
0.015622280838714097 1 0 0 3 1 3 0 0 3 0
0.003810150181248263 1 0 0 3 1 3 0 0 3 3
0.015451750748646433 1 0 0 3 1 3 0 3 0 0
0.003761694600427973 1 0 0 3 1 3 0 3 0 3
-4.469445766850098 1 0 0 3 1 3 0 3 3 0
0.02804394902416199 1 0 0 3 1 3 0 3 3 3
-0.003254804650040091 1 0 0 3 1 3 3 0 0 0
6.491086197722186e-05 1 0 0 3 1 3 3 0 0 3
3.807954157012941 1 0 0 3 1 3 3 0 3 0
0.0075531603517091 1 0 0 3 1 3 3 0 3 3
3.0214231255489032 1 0 0 3 1 3 3 3 0 0
0.007984109078210993 1 0 0 3 1 3 3 3 0 3
3.0164534067118973 1 0 0 3 1 3 3 3 3 0
-0.4813377369764811 1 0 0 3 1 3 3 3 3 3
49.54064927578752 1 0 0 3 2 1 0 0 0 2
10.168924833573575 1 0 0 3 2 1 0 0 3 2
8.028074269394697 1 0 0 3 2 1 0 3 0 2
-0.019544571091245654 1 0 0 3 2 1 0 3 3 2
7.112253376302294 1 0 0 3 2 1 3 0 0 2
-0.020541405988419977 1 0 0 3 2 1 3 0 3 2
-0.01861109494982453 1 0 0 3 2 1 3 3 0 2
-0.0029468214420339685 1 0 0 3 2 1 3 3 3 2
-49.54064927578753 1 0 0 3 2 2 0 0 0 1
-10.168924833573575 1 0 0 3 2 2 0 0 3 1
-8.028074269394695 1 0 0 3 2 2 0 3 0 1
0.019544571091245654 1 0 0 3 2 2 0 3 3 1
-7.112253376302295 1 0 0 3 2 2 3 0 0 1
0.020541405988419977 1 0 0 3 2 2 3 0 3 1
0.01861109494982453 1 0 0 3 2 2 3 3 0 1
0.0029468214420339685 1 0 0 3 2 2 3 3 3 1
0.0019304799243990262 1 0 1 0 0 0 3 1 3 1
0.0019304799243990262 1 0 1 0 0 0 3 2 3 2
-3.9907945779841407 1 0 1 0 0 1 0 1 0 0
0.0009142393637675246 1 0 1 0 0 1 0 1 0 3
0.002918868993473229 1 0 1 0 0 1 0 1 3 0
0.0004404274882625962 1 0 1 0 0 1 0 1 3 3
0.003368279993885904 1 0 1 0 0 1 3 1 0 0
0.0004319348086105103 1 0 1 0 0 1 3 1 0 3
0.0004300393448976671 1 0 1 0 0 1 3 1 3 0
-3.9907945779841394 1 0 1 0 0 2 0 2 0 0
0.0009142393637675246 1 0 1 0 0 2 0 2 0 3
0.002918868993473229 1 0 1 0 0 2 0 2 3 0
0.00044042748826259644 1 0 1 0 0 2 0 2 3 3
0.0033682799938859025 1 0 1 0 0 2 3 2 0 0
0.0004319348086105103 1 0 1 0 0 2 3 2 0 3
0.00043003934489766686 1 0 1 0 0 2 3 2 3 0
0.001556223371312031 1 0 1 0 0 3 0 1 3 1
0.001556223371312031 1 0 1 0 0 3 0 2 3 2
0.0016210189230667143 1 0 1 0 0 3 3 1 0 1
0.008249234411887582 1 0 1 0 0 3 3 1 3 1
0.0016210189230667143 1 0 1 0 0 3 3 2 0 2
0.008249234411887582 1 0 1 0 0 3 3 2 3 2
0.0014174763741742445 1 0 1 0 3 0 0 1 3 1
0.0014174763741742445 1 0 1 0 3 0 0 2 3 2
0.0019747844050457533 1 0 1 0 3 0 3 1 0 1
0.013741463762964038 1 0 1 0 3 0 3 1 3 1
0.0019747844050457533 1 0 1 0 3 0 3 2 0 2
0.013741463762964038 1 0 1 0 3 0 3 2 3 2
0.0009142393637675238 1 0 1 0 3 1 0 1 0 0
0.0005802883873182788 1 0 1 0 3 1 0 1 0 3
0.0004968511012898664 1 0 1 0 3 1 0 1 3 0
0.0004900723095571904 1 0 1 0 3 1 3 1 0 0
0.0009142393637675246 1 0 1 0 3 2 0 2 0 0
0.0005802883873182788 1 0 1 0 3 2 0 2 0 3
0.0004968511012898664 1 0 1 0 3 2 0 2 3 0
0.0004900723095571904 1 0 1 0 3 2 3 2 0 0
0.0016041023306261307 1 0 1 0 3 3 0 1 0 1
0.01122794521840682 1 0 1 0 3 3 0 1 3 1
0.0016041023306261307 1 0 1 0 3 3 0 2 0 2
0.01122794521840682 1 0 1 0 3 3 0 2 3 2
0.011892108328989678 1 0 1 0 3 3 3 1 0 1
-4.345730026523814 1 0 1 0 3 3 3 1 3 1
0.011892108328989678 1 0 1 0 3 3 3 2 0 2
-4.345730026523814 1 0 1 0 3 3 3 2 3 2
1.9467932262406102e-06 1 0 1 1 1 1 0 1 2 2
1.9467932262406102e-06 1 0 1 1 1 1 0 2 1 2
-3.893586452481241e-06 1 0 1 1 1 1 0 2 2 1
-3.893586452481241e-06 1 0 1 1 1 2 0 1 1 2
1.9467932262406102e-06 1 0 1 1 1 2 0 1 2 1
1.9467932262406102e-06 1 0 1 1 1 2 0 2 1 1
-3.682973376696102e-05 1 0 1 1 1 3 3 1 1 0
-3.682973376696102e-05 1 0 1 1 1 3 3 2 2 0
-0.00014943375080778926 1 0 1 1 2 1 0 1 1 2
5.837040625351095e-05 1 0 1 1 2 1 0 1 2 1
5.837040625351096e-05 1 0 1 1 2 1 0 2 1 1
-3.2692938300767336e-05 1 0 1 1 2 1 0 2 2 2
3.269293830076736e-05 1 0 1 1 2 2 0 1 1 1
-5.837040625351096e-05 1 0 1 1 2 2 0 1 2 2
-5.837040625351095e-05 1 0 1 1 2 2 0 2 1 2
0.0001494337508077893 1 0 1 1 2 2 0 2 2 1
-2.9995218188016486e-05 1 0 1 2 1 0 0 1 2 0
2.9995218188016486e-05 1 0 1 2 1 0 0 2 1 0
0.0008714080791271279 1 0 1 2 1 0 3 1 2 0
0.00017725412033619794 1 0 1 2 1 0 3 1 2 3
-0.0008714080791271279 1 0 1 2 1 0 3 2 1 0
-0.00017725412033619794 1 0 1 2 1 0 3 2 1 3
5.837040625351097e-05 1 0 1 2 1 1 0 1 1 2
-0.0001348216128344777 1 0 1 2 1 1 0 1 2 1
2.249425787588615e-05 1 0 1 2 1 1 0 2 1 1
-5.3956948705080596e-05 1 0 1 2 1 1 0 2 2 2
5.3956948705080596e-05 1 0 1 2 1 2 0 1 1 1
-2.249425787588615e-05 1 0 1 2 1 2 0 1 2 2
0.0001348216128344777 1 0 1 2 1 2 0 2 1 2
-5.837040625351097e-05 1 0 1 2 1 2 0 2 2 1
-8.526504503383096e-05 1 0 1 2 1 3 0 1 2 0
-2.4227790410143878e-05 1 0 1 2 1 3 0 1 2 3
8.526504503383096e-05 1 0 1 2 1 3 0 2 1 0
2.4227790410143878e-05 1 0 1 2 1 3 0 2 1 3
-0.3932655157320128 1 0 1 2 1 3 3 1 2 0
0.00021547436325094956 1 0 1 2 1 3 3 1 2 3
0.39326551573201274 1 0 1 2 1 3 3 2 1 0
-0.00021547436325094956 1 0 1 2 1 3 3 2 1 3
1.9467932262406034e-06 1 0 1 2 2 1 0 1 1 1
-1.3714507942802558 1 0 1 2 2 1 0 1 2 2
0.7693997698986157 1 0 1 2 2 1 0 2 1 2
0.6020529711748662 1 0 1 2 2 1 0 2 2 1
0.0012365555298657909 1 0 1 2 2 1 3 1 2 2
-0.0006937555087296453 1 0 1 2 2 1 3 2 1 2
-0.0005428000211361458 1 0 1 2 2 1 3 2 2 1
0.6020529711748663 1 0 1 2 2 2 0 1 1 2
0.7693997698986157 1 0 1 2 2 2 0 1 2 1
-1.371450794280256 1 0 1 2 2 2 0 2 1 1
1.946793226240617e-06 1 0 1 2 2 2 0 2 2 2
-0.0005428000211361458 1 0 1 2 2 2 3 1 1 2
-0.0006937555087296453 1 0 1 2 2 2 3 1 2 1
0.0012365555298657909 1 0 1 2 2 2 3 2 1 1
1.948272462880806e-05 1 0 1 2 2 3 3 1 1 0
1.948272462880806e-05 1 0 1 2 2 3 3 2 2 0
0.002146776093480503 1 0 1 3 0 0 0 1 3 1
0.002146776093480503 1 0 1 3 0 0 0 2 3 2
0.0020175004613042433 1 0 1 3 0 0 3 1 0 1
0.011355787708018199 1 0 1 3 0 0 3 1 3 1
0.0020175004613042433 1 0 1 3 0 0 3 2 0 2
0.011355787708018199 1 0 1 3 0 0 3 2 3 2
0.0029188689934732323 1 0 1 3 0 1 0 1 0 0
0.0004968511012898664 1 0 1 3 0 1 0 1 0 3
0.0006652591854752134 1 0 1 3 0 1 0 1 3 0
0.000482948603433647 1 0 1 3 0 1 3 1 0 0
0.0029188689934732306 1 0 1 3 0 2 0 2 0 0
0.0004968511012898664 1 0 1 3 0 2 0 2 0 3
0.0006652591854752134 1 0 1 3 0 2 0 2 3 0
0.000482948603433647 1 0 1 3 0 2 3 2 0 0
0.001556223371312031 1 0 1 3 0 3 0 1 0 1
0.009411907070337516 1 0 1 3 0 3 0 1 3 1
0.001556223371312031 1 0 1 3 0 3 0 2 0 2
0.009411907070337516 1 0 1 3 0 3 0 2 3 2
0.008355532534397853 1 0 1 3 0 3 3 1 0 1
-3.526790652009008 1 0 1 3 0 3 3 1 3 1
0.008355532534397853 1 0 1 3 0 3 3 2 0 2
-3.526790652009008 1 0 1 3 0 3 3 2 3 2
0.0014174763741742445 1 0 1 3 3 0 0 1 0 1
0.011553079573888878 1 0 1 3 3 0 0 1 3 1
0.0014174763741742445 1 0 1 3 3 0 0 2 0 2
0.011553079573888878 1 0 1 3 3 0 0 2 3 2
0.01418245955181989 1 0 1 3 3 0 3 1 0 1
-6.3618560351368965 1 0 1 3 3 0 3 1 3 1
0.01418245955181989 1 0 1 3 3 0 3 2 0 2
-6.3618560351368965 1 0 1 3 3 0 3 2 3 2
0.0004404274882625959 1 0 1 3 3 1 0 1 0 0
0.0004404274882625959 1 0 1 3 3 2 0 2 0 0
0.01122794521840682 1 0 1 3 3 3 0 1 0 1
-3.893773577087025 1 0 1 3 3 3 0 1 3 1
0.01122794521840682 1 0 1 3 3 3 0 2 0 2
-3.893773577087025 1 0 1 3 3 3 0 2 3 2
-4.764712494293807 1 0 1 3 3 3 3 1 0 1
-36.170643648353426 1 0 1 3 3 3 3 1 3 1
-4.764712494293806 1 0 1 3 3 3 3 2 0 2
-36.170643648353426 1 0 1 3 3 3 3 2 3 2
-47455.42227237645 1 0 2 0 0 1 0 2 0 0
22.725949194762265 1 0 2 0 0 1 0 2 0 3
71.45359597983193 1 0 2 0 0 1 0 2 3 0
11.12439453433027 1 0 2 0 0 1 0 2 3 3
85.5548847151398 1 0 2 0 0 1 3 2 0 0
9.292532044237417 1 0 2 0 0 1 3 2 0 3
10.277769683173025 1 0 2 0 0 1 3 2 3 0
-0.01955419533509826 1 0 2 0 0 1 3 2 3 3
47455.42227237645 1 0 2 0 0 2 0 1 0 0
-22.725949194762265 1 0 2 0 0 2 0 1 0 3
-71.45359597983195 1 0 2 0 0 2 0 1 3 0
-11.124394534330271 1 0 2 0 0 2 0 1 3 3
-85.5548847151398 1 0 2 0 0 2 3 1 0 0
-9.292532044237417 1 0 2 0 0 2 3 1 0 3
-10.277769683173025 1 0 2 0 0 2 3 1 3 0
0.01955419533509826 1 0 2 0 0 2 3 1 3 3
22.725949194762265 1 0 2 0 3 1 0 2 0 0
13.74409196252798 1 0 2 0 3 1 0 2 0 3
11.72650146245384 1 0 2 0 3 1 0 2 3 0
-0.015857608316205647 1 0 2 0 3 1 0 2 3 3
12.581604686299867 1 0 2 0 3 1 3 2 0 0
-0.01766372831483959 1 0 2 0 3 1 3 2 0 3
-0.022573955353573975 1 0 2 0 3 1 3 2 3 0
-0.004137827659117861 1 0 2 0 3 1 3 2 3 3
-22.725949194762265 1 0 2 0 3 2 0 1 0 0
-13.744091962527982 1 0 2 0 3 2 0 1 0 3
-11.72650146245384 1 0 2 0 3 2 0 1 3 0
0.015857608316205647 1 0 2 0 3 2 0 1 3 3
-12.581604686299867 1 0 2 0 3 2 3 1 0 0
0.01766372831483959 1 0 2 0 3 2 3 1 0 3
0.022573955353573975 1 0 2 0 3 2 3 1 3 0
0.004137827659117861 1 0 2 0 3 2 3 1 3 3
-0.00014012313894120012 1 0 2 0 3 3 3 1 3 2
0.00014012313894120023 1 0 2 0 3 3 3 2 3 1
2.9995218188016486e-05 1 0 2 1 1 0 0 1 2 0
-2.9995218188016486e-05 1 0 2 1 1 0 0 2 1 0
-0.0008714080791271279 1 0 2 1 1 0 3 1 2 0
-0.00017725412033619794 1 0 2 1 1 0 3 1 2 3
0.0008714080791271279 1 0 2 1 1 0 3 2 1 0
0.00017725412033619794 1 0 2 1 1 0 3 2 1 3
5.837040625351097e-05 1 0 2 1 1 1 0 1 1 2
2.2494257875886164e-05 1 0 2 1 1 1 0 1 2 1
-0.00013482161283447772 1 0 2 1 1 1 0 2 1 1
-5.395694870508059e-05 1 0 2 1 1 1 0 2 2 2
5.395694870508059e-05 1 0 2 1 1 2 0 1 1 1
0.0001348216128344777 1 0 2 1 1 2 0 1 2 2
-2.249425787588615e-05 1 0 2 1 1 2 0 2 1 2
-5.837040625351094e-05 1 0 2 1 1 2 0 2 2 1
8.526504503383096e-05 1 0 2 1 1 3 0 1 2 0
2.4227790410143878e-05 1 0 2 1 1 3 0 1 2 3
-8.526504503383096e-05 1 0 2 1 1 3 0 2 1 0
-2.4227790410143878e-05 1 0 2 1 1 3 0 2 1 3
0.3932655157320128 1 0 2 1 1 3 3 1 2 0
-0.00021547436325094956 1 0 2 1 1 3 3 1 2 3
-0.39326551573201274 1 0 2 1 1 3 3 2 1 0
0.00021547436325094956 1 0 2 1 1 3 3 2 1 3
1.9467932262406034e-06 1 0 2 1 2 1 0 1 1 1
0.7693997698986157 1 0 2 1 2 1 0 1 2 2
-1.3714507942802558 1 0 2 1 2 1 0 2 1 2
0.6020529711748662 1 0 2 1 2 1 0 2 2 1
-0.0006937555087296453 1 0 2 1 2 1 3 1 2 2
0.0012365555298657909 1 0 2 1 2 1 3 2 1 2
-0.0005428000211361458 1 0 2 1 2 1 3 2 2 1
0.6020529711748663 1 0 2 1 2 2 0 1 1 2
-1.371450794280256 1 0 2 1 2 2 0 1 2 1
0.7693997698986157 1 0 2 1 2 2 0 2 1 1
1.946793226240617e-06 1 0 2 1 2 2 0 2 2 2
-0.0005428000211361458 1 0 2 1 2 2 3 1 1 2
0.0012365555298657909 1 0 2 1 2 2 3 1 2 1
-0.0006937555087296453 1 0 2 1 2 2 3 2 1 1
1.948272462880806e-05 1 0 2 1 2 3 3 1 1 0
1.948272462880806e-05 1 0 2 1 2 3 3 2 2 0
-3.893586452481241e-06 1 0 2 2 1 1 0 1 1 1
0.6020529711748664 1 0 2 2 1 1 0 1 2 2
0.6020529711748664 1 0 2 2 1 1 0 2 1 2
-1.2041098359361857 1 0 2 2 1 1 0 2 2 1
-0.0005428000211361458 1 0 2 2 1 1 3 1 2 2
-0.0005428000211361458 1 0 2 2 1 1 3 2 1 2
0.0010856000422722915 1 0 2 2 1 1 3 2 2 1
-1.2041098359361857 1 0 2 2 1 2 0 1 1 2
0.6020529711748664 1 0 2 2 1 2 0 1 2 1
0.6020529711748663 1 0 2 2 1 2 0 2 1 1
-3.893586452481241e-06 1 0 2 2 1 2 0 2 2 2
0.0010856000422722915 1 0 2 2 1 2 3 1 1 2
-0.0005428000211361458 1 0 2 2 1 2 3 1 2 1
-0.0005428000211361458 1 0 2 2 1 2 3 2 1 1
-7.579518302457714e-05 1 0 2 2 1 3 3 1 1 0
-7.579518302457714e-05 1 0 2 2 1 3 3 2 2 0
-3.269293830076737e-05 1 0 2 2 2 1 0 1 1 2
-5.3956948705080616e-05 1 0 2 2 2 1 0 1 2 1
-5.395694870508059e-05 1 0 2 2 2 1 0 2 1 1
-0.00014060683571092862 1 0 2 2 2 1 0 2 2 2
0.00014060683571092856 1 0 2 2 2 2 0 1 1 1
5.395694870508059e-05 1 0 2 2 2 2 0 1 2 2
5.395694870508056e-05 1 0 2 2 2 2 0 2 1 2
3.269293830076737e-05 1 0 2 2 2 2 0 2 2 1
71.45359597983196 1 0 2 3 0 1 0 2 0 0
11.726501462453841 1 0 2 3 0 1 0 2 0 3
13.016028587942957 1 0 2 3 0 1 0 2 3 0
-0.020382660326080364 1 0 2 3 0 1 0 2 3 3
11.268720749071203 1 0 2 3 0 1 3 2 0 0
-0.0203346350791601 1 0 2 3 0 1 3 2 0 3
-0.02812611751908672 1 0 2 3 0 1 3 2 3 0
-0.0038966130742350835 1 0 2 3 0 1 3 2 3 3
-71.45359597983197 1 0 2 3 0 2 0 1 0 0
-11.726501462453841 1 0 2 3 0 2 0 1 0 3
-13.016028587942957 1 0 2 3 0 2 0 1 3 0
0.020382660326080364 1 0 2 3 0 2 0 1 3 3
-11.268720749071203 1 0 2 3 0 2 3 1 0 0
0.0203346350791601 1 0 2 3 0 2 3 1 0 3
0.02812611751908672 1 0 2 3 0 2 3 1 3 0
0.0038966130742350835 1 0 2 3 0 2 3 1 3 3
-0.0001702870200709219 1 0 2 3 0 3 3 1 3 2
0.0001702870200709218 1 0 2 3 0 3 3 2 3 1
-0.0001049609321739344 1 0 2 3 3 0 3 1 3 2
0.0001049609321739344 1 0 2 3 3 0 3 2 3 1
11.124394534330271 1 0 2 3 3 1 0 2 0 0
-0.015857608316205647 1 0 2 3 3 1 0 2 0 3
-0.02038266032608036 1 0 2 3 3 1 0 2 3 0
-0.004679298667545605 1 0 2 3 3 1 0 2 3 3
-0.022268795055363527 1 0 2 3 3 1 3 2 0 0
-0.004294854924369221 1 0 2 3 3 1 3 2 0 3
-0.004355926065561937 1 0 2 3 3 1 3 2 3 0
-11.124394534330271 1 0 2 3 3 2 0 1 0 0
0.015857608316205647 1 0 2 3 3 2 0 1 0 3
0.02038266032608036 1 0 2 3 3 2 0 1 3 0
0.004679298667545605 1 0 2 3 3 2 0 1 3 3
0.022268795055363527 1 0 2 3 3 2 3 1 0 0
0.004294854924369221 1 0 2 3 3 2 3 1 0 3
0.004355926065561937 1 0 2 3 3 2 3 1 3 0
-0.00035207062981032 1 0 2 3 3 3 0 1 3 2
0.0003520706298103201 1 0 2 3 3 3 0 2 3 1
-0.00015148832833118968 1 0 2 3 3 3 3 1 0 2
-0.0011369505648310204 1 0 2 3 3 3 3 1 3 2
0.00015148832833118965 1 0 2 3 3 3 3 2 0 1
0.0011369505648310212 1 0 2 3 3 3 3 2 3 1
0.005010048980107883 1 0 3 0 1 0 0 0 3 0
0.005070039416483922 1 0 3 0 1 0 0 3 0 0
0.039839611712788346 1 0 3 0 1 0 0 3 3 0
0.0072162657186257695 1 0 3 0 1 0 0 3 3 3
0.0005607994447132989 1 0 3 0 1 0 3 0 0 0
0.008945949930380094 1 0 3 0 1 0 3 0 3 0
0.0017515125414563066 1 0 3 0 1 0 3 0 3 3
0.0072031337721258325 1 0 3 0 1 0 3 3 0 0
0.001397004300783911 1 0 3 0 1 0 3 3 0 3
-1.8983088759670987 1 0 3 0 1 0 3 3 3 0
0.01686245990770056 1 0 3 0 1 0 3 3 3 3
0.0016068370036055719 1 0 3 0 1 1 0 0 0 1
0.00032543830288577554 1 0 3 0 1 1 0 0 3 1
0.00048275417359614013 1 0 3 0 1 1 0 3 0 1
0.00030861272706875594 1 0 3 0 1 1 3 0 0 1
0.0016068370036055719 1 0 3 0 1 2 0 0 0 2
0.00032543830288577554 1 0 3 0 1 2 0 0 3 2
0.00048275417359614013 1 0 3 0 1 2 0 3 0 2
0.00030861272706875594 1 0 3 0 1 2 3 0 0 2
0.0016251651168666752 1 0 3 0 1 3 0 0 0 0
0.015451750748646433 1 0 3 0 1 3 0 0 3 0
0.003761694600427973 1 0 3 0 1 3 0 0 3 3
0.015622280838714097 1 0 3 0 1 3 0 3 0 0
0.003810150181248263 1 0 3 0 1 3 0 3 0 3
-4.469445766850101 1 0 3 0 1 3 0 3 3 0
0.02804394902416199 1 0 3 0 1 3 0 3 3 3
-0.003254804650040091 1 0 3 0 1 3 3 0 0 0
6.491086197722208e-05 1 0 3 0 1 3 3 0 0 3
3.021423125548902 1 0 3 0 1 3 3 0 3 0
0.007984109078210993 1 0 3 0 1 3 3 0 3 3
3.8079541570129414 1 0 3 0 1 3 3 3 0 0
0.0075531603517091 1 0 3 0 1 3 3 3 0 3
3.016453406711897 1 0 3 0 1 3 3 3 3 0
-0.4813377369764806 1 0 3 0 1 3 3 3 3 3
49.54064927578753 1 0 3 0 2 1 0 0 0 2
8.028074269394699 1 0 3 0 2 1 0 0 3 2
10.168924833573575 1 0 3 0 2 1 0 3 0 2
-0.01954457109124566 1 0 3 0 2 1 0 3 3 2
7.112253376302295 1 0 3 0 2 1 3 0 0 2
-0.01861109494982453 1 0 3 0 2 1 3 0 3 2
-0.020541405988419977 1 0 3 0 2 1 3 3 0 2
-0.002946821442033969 1 0 3 0 2 1 3 3 3 2
-49.54064927578754 1 0 3 0 2 2 0 0 0 1
-8.028074269394697 1 0 3 0 2 2 0 0 3 1
-10.168924833573575 1 0 3 0 2 2 0 3 0 1
0.01954457109124566 1 0 3 0 2 2 0 3 3 1
-7.112253376302296 1 0 3 0 2 2 3 0 0 1
0.01861109494982453 1 0 3 0 2 2 3 0 3 1
0.020541405988419977 1 0 3 0 2 2 3 3 0 1
0.002946821442033969 1 0 3 0 2 2 3 3 3 1
0.002146776093480502 1 0 3 1 0 0 0 3 1 1
0.002146776093480503 1 0 3 1 0 0 0 3 2 2
0.0020175004613042433 1 0 3 1 0 0 3 0 1 1
0.0020175004613042433 1 0 3 1 0 0 3 0 2 2
0.011355787708018199 1 0 3 1 0 0 3 3 1 1
0.011355787708018199 1 0 3 1 0 0 3 3 2 2
0.0029188689934732323 1 0 3 1 0 1 0 0 1 0
0.0004968511012898667 1 0 3 1 0 1 0 0 1 3
0.0006652591854752134 1 0 3 1 0 1 0 3 1 0
0.00048294860343364693 1 0 3 1 0 1 3 0 1 0
0.0029188689934732306 1 0 3 1 0 2 0 0 2 0
0.0004968511012898667 1 0 3 1 0 2 0 0 2 3
0.0006652591854752134 1 0 3 1 0 2 0 3 2 0
0.00048294860343364693 1 0 3 1 0 2 3 0 2 0
0.001556223371312031 1 0 3 1 0 3 0 0 1 1
0.001556223371312031 1 0 3 1 0 3 0 0 2 2
0.009411907070337516 1 0 3 1 0 3 0 3 1 1
0.009411907070337516 1 0 3 1 0 3 0 3 2 2
0.008355532534397853 1 0 3 1 0 3 3 0 1 1
0.008355532534397853 1 0 3 1 0 3 3 0 2 2
-3.526790652009008 1 0 3 1 0 3 3 3 1 1
-3.526790652009008 1 0 3 1 0 3 3 3 2 2
0.0014174763741742445 1 0 3 1 3 0 0 0 1 1
0.0014174763741742445 1 0 3 1 3 0 0 0 2 2
0.011553079573888878 1 0 3 1 3 0 0 3 1 1
0.011553079573888878 1 0 3 1 3 0 0 3 2 2
0.01418245955181989 1 0 3 1 3 0 3 0 1 1
0.01418245955181989 1 0 3 1 3 0 3 0 2 2
-6.3618560351368965 1 0 3 1 3 0 3 3 1 1
-6.3618560351368965 1 0 3 1 3 0 3 3 2 2
0.0004404274882625959 1 0 3 1 3 1 0 0 1 0
0.0004404274882625959 1 0 3 1 3 2 0 0 2 0
0.01122794521840682 1 0 3 1 3 3 0 0 1 1
0.01122794521840682 1 0 3 1 3 3 0 0 2 2
-3.893773577087025 1 0 3 1 3 3 0 3 1 1
-3.893773577087025 1 0 3 1 3 3 0 3 2 2
-4.764712494293807 1 0 3 1 3 3 3 0 1 1
-4.764712494293807 1 0 3 1 3 3 3 0 2 2
-36.170643648353426 1 0 3 1 3 3 3 3 1 1
-36.170643648353426 1 0 3 1 3 3 3 3 2 2
71.45359597983197 1 0 3 2 0 1 0 0 2 0
11.72650146245384 1 0 3 2 0 1 0 0 2 3
13.016028587942955 1 0 3 2 0 1 0 3 2 0
-0.020382660326080364 1 0 3 2 0 1 0 3 2 3
11.268720749071202 1 0 3 2 0 1 3 0 2 0
-0.0203346350791601 1 0 3 2 0 1 3 0 2 3
-0.028126117519086724 1 0 3 2 0 1 3 3 2 0
-0.0038966130742350835 1 0 3 2 0 1 3 3 2 3
-71.45359597983197 1 0 3 2 0 2 0 0 1 0
-11.726501462453841 1 0 3 2 0 2 0 0 1 3
-13.016028587942955 1 0 3 2 0 2 0 3 1 0
0.020382660326080364 1 0 3 2 0 2 0 3 1 3
-11.268720749071202 1 0 3 2 0 2 3 0 1 0
0.0203346350791601 1 0 3 2 0 2 3 0 1 3
0.028126117519086724 1 0 3 2 0 2 3 3 1 0
0.0038966130742350835 1 0 3 2 0 2 3 3 1 3
-0.0001702870200709219 1 0 3 2 0 3 3 3 1 2
0.0001702870200709219 1 0 3 2 0 3 3 3 2 1
-0.00010496093217393445 1 0 3 2 3 0 3 3 1 2
0.00010496093217393445 1 0 3 2 3 0 3 3 2 1
11.124394534330271 1 0 3 2 3 1 0 0 2 0
-0.015857608316205647 1 0 3 2 3 1 0 0 2 3
-0.020382660326080364 1 0 3 2 3 1 0 3 2 0
-0.004679298667545605 1 0 3 2 3 1 0 3 2 3
-0.022268795055363527 1 0 3 2 3 1 3 0 2 0
-0.004294854924369221 1 0 3 2 3 1 3 0 2 3
-0.004355926065561937 1 0 3 2 3 1 3 3 2 0
-11.124394534330271 1 0 3 2 3 2 0 0 1 0
0.015857608316205647 1 0 3 2 3 2 0 0 1 3
0.020382660326080364 1 0 3 2 3 2 0 3 1 0
0.004679298667545605 1 0 3 2 3 2 0 3 1 3
0.022268795055363527 1 0 3 2 3 2 3 0 1 0
0.004294854924369221 1 0 3 2 3 2 3 0 1 3
0.004355926065561937 1 0 3 2 3 2 3 3 1 0
-0.00035207062981032 1 0 3 2 3 3 0 3 1 2
0.0003520706298103201 1 0 3 2 3 3 0 3 2 1
-0.00015148832833118968 1 0 3 2 3 3 3 0 1 2
0.00015148832833118965 1 0 3 2 3 3 3 0 2 1
-0.0011369505648310204 1 0 3 2 3 3 3 3 1 2
0.0011369505648310212 1 0 3 2 3 3 3 3 2 1
0.0035625773877456233 1 0 3 3 1 0 0 0 0 0
0.02828653213889948 1 0 3 3 1 0 0 0 3 0
0.005069489625145265 1 0 3 3 1 0 0 0 3 3
0.02828653213889948 1 0 3 3 1 0 0 3 0 0
0.005069489625145265 1 0 3 3 1 0 0 3 0 3
-20.992888200092505 1 0 3 3 1 0 0 3 3 0
0.03347626050301837 1 0 3 3 1 0 0 3 3 3
-0.0018718067848346167 1 0 3 3 1 0 3 0 0 0
0.00019813720875645768 1 0 3 3 1 0 3 0 0 3
1.2581841285293849 1 0 3 3 1 0 3 0 3 0
0.005730116899938892 1 0 3 3 1 0 3 0 3 3
1.258184128529385 1 0 3 3 1 0 3 3 0 0
0.005730116899938892 1 0 3 3 1 0 3 3 0 3
14.295984026995752 1 0 3 3 1 0 3 3 3 0
-0.5210583518544052 1 0 3 3 1 0 3 3 3 3
0.00029905045855740866 1 0 3 3 1 1 0 0 0 1
0.00029905045855740866 1 0 3 3 1 2 0 0 0 2
0.004138540485205782 1 0 3 3 1 3 0 0 0 0
0.0021812434387057976 1 0 3 3 1 3 0 0 0 3
-0.5760242603928896 1 0 3 3 1 3 0 0 3 0
0.018632041953824466 1 0 3 3 1 3 0 0 3 3
-0.5760242603928895 1 0 3 3 1 3 0 3 0 0
0.018632041953824466 1 0 3 3 1 3 0 3 0 3
-12.079021222761883 1 0 3 3 1 3 0 3 3 0
-11.279131713890227 1 0 3 3 1 3 0 3 3 3
7.405053345075739 1 0 3 3 1 3 3 0 0 0
-0.0004825449632189652 1 0 3 3 1 3 3 0 0 3
38.27085975475503 1 0 3 3 1 3 3 0 3 0
3.614491005891463 1 0 3 3 1 3 3 0 3 3
38.27085975475502 1 0 3 3 1 3 3 3 0 0
3.6144910058914634 1 0 3 3 1 3 3 3 0 3
-31760.73258144392 1 0 3 3 1 3 3 3 3 0
-24.804850782330224 1 0 3 3 1 3 3 3 3 3
7.258641806557772 1 0 3 3 2 1 0 0 0 2
-0.01954457109124566 1 0 3 3 2 1 0 0 3 2
-0.01954457109124566 1 0 3 3 2 1 0 3 0 2
-0.003411964278945711 1 0 3 3 2 1 0 3 3 2
-0.017555868838705156 1 0 3 3 2 1 3 0 0 2
-0.0029006744336130376 1 0 3 3 2 1 3 0 3 2
-0.002900674433613037 1 0 3 3 2 1 3 3 0 2
-7.258641806557773 1 0 3 3 2 2 0 0 0 1
0.01954457109124566 1 0 3 3 2 2 0 0 3 1
0.01954457109124566 1 0 3 3 2 2 0 3 0 1
0.003411964278945711 1 0 3 3 2 2 0 3 3 1
0.017555868838705156 1 0 3 3 2 2 3 0 0 1
0.0029006744336130376 1 0 3 3 2 2 3 0 3 1
0.002900674433613037 1 0 3 3 2 2 3 3 0 1
-0.004982538003236621 1 1 0 0 0 0 1 3 3 1
-0.004982538003236621 1 1 0 0 0 0 2 3 3 2
-2.867043634949876 1 1 0 0 0 1 1 0 0 0
0.0010321178508286497 1 1 0 0 0 1 1 0 0 3
0.002246967206919328 1 1 0 0 0 1 1 0 3 0
0.0003109814129724532 1 1 0 0 0 1 1 0 3 3
0.002246967206919328 1 1 0 0 0 1 1 3 0 0
0.0003109814129724532 1 1 0 0 0 1 1 3 0 3
0.0003089330887472799 1 1 0 0 0 1 1 3 3 0
-2.867043634949876 1 1 0 0 0 2 2 0 0 0
0.0010321178508286497 1 1 0 0 0 2 2 0 0 3
0.0022469672069193244 1 1 0 0 0 2 2 0 3 0
0.00031098141297245235 1 1 0 0 0 2 2 0 3 3
0.0022469672069193244 1 1 0 0 0 2 2 3 0 0
0.00031098141297245235 1 1 0 0 0 2 2 3 0 3
0.0003089330887472799 1 1 0 0 0 2 2 3 3 0
-0.005149166323642046 1 1 0 0 0 3 1 0 3 1
-0.005149166323642046 1 1 0 0 0 3 1 3 0 1
-0.023624331398363528 1 1 0 0 0 3 1 3 3 1
-0.005149166323642046 1 1 0 0 0 3 2 0 3 2
-0.005149166323642046 1 1 0 0 0 3 2 3 0 2
-0.023624331398363528 1 1 0 0 0 3 2 3 3 2
-0.004990619095815399 1 1 0 0 3 0 1 0 3 1
-0.0049906190958154 1 1 0 0 3 0 1 3 0 1
-0.037072914077616564 1 1 0 0 3 0 1 3 3 1
-0.004990619095815399 1 1 0 0 3 0 2 0 3 2
-0.0049906190958154 1 1 0 0 3 0 2 3 0 2
-0.037072914077616564 1 1 0 0 3 0 2 3 3 2
0.0010321178508286462 1 1 0 0 3 1 1 0 0 0
0.0004894118879992643 1 1 0 0 3 1 1 0 0 3
0.00035022337336879355 1 1 0 0 3 1 1 0 3 0
0.00035022337336879355 1 1 0 0 3 1 1 3 0 0
0.0010321178508286462 1 1 0 0 3 2 2 0 0 0
0.0004894118879992643 1 1 0 0 3 2 2 0 0 3
0.00035022337336879355 1 1 0 0 3 2 2 0 3 0
0.00035022337336879355 1 1 0 0 3 2 2 3 0 0
-0.00553678321389759 1 1 0 0 3 3 1 0 0 1
-0.03460051750709892 1 1 0 0 3 3 1 0 3 1
-0.03460051750709893 1 1 0 0 3 3 1 3 0 1
14.317861208692673 1 1 0 0 3 3 1 3 3 1
-0.00553678321389759 1 1 0 0 3 3 2 0 0 2
-0.03460051750709892 1 1 0 0 3 3 2 0 3 2
-0.03460051750709893 1 1 0 0 3 3 2 3 0 2
14.317861208692673 1 1 0 0 3 3 2 3 3 2
-1.4952350968873218e-06 1 1 0 1 1 1 1 0 2 2
-5.508046059905128e-06 1 1 0 1 1 1 2 0 1 2
7.003281156792417e-06 1 1 0 1 1 1 2 0 2 1
7.003281156792417e-06 1 1 0 1 1 2 1 0 1 2
-5.508046059905128e-06 1 1 0 1 1 2 1 0 2 1
-1.4952350968873218e-06 1 1 0 1 1 2 2 0 1 1
1.4889370644762724e-05 1 1 0 1 1 3 1 3 1 0
1.4889370644762724e-05 1 1 0 1 1 3 2 3 2 0
-0.0006471527449069322 1 1 0 1 2 0 1 0 2 0
-0.0035383321552306048 1 1 0 1 2 0 1 3 2 0
-0.0003186646461546623 1 1 0 1 2 0 1 3 2 3
0.0006471527449069322 1 1 0 1 2 0 2 0 1 0
0.0035383321552306048 1 1 0 1 2 0 2 3 1 0
0.0003186646461546623 1 1 0 1 2 0 2 3 1 3
-0.00019932103000891047 1 1 0 1 2 1 1 0 1 2
3.7746725299454354e-05 1 1 0 1 2 1 1 0 2 1
5.262945488677445e-05 1 1 0 1 2 1 2 0 1 1
-0.00010894484982268158 1 1 0 1 2 1 2 0 2 2
0.00010894484982268163 1 1 0 1 2 2 1 0 1 1
-5.262945488677445e-05 1 1 0 1 2 2 1 0 2 2
-3.77467252994543e-05 1 1 0 1 2 2 2 0 1 2
0.00019932103000891047 1 1 0 1 2 2 2 0 2 1
0.0003029088283210477 1 1 0 1 2 3 1 0 2 3
-0.0002831516581699198 1 1 0 1 2 3 1 3 2 0
0.0016561654969194728 1 1 0 1 2 3 1 3 2 3
-0.0003029088283210477 1 1 0 1 2 3 2 0 1 3
0.0002831516581699198 1 1 0 1 2 3 2 3 1 0
-0.0016561654969194728 1 1 0 1 2 3 2 3 1 3
0.00019410010996681194 1 1 0 2 1 0 1 0 2 0
0.0006040416088966996 1 1 0 2 1 0 1 3 2 0
-5.522689901875217e-05 1 1 0 2 1 0 1 3 2 3
-0.00019410010996681194 1 1 0 2 1 0 2 0 1 0
-0.0006040416088966996 1 1 0 2 1 0 2 3 1 0
5.522689901875217e-05 1 1 0 2 1 0 2 3 1 3
3.7746725299454245e-05 1 1 0 2 1 1 1 0 1 2
-0.00010531240764783106 1 1 0 2 1 1 1 0 2 1
2.883101495712075e-05 1 1 0 2 1 1 2 0 1 1
-3.8734667391255926e-05 1 1 0 2 1 1 2 0 2 2
3.8734667391255926e-05 1 1 0 2 1 2 1 0 1 1
-2.8831014957120736e-05 1 1 0 2 1 2 1 0 2 2
0.00010531240764783111 1 1 0 2 1 2 2 0 1 2
-3.7746725299454245e-05 1 1 0 2 1 2 2 0 2 1
-0.00042483543507822256 1 1 0 2 1 3 1 0 2 0
-0.00025665970367086865 1 1 0 2 1 3 1 0 2 3
0.40682477017462154 1 1 0 2 1 3 1 3 2 0
-0.0014358677491466847 1 1 0 2 1 3 1 3 2 3
0.00042483543507822256 1 1 0 2 1 3 2 0 1 0
0.00025665970367086865 1 1 0 2 1 3 2 0 1 3
-0.40682477017462154 1 1 0 2 1 3 2 3 1 0
0.0014358677491466847 1 1 0 2 1 3 2 3 1 3
-1.49523509688735e-06 1 1 0 2 2 1 1 0 1 1
-2.798590204464997 1 1 0 2 2 1 1 0 2 2
0.002115489394949842 1 1 0 2 2 1 1 3 2 2
-0.4904451981651638 1 1 0 2 2 1 2 0 1 2
3.2890339073950634 1 1 0 2 2 1 2 0 2 1
0.00036147060238973024 1 1 0 2 2 1 2 3 1 2
-0.002476959997339572 1 1 0 2 2 1 2 3 2 1
3.2890339073950634 1 1 0 2 2 2 1 0 1 2
-0.4904451981651638 1 1 0 2 2 2 1 0 2 1
-0.002476959997339572 1 1 0 2 2 2 1 3 1 2
0.00036147060238973024 1 1 0 2 2 2 1 3 2 1
-2.798590204464997 1 1 0 2 2 2 2 0 1 1
-1.4952350968873228e-06 1 1 0 2 2 2 2 0 2 2
0.002115489394949842 1 1 0 2 2 2 2 3 1 1
-2.3552941735428098e-05 1 1 0 2 2 3 1 3 1 0
-2.3552941735428098e-05 1 1 0 2 2 3 2 3 2 0
-0.005092555997775749 1 1 0 3 0 0 1 0 3 1
-0.004835774416281627 1 1 0 3 0 0 1 3 0 1
-0.02793627925769448 1 1 0 3 0 0 1 3 3 1
-0.005092555997775749 1 1 0 3 0 0 2 0 3 2
-0.004835774416281627 1 1 0 3 0 0 2 3 0 2
-0.02793627925769448 1 1 0 3 0 0 2 3 3 2
0.0022469672069193314 1 1 0 3 0 1 1 0 0 0
0.00035022337336879355 1 1 0 3 0 1 1 0 0 3
0.0005254059429020243 1 1 0 3 0 1 1 0 3 0
0.00034106774789051126 1 1 0 3 0 1 1 3 0 0
0.0022469672069193314 1 1 0 3 0 2 2 0 0 0
0.00035022337336879355 1 1 0 3 0 2 2 0 0 3
0.0005254059429020243 1 1 0 3 0 2 2 0 3 0
0.00034106774789051126 1 1 0 3 0 2 2 3 0 0
-0.005452075151963092 1 1 0 3 0 3 1 0 0 1
-0.025686320730864423 1 1 0 3 0 3 1 0 3 1
-0.025451204214646896 1 1 0 3 0 3 1 3 0 1
13.58953214738018 1 1 0 3 0 3 1 3 3 1
-0.005452075151963092 1 1 0 3 0 3 2 0 0 2
-0.025686320730864423 1 1 0 3 0 3 2 0 3 2
-0.025451204214646896 1 1 0 3 0 3 2 3 0 2
13.58953214738018 1 1 0 3 0 3 2 3 3 2
-0.004343466350908468 1 1 0 3 3 0 1 0 0 1
-0.03539856397049666 1 1 0 3 3 0 1 0 3 1
-0.034302907868041466 1 1 0 3 3 0 1 3 0 1
15.219007640220394 1 1 0 3 3 0 1 3 3 1
-0.004343466350908468 1 1 0 3 3 0 2 0 0 2
-0.03539856397049666 1 1 0 3 3 0 2 0 3 2
-0.034302907868041466 1 1 0 3 3 0 2 3 0 2
15.219007640220394 1 1 0 3 3 0 2 3 3 2
0.0003109814129724515 1 1 0 3 3 1 1 0 0 0
0.00031098141297245105 1 1 0 3 3 2 2 0 0 0
-0.03460051750709892 1 1 0 3 3 3 1 0 0 1
16.270904236445396 1 1 0 3 3 3 1 0 3 1
15.108771513309382 1 1 0 3 3 3 1 3 0 1
95.95187064139722 1 1 0 3 3 3 1 3 3 1
-0.03460051750709892 1 1 0 3 3 3 2 0 0 2
16.270904236445396 1 1 0 3 3 3 2 0 3 2
15.108771513309382 1 1 0 3 3 3 2 3 0 2
95.95187064139722 1 1 0 3 3 3 2 3 3 2
-1.4952350968873218e-06 1 1 1 0 1 1 1 2 0 2
-5.508046059905128e-06 1 1 1 0 1 1 2 1 0 2
7.003281156792417e-06 1 1 1 0 1 1 2 2 0 1
7.003281156792417e-06 1 1 1 0 1 2 1 1 0 2
-5.508046059905128e-06 1 1 1 0 1 2 1 2 0 1
-1.4952350968873218e-06 1 1 1 0 1 2 2 1 0 1
1.488937064476272e-05 1 1 1 0 1 3 1 1 3 0
1.488937064476272e-05 1 1 1 0 1 3 2 2 3 0
-0.0006471527449069322 1 1 1 0 2 0 1 2 0 0
-0.0035383321552306048 1 1 1 0 2 0 1 2 3 0
-0.0003186646461546623 1 1 1 0 2 0 1 2 3 3
0.0006471527449069322 1 1 1 0 2 0 2 1 0 0
0.0035383321552306048 1 1 1 0 2 0 2 1 3 0
0.0003186646461546623 1 1 1 0 2 0 2 1 3 3
-0.00019932103000891053 1 1 1 0 2 1 1 1 0 2
3.7746725299454354e-05 1 1 1 0 2 1 1 2 0 1
5.262945488677445e-05 1 1 1 0 2 1 2 1 0 1
-0.0001089448498226816 1 1 1 0 2 1 2 2 0 2
0.00010894484982268163 1 1 1 0 2 2 1 1 0 1
-5.262945488677445e-05 1 1 1 0 2 2 1 2 0 2
-3.77467252994543e-05 1 1 1 0 2 2 2 1 0 2
0.00019932103000891053 1 1 1 0 2 2 2 2 0 1
0.0003029088283210477 1 1 1 0 2 3 1 2 0 3
-0.00028315165816991976 1 1 1 0 2 3 1 2 3 0
0.0016561654969194728 1 1 1 0 2 3 1 2 3 3
-0.0003029088283210477 1 1 1 0 2 3 2 1 0 3
0.00028315165816991976 1 1 1 0 2 3 2 1 3 0
-0.0016561654969194728 1 1 1 0 2 3 2 1 3 3
5.065105800677597e-06 1 1 1 1 0 1 1 2 2 0
-2.5325529003387983e-06 1 1 1 1 0 1 2 1 2 0
-2.532552900338805e-06 1 1 1 1 0 1 2 2 1 0
-2.532552900338805e-06 1 1 1 1 0 2 1 1 2 0
-2.5325529003387983e-06 1 1 1 1 0 2 1 2 1 0
5.065105800677597e-06 1 1 1 1 0 2 2 1 1 0
-4.881860933928448e-05 1 1 1 1 3 3 1 1 1 1
1.5526646539357483e-05 1 1 1 1 3 3 1 1 2 2
1.5526646539357493e-05 1 1 1 1 3 3 1 2 1 2
-7.987190241799947e-05 1 1 1 1 3 3 1 2 2 1
-7.987190241799944e-05 1 1 1 1 3 3 2 1 1 2
1.5526646539357493e-05 1 1 1 1 3 3 2 1 2 1
1.5526646539357483e-05 1 1 1 1 3 3 2 2 1 1
-4.881860933928448e-05 1 1 1 1 3 3 2 2 2 2
8.488052229445004e-05 1 1 1 2 0 0 1 1 2 1
-0.00017190105919966762 1 1 1 2 0 0 1 2 1 1
-8.702053690521754e-05 1 1 1 2 0 0 1 2 2 2
8.702053690521754e-05 1 1 1 2 0 0 2 1 1 1
0.00017190105919966762 1 1 1 2 0 0 2 1 2 2
-8.488052229445004e-05 1 1 1 2 0 0 2 2 1 2
-0.00014713843006760477 1 1 1 2 0 1 1 1 2 0
3.719976494390814e-05 1 1 1 2 0 1 1 2 1 0
5.0376705635641166e-05 1 1 1 2 0 1 2 1 1 0
-5.956195948805535e-05 1 1 1 2 0 1 2 2 2 0
5.956195948805536e-05 1 1 1 2 0 2 1 1 1 0
-5.0376705635641166e-05 1 1 1 2 0 2 1 2 2 0
-3.719976494390814e-05 1 1 1 2 0 2 2 1 2 0
0.0001471384300676047 1 1 1 2 0 2 2 2 1 0
6.440919685362441e-05 1 1 1 2 0 3 1 1 2 1
-0.00017070731936389455 1 1 1 2 0 3 1 2 1 1
-0.00010629812251027011 1 1 1 2 0 3 1 2 2 2
0.00010629812251027011 1 1 1 2 0 3 2 1 1 1
0.00017070731936389455 1 1 1 2 0 3 2 1 2 2
-6.440919685362441e-05 1 1 1 2 0 3 2 2 1 2
0.0003273301567996567 1 1 1 2 3 0 1 1 2 1
-0.0007683259456555114 1 1 1 2 3 0 1 2 1 1
-0.0004409957888558548 1 1 1 2 3 0 1 2 2 2
0.0004409957888558548 1 1 1 2 3 0 2 1 1 1
0.0007683259456555114 1 1 1 2 3 0 2 1 2 2
-0.0003273301567996567 1 1 1 2 3 0 2 2 1 2
6.951225467616554e-06 1 1 1 2 3 3 1 1 1 2
-0.3715913613752317 1 1 1 2 3 3 1 1 2 1
0.7905413617607604 1 1 1 2 3 3 1 2 1 1
0.4189569516109961 1 1 1 2 3 3 1 2 2 2
-0.4189569516109961 1 1 1 2 3 3 2 1 1 1
-0.7905413617607603 1 1 1 2 3 3 2 1 2 2
0.3715913613752317 1 1 1 2 3 3 2 2 1 2
-6.951225467616554e-06 1 1 1 2 3 3 2 2 2 1
8.713422368245461e-05 1 1 1 3 1 0 1 1 3 0
8.713422368245461e-05 1 1 1 3 1 0 2 2 3 0
6.3139495730218085e-06 1 1 1 3 1 3 1 1 0 0
0.00033329002243768135 1 1 1 3 1 3 1 1 3 0
7.059203261712165e-05 1 1 1 3 1 3 1 1 3 3
6.3139495730218085e-06 1 1 1 3 1 3 2 2 0 0
0.00033329002243768135 1 1 1 3 1 3 2 2 3 0
7.059203261712171e-05 1 1 1 3 1 3 2 2 3 3
-0.003538332155230604 1 1 1 3 2 0 1 2 0 0
-0.0003186646461546623 1 1 1 3 2 0 1 2 0 3
4.6980610575100075 1 1 1 3 2 0 1 2 3 0
0.0011227958062594388 1 1 1 3 2 0 1 2 3 3
0.003538332155230604 1 1 1 3 2 0 2 1 0 0
0.0003186646461546623 1 1 1 3 2 0 2 1 0 3
-4.6980610575100075 1 1 1 3 2 0 2 1 3 0
-0.0011227958062594388 1 1 1 3 2 0 2 1 3 3
-0.0002536794210835247 1 1 1 3 2 3 1 2 0 0
0.0016561654969194722 1 1 1 3 2 3 1 2 0 3
-0.0030550008095780543 1 1 1 3 2 3 1 2 3 0
-2.1993856237137326 1 1 1 3 2 3 1 2 3 3
0.0002536794210835247 1 1 1 3 2 3 2 1 0 0
-0.0016561654969194722 1 1 1 3 2 3 2 1 0 3
0.0030550008095780543 1 1 1 3 2 3 2 1 3 0
2.199385623713732 1 1 1 3 2 3 2 1 3 3
0.00019410010996681197 1 1 2 0 1 0 1 2 0 0
0.0006040416088966996 1 1 2 0 1 0 1 2 3 0
-5.522689901875219e-05 1 1 2 0 1 0 1 2 3 3
-0.00019410010996681197 1 1 2 0 1 0 2 1 0 0
-0.0006040416088966996 1 1 2 0 1 0 2 1 3 0
5.522689901875219e-05 1 1 2 0 1 0 2 1 3 3
3.7746725299454245e-05 1 1 2 0 1 1 1 1 0 2
-0.00010531240764783106 1 1 2 0 1 1 1 2 0 1
2.8831014957120763e-05 1 1 2 0 1 1 2 1 0 1
-3.873466739125587e-05 1 1 2 0 1 1 2 2 0 2
3.8734667391255926e-05 1 1 2 0 1 2 1 1 0 1
-2.883101495712076e-05 1 1 2 0 1 2 1 2 0 2
0.00010531240764783111 1 1 2 0 1 2 2 1 0 2
-3.7746725299454245e-05 1 1 2 0 1 2 2 2 0 1
-0.0004248354350782225 1 1 2 0 1 3 1 2 0 0
-0.00025665970367086865 1 1 2 0 1 3 1 2 0 3
0.40682477017462154 1 1 2 0 1 3 1 2 3 0
-0.0014358677491466847 1 1 2 0 1 3 1 2 3 3
0.0004248354350782225 1 1 2 0 1 3 2 1 0 0
0.00025665970367086865 1 1 2 0 1 3 2 1 0 3
-0.40682477017462154 1 1 2 0 1 3 2 1 3 0
0.0014358677491466847 1 1 2 0 1 3 2 1 3 3
-1.49523509688735e-06 1 1 2 0 2 1 1 1 0 1
-2.798590204464997 1 1 2 0 2 1 1 2 0 2
0.002115489394949842 1 1 2 0 2 1 1 2 3 2
-0.4904451981651638 1 1 2 0 2 1 2 1 0 2
0.00036147060238973024 1 1 2 0 2 1 2 1 3 2
3.2890339073950634 1 1 2 0 2 1 2 2 0 1
-0.002476959997339572 1 1 2 0 2 1 2 2 3 1
3.2890339073950634 1 1 2 0 2 2 1 1 0 2
-0.002476959997339572 1 1 2 0 2 2 1 1 3 2
-0.4904451981651638 1 1 2 0 2 2 1 2 0 1
0.00036147060238973024 1 1 2 0 2 2 1 2 3 1
-2.798590204464997 1 1 2 0 2 2 2 1 0 1
0.002115489394949842 1 1 2 0 2 2 2 1 3 1
-1.4952350968873228e-06 1 1 2 0 2 2 2 2 0 2
-2.3552941735428098e-05 1 1 2 0 2 3 1 1 3 0
-2.3552941735428098e-05 1 1 2 0 2 3 2 2 3 0
-0.00017190105919966762 1 1 2 1 0 0 1 1 2 1
8.488052229445004e-05 1 1 2 1 0 0 1 2 1 1
-8.702053690521754e-05 1 1 2 1 0 0 1 2 2 2
8.702053690521754e-05 1 1 2 1 0 0 2 1 1 1
-8.488052229445004e-05 1 1 2 1 0 0 2 1 2 2
0.00017190105919966762 1 1 2 1 0 0 2 2 1 2
3.719976494390814e-05 1 1 2 1 0 1 1 1 2 0
-0.0001471384300676047 1 1 2 1 0 1 1 2 1 0
5.037670563564116e-05 1 1 2 1 0 1 2 1 1 0
-5.956195948805535e-05 1 1 2 1 0 1 2 2 2 0
5.956195948805535e-05 1 1 2 1 0 2 1 1 1 0
-5.037670563564116e-05 1 1 2 1 0 2 1 2 2 0
0.00014713843006760466 1 1 2 1 0 2 2 1 2 0
-3.719976494390814e-05 1 1 2 1 0 2 2 2 1 0
-0.00017070731936389455 1 1 2 1 0 3 1 1 2 1
6.440919685362441e-05 1 1 2 1 0 3 1 2 1 1
-0.00010629812251027011 1 1 2 1 0 3 1 2 2 2
0.00010629812251027011 1 1 2 1 0 3 2 1 1 1
-6.440919685362441e-05 1 1 2 1 0 3 2 1 2 2
0.00017070731936389455 1 1 2 1 0 3 2 2 1 2
-0.0007683259456555114 1 1 2 1 3 0 1 1 2 1
0.0003273301567996567 1 1 2 1 3 0 1 2 1 1
-0.0004409957888558548 1 1 2 1 3 0 1 2 2 2
0.0004409957888558548 1 1 2 1 3 0 2 1 1 1
-0.0003273301567996567 1 1 2 1 3 0 2 1 2 2
0.0007683259456555114 1 1 2 1 3 0 2 2 1 2
6.951225467616554e-06 1 1 2 1 3 3 1 1 1 2
0.7905413617607604 1 1 2 1 3 3 1 1 2 1
-0.3715913613752317 1 1 2 1 3 3 1 2 1 1
0.41895695161099616 1 1 2 1 3 3 1 2 2 2
-0.41895695161099616 1 1 2 1 3 3 2 1 1 1
0.3715913613752317 1 1 2 1 3 3 2 1 2 2
-0.7905413617607604 1 1 2 1 3 3 2 2 1 2
-6.9512254676165474e-06 1 1 2 1 3 3 2 2 2 1
5.065105800677599e-06 1 1 2 2 0 1 1 1 1 0
-1.9817779427715778 1 1 2 2 0 1 1 2 2 0
0.00047527944585138923 1 1 2 2 0 1 1 2 2 3
0.990891503938689 1 1 2 2 0 1 2 1 2 0
-0.00023763972292569461 1 1 2 2 0 1 2 1 2 3
0.990891503938689 1 1 2 2 0 1 2 2 1 0
-0.00023763972292569461 1 1 2 2 0 1 2 2 1 3
0.9908915039386889 1 1 2 2 0 2 1 1 2 0
-0.00023763972292569461 1 1 2 2 0 2 1 1 2 3
0.990891503938689 1 1 2 2 0 2 1 2 1 0
-0.00023763972292569461 1 1 2 2 0 2 1 2 1 3
-1.9817779427715776 1 1 2 2 0 2 2 1 1 0
0.00047527944585138923 1 1 2 2 0 2 2 1 1 3
5.065105800677599e-06 1 1 2 2 0 2 2 2 2 0
0.00047527944585138923 1 1 2 2 3 1 1 2 2 0
0.0003140545305027197 1 1 2 2 3 1 1 2 2 3
-0.00023763972292569461 1 1 2 2 3 1 2 1 2 0
-0.00015702726525135984 1 1 2 2 3 1 2 1 2 3
-0.00023763972292569461 1 1 2 2 3 1 2 2 1 0
-0.00015702726525135984 1 1 2 2 3 1 2 2 1 3
-0.00023763972292569461 1 1 2 2 3 2 1 1 2 0
-0.00015702726525135984 1 1 2 2 3 2 1 1 2 3
-0.00023763972292569461 1 1 2 2 3 2 1 2 1 0
-0.00015702726525135984 1 1 2 2 3 2 1 2 1 3
0.00047527944585138923 1 1 2 2 3 2 2 1 1 0
0.0003140545305027197 1 1 2 2 3 2 2 1 1 3
-0.00013881637659078955 1 1 2 2 3 3 1 1 1 1
-5.575548535214335e-06 1 1 2 2 3 3 1 1 2 2
-5.57554853521433e-06 1 1 2 2 3 3 1 2 1 2
-0.00012766527952036086 1 1 2 2 3 3 1 2 2 1
-0.00012766527952036086 1 1 2 2 3 3 2 1 1 2
-5.575548535214323e-06 1 1 2 2 3 3 2 1 2 1
-5.575548535214335e-06 1 1 2 2 3 3 2 2 1 1
-0.00013881637659078955 1 1 2 2 3 3 2 2 2 2
0.0010450373977525542 1 1 2 3 1 0 1 2 0 0
3.179363788646533e-05 1 1 2 3 1 0 1 2 0 3
-1.4929566295702055 1 1 2 3 1 0 1 2 3 0
-0.001346240506515967 1 1 2 3 1 0 1 2 3 3
-0.0010450373977525542 1 1 2 3 1 0 2 1 0 0
-3.179363788646533e-05 1 1 2 3 1 0 2 1 0 3
1.4929566295702055 1 1 2 3 1 0 2 1 3 0
0.001346240506515967 1 1 2 3 1 0 2 1 3 3
-0.012137756984909664 1 1 2 3 1 3 1 2 0 0
-0.0013295696266364143 1 1 2 3 1 3 1 2 0 3
0.9180188532034038 1 1 2 3 1 3 1 2 3 0
1.6301521814818956 1 1 2 3 1 3 1 2 3 3
0.012137756984909664 1 1 2 3 1 3 2 1 0 0
0.0013295696266364143 1 1 2 3 1 3 2 1 0 3
-0.9180188532034038 1 1 2 3 1 3 2 1 3 0
-1.6301521814818956 1 1 2 3 1 3 2 1 3 3
-6.650754475484734e-05 1 1 2 3 2 0 1 1 3 0
-6.650754475484738e-05 1 1 2 3 2 0 2 2 3 0
0.0021154893949498423 1 1 2 3 2 1 1 2 0 2
0.00041316598290592327 1 1 2 3 2 1 1 2 3 2
0.00036147060238973024 1 1 2 3 2 1 2 1 0 2
4.614700842093081e-05 1 1 2 3 2 1 2 1 3 2
-0.002476959997339573 1 1 2 3 2 1 2 2 0 1
-0.00045931299132685407 1 1 2 3 2 1 2 2 3 1
-0.002476959997339573 1 1 2 3 2 2 1 1 0 2
-0.00045931299132685407 1 1 2 3 2 2 1 1 3 2
0.00036147060238973024 1 1 2 3 2 2 1 2 0 1
4.614700842093081e-05 1 1 2 3 2 2 1 2 3 1
0.0021154893949498423 1 1 2 3 2 2 2 1 0 1
0.00041316598290592327 1 1 2 3 2 2 2 1 3 1
5.919295350966952e-06 1 1 2 3 2 3 1 1 0 0
0.0001967926708225544 1 1 2 3 2 3 1 1 3 0
4.552767978709604e-05 1 1 2 3 2 3 1 1 3 3
5.919295350966952e-06 1 1 2 3 2 3 2 2 0 0
0.0001967926708225544 1 1 2 3 2 3 2 2 3 0
4.552767978709598e-05 1 1 2 3 2 3 2 2 3 3
-0.004835774416281627 1 1 3 0 0 0 1 0 3 1
-0.005092555997775749 1 1 3 0 0 0 1 3 0 1
-0.02793627925769448 1 1 3 0 0 0 1 3 3 1
-0.004835774416281627 1 1 3 0 0 0 2 0 3 2
-0.005092555997775749 1 1 3 0 0 0 2 3 0 2
-0.02793627925769448 1 1 3 0 0 0 2 3 3 2
0.0022469672069193314 1 1 3 0 0 1 1 0 0 0
0.00035022337336879355 1 1 3 0 0 1 1 0 0 3
0.00034106774789051126 1 1 3 0 0 1 1 0 3 0
0.0005254059429020247 1 1 3 0 0 1 1 3 0 0
0.0022469672069193314 1 1 3 0 0 2 2 0 0 0
0.00035022337336879355 1 1 3 0 0 2 2 0 0 3
0.00034106774789051126 1 1 3 0 0 2 2 0 3 0
0.0005254059429020252 1 1 3 0 0 2 2 3 0 0
-0.005452075151963093 1 1 3 0 0 3 1 0 0 1
-0.025451204214646896 1 1 3 0 0 3 1 0 3 1
-0.025686320730864423 1 1 3 0 0 3 1 3 0 1
13.589532147380181 1 1 3 0 0 3 1 3 3 1
-0.005452075151963093 1 1 3 0 0 3 2 0 0 2
-0.025451204214646896 1 1 3 0 0 3 2 0 3 2
-0.025686320730864423 1 1 3 0 0 3 2 3 0 2
13.589532147380181 1 1 3 0 0 3 2 3 3 2
-0.004343466350908467 1 1 3 0 3 0 1 0 0 1
-0.034302907868041466 1 1 3 0 3 0 1 0 3 1
-0.03539856397049666 1 1 3 0 3 0 1 3 0 1
15.219007640220395 1 1 3 0 3 0 1 3 3 1
-0.004343466350908467 1 1 3 0 3 0 2 0 0 2
-0.034302907868041466 1 1 3 0 3 0 2 0 3 2
-0.03539856397049666 1 1 3 0 3 0 2 3 0 2
15.219007640220395 1 1 3 0 3 0 2 3 3 2
0.0003109814129724515 1 1 3 0 3 1 1 0 0 0
0.00031098141297245105 1 1 3 0 3 2 2 0 0 0
-0.03460051750709892 1 1 3 0 3 3 1 0 0 1
15.108771513309382 1 1 3 0 3 3 1 0 3 1
16.270904236445396 1 1 3 0 3 3 1 3 0 1
95.95187064139722 1 1 3 0 3 3 1 3 3 1
-0.03460051750709892 1 1 3 0 3 3 2 0 0 2
15.108771513309382 1 1 3 0 3 3 2 0 3 2
16.270904236445396 1 1 3 0 3 3 2 3 0 2
95.95187064139722 1 1 3 0 3 3 2 3 3 2
8.713422368245461e-05 1 1 3 1 1 0 1 3 1 0
8.713422368245461e-05 1 1 3 1 1 0 2 3 2 0
6.3139495730218085e-06 1 1 3 1 1 3 1 0 1 0
0.00033329002243768146 1 1 3 1 1 3 1 3 1 0
7.059203261712168e-05 1 1 3 1 1 3 1 3 1 3
6.3139495730218085e-06 1 1 3 1 1 3 2 0 2 0
0.00033329002243768146 1 1 3 1 1 3 2 3 2 0
7.059203261712168e-05 1 1 3 1 1 3 2 3 2 3
-0.003538332155230604 1 1 3 1 2 0 1 0 2 0
-0.0003186646461546623 1 1 3 1 2 0 1 0 2 3
4.6980610575100075 1 1 3 1 2 0 1 3 2 0
0.0011227958062594388 1 1 3 1 2 0 1 3 2 3
0.003538332155230604 1 1 3 1 2 0 2 0 1 0
0.0003186646461546623 1 1 3 1 2 0 2 0 1 3
-4.6980610575100075 1 1 3 1 2 0 2 3 1 0
-0.0011227958062594388 1 1 3 1 2 0 2 3 1 3
-0.0002536794210835246 1 1 3 1 2 3 1 0 2 0
0.0016561654969194722 1 1 3 1 2 3 1 0 2 3
-0.003055000809578054 1 1 3 1 2 3 1 3 2 0
-2.1993856237137326 1 1 3 1 2 3 1 3 2 3
0.0002536794210835246 1 1 3 1 2 3 2 0 1 0
-0.0016561654969194722 1 1 3 1 2 3 2 0 1 3
0.003055000809578054 1 1 3 1 2 3 2 3 1 0
2.199385623713732 1 1 3 1 2 3 2 3 1 3
0.0010450373977525542 1 1 3 2 1 0 1 0 2 0
3.179363788646533e-05 1 1 3 2 1 0 1 0 2 3
-1.4929566295702055 1 1 3 2 1 0 1 3 2 0
-0.001346240506515967 1 1 3 2 1 0 1 3 2 3
-0.0010450373977525542 1 1 3 2 1 0 2 0 1 0
-3.179363788646533e-05 1 1 3 2 1 0 2 0 1 3
1.4929566295702055 1 1 3 2 1 0 2 3 1 0
0.001346240506515967 1 1 3 2 1 0 2 3 1 3
-0.012137756984909662 1 1 3 2 1 3 1 0 2 0
-0.0013295696266364143 1 1 3 2 1 3 1 0 2 3
0.9180188532034039 1 1 3 2 1 3 1 3 2 0
1.6301521814818956 1 1 3 2 1 3 1 3 2 3
0.012137756984909662 1 1 3 2 1 3 2 0 1 0
0.0013295696266364143 1 1 3 2 1 3 2 0 1 3
-0.9180188532034039 1 1 3 2 1 3 2 3 1 0
-1.6301521814818956 1 1 3 2 1 3 2 3 1 3
-6.650754475484734e-05 1 1 3 2 2 0 1 3 1 0
-6.650754475484738e-05 1 1 3 2 2 0 2 3 2 0
0.0021154893949498423 1 1 3 2 2 1 1 0 2 2
0.00041316598290592327 1 1 3 2 2 1 1 3 2 2
0.00036147060238973024 1 1 3 2 2 1 2 0 1 2
-0.002476959997339573 1 1 3 2 2 1 2 0 2 1
4.614700842093083e-05 1 1 3 2 2 1 2 3 1 2
-0.00045931299132685407 1 1 3 2 2 1 2 3 2 1
-0.002476959997339573 1 1 3 2 2 2 1 0 1 2
0.00036147060238973024 1 1 3 2 2 2 1 0 2 1
-0.00045931299132685407 1 1 3 2 2 2 1 3 1 2
4.614700842093083e-05 1 1 3 2 2 2 1 3 2 1
0.0021154893949498423 1 1 3 2 2 2 2 0 1 1
0.00041316598290592327 1 1 3 2 2 2 2 3 1 1
5.919295350966952e-06 1 1 3 2 2 3 1 0 1 0
0.0001967926708225544 1 1 3 2 2 3 1 3 1 0
4.552767978709604e-05 1 1 3 2 2 3 1 3 1 3
5.919295350966952e-06 1 1 3 2 2 3 2 0 2 0
0.0001967926708225544 1 1 3 2 2 3 2 3 2 0
4.552767978709603e-05 1 1 3 2 2 3 2 3 2 3
-0.004345208710927296 1 1 3 3 0 0 1 0 0 1
-0.029059075063953922 1 1 3 3 0 0 1 0 3 1
-0.029059075063953922 1 1 3 3 0 0 1 3 0 1
15.096744571627335 1 1 3 3 0 0 1 3 3 1
-0.004345208710927296 1 1 3 3 0 0 2 0 0 2
-0.029059075063953922 1 1 3 3 0 0 2 0 3 2
-0.029059075063953922 1 1 3 3 0 0 2 3 0 2
15.096744571627335 1 1 3 3 0 0 2 3 3 2
0.0003089330887472799 1 1 3 3 0 1 1 0 0 0
0.00030893308874727944 1 1 3 3 0 2 2 0 0 0
-0.026936662392202472 1 1 3 3 0 3 1 0 0 1
15.788963298773703 1 1 3 3 0 3 1 0 3 1
15.7889632987737 1 1 3 3 0 3 1 3 0 1
27.46828699116051 1 1 3 3 0 3 1 3 3 1
-0.026936662392202472 1 1 3 3 0 3 2 0 0 2
15.788963298773703 1 1 3 3 0 3 2 0 3 2
15.7889632987737 1 1 3 3 0 3 2 3 0 2
27.46828699116051 1 1 3 3 0 3 2 3 3 2
-0.02999624976715535 1 1 3 3 3 0 1 0 0 1
10.520880075165634 1 1 3 3 3 0 1 0 3 1
10.520880075165634 1 1 3 3 3 0 1 3 0 1
123.85632439322623 1 1 3 3 3 0 1 3 3 1
-0.02999624976715535 1 1 3 3 3 0 2 0 0 2
10.520880075165636 1 1 3 3 3 0 2 0 3 2
10.520880075165634 1 1 3 3 3 0 2 3 0 2
123.85632439322623 1 1 3 3 3 0 2 3 3 2
14.318380406125545 1 1 3 3 3 3 1 0 0 1
95.9551224348776 1 1 3 3 3 3 1 0 3 1
95.95512243487758 1 1 3 3 3 3 1 3 0 1
-63726.344731322926 1 1 3 3 3 3 1 3 3 1
14.318380406125545 1 1 3 3 3 3 2 0 0 2
95.9551224348776 1 1 3 3 3 3 2 0 3 2
95.95512243487758 1 1 3 3 3 3 2 3 0 2
-63726.344731322926 1 1 3 3 3 3 2 3 3 2
-105832.21254650838 1 2 0 0 0 1 2 0 0 0
46.34271345108032 1 2 0 0 0 1 2 0 0 3
159.36894405211163 1 2 0 0 0 1 2 0 3 0
22.88176070524322 1 2 0 0 0 1 2 0 3 3
159.36894405211163 1 2 0 0 0 1 2 3 0 0
22.88176070524322 1 2 0 0 0 1 2 3 0 3
23.777689284827197 1 2 0 0 0 1 2 3 3 0
-0.03978768737817691 1 2 0 0 0 1 2 3 3 3
105832.2125465084 1 2 0 0 0 2 1 0 0 0
-46.34271345108032 1 2 0 0 0 2 1 0 0 3
-159.36894405211163 1 2 0 0 0 2 1 0 3 0
-22.88176070524322 1 2 0 0 0 2 1 0 3 3
-159.36894405211163 1 2 0 0 0 2 1 3 0 0
-22.88176070524322 1 2 0 0 0 2 1 3 0 3
-23.777689284827197 1 2 0 0 0 2 1 3 3 0
0.03978768737817691 1 2 0 0 0 2 1 3 3 3
46.34271345108033 1 2 0 0 3 1 2 0 0 0
27.513338949198022 1 2 0 0 3 1 2 0 0 3
26.21103064121151 1 2 0 0 3 1 2 0 3 0
-0.031532766809382884 1 2 0 0 3 1 2 0 3 3
26.211030641211508 1 2 0 0 3 1 2 3 0 0
-0.031532766809382884 1 2 0 0 3 1 2 3 0 3
-0.04480218645578555 1 2 0 0 3 1 2 3 3 0
-0.008799305802406872 1 2 0 0 3 1 2 3 3 3
-46.34271345108033 1 2 0 0 3 2 1 0 0 0
-27.513338949198022 1 2 0 0 3 2 1 0 0 3
-26.211030641211508 1 2 0 0 3 2 1 0 3 0
0.031532766809382884 1 2 0 0 3 2 1 0 3 3
-26.21103064121151 1 2 0 0 3 2 1 3 0 0
0.031532766809382884 1 2 0 0 3 2 1 3 0 3
0.04480218645578555 1 2 0 0 3 2 1 3 3 0
0.008799305802406872 1 2 0 0 3 2 1 3 3 3
3.399008487019639e-05 1 2 0 0 3 3 1 3 3 2
-3.399008487019639e-05 1 2 0 0 3 3 2 3 3 1
0.00045305263494012013 1 2 0 1 1 0 1 0 2 0
0.002934290546333905 1 2 0 1 1 0 1 3 2 0
0.0003738915451734145 1 2 0 1 1 0 1 3 2 3
-0.00045305263494012013 1 2 0 1 1 0 2 0 1 0
-0.002934290546333905 1 2 0 1 1 0 2 3 1 0
-0.0003738915451734145 1 2 0 1 1 0 2 3 1 3
5.262945488677446e-05 1 2 0 1 1 1 1 0 1 2
2.883101495712075e-05 1 2 0 1 1 1 1 0 2 1
-0.00015460422364933448 1 2 0 1 1 1 2 0 1 1
-7.314375380543921e-05 1 2 0 1 1 1 2 0 2 2
7.314375380543921e-05 1 2 0 1 1 2 1 0 1 1
0.00015460422364933454 1 2 0 1 1 2 1 0 2 2
-2.883101495712075e-05 1 2 0 1 1 2 2 0 1 2
-5.2629454886774434e-05 1 2 0 1 1 2 2 0 2 1
0.00042483543507822256 1 2 0 1 1 3 1 0 2 0
-4.6249124650179004e-05 1 2 0 1 1 3 1 0 2 3
-0.4065344312950837 1 2 0 1 1 3 1 3 2 0
-0.00022029774777278797 1 2 0 1 1 3 1 3 2 3
-0.00042483543507822256 1 2 0 1 1 3 2 0 1 0
4.624912465017902e-05 1 2 0 1 1 3 2 0 1 3
0.4065344312950837 1 2 0 1 1 3 2 3 1 0
0.00022029774777278797 1 2 0 1 1 3 2 3 1 3
-5.5080460599051326e-06 1 2 0 1 2 1 1 0 1 1
-0.49044519816516385 1 2 0 1 2 1 1 0 2 2
0.00036147060238973024 1 2 0 1 2 1 1 3 2 2
-2.838757102095387 1 2 0 1 2 1 2 0 1 2
3.32919679221449 1 2 0 1 2 1 2 0 2 1
0.0021457789364145922 1 2 0 1 2 1 2 3 1 2
-0.002507249538804323 1 2 0 1 2 1 2 3 2 1
3.32919679221449 1 2 0 1 2 2 1 0 1 2
-2.838757102095387 1 2 0 1 2 2 1 0 2 1
-0.002507249538804323 1 2 0 1 2 2 1 3 1 2
0.0021457789364145922 1 2 0 1 2 2 1 3 2 1
-0.4904451981651638 1 2 0 1 2 2 2 0 1 1
-5.50804605990516e-06 1 2 0 1 2 2 2 0 2 2
0.00036147060238973024 1 2 0 1 2 2 2 3 1 1
-7.353470619176478e-06 1 2 0 1 2 3 1 3 1 0
-7.353470619176478e-06 1 2 0 1 2 3 2 3 2 0
7.003281156792446e-06 1 2 0 2 1 1 1 0 1 1
3.2890339073950634 1 2 0 2 1 1 1 0 2 2
-0.002476959997339572 1 2 0 2 1 1 1 3 2 2
3.32919679221449 1 2 0 2 1 1 2 0 1 2
-6.618223696328401 1 2 0 2 1 1 2 0 2 1
-0.002507249538804323 1 2 0 2 1 1 2 3 1 2
0.004984209536143895 1 2 0 2 1 1 2 3 2 1
-6.618223696328402 1 2 0 2 1 2 1 0 1 2
3.32919679221449 1 2 0 2 1 2 1 0 2 1
0.004984209536143895 1 2 0 2 1 2 1 3 1 2
-0.002507249538804323 1 2 0 2 1 2 1 3 2 1
3.289033907395064 1 2 0 2 1 2 2 0 1 1
7.0032811567924105e-06 1 2 0 2 1 2 2 0 2 2
-0.002476959997339572 1 2 0 2 1 2 2 3 1 1
4.5795782999367266e-05 1 2 0 2 1 3 1 3 1 0
4.579578299936725e-05 1 2 0 2 1 3 2 3 2 0
-0.00010894484982268159 1 2 0 2 2 1 1 0 1 2
-3.87346673912559e-05 1 2 0 2 2 1 1 0 2 1
-7.314375380543925e-05 1 2 0 2 2 1 2 0 1 1
-0.00022082327101937693 1 2 0 2 2 1 2 0 2 2
0.00022082327101937693 1 2 0 2 2 2 1 0 1 1
7.314375380543923e-05 1 2 0 2 2 2 1 0 2 2
3.87346673912559e-05 1 2 0 2 2 2 2 0 1 2
0.00010894484982268165 1 2 0 2 2 2 2 0 2 1
7.187221367880431e-06 1 2 0 2 2 3 1 3 2 0
-7.187221367880431e-06 1 2 0 2 2 3 2 3 1 0
159.36894405211171 1 2 0 3 0 1 2 0 0 0
26.211030641211508 1 2 0 3 0 1 2 0 0 3
28.707426648460086 1 2 0 3 0 1 2 0 3 0
-0.04339625481546462 1 2 0 3 0 1 2 0 3 3
25.090736317143094 1 2 0 3 0 1 2 3 0 0
-0.04258282964216713 1 2 0 3 0 1 2 3 0 3
-0.058733468046032626 1 2 0 3 0 1 2 3 3 0
-0.00883168833844898 1 2 0 3 0 1 2 3 3 3
-159.36894405211174 1 2 0 3 0 2 1 0 0 0
-26.211030641211508 1 2 0 3 0 2 1 0 0 3
-28.707426648460086 1 2 0 3 0 2 1 0 3 0
0.04339625481546462 1 2 0 3 0 2 1 0 3 3
-25.090736317143094 1 2 0 3 0 2 1 3 0 0
0.04258282964216713 1 2 0 3 0 2 1 3 0 3
0.058733468046032626 1 2 0 3 0 2 1 3 3 0
0.00883168833844898 1 2 0 3 0 2 1 3 3 3
7.972544679482477e-05 1 2 0 3 0 3 1 3 3 2
-7.972544679482477e-05 1 2 0 3 0 3 2 3 3 1
4.016229865744822e-05 1 2 0 3 3 0 1 3 3 2
-4.016229865744822e-05 1 2 0 3 3 0 2 3 3 1
22.881760705243213 1 2 0 3 3 1 2 0 0 0
-0.03153276680938289 1 2 0 3 3 1 2 0 0 3
-0.04339625481546463 1 2 0 3 3 1 2 0 3 0
-0.009630964077889683 1 2 0 3 3 1 2 0 3 3
-0.04258282964216713 1 2 0 3 3 1 2 3 0 0
-0.009024182805817352 1 2 0 3 3 1 2 3 0 3
-0.009296541216660651 1 2 0 3 3 1 2 3 3 0
-22.88176070524321 1 2 0 3 3 2 1 0 0 0
0.03153276680938289 1 2 0 3 3 2 1 0 0 3
0.04339625481546463 1 2 0 3 3 2 1 0 3 0
0.009630964077889683 1 2 0 3 3 2 1 0 3 3
0.04258282964216713 1 2 0 3 3 2 1 3 0 0
0.009024182805817352 1 2 0 3 3 2 1 3 0 3
0.009296541216660651 1 2 0 3 3 2 1 3 3 0
7.63654568938679e-05 1 2 0 3 3 3 1 0 3 2
4.6396859859629226e-05 1 2 0 3 3 3 1 3 0 2
0.00019574173120354664 1 2 0 3 3 3 1 3 3 2
-7.63654568938679e-05 1 2 0 3 3 3 2 0 3 1
-4.6396859859629226e-05 1 2 0 3 3 3 2 3 0 1
-0.00019574173120354664 1 2 0 3 3 3 2 3 3 1
0.00045305263494012013 1 2 1 0 1 0 1 2 0 0
0.002934290546333905 1 2 1 0 1 0 1 2 3 0
0.0003738915451734145 1 2 1 0 1 0 1 2 3 3
-0.00045305263494012013 1 2 1 0 1 0 2 1 0 0
-0.002934290546333905 1 2 1 0 1 0 2 1 3 0
-0.0003738915451734145 1 2 1 0 1 0 2 1 3 3
5.2629454886774434e-05 1 2 1 0 1 1 1 1 0 2
2.883101495712075e-05 1 2 1 0 1 1 1 2 0 1
-0.00015460422364933454 1 2 1 0 1 1 2 1 0 1
-7.314375380543921e-05 1 2 1 0 1 1 2 2 0 2
7.314375380543921e-05 1 2 1 0 1 2 1 1 0 1
0.00015460422364933454 1 2 1 0 1 2 1 2 0 2
-2.883101495712075e-05 1 2 1 0 1 2 2 1 0 2
-5.262945488677446e-05 1 2 1 0 1 2 2 2 0 1
0.0004248354350782225 1 2 1 0 1 3 1 2 0 0
-4.624912465017901e-05 1 2 1 0 1 3 1 2 0 3
-0.4065344312950837 1 2 1 0 1 3 1 2 3 0
-0.00022029774777278797 1 2 1 0 1 3 1 2 3 3
-0.0004248354350782225 1 2 1 0 1 3 2 1 0 0
4.624912465017901e-05 1 2 1 0 1 3 2 1 0 3
0.4065344312950837 1 2 1 0 1 3 2 1 3 0
0.00022029774777278797 1 2 1 0 1 3 2 1 3 3
-5.5080460599051326e-06 1 2 1 0 2 1 1 1 0 1
-0.49044519816516385 1 2 1 0 2 1 1 2 0 2
0.00036147060238973024 1 2 1 0 2 1 1 2 3 2
-2.838757102095387 1 2 1 0 2 1 2 1 0 2
0.0021457789364145922 1 2 1 0 2 1 2 1 3 2
3.32919679221449 1 2 1 0 2 1 2 2 0 1
-0.002507249538804323 1 2 1 0 2 1 2 2 3 1
3.32919679221449 1 2 1 0 2 2 1 1 0 2
-0.002507249538804323 1 2 1 0 2 2 1 1 3 2
-2.838757102095387 1 2 1 0 2 2 1 2 0 1
0.0021457789364145922 1 2 1 0 2 2 1 2 3 1
-0.4904451981651638 1 2 1 0 2 2 2 1 0 1
0.00036147060238973024 1 2 1 0 2 2 2 1 3 1
-5.50804605990516e-06 1 2 1 0 2 2 2 2 0 2
-7.353470619176478e-06 1 2 1 0 2 3 1 1 3 0
-7.353470619176478e-06 1 2 1 0 2 3 2 2 3 0
8.702053690521754e-05 1 2 1 1 0 0 1 1 2 1
8.702053690521754e-05 1 2 1 1 0 0 1 2 1 1
0.0001740410738104351 1 2 1 1 0 0 1 2 2 2
-0.0001740410738104351 1 2 1 1 0 0 2 1 1 1
-8.702053690521754e-05 1 2 1 1 0 0 2 1 2 2
-8.702053690521754e-05 1 2 1 1 0 0 2 2 1 2
5.0376705635641166e-05 1 2 1 1 0 1 1 1 2 0
5.037670563564117e-05 1 2 1 1 0 1 1 2 1 0
-0.0002496383144869493 1 2 1 1 0 1 2 1 1 0
-0.00014888490321566698 1 2 1 1 0 1 2 2 2 0
0.00014888490321566698 1 2 1 1 0 2 1 1 1 0
0.00024963831448694923 1 2 1 1 0 2 1 2 2 0
-5.0376705635641186e-05 1 2 1 1 0 2 2 1 2 0
-5.037670563564121e-05 1 2 1 1 0 2 2 2 1 0
0.00010629812251027011 1 2 1 1 0 3 1 1 2 1
0.00010629812251027011 1 2 1 1 0 3 1 2 1 1
0.00021259624502054022 1 2 1 1 0 3 1 2 2 2
-0.00021259624502054022 1 2 1 1 0 3 2 1 1 1
-0.00010629812251027011 1 2 1 1 0 3 2 1 2 2
-0.00010629812251027011 1 2 1 1 0 3 2 2 1 2
0.0004409957888558548 1 2 1 1 3 0 1 1 2 1
0.0004409957888558548 1 2 1 1 3 0 1 2 1 1
0.0008819915777117096 1 2 1 1 3 0 1 2 2 2
-0.0008819915777117096 1 2 1 1 3 0 2 1 1 1
-0.0004409957888558548 1 2 1 1 3 0 2 1 2 2
-0.0004409957888558548 1 2 1 1 3 0 2 2 1 2
-1.3902450935233107e-05 1 2 1 1 3 3 1 1 1 2
-0.41895118898332184 1 2 1 1 3 3 1 1 2 1
-0.41895118898332184 1 2 1 1 3 3 1 2 1 1
-0.8379162804175783 1 2 1 1 3 3 1 2 2 2
0.8379162804175782 1 2 1 1 3 3 2 1 1 1
0.41895118898332184 1 2 1 1 3 3 2 1 2 2
0.41895118898332184 1 2 1 1 3 3 2 2 1 2
1.3902450935233107e-05 1 2 1 1 3 3 2 2 2 1
-2.5325529003388e-06 1 2 1 2 0 1 1 1 1 0
0.9908915039386889 1 2 1 2 0 1 1 2 2 0
-0.00023763972292569461 1 2 1 2 0 1 1 2 2 3
-2.303792183904268 1 2 1 2 0 1 2 1 2 0
0.000525532448111589 1 2 1 2 0 1 2 1 2 3
1.312898147412679 1 2 1 2 0 1 2 2 1 0
-0.0002878927251858944 1 2 1 2 0 1 2 2 1 3
1.312898147412679 1 2 1 2 0 2 1 1 2 0
-0.0002878927251858944 1 2 1 2 0 2 1 1 2 3
-2.303792183904268 1 2 1 2 0 2 1 2 1 0
0.000525532448111589 1 2 1 2 0 2 1 2 1 3
0.9908915039386889 1 2 1 2 0 2 2 1 1 0
-0.00023763972292569461 1 2 1 2 0 2 2 1 1 3
-2.5325529003388034e-06 1 2 1 2 0 2 2 2 2 0
-0.00023763972292569461 1 2 1 2 3 1 1 2 2 0
-0.00015702726525135984 1 2 1 2 3 1 1 2 2 3
0.0005255324481115891 1 2 1 2 3 1 2 1 2 0
0.00038190426866184133 1 2 1 2 3 1 2 1 2 3
-0.0002878927251858944 1 2 1 2 3 1 2 2 1 0
-0.0002248770034104814 1 2 1 2 3 1 2 2 1 3
-0.0002878927251858944 1 2 1 2 3 2 1 1 2 0
-0.0002248770034104814 1 2 1 2 3 2 1 1 2 3
0.0005255324481115891 1 2 1 2 3 2 1 2 1 0
0.00038190426866184133 1 2 1 2 3 2 1 2 1 3
-0.00023763972292569461 1 2 1 2 3 2 2 1 1 0
-0.00015702726525135984 1 2 1 2 3 2 2 1 1 3
4.499888362575255e-05 1 2 1 2 3 3 1 1 1 1
-4.43320097983337e-06 1 2 1 2 3 3 1 1 2 2
2.5535396054405206e-05 1 2 1 2 3 3 1 2 1 2
2.3896688551180722e-05 1 2 1 2 3 3 1 2 2 1
2.3896688551180722e-05 1 2 1 2 3 3 2 1 1 2
2.5535396054405192e-05 1 2 1 2 3 3 2 1 2 1
-4.433200979833377e-06 1 2 1 2 3 3 2 2 1 1
4.499888362575255e-05 1 2 1 2 3 3 2 2 2 2
0.00249329475747805 1 2 1 3 1 0 1 2 0 0
0.00028687100826819685 1 2 1 3 1 0 1 2 0 3
-3.205112083558997 1 2 1 3 1 0 1 2 3 0
0.00022344470025652795 1 2 1 3 1 0 1 2 3 3
-0.00249329475747805 1 2 1 3 1 0 2 1 0 0
-0.00028687100826819685 1 2 1 3 1 0 2 1 0 3
3.2051120835589963 1 2 1 3 1 0 2 1 3 0
-0.00022344470025652795 1 2 1 3 1 0 2 1 3 3
0.012392860999686733 1 2 1 3 1 3 1 2 0 0
-0.00032659587028305797 1 2 1 3 1 3 1 2 0 3
-0.9152358981203648 1 2 1 3 1 3 1 2 3 0
0.5692399607535902 1 2 1 3 1 3 1 2 3 3
-0.012392860999686731 1 2 1 3 1 3 2 1 0 0
0.00032659587028305797 1 2 1 3 1 3 2 1 0 3
0.9152358981203648 1 2 1 3 1 3 2 1 3 0
-0.5692399607535902 1 2 1 3 1 3 2 1 3 3
7.082729866036313e-06 1 2 1 3 2 0 1 1 3 0
7.082729866036394e-06 1 2 1 3 2 0 2 2 3 0
0.00036147060238973024 1 2 1 3 2 1 1 2 0 2
4.614700842093082e-05 1 2 1 3 2 1 1 2 3 2
0.002145778936414593 1 2 1 3 2 1 2 1 0 2
0.0004187058697907396 1 2 1 3 2 1 2 1 3 2
-0.0025072495388043237 1 2 1 3 2 1 2 2 0 1
-0.00046485287821167035 1 2 1 3 2 1 2 2 3 1
-0.0025072495388043237 1 2 1 3 2 2 1 1 0 2
-0.00046485287821167035 1 2 1 3 2 2 1 1 3 2
0.002145778936414593 1 2 1 3 2 2 1 2 0 1
0.0004187058697907396 1 2 1 3 2 2 1 2 3 1
0.00036147060238973024 1 2 1 3 2 2 2 1 0 1
4.614700842093082e-05 1 2 1 3 2 2 2 1 3 1
-1.5908429448391234e-06 1 2 1 3 2 3 1 1 0 0
0.00019548697293420757 1 2 1 3 2 3 1 1 3 0
-4.051116612331033e-05 1 2 1 3 2 3 1 1 3 3
-1.5908429448391301e-06 1 2 1 3 2 3 2 2 0 0
0.00019548697293420757 1 2 1 3 2 3 2 2 3 0
-4.051116612331028e-05 1 2 1 3 2 3 2 2 3 3
7.003281156792446e-06 1 2 2 0 1 1 1 1 0 1
3.2890339073950634 1 2 2 0 1 1 1 2 0 2
-0.002476959997339572 1 2 2 0 1 1 1 2 3 2
3.32919679221449 1 2 2 0 1 1 2 1 0 2
-0.002507249538804323 1 2 2 0 1 1 2 1 3 2
-6.618223696328401 1 2 2 0 1 1 2 2 0 1
0.004984209536143895 1 2 2 0 1 1 2 2 3 1
-6.618223696328402 1 2 2 0 1 2 1 1 0 2
0.004984209536143895 1 2 2 0 1 2 1 1 3 2
3.32919679221449 1 2 2 0 1 2 1 2 0 1
-0.002507249538804323 1 2 2 0 1 2 1 2 3 1
3.289033907395064 1 2 2 0 1 2 2 1 0 1
-0.002476959997339572 1 2 2 0 1 2 2 1 3 1
7.0032811567924105e-06 1 2 2 0 1 2 2 2 0 2
4.579578299936728e-05 1 2 2 0 1 3 1 1 3 0
4.579578299936728e-05 1 2 2 0 1 3 2 2 3 0
-0.00010894484982268165 1 2 2 0 2 1 1 1 0 2
-3.87346673912559e-05 1 2 2 0 2 1 1 2 0 1
-7.314375380543925e-05 1 2 2 0 2 1 2 1 0 1
-0.00022082327101937698 1 2 2 0 2 1 2 2 0 2
0.00022082327101937698 1 2 2 0 2 2 1 1 0 1
7.314375380543923e-05 1 2 2 0 2 2 1 2 0 2
3.873466739125595e-05 1 2 2 0 2 2 2 1 0 2
0.00010894484982268159 1 2 2 0 2 2 2 2 0 1
7.187221367880431e-06 1 2 2 0 2 3 1 2 3 0
-7.187221367880431e-06 1 2 2 0 2 3 2 1 3 0
-2.5325529003388e-06 1 2 2 1 0 1 1 1 1 0
0.9908915039386889 1 2 2 1 0 1 1 2 2 0
-0.00023763972292569461 1 2 2 1 0 1 1 2 2 3
1.312898147412679 1 2 2 1 0 1 2 1 2 0
-0.0002878927251858944 1 2 2 1 0 1 2 1 2 3
-2.3037921839042674 1 2 2 1 0 1 2 2 1 0
0.000525532448111589 1 2 2 1 0 1 2 2 1 3
-2.303792183904268 1 2 2 1 0 2 1 1 2 0
0.000525532448111589 1 2 2 1 0 2 1 1 2 3
1.312898147412679 1 2 2 1 0 2 1 2 1 0
-0.0002878927251858944 1 2 2 1 0 2 1 2 1 3
0.9908915039386889 1 2 2 1 0 2 2 1 1 0
-0.00023763972292569461 1 2 2 1 0 2 2 1 1 3
-2.5325529003388034e-06 1 2 2 1 0 2 2 2 2 0
-0.00023763972292569461 1 2 2 1 3 1 1 2 2 0
-0.00015702726525135984 1 2 2 1 3 1 1 2 2 3
-0.0002878927251858944 1 2 2 1 3 1 2 1 2 0
-0.0002248770034104814 1 2 2 1 3 1 2 1 2 3
0.0005255324481115891 1 2 2 1 3 1 2 2 1 0
0.00038190426866184133 1 2 2 1 3 1 2 2 1 3
0.0005255324481115891 1 2 2 1 3 2 1 1 2 0
0.00038190426866184133 1 2 2 1 3 2 1 1 2 3
-0.0002878927251858944 1 2 2 1 3 2 1 2 1 0
-0.0002248770034104814 1 2 2 1 3 2 1 2 1 3
-0.00023763972292569461 1 2 2 1 3 2 2 1 1 0
-0.00015702726525135984 1 2 2 1 3 2 2 1 1 3
4.499888362575256e-05 1 2 2 1 3 3 1 1 1 1
2.5535396054405213e-05 1 2 2 1 3 3 1 1 2 2
-4.43320097983337e-06 1 2 2 1 3 3 1 2 1 2
2.3896688551180722e-05 1 2 2 1 3 3 1 2 2 1
2.3896688551180722e-05 1 2 2 1 3 3 2 1 1 2
-4.43320097983337e-06 1 2 2 1 3 3 2 1 2 1
2.5535396054405192e-05 1 2 2 1 3 3 2 2 1 1
4.499888362575256e-05 1 2 2 1 3 3 2 2 2 2
-5.956195948805538e-05 1 2 2 2 0 1 1 1 2 0
-5.9561959488055354e-05 1 2 2 2 0 1 1 2 1 0
-0.00014888490321566698 1 2 2 2 0 1 2 1 1 0
-0.0002680088221917776 1 2 2 2 0 1 2 2 2 0
0.00026800882219177763 1 2 2 2 0 2 1 1 1 0
0.00014888490321566695 1 2 2 2 0 2 1 2 2 0
5.956195948805537e-05 1 2 2 2 0 2 2 1 2 0
5.9561959488055354e-05 1 2 2 2 0 2 2 2 1 0
-1.1885977932791965e-06 1 2 2 2 3 3 1 1 2 1
-1.1885977932791982e-06 1 2 2 2 3 3 1 2 1 1
-2.3771955865583893e-06 1 2 2 2 3 3 1 2 2 2
2.3771955865583893e-06 1 2 2 2 3 3 2 1 1 1
1.1885977932791982e-06 1 2 2 2 3 3 2 1 2 2
1.1885977932791965e-06 1 2 2 2 3 3 2 2 1 2
0.00014655903857126558 1 2 2 3 1 0 1 1 3 0
0.00014655903857126564 1 2 2 3 1 0 2 2 3 0
-0.002476959997339573 1 2 2 3 1 1 1 2 0 2
-0.00045931299132685407 1 2 2 3 1 1 1 2 3 2
-0.0025072495388043237 1 2 2 3 1 1 2 1 0 2
-0.00046485287821167035 1 2 2 3 1 1 2 1 3 2
0.0049842095361438965 1 2 2 3 1 1 2 2 0 1
0.0009241658695385245 1 2 2 3 1 1 2 2 3 1
0.0049842095361438965 1 2 2 3 1 2 1 1 0 2
0.0009241658695385245 1 2 2 3 1 2 1 1 3 2
-0.0025072495388043237 1 2 2 3 1 2 1 2 0 1
-0.00046485287821167035 1 2 2 3 1 2 1 2 3 1
-0.002476959997339573 1 2 2 3 1 2 2 1 0 1
-0.00045931299132685407 1 2 2 3 1 2 2 1 3 1
1.9854971668939594e-06 1 2 2 3 1 3 1 1 0 0
-5.8989621319080726e-05 1 2 2 3 1 3 1 1 3 0
6.557551895333599e-05 1 2 2 3 1 3 1 1 3 3
1.9854971668939865e-06 1 2 2 3 1 3 2 2 0 0
-5.8989621319080726e-05 1 2 2 3 1 3 2 2 3 0
6.557551895333599e-05 1 2 2 3 1 3 2 2 3 3
-7.655619194725252e-06 1 2 2 3 2 0 1 2 3 0
7.655619194725252e-06 1 2 2 3 2 0 2 1 3 0
1.4245936935430732e-06 1 2 2 3 2 3 1 2 0 0
-0.00027204572653908676 1 2 2 3 2 3 1 2 3 0
6.518521753119724e-06 1 2 2 3 2 3 1 2 3 3
-1.4245936935430732e-06 1 2 2 3 2 3 2 1 0 0
0.00027204572653908676 1 2 2 3 2 3 2 1 3 0
-6.518521753119724e-06 1 2 2 3 2 3 2 1 3 3
159.36894405211171 1 2 3 0 0 1 2 0 0 0
26.21103064121151 1 2 3 0 0 1 2 0 0 3
25.090736317143094 1 2 3 0 0 1 2 0 3 0
-0.04258282964216713 1 2 3 0 0 1 2 0 3 3
28.707426648460086 1 2 3 0 0 1 2 3 0 0
-0.04339625481546462 1 2 3 0 0 1 2 3 0 3
-0.058733468046032626 1 2 3 0 0 1 2 3 3 0
-0.00883168833844898 1 2 3 0 0 1 2 3 3 3
-159.36894405211174 1 2 3 0 0 2 1 0 0 0
-26.21103064121151 1 2 3 0 0 2 1 0 0 3
-25.090736317143094 1 2 3 0 0 2 1 0 3 0
0.04258282964216713 1 2 3 0 0 2 1 0 3 3
-28.707426648460086 1 2 3 0 0 2 1 3 0 0
0.04339625481546462 1 2 3 0 0 2 1 3 0 3
0.058733468046032626 1 2 3 0 0 2 1 3 3 0
0.00883168833844898 1 2 3 0 0 2 1 3 3 3
7.972544679482477e-05 1 2 3 0 0 3 1 3 3 2
-7.972544679482477e-05 1 2 3 0 0 3 2 3 3 1
4.016229865744822e-05 1 2 3 0 3 0 1 3 3 2
-4.016229865744822e-05 1 2 3 0 3 0 2 3 3 1
22.881760705243213 1 2 3 0 3 1 2 0 0 0
-0.03153276680938289 1 2 3 0 3 1 2 0 0 3
-0.04258282964216713 1 2 3 0 3 1 2 0 3 0
-0.009024182805817352 1 2 3 0 3 1 2 0 3 3
-0.04339625481546463 1 2 3 0 3 1 2 3 0 0
-0.009630964077889683 1 2 3 0 3 1 2 3 0 3
-0.00929654121666065 1 2 3 0 3 1 2 3 3 0
-22.88176070524321 1 2 3 0 3 2 1 0 0 0
0.03153276680938289 1 2 3 0 3 2 1 0 0 3
0.04258282964216713 1 2 3 0 3 2 1 0 3 0
0.009024182805817352 1 2 3 0 3 2 1 0 3 3
0.04339625481546463 1 2 3 0 3 2 1 3 0 0
0.009630964077889683 1 2 3 0 3 2 1 3 0 3
0.00929654121666065 1 2 3 0 3 2 1 3 3 0
4.6396859859629226e-05 1 2 3 0 3 3 1 0 3 2
7.63654568938679e-05 1 2 3 0 3 3 1 3 0 2
0.00019574173120354664 1 2 3 0 3 3 1 3 3 2
-4.6396859859629226e-05 1 2 3 0 3 3 2 0 3 1
-7.63654568938679e-05 1 2 3 0 3 3 2 3 0 1
-0.00019574173120354664 1 2 3 0 3 3 2 3 3 1
0.00249329475747805 1 2 3 1 1 0 1 0 2 0
0.00028687100826819685 1 2 3 1 1 0 1 0 2 3
-3.205112083558997 1 2 3 1 1 0 1 3 2 0
0.00022344470025652795 1 2 3 1 1 0 1 3 2 3
-0.00249329475747805 1 2 3 1 1 0 2 0 1 0
-0.00028687100826819685 1 2 3 1 1 0 2 0 1 3
3.2051120835589963 1 2 3 1 1 0 2 3 1 0
-0.00022344470025652795 1 2 3 1 1 0 2 3 1 3
0.012392860999686733 1 2 3 1 1 3 1 0 2 0
-0.00032659587028305797 1 2 3 1 1 3 1 0 2 3
-0.9152358981203649 1 2 3 1 1 3 1 3 2 0
0.5692399607535902 1 2 3 1 1 3 1 3 2 3
-0.012392860999686733 1 2 3 1 1 3 2 0 1 0
0.00032659587028305797 1 2 3 1 1 3 2 0 1 3
0.9152358981203649 1 2 3 1 1 3 2 3 1 0
-0.5692399607535902 1 2 3 1 1 3 2 3 1 3
7.082729866036313e-06 1 2 3 1 2 0 1 3 1 0
7.082729866036408e-06 1 2 3 1 2 0 2 3 2 0
0.00036147060238973024 1 2 3 1 2 1 1 0 2 2
4.614700842093083e-05 1 2 3 1 2 1 1 3 2 2
0.002145778936414593 1 2 3 1 2 1 2 0 1 2
-0.0025072495388043237 1 2 3 1 2 1 2 0 2 1
0.0004187058697907396 1 2 3 1 2 1 2 3 1 2
-0.00046485287821167035 1 2 3 1 2 1 2 3 2 1
-0.0025072495388043237 1 2 3 1 2 2 1 0 1 2
0.002145778936414593 1 2 3 1 2 2 1 0 2 1
-0.00046485287821167035 1 2 3 1 2 2 1 3 1 2
0.0004187058697907396 1 2 3 1 2 2 1 3 2 1
0.00036147060238973024 1 2 3 1 2 2 2 0 1 1
4.614700842093083e-05 1 2 3 1 2 2 2 3 1 1
-1.5908429448391234e-06 1 2 3 1 2 3 1 0 1 0
0.00019548697293420757 1 2 3 1 2 3 1 3 1 0
-4.051116612331033e-05 1 2 3 1 2 3 1 3 1 3
-1.5908429448391301e-06 1 2 3 1 2 3 2 0 2 0
0.00019548697293420757 1 2 3 1 2 3 2 3 2 0
-4.0511166123310304e-05 1 2 3 1 2 3 2 3 2 3
0.00014655903857126558 1 2 3 2 1 0 1 3 1 0
0.0001465590385712656 1 2 3 2 1 0 2 3 2 0
-0.002476959997339573 1 2 3 2 1 1 1 0 2 2
-0.000459312991326854 1 2 3 2 1 1 1 3 2 2
-0.0025072495388043237 1 2 3 2 1 1 2 0 1 2
0.0049842095361438965 1 2 3 2 1 1 2 0 2 1
-0.00046485287821167035 1 2 3 2 1 1 2 3 1 2
0.0009241658695385245 1 2 3 2 1 1 2 3 2 1
0.0049842095361438965 1 2 3 2 1 2 1 0 1 2
-0.0025072495388043237 1 2 3 2 1 2 1 0 2 1
0.0009241658695385245 1 2 3 2 1 2 1 3 1 2
-0.00046485287821167035 1 2 3 2 1 2 1 3 2 1
-0.002476959997339573 1 2 3 2 1 2 2 0 1 1
-0.000459312991326854 1 2 3 2 1 2 2 3 1 1
1.9854971668939865e-06 1 2 3 2 1 3 1 0 1 0
-5.8989621319080726e-05 1 2 3 2 1 3 1 3 1 0
6.557551895333599e-05 1 2 3 2 1 3 1 3 1 3
1.9854971668939865e-06 1 2 3 2 1 3 2 0 2 0
-5.8989621319080726e-05 1 2 3 2 1 3 2 3 2 0
6.557551895333599e-05 1 2 3 2 1 3 2 3 2 3
-7.655619194725253e-06 1 2 3 2 2 0 1 3 2 0
7.655619194725253e-06 1 2 3 2 2 0 2 3 1 0
1.4245936935430732e-06 1 2 3 2 2 3 1 0 2 0
-0.00027204572653908676 1 2 3 2 2 3 1 3 2 0
6.518521753119724e-06 1 2 3 2 2 3 1 3 2 3
-1.4245936935430732e-06 1 2 3 2 2 3 2 0 1 0
0.00027204572653908676 1 2 3 2 2 3 2 3 1 0
-6.518521753119724e-06 1 2 3 2 2 3 2 3 1 3
0.0001874862234006395 1 2 3 3 0 0 1 3 3 2
-0.00018748622340063995 1 2 3 3 0 0 2 3 3 1
23.777689284827197 1 2 3 3 0 1 2 0 0 0
-0.04480218645578557 1 2 3 3 0 1 2 0 0 3
-0.05873346804603264 1 2 3 3 0 1 2 0 3 0
-0.00929654121666065 1 2 3 3 0 1 2 0 3 3
-0.058733468046032626 1 2 3 3 0 1 2 3 0 0
-0.00929654121666065 1 2 3 3 0 1 2 3 0 3
-0.00965991305355774 1 2 3 3 0 1 2 3 3 0
-23.777689284827197 1 2 3 3 0 2 1 0 0 0
0.04480218645578557 1 2 3 3 0 2 1 0 0 3
0.05873346804603264 1 2 3 3 0 2 1 0 3 0
0.00929654121666065 1 2 3 3 0 2 1 0 3 3
0.058733468046032626 1 2 3 3 0 2 1 3 0 0
0.00929654121666065 1 2 3 3 0 2 1 3 0 3
0.00965991305355774 1 2 3 3 0 2 1 3 3 0
4.5732802424633835e-05 1 2 3 3 0 3 1 0 3 2
4.57328024246334e-05 1 2 3 3 0 3 1 3 0 2
-0.0006719718269325801 1 2 3 3 0 3 1 3 3 2
-4.573280242463362e-05 1 2 3 3 0 3 2 0 3 1
-4.573280242463362e-05 1 2 3 3 0 3 2 3 0 1
0.0006719718269325801 1 2 3 3 0 3 2 3 3 1
3.95894093287595e-05 1 2 3 3 3 0 1 0 3 2
3.95894093287595e-05 1 2 3 3 3 0 1 3 0 2
0.0007550164994885398 1 2 3 3 3 0 1 3 3 2
-3.95894093287595e-05 1 2 3 3 3 0 2 0 3 1
-3.95894093287595e-05 1 2 3 3 3 0 2 3 0 1
-0.0007550164994885398 1 2 3 3 3 0 2 3 3 1
-0.03978768737817691 1 2 3 3 3 1 2 0 0 0
-0.008799305802406872 1 2 3 3 3 1 2 0 0 3
-0.008831688338448981 1 2 3 3 3 1 2 0 3 0
-0.008831688338448981 1 2 3 3 3 1 2 3 0 0
0.03978768737817691 1 2 3 3 3 2 1 0 0 0
0.008799305802406872 1 2 3 3 3 2 1 0 0 3
0.008831688338448981 1 2 3 3 3 2 1 0 3 0
0.008831688338448981 1 2 3 3 3 2 1 3 0 0
3.3657586367604516e-05 1 2 3 3 3 3 1 0 0 2
0.00011918297759867282 1 2 3 3 3 3 1 0 3 2
0.00011918297759867282 1 2 3 3 3 3 1 3 0 2
-0.3568728601502136 1 2 3 3 3 3 1 3 3 2
-3.3657586367604516e-05 1 2 3 3 3 3 2 0 0 1
-0.00011918297759867282 1 2 3 3 3 3 2 0 3 1
-0.00011918297759867282 1 2 3 3 3 3 2 3 0 1
0.3568728601502118 1 2 3 3 3 3 2 3 3 1
0.0068790502006675185 1 3 0 0 1 0 0 0 3 0
0.0068790502006675185 1 3 0 0 1 0 0 3 0 0
0.05648936208596052 1 3 0 0 1 0 0 3 3 0
0.008578346842292243 1 3 0 0 1 0 0 3 3 3
0.004303953553532879 1 3 0 0 1 0 3 0 0 0
0.03634816350451023 1 3 0 0 1 0 3 0 3 0
0.005764314791994662 1 3 0 0 1 0 3 0 3 3
0.03634816350451023 1 3 0 0 1 0 3 3 0 0
0.005764314791994662 1 3 0 0 1 0 3 3 0 3
-14.057864446595046 1 3 0 0 1 0 3 3 3 0
0.04006101852021698 1 3 0 0 1 0 3 3 3 3
0.0017258670069004874 1 3 0 0 1 1 0 0 0 1
0.0003086127270687557 1 3 0 0 1 1 0 0 3 1
0.0003086127270687557 1 3 0 0 1 1 0 3 0 1
0.0006223117243750486 1 3 0 0 1 1 3 0 0 1
0.0017258670069004857 1 3 0 0 1 2 0 0 0 2
0.0003086127270687557 1 3 0 0 1 2 0 0 3 2
0.0003086127270687557 1 3 0 0 1 2 0 3 0 2
0.0006223117243750486 1 3 0 0 1 2 3 0 0 2
0.005939104345573843 1 3 0 0 1 3 0 0 0 0
0.0432378211860485 1 3 0 0 1 3 0 0 3 0
0.0071380049370070265 1 3 0 0 1 3 0 0 3 3
0.043237821186048506 1 3 0 0 1 3 0 3 0 0
0.007138004937007027 1 3 0 0 1 3 0 3 0 3
-16.442415415394386 1 3 0 0 1 3 0 3 3 0
0.04316518249777922 1 3 0 0 1 3 0 3 3 3
0.024692395279052173 1 3 0 0 1 3 3 0 0 0
0.004392259015786652 1 3 0 0 1 3 3 0 0 3
-9.587190271366218 1 3 0 0 1 3 3 0 3 0
0.027868852370721016 1 3 0 0 1 3 3 0 3 3
-9.587190271366218 1 3 0 0 1 3 3 3 0 0
0.027868852370721016 1 3 0 0 1 3 3 3 0 3
-68.61039140646679 1 3 0 0 1 3 3 3 3 0
-13.165869264425558 1 3 0 0 1 3 3 3 3 3
58.41772268815006 1 3 0 0 2 1 0 0 0 2
7.112253376302297 1 3 0 0 2 1 0 0 3 2
7.112253376302298 1 3 0 0 2 1 0 3 0 2
-0.01755586883870515 1 3 0 0 2 1 0 3 3 2
18.72757081808877 1 3 0 0 2 1 3 0 0 2
-0.02761040337348491 1 3 0 0 2 1 3 0 3 2
-0.02761040337348491 1 3 0 0 2 1 3 3 0 2
-0.0038210953621314395 1 3 0 0 2 1 3 3 3 2
-58.41772268815006 1 3 0 0 2 2 0 0 0 1
-7.112253376302298 1 3 0 0 2 2 0 0 3 1
-7.112253376302299 1 3 0 0 2 2 0 3 0 1
0.01755586883870515 1 3 0 0 2 2 0 3 3 1
-18.727570818088772 1 3 0 0 2 2 3 0 0 1
0.02761040337348491 1 3 0 0 2 2 3 0 3 1
0.02761040337348491 1 3 0 0 2 2 3 3 0 1
0.0038210953621314395 1 3 0 0 2 2 3 3 3 1
0.0016988358151495816 1 3 0 1 0 0 0 3 1 1
0.0016988358151495816 1 3 0 1 0 0 0 3 2 2
0.0020782811849695665 1 3 0 1 0 0 3 0 1 1
0.0020782811849695665 1 3 0 1 0 0 3 0 2 2
0.011441806381043248 1 3 0 1 0 0 3 3 1 1
0.011441806381043248 1 3 0 1 0 0 3 3 2 2
0.0033682799938859 1 3 0 1 0 1 0 0 1 0
0.0004900723095571906 1 3 0 1 0 1 0 0 1 3
0.00048294860343364704 1 3 0 1 0 1 0 3 1 0
0.0008448317984186119 1 3 0 1 0 1 3 0 1 0
0.003368279993885898 1 3 0 1 0 2 0 0 2 0
0.0004900723095571905 1 3 0 1 0 2 0 0 2 3
0.0004829486034336468 1 3 0 1 0 2 0 3 2 0
0.0008448317984186115 1 3 0 1 0 2 3 0 2 0
0.001923927751387762 1 3 0 1 0 3 0 0 1 1
0.001923927751387762 1 3 0 1 0 3 0 0 2 2
0.010011698031317327 1 3 0 1 0 3 0 3 1 1
0.010011698031317327 1 3 0 1 0 3 0 3 2 2
0.008876190111671666 1 3 0 1 0 3 3 0 1 1
0.008876190111671666 1 3 0 1 0 3 3 0 2 2
-4.950597249588936 1 3 0 1 0 3 3 3 1 1
-4.950597249588936 1 3 0 1 0 3 3 3 2 2
0.0013276316601388211 1 3 0 1 3 0 0 0 1 1
0.0013276316601388211 1 3 0 1 3 0 0 0 2 2
0.010644127396589289 1 3 0 1 3 0 0 3 1 1
0.010644127396589289 1 3 0 1 3 0 0 3 2 2
0.013025351885804589 1 3 0 1 3 0 3 0 1 1
0.013025351885804589 1 3 0 1 3 0 3 0 2 2
-4.7485552182504795 1 3 0 1 3 0 3 3 1 1
-4.7485552182504795 1 3 0 1 3 0 3 3 2 2
0.0004319348086105107 1 3 0 1 3 1 0 0 1 0
0.0004319348086105108 1 3 0 1 3 2 0 0 2 0
0.011892108328989678 1 3 0 1 3 3 0 0 1 1
0.011892108328989678 1 3 0 1 3 3 0 0 2 2
-4.764987247282465 1 3 0 1 3 3 0 3 1 1
-4.764987247282464 1 3 0 1 3 3 0 3 2 2
-5.503294827318648 1 3 0 1 3 3 3 0 1 1
-5.503294827318648 1 3 0 1 3 3 3 0 2 2
-30.2073417229061 1 3 0 1 3 3 3 3 1 1
-30.2073417229061 1 3 0 1 3 3 3 3 2 2
85.5548847151398 1 3 0 2 0 1 0 0 2 0
12.581604686299865 1 3 0 2 0 1 0 0 2 3
11.268720749071205 1 3 0 2 0 1 0 3 2 0
-0.022268795055363524 1 3 0 2 0 1 0 3 2 3
14.56513273549189 1 3 0 2 0 1 3 0 2 0
-0.023241304577081477 1 3 0 2 0 1 3 0 2 3
-0.03058973540196493 1 3 0 2 0 1 3 3 2 0
-0.0041881123198753084 1 3 0 2 0 1 3 3 2 3
-85.5548847151398 1 3 0 2 0 2 0 0 1 0
-12.581604686299865 1 3 0 2 0 2 0 0 1 3
-11.268720749071205 1 3 0 2 0 2 0 3 1 0
0.022268795055363524 1 3 0 2 0 2 0 3 1 3
-14.565132735491888 1 3 0 2 0 2 3 0 1 0
0.023241304577081477 1 3 0 2 0 2 3 0 1 3
0.03058973540196493 1 3 0 2 0 2 3 3 1 0
0.0041881123198753084 1 3 0 2 0 2 3 3 1 3
-0.00012468308697369517 1 3 0 2 0 3 3 3 1 2
0.00012468308697369517 1 3 0 2 0 3 3 3 2 1
-0.00015632396244020326 1 3 0 2 3 0 3 3 1 2
0.00015632396244020315 1 3 0 2 3 0 3 3 2 1
9.292532044237417 1 3 0 2 3 1 0 0 2 0
-0.017663728314839585 1 3 0 2 3 1 0 0 2 3
-0.020334635079160102 1 3 0 2 3 1 0 3 2 0
-0.004294854924369221 1 3 0 2 3 1 0 3 2 3
-0.02324130457708148 1 3 0 2 3 1 3 0 2 0
-0.00497680538132981 1 3 0 2 3 1 3 0 2 3
-0.004336060650039669 1 3 0 2 3 1 3 3 2 0
-9.292532044237417 1 3 0 2 3 2 0 0 1 0
0.017663728314839585 1 3 0 2 3 2 0 0 1 3
0.020334635079160102 1 3 0 2 3 2 0 3 1 0
0.004294854924369221 1 3 0 2 3 2 0 3 1 3
0.02324130457708148 1 3 0 2 3 2 3 0 1 0
0.00497680538132981 1 3 0 2 3 2 3 0 1 3
0.004336060650039669 1 3 0 2 3 2 3 3 1 0
-0.00016647635130257344 1 3 0 2 3 3 0 3 1 2
0.0001664763513025734 1 3 0 2 3 3 0 3 2 1
-0.0001297929982066426 1 3 0 2 3 3 3 0 1 2
0.00012979299820664255 1 3 0 2 3 3 3 0 2 1
-0.0007733176958573092 1 3 0 2 3 3 3 3 1 2
0.0007733176958573092 1 3 0 2 3 3 3 3 2 1
0.005098365905588577 1 3 0 3 1 0 0 0 0 0
0.04260169774262249 1 3 0 3 1 0 0 0 3 0
0.006489560298559659 1 3 0 3 1 0 0 0 3 3
0.042807862009565704 1 3 0 3 1 0 0 3 0 0
0.006500266420832717 1 3 0 3 1 0 0 3 0 3
-15.62440743143164 1 3 0 3 1 0 0 3 3 0
0.04614497967191101 1 3 0 3 1 0 0 3 3 3
0.02332281161870564 1 3 0 3 1 0 3 0 0 0
0.0036860336070250977 1 3 0 3 1 0 3 0 0 3
-7.496153252792708 1 3 0 3 1 0 3 0 3 0
0.027601170949963203 1 3 0 3 1 0 3 0 3 3
-8.7050374032396 1 3 0 3 1 0 3 3 0 0
0.02827986507610356 1 3 0 3 1 0 3 3 0 3
-81.8250367767132 1 3 0 3 1 0 3 3 3 0
-13.263443683944368 1 3 0 3 1 0 3 3 3 3
0.0002867849932684277 1 3 0 3 1 1 0 0 0 1
0.0002867849932684277 1 3 0 3 1 2 0 0 0 2
0.03092087742198061 1 3 0 3 1 3 0 0 0 0
0.0052603263102694465 1 3 0 3 1 3 0 0 0 3
-12.462873713975558 1 3 0 3 1 3 0 0 3 0
0.03323948108257351 1 3 0 3 1 3 0 0 3 3
-11.668330888320014 1 3 0 3 1 3 0 3 0 0
0.033329015170347615 1 3 0 3 1 3 0 3 0 3
-93.85365019493351 1 3 0 3 1 3 0 3 3 0
-15.70104692506875 1 3 0 3 1 3 0 3 3 3
-4.084025237045783 1 3 0 3 1 3 3 0 0 0
0.01899266225904935 1 3 0 3 1 3 3 0 0 3
-40.04169348106615 1 3 0 3 1 3 3 0 3 0
-7.571061436214559 1 3 0 3 1 3 3 0 3 3
-38.94974755211706 1 3 0 3 1 3 3 3 0 0
-8.000633261644612 1 3 0 3 1 3 3 3 0 3
19435.164257414843 1 3 0 3 1 3 3 3 3 0
-43.53833964970892 1 3 0 3 1 3 3 3 3 3
7.602589629617637 1 3 0 3 2 1 0 0 0 2
-0.020541405988419973 1 3 0 3 2 1 0 0 3 2
-0.018611094949824526 1 3 0 3 2 1 0 3 0 2
-0.002900674433613037 1 3 0 3 2 1 0 3 3 2
-0.027610403373484915 1 3 0 3 2 1 3 0 0 2
-0.004411004883368095 1 3 0 3 2 1 3 0 3 2
-0.003968415759155536 1 3 0 3 2 1 3 3 0 2
-7.602589629617637 1 3 0 3 2 2 0 0 0 1
0.020541405988419973 1 3 0 3 2 2 0 0 3 1
0.018611094949824526 1 3 0 3 2 2 0 3 0 1
0.002900674433613037 1 3 0 3 2 2 0 3 3 1
0.027610403373484915 1 3 0 3 2 2 3 0 0 1
0.004411004883368095 1 3 0 3 2 2 3 0 3 1
0.003968415759155536 1 3 0 3 2 2 3 3 0 1
0.0016988358151495816 1 3 1 0 0 0 0 1 3 1
0.0016988358151495816 1 3 1 0 0 0 0 2 3 2
0.002078281184969566 1 3 1 0 0 0 3 1 0 1
0.011441806381043248 1 3 1 0 0 0 3 1 3 1
0.002078281184969566 1 3 1 0 0 0 3 2 0 2
0.011441806381043248 1 3 1 0 0 0 3 2 3 2
0.0033682799938859 1 3 1 0 0 1 0 1 0 0
0.0004900723095571906 1 3 1 0 0 1 0 1 0 3
0.00048294860343364704 1 3 1 0 0 1 0 1 3 0
0.0008448317984186119 1 3 1 0 0 1 3 1 0 0
0.0033682799938859 1 3 1 0 0 2 0 2 0 0
0.0004900723095571905 1 3 1 0 0 2 0 2 0 3
0.0004829486034336468 1 3 1 0 0 2 0 2 3 0
0.0008448317984186115 1 3 1 0 0 2 3 2 0 0
0.0019239277513877623 1 3 1 0 0 3 0 1 0 1
0.010011698031317325 1 3 1 0 0 3 0 1 3 1
0.0019239277513877623 1 3 1 0 0 3 0 2 0 2
0.010011698031317325 1 3 1 0 0 3 0 2 3 2
0.008876190111671666 1 3 1 0 0 3 3 1 0 1
-4.950597249588936 1 3 1 0 0 3 3 1 3 1
0.008876190111671666 1 3 1 0 0 3 3 2 0 2
-4.950597249588936 1 3 1 0 0 3 3 2 3 2
0.0013276316601388211 1 3 1 0 3 0 0 1 0 1
0.010644127396589289 1 3 1 0 3 0 0 1 3 1
0.0013276316601388211 1 3 1 0 3 0 0 2 0 2
0.010644127396589289 1 3 1 0 3 0 0 2 3 2
0.013025351885804589 1 3 1 0 3 0 3 1 0 1
-4.7485552182504795 1 3 1 0 3 0 3 1 3 1
0.013025351885804589 1 3 1 0 3 0 3 2 0 2
-4.7485552182504795 1 3 1 0 3 0 3 2 3 2
0.0004319348086105108 1 3 1 0 3 1 0 1 0 0
0.0004319348086105107 1 3 1 0 3 2 0 2 0 0
0.011892108328989678 1 3 1 0 3 3 0 1 0 1
-4.764987247282464 1 3 1 0 3 3 0 1 3 1
0.011892108328989678 1 3 1 0 3 3 0 2 0 2
-4.764987247282464 1 3 1 0 3 3 0 2 3 2
-5.503294827318648 1 3 1 0 3 3 3 1 0 1
-30.2073417229061 1 3 1 0 3 3 3 1 3 1
-5.503294827318648 1 3 1 0 3 3 3 2 0 2
-30.2073417229061 1 3 1 0 3 3 3 2 3 2
7.253002432017788e-05 1 3 1 1 1 0 3 1 1 0
7.253002432017788e-05 1 3 1 1 1 0 3 2 2 0
2.9139717715805326e-05 1 3 1 1 1 3 0 1 1 0
2.9139717715805326e-05 1 3 1 1 1 3 0 2 2 0
-0.00038898847531989195 1 3 1 1 1 3 3 1 1 0
-1.4966437332343786e-05 1 3 1 1 1 3 3 1 1 3
-0.00038898847531989195 1 3 1 1 1 3 3 2 2 0
-1.496643733234378e-05 1 3 1 1 1 3 3 2 2 3
0.00010308213347161644 1 3 1 2 1 0 0 1 2 0
5.353061136530308e-06 1 3 1 2 1 0 0 1 2 3
-0.00010308213347161644 1 3 1 2 1 0 0 2 1 0
-5.353061136530308e-06 1 3 1 2 1 0 0 2 1 3
-0.6044420752234506 1 3 1 2 1 0 3 1 2 0
0.00033934706307018123 1 3 1 2 1 0 3 1 2 3
0.6044420752234507 1 3 1 2 1 0 3 2 1 0
-0.00033934706307018123 1 3 1 2 1 0 3 2 1 3
0.3972714128277676 1 3 1 2 1 3 0 1 2 0
4.476704388705504e-05 1 3 1 2 1 3 0 1 2 3
-0.3972714128277676 1 3 1 2 1 3 0 2 1 0
-4.476704388705504e-05 1 3 1 2 1 3 0 2 1 3
0.5459729644745343 1 3 1 2 1 3 3 1 2 0
-0.2147859127150287 1 3 1 2 1 3 3 1 2 3
-0.5459729644745341 1 3 1 2 1 3 3 2 1 0
0.21478591271502867 1 3 1 2 1 3 3 2 1 3
5.8603868277159333e-05 1 3 1 2 2 0 3 1 1 0
5.8603868277159333e-05 1 3 1 2 2 0 3 2 2 0
0.0012365555298657909 1 3 1 2 2 1 0 1 2 2
-0.0006937555087296451 1 3 1 2 2 1 0 2 1 2
-0.0005428000211361458 1 3 1 2 2 1 0 2 2 1
0.00029526872718845724 1 3 1 2 2 1 3 1 2 2
-0.0001473203970240969 1 3 1 2 2 1 3 2 1 2
-0.00014794833016436025 1 3 1 2 2 1 3 2 2 1
-0.0005428000211361458 1 3 1 2 2 2 0 1 1 2
-0.0006937555087296451 1 3 1 2 2 2 0 1 2 1
0.0012365555298657909 1 3 1 2 2 2 0 2 1 1
-0.00014794833016436025 1 3 1 2 2 2 3 1 1 2
-0.0001473203970240969 1 3 1 2 2 2 3 1 2 1
0.00029526872718845724 1 3 1 2 2 2 3 2 1 1
-1.575214013192434e-05 1 3 1 2 2 3 0 1 1 0
-1.575214013192434e-05 1 3 1 2 2 3 0 2 2 0
-0.00034057486130410026 1 3 1 2 2 3 3 1 1 0
-3.744287337921632e-05 1 3 1 2 2 3 3 1 1 3
-0.00034057486130410026 1 3 1 2 2 3 3 2 2 0
-3.744287337921633e-05 1 3 1 2 2 3 3 2 2 3
0.0016118152782443637 1 3 1 3 0 0 0 1 0 1
0.012478583514277641 1 3 1 3 0 0 0 1 3 1
0.0016118152782443637 1 3 1 3 0 0 0 2 0 2
0.012478583514277641 1 3 1 3 0 0 0 2 3 2
0.011441806381043244 1 3 1 3 0 0 3 1 0 1
-6.647412121307905 1 3 1 3 0 0 3 1 3 1
0.011441806381043244 1 3 1 3 0 0 3 2 0 2
-6.647412121307904 1 3 1 3 0 0 3 2 3 2
0.0004300393448976669 1 3 1 3 0 1 0 1 0 0
0.0004300393448976669 1 3 1 3 0 2 0 2 0 0
0.009905399908807054 1 3 1 3 0 3 0 1 0 1
-5.7262167868888625 1 3 1 3 0 3 0 1 3 1
0.009905399908807054 1 3 1 3 0 3 0 2 0 2
-5.726216786888863 1 3 1 3 0 3 0 2 3 2
-4.950634692462314 1 3 1 3 0 3 3 1 0 1
-10.161325835013681 1 3 1 3 0 3 3 1 3 1
-4.950634692462314 1 3 1 3 0 3 3 2 0 2
-10.161325835013681 1 3 1 3 0 3 3 2 3 2
0.010203131607733434 1 3 1 3 3 0 0 1 0 1
-1.6637878948970237 1 3 1 3 3 0 0 1 3 1
0.010203131607733434 1 3 1 3 3 0 0 2 0 2
-1.6637878948970237 1 3 1 3 3 0 0 2 3 2
-4.748496614382204 1 3 1 3 3 0 3 1 0 1
-42.232517434680254 1 3 1 3 3 0 3 1 3 1
-4.748496614382204 1 3 1 3 3 0 3 2 0 2
-42.232517434680254 1 3 1 3 3 0 3 2 3 2
-4.346001048927974 1 3 1 3 3 3 0 1 0 1
-36.17350316219006 1 3 1 3 3 3 0 1 3 1
-4.346001048927973 1 3 1 3 3 3 0 2 0 2
-36.17350316219006 1 3 1 3 3 3 0 2 3 2
-30.20768229776739 1 3 1 3 3 3 3 1 0 1
20064.508141378625 1 3 1 3 3 3 3 1 3 1
-30.20768229776739 1 3 1 3 3 3 3 2 0 2
20064.508141378625 1 3 1 3 3 3 3 2 3 2
85.5548847151398 1 3 2 0 0 1 0 2 0 0
12.581604686299865 1 3 2 0 0 1 0 2 0 3
11.268720749071205 1 3 2 0 0 1 0 2 3 0
-0.022268795055363524 1 3 2 0 0 1 0 2 3 3
14.56513273549189 1 3 2 0 0 1 3 2 0 0
-0.023241304577081477 1 3 2 0 0 1 3 2 0 3
-0.03058973540196493 1 3 2 0 0 1 3 2 3 0
-0.0041881123198753084 1 3 2 0 0 1 3 2 3 3
-85.5548847151398 1 3 2 0 0 2 0 1 0 0
-12.581604686299865 1 3 2 0 0 2 0 1 0 3
-11.268720749071205 1 3 2 0 0 2 0 1 3 0
0.022268795055363524 1 3 2 0 0 2 0 1 3 3
-14.565132735491888 1 3 2 0 0 2 3 1 0 0
0.023241304577081477 1 3 2 0 0 2 3 1 0 3
0.03058973540196493 1 3 2 0 0 2 3 1 3 0
0.0041881123198753084 1 3 2 0 0 2 3 1 3 3
-0.00012468308697369523 1 3 2 0 0 3 3 1 3 2
0.00012468308697369523 1 3 2 0 0 3 3 2 3 1
-0.00015632396244020326 1 3 2 0 3 0 3 1 3 2
0.00015632396244020326 1 3 2 0 3 0 3 2 3 1
9.292532044237415 1 3 2 0 3 1 0 2 0 0
-0.017663728314839585 1 3 2 0 3 1 0 2 0 3
-0.020334635079160102 1 3 2 0 3 1 0 2 3 0
-0.004294854924369221 1 3 2 0 3 1 0 2 3 3
-0.02324130457708148 1 3 2 0 3 1 3 2 0 0
-0.00497680538132981 1 3 2 0 3 1 3 2 0 3
-0.004336060650039669 1 3 2 0 3 1 3 2 3 0
-9.292532044237415 1 3 2 0 3 2 0 1 0 0
0.017663728314839585 1 3 2 0 3 2 0 1 0 3
0.020334635079160102 1 3 2 0 3 2 0 1 3 0
0.004294854924369221 1 3 2 0 3 2 0 1 3 3
0.02324130457708148 1 3 2 0 3 2 3 1 0 0
0.00497680538132981 1 3 2 0 3 2 3 1 0 3
0.004336060650039669 1 3 2 0 3 2 3 1 3 0
-0.00016647635130257344 1 3 2 0 3 3 0 1 3 2
0.00016647635130257344 1 3 2 0 3 3 0 2 3 1
-0.0001297929982066426 1 3 2 0 3 3 3 1 0 2
-0.0007733176958573092 1 3 2 0 3 3 3 1 3 2
0.00012979299820664266 1 3 2 0 3 3 3 2 0 1
0.0007733176958573092 1 3 2 0 3 3 3 2 3 1
-0.00010308213347161644 1 3 2 1 1 0 0 1 2 0
-5.353061136530308e-06 1 3 2 1 1 0 0 1 2 3
0.00010308213347161644 1 3 2 1 1 0 0 2 1 0
5.353061136530308e-06 1 3 2 1 1 0 0 2 1 3
0.6044420752234507 1 3 2 1 1 0 3 1 2 0
-0.00033934706307018123 1 3 2 1 1 0 3 1 2 3
-0.6044420752234506 1 3 2 1 1 0 3 2 1 0
0.00033934706307018123 1 3 2 1 1 0 3 2 1 3
-0.3972714128277676 1 3 2 1 1 3 0 1 2 0
-4.476704388705504e-05 1 3 2 1 1 3 0 1 2 3
0.3972714128277676 1 3 2 1 1 3 0 2 1 0
4.476704388705504e-05 1 3 2 1 1 3 0 2 1 3
-0.5459729644745341 1 3 2 1 1 3 3 1 2 0
0.21478591271502867 1 3 2 1 1 3 3 1 2 3
0.5459729644745341 1 3 2 1 1 3 3 2 1 0
-0.21478591271502867 1 3 2 1 1 3 3 2 1 3
5.860386827715934e-05 1 3 2 1 2 0 3 1 1 0
5.860386827715933e-05 1 3 2 1 2 0 3 2 2 0
-0.0006937555087296451 1 3 2 1 2 1 0 1 2 2
0.0012365555298657909 1 3 2 1 2 1 0 2 1 2
-0.0005428000211361458 1 3 2 1 2 1 0 2 2 1
-0.0001473203970240969 1 3 2 1 2 1 3 1 2 2
0.00029526872718845724 1 3 2 1 2 1 3 2 1 2
-0.00014794833016436025 1 3 2 1 2 1 3 2 2 1
-0.0005428000211361458 1 3 2 1 2 2 0 1 1 2
0.0012365555298657909 1 3 2 1 2 2 0 1 2 1
-0.0006937555087296451 1 3 2 1 2 2 0 2 1 1
-0.00014794833016436025 1 3 2 1 2 2 3 1 1 2
0.00029526872718845724 1 3 2 1 2 2 3 1 2 1
-0.0001473203970240969 1 3 2 1 2 2 3 2 1 1
-1.575214013192434e-05 1 3 2 1 2 3 0 1 1 0
-1.575214013192434e-05 1 3 2 1 2 3 0 2 2 0
-0.00034057486130410026 1 3 2 1 2 3 3 1 1 0
-3.7442873379216345e-05 1 3 2 1 2 3 3 1 1 3
-0.00034057486130410026 1 3 2 1 2 3 3 2 2 0
-3.744287337921633e-05 1 3 2 1 2 3 3 2 2 3
-4.4677712234140744e-05 1 3 2 2 1 0 3 1 1 0
-4.467771223414073e-05 1 3 2 2 1 0 3 2 2 0
-0.0005428000211361458 1 3 2 2 1 1 0 1 2 2
-0.0005428000211361458 1 3 2 2 1 1 0 2 1 2
0.0010856000422722915 1 3 2 2 1 1 0 2 2 1
-0.00014794833016436022 1 3 2 2 1 1 3 1 2 2
-0.00014794833016436022 1 3 2 2 1 1 3 2 1 2
0.0002958966603287205 1 3 2 2 1 1 3 2 2 1
0.0010856000422722915 1 3 2 2 1 2 0 1 1 2
-0.0005428000211361458 1 3 2 2 1 2 0 1 2 1
-0.0005428000211361458 1 3 2 2 1 2 0 2 1 1
0.0002958966603287205 1 3 2 2 1 2 3 1 1 2
-0.00014794833016436022 1 3 2 2 1 2 3 1 2 1
-0.00014794833016436022 1 3 2 2 1 2 3 2 1 1
6.0643997979653976e-05 1 3 2 2 1 3 0 1 1 0
6.0643997979653976e-05 1 3 2 2 1 3 0 2 2 0
0.0002921612472883085 1 3 2 2 1 3 3 1 1 0
5.9919309426088925e-05 1 3 2 2 1 3 3 1 1 3
0.0002921612472883085 1 3 2 2 1 3 3 2 2 0
5.9919309426088925e-05 1 3 2 2 1 3 3 2 2 3
-0.00015225960191684885 1 3 2 3 0 0 3 1 3 2
0.00015225960191684874 1 3 2 3 0 0 3 2 3 1
10.277769683173025 1 3 2 3 0 1 0 2 0 0
-0.02257395535357398 1 3 2 3 0 1 0 2 0 3
-0.028126117519086717 1 3 2 3 0 1 0 2 3 0
-0.004355926065561937 1 3 2 3 0 1 0 2 3 3
-0.030589735401964933 1 3 2 3 0 1 3 2 0 0
-0.004336060650039668 1 3 2 3 0 1 3 2 0 3
-0.004531763687925234 1 3 2 3 0 1 3 2 3 0
-10.277769683173025 1 3 2 3 0 2 0 1 0 0
0.02257395535357398 1 3 2 3 0 2 0 1 0 3
0.028126117519086717 1 3 2 3 0 2 0 1 3 0
0.004355926065561937 1 3 2 3 0 2 0 1 3 3
0.030589735401964933 1 3 2 3 0 2 3 1 0 0
0.004336060650039668 1 3 2 3 0 2 3 1 0 3
0.004531763687925234 1 3 2 3 0 2 3 1 3 0
-0.00013127786203694525 1 3 2 3 0 3 0 1 3 2
0.0001312778620369452 1 3 2 3 0 3 0 2 3 1
-0.0001621259603529114 1 3 2 3 0 3 3 1 0 2
-5.084215864709909e-05 1 3 2 3 0 3 3 1 3 2
0.0001621259603529114 1 3 2 3 0 3 3 2 0 1
5.084215864709866e-05 1 3 2 3 0 3 3 2 3 1
-0.00016381285773405668 1 3 2 3 3 0 0 1 3 2
0.00016381285773405657 1 3 2 3 3 0 0 2 3 1
-9.772009416304393e-05 1 3 2 3 3 0 3 1 0 2
-0.001099296055036468 1 3 2 3 3 0 3 1 3 2
9.772009416304393e-05 1 3 2 3 3 0 3 2 0 1
0.001099296055036468 1 3 2 3 3 0 3 2 3 1
-0.01955419533509826 1 3 2 3 3 1 0 2 0 0
-0.004137827659117861 1 3 2 3 3 1 0 2 0 3
-0.0038966130742350835 1 3 2 3 3 1 0 2 3 0
-0.004188112319875308 1 3 2 3 3 1 3 2 0 0
0.01955419533509826 1 3 2 3 3 2 0 1 0 0
0.004137827659117861 1 3 2 3 3 2 0 1 0 3
0.0038966130742350835 1 3 2 3 3 2 0 1 3 0
0.004188112319875308 1 3 2 3 3 2 3 1 0 0
-0.00015138057741570076 1 3 2 3 3 3 0 1 0 2
-0.0006681121674693771 1 3 2 3 3 3 0 1 3 2
0.00015138057741570076 1 3 2 3 3 3 0 2 0 1
0.0006681121674693771 1 3 2 3 3 3 0 2 3 1
-0.00111389255716141 1 3 2 3 3 3 3 1 0 2
1.317411732503431 1 3 2 3 3 3 3 1 3 2
0.001113892557161409 1 3 2 3 3 3 3 2 0 1
-1.3174117325034314 1 3 2 3 3 3 3 2 3 1
0.005098365905588577 1 3 3 0 1 0 0 0 0 0
0.0428078620095657 1 3 3 0 1 0 0 0 3 0
0.006500266420832716 1 3 3 0 1 0 0 0 3 3
0.04260169774262249 1 3 3 0 1 0 0 3 0 0
0.006489560298559659 1 3 3 0 1 0 0 3 0 3
-15.624407431431639 1 3 3 0 1 0 0 3 3 0
0.04614497967191101 1 3 3 0 1 0 0 3 3 3
0.02332281161870564 1 3 3 0 1 0 3 0 0 0
0.0036860336070250977 1 3 3 0 1 0 3 0 0 3
-8.7050374032396 1 3 3 0 1 0 3 0 3 0
0.028279865076103562 1 3 3 0 1 0 3 0 3 3
-7.496153252792709 1 3 3 0 1 0 3 3 0 0
0.027601170949963203 1 3 3 0 1 0 3 3 0 3
-81.82503677671322 1 3 3 0 1 0 3 3 3 0
-13.263443683944368 1 3 3 0 1 0 3 3 3 3
0.0002867849932684277 1 3 3 0 1 1 0 0 0 1
0.0002867849932684277 1 3 3 0 1 2 0 0 0 2
0.030920877421980603 1 3 3 0 1 3 0 0 0 0
0.0052603263102694465 1 3 3 0 1 3 0 0 0 3
-11.668330888320014 1 3 3 0 1 3 0 0 3 0
0.033329015170347615 1 3 3 0 1 3 0 0 3 3
-12.462873713975558 1 3 3 0 1 3 0 3 0 0
0.03323948108257351 1 3 3 0 1 3 0 3 0 3
-93.85365019493351 1 3 3 0 1 3 0 3 3 0
-15.70104692506875 1 3 3 0 1 3 0 3 3 3
-4.0840252370457835 1 3 3 0 1 3 3 0 0 0
0.01899266225904935 1 3 3 0 1 3 3 0 0 3
-38.94974755211705 1 3 3 0 1 3 3 0 3 0
-8.000633261644616 1 3 3 0 1 3 3 0 3 3
-40.04169348106614 1 3 3 0 1 3 3 3 0 0
-7.57106143621456 1 3 3 0 1 3 3 3 0 3
19435.164257414846 1 3 3 0 1 3 3 3 3 0
-43.53833964970893 1 3 3 0 1 3 3 3 3 3
7.602589629617637 1 3 3 0 2 1 0 0 0 2
-0.018611094949824526 1 3 3 0 2 1 0 0 3 2
-0.020541405988419973 1 3 3 0 2 1 0 3 0 2
-0.0029006744336130376 1 3 3 0 2 1 0 3 3 2
-0.027610403373484915 1 3 3 0 2 1 3 0 0 2
-0.003968415759155536 1 3 3 0 2 1 3 0 3 2
-0.004411004883368095 1 3 3 0 2 1 3 3 0 2
-7.602589629617637 1 3 3 0 2 2 0 0 0 1
0.018611094949824526 1 3 3 0 2 2 0 0 3 1
0.020541405988419973 1 3 3 0 2 2 0 3 0 1
0.0029006744336130376 1 3 3 0 2 2 0 3 3 1
0.027610403373484915 1 3 3 0 2 2 3 0 0 1
0.003968415759155536 1 3 3 0 2 2 3 0 3 1
0.004411004883368095 1 3 3 0 2 2 3 3 0 1
0.0016118152782443637 1 3 3 1 0 0 0 0 1 1
0.0016118152782443637 1 3 3 1 0 0 0 0 2 2
0.012478583514277641 1 3 3 1 0 0 0 3 1 1
0.012478583514277641 1 3 3 1 0 0 0 3 2 2
0.011441806381043244 1 3 3 1 0 0 3 0 1 1
0.011441806381043244 1 3 3 1 0 0 3 0 2 2
-6.647412121307905 1 3 3 1 0 0 3 3 1 1
-6.647412121307904 1 3 3 1 0 0 3 3 2 2
0.00043003934489766697 1 3 3 1 0 1 0 0 1 0
0.00043003934489766697 1 3 3 1 0 2 0 0 2 0
0.009905399908807054 1 3 3 1 0 3 0 0 1 1
0.009905399908807054 1 3 3 1 0 3 0 0 2 2
-5.7262167868888625 1 3 3 1 0 3 0 3 1 1
-5.726216786888863 1 3 3 1 0 3 0 3 2 2
-4.950634692462314 1 3 3 1 0 3 3 0 1 1
-4.950634692462315 1 3 3 1 0 3 3 0 2 2
-10.161325835013681 1 3 3 1 0 3 3 3 1 1
-10.161325835013681 1 3 3 1 0 3 3 3 2 2
0.010203131607733434 1 3 3 1 3 0 0 0 1 1
0.010203131607733434 1 3 3 1 3 0 0 0 2 2
-1.6637878948970237 1 3 3 1 3 0 0 3 1 1
-1.6637878948970237 1 3 3 1 3 0 0 3 2 2
-4.748496614382204 1 3 3 1 3 0 3 0 1 1
-4.748496614382204 1 3 3 1 3 0 3 0 2 2
-42.232517434680254 1 3 3 1 3 0 3 3 1 1
-42.232517434680254 1 3 3 1 3 0 3 3 2 2
-4.346001048927973 1 3 3 1 3 3 0 0 1 1
-4.346001048927973 1 3 3 1 3 3 0 0 2 2
-36.17350316219006 1 3 3 1 3 3 0 3 1 1
-36.17350316219006 1 3 3 1 3 3 0 3 2 2
-30.20768229776739 1 3 3 1 3 3 3 0 1 1
-30.20768229776739 1 3 3 1 3 3 3 0 2 2
20064.508141378625 1 3 3 1 3 3 3 3 1 1
20064.508141378625 1 3 3 1 3 3 3 3 2 2
-0.00015225960191684885 1 3 3 2 0 0 3 3 1 2
0.0001522596019168489 1 3 3 2 0 0 3 3 2 1
10.277769683173025 1 3 3 2 0 1 0 0 2 0
-0.02257395535357398 1 3 3 2 0 1 0 0 2 3
-0.028126117519086717 1 3 3 2 0 1 0 3 2 0
-0.004355926065561937 1 3 3 2 0 1 0 3 2 3
-0.030589735401964933 1 3 3 2 0 1 3 0 2 0
-0.004336060650039668 1 3 3 2 0 1 3 0 2 3
-0.004531763687925234 1 3 3 2 0 1 3 3 2 0
-10.277769683173025 1 3 3 2 0 2 0 0 1 0
0.02257395535357398 1 3 3 2 0 2 0 0 1 3
0.028126117519086717 1 3 3 2 0 2 0 3 1 0
0.004355926065561937 1 3 3 2 0 2 0 3 1 3
0.030589735401964933 1 3 3 2 0 2 3 0 1 0
0.004336060650039668 1 3 3 2 0 2 3 0 1 3
0.004531763687925234 1 3 3 2 0 2 3 3 1 0
-0.00013127786203694515 1 3 3 2 0 3 0 3 1 2
0.00013127786203694525 1 3 3 2 0 3 0 3 2 1
-0.0001621259603529113 1 3 3 2 0 3 3 0 1 2
0.0001621259603529114 1 3 3 2 0 3 3 0 2 1
-5.084215864709866e-05 1 3 3 2 0 3 3 3 1 2
5.084215864709866e-05 1 3 3 2 0 3 3 3 2 1
-0.00016381285773405668 1 3 3 2 3 0 0 3 1 2
0.00016381285773405657 1 3 3 2 3 0 0 3 2 1
-9.772009416304393e-05 1 3 3 2 3 0 3 0 1 2
9.772009416304393e-05 1 3 3 2 3 0 3 0 2 1
-0.001099296055036468 1 3 3 2 3 0 3 3 1 2
0.001099296055036468 1 3 3 2 3 0 3 3 2 1
-0.019554195335098258 1 3 3 2 3 1 0 0 2 0
-0.00413782765911786 1 3 3 2 3 1 0 0 2 3
-0.003896613074235083 1 3 3 2 3 1 0 3 2 0
-0.0041881123198753084 1 3 3 2 3 1 3 0 2 0
0.019554195335098258 1 3 3 2 3 2 0 0 1 0
0.00413782765911786 1 3 3 2 3 2 0 0 1 3
0.003896613074235083 1 3 3 2 3 2 0 3 1 0
0.0041881123198753084 1 3 3 2 3 2 3 0 1 0
-0.00015138057741570076 1 3 3 2 3 3 0 0 1 2
0.00015138057741570076 1 3 3 2 3 3 0 0 2 1
-0.0006681121674693771 1 3 3 2 3 3 0 3 1 2
0.000668112167469378 1 3 3 2 3 3 0 3 2 1
-0.001113892557161409 1 3 3 2 3 3 3 0 1 2
0.001113892557161409 1 3 3 2 3 3 3 0 2 1
1.3174117325034314 1 3 3 2 3 3 3 3 1 2
-1.3174117325034316 1 3 3 2 3 3 3 3 2 1
0.03021451777782583 1 3 3 3 1 0 0 0 0 0
0.004606933195456684 1 3 3 3 1 0 0 0 0 3
-10.75552527968411 1 3 3 3 1 0 0 0 3 0
0.03344295145737685 1 3 3 3 1 0 0 0 3 3
-10.75552527968411 1 3 3 3 1 0 0 3 0 0
0.03344295145737685 1 3 3 3 1 0 0 3 0 3
-109.55958534973102 1 3 3 3 1 0 0 3 3 0
-15.617615437258346 1 3 3 3 1 0 0 3 3 3
-4.561066658018966 1 3 3 3 1 0 3 0 0 0
0.017177405758130496 1 3 3 3 1 0 3 0 0 3
-39.59361863808796 1 3 3 3 1 0 3 0 3 0
-6.616183822238388 1 3 3 3 1 0 3 0 3 3
-39.593618638087975 1 3 3 3 1 0 3 3 0 0
-6.616183822238388 1 3 3 3 1 0 3 3 0 3
21265.07046406485 1 3 3 3 1 0 3 3 3 0
-48.37547742603968 1 3 3 3 1 0 3 3 3 3
-6.93755595703561 1 3 3 3 1 3 0 0 0 0
0.023794978175710677 1 3 3 3 1 3 0 0 0 3
-56.76571479516552 1 3 3 3 1 3 0 0 3 0
-10.54416979392094 1 3 3 3 1 3 0 0 3 3
-56.76571479516552 1 3 3 3 1 3 0 3 0 0
-10.544169793920942 1 3 3 3 1 3 0 3 0 3
31965.255277018896 1 3 3 3 1 3 0 3 3 0
-52.27380974531765 1 3 3 3 1 3 0 3 3 3
-8.197254596046307 1 3 3 3 1 3 3 0 0 0
-3.2649241314216306 1 3 3 3 1 3 3 0 0 3
-628.0264722312593 1 3 3 3 1 3 3 0 3 0
-33.37706465685386 1 3 3 3 1 3 3 0 3 3
-628.0264722312593 1 3 3 3 1 3 3 3 0 0
-33.37706465685386 1 3 3 3 1 3 3 3 0 3
43848.51654724757 1 3 3 3 1 3 3 3 3 0
15696.421593422874 1 3 3 3 1 3 3 3 3 3
-0.018278810043484615 1 3 3 3 2 1 0 0 0 2
-0.0029468214420339685 1 3 3 3 2 1 0 0 3 2
-0.0029468214420339685 1 3 3 3 2 1 0 3 0 2
-0.003821095362131439 1 3 3 3 2 1 3 0 0 2
0.018278810043484615 1 3 3 3 2 2 0 0 0 1
0.0029468214420339685 1 3 3 3 2 2 0 0 3 1
0.0029468214420339685 1 3 3 3 2 2 0 3 0 1
0.003821095362131439 1 3 3 3 2 2 3 0 0 1
32403.236955685894 2 0 0 0 1 1 0 0 0 2
-49.54064927578751 2 0 0 0 1 1 0 0 3 2
-49.54064927578751 2 0 0 0 1 1 0 3 0 2
-7.258641806557773 2 0 0 0 1 1 0 3 3 2
-58.417722688150064 2 0 0 0 1 1 3 0 0 2
-7.602589629617637 2 0 0 0 1 1 3 0 3 2
-7.602589629617637 2 0 0 0 1 1 3 3 0 2
0.01827881004348461 2 0 0 0 1 1 3 3 3 2
-32403.23695568589 2 0 0 0 1 2 0 0 0 1
49.5406492757875 2 0 0 0 1 2 0 0 3 1
49.5406492757875 2 0 0 0 1 2 0 3 0 1
7.258641806557773 2 0 0 0 1 2 0 3 3 1
58.417722688150064 2 0 0 0 1 2 3 0 0 1
7.602589629617637 2 0 0 0 1 2 3 0 3 1
7.602589629617637 2 0 0 0 1 2 3 3 0 1
-0.01827881004348461 2 0 0 0 1 2 3 3 3 1
0.006397530136094112 2 0 0 0 2 0 0 3 3 0
0.002082531214818931 2 0 0 0 2 0 3 0 3 0
0.002082531214818931 2 0 0 0 2 0 3 3 0 0
0.020624531226137353 2 0 0 0 2 0 3 3 3 0
0.003485355041018117 2 0 0 0 2 0 3 3 3 3
-2.658442782678366 2 0 0 0 2 1 0 0 0 1
0.0016068370036055714 2 0 0 0 2 1 0 0 3 1
0.0016068370036055714 2 0 0 0 2 1 0 3 0 1
0.00029905045855740855 2 0 0 0 2 1 0 3 3 1
0.0017258670069004874 2 0 0 0 2 1 3 0 0 1
0.0002867849932684279 2 0 0 0 2 1 3 0 3 1
0.000286784993268428 2 0 0 0 2 1 3 3 0 1
-2.6584427826783656 2 0 0 0 2 2 0 0 0 2
0.0016068370036055714 2 0 0 0 2 2 0 0 3 2
0.0016068370036055714 2 0 0 0 2 2 0 3 0 2
0.00029905045855740844 2 0 0 0 2 2 0 3 3 2
0.0017258670069004883 2 0 0 0 2 2 3 0 0 2
0.0002867849932684279 2 0 0 0 2 2 3 0 3 2
0.000286784993268428 2 0 0 0 2 2 3 3 0 2
0.0032292674474928055 2 0 0 0 2 3 0 0 3 0
0.0032292674474928055 2 0 0 0 2 3 0 3 0 0
0.02659443092201942 2 0 0 0 2 3 0 3 3 0
0.005293690181329859 2 0 0 0 2 3 0 3 3 3
0.0004023211316762542 2 0 0 0 2 3 3 0 0 0
0.008212468243871361 2 0 0 0 2 3 3 0 3 0
0.0017321789096941156 2 0 0 0 2 3 3 0 3 3
0.008212468243871361 2 0 0 0 2 3 3 3 0 0
0.0017321789096941154 2 0 0 0 2 3 3 3 0 3
-1.3109085451975466 2 0 0 0 2 3 3 3 3 0
0.016669115601122317 2 0 0 0 2 3 3 3 3 3
47455.42227237645 2 0 0 1 0 1 0 0 2 0
-22.72594919476227 2 0 0 1 0 1 0 0 2 3
-71.45359597983195 2 0 0 1 0 1 0 3 2 0
-11.12439453433027 2 0 0 1 0 1 0 3 2 3
-85.5548847151398 2 0 0 1 0 1 3 0 2 0
-9.292532044237417 2 0 0 1 0 1 3 0 2 3
-10.277769683173025 2 0 0 1 0 1 3 3 2 0
0.01955419533509826 2 0 0 1 0 1 3 3 2 3
-47455.42227237645 2 0 0 1 0 2 0 0 1 0
22.72594919476227 2 0 0 1 0 2 0 0 1 3
71.45359597983195 2 0 0 1 0 2 0 3 1 0
11.12439453433027 2 0 0 1 0 2 0 3 1 3
85.5548847151398 2 0 0 1 0 2 3 0 1 0
9.292532044237417 2 0 0 1 0 2 3 0 1 3
10.277769683173025 2 0 0 1 0 2 3 3 1 0
-0.01955419533509826 2 0 0 1 0 2 3 3 1 3
-22.725949194762276 2 0 0 1 3 1 0 0 2 0
-13.744091962527982 2 0 0 1 3 1 0 0 2 3
-11.726501462453841 2 0 0 1 3 1 0 3 2 0
0.015857608316205647 2 0 0 1 3 1 0 3 2 3
-12.581604686299867 2 0 0 1 3 1 3 0 2 0
0.01766372831483959 2 0 0 1 3 1 3 0 2 3
0.022573955353573975 2 0 0 1 3 1 3 3 2 0
0.004137827659117861 2 0 0 1 3 1 3 3 2 3
22.725949194762272 2 0 0 1 3 2 0 0 1 0
13.74409196252798 2 0 0 1 3 2 0 0 1 3
11.726501462453841 2 0 0 1 3 2 0 3 1 0
-0.015857608316205647 2 0 0 1 3 2 0 3 1 3
12.581604686299867 2 0 0 1 3 2 3 0 1 0
-0.01766372831483959 2 0 0 1 3 2 3 0 1 3
-0.022573955353573975 2 0 0 1 3 2 3 3 1 0
-0.004137827659117861 2 0 0 1 3 2 3 3 1 3
0.0001401231389412002 2 0 0 1 3 3 3 3 1 2
-0.00014012313894120015 2 0 0 1 3 3 3 3 2 1
0.0019304799243990262 2 0 0 2 0 0 3 3 1 1
0.0019304799243990262 2 0 0 2 0 0 3 3 2 2
-3.9907945779841407 2 0 0 2 0 1 0 0 1 0
0.0009142393637675246 2 0 0 2 0 1 0 0 1 3
0.002918868993473229 2 0 0 2 0 1 0 3 1 0
0.0004404274882625962 2 0 0 2 0 1 0 3 1 3
0.003368279993885904 2 0 0 2 0 1 3 0 1 0
0.0004319348086105103 2 0 0 2 0 1 3 0 1 3
0.0004300393448976671 2 0 0 2 0 1 3 3 1 0
-3.9907945779841403 2 0 0 2 0 2 0 0 2 0
0.0009142393637675246 2 0 0 2 0 2 0 0 2 3
0.002918868993473229 2 0 0 2 0 2 0 3 2 0
0.00044042748826259633 2 0 0 2 0 2 0 3 2 3
0.0033682799938859025 2 0 0 2 0 2 3 0 2 0
0.0004319348086105103 2 0 0 2 0 2 3 0 2 3
0.0004300393448976671 2 0 0 2 0 2 3 3 2 0
0.001556223371312031 2 0 0 2 0 3 0 3 1 1
0.001556223371312031 2 0 0 2 0 3 0 3 2 2
0.0016210189230667145 2 0 0 2 0 3 3 0 1 1
0.0016210189230667145 2 0 0 2 0 3 3 0 2 2
0.008249234411887584 2 0 0 2 0 3 3 3 1 1
0.008249234411887584 2 0 0 2 0 3 3 3 2 2
0.0014174763741742445 2 0 0 2 3 0 0 3 1 1
0.0014174763741742445 2 0 0 2 3 0 0 3 2 2
0.0019747844050457533 2 0 0 2 3 0 3 0 1 1
0.0019747844050457533 2 0 0 2 3 0 3 0 2 2
0.013741463762964038 2 0 0 2 3 0 3 3 1 1
0.013741463762964038 2 0 0 2 3 0 3 3 2 2
0.0009142393637675255 2 0 0 2 3 1 0 0 1 0
0.0005802883873182788 2 0 0 2 3 1 0 0 1 3
0.0004968511012898669 2 0 0 2 3 1 0 3 1 0
0.0004900723095571905 2 0 0 2 3 1 3 0 1 0
0.0009142393637675238 2 0 0 2 3 2 0 0 2 0
0.0005802883873182788 2 0 0 2 3 2 0 0 2 3
0.0004968511012898669 2 0 0 2 3 2 0 3 2 0
0.0004900723095571904 2 0 0 2 3 2 3 0 2 0
0.0016041023306261305 2 0 0 2 3 3 0 0 1 1
0.0016041023306261305 2 0 0 2 3 3 0 0 2 2
0.01122794521840682 2 0 0 2 3 3 0 3 1 1
0.01122794521840682 2 0 0 2 3 3 0 3 2 2
0.011892108328989678 2 0 0 2 3 3 3 0 1 1
0.011892108328989678 2 0 0 2 3 3 3 0 2 2
-4.345730026523814 2 0 0 2 3 3 3 3 1 1
-4.345730026523814 2 0 0 2 3 3 3 3 2 2
-49.54064927578753 2 0 0 3 1 1 0 0 0 2
-10.168924833573575 2 0 0 3 1 1 0 0 3 2
-8.028074269394695 2 0 0 3 1 1 0 3 0 2
0.019544571091245654 2 0 0 3 1 1 0 3 3 2
-7.112253376302296 2 0 0 3 1 1 3 0 0 2
0.020541405988419977 2 0 0 3 1 1 3 0 3 2
0.01861109494982453 2 0 0 3 1 1 3 3 0 2
0.0029468214420339685 2 0 0 3 1 1 3 3 3 2
49.54064927578754 2 0 0 3 1 2 0 0 0 1
10.168924833573575 2 0 0 3 1 2 0 0 3 1
8.028074269394693 2 0 0 3 1 2 0 3 0 1
-0.019544571091245654 2 0 0 3 1 2 0 3 3 1
7.112253376302295 2 0 0 3 1 2 3 0 0 1
-0.020541405988419977 2 0 0 3 1 2 3 0 3 1
-0.01861109494982453 2 0 0 3 1 2 3 3 0 1
-0.0029468214420339685 2 0 0 3 1 2 3 3 3 1
0.005070039416483922 2 0 0 3 2 0 0 0 3 0
0.005010048980107883 2 0 0 3 2 0 0 3 0 0
0.039839611712788346 2 0 0 3 2 0 0 3 3 0
0.007216265718625768 2 0 0 3 2 0 0 3 3 3
0.0005607994447132987 2 0 0 3 2 0 3 0 0 0
0.0072031337721258325 2 0 0 3 2 0 3 0 3 0
0.001397004300783911 2 0 0 3 2 0 3 0 3 3
0.008945949930380094 2 0 0 3 2 0 3 3 0 0
0.001751512541456307 2 0 0 3 2 0 3 3 0 3
-1.8983088759670992 2 0 0 3 2 0 3 3 3 0
0.016862459907700564 2 0 0 3 2 0 3 3 3 3
0.0016068370036055719 2 0 0 3 2 1 0 0 0 1
0.0004827541735961397 2 0 0 3 2 1 0 0 3 1
0.00032543830288577554 2 0 0 3 2 1 0 3 0 1
0.0003086127270687559 2 0 0 3 2 1 3 0 0 1
0.0016068370036055719 2 0 0 3 2 2 0 0 0 2
0.0004827541735961397 2 0 0 3 2 2 0 0 3 2
0.00032543830288577554 2 0 0 3 2 2 0 3 0 2
0.0003086127270687559 2 0 0 3 2 2 3 0 0 2
0.0016251651168666752 2 0 0 3 2 3 0 0 0 0
0.015622280838714097 2 0 0 3 2 3 0 0 3 0
0.003810150181248263 2 0 0 3 2 3 0 0 3 3
0.015451750748646433 2 0 0 3 2 3 0 3 0 0
0.003761694600427973 2 0 0 3 2 3 0 3 0 3
-4.469445766850098 2 0 0 3 2 3 0 3 3 0
0.02804394902416199 2 0 0 3 2 3 0 3 3 3
-0.003254804650040091 2 0 0 3 2 3 3 0 0 0
6.491086197722186e-05 2 0 0 3 2 3 3 0 0 3
3.8079541570129405 2 0 0 3 2 3 3 0 3 0
0.0075531603517091 2 0 0 3 2 3 3 0 3 3
3.0214231255489032 2 0 0 3 2 3 3 3 0 0
0.007984109078210993 2 0 0 3 2 3 3 3 0 3
3.016453406711897 2 0 0 3 2 3 3 3 3 0
-0.4813377369764811 2 0 0 3 2 3 3 3 3 3
47455.42227237645 2 0 1 0 0 1 0 2 0 0
-22.72594919476227 2 0 1 0 0 1 0 2 0 3
-71.45359597983195 2 0 1 0 0 1 0 2 3 0
-11.12439453433027 2 0 1 0 0 1 0 2 3 3
-85.5548847151398 2 0 1 0 0 1 3 2 0 0
-9.292532044237417 2 0 1 0 0 1 3 2 0 3
-10.277769683173025 2 0 1 0 0 1 3 2 3 0
0.01955419533509826 2 0 1 0 0 1 3 2 3 3
-47455.42227237645 2 0 1 0 0 2 0 1 0 0
22.72594919476227 2 0 1 0 0 2 0 1 0 3
71.45359597983195 2 0 1 0 0 2 0 1 3 0
11.124394534330271 2 0 1 0 0 2 0 1 3 3
85.5548847151398 2 0 1 0 0 2 3 1 0 0
9.292532044237417 2 0 1 0 0 2 3 1 0 3
10.277769683173025 2 0 1 0 0 2 3 1 3 0
-0.01955419533509826 2 0 1 0 0 2 3 1 3 3
-22.72594919476227 2 0 1 0 3 1 0 2 0 0
-13.744091962527982 2 0 1 0 3 1 0 2 0 3
-11.72650146245384 2 0 1 0 3 1 0 2 3 0
0.015857608316205647 2 0 1 0 3 1 0 2 3 3
-12.581604686299867 2 0 1 0 3 1 3 2 0 0
0.01766372831483959 2 0 1 0 3 1 3 2 0 3
0.022573955353573975 2 0 1 0 3 1 3 2 3 0
0.004137827659117861 2 0 1 0 3 1 3 2 3 3
22.725949194762265 2 0 1 0 3 2 0 1 0 0
13.74409196252798 2 0 1 0 3 2 0 1 0 3
11.72650146245384 2 0 1 0 3 2 0 1 3 0
-0.015857608316205647 2 0 1 0 3 2 0 1 3 3
12.581604686299867 2 0 1 0 3 2 3 1 0 0
-0.01766372831483959 2 0 1 0 3 2 3 1 0 3
-0.022573955353573975 2 0 1 0 3 2 3 1 3 0
-0.004137827659117861 2 0 1 0 3 2 3 1 3 3
0.00014012313894120023 2 0 1 0 3 3 3 1 3 2
-0.00014012313894120012 2 0 1 0 3 3 3 2 3 1
3.269293830076734e-05 2 0 1 1 1 1 0 1 1 2
5.3956948705080616e-05 2 0 1 1 1 1 0 1 2 1
5.395694870508059e-05 2 0 1 1 1 1 0 2 1 1
0.00014060683571092862 2 0 1 1 1 1 0 2 2 2
-0.00014060683571092856 2 0 1 1 1 2 0 1 1 1
-5.395694870508059e-05 2 0 1 1 1 2 0 1 2 2
-5.3956948705080616e-05 2 0 1 1 1 2 0 2 1 2
-3.269293830076734e-05 2 0 1 1 1 2 0 2 2 1
-3.893586452481241e-06 2 0 1 1 2 1 0 1 1 1
0.6020529711748664 2 0 1 1 2 1 0 1 2 2
0.6020529711748664 2 0 1 1 2 1 0 2 1 2
-1.2041098359361855 2 0 1 1 2 1 0 2 2 1
-0.0005428000211361458 2 0 1 1 2 1 3 1 2 2
-0.0005428000211361458 2 0 1 1 2 1 3 2 1 2
0.0010856000422722915 2 0 1 1 2 1 3 2 2 1
-1.2041098359361855 2 0 1 1 2 2 0 1 1 2
0.6020529711748664 2 0 1 1 2 2 0 1 2 1
0.6020529711748664 2 0 1 1 2 2 0 2 1 1
-3.893586452481241e-06 2 0 1 1 2 2 0 2 2 2
0.0010856000422722915 2 0 1 1 2 2 3 1 1 2
-0.0005428000211361458 2 0 1 1 2 2 3 1 2 1
-0.0005428000211361458 2 0 1 1 2 2 3 2 1 1
-7.579518302457714e-05 2 0 1 1 2 3 3 1 1 0
-7.579518302457714e-05 2 0 1 1 2 3 3 2 2 0
1.9467932262406034e-06 2 0 1 2 1 1 0 1 1 1
0.7693997698986157 2 0 1 2 1 1 0 1 2 2
-1.371450794280256 2 0 1 2 1 1 0 2 1 2
0.6020529711748664 2 0 1 2 1 1 0 2 2 1
-0.0006937555087296453 2 0 1 2 1 1 3 1 2 2
0.0012365555298657909 2 0 1 2 1 1 3 2 1 2
-0.0005428000211361458 2 0 1 2 1 1 3 2 2 1
0.6020529711748666 2 0 1 2 1 2 0 1 1 2
-1.371450794280256 2 0 1 2 1 2 0 1 2 1
0.7693997698986157 2 0 1 2 1 2 0 2 1 1
1.946793226240617e-06 2 0 1 2 1 2 0 2 2 2
-0.0005428000211361458 2 0 1 2 1 2 3 1 1 2
0.0012365555298657909 2 0 1 2 1 2 3 1 2 1
-0.0006937555087296453 2 0 1 2 1 2 3 2 1 1
1.9482724628808062e-05 2 0 1 2 1 3 3 1 1 0
1.9482724628808056e-05 2 0 1 2 1 3 3 2 2 0
-2.9995218188016492e-05 2 0 1 2 2 0 0 1 2 0
2.9995218188016492e-05 2 0 1 2 2 0 0 2 1 0
0.0008714080791271279 2 0 1 2 2 0 3 1 2 0
0.00017725412033619794 2 0 1 2 2 0 3 1 2 3
-0.0008714080791271279 2 0 1 2 2 0 3 2 1 0
-0.00017725412033619794 2 0 1 2 2 0 3 2 1 3
-5.837040625351095e-05 2 0 1 2 2 1 0 1 1 2
-2.2494257875886177e-05 2 0 1 2 2 1 0 1 2 1
0.0001348216128344777 2 0 1 2 2 1 0 2 1 1
5.39569487050806e-05 2 0 1 2 2 1 0 2 2 2
-5.395694870508063e-05 2 0 1 2 2 2 0 1 1 1
-0.0001348216128344777 2 0 1 2 2 2 0 1 2 2
2.2494257875886164e-05 2 0 1 2 2 2 0 2 1 2
5.837040625351098e-05 2 0 1 2 2 2 0 2 2 1
-8.526504503383096e-05 2 0 1 2 2 3 0 1 2 0
-2.4227790410143878e-05 2 0 1 2 2 3 0 1 2 3
8.526504503383096e-05 2 0 1 2 2 3 0 2 1 0
2.4227790410143878e-05 2 0 1 2 2 3 0 2 1 3
-0.39326551573201274 2 0 1 2 2 3 3 1 2 0
0.00021547436325094956 2 0 1 2 2 3 3 1 2 3
0.3932655157320128 2 0 1 2 2 3 3 2 1 0
-0.00021547436325094956 2 0 1 2 2 3 3 2 1 3
-71.45359597983197 2 0 1 3 0 1 0 2 0 0
-11.726501462453841 2 0 1 3 0 1 0 2 0 3
-13.016028587942957 2 0 1 3 0 1 0 2 3 0
0.020382660326080364 2 0 1 3 0 1 0 2 3 3
-11.268720749071203 2 0 1 3 0 1 3 2 0 0
0.0203346350791601 2 0 1 3 0 1 3 2 0 3
0.02812611751908672 2 0 1 3 0 1 3 2 3 0
0.0038966130742350835 2 0 1 3 0 1 3 2 3 3
71.45359597983197 2 0 1 3 0 2 0 1 0 0
11.726501462453841 2 0 1 3 0 2 0 1 0 3
13.016028587942957 2 0 1 3 0 2 0 1 3 0
-0.020382660326080364 2 0 1 3 0 2 0 1 3 3
11.268720749071203 2 0 1 3 0 2 3 1 0 0
-0.0203346350791601 2 0 1 3 0 2 3 1 0 3
-0.02812611751908672 2 0 1 3 0 2 3 1 3 0
-0.0038966130742350835 2 0 1 3 0 2 3 1 3 3
0.0001702870200709218 2 0 1 3 0 3 3 1 3 2
-0.0001702870200709218 2 0 1 3 0 3 3 2 3 1
0.0001049609321739344 2 0 1 3 3 0 3 1 3 2
-0.0001049609321739344 2 0 1 3 3 0 3 2 3 1
-11.124394534330273 2 0 1 3 3 1 0 2 0 0
0.015857608316205647 2 0 1 3 3 1 0 2 0 3
0.02038266032608036 2 0 1 3 3 1 0 2 3 0
0.004679298667545605 2 0 1 3 3 1 0 2 3 3
0.022268795055363527 2 0 1 3 3 1 3 2 0 0
0.004294854924369221 2 0 1 3 3 1 3 2 0 3
0.004355926065561937 2 0 1 3 3 1 3 2 3 0
11.124394534330271 2 0 1 3 3 2 0 1 0 0
-0.015857608316205647 2 0 1 3 3 2 0 1 0 3
-0.02038266032608036 2 0 1 3 3 2 0 1 3 0
-0.004679298667545605 2 0 1 3 3 2 0 1 3 3
-0.022268795055363527 2 0 1 3 3 2 3 1 0 0
-0.004294854924369221 2 0 1 3 3 2 3 1 0 3
-0.004355926065561937 2 0 1 3 3 2 3 1 3 0
0.0003520706298103199 2 0 1 3 3 3 0 1 3 2
-0.00035207062981032 2 0 1 3 3 3 0 2 3 1
0.00015148832833118968 2 0 1 3 3 3 3 1 0 2
0.0011369505648310204 2 0 1 3 3 3 3 1 3 2
-0.00015148832833118965 2 0 1 3 3 3 3 2 0 1
-0.0011369505648310204 2 0 1 3 3 3 3 2 3 1
0.0019304799243990262 2 0 2 0 0 0 3 1 3 1
0.0019304799243990262 2 0 2 0 0 0 3 2 3 2
-3.9907945779841407 2 0 2 0 0 1 0 1 0 0
0.0009142393637675246 2 0 2 0 0 1 0 1 0 3
0.002918868993473229 2 0 2 0 0 1 0 1 3 0
0.0004404274882625962 2 0 2 0 0 1 0 1 3 3
0.003368279993885904 2 0 2 0 0 1 3 1 0 0
0.0004319348086105103 2 0 2 0 0 1 3 1 0 3
0.0004300393448976671 2 0 2 0 0 1 3 1 3 0
-3.9907945779841403 2 0 2 0 0 2 0 2 0 0
0.0009142393637675246 2 0 2 0 0 2 0 2 0 3
0.002918868993473229 2 0 2 0 0 2 0 2 3 0
0.0004404274882625962 2 0 2 0 0 2 0 2 3 3
0.0033682799938859025 2 0 2 0 0 2 3 2 0 0
0.0004319348086105103 2 0 2 0 0 2 3 2 0 3
0.0004300393448976671 2 0 2 0 0 2 3 2 3 0
0.001556223371312031 2 0 2 0 0 3 0 1 3 1
0.001556223371312031 2 0 2 0 0 3 0 2 3 2
0.0016210189230667143 2 0 2 0 0 3 3 1 0 1
0.008249234411887582 2 0 2 0 0 3 3 1 3 1
0.0016210189230667143 2 0 2 0 0 3 3 2 0 2
0.008249234411887582 2 0 2 0 0 3 3 2 3 2
0.0014174763741742445 2 0 2 0 3 0 0 1 3 1
0.0014174763741742445 2 0 2 0 3 0 0 2 3 2
0.0019747844050457533 2 0 2 0 3 0 3 1 0 1
0.013741463762964038 2 0 2 0 3 0 3 1 3 1
0.0019747844050457533 2 0 2 0 3 0 3 2 0 2
0.013741463762964038 2 0 2 0 3 0 3 2 3 2
0.0009142393637675255 2 0 2 0 3 1 0 1 0 0
0.0005802883873182788 2 0 2 0 3 1 0 1 0 3
0.0004968511012898667 2 0 2 0 3 1 0 1 3 0
0.0004900723095571906 2 0 2 0 3 1 3 1 0 0
0.0009142393637675238 2 0 2 0 3 2 0 2 0 0
0.0005802883873182787 2 0 2 0 3 2 0 2 0 3
0.0004968511012898667 2 0 2 0 3 2 0 2 3 0
0.0004900723095571905 2 0 2 0 3 2 3 2 0 0
0.0016041023306261305 2 0 2 0 3 3 0 1 0 1
0.01122794521840682 2 0 2 0 3 3 0 1 3 1
0.0016041023306261305 2 0 2 0 3 3 0 2 0 2
0.01122794521840682 2 0 2 0 3 3 0 2 3 2
0.011892108328989678 2 0 2 0 3 3 3 1 0 1
-4.345730026523815 2 0 2 0 3 3 3 1 3 1
0.011892108328989678 2 0 2 0 3 3 3 2 0 2
-4.345730026523814 2 0 2 0 3 3 3 2 3 2
1.9467932262406034e-06 2 0 2 1 1 1 0 1 1 1
-1.371450794280256 2 0 2 1 1 1 0 1 2 2
0.7693997698986157 2 0 2 1 1 1 0 2 1 2
0.6020529711748664 2 0 2 1 1 1 0 2 2 1
0.0012365555298657909 2 0 2 1 1 1 3 1 2 2
-0.0006937555087296453 2 0 2 1 1 1 3 2 1 2
-0.0005428000211361458 2 0 2 1 1 1 3 2 2 1
0.6020529711748666 2 0 2 1 1 2 0 1 1 2
0.7693997698986157 2 0 2 1 1 2 0 1 2 1
-1.3714507942802558 2 0 2 1 1 2 0 2 1 1
1.946793226240617e-06 2 0 2 1 1 2 0 2 2 2
-0.0005428000211361458 2 0 2 1 1 2 3 1 1 2
-0.0006937555087296453 2 0 2 1 1 2 3 1 2 1
0.0012365555298657909 2 0 2 1 1 2 3 2 1 1
1.948272462880808e-05 2 0 2 1 1 3 3 1 1 0
1.9482724628808062e-05 2 0 2 1 1 3 3 2 2 0
2.9995218188016492e-05 2 0 2 1 2 0 0 1 2 0
-2.9995218188016492e-05 2 0 2 1 2 0 0 2 1 0
-0.0008714080791271279 2 0 2 1 2 0 3 1 2 0
-0.00017725412033619794 2 0 2 1 2 0 3 1 2 3
0.0008714080791271279 2 0 2 1 2 0 3 2 1 0
0.00017725412033619794 2 0 2 1 2 0 3 2 1 3
-5.837040625351095e-05 2 0 2 1 2 1 0 1 1 2
0.0001348216128344777 2 0 2 1 2 1 0 1 2 1
-2.2494257875886164e-05 2 0 2 1 2 1 0 2 1 1
5.3956948705080596e-05 2 0 2 1 2 1 0 2 2 2
-5.395694870508057e-05 2 0 2 1 2 2 0 1 1 1
2.2494257875886164e-05 2 0 2 1 2 2 0 1 2 2
-0.00013482161283447767 2 0 2 1 2 2 0 2 1 2
5.837040625351095e-05 2 0 2 1 2 2 0 2 2 1
8.526504503383096e-05 2 0 2 1 2 3 0 1 2 0
2.4227790410143878e-05 2 0 2 1 2 3 0 1 2 3
-8.526504503383096e-05 2 0 2 1 2 3 0 2 1 0
-2.4227790410143878e-05 2 0 2 1 2 3 0 2 1 3
0.39326551573201274 2 0 2 1 2 3 3 1 2 0
-0.00021547436325094956 2 0 2 1 2 3 3 1 2 3
-0.3932655157320128 2 0 2 1 2 3 3 2 1 0
0.00021547436325094956 2 0 2 1 2 3 3 2 1 3
0.00014943375080778932 2 0 2 2 1 1 0 1 1 2
-5.837040625351096e-05 2 0 2 2 1 1 0 1 2 1
-5.8370406253510973e-05 2 0 2 2 1 1 0 2 1 1
3.269293830076736e-05 2 0 2 2 1 1 0 2 2 2
-3.269293830076736e-05 2 0 2 2 1 2 0 1 1 1
5.8370406253510973e-05 2 0 2 2 1 2 0 1 2 2
5.837040625351096e-05 2 0 2 2 1 2 0 2 1 2
-0.00014943375080778932 2 0 2 2 1 2 0 2 2 1
1.9467932262406102e-06 2 0 2 2 2 1 0 1 2 2
1.9467932262406102e-06 2 0 2 2 2 1 0 2 1 2
-3.893586452481241e-06 2 0 2 2 2 1 0 2 2 1
-3.893586452481241e-06 2 0 2 2 2 2 0 1 1 2
1.9467932262406102e-06 2 0 2 2 2 2 0 1 2 1
1.9467932262406102e-06 2 0 2 2 2 2 0 2 1 1
-3.682973376696102e-05 2 0 2 2 2 3 3 1 1 0
-3.682973376696102e-05 2 0 2 2 2 3 3 2 2 0
0.0021467760934805024 2 0 2 3 0 0 0 1 3 1
0.002146776093480503 2 0 2 3 0 0 0 2 3 2
0.0020175004613042433 2 0 2 3 0 0 3 1 0 1
0.011355787708018199 2 0 2 3 0 0 3 1 3 1
0.0020175004613042433 2 0 2 3 0 0 3 2 0 2
0.011355787708018199 2 0 2 3 0 0 3 2 3 2
0.0029188689934732306 2 0 2 3 0 1 0 1 0 0
0.0004968511012898664 2 0 2 3 0 1 0 1 0 3
0.0006652591854752138 2 0 2 3 0 1 0 1 3 0
0.000482948603433647 2 0 2 3 0 1 3 1 0 0
0.0029188689934732306 2 0 2 3 0 2 0 2 0 0
0.0004968511012898664 2 0 2 3 0 2 0 2 0 3
0.0006652591854752138 2 0 2 3 0 2 0 2 3 0
0.000482948603433647 2 0 2 3 0 2 3 2 0 0
0.001556223371312031 2 0 2 3 0 3 0 1 0 1
0.009411907070337516 2 0 2 3 0 3 0 1 3 1
0.001556223371312031 2 0 2 3 0 3 0 2 0 2
0.009411907070337516 2 0 2 3 0 3 0 2 3 2
0.008355532534397853 2 0 2 3 0 3 3 1 0 1
-3.5267906520090087 2 0 2 3 0 3 3 1 3 1
0.008355532534397853 2 0 2 3 0 3 3 2 0 2
-3.5267906520090087 2 0 2 3 0 3 3 2 3 2
0.0014174763741742445 2 0 2 3 3 0 0 1 0 1
0.011553079573888878 2 0 2 3 3 0 0 1 3 1
0.0014174763741742445 2 0 2 3 3 0 0 2 0 2
0.011553079573888878 2 0 2 3 3 0 0 2 3 2
0.01418245955181989 2 0 2 3 3 0 3 1 0 1
-6.3618560351368965 2 0 2 3 3 0 3 1 3 1
0.01418245955181989 2 0 2 3 3 0 3 2 0 2
-6.3618560351368965 2 0 2 3 3 0 3 2 3 2
0.0004404274882625959 2 0 2 3 3 1 0 1 0 0
0.000440427488262596 2 0 2 3 3 2 0 2 0 0
0.01122794521840682 2 0 2 3 3 3 0 1 0 1
-3.893773577087025 2 0 2 3 3 3 0 1 3 1
0.01122794521840682 2 0 2 3 3 3 0 2 0 2
-3.893773577087025 2 0 2 3 3 3 0 2 3 2
-4.764712494293806 2 0 2 3 3 3 3 1 0 1
-36.170643648353426 2 0 2 3 3 3 3 1 3 1
-4.764712494293806 2 0 2 3 3 3 3 2 0 2
-36.170643648353426 2 0 2 3 3 3 3 2 3 2
-49.54064927578754 2 0 3 0 1 1 0 0 0 2
-8.028074269394697 2 0 3 0 1 1 0 0 3 2
-10.168924833573575 2 0 3 0 1 1 0 3 0 2
0.01954457109124566 2 0 3 0 1 1 0 3 3 2
-7.112253376302297 2 0 3 0 1 1 3 0 0 2
0.01861109494982453 2 0 3 0 1 1 3 0 3 2
0.020541405988419977 2 0 3 0 1 1 3 3 0 2
0.002946821442033969 2 0 3 0 1 1 3 3 3 2
49.54064927578753 2 0 3 0 1 2 0 0 0 1
8.028074269394695 2 0 3 0 1 2 0 0 3 1
10.168924833573575 2 0 3 0 1 2 0 3 0 1
-0.01954457109124566 2 0 3 0 1 2 0 3 3 1
7.112253376302296 2 0 3 0 1 2 3 0 0 1
-0.01861109494982453 2 0 3 0 1 2 3 0 3 1
-0.020541405988419977 2 0 3 0 1 2 3 3 0 1
-0.002946821442033969 2 0 3 0 1 2 3 3 3 1
0.005010048980107883 2 0 3 0 2 0 0 0 3 0
0.005070039416483921 2 0 3 0 2 0 0 3 0 0
0.039839611712788346 2 0 3 0 2 0 0 3 3 0
0.007216265718625768 2 0 3 0 2 0 0 3 3 3
0.0005607994447132989 2 0 3 0 2 0 3 0 0 0
0.008945949930380094 2 0 3 0 2 0 3 0 3 0
0.0017515125414563066 2 0 3 0 2 0 3 0 3 3
0.0072031337721258325 2 0 3 0 2 0 3 3 0 0
0.001397004300783911 2 0 3 0 2 0 3 3 0 3
-1.8983088759670987 2 0 3 0 2 0 3 3 3 0
0.01686245990770056 2 0 3 0 2 0 3 3 3 3
0.0016068370036055719 2 0 3 0 2 1 0 0 0 1
0.00032543830288577554 2 0 3 0 2 1 0 0 3 1
0.0004827541735961398 2 0 3 0 2 1 0 3 0 1
0.00030861272706875594 2 0 3 0 2 1 3 0 0 1
0.0016068370036055719 2 0 3 0 2 2 0 0 0 2
0.00032543830288577554 2 0 3 0 2 2 0 0 3 2
0.0004827541735961398 2 0 3 0 2 2 0 3 0 2
0.00030861272706875594 2 0 3 0 2 2 3 0 0 2
0.0016251651168666752 2 0 3 0 2 3 0 0 0 0
0.015451750748646433 2 0 3 0 2 3 0 0 3 0
0.003761694600427973 2 0 3 0 2 3 0 0 3 3
0.015622280838714097 2 0 3 0 2 3 0 3 0 0
0.003810150181248263 2 0 3 0 2 3 0 3 0 3
-4.469445766850099 2 0 3 0 2 3 0 3 3 0
0.02804394902416199 2 0 3 0 2 3 0 3 3 3
-0.003254804650040091 2 0 3 0 2 3 3 0 0 0
6.491086197722208e-05 2 0 3 0 2 3 3 0 0 3
3.021423125548902 2 0 3 0 2 3 3 0 3 0
0.007984109078210993 2 0 3 0 2 3 3 0 3 3
3.8079541570129414 2 0 3 0 2 3 3 3 0 0
0.0075531603517091 2 0 3 0 2 3 3 3 0 3
3.0164534067118973 2 0 3 0 2 3 3 3 3 0
-0.4813377369764806 2 0 3 0 2 3 3 3 3 3
-71.45359597983197 2 0 3 1 0 1 0 0 2 0
-11.726501462453841 2 0 3 1 0 1 0 0 2 3
-13.016028587942955 2 0 3 1 0 1 0 3 2 0
0.020382660326080364 2 0 3 1 0 1 0 3 2 3
-11.268720749071202 2 0 3 1 0 1 3 0 2 0
0.0203346350791601 2 0 3 1 0 1 3 0 2 3
0.028126117519086724 2 0 3 1 0 1 3 3 2 0
0.0038966130742350835 2 0 3 1 0 1 3 3 2 3
71.45359597983199 2 0 3 1 0 2 0 0 1 0
11.726501462453843 2 0 3 1 0 2 0 0 1 3
13.016028587942955 2 0 3 1 0 2 0 3 1 0
-0.020382660326080364 2 0 3 1 0 2 0 3 1 3
11.268720749071202 2 0 3 1 0 2 3 0 1 0
-0.0203346350791601 2 0 3 1 0 2 3 0 1 3
-0.028126117519086724 2 0 3 1 0 2 3 3 1 0
-0.0038966130742350835 2 0 3 1 0 2 3 3 1 3
0.0001702870200709218 2 0 3 1 0 3 3 3 1 2
-0.0001702870200709218 2 0 3 1 0 3 3 3 2 1
0.00010496093217393456 2 0 3 1 3 0 3 3 1 2
-0.00010496093217393445 2 0 3 1 3 0 3 3 2 1
-11.124394534330273 2 0 3 1 3 1 0 0 2 0
0.015857608316205647 2 0 3 1 3 1 0 0 2 3
0.020382660326080364 2 0 3 1 3 1 0 3 2 0
0.004679298667545604 2 0 3 1 3 1 0 3 2 3
0.022268795055363527 2 0 3 1 3 1 3 0 2 0
0.004294854924369221 2 0 3 1 3 1 3 0 2 3
0.004355926065561937 2 0 3 1 3 1 3 3 2 0
11.124394534330271 2 0 3 1 3 2 0 0 1 0
-0.015857608316205647 2 0 3 1 3 2 0 0 1 3
-0.020382660326080364 2 0 3 1 3 2 0 3 1 0
-0.004679298667545604 2 0 3 1 3 2 0 3 1 3
-0.022268795055363527 2 0 3 1 3 2 3 0 1 0
-0.004294854924369221 2 0 3 1 3 2 3 0 1 3
-0.004355926065561937 2 0 3 1 3 2 3 3 1 0
0.00035207062981031995 2 0 3 1 3 3 0 3 1 2
-0.00035207062981032 2 0 3 1 3 3 0 3 2 1
0.00015148832833118968 2 0 3 1 3 3 3 0 1 2
-0.00015148832833118965 2 0 3 1 3 3 3 0 2 1
0.0011369505648310204 2 0 3 1 3 3 3 3 1 2
-0.0011369505648310204 2 0 3 1 3 3 3 3 2 1
0.0021467760934805024 2 0 3 2 0 0 0 3 1 1
0.002146776093480503 2 0 3 2 0 0 0 3 2 2
0.0020175004613042433 2 0 3 2 0 0 3 0 1 1
0.0020175004613042433 2 0 3 2 0 0 3 0 2 2
0.011355787708018199 2 0 3 2 0 0 3 3 1 1
0.011355787708018199 2 0 3 2 0 0 3 3 2 2
0.0029188689934732306 2 0 3 2 0 1 0 0 1 0
0.0004968511012898667 2 0 3 2 0 1 0 0 1 3
0.000665259185475213 2 0 3 2 0 1 0 3 1 0
0.00048294860343364693 2 0 3 2 0 1 3 0 1 0
0.0029188689934732306 2 0 3 2 0 2 0 0 2 0
0.0004968511012898667 2 0 3 2 0 2 0 0 2 3
0.0006652591854752134 2 0 3 2 0 2 0 3 2 0
0.00048294860343364693 2 0 3 2 0 2 3 0 2 0
0.001556223371312031 2 0 3 2 0 3 0 0 1 1
0.001556223371312031 2 0 3 2 0 3 0 0 2 2
0.009411907070337516 2 0 3 2 0 3 0 3 1 1
0.009411907070337516 2 0 3 2 0 3 0 3 2 2
0.008355532534397853 2 0 3 2 0 3 3 0 1 1
0.008355532534397853 2 0 3 2 0 3 3 0 2 2
-3.5267906520090087 2 0 3 2 0 3 3 3 1 1
-3.5267906520090087 2 0 3 2 0 3 3 3 2 2
0.0014174763741742445 2 0 3 2 3 0 0 0 1 1
0.0014174763741742445 2 0 3 2 3 0 0 0 2 2
0.011553079573888878 2 0 3 2 3 0 0 3 1 1
0.011553079573888878 2 0 3 2 3 0 0 3 2 2
0.01418245955181989 2 0 3 2 3 0 3 0 1 1
0.01418245955181989 2 0 3 2 3 0 3 0 2 2
-6.3618560351368965 2 0 3 2 3 0 3 3 1 1
-6.3618560351368965 2 0 3 2 3 0 3 3 2 2
0.0004404274882625959 2 0 3 2 3 1 0 0 1 0
0.0004404274882625959 2 0 3 2 3 2 0 0 2 0
0.01122794521840682 2 0 3 2 3 3 0 0 1 1
0.01122794521840682 2 0 3 2 3 3 0 0 2 2
-3.893773577087025 2 0 3 2 3 3 0 3 1 1
-3.893773577087025 2 0 3 2 3 3 0 3 2 2
-4.764712494293807 2 0 3 2 3 3 3 0 1 1
-4.764712494293806 2 0 3 2 3 3 3 0 2 2
-36.170643648353426 2 0 3 2 3 3 3 3 1 1
-36.170643648353426 2 0 3 2 3 3 3 3 2 2
-7.258641806557773 2 0 3 3 1 1 0 0 0 2
0.01954457109124566 2 0 3 3 1 1 0 0 3 2
0.01954457109124566 2 0 3 3 1 1 0 3 0 2
0.003411964278945711 2 0 3 3 1 1 0 3 3 2
0.017555868838705156 2 0 3 3 1 1 3 0 0 2
0.0029006744336130376 2 0 3 3 1 1 3 0 3 2
0.002900674433613037 2 0 3 3 1 1 3 3 0 2
7.258641806557773 2 0 3 3 1 2 0 0 0 1
-0.01954457109124566 2 0 3 3 1 2 0 0 3 1
-0.01954457109124566 2 0 3 3 1 2 0 3 0 1
-0.003411964278945711 2 0 3 3 1 2 0 3 3 1
-0.017555868838705156 2 0 3 3 1 2 3 0 0 1
-0.0029006744336130376 2 0 3 3 1 2 3 0 3 1
-0.002900674433613037 2 0 3 3 1 2 3 3 0 1
0.0035625773877456233 2 0 3 3 2 0 0 0 0 0
0.02828653213889948 2 0 3 3 2 0 0 0 3 0
0.005069489625145265 2 0 3 3 2 0 0 0 3 3
0.02828653213889948 2 0 3 3 2 0 0 3 0 0
0.005069489625145265 2 0 3 3 2 0 0 3 0 3
-20.9928882000925 2 0 3 3 2 0 0 3 3 0
0.03347626050301838 2 0 3 3 2 0 0 3 3 3
-0.0018718067848346167 2 0 3 3 2 0 3 0 0 0
0.00019813720875645768 2 0 3 3 2 0 3 0 0 3
1.2581841285293844 2 0 3 3 2 0 3 0 3 0
0.005730116899938892 2 0 3 3 2 0 3 0 3 3
1.2581841285293847 2 0 3 3 2 0 3 3 0 0
0.005730116899938892 2 0 3 3 2 0 3 3 0 3
14.295984026995752 2 0 3 3 2 0 3 3 3 0
-0.5210583518544053 2 0 3 3 2 0 3 3 3 3
0.0002990504585574089 2 0 3 3 2 1 0 0 0 1
0.00029905045855740866 2 0 3 3 2 2 0 0 0 2
0.004138540485205782 2 0 3 3 2 3 0 0 0 0
0.0021812434387057976 2 0 3 3 2 3 0 0 0 3
-0.5760242603928896 2 0 3 3 2 3 0 0 3 0
0.018632041953824466 2 0 3 3 2 3 0 0 3 3
-0.5760242603928895 2 0 3 3 2 3 0 3 0 0
0.018632041953824466 2 0 3 3 2 3 0 3 0 3
-12.079021222761883 2 0 3 3 2 3 0 3 3 0
-11.279131713890225 2 0 3 3 2 3 0 3 3 3
7.40505334507574 2 0 3 3 2 3 3 0 0 0
-0.0004825449632189652 2 0 3 3 2 3 3 0 0 3
38.27085975475502 2 0 3 3 2 3 3 0 3 0
3.6144910058914625 2 0 3 3 2 3 3 0 3 3
38.27085975475502 2 0 3 3 2 3 3 3 0 0
3.614491005891463 2 0 3 3 2 3 3 3 0 3
-31760.73258144392 2 0 3 3 2 3 3 3 3 0
-24.804850782330224 2 0 3 3 2 3 3 3 3 3
105832.2125465084 2 1 0 0 0 1 2 0 0 0
-46.34271345108032 2 1 0 0 0 1 2 0 0 3
-159.3689440521117 2 1 0 0 0 1 2 0 3 0
-22.881760705243217 2 1 0 0 0 1 2 0 3 3
-159.3689440521117 2 1 0 0 0 1 2 3 0 0
-22.881760705243217 2 1 0 0 0 1 2 3 0 3
-23.777689284827197 2 1 0 0 0 1 2 3 3 0
0.0397876873781769 2 1 0 0 0 1 2 3 3 3
-105832.21254650838 2 1 0 0 0 2 1 0 0 0
46.34271345108033 2 1 0 0 0 2 1 0 0 3
159.3689440521117 2 1 0 0 0 2 1 0 3 0
22.881760705243217 2 1 0 0 0 2 1 0 3 3
159.3689440521117 2 1 0 0 0 2 1 3 0 0
22.881760705243217 2 1 0 0 0 2 1 3 0 3
23.777689284827197 2 1 0 0 0 2 1 3 3 0
-0.0397876873781769 2 1 0 0 0 2 1 3 3 3
-46.34271345108032 2 1 0 0 3 1 2 0 0 0
-27.513338949198022 2 1 0 0 3 1 2 0 0 3
-26.21103064121151 2 1 0 0 3 1 2 0 3 0
0.031532766809382884 2 1 0 0 3 1 2 0 3 3
-26.211030641211508 2 1 0 0 3 1 2 3 0 0
0.031532766809382884 2 1 0 0 3 1 2 3 0 3
0.04480218645578555 2 1 0 0 3 1 2 3 3 0
0.008799305802406872 2 1 0 0 3 1 2 3 3 3
46.34271345108032 2 1 0 0 3 2 1 0 0 0
27.513338949198022 2 1 0 0 3 2 1 0 0 3
26.211030641211508 2 1 0 0 3 2 1 0 3 0
-0.031532766809382884 2 1 0 0 3 2 1 0 3 3
26.21103064121151 2 1 0 0 3 2 1 3 0 0
-0.031532766809382884 2 1 0 0 3 2 1 3 0 3
-0.04480218645578555 2 1 0 0 3 2 1 3 3 0
-0.008799305802406872 2 1 0 0 3 2 1 3 3 3
-3.399008487019661e-05 2 1 0 0 3 3 1 3 3 2
3.399008487019661e-05 2 1 0 0 3 3 2 3 3 1
0.00010894484982268159 2 1 0 1 1 1 1 0 1 2
3.873466739125596e-05 2 1 0 1 1 1 1 0 2 1
7.314375380543923e-05 2 1 0 1 1 1 2 0 1 1
0.00022082327101937687 2 1 0 1 1 1 2 0 2 2
-0.00022082327101937687 2 1 0 1 1 2 1 0 1 1
-7.314375380543923e-05 2 1 0 1 1 2 1 0 2 2
-3.8734667391255906e-05 2 1 0 1 1 2 2 0 1 2
-0.00010894484982268165 2 1 0 1 1 2 2 0 2 1
-7.187221367880431e-06 2 1 0 1 1 3 1 3 2 0
7.187221367880431e-06 2 1 0 1 1 3 2 3 1 0
7.0032811567924215e-06 2 1 0 1 2 1 1 0 1 1
3.2890339073950634 2 1 0 1 2 1 1 0 2 2
-0.002476959997339572 2 1 0 1 2 1 1 3 2 2
3.3291967922144896 2 1 0 1 2 1 2 0 1 2
-6.618223696328401 2 1 0 1 2 1 2 0 2 1
-0.002507249538804323 2 1 0 1 2 1 2 3 1 2
0.004984209536143895 2 1 0 1 2 1 2 3 2 1
-6.618223696328402 2 1 0 1 2 2 1 0 1 2
3.3291967922144896 2 1 0 1 2 2 1 0 2 1
0.004984209536143895 2 1 0 1 2 2 1 3 1 2
-0.002507249538804323 2 1 0 1 2 2 1 3 2 1
3.2890339073950634 2 1 0 1 2 2 2 0 1 1
7.00328115679237e-06 2 1 0 1 2 2 2 0 2 2
-0.002476959997339572 2 1 0 1 2 2 2 3 1 1
4.579578299936728e-05 2 1 0 1 2 3 1 3 1 0
4.579578299936728e-05 2 1 0 1 2 3 2 3 2 0
-5.508046059905137e-06 2 1 0 2 1 1 1 0 1 1
-0.4904451981651639 2 1 0 2 1 1 1 0 2 2
0.00036147060238973024 2 1 0 2 1 1 1 3 2 2
-2.838757102095387 2 1 0 2 1 1 2 0 1 2
3.32919679221449 2 1 0 2 1 1 2 0 2 1
0.0021457789364145922 2 1 0 2 1 1 2 3 1 2
-0.002507249538804323 2 1 0 2 1 1 2 3 2 1
3.32919679221449 2 1 0 2 1 2 1 0 1 2
-2.8387571020953875 2 1 0 2 1 2 1 0 2 1
-0.002507249538804323 2 1 0 2 1 2 1 3 1 2
0.0021457789364145922 2 1 0 2 1 2 1 3 2 1
-0.4904451981651638 2 1 0 2 1 2 2 0 1 1
-5.508046059905139e-06 2 1 0 2 1 2 2 0 2 2
0.00036147060238973024 2 1 0 2 1 2 2 3 1 1
-7.353470619176505e-06 2 1 0 2 1 3 1 3 1 0
-7.353470619176505e-06 2 1 0 2 1 3 2 3 2 0
-0.0004530526349401201 2 1 0 2 2 0 1 0 2 0
-0.002934290546333905 2 1 0 2 2 0 1 3 2 0
-0.00037389154517341444 2 1 0 2 2 0 1 3 2 3
0.00045305263494012013 2 1 0 2 2 0 2 0 1 0
0.002934290546333905 2 1 0 2 2 0 2 3 1 0
0.00037389154517341444 2 1 0 2 2 0 2 3 1 3
-5.2629454886774475e-05 2 1 0 2 2 1 1 0 1 2
-2.8831014957120702e-05 2 1 0 2 2 1 1 0 2 1
0.0001546042236493346 2 1 0 2 2 1 2 0 1 1
7.314375380543923e-05 2 1 0 2 2 1 2 0 2 2
-7.314375380543923e-05 2 1 0 2 2 2 1 0 1 1
-0.0001546042236493346 2 1 0 2 2 2 1 0 2 2
2.8831014957120736e-05 2 1 0 2 2 2 2 0 1 2
5.26294548867745e-05 2 1 0 2 2 2 2 0 2 1
-0.00042483543507822256 2 1 0 2 2 3 1 0 2 0
4.6249124650179004e-05 2 1 0 2 2 3 1 0 2 3
0.4065344312950837 2 1 0 2 2 3 1 3 2 0
0.00022029774777278797 2 1 0 2 2 3 1 3 2 3
0.00042483543507822256 2 1 0 2 2 3 2 0 1 0
-4.624912465017902e-05 2 1 0 2 2 3 2 0 1 3
-0.4065344312950837 2 1 0 2 2 3 2 3 1 0
-0.00022029774777278797 2 1 0 2 2 3 2 3 1 3
-159.36894405211174 2 1 0 3 0 1 2 0 0 0
-26.211030641211508 2 1 0 3 0 1 2 0 0 3
-28.707426648460086 2 1 0 3 0 1 2 0 3 0
0.04339625481546462 2 1 0 3 0 1 2 0 3 3
-25.090736317143094 2 1 0 3 0 1 2 3 0 0
0.04258282964216713 2 1 0 3 0 1 2 3 0 3
0.058733468046032626 2 1 0 3 0 1 2 3 3 0
0.008831688338448981 2 1 0 3 0 1 2 3 3 3
159.36894405211174 2 1 0 3 0 2 1 0 0 0
26.211030641211508 2 1 0 3 0 2 1 0 0 3
28.707426648460086 2 1 0 3 0 2 1 0 3 0
-0.04339625481546462 2 1 0 3 0 2 1 0 3 3
25.090736317143094 2 1 0 3 0 2 1 3 0 0
-0.04258282964216713 2 1 0 3 0 2 1 3 0 3
-0.058733468046032626 2 1 0 3 0 2 1 3 3 0
-0.008831688338448981 2 1 0 3 0 2 1 3 3 3
-7.972544679482455e-05 2 1 0 3 0 3 1 3 3 2
7.972544679482477e-05 2 1 0 3 0 3 2 3 3 1
-4.0162298657448435e-05 2 1 0 3 3 0 1 3 3 2
4.0162298657448435e-05 2 1 0 3 3 0 2 3 3 1
-22.881760705243217 2 1 0 3 3 1 2 0 0 0
0.03153276680938289 2 1 0 3 3 1 2 0 0 3
0.04339625481546463 2 1 0 3 3 1 2 0 3 0
0.009630964077889683 2 1 0 3 3 1 2 0 3 3
0.04258282964216713 2 1 0 3 3 1 2 3 0 0
0.009024182805817352 2 1 0 3 3 1 2 3 0 3
0.009296541216660651 2 1 0 3 3 1 2 3 3 0
22.881760705243217 2 1 0 3 3 2 1 0 0 0
-0.03153276680938289 2 1 0 3 3 2 1 0 0 3
-0.04339625481546463 2 1 0 3 3 2 1 0 3 0
-0.009630964077889683 2 1 0 3 3 2 1 0 3 3
-0.04258282964216713 2 1 0 3 3 2 1 3 0 0
-0.009024182805817352 2 1 0 3 3 2 1 3 0 3
-0.009296541216660651 2 1 0 3 3 2 1 3 3 0
-7.63654568938679e-05 2 1 0 3 3 3 1 0 3 2
-4.6396859859629226e-05 2 1 0 3 3 3 1 3 0 2
-0.00019574173120354664 2 1 0 3 3 3 1 3 3 2
7.636545689386834e-05 2 1 0 3 3 3 2 0 3 1
4.6396859859629226e-05 2 1 0 3 3 3 2 3 0 1
0.00019574173120354664 2 1 0 3 3 3 2 3 3 1
0.00010894484982268165 2 1 1 0 1 1 1 1 0 2
3.8734667391255906e-05 2 1 1 0 1 1 1 2 0 1
7.314375380543923e-05 2 1 1 0 1 1 2 1 0 1
0.00022082327101937687 2 1 1 0 1 1 2 2 0 2
-0.00022082327101937698 2 1 1 0 1 2 1 1 0 1
-7.314375380543923e-05 2 1 1 0 1 2 1 2 0 2
-3.8734667391255906e-05 2 1 1 0 1 2 2 1 0 2
-0.00010894484982268159 2 1 1 0 1 2 2 2 0 1
-7.187221367880431e-06 2 1 1 0 1 3 1 2 3 0
7.187221367880431e-06 2 1 1 0 1 3 2 1 3 0
7.0032811567924215e-06 2 1 1 0 2 1 1 1 0 1
3.2890339073950634 2 1 1 0 2 1 1 2 0 2
-0.002476959997339572 2 1 1 0 2 1 1 2 3 2
3.3291967922144896 2 1 1 0 2 1 2 1 0 2
-0.002507249538804323 2 1 1 0 2 1 2 1 3 2
-6.618223696328401 2 1 1 0 2 1 2 2 0 1
0.004984209536143895 2 1 1 0 2 1 2 2 3 1
-6.618223696328402 2 1 1 0 2 2 1 1 0 2
0.004984209536143895 2 1 1 0 2 2 1 1 3 2
3.3291967922144896 2 1 1 0 2 2 1 2 0 1
-0.002507249538804323 2 1 1 0 2 2 1 2 3 1
3.2890339073950634 2 1 1 0 2 2 2 1 0 1
-0.002476959997339572 2 1 1 0 2 2 2 1 3 1
7.00328115679237e-06 2 1 1 0 2 2 2 2 0 2
4.579578299936728e-05 2 1 1 0 2 3 1 1 3 0
4.579578299936728e-05 2 1 1 0 2 3 2 2 3 0
5.9561959488055354e-05 2 1 1 1 0 1 1 1 2 0
5.9561959488055354e-05 2 1 1 1 0 1 1 2 1 0
0.00014888490321566698 2 1 1 1 0 1 2 1 1 0
0.00026800882219177763 2 1 1 1 0 1 2 2 2 0
-0.0002680088221917776 2 1 1 1 0 2 1 1 1 0
-0.00014888490321566698 2 1 1 1 0 2 1 2 2 0
-5.9561959488055354e-05 2 1 1 1 0 2 2 1 2 0
-5.9561959488055354e-05 2 1 1 1 0 2 2 2 1 0
1.1885977932791965e-06 2 1 1 1 3 3 1 1 2 1
1.1885977932791965e-06 2 1 1 1 3 3 1 2 1 1
2.377195586558388e-06 2 1 1 1 3 3 1 2 2 2
-2.377195586558388e-06 2 1 1 1 3 3 2 1 1 1
-1.1885977932791965e-06 2 1 1 1 3 3 2 1 2 2
-1.1885977932791965e-06 2 1 1 1 3 3 2 2 1 2
-2.5325529003388135e-06 2 1 1 2 0 1 1 1 1 0
0.990891503938689 2 1 1 2 0 1 1 2 2 0
-0.00023763972292569461 2 1 1 2 0 1 1 2 2 3
1.3128981474126789 2 1 1 2 0 1 2 1 2 0
-0.0002878927251858944 2 1 1 2 0 1 2 1 2 3
-2.3037921839042674 2 1 1 2 0 1 2 2 1 0
0.0005255324481115891 2 1 1 2 0 1 2 2 1 3
-2.303792183904268 2 1 1 2 0 2 1 1 2 0
0.0005255324481115891 2 1 1 2 0 2 1 1 2 3
1.312898147412679 2 1 1 2 0 2 1 2 1 0
-0.0002878927251858944 2 1 1 2 0 2 1 2 1 3
0.990891503938689 2 1 1 2 0 2 2 1 1 0
-0.00023763972292569461 2 1 1 2 0 2 2 1 1 3
-2.5325529003388034e-06 2 1 1 2 0 2 2 2 2 0
-0.00023763972292569461 2 1 1 2 3 1 1 2 2 0
-0.00015702726525135984 2 1 1 2 3 1 1 2 2 3
-0.0002878927251858944 2 1 1 2 3 1 2 1 2 0
-0.00022487700341048143 2 1 1 2 3 1 2 1 2 3
0.0005255324481115891 2 1 1 2 3 1 2 2 1 0
0.00038190426866184133 2 1 1 2 3 1 2 2 1 3
0.0005255324481115891 2 1 1 2 3 2 1 1 2 0
0.00038190426866184133 2 1 1 2 3 2 1 1 2 3
-0.0002878927251858944 2 1 1 2 3 2 1 2 1 0
-0.00022487700341048143 2 1 1 2 3 2 1 2 1 3
-0.00023763972292569461 2 1 1 2 3 2 2 1 1 0
-0.00015702726525135984 2 1 1 2 3 2 2 1 1 3
4.499888362575256e-05 2 1 1 2 3 3 1 1 1 1
2.5535396054405192e-05 2 1 1 2 3 3 1 1 2 2
-4.43320097983337e-06 2 1 1 2 3 3 1 2 1 2
2.3896688551180715e-05 2 1 1 2 3 3 1 2 2 1
2.3896688551180722e-05 2 1 1 2 3 3 2 1 1 2
-4.433200979833363e-06 2 1 1 2 3 3 2 1 2 1
2.553539605440522e-05 2 1 1 2 3 3 2 2 1 1
4.499888362575255e-05 2 1 1 2 3 3 2 2 2 2
7.65561919472524e-06 2 1 1 3 1 0 1 2 3 0
-7.65561919472524e-06 2 1 1 3 1 0 2 1 3 0
-1.4245936935430732e-06 2 1 1 3 1 3 1 2 0 0
0.00027204572653908676 2 1 1 3 1 3 1 2 3 0
-6.518521753119724e-06 2 1 1 3 1 3 1 2 3 3
1.4245936935430732e-06 2 1 1 3 1 3 2 1 0 0
-0.00027204572653908676 2 1 1 3 1 3 2 1 3 0
6.518521753119724e-06 2 1 1 3 1 3 2 1 3 3
0.00014655903857126558 2 1 1 3 2 0 1 1 3 0
0.0001465590385712656 2 1 1 3 2 0 2 2 3 0
-0.002476959997339573 2 1 1 3 2 1 1 2 0 2
-0.00045931299132685407 2 1 1 3 2 1 1 2 3 2
-0.0025072495388043237 2 1 1 3 2 1 2 1 0 2
-0.00046485287821167035 2 1 1 3 2 1 2 1 3 2
0.0049842095361438965 2 1 1 3 2 1 2 2 0 1
0.0009241658695385245 2 1 1 3 2 1 2 2 3 1
0.0049842095361438965 2 1 1 3 2 2 1 1 0 2
0.0009241658695385245 2 1 1 3 2 2 1 1 3 2
-0.0025072495388043237 2 1 1 3 2 2 1 2 0 1
-0.00046485287821167035 2 1 1 3 2 2 1 2 3 1
-0.002476959997339573 2 1 1 3 2 2 2 1 0 1
-0.00045931299132685407 2 1 1 3 2 2 2 1 3 1
1.985497166893973e-06 2 1 1 3 2 3 1 1 0 0
-5.8989621319080726e-05 2 1 1 3 2 3 1 1 3 0
6.557551895333599e-05 2 1 1 3 2 3 1 1 3 3
1.985497166893973e-06 2 1 1 3 2 3 2 2 0 0
-5.8989621319080726e-05 2 1 1 3 2 3 2 2 3 0
6.557551895333596e-05 2 1 1 3 2 3 2 2 3 3
-5.508046059905137e-06 2 1 2 0 1 1 1 1 0 1
-0.4904451981651639 2 1 2 0 1 1 1 2 0 2
0.00036147060238973024 2 1 2 0 1 1 1 2 3 2
-2.838757102095387 2 1 2 0 1 1 2 1 0 2
0.0021457789364145922 2 1 2 0 1 1 2 1 3 2
3.32919679221449 2 1 2 0 1 1 2 2 0 1
-0.002507249538804323 2 1 2 0 1 1 2 2 3 1
3.32919679221449 2 1 2 0 1 2 1 1 0 2
-0.002507249538804323 2 1 2 0 1 2 1 1 3 2
-2.8387571020953875 2 1 2 0 1 2 1 2 0 1
0.0021457789364145922 2 1 2 0 1 2 1 2 3 1
-0.4904451981651638 2 1 2 0 1 2 2 1 0 1
0.00036147060238973024 2 1 2 0 1 2 2 1 3 1
-5.508046059905139e-06 2 1 2 0 1 2 2 2 0 2
-7.353470619176505e-06 2 1 2 0 1 3 1 1 3 0
-7.353470619176505e-06 2 1 2 0 1 3 2 2 3 0
-0.00045305263494012013 2 1 2 0 2 0 1 2 0 0
-0.002934290546333905 2 1 2 0 2 0 1 2 3 0
-0.00037389154517341444 2 1 2 0 2 0 1 2 3 3
0.00045305263494012013 2 1 2 0 2 0 2 1 0 0
0.002934290546333905 2 1 2 0 2 0 2 1 3 0
0.00037389154517341444 2 1 2 0 2 0 2 1 3 3
-5.2629454886774475e-05 2 1 2 0 2 1 1 1 0 2
-2.8831014957120702e-05 2 1 2 0 2 1 1 2 0 1
0.00015460422364933454 2 1 2 0 2 1 2 1 0 1
7.314375380543923e-05 2 1 2 0 2 1 2 2 0 2
-7.314375380543928e-05 2 1 2 0 2 2 1 1 0 1
-0.00015460422364933454 2 1 2 0 2 2 1 2 0 2
2.8831014957120736e-05 2 1 2 0 2 2 2 1 0 2
5.2629454886774475e-05 2 1 2 0 2 2 2 2 0 1
-0.0004248354350782225 2 1 2 0 2 3 1 2 0 0
4.624912465017901e-05 2 1 2 0 2 3 1 2 0 3
0.4065344312950837 2 1 2 0 2 3 1 2 3 0
0.00022029774777278797 2 1 2 0 2 3 1 2 3 3
0.0004248354350782225 2 1 2 0 2 3 2 1 0 0
-4.624912465017901e-05 2 1 2 0 2 3 2 1 0 3
-0.4065344312950837 2 1 2 0 2 3 2 1 3 0
-0.00022029774777278797 2 1 2 0 2 3 2 1 3 3
-2.5325529003388e-06 2 1 2 1 0 1 1 1 1 0
0.9908915039386889 2 1 2 1 0 1 1 2 2 0
-0.00023763972292569461 2 1 2 1 0 1 1 2 2 3
-2.3037921839042674 2 1 2 1 0 1 2 1 2 0
0.0005255324481115891 2 1 2 1 0 1 2 1 2 3
1.312898147412679 2 1 2 1 0 1 2 2 1 0
-0.0002878927251858944 2 1 2 1 0 1 2 2 1 3
1.312898147412679 2 1 2 1 0 2 1 1 2 0
-0.0002878927251858944 2 1 2 1 0 2 1 1 2 3
-2.3037921839042674 2 1 2 1 0 2 1 2 1 0
0.0005255324481115891 2 1 2 1 0 2 1 2 1 3
0.9908915039386889 2 1 2 1 0 2 2 1 1 0
-0.00023763972292569461 2 1 2 1 0 2 2 1 1 3
-2.5325529003388034e-06 2 1 2 1 0 2 2 2 2 0
-0.00023763972292569461 2 1 2 1 3 1 1 2 2 0
-0.00015702726525135984 2 1 2 1 3 1 1 2 2 3
0.0005255324481115891 2 1 2 1 3 1 2 1 2 0
0.00038190426866184133 2 1 2 1 3 1 2 1 2 3
-0.0002878927251858944 2 1 2 1 3 1 2 2 1 0
-0.00022487700341048143 2 1 2 1 3 1 2 2 1 3
-0.0002878927251858944 2 1 2 1 3 2 1 1 2 0
-0.00022487700341048143 2 1 2 1 3 2 1 1 2 3
0.0005255324481115891 2 1 2 1 3 2 1 2 1 0
0.00038190426866184133 2 1 2 1 3 2 1 2 1 3
-0.00023763972292569461 2 1 2 1 3 2 2 1 1 0
-0.00015702726525135984 2 1 2 1 3 2 2 1 1 3
4.499888362575255e-05 2 1 2 1 3 3 1 1 1 1
-4.43320097983337e-06 2 1 2 1 3 3 1 1 2 2
2.55353960544052e-05 2 1 2 1 3 3 1 2 1 2
2.3896688551180715e-05 2 1 2 1 3 3 1 2 2 1
2.3896688551180722e-05 2 1 2 1 3 3 2 1 1 2
2.5535396054405213e-05 2 1 2 1 3 3 2 1 2 1
-4.43320097983337e-06 2 1 2 1 3 3 2 2 1 1
4.4998883625752536e-05 2 1 2 1 3 3 2 2 2 2
-8.702053690521753e-05 2 1 2 2 0 0 1 1 2 1
-8.702053690521753e-05 2 1 2 2 0 0 1 2 1 1
-0.0001740410738104351 2 1 2 2 0 0 1 2 2 2
0.0001740410738104351 2 1 2 2 0 0 2 1 1 1
8.702053690521753e-05 2 1 2 2 0 0 2 1 2 2
8.702053690521753e-05 2 1 2 2 0 0 2 2 1 2
-5.037670563564118e-05 2 1 2 2 0 1 1 1 2 0
-5.037670563564116e-05 2 1 2 2 0 1 1 2 1 0
0.00024963831448694923 2 1 2 2 0 1 2 1 1 0
0.000148884903215667 2 1 2 2 0 1 2 2 2 0
-0.000148884903215667 2 1 2 2 0 2 1 1 1 0
-0.00024963831448694923 2 1 2 2 0 2 1 2 2 0
5.037670563564117e-05 2 1 2 2 0 2 2 1 2 0
5.037670563564115e-05 2 1 2 2 0 2 2 2 1 0
-0.00010629812251027011 2 1 2 2 0 3 1 1 2 1
-0.00010629812251027011 2 1 2 2 0 3 1 2 1 1
-0.00021259624502054022 2 1 2 2 0 3 1 2 2 2
0.00021259624502054022 2 1 2 2 0 3 2 1 1 1
0.00010629812251027011 2 1 2 2 0 3 2 1 2 2
0.00010629812251027011 2 1 2 2 0 3 2 2 1 2
-0.0004409957888558548 2 1 2 2 3 0 1 1 2 1
-0.0004409957888558548 2 1 2 2 3 0 1 2 1 1
-0.0008819915777117096 2 1 2 2 3 0 1 2 2 2
0.0008819915777117096 2 1 2 2 3 0 2 1 1 1
0.0004409957888558548 2 1 2 2 3 0 2 1 2 2
0.0004409957888558548 2 1 2 2 3 0 2 2 1 2
1.3902450935233107e-05 2 1 2 2 3 3 1 1 1 2
0.4189511889833219 2 1 2 2 3 3 1 1 2 1
0.4189511889833219 2 1 2 2 3 3 1 2 1 1
0.8379162804175783 2 1 2 2 3 3 1 2 2 2
-0.8379162804175782 2 1 2 2 3 3 2 1 1 1
-0.4189511889833219 2 1 2 2 3 3 2 1 2 2
-0.4189511889833219 2 1 2 2 3 3 2 2 1 2
-1.3902450935233107e-05 2 1 2 2 3 3 2 2 2 1
7.082729866036326e-06 2 1 2 3 1 0 1 1 3 0
7.082729866036381e-06 2 1 2 3 1 0 2 2 3 0
0.00036147060238973024 2 1 2 3 1 1 1 2 0 2
4.614700842093082e-05 2 1 2 3 1 1 1 2 3 2
0.002145778936414593 2 1 2 3 1 1 2 1 0 2
0.0004187058697907396 2 1 2 3 1 1 2 1 3 2
-0.0025072495388043237 2 1 2 3 1 1 2 2 0 1
-0.00046485287821167035 2 1 2 3 1 1 2 2 3 1
-0.0025072495388043237 2 1 2 3 1 2 1 1 0 2
-0.00046485287821167035 2 1 2 3 1 2 1 1 3 2
0.002145778936414593 2 1 2 3 1 2 1 2 0 1
0.0004187058697907396 2 1 2 3 1 2 1 2 3 1
0.00036147060238973024 2 1 2 3 1 2 2 1 0 1
4.614700842093082e-05 2 1 2 3 1 2 2 1 3 1
-1.590842944839137e-06 2 1 2 3 1 3 1 1 0 0
0.00019548697293420746 2 1 2 3 1 3 1 1 3 0
-4.051116612331036e-05 2 1 2 3 1 3 1 1 3 3
-1.590842944839137e-06 2 1 2 3 1 3 2 2 0 0
0.00019548697293420757 2 1 2 3 1 3 2 2 3 0
-4.0511166123310385e-05 2 1 2 3 1 3 2 2 3 3
-0.0024932947574780495 2 1 2 3 2 0 1 2 0 0
-0.0002868710082681969 2 1 2 3 2 0 1 2 0 3
3.2051120835589963 2 1 2 3 2 0 1 2 3 0
-0.0002234447002565279 2 1 2 3 2 0 1 2 3 3
0.0024932947574780495 2 1 2 3 2 0 2 1 0 0
0.0002868710082681969 2 1 2 3 2 0 2 1 0 3
-3.2051120835589963 2 1 2 3 2 0 2 1 3 0
0.0002234447002565279 2 1 2 3 2 0 2 1 3 3
-0.012392860999686733 2 1 2 3 2 3 1 2 0 0
0.00032659587028305797 2 1 2 3 2 3 1 2 0 3
0.9152358981203648 2 1 2 3 2 3 1 2 3 0
-0.5692399607535901 2 1 2 3 2 3 1 2 3 3
0.012392860999686733 2 1 2 3 2 3 2 1 0 0
-0.00032659587028305797 2 1 2 3 2 3 2 1 0 3
-0.9152358981203648 2 1 2 3 2 3 2 1 3 0
0.5692399607535901 2 1 2 3 2 3 2 1 3 3
-159.36894405211174 2 1 3 0 0 1 2 0 0 0
-26.21103064121151 2 1 3 0 0 1 2 0 0 3
-25.090736317143094 2 1 3 0 0 1 2 0 3 0
0.04258282964216713 2 1 3 0 0 1 2 0 3 3
-28.707426648460086 2 1 3 0 0 1 2 3 0 0
0.04339625481546462 2 1 3 0 0 1 2 3 0 3
0.058733468046032626 2 1 3 0 0 1 2 3 3 0
0.008831688338448981 2 1 3 0 0 1 2 3 3 3
159.36894405211174 2 1 3 0 0 2 1 0 0 0
26.21103064121151 2 1 3 0 0 2 1 0 0 3
25.090736317143094 2 1 3 0 0 2 1 0 3 0
-0.04258282964216713 2 1 3 0 0 2 1 0 3 3
28.707426648460086 2 1 3 0 0 2 1 3 0 0
-0.04339625481546462 2 1 3 0 0 2 1 3 0 3
-0.058733468046032626 2 1 3 0 0 2 1 3 3 0
-0.008831688338448981 2 1 3 0 0 2 1 3 3 3
-7.972544679482455e-05 2 1 3 0 0 3 1 3 3 2
7.972544679482477e-05 2 1 3 0 0 3 2 3 3 1
-4.0162298657448435e-05 2 1 3 0 3 0 1 3 3 2
4.0162298657448435e-05 2 1 3 0 3 0 2 3 3 1
-22.881760705243217 2 1 3 0 3 1 2 0 0 0
0.03153276680938289 2 1 3 0 3 1 2 0 0 3
0.04258282964216713 2 1 3 0 3 1 2 0 3 0
0.009024182805817352 2 1 3 0 3 1 2 0 3 3
0.04339625481546463 2 1 3 0 3 1 2 3 0 0
0.009630964077889683 2 1 3 0 3 1 2 3 0 3
0.00929654121666065 2 1 3 0 3 1 2 3 3 0
22.881760705243217 2 1 3 0 3 2 1 0 0 0
-0.03153276680938289 2 1 3 0 3 2 1 0 0 3
-0.04258282964216713 2 1 3 0 3 2 1 0 3 0
-0.009024182805817352 2 1 3 0 3 2 1 0 3 3
-0.04339625481546463 2 1 3 0 3 2 1 3 0 0
-0.009630964077889683 2 1 3 0 3 2 1 3 0 3
-0.00929654121666065 2 1 3 0 3 2 1 3 3 0
-4.6396859859629226e-05 2 1 3 0 3 3 1 0 3 2
-7.63654568938679e-05 2 1 3 0 3 3 1 3 0 2
-0.00019574173120354664 2 1 3 0 3 3 1 3 3 2
4.6396859859629226e-05 2 1 3 0 3 3 2 0 3 1
7.636545689386834e-05 2 1 3 0 3 3 2 3 0 1
0.00019574173120354664 2 1 3 0 3 3 2 3 3 1
7.655619194725252e-06 2 1 3 1 1 0 1 3 2 0
-7.655619194725252e-06 2 1 3 1 1 0 2 3 1 0
-1.4245936935430732e-06 2 1 3 1 1 3 1 0 2 0
0.00027204572653908676 2 1 3 1 1 3 1 3 2 0
-6.518521753119724e-06 2 1 3 1 1 3 1 3 2 3
1.4245936935430732e-06 2 1 3 1 1 3 2 0 1 0
-0.00027204572653908676 2 1 3 1 1 3 2 3 1 0
6.518521753119724e-06 2 1 3 1 1 3 2 3 1 3
0.00014655903857126558 2 1 3 1 2 0 1 3 1 0
0.0001465590385712656 2 1 3 1 2 0 2 3 2 0
-0.002476959997339573 2 1 3 1 2 1 1 0 2 2
-0.000459312991326854 2 1 3 1 2 1 1 3 2 2
-0.0025072495388043237 2 1 3 1 2 1 2 0 1 2
0.0049842095361438965 2 1 3 1 2 1 2 0 2 1
-0.00046485287821167035 2 1 3 1 2 1 2 3 1 2
0.0009241658695385245 2 1 3 1 2 1 2 3 2 1
0.0049842095361438965 2 1 3 1 2 2 1 0 1 2
-0.0025072495388043237 2 1 3 1 2 2 1 0 2 1
0.0009241658695385245 2 1 3 1 2 2 1 3 1 2
-0.00046485287821167035 2 1 3 1 2 2 1 3 2 1
-0.002476959997339573 2 1 3 1 2 2 2 0 1 1
-0.000459312991326854 2 1 3 1 2 2 2 3 1 1
1.9854971668939865e-06 2 1 3 1 2 3 1 0 1 0
-5.898962131908062e-05 2 1 3 1 2 3 1 3 1 0
6.557551895333599e-05 2 1 3 1 2 3 1 3 1 3
1.9854971668939865e-06 2 1 3 1 2 3 2 0 2 0
-5.898962131908062e-05 2 1 3 1 2 3 2 3 2 0
6.557551895333596e-05 2 1 3 1 2 3 2 3 2 3
7.082729866036326e-06 2 1 3 2 1 0 1 3 1 0
7.082729866036381e-06 2 1 3 2 1 0 2 3 2 0
0.00036147060238973024 2 1 3 2 1 1 1 0 2 2
4.614700842093083e-05 2 1 3 2 1 1 1 3 2 2
0.002145778936414593 2 1 3 2 1 1 2 0 1 2
-0.0025072495388043237 2 1 3 2 1 1 2 0 2 1
0.0004187058697907396 2 1 3 2 1 1 2 3 1 2
-0.00046485287821167035 2 1 3 2 1 1 2 3 2 1
-0.0025072495388043237 2 1 3 2 1 2 1 0 1 2
0.002145778936414593 2 1 3 2 1 2 1 0 2 1
-0.00046485287821167035 2 1 3 2 1 2 1 3 1 2
0.0004187058697907396 2 1 3 2 1 2 1 3 2 1
0.00036147060238973024 2 1 3 2 1 2 2 0 1 1
4.614700842093083e-05 2 1 3 2 1 2 2 3 1 1
-1.590842944839137e-06 2 1 3 2 1 3 1 0 1 0
0.00019548697293420746 2 1 3 2 1 3 1 3 1 0
-4.051116612331036e-05 2 1 3 2 1 3 1 3 1 3
-1.590842944839137e-06 2 1 3 2 1 3 2 0 2 0
0.00019548697293420757 2 1 3 2 1 3 2 3 2 0
-4.0511166123310385e-05 2 1 3 2 1 3 2 3 2 3
-0.0024932947574780495 2 1 3 2 2 0 1 0 2 0
-0.0002868710082681969 2 1 3 2 2 0 1 0 2 3
3.2051120835589963 2 1 3 2 2 0 1 3 2 0
-0.0002234447002565279 2 1 3 2 2 0 1 3 2 3
0.0024932947574780495 2 1 3 2 2 0 2 0 1 0
0.0002868710082681969 2 1 3 2 2 0 2 0 1 3
-3.2051120835589963 2 1 3 2 2 0 2 3 1 0
0.0002234447002565279 2 1 3 2 2 0 2 3 1 3
-0.012392860999686731 2 1 3 2 2 3 1 0 2 0
0.00032659587028305797 2 1 3 2 2 3 1 0 2 3
0.9152358981203649 2 1 3 2 2 3 1 3 2 0
-0.5692399607535901 2 1 3 2 2 3 1 3 2 3
0.012392860999686731 2 1 3 2 2 3 2 0 1 0
-0.00032659587028305797 2 1 3 2 2 3 2 0 1 3
-0.9152358981203649 2 1 3 2 2 3 2 3 1 0
0.5692399607535901 2 1 3 2 2 3 2 3 1 3
-0.00018748622340063973 2 1 3 3 0 0 1 3 3 2
0.00018748622340063973 2 1 3 3 0 0 2 3 3 1
-23.7776892848272 2 1 3 3 0 1 2 0 0 0
0.04480218645578557 2 1 3 3 0 1 2 0 0 3
0.05873346804603264 2 1 3 3 0 1 2 0 3 0
0.009296541216660651 2 1 3 3 0 1 2 0 3 3
0.058733468046032626 2 1 3 3 0 1 2 3 0 0
0.00929654121666065 2 1 3 3 0 1 2 3 0 3
0.00965991305355774 2 1 3 3 0 1 2 3 3 0
23.7776892848272 2 1 3 3 0 2 1 0 0 0
-0.04480218645578557 2 1 3 3 0 2 1 0 0 3
-0.05873346804603264 2 1 3 3 0 2 1 0 3 0
-0.009296541216660651 2 1 3 3 0 2 1 0 3 3
-0.058733468046032626 2 1 3 3 0 2 1 3 0 0
-0.00929654121666065 2 1 3 3 0 2 1 3 0 3
-0.00965991305355774 2 1 3 3 0 2 1 3 3 0
-4.57328024246334e-05 2 1 3 3 0 3 1 0 3 2
-4.57328024246334e-05 2 1 3 3 0 3 1 3 0 2
0.0006719718269325818 2 1 3 3 0 3 1 3 3 2
4.57328024246334e-05 2 1 3 3 0 3 2 0 3 1
4.57328024246334e-05 2 1 3 3 0 3 2 3 0 1
-0.0006719718269325818 2 1 3 3 0 3 2 3 3 1
-3.95894093287595e-05 2 1 3 3 3 0 1 0 3 2
-3.95894093287595e-05 2 1 3 3 3 0 1 3 0 2
-0.0007550164994885398 2 1 3 3 3 0 1 3 3 2
3.9589409328759286e-05 2 1 3 3 3 0 2 0 3 1
3.9589409328759286e-05 2 1 3 3 3 0 2 3 0 1
0.0007550164994885398 2 1 3 3 3 0 2 3 3 1
0.03978768737817691 2 1 3 3 3 1 2 0 0 0
0.008799305802406874 2 1 3 3 3 1 2 0 0 3
0.008831688338448981 2 1 3 3 3 1 2 0 3 0
0.008831688338448981 2 1 3 3 3 1 2 3 0 0
-0.03978768737817691 2 1 3 3 3 2 1 0 0 0
-0.008799305802406874 2 1 3 3 3 2 1 0 0 3
-0.008831688338448981 2 1 3 3 3 2 1 0 3 0
-0.008831688338448981 2 1 3 3 3 2 1 3 0 0
-3.3657586367604516e-05 2 1 3 3 3 3 1 0 0 2
-0.00011918297759867282 2 1 3 3 3 3 1 0 3 2
-0.00011918297759867282 2 1 3 3 3 3 1 3 0 2
0.35687286015021275 2 1 3 3 3 3 1 3 3 2
3.3657586367604516e-05 2 1 3 3 3 3 2 0 0 1
0.00011918297759867282 2 1 3 3 3 3 2 0 3 1
0.00011918297759867282 2 1 3 3 3 3 2 3 0 1
-0.35687286015021363 2 1 3 3 3 3 2 3 3 1
-0.004982538003236621 2 2 0 0 0 0 1 3 3 1
-0.004982538003236621 2 2 0 0 0 0 2 3 3 2
-2.867043634949876 2 2 0 0 0 1 1 0 0 0
0.0010321178508286497 2 2 0 0 0 1 1 0 0 3
0.002246967206919328 2 2 0 0 0 1 1 0 3 0
0.0003109814129724528 2 2 0 0 0 1 1 0 3 3
0.0022469672069193244 2 2 0 0 0 1 1 3 0 0
0.0003109814129724532 2 2 0 0 0 1 1 3 0 3
0.0003089330887472799 2 2 0 0 0 1 1 3 3 0
-2.867043634949876 2 2 0 0 0 2 2 0 0 0
0.0010321178508286497 2 2 0 0 0 2 2 0 0 3
0.002246967206919328 2 2 0 0 0 2 2 0 3 0
0.0003109814129724528 2 2 0 0 0 2 2 0 3 3
0.0022469672069193244 2 2 0 0 0 2 2 3 0 0
0.0003109814129724528 2 2 0 0 0 2 2 3 0 3
0.0003089330887472799 2 2 0 0 0 2 2 3 3 0
-0.005149166323642046 2 2 0 0 0 3 1 0 3 1
-0.005149166323642046 2 2 0 0 0 3 1 3 0 1
-0.023624331398363528 2 2 0 0 0 3 1 3 3 1
-0.005149166323642046 2 2 0 0 0 3 2 0 3 2
-0.005149166323642046 2 2 0 0 0 3 2 3 0 2
-0.023624331398363528 2 2 0 0 0 3 2 3 3 2
-0.004990619095815399 2 2 0 0 3 0 1 0 3 1
-0.004990619095815399 2 2 0 0 3 0 1 3 0 1
-0.037072914077616564 2 2 0 0 3 0 1 3 3 1
-0.004990619095815399 2 2 0 0 3 0 2 0 3 2
-0.004990619095815399 2 2 0 0 3 0 2 3 0 2
-0.037072914077616564 2 2 0 0 3 0 2 3 3 2
0.0010321178508286497 2 2 0 0 3 1 1 0 0 0
0.0004894118879992643 2 2 0 0 3 1 1 0 0 3
0.00035022337336879355 2 2 0 0 3 1 1 0 3 0
0.00035022337336879355 2 2 0 0 3 1 1 3 0 0
0.0010321178508286497 2 2 0 0 3 2 2 0 0 0
0.0004894118879992643 2 2 0 0 3 2 2 0 0 3
0.00035022337336879355 2 2 0 0 3 2 2 0 3 0
0.00035022337336879355 2 2 0 0 3 2 2 3 0 0
-0.00553678321389759 2 2 0 0 3 3 1 0 0 1
-0.03460051750709892 2 2 0 0 3 3 1 0 3 1
-0.03460051750709893 2 2 0 0 3 3 1 3 0 1
14.31786120869267 2 2 0 0 3 3 1 3 3 1
-0.00553678321389759 2 2 0 0 3 3 2 0 0 2
-0.03460051750709892 2 2 0 0 3 3 2 0 3 2
-0.03460051750709893 2 2 0 0 3 3 2 3 0 2
14.317861208692673 2 2 0 0 3 3 2 3 3 2
-1.4952350968873228e-06 2 2 0 1 1 1 1 0 1 1
-2.798590204464997 2 2 0 1 1 1 1 0 2 2
0.002115489394949842 2 2 0 1 1 1 1 3 2 2
-0.4904451981651638 2 2 0 1 1 1 2 0 1 2
3.289033907395063 2 2 0 1 1 1 2 0 2 1
0.00036147060238973024 2 2 0 1 1 1 2 3 1 2
-0.002476959997339572 2 2 0 1 1 1 2 3 2 1
3.289033907395064 2 2 0 1 1 2 1 0 1 2
-0.4904451981651638 2 2 0 1 1 2 1 0 2 1
-0.002476959997339572 2 2 0 1 1 2 1 3 1 2
0.00036147060238973024 2 2 0 1 1 2 1 3 2 1
-2.798590204464997 2 2 0 1 1 2 2 0 1 1
-1.4952350968873228e-06 2 2 0 1 1 2 2 0 2 2
0.002115489394949842 2 2 0 1 1 2 2 3 1 1
-2.3552941735428105e-05 2 2 0 1 1 3 1 3 1 0
-2.3552941735428105e-05 2 2 0 1 1 3 2 3 2 0
-0.00019410010996681194 2 2 0 1 2 0 1 0 2 0
-0.0006040416088966996 2 2 0 1 2 0 1 3 2 0
5.522689901875217e-05 2 2 0 1 2 0 1 3 2 3
0.00019410010996681194 2 2 0 1 2 0 2 0 1 0
0.0006040416088966996 2 2 0 1 2 0 2 3 1 0
-5.522689901875217e-05 2 2 0 1 2 0 2 3 1 3
-3.7746725299454245e-05 2 2 0 1 2 1 1 0 1 2
0.000105312407647831 2 2 0 1 2 1 1 0 2 1
-2.8831014957120736e-05 2 2 0 1 2 1 2 0 1 1
3.873466739125598e-05 2 2 0 1 2 1 2 0 2 2
-3.8734667391255926e-05 2 2 0 1 2 2 1 0 1 1
2.8831014957120736e-05 2 2 0 1 2 2 1 0 2 2
-0.00010531240764783106 2 2 0 1 2 2 2 0 1 2
3.77467252994543e-05 2 2 0 1 2 2 2 0 2 1
0.00042483543507822256 2 2 0 1 2 3 1 0 2 0
0.00025665970367086865 2 2 0 1 2 3 1 0 2 3
-0.40682477017462154 2 2 0 1 2 3 1 3 2 0
0.0014358677491466847 2 2 0 1 2 3 1 3 2 3
-0.00042483543507822256 2 2 0 1 2 3 2 0 1 0
-0.00025665970367086865 2 2 0 1 2 3 2 0 1 3
0.40682477017462154 2 2 0 1 2 3 2 3 1 0
-0.0014358677491466847 2 2 0 1 2 3 2 3 1 3
0.0006471527449069322 2 2 0 2 1 0 1 0 2 0
0.0035383321552306048 2 2 0 2 1 0 1 3 2 0
0.00031866464615466224 2 2 0 2 1 0 1 3 2 3
-0.0006471527449069322 2 2 0 2 1 0 2 0 1 0
-0.0035383321552306048 2 2 0 2 1 0 2 3 1 0
-0.00031866464615466224 2 2 0 2 1 0 2 3 1 3
0.00019932103000891047 2 2 0 2 1 1 1 0 1 2
-3.774672529945422e-05 2 2 0 2 1 1 1 0 2 1
-5.262945488677446e-05 2 2 0 2 1 1 2 0 1 1
0.00010894484982268171 2 2 0 2 1 1 2 0 2 2
-0.00010894484982268166 2 2 0 2 1 2 1 0 1 1
5.2629454886774434e-05 2 2 0 2 1 2 1 0 2 2
3.7746725299454245e-05 2 2 0 2 1 2 2 0 1 2
-0.00019932103000891047 2 2 0 2 1 2 2 0 2 1
-0.0003029088283210477 2 2 0 2 1 3 1 0 2 3
0.00028315165816991976 2 2 0 2 1 3 1 3 2 0
-0.0016561654969194728 2 2 0 2 1 3 1 3 2 3
0.0003029088283210477 2 2 0 2 1 3 2 0 1 3
-0.00028315165816991976 2 2 0 2 1 3 2 3 1 0
0.0016561654969194728 2 2 0 2 1 3 2 3 1 3
-1.4952350968873353e-06 2 2 0 2 2 1 1 0 2 2
-5.508046059905115e-06 2 2 0 2 2 1 2 0 1 2
7.003281156792404e-06 2 2 0 2 2 1 2 0 2 1
7.003281156792404e-06 2 2 0 2 2 2 1 0 1 2
-5.508046059905115e-06 2 2 0 2 2 2 1 0 2 1
-1.4952350968873353e-06 2 2 0 2 2 2 2 0 1 1
1.4889370644762724e-05 2 2 0 2 2 3 1 3 1 0
1.4889370644762724e-05 2 2 0 2 2 3 2 3 2 0
-0.005092555997775749 2 2 0 3 0 0 1 0 3 1
-0.004835774416281627 2 2 0 3 0 0 1 3 0 1
-0.02793627925769448 2 2 0 3 0 0 1 3 3 1
-0.005092555997775749 2 2 0 3 0 0 2 0 3 2
-0.004835774416281627 2 2 0 3 0 0 2 3 0 2
-0.02793627925769448 2 2 0 3 0 0 2 3 3 2
0.0022469672069193314 2 2 0 3 0 1 1 0 0 0
0.0003502233733687931 2 2 0 3 0 1 1 0 0 3
0.0005254059429020243 2 2 0 3 0 1 1 0 3 0
0.00034106774789051126 2 2 0 3 0 1 1 3 0 0
0.0022469672069193314 2 2 0 3 0 2 2 0 0 0
0.0003502233733687931 2 2 0 3 0 2 2 0 0 3
0.0005254059429020243 2 2 0 3 0 2 2 0 3 0
0.00034106774789051126 2 2 0 3 0 2 2 3 0 0
-0.005452075151963092 2 2 0 3 0 3 1 0 0 1
-0.025686320730864423 2 2 0 3 0 3 1 0 3 1
-0.025451204214646896 2 2 0 3 0 3 1 3 0 1
13.589532147380181 2 2 0 3 0 3 1 3 3 1
-0.005452075151963092 2 2 0 3 0 3 2 0 0 2
-0.025686320730864423 2 2 0 3 0 3 2 0 3 2
-0.025451204214646896 2 2 0 3 0 3 2 3 0 2
13.589532147380181 2 2 0 3 0 3 2 3 3 2
-0.004343466350908467 2 2 0 3 3 0 1 0 0 1
-0.03539856397049666 2 2 0 3 3 0 1 0 3 1
-0.034302907868041466 2 2 0 3 3 0 1 3 0 1
15.219007640220394 2 2 0 3 3 0 1 3 3 1
-0.004343466350908467 2 2 0 3 3 0 2 0 0 2
-0.03539856397049666 2 2 0 3 3 0 2 0 3 2
-0.034302907868041466 2 2 0 3 3 0 2 3 0 2
15.219007640220394 2 2 0 3 3 0 2 3 3 2
0.0003109814129724506 2 2 0 3 3 1 1 0 0 0
0.0003109814129724506 2 2 0 3 3 2 2 0 0 0
-0.03460051750709892 2 2 0 3 3 3 1 0 0 1
16.270904236445393 2 2 0 3 3 3 1 0 3 1
15.108771513309382 2 2 0 3 3 3 1 3 0 1
95.95187064139724 2 2 0 3 3 3 1 3 3 1
-0.03460051750709892 2 2 0 3 3 3 2 0 0 2
16.270904236445396 2 2 0 3 3 3 2 0 3 2
15.108771513309382 2 2 0 3 3 3 2 3 0 2
95.95187064139724 2 2 0 3 3 3 2 3 3 2
-1.4952350968873228e-06 2 2 1 0 1 1 1 1 0 1
-2.798590204464997 2 2 1 0 1 1 1 2 0 2
0.002115489394949842 2 2 1 0 1 1 1 2 3 2
-0.4904451981651638 2 2 1 0 1 1 2 1 0 2
0.00036147060238973024 2 2 1 0 1 1 2 1 3 2
3.289033907395063 2 2 1 0 1 1 2 2 0 1
-0.002476959997339572 2 2 1 0 1 1 2 2 3 1
3.289033907395064 2 2 1 0 1 2 1 1 0 2
-0.002476959997339572 2 2 1 0 1 2 1 1 3 2
-0.4904451981651638 2 2 1 0 1 2 1 2 0 1
0.00036147060238973024 2 2 1 0 1 2 1 2 3 1
-2.798590204464997 2 2 1 0 1 2 2 1 0 1
0.002115489394949842 2 2 1 0 1 2 2 1 3 1
-1.4952350968873228e-06 2 2 1 0 1 2 2 2 0 2
-2.3552941735428105e-05 2 2 1 0 1 3 1 1 3 0
-2.3552941735428105e-05 2 2 1 0 1 3 2 2 3 0
-0.00019410010996681197 2 2 1 0 2 0 1 2 0 0
-0.0006040416088966996 2 2 1 0 2 0 1 2 3 0
5.522689901875219e-05 2 2 1 0 2 0 1 2 3 3
0.00019410010996681197 2 2 1 0 2 0 2 1 0 0
0.0006040416088966996 2 2 1 0 2 0 2 1 3 0
-5.522689901875219e-05 2 2 1 0 2 0 2 1 3 3
-3.7746725299454245e-05 2 2 1 0 2 1 1 1 0 2
0.000105312407647831 2 2 1 0 2 1 1 2 0 1
-2.883101495712073e-05 2 2 1 0 2 1 2 1 0 1
3.8734667391255926e-05 2 2 1 0 2 1 2 2 0 2
-3.8734667391255926e-05 2 2 1 0 2 2 1 1 0 1
2.8831014957120726e-05 2 2 1 0 2 2 1 2 0 2
-0.00010531240764783106 2 2 1 0 2 2 2 1 0 2
3.77467252994543e-05 2 2 1 0 2 2 2 2 0 1
0.0004248354350782225 2 2 1 0 2 3 1 2 0 0
0.00025665970367086865 2 2 1 0 2 3 1 2 0 3
-0.40682477017462154 2 2 1 0 2 3 1 2 3 0
0.0014358677491466847 2 2 1 0 2 3 1 2 3 3
-0.0004248354350782225 2 2 1 0 2 3 2 1 0 0
-0.00025665970367086865 2 2 1 0 2 3 2 1 0 3
0.40682477017462154 2 2 1 0 2 3 2 1 3 0
-0.0014358677491466847 2 2 1 0 2 3 2 1 3 3
5.065105800677599e-06 2 2 1 1 0 1 1 1 1 0
-1.9817779427715776 2 2 1 1 0 1 1 2 2 0
0.00047527944585138923 2 2 1 1 0 1 1 2 2 3
0.990891503938689 2 2 1 1 0 1 2 1 2 0
-0.00023763972292569461 2 2 1 1 0 1 2 1 2 3
0.990891503938689 2 2 1 1 0 1 2 2 1 0
-0.00023763972292569461 2 2 1 1 0 1 2 2 1 3
0.9908915039386889 2 2 1 1 0 2 1 1 2 0
-0.00023763972292569461 2 2 1 1 0 2 1 1 2 3
0.990891503938689 2 2 1 1 0 2 1 2 1 0
-0.00023763972292569461 2 2 1 1 0 2 1 2 1 3
-1.9817779427715778 2 2 1 1 0 2 2 1 1 0
0.00047527944585138923 2 2 1 1 0 2 2 1 1 3
5.065105800677599e-06 2 2 1 1 0 2 2 2 2 0
0.00047527944585138923 2 2 1 1 3 1 1 2 2 0
0.0003140545305027197 2 2 1 1 3 1 1 2 2 3
-0.00023763972292569461 2 2 1 1 3 1 2 1 2 0
-0.00015702726525135984 2 2 1 1 3 1 2 1 2 3
-0.00023763972292569461 2 2 1 1 3 1 2 2 1 0
-0.00015702726525135984 2 2 1 1 3 1 2 2 1 3
-0.00023763972292569461 2 2 1 1 3 2 1 1 2 0
-0.00015702726525135984 2 2 1 1 3 2 1 1 2 3
-0.00023763972292569461 2 2 1 1 3 2 1 2 1 0
-0.00015702726525135984 2 2 1 1 3 2 1 2 1 3
0.00047527944585138923 2 2 1 1 3 2 2 1 1 0
0.0003140545305027197 2 2 1 1 3 2 2 1 1 3
-0.00013881637659078958 2 2 1 1 3 3 1 1 1 1
-5.575548535214335e-06 2 2 1 1 3 3 1 1 2 2
-5.575548535214336e-06 2 2 1 1 3 3 1 2 1 2
-0.00012766527952036088 2 2 1 1 3 3 1 2 2 1
-0.00012766527952036088 2 2 1 1 3 3 2 1 1 2
-5.575548535214326e-06 2 2 1 1 3 3 2 1 2 1
-5.575548535214335e-06 2 2 1 1 3 3 2 2 1 1
-0.00013881637659078958 2 2 1 1 3 3 2 2 2 2
0.00017190105919966762 2 2 1 2 0 0 1 1 2 1
-8.488052229445005e-05 2 2 1 2 0 0 1 2 1 1
8.702053690521754e-05 2 2 1 2 0 0 1 2 2 2
-8.702053690521754e-05 2 2 1 2 0 0 2 1 1 1
8.488052229445005e-05 2 2 1 2 0 0 2 1 2 2
-0.00017190105919966762 2 2 1 2 0 0 2 2 1 2
-3.7199764943908164e-05 2 2 1 2 0 1 1 1 2 0
0.0001471384300676046 2 2 1 2 0 1 1 2 1 0
-5.037670563564116e-05 2 2 1 2 0 1 2 1 1 0
5.956195948805536e-05 2 2 1 2 0 1 2 2 2 0
-5.9561959488055374e-05 2 2 1 2 0 2 1 1 1 0
5.0376705635641186e-05 2 2 1 2 0 2 1 2 2 0
-0.00014713843006760466 2 2 1 2 0 2 2 1 2 0
3.7199764943908164e-05 2 2 1 2 0 2 2 2 1 0
0.00017070731936389455 2 2 1 2 0 3 1 1 2 1
-6.440919685362441e-05 2 2 1 2 0 3 1 2 1 1
0.00010629812251027011 2 2 1 2 0 3 1 2 2 2
-0.00010629812251027011 2 2 1 2 0 3 2 1 1 1
6.440919685362441e-05 2 2 1 2 0 3 2 1 2 2
-0.00017070731936389455 2 2 1 2 0 3 2 2 1 2
0.0007683259456555114 2 2 1 2 3 0 1 1 2 1
-0.0003273301567996567 2 2 1 2 3 0 1 2 1 1
0.0004409957888558548 2 2 1 2 3 0 1 2 2 2
-0.0004409957888558548 2 2 1 2 3 0 2 1 1 1
0.0003273301567996567 2 2 1 2 3 0 2 1 2 2
-0.0007683259456555114 2 2 1 2 3 0 2 2 1 2
-6.951225467616554e-06 2 2 1 2 3 3 1 1 1 2
-0.7905413617607603 2 2 1 2 3 3 1 1 2 1
0.3715913613752318 2 2 1 2 3 3 1 2 1 1
-0.4189569516109961 2 2 1 2 3 3 1 2 2 2
0.4189569516109961 2 2 1 2 3 3 2 1 1 1
-0.37159136137523174 2 2 1 2 3 3 2 1 2 2
0.7905413617607604 2 2 1 2 3 3 2 2 1 2
6.951225467616551e-06 2 2 1 2 3 3 2 2 2 1
-6.650754475484734e-05 2 2 1 3 1 0 1 1 3 0
-6.650754475484734e-05 2 2 1 3 1 0 2 2 3 0
0.0021154893949498423 2 2 1 3 1 1 1 2 0 2
0.00041316598290592327 2 2 1 3 1 1 1 2 3 2
0.0003614706023897303 2 2 1 3 1 1 2 1 0 2
4.614700842093081e-05 2 2 1 3 1 1 2 1 3 2
-0.002476959997339573 2 2 1 3 1 1 2 2 0 1
-0.00045931299132685407 2 2 1 3 1 1 2 2 3 1
-0.002476959997339573 2 2 1 3 1 2 1 1 0 2
-0.00045931299132685407 2 2 1 3 1 2 1 1 3 2
0.0003614706023897303 2 2 1 3 1 2 1 2 0 1
4.614700842093081e-05 2 2 1 3 1 2 1 2 3 1
0.0021154893949498423 2 2 1 3 1 2 2 1 0 1
0.00041316598290592327 2 2 1 3 1 2 2 1 3 1
5.9192953509669725e-06 2 2 1 3 1 3 1 1 0 0
0.0001967926708225545 2 2 1 3 1 3 1 1 3 0
4.5527679787096066e-05 2 2 1 3 1 3 1 1 3 3
5.9192953509669725e-06 2 2 1 3 1 3 2 2 0 0
0.0001967926708225545 2 2 1 3 1 3 2 2 3 0
4.552767978709601e-05 2 2 1 3 1 3 2 2 3 3
-0.0010450373977525542 2 2 1 3 2 0 1 2 0 0
-3.179363788646533e-05 2 2 1 3 2 0 1 2 0 3
1.4929566295702057 2 2 1 3 2 0 1 2 3 0
0.001346240506515967 2 2 1 3 2 0 1 2 3 3
0.0010450373977525542 2 2 1 3 2 0 2 1 0 0
3.179363788646533e-05 2 2 1 3 2 0 2 1 0 3
-1.4929566295702055 2 2 1 3 2 0 2 1 3 0
-0.001346240506515967 2 2 1 3 2 0 2 1 3 3
0.012137756984909662 2 2 1 3 2 3 1 2 0 0
0.0013295696266364143 2 2 1 3 2 3 1 2 0 3
-0.9180188532034038 2 2 1 3 2 3 1 2 3 0
-1.6301521814818956 2 2 1 3 2 3 1 2 3 3
-0.012137756984909662 2 2 1 3 2 3 2 1 0 0
-0.0013295696266364143 2 2 1 3 2 3 2 1 0 3
0.9180188532034038 2 2 1 3 2 3 2 1 3 0
1.6301521814818956 2 2 1 3 2 3 2 1 3 3
0.000647152744906932 2 2 2 0 1 0 1 2 0 0
0.0035383321552306048 2 2 2 0 1 0 1 2 3 0
0.00031866464615466224 2 2 2 0 1 0 1 2 3 3
-0.000647152744906932 2 2 2 0 1 0 2 1 0 0
-0.0035383321552306048 2 2 2 0 1 0 2 1 3 0
-0.00031866464615466224 2 2 2 0 1 0 2 1 3 3
0.00019932103000891047 2 2 2 0 1 1 1 1 0 2
-3.774672529945422e-05 2 2 2 0 1 1 1 2 0 1
-5.2629454886774434e-05 2 2 2 0 1 1 2 1 0 1
0.00010894484982268171 2 2 2 0 1 1 2 2 0 2
-0.00010894484982268166 2 2 2 0 1 2 1 1 0 1
5.262945488677444e-05 2 2 2 0 1 2 1 2 0 2
3.7746725299454245e-05 2 2 2 0 1 2 2 1 0 2
-0.00019932103000891047 2 2 2 0 1 2 2 2 0 1
-0.0003029088283210477 2 2 2 0 1 3 1 2 0 3
0.00028315165816991976 2 2 2 0 1 3 1 2 3 0
-0.0016561654969194728 2 2 2 0 1 3 1 2 3 3
0.0003029088283210477 2 2 2 0 1 3 2 1 0 3
-0.00028315165816991976 2 2 2 0 1 3 2 1 3 0
0.0016561654969194728 2 2 2 0 1 3 2 1 3 3
-1.4952350968873353e-06 2 2 2 0 2 1 1 2 0 2
-5.508046059905115e-06 2 2 2 0 2 1 2 1 0 2
7.003281156792404e-06 2 2 2 0 2 1 2 2 0 1
7.003281156792404e-06 2 2 2 0 2 2 1 1 0 2
-5.508046059905115e-06 2 2 2 0 2 2 1 2 0 1
-1.4952350968873353e-06 2 2 2 0 2 2 2 1 0 1
1.488937064476272e-05 2 2 2 0 2 3 1 1 3 0
1.4889370644762706e-05 2 2 2 0 2 3 2 2 3 0
-8.488052229445005e-05 2 2 2 1 0 0 1 1 2 1
0.00017190105919966762 2 2 2 1 0 0 1 2 1 1
8.702053690521754e-05 2 2 2 1 0 0 1 2 2 2
-8.702053690521754e-05 2 2 2 1 0 0 2 1 1 1
-0.00017190105919966762 2 2 2 1 0 0 2 1 2 2
8.488052229445005e-05 2 2 2 1 0 0 2 2 1 2
0.0001471384300676045 2 2 2 1 0 1 1 1 2 0
-3.7199764943908164e-05 2 2 2 1 0 1 1 2 1 0
-5.037670563564118e-05 2 2 2 1 0 1 2 1 1 0
5.956195948805536e-05 2 2 2 1 0 1 2 2 2 0
-5.956195948805536e-05 2 2 2 1 0 2 1 1 1 0
5.037670563564115e-05 2 2 2 1 0 2 1 2 2 0
3.7199764943908164e-05 2 2 2 1 0 2 2 1 2 0
-0.0001471384300676046 2 2 2 1 0 2 2 2 1 0
-6.440919685362441e-05 2 2 2 1 0 3 1 1 2 1
0.00017070731936389455 2 2 2 1 0 3 1 2 1 1
0.00010629812251027011 2 2 2 1 0 3 1 2 2 2
-0.00010629812251027011 2 2 2 1 0 3 2 1 1 1
-0.00017070731936389455 2 2 2 1 0 3 2 1 2 2
6.440919685362441e-05 2 2 2 1 0 3 2 2 1 2
-0.0003273301567996567 2 2 2 1 3 0 1 1 2 1
0.0007683259456555114 2 2 2 1 3 0 1 2 1 1
0.0004409957888558548 2 2 2 1 3 0 1 2 2 2
-0.0004409957888558548 2 2 2 1 3 0 2 1 1 1
-0.0007683259456555114 2 2 2 1 3 0 2 1 2 2
0.0003273301567996567 2 2 2 1 3 0 2 2 1 2
-6.951225467616554e-06 2 2 2 1 3 3 1 1 1 2
0.3715913613752318 2 2 2 1 3 3 1 1 2 1
-0.7905413617607604 2 2 2 1 3 3 1 2 1 1
-0.41895695161099616 2 2 2 1 3 3 1 2 2 2
0.41895695161099616 2 2 2 1 3 3 2 1 1 1
0.7905413617607604 2 2 2 1 3 3 2 1 2 2
-0.37159136137523174 2 2 2 1 3 3 2 2 1 2
6.951225467616554e-06 2 2 2 1 3 3 2 2 2 1
5.06510580067759e-06 2 2 2 2 0 1 1 2 2 0
-2.532552900338795e-06 2 2 2 2 0 1 2 1 2 0
-2.5325529003388017e-06 2 2 2 2 0 1 2 2 1 0
-2.5325529003388017e-06 2 2 2 2 0 2 1 1 2 0
-2.532552900338795e-06 2 2 2 2 0 2 1 2 1 0
5.06510580067759e-06 2 2 2 2 0 2 2 1 1 0
-4.881860933928448e-05 2 2 2 2 3 3 1 1 1 1
1.5526646539357483e-05 2 2 2 2 3 3 1 1 2 2
1.552664653935748e-05 2 2 2 2 3 3 1 2 1 2
-7.987190241799947e-05 2 2 2 2 3 3 1 2 2 1
-7.987190241799944e-05 2 2 2 2 3 3 2 1 1 2
1.552664653935748e-05 2 2 2 2 3 3 2 1 2 1
1.5526646539357496e-05 2 2 2 2 3 3 2 2 1 1
-4.8818609339284466e-05 2 2 2 2 3 3 2 2 2 2
0.003538332155230604 2 2 2 3 1 0 1 2 0 0
0.00031866464615466224 2 2 2 3 1 0 1 2 0 3
-4.6980610575100075 2 2 2 3 1 0 1 2 3 0
-0.0011227958062594388 2 2 2 3 1 0 1 2 3 3
-0.003538332155230604 2 2 2 3 1 0 2 1 0 0
-0.00031866464615466224 2 2 2 3 1 0 2 1 0 3
4.698061057510008 2 2 2 3 1 0 2 1 3 0
0.0011227958062594388 2 2 2 3 1 0 2 1 3 3
0.00025367942108352464 2 2 2 3 1 3 1 2 0 0
-0.0016561654969194722 2 2 2 3 1 3 1 2 0 3
0.0030550008095780548 2 2 2 3 1 3 1 2 3 0
2.1993856237137326 2 2 2 3 1 3 1 2 3 3
-0.00025367942108352464 2 2 2 3 1 3 2 1 0 0
0.0016561654969194722 2 2 2 3 1 3 2 1 0 3
-0.0030550008095780548 2 2 2 3 1 3 2 1 3 0
-2.1993856237137326 2 2 2 3 1 3 2 1 3 3
8.713422368245453e-05 2 2 2 3 2 0 1 1 3 0
8.713422368245463e-05 2 2 2 3 2 0 2 2 3 0
6.313949573021836e-06 2 2 2 3 2 3 1 1 0 0
0.00033329002243768135 2 2 2 3 2 3 1 1 3 0
7.059203261712168e-05 2 2 2 3 2 3 1 1 3 3
6.313949573021836e-06 2 2 2 3 2 3 2 2 0 0
0.00033329002243768135 2 2 2 3 2 3 2 2 3 0
7.059203261712171e-05 2 2 2 3 2 3 2 2 3 3
-0.004835774416281627 2 2 3 0 0 0 1 0 3 1
-0.005092555997775749 2 2 3 0 0 0 1 3 0 1
-0.02793627925769448 2 2 3 0 0 0 1 3 3 1
-0.004835774416281627 2 2 3 0 0 0 2 0 3 2
-0.005092555997775749 2 2 3 0 0 0 2 3 0 2
-0.02793627925769448 2 2 3 0 0 0 2 3 3 2
0.0022469672069193314 2 2 3 0 0 1 1 0 0 0
0.0003502233733687931 2 2 3 0 0 1 1 0 0 3
0.00034106774789051126 2 2 3 0 0 1 1 0 3 0
0.0005254059429020243 2 2 3 0 0 1 1 3 0 0
0.0022469672069193314 2 2 3 0 0 2 2 0 0 0
0.0003502233733687931 2 2 3 0 0 2 2 0 0 3
0.00034106774789051126 2 2 3 0 0 2 2 0 3 0
0.0005254059429020243 2 2 3 0 0 2 2 3 0 0
-0.005452075151963093 2 2 3 0 0 3 1 0 0 1
-0.025451204214646896 2 2 3 0 0 3 1 0 3 1
-0.025686320730864423 2 2 3 0 0 3 1 3 0 1
13.58953214738018 2 2 3 0 0 3 1 3 3 1
-0.005452075151963093 2 2 3 0 0 3 2 0 0 2
-0.025451204214646896 2 2 3 0 0 3 2 0 3 2
-0.025686320730864423 2 2 3 0 0 3 2 3 0 2
13.58953214738018 2 2 3 0 0 3 2 3 3 2
-0.004343466350908467 2 2 3 0 3 0 1 0 0 1
-0.034302907868041466 2 2 3 0 3 0 1 0 3 1
-0.03539856397049666 2 2 3 0 3 0 1 3 0 1
15.219007640220394 2 2 3 0 3 0 1 3 3 1
-0.004343466350908467 2 2 3 0 3 0 2 0 0 2
-0.034302907868041466 2 2 3 0 3 0 2 0 3 2
-0.03539856397049666 2 2 3 0 3 0 2 3 0 2
15.219007640220395 2 2 3 0 3 0 2 3 3 2
0.0003109814129724506 2 2 3 0 3 1 1 0 0 0
0.0003109814129724506 2 2 3 0 3 2 2 0 0 0
-0.03460051750709892 2 2 3 0 3 3 1 0 0 1
15.108771513309382 2 2 3 0 3 3 1 0 3 1
16.270904236445396 2 2 3 0 3 3 1 3 0 1
95.95187064139722 2 2 3 0 3 3 1 3 3 1
-0.03460051750709892 2 2 3 0 3 3 2 0 0 2
15.108771513309382 2 2 3 0 3 3 2 0 3 2
16.270904236445396 2 2 3 0 3 3 2 3 0 2
95.95187064139722 2 2 3 0 3 3 2 3 3 2
-6.650754475484734e-05 2 2 3 1 1 0 1 3 1 0
-6.650754475484737e-05 2 2 3 1 1 0 2 3 2 0
0.0021154893949498423 2 2 3 1 1 1 1 0 2 2
0.00041316598290592327 2 2 3 1 1 1 1 3 2 2
0.0003614706023897303 2 2 3 1 1 1 2 0 1 2
-0.002476959997339573 2 2 3 1 1 1 2 0 2 1
4.614700842093082e-05 2 2 3 1 1 1 2 3 1 2
-0.00045931299132685407 2 2 3 1 1 1 2 3 2 1
-0.002476959997339573 2 2 3 1 1 2 1 0 1 2
0.0003614706023897303 2 2 3 1 1 2 1 0 2 1
-0.00045931299132685407 2 2 3 1 1 2 1 3 1 2
4.614700842093082e-05 2 2 3 1 1 2 1 3 2 1
0.0021154893949498423 2 2 3 1 1 2 2 0 1 1
0.00041316598290592327 2 2 3 1 1 2 2 3 1 1
5.9192953509669725e-06 2 2 3 1 1 3 1 0 1 0
0.0001967926708225545 2 2 3 1 1 3 1 3 1 0
4.552767978709604e-05 2 2 3 1 1 3 1 3 1 3
5.9192953509669725e-06 2 2 3 1 1 3 2 0 2 0
0.0001967926708225545 2 2 3 1 1 3 2 3 2 0
4.552767978709604e-05 2 2 3 1 1 3 2 3 2 3
-0.0010450373977525542 2 2 3 1 2 0 1 0 2 0
-3.179363788646532e-05 2 2 3 1 2 0 1 0 2 3
1.4929566295702057 2 2 3 1 2 0 1 3 2 0
0.001346240506515967 2 2 3 1 2 0 1 3 2 3
0.0010450373977525542 2 2 3 1 2 0 2 0 1 0
3.179363788646532e-05 2 2 3 1 2 0 2 0 1 3
-1.4929566295702055 2 2 3 1 2 0 2 3 1 0
-0.001346240506515967 2 2 3 1 2 0 2 3 1 3
0.012137756984909664 2 2 3 1 2 3 1 0 2 0
0.0013295696266364143 2 2 3 1 2 3 1 0 2 3
-0.9180188532034039 2 2 3 1 2 3 1 3 2 0
-1.6301521814818956 2 2 3 1 2 3 1 3 2 3
-0.012137756984909664 2 2 3 1 2 3 2 0 1 0
-0.0013295696266364143 2 2 3 1 2 3 2 0 1 3
0.9180188532034039 2 2 3 1 2 3 2 3 1 0
1.6301521814818956 2 2 3 1 2 3 2 3 1 3
0.003538332155230604 2 2 3 2 1 0 1 0 2 0
0.00031866464615466224 2 2 3 2 1 0 1 0 2 3
-4.6980610575100075 2 2 3 2 1 0 1 3 2 0
-0.0011227958062594388 2 2 3 2 1 0 1 3 2 3
-0.003538332155230604 2 2 3 2 1 0 2 0 1 0
-0.00031866464615466224 2 2 3 2 1 0 2 0 1 3
4.698061057510008 2 2 3 2 1 0 2 3 1 0
0.0011227958062594388 2 2 3 2 1 0 2 3 1 3
0.00025367942108352464 2 2 3 2 1 3 1 0 2 0
-0.0016561654969194722 2 2 3 2 1 3 1 0 2 3
0.003055000809578055 2 2 3 2 1 3 1 3 2 0
2.1993856237137326 2 2 3 2 1 3 1 3 2 3
-0.00025367942108352464 2 2 3 2 1 3 2 0 1 0
0.0016561654969194722 2 2 3 2 1 3 2 0 1 3
-0.003055000809578055 2 2 3 2 1 3 2 3 1 0
-2.1993856237137326 2 2 3 2 1 3 2 3 1 3
8.713422368245453e-05 2 2 3 2 2 0 1 3 1 0
8.713422368245463e-05 2 2 3 2 2 0 2 3 2 0
6.313949573021836e-06 2 2 3 2 2 3 1 0 1 0
0.00033329002243768146 2 2 3 2 2 3 1 3 1 0
7.059203261712168e-05 2 2 3 2 2 3 1 3 1 3
6.313949573021836e-06 2 2 3 2 2 3 2 0 2 0
0.00033329002243768146 2 2 3 2 2 3 2 3 2 0
7.059203261712168e-05 2 2 3 2 2 3 2 3 2 3
-0.004345208710927298 2 2 3 3 0 0 1 0 0 1
-0.029059075063953922 2 2 3 3 0 0 1 0 3 1
-0.029059075063953922 2 2 3 3 0 0 1 3 0 1
15.096744571627333 2 2 3 3 0 0 1 3 3 1
-0.004345208710927298 2 2 3 3 0 0 2 0 0 2
-0.029059075063953922 2 2 3 3 0 0 2 0 3 2
-0.029059075063953922 2 2 3 3 0 0 2 3 0 2
15.096744571627333 2 2 3 3 0 0 2 3 3 2
0.00030893308874727944 2 2 3 3 0 1 1 0 0 0
0.00030893308874727944 2 2 3 3 0 2 2 0 0 0
-0.026936662392202472 2 2 3 3 0 3 1 0 0 1
15.788963298773702 2 2 3 3 0 3 1 0 3 1
15.788963298773702 2 2 3 3 0 3 1 3 0 1
27.46828699116051 2 2 3 3 0 3 1 3 3 1
-0.026936662392202472 2 2 3 3 0 3 2 0 0 2
15.788963298773702 2 2 3 3 0 3 2 0 3 2
15.788963298773702 2 2 3 3 0 3 2 3 0 2
27.46828699116051 2 2 3 3 0 3 2 3 3 2
-0.02999624976715535 2 2 3 3 3 0 1 0 0 1
10.520880075165628 2 2 3 3 3 0 1 0 3 1
10.52088007516563 2 2 3 3 3 0 1 3 0 1
123.85632439322623 2 2 3 3 3 0 1 3 3 1
-0.02999624976715535 2 2 3 3 3 0 2 0 0 2
10.52088007516563 2 2 3 3 3 0 2 0 3 2
10.52088007516563 2 2 3 3 3 0 2 3 0 2
123.85632439322623 2 2 3 3 3 0 2 3 3 2
14.318380406125545 2 2 3 3 3 3 1 0 0 1
95.9551224348776 2 2 3 3 3 3 1 0 3 1
95.95512243487758 2 2 3 3 3 3 1 3 0 1
-63726.34473132292 2 2 3 3 3 3 1 3 3 1
14.318380406125545 2 2 3 3 3 3 2 0 0 2
95.9551224348776 2 2 3 3 3 3 2 0 3 2
95.95512243487758 2 2 3 3 3 3 2 3 0 2
-63726.34473132293 2 2 3 3 3 3 2 3 3 2
-58.41772268815006 2 3 0 0 1 1 0 0 0 2
-7.112253376302298 2 3 0 0 1 1 0 0 3 2
-7.112253376302299 2 3 0 0 1 1 0 3 0 2
0.01755586883870515 2 3 0 0 1 1 0 3 3 2
-18.727570818088775 2 3 0 0 1 1 3 0 0 2
0.02761040337348491 2 3 0 0 1 1 3 0 3 2
0.02761040337348491 2 3 0 0 1 1 3 3 0 2
0.0038210953621314395 2 3 0 0 1 1 3 3 3 2
58.41772268815006 2 3 0 0 1 2 0 0 0 1
7.112253376302297 2 3 0 0 1 2 0 0 3 1
7.112253376302298 2 3 0 0 1 2 0 3 0 1
-0.01755586883870515 2 3 0 0 1 2 0 3 3 1
18.727570818088775 2 3 0 0 1 2 3 0 0 1
-0.02761040337348491 2 3 0 0 1 2 3 0 3 1
-0.02761040337348491 2 3 0 0 1 2 3 3 0 1
-0.0038210953621314395 2 3 0 0 1 2 3 3 3 1
0.0068790502006675185 2 3 0 0 2 0 0 0 3 0
0.0068790502006675185 2 3 0 0 2 0 0 3 0 0
0.05648936208596052 2 3 0 0 2 0 0 3 3 0
0.008578346842292243 2 3 0 0 2 0 0 3 3 3
0.004303953553532879 2 3 0 0 2 0 3 0 0 0
0.03634816350451023 2 3 0 0 2 0 3 0 3 0
0.005764314791994662 2 3 0 0 2 0 3 0 3 3
0.03634816350451023 2 3 0 0 2 0 3 3 0 0
0.005764314791994662 2 3 0 0 2 0 3 3 0 3
-14.057864446595046 2 3 0 0 2 0 3 3 3 0
0.04006101852021698 2 3 0 0 2 0 3 3 3 3
0.0017258670069004857 2 3 0 0 2 1 0 0 0 1
0.0003086127270687557 2 3 0 0 2 1 0 0 3 1
0.0003086127270687557 2 3 0 0 2 1 0 3 0 1
0.0006223117243750488 2 3 0 0 2 1 3 0 0 1
0.0017258670069004857 2 3 0 0 2 2 0 0 0 2
0.0003086127270687557 2 3 0 0 2 2 0 0 3 2
0.0003086127270687557 2 3 0 0 2 2 0 3 0 2
0.0006223117243750485 2 3 0 0 2 2 3 0 0 2
0.005939104345573843 2 3 0 0 2 3 0 0 0 0
0.0432378211860485 2 3 0 0 2 3 0 0 3 0
0.0071380049370070265 2 3 0 0 2 3 0 0 3 3
0.043237821186048506 2 3 0 0 2 3 0 3 0 0
0.007138004937007027 2 3 0 0 2 3 0 3 0 3
-16.442415415394386 2 3 0 0 2 3 0 3 3 0
0.04316518249777922 2 3 0 0 2 3 0 3 3 3
0.024692395279052173 2 3 0 0 2 3 3 0 0 0
0.004392259015786652 2 3 0 0 2 3 3 0 0 3
-9.587190271366218 2 3 0 0 2 3 3 0 3 0
0.027868852370721016 2 3 0 0 2 3 3 0 3 3
-9.587190271366218 2 3 0 0 2 3 3 3 0 0
0.027868852370721016 2 3 0 0 2 3 3 3 0 3
-68.61039140646679 2 3 0 0 2 3 3 3 3 0
-13.165869264425556 2 3 0 0 2 3 3 3 3 3
-85.5548847151398 2 3 0 1 0 1 0 0 2 0
-12.581604686299865 2 3 0 1 0 1 0 0 2 3
-11.268720749071205 2 3 0 1 0 1 0 3 2 0
0.022268795055363524 2 3 0 1 0 1 0 3 2 3
-14.56513273549189 2 3 0 1 0 1 3 0 2 0
0.023241304577081477 2 3 0 1 0 1 3 0 2 3
0.03058973540196493 2 3 0 1 0 1 3 3 2 0
0.0041881123198753084 2 3 0 1 0 1 3 3 2 3
85.5548847151398 2 3 0 1 0 2 0 0 1 0
12.581604686299865 2 3 0 1 0 2 0 0 1 3
11.268720749071205 2 3 0 1 0 2 0 3 1 0
-0.022268795055363524 2 3 0 1 0 2 0 3 1 3
14.565132735491888 2 3 0 1 0 2 3 0 1 0
-0.023241304577081477 2 3 0 1 0 2 3 0 1 3
-0.03058973540196493 2 3 0 1 0 2 3 3 1 0
-0.0041881123198753084 2 3 0 1 0 2 3 3 1 3
0.00012468308697369512 2 3 0 1 0 3 3 3 1 2
-0.00012468308697369512 2 3 0 1 0 3 3 3 2 1
0.00015632396244020326 2 3 0 1 3 0 3 3 1 2
-0.00015632396244020315 2 3 0 1 3 0 3 3 2 1
-9.292532044237417 2 3 0 1 3 1 0 0 2 0
0.017663728314839585 2 3 0 1 3 1 0 0 2 3
0.020334635079160102 2 3 0 1 3 1 0 3 2 0
0.004294854924369221 2 3 0 1 3 1 0 3 2 3
0.02324130457708148 2 3 0 1 3 1 3 0 2 0
0.004976805381329809 2 3 0 1 3 1 3 0 2 3
0.004336060650039669 2 3 0 1 3 1 3 3 2 0
9.292532044237417 2 3 0 1 3 2 0 0 1 0
-0.017663728314839585 2 3 0 1 3 2 0 0 1 3
-0.020334635079160102 2 3 0 1 3 2 0 3 1 0
-0.004294854924369221 2 3 0 1 3 2 0 3 1 3
-0.02324130457708148 2 3 0 1 3 2 3 0 1 0
-0.004976805381329809 2 3 0 1 3 2 3 0 1 3
-0.004336060650039669 2 3 0 1 3 2 3 3 1 0
0.00016647635130257355 2 3 0 1 3 3 0 3 1 2
-0.0001664763513025734 2 3 0 1 3 3 0 3 2 1
0.00012979299820664245 2 3 0 1 3 3 3 0 1 2
-0.0001297929982066425 2 3 0 1 3 3 3 0 2 1
0.0007733176958573101 2 3 0 1 3 3 3 3 1 2
-0.0007733176958573092 2 3 0 1 3 3 3 3 2 1
0.0016988358151495816 2 3 0 2 0 0 0 3 1 1
0.0016988358151495816 2 3 0 2 0 0 0 3 2 2
0.0020782811849695665 2 3 0 2 0 0 3 0 1 1
0.0020782811849695665 2 3 0 2 0 0 3 0 2 2
0.011441806381043248 2 3 0 2 0 0 3 3 1 1
0.011441806381043248 2 3 0 2 0 0 3 3 2 2
0.0033682799938859016 2 3 0 2 0 1 0 0 1 0
0.0004900723095571906 2 3 0 2 0 1 0 0 1 3
0.00048294860343364704 2 3 0 2 0 1 0 3 1 0
0.0008448317984186119 2 3 0 2 0 1 3 0 1 0
0.0033682799938859 2 3 0 2 0 2 0 0 2 0
0.0004900723095571902 2 3 0 2 0 2 0 0 2 3
0.0004829486034336468 2 3 0 2 0 2 0 3 2 0
0.000844831798418611 2 3 0 2 0 2 3 0 2 0
0.001923927751387762 2 3 0 2 0 3 0 0 1 1
0.001923927751387762 2 3 0 2 0 3 0 0 2 2
0.010011698031317327 2 3 0 2 0 3 0 3 1 1
0.010011698031317327 2 3 0 2 0 3 0 3 2 2
0.008876190111671666 2 3 0 2 0 3 3 0 1 1
0.008876190111671666 2 3 0 2 0 3 3 0 2 2
-4.9505972495889345 2 3 0 2 0 3 3 3 1 1
-4.950597249588935 2 3 0 2 0 3 3 3 2 2
0.0013276316601388211 2 3 0 2 3 0 0 0 1 1
0.0013276316601388211 2 3 0 2 3 0 0 0 2 2
0.010644127396589289 2 3 0 2 3 0 0 3 1 1
0.010644127396589289 2 3 0 2 3 0 0 3 2 2
0.013025351885804589 2 3 0 2 3 0 3 0 1 1
0.013025351885804589 2 3 0 2 3 0 3 0 2 2
-4.7485552182504795 2 3 0 2 3 0 3 3 1 1
-4.7485552182504795 2 3 0 2 3 0 3 3 2 2
0.0004319348086105108 2 3 0 2 3 1 0 0 1 0
0.0004319348086105108 2 3 0 2 3 2 0 0 2 0
0.011892108328989678 2 3 0 2 3 3 0 0 1 1
0.011892108328989678 2 3 0 2 3 3 0 0 2 2
-4.764987247282464 2 3 0 2 3 3 0 3 1 1
-4.764987247282464 2 3 0 2 3 3 0 3 2 2
-5.503294827318649 2 3 0 2 3 3 3 0 1 1
-5.503294827318649 2 3 0 2 3 3 3 0 2 2
-30.2073417229061 2 3 0 2 3 3 3 3 1 1
-30.2073417229061 2 3 0 2 3 3 3 3 2 2
-7.602589629617637 2 3 0 3 1 1 0 0 0 2
0.020541405988419973 2 3 0 3 1 1 0 0 3 2
0.018611094949824526 2 3 0 3 1 1 0 3 0 2
0.002900674433613037 2 3 0 3 1 1 0 3 3 2
0.027610403373484915 2 3 0 3 1 1 3 0 0 2
0.004411004883368094 2 3 0 3 1 1 3 0 3 2
0.003968415759155536 2 3 0 3 1 1 3 3 0 2
7.602589629617637 2 3 0 3 1 2 0 0 0 1
-0.020541405988419973 2 3 0 3 1 2 0 0 3 1
-0.018611094949824526 2 3 0 3 1 2 0 3 0 1
-0.002900674433613037 2 3 0 3 1 2 0 3 3 1
-0.027610403373484915 2 3 0 3 1 2 3 0 0 1
-0.004411004883368094 2 3 0 3 1 2 3 0 3 1
-0.003968415759155536 2 3 0 3 1 2 3 3 0 1
0.005098365905588577 2 3 0 3 2 0 0 0 0 0
0.04260169774262249 2 3 0 3 2 0 0 0 3 0
0.006489560298559659 2 3 0 3 2 0 0 0 3 3
0.042807862009565704 2 3 0 3 2 0 0 3 0 0
0.006500266420832717 2 3 0 3 2 0 0 3 0 3
-15.62440743143164 2 3 0 3 2 0 0 3 3 0
0.04614497967191101 2 3 0 3 2 0 0 3 3 3
0.02332281161870564 2 3 0 3 2 0 3 0 0 0
0.0036860336070250977 2 3 0 3 2 0 3 0 0 3
-7.49615325279271 2 3 0 3 2 0 3 0 3 0
0.027601170949963203 2 3 0 3 2 0 3 0 3 3
-8.705037403239599 2 3 0 3 2 0 3 3 0 0
0.02827986507610356 2 3 0 3 2 0 3 3 0 3
-81.8250367767132 2 3 0 3 2 0 3 3 3 0
-13.263443683944368 2 3 0 3 2 0 3 3 3 3
0.0002867849932684277 2 3 0 3 2 1 0 0 0 1
0.0002867849932684277 2 3 0 3 2 2 0 0 0 2
0.03092087742198061 2 3 0 3 2 3 0 0 0 0
0.0052603263102694465 2 3 0 3 2 3 0 0 0 3
-12.462873713975558 2 3 0 3 2 3 0 0 3 0
0.03323948108257351 2 3 0 3 2 3 0 0 3 3
-11.668330888320012 2 3 0 3 2 3 0 3 0 0
0.033329015170347615 2 3 0 3 2 3 0 3 0 3
-93.85365019493351 2 3 0 3 2 3 0 3 3 0
-15.70104692506875 2 3 0 3 2 3 0 3 3 3
-4.084025237045783 2 3 0 3 2 3 3 0 0 0
0.01899266225904935 2 3 0 3 2 3 3 0 0 3
-40.04169348106614 2 3 0 3 2 3 3 0 3 0
-7.571061436214559 2 3 0 3 2 3 3 0 3 3
-38.94974755211706 2 3 0 3 2 3 3 3 0 0
-8.000633261644616 2 3 0 3 2 3 3 3 0 3
19435.164257414846 2 3 0 3 2 3 3 3 3 0
-43.53833964970892 2 3 0 3 2 3 3 3 3 3
-85.5548847151398 2 3 1 0 0 1 0 2 0 0
-12.581604686299865 2 3 1 0 0 1 0 2 0 3
-11.268720749071205 2 3 1 0 0 1 0 2 3 0
0.022268795055363524 2 3 1 0 0 1 0 2 3 3
-14.56513273549189 2 3 1 0 0 1 3 2 0 0
0.023241304577081477 2 3 1 0 0 1 3 2 0 3
0.03058973540196493 2 3 1 0 0 1 3 2 3 0
0.0041881123198753084 2 3 1 0 0 1 3 2 3 3
85.5548847151398 2 3 1 0 0 2 0 1 0 0
12.581604686299865 2 3 1 0 0 2 0 1 0 3
11.268720749071205 2 3 1 0 0 2 0 1 3 0
-0.022268795055363524 2 3 1 0 0 2 0 1 3 3
14.565132735491888 2 3 1 0 0 2 3 1 0 0
-0.023241304577081477 2 3 1 0 0 2 3 1 0 3
-0.03058973540196493 2 3 1 0 0 2 3 1 3 0
-0.0041881123198753084 2 3 1 0 0 2 3 1 3 3
0.00012468308697369512 2 3 1 0 0 3 3 1 3 2
-0.00012468308697369512 2 3 1 0 0 3 3 2 3 1
0.00015632396244020326 2 3 1 0 3 0 3 1 3 2
-0.00015632396244020326 2 3 1 0 3 0 3 2 3 1
-9.292532044237415 2 3 1 0 3 1 0 2 0 0
0.017663728314839585 2 3 1 0 3 1 0 2 0 3
0.020334635079160102 2 3 1 0 3 1 0 2 3 0
0.004294854924369221 2 3 1 0 3 1 0 2 3 3
0.02324130457708148 2 3 1 0 3 1 3 2 0 0
0.004976805381329809 2 3 1 0 3 1 3 2 0 3
0.004336060650039669 2 3 1 0 3 1 3 2 3 0
9.292532044237415 2 3 1 0 3 2 0 1 0 0
-0.017663728314839585 2 3 1 0 3 2 0 1 0 3
-0.020334635079160102 2 3 1 0 3 2 0 1 3 0
-0.004294854924369221 2 3 1 0 3 2 0 1 3 3
-0.02324130457708148 2 3 1 0 3 2 3 1 0 0
-0.004976805381329809 2 3 1 0 3 2 3 1 0 3
-0.004336060650039669 2 3 1 0 3 2 3 1 3 0
0.00016647635130257355 2 3 1 0 3 3 0 1 3 2
-0.00016647635130257344 2 3 1 0 3 3 0 2 3 1
0.0001297929982066426 2 3 1 0 3 3 3 1 0 2
0.0007733176958573092 2 3 1 0 3 3 3 1 3 2
-0.0001297929982066426 2 3 1 0 3 3 3 2 0 1
-0.0007733176958573092 2 3 1 0 3 3 3 2 3 1
-4.467771223414073e-05 2 3 1 1 2 0 3 1 1 0
-4.4677712234140744e-05 2 3 1 1 2 0 3 2 2 0
-0.0005428000211361458 2 3 1 1 2 1 0 1 2 2
-0.0005428000211361458 2 3 1 1 2 1 0 2 1 2
0.0010856000422722915 2 3 1 1 2 1 0 2 2 1
-0.00014794833016436022 2 3 1 1 2 1 3 1 2 2
-0.00014794833016436022 2 3 1 1 2 1 3 2 1 2
0.00029589666032872044 2 3 1 1 2 1 3 2 2 1
0.0010856000422722915 2 3 1 1 2 2 0 1 1 2
-0.0005428000211361458 2 3 1 1 2 2 0 1 2 1
-0.0005428000211361458 2 3 1 1 2 2 0 2 1 1
0.00029589666032872044 2 3 1 1 2 2 3 1 1 2
-0.00014794833016436022 2 3 1 1 2 2 3 1 2 1
-0.00014794833016436022 2 3 1 1 2 2 3 2 1 1
6.0643997979654e-05 2 3 1 1 2 3 0 1 1 0
6.0643997979654e-05 2 3 1 1 2 3 0 2 2 0
0.0002921612472883083 2 3 1 1 2 3 3 1 1 0
5.991930942608895e-05 2 3 1 1 2 3 3 1 1 3
0.0002921612472883083 2 3 1 1 2 3 3 2 2 0
5.991930942608895e-05 2 3 1 1 2 3 3 2 2 3
5.8603868277159333e-05 2 3 1 2 1 0 3 1 1 0
5.8603868277159333e-05 2 3 1 2 1 0 3 2 2 0
-0.0006937555087296451 2 3 1 2 1 1 0 1 2 2
0.0012365555298657909 2 3 1 2 1 1 0 2 1 2
-0.0005428000211361458 2 3 1 2 1 1 0 2 2 1
-0.00014732039702409694 2 3 1 2 1 1 3 1 2 2
0.00029526872718845724 2 3 1 2 1 1 3 2 1 2
-0.00014794833016436022 2 3 1 2 1 1 3 2 2 1
-0.0005428000211361458 2 3 1 2 1 2 0 1 1 2
0.0012365555298657909 2 3 1 2 1 2 0 1 2 1
-0.0006937555087296451 2 3 1 2 1 2 0 2 1 1
-0.00014794833016436022 2 3 1 2 1 2 3 1 1 2
0.00029526872718845724 2 3 1 2 1 2 3 1 2 1
-0.00014732039702409694 2 3 1 2 1 2 3 2 1 1
-1.5752140131924352e-05 2 3 1 2 1 3 0 1 1 0
-1.575214013192434e-05 2 3 1 2 1 3 0 2 2 0
-0.00034057486130410026 2 3 1 2 1 3 3 1 1 0
-3.744287337921636e-05 2 3 1 2 1 3 3 1 1 3
-0.00034057486130410026 2 3 1 2 1 3 3 2 2 0
-3.744287337921636e-05 2 3 1 2 1 3 3 2 2 3
0.00010308213347161644 2 3 1 2 2 0 0 1 2 0
5.353061136530308e-06 2 3 1 2 2 0 0 1 2 3
-0.00010308213347161644 2 3 1 2 2 0 0 2 1 0
-5.353061136530308e-06 2 3 1 2 2 0 0 2 1 3
-0.6044420752234508 2 3 1 2 2 0 3 1 2 0
0.00033934706307018123 2 3 1 2 2 0 3 1 2 3
0.6044420752234508 2 3 1 2 2 0 3 2 1 0
-0.00033934706307018123 2 3 1 2 2 0 3 2 1 3
0.3972714128277676 2 3 1 2 2 3 0 1 2 0
4.476704388705504e-05 2 3 1 2 2 3 0 1 2 3
-0.3972714128277676 2 3 1 2 2 3 0 2 1 0
-4.476704388705504e-05 2 3 1 2 2 3 0 2 1 3
0.5459729644745343 2 3 1 2 2 3 3 1 2 0
-0.2147859127150287 2 3 1 2 2 3 3 1 2 3
-0.5459729644745341 2 3 1 2 2 3 3 2 1 0
0.21478591271502867 2 3 1 2 2 3 3 2 1 3
0.0001522596019168488 2 3 1 3 0 0 3 1 3 2
-0.0001522596019168488 2 3 1 3 0 0 3 2 3 1
-10.277769683173025 2 3 1 3 0 1 0 2 0 0
0.02257395535357398 2 3 1 3 0 1 0 2 0 3
0.028126117519086717 2 3 1 3 0 1 0 2 3 0
0.004355926065561937 2 3 1 3 0 1 0 2 3 3
0.030589735401964933 2 3 1 3 0 1 3 2 0 0
0.004336060650039668 2 3 1 3 0 1 3 2 0 3
0.004531763687925234 2 3 1 3 0 1 3 2 3 0
10.277769683173025 2 3 1 3 0 2 0 1 0 0
-0.02257395535357398 2 3 1 3 0 2 0 1 0 3
-0.028126117519086717 2 3 1 3 0 2 0 1 3 0
-0.004355926065561937 2 3 1 3 0 2 0 1 3 3
-0.030589735401964933 2 3 1 3 0 2 3 1 0 0
-0.004336060650039668 2 3 1 3 0 2 3 1 0 3
-0.004531763687925234 2 3 1 3 0 2 3 1 3 0
0.00013127786203694525 2 3 1 3 0 3 0 1 3 2
-0.00013127786203694525 2 3 1 3 0 3 0 2 3 1
0.0001621259603529113 2 3 1 3 0 3 3 1 0 2
5.084215864709866e-05 2 3 1 3 0 3 3 1 3 2
-0.0001621259603529114 2 3 1 3 0 3 3 2 0 1
-5.084215864709866e-05 2 3 1 3 0 3 3 2 3 1
0.00016381285773405668 2 3 1 3 3 0 0 1 3 2
-0.00016381285773405657 2 3 1 3 3 0 0 2 3 1
9.772009416304393e-05 2 3 1 3 3 0 3 1 0 2
0.001099296055036468 2 3 1 3 3 0 3 1 3 2
-9.772009416304393e-05 2 3 1 3 3 0 3 2 0 1
-0.001099296055036468 2 3 1 3 3 0 3 2 3 1
0.01955419533509826 2 3 1 3 3 1 0 2 0 0
0.004137827659117861 2 3 1 3 3 1 0 2 0 3
0.0038966130742350835 2 3 1 3 3 1 0 2 3 0
0.004188112319875308 2 3 1 3 3 1 3 2 0 0
-0.01955419533509826 2 3 1 3 3 2 0 1 0 0
-0.004137827659117861 2 3 1 3 3 2 0 1 0 3
-0.0038966130742350835 2 3 1 3 3 2 0 1 3 0
-0.004188112319875308 2 3 1 3 3 2 3 1 0 0
0.00015138057741570076 2 3 1 3 3 3 0 1 0 2
0.000668112167469378 2 3 1 3 3 3 0 1 3 2
-0.00015138057741570076 2 3 1 3 3 3 0 2 0 1
-0.000668112167469378 2 3 1 3 3 3 0 2 3 1
0.001113892557161409 2 3 1 3 3 3 3 1 0 2
-1.3174117325034311 2 3 1 3 3 3 3 1 3 2
-0.001113892557161409 2 3 1 3 3 3 3 2 0 1
1.317411732503431 2 3 1 3 3 3 3 2 3 1
0.0016988358151495816 2 3 2 0 0 0 0 1 3 1
0.0016988358151495816 2 3 2 0 0 0 0 2 3 2
0.002078281184969566 2 3 2 0 0 0 3 1 0 1
0.011441806381043248 2 3 2 0 0 0 3 1 3 1
0.002078281184969566 2 3 2 0 0 0 3 2 0 2
0.011441806381043248 2 3 2 0 0 0 3 2 3 2
0.0033682799938859 2 3 2 0 0 1 0 1 0 0
0.0004900723095571906 2 3 2 0 0 1 0 1 0 3
0.0004829486034336468 2 3 2 0 0 1 0 1 3 0
0.0008448317984186115 2 3 2 0 0 1 3 1 0 0
0.0033682799938859 2 3 2 0 0 2 0 2 0 0
0.0004900723095571902 2 3 2 0 0 2 0 2 0 3
0.00048294860343364704 2 3 2 0 0 2 0 2 3 0
0.0008448317984186115 2 3 2 0 0 2 3 2 0 0
0.0019239277513877623 2 3 2 0 0 3 0 1 0 1
0.010011698031317325 2 3 2 0 0 3 0 1 3 1
0.0019239277513877623 2 3 2 0 0 3 0 2 0 2
0.010011698031317325 2 3 2 0 0 3 0 2 3 2
0.008876190111671666 2 3 2 0 0 3 3 1 0 1
-4.9505972495889345 2 3 2 0 0 3 3 1 3 1
0.008876190111671666 2 3 2 0 0 3 3 2 0 2
-4.950597249588935 2 3 2 0 0 3 3 2 3 2
0.0013276316601388211 2 3 2 0 3 0 0 1 0 1
0.010644127396589289 2 3 2 0 3 0 0 1 3 1
0.0013276316601388211 2 3 2 0 3 0 0 2 0 2
0.010644127396589289 2 3 2 0 3 0 0 2 3 2
0.013025351885804589 2 3 2 0 3 0 3 1 0 1
-4.7485552182504795 2 3 2 0 3 0 3 1 3 1
0.013025351885804589 2 3 2 0 3 0 3 2 0 2
-4.7485552182504795 2 3 2 0 3 0 3 2 3 2
0.0004319348086105108 2 3 2 0 3 1 0 1 0 0
0.0004319348086105108 2 3 2 0 3 2 0 2 0 0
0.011892108328989678 2 3 2 0 3 3 0 1 0 1
-4.7649872472824635 2 3 2 0 3 3 0 1 3 1
0.011892108328989678 2 3 2 0 3 3 0 2 0 2
-4.764987247282464 2 3 2 0 3 3 0 2 3 2
-5.503294827318648 2 3 2 0 3 3 3 1 0 1
-30.2073417229061 2 3 2 0 3 3 3 1 3 1
-5.503294827318648 2 3 2 0 3 3 3 2 0 2
-30.2073417229061 2 3 2 0 3 3 3 2 3 2
5.860386827715934e-05 2 3 2 1 1 0 3 1 1 0
5.8603868277159333e-05 2 3 2 1 1 0 3 2 2 0
0.0012365555298657909 2 3 2 1 1 1 0 1 2 2
-0.0006937555087296451 2 3 2 1 1 1 0 2 1 2
-0.0005428000211361458 2 3 2 1 1 1 0 2 2 1
0.00029526872718845724 2 3 2 1 1 1 3 1 2 2
-0.00014732039702409694 2 3 2 1 1 1 3 2 1 2
-0.00014794833016436022 2 3 2 1 1 1 3 2 2 1
-0.0005428000211361458 2 3 2 1 1 2 0 1 1 2
-0.0006937555087296451 2 3 2 1 1 2 0 1 2 1
0.0012365555298657909 2 3 2 1 1 2 0 2 1 1
-0.00014794833016436022 2 3 2 1 1 2 3 1 1 2
-0.00014732039702409694 2 3 2 1 1 2 3 1 2 1
0.00029526872718845724 2 3 2 1 1 2 3 2 1 1
-1.575214013192434e-05 2 3 2 1 1 3 0 1 1 0
-1.5752140131924352e-05 2 3 2 1 1 3 0 2 2 0
-0.00034057486130410026 2 3 2 1 1 3 3 1 1 0
-3.744287337921636e-05 2 3 2 1 1 3 3 1 1 3
-0.00034057486130410026 2 3 2 1 1 3 3 2 2 0
-3.744287337921633e-05 2 3 2 1 1 3 3 2 2 3
-0.00010308213347161644 2 3 2 1 2 0 0 1 2 0
-5.353061136530308e-06 2 3 2 1 2 0 0 1 2 3
0.00010308213347161644 2 3 2 1 2 0 0 2 1 0
5.353061136530308e-06 2 3 2 1 2 0 0 2 1 3
0.6044420752234508 2 3 2 1 2 0 3 1 2 0
-0.00033934706307018123 2 3 2 1 2 0 3 1 2 3
-0.6044420752234508 2 3 2 1 2 0 3 2 1 0
0.00033934706307018123 2 3 2 1 2 0 3 2 1 3
-0.3972714128277676 2 3 2 1 2 3 0 1 2 0
-4.476704388705504e-05 2 3 2 1 2 3 0 1 2 3
0.3972714128277676 2 3 2 1 2 3 0 2 1 0
4.476704388705504e-05 2 3 2 1 2 3 0 2 1 3
-0.5459729644745341 2 3 2 1 2 3 3 1 2 0
0.21478591271502867 2 3 2 1 2 3 3 1 2 3
0.545972964474534 2 3 2 1 2 3 3 2 1 0
-0.21478591271502867 2 3 2 1 2 3 3 2 1 3
7.253002432017788e-05 2 3 2 2 2 0 3 1 1 0
7.253002432017788e-05 2 3 2 2 2 0 3 2 2 0
2.9139717715805326e-05 2 3 2 2 2 3 0 1 1 0
2.9139717715805326e-05 2 3 2 2 2 3 0 2 2 0
-0.00038898847531989195 2 3 2 2 2 3 3 1 1 0
-1.4966437332343786e-05 2 3 2 2 2 3 3 1 1 3
-0.00038898847531989195 2 3 2 2 2 3 3 2 2 0
-1.496643733234378e-05 2 3 2 2 2 3 3 2 2 3
0.0016118152782443637 2 3 2 3 0 0 0 1 0 1
0.012478583514277641 2 3 2 3 0 0 0 1 3 1
0.0016118152782443637 2 3 2 3 0 0 0 2 0 2
0.012478583514277641 2 3 2 3 0 0 0 2 3 2
0.011441806381043244 2 3 2 3 0 0 3 1 0 1
-6.647412121307905 2 3 2 3 0 0 3 1 3 1
0.011441806381043244 2 3 2 3 0 0 3 2 0 2
-6.647412121307904 2 3 2 3 0 0 3 2 3 2
0.0004300393448976669 2 3 2 3 0 1 0 1 0 0
0.0004300393448976669 2 3 2 3 0 2 0 2 0 0
0.009905399908807054 2 3 2 3 0 3 0 1 0 1
-5.726216786888863 2 3 2 3 0 3 0 1 3 1
0.009905399908807054 2 3 2 3 0 3 0 2 0 2
-5.726216786888863 2 3 2 3 0 3 0 2 3 2
-4.950634692462314 2 3 2 3 0 3 3 1 0 1
-10.16132583501368 2 3 2 3 0 3 3 1 3 1
-4.950634692462314 2 3 2 3 0 3 3 2 0 2
-10.16132583501368 2 3 2 3 0 3 3 2 3 2
0.010203131607733434 2 3 2 3 3 0 0 1 0 1
-1.6637878948970237 2 3 2 3 3 0 0 1 3 1
0.010203131607733434 2 3 2 3 3 0 0 2 0 2
-1.6637878948970237 2 3 2 3 3 0 0 2 3 2
-4.748496614382203 2 3 2 3 3 0 3 1 0 1
-42.23251743468026 2 3 2 3 3 0 3 1 3 1
-4.748496614382203 2 3 2 3 3 0 3 2 0 2
-42.232517434680254 2 3 2 3 3 0 3 2 3 2
-4.346001048927974 2 3 2 3 3 3 0 1 0 1
-36.17350316219006 2 3 2 3 3 3 0 1 3 1
-4.346001048927974 2 3 2 3 3 3 0 2 0 2
-36.17350316219006 2 3 2 3 3 3 0 2 3 2
-30.20768229776739 2 3 2 3 3 3 3 1 0 1
20064.508141378625 2 3 2 3 3 3 3 1 3 1
-30.20768229776739 2 3 2 3 3 3 3 2 0 2
20064.508141378625 2 3 2 3 3 3 3 2 3 2
-7.602589629617637 2 3 3 0 1 1 0 0 0 2
0.018611094949824526 2 3 3 0 1 1 0 0 3 2
0.020541405988419973 2 3 3 0 1 1 0 3 0 2
0.0029006744336130376 2 3 3 0 1 1 0 3 3 2
0.027610403373484915 2 3 3 0 1 1 3 0 0 2
0.003968415759155536 2 3 3 0 1 1 3 0 3 2
0.0044110048833680944 2 3 3 0 1 1 3 3 0 2
7.602589629617637 2 3 3 0 1 2 0 0 0 1
-0.018611094949824526 2 3 3 0 1 2 0 0 3 1
-0.020541405988419973 2 3 3 0 1 2 0 3 0 1
-0.0029006744336130376 2 3 3 0 1 2 0 3 3 1
-0.027610403373484915 2 3 3 0 1 2 3 0 0 1
-0.003968415759155536 2 3 3 0 1 2 3 0 3 1
-0.0044110048833680944 2 3 3 0 1 2 3 3 0 1
0.005098365905588577 2 3 3 0 2 0 0 0 0 0
0.0428078620095657 2 3 3 0 2 0 0 0 3 0
0.006500266420832716 2 3 3 0 2 0 0 0 3 3
0.04260169774262249 2 3 3 0 2 0 0 3 0 0
0.006489560298559659 2 3 3 0 2 0 0 3 0 3
-15.624407431431639 2 3 3 0 2 0 0 3 3 0
0.04614497967191101 2 3 3 0 2 0 0 3 3 3
0.02332281161870564 2 3 3 0 2 0 3 0 0 0
0.0036860336070250977 2 3 3 0 2 0 3 0 0 3
-8.705037403239599 2 3 3 0 2 0 3 0 3 0
0.028279865076103562 2 3 3 0 2 0 3 0 3 3
-7.496153252792709 2 3 3 0 2 0 3 3 0 0
0.027601170949963203 2 3 3 0 2 0 3 3 0 3
-81.82503677671322 2 3 3 0 2 0 3 3 3 0
-13.263443683944368 2 3 3 0 2 0 3 3 3 3
0.0002867849932684277 2 3 3 0 2 1 0 0 0 1
0.0002867849932684277 2 3 3 0 2 2 0 0 0 2
0.030920877421980603 2 3 3 0 2 3 0 0 0 0
0.0052603263102694465 2 3 3 0 2 3 0 0 0 3
-11.66833088832001 2 3 3 0 2 3 0 0 3 0
0.033329015170347615 2 3 3 0 2 3 0 0 3 3
-12.462873713975558 2 3 3 0 2 3 0 3 0 0
0.03323948108257351 2 3 3 0 2 3 0 3 0 3
-93.85365019493351 2 3 3 0 2 3 0 3 3 0
-15.70104692506875 2 3 3 0 2 3 0 3 3 3
-4.0840252370457835 2 3 3 0 2 3 3 0 0 0
0.01899266225904935 2 3 3 0 2 3 3 0 0 3
-38.94974755211705 2 3 3 0 2 3 3 0 3 0
-8.000633261644618 2 3 3 0 2 3 3 0 3 3
-40.04169348106613 2 3 3 0 2 3 3 3 0 0
-7.571061436214559 2 3 3 0 2 3 3 3 0 3
19435.164257414846 2 3 3 0 2 3 3 3 3 0
-43.53833964970893 2 3 3 0 2 3 3 3 3 3
0.00015225960191684885 2 3 3 1 0 0 3 3 1 2
-0.00015225960191684885 2 3 3 1 0 0 3 3 2 1
-10.277769683173025 2 3 3 1 0 1 0 0 2 0
0.02257395535357398 2 3 3 1 0 1 0 0 2 3
0.028126117519086717 2 3 3 1 0 1 0 3 2 0
0.004355926065561937 2 3 3 1 0 1 0 3 2 3
0.030589735401964933 2 3 3 1 0 1 3 0 2 0
0.004336060650039668 2 3 3 1 0 1 3 0 2 3
0.004531763687925234 2 3 3 1 0 1 3 3 2 0
10.277769683173025 2 3 3 1 0 2 0 0 1 0
-0.02257395535357398 2 3 3 1 0 2 0 0 1 3
-0.028126117519086717 2 3 3 1 0 2 0 3 1 0
-0.004355926065561937 2 3 3 1 0 2 0 3 1 3
-0.030589735401964933 2 3 3 1 0 2 3 0 1 0
-0.004336060650039668 2 3 3 1 0 2 3 0 1 3
-0.004531763687925234 2 3 3 1 0 2 3 3 1 0
0.00013127786203694525 2 3 3 1 0 3 0 3 1 2
-0.00013127786203694515 2 3 3 1 0 3 0 3 2 1
0.0001621259603529113 2 3 3 1 0 3 3 0 1 2
-0.0001621259603529113 2 3 3 1 0 3 3 0 2 1
5.084215864709866e-05 2 3 3 1 0 3 3 3 1 2
-5.084215864709866e-05 2 3 3 1 0 3 3 3 2 1
0.00016381285773405668 2 3 3 1 3 0 0 3 1 2
-0.00016381285773405657 2 3 3 1 3 0 0 3 2 1
9.772009416304393e-05 2 3 3 1 3 0 3 0 1 2
-9.772009416304393e-05 2 3 3 1 3 0 3 0 2 1
0.001099296055036468 2 3 3 1 3 0 3 3 1 2
-0.001099296055036468 2 3 3 1 3 0 3 3 2 1
0.019554195335098258 2 3 3 1 3 1 0 0 2 0
0.00413782765911786 2 3 3 1 3 1 0 0 2 3
0.003896613074235083 2 3 3 1 3 1 0 3 2 0
0.0041881123198753084 2 3 3 1 3 1 3 0 2 0
-0.019554195335098258 2 3 3 1 3 2 0 0 1 0
-0.00413782765911786 2 3 3 1 3 2 0 0 1 3
-0.003896613074235083 2 3 3 1 3 2 0 3 1 0
-0.0041881123198753084 2 3 3 1 3 2 3 0 1 0
0.00015138057741570076 2 3 3 1 3 3 0 0 1 2
-0.00015138057741570076 2 3 3 1 3 3 0 0 2 1
0.000668112167469378 2 3 3 1 3 3 0 3 1 2
-0.000668112167469378 2 3 3 1 3 3 0 3 2 1
0.00111389255716141 2 3 3 1 3 3 3 0 1 2
-0.001113892557161409 2 3 3 1 3 3 3 0 2 1
-1.3174117325034314 2 3 3 1 3 3 3 3 1 2
1.317411732503431 2 3 3 1 3 3 3 3 2 1
0.0016118152782443637 2 3 3 2 0 0 0 0 1 1
0.0016118152782443637 2 3 3 2 0 0 0 0 2 2
0.012478583514277641 2 3 3 2 0 0 0 3 1 1
0.012478583514277641 2 3 3 2 0 0 0 3 2 2
0.011441806381043244 2 3 3 2 0 0 3 0 1 1
0.011441806381043244 2 3 3 2 0 0 3 0 2 2
-6.647412121307905 2 3 3 2 0 0 3 3 1 1
-6.647412121307904 2 3 3 2 0 0 3 3 2 2
0.00043003934489766697 2 3 3 2 0 1 0 0 1 0
0.00043003934489766697 2 3 3 2 0 2 0 0 2 0
0.009905399908807054 2 3 3 2 0 3 0 0 1 1
0.009905399908807054 2 3 3 2 0 3 0 0 2 2
-5.726216786888863 2 3 3 2 0 3 0 3 1 1
-5.726216786888863 2 3 3 2 0 3 0 3 2 2
-4.950634692462314 2 3 3 2 0 3 3 0 1 1
-4.950634692462315 2 3 3 2 0 3 3 0 2 2
-10.16132583501368 2 3 3 2 0 3 3 3 1 1
-10.16132583501368 2 3 3 2 0 3 3 3 2 2
0.010203131607733434 2 3 3 2 3 0 0 0 1 1
0.010203131607733434 2 3 3 2 3 0 0 0 2 2
-1.6637878948970237 2 3 3 2 3 0 0 3 1 1
-1.6637878948970237 2 3 3 2 3 0 0 3 2 2
-4.748496614382203 2 3 3 2 3 0 3 0 1 1
-4.748496614382203 2 3 3 2 3 0 3 0 2 2
-42.23251743468026 2 3 3 2 3 0 3 3 1 1
-42.232517434680254 2 3 3 2 3 0 3 3 2 2
-4.346001048927974 2 3 3 2 3 3 0 0 1 1
-4.346001048927973 2 3 3 2 3 3 0 0 2 2
-36.17350316219006 2 3 3 2 3 3 0 3 1 1
-36.17350316219006 2 3 3 2 3 3 0 3 2 2
-30.20768229776739 2 3 3 2 3 3 3 0 1 1
-30.20768229776739 2 3 3 2 3 3 3 0 2 2
20064.508141378625 2 3 3 2 3 3 3 3 1 1
20064.508141378625 2 3 3 2 3 3 3 3 2 2
0.018278810043484615 2 3 3 3 1 1 0 0 0 2
0.0029468214420339685 2 3 3 3 1 1 0 0 3 2
0.0029468214420339685 2 3 3 3 1 1 0 3 0 2
0.003821095362131439 2 3 3 3 1 1 3 0 0 2
-0.018278810043484615 2 3 3 3 1 2 0 0 0 1
-0.0029468214420339685 2 3 3 3 1 2 0 0 3 1
-0.0029468214420339685 2 3 3 3 1 2 0 3 0 1
-0.003821095362131439 2 3 3 3 1 2 3 0 0 1
0.03021451777782583 2 3 3 3 2 0 0 0 0 0
0.004606933195456684 2 3 3 3 2 0 0 0 0 3
-10.755525279684113 2 3 3 3 2 0 0 0 3 0
0.03344295145737685 2 3 3 3 2 0 0 0 3 3
-10.755525279684111 2 3 3 3 2 0 0 3 0 0
0.03344295145737685 2 3 3 3 2 0 0 3 0 3
-109.55958534973102 2 3 3 3 2 0 0 3 3 0
-15.617615437258346 2 3 3 3 2 0 0 3 3 3
-4.561066658018966 2 3 3 3 2 0 3 0 0 0
0.017177405758130496 2 3 3 3 2 0 3 0 0 3
-39.59361863808797 2 3 3 3 2 0 3 0 3 0
-6.616183822238388 2 3 3 3 2 0 3 0 3 3
-39.593618638087975 2 3 3 3 2 0 3 3 0 0
-6.616183822238388 2 3 3 3 2 0 3 3 0 3
21265.07046406485 2 3 3 3 2 0 3 3 3 0
-48.37547742603969 2 3 3 3 2 0 3 3 3 3
-6.93755595703561 2 3 3 3 2 3 0 0 0 0
0.023794978175710677 2 3 3 3 2 3 0 0 0 3
-56.76571479516552 2 3 3 3 2 3 0 0 3 0
-10.544169793920938 2 3 3 3 2 3 0 0 3 3
-56.76571479516552 2 3 3 3 2 3 0 3 0 0
-10.54416979392094 2 3 3 3 2 3 0 3 0 3
31965.255277018896 2 3 3 3 2 3 0 3 3 0
-52.27380974531765 2 3 3 3 2 3 0 3 3 3
-8.197254596046308 2 3 3 3 2 3 3 0 0 0
-3.2649241314216306 2 3 3 3 2 3 3 0 0 3
-628.0264722312592 2 3 3 3 2 3 3 0 3 0
-33.37706465685387 2 3 3 3 2 3 3 0 3 3
-628.0264722312592 2 3 3 3 2 3 3 3 0 0
-33.37706465685387 2 3 3 3 2 3 3 3 0 3
43848.51654724757 2 3 3 3 2 3 3 3 3 0
15696.421593422874 2 3 3 3 2 3 3 3 3 3
2199770.859668487 3 0 0 0 0 0 0 0 0 0
268760.52671847836 3 0 0 0 0 0 0 0 0 3
258663.16182912228 3 0 0 0 0 0 0 0 3 0
-1026.9192472118884 3 0 0 0 0 0 0 0 3 3
258663.16182912225 3 0 0 0 0 0 0 3 0 0
-1026.9192472118884 3 0 0 0 0 0 0 3 0 3
-1284.0364892160226 3 0 0 0 0 0 0 3 3 0
-178.78243068615322 3 0 0 0 0 0 0 3 3 3
269350.9672856019 3 0 0 0 0 0 3 0 0 0
-1070.9414731141303 3 0 0 0 0 0 3 0 0 3
-1361.2789877712303 3 0 0 0 0 0 3 0 3 0
-174.18987227373088 3 0 0 0 0 0 3 0 3 3
-1361.2789877712303 3 0 0 0 0 0 3 3 0 0
-174.18987227373088 3 0 0 0 0 0 3 3 0 3
-173.86169853366644 3 0 0 0 0 0 3 3 3 0
0.6298004300373362 3 0 0 0 0 0 3 3 3 3
0.004606933195456685 3 0 0 0 0 1 3 3 3 1
0.004606933195456685 3 0 0 0 0 2 3 3 3 2
262572.63325852016 3 0 0 0 0 3 0 0 0 0
-1140.9263788028875 3 0 0 0 0 3 0 0 0 3
-1357.7069423012847 3 0 0 0 0 3 0 0 3 0
-168.22522187387725 3 0 0 0 0 3 0 0 3 3
-1357.706942301285 3 0 0 0 0 3 0 3 0 0
-168.22522187387727 3 0 0 0 0 3 0 3 0 3
-160.92986501815966 3 0 0 0 0 3 0 3 3 0
0.626586105151199 3 0 0 0 0 3 0 3 3 3
-1364.67509792756 3 0 0 0 0 3 3 0 0 0
-155.94265431207262 3 0 0 0 0 3 3 0 0 3
-149.6551777427349 3 0 0 0 0 3 3 0 3 0
0.6212317826747104 3 0 0 0 0 3 3 0 3 3
-149.6551777427349 3 0 0 0 0 3 3 3 0 0
0.6212317826747104 3 0 0 0 0 3 3 3 0 3
0.6866175680702636 3 0 0 0 0 3 3 3 3 0
0.08722948449331464 3 0 0 0 0 3 3 3 3 3
236354.63132000976 3 0 0 0 3 0 0 0 0 0
-813.0332714621574 3 0 0 0 3 0 0 0 0 3
-1023.1713198260122 3 0 0 0 3 0 0 0 3 0
-189.14338777964943 3 0 0 0 3 0 0 0 3 3
-1023.1713198260118 3 0 0 0 3 0 0 3 0 0
-189.14338777964943 3 0 0 0 3 0 0 3 0 3
-182.15422304270413 3 0 0 0 3 0 0 3 3 0
0.5607075276856539 3 0 0 0 3 0 0 3 3 3
-1108.4433410452098 3 0 0 0 3 0 3 0 0 0
-188.10694003921054 3 0 0 0 3 0 3 0 0 3
-184.41549016407623 3 0 0 0 3 0 3 0 3 0
0.5814894798972084 3 0 0 0 3 0 3 0 3 3
-184.4154901640762 3 0 0 0 3 0 3 3 0 0
0.5814894798972084 3 0 0 0 3 0 3 3 0 3
0.6690420930026009 3 0 0 0 3 0 3 3 3 0
0.10702561017612157 3 0 0 0 3 0 3 3 3 3
0.0035625773877456237 3 0 0 0 3 1 0 3 3 1
0.005098365905588578 3 0 0 0 3 1 3 0 3 1
0.005098365905588578 3 0 0 0 3 1 3 3 0 1
0.03021451777782585 3 0 0 0 3 1 3 3 3 1
0.0035625773877456237 3 0 0 0 3 2 0 3 3 2
0.005098365905588578 3 0 0 0 3 2 3 0 3 2
0.005098365905588578 3 0 0 0 3 2 3 3 0 2
0.03021451777782585 3 0 0 0 3 2 3 3 3 2
-1140.926378802888 3 0 0 0 3 3 0 0 0 0
-188.19786621041362 3 0 0 0 3 3 0 0 0 3
-175.82622221987555 3 0 0 0 3 3 0 0 3 0
0.5913810023001094 3 0 0 0 3 3 0 0 3 3
-175.82622221987558 3 0 0 0 3 3 0 3 0 0
0.5913810023001094 3 0 0 0 3 3 0 3 0 3
0.658805503909073 3 0 0 0 3 3 0 3 3 0
0.10228912024245872 3 0 0 0 3 3 0 3 3 3
-168.44880450410702 3 0 0 0 3 3 3 0 0 0
0.5994881358969958 3 0 0 0 3 3 3 0 0 3
0.6667023378428367 3 0 0 0 3 3 3 0 3 0
0.09759404750279686 3 0 0 0 3 3 3 0 3 3
0.6667023378428367 3 0 0 0 3 3 3 3 0 0
0.09759404750279686 3 0 0 0 3 3 3 3 0 3
0.094366688659375 3 0 0 0 3 3 3 3 3 0
0.0024525041832441944 3 0 0 1 1 0 0 0 1 1
0.0024525041832441936 3 0 0 1 1 0 0 0 2 2
0.0003316319699340455 3 0 0 1 1 0 0 3 1 1
0.0003316319699340454 3 0 0 1 1 0 0 3 2 2
0.00032812114055458464 3 0 0 1 1 0 3 0 1 1
0.00032812114055458464 3 0 0 1 1 0 3 0 2 2
0.00044724217397447126 3 0 0 1 1 3 0 0 1 1
0.00044724217397447126 3 0 0 1 1 3 0 0 2 2
45.79187622273162 3 0 0 1 2 0 0 0 1 2
-45.79187622273162 3 0 0 1 2 0 0 0 2 1
5.315034974813742 3 0 0 1 2 0 0 3 1 2
-5.315034974813742 3 0 0 1 2 0 0 3 2 1
6.136718071599878 3 0 0 1 2 0 3 0 1 2
-6.136718071599878 3 0 0 1 2 0 3 0 2 1
-0.014476345861448338 3 0 0 1 2 0 3 3 1 2
0.014476345861448338 3 0 0 1 2 0 3 3 2 1
-0.0014174763741742447 3 0 0 1 2 1 0 3 2 0
-0.0013276316601388213 3 0 0 1 2 1 3 0 2 0
-0.010203131607733434 3 0 0 1 2 1 3 3 2 0
-0.0016118152782443641 3 0 0 1 2 1 3 3 2 3
0.0014174763741742447 3 0 0 1 2 2 0 3 1 0
0.0013276316601388213 3 0 0 1 2 2 3 0 1 0
0.010203131607733434 3 0 0 1 2 2 3 3 1 0
0.0016118152782443641 3 0 0 1 2 2 3 3 1 3
7.600553103824261 3 0 0 1 2 3 0 0 1 2
-7.60055310382426 3 0 0 1 2 3 0 0 2 1
-0.01610969937893702 3 0 0 1 2 3 0 3 1 2
0.01610969937893702 3 0 0 1 2 3 0 3 2 1
-0.016140578845385275 3 0 0 1 2 3 3 0 1 2
0.016140578845385275 3 0 0 1 2 3 3 0 2 1
-0.0018384879744286844 3 0 0 1 2 3 3 3 1 2
0.0018384879744286844 3 0 0 1 2 3 3 3 2 1
-45.79187622273162 3 0 0 2 1 0 0 0 1 2
45.79187622273162 3 0 0 2 1 0 0 0 2 1
-5.315034974813742 3 0 0 2 1 0 0 3 1 2
5.315034974813742 3 0 0 2 1 0 0 3 2 1
-6.136718071599878 3 0 0 2 1 0 3 0 1 2
6.136718071599878 3 0 0 2 1 0 3 0 2 1
0.014476345861448338 3 0 0 2 1 0 3 3 1 2
-0.014476345861448338 3 0 0 2 1 0 3 3 2 1
0.0014174763741742445 3 0 0 2 1 1 0 3 2 0
0.0013276316601388213 3 0 0 2 1 1 3 0 2 0
0.010203131607733434 3 0 0 2 1 1 3 3 2 0
0.0016118152782443641 3 0 0 2 1 1 3 3 2 3
-0.0014174763741742445 3 0 0 2 1 2 0 3 1 0
-0.0013276316601388213 3 0 0 2 1 2 3 0 1 0
-0.010203131607733434 3 0 0 2 1 2 3 3 1 0
-0.0016118152782443641 3 0 0 2 1 2 3 3 1 3
-7.600553103824261 3 0 0 2 1 3 0 0 1 2
7.60055310382426 3 0 0 2 1 3 0 0 2 1
0.01610969937893702 3 0 0 2 1 3 0 3 1 2
-0.01610969937893702 3 0 0 2 1 3 0 3 2 1
0.016140578845385275 3 0 0 2 1 3 3 0 1 2
-0.016140578845385275 3 0 0 2 1 3 3 0 2 1
0.0018384879744286844 3 0 0 2 1 3 3 3 1 2
-0.0018384879744286844 3 0 0 2 1 3 3 3 2 1
0.0024525041832441944 3 0 0 2 2 0 0 0 1 1
0.0024525041832441944 3 0 0 2 2 0 0 0 2 2
0.0003316319699340455 3 0 0 2 2 0 0 3 1 1
0.0003316319699340455 3 0 0 2 2 0 0 3 2 2
0.00032812114055458464 3 0 0 2 2 0 3 0 1 1
0.00032812114055458464 3 0 0 2 2 0 3 0 2 2
0.00044724217397447104 3 0 0 2 2 3 0 0 1 1
0.00044724217397447104 3 0 0 2 2 3 0 0 2 2
211203.7487621681 3 0 0 3 0 0 0 0 0 0
-1049.9867125046776 3 0 0 3 0 0 0 0 0 3
-1294.5396675866236 3 0 0 3 0 0 0 0 3 0
-184.10973524011214 3 0 0 3 0 0 0 0 3 3
-1239.9025602802412 3 0 0 3 0 0 0 3 0 0
-176.68557450782183 3 0 0 3 0 0 0 3 0 3
-177.87385187424795 3 0 0 3 0 0 0 3 3 0
0.639228858207923 3 0 0 3 0 0 0 3 3 3
-1321.709508523792 3 0 0 3 0 0 3 0 0 0
-175.4975309537183 3 0 0 3 0 0 3 0 0 3
-179.13787507504918 3 0 0 3 0 0 3 0 3 0
0.6555647216698515 3 0 0 3 0 0 3 0 3 3
-172.39764471100634 3 0 0 3 0 0 3 3 0 0
0.6415830238662438 3 0 0 3 0 0 3 3 0 3
0.7438712311707707 3 0 0 3 0 0 3 3 3 0
0.10333729097937297 3 0 0 3 0 0 3 3 3 3
0.005069489625145266 3 0 0 3 0 1 0 3 3 1
0.006489560298559657 3 0 0 3 0 1 3 0 3 1
0.006500266420832716 3 0 0 3 0 1 3 3 0 1
0.03344295145737684 3 0 0 3 0 1 3 3 3 1
0.005069489625145266 3 0 0 3 0 2 0 3 3 2
0.006489560298559657 3 0 0 3 0 2 3 0 3 2
0.006500266420832716 3 0 0 3 0 2 3 3 0 2
0.03344295145737684 3 0 0 3 0 2 3 3 3 2
-1357.7069423012847 3 0 0 3 0 3 0 0 0 0
-175.82622221987546 3 0 0 3 0 3 0 0 0 3
-176.96222933142735 3 0 0 3 0 3 0 0 3 0
0.6666176521832441 3 0 0 3 0 3 0 0 3 3
-166.27447524567557 3 0 0 3 0 3 0 3 0 0
0.6506697537478385 3 0 0 3 0 3 0 3 0 3
0.7347992424785098 3 0 0 3 0 3 0 3 3 0
0.09989231120980047 3 0 0 3 0 3 0 3 3 3
-159.775387210615 3 0 0 3 0 3 3 0 0 0
0.6491847539855989 3 0 0 3 0 3 3 0 0 3
0.7353616621118242 3 0 0 3 0 3 3 0 3 0
0.09483274148452477 3 0 0 3 0 3 3 0 3 3
0.7146535624161994 3 0 0 3 0 3 3 3 0 0
0.09243940110032686 3 0 0 3 0 3 3 3 0 3
0.09221382783510773 3 0 0 3 0 3 3 3 3 0
-954.6501276649715 3 0 0 3 3 0 0 0 0 0
-175.39871552873407 3 0 0 3 3 0 0 0 0 3
-173.94032765236497 3 0 0 3 3 0 0 0 3 0
0.5616980363914527 3 0 0 3 3 0 0 0 3 3
-168.05501144838746 3 0 0 3 3 0 0 3 0 0
0.550465958376783 3 0 0 3 3 0 0 3 0 3
0.6336046485493553 3 0 0 3 3 0 0 3 3 0
0.10968045651608509 3 0 0 3 3 0 0 3 3 3
-170.650240104601 3 0 0 3 3 0 3 0 0 0
0.5730625277126832 3 0 0 3 3 0 3 0 0 3
0.6633775300067248 3 0 0 3 3 0 3 0 3 0
0.10872048094578998 3 0 0 3 3 0 3 0 3 3
0.64959321462254 3 0 0 3 3 0 3 3 0 0
0.10614010819427747 3 0 0 3 3 0 3 3 0 3
0.10636337563745157 3 0 0 3 3 0 3 3 3 0
0.005070039416483921 3 0 0 3 3 1 0 0 3 1
0.005010048980107884 3 0 0 3 3 1 0 3 0 1
0.028286532138899485 3 0 0 3 3 1 0 3 3 1
0.006879050200667519 3 0 0 3 3 1 3 0 0 1
0.0426016977426225 3 0 0 3 3 1 3 0 3 1
0.042807862009565704 3 0 0 3 3 1 3 3 0 1
-10.755525279684111 3 0 0 3 3 1 3 3 3 1
0.005070039416483921 3 0 0 3 3 2 0 0 3 2
0.005010048980107884 3 0 0 3 3 2 0 3 0 2
0.028286532138899485 3 0 0 3 3 2 0 3 3 2
0.006879050200667519 3 0 0 3 3 2 3 0 0 2
0.0426016977426225 3 0 0 3 3 2 3 0 3 2
0.042807862009565704 3 0 0 3 3 2 3 3 0 2
-10.75552527968411 3 0 0 3 3 2 3 3 3 2
-168.22522187387725 3 0 0 3 3 3 0 0 0 0
0.5913810023001094 3 0 0 3 3 3 0 0 0 3
0.6666176521832441 3 0 0 3 3 3 0 0 3 0
0.10730948637961459 3 0 0 3 3 3 0 0 3 3
0.6506697537478385 3 0 0 3 3 3 0 3 0 0
0.10396257562151064 3 0 0 3 3 3 0 3 0 3
0.10213366628832134 3 0 0 3 3 3 0 3 3 0
0.6623741514629548 3 0 0 3 3 3 3 0 0 0
0.10002076603497036 3 0 0 3 3 3 3 0 0 3
0.09897896118081718 3 0 0 3 3 3 3 0 3 0
0.0962008990430071 3 0 0 3 3 3 3 3 0 0
0.0024525041832441944 3 0 1 0 1 0 0 1 0 1
0.0003316319699340455 3 0 1 0 1 0 0 1 3 1
0.0024525041832441944 3 0 1 0 1 0 0 2 0 2
0.0003316319699340454 3 0 1 0 1 0 0 2 3 2
0.00032812114055458464 3 0 1 0 1 0 3 1 0 1
0.00032812114055458464 3 0 1 0 1 0 3 2 0 2
0.00044724217397447126 3 0 1 0 1 3 0 1 0 1
0.00044724217397447083 3 0 1 0 1 3 0 2 0 2
45.791876222731624 3 0 1 0 2 0 0 1 0 2
5.3150349748137415 3 0 1 0 2 0 0 1 3 2
-45.791876222731624 3 0 1 0 2 0 0 2 0 1
-5.315034974813742 3 0 1 0 2 0 0 2 3 1
6.136718071599878 3 0 1 0 2 0 3 1 0 2
-0.014476345861448338 3 0 1 0 2 0 3 1 3 2
-6.136718071599878 3 0 1 0 2 0 3 2 0 1
0.014476345861448338 3 0 1 0 2 0 3 2 3 1
-0.0014174763741742447 3 0 1 0 2 1 0 2 3 0
-0.0013276316601388216 3 0 1 0 2 1 3 2 0 0
-0.010203131607733434 3 0 1 0 2 1 3 2 3 0
-0.0016118152782443641 3 0 1 0 2 1 3 2 3 3
0.0014174763741742447 3 0 1 0 2 2 0 1 3 0
0.0013276316601388216 3 0 1 0 2 2 3 1 0 0
0.010203131607733434 3 0 1 0 2 2 3 1 3 0
0.0016118152782443641 3 0 1 0 2 2 3 1 3 3
7.600553103824261 3 0 1 0 2 3 0 1 0 2
-0.01610969937893702 3 0 1 0 2 3 0 1 3 2
-7.60055310382426 3 0 1 0 2 3 0 2 0 1
0.01610969937893702 3 0 1 0 2 3 0 2 3 1
-0.016140578845385275 3 0 1 0 2 3 3 1 0 2
-0.0018384879744286844 3 0 1 0 2 3 3 1 3 2
0.016140578845385275 3 0 1 0 2 3 3 2 0 1
0.0018384879744286844 3 0 1 0 2 3 3 2 3 1
0.004032259853465947 3 0 1 1 0 0 0 1 1 0
0.0005318105584381171 3 0 1 1 0 0 0 1 1 3
0.004032259853465947 3 0 1 1 0 0 0 2 2 0
0.0005318105584381169 3 0 1 1 0 0 0 2 2 3
0.0005277794255563604 3 0 1 1 0 0 3 1 1 0
0.0005277794255563604 3 0 1 1 0 0 3 2 2 0
0.0007331846400188602 3 0 1 1 0 3 0 1 1 0
0.0007331846400188604 3 0 1 1 0 3 0 2 2 0
0.0004952240336848683 3 0 1 1 3 0 0 1 1 0
0.0004952240336848683 3 0 1 1 3 0 0 2 2 0
27.318553653190605 3 0 1 2 0 0 0 1 2 0
3.7120803661451185 3 0 1 2 0 0 0 1 2 3
-27.318553653190605 3 0 1 2 0 0 0 2 1 0
-3.7120803661451185 3 0 1 2 0 0 0 2 1 3
3.370115182021355 3 0 1 2 0 0 3 1 2 0
-0.006990848901803763 3 0 1 2 0 0 3 1 2 3
-3.370115182021355 3 0 1 2 0 0 3 2 1 0
0.006990848901803763 3 0 1 2 0 0 3 2 1 3
5.353061136530315e-06 3 0 1 2 0 1 3 1 2 1
-5.353061136530301e-06 3 0 1 2 0 1 3 2 1 1
5.353061136530301e-06 3 0 1 2 0 2 3 1 2 2
-5.353061136530315e-06 3 0 1 2 0 2 3 2 1 2
5.343877042875833 3 0 1 2 0 3 0 1 2 0
-0.00797394921770262 3 0 1 2 0 3 0 1 2 3
-5.343877042875833 3 0 1 2 0 3 0 2 1 0
0.00797394921770262 3 0 1 2 0 3 0 2 1 3
-0.010354049847812321 3 0 1 2 0 3 3 1 2 0
-0.0011966701920989504 3 0 1 2 0 3 3 1 2 3
0.010354049847812321 3 0 1 2 0 3 3 2 1 0
0.0011966701920989504 3 0 1 2 0 3 3 2 1 3
2.9426581019886267 3 0 1 2 3 0 0 1 2 0
-0.005616039007334694 3 0 1 2 3 0 0 1 2 3
-2.9426581019886267 3 0 1 2 3 0 0 2 1 0
0.005616039007334694 3 0 1 2 3 0 0 2 1 3
-0.0068921576920922675 3 0 1 2 3 0 3 1 2 0
-0.0012901863757562334 3 0 1 2 3 0 3 1 2 3
0.0068921576920922675 3 0 1 2 3 0 3 2 1 0
0.0012901863757562334 3 0 1 2 3 0 3 2 1 3
-2.999521818801649e-05 3 0 1 2 3 1 0 1 2 1
2.9995218188016492e-05 3 0 1 2 3 1 0 2 1 1
0.00010308213347161646 3 0 1 2 3 1 3 1 2 1
-0.00010308213347161646 3 0 1 2 3 1 3 2 1 1
-2.9995218188016492e-05 3 0 1 2 3 2 0 1 2 2
2.999521818801649e-05 3 0 1 2 3 2 0 2 1 2
0.00010308213347161646 3 0 1 2 3 2 3 1 2 2
-0.00010308213347161646 3 0 1 2 3 2 3 2 1 2
-0.00797394921770262 3 0 1 2 3 3 0 1 2 0
-0.0016734553790519456 3 0 1 2 3 3 0 1 2 3
0.00797394921770262 3 0 1 2 3 3 0 2 1 0
0.0016734553790519456 3 0 1 2 3 3 0 2 1 3
-0.0013890310689050045 3 0 1 2 3 3 3 1 2 0
0.0013890310689050045 3 0 1 2 3 3 3 2 1 0
0.000279621814455206 3 0 1 3 1 0 0 1 0 1
0.000279621814455206 3 0 1 3 1 0 0 2 0 2
0.0001638128577340567 3 0 1 3 1 1 3 1 3 0
0.0001638128577340567 3 0 1 3 1 2 3 2 3 0
4.712923633232622 3 0 1 3 2 0 0 1 0 2
-0.013920361432678226 3 0 1 3 2 0 0 1 3 2
-4.712923633232622 3 0 1 3 2 0 0 2 0 1
0.013920361432678226 3 0 1 3 2 0 0 2 3 1
-0.014411745980038014 3 0 1 3 2 0 3 1 0 2
-0.002008663420905932 3 0 1 3 2 0 3 1 3 2
0.014411745980038014 3 0 1 3 2 0 3 2 0 1
0.002008663420905932 3 0 1 3 2 0 3 2 3 1
-0.0014174763741742447 3 0 1 3 2 1 0 2 0 0
-0.011553079573888878 3 0 1 3 2 1 0 2 3 0
-0.0021467760934805024 3 0 1 3 2 1 0 2 3 3
-0.01064412739658929 3 0 1 3 2 1 3 2 0 0
-0.0016988358151495816 3 0 1 3 2 1 3 2 0 3
1.6637878948970244 3 0 1 3 2 1 3 2 3 0
-0.012478583514277641 3 0 1 3 2 1 3 2 3 3
0.0014174763741742447 3 0 1 3 2 2 0 1 0 0
0.011553079573888878 3 0 1 3 2 2 0 1 3 0
0.0021467760934805024 3 0 1 3 2 2 0 1 3 3
0.01064412739658929 3 0 1 3 2 2 3 1 0 0
0.0016988358151495816 3 0 1 3 2 2 3 1 0 3
-1.6637878948970244 3 0 1 3 2 2 3 1 3 0
0.012478583514277641 3 0 1 3 2 2 3 1 3 3
-0.016109699378937015 3 0 1 3 2 3 0 1 0 2
-0.0022413550785208417 3 0 1 3 2 3 0 1 3 2
0.016109699378937015 3 0 1 3 2 3 0 2 0 1
0.002241355078520842 3 0 1 3 2 3 0 2 3 1
-0.001947396823099899 3 0 1 3 2 3 3 1 0 2
0.001947396823099899 3 0 1 3 2 3 3 2 0 1
-45.791876222731624 3 0 2 0 1 0 0 1 0 2
-5.315034974813742 3 0 2 0 1 0 0 1 3 2
45.791876222731624 3 0 2 0 1 0 0 2 0 1
5.315034974813742 3 0 2 0 1 0 0 2 3 1
-6.136718071599878 3 0 2 0 1 0 3 1 0 2
0.014476345861448338 3 0 2 0 1 0 3 1 3 2
6.136718071599878 3 0 2 0 1 0 3 2 0 1
-0.014476345861448338 3 0 2 0 1 0 3 2 3 1
0.0014174763741742445 3 0 2 0 1 1 0 2 3 0
0.0013276316601388216 3 0 2 0 1 1 3 2 0 0
0.010203131607733434 3 0 2 0 1 1 3 2 3 0
0.0016118152782443641 3 0 2 0 1 1 3 2 3 3
-0.0014174763741742445 3 0 2 0 1 2 0 1 3 0
-0.0013276316601388216 3 0 2 0 1 2 3 1 0 0
-0.010203131607733434 3 0 2 0 1 2 3 1 3 0
-0.0016118152782443641 3 0 2 0 1 2 3 1 3 3
-7.600553103824261 3 0 2 0 1 3 0 1 0 2
0.01610969937893702 3 0 2 0 1 3 0 1 3 2
7.60055310382426 3 0 2 0 1 3 0 2 0 1
-0.01610969937893702 3 0 2 0 1 3 0 2 3 1
0.016140578845385275 3 0 2 0 1 3 3 1 0 2
0.0018384879744286844 3 0 2 0 1 3 3 1 3 2
-0.016140578845385275 3 0 2 0 1 3 3 2 0 1
-0.0018384879744286844 3 0 2 0 1 3 3 2 3 1
0.0024525041832441944 3 0 2 0 2 0 0 1 0 1
0.0003316319699340455 3 0 2 0 2 0 0 1 3 1
0.0024525041832441944 3 0 2 0 2 0 0 2 0 2
0.0003316319699340455 3 0 2 0 2 0 0 2 3 2
0.00032812114055458464 3 0 2 0 2 0 3 1 0 1
0.00032812114055458464 3 0 2 0 2 0 3 2 0 2
0.00044724217397447126 3 0 2 0 2 3 0 1 0 1
0.00044724217397447104 3 0 2 0 2 3 0 2 0 2
-27.318553653190605 3 0 2 1 0 0 0 1 2 0
-3.7120803661451185 3 0 2 1 0 0 0 1 2 3
27.3185536531906 3 0 2 1 0 0 0 2 1 0
3.712080366145118 3 0 2 1 0 0 0 2 1 3
-3.370115182021355 3 0 2 1 0 0 3 1 2 0
0.006990848901803763 3 0 2 1 0 0 3 1 2 3
3.370115182021355 3 0 2 1 0 0 3 2 1 0
-0.006990848901803763 3 0 2 1 0 0 3 2 1 3
-5.353061136530315e-06 3 0 2 1 0 1 3 1 2 1
5.353061136530315e-06 3 0 2 1 0 1 3 2 1 1
-5.353061136530315e-06 3 0 2 1 0 2 3 1 2 2
5.353061136530315e-06 3 0 2 1 0 2 3 2 1 2
-5.343877042875833 3 0 2 1 0 3 0 1 2 0
0.00797394921770262 3 0 2 1 0 3 0 1 2 3
5.343877042875833 3 0 2 1 0 3 0 2 1 0
-0.00797394921770262 3 0 2 1 0 3 0 2 1 3
0.010354049847812321 3 0 2 1 0 3 3 1 2 0
0.0011966701920989504 3 0 2 1 0 3 3 1 2 3
-0.010354049847812321 3 0 2 1 0 3 3 2 1 0
-0.0011966701920989504 3 0 2 1 0 3 3 2 1 3
-2.9426581019886267 3 0 2 1 3 0 0 1 2 0
0.005616039007334694 3 0 2 1 3 0 0 1 2 3
2.9426581019886267 3 0 2 1 3 0 0 2 1 0
-0.005616039007334694 3 0 2 1 3 0 0 2 1 3
0.0068921576920922675 3 0 2 1 3 0 3 1 2 0
0.0012901863757562334 3 0 2 1 3 0 3 1 2 3
-0.0068921576920922675 3 0 2 1 3 0 3 2 1 0
-0.0012901863757562334 3 0 2 1 3 0 3 2 1 3
2.9995218188016492e-05 3 0 2 1 3 1 0 1 2 1
-2.999521818801649e-05 3 0 2 1 3 1 0 2 1 1
-0.00010308213347161646 3 0 2 1 3 1 3 1 2 1
0.00010308213347161646 3 0 2 1 3 1 3 2 1 1
2.999521818801649e-05 3 0 2 1 3 2 0 1 2 2
-2.9995218188016492e-05 3 0 2 1 3 2 0 2 1 2
-0.00010308213347161646 3 0 2 1 3 2 3 1 2 2
0.00010308213347161646 3 0 2 1 3 2 3 2 1 2
0.00797394921770262 3 0 2 1 3 3 0 1 2 0
0.0016734553790519456 3 0 2 1 3 3 0 1 2 3
-0.00797394921770262 3 0 2 1 3 3 0 2 1 0
-0.0016734553790519456 3 0 2 1 3 3 0 2 1 3
0.0013890310689050045 3 0 2 1 3 3 3 1 2 0
-0.0013890310689050045 3 0 2 1 3 3 3 2 1 0
0.004032259853465947 3 0 2 2 0 0 0 1 1 0
0.0005318105584381173 3 0 2 2 0 0 0 1 1 3
0.004032259853465947 3 0 2 2 0 0 0 2 2 0
0.0005318105584381173 3 0 2 2 0 0 0 2 2 3
0.0005277794255563605 3 0 2 2 0 0 3 1 1 0
0.0005277794255563605 3 0 2 2 0 0 3 2 2 0
0.00073318464001886 3 0 2 2 0 3 0 1 1 0
0.00073318464001886 3 0 2 2 0 3 0 2 2 0
0.0004952240336848683 3 0 2 2 3 0 0 1 1 0
0.0004952240336848683 3 0 2 2 3 0 0 2 2 0
-4.712923633232622 3 0 2 3 1 0 0 1 0 2
0.013920361432678226 3 0 2 3 1 0 0 1 3 2
4.712923633232621 3 0 2 3 1 0 0 2 0 1
-0.013920361432678226 3 0 2 3 1 0 0 2 3 1
0.014411745980038014 3 0 2 3 1 0 3 1 0 2
0.002008663420905932 3 0 2 3 1 0 3 1 3 2
-0.014411745980038014 3 0 2 3 1 0 3 2 0 1
-0.002008663420905932 3 0 2 3 1 0 3 2 3 1
0.0014174763741742447 3 0 2 3 1 1 0 2 0 0
0.011553079573888878 3 0 2 3 1 1 0 2 3 0
0.0021467760934805033 3 0 2 3 1 1 0 2 3 3
0.01064412739658929 3 0 2 3 1 1 3 2 0 0
0.0016988358151495816 3 0 2 3 1 1 3 2 0 3
-1.6637878948970244 3 0 2 3 1 1 3 2 3 0
0.01247858351427764 3 0 2 3 1 1 3 2 3 3
-0.0014174763741742447 3 0 2 3 1 2 0 1 0 0
-0.011553079573888878 3 0 2 3 1 2 0 1 3 0
-0.0021467760934805033 3 0 2 3 1 2 0 1 3 3
-0.01064412739658929 3 0 2 3 1 2 3 1 0 0
-0.0016988358151495816 3 0 2 3 1 2 3 1 0 3
1.6637878948970244 3 0 2 3 1 2 3 1 3 0
-0.01247858351427764 3 0 2 3 1 2 3 1 3 3
0.016109699378937015 3 0 2 3 1 3 0 1 0 2
0.002241355078520842 3 0 2 3 1 3 0 1 3 2
-0.016109699378937015 3 0 2 3 1 3 0 2 0 1
-0.002241355078520842 3 0 2 3 1 3 0 2 3 1
0.001947396823099899 3 0 2 3 1 3 3 1 0 2
-0.001947396823099899 3 0 2 3 1 3 3 2 0 1
0.0002796218144552059 3 0 2 3 2 0 0 1 0 1
0.0002796218144552059 3 0 2 3 2 0 0 2 0 2
0.0001638128577340566 3 0 2 3 2 1 3 1 3 0
0.0001638128577340566 3 0 2 3 2 2 3 2 3 0
211203.7487621681 3 0 3 0 0 0 0 0 0 0
-1049.9867125046774 3 0 3 0 0 0 0 0 0 3
-1239.9025602802412 3 0 3 0 0 0 0 0 3 0
-176.68557450782183 3 0 3 0 0 0 0 0 3 3
-1294.5396675866236 3 0 3 0 0 0 0 3 0 0
-184.10973524011214 3 0 3 0 0 0 0 3 0 3
-177.87385187424792 3 0 3 0 0 0 0 3 3 0
0.639228858207923 3 0 3 0 0 0 0 3 3 3
-1321.709508523792 3 0 3 0 0 0 3 0 0 0
-175.4975309537183 3 0 3 0 0 0 3 0 0 3
-172.39764471100634 3 0 3 0 0 0 3 0 3 0
0.6415830238662438 3 0 3 0 0 0 3 0 3 3
-179.13787507504915 3 0 3 0 0 0 3 3 0 0
0.6555647216698515 3 0 3 0 0 0 3 3 0 3
0.7438712311707707 3 0 3 0 0 0 3 3 3 0
0.10333729097937297 3 0 3 0 0 0 3 3 3 3
0.005069489625145266 3 0 3 0 0 1 0 3 3 1
0.006500266420832716 3 0 3 0 0 1 3 0 3 1
0.006489560298559657 3 0 3 0 0 1 3 3 0 1
0.03344295145737684 3 0 3 0 0 1 3 3 3 1
0.005069489625145266 3 0 3 0 0 2 0 3 3 2
0.006500266420832716 3 0 3 0 0 2 3 0 3 2
0.006489560298559657 3 0 3 0 0 2 3 3 0 2
0.03344295145737684 3 0 3 0 0 2 3 3 3 2
-1357.7069423012847 3 0 3 0 0 3 0 0 0 0
-175.8262222198755 3 0 3 0 0 3 0 0 0 3
-166.27447524567557 3 0 3 0 0 3 0 0 3 0
0.6506697537478385 3 0 3 0 0 3 0 0 3 3
-176.96222933142735 3 0 3 0 0 3 0 3 0 0
0.6666176521832441 3 0 3 0 0 3 0 3 0 3
0.7347992424785098 3 0 3 0 0 3 0 3 3 0
0.09989231120980047 3 0 3 0 0 3 0 3 3 3
-159.775387210615 3 0 3 0 0 3 3 0 0 0
0.6491847539855989 3 0 3 0 0 3 3 0 0 3
0.7146535624161994 3 0 3 0 0 3 3 0 3 0
0.09243940110032686 3 0 3 0 0 3 3 0 3 3
0.7353616621118242 3 0 3 0 0 3 3 3 0 0
0.09483274148452477 3 0 3 0 0 3 3 3 0 3
0.09221382783510773 3 0 3 0 0 3 3 3 3 0
-954.6501276649715 3 0 3 0 3 0 0 0 0 0
-175.39871552873407 3 0 3 0 3 0 0 0 0 3
-168.05501144838746 3 0 3 0 3 0 0 0 3 0
0.5504659583767829 3 0 3 0 3 0 0 0 3 3
-173.94032765236497 3 0 3 0 3 0 0 3 0 0
0.5616980363914525 3 0 3 0 3 0 0 3 0 3
0.6336046485493554 3 0 3 0 3 0 0 3 3 0
0.10968045651608509 3 0 3 0 3 0 0 3 3 3
-170.65024010460104 3 0 3 0 3 0 3 0 0 0
0.5730625277126832 3 0 3 0 3 0 3 0 0 3
0.64959321462254 3 0 3 0 3 0 3 0 3 0
0.10614010819427747 3 0 3 0 3 0 3 0 3 3
0.6633775300067248 3 0 3 0 3 0 3 3 0 0
0.10872048094578995 3 0 3 0 3 0 3 3 0 3
0.10636337563745157 3 0 3 0 3 0 3 3 3 0
0.005010048980107884 3 0 3 0 3 1 0 0 3 1
0.005070039416483921 3 0 3 0 3 1 0 3 0 1
0.028286532138899485 3 0 3 0 3 1 0 3 3 1
0.0068790502006675185 3 0 3 0 3 1 3 0 0 1
0.042807862009565704 3 0 3 0 3 1 3 0 3 1
0.0426016977426225 3 0 3 0 3 1 3 3 0 1
-10.755525279684113 3 0 3 0 3 1 3 3 3 1
0.005010048980107884 3 0 3 0 3 2 0 0 3 2
0.005070039416483921 3 0 3 0 3 2 0 3 0 2
0.028286532138899485 3 0 3 0 3 2 0 3 3 2
0.0068790502006675185 3 0 3 0 3 2 3 0 0 2
0.042807862009565704 3 0 3 0 3 2 3 0 3 2
0.0426016977426225 3 0 3 0 3 2 3 3 0 2
-10.755525279684113 3 0 3 0 3 2 3 3 3 2
-168.22522187387727 3 0 3 0 3 3 0 0 0 0
0.5913810023001094 3 0 3 0 3 3 0 0 0 3
0.6506697537478385 3 0 3 0 3 3 0 0 3 0
0.10396257562151062 3 0 3 0 3 3 0 0 3 3
0.6666176521832439 3 0 3 0 3 3 0 3 0 0
0.10730948637961457 3 0 3 0 3 3 0 3 0 3
0.10213366628832134 3 0 3 0 3 3 0 3 3 0
0.6623741514629548 3 0 3 0 3 3 3 0 0 0
0.10002076603497036 3 0 3 0 3 3 3 0 0 3
0.0962008990430071 3 0 3 0 3 3 3 0 3 0
0.09897896118081718 3 0 3 0 3 3 3 3 0 0
0.0002796218144552059 3 0 3 1 1 0 0 0 1 1
0.0002796218144552059 3 0 3 1 1 0 0 0 2 2
0.0001638128577340567 3 0 3 1 1 1 3 3 1 0
0.0001638128577340567 3 0 3 1 1 2 3 3 2 0
4.712923633232623 3 0 3 1 2 0 0 0 1 2
-4.712923633232622 3 0 3 1 2 0 0 0 2 1
-0.013920361432678226 3 0 3 1 2 0 0 3 1 2
0.013920361432678226 3 0 3 1 2 0 0 3 2 1
-0.014411745980038014 3 0 3 1 2 0 3 0 1 2
0.014411745980038014 3 0 3 1 2 0 3 0 2 1
-0.002008663420905932 3 0 3 1 2 0 3 3 1 2
0.002008663420905932 3 0 3 1 2 0 3 3 2 1
-0.0014174763741742447 3 0 3 1 2 1 0 0 2 0
-0.011553079573888878 3 0 3 1 2 1 0 3 2 0
-0.0021467760934805024 3 0 3 1 2 1 0 3 2 3
-0.01064412739658929 3 0 3 1 2 1 3 0 2 0
-0.0016988358151495816 3 0 3 1 2 1 3 0 2 3
1.6637878948970244 3 0 3 1 2 1 3 3 2 0
-0.012478583514277641 3 0 3 1 2 1 3 3 2 3
0.0014174763741742447 3 0 3 1 2 2 0 0 1 0
0.011553079573888878 3 0 3 1 2 2 0 3 1 0
0.0021467760934805024 3 0 3 1 2 2 0 3 1 3
0.01064412739658929 3 0 3 1 2 2 3 0 1 0
0.0016988358151495816 3 0 3 1 2 2 3 0 1 3
-1.6637878948970244 3 0 3 1 2 2 3 3 1 0
0.012478583514277641 3 0 3 1 2 2 3 3 1 3
-0.016109699378937015 3 0 3 1 2 3 0 0 1 2
0.016109699378937015 3 0 3 1 2 3 0 0 2 1
-0.002241355078520842 3 0 3 1 2 3 0 3 1 2
0.002241355078520842 3 0 3 1 2 3 0 3 2 1
-0.001947396823099899 3 0 3 1 2 3 3 0 1 2
0.001947396823099899 3 0 3 1 2 3 3 0 2 1
-4.712923633232622 3 0 3 2 1 0 0 0 1 2
4.712923633232621 3 0 3 2 1 0 0 0 2 1
0.013920361432678226 3 0 3 2 1 0 0 3 1 2
-0.013920361432678226 3 0 3 2 1 0 0 3 2 1
0.014411745980038014 3 0 3 2 1 0 3 0 1 2
-0.014411745980038014 3 0 3 2 1 0 3 0 2 1
0.002008663420905932 3 0 3 2 1 0 3 3 1 2
-0.002008663420905932 3 0 3 2 1 0 3 3 2 1
0.0014174763741742447 3 0 3 2 1 1 0 0 2 0
0.011553079573888878 3 0 3 2 1 1 0 3 2 0
0.0021467760934805033 3 0 3 2 1 1 0 3 2 3
0.01064412739658929 3 0 3 2 1 1 3 0 2 0
0.0016988358151495816 3 0 3 2 1 1 3 0 2 3
-1.6637878948970244 3 0 3 2 1 1 3 3 2 0
0.01247858351427764 3 0 3 2 1 1 3 3 2 3
-0.0014174763741742447 3 0 3 2 1 2 0 0 1 0
-0.011553079573888878 3 0 3 2 1 2 0 3 1 0
-0.0021467760934805033 3 0 3 2 1 2 0 3 1 3
-0.01064412739658929 3 0 3 2 1 2 3 0 1 0
-0.0016988358151495816 3 0 3 2 1 2 3 0 1 3
1.6637878948970244 3 0 3 2 1 2 3 3 1 0
-0.01247858351427764 3 0 3 2 1 2 3 3 1 3
0.016109699378937015 3 0 3 2 1 3 0 0 1 2
-0.016109699378937015 3 0 3 2 1 3 0 0 2 1
0.002241355078520842 3 0 3 2 1 3 0 3 1 2
-0.002241355078520842 3 0 3 2 1 3 0 3 2 1
0.001947396823099899 3 0 3 2 1 3 3 0 1 2
-0.001947396823099899 3 0 3 2 1 3 3 0 2 1
0.000279621814455206 3 0 3 2 2 0 0 0 1 1
0.0002796218144552059 3 0 3 2 2 0 0 0 2 2
0.0001638128577340566 3 0 3 2 2 1 3 3 1 0
0.0001638128577340566 3 0 3 2 2 2 3 3 2 0
-1141.1234595183705 3 0 3 3 0 0 0 0 0 0
-165.95916727261022 3 0 3 3 0 0 0 0 0 3
-164.85715802711945 3 0 3 3 0 0 0 0 3 0
0.6327665593145206 3 0 3 3 0 0 0 0 3 3
-164.85715802711945 3 0 3 3 0 0 0 3 0 0
0.6327665593145206 3 0 3 3 0 0 0 3 0 3
0.7187199635492003 3 0 3 3 0 0 0 3 3 0
0.10683910378503772 3 0 3 3 0 0 0 3 3 3
-162.21029701513876 3 0 3 3 0 0 3 0 0 0
0.6387794406828716 3 0 3 3 0 0 3 0 0 3
0.7295919445946818 3 0 3 3 0 0 3 0 3 0
0.10326691436968512 3 0 3 3 0 0 3 0 3 3
0.7295919445946818 3 0 3 3 0 0 3 3 0 0
0.10326691436968512 3 0 3 3 0 0 3 3 0 3
0.1037958271314793 3 0 3 3 0 0 3 3 3 0
0.007216265718625768 3 0 3 3 0 1 0 0 3 1
0.007216265718625768 3 0 3 3 0 1 0 3 0 1
0.03347626050301838 3 0 3 3 0 1 0 3 3 1
0.008578346842292243 3 0 3 3 0 1 3 0 0 1
0.04614497967191102 3 0 3 3 0 1 3 0 3 1
0.04614497967191102 3 0 3 3 0 1 3 3 0 1
-15.617615437258346 3 0 3 3 0 1 3 3 3 1
0.007216265718625768 3 0 3 3 0 2 0 0 3 2
0.007216265718625768 3 0 3 3 0 2 0 3 0 2
0.03347626050301838 3 0 3 3 0 2 0 3 3 2
0.008578346842292243 3 0 3 3 0 2 3 0 0 2
0.04614497967191102 3 0 3 3 0 2 3 0 3 2
0.04614497967191102 3 0 3 3 0 2 3 3 0 2
-15.617615437258346 3 0 3 3 0 2 3 3 3 2
-160.92986501815966 3 0 3 3 0 3 0 0 0 0
0.6588055039090732 3 0 3 3 0 3 0 0 0 3
0.73479924247851 3 0 3 3 0 3 0 0 3 0
0.10213366628832131 3 0 3 3 0 3 0 0 3 3
0.73479924247851 3 0 3 3 0 3 0 3 0 0
0.10213366628832131 3 0 3 3 0 3 0 3 0 3
0.10082793036720054 3 0 3 3 0 3 0 3 3 0
0.7219814570665104 3 0 3 3 0 3 3 0 0 0
0.09547379502048361 3 0 3 3 0 3 3 0 0 3
0.09477578748704843 3 0 3 3 0 3 3 0 3 0
0.09477578748704843 3 0 3 3 0 3 3 3 0 0
-149.27381990549964 3 0 3 3 3 0 0 0 0 0
0.5289923110532426 3 0 3 3 3 0 0 0 0 3
0.5993016267905967 3 0 3 3 3 0 0 0 3 0
0.10500115784853947 3 0 3 3 3 0 0 0 3 3
0.5993016267905968 3 0 3 3 3 0 0 3 0 0
0.10500115784853947 3 0 3 3 3 0 0 3 0 3
0.10342713950609202 3 0 3 3 3 0 0 3 3 0
0.6160139411752639 3 0 3 3 3 0 3 0 0 0
0.10236017893041824 3 0 3 3 3 0 3 0 0 3
0.10186250620304595 3 0 3 3 3 0 3 0 3 0
0.10186250620304595 3 0 3 3 3 0 3 3 0 0
0.006397530136094112 3 0 3 3 3 1 0 0 0 1
0.03983961171278836 3 0 3 3 3 1 0 0 3 1
0.03983961171278836 3 0 3 3 3 1 0 3 0 1
-20.992888200092505 3 0 3 3 3 1 0 3 3 1
0.05648936208596052 3 0 3 3 3 1 3 0 0 1
-15.624407431431639 3 0 3 3 3 1 3 0 3 1
-15.62440743143164 3 0 3 3 3 1 3 3 0 1
-109.559585349731 3 0 3 3 3 1 3 3 3 1
0.006397530136094112 3 0 3 3 3 2 0 0 0 2
0.03983961171278836 3 0 3 3 3 2 0 0 3 2
0.03983961171278836 3 0 3 3 3 2 0 3 0 2
-20.992888200092505 3 0 3 3 3 2 0 3 3 2
0.05648936208596052 3 0 3 3 3 2 3 0 0 2
-15.624407431431639 3 0 3 3 3 2 3 0 3 2
-15.62440743143164 3 0 3 3 3 2 3 3 0 2
-109.559585349731 3 0 3 3 3 2 3 3 3 2
0.626586105151199 3 0 3 3 3 3 0 0 0 0
0.1022891202424587 3 0 3 3 3 3 0 0 0 3
0.09989231120980048 3 0 3 3 3 3 0 0 3 0
0.09989231120980048 3 0 3 3 3 3 0 3 0 0
0.09503922959148679 3 0 3 3 3 3 3 0 0 0
0.001974264259178446 3 1 0 0 1 0 1 0 0 1
0.00037006708298937727 3 1 0 0 1 0 1 0 3 1
0.00037006708298937727 3 1 0 0 1 0 1 3 0 1
0.001974264259178446 3 1 0 0 1 0 2 0 0 2
0.00037006708298937727 3 1 0 0 1 0 2 0 3 2
0.0003700670829893775 3 1 0 0 1 0 2 3 0 2
0.0005850141311488433 3 1 0 0 1 3 1 0 0 1
0.0005850141311488431 3 1 0 0 1 3 2 0 0 2
95.9193422219767 3 1 0 0 2 0 1 0 0 2
11.69107804513287 3 1 0 0 2 0 1 0 3 2
11.691078045132867 3 1 0 0 2 0 1 3 0 2
-0.02856778128585262 3 1 0 0 2 0 1 3 3 2
-95.91934222197672 3 1 0 0 2 0 2 0 0 1
-11.69107804513287 3 1 0 0 2 0 2 0 3 1
-11.691078045132867 3 1 0 0 2 0 2 3 0 1
0.02856778128585262 3 1 0 0 2 0 2 3 3 1
0.004343466350908467 3 1 0 0 2 1 2 0 3 0
0.004343466350908467 3 1 0 0 2 1 2 3 0 0
0.029996249767155356 3 1 0 0 2 1 2 3 3 0
0.004345208710927296 3 1 0 0 2 1 2 3 3 3
-0.004343466350908467 3 1 0 0 2 2 1 0 3 0
-0.004343466350908467 3 1 0 0 2 2 1 3 0 0
-0.029996249767155356 3 1 0 0 2 2 1 3 3 0
-0.004345208710927296 3 1 0 0 2 2 1 3 3 3
12.505565177903165 3 1 0 0 2 3 1 0 0 2
-0.02932997632274102 3 1 0 0 2 3 1 0 3 2
-0.02932997632274102 3 1 0 0 2 3 1 3 0 2
-0.0034602282172029974 3 1 0 0 2 3 1 3 3 2
-12.505565177903167 3 1 0 0 2 3 2 0 0 1
0.02932997632274102 3 1 0 0 2 3 2 0 3 1
0.02932997632274102 3 1 0 0 2 3 2 3 0 1
0.0034602282172029974 3 1 0 0 2 3 2 3 3 1
0.004191619552804981 3 1 0 1 0 0 1 0 1 0
0.0006176987376831157 3 1 0 1 0 0 1 0 1 3
0.0005383602298388233 3 1 0 1 0 0 1 3 1 0
0.004191619552804981 3 1 0 1 0 0 2 0 2 0
0.0006176987376831153 3 1 0 1 0 0 2 0 2 3
0.0005383602298388233 3 1 0 1 0 0 2 3 2 0
0.0008585485812136252 3 1 0 1 0 3 1 0 1 0
0.0008585485812136252 3 1 0 1 0 3 2 0 2 0
0.0005157571690172259 3 1 0 1 3 0 1 0 1 0
0.000515757169017226 3 1 0 1 3 0 2 0 2 0
45.98458212814344 3 1 0 2 0 0 1 0 2 0
4.46295876755529 3 1 0 2 0 0 1 0 2 3
5.4429645781809475 3 1 0 2 0 0 1 3 2 0
-0.00986959440075355 3 1 0 2 0 0 1 3 2 3
-45.98458212814344 3 1 0 2 0 0 2 0 1 0
-4.46295876755529 3 1 0 2 0 0 2 0 1 3
-5.4429645781809475 3 1 0 2 0 0 2 3 1 0
0.00986959440075355 3 1 0 2 0 0 2 3 1 3
-0.0002868710082681969 3 1 0 2 0 1 1 3 2 1
-3.1793637886465354e-05 3 1 0 2 0 1 2 3 1 1
-0.00031866464615466224 3 1 0 2 0 1 2 3 2 2
0.00031866464615466224 3 1 0 2 0 2 1 3 1 1
3.1793637886465354e-05 3 1 0 2 0 2 1 3 2 2
0.0002868710082681969 3 1 0 2 0 2 2 3 1 2
10.11935091929885 3 1 0 2 0 3 1 0 2 0
-0.011812392465503342 3 1 0 2 0 3 1 0 2 3
-0.017681944498123457 3 1 0 2 0 3 1 3 2 0
-0.0021747584404845843 3 1 0 2 0 3 1 3 2 3
-10.11935091929885 3 1 0 2 0 3 2 0 1 0
0.011812392465503342 3 1 0 2 0 3 2 0 1 3
0.017681944498123457 3 1 0 2 0 3 2 3 1 0
0.0021747584404845843 3 1 0 2 0 3 2 3 1 3
4.953375134705497 3 1 0 2 3 0 1 0 2 0
-0.00923677613031435 3 1 0 2 3 0 1 0 2 3
-0.010709265142869104 3 1 0 2 3 0 1 3 2 0
-0.0019621393015175612 3 1 0 2 3 0 1 3 2 3
-4.953375134705497 3 1 0 2 3 0 2 0 1 0
0.00923677613031435 3 1 0 2 3 0 2 0 1 3
0.010709265142869104 3 1 0 2 3 0 2 3 1 0
0.0019621393015175612 3 1 0 2 3 0 2 3 1 3
-0.00045305263494012013 3 1 0 2 3 1 1 0 2 1
-0.002493294757478051 3 1 0 2 3 1 1 3 2 1
-0.00019410010996681197 3 1 0 2 3 1 2 0 1 1
-0.0006471527449069322 3 1 0 2 3 1 2 0 2 2
-0.0010450373977525546 3 1 0 2 3 1 2 3 1 1
-0.0035383321552306048 3 1 0 2 3 1 2 3 2 2
0.0006471527449069322 3 1 0 2 3 2 1 0 1 1
0.00019410010996681197 3 1 0 2 3 2 1 0 2 2
0.0035383321552306048 3 1 0 2 3 2 1 3 1 1
0.0010450373977525546 3 1 0 2 3 2 1 3 2 2
0.00045305263494012013 3 1 0 2 3 2 2 0 1 2
0.002493294757478051 3 1 0 2 3 2 2 3 1 2
-0.011812392465503342 3 1 0 2 3 3 1 0 2 0
-0.002426718532173453 3 1 0 2 3 3 1 0 2 3
-0.0022836672891557988 3 1 0 2 3 3 1 3 2 0
0.011812392465503342 3 1 0 2 3 3 2 0 1 0
0.002426718532173453 3 1 0 2 3 3 2 0 1 3
0.0022836672891557988 3 1 0 2 3 3 2 3 1 0
0.00032582436953821654 3 1 0 3 1 0 1 0 0 1
0.00032582436953821633 3 1 0 3 1 0 2 0 0 2
-3.958940932875969e-05 3 1 0 3 1 1 1 3 3 0
-3.9589409328759476e-05 3 1 0 3 1 2 2 3 3 0
8.401991508282912 3 1 0 3 2 0 1 0 0 2
-0.028354214325293337 3 1 0 3 2 0 1 0 3 2
-0.026685885587531197 3 1 0 3 2 0 1 3 0 2
-0.003964242679206646 3 1 0 3 2 0 1 3 3 2
-8.401991508282912 3 1 0 3 2 0 2 0 0 1
0.028354214325293337 3 1 0 3 2 0 2 0 3 1
0.026685885587531197 3 1 0 3 2 0 2 3 0 1
0.003964242679206646 3 1 0 3 2 0 2 3 3 1
0.0049906190958154 3 1 0 3 2 1 2 0 0 0
0.035398563970496656 3 1 0 3 2 1 2 0 3 0
0.005092555997775749 3 1 0 3 2 1 2 0 3 3
0.03430290786804147 3 1 0 3 2 1 2 3 0 0
0.004835774416281628 3 1 0 3 2 1 2 3 0 3
-10.520880075165628 3 1 0 3 2 1 2 3 3 0
0.029059075063953922 3 1 0 3 2 1 2 3 3 3
-0.0049906190958154 3 1 0 3 2 2 1 0 0 0
-0.035398563970496656 3 1 0 3 2 2 1 0 3 0
-0.005092555997775749 3 1 0 3 2 2 1 0 3 3
-0.03430290786804147 3 1 0 3 2 2 1 3 0 0
-0.004835774416281628 3 1 0 3 2 2 1 3 0 3
10.520880075165628 3 1 0 3 2 2 1 3 3 0
-0.029059075063953922 3 1 0 3 2 2 1 3 3 3
-0.029329976322741022 3 1 0 3 2 3 1 0 0 2
-0.004146219696292378 3 1 0 3 2 3 1 0 3 2
-0.0036525890940090513 3 1 0 3 2 3 1 3 0 2
0.029329976322741022 3 1 0 3 2 3 2 0 0 1
0.0041462196962923775 3 1 0 3 2 3 2 0 3 1
0.0036525890940090513 3 1 0 3 2 3 2 3 0 1
0.004191619552804981 3 1 1 0 0 0 1 1 0 0
0.0006176987376831157 3 1 1 0 0 0 1 1 0 3
0.0005383602298388232 3 1 1 0 0 0 1 1 3 0
0.004191619552804981 3 1 1 0 0 0 2 2 0 0
0.0006176987376831151 3 1 1 0 0 0 2 2 0 3
0.0005383602298388232 3 1 1 0 0 0 2 2 3 0
0.0008585485812136252 3 1 1 0 0 3 1 1 0 0
0.0008585485812136252 3 1 1 0 0 3 2 2 0 0
0.000515757169017226 3 1 1 0 3 0 1 1 0 0
0.0005157571690172259 3 1 1 0 3 0 2 2 0 0
0.0010732644387439717 3 1 1 2 2 0 1 1 2 2
-0.0005950642990181503 3 1 1 2 2 0 1 2 1 2
-0.0004782001397258215 3 1 1 2 2 0 1 2 2 1
-0.0004782001397258215 3 1 1 2 2 0 2 1 1 2
-0.0005950642990181503 3 1 1 2 2 0 2 1 2 1
0.0010732644387439717 3 1 1 2 2 0 2 2 1 1
0.00044099578885585473 3 1 1 2 2 1 1 2 2 0
8.702053690521754e-05 3 1 1 2 2 1 1 2 2 3
-0.0007683259456555114 3 1 1 2 2 1 2 1 2 0
-0.00017190105919966762 3 1 1 2 2 1 2 1 2 3
0.0003273301567996567 3 1 1 2 2 1 2 2 1 0
8.488052229445005e-05 3 1 1 2 2 1 2 2 1 3
0.0003273301567996567 3 1 1 2 2 2 1 1 2 0
8.488052229445005e-05 3 1 1 2 2 2 1 1 2 3
-0.0007683259456555114 3 1 1 2 2 2 1 2 1 0
-0.00017190105919966762 3 1 1 2 2 2 1 2 1 3
0.00044099578885585473 3 1 1 2 2 2 2 1 1 0
8.702053690521754e-05 3 1 1 2 2 2 2 1 1 3
0.0003012697254772689 3 1 1 2 2 3 1 1 2 2
-0.00019236087680605455 3 1 1 2 2 3 1 2 1 2
-0.00010890884867121442 3 1 1 2 2 3 1 2 2 1
-0.00010890884867121442 3 1 1 2 2 3 2 1 1 2
-0.00019236087680605455 3 1 1 2 2 3 2 1 2 1
0.0003012697254772689 3 1 1 2 2 3 2 2 1 1
0.00047626571745042917 3 1 1 3 0 0 1 1 0 0
0.00047626571745042906 3 1 1 3 0 0 2 2 0 0
0.0001465590385712656 3 1 1 3 3 1 1 1 3 1
-7.082729866036206e-06 3 1 1 3 3 1 1 2 3 2
6.650754475484737e-05 3 1 1 3 3 1 2 1 3 2
8.713422368245458e-05 3 1 1 3 3 1 2 2 3 1
8.713422368245461e-05 3 1 1 3 3 2 1 1 3 2
6.650754475484737e-05 3 1 1 3 3 2 1 2 3 1
-7.082729866036206e-06 3 1 1 3 3 2 2 1 3 1
0.0001465590385712656 3 1 1 3 3 2 2 2 3 2
45.98458212814344 3 1 2 0 0 0 1 2 0 0
4.46295876755529 3 1 2 0 0 0 1 2 0 3
5.442964578180948 3 1 2 0 0 0 1 2 3 0
-0.00986959440075355 3 1 2 0 0 0 1 2 3 3
-45.98458212814344 3 1 2 0 0 0 2 1 0 0
-4.46295876755529 3 1 2 0 0 0 2 1 0 3
-5.4429645781809475 3 1 2 0 0 0 2 1 3 0
0.00986959440075355 3 1 2 0 0 0 2 1 3 3
-0.0002868710082681969 3 1 2 0 0 1 1 2 3 1
-3.179363788646534e-05 3 1 2 0 0 1 2 1 3 1
-0.00031866464615466224 3 1 2 0 0 1 2 2 3 2
0.00031866464615466224 3 1 2 0 0 2 1 1 3 1
3.179363788646534e-05 3 1 2 0 0 2 1 2 3 2
0.0002868710082681969 3 1 2 0 0 2 2 1 3 2
10.11935091929885 3 1 2 0 0 3 1 2 0 0
-0.011812392465503342 3 1 2 0 0 3 1 2 0 3
-0.017681944498123457 3 1 2 0 0 3 1 2 3 0
-0.0021747584404845843 3 1 2 0 0 3 1 2 3 3
-10.11935091929885 3 1 2 0 0 3 2 1 0 0
0.011812392465503342 3 1 2 0 0 3 2 1 0 3
0.017681944498123457 3 1 2 0 0 3 2 1 3 0
0.0021747584404845843 3 1 2 0 0 3 2 1 3 3
4.953375134705497 3 1 2 0 3 0 1 2 0 0
-0.00923677613031435 3 1 2 0 3 0 1 2 0 3
-0.010709265142869104 3 1 2 0 3 0 1 2 3 0
-0.0019621393015175612 3 1 2 0 3 0 1 2 3 3
-4.953375134705497 3 1 2 0 3 0 2 1 0 0
0.00923677613031435 3 1 2 0 3 0 2 1 0 3
0.010709265142869104 3 1 2 0 3 0 2 1 3 0
0.0019621393015175612 3 1 2 0 3 0 2 1 3 3
-0.0004530526349401202 3 1 2 0 3 1 1 2 0 1
-0.002493294757478051 3 1 2 0 3 1 1 2 3 1
-0.00019410010996681197 3 1 2 0 3 1 2 1 0 1
-0.0010450373977525546 3 1 2 0 3 1 2 1 3 1
-0.0006471527449069319 3 1 2 0 3 1 2 2 0 2
-0.0035383321552306048 3 1 2 0 3 1 2 2 3 2
0.0006471527449069319 3 1 2 0 3 2 1 1 0 1
0.0035383321552306048 3 1 2 0 3 2 1 1 3 1
0.00019410010996681197 3 1 2 0 3 2 1 2 0 2
0.0010450373977525546 3 1 2 0 3 2 1 2 3 2
0.0004530526349401202 3 1 2 0 3 2 2 1 0 2
0.002493294757478051 3 1 2 0 3 2 2 1 3 2
-0.011812392465503342 3 1 2 0 3 3 1 2 0 0
-0.002426718532173453 3 1 2 0 3 3 1 2 0 3
-0.0022836672891557988 3 1 2 0 3 3 1 2 3 0
0.011812392465503342 3 1 2 0 3 3 2 1 0 0
0.002426718532173453 3 1 2 0 3 3 2 1 0 3
0.0022836672891557988 3 1 2 0 3 3 2 1 3 0
-0.0005950642990181503 3 1 2 1 2 0 1 1 2 2
0.0010732644387439717 3 1 2 1 2 0 1 2 1 2
-0.0004782001397258215 3 1 2 1 2 0 1 2 2 1
-0.0004782001397258215 3 1 2 1 2 0 2 1 1 2
0.0010732644387439717 3 1 2 1 2 0 2 1 2 1
-0.0005950642990181503 3 1 2 1 2 0 2 2 1 1
0.00044099578885585473 3 1 2 1 2 1 1 2 2 0
8.702053690521754e-05 3 1 2 1 2 1 1 2 2 3
0.0003273301567996567 3 1 2 1 2 1 2 1 2 0
8.488052229445005e-05 3 1 2 1 2 1 2 1 2 3
-0.0007683259456555114 3 1 2 1 2 1 2 2 1 0
-0.00017190105919966762 3 1 2 1 2 1 2 2 1 3
-0.0007683259456555114 3 1 2 1 2 2 1 1 2 0
-0.00017190105919966762 3 1 2 1 2 2 1 1 2 3
0.0003273301567996567 3 1 2 1 2 2 1 2 1 0
8.488052229445005e-05 3 1 2 1 2 2 1 2 1 3
0.00044099578885585473 3 1 2 1 2 2 2 1 1 0
8.702053690521754e-05 3 1 2 1 2 2 2 1 1 3
-0.00019236087680605455 3 1 2 1 2 3 1 1 2 2
0.0003012697254772689 3 1 2 1 2 3 1 2 1 2
-0.00010890884867121442 3 1 2 1 2 3 1 2 2 1
-0.00010890884867121442 3 1 2 1 2 3 2 1 1 2
0.0003012697254772689 3 1 2 1 2 3 2 1 2 1
-0.00019236087680605455 3 1 2 1 2 3 2 2 1 1
-0.0004782001397258215 3 1 2 2 1 0 1 1 2 2
-0.0004782001397258215 3 1 2 2 1 0 1 2 1 2
0.000956400279451643 3 1 2 2 1 0 1 2 2 1
0.000956400279451643 3 1 2 2 1 0 2 1 1 2
-0.0004782001397258215 3 1 2 2 1 0 2 1 2 1
-0.0004782001397258215 3 1 2 2 1 0 2 2 1 1
-0.0008819915777117096 3 1 2 2 1 1 1 2 2 0
-0.0001740410738104351 3 1 2 2 1 1 1 2 2 3
0.00044099578885585473 3 1 2 2 1 1 2 1 2 0
8.702053690521755e-05 3 1 2 2 1 1 2 1 2 3
0.00044099578885585473 3 1 2 2 1 1 2 2 1 0
8.702053690521755e-05 3 1 2 2 1 1 2 2 1 3
0.00044099578885585473 3 1 2 2 1 2 1 1 2 0
8.702053690521755e-05 3 1 2 2 1 2 1 1 2 3
0.00044099578885585473 3 1 2 2 1 2 1 2 1 0
8.702053690521755e-05 3 1 2 2 1 2 1 2 1 3
-0.0008819915777117096 3 1 2 2 1 2 2 1 1 0
-0.0001740410738104351 3 1 2 2 1 2 2 1 1 3
-0.00010890884867121442 3 1 2 2 1 3 1 1 2 2
-0.00010890884867121442 3 1 2 2 1 3 1 2 1 2
0.00021781769734242887 3 1 2 2 1 3 1 2 2 1
0.00021781769734242887 3 1 2 2 1 3 2 1 1 2
-0.00010890884867121442 3 1 2 2 1 3 2 1 2 1
-0.00010890884867121442 3 1 2 2 1 3 2 2 1 1
4.452022697536624 3 1 2 3 0 0 1 2 0 0
-0.01011015481755368 3 1 2 3 0 0 1 2 0 3
-0.01384683094299793 3 1 2 3 0 0 1 2 3 0
-0.0018175730436413072 3 1 2 3 0 0 1 2 3 3
-4.452022697536624 3 1 2 3 0 0 2 1 0 0
0.01011015481755368 3 1 2 3 0 0 2 1 0 3
0.01384683094299793 3 1 2 3 0 0 2 1 3 0
0.0018175730436413072 3 1 2 3 0 0 2 1 3 3
-0.0003738915451734145 3 1 2 3 0 1 1 2 0 1
-0.0002234447002565279 3 1 2 3 0 1 1 2 3 1
5.522689901875217e-05 3 1 2 3 0 1 2 1 0 1
0.001346240506515967 3 1 2 3 0 1 2 1 3 1
-0.0003186646461546623 3 1 2 3 0 1 2 2 0 2
0.0011227958062594392 3 1 2 3 0 1 2 2 3 2
0.0003186646461546623 3 1 2 3 0 2 1 1 0 1
-0.0011227958062594392 3 1 2 3 0 2 1 1 3 1
-5.522689901875217e-05 3 1 2 3 0 2 1 2 0 2
-0.001346240506515967 3 1 2 3 0 2 1 2 3 2
0.0003738915451734145 3 1 2 3 0 2 2 1 0 2
0.0002234447002565279 3 1 2 3 0 2 2 1 3 2
-0.017681944498123454 3 1 2 3 0 3 1 2 0 0
-0.0022836672891557983 3 1 2 3 0 3 1 2 0 3
-0.0025619596519406893 3 1 2 3 0 3 1 2 3 0
0.017681944498123454 3 1 2 3 0 3 2 1 0 0
0.0022836672891557983 3 1 2 3 0 3 2 1 0 3
0.0025619596519406893 3 1 2 3 0 3 2 1 3 0
-0.009993425280217587 3 1 2 3 3 0 1 2 0 0
-0.0018051120362662012 3 1 2 3 3 0 1 2 0 3
-0.0018637200520622383 3 1 2 3 3 0 1 2 3 0
0.009993425280217587 3 1 2 3 3 0 2 1 0 0
0.0018051120362662012 3 1 2 3 3 0 2 1 0 3
0.0018637200520622383 3 1 2 3 3 0 2 1 3 0
-7.655619194725274e-06 3 1 2 3 3 1 1 1 3 2
-0.0029342905463339048 3 1 2 3 3 1 1 2 0 1
3.2051120835589963 3 1 2 3 3 1 1 2 3 1
-0.0006040416088966992 3 1 2 3 3 1 2 1 0 1
1.4929566295702057 3 1 2 3 3 1 2 1 3 1
-0.0035383321552306035 3 1 2 3 3 1 2 2 0 2
4.6980610575100075 3 1 2 3 3 1 2 2 3 2
0.0035383321552306035 3 1 2 3 3 2 1 1 0 1
-4.698061057510007 3 1 2 3 3 2 1 1 3 1
0.0006040416088966992 3 1 2 3 3 2 1 2 0 2
-1.4929566295702057 3 1 2 3 3 2 1 2 3 2
0.0029342905463339048 3 1 2 3 3 2 2 1 0 2
-3.2051120835589963 3 1 2 3 3 2 2 1 3 2
7.655619194725284e-06 3 1 2 3 3 2 2 2 3 1
-0.002174758440484584 3 1 2 3 3 3 1 2 0 0
0.002174758440484584 3 1 2 3 3 3 2 1 0 0
0.00032582436953821654 3 1 3 0 1 0 1 0 0 1
0.00032582436953821633 3 1 3 0 1 0 2 0 0 2
-3.958940932875969e-05 3 1 3 0 1 1 1 3 3 0
-3.9589409328759476e-05 3 1 3 0 1 2 2 3 3 0
8.40199150828291 3 1 3 0 2 0 1 0 0 2
-0.026685885587531197 3 1 3 0 2 0 1 0 3 2
-0.028354214325293337 3 1 3 0 2 0 1 3 0 2
-0.003964242679206646 3 1 3 0 2 0 1 3 3 2
-8.40199150828291 3 1 3 0 2 0 2 0 0 1
0.026685885587531197 3 1 3 0 2 0 2 0 3 1
0.028354214325293337 3 1 3 0 2 0 2 3 0 1
0.003964242679206646 3 1 3 0 2 0 2 3 3 1
0.004990619095815399 3 1 3 0 2 1 2 0 0 0
0.03430290786804147 3 1 3 0 2 1 2 0 3 0
0.004835774416281628 3 1 3 0 2 1 2 0 3 3
0.035398563970496656 3 1 3 0 2 1 2 3 0 0
0.005092555997775749 3 1 3 0 2 1 2 3 0 3
-10.520880075165628 3 1 3 0 2 1 2 3 3 0
0.029059075063953922 3 1 3 0 2 1 2 3 3 3
-0.004990619095815399 3 1 3 0 2 2 1 0 0 0
-0.03430290786804147 3 1 3 0 2 2 1 0 3 0
-0.004835774416281628 3 1 3 0 2 2 1 0 3 3
-0.035398563970496656 3 1 3 0 2 2 1 3 0 0
-0.005092555997775749 3 1 3 0 2 2 1 3 0 3
10.520880075165628 3 1 3 0 2 2 1 3 3 0
-0.029059075063953922 3 1 3 0 2 2 1 3 3 3
-0.029329976322741022 3 1 3 0 2 3 1 0 0 2
-0.0036525890940090513 3 1 3 0 2 3 1 0 3 2
-0.004146219696292378 3 1 3 0 2 3 1 3 0 2
0.029329976322741022 3 1 3 0 2 3 2 0 0 1
0.0036525890940090513 3 1 3 0 2 3 2 0 3 1
0.0041462196962923775 3 1 3 0 2 3 2 3 0 1
0.0004762657174504291 3 1 3 1 0 0 1 0 1 0
0.0004762657174504291 3 1 3 1 0 0 2 0 2 0
0.0001465590385712656 3 1 3 1 3 1 1 3 1 1
-7.082729866036206e-06 3 1 3 1 3 1 1 3 2 2
6.650754475484737e-05 3 1 3 1 3 1 2 3 1 2
8.713422368245458e-05 3 1 3 1 3 1 2 3 2 1
8.713422368245461e-05 3 1 3 1 3 2 1 3 1 2
6.650754475484737e-05 3 1 3 1 3 2 1 3 2 1
-7.082729866036206e-06 3 1 3 1 3 2 2 3 1 1
0.0001465590385712656 3 1 3 1 3 2 2 3 2 2
4.452022697536624 3 1 3 2 0 0 1 0 2 0
-0.01011015481755368 3 1 3 2 0 0 1 0 2 3
-0.01384683094299793 3 1 3 2 0 0 1 3 2 0
-0.0018175730436413072 3 1 3 2 0 0 1 3 2 3
-4.452022697536624 3 1 3 2 0 0 2 0 1 0
0.01011015481755368 3 1 3 2 0 0 2 0 1 3
0.01384683094299793 3 1 3 2 0 0 2 3 1 0
0.0018175730436413072 3 1 3 2 0 0 2 3 1 3
-0.0003738915451734145 3 1 3 2 0 1 1 0 2 1
-0.0002234447002565279 3 1 3 2 0 1 1 3 2 1
5.522689901875217e-05 3 1 3 2 0 1 2 0 1 1
-0.0003186646461546623 3 1 3 2 0 1 2 0 2 2
0.001346240506515967 3 1 3 2 0 1 2 3 1 1
0.0011227958062594392 3 1 3 2 0 1 2 3 2 2
0.0003186646461546623 3 1 3 2 0 2 1 0 1 1
-5.522689901875217e-05 3 1 3 2 0 2 1 0 2 2
-0.0011227958062594392 3 1 3 2 0 2 1 3 1 1
-0.001346240506515967 3 1 3 2 0 2 1 3 2 2
0.0003738915451734145 3 1 3 2 0 2 2 0 1 2
0.0002234447002565279 3 1 3 2 0 2 2 3 1 2
-0.017681944498123454 3 1 3 2 0 3 1 0 2 0
-0.0022836672891557983 3 1 3 2 0 3 1 0 2 3
-0.0025619596519406893 3 1 3 2 0 3 1 3 2 0
0.017681944498123454 3 1 3 2 0 3 2 0 1 0
0.0022836672891557983 3 1 3 2 0 3 2 0 1 3
0.0025619596519406893 3 1 3 2 0 3 2 3 1 0
-0.009993425280217587 3 1 3 2 3 0 1 0 2 0
-0.0018051120362662012 3 1 3 2 3 0 1 0 2 3
-0.0018637200520622383 3 1 3 2 3 0 1 3 2 0
0.009993425280217587 3 1 3 2 3 0 2 0 1 0
0.0018051120362662012 3 1 3 2 3 0 2 0 1 3
0.0018637200520622383 3 1 3 2 3 0 2 3 1 0
-0.0029342905463339048 3 1 3 2 3 1 1 0 2 1
-7.655619194725274e-06 3 1 3 2 3 1 1 3 1 2
3.2051120835589963 3 1 3 2 3 1 1 3 2 1
-0.0006040416088966992 3 1 3 2 3 1 2 0 1 1
-0.0035383321552306035 3 1 3 2 3 1 2 0 2 2
1.4929566295702057 3 1 3 2 3 1 2 3 1 1
4.6980610575100075 3 1 3 2 3 1 2 3 2 2
0.0035383321552306035 3 1 3 2 3 2 1 0 1 1
0.0006040416088966992 3 1 3 2 3 2 1 0 2 2
-4.698061057510007 3 1 3 2 3 2 1 3 1 1
-1.4929566295702057 3 1 3 2 3 2 1 3 2 2
0.0029342905463339048 3 1 3 2 3 2 2 0 1 2
-3.2051120835589963 3 1 3 2 3 2 2 3 1 2
7.655619194725284e-06 3 1 3 2 3 2 2 3 2 1
-0.002174758440484584 3 1 3 2 3 3 1 0 2 0
0.002174758440484584 3 1 3 2 3 3 2 0 1 0
-4.016229865744817e-05 3 1 3 3 1 1 1 0 3 0
-4.016229865744817e-05 3 1 3 3 1 1 1 3 0 0
-0.0007550164994885375 3 1 3 3 1 1 1 3 3 0
-0.00018748622340063908 3 1 3 3 1 1 1 3 3 3
-4.016229865744817e-05 3 1 3 3 1 2 2 0 3 0
-4.016229865744817e-05 3 1 3 3 1 2 2 3 0 0
-0.0007550164994885375 3 1 3 3 1 2 2 3 3 0
-0.0001874862234006393 3 1 3 3 1 2 2 3 3 3
-0.02361386129117348 3 1 3 3 2 0 1 0 0 2
-0.0035049296878797917 3 1 3 3 2 0 1 0 3 2
-0.0035049296878797917 3 1 3 3 2 0 1 3 0 2
0.02361386129117348 3 1 3 3 2 0 2 0 0 1
0.0035049296878797917 3 1 3 3 2 0 2 0 3 1
0.0035049296878797917 3 1 3 3 2 0 2 3 0 1
0.03707291407761656 3 1 3 3 2 1 2 0 0 0
0.004982538003236621 3 1 3 3 2 1 2 0 0 3
-15.219007640220392 3 1 3 3 2 1 2 0 3 0
0.02793627925769449 3 1 3 3 2 1 2 0 3 3
-15.219007640220394 3 1 3 3 2 1 2 3 0 0
0.02793627925769449 3 1 3 3 2 1 2 3 0 3
-123.85632439322625 3 1 3 3 2 1 2 3 3 0
-15.096744571627331 3 1 3 3 2 1 2 3 3 3
-0.03707291407761656 3 1 3 3 2 2 1 0 0 0
-0.004982538003236621 3 1 3 3 2 2 1 0 0 3
15.219007640220392 3 1 3 3 2 2 1 0 3 0
-0.02793627925769449 3 1 3 3 2 2 1 0 3 3
15.219007640220394 3 1 3 3 2 2 1 3 0 0
-0.02793627925769449 3 1 3 3 2 2 1 3 0 3
123.85632439322625 3 1 3 3 2 2 1 3 3 0
15.096744571627331 3 1 3 3 2 2 1 3 3 3
-0.0034602282172029974 3 1 3 3 2 3 1 0 0 2
0.0034602282172029974 3 1 3 3 2 3 2 0 0 1
-95.91934222197672 3 2 0 0 1 0 1 0 0 2
-11.69107804513287 3 2 0 0 1 0 1 0 3 2
-11.691078045132867 3 2 0 0 1 0 1 3 0 2
0.02856778128585262 3 2 0 0 1 0 1 3 3 2
95.91934222197672 3 2 0 0 1 0 2 0 0 1
11.691078045132869 3 2 0 0 1 0 2 0 3 1
11.691078045132867 3 2 0 0 1 0 2 3 0 1
-0.02856778128585262 3 2 0 0 1 0 2 3 3 1
-0.004343466350908467 3 2 0 0 1 1 2 0 3 0
-0.004343466350908467 3 2 0 0 1 1 2 3 0 0
-0.029996249767155356 3 2 0 0 1 1 2 3 3 0
-0.004345208710927297 3 2 0 0 1 1 2 3 3 3
0.004343466350908467 3 2 0 0 1 2 1 0 3 0
0.004343466350908467 3 2 0 0 1 2 1 3 0 0
0.029996249767155356 3 2 0 0 1 2 1 3 3 0
0.004345208710927297 3 2 0 0 1 2 1 3 3 3
-12.505565177903165 3 2 0 0 1 3 1 0 0 2
0.02932997632274102 3 2 0 0 1 3 1 0 3 2
0.02932997632274102 3 2 0 0 1 3 1 3 0 2
0.0034602282172029974 3 2 0 0 1 3 1 3 3 2
12.505565177903165 3 2 0 0 1 3 2 0 0 1
-0.02932997632274102 3 2 0 0 1 3 2 0 3 1
-0.02932997632274102 3 2 0 0 1 3 2 3 0 1
-0.0034602282172029974 3 2 0 0 1 3 2 3 3 1
0.001974264259178446 3 2 0 0 2 0 1 0 0 1
0.00037006708298937727 3 2 0 0 2 0 1 0 3 1
0.00037006708298937684 3 2 0 0 2 0 1 3 0 1
0.001974264259178446 3 2 0 0 2 0 2 0 0 2
0.00037006708298937727 3 2 0 0 2 0 2 0 3 2
0.00037006708298937705 3 2 0 0 2 0 2 3 0 2
0.0005850141311488435 3 2 0 0 2 3 1 0 0 1
0.0005850141311488435 3 2 0 0 2 3 2 0 0 2
-45.98458212814344 3 2 0 1 0 0 1 0 2 0
-4.462958767555289 3 2 0 1 0 0 1 0 2 3
-5.4429645781809475 3 2 0 1 0 0 1 3 2 0
0.00986959440075355 3 2 0 1 0 0 1 3 2 3
45.98458212814344 3 2 0 1 0 0 2 0 1 0
4.462958767555289 3 2 0 1 0 0 2 0 1 3
5.4429645781809475 3 2 0 1 0 0 2 3 1 0
-0.00986959440075355 3 2 0 1 0 0 2 3 1 3
0.0002868710082681969 3 2 0 1 0 1 1 3 2 1
3.179363788646534e-05 3 2 0 1 0 1 2 3 1 1
0.00031866464615466224 3 2 0 1 0 1 2 3 2 2
-0.00031866464615466224 3 2 0 1 0 2 1 3 1 1
-3.179363788646534e-05 3 2 0 1 0 2 1 3 2 2
-0.0002868710082681969 3 2 0 1 0 2 2 3 1 2
-10.11935091929885 3 2 0 1 0 3 1 0 2 0
0.011812392465503342 3 2 0 1 0 3 1 0 2 3
0.017681944498123457 3 2 0 1 0 3 1 3 2 0
0.002174758440484584 3 2 0 1 0 3 1 3 2 3
10.11935091929885 3 2 0 1 0 3 2 0 1 0
-0.011812392465503342 3 2 0 1 0 3 2 0 1 3
-0.017681944498123457 3 2 0 1 0 3 2 3 1 0
-0.002174758440484584 3 2 0 1 0 3 2 3 1 3
-4.953375134705497 3 2 0 1 3 0 1 0 2 0
0.00923677613031435 3 2 0 1 3 0 1 0 2 3
0.010709265142869104 3 2 0 1 3 0 1 3 2 0
0.0019621393015175612 3 2 0 1 3 0 1 3 2 3
4.953375134705496 3 2 0 1 3 0 2 0 1 0
-0.00923677613031435 3 2 0 1 3 0 2 0 1 3
-0.010709265142869104 3 2 0 1 3 0 2 3 1 0
-0.0019621393015175612 3 2 0 1 3 0 2 3 1 3
0.00045305263494012013 3 2 0 1 3 1 1 0 2 1
0.002493294757478051 3 2 0 1 3 1 1 3 2 1
0.00019410010996681197 3 2 0 1 3 1 2 0 1 1
0.000647152744906932 3 2 0 1 3 1 2 0 2 2
0.0010450373977525546 3 2 0 1 3 1 2 3 1 1
0.0035383321552306048 3 2 0 1 3 1 2 3 2 2
-0.000647152744906932 3 2 0 1 3 2 1 0 1 1
-0.00019410010996681197 3 2 0 1 3 2 1 0 2 2
-0.0035383321552306048 3 2 0 1 3 2 1 3 1 1
-0.0010450373977525546 3 2 0 1 3 2 1 3 2 2
-0.00045305263494012013 3 2 0 1 3 2 2 0 1 2
-0.002493294757478051 3 2 0 1 3 2 2 3 1 2
0.011812392465503342 3 2 0 1 3 3 1 0 2 0
0.0024267185321734533 3 2 0 1 3 3 1 0 2 3
0.0022836672891557988 3 2 0 1 3 3 1 3 2 0
-0.011812392465503342 3 2 0 1 3 3 2 0 1 0
-0.0024267185321734533 3 2 0 1 3 3 2 0 1 3
-0.0022836672891557988 3 2 0 1 3 3 2 3 1 0
0.004191619552804981 3 2 0 2 0 0 1 0 1 0
0.0006176987376831157 3 2 0 2 0 0 1 0 1 3
0.0005383602298388233 3 2 0 2 0 0 1 3 1 0
0.004191619552804981 3 2 0 2 0 0 2 0 2 0
0.000617698737683116 3 2 0 2 0 0 2 0 2 3
0.0005383602298388233 3 2 0 2 0 0 2 3 2 0
0.0008585485812136252 3 2 0 2 0 3 1 0 1 0
0.0008585485812136252 3 2 0 2 0 3 2 0 2 0
0.000515757169017226 3 2 0 2 3 0 1 0 1 0
0.0005157571690172261 3 2 0 2 3 0 2 0 2 0
-8.401991508282912 3 2 0 3 1 0 1 0 0 2
0.028354214325293337 3 2 0 3 1 0 1 0 3 2
0.0266858855875312 3 2 0 3 1 0 1 3 0 2
0.0039642426792066456 3 2 0 3 1 0 1 3 3 2
8.401991508282912 3 2 0 3 1 0 2 0 0 1
-0.028354214325293337 3 2 0 3 1 0 2 0 3 1
-0.0266858855875312 3 2 0 3 1 0 2 3 0 1
-0.0039642426792066456 3 2 0 3 1 0 2 3 3 1
-0.0049906190958154 3 2 0 3 1 1 2 0 0 0
-0.035398563970496656 3 2 0 3 1 1 2 0 3 0
-0.005092555997775749 3 2 0 3 1 1 2 0 3 3
-0.034302907868041466 3 2 0 3 1 1 2 3 0 0
-0.004835774416281628 3 2 0 3 1 1 2 3 0 3
10.520880075165632 3 2 0 3 1 1 2 3 3 0
-0.029059075063953922 3 2 0 3 1 1 2 3 3 3
0.0049906190958154 3 2 0 3 1 2 1 0 0 0
0.035398563970496656 3 2 0 3 1 2 1 0 3 0
0.005092555997775749 3 2 0 3 1 2 1 0 3 3
0.034302907868041466 3 2 0 3 1 2 1 3 0 0
0.004835774416281628 3 2 0 3 1 2 1 3 0 3
-10.520880075165632 3 2 0 3 1 2 1 3 3 0
0.029059075063953922 3 2 0 3 1 2 1 3 3 3
0.029329976322741022 3 2 0 3 1 3 1 0 0 2
0.0041462196962923775 3 2 0 3 1 3 1 0 3 2
0.0036525890940090513 3 2 0 3 1 3 1 3 0 2
-0.029329976322741022 3 2 0 3 1 3 2 0 0 1
-0.0041462196962923775 3 2 0 3 1 3 2 0 3 1
-0.0036525890940090513 3 2 0 3 1 3 2 3 0 1
0.00032582436953821654 3 2 0 3 2 0 1 0 0 1
0.00032582436953821654 3 2 0 3 2 0 2 0 0 2
-3.9589409328759476e-05 3 2 0 3 2 1 1 3 3 0
-3.9589409328759476e-05 3 2 0 3 2 2 2 3 3 0
-45.98458212814344 3 2 1 0 0 0 1 2 0 0
-4.462958767555289 3 2 1 0 0 0 1 2 0 3
-5.4429645781809475 3 2 1 0 0 0 1 2 3 0
0.00986959440075355 3 2 1 0 0 0 1 2 3 3
45.98458212814344 3 2 1 0 0 0 2 1 0 0
4.462958767555289 3 2 1 0 0 0 2 1 0 3
5.442964578180948 3 2 1 0 0 0 2 1 3 0
-0.00986959440075355 3 2 1 0 0 0 2 1 3 3
0.0002868710082681969 3 2 1 0 0 1 1 2 3 1
3.179363788646533e-05 3 2 1 0 0 1 2 1 3 1
0.00031866464615466224 3 2 1 0 0 1 2 2 3 2
-0.00031866464615466224 3 2 1 0 0 2 1 1 3 1
-3.179363788646533e-05 3 2 1 0 0 2 1 2 3 2
-0.0002868710082681969 3 2 1 0 0 2 2 1 3 2
-10.11935091929885 3 2 1 0 0 3 1 2 0 0
0.011812392465503342 3 2 1 0 0 3 1 2 0 3
0.017681944498123457 3 2 1 0 0 3 1 2 3 0
0.002174758440484584 3 2 1 0 0 3 1 2 3 3
10.11935091929885 3 2 1 0 0 3 2 1 0 0
-0.011812392465503342 3 2 1 0 0 3 2 1 0 3
-0.017681944498123457 3 2 1 0 0 3 2 1 3 0
-0.002174758440484584 3 2 1 0 0 3 2 1 3 3
-4.953375134705497 3 2 1 0 3 0 1 2 0 0
0.00923677613031435 3 2 1 0 3 0 1 2 0 3
0.010709265142869104 3 2 1 0 3 0 1 2 3 0
0.0019621393015175612 3 2 1 0 3 0 1 2 3 3
4.953375134705496 3 2 1 0 3 0 2 1 0 0
-0.00923677613031435 3 2 1 0 3 0 2 1 0 3
-0.010709265142869104 3 2 1 0 3 0 2 1 3 0
-0.0019621393015175612 3 2 1 0 3 0 2 1 3 3
0.00045305263494012013 3 2 1 0 3 1 1 2 0 1
0.002493294757478051 3 2 1 0 3 1 1 2 3 1
0.00019410010996681197 3 2 1 0 3 1 2 1 0 1
0.0010450373977525546 3 2 1 0 3 1 2 1 3 1
0.0006471527449069322 3 2 1 0 3 1 2 2 0 2
0.0035383321552306048 3 2 1 0 3 1 2 2 3 2
-0.0006471527449069322 3 2 1 0 3 2 1 1 0 1
-0.0035383321552306048 3 2 1 0 3 2 1 1 3 1
-0.00019410010996681197 3 2 1 0 3 2 1 2 0 2
-0.0010450373977525546 3 2 1 0 3 2 1 2 3 2
-0.00045305263494012013 3 2 1 0 3 2 2 1 0 2
-0.002493294757478051 3 2 1 0 3 2 2 1 3 2
0.011812392465503342 3 2 1 0 3 3 1 2 0 0
0.0024267185321734533 3 2 1 0 3 3 1 2 0 3
0.0022836672891557988 3 2 1 0 3 3 1 2 3 0
-0.011812392465503342 3 2 1 0 3 3 2 1 0 0
-0.0024267185321734533 3 2 1 0 3 3 2 1 0 3
-0.0022836672891557988 3 2 1 0 3 3 2 1 3 0
-0.0004782001397258215 3 2 1 1 2 0 1 1 2 2
-0.0004782001397258215 3 2 1 1 2 0 1 2 1 2
0.000956400279451643 3 2 1 1 2 0 1 2 2 1
0.000956400279451643 3 2 1 1 2 0 2 1 1 2
-0.0004782001397258215 3 2 1 1 2 0 2 1 2 1
-0.0004782001397258215 3 2 1 1 2 0 2 2 1 1
-0.0008819915777117096 3 2 1 1 2 1 1 2 2 0
-0.00017404107381043508 3 2 1 1 2 1 1 2 2 3
0.00044099578885585473 3 2 1 1 2 1 2 1 2 0
8.702053690521754e-05 3 2 1 1 2 1 2 1 2 3
0.00044099578885585473 3 2 1 1 2 1 2 2 1 0
8.702053690521755e-05 3 2 1 1 2 1 2 2 1 3
0.00044099578885585473 3 2 1 1 2 2 1 1 2 0
8.702053690521755e-05 3 2 1 1 2 2 1 1 2 3
0.00044099578885585473 3 2 1 1 2 2 1 2 1 0
8.702053690521754e-05 3 2 1 1 2 2 1 2 1 3
-0.0008819915777117096 3 2 1 1 2 2 2 1 1 0
-0.00017404107381043508 3 2 1 1 2 2 2 1 1 3
-0.00010890884867121442 3 2 1 1 2 3 1 1 2 2
-0.00010890884867121442 3 2 1 1 2 3 1 2 1 2
0.00021781769734242884 3 2 1 1 2 3 1 2 2 1
0.00021781769734242884 3 2 1 1 2 3 2 1 1 2
-0.00010890884867121442 3 2 1 1 2 3 2 1 2 1
-0.00010890884867121442 3 2 1 1 2 3 2 2 1 1
-0.0005950642990181503 3 2 1 2 1 0 1 1 2 2
0.0010732644387439717 3 2 1 2 1 0 1 2 1 2
-0.0004782001397258215 3 2 1 2 1 0 1 2 2 1
-0.0004782001397258215 3 2 1 2 1 0 2 1 1 2
0.0010732644387439717 3 2 1 2 1 0 2 1 2 1
-0.0005950642990181503 3 2 1 2 1 0 2 2 1 1
0.00044099578885585473 3 2 1 2 1 1 1 2 2 0
8.702053690521755e-05 3 2 1 2 1 1 1 2 2 3
0.0003273301567996567 3 2 1 2 1 1 2 1 2 0
8.488052229445008e-05 3 2 1 2 1 1 2 1 2 3
-0.0007683259456555114 3 2 1 2 1 1 2 2 1 0
-0.00017190105919966762 3 2 1 2 1 1 2 2 1 3
-0.0007683259456555114 3 2 1 2 1 2 1 1 2 0
-0.00017190105919966762 3 2 1 2 1 2 1 1 2 3
0.0003273301567996567 3 2 1 2 1 2 1 2 1 0
8.488052229445008e-05 3 2 1 2 1 2 1 2 1 3
0.00044099578885585473 3 2 1 2 1 2 2 1 1 0
8.702053690521755e-05 3 2 1 2 1 2 2 1 1 3
-0.00019236087680605455 3 2 1 2 1 3 1 1 2 2
0.000301269725477269 3 2 1 2 1 3 1 2 1 2
-0.00010890884867121441 3 2 1 2 1 3 1 2 2 1
-0.00010890884867121441 3 2 1 2 1 3 2 1 1 2
0.000301269725477269 3 2 1 2 1 3 2 1 2 1
-0.00019236087680605455 3 2 1 2 1 3 2 2 1 1
-4.452022697536624 3 2 1 3 0 0 1 2 0 0
0.01011015481755368 3 2 1 3 0 0 1 2 0 3
0.01384683094299793 3 2 1 3 0 0 1 2 3 0
0.0018175730436413072 3 2 1 3 0 0 1 2 3 3
4.452022697536624 3 2 1 3 0 0 2 1 0 0
-0.01011015481755368 3 2 1 3 0 0 2 1 0 3
-0.01384683094299793 3 2 1 3 0 0 2 1 3 0
-0.0018175730436413076 3 2 1 3 0 0 2 1 3 3
0.00037389154517341444 3 2 1 3 0 1 1 2 0 1
0.00022344470025652795 3 2 1 3 0 1 1 2 3 1
-5.522689901875216e-05 3 2 1 3 0 1 2 1 0 1
-0.0013462405065159668 3 2 1 3 0 1 2 1 3 1
0.00031866464615466224 3 2 1 3 0 1 2 2 0 2
-0.001122795806259439 3 2 1 3 0 1 2 2 3 2
-0.00031866464615466224 3 2 1 3 0 2 1 1 0 1
0.001122795806259439 3 2 1 3 0 2 1 1 3 1
5.522689901875216e-05 3 2 1 3 0 2 1 2 0 2
0.0013462405065159668 3 2 1 3 0 2 1 2 3 2
-0.00037389154517341444 3 2 1 3 0 2 2 1 0 2
-0.00022344470025652795 3 2 1 3 0 2 2 1 3 2
0.017681944498123454 3 2 1 3 0 3 1 2 0 0
0.0022836672891557983 3 2 1 3 0 3 1 2 0 3
0.0025619596519406893 3 2 1 3 0 3 1 2 3 0
-0.017681944498123454 3 2 1 3 0 3 2 1 0 0
-0.0022836672891557983 3 2 1 3 0 3 2 1 0 3
-0.0025619596519406893 3 2 1 3 0 3 2 1 3 0
0.009993425280217587 3 2 1 3 3 0 1 2 0 0
0.0018051120362662016 3 2 1 3 3 0 1 2 0 3
0.0018637200520622383 3 2 1 3 3 0 1 2 3 0
-0.009993425280217587 3 2 1 3 3 0 2 1 0 0
-0.0018051120362662016 3 2 1 3 3 0 2 1 0 3
-0.0018637200520622383 3 2 1 3 3 0 2 1 3 0
7.655619194725294e-06 3 2 1 3 3 1 1 1 3 2
0.0029342905463339048 3 2 1 3 3 1 1 2 0 1
-3.2051120835589963 3 2 1 3 3 1 1 2 3 1
0.0006040416088966992 3 2 1 3 3 1 2 1 0 1
-1.4929566295702057 3 2 1 3 3 1 2 1 3 1
0.0035383321552306035 3 2 1 3 3 1 2 2 0 2
-4.6980610575100075 3 2 1 3 3 1 2 2 3 2
-0.0035383321552306035 3 2 1 3 3 2 1 1 0 1
4.698061057510007 3 2 1 3 3 2 1 1 3 1
-0.0006040416088966992 3 2 1 3 3 2 1 2 0 2
1.492956629570206 3 2 1 3 3 2 1 2 3 2
-0.0029342905463339048 3 2 1 3 3 2 2 1 0 2
3.2051120835589963 3 2 1 3 3 2 2 1 3 2
-7.655619194725313e-06 3 2 1 3 3 2 2 2 3 1
0.002174758440484584 3 2 1 3 3 3 1 2 0 0
-0.002174758440484584 3 2 1 3 3 3 2 1 0 0
0.004191619552804981 3 2 2 0 0 0 1 1 0 0
0.0006176987376831153 3 2 2 0 0 0 1 1 0 3
0.0005383602298388232 3 2 2 0 0 0 1 1 3 0
0.0041916195528049795 3 2 2 0 0 0 2 2 0 0
0.000617698737683116 3 2 2 0 0 0 2 2 0 3
0.0005383602298388232 3 2 2 0 0 0 2 2 3 0
0.0008585485812136252 3 2 2 0 0 3 1 1 0 0
0.0008585485812136247 3 2 2 0 0 3 2 2 0 0
0.0005157571690172258 3 2 2 0 3 0 1 1 0 0
0.0005157571690172259 3 2 2 0 3 0 2 2 0 0
0.0010732644387439717 3 2 2 1 1 0 1 1 2 2
-0.0005950642990181503 3 2 2 1 1 0 1 2 1 2
-0.0004782001397258215 3 2 2 1 1 0 1 2 2 1
-0.0004782001397258215 3 2 2 1 1 0 2 1 1 2
-0.0005950642990181503 3 2 2 1 1 0 2 1 2 1
0.0010732644387439717 3 2 2 1 1 0 2 2 1 1
0.00044099578885585473 3 2 2 1 1 1 1 2 2 0
8.702053690521755e-05 3 2 2 1 1 1 1 2 2 3
-0.0007683259456555114 3 2 2 1 1 1 2 1 2 0
-0.00017190105919966762 3 2 2 1 1 1 2 1 2 3
0.0003273301567996567 3 2 2 1 1 1 2 2 1 0
8.488052229445008e-05 3 2 2 1 1 1 2 2 1 3
0.0003273301567996567 3 2 2 1 1 2 1 1 2 0
8.488052229445008e-05 3 2 2 1 1 2 1 1 2 3
-0.0007683259456555114 3 2 2 1 1 2 1 2 1 0
-0.00017190105919966762 3 2 2 1 1 2 1 2 1 3
0.00044099578885585473 3 2 2 1 1 2 2 1 1 0
8.702053690521755e-05 3 2 2 1 1 2 2 1 1 3
0.000301269725477269 3 2 2 1 1 3 1 1 2 2
-0.00019236087680605455 3 2 2 1 1 3 1 2 1 2
-0.00010890884867121441 3 2 2 1 1 3 1 2 2 1
-0.00010890884867121441 3 2 2 1 1 3 2 1 1 2
-0.00019236087680605455 3 2 2 1 1 3 2 1 2 1
0.000301269725477269 3 2 2 1 1 3 2 2 1 1
0.00047626571745042906 3 2 2 3 0 0 1 1 0 0
0.00047626571745042906 3 2 2 3 0 0 2 2 0 0
0.0001465590385712656 3 2 2 3 3 1 1 1 3 1
-7.0827298660363755e-06 3 2 2 3 3 1 1 2 3 2
6.650754475484738e-05 3 2 2 3 3 1 2 1 3 2
8.713422368245466e-05 3 2 2 3 3 1 2 2 3 1
8.713422368245466e-05 3 2 2 3 3 2 1 1 3 2
6.650754475484741e-05 3 2 2 3 3 2 1 2 3 1
-7.0827298660363755e-06 3 2 2 3 3 2 2 1 3 1
0.00014655903857126564 3 2 2 3 3 2 2 2 3 2
-8.401991508282912 3 2 3 0 1 0 1 0 0 2
0.0266858855875312 3 2 3 0 1 0 1 0 3 2
0.028354214325293337 3 2 3 0 1 0 1 3 0 2
0.0039642426792066456 3 2 3 0 1 0 1 3 3 2
8.40199150828291 3 2 3 0 1 0 2 0 0 1
-0.0266858855875312 3 2 3 0 1 0 2 0 3 1
-0.028354214325293337 3 2 3 0 1 0 2 3 0 1
-0.0039642426792066456 3 2 3 0 1 0 2 3 3 1
-0.004990619095815399 3 2 3 0 1 1 2 0 0 0
-0.034302907868041466 3 2 3 0 1 1 2 0 3 0
-0.004835774416281628 3 2 3 0 1 1 2 0 3 3
-0.035398563970496656 3 2 3 0 1 1 2 3 0 0
-0.005092555997775749 3 2 3 0 1 1 2 3 0 3
10.52088007516563 3 2 3 0 1 1 2 3 3 0
-0.029059075063953922 3 2 3 0 1 1 2 3 3 3
0.004990619095815399 3 2 3 0 1 2 1 0 0 0
0.034302907868041466 3 2 3 0 1 2 1 0 3 0
0.004835774416281628 3 2 3 0 1 2 1 0 3 3
0.035398563970496656 3 2 3 0 1 2 1 3 0 0
0.005092555997775749 3 2 3 0 1 2 1 3 0 3
-10.52088007516563 3 2 3 0 1 2 1 3 3 0
0.029059075063953922 3 2 3 0 1 2 1 3 3 3
0.029329976322741022 3 2 3 0 1 3 1 0 0 2
0.0036525890940090513 3 2 3 0 1 3 1 0 3 2
0.0041462196962923775 3 2 3 0 1 3 1 3 0 2
-0.029329976322741022 3 2 3 0 1 3 2 0 0 1
-0.0036525890940090513 3 2 3 0 1 3 2 0 3 1
-0.0041462196962923775 3 2 3 0 1 3 2 3 0 1
0.00032582436953821654 3 2 3 0 2 0 1 0 0 1
0.00032582436953821654 3 2 3 0 2 0 2 0 0 2
-3.9589409328759476e-05 3 2 3 0 2 1 1 3 3 0
-3.9589409328759476e-05 3 2 3 0 2 2 2 3 3 0
-4.452022697536624 3 2 3 1 0 0 1 0 2 0
0.01011015481755368 3 2 3 1 0 0 1 0 2 3
0.01384683094299793 3 2 3 1 0 0 1 3 2 0
0.0018175730436413072 3 2 3 1 0 0 1 3 2 3
4.452022697536624 3 2 3 1 0 0 2 0 1 0
-0.01011015481755368 3 2 3 1 0 0 2 0 1 3
-0.01384683094299793 3 2 3 1 0 0 2 3 1 0
-0.0018175730436413072 3 2 3 1 0 0 2 3 1 3
0.00037389154517341444 3 2 3 1 0 1 1 0 2 1
0.00022344470025652795 3 2 3 1 0 1 1 3 2 1
-5.522689901875216e-05 3 2 3 1 0 1 2 0 1 1
0.00031866464615466224 3 2 3 1 0 1 2 0 2 2
-0.0013462405065159668 3 2 3 1 0 1 2 3 1 1
-0.001122795806259439 3 2 3 1 0 1 2 3 2 2
-0.00031866464615466224 3 2 3 1 0 2 1 0 1 1
5.522689901875216e-05 3 2 3 1 0 2 1 0 2 2
0.001122795806259439 3 2 3 1 0 2 1 3 1 1
0.0013462405065159668 3 2 3 1 0 2 1 3 2 2
-0.00037389154517341444 3 2 3 1 0 2 2 0 1 2
-0.00022344470025652795 3 2 3 1 0 2 2 3 1 2
0.017681944498123454 3 2 3 1 0 3 1 0 2 0
0.0022836672891557983 3 2 3 1 0 3 1 0 2 3
0.0025619596519406893 3 2 3 1 0 3 1 3 2 0
-0.017681944498123454 3 2 3 1 0 3 2 0 1 0
-0.0022836672891557983 3 2 3 1 0 3 2 0 1 3
-0.0025619596519406893 3 2 3 1 0 3 2 3 1 0
0.009993425280217587 3 2 3 1 3 0 1 0 2 0
0.0018051120362662016 3 2 3 1 3 0 1 0 2 3
0.0018637200520622383 3 2 3 1 3 0 1 3 2 0
-0.009993425280217587 3 2 3 1 3 0 2 0 1 0
-0.0018051120362662016 3 2 3 1 3 0 2 0 1 3
-0.0018637200520622383 3 2 3 1 3 0 2 3 1 0
0.0029342905463339048 3 2 3 1 3 1 1 0 2 1
7.655619194725294e-06 3 2 3 1 3 1 1 3 1 2
-3.2051120835589963 3 2 3 1 3 1 1 3 2 1
0.0006040416088966992 3 2 3 1 3 1 2 0 1 1
0.0035383321552306035 3 2 3 1 3 1 2 0 2 2
-1.4929566295702057 3 2 3 1 3 1 2 3 1 1
-4.6980610575100075 3 2 3 1 3 1 2 3 2 2
-0.0035383321552306035 3 2 3 1 3 2 1 0 1 1
-0.0006040416088966992 3 2 3 1 3 2 1 0 2 2
4.698061057510007 3 2 3 1 3 2 1 3 1 1
1.492956629570206 3 2 3 1 3 2 1 3 2 2
-0.0029342905463339048 3 2 3 1 3 2 2 0 1 2
3.2051120835589963 3 2 3 1 3 2 2 3 1 2
-7.655619194725313e-06 3 2 3 1 3 2 2 3 2 1
0.002174758440484584 3 2 3 1 3 3 1 0 2 0
-0.002174758440484584 3 2 3 1 3 3 2 0 1 0
0.0004762657174504292 3 2 3 2 0 0 1 0 1 0
0.0004762657174504292 3 2 3 2 0 0 2 0 2 0
0.0001465590385712656 3 2 3 2 3 1 1 3 1 1
-7.0827298660363755e-06 3 2 3 2 3 1 1 3 2 2
6.650754475484738e-05 3 2 3 2 3 1 2 3 1 2
8.713422368245466e-05 3 2 3 2 3 1 2 3 2 1
8.713422368245455e-05 3 2 3 2 3 2 1 3 1 2
6.650754475484738e-05 3 2 3 2 3 2 1 3 2 1
-7.0827298660363755e-06 3 2 3 2 3 2 2 3 1 1
0.0001465590385712656 3 2 3 2 3 2 2 3 2 2
0.02361386129117348 3 2 3 3 1 0 1 0 0 2
0.0035049296878797917 3 2 3 3 1 0 1 0 3 2
0.0035049296878797917 3 2 3 3 1 0 1 3 0 2
-0.02361386129117348 3 2 3 3 1 0 2 0 0 1
-0.0035049296878797917 3 2 3 3 1 0 2 0 3 1
-0.0035049296878797917 3 2 3 3 1 0 2 3 0 1
-0.03707291407761656 3 2 3 3 1 1 2 0 0 0
-0.004982538003236621 3 2 3 3 1 1 2 0 0 3
15.219007640220392 3 2 3 3 1 1 2 0 3 0
-0.02793627925769449 3 2 3 3 1 1 2 0 3 3
15.219007640220394 3 2 3 3 1 1 2 3 0 0
-0.02793627925769448 3 2 3 3 1 1 2 3 0 3
123.85632439322625 3 2 3 3 1 1 2 3 3 0
15.096744571627335 3 2 3 3 1 1 2 3 3 3
0.03707291407761656 3 2 3 3 1 2 1 0 0 0
0.004982538003236621 3 2 3 3 1 2 1 0 0 3
-15.219007640220392 3 2 3 3 1 2 1 0 3 0
0.02793627925769449 3 2 3 3 1 2 1 0 3 3
-15.219007640220394 3 2 3 3 1 2 1 3 0 0
0.02793627925769448 3 2 3 3 1 2 1 3 0 3
-123.85632439322625 3 2 3 3 1 2 1 3 3 0
-15.096744571627335 3 2 3 3 1 2 1 3 3 3
0.0034602282172029974 3 2 3 3 1 3 1 0 0 2
-0.0034602282172029974 3 2 3 3 1 3 2 0 0 1
-4.016229865744839e-05 3 2 3 3 2 1 1 0 3 0
-4.016229865744839e-05 3 2 3 3 2 1 1 3 0 0
-0.0007550164994885375 3 2 3 3 2 1 1 3 3 0
-0.0001874862234006393 3 2 3 3 2 1 1 3 3 3
-4.016229865744839e-05 3 2 3 3 2 2 2 0 3 0
-4.016229865744839e-05 3 2 3 3 2 2 2 3 0 0
-0.0007550164994885375 3 2 3 3 2 2 2 3 3 0
-0.00018748622340063908 3 2 3 3 2 2 2 3 3 3
163515.88769545875 3 3 0 0 0 0 0 0 0 0
-1120.5190440314348 3 3 0 0 0 0 0 0 0 3
-1247.8965704996076 3 3 0 0 0 0 0 0 3 0
-167.46282516558347 3 3 0 0 0 0 0 0 3 3
-1247.8965704996076 3 3 0 0 0 0 0 3 0 0
-167.46282516558347 3 3 0 0 0 0 0 3 0 3
-160.97070619257224 3 3 0 0 0 0 0 3 3 0
0.6383197127465192 3 3 0 0 0 0 0 3 3 3
-1368.6136917079782 3 3 0 0 0 0 3 0 0 0
-180.70286163396273 3 3 0 0 0 0 3 0 0 3
-168.2099692761407 3 3 0 0 0 0 3 0 3 0
0.6699081656406359 3 3 0 0 0 0 3 0 3 3
-168.20996927614067 3 3 0 0 0 0 3 3 0 0
0.6699081656406359 3 3 0 0 0 0 3 3 0 3
0.7438417835837852 3 3 0 0 0 0 3 3 3 0
0.10115336921723403 3 3 0 0 0 0 3 3 3 3
0.0001981372087564578 3 3 0 0 0 1 0 3 3 1
0.0036860336070250977 3 3 0 0 0 1 3 0 3 1
0.0036860336070250977 3 3 0 0 0 1 3 3 0 1
0.0171774057581305 3 3 0 0 0 1 3 3 3 1
0.0001981372087564578 3 3 0 0 0 2 0 3 3 2
0.0036860336070250977 3 3 0 0 0 2 3 0 3 2
0.0036860336070250977 3 3 0 0 0 2 3 3 0 2
0.0171774057581305 3 3 0 0 0 2 3 3 3 2
-1364.67509792756 3 3 0 0 0 3 0 0 0 0
-168.44880450410707 3 3 0 0 0 3 0 0 0 3
-159.775387210615 3 3 0 0 0 3 0 0 3 0
0.6623741514629548 3 3 0 0 0 3 0 0 3 3
-159.77538721061504 3 3 0 0 0 3 0 3 0 0
0.6623741514629548 3 3 0 0 0 3 0 3 0 3
0.7219814570665104 3 3 0 0 0 3 0 3 3 0
0.09503922959148678 3 3 0 0 0 3 0 3 3 3
-181.84249441916896 3 3 0 0 0 3 3 0 0 0
0.6865188581082069 3 3 0 0 0 3 3 0 0 3
0.7518677497337928 3 3 0 0 0 3 3 0 3 0
0.0956387771308078 3 3 0 0 0 3 3 0 3 3
0.7518677497337928 3 3 0 0 0 3 3 3 0 0
0.0956387771308078 3 3 0 0 0 3 3 3 0 3
0.09225505547282159 3 3 0 0 0 3 3 3 3 0
-966.1782789900416 3 3 0 0 3 0 0 0 0 0
-160.59311167812467 3 3 0 0 3 0 0 0 0 3
-151.46655207915012 3 3 0 0 3 0 0 0 3 0
0.5591934892181398 3 3 0 0 3 0 0 0 3 3
-151.46655207915015 3 3 0 0 3 0 0 3 0 0
0.5591934892181398 3 3 0 0 3 0 0 3 0 3
0.6170906555467008 3 3 0 0 3 0 0 3 3 0
0.1021505829767498 3 3 0 0 3 0 0 3 3 3
-161.97466850414952 3 3 0 0 3 0 3 0 0 0
0.5957337852650535 3 3 0 0 3 0 3 0 0 3
0.657447520188735 3 3 0 0 3 0 3 0 3 0
0.10527968584603915 3 3 0 0 3 0 3 0 3 3
0.657447520188735 3 3 0 0 3 0 3 3 0 0
0.10527968584603914 3 3 0 0 3 0 3 3 0 3
0.10107905723188566 3 3 0 0 3 0 3 3 3 0
0.0005607994447132987 3 3 0 0 3 1 0 0 3 1
0.0005607994447132986 3 3 0 0 3 1 0 3 0 1
-0.0018718067848346193 3 3 0 0 3 1 0 3 3 1
0.00430395355353288 3 3 0 0 3 1 3 0 0 1
0.02332281161870565 3 3 0 0 3 1 3 0 3 1
0.02332281161870565 3 3 0 0 3 1 3 3 0 1
-4.561066658018966 3 3 0 0 3 1 3 3 3 1
0.0005607994447132987 3 3 0 0 3 2 0 0 3 2
0.0005607994447132986 3 3 0 0 3 2 0 3 0 2
-0.0018718067848346193 3 3 0 0 3 2 0 3 3 2
0.00430395355353288 3 3 0 0 3 2 3 0 0 2
0.02332281161870565 3 3 0 0 3 2 3 0 3 2
0.02332281161870565 3 3 0 0 3 2 3 3 0 2
-4.561066658018967 3 3 0 0 3 2 3 3 3 2
-155.94265431207262 3 3 0 0 3 3 0 0 0 0
0.5994881358969957 3 3 0 0 3 3 0 0 0 3
0.649184753985599 3 3 0 0 3 3 0 0 3 0
0.10002076603497034 3 3 0 0 3 3 0 0 3 3
0.649184753985599 3 3 0 0 3 3 0 3 0 0
0.10002076603497034 3 3 0 0 3 3 0 3 0 3
0.0954737950204836 3 3 0 0 3 3 0 3 3 0
0.6865188581082071 3 3 0 0 3 3 3 0 0 0
0.10440461619470405 3 3 0 0 3 3 3 0 0 3
0.09844928175777443 3 3 0 0 3 3 3 0 3 0
0.09844928175777443 3 3 0 0 3 3 3 3 0 0
0.00025348215165225816 3 3 0 1 1 0 0 0 1 1
0.00025348215165225816 3 3 0 1 1 0 0 0 2 2
9.772009416304395e-05 3 3 0 1 1 1 3 3 1 0
9.772009416304395e-05 3 3 0 1 1 2 3 3 2 0
2.8074835326600884 3 3 0 1 2 0 0 0 1 2
-2.807483532660089 3 3 0 1 2 0 0 0 2 1
-0.012447296462369835 3 3 0 1 2 0 0 3 1 2
0.012447296462369835 3 3 0 1 2 0 0 3 2 1
-0.01514975792158405 3 3 0 1 2 0 3 0 1 2
0.01514975792158405 3 3 0 1 2 0 3 0 2 1
-0.0018733916883915422 3 3 0 1 2 0 3 3 1 2
0.0018733916883915422 3 3 0 1 2 0 3 3 2 1
-0.0019747844050457533 3 3 0 1 2 1 0 0 2 0
-0.014182459551819893 3 3 0 1 2 1 0 3 2 0
-0.0020175004613042437 3 3 0 1 2 1 0 3 2 3
-0.013025351885804587 3 3 0 1 2 1 3 0 2 0
-0.002078281184969566 3 3 0 1 2 1 3 0 2 3
4.748496614382201 3 3 0 1 2 1 3 3 2 0
-0.01144180638104325 3 3 0 1 2 1 3 3 2 3
0.0019747844050457533 3 3 0 1 2 2 0 0 1 0
0.014182459551819893 3 3 0 1 2 2 0 3 1 0
0.0020175004613042437 3 3 0 1 2 2 0 3 1 3
0.013025351885804587 3 3 0 1 2 2 3 0 1 0
0.002078281184969566 3 3 0 1 2 2 3 0 1 3
-4.748496614382201 3 3 0 1 2 2 3 3 1 0
0.01144180638104325 3 3 0 1 2 2 3 3 1 3
-0.01614057884538527 3 3 0 1 2 3 0 0 1 2
0.01614057884538527 3 3 0 1 2 3 0 0 2 1
-0.001947396823099899 3 3 0 1 2 3 0 3 1 2
0.001947396823099899 3 3 0 1 2 3 0 3 2 1
-0.0028105046269666337 3 3 0 1 2 3 3 0 1 2
0.0028105046269666337 3 3 0 1 2 3 3 0 2 1
-2.8074835326600893 3 3 0 2 1 0 0 0 1 2
2.8074835326600893 3 3 0 2 1 0 0 0 2 1
0.012447296462369835 3 3 0 2 1 0 0 3 1 2
-0.012447296462369835 3 3 0 2 1 0 0 3 2 1
0.01514975792158405 3 3 0 2 1 0 3 0 1 2
-0.01514975792158405 3 3 0 2 1 0 3 0 2 1
0.0018733916883915422 3 3 0 2 1 0 3 3 1 2
-0.0018733916883915422 3 3 0 2 1 0 3 3 2 1
0.0019747844050457533 3 3 0 2 1 1 0 0 2 0
0.014182459551819893 3 3 0 2 1 1 0 3 2 0
0.0020175004613042437 3 3 0 2 1 1 0 3 2 3
0.013025351885804587 3 3 0 2 1 1 3 0 2 0
0.002078281184969566 3 3 0 2 1 1 3 0 2 3
-4.748496614382202 3 3 0 2 1 1 3 3 2 0
0.011441806381043248 3 3 0 2 1 1 3 3 2 3
-0.0019747844050457533 3 3 0 2 1 2 0 0 1 0
-0.014182459551819893 3 3 0 2 1 2 0 3 1 0
-0.0020175004613042437 3 3 0 2 1 2 0 3 1 3
-0.013025351885804587 3 3 0 2 1 2 3 0 1 0
-0.002078281184969566 3 3 0 2 1 2 3 0 1 3
4.748496614382202 3 3 0 2 1 2 3 3 1 0
-0.011441806381043248 3 3 0 2 1 2 3 3 1 3
0.01614057884538527 3 3 0 2 1 3 0 0 1 2
-0.01614057884538527 3 3 0 2 1 3 0 0 2 1
0.0019473968230998991 3 3 0 2 1 3 0 3 1 2
-0.0019473968230998991 3 3 0 2 1 3 0 3 2 1
0.0028105046269666333 3 3 0 2 1 3 3 0 1 2
-0.002810504626966633 3 3 0 2 1 3 3 0 2 1
0.00025348215165225805 3 3 0 2 2 0 0 0 1 1
0.00025348215165225816 3 3 0 2 2 0 0 0 2 2
9.772009416304405e-05 3 3 0 2 2 1 3 3 1 0
9.772009416304395e-05 3 3 0 2 2 2 3 3 2 0
-1116.3495437567783 3 3 0 3 0 0 0 0 0 0
-153.22489095549292 3 3 0 3 0 0 0 0 0 3
-150.42992302064619 3 3 0 3 0 0 0 0 3 0
0.6405226811796801 3 3 0 3 0 0 0 0 3 3
-146.31556335095857 3 3 0 3 0 0 0 3 0 0
0.6259266402284077 3 3 0 3 0 0 0 3 0 3
0.6989845940677359 3 3 0 3 0 0 0 3 3 0
0.10028741836377195 3 3 0 3 0 0 0 3 3 3
-153.6439917088505 3 3 0 3 0 0 3 0 0 0
0.6618166189851385 3 3 0 3 0 0 3 0 0 3
0.7402612215461617 3 3 0 3 0 0 3 0 3 0
0.1024849386647168 3 3 0 3 0 0 3 0 3 3
0.7222551059699339 3 3 0 3 0 0 3 3 0 0
0.10005407861207241 3 3 0 3 0 0 3 3 0 3
0.09927581571026808 3 3 0 3 0 0 3 3 3 0
0.001397004300783911 3 3 0 3 0 1 0 0 3 1
0.001751512541456307 3 3 0 3 0 1 0 3 0 1
0.005730116899938891 3 3 0 3 0 1 0 3 3 1
0.005764314791994663 3 3 0 3 0 1 3 0 0 1
0.027601170949963207 3 3 0 3 0 1 3 0 3 1
0.02827986507610356 3 3 0 3 0 1 3 3 0 1
-6.616183822238387 3 3 0 3 0 1 3 3 3 1
0.001397004300783911 3 3 0 3 0 2 0 0 3 2
0.001751512541456307 3 3 0 3 0 2 0 3 0 2
0.005730116899938891 3 3 0 3 0 2 0 3 3 2
0.005764314791994663 3 3 0 3 0 2 3 0 0 2
0.027601170949963207 3 3 0 3 0 2 3 0 3 2
0.02827986507610356 3 3 0 3 0 2 3 3 0 2
-6.616183822238387 3 3 0 3 0 2 3 3 3 2
-149.65517774273494 3 3 0 3 0 3 0 0 0 0
0.6667023378428366 3 3 0 3 0 3 0 0 0 3
0.7353616621118242 3 3 0 3 0 3 0 0 3 0
0.09897896118081718 3 3 0 3 0 3 0 0 3 3
0.7146535624161993 3 3 0 3 0 3 0 3 0 0
0.09620089904300712 3 3 0 3 0 3 0 3 0 3
0.09477578748704842 3 3 0 3 0 3 0 3 3 0
0.7518677497337928 3 3 0 3 0 3 3 0 0 0
0.0984492817577744 3 3 0 3 0 3 3 0 0 3
0.09696145661712265 3 3 0 3 0 3 3 0 3 0
0.09382385585425526 3 3 0 3 0 3 3 3 0 0
-134.41196019341785 3 3 0 3 3 0 0 0 0 0
0.5322929847729859 3 3 0 3 3 0 0 0 0 3
0.5916270608659668 3 3 0 3 3 0 0 0 3 0
0.0990895168679003 3 3 0 3 3 0 0 0 3 3
0.5796086595301901 3 3 0 3 3 0 0 3 0 0
0.09695889812320876 3 3 0 3 3 0 0 3 0 3
0.09496631179364655 3 3 0 3 3 0 0 3 3 0
0.6190564576900693 3 3 0 3 3 0 3 0 0 0
0.10030288046470932 3 3 0 3 3 0 3 0 0 3
0.09807393378134868 3 3 0 3 3 0 3 0 3 0
0.09593771452275253 3 3 0 3 3 0 3 3 0 0
0.002082531214818931 3 3 0 3 3 1 0 0 0 1
0.007203133772125836 3 3 0 3 3 1 0 0 3 1
0.008945949930380096 3 3 0 3 3 1 0 3 0 1
1.2581841285293842 3 3 0 3 3 1 0 3 3 1
0.036348163504510235 3 3 0 3 3 1 3 0 0 1
-7.496153252792708 3 3 0 3 3 1 3 0 3 1
-8.705037403239597 3 3 0 3 3 1 3 3 0 1
-39.59361863808797 3 3 0 3 3 1 3 3 3 1
0.002082531214818931 3 3 0 3 3 2 0 0 0 2
0.007203133772125836 3 3 0 3 3 2 0 0 3 2
0.008945949930380096 3 3 0 3 3 2 0 3 0 2
1.2581841285293842 3 3 0 3 3 2 0 3 3 2
0.036348163504510235 3 3 0 3 3 2 3 0 0 2
-7.496153252792708 3 3 0 3 3 2 3 0 3 2
-8.705037403239597 3 3 0 3 3 2 3 3 0 2
-39.59361863808796 3 3 0 3 3 2 3 3 3 2
0.6212317826747104 3 3 0 3 3 3 0 0 0 0
0.09759404750279686 3 3 0 3 3 3 0 0 0 3
0.09483274148452475 3 3 0 3 3 3 0 0 3 0
0.09243940110032685 3 3 0 3 3 3 0 3 0 0
0.09563877713080779 3 3 0 3 3 3 3 0 0 0
0.00025348215165225816 3 3 1 0 1 0 0 1 0 1
0.00025348215165225805 3 3 1 0 1 0 0 2 0 2
9.77200941630439e-05 3 3 1 0 1 1 3 1 3 0
9.77200941630439e-05 3 3 1 0 1 2 3 2 3 0
2.8074835326600884 3 3 1 0 2 0 0 1 0 2
-0.012447296462369835 3 3 1 0 2 0 0 1 3 2
-2.807483532660089 3 3 1 0 2 0 0 2 0 1
0.012447296462369835 3 3 1 0 2 0 0 2 3 1
-0.01514975792158405 3 3 1 0 2 0 3 1 0 2
-0.0018733916883915422 3 3 1 0 2 0 3 1 3 2
0.01514975792158405 3 3 1 0 2 0 3 2 0 1
0.0018733916883915422 3 3 1 0 2 0 3 2 3 1
-0.0019747844050457533 3 3 1 0 2 1 0 2 0 0
-0.014182459551819893 3 3 1 0 2 1 0 2 3 0
-0.0020175004613042437 3 3 1 0 2 1 0 2 3 3
-0.013025351885804587 3 3 1 0 2 1 3 2 0 0
-0.002078281184969566 3 3 1 0 2 1 3 2 0 3
4.748496614382202 3 3 1 0 2 1 3 2 3 0
-0.01144180638104325 3 3 1 0 2 1 3 2 3 3
0.0019747844050457533 3 3 1 0 2 2 0 1 0 0
0.014182459551819893 3 3 1 0 2 2 0 1 3 0
0.0020175004613042437 3 3 1 0 2 2 0 1 3 3
0.013025351885804587 3 3 1 0 2 2 3 1 0 0
0.0020782811849695665 3 3 1 0 2 2 3 1 0 3
-4.748496614382201 3 3 1 0 2 2 3 1 3 0
0.01144180638104325 3 3 1 0 2 2 3 1 3 3
-0.01614057884538527 3 3 1 0 2 3 0 1 0 2
-0.001947396823099899 3 3 1 0 2 3 0 1 3 2
0.01614057884538527 3 3 1 0 2 3 0 2 0 1
0.001947396823099899 3 3 1 0 2 3 0 2 3 1
-0.0028105046269666337 3 3 1 0 2 3 3 1 0 2
0.0028105046269666337 3 3 1 0 2 3 3 2 0 1
0.0003839596281413711 3 3 1 1 0 0 0 1 1 0
0.0003839596281413711 3 3 1 1 0 0 0 2 2 0
-4.467771223414076e-05 3 3 1 1 3 1 3 1 1 1
-5.86038682771593e-05 3 3 1 1 3 1 3 1 2 2
-5.860386827715933e-05 3 3 1 1 3 1 3 2 1 2
7.253002432017787e-05 3 3 1 1 3 1 3 2 2 1
7.25300243201779e-05 3 3 1 1 3 2 3 1 1 2
-5.860386827715933e-05 3 3 1 1 3 2 3 1 2 1
-5.86038682771593e-05 3 3 1 1 3 2 3 2 1 1
-4.467771223414076e-05 3 3 1 1 3 2 3 2 2 2
2.0571798348437307 3 3 1 2 0 0 0 1 2 0
-0.007298020475636017 3 3 1 2 0 0 0 1 2 3
-2.0571798348437307 3 3 1 2 0 0 0 2 1 0
0.007298020475636017 3 3 1 2 0 0 0 2 1 3
-0.009003057788113727 3 3 1 2 0 0 3 1 2 0
-0.0012154300263221643 3 3 1 2 0 0 3 1 2 3
0.009003057788113727 3 3 1 2 0 0 3 2 1 0
0.0012154300263221643 3 3 1 2 0 0 3 2 1 3
0.00017725412033619788 3 3 1 2 0 1 0 1 2 1
-0.00017725412033619788 3 3 1 2 0 1 0 2 1 1
0.00033934706307018123 3 3 1 2 0 1 3 1 2 1
-0.00033934706307018123 3 3 1 2 0 1 3 2 1 1
0.00017725412033619788 3 3 1 2 0 2 0 1 2 2
-0.00017725412033619788 3 3 1 2 0 2 0 2 1 2
0.00033934706307018123 3 3 1 2 0 2 3 1 2 2
-0.00033934706307018123 3 3 1 2 0 2 3 2 1 2
-0.010354049847812321 3 3 1 2 0 3 0 1 2 0
-0.0013890310689050047 3 3 1 2 0 3 0 1 2 3
0.010354049847812321 3 3 1 2 0 3 0 2 1 0
0.0013890310689050047 3 3 1 2 0 3 0 2 1 3
-0.0015688003814336732 3 3 1 2 0 3 3 1 2 0
0.0015688003814336732 3 3 1 2 0 3 3 2 1 0
-0.006009200667888221 3 3 1 2 3 0 0 1 2 0
-0.001065309372345752 3 3 1 2 3 0 0 1 2 3
0.006009200667888221 3 3 1 2 3 0 0 2 1 0
0.001065309372345752 3 3 1 2 3 0 0 2 1 3
-0.0010681096292980672 3 3 1 2 3 0 3 1 2 0
0.0010681096292980672 3 3 1 2 3 0 3 2 1 0
0.000871408079127128 3 3 1 2 3 1 0 1 2 1
-0.000871408079127128 3 3 1 2 3 1 0 2 1 1
-0.6044420752234506 3 3 1 2 3 1 3 1 2 1
0.6044420752234506 3 3 1 2 3 1 3 2 1 1
0.000871408079127128 3 3 1 2 3 2 0 1 2 2
-0.000871408079127128 3 3 1 2 3 2 0 2 1 2
-0.6044420752234506 3 3 1 2 3 2 3 1 2 2
0.6044420752234506 3 3 1 2 3 2 3 2 1 2
-0.0011966701920989504 3 3 1 2 3 3 0 1 2 0
0.0011966701920989504 3 3 1 2 3 3 0 2 1 0
0.00010496093217393444 3 3 1 3 1 1 0 1 3 0
0.00015632396244020334 3 3 1 3 1 1 3 1 0 0
0.001099296055036468 3 3 1 3 1 1 3 1 3 0
0.00015225960191684896 3 3 1 3 1 1 3 1 3 3
0.00010496093217393444 3 3 1 3 1 2 0 2 3 0
0.00015632396244020334 3 3 1 3 1 2 3 2 0 0
0.001099296055036468 3 3 1 3 1 2 3 2 3 0
0.00015225960191684874 3 3 1 3 1 2 3 2 3 3
-0.011426296301507868 3 3 1 3 2 0 0 1 0 2
-0.0015438105426942613 3 3 1 3 2 0 0 1 3 2
0.011426296301507868 3 3 1 3 2 0 0 2 0 1
0.0015438105426942613 3 3 1 3 2 0 0 2 3 1
-0.001725443358227182 3 3 1 3 2 0 3 1 0 2
0.001725443358227182 3 3 1 3 2 0 3 2 0 1
-0.013741463762964038 3 3 1 3 2 1 0 2 0 0
-0.0019304799243990264 3 3 1 3 2 1 0 2 0 3
6.361856035136897 3 3 1 3 2 1 0 2 3 0
-0.011355787708018202 3 3 1 3 2 1 0 2 3 3
4.7485552182504795 3 3 1 3 2 1 3 2 0 0
-0.011441806381043246 3 3 1 3 2 1 3 2 0 3
42.232517434680254 3 3 1 3 2 1 3 2 3 0
6.647412121307905 3 3 1 3 2 1 3 2 3 3
0.013741463762964038 3 3 1 3 2 2 0 1 0 0
0.0019304799243990264 3 3 1 3 2 2 0 1 0 3
-6.361856035136897 3 3 1 3 2 2 0 1 3 0
0.011355787708018202 3 3 1 3 2 2 0 1 3 3
-4.7485552182504795 3 3 1 3 2 2 3 1 0 0
0.011441806381043246 3 3 1 3 2 2 3 1 0 3
-42.232517434680254 3 3 1 3 2 2 3 1 3 0
-6.647412121307905 3 3 1 3 2 2 3 1 3 3
-0.0018384879744286842 3 3 1 3 2 3 0 1 0 2
0.0018384879744286842 3 3 1 3 2 3 0 2 0 1
-2.8074835326600893 3 3 2 0 1 0 0 1 0 2
0.012447296462369835 3 3 2 0 1 0 0 1 3 2
2.8074835326600893 3 3 2 0 1 0 0 2 0 1
-0.012447296462369835 3 3 2 0 1 0 0 2 3 1
0.01514975792158405 3 3 2 0 1 0 3 1 0 2
0.0018733916883915422 3 3 2 0 1 0 3 1 3 2
-0.01514975792158405 3 3 2 0 1 0 3 2 0 1
-0.0018733916883915422 3 3 2 0 1 0 3 2 3 1
0.0019747844050457533 3 3 2 0 1 1 0 2 0 0
0.014182459551819893 3 3 2 0 1 1 0 2 3 0
0.0020175004613042437 3 3 2 0 1 1 0 2 3 3
0.013025351885804587 3 3 2 0 1 1 3 2 0 0
0.002078281184969566 3 3 2 0 1 1 3 2 0 3
-4.748496614382202 3 3 2 0 1 1 3 2 3 0
0.011441806381043248 3 3 2 0 1 1 3 2 3 3
-0.0019747844050457533 3 3 2 0 1 2 0 1 0 0
-0.014182459551819893 3 3 2 0 1 2 0 1 3 0
-0.0020175004613042437 3 3 2 0 1 2 0 1 3 3
-0.013025351885804587 3 3 2 0 1 2 3 1 0 0
-0.002078281184969566 3 3 2 0 1 2 3 1 0 3
4.748496614382202 3 3 2 0 1 2 3 1 3 0
-0.011441806381043248 3 3 2 0 1 2 3 1 3 3
0.01614057884538527 3 3 2 0 1 3 0 1 0 2
0.0019473968230998991 3 3 2 0 1 3 0 1 3 2
-0.01614057884538527 3 3 2 0 1 3 0 2 0 1
-0.0019473968230998991 3 3 2 0 1 3 0 2 3 1
0.0028105046269666333 3 3 2 0 1 3 3 1 0 2
-0.002810504626966633 3 3 2 0 1 3 3 2 0 1
0.00025348215165225805 3 3 2 0 2 0 0 1 0 1
0.00025348215165225805 3 3 2 0 2 0 0 2 0 2
9.772009416304401e-05 3 3 2 0 2 1 3 1 3 0
9.772009416304401e-05 3 3 2 0 2 2 3 2 3 0
-2.0571798348437307 3 3 2 1 0 0 0 1 2 0
0.007298020475636017 3 3 2 1 0 0 0 1 2 3
2.0571798348437307 3 3 2 1 0 0 0 2 1 0
-0.007298020475636017 3 3 2 1 0 0 0 2 1 3
0.009003057788113727 3 3 2 1 0 0 3 1 2 0
0.0012154300263221643 3 3 2 1 0 0 3 1 2 3
-0.009003057788113727 3 3 2 1 0 0 3 2 1 0
-0.0012154300263221643 3 3 2 1 0 0 3 2 1 3
-0.00017725412033619788 3 3 2 1 0 1 0 1 2 1
0.00017725412033619788 3 3 2 1 0 1 0 2 1 1
-0.00033934706307018123 3 3 2 1 0 1 3 1 2 1
0.00033934706307018123 3 3 2 1 0 1 3 2 1 1
-0.00017725412033619788 3 3 2 1 0 2 0 1 2 2
0.00017725412033619788 3 3 2 1 0 2 0 2 1 2
-0.00033934706307018123 3 3 2 1 0 2 3 1 2 2
0.00033934706307018123 3 3 2 1 0 2 3 2 1 2
0.010354049847812321 3 3 2 1 0 3 0 1 2 0
0.0013890310689050047 3 3 2 1 0 3 0 1 2 3
-0.010354049847812321 3 3 2 1 0 3 0 2 1 0
-0.0013890310689050047 3 3 2 1 0 3 0 2 1 3
0.0015688003814336732 3 3 2 1 0 3 3 1 2 0
-0.0015688003814336732 3 3 2 1 0 3 3 2 1 0
0.006009200667888221 3 3 2 1 3 0 0 1 2 0
0.001065309372345752 3 3 2 1 3 0 0 1 2 3
-0.006009200667888221 3 3 2 1 3 0 0 2 1 0
-0.001065309372345752 3 3 2 1 3 0 0 2 1 3
0.0010681096292980672 3 3 2 1 3 0 3 1 2 0
-0.0010681096292980672 3 3 2 1 3 0 3 2 1 0
-0.000871408079127128 3 3 2 1 3 1 0 1 2 1
0.000871408079127128 3 3 2 1 3 1 0 2 1 1
0.6044420752234506 3 3 2 1 3 1 3 1 2 1
-0.6044420752234506 3 3 2 1 3 1 3 2 1 1
-0.000871408079127128 3 3 2 1 3 2 0 1 2 2
0.000871408079127128 3 3 2 1 3 2 0 2 1 2
0.6044420752234506 3 3 2 1 3 2 3 1 2 2
-0.6044420752234506 3 3 2 1 3 2 3 2 1 2
0.0011966701920989504 3 3 2 1 3 3 0 1 2 0
-0.0011966701920989504 3 3 2 1 3 3 0 2 1 0
0.00038395962814137123 3 3 2 2 0 0 0 1 1 0
0.00038395962814137123 3 3 2 2 0 0 0 2 2 0
-4.467771223414076e-05 3 3 2 2 3 1 3 1 1 1
-5.86038682771593e-05 3 3 2 2 3 1 3 1 2 2
-5.8603868277159333e-05 3 3 2 2 3 1 3 2 1 2
7.253002432017788e-05 3 3 2 2 3 1 3 2 2 1
7.253002432017791e-05 3 3 2 2 3 2 3 1 1 2
-5.8603868277159333e-05 3 3 2 2 3 2 3 1 2 1
-5.86038682771593e-05 3 3 2 2 3 2 3 2 1 1
-4.467771223414076e-05 3 3 2 2 3 2 3 2 2 2
0.01142629630150787 3 3 2 3 1 0 0 1 0 2
0.0015438105426942613 3 3 2 3 1 0 0 1 3 2
-0.01142629630150787 3 3 2 3 1 0 0 2 0 1
-0.0015438105426942613 3 3 2 3 1 0 0 2 3 1
0.0017254433582271818 3 3 2 3 1 0 3 1 0 2
-0.0017254433582271818 3 3 2 3 1 0 3 2 0 1
0.013741463762964038 3 3 2 3 1 1 0 2 0 0
0.0019304799243990262 3 3 2 3 1 1 0 2 0 3
-6.3618560351368965 3 3 2 3 1 1 0 2 3 0
0.011355787708018202 3 3 2 3 1 1 0 2 3 3
-4.748555218250481 3 3 2 3 1 1 3 2 0 0
0.011441806381043246 3 3 2 3 1 1 3 2 0 3
-42.23251743468025 3 3 2 3 1 1 3 2 3 0
-6.647412121307905 3 3 2 3 1 1 3 2 3 3
-0.013741463762964038 3 3 2 3 1 2 0 1 0 0
-0.0019304799243990262 3 3 2 3 1 2 0 1 0 3
6.3618560351368965 3 3 2 3 1 2 0 1 3 0
-0.011355787708018202 3 3 2 3 1 2 0 1 3 3
4.74855521825048 3 3 2 3 1 2 3 1 0 0
-0.011441806381043246 3 3 2 3 1 2 3 1 0 3
42.23251743468025 3 3 2 3 1 2 3 1 3 0
6.647412121307904 3 3 2 3 1 2 3 1 3 3
0.0018384879744286842 3 3 2 3 1 3 0 1 0 2
-0.0018384879744286842 3 3 2 3 1 3 0 2 0 1
0.00010496093217393444 3 3 2 3 2 1 0 1 3 0
0.00015632396244020334 3 3 2 3 2 1 3 1 0 0
0.0010992960550364672 3 3 2 3 2 1 3 1 3 0
0.00015225960191684858 3 3 2 3 2 1 3 1 3 3
0.00010496093217393444 3 3 2 3 2 2 0 2 3 0
0.00015632396244020334 3 3 2 3 2 2 3 2 0 0
0.0010992960550364672 3 3 2 3 2 2 3 2 3 0
0.0001522596019168487 3 3 2 3 2 2 3 2 3 3
-1116.3495437567778 3 3 3 0 0 0 0 0 0 0
-153.2248909554929 3 3 3 0 0 0 0 0 0 3
-146.31556335095854 3 3 3 0 0 0 0 0 3 0
0.6259266402284077 3 3 3 0 0 0 0 0 3 3
-150.4299230206462 3 3 3 0 0 0 0 3 0 0
0.6405226811796801 3 3 3 0 0 0 0 3 0 3
0.6989845940677359 3 3 3 0 0 0 0 3 3 0
0.10028741836377195 3 3 3 0 0 0 0 3 3 3
-153.6439917088505 3 3 3 0 0 0 3 0 0 0
0.6618166189851385 3 3 3 0 0 0 3 0 0 3
0.7222551059699339 3 3 3 0 0 0 3 0 3 0
0.10005407861207241 3 3 3 0 0 0 3 0 3 3
0.7402612215461617 3 3 3 0 0 0 3 3 0 0
0.1024849386647168 3 3 3 0 0 0 3 3 0 3
0.09927581571026807 3 3 3 0 0 0 3 3 3 0
0.001751512541456307 3 3 3 0 0 1 0 0 3 1
0.001397004300783911 3 3 3 0 0 1 0 3 0 1
0.005730116899938891 3 3 3 0 0 1 0 3 3 1
0.005764314791994663 3 3 3 0 0 1 3 0 0 1
0.028279865076103562 3 3 3 0 0 1 3 0 3 1
0.027601170949963207 3 3 3 0 0 1 3 3 0 1
-6.616183822238388 3 3 3 0 0 1 3 3 3 1
0.001751512541456307 3 3 3 0 0 2 0 0 3 2
0.001397004300783911 3 3 3 0 0 2 0 3 0 2
0.005730116899938891 3 3 3 0 0 2 0 3 3 2
0.005764314791994663 3 3 3 0 0 2 3 0 0 2
0.028279865076103562 3 3 3 0 0 2 3 0 3 2
0.027601170949963207 3 3 3 0 0 2 3 3 0 2
-6.616183822238388 3 3 3 0 0 2 3 3 3 2
-149.65517774273494 3 3 3 0 0 3 0 0 0 0
0.6667023378428366 3 3 3 0 0 3 0 0 0 3
0.7146535624161993 3 3 3 0 0 3 0 0 3 0
0.09620089904300712 3 3 3 0 0 3 0 0 3 3
0.7353616621118242 3 3 3 0 0 3 0 3 0 0
0.09897896118081718 3 3 3 0 0 3 0 3 0 3
0.09477578748704842 3 3 3 0 0 3 0 3 3 0
0.7518677497337928 3 3 3 0 0 3 3 0 0 0
0.0984492817577744 3 3 3 0 0 3 3 0 0 3
0.09382385585425526 3 3 3 0 0 3 3 0 3 0
0.09696145661712265 3 3 3 0 0 3 3 3 0 0
-134.41196019341783 3 3 3 0 3 0 0 0 0 0
0.5322929847729859 3 3 3 0 3 0 0 0 0 3
0.5796086595301901 3 3 3 0 3 0 0 0 3 0
0.09695889812320876 3 3 3 0 3 0 0 0 3 3
0.5916270608659668 3 3 3 0 3 0 0 3 0 0
0.0990895168679003 3 3 3 0 3 0 0 3 0 3
0.09496631179364655 3 3 3 0 3 0 0 3 3 0
0.6190564576900693 3 3 3 0 3 0 3 0 0 0
0.10030288046470932 3 3 3 0 3 0 3 0 0 3
0.09593771452275253 3 3 3 0 3 0 3 0 3 0
0.09807393378134868 3 3 3 0 3 0 3 3 0 0
0.002082531214818931 3 3 3 0 3 1 0 0 0 1
0.008945949930380096 3 3 3 0 3 1 0 0 3 1
0.007203133772125836 3 3 3 0 3 1 0 3 0 1
1.2581841285293844 3 3 3 0 3 1 0 3 3 1
0.036348163504510235 3 3 3 0 3 1 3 0 0 1
-8.705037403239597 3 3 3 0 3 1 3 0 3 1
-7.496153252792708 3 3 3 0 3 1 3 3 0 1
-39.59361863808797 3 3 3 0 3 1 3 3 3 1
0.002082531214818931 3 3 3 0 3 2 0 0 0 2
0.008945949930380096 3 3 3 0 3 2 0 0 3 2
0.007203133772125836 3 3 3 0 3 2 0 3 0 2
1.2581841285293844 3 3 3 0 3 2 0 3 3 2
0.036348163504510235 3 3 3 0 3 2 3 0 0 2
-8.705037403239597 3 3 3 0 3 2 3 0 3 2
-7.496153252792708 3 3 3 0 3 2 3 3 0 2
-39.59361863808797 3 3 3 0 3 2 3 3 3 2
0.6212317826747104 3 3 3 0 3 3 0 0 0 0
0.09759404750279686 3 3 3 0 3 3 0 0 0 3
0.09243940110032685 3 3 3 0 3 3 0 0 3 0
0.09483274148452475 3 3 3 0 3 3 0 3 0 0
0.09563877713080779 3 3 3 0 3 3 3 0 0 0
0.00010496093217393444 3 3 3 1 1 1 0 3 1 0
0.00015632396244020312 3 3 3 1 1 1 3 0 1 0
0.001099296055036468 3 3 3 1 1 1 3 3 1 0
0.00015225960191684896 3 3 3 1 1 1 3 3 1 3
0.00010496093217393444 3 3 3 1 1 2 0 3 2 0
0.00015632396244020312 3 3 3 1 1 2 3 0 2 0
0.001099296055036468 3 3 3 1 1 2 3 3 2 0
0.00015225960191684896 3 3 3 1 1 2 3 3 2 3
-0.011426296301507868 3 3 3 1 2 0 0 0 1 2
0.011426296301507868 3 3 3 1 2 0 0 0 2 1
-0.0015438105426942616 3 3 3 1 2 0 0 3 1 2
0.0015438105426942616 3 3 3 1 2 0 0 3 2 1
-0.001725443358227182 3 3 3 1 2 0 3 0 1 2
0.001725443358227182 3 3 3 1 2 0 3 0 2 1
-0.013741463762964038 3 3 3 1 2 1 0 0 2 0
-0.0019304799243990264 3 3 3 1 2 1 0 0 2 3
6.361856035136897 3 3 3 1 2 1 0 3 2 0
-0.011355787708018202 3 3 3 1 2 1 0 3 2 3
4.74855521825048 3 3 3 1 2 1 3 0 2 0
-0.011441806381043248 3 3 3 1 2 1 3 0 2 3
42.23251743468026 3 3 3 1 2 1 3 3 2 0
6.647412121307905 3 3 3 1 2 1 3 3 2 3
0.013741463762964038 3 3 3 1 2 2 0 0 1 0
0.0019304799243990264 3 3 3 1 2 2 0 0 1 3
-6.361856035136897 3 3 3 1 2 2 0 3 1 0
0.011355787708018202 3 3 3 1 2 2 0 3 1 3
-4.7485552182504795 3 3 3 1 2 2 3 0 1 0
0.011441806381043248 3 3 3 1 2 2 3 0 1 3
-42.232517434680254 3 3 3 1 2 2 3 3 1 0
-6.647412121307905 3 3 3 1 2 2 3 3 1 3
-0.0018384879744286842 3 3 3 1 2 3 0 0 1 2
0.0018384879744286842 3 3 3 1 2 3 0 0 2 1
0.01142629630150787 3 3 3 2 1 0 0 0 1 2
-0.01142629630150787 3 3 3 2 1 0 0 0 2 1
0.0015438105426942616 3 3 3 2 1 0 0 3 1 2
-0.0015438105426942616 3 3 3 2 1 0 0 3 2 1
0.0017254433582271818 3 3 3 2 1 0 3 0 1 2
-0.0017254433582271818 3 3 3 2 1 0 3 0 2 1
0.013741463762964038 3 3 3 2 1 1 0 0 2 0
0.0019304799243990262 3 3 3 2 1 1 0 0 2 3
-6.3618560351368965 3 3 3 2 1 1 0 3 2 0
0.011355787708018202 3 3 3 2 1 1 0 3 2 3
-4.74855521825048 3 3 3 2 1 1 3 0 2 0
0.011441806381043246 3 3 3 2 1 1 3 0 2 3
-42.232517434680254 3 3 3 2 1 1 3 3 2 0
-6.647412121307905 3 3 3 2 1 1 3 3 2 3
-0.013741463762964038 3 3 3 2 1 2 0 0 1 0
-0.0019304799243990262 3 3 3 2 1 2 0 0 1 3
6.3618560351368965 3 3 3 2 1 2 0 3 1 0
-0.011355787708018202 3 3 3 2 1 2 0 3 1 3
4.74855521825048 3 3 3 2 1 2 3 0 1 0
-0.011441806381043246 3 3 3 2 1 2 3 0 1 3
42.23251743468025 3 3 3 2 1 2 3 3 1 0
6.647412121307904 3 3 3 2 1 2 3 3 1 3
0.0018384879744286842 3 3 3 2 1 3 0 0 1 2
-0.0018384879744286842 3 3 3 2 1 3 0 0 2 1
0.00010496093217393444 3 3 3 2 2 1 0 3 1 0
0.00015632396244020334 3 3 3 2 2 1 3 0 1 0
0.001099296055036468 3 3 3 2 2 1 3 3 1 0
0.0001522596019168489 3 3 3 2 2 1 3 3 1 3
0.00010496093217393444 3 3 3 2 2 2 0 3 2 0
0.00015632396244020334 3 3 3 2 2 2 3 0 2 0
0.001099296055036468 3 3 3 2 2 2 3 3 2 0
0.0001522596019168488 3 3 3 2 2 2 3 3 2 3
-129.52730087071473 3 3 3 3 0 0 0 0 0 0
0.5973708058831521 3 3 3 3 0 0 0 0 0 3
0.6570116456056513 3 3 3 3 0 0 0 0 3 0
0.09565772979726297 3 3 3 3 0 0 0 0 3 3
0.6570116456056514 3 3 3 3 0 0 0 3 0 0
0.09565772979726297 3 3 3 3 0 0 0 3 0 3
0.09413591407792156 3 3 3 3 0 0 0 3 3 0
0.6826623127798555 3 3 3 3 0 0 3 0 0 0
0.09622803129393777 3 3 3 3 0 0 3 0 0 3
0.09474405202234285 3 3 3 3 0 0 3 0 3 0
0.09474405202234285 3 3 3 3 0 0 3 3 0 0
0.0034853550410181163 3 3 3 3 0 1 0 0 0 1
0.016862459907700567 3 3 3 3 0 1 0 0 3 1
0.016862459907700567 3 3 3 3 0 1 0 3 0 1
-0.5210583518544077 3 3 3 3 0 1 0 3 3 1
0.040061018520217 3 3 3 3 0 1 3 0 0 1
-13.263443683944367 3 3 3 3 0 1 3 0 3 1
-13.263443683944367 3 3 3 3 0 1 3 3 0 1
-48.37547742603967 3 3 3 3 0 1 3 3 3 1
0.0034853550410181163 3 3 3 3 0 2 0 0 0 2
0.016862459907700567 3 3 3 3 0 2 0 0 3 2
0.016862459907700567 3 3 3 3 0 2 0 3 0 2
-0.5210583518544077 3 3 3 3 0 2 0 3 3 2
0.040061018520217 3 3 3 3 0 2 3 0 0 2
-13.263443683944365 3 3 3 3 0 2 3 0 3 2
-13.263443683944365 3 3 3 3 0 2 3 3 0 2
-48.37547742603967 3 3 3 3 0 2 3 3 3 2
0.6866175680702639 3 3 3 3 0 3 0 0 0 0
0.094366688659375 3 3 3 3 0 3 0 0 0 3
0.09221382783510775 3 3 3 3 0 3 0 0 3 0
0.09221382783510776 3 3 3 3 0 3 0 3 0 0
0.09225505547282156 3 3 3 3 0 3 3 0 0 0
0.5326255419454783 3 3 3 3 3 0 0 0 0 0
0.08995064905547896 3 3 3 3 3 0 0 0 0 3
0.08766216812465492 3 3 3 3 3 0 0 0 3 0
0.08766216812465492 3 3 3 3 3 0 0 3 0 0
0.08895604921535197 3 3 3 3 3 0 3 0 0 0
0.020624531226137353 3 3 3 3 3 1 0 0 0 1
-1.8983088759670987 3 3 3 3 3 1 0 0 3 1
-1.8983088759670983 3 3 3 3 3 1 0 3 0 1
14.295984026995745 3 3 3 3 3 1 0 3 3 1
-14.057864446595044 3 3 3 3 3 1 3 0 0 1
-81.82503677671319 3 3 3 3 3 1 3 0 3 1
-81.82503677671319 3 3 3 3 3 1 3 3 0 1
21265.070464064847 3 3 3 3 3 1 3 3 3 1
0.020624531226137353 3 3 3 3 3 2 0 0 0 2
-1.8983088759670987 3 3 3 3 3 2 0 0 3 2
-1.8983088759670987 3 3 3 3 3 2 0 3 0 2
14.295984026995741 3 3 3 3 3 2 0 3 3 2
-14.057864446595044 3 3 3 3 3 2 3 0 0 2
-81.82503677671319 3 3 3 3 3 2 3 0 3 2
-81.82503677671319 3 3 3 3 3 2 3 3 0 2
21265.070464064847 3 3 3 3 3 2 3 3 3 2
0.08722948449331462 3 3 3 3 3 3 0 0 0 0
