25864761.88683409 0 0 0 0 0 0 0 0 0 0 0 0
-6643.7029462983255 0 0 0 0 0 0 0 0 0 0 0 3
-6625.632973206544 0 0 0 0 0 0 0 0 0 0 3 0
-720.7908733785586 0 0 0 0 0 0 0 0 0 0 3 3
-6625.632973206543 0 0 0 0 0 0 0 0 0 3 0 0
-720.7908733785587 0 0 0 0 0 0 0 0 0 3 0 3
-709.3255918765274 0 0 0 0 0 0 0 0 0 3 3 0
0.27614965307542927 0 0 0 0 0 0 0 0 0 3 3 3
-6644.529952344432 0 0 0 0 0 0 0 0 3 0 0 0
-722.1511246121963 0 0 0 0 0 0 0 0 3 0 0 3
-709.379004414534 0 0 0 0 0 0 0 0 3 0 3 0
0.2765950173585583 0 0 0 0 0 0 0 0 3 0 3 3
-360.64847969172473 0 0 0 0 0 0 0 0 3 3 0 0
0.23179754721460466 0 0 0 0 0 0 0 0 3 3 0 3
0.22856100727002165 0 0 0 0 0 0 0 0 3 3 3 0
0.02488425916645947 0 0 0 0 0 0 0 0 3 3 3 3
-0.004793742901170165 0 0 0 0 0 0 0 1 1 1 1 0
6.695887356638018e-05 0 0 0 0 0 0 0 1 1 2 2 0
-0.004860701774736546 0 0 0 0 0 0 0 1 2 2 1 0
-0.004860701774736546 0 0 0 0 0 0 0 2 1 1 2 0
6.695887356638018e-05 0 0 0 0 0 0 0 2 2 1 1 0
-0.004793742901170165 0 0 0 0 0 0 0 2 2 2 2 0
-6644.529952344437 0 0 0 0 0 0 0 3 0 0 0 0
-722.1511246121963 0 0 0 0 0 0 0 3 0 0 0 3
-360.6484796917248 0 0 0 0 0 0 0 3 0 0 3 0
0.23179754721460472 0 0 0 0 0 0 0 3 0 0 3 3
-709.379004414534 0 0 0 0 0 0 0 3 0 3 0 0
0.27659501735855835 0 0 0 0 0 0 0 3 0 3 0 3
0.2285610072700217 0 0 0 0 0 0 0 3 0 3 3 0
0.02488425916645947 0 0 0 0 0 0 0 3 0 3 3 3
-708.7331543054717 0 0 0 0 0 0 0 3 3 0 0 0
0.2769515597388173 0 0 0 0 0 0 0 3 3 0 0 3
0.2286178303010126 0 0 0 0 0 0 0 3 3 0 3 0
0.024885585693039135 0 0 0 0 0 0 0 3 3 0 3 3
0.22861783030101257 0 0 0 0 0 0 0 3 3 3 0 0
0.024885585693039135 0 0 0 0 0 0 0 3 3 3 0 3
0.026742458624591837 0 0 0 0 0 0 0 3 3 3 3 0
-0.004739795704724753 0 0 0 0 0 0 1 1 0 0 1 1
8.016214251519945e-05 0 0 0 0 0 0 1 1 0 0 2 2
-0.004819957847239954 0 0 0 0 0 0 1 2 0 0 2 1
-0.004819957847239954 0 0 0 0 0 0 2 1 0 0 1 2
8.016214251519945e-05 0 0 0 0 0 0 2 2 0 0 1 1
-0.004739795704724753 0 0 0 0 0 0 2 2 0 0 2 2
-6781.376880180008 0 0 0 0 0 0 3 0 0 0 0 0
-402.2622064644206 0 0 0 0 0 0 3 0 0 0 0 3
-715.2186101337448 0 0 0 0 0 0 3 0 0 0 3 0
0.23827858407158406 0 0 0 0 0 0 3 0 0 0 3 3
-715.2186101337448 0 0 0 0 0 0 3 0 0 3 0 0
0.238278584071584 0 0 0 0 0 0 3 0 0 3 0 3
0.27661648821476953 0 0 0 0 0 0 3 0 0 3 3 0
0.025521328653250498 0 0 0 0 0 0 3 0 0 3 3 3
-713.8233285775898 0 0 0 0 0 0 3 0 3 0 0 0
0.23842562242523152 0 0 0 0 0 0 3 0 3 0 0 3
0.27670700116797675 0 0 0 0 0 0 3 0 3 0 3 0
0.025521195619881146 0 0 0 0 0 0 3 0 3 0 3 3
0.23098143363756057 0 0 0 0 0 0 3 0 3 3 0 0
0.027265895401493146 0 0 0 0 0 0 3 0 3 3 0 3
0.0246550256878756 0 0 0 0 0 0 3 0 3 3 3 0
-713.8233285775898 0 0 0 0 0 0 3 3 0 0 0 0
0.23842562242523152 0 0 0 0 0 0 3 3 0 0 0 3
0.2309814336375607 0 0 0 0 0 0 3 3 0 0 3 0
0.027265895401493146 0 0 0 0 0 0 3 3 0 0 3 3
0.2767070011679768 0 0 0 0 0 0 3 3 0 3 0 0
0.025521195619881146 0 0 0 0 0 0 3 3 0 3 0 3
0.024655025687875604 0 0 0 0 0 0 3 3 0 3 3 0
0.27670481836509664 0 0 0 0 0 0 3 3 3 0 0 0
0.025515538885158125 0 0 0 0 0 0 3 3 3 0 0 3
0.024637152650990438 0 0 0 0 0 0 3 3 3 0 3 0
0.024637152650990438 0 0 0 0 0 0 3 3 3 3 0 0
-6643.702946298322 0 0 0 0 0 3 0 0 0 0 0 0
-859.0365066505065 0 0 0 0 0 3 0 0 0 0 0 3
-762.5070238504654 0 0 0 0 0 3 0 0 0 0 3 0
0.30094291433100695 0 0 0 0 0 3 0 0 0 0 3 3
-762.5070238504654 0 0 0 0 0 3 0 0 0 3 0 0
0.30094291433100695 0 0 0 0 0 3 0 0 0 3 0 3
0.2868369756122073 0 0 0 0 0 3 0 0 0 3 3 0
0.03311207823175236 0 0 0 0 0 3 0 0 0 3 3 3
-762.3767436476379 0 0 0 0 0 3 0 0 3 0 0 0
0.30141566127637 0 0 0 0 0 3 0 0 3 0 0 3
0.28710664456190027 0 0 0 0 0 3 0 0 3 0 3 0
0.033131331229043146 0 0 0 0 0 3 0 0 3 0 3 3
0.24230917441794664 0 0 0 0 0 3 0 0 3 3 0 0
0.027333465317195587 0 0 0 0 0 3 0 0 3 3 0 3
0.02630093023719095 0 0 0 0 0 3 0 0 3 3 3 0
-762.3767436476378 0 0 0 0 0 3 0 3 0 0 0 0
0.30141566127637004 0 0 0 0 0 3 0 3 0 0 0 3
0.24230917441794675 0 0 0 0 0 3 0 3 0 0 3 0
0.027333465317195587 0 0 0 0 0 3 0 3 0 0 3 3
0.2871066445619003 0 0 0 0 0 3 0 3 0 3 0 0
0.033131331229043146 0 0 0 0 0 3 0 3 0 3 0 3
0.026300930237190948 0 0 0 0 0 3 0 3 0 3 3 0
0.2872864026841629 0 0 0 0 0 3 0 3 3 0 0 0
0.033138952966509 0 0 0 0 0 3 0 3 3 0 0 3
0.026291363067729744 0 0 0 0 0 3 0 3 3 0 3 0
0.026291363067729744 0 0 0 0 0 3 0 3 3 3 0 0
-0.043560006766142134 0 0 0 0 0 3 1 1 0 0 1 1
0.0001757032340079515 0 0 0 0 0 3 1 1 0 0 2 2
-0.004918788567831747 0 0 0 0 0 3 1 1 0 3 1 1
1.984037935093093e-05 0 0 0 0 0 3 1 1 0 3 2 2
-0.00491612038968087 0 0 0 0 0 3 1 1 3 0 1 1
1.9829617012611396e-05 0 0 0 0 0 3 1 1 3 0 2 2
-0.043735710000150106 0 0 0 0 0 3 1 2 0 0 2 1
-0.00493862894718268 0 0 0 0 0 3 1 2 0 3 2 1
-0.004935950006693483 0 0 0 0 0 3 1 2 3 0 2 1
-0.043735710000150106 0 0 0 0 0 3 2 1 0 0 1 2
-0.00493862894718268 0 0 0 0 0 3 2 1 0 3 1 2
-0.004935950006693483 0 0 0 0 0 3 2 1 3 0 1 2
0.0001757032340079515 0 0 0 0 0 3 2 2 0 0 1 1
-0.043560006766142134 0 0 0 0 0 3 2 2 0 0 2 2
1.984037935093093e-05 0 0 0 0 0 3 2 2 0 3 1 1
-0.004918788567831747 0 0 0 0 0 3 2 2 0 3 2 2
1.9829617012611396e-05 0 0 0 0 0 3 2 2 3 0 1 1
-0.00491612038968087 0 0 0 0 0 3 2 2 3 0 2 2
-849.6432797260184 0 0 0 0 0 3 3 0 0 0 0 0
0.27381211021558133 0 0 0 0 0 3 3 0 0 0 0 3
0.3010598874613131 0 0 0 0 0 3 3 0 0 0 3 0
0.029725369881445824 0 0 0 0 0 3 3 0 0 0 3 3
0.3010598874613131 0 0 0 0 0 3 3 0 0 3 0 0
0.029725369881445824 0 0 0 0 0 3 3 0 0 3 0 3
0.032819350070983036 0 0 0 0 0 3 3 0 0 3 3 0
0.3011749350510282 0 0 0 0 0 3 3 0 3 0 0 0
0.02972362375331112 0 0 0 0 0 3 3 0 3 0 0 3
0.032797940874886425 0 0 0 0 0 3 3 0 3 0 3 0
0.027063288500698172 0 0 0 0 0 3 3 0 3 3 0 0
0.3011749350510282 0 0 0 0 0 3 3 3 0 0 0 0
0.02972362375331112 0 0 0 0 0 3 3 3 0 0 0 3
0.027063288500698172 0 0 0 0 0 3 3 3 0 0 3 0
0.032797940874886425 0 0 0 0 0 3 3 3 0 3 0 0
0.032765040784299496 0 0 0 0 0 3 3 3 3 0 0 0
0.0003266024576611239 0 0 0 0 1 1 0 0 0 0 1 1
0.0003266024576611239 0 0 0 0 1 1 0 0 0 0 2 2
3.116798682212774e-05 0 0 0 0 1 1 0 1 1 2 0 2
-3.116798682212774e-05 0 0 0 0 1 1 0 1 2 2 0 1
-3.116798682212774e-05 0 0 0 0 1 1 0 2 1 1 0 2
3.116798682212774e-05 0 0 0 0 1 1 0 2 2 1 0 1
0.001009176162156582 0 0 0 0 1 1 1 1 0 0 0 0
0.00521837257423801 0 0 0 0 1 1 1 1 0 0 3 0
0.0008946421833483051 0 0 0 0 1 1 1 1 0 0 3 3
0.0005892577450378097 0 0 0 0 1 1 1 1 0 3 3 0
0.0005889381044151517 0 0 0 0 1 1 1 1 3 0 3 0
0.001009176162156582 0 0 0 0 1 1 2 2 0 0 0 0
0.00521837257423801 0 0 0 0 1 1 2 2 0 0 3 0
0.0008946421833483051 0 0 0 0 1 1 2 2 0 0 3 3
0.0005892577450378097 0 0 0 0 1 1 2 2 0 3 3 0
0.0005889381044151517 0 0 0 0 1 1 2 2 3 0 3 0
41.7158238694494 0 0 0 0 1 2 0 0 0 0 1 2
-41.7158238694494 0 0 0 0 1 2 0 0 0 0 2 1
-0.005343661268389029 0 0 0 0 1 2 0 0 0 3 1 2
0.005343661268389029 0 0 0 0 1 2 0 0 0 3 2 1
-0.005358899170721711 0 0 0 0 1 2 0 0 3 0 1 2
0.005358899170721711 0 0 0 0 1 2 0 0 3 0 2 1
-0.00029157500490075463 0 0 0 0 1 2 0 0 3 3 1 2
0.00029157500490075463 0 0 0 0 1 2 0 0 3 3 2 1
-0.005358899170721715 0 0 0 0 1 2 0 3 0 0 1 2
0.005358899170721715 0 0 0 0 1 2 0 3 0 0 2 1
-0.0005728030745411094 0 0 0 0 1 2 0 3 0 3 1 2
0.0005728030745411094 0 0 0 0 1 2 0 3 0 3 2 1
-0.0005722842064259776 0 0 0 0 1 2 0 3 3 0 1 2
0.0005722842064259776 0 0 0 0 1 2 0 3 3 0 2 1
-0.005469258141207924 0 0 0 0 1 2 3 0 0 0 1 2
0.005469258141207924 0 0 0 0 1 2 3 0 0 0 2 1
-0.0005775269524127388 0 0 0 0 1 2 3 0 0 3 1 2
0.0005775269524127388 0 0 0 0 1 2 3 0 0 3 2 1
-0.0005764038138874965 0 0 0 0 1 2 3 0 3 0 1 2
0.0005764038138874965 0 0 0 0 1 2 3 0 3 0 2 1
-0.0008415861088317332 0 0 0 0 1 2 3 3 0 0 1 2
0.0008415861088317332 0 0 0 0 1 2 3 3 0 0 2 1
-41.7158238694494 0 0 0 0 2 1 0 0 0 0 1 2
41.71582386944941 0 0 0 0 2 1 0 0 0 0 2 1
0.005343661268389029 0 0 0 0 2 1 0 0 0 3 1 2
-0.005343661268389029 0 0 0 0 2 1 0 0 0 3 2 1
0.005358899170721711 0 0 0 0 2 1 0 0 3 0 1 2
-0.005358899170721711 0 0 0 0 2 1 0 0 3 0 2 1
0.00029157500490075463 0 0 0 0 2 1 0 0 3 3 1 2
-0.00029157500490075463 0 0 0 0 2 1 0 0 3 3 2 1
0.005358899170721715 0 0 0 0 2 1 0 3 0 0 1 2
-0.005358899170721715 0 0 0 0 2 1 0 3 0 0 2 1
0.0005728030745411094 0 0 0 0 2 1 0 3 0 3 1 2
-0.0005728030745411094 0 0 0 0 2 1 0 3 0 3 2 1
0.0005722842064259776 0 0 0 0 2 1 0 3 3 0 1 2
-0.0005722842064259776 0 0 0 0 2 1 0 3 3 0 2 1
0.005469258141207924 0 0 0 0 2 1 3 0 0 0 1 2
-0.005469258141207924 0 0 0 0 2 1 3 0 0 0 2 1
0.0005775269524127388 0 0 0 0 2 1 3 0 0 3 1 2
-0.0005775269524127388 0 0 0 0 2 1 3 0 0 3 2 1
0.0005764038138874965 0 0 0 0 2 1 3 0 3 0 1 2
-0.0005764038138874965 0 0 0 0 2 1 3 0 3 0 2 1
0.0008415861088317332 0 0 0 0 2 1 3 3 0 0 1 2
-0.0008415861088317332 0 0 0 0 2 1 3 3 0 0 2 1
0.0003266024576611239 0 0 0 0 2 2 0 0 0 0 1 1
0.0003266024576611239 0 0 0 0 2 2 0 0 0 0 2 2
3.116798682212774e-05 0 0 0 0 2 2 0 1 1 2 0 2
-3.116798682212774e-05 0 0 0 0 2 2 0 1 2 2 0 1
-3.116798682212774e-05 0 0 0 0 2 2 0 2 1 1 0 2
3.116798682212774e-05 0 0 0 0 2 2 0 2 2 1 0 1
0.001009176162156582 0 0 0 0 2 2 1 1 0 0 0 0
0.00521837257423801 0 0 0 0 2 2 1 1 0 0 3 0
0.0008946421833483051 0 0 0 0 2 2 1 1 0 0 3 3
0.0005892577450378097 0 0 0 0 2 2 1 1 0 3 3 0
0.0005889381044151517 0 0 0 0 2 2 1 1 3 0 3 0
0.001009176162156582 0 0 0 0 2 2 2 2 0 0 0 0
0.00521837257423801 0 0 0 0 2 2 2 2 0 0 3 0
0.0008946421833483051 0 0 0 0 2 2 2 2 0 0 3 3
0.0005892577450378097 0 0 0 0 2 2 2 2 0 3 3 0
0.0005889381044151517 0 0 0 0 2 2 2 2 3 0 3 0
-6625.632973206542 0 0 0 0 3 0 0 0 0 0 0 0
-762.5070238504655 0 0 0 0 3 0 0 0 0 0 0 3
-830.9909924133877 0 0 0 0 3 0 0 0 0 0 3 0
0.29712075369407154 0 0 0 0 3 0 0 0 0 0 3 3
-749.8809354128521 0 0 0 0 3 0 0 0 0 3 0 0
0.28670246079390266 0 0 0 0 3 0 0 0 0 3 0 3
0.2937426374352933 0 0 0 0 3 0 0 0 0 3 3 0
0.03256584930735916 0 0 0 0 3 0 0 0 0 3 3 3
-749.4644629997586 0 0 0 0 3 0 0 0 3 0 0 0
0.28710270766368684 0 0 0 0 3 0 0 0 3 0 0 3
0.2940006392570995 0 0 0 0 3 0 0 0 3 0 3 0
0.032582808901755016 0 0 0 0 3 0 0 0 3 0 3 3
0.2389055614818027 0 0 0 0 3 0 0 0 3 3 0 0
0.026301969973547865 0 0 0 0 3 0 0 0 3 3 0 3
0.02642878865918301 0 0 0 0 3 0 0 0 3 3 3 0
-0.044848196526030004 0 0 0 0 3 0 0 1 1 1 1 0
-0.005151418207187635 0 0 0 0 3 0 0 1 1 1 1 3
4.528183577400813e-05 0 0 0 0 3 0 0 1 1 2 2 0
5.201227503668244e-06 0 0 0 0 3 0 0 1 1 2 2 3
-0.044893478361804025 0 0 0 0 3 0 0 1 2 2 1 0
-0.005156619434691304 0 0 0 0 3 0 0 1 2 2 1 3
-0.044893478361804025 0 0 0 0 3 0 0 2 1 1 2 0
-0.005156619434691304 0 0 0 0 3 0 0 2 1 1 2 3
4.528183577400813e-05 0 0 0 0 3 0 0 2 2 1 1 0
5.201227503668244e-06 0 0 0 0 3 0 0 2 2 1 1 3
-0.044848196526030004 0 0 0 0 3 0 0 2 2 2 2 0
-0.005151418207187635 0 0 0 0 3 0 0 2 2 2 2 3
-830.3397319394018 0 0 0 0 3 0 0 3 0 0 0 0
0.29749084259855707 0 0 0 0 3 0 0 3 0 0 0 3
0.25968497606126695 0 0 0 0 3 0 0 3 0 0 3 0
0.02856407730728301 0 0 0 0 3 0 0 3 0 0 3 3
0.29394093562187734 0 0 0 0 3 0 0 3 0 3 0 0
0.03257739677585143 0 0 0 0 3 0 0 3 0 3 0 3
0.028086010350910212 0 0 0 0 3 0 0 3 0 3 3 0
0.2941089762731974 0 0 0 0 3 0 0 3 3 0 0 0
0.032584008654285956 0 0 0 0 3 0 0 3 3 0 0 3
0.028073664276503915 0 0 0 0 3 0 0 3 3 0 3 0
0.026415723152941512 0 0 0 0 3 0 0 3 3 3 0 0
-754.6101533212515 0 0 0 0 3 0 3 0 0 0 0 0
0.2488075021013784 0 0 0 0 3 0 3 0 0 0 0 3
0.29761357711556957 0 0 0 0 3 0 3 0 0 0 3 0
0.02759673935726196 0 0 0 0 3 0 3 0 0 0 3 3
0.286979441883658 0 0 0 0 3 0 3 0 0 3 0 0
0.0269645332568596 0 0 0 0 3 0 3 0 0 3 0 3
0.03228766824545312 0 0 0 0 3 0 3 0 0 3 3 0
0.287022737873228 0 0 0 0 3 0 3 0 3 0 0 0
0.026960652131488974 0 0 0 0 3 0 3 0 3 0 0 3
0.03226035057313956 0 0 0 0 3 0 3 0 3 0 3 0
0.026045668294484358 0 0 0 0 3 0 3 0 3 3 0 0
-0.005098083581397021 0 0 0 0 3 0 3 1 1 1 1 0
5.1473771829598735e-06 0 0 0 0 3 0 3 1 1 2 2 0
-0.005103230958579981 0 0 0 0 3 0 3 1 2 2 1 0
-0.005103230958579981 0 0 0 0 3 0 3 2 1 1 2 0
5.1473771829598735e-06 0 0 0 0 3 0 3 2 2 1 1 0
-0.005098083581397021 0 0 0 0 3 0 3 2 2 2 2 0
0.29762609033829124 0 0 0 0 3 0 3 3 0 0 0 0
0.027591028176831435 0 0 0 0 3 0 3 3 0 0 0 3
0.028286059518159355 0 0 0 0 3 0 3 3 0 0 3 0
0.032259283834212144 0 0 0 0 3 0 3 3 0 3 0 0
0.03222178157968293 0 0 0 0 3 0 3 3 3 0 0 0
-720.7908733785587 0 0 0 0 3 3 0 0 0 0 0 0
0.30094291433100695 0 0 0 0 3 3 0 0 0 0 0 3
0.29712075369407154 0 0 0 0 3 3 0 0 0 0 3 0
0.035235556784714614 0 0 0 0 3 3 0 0 0 0 3 3
0.28670246079390266 0 0 0 0 3 3 0 0 0 3 0 0
0.03381990441607312 0 0 0 0 3 3 0 0 0 3 0 3
0.0332694146234056 0 0 0 0 3 3 0 0 0 3 3 0
0.28689653652558544 0 0 0 0 3 3 0 0 3 0 0 0
0.033830144083244244 0 0 0 0 3 3 0 0 3 0 0 3
0.03326202483838497 0 0 0 0 3 3 0 0 3 0 3 0
0.027199347289532057 0 0 0 0 3 3 0 0 3 3 0 0
-0.0048799645601514 0 0 0 0 3 3 0 1 1 1 1 0
4.9271491589968795e-06 0 0 0 0 3 3 0 1 1 2 2 0
-0.004884891709310398 0 0 0 0 3 3 0 1 2 2 1 0
-0.004884891709310398 0 0 0 0 3 3 0 2 1 1 2 0
4.9271491589968795e-06 0 0 0 0 3 3 0 2 2 1 1 0
-0.0048799645601514 0 0 0 0 3 3 0 2 2 2 2 0
0.2972846714604557 0 0 0 0 3 3 0 3 0 0 0 0
0.035174617626795135 0 0 0 0 3 3 0 3 0 0 0 3
0.029589735601893905 0 0 0 0 3 3 0 3 0 0 3 0
0.033258760310535866 0 0 0 0 3 3 0 3 0 3 0 0
0.03324161728879403 0 0 0 0 3 3 0 3 3 0 0 0
0.00452520226216963 0 0 0 0 3 3 1 1 0 0 1 1
9.55992447046682e-06 0 0 0 0 3 3 1 1 0 0 2 2
0.004515642337699162 0 0 0 0 3 3 1 2 0 0 2 1
-0.0046518329809729485 0 0 0 0 3 3 1 3 1 1 3 1
1.8763589804056038e-05 0 0 0 0 3 3 1 3 1 2 3 2
-0.004670596570777006 0 0 0 0 3 3 1 3 2 2 3 1
0.004515642337699162 0 0 0 0 3 3 2 1 0 0 1 2
9.55992447046682e-06 0 0 0 0 3 3 2 2 0 0 1 1
0.00452520226216963 0 0 0 0 3 3 2 2 0 0 2 2
-0.004670596570777006 0 0 0 0 3 3 2 3 1 1 3 2
1.8763589804056038e-05 0 0 0 0 3 3 2 3 2 1 3 1
-0.0046518329809729485 0 0 0 0 3 3 2 3 2 2 3 2
0.3006502892086917 0 0 0 0 3 3 3 0 0 0 0 0
0.030740984874770887 0 0 0 0 3 3 3 0 0 0 0 3
0.03482367432499349 0 0 0 0 3 3 3 0 0 0 3 0
0.03348999883119988 0 0 0 0 3 3 3 0 0 3 0 0
0.03346188913344057 0 0 0 0 3 3 3 0 3 0 0 0
0.0348554975995949 0 0 0 0 3 3 3 3 0 0 0 0
0.00032660245766112395 0 0 0 1 0 1 0 0 0 1 0 1
0.00032660245766112395 0 0 0 1 0 1 0 0 0 2 0 2
3.0415527817076513e-05 0 0 0 1 0 1 1 1 0 2 2 0
-3.0415527817076513e-05 0 0 0 1 0 1 1 2 0 1 2 0
-3.0415527817076513e-05 0 0 0 1 0 1 2 1 0 2 1 0
3.0415527817076513e-05 0 0 0 1 0 1 2 2 0 1 1 0
41.7158238694494 0 0 0 1 0 2 0 0 0 1 0 2
-0.00534366126838903 0 0 0 1 0 2 0 0 0 1 3 2
-41.7158238694494 0 0 0 1 0 2 0 0 0 2 0 1
0.00534366126838903 0 0 0 1 0 2 0 0 0 2 3 1
-0.005358899170721711 0 0 0 1 0 2 0 0 3 1 0 2
-0.0005728030745411094 0 0 0 1 0 2 0 0 3 1 3 2
0.005358899170721711 0 0 0 1 0 2 0 0 3 2 0 1
0.0005728030745411094 0 0 0 1 0 2 0 0 3 2 3 1
-0.005358899170721715 0 0 0 1 0 2 0 3 0 1 0 2
-0.00029157500490075463 0 0 0 1 0 2 0 3 0 1 3 2
0.005358899170721715 0 0 0 1 0 2 0 3 0 2 0 1
0.00029157500490075463 0 0 0 1 0 2 0 3 0 2 3 1
-0.0005722842064259776 0 0 0 1 0 2 0 3 3 1 0 2
0.0005722842064259776 0 0 0 1 0 2 0 3 3 2 0 1
-0.005469258141207924 0 0 0 1 0 2 3 0 0 1 0 2
-0.0005775269524127388 0 0 0 1 0 2 3 0 0 1 3 2
0.005469258141207924 0 0 0 1 0 2 3 0 0 2 0 1
0.0005775269524127388 0 0 0 1 0 2 3 0 0 2 3 1
-0.0008415861088317332 0 0 0 1 0 2 3 0 3 1 0 2
0.0008415861088317332 0 0 0 1 0 2 3 0 3 2 0 1
-0.0005764038138874965 0 0 0 1 0 2 3 3 0 1 0 2
0.0005764038138874965 0 0 0 1 0 2 3 3 0 2 0 1
0.00031503605713298284 0 0 0 1 1 0 0 0 0 1 1 0
0.00031503605713298295 0 0 0 1 1 0 0 0 0 2 2 0
0.001013759704910274 0 0 0 1 1 0 0 1 1 0 0 0
0.005194698738369212 0 0 0 1 1 0 0 1 1 3 0 0
0.0005966809757034085 0 0 0 1 1 0 0 1 1 3 0 3
0.0008884248483951054 0 0 0 1 1 0 0 1 1 3 3 0
0.001013759704910274 0 0 0 1 1 0 0 2 2 0 0 0
0.005194698738369212 0 0 0 1 1 0 0 2 2 3 0 0
0.0005966809757034085 0 0 0 1 1 0 0 2 2 3 0 3
0.0008884248483951054 0 0 0 1 1 0 0 2 2 3 3 0
0.0005905033067051669 0 0 0 1 1 0 3 1 1 3 0 0
0.0005905033067051669 0 0 0 1 1 0 3 2 2 3 0 0
0.0005652389105366094 0 0 0 1 1 3 0 1 1 3 0 0
0.0005652389105366094 0 0 0 1 1 3 0 2 2 3 0 0
40.55502850026782 0 0 0 1 2 0 0 0 0 1 2 0
-0.005209146450084441 0 0 0 1 2 0 0 0 0 1 2 3
-40.555028500267824 0 0 0 1 2 0 0 0 0 2 1 0
0.005209146450084441 0 0 0 1 2 0 0 0 0 2 1 3
-0.0052097795536715915 0 0 0 1 2 0 0 0 3 1 2 0
-0.0005668798649096817 0 0 0 1 2 0 0 0 3 1 2 3
0.0052097795536715915 0 0 0 1 2 0 0 0 3 2 1 0
0.0005668798649096817 0 0 0 1 2 0 0 0 3 2 1 3
-0.005209779553671595 0 0 0 1 2 0 0 3 0 1 2 0
-0.0005668798649096817 0 0 0 1 2 0 0 3 0 1 2 3
0.005209779553671595 0 0 0 1 2 0 0 3 0 2 1 0
0.0005668798649096817 0 0 0 1 2 0 0 3 0 2 1 3
-0.000828970561781201 0 0 0 1 2 0 0 3 3 1 2 0
0.000828970561781201 0 0 0 1 2 0 0 3 3 2 1 0
-0.0053170676159558245 0 0 0 1 2 0 3 0 0 1 2 0
-0.0003161030502011826 0 0 0 1 2 0 3 0 0 1 2 3
0.0053170676159558245 0 0 0 1 2 0 3 0 0 2 1 0
0.0003161030502011826 0 0 0 1 2 0 3 0 0 2 1 3
-0.0005603644906506019 0 0 0 1 2 0 3 0 3 1 2 0
0.0005603644906506019 0 0 0 1 2 0 3 0 3 2 1 0
-0.0005603644906506019 0 0 0 1 2 0 3 3 0 1 2 0
0.0005603644906506019 0 0 0 1 2 0 3 3 0 2 1 0
-0.00520914645008444 0 0 0 1 2 3 0 0 0 1 2 0
-0.0007078261843207559 0 0 0 1 2 3 0 0 0 1 2 3
0.00520914645008444 0 0 0 1 2 3 0 0 0 2 1 0
0.0007078261843207559 0 0 0 1 2 3 0 0 0 2 1 3
-0.0005984132100527388 0 0 0 1 2 3 0 0 3 1 2 0
0.0005984132100527388 0 0 0 1 2 3 0 0 3 2 1 0
-0.0005984132100527388 0 0 0 1 2 3 0 3 0 1 2 0
0.0005984132100527388 0 0 0 1 2 3 0 3 0 2 1 0
-0.0002942132536557626 0 0 0 1 2 3 1 1 0 2 3 1
0.0002942132536557626 0 0 0 1 2 3 1 2 0 1 3 1
-0.0002942132536557626 0 0 0 1 2 3 2 1 0 2 3 2
0.0002942132536557626 0 0 0 1 2 3 2 2 0 1 3 2
-0.0006668377468968082 0 0 0 1 2 3 3 0 0 1 2 0
0.0006668377468968082 0 0 0 1 2 3 3 0 0 2 1 0
0.000557277178081462 0 0 0 1 3 1 1 3 1 3 3 0
0.000557277178081462 0 0 0 1 3 1 2 3 2 3 3 0
-0.005343661268389028 0 0 0 1 3 2 0 0 0 1 0 2
-0.0007035653160464429 0 0 0 1 3 2 0 0 0 1 3 2
0.005343661268389028 0 0 0 1 3 2 0 0 0 2 0 1
0.0007035653160464429 0 0 0 1 3 2 0 0 0 2 3 1
-0.0006051259844522633 0 0 0 1 3 2 0 0 3 1 0 2
0.0006051259844522633 0 0 0 1 3 2 0 0 3 2 0 1
0.00030289571220303355 0 0 0 1 3 2 0 1 1 3 1 2
-0.00030289571220303355 0 0 0 1 3 2 0 1 2 3 1 1
0.00030289571220303355 0 0 0 1 3 2 0 2 1 3 2 2
-0.00030289571220303355 0 0 0 1 3 2 0 2 2 3 2 1
-0.0006703402727928602 0 0 0 1 3 2 0 3 0 1 0 2
0.0006703402727928602 0 0 0 1 3 2 0 3 0 2 0 1
-0.0006092903171503336 0 0 0 1 3 2 3 0 0 1 0 2
0.0006092903171503336 0 0 0 1 3 2 3 0 0 2 0 1
-41.7158238694494 0 0 0 2 0 1 0 0 0 1 0 2
0.00534366126838903 0 0 0 2 0 1 0 0 0 1 3 2
41.71582386944941 0 0 0 2 0 1 0 0 0 2 0 1
-0.00534366126838903 0 0 0 2 0 1 0 0 0 2 3 1
0.005358899170721711 0 0 0 2 0 1 0 0 3 1 0 2
0.0005728030745411094 0 0 0 2 0 1 0 0 3 1 3 2
-0.005358899170721711 0 0 0 2 0 1 0 0 3 2 0 1
-0.0005728030745411094 0 0 0 2 0 1 0 0 3 2 3 1
0.005358899170721715 0 0 0 2 0 1 0 3 0 1 0 2
0.00029157500490075463 0 0 0 2 0 1 0 3 0 1 3 2
-0.005358899170721715 0 0 0 2 0 1 0 3 0 2 0 1
-0.00029157500490075463 0 0 0 2 0 1 0 3 0 2 3 1
0.0005722842064259776 0 0 0 2 0 1 0 3 3 1 0 2
-0.0005722842064259776 0 0 0 2 0 1 0 3 3 2 0 1
0.005469258141207924 0 0 0 2 0 1 3 0 0 1 0 2
0.0005775269524127388 0 0 0 2 0 1 3 0 0 1 3 2
-0.005469258141207924 0 0 0 2 0 1 3 0 0 2 0 1
-0.0005775269524127388 0 0 0 2 0 1 3 0 0 2 3 1
0.0008415861088317332 0 0 0 2 0 1 3 0 3 1 0 2
-0.0008415861088317332 0 0 0 2 0 1 3 0 3 2 0 1
0.0005764038138874965 0 0 0 2 0 1 3 3 0 1 0 2
-0.0005764038138874965 0 0 0 2 0 1 3 3 0 2 0 1
0.00032660245766112395 0 0 0 2 0 2 0 0 0 1 0 1
0.00032660245766112395 0 0 0 2 0 2 0 0 0 2 0 2
3.0415527817076513e-05 0 0 0 2 0 2 1 1 0 2 2 0
-3.0415527817076513e-05 0 0 0 2 0 2 1 2 0 1 2 0
-3.0415527817076513e-05 0 0 0 2 0 2 2 1 0 2 1 0
3.0415527817076513e-05 0 0 0 2 0 2 2 2 0 1 1 0
-40.555028500267824 0 0 0 2 1 0 0 0 0 1 2 0
0.005209146450084441 0 0 0 2 1 0 0 0 0 1 2 3
40.555028500267824 0 0 0 2 1 0 0 0 0 2 1 0
-0.005209146450084441 0 0 0 2 1 0 0 0 0 2 1 3
0.0052097795536715915 0 0 0 2 1 0 0 0 3 1 2 0
0.0005668798649096817 0 0 0 2 1 0 0 0 3 1 2 3
-0.0052097795536715915 0 0 0 2 1 0 0 0 3 2 1 0
-0.0005668798649096817 0 0 0 2 1 0 0 0 3 2 1 3
0.005209779553671595 0 0 0 2 1 0 0 3 0 1 2 0
0.0005668798649096817 0 0 0 2 1 0 0 3 0 1 2 3
-0.005209779553671595 0 0 0 2 1 0 0 3 0 2 1 0
-0.0005668798649096817 0 0 0 2 1 0 0 3 0 2 1 3
0.000828970561781201 0 0 0 2 1 0 0 3 3 1 2 0
-0.000828970561781201 0 0 0 2 1 0 0 3 3 2 1 0
0.0053170676159558245 0 0 0 2 1 0 3 0 0 1 2 0
0.0003161030502011826 0 0 0 2 1 0 3 0 0 1 2 3
-0.0053170676159558245 0 0 0 2 1 0 3 0 0 2 1 0
-0.0003161030502011826 0 0 0 2 1 0 3 0 0 2 1 3
0.0005603644906506019 0 0 0 2 1 0 3 0 3 1 2 0
-0.0005603644906506019 0 0 0 2 1 0 3 0 3 2 1 0
0.0005603644906506019 0 0 0 2 1 0 3 3 0 1 2 0
-0.0005603644906506019 0 0 0 2 1 0 3 3 0 2 1 0
0.00520914645008444 0 0 0 2 1 3 0 0 0 1 2 0
0.0007078261843207559 0 0 0 2 1 3 0 0 0 1 2 3
-0.00520914645008444 0 0 0 2 1 3 0 0 0 2 1 0
-0.0007078261843207559 0 0 0 2 1 3 0 0 0 2 1 3
0.0005984132100527388 0 0 0 2 1 3 0 0 3 1 2 0
-0.0005984132100527388 0 0 0 2 1 3 0 0 3 2 1 0
0.0005984132100527388 0 0 0 2 1 3 0 3 0 1 2 0
-0.0005984132100527388 0 0 0 2 1 3 0 3 0 2 1 0
0.0002942132536557626 0 0 0 2 1 3 1 1 0 2 3 1
-0.0002942132536557626 0 0 0 2 1 3 1 2 0 1 3 1
0.0002942132536557626 0 0 0 2 1 3 2 1 0 2 3 2
-0.0002942132536557626 0 0 0 2 1 3 2 2 0 1 3 2
0.0006668377468968082 0 0 0 2 1 3 3 0 0 1 2 0
-0.0006668377468968082 0 0 0 2 1 3 3 0 0 2 1 0
0.00031503605713298284 0 0 0 2 2 0 0 0 0 1 1 0
0.00031503605713298284 0 0 0 2 2 0 0 0 0 2 2 0
0.001013759704910274 0 0 0 2 2 0 0 1 1 0 0 0
0.005194698738369212 0 0 0 2 2 0 0 1 1 3 0 0
0.0005966809757034085 0 0 0 2 2 0 0 1 1 3 0 3
0.0008884248483951054 0 0 0 2 2 0 0 1 1 3 3 0
0.001013759704910274 0 0 0 2 2 0 0 2 2 0 0 0
0.005194698738369212 0 0 0 2 2 0 0 2 2 3 0 0
0.0005966809757034085 0 0 0 2 2 0 0 2 2 3 0 3
0.0008884248483951054 0 0 0 2 2 0 0 2 2 3 3 0
0.0005905033067051669 0 0 0 2 2 0 3 1 1 3 0 0
0.0005905033067051669 0 0 0 2 2 0 3 2 2 3 0 0
0.0005652389105366094 0 0 0 2 2 3 0 1 1 3 0 0
0.0005652389105366094 0 0 0 2 2 3 0 2 2 3 0 0
0.005343661268389028 0 0 0 2 3 1 0 0 0 1 0 2
0.0007035653160464429 0 0 0 2 3 1 0 0 0 1 3 2
-0.005343661268389028 0 0 0 2 3 1 0 0 0 2 0 1
-0.0007035653160464429 0 0 0 2 3 1 0 0 0 2 3 1
0.0006051259844522633 0 0 0 2 3 1 0 0 3 1 0 2
-0.0006051259844522633 0 0 0 2 3 1 0 0 3 2 0 1
-0.00030289571220303355 0 0 0 2 3 1 0 1 1 3 1 2
0.00030289571220303355 0 0 0 2 3 1 0 1 2 3 1 1
-0.00030289571220303355 0 0 0 2 3 1 0 2 1 3 2 2
0.00030289571220303355 0 0 0 2 3 1 0 2 2 3 2 1
0.0006703402727928602 0 0 0 2 3 1 0 3 0 1 0 2
-0.0006703402727928602 0 0 0 2 3 1 0 3 0 2 0 1
0.0006092903171503336 0 0 0 2 3 1 3 0 0 1 0 2
-0.0006092903171503336 0 0 0 2 3 1 3 0 0 2 0 1
0.000557277178081462 0 0 0 2 3 2 1 3 1 3 3 0
0.000557277178081462 0 0 0 2 3 2 2 3 2 3 3 0
-6625.632973206541 0 0 0 3 0 0 0 0 0 0 0 0
-762.5070238504655 0 0 0 3 0 0 0 0 0 0 0 3
-749.8809354128521 0 0 0 3 0 0 0 0 0 0 3 0
0.2867024607939027 0 0 0 3 0 0 0 0 0 0 3 3
-830.9909924133877 0 0 0 3 0 0 0 0 0 3 0 0
0.2971207536940715 0 0 0 3 0 0 0 0 0 3 0 3
0.2937426374352933 0 0 0 3 0 0 0 0 0 3 3 0
0.03256584930735916 0 0 0 3 0 0 0 0 0 3 3 3
-830.3397319394018 0 0 0 3 0 0 0 0 3 0 0 0
0.297490842598557 0 0 0 3 0 0 0 0 3 0 0 3
0.2939409356218773 0 0 0 3 0 0 0 0 3 0 3 0
0.03257739677585143 0 0 0 3 0 0 0 0 3 0 3 3
0.25968497606126684 0 0 0 3 0 0 0 0 3 3 0 0
0.02856407730728301 0 0 0 3 0 0 0 0 3 3 0 3
0.028086010350910212 0 0 0 3 0 0 0 0 3 3 3 0
-749.4644629997586 0 0 0 3 0 0 0 3 0 0 0 0
0.2871027076636869 0 0 0 3 0 0 0 3 0 0 0 3
0.2389055614818028 0 0 0 3 0 0 0 3 0 0 3 0
0.026301969973547865 0 0 0 3 0 0 0 3 0 0 3 3
0.2940006392570995 0 0 0 3 0 0 0 3 0 3 0 0
0.032582808901755016 0 0 0 3 0 0 0 3 0 3 0 3
0.02642878865918301 0 0 0 3 0 0 0 3 0 3 3 0
0.2941089762731974 0 0 0 3 0 0 0 3 3 0 0 0
0.032584008654285956 0 0 0 3 0 0 0 3 3 0 0 3
0.026415723152941512 0 0 0 3 0 0 0 3 3 0 3 0
0.028073664276503915 0 0 0 3 0 0 0 3 3 3 0 0
-754.6101533212513 0 0 0 3 0 0 3 0 0 0 0 0
0.24880750210137836 0 0 0 3 0 0 3 0 0 0 0 3
0.2869794418836579 0 0 0 3 0 0 3 0 0 0 3 0
0.0269645332568596 0 0 0 3 0 0 3 0 0 0 3 3
0.29761357711556957 0 0 0 3 0 0 3 0 0 3 0 0
0.02759673935726196 0 0 0 3 0 0 3 0 0 3 0 3
0.03228766824545312 0 0 0 3 0 0 3 0 0 3 3 0
0.2976260903382911 0 0 0 3 0 0 3 0 3 0 0 0
0.027591028176831435 0 0 0 3 0 0 3 0 3 0 0 3
0.032259283834212144 0 0 0 3 0 0 3 0 3 0 3 0
0.028286059518159355 0 0 0 3 0 0 3 0 3 3 0 0
0.2870227378732281 0 0 0 3 0 0 3 3 0 0 0 0
0.026960652131488974 0 0 0 3 0 0 3 3 0 0 0 3
0.026045668294484358 0 0 0 3 0 0 3 3 0 0 3 0
0.03226035057313956 0 0 0 3 0 0 3 3 0 3 0 0
0.03222178157968293 0 0 0 3 0 0 3 3 3 0 0 0
-720.7908733785587 0 0 0 3 0 3 0 0 0 0 0 0
0.30094291433100695 0 0 0 3 0 3 0 0 0 0 0 3
0.2867024607939026 0 0 0 3 0 3 0 0 0 0 3 0
0.03381990441607312 0 0 0 3 0 3 0 0 0 0 3 3
0.2971207536940715 0 0 0 3 0 3 0 0 0 3 0 0
0.035235556784714614 0 0 0 3 0 3 0 0 0 3 0 3
0.0332694146234056 0 0 0 3 0 3 0 0 0 3 3 0
0.2972846714604556 0 0 0 3 0 3 0 0 3 0 0 0
0.035174617626795135 0 0 0 3 0 3 0 0 3 0 0 3
0.033258760310535866 0 0 0 3 0 3 0 0 3 0 3 0
0.029589735601893905 0 0 0 3 0 3 0 0 3 3 0 0
0.28689653652558544 0 0 0 3 0 3 0 3 0 0 0 0
0.033830144083244244 0 0 0 3 0 3 0 3 0 0 0 3
0.027199347289532057 0 0 0 3 0 3 0 3 0 0 3 0
0.03326202483838497 0 0 0 3 0 3 0 3 0 3 0 0
0.03324161728879403 0 0 0 3 0 3 0 3 3 0 0 0
-0.0046560506193135546 0 0 0 3 0 3 1 1 0 0 1 1
1.8780602030438342e-05 0 0 0 3 0 3 1 1 0 0 2 2
-0.004674831221343994 0 0 0 3 0 3 1 2 0 0 2 1
-0.004674831221343994 0 0 0 3 0 3 2 1 0 0 1 2
1.8780602030438342e-05 0 0 0 3 0 3 2 2 0 0 1 1
-0.0046560506193135546 0 0 0 3 0 3 2 2 0 0 2 2
0.3006502892086917 0 0 0 3 0 3 3 0 0 0 0 0
0.030740984874770887 0 0 0 3 0 3 3 0 0 0 0 3
0.03348999883119988 0 0 0 3 0 3 3 0 0 0 3 0
0.03482367432499349 0 0 0 3 0 3 3 0 0 3 0 0
0.0348554975995949 0 0 0 3 0 3 3 0 3 0 0 0
0.03346188913344057 0 0 0 3 0 3 3 3 0 0 0 0
0.0005577824399002406 0 0 0 3 1 1 1 1 0 0 3 0
0.0005577824399002406 0 0 0 3 1 1 2 2 0 0 3 0
-0.0053436612683890276 0 0 0 3 1 2 0 0 0 0 1 2
0.0053436612683890276 0 0 0 3 1 2 0 0 0 0 2 1
-0.0007035653160464429 0 0 0 3 1 2 0 0 0 3 1 2
0.0007035653160464429 0 0 0 3 1 2 0 0 0 3 2 1
-0.0006703402727928602 0 0 0 3 1 2 0 0 3 0 1 2
0.0006703402727928602 0 0 0 3 1 2 0 0 3 0 2 1
-0.0006051259844522633 0 0 0 3 1 2 0 3 0 0 1 2
0.0006051259844522633 0 0 0 3 1 2 0 3 0 0 2 1
-0.0006092903171503336 0 0 0 3 1 2 3 0 0 0 1 2
0.0006092903171503336 0 0 0 3 1 2 3 0 0 0 2 1
0.0053436612683890276 0 0 0 3 2 1 0 0 0 0 1 2
-0.0053436612683890276 0 0 0 3 2 1 0 0 0 0 2 1
0.0007035653160464429 0 0 0 3 2 1 0 0 0 3 1 2
-0.0007035653160464429 0 0 0 3 2 1 0 0 0 3 2 1
0.0006703402727928602 0 0 0 3 2 1 0 0 3 0 1 2
-0.0006703402727928602 0 0 0 3 2 1 0 0 3 0 2 1
0.0006051259844522633 0 0 0 3 2 1 0 3 0 0 1 2
-0.0006051259844522633 0 0 0 3 2 1 0 3 0 0 2 1
0.0006092903171503336 0 0 0 3 2 1 3 0 0 0 1 2
-0.0006092903171503336 0 0 0 3 2 1 3 0 0 0 2 1
0.0005577824399002406 0 0 0 3 2 2 1 1 0 0 3 0
0.0005577824399002406 0 0 0 3 2 2 2 2 0 0 3 0
-709.3255918765274 0 0 0 3 3 0 0 0 0 0 0 0
0.2868369756122072 0 0 0 3 3 0 0 0 0 0 0 3
0.2937426374352933 0 0 0 3 3 0 0 0 0 0 3 0
0.0332694146234056 0 0 0 3 3 0 0 0 0 0 3 3
0.2937426374352933 0 0 0 3 3 0 0 0 0 3 0 0
0.0332694146234056 0 0 0 3 3 0 0 0 0 3 0 3
0.034093464092937946 0 0 0 3 3 0 0 0 0 3 3 0
0.2938659307263151 0 0 0 3 3 0 0 0 3 0 0 0
0.03327243603092373 0 0 0 3 3 0 0 0 3 0 0 3
0.034014200900672385 0 0 0 3 3 0 0 0 3 0 3 0
0.02909887498425117 0 0 0 3 3 0 0 0 3 3 0 0
0.004633863662827975 0 0 0 3 3 0 0 1 1 1 1 0
2.463761878532128e-06 0 0 0 3 3 0 0 1 1 2 2 0
0.004631399900949441 0 0 0 3 3 0 0 1 2 2 1 0
0.004631399900949441 0 0 0 3 3 0 0 2 1 1 2 0
2.463761878532128e-06 0 0 0 3 3 0 0 2 2 1 1 0
0.004633863662827975 0 0 0 3 3 0 0 2 2 2 2 0
0.29386593072631517 0 0 0 3 3 0 0 3 0 0 0 0
0.03327243603092373 0 0 0 3 3 0 0 3 0 0 0 3
0.02909887498425117 0 0 0 3 3 0 0 3 0 0 3 0
0.034014200900672385 0 0 0 3 3 0 0 3 0 3 0 0
0.0340521480637255 0 0 0 3 3 0 0 3 3 0 0 0
0.28670826032063473 0 0 0 3 3 0 3 0 0 0 0 0
0.027839058489541522 0 0 0 3 3 0 3 0 0 0 0 3
0.03295202742491065 0 0 0 3 3 0 3 0 0 0 3 0
0.03295202742491065 0 0 0 3 3 0 3 0 0 3 0 0
0.03291737777236507 0 0 0 3 3 0 3 0 3 0 0 0
0.03291737777236507 0 0 0 3 3 0 3 3 0 0 0 0
0.27614965307542916 0 0 0 3 3 3 0 0 0 0 0 0
0.03311207823175236 0 0 0 3 3 3 0 0 0 0 0 3
0.03256584930735916 0 0 0 3 3 3 0 0 0 0 3 0
0.03256584930735916 0 0 0 3 3 3 0 0 0 3 0 0
0.03254926276496824 0 0 0 3 3 3 0 0 3 0 0 0
0.03254926276496824 0 0 0 3 3 3 0 3 0 0 0 0
0.03276344536814792 0 0 0 3 3 3 3 0 0 0 0 0
0.00032504736639620447 0 0 1 0 0 1 0 0 1 0 0 1
0.00032504736639620447 0 0 1 0 0 1 0 0 2 0 0 2
-3.232290991115402e-05 0 0 1 0 0 1 0 1 0 2 1 2
3.232290991115402e-05 0 0 1 0 0 1 0 1 0 2 2 1
3.232290991115402e-05 0 0 1 0 0 1 0 2 0 1 1 2
-3.232290991115402e-05 0 0 1 0 0 1 0 2 0 1 2 1
3.0594899125134276e-05 0 0 1 0 0 1 1 1 2 0 2 0
-3.0594899125134276e-05 0 0 1 0 0 1 1 2 1 0 2 0
-3.0594899125134276e-05 0 0 1 0 0 1 2 1 2 0 1 0
3.0594899125134276e-05 0 0 1 0 0 1 2 2 1 0 1 0
40.225293988074746 0 0 1 0 0 2 0 0 1 0 0 2
-0.005152728032620294 0 0 1 0 0 2 0 0 1 0 3 2
-0.005152728032620293 0 0 1 0 0 2 0 0 1 3 0 2
-0.0005522929912896221 0 0 1 0 0 2 0 0 1 3 3 2
-40.22529398807474 0 0 1 0 0 2 0 0 2 0 0 1
0.005152728032620294 0 0 1 0 0 2 0 0 2 0 3 1
0.005152728032620293 0 0 1 0 0 2 0 0 2 3 0 1
0.0005522929912896221 0 0 1 0 0 2 0 0 2 3 3 1
-0.005167421472672798 0 0 1 0 0 2 0 3 1 0 0 2
-0.00028115679978653536 0 0 1 0 0 2 0 3 1 0 3 2
-0.0005523363684780985 0 0 1 0 0 2 0 3 1 3 0 2
0.005167421472672798 0 0 1 0 0 2 0 3 2 0 0 1
0.00028115679978653536 0 0 1 0 0 2 0 3 2 0 3 1
0.0005523363684780985 0 0 1 0 0 2 0 3 2 3 0 1
-0.0002743690990910074 0 0 1 0 0 2 1 3 0 2 3 0
0.0002743690990910074 0 0 1 0 0 2 2 3 0 1 3 0
-0.005273837230018666 0 0 1 0 0 2 3 0 1 0 0 2
-0.0005568914584640246 0 0 1 0 0 2 3 0 1 0 3 2
-0.0008162584578688629 0 0 1 0 0 2 3 0 1 3 0 2
0.005273837230018666 0 0 1 0 0 2 3 0 2 0 0 1
0.0005568914584640246 0 0 1 0 0 2 3 0 2 0 3 1
0.0008162584578688627 0 0 1 0 0 2 3 0 2 3 0 1
-0.0005558084505649709 0 0 1 0 0 2 3 3 1 0 0 2
0.0005558084505649709 0 0 1 0 0 2 3 3 2 0 0 1
0.000314054315489815 0 0 1 0 1 0 0 0 1 0 1 0
0.000314054315489815 0 0 1 0 1 0 0 0 2 0 2 0
-0.00031229052038580374 0 0 1 0 1 0 0 1 0 1 0 0
-0.00031229052038580363 0 0 1 0 1 0 0 2 0 2 0 0
40.0851445309092 0 0 1 0 2 0 0 0 1 0 2 0
-0.005148791134406901 0 0 1 0 2 0 0 0 1 0 2 3
-0.00513477465810949 0 0 1 0 2 0 0 0 1 3 2 0
-0.0005592559372779686 0 0 1 0 2 0 0 0 1 3 2 3
-40.0851445309092 0 0 1 0 2 0 0 0 2 0 1 0
0.005148791134406901 0 0 1 0 2 0 0 0 2 0 1 3
0.00513477465810949 0 0 1 0 2 0 0 0 2 3 1 0
0.0005592559372779686 0 0 1 0 2 0 0 0 2 3 1 3
40.0851445309092 0 0 1 0 2 0 0 1 0 2 0 0
-0.005148791134406901 0 0 1 0 2 0 0 1 0 2 0 3
-0.0051347746581094904 0 0 1 0 2 0 0 1 0 2 3 0
-0.0005592559372779686 0 0 1 0 2 0 0 1 0 2 3 3
-0.005149416902595206 0 0 1 0 2 0 0 1 3 2 0 0
-0.0005603117613776126 0 0 1 0 2 0 0 1 3 2 0 3
-0.0008214659748287255 0 0 1 0 2 0 0 1 3 2 3 0
-40.0851445309092 0 0 1 0 2 0 0 2 0 1 0 0
0.005148791134406901 0 0 1 0 2 0 0 2 0 1 0 3
0.0051347746581094904 0 0 1 0 2 0 0 2 0 1 3 0
0.0005592559372779686 0 0 1 0 2 0 0 2 0 1 3 3
0.005149416902595206 0 0 1 0 2 0 0 2 3 1 0 0
0.0005603117613776126 0 0 1 0 2 0 0 2 3 1 0 3
0.0008214659748287255 0 0 1 0 2 0 0 2 3 1 3 0
-0.005149416902595209 0 0 1 0 2 0 0 3 1 0 2 0
-0.0005603117613776126 0 0 1 0 2 0 0 3 1 0 2 3
-0.0008214659748287255 0 0 1 0 2 0 0 3 1 3 2 0
0.005149416902595209 0 0 1 0 2 0 0 3 2 0 1 0
0.0005603117613776126 0 0 1 0 2 0 0 3 2 0 1 3
0.0008214659748287255 0 0 1 0 2 0 0 3 2 3 1 0
-0.005255461881213114 0 0 1 0 2 0 3 0 1 0 2 0
-0.0003124405501036443 0 0 1 0 2 0 3 0 1 0 2 3
-0.0005549511113600482 0 0 1 0 2 0 3 0 1 3 2 0
0.005255461881213114 0 0 1 0 2 0 3 0 2 0 1 0
0.0003124405501036443 0 0 1 0 2 0 3 0 2 0 1 3
0.0005549511113600482 0 0 1 0 2 0 3 0 2 3 1 0
-0.005255461881213114 0 0 1 0 2 0 3 1 0 2 0 0
-0.0003124405501036443 0 0 1 0 2 0 3 1 0 2 0 3
-0.0005549511113600482 0 0 1 0 2 0 3 1 0 2 3 0
-0.0005538718769274549 0 0 1 0 2 0 3 1 3 2 0 0
0.005255461881213114 0 0 1 0 2 0 3 2 0 1 0 0
0.0003124405501036443 0 0 1 0 2 0 3 2 0 1 0 3
0.0005549511113600482 0 0 1 0 2 0 3 2 0 1 3 0
0.0005538718769274549 0 0 1 0 2 0 3 2 3 1 0 0
-0.0005538718769274549 0 0 1 0 2 0 3 3 1 0 2 0
0.0005538718769274549 0 0 1 0 2 0 3 3 2 0 1 0
-0.0051487911344069 0 0 1 0 2 3 0 0 1 0 2 0
-0.0006988128542011013 0 0 1 0 2 3 0 0 1 0 2 3
-0.0005915788471891225 0 0 1 0 2 3 0 0 1 3 2 0
0.0051487911344069 0 0 1 0 2 3 0 0 2 0 1 0
0.0006988128542011013 0 0 1 0 2 3 0 0 2 0 1 3
0.0005915788471891225 0 0 1 0 2 3 0 0 2 3 1 0
-0.0051487911344069 0 0 1 0 2 3 0 1 0 2 0 0
-0.0006663769295335942 0 0 1 0 2 3 0 1 0 2 0 3
-0.0005915788471891225 0 0 1 0 2 3 0 1 0 2 3 0
-0.0005914797481997403 0 0 1 0 2 3 0 1 3 2 0 0
0.0051487911344069 0 0 1 0 2 3 0 2 0 1 0 0
0.0006663769295335942 0 0 1 0 2 3 0 2 0 1 0 3
0.0005915788471891225 0 0 1 0 2 3 0 2 0 1 3 0
0.0005914797481997403 0 0 1 0 2 3 0 2 3 1 0 0
-0.0005914797481997403 0 0 1 0 2 3 0 3 1 0 2 0
0.0005914797481997403 0 0 1 0 2 3 0 3 2 0 1 0
-0.000295948335041611 0 0 1 0 2 3 1 1 2 0 3 1
0.000295948335041611 0 0 1 0 2 3 1 2 1 0 3 1
-0.0002968004429407984 0 0 1 0 2 3 1 3 0 1 2 1
0.0002968004429407984 0 0 1 0 2 3 1 3 0 2 1 1
-0.000295948335041611 0 0 1 0 2 3 2 1 2 0 3 2
0.000295948335041611 0 0 1 0 2 3 2 2 1 0 3 2
-0.0002968004429407984 0 0 1 0 2 3 2 3 0 1 2 2
0.0002968004429407984 0 0 1 0 2 3 2 3 0 2 1 2
-0.0006591114901855952 0 0 1 0 2 3 3 0 1 0 2 0
0.0006591114901855952 0 0 1 0 2 3 3 0 2 0 1 0
-0.000689934311330959 0 0 1 0 2 3 3 1 0 2 0 0
0.000689934311330959 0 0 1 0 2 3 3 2 0 1 0 0
0.0002714536470362344 0 0 1 0 3 1 0 1 3 1 1 1
0.00027172772538090577 0 0 1 0 3 1 0 1 3 2 1 2
-2.7407834467136425e-07 0 0 1 0 3 1 0 1 3 2 2 1
-2.7407834467136425e-07 0 0 1 0 3 1 0 2 3 1 1 2
0.00027172772538090577 0 0 1 0 3 1 0 2 3 1 2 1
0.0002714536470362344 0 0 1 0 3 1 0 2 3 2 2 2
0.000258329191299065 0 0 1 0 3 1 3 1 0 1 1 1
0.00025729138319329165 0 0 1 0 3 1 3 1 0 2 1 2
1.0378081057732618e-06 0 0 1 0 3 1 3 1 0 2 2 1
1.0378081057732618e-06 0 0 1 0 3 1 3 2 0 1 1 2
0.00025729138319329165 0 0 1 0 3 1 3 2 0 1 2 1
0.000258329191299065 0 0 1 0 3 1 3 2 0 2 2 2
-0.005152728032620292 0 0 1 0 3 2 0 0 1 0 0 2
-0.0006792159366299473 0 0 1 0 3 2 0 0 1 0 3 2
-0.0005838263364326792 0 0 1 0 3 2 0 0 1 3 0 2
0.005152728032620292 0 0 1 0 3 2 0 0 2 0 0 1
0.0006792159366299473 0 0 1 0 3 2 0 0 2 0 3 1
0.0005838263364326792 0 0 1 0 3 2 0 0 2 3 0 1
-0.0006463884856338243 0 0 1 0 3 2 0 3 1 0 0 2
0.0006463884856338243 0 0 1 0 3 2 0 3 2 0 0 1
-0.0006302982856528086 0 0 1 0 3 2 1 0 0 2 3 0
-0.0006614663337352255 0 0 1 0 3 2 1 3 0 2 0 0
-0.005042669340230057 0 0 1 0 3 2 1 3 0 2 3 0
-0.0005792183557929892 0 0 1 0 3 2 1 3 0 2 3 3
-0.0005691084874025401 0 0 1 0 3 2 1 3 3 2 3 0
0.0006302982856528086 0 0 1 0 3 2 2 0 0 1 3 0
0.0006614663337352255 0 0 1 0 3 2 2 3 0 1 0 0
0.005042669340230057 0 0 1 0 3 2 2 3 0 1 3 0
0.0005792183557929892 0 0 1 0 3 2 2 3 0 1 3 3
0.0005691084874025401 0 0 1 0 3 2 2 3 3 1 3 0
-0.0005875198931033872 0 0 1 0 3 2 3 0 1 0 0 2
0.0005875198931033872 0 0 1 0 3 2 3 0 2 0 0 1
1.81769205519558e-06 0 0 1 1 0 0 0 0 1 1 0 0
1.81769205519558e-06 0 0 1 1 0 0 0 0 2 2 0 0
-0.005685376875592395 0 0 1 1 0 0 0 1 0 0 1 0
-0.049900599481965076 0 0 1 1 0 0 0 1 0 3 1 0
-0.00574906224345504 0 0 1 1 0 0 0 1 0 3 1 3
-0.005682167749565271 0 0 1 1 0 0 0 1 3 3 1 0
-0.005685376875592395 0 0 1 1 0 0 0 2 0 0 2 0
-0.049900599481965076 0 0 1 1 0 0 0 2 0 3 2 0
-0.00574906224345504 0 0 1 1 0 0 0 2 0 3 2 3
-0.005682167749565271 0 0 1 1 0 0 0 2 3 3 2 0
-0.005689722936634466 0 0 1 1 0 0 3 1 0 3 1 0
-0.005689722936634466 0 0 1 1 0 0 3 2 0 3 2 0
-0.005434942795385244 0 0 1 1 0 3 0 1 0 3 1 0
-0.005434942795385244 0 0 1 1 0 3 0 2 0 3 2 0
0.002473406527388546 0 0 1 1 0 3 1 3 0 3 3 1
0.002473406527388546 0 0 1 1 0 3 2 3 0 3 3 2
0.0003141194480697976 0 0 1 1 1 1 0 1 0 3 3 1
-3.1442065166799096e-05 0 0 1 1 1 1 0 1 3 3 0 1
0.0003141194480697976 0 0 1 1 1 1 0 2 0 3 3 2
-3.1442065166799096e-05 0 0 1 1 1 1 0 2 3 3 0 2
0.00029815305361676825 0 0 1 1 1 1 3 1 0 3 0 1
0.00029815305361676825 0 0 1 1 1 1 3 2 0 3 0 2
0.00026490020031116716 0 0 1 1 1 2 1 3 0 3 2 0
-0.00026490020031116716 0 0 1 1 1 2 2 3 0 3 1 0
-0.0002651676618435396 0 0 1 1 2 1 1 3 0 3 2 0
0.0002651676618435396 0 0 1 1 2 1 2 3 0 3 1 0
6.385625505421112e-05 0 0 1 1 2 2 0 0 1 1 2 2
-3.1533345143057104e-05 0 0 1 1 2 2 0 0 1 2 1 2
-3.232290991115402e-05 0 0 1 1 2 2 0 0 1 2 2 1
-3.232290991115402e-05 0 0 1 1 2 2 0 0 2 1 1 2
-3.1533345143057104e-05 0 0 1 1 2 2 0 0 2 1 2 1
6.385625505421112e-05 0 0 1 1 2 2 0 0 2 2 1 1
-3.232290991115402e-05 0 0 1 1 2 2 0 1 0 0 0 1
0.0003141194480697976 0 0 1 1 2 2 0 1 0 3 3 1
-3.232290991115402e-05 0 0 1 1 2 2 0 2 0 0 0 2
0.0003141194480697976 0 0 1 1 2 2 0 2 0 3 3 2
0.00029815305361676825 0 0 1 1 2 2 3 1 0 3 0 1
0.00029815305361676825 0 0 1 1 2 2 3 2 0 3 0 2
-0.04990059948196508 0 0 1 1 3 0 0 1 0 0 1 0
-0.005434942795385244 0 0 1 1 3 0 0 1 0 0 1 3
389.52096136816647 0 0 1 1 3 0 0 1 0 3 1 0
-0.050036813944416905 0 0 1 1 3 0 0 1 0 3 1 3
0.003620103957917698 0 0 1 1 3 0 0 1 3 0 1 0
-0.050042895264399236 0 0 1 1 3 0 0 1 3 3 1 0
-0.005445203470688011 0 0 1 1 3 0 0 1 3 3 1 3
-0.04990059948196508 0 0 1 1 3 0 0 2 0 0 2 0
-0.005434942795385244 0 0 1 1 3 0 0 2 0 0 2 3
389.52096136816647 0 0 1 1 3 0 0 2 0 3 2 0
-0.050036813944416905 0 0 1 1 3 0 0 2 0 3 2 3
0.003620103957917698 0 0 1 1 3 0 0 2 3 0 2 0
-0.050042895264399236 0 0 1 1 3 0 0 2 3 3 2 0
-0.005445203470688011 0 0 1 1 3 0 0 2 3 3 2 3
-0.005307610582390287 0 0 1 1 3 0 1 3 0 3 3 1
-0.005307610582390287 0 0 1 1 3 0 2 3 0 3 3 2
-0.005393107776660426 0 0 1 1 3 0 3 1 0 0 1 0
-0.05107345811426616 0 0 1 1 3 0 3 1 0 3 1 0
0.001951313580722258 0 0 1 1 3 0 3 1 0 3 1 3
-0.0053826195958241105 0 0 1 1 3 0 3 1 3 3 1 0
-0.005393107776660426 0 0 1 1 3 0 3 2 0 0 2 0
-0.05107345811426616 0 0 1 1 3 0 3 2 0 3 2 0
0.001951313580722258 0 0 1 1 3 0 3 2 0 3 2 3
-0.0053826195958241105 0 0 1 1 3 0 3 2 3 3 2 0
-0.00574906224345504 0 0 1 1 3 3 0 1 0 0 1 0
-0.05003681394441689 0 0 1 1 3 3 0 1 0 3 1 0
-0.006475962525864851 0 0 1 1 3 3 0 1 0 3 1 3
-0.005748099182891046 0 0 1 1 3 3 0 1 3 3 1 0
-0.00574906224345504 0 0 1 1 3 3 0 2 0 0 2 0
-0.05003681394441689 0 0 1 1 3 3 0 2 0 3 2 0
-0.006475962525864851 0 0 1 1 3 3 0 2 0 3 2 3
-0.005748099182891046 0 0 1 1 3 3 0 2 3 3 2 0
-0.006096955164179244 0 0 1 1 3 3 1 0 0 3 3 1
-0.0055080463128695575 0 0 1 1 3 3 1 3 0 0 3 1
-0.006101647198751154 0 0 1 1 3 3 1 3 0 3 0 1
-0.04877837934038016 0 0 1 1 3 3 1 3 0 3 3 1
-0.005505058494096023 0 0 1 1 3 3 1 3 3 3 3 1
-0.006096955164179244 0 0 1 1 3 3 2 0 0 3 3 2
-0.0055080463128695575 0 0 1 1 3 3 2 3 0 0 3 2
-0.006101647198751154 0 0 1 1 3 3 2 3 0 3 0 2
-0.04877837934038016 0 0 1 1 3 3 2 3 0 3 3 2
-0.005505058494096023 0 0 1 1 3 3 2 3 3 3 3 2
-0.00640535577033909 0 0 1 1 3 3 3 1 0 3 1 0
-0.00640535577033909 0 0 1 1 3 3 3 2 0 3 2 0
469.69125042998456 0 0 1 2 0 0 0 0 1 2 0 0
-0.06033439621323068 0 0 1 2 0 0 0 0 1 2 0 3
-0.060170148798184046 0 0 1 2 0 0 0 0 1 2 3 0
-0.006553454669941178 0 0 1 2 0 0 0 0 1 2 3 3
-469.6912504299846 0 0 1 2 0 0 0 0 2 1 0 0
0.06033439621323068 0 0 1 2 0 0 0 0 2 1 0 3
0.060170148798184046 0 0 1 2 0 0 0 0 2 1 3 0
0.006553454669941178 0 0 1 2 0 0 0 0 2 1 3 3
-0.060341729069589664 0 0 1 2 0 0 0 3 1 2 0 0
-0.006565826993443233 0 0 1 2 0 0 0 3 1 2 0 3
0.0019771720082602516 0 0 1 2 0 0 0 3 1 2 3 0
0.060341729069589664 0 0 1 2 0 0 0 3 2 1 0 0
0.006565826993443233 0 0 1 2 0 0 0 3 2 1 0 3
-0.0019771720082602516 0 0 1 2 0 0 0 3 2 1 3 0
-0.061584381876692365 0 0 1 2 0 0 3 0 1 2 0 0
0.0013264324805149705 0 0 1 2 0 0 3 0 1 2 0 3
-0.00650300999938052 0 0 1 2 0 0 3 0 1 2 3 0
0.061584381876692365 0 0 1 2 0 0 3 0 2 1 0 0
-0.0013264324805149705 0 0 1 2 0 0 3 0 2 1 0 3
0.00650300999938052 0 0 1 2 0 0 3 0 2 1 3 0
-0.006490363349679017 0 0 1 2 0 0 3 3 1 2 0 0
0.006490363349679017 0 0 1 2 0 0 3 3 2 1 0 0
-0.06033439621323067 0 0 1 2 0 3 0 0 1 2 0 0
-0.007841152309599543 0 0 1 2 0 3 0 0 1 2 0 3
-0.006932219937833282 0 0 1 2 0 3 0 0 1 2 3 0
0.06033439621323067 0 0 1 2 0 3 0 0 2 1 0 0
0.007841152309599543 0 0 1 2 0 3 0 0 2 1 0 3
0.006932219937833282 0 0 1 2 0 3 0 0 2 1 3 0
-0.0069310586792905235 0 0 1 2 0 3 0 3 1 2 0 0
0.0069310586792905235 0 0 1 2 0 3 0 3 2 1 0 0
-0.00775440157185564 0 0 1 2 0 3 3 0 1 2 0 0
0.00775440157185564 0 0 1 2 0 3 3 0 2 1 0 0
-3.1533345143057104e-05 0 0 1 2 1 2 0 0 1 1 2 2
0.0004102986130351626 0 0 1 2 1 2 0 0 1 2 1 2
-0.0003787652678921055 0 0 1 2 1 2 0 0 1 2 2 1
-0.0003787652678921055 0 0 1 2 1 2 0 0 2 1 1 2
0.0004102986130351626 0 0 1 2 1 2 0 0 2 1 2 1
-3.1533345143057104e-05 0 0 1 2 1 2 0 0 2 2 1 1
-3.232290991115402e-05 0 0 1 2 2 1 0 0 1 1 2 2
-0.0003787652678921055 0 0 1 2 2 1 0 0 1 2 1 2
0.0004110881778032595 0 0 1 2 2 1 0 0 1 2 2 1
0.0004110881778032595 0 0 1 2 2 1 0 0 2 1 1 2
-0.0003787652678921055 0 0 1 2 2 1 0 0 2 1 2 1
-3.232290991115402e-05 0 0 1 2 2 1 0 0 2 2 1 1
3.232290991115402e-05 0 0 1 2 2 1 0 1 0 0 0 1
-3.1442065166799096e-05 0 0 1 2 2 1 0 1 3 3 0 1
3.232290991115402e-05 0 0 1 2 2 1 0 2 0 0 0 2
-3.1442065166799096e-05 0 0 1 2 2 1 0 2 3 3 0 2
-2.674615323724356e-07 0 0 1 2 2 2 1 3 0 3 2 0
2.674615323724356e-07 0 0 1 2 2 2 2 3 0 3 1 0
-0.060170148798184026 0 0 1 2 3 0 0 0 1 2 0 0
-0.006932219937833282 0 0 1 2 3 0 0 0 1 2 0 3
-0.007585412241489372 0 0 1 2 3 0 0 0 1 2 3 0
0.060170148798184026 0 0 1 2 3 0 0 0 2 1 0 0
0.006932219937833282 0 0 1 2 3 0 0 0 2 1 0 3
0.007585412241489372 0 0 1 2 3 0 0 0 2 1 3 0
5.3896951185492675e-08 0 0 1 2 3 0 0 1 0 3 2 0
-5.3896951185492675e-08 0 0 1 2 3 0 0 2 0 3 1 0
-0.007579429582581099 0 0 1 2 3 0 0 3 1 2 0 0
0.007579429582581099 0 0 1 2 3 0 0 3 2 1 0 0
-0.006860668594602115 0 0 1 2 3 0 3 0 1 2 0 0
0.006860668594602115 0 0 1 2 3 0 3 0 2 1 0 0
-0.006553454669941178 0 0 1 2 3 3 0 0 1 2 0 0
0.006553454669941178 0 0 1 2 3 3 0 0 2 1 0 0
-0.0051527280326202915 0 0 1 3 0 2 0 0 1 0 0 2
-0.0005838263364326792 0 0 1 3 0 2 0 0 1 0 3 2
-0.0010256582946108986 0 0 1 3 0 2 0 0 1 3 0 2
0.0051527280326202915 0 0 1 3 0 2 0 0 2 0 0 1
0.0005838263364326792 0 0 1 3 0 2 0 0 2 0 3 1
0.0010256582946108986 0 0 1 3 0 2 0 0 2 3 0 1
-0.0005835043553002261 0 0 1 3 0 2 0 3 1 0 0 2
0.0005835043553002261 0 0 1 3 0 2 0 3 2 0 0 1
-0.0008856729467201555 0 0 1 3 0 2 3 0 1 0 0 2
0.0008856729467201555 0 0 1 3 0 2 3 0 2 0 0 1
-0.005134774658109488 0 0 1 3 2 0 0 0 1 0 2 0
-0.0005915788471891225 0 0 1 3 2 0 0 0 1 0 2 3
-0.0010128646333409609 0 0 1 3 2 0 0 0 1 3 2 0
0.005134774658109488 0 0 1 3 2 0 0 0 2 0 1 0
0.0005915788471891225 0 0 1 3 2 0 0 0 2 0 1 3
0.0010128646333409609 0 0 1 3 2 0 0 0 2 3 1 0
-0.005134774658109488 0 0 1 3 2 0 0 1 0 2 0 0
-0.0005915788471891225 0 0 1 3 2 0 0 1 0 2 0 3
-0.0008871707325560205 0 0 1 3 2 0 0 1 0 2 3 0
-0.0010112959430317418 0 0 1 3 2 0 0 1 3 2 0 0
0.005134774658109488 0 0 1 3 2 0 0 2 0 1 0 0
0.0005915788471891225 0 0 1 3 2 0 0 2 0 1 0 3
0.0008871707325560205 0 0 1 3 2 0 0 2 0 1 3 0
0.0010112959430317418 0 0 1 3 2 0 0 2 3 1 0 0
-0.0008859658899840893 0 0 1 3 2 0 0 3 1 0 2 0
0.0008859658899840893 0 0 1 3 2 0 0 3 2 0 1 0
-0.0005854728289838263 0 0 1 3 2 0 3 0 1 0 2 0
0.0005854728289838263 0 0 1 3 2 0 3 0 2 0 1 0
-0.0005854728289838263 0 0 1 3 2 0 3 1 0 2 0 0
0.0005854728289838263 0 0 1 3 2 0 3 2 0 1 0 0
-0.0005592559372779686 0 0 1 3 2 3 0 0 1 0 2 0
0.0005592559372779686 0 0 1 3 2 3 0 0 2 0 1 0
-0.0005592559372779686 0 0 1 3 2 3 0 1 0 2 0 0
0.0005592559372779686 0 0 1 3 2 3 0 2 0 1 0 0
0.0003141194480697976 0 0 1 3 3 1 0 1 0 1 1 1
0.0003141194480697976 0 0 1 3 3 1 0 1 0 2 1 2
0.0003141194480697976 0 0 1 3 3 1 0 2 0 1 2 1
0.0003141194480697976 0 0 1 3 3 1 0 2 0 2 2 2
-0.0005522929912896221 0 0 1 3 3 2 0 0 1 0 0 2
0.0005522929912896221 0 0 1 3 3 2 0 0 2 0 0 1
-0.0005390018378698022 0 0 1 3 3 2 1 3 0 2 3 0
0.0005390018378698022 0 0 1 3 3 2 2 3 0 1 3 0
-40.22529398807474 0 0 2 0 0 1 0 0 1 0 0 2
0.005152728032620294 0 0 2 0 0 1 0 0 1 0 3 2
0.005152728032620293 0 0 2 0 0 1 0 0 1 3 0 2
0.0005522929912896221 0 0 2 0 0 1 0 0 1 3 3 2
40.22529398807474 0 0 2 0 0 1 0 0 2 0 0 1
-0.005152728032620294 0 0 2 0 0 1 0 0 2 0 3 1
-0.005152728032620293 0 0 2 0 0 1 0 0 2 3 0 1
-0.0005522929912896221 0 0 2 0 0 1 0 0 2 3 3 1
0.005167421472672798 0 0 2 0 0 1 0 3 1 0 0 2
0.00028115679978653536 0 0 2 0 0 1 0 3 1 0 3 2
0.0005523363684780985 0 0 2 0 0 1 0 3 1 3 0 2
-0.005167421472672798 0 0 2 0 0 1 0 3 2 0 0 1
-0.00028115679978653536 0 0 2 0 0 1 0 3 2 0 3 1
-0.0005523363684780985 0 0 2 0 0 1 0 3 2 3 0 1
0.0002743690990910074 0 0 2 0 0 1 1 3 0 2 3 0
-0.0002743690990910074 0 0 2 0 0 1 2 3 0 1 3 0
0.005273837230018666 0 0 2 0 0 1 3 0 1 0 0 2
0.0005568914584640246 0 0 2 0 0 1 3 0 1 0 3 2
0.0008162584578688629 0 0 2 0 0 1 3 0 1 3 0 2
-0.005273837230018666 0 0 2 0 0 1 3 0 2 0 0 1
-0.0005568914584640246 0 0 2 0 0 1 3 0 2 0 3 1
-0.0008162584578688627 0 0 2 0 0 1 3 0 2 3 0 1
0.0005558084505649709 0 0 2 0 0 1 3 3 1 0 0 2
-0.0005558084505649709 0 0 2 0 0 1 3 3 2 0 0 1
0.00032504736639620447 0 0 2 0 0 2 0 0 1 0 0 1
0.00032504736639620447 0 0 2 0 0 2 0 0 2 0 0 2
-3.232290991115402e-05 0 0 2 0 0 2 0 1 0 2 1 2
3.232290991115402e-05 0 0 2 0 0 2 0 1 0 2 2 1
3.232290991115402e-05 0 0 2 0 0 2 0 2 0 1 1 2
-3.232290991115402e-05 0 0 2 0 0 2 0 2 0 1 2 1
3.0594899125134276e-05 0 0 2 0 0 2 1 1 2 0 2 0
-3.0594899125134276e-05 0 0 2 0 0 2 1 2 1 0 2 0
-3.0594899125134276e-05 0 0 2 0 0 2 2 1 2 0 1 0
3.0594899125134276e-05 0 0 2 0 0 2 2 2 1 0 1 0
-40.0851445309092 0 0 2 0 1 0 0 0 1 0 2 0
0.005148791134406901 0 0 2 0 1 0 0 0 1 0 2 3
0.00513477465810949 0 0 2 0 1 0 0 0 1 3 2 0
0.0005592559372779686 0 0 2 0 1 0 0 0 1 3 2 3
40.0851445309092 0 0 2 0 1 0 0 0 2 0 1 0
-0.005148791134406901 0 0 2 0 1 0 0 0 2 0 1 3
-0.00513477465810949 0 0 2 0 1 0 0 0 2 3 1 0
-0.0005592559372779686 0 0 2 0 1 0 0 0 2 3 1 3
-40.0851445309092 0 0 2 0 1 0 0 1 0 2 0 0
0.005148791134406901 0 0 2 0 1 0 0 1 0 2 0 3
0.0051347746581094904 0 0 2 0 1 0 0 1 0 2 3 0
0.0005592559372779686 0 0 2 0 1 0 0 1 0 2 3 3
0.005149416902595206 0 0 2 0 1 0 0 1 3 2 0 0
0.0005603117613776126 0 0 2 0 1 0 0 1 3 2 0 3
0.0008214659748287255 0 0 2 0 1 0 0 1 3 2 3 0
40.0851445309092 0 0 2 0 1 0 0 2 0 1 0 0
-0.005148791134406901 0 0 2 0 1 0 0 2 0 1 0 3
-0.0051347746581094904 0 0 2 0 1 0 0 2 0 1 3 0
-0.0005592559372779686 0 0 2 0 1 0 0 2 0 1 3 3
-0.005149416902595206 0 0 2 0 1 0 0 2 3 1 0 0
-0.0005603117613776126 0 0 2 0 1 0 0 2 3 1 0 3
-0.0008214659748287255 0 0 2 0 1 0 0 2 3 1 3 0
0.005149416902595209 0 0 2 0 1 0 0 3 1 0 2 0
0.0005603117613776126 0 0 2 0 1 0 0 3 1 0 2 3
0.0008214659748287255 0 0 2 0 1 0 0 3 1 3 2 0
-0.005149416902595209 0 0 2 0 1 0 0 3 2 0 1 0
-0.0005603117613776126 0 0 2 0 1 0 0 3 2 0 1 3
-0.0008214659748287255 0 0 2 0 1 0 0 3 2 3 1 0
0.005255461881213114 0 0 2 0 1 0 3 0 1 0 2 0
0.0003124405501036443 0 0 2 0 1 0 3 0 1 0 2 3
0.0005549511113600482 0 0 2 0 1 0 3 0 1 3 2 0
-0.005255461881213114 0 0 2 0 1 0 3 0 2 0 1 0
-0.0003124405501036443 0 0 2 0 1 0 3 0 2 0 1 3
-0.0005549511113600482 0 0 2 0 1 0 3 0 2 3 1 0
0.005255461881213114 0 0 2 0 1 0 3 1 0 2 0 0
0.0003124405501036443 0 0 2 0 1 0 3 1 0 2 0 3
0.0005549511113600482 0 0 2 0 1 0 3 1 0 2 3 0
0.0005538718769274549 0 0 2 0 1 0 3 1 3 2 0 0
-0.005255461881213114 0 0 2 0 1 0 3 2 0 1 0 0
-0.0003124405501036443 0 0 2 0 1 0 3 2 0 1 0 3
-0.0005549511113600482 0 0 2 0 1 0 3 2 0 1 3 0
-0.0005538718769274549 0 0 2 0 1 0 3 2 3 1 0 0
0.0005538718769274549 0 0 2 0 1 0 3 3 1 0 2 0
-0.0005538718769274549 0 0 2 0 1 0 3 3 2 0 1 0
0.0051487911344069 0 0 2 0 1 3 0 0 1 0 2 0
0.0006988128542011013 0 0 2 0 1 3 0 0 1 0 2 3
0.0005915788471891225 0 0 2 0 1 3 0 0 1 3 2 0
-0.0051487911344069 0 0 2 0 1 3 0 0 2 0 1 0
-0.0006988128542011013 0 0 2 0 1 3 0 0 2 0 1 3
-0.0005915788471891225 0 0 2 0 1 3 0 0 2 3 1 0
0.0051487911344069 0 0 2 0 1 3 0 1 0 2 0 0
0.0006663769295335942 0 0 2 0 1 3 0 1 0 2 0 3
0.0005915788471891225 0 0 2 0 1 3 0 1 0 2 3 0
0.0005914797481997403 0 0 2 0 1 3 0 1 3 2 0 0
-0.0051487911344069 0 0 2 0 1 3 0 2 0 1 0 0
-0.0006663769295335942 0 0 2 0 1 3 0 2 0 1 0 3
-0.0005915788471891225 0 0 2 0 1 3 0 2 0 1 3 0
-0.0005914797481997403 0 0 2 0 1 3 0 2 3 1 0 0
0.0005914797481997403 0 0 2 0 1 3 0 3 1 0 2 0
-0.0005914797481997403 0 0 2 0 1 3 0 3 2 0 1 0
0.000295948335041611 0 0 2 0 1 3 1 1 2 0 3 1
-0.000295948335041611 0 0 2 0 1 3 1 2 1 0 3 1
0.0002968004429407984 0 0 2 0 1 3 1 3 0 1 2 1
-0.0002968004429407984 0 0 2 0 1 3 1 3 0 2 1 1
0.000295948335041611 0 0 2 0 1 3 2 1 2 0 3 2
-0.000295948335041611 0 0 2 0 1 3 2 2 1 0 3 2
0.0002968004429407984 0 0 2 0 1 3 2 3 0 1 2 2
-0.0002968004429407984 0 0 2 0 1 3 2 3 0 2 1 2
0.0006591114901855952 0 0 2 0 1 3 3 0 1 0 2 0
-0.0006591114901855952 0 0 2 0 1 3 3 0 2 0 1 0
0.000689934311330959 0 0 2 0 1 3 3 1 0 2 0 0
-0.000689934311330959 0 0 2 0 1 3 3 2 0 1 0 0
0.00031405431548981496 0 0 2 0 2 0 0 0 1 0 1 0
0.00031405431548981496 0 0 2 0 2 0 0 0 2 0 2 0
-0.00031229052038580363 0 0 2 0 2 0 0 1 0 1 0 0
-0.00031229052038580363 0 0 2 0 2 0 0 2 0 2 0 0
0.005152728032620292 0 0 2 0 3 1 0 0 1 0 0 2
0.0006792159366299473 0 0 2 0 3 1 0 0 1 0 3 2
0.0005838263364326792 0 0 2 0 3 1 0 0 1 3 0 2
-0.005152728032620292 0 0 2 0 3 1 0 0 2 0 0 1
-0.0006792159366299473 0 0 2 0 3 1 0 0 2 0 3 1
-0.0005838263364326792 0 0 2 0 3 1 0 0 2 3 0 1
0.0006463884856338243 0 0 2 0 3 1 0 3 1 0 0 2
-0.0006463884856338243 0 0 2 0 3 1 0 3 2 0 0 1
0.0006302982856528086 0 0 2 0 3 1 1 0 0 2 3 0
0.0006614663337352255 0 0 2 0 3 1 1 3 0 2 0 0
0.005042669340230057 0 0 2 0 3 1 1 3 0 2 3 0
0.0005792183557929892 0 0 2 0 3 1 1 3 0 2 3 3
0.0005691084874025401 0 0 2 0 3 1 1 3 3 2 3 0
-0.0006302982856528086 0 0 2 0 3 1 2 0 0 1 3 0
-0.0006614663337352255 0 0 2 0 3 1 2 3 0 1 0 0
-0.005042669340230057 0 0 2 0 3 1 2 3 0 1 3 0
-0.0005792183557929892 0 0 2 0 3 1 2 3 0 1 3 3
-0.0005691084874025401 0 0 2 0 3 1 2 3 3 1 3 0
0.0005875198931033872 0 0 2 0 3 1 3 0 1 0 0 2
-0.0005875198931033872 0 0 2 0 3 1 3 0 2 0 0 1
0.0002714536470362344 0 0 2 0 3 2 0 1 3 1 1 1
0.00027172772538090577 0 0 2 0 3 2 0 1 3 2 1 2
-2.7407834467136425e-07 0 0 2 0 3 2 0 1 3 2 2 1
-2.7407834467136425e-07 0 0 2 0 3 2 0 2 3 1 1 2
0.00027172772538090577 0 0 2 0 3 2 0 2 3 1 2 1
0.0002714536470362344 0 0 2 0 3 2 0 2 3 2 2 2
0.000258329191299065 0 0 2 0 3 2 3 1 0 1 1 1
0.00025729138319329165 0 0 2 0 3 2 3 1 0 2 1 2
1.0378081057732618e-06 0 0 2 0 3 2 3 1 0 2 2 1
1.0378081057732618e-06 0 0 2 0 3 2 3 2 0 1 1 2
0.00025729138319329165 0 0 2 0 3 2 3 2 0 1 2 1
0.000258329191299065 0 0 2 0 3 2 3 2 0 2 2 2
-469.6912504299846 0 0 2 1 0 0 0 0 1 2 0 0
0.06033439621323068 0 0 2 1 0 0 0 0 1 2 0 3
0.060170148798184046 0 0 2 1 0 0 0 0 1 2 3 0
0.006553454669941178 0 0 2 1 0 0 0 0 1 2 3 3
469.6912504299846 0 0 2 1 0 0 0 0 2 1 0 0
-0.06033439621323068 0 0 2 1 0 0 0 0 2 1 0 3
-0.060170148798184046 0 0 2 1 0 0 0 0 2 1 3 0
-0.006553454669941178 0 0 2 1 0 0 0 0 2 1 3 3
0.060341729069589664 0 0 2 1 0 0 0 3 1 2 0 0
0.006565826993443233 0 0 2 1 0 0 0 3 1 2 0 3
-0.0019771720082602516 0 0 2 1 0 0 0 3 1 2 3 0
-0.060341729069589664 0 0 2 1 0 0 0 3 2 1 0 0
-0.006565826993443233 0 0 2 1 0 0 0 3 2 1 0 3
0.0019771720082602516 0 0 2 1 0 0 0 3 2 1 3 0
0.061584381876692365 0 0 2 1 0 0 3 0 1 2 0 0
-0.0013264324805149705 0 0 2 1 0 0 3 0 1 2 0 3
0.00650300999938052 0 0 2 1 0 0 3 0 1 2 3 0
-0.061584381876692365 0 0 2 1 0 0 3 0 2 1 0 0
0.0013264324805149705 0 0 2 1 0 0 3 0 2 1 0 3
-0.00650300999938052 0 0 2 1 0 0 3 0 2 1 3 0
0.006490363349679017 0 0 2 1 0 0 3 3 1 2 0 0
-0.006490363349679017 0 0 2 1 0 0 3 3 2 1 0 0
0.06033439621323067 0 0 2 1 0 3 0 0 1 2 0 0
0.007841152309599543 0 0 2 1 0 3 0 0 1 2 0 3
0.006932219937833282 0 0 2 1 0 3 0 0 1 2 3 0
-0.06033439621323067 0 0 2 1 0 3 0 0 2 1 0 0
-0.007841152309599543 0 0 2 1 0 3 0 0 2 1 0 3
-0.006932219937833282 0 0 2 1 0 3 0 0 2 1 3 0
0.0069310586792905235 0 0 2 1 0 3 0 3 1 2 0 0
-0.0069310586792905235 0 0 2 1 0 3 0 3 2 1 0 0
0.00775440157185564 0 0 2 1 0 3 3 0 1 2 0 0
-0.00775440157185564 0 0 2 1 0 3 3 0 2 1 0 0
2.674615323724356e-07 0 0 2 1 1 1 1 3 0 3 2 0
-2.674615323724356e-07 0 0 2 1 1 1 2 3 0 3 1 0
-3.232290991115402e-05 0 0 2 1 1 2 0 0 1 1 2 2
-0.0003787652678921055 0 0 2 1 1 2 0 0 1 2 1 2
0.0004110881778032595 0 0 2 1 1 2 0 0 1 2 2 1
0.0004110881778032595 0 0 2 1 1 2 0 0 2 1 1 2
-0.0003787652678921055 0 0 2 1 1 2 0 0 2 1 2 1
-3.232290991115402e-05 0 0 2 1 1 2 0 0 2 2 1 1
3.232290991115402e-05 0 0 2 1 1 2 0 1 0 0 0 1
-3.1442065166799096e-05 0 0 2 1 1 2 0 1 3 3 0 1
3.232290991115402e-05 0 0 2 1 1 2 0 2 0 0 0 2
-3.1442065166799096e-05 0 0 2 1 1 2 0 2 3 3 0 2
-3.1533345143057104e-05 0 0 2 1 2 1 0 0 1 1 2 2
0.0004102986130351626 0 0 2 1 2 1 0 0 1 2 1 2
-0.0003787652678921055 0 0 2 1 2 1 0 0 1 2 2 1
-0.0003787652678921055 0 0 2 1 2 1 0 0 2 1 1 2
0.0004102986130351626 0 0 2 1 2 1 0 0 2 1 2 1
-3.1533345143057104e-05 0 0 2 1 2 1 0 0 2 2 1 1
0.060170148798184026 0 0 2 1 3 0 0 0 1 2 0 0
0.006932219937833282 0 0 2 1 3 0 0 0 1 2 0 3
0.007585412241489372 0 0 2 1 3 0 0 0 1 2 3 0
-0.060170148798184026 0 0 2 1 3 0 0 0 2 1 0 0
-0.006932219937833282 0 0 2 1 3 0 0 0 2 1 0 3
-0.007585412241489372 0 0 2 1 3 0 0 0 2 1 3 0
-5.3896951185492675e-08 0 0 2 1 3 0 0 1 0 3 2 0
5.3896951185492675e-08 0 0 2 1 3 0 0 2 0 3 1 0
0.007579429582581099 0 0 2 1 3 0 0 3 1 2 0 0
-0.007579429582581099 0 0 2 1 3 0 0 3 2 1 0 0
0.006860668594602115 0 0 2 1 3 0 3 0 1 2 0 0
-0.006860668594602115 0 0 2 1 3 0 3 0 2 1 0 0
0.006553454669941178 0 0 2 1 3 3 0 0 1 2 0 0
-0.006553454669941178 0 0 2 1 3 3 0 0 2 1 0 0
1.81769205519558e-06 0 0 2 2 0 0 0 0 1 1 0 0
1.81769205519558e-06 0 0 2 2 0 0 0 0 2 2 0 0
-0.005685376875592395 0 0 2 2 0 0 0 1 0 0 1 0
-0.049900599481965076 0 0 2 2 0 0 0 1 0 3 1 0
-0.00574906224345504 0 0 2 2 0 0 0 1 0 3 1 3
-0.005682167749565271 0 0 2 2 0 0 0 1 3 3 1 0
-0.005685376875592395 0 0 2 2 0 0 0 2 0 0 2 0
-0.049900599481965076 0 0 2 2 0 0 0 2 0 3 2 0
-0.00574906224345504 0 0 2 2 0 0 0 2 0 3 2 3
-0.005682167749565271 0 0 2 2 0 0 0 2 3 3 2 0
-0.005689722936634466 0 0 2 2 0 0 3 1 0 3 1 0
-0.005689722936634466 0 0 2 2 0 0 3 2 0 3 2 0
-0.005434942795385244 0 0 2 2 0 3 0 1 0 3 1 0
-0.005434942795385244 0 0 2 2 0 3 0 2 0 3 2 0
0.002473406527388545 0 0 2 2 0 3 1 3 0 3 3 1
0.002473406527388545 0 0 2 2 0 3 2 3 0 3 3 2
6.385625505421112e-05 0 0 2 2 1 1 0 0 1 1 2 2
-3.1533345143057104e-05 0 0 2 2 1 1 0 0 1 2 1 2
-3.232290991115402e-05 0 0 2 2 1 1 0 0 1 2 2 1
-3.232290991115402e-05 0 0 2 2 1 1 0 0 2 1 1 2
-3.1533345143057104e-05 0 0 2 2 1 1 0 0 2 1 2 1
6.385625505421112e-05 0 0 2 2 1 1 0 0 2 2 1 1
-3.232290991115402e-05 0 0 2 2 1 1 0 1 0 0 0 1
0.0003141194480697976 0 0 2 2 1 1 0 1 0 3 3 1
-3.232290991115402e-05 0 0 2 2 1 1 0 2 0 0 0 2
0.0003141194480697976 0 0 2 2 1 1 0 2 0 3 3 2
0.00029815305361676825 0 0 2 2 1 1 3 1 0 3 0 1
0.00029815305361676825 0 0 2 2 1 1 3 2 0 3 0 2
0.0002651676618435396 0 0 2 2 1 2 1 3 0 3 2 0
-0.0002651676618435396 0 0 2 2 1 2 2 3 0 3 1 0
-0.00026490020031116716 0 0 2 2 2 1 1 3 0 3 2 0
0.00026490020031116716 0 0 2 2 2 1 2 3 0 3 1 0
0.0003141194480697976 0 0 2 2 2 2 0 1 0 3 3 1
-3.1442065166799096e-05 0 0 2 2 2 2 0 1 3 3 0 1
0.0003141194480697976 0 0 2 2 2 2 0 2 0 3 3 2
-3.1442065166799096e-05 0 0 2 2 2 2 0 2 3 3 0 2
0.00029815305361676825 0 0 2 2 2 2 3 1 0 3 0 1
0.00029815305361676825 0 0 2 2 2 2 3 2 0 3 0 2
-0.04990059948196508 0 0 2 2 3 0 0 1 0 0 1 0
-0.005434942795385244 0 0 2 2 3 0 0 1 0 0 1 3
389.52096136816647 0 0 2 2 3 0 0 1 0 3 1 0
-0.050036813944416905 0 0 2 2 3 0 0 1 0 3 1 3
0.003620103957917698 0 0 2 2 3 0 0 1 3 0 1 0
-0.050042895264399236 0 0 2 2 3 0 0 1 3 3 1 0
-0.005445203470688011 0 0 2 2 3 0 0 1 3 3 1 3
-0.04990059948196508 0 0 2 2 3 0 0 2 0 0 2 0
-0.005434942795385244 0 0 2 2 3 0 0 2 0 0 2 3
389.52096136816647 0 0 2 2 3 0 0 2 0 3 2 0
-0.050036813944416905 0 0 2 2 3 0 0 2 0 3 2 3
0.003620103957917698 0 0 2 2 3 0 0 2 3 0 2 0
-0.050042895264399236 0 0 2 2 3 0 0 2 3 3 2 0
-0.005445203470688011 0 0 2 2 3 0 0 2 3 3 2 3
-0.005307610582390287 0 0 2 2 3 0 1 3 0 3 3 1
-0.005307610582390287 0 0 2 2 3 0 2 3 0 3 3 2
-0.005393107776660426 0 0 2 2 3 0 3 1 0 0 1 0
-0.05107345811426616 0 0 2 2 3 0 3 1 0 3 1 0
0.001951313580722258 0 0 2 2 3 0 3 1 0 3 1 3
-0.0053826195958241105 0 0 2 2 3 0 3 1 3 3 1 0
-0.005393107776660426 0 0 2 2 3 0 3 2 0 0 2 0
-0.05107345811426616 0 0 2 2 3 0 3 2 0 3 2 0
0.001951313580722258 0 0 2 2 3 0 3 2 0 3 2 3
-0.0053826195958241105 0 0 2 2 3 0 3 2 3 3 2 0
-0.00574906224345504 0 0 2 2 3 3 0 1 0 0 1 0
-0.05003681394441689 0 0 2 2 3 3 0 1 0 3 1 0
-0.006475962525864851 0 0 2 2 3 3 0 1 0 3 1 3
-0.005748099182891046 0 0 2 2 3 3 0 1 3 3 1 0
-0.00574906224345504 0 0 2 2 3 3 0 2 0 0 2 0
-0.05003681394441689 0 0 2 2 3 3 0 2 0 3 2 0
-0.006475962525864851 0 0 2 2 3 3 0 2 0 3 2 3
-0.005748099182891046 0 0 2 2 3 3 0 2 3 3 2 0
-0.006096955164179244 0 0 2 2 3 3 1 0 0 3 3 1
-0.0055080463128695575 0 0 2 2 3 3 1 3 0 0 3 1
-0.006101647198751154 0 0 2 2 3 3 1 3 0 3 0 1
-0.04877837934038016 0 0 2 2 3 3 1 3 0 3 3 1
-0.005505058494096023 0 0 2 2 3 3 1 3 3 3 3 1
-0.006096955164179244 0 0 2 2 3 3 2 0 0 3 3 2
-0.0055080463128695575 0 0 2 2 3 3 2 3 0 0 3 2
-0.006101647198751154 0 0 2 2 3 3 2 3 0 3 0 2
-0.04877837934038016 0 0 2 2 3 3 2 3 0 3 3 2
-0.005505058494096023 0 0 2 2 3 3 2 3 3 3 3 2
-0.00640535577033909 0 0 2 2 3 3 3 1 0 3 1 0
-0.00640535577033909 0 0 2 2 3 3 3 2 0 3 2 0
0.0051527280326202915 0 0 2 3 0 1 0 0 1 0 0 2
0.0005838263364326792 0 0 2 3 0 1 0 0 1 0 3 2
0.0010256582946108986 0 0 2 3 0 1 0 0 1 3 0 2
-0.0051527280326202915 0 0 2 3 0 1 0 0 2 0 0 1
-0.0005838263364326792 0 0 2 3 0 1 0 0 2 0 3 1
-0.0010256582946108986 0 0 2 3 0 1 0 0 2 3 0 1
0.0005835043553002261 0 0 2 3 0 1 0 3 1 0 0 2
-0.0005835043553002261 0 0 2 3 0 1 0 3 2 0 0 1
0.0008856729467201555 0 0 2 3 0 1 3 0 1 0 0 2
-0.0008856729467201555 0 0 2 3 0 1 3 0 2 0 0 1
0.005134774658109488 0 0 2 3 1 0 0 0 1 0 2 0
0.0005915788471891225 0 0 2 3 1 0 0 0 1 0 2 3
0.0010128646333409609 0 0 2 3 1 0 0 0 1 3 2 0
-0.005134774658109488 0 0 2 3 1 0 0 0 2 0 1 0
-0.0005915788471891225 0 0 2 3 1 0 0 0 2 0 1 3
-0.0010128646333409609 0 0 2 3 1 0 0 0 2 3 1 0
0.005134774658109488 0 0 2 3 1 0 0 1 0 2 0 0
0.0005915788471891225 0 0 2 3 1 0 0 1 0 2 0 3
0.0008871707325560205 0 0 2 3 1 0 0 1 0 2 3 0
0.0010112959430317418 0 0 2 3 1 0 0 1 3 2 0 0
-0.005134774658109488 0 0 2 3 1 0 0 2 0 1 0 0
-0.0005915788471891225 0 0 2 3 1 0 0 2 0 1 0 3
-0.0008871707325560205 0 0 2 3 1 0 0 2 0 1 3 0
-0.0010112959430317418 0 0 2 3 1 0 0 2 3 1 0 0
0.0008859658899840893 0 0 2 3 1 0 0 3 1 0 2 0
-0.0008859658899840893 0 0 2 3 1 0 0 3 2 0 1 0
0.0005854728289838263 0 0 2 3 1 0 3 0 1 0 2 0
-0.0005854728289838263 0 0 2 3 1 0 3 0 2 0 1 0
0.0005854728289838263 0 0 2 3 1 0 3 1 0 2 0 0
-0.0005854728289838263 0 0 2 3 1 0 3 2 0 1 0 0
0.0005592559372779686 0 0 2 3 1 3 0 0 1 0 2 0
-0.0005592559372779686 0 0 2 3 1 3 0 0 2 0 1 0
0.0005592559372779686 0 0 2 3 1 3 0 1 0 2 0 0
-0.0005592559372779686 0 0 2 3 1 3 0 2 0 1 0 0
0.0005522929912896221 0 0 2 3 3 1 0 0 1 0 0 2
-0.0005522929912896221 0 0 2 3 3 1 0 0 2 0 0 1
0.0005390018378698022 0 0 2 3 3 1 1 3 0 2 3 0
-0.0005390018378698022 0 0 2 3 3 1 2 3 0 1 3 0
0.0003141194480697976 0 0 2 3 3 2 0 1 0 1 1 1
0.0003141194480697976 0 0 2 3 3 2 0 1 0 2 1 2
0.0003141194480697976 0 0 2 3 3 2 0 2 0 1 2 1
0.0003141194480697976 0 0 2 3 3 2 0 2 0 2 2 2
-6644.529952344433 0 0 3 0 0 0 0 0 0 0 0 0
-762.376743647638 0 0 3 0 0 0 0 0 0 0 0 3
-749.4644629997583 0 0 3 0 0 0 0 0 0 0 3 0
0.2868965365255855 0 0 3 0 0 0 0 0 0 0 3 3
-830.3397319394016 0 0 3 0 0 0 0 0 0 3 0 0
0.2972846714604557 0 0 3 0 0 0 0 0 0 3 0 3
0.2938659307263152 0 0 3 0 0 0 0 0 0 3 3 0
0.03254926276496824 0 0 3 0 0 0 0 0 0 3 3 3
-829.6980873240609 0 0 3 0 0 0 0 0 3 0 0 0
0.29765644743475805 0 0 3 0 0 0 0 0 3 0 0 3
0.2940653307076321 0 0 3 0 0 0 0 0 3 0 3 0
0.03256093344600366 0 0 3 0 0 0 0 0 3 0 3 3
0.2596518134941145 0 0 3 0 0 0 0 0 3 3 0 0
0.028545194287392908 0 0 3 0 0 0 0 0 3 3 0 3
0.028065428888801806 0 0 3 0 0 0 0 0 3 3 3 0
-0.04472067174590458 0 0 3 0 0 0 0 1 1 1 1 0
-0.0051522812973268505 0 0 3 0 0 0 0 1 1 1 1 3
4.515307795099501e-05 0 0 3 0 0 0 0 1 1 2 2 0
5.202098939065194e-06 0 0 3 0 0 0 0 1 1 2 2 3
-0.044765824823855584 0 0 3 0 0 0 0 1 2 2 1 0
-0.005157483396265917 0 0 3 0 0 0 0 1 2 2 1 3
-0.044765824823855584 0 0 3 0 0 0 0 2 1 1 2 0
-0.005157483396265917 0 0 3 0 0 0 0 2 1 1 2 3
4.515307795099501e-05 0 0 3 0 0 0 0 2 2 1 1 0
5.202098939065194e-06 0 0 3 0 0 0 0 2 2 1 1 3
-0.04472067174590458 0 0 3 0 0 0 0 2 2 2 2 0
-0.0051522812973268505 0 0 3 0 0 0 0 2 2 2 2 3
-749.0550074025161 0 0 3 0 0 0 0 3 0 0 0 0
0.2872981366192461 0 0 3 0 0 0 0 3 0 0 0 3
0.23893230347486388 0 0 3 0 0 0 0 3 0 0 3 0
0.02628960832490875 0 0 3 0 0 0 0 3 0 0 3 3
0.2941246156418583 0 0 3 0 0 0 0 3 0 3 0 0
0.032566303125665934 0 0 3 0 0 0 0 3 0 3 0 3
0.026412978023707477 0 0 3 0 0 0 0 3 0 3 3 0
0.29423380510880925 0 0 3 0 0 0 0 3 3 0 0 0
0.03256762825793206 0 0 3 0 0 0 0 3 3 0 0 3
0.026399984489809004 0 0 3 0 0 0 0 3 3 0 3 0
0.028053139290115436 0 0 3 0 0 0 0 3 3 3 0 0
-754.4568499173104 0 0 3 0 0 0 3 0 0 0 0 0
0.2489186481690615 0 0 3 0 0 0 3 0 0 0 0 3
0.2871674434449817 0 0 3 0 0 0 3 0 0 0 3 0
0.026957430050381728 0 0 3 0 0 0 3 0 0 0 3 3
0.29777079591004474 0 0 3 0 0 0 3 0 0 3 0 0
0.02758780609572418 0 0 3 0 0 0 3 0 0 3 0 3
0.032270880437519106 0 0 3 0 0 0 3 0 0 3 3 0
0.2977840068939539 0 0 3 0 0 0 3 0 3 0 0 0
0.02758216939085899 0 0 3 0 0 0 3 0 3 0 0 3
0.03224264023684974 0 0 3 0 0 0 3 0 3 0 3 0
0.028267188825464626 0 0 3 0 0 0 3 0 3 3 0 0
-0.005099101702502313 0 0 3 0 0 0 3 1 1 1 1 0
5.148405148324348e-06 0 0 3 0 0 0 3 1 1 2 2 0
-0.005104250107650639 0 0 3 0 0 0 3 1 2 2 1 0
-0.005104250107650639 0 0 3 0 0 0 3 2 1 1 2 0
5.148405148324348e-06 0 0 3 0 0 0 3 2 2 1 1 0
-0.005099101702502313 0 0 3 0 0 0 3 2 2 2 2 0
0.2872110964333024 0 0 3 0 0 0 3 3 0 0 0 0
0.026953603142032913 0 0 3 0 0 0 3 3 0 0 0 3
0.026033256317274364 0 0 3 0 0 0 3 3 0 0 3 0
0.03224367731431737 0 0 3 0 0 0 3 3 0 3 0 0
0.03220525412247407 0 0 3 0 0 0 3 3 3 0 0 0
-722.1511246121966 0 0 3 0 0 3 0 0 0 0 0 0
0.30141566127637 0 0 3 0 0 3 0 0 0 0 0 3
0.28710270766368684 0 0 3 0 0 3 0 0 0 0 3 0
0.033830144083244244 0 0 3 0 0 3 0 0 0 0 3 3
0.297490842598557 0 0 3 0 0 3 0 0 0 3 0 0
0.035174617626795135 0 0 3 0 0 3 0 0 0 3 0 3
0.03327243603092373 0 0 3 0 0 3 0 0 0 3 3 0
0.297656447434758 0 0 3 0 0 3 0 0 3 0 0 0
0.03524370423887717 0 0 3 0 0 3 0 0 3 0 0 3
0.033261926228464286 0 0 3 0 0 3 0 0 3 0 3 0
0.0295802507688787 0 0 3 0 0 3 0 0 3 3 0 0
-0.004870768993427353 0 0 3 0 0 3 0 1 1 1 1 0
4.917864679920768e-06 0 0 3 0 0 3 0 1 1 2 2 0
-0.004875686858107274 0 0 3 0 0 3 0 1 2 2 1 0
-0.004875686858107274 0 0 3 0 0 3 0 2 1 1 2 0
4.917864679920768e-06 0 0 3 0 0 3 0 2 2 1 1 0
-0.004870768993427353 0 0 3 0 0 3 0 2 2 2 2 0
0.2872981366192461 0 0 3 0 0 3 0 3 0 0 0 0
0.03384053672396506 0 0 3 0 0 3 0 3 0 0 0 3
0.027196753616585925 0 0 3 0 0 3 0 3 0 0 3 0
0.03326515297898515 0 0 3 0 0 3 0 3 0 3 0 0
0.033244871480468806 0 0 3 0 0 3 0 3 3 0 0 0
-0.0046518329809729485 0 0 3 0 0 3 1 1 0 0 1 1
1.8763589804056038e-05 0 0 3 0 0 3 1 1 0 0 2 2
-0.004670596570777006 0 0 3 0 0 3 1 2 0 0 2 1
0.0033483492475465827 0 0 3 0 0 3 1 3 1 1 3 1
9.55992447046682e-06 0 0 3 0 0 3 1 3 1 2 3 2
0.0033387893230761158 0 0 3 0 0 3 1 3 2 2 3 1
-0.004670596570777006 0 0 3 0 0 3 2 1 0 0 1 2
1.8763589804056038e-05 0 0 3 0 0 3 2 2 0 0 1 1
-0.0046518329809729485 0 0 3 0 0 3 2 2 0 0 2 2
0.0033387893230761158 0 0 3 0 0 3 2 3 1 1 3 2
9.55992447046682e-06 0 0 3 0 0 3 2 3 2 1 3 1
0.0033483492475465827 0 0 3 0 0 3 2 3 2 2 3 2
0.3011202863348208 0 0 3 0 0 3 3 0 0 0 0 0
0.03074699484072317 0 0 3 0 0 3 3 0 0 0 0 3
0.033499828176781474 0 0 3 0 0 3 3 0 0 0 3 0
0.03488921308919708 0 0 3 0 0 3 3 0 0 3 0 0
0.034797794673157884 0 0 3 0 0 3 3 0 3 0 0 0
0.03347179765770425 0 0 3 0 0 3 3 3 0 0 0 0
0.0002815123038994991 0 0 3 0 1 1 0 1 1 1 3 1
-2.8423425914442657e-07 0 0 3 0 1 1 0 1 1 2 3 2
0.0002817965381586435 0 0 3 0 1 1 0 1 2 2 3 1
0.0002817965381586435 0 0 3 0 1 1 0 2 1 1 3 2
-2.8423425914442657e-07 0 0 3 0 1 1 0 2 2 1 3 1
0.0002815123038994991 0 0 3 0 1 1 0 2 2 2 3 2
0.000557277178081462 0 0 3 0 1 1 1 1 0 0 3 0
0.000557277178081462 0 0 3 0 1 1 2 2 0 0 3 0
0.00026625626370782053 0 0 3 0 1 1 3 1 1 1 0 1
-1.073968763583855e-06 0 0 3 0 1 1 3 1 1 2 0 2
0.0002673302324714045 0 0 3 0 1 1 3 1 2 2 0 1
0.0002673302324714045 0 0 3 0 1 1 3 2 1 1 0 2
-1.073968763583855e-06 0 0 3 0 1 1 3 2 2 1 0 1
0.00026625626370782053 0 0 3 0 1 1 3 2 2 2 0 2
-0.005358899170721711 0 0 3 0 1 2 0 0 0 0 1 2
0.005358899170721711 0 0 3 0 1 2 0 0 0 0 2 1
-0.0006703402727928602 0 0 3 0 1 2 0 0 0 3 1 2
0.0006703402727928602 0 0 3 0 1 2 0 0 0 3 2 1
-0.0007009927824606333 0 0 3 0 1 2 0 0 3 0 1 2
0.0007009927824606333 0 0 3 0 1 2 0 0 3 0 2 1
-0.000604797736163487 0 0 3 0 1 2 0 3 0 0 1 2
0.000604797736163487 0 0 3 0 1 2 0 3 0 0 2 1
0.0002955831896606162 0 0 3 0 1 2 1 3 1 1 2 0
0.0002955831896606162 0 0 3 0 1 2 1 3 2 2 2 0
-0.0002955831896606162 0 0 3 0 1 2 2 3 1 1 1 0
-0.0002955831896606162 0 0 3 0 1 2 2 3 2 2 1 0
-0.0006091686621280702 0 0 3 0 1 2 3 0 0 0 1 2
0.0006091686621280702 0 0 3 0 1 2 3 0 0 0 2 1
0.005358899170721711 0 0 3 0 2 1 0 0 0 0 1 2
-0.005358899170721711 0 0 3 0 2 1 0 0 0 0 2 1
0.0006703402727928602 0 0 3 0 2 1 0 0 0 3 1 2
-0.0006703402727928602 0 0 3 0 2 1 0 0 0 3 2 1
0.0007009927824606333 0 0 3 0 2 1 0 0 3 0 1 2
-0.0007009927824606333 0 0 3 0 2 1 0 0 3 0 2 1
0.000604797736163487 0 0 3 0 2 1 0 3 0 0 1 2
-0.000604797736163487 0 0 3 0 2 1 0 3 0 0 2 1
-0.0002955831896606162 0 0 3 0 2 1 1 3 1 1 2 0
-0.0002955831896606162 0 0 3 0 2 1 1 3 2 2 2 0
0.0002955831896606162 0 0 3 0 2 1 2 3 1 1 1 0
0.0002955831896606162 0 0 3 0 2 1 2 3 2 2 1 0
0.0006091686621280702 0 0 3 0 2 1 3 0 0 0 1 2
-0.0006091686621280702 0 0 3 0 2 1 3 0 0 0 2 1
0.0002815123038994991 0 0 3 0 2 2 0 1 1 1 3 1
-2.8423425914442657e-07 0 0 3 0 2 2 0 1 1 2 3 2
0.0002817965381586435 0 0 3 0 2 2 0 1 2 2 3 1
0.0002817965381586435 0 0 3 0 2 2 0 2 1 1 3 2
-2.8423425914442657e-07 0 0 3 0 2 2 0 2 2 1 3 1
0.0002815123038994991 0 0 3 0 2 2 0 2 2 2 3 2
0.000557277178081462 0 0 3 0 2 2 1 1 0 0 3 0
0.000557277178081462 0 0 3 0 2 2 2 2 0 0 3 0
0.00026625626370782053 0 0 3 0 2 2 3 1 1 1 0 1
-1.073968763583855e-06 0 0 3 0 2 2 3 1 1 2 0 2
0.0002673302324714045 0 0 3 0 2 2 3 1 2 2 0 1
0.0002673302324714045 0 0 3 0 2 2 3 2 1 1 0 2
-1.073968763583855e-06 0 0 3 0 2 2 3 2 2 1 0 1
0.00026625626370782053 0 0 3 0 2 2 3 2 2 2 0 2
-709.3790044145338 0 0 3 0 3 0 0 0 0 0 0 0
0.28710664456190027 0 0 3 0 3 0 0 0 0 0 0 3
0.29400063925709946 0 0 3 0 3 0 0 0 0 0 3 0
0.03326202483838497 0 0 3 0 3 0 0 0 0 0 3 3
0.2939409356218773 0 0 3 0 3 0 0 0 0 3 0 0
0.033258760310535866 0 0 3 0 3 0 0 0 0 3 0 3
0.034014200900672385 0 0 3 0 3 0 0 0 0 3 3 0
0.294065330707632 0 0 3 0 3 0 0 0 3 0 0 0
0.033261926228464286 0 0 3 0 3 0 0 0 3 0 0 3
0.0340607982749236 0 0 3 0 3 0 0 0 3 0 3 0
0.02908057390723788 0 0 3 0 3 0 0 0 3 3 0 0
349.0830146078242 0 0 3 0 3 0 0 1 1 1 1 0
-0.0448427464769818 0 0 3 0 3 0 0 1 1 1 1 3
-0.3524898850155748 0 0 3 0 3 0 0 1 1 2 2 0
4.527633302818828e-05 0 0 3 0 3 0 0 1 1 2 2 3
7.0986418843760335e-09 0 0 3 0 3 0 0 1 2 1 2 0
349.43550448574126 0 0 3 0 3 0 0 1 2 2 1 0
-0.044888022810009996 0 0 3 0 3 0 0 1 2 2 1 3
349.43550448574126 0 0 3 0 3 0 0 2 1 1 2 0
-0.044888022810009996 0 0 3 0 3 0 0 2 1 1 2 3
7.0986418843760335e-09 0 0 3 0 3 0 0 2 1 2 1 0
-0.3524898850155748 0 0 3 0 3 0 0 2 2 1 1 0
4.527633302818828e-05 0 0 3 0 3 0 0 2 2 1 1 3
349.0830146078242 0 0 3 0 3 0 0 2 2 2 2 0
-0.0448427464769818 0 0 3 0 3 0 0 2 2 2 2 3
0.2941246156418583 0 0 3 0 3 0 0 3 0 0 0 0
0.03326515297898515 0 0 3 0 3 0 0 3 0 0 0 3
0.02908606416570595 0 0 3 0 3 0 0 3 0 0 3 0
0.03406075028868333 0 0 3 0 3 0 0 3 0 3 0 0
0.033973519794194926 0 0 3 0 3 0 0 3 3 0 0 0
-0.004739795704724753 0 0 3 0 3 0 1 3 1 1 3 1
1.9118395420095405e-05 0 0 3 0 3 0 1 3 1 2 3 2
-0.00475891410014485 0 0 3 0 3 0 1 3 2 2 3 1
-0.00475891410014485 0 0 3 0 3 0 2 3 1 1 3 2
1.9118395420095405e-05 0 0 3 0 3 0 2 3 2 1 3 1
-0.004739795704724753 0 0 3 0 3 0 2 3 2 2 3 2
0.28697225638780677 0 0 3 0 3 0 3 0 0 0 0 0
0.027835398744662204 0 0 3 0 3 0 3 0 0 0 0 3
0.03294432527740068 0 0 3 0 3 0 3 0 0 0 3 0
0.032941132532540836 0 0 3 0 3 0 3 0 0 3 0 0
0.03290662313704449 0 0 3 0 3 0 3 0 3 0 0 0
-0.04577178188173459 0 0 3 0 3 0 3 1 1 1 1 0
0.0017419161483866012 0 0 3 0 3 0 3 1 1 1 1 3
4.62143513184408e-05 0 0 3 0 3 0 3 1 1 2 2 0
2.7836332253946484e-06 0 0 3 0 3 0 3 1 1 2 2 3
-0.04581799623305304 0 0 3 0 3 0 3 1 2 2 1 0
0.0017391325151612056 0 0 3 0 3 0 3 1 2 2 1 3
-0.04581799623305304 0 0 3 0 3 0 3 2 1 1 2 0
0.0017391325151612056 0 0 3 0 3 0 3 2 1 1 2 3
4.62143513184408e-05 0 0 3 0 3 0 3 2 2 1 1 0
2.7836332253946484e-06 0 0 3 0 3 0 3 2 2 1 1 3
-0.04577178188173459 0 0 3 0 3 0 3 2 2 2 2 0
0.0017419161483866012 0 0 3 0 3 0 3 2 2 2 2 3
0.03290977860475086 0 0 3 0 3 0 3 3 0 0 0 0
0.2765950173585583 0 0 3 0 3 3 0 0 0 0 0 0
0.033131331229043146 0 0 3 0 3 3 0 0 0 0 0 3
0.032582808901755016 0 0 3 0 3 3 0 0 0 0 3 0
0.03257739677585143 0 0 3 0 3 3 0 0 0 3 0 0
0.03256093344600366 0 0 3 0 3 3 0 0 3 0 0 0
-0.04484274647698179 0 0 3 0 3 3 0 1 1 1 1 0
-0.005803725754089404 0 0 3 0 3 3 0 1 1 1 1 3
4.5276333028188276e-05 0 0 3 0 3 3 0 1 1 2 2 0
5.859842241850821e-06 0 0 3 0 3 3 0 1 1 2 2 3
-0.04488802281000999 0 0 3 0 3 3 0 1 2 2 1 0
-0.005809585596331256 0 0 3 0 3 3 0 1 2 2 1 3
-0.04488802281000999 0 0 3 0 3 3 0 2 1 1 2 0
-0.005809585596331256 0 0 3 0 3 3 0 2 1 1 2 3
4.5276333028188276e-05 0 0 3 0 3 3 0 2 2 1 1 0
5.859842241850821e-06 0 0 3 0 3 3 0 2 2 1 1 3
-0.04484274647698179 0 0 3 0 3 3 0 2 2 2 2 0
-0.005803725754089404 0 0 3 0 3 3 0 2 2 2 2 3
0.032566303125665934 0 0 3 0 3 3 0 3 0 0 0 0
-0.0054446952070967124 0 0 3 0 3 3 1 0 1 1 3 1
2.196167142972211e-05 0 0 3 0 3 3 1 0 1 2 3 2
-0.005466656878526437 0 0 3 0 3 3 1 0 2 2 3 1
-0.0054488852818893405 0 0 3 0 3 3 1 3 1 1 0 1
-0.043560006766142134 0 0 3 0 3 3 1 3 1 1 3 1
2.1978572476036274e-05 0 0 3 0 3 3 1 3 1 2 0 2
0.0001757032340079515 0 0 3 0 3 3 1 3 1 2 3 2
-0.005470863854365379 0 0 3 0 3 3 1 3 2 2 0 1
-0.043735710000150106 0 0 3 0 3 3 1 3 2 2 3 1
-0.005466656878526437 0 0 3 0 3 3 2 0 1 1 3 2
2.196167142972211e-05 0 0 3 0 3 3 2 0 2 1 3 1
-0.0054446952070967124 0 0 3 0 3 3 2 0 2 2 3 2
-0.005470863854365379 0 0 3 0 3 3 2 3 1 1 0 2
-0.043735710000150106 0 0 3 0 3 3 2 3 1 1 3 2
2.1978572476036274e-05 0 0 3 0 3 3 2 3 2 1 0 1
0.0001757032340079515 0 0 3 0 3 3 2 3 2 1 3 1
-0.0054488852818893405 0 0 3 0 3 3 2 3 2 2 0 2
-0.043560006766142134 0 0 3 0 3 3 2 3 2 2 3 2
0.032782160172084504 0 0 3 0 3 3 3 0 0 0 0 0
-0.005740448327170874 0 0 3 0 3 3 3 1 1 1 1 0
5.795952982619101e-06 0 0 3 0 3 3 3 1 1 2 2 0
-0.005746244280153494 0 0 3 0 3 3 3 1 2 2 1 0
-0.005746244280153494 0 0 3 0 3 3 3 2 1 1 2 0
5.795952982619101e-06 0 0 3 0 3 3 3 2 2 1 1 0
-0.005740448327170874 0 0 3 0 3 3 3 2 2 2 2 0
0.00028392902356147426 0 0 3 1 0 1 1 3 1 3 3 0
0.00028392902356147426 0 0 3 1 0 1 2 3 2 3 3 0
-0.005358899170721711 0 0 3 1 0 2 0 0 0 1 0 2
-0.0006051259844522633 0 0 3 1 0 2 0 0 0 1 3 2
0.005358899170721711 0 0 3 1 0 2 0 0 0 2 0 1
0.0006051259844522633 0 0 3 1 0 2 0 0 0 2 3 1
-0.0010350564814857945 0 0 3 1 0 2 0 0 3 1 0 2
0.0010350564814857945 0 0 3 1 0 2 0 0 3 2 0 1
-3.260714417029844e-05 0 0 3 1 0 2 0 1 1 3 1 2
3.260714417029844e-05 0 0 3 1 0 2 0 1 1 3 2 1
-3.260714417029844e-05 0 0 3 1 0 2 0 2 2 3 1 2
3.260714417029844e-05 0 0 3 1 0 2 0 2 2 3 2 1
-0.000604797736163487 0 0 3 1 0 2 0 3 0 1 0 2
0.000604797736163487 0 0 3 1 0 2 0 3 0 2 0 1
-0.0008972828664667257 0 0 3 1 0 2 3 0 0 1 0 2
0.0008972828664667257 0 0 3 1 0 2 3 0 0 2 0 1
0.005179927736060483 0 0 3 1 1 0 0 1 1 0 0 0
0.0005641738019578893 0 0 3 1 1 0 0 1 1 0 0 3
0.0008286108458636021 0 0 3 1 1 0 0 1 1 0 3 0
-40.43763446982171 0 0 3 1 1 0 0 1 1 3 0 0
0.005194067467435088 0 0 3 1 1 0 0 1 1 3 0 3
0.005179927736060484 0 0 3 1 1 0 0 1 1 3 3 0
0.0005641738019578893 0 0 3 1 1 0 0 1 1 3 3 3
0.005179927736060483 0 0 3 1 1 0 0 2 2 0 0 0
0.0005641738019578893 0 0 3 1 1 0 0 2 2 0 0 3
0.0008286108458636023 0 0 3 1 1 0 0 2 2 0 3 0
-40.43763446982171 0 0 3 1 1 0 0 2 2 3 0 0
0.005194067467435088 0 0 3 1 1 0 0 2 2 3 0 3
0.005179927736060484 0 0 3 1 1 0 0 2 2 3 3 0
0.0005641738019578893 0 0 3 1 1 0 0 2 2 3 3 3
0.0005598311211868974 0 0 3 1 1 0 3 1 1 0 0 0
0.005301676232531554 0 0 3 1 1 0 3 1 1 3 0 0
0.00031518802267122833 0 0 3 1 1 0 3 1 1 3 0 3
0.0005598311211868974 0 0 3 1 1 0 3 1 1 3 3 0
0.0005598311211868974 0 0 3 1 1 0 3 2 2 0 0 0
0.005301676232531554 0 0 3 1 1 0 3 2 2 3 0 0
0.00031518802267122833 0 0 3 1 1 0 3 2 2 3 0 3
0.0005598311211868974 0 0 3 1 1 0 3 2 2 3 3 0
0.0005967809461281876 0 0 3 1 1 3 0 1 1 0 0 0
0.005194067467435087 0 0 3 1 1 3 0 1 1 3 0 0
0.0006722367717754449 0 0 3 1 1 3 0 1 1 3 0 3
0.0005967809461281876 0 0 3 1 1 3 0 1 1 3 3 0
0.0005967809461281876 0 0 3 1 1 3 0 2 2 0 0 0
0.005194067467435087 0 0 3 1 1 3 0 2 2 3 0 0
0.0006722367717754449 0 0 3 1 1 3 0 2 2 3 0 3
0.0005967809461281876 0 0 3 1 1 3 0 2 2 3 3 0
-0.0002942132536557626 0 0 3 1 1 3 1 3 1 3 1 1
-0.0002942132536557626 0 0 3 1 1 3 1 3 2 3 2 1
-0.0002942132536557626 0 0 3 1 1 3 2 3 1 3 1 2
-0.0002942132536557626 0 0 3 1 1 3 2 3 2 3 2 2
0.0006968042330771618 0 0 3 1 1 3 3 1 1 3 0 0
0.0006968042330771618 0 0 3 1 1 3 3 2 2 3 0 0
-0.0052097795536715915 0 0 3 1 2 0 0 0 0 1 2 0
-0.0005984132100527388 0 0 3 1 2 0 0 0 0 1 2 3
0.0052097795536715915 0 0 3 1 2 0 0 0 0 2 1 0
0.0005984132100527388 0 0 3 1 2 0 0 0 0 2 1 3
-0.0010151450184360728 0 0 3 1 2 0 0 0 3 1 2 0
0.0010151450184360728 0 0 3 1 2 0 0 0 3 2 1 0
0.0003123515159788753 0 0 3 1 2 0 0 1 2 3 0 0
-0.0003123515159788752 0 0 3 1 2 0 0 2 1 3 0 0
-0.0008898086572234774 0 0 3 1 2 0 0 3 0 1 2 0
0.0008898086572234774 0 0 3 1 2 0 0 3 0 2 1 0
-0.0005922176065620746 0 0 3 1 2 0 3 0 0 1 2 0
0.0005922176065620746 0 0 3 1 2 0 3 0 0 2 1 0
-0.0005668798649096817 0 0 3 1 2 3 0 0 0 1 2 0
0.0005668798649096817 0 0 3 1 2 3 0 0 0 2 1 0
0.0006522599570825309 0 0 3 1 3 1 1 0 1 3 3 0
0.0005892577450378097 0 0 3 1 3 1 1 3 1 0 3 0
0.0006831774446788894 0 0 3 1 3 1 1 3 1 3 0 0
0.00521837257423801 0 0 3 1 3 1 1 3 1 3 3 0
0.0005994002339696285 0 0 3 1 3 1 1 3 1 3 3 3
0.0006522599570825309 0 0 3 1 3 1 2 0 2 3 3 0
0.0005892577450378097 0 0 3 1 3 1 2 3 2 0 3 0
0.0006831774446788894 0 0 3 1 3 1 2 3 2 3 0 0
0.00521837257423801 0 0 3 1 3 1 2 3 2 3 3 0
0.0005994002339696285 0 0 3 1 3 1 2 3 2 3 3 3
-0.0005728030745411094 0 0 3 1 3 2 0 0 0 1 0 2
0.0005728030745411094 0 0 3 1 3 2 0 0 0 2 0 1
0.0002815123038994991 0 0 3 1 3 2 0 1 1 0 1 2
2.8423425914442657e-07 0 0 3 1 3 2 0 1 1 0 2 1
-0.0002817965381586435 0 0 3 1 3 2 0 1 2 0 1 1
0.0002817965381586435 0 0 3 1 3 2 0 2 1 0 2 2
-2.8423425914442657e-07 0 0 3 1 3 2 0 2 2 0 1 2
-0.0002815123038994991 0 0 3 1 3 2 0 2 2 0 2 1
0.00026625626370782053 0 0 3 1 3 2 3 1 1 3 1 2
1.073968763583855e-06 0 0 3 1 3 2 3 1 1 3 2 1
-0.0002673302324714045 0 0 3 1 3 2 3 1 2 3 1 1
0.0002673302324714045 0 0 3 1 3 2 3 2 1 3 2 2
-1.073968763583855e-06 0 0 3 1 3 2 3 2 2 3 1 2
-0.00026625626370782053 0 0 3 1 3 2 3 2 2 3 2 1
0.005358899170721711 0 0 3 2 0 1 0 0 0 1 0 2
0.0006051259844522633 0 0 3 2 0 1 0 0 0 1 3 2
-0.005358899170721711 0 0 3 2 0 1 0 0 0 2 0 1
-0.0006051259844522633 0 0 3 2 0 1 0 0 0 2 3 1
0.0010350564814857945 0 0 3 2 0 1 0 0 3 1 0 2
-0.0010350564814857945 0 0 3 2 0 1 0 0 3 2 0 1
3.260714417029844e-05 0 0 3 2 0 1 0 1 1 3 1 2
-3.260714417029844e-05 0 0 3 2 0 1 0 1 1 3 2 1
3.260714417029844e-05 0 0 3 2 0 1 0 2 2 3 1 2
-3.260714417029844e-05 0 0 3 2 0 1 0 2 2 3 2 1
0.000604797736163487 0 0 3 2 0 1 0 3 0 1 0 2
-0.000604797736163487 0 0 3 2 0 1 0 3 0 2 0 1
0.0008972828664667257 0 0 3 2 0 1 3 0 0 1 0 2
-0.0008972828664667257 0 0 3 2 0 1 3 0 0 2 0 1
0.00028392902356147426 0 0 3 2 0 2 1 3 1 3 3 0
0.00028392902356147426 0 0 3 2 0 2 2 3 2 3 3 0
0.0052097795536715915 0 0 3 2 1 0 0 0 0 1 2 0
0.0005984132100527388 0 0 3 2 1 0 0 0 0 1 2 3
-0.0052097795536715915 0 0 3 2 1 0 0 0 0 2 1 0
-0.0005984132100527388 0 0 3 2 1 0 0 0 0 2 1 3
0.0010151450184360728 0 0 3 2 1 0 0 0 3 1 2 0
-0.0010151450184360728 0 0 3 2 1 0 0 0 3 2 1 0
-0.0003123515159788752 0 0 3 2 1 0 0 1 2 3 0 0
0.0003123515159788753 0 0 3 2 1 0 0 2 1 3 0 0
0.0008898086572234774 0 0 3 2 1 0 0 3 0 1 2 0
-0.0008898086572234774 0 0 3 2 1 0 0 3 0 2 1 0
0.0005922176065620746 0 0 3 2 1 0 3 0 0 1 2 0
-0.0005922176065620746 0 0 3 2 1 0 3 0 0 2 1 0
0.0005668798649096817 0 0 3 2 1 3 0 0 0 1 2 0
-0.0005668798649096817 0 0 3 2 1 3 0 0 0 2 1 0
0.005179927736060483 0 0 3 2 2 0 0 1 1 0 0 0
0.0005641738019578893 0 0 3 2 2 0 0 1 1 0 0 3
0.0008286108458636021 0 0 3 2 2 0 0 1 1 0 3 0
-40.4376344698217 0 0 3 2 2 0 0 1 1 3 0 0
0.005194067467435088 0 0 3 2 2 0 0 1 1 3 0 3
0.005179927736060484 0 0 3 2 2 0 0 1 1 3 3 0
0.0005641738019578893 0 0 3 2 2 0 0 1 1 3 3 3
0.005179927736060483 0 0 3 2 2 0 0 2 2 0 0 0
0.0005641738019578893 0 0 3 2 2 0 0 2 2 0 0 3
0.0008286108458636023 0 0 3 2 2 0 0 2 2 0 3 0
-40.43763446982171 0 0 3 2 2 0 0 2 2 3 0 0
0.005194067467435088 0 0 3 2 2 0 0 2 2 3 0 3
0.005179927736060484 0 0 3 2 2 0 0 2 2 3 3 0
0.0005641738019578893 0 0 3 2 2 0 0 2 2 3 3 3
0.0005598311211868974 0 0 3 2 2 0 3 1 1 0 0 0
0.005301676232531554 0 0 3 2 2 0 3 1 1 3 0 0
0.00031518802267122833 0 0 3 2 2 0 3 1 1 3 0 3
0.0005598311211868974 0 0 3 2 2 0 3 1 1 3 3 0
0.0005598311211868974 0 0 3 2 2 0 3 2 2 0 0 0
0.005301676232531554 0 0 3 2 2 0 3 2 2 3 0 0
0.00031518802267122833 0 0 3 2 2 0 3 2 2 3 0 3
0.0005598311211868974 0 0 3 2 2 0 3 2 2 3 3 0
0.0005967809461281876 0 0 3 2 2 3 0 1 1 0 0 0
0.005194067467435087 0 0 3 2 2 3 0 1 1 3 0 0
0.0006722367717754449 0 0 3 2 2 3 0 1 1 3 0 3
0.0005967809461281876 0 0 3 2 2 3 0 1 1 3 3 0
0.0005967809461281876 0 0 3 2 2 3 0 2 2 0 0 0
0.005194067467435087 0 0 3 2 2 3 0 2 2 3 0 0
0.0006722367717754449 0 0 3 2 2 3 0 2 2 3 0 3
0.0005967809461281876 0 0 3 2 2 3 0 2 2 3 3 0
-0.0002942132536557626 0 0 3 2 2 3 1 3 1 3 1 1
-0.0002942132536557626 0 0 3 2 2 3 1 3 2 3 2 1
-0.0002942132536557626 0 0 3 2 2 3 2 3 1 3 1 2
-0.0002942132536557626 0 0 3 2 2 3 2 3 2 3 2 2
0.0006968042330771618 0 0 3 2 2 3 3 1 1 3 0 0
0.0006968042330771618 0 0 3 2 2 3 3 2 2 3 0 0
0.0005728030745411094 0 0 3 2 3 1 0 0 0 1 0 2
-0.0005728030745411094 0 0 3 2 3 1 0 0 0 2 0 1
-0.0002815123038994991 0 0 3 2 3 1 0 1 1 0 1 2
-2.8423425914442657e-07 0 0 3 2 3 1 0 1 1 0 2 1
0.0002817965381586435 0 0 3 2 3 1 0 1 2 0 1 1
-0.0002817965381586435 0 0 3 2 3 1 0 2 1 0 2 2
2.8423425914442657e-07 0 0 3 2 3 1 0 2 2 0 1 2
0.0002815123038994991 0 0 3 2 3 1 0 2 2 0 2 1
-0.00026625626370782053 0 0 3 2 3 1 3 1 1 3 1 2
-1.073968763583855e-06 0 0 3 2 3 1 3 1 1 3 2 1
0.0002673302324714045 0 0 3 2 3 1 3 1 2 3 1 1
-0.0002673302324714045 0 0 3 2 3 1 3 2 1 3 2 2
1.073968763583855e-06 0 0 3 2 3 1 3 2 2 3 1 2
0.00026625626370782053 0 0 3 2 3 1 3 2 2 3 2 1
0.0006522599570825309 0 0 3 2 3 2 1 0 1 3 3 0
0.0005892577450378097 0 0 3 2 3 2 1 3 1 0 3 0
0.0006831774446788894 0 0 3 2 3 2 1 3 1 3 0 0
0.00521837257423801 0 0 3 2 3 2 1 3 1 3 3 0
0.0005994002339696285 0 0 3 2 3 2 1 3 1 3 3 3
0.0006522599570825309 0 0 3 2 3 2 2 0 2 3 3 0
0.0005892577450378097 0 0 3 2 3 2 2 3 2 0 3 0
0.0006831774446788894 0 0 3 2 3 2 2 3 2 3 0 0
0.00521837257423801 0 0 3 2 3 2 2 3 2 3 3 0
0.0005994002339696285 0 0 3 2 3 2 2 3 2 3 3 3
-360.64847969172484 0 0 3 3 0 0 0 0 0 0 0 0
0.2423091744179466 0 0 3 3 0 0 0 0 0 0 0 3
0.2389055614818027 0 0 3 3 0 0 0 0 0 0 3 0
0.027199347289532057 0 0 3 3 0 0 0 0 0 0 3 3
0.25968497606126684 0 0 3 3 0 0 0 0 0 3 0 0
0.029589735601893905 0 0 3 3 0 0 0 0 0 3 0 3
0.02909887498425117 0 0 3 3 0 0 0 0 0 3 3 0
0.25965181349411437 0 0 3 3 0 0 0 0 3 0 0 0
0.0295802507688787 0 0 3 3 0 0 0 0 3 0 0 3
0.02908057390723788 0 0 3 3 0 0 0 0 3 0 3 0
0.03777471077863706 0 0 3 3 0 0 0 0 3 3 0 0
-0.004856766029728792 0 0 3 3 0 0 0 1 1 1 1 0
-5.855988669241807e-05 0 0 3 3 0 0 0 1 1 2 2 0
-0.004798206143036375 0 0 3 3 0 0 0 1 2 2 1 0
-0.004798206143036375 0 0 3 3 0 0 0 2 1 1 2 0
-5.855988669241807e-05 0 0 3 3 0 0 0 2 2 1 1 0
-0.004856766029728792 0 0 3 3 0 0 0 2 2 2 2 0
0.23893230347486377 0 0 3 3 0 0 0 3 0 0 0 0
0.027196753616585925 0 0 3 3 0 0 0 3 0 0 0 3
0.030165924579175298 0 0 3 3 0 0 0 3 0 0 3 0
0.02908606416570595 0 0 3 3 0 0 0 3 0 3 0 0
0.029062885798599638 0 0 3 3 0 0 0 3 3 0 0 0
0.24124668885739056 0 0 3 3 0 0 3 0 0 0 0 0
0.030690915078578702 0 0 3 3 0 0 3 0 0 0 0 3
0.026931493418629857 0 0 3 3 0 0 3 0 0 0 3 0
0.029297171100018303 0 0 3 3 0 0 3 0 0 3 0 0
0.029268623070532206 0 0 3 3 0 0 3 0 3 0 0 0
0.026909765311417908 0 0 3 3 0 0 3 3 0 0 0 0
0.23179754721460463 0 0 3 3 0 3 0 0 0 0 0 0
0.02733346531719559 0 0 3 3 0 3 0 0 0 0 0 3
0.026301969973547865 0 0 3 3 0 3 0 0 0 0 3 0
0.028564077307283005 0 0 3 3 0 3 0 0 0 3 0 0
0.028545194287392904 0 0 3 3 0 3 0 0 3 0 0 0
0.02628960832490875 0 0 3 3 0 3 0 3 0 0 0 0
0.027047507797896247 0 0 3 3 0 3 3 0 0 0 0 0
-3.260714417029844e-05 0 0 3 3 1 1 0 1 1 1 0 1
-3.260714417029844e-05 0 0 3 3 1 1 0 1 1 2 0 2
-3.260714417029844e-05 0 0 3 3 1 1 0 2 2 1 0 1
-3.260714417029844e-05 0 0 3 3 1 1 0 2 2 2 0 2
-0.00029157500490075463 0 0 3 3 1 2 0 0 0 0 1 2
0.00029157500490075463 0 0 3 3 1 2 0 0 0 0 2 1
0.00029157500490075463 0 0 3 3 2 1 0 0 0 0 1 2
-0.00029157500490075463 0 0 3 3 2 1 0 0 0 0 2 1
-3.260714417029844e-05 0 0 3 3 2 2 0 1 1 1 0 1
-3.260714417029844e-05 0 0 3 3 2 2 0 1 1 2 0 2
-3.260714417029844e-05 0 0 3 3 2 2 0 2 2 1 0 1
-3.260714417029844e-05 0 0 3 3 2 2 0 2 2 2 0 2
0.22856100727002163 0 0 3 3 3 0 0 0 0 0 0 0
0.026300930237190948 0 0 3 3 3 0 0 0 0 0 0 3
0.02642878865918301 0 0 3 3 3 0 0 0 0 0 3 0
0.028086010350910212 0 0 3 3 3 0 0 0 0 3 0 0
0.028065428888801806 0 0 3 3 3 0 0 0 3 0 0 0
-0.04472067174590457 0 0 3 3 3 0 0 1 1 1 1 0
-0.0051522812973268505 0 0 3 3 3 0 0 1 1 1 1 3
4.5153077950995e-05 0 0 3 3 3 0 0 1 1 2 2 0
5.202098939065194e-06 0 0 3 3 3 0 0 1 1 2 2 3
-0.04476582482385558 0 0 3 3 3 0 0 1 2 2 1 0
-0.005157483396265917 0 0 3 3 3 0 0 1 2 2 1 3
-0.04476582482385558 0 0 3 3 3 0 0 2 1 1 2 0
-0.005157483396265917 0 0 3 3 3 0 0 2 1 1 2 3
4.5153077950995e-05 0 0 3 3 3 0 0 2 2 1 1 0
5.202098939065194e-06 0 0 3 3 3 0 0 2 2 1 1 3
-0.04472067174590457 0 0 3 3 3 0 0 2 2 2 2 0
-0.0051522812973268505 0 0 3 3 3 0 0 2 2 2 2 3
0.026412978023707474 0 0 3 3 3 0 0 3 0 0 0 0
0.026029129987682066 0 0 3 3 3 0 3 0 0 0 0 0
-0.005099101702502313 0 0 3 3 3 0 3 1 1 1 1 0
5.148405148324348e-06 0 0 3 3 3 0 3 1 1 2 2 0
-0.005104250107650639 0 0 3 3 3 0 3 1 2 2 1 0
-0.005104250107650639 0 0 3 3 3 0 3 2 1 1 2 0
5.148405148324348e-06 0 0 3 3 3 0 3 2 2 1 1 0
-0.005099101702502313 0 0 3 3 3 0 3 2 2 2 2 0
0.02488425916645947 0 0 3 3 3 3 0 0 0 0 0 0
-0.004870768993427353 0 0 3 3 3 3 0 1 1 1 1 0
4.917864679920768e-06 0 0 3 3 3 3 0 1 1 2 2 0
-0.004875686858107274 0 0 3 3 3 3 0 1 2 2 1 0
-0.004875686858107274 0 0 3 3 3 3 0 2 1 1 2 0
4.917864679920768e-06 0 0 3 3 3 3 0 2 2 1 1 0
-0.004870768993427353 0 0 3 3 3 3 0 2 2 2 2 0
-0.0046560506193135546 0 0 3 3 3 3 1 3 1 1 3 1
1.8780602030438342e-05 0 0 3 3 3 3 1 3 1 2 3 2
-0.004674831221343994 0 0 3 3 3 3 1 3 2 2 3 1
-0.004674831221343994 0 0 3 3 3 3 2 3 1 1 3 2
1.8780602030438342e-05 0 0 3 3 3 3 2 3 2 1 3 1
-0.0046560506193135546 0 0 3 3 3 3 2 3 2 2 3 2
0.00032504736639620447 0 1 0 0 0 1 0 1 0 0 0 1
0.00032504736639620447 0 1 0 0 0 1 0 2 0 0 0 2
-0.0003015809451459933 0 1 0 0 0 1 1 0 0 0 1 0
-0.0003015809451459933 0 1 0 0 0 1 2 0 0 0 2 0
40.225293988074746 0 1 0 0 0 2 0 1 0 0 0 2
-0.005152728032620294 0 1 0 0 0 2 0 1 0 0 3 2
-0.005152728032620293 0 1 0 0 0 2 0 1 0 3 0 2
-0.0005522929912896221 0 1 0 0 0 2 0 1 0 3 3 2
-0.0051674214726727934 0 1 0 0 0 2 0 1 3 0 0 2
-0.0005523363684780985 0 1 0 0 0 2 0 1 3 0 3 2
-0.00028115679978653536 0 1 0 0 0 2 0 1 3 3 0 2
-40.22529398807474 0 1 0 0 0 2 0 2 0 0 0 1
0.005152728032620294 0 1 0 0 0 2 0 2 0 0 3 1
0.005152728032620293 0 1 0 0 0 2 0 2 0 3 0 1
0.0005522929912896221 0 1 0 0 0 2 0 2 0 3 3 1
0.0051674214726727934 0 1 0 0 0 2 0 2 3 0 0 1
0.0005523363684780985 0 1 0 0 0 2 0 2 3 0 3 1
0.00028115679978653536 0 1 0 0 0 2 0 2 3 3 0 1
39.25418764292743 0 1 0 0 0 2 1 0 0 0 2 0
-0.0050420565442345164 0 1 0 0 0 2 1 0 0 0 2 3
-0.005028330629898973 0 1 0 0 0 2 1 0 0 3 2 0
-0.0005476625454101291 0 1 0 0 0 2 1 0 0 3 2 3
-0.005042669340230052 0 1 0 0 0 2 1 0 3 0 2 0
-0.0005486964822454372 0 1 0 0 0 2 1 0 3 0 2 3
-0.0002743690990910074 0 1 0 0 0 2 1 0 3 3 2 0
-0.0050426693402300556 0 1 0 0 0 2 1 3 0 0 2 0
-0.0008144800408331055 0 1 0 0 0 2 1 3 0 0 2 3
-0.0005390018378698022 0 1 0 0 0 2 1 3 0 3 2 0
-0.0005385135882774059 0 1 0 0 0 2 1 3 3 0 2 0
-39.25418764292743 0 1 0 0 0 2 2 0 0 0 1 0
0.0050420565442345164 0 1 0 0 0 2 2 0 0 0 1 3
0.005028330629898973 0 1 0 0 0 2 2 0 0 3 1 0
0.0005476625454101291 0 1 0 0 0 2 2 0 0 3 1 3
0.005042669340230052 0 1 0 0 0 2 2 0 3 0 1 0
0.0005486964822454372 0 1 0 0 0 2 2 0 3 0 1 3
0.0002743690990910074 0 1 0 0 0 2 2 0 3 3 1 0
0.0050426693402300556 0 1 0 0 0 2 2 3 0 0 1 0
0.0008144800408331056 0 1 0 0 0 2 2 3 0 0 1 3
0.0005390018378698022 0 1 0 0 0 2 2 3 0 3 1 0
0.0005385135882774059 0 1 0 0 0 2 2 3 3 0 1 0
-0.005273837230018666 0 1 0 0 0 2 3 1 0 0 0 2
-0.0008162584578688627 0 1 0 0 0 2 3 1 0 0 3 2
-0.0005568914584640246 0 1 0 0 0 2 3 1 0 3 0 2
-0.0005558084505649709 0 1 0 0 0 2 3 1 3 0 0 2
0.005273837230018666 0 1 0 0 0 2 3 2 0 0 0 1
0.0008162584578688629 0 1 0 0 0 2 3 2 0 0 3 1
0.0005568914584640246 0 1 0 0 0 2 3 2 0 3 0 1
0.0005558084505649709 0 1 0 0 0 2 3 2 3 0 0 1
-0.005679012520489332 0 1 0 0 1 0 0 0 1 1 0 0
-0.005679012520489332 0 1 0 0 1 0 0 0 2 2 0 0
1.8176920551960137e-06 0 1 0 0 1 0 0 1 0 0 1 0
1.8176920551960137e-06 0 1 0 0 1 0 0 2 0 0 2 0
-0.050042895264399236 0 1 0 0 1 0 0 3 1 1 0 0
-0.005748099182891046 0 1 0 0 1 0 0 3 1 1 0 3
-0.005682167749565271 0 1 0 0 1 0 0 3 1 1 3 0
-0.050042895264399236 0 1 0 0 1 0 0 3 2 2 0 0
-0.005748099182891046 0 1 0 0 1 0 0 3 2 2 0 3
-0.005682167749565271 0 1 0 0 1 0 0 3 2 2 3 0
-0.005635444112149209 0 1 0 0 1 0 1 0 0 0 0 1
-0.04877245168708543 0 1 0 0 1 0 1 0 0 0 3 1
-0.005603791257101903 0 1 0 0 1 0 1 0 0 3 3 1
-0.005602852531768963 0 1 0 0 1 0 1 0 3 0 3 1
-0.005634437888073059 0 1 0 0 1 0 1 3 0 0 3 1
-0.005635444112149209 0 1 0 0 1 0 2 0 0 0 0 2
-0.04877245168708543 0 1 0 0 1 0 2 0 0 0 3 2
-0.005603791257101903 0 1 0 0 1 0 2 0 0 3 3 2
-0.005602852531768963 0 1 0 0 1 0 2 0 3 0 3 2
-0.005634437888073059 0 1 0 0 1 0 2 3 0 0 3 2
-0.00568858688810219 0 1 0 0 1 0 3 3 1 1 0 0
-0.00568858688810219 0 1 0 0 1 0 3 3 2 2 0 0
-0.005445203470688011 0 1 0 0 1 3 0 3 1 1 0 0
-0.005445203470688011 0 1 0 0 1 3 0 3 2 2 0 0
-0.04863967917889991 0 1 0 0 1 3 1 0 0 0 0 1
379.67839906512984 0 1 0 0 1 3 1 0 0 0 3 1
-0.005213423596009487 0 1 0 0 1 3 1 0 0 3 0 1
-0.0486396791788999 0 1 0 0 1 3 1 0 0 3 3 1
-0.0052138330592137955 0 1 0 0 1 3 1 0 3 0 0 1
-0.04877837934038011 0 1 0 0 1 3 1 0 3 0 3 1
0.002462954751299291 0 1 0 0 1 3 1 0 3 3 3 1
0.0035160261000130484 0 1 0 0 1 3 1 3 0 0 0 1
-0.04877837934038014 0 1 0 0 1 3 1 3 0 0 3 1
-0.0052138330592137955 0 1 0 0 1 3 1 3 0 3 3 1
-0.005209110159054412 0 1 0 0 1 3 1 3 3 0 3 1
-0.04863967917889991 0 1 0 0 1 3 2 0 0 0 0 2
379.67839906512984 0 1 0 0 1 3 2 0 0 0 3 2
-0.005213423596009487 0 1 0 0 1 3 2 0 0 3 0 2
-0.0486396791788999 0 1 0 0 1 3 2 0 0 3 3 2
-0.0052138330592137955 0 1 0 0 1 3 2 0 3 0 0 2
-0.04877837934038011 0 1 0 0 1 3 2 0 3 0 3 2
0.002462954751299291 0 1 0 0 1 3 2 0 3 3 3 2
0.0035160261000130484 0 1 0 0 1 3 2 3 0 0 0 2
-0.04877837934038014 0 1 0 0 1 3 2 3 0 0 3 2
-0.0052138330592137955 0 1 0 0 1 3 2 3 0 3 3 2
-0.005209110159054412 0 1 0 0 1 3 2 3 3 0 3 2
469.6912504299847 0 1 0 0 2 0 0 1 0 0 2 0
-0.06033439621323068 0 1 0 0 2 0 0 1 0 0 2 3
-0.06017014879818404 0 1 0 0 2 0 0 1 0 3 2 0
-0.006553454669941178 0 1 0 0 2 0 0 1 0 3 2 3
-0.06034172906958962 0 1 0 0 2 0 0 1 3 0 2 0
-0.006565826993443233 0 1 0 0 2 0 0 1 3 0 2 3
0.0019771720082602516 0 1 0 0 2 0 0 1 3 3 2 0
-469.69125042998473 0 1 0 0 2 0 0 2 0 0 1 0
0.06033439621323068 0 1 0 0 2 0 0 2 0 0 1 3
0.06017014879818404 0 1 0 0 2 0 0 2 0 3 1 0
0.006553454669941178 0 1 0 0 2 0 0 2 0 3 1 3
0.06034172906958962 0 1 0 0 2 0 0 2 3 0 1 0
0.006565826993443233 0 1 0 0 2 0 0 2 3 0 1 3
-0.0019771720082602516 0 1 0 0 2 0 0 2 3 3 1 0
-0.061584381876692365 0 1 0 0 2 0 3 1 0 0 2 0
0.0013264324805149705 0 1 0 0 2 0 3 1 0 0 2 3
-0.00650300999938052 0 1 0 0 2 0 3 1 0 3 2 0
-0.006490363349679017 0 1 0 0 2 0 3 1 3 0 2 0
0.061584381876692365 0 1 0 0 2 0 3 2 0 0 1 0
-0.0013264324805149705 0 1 0 0 2 0 3 2 0 0 1 3
0.00650300999938052 0 1 0 0 2 0 3 2 0 3 1 0
0.006490363349679017 0 1 0 0 2 0 3 2 3 0 1 0
-0.06033439621323067 0 1 0 0 2 3 0 1 0 0 2 0
-0.007841152309599543 0 1 0 0 2 3 0 1 0 0 2 3
-0.006932219937833282 0 1 0 0 2 3 0 1 0 3 2 0
-0.0069310586792905235 0 1 0 0 2 3 0 1 3 0 2 0
0.06033439621323067 0 1 0 0 2 3 0 2 0 0 1 0
0.007841152309599543 0 1 0 0 2 3 0 2 0 0 1 3
0.006932219937833282 0 1 0 0 2 3 0 2 0 3 1 0
0.0069310586792905235 0 1 0 0 2 3 0 2 3 0 1 0
-2.0016372306386546e-07 0 1 0 0 2 3 1 0 0 0 3 2
2.0016372306386546e-07 0 1 0 0 2 3 2 0 0 0 3 1
-0.007754401571855641 0 1 0 0 2 3 3 1 0 0 2 0
0.007754401571855641 0 1 0 0 2 3 3 2 0 0 1 0
-0.005152728032620292 0 1 0 0 3 2 0 1 0 0 0 2
-0.0010256582946108986 0 1 0 0 3 2 0 1 0 0 3 2
-0.0005838263364326792 0 1 0 0 3 2 0 1 0 3 0 2
-0.0005835043553002261 0 1 0 0 3 2 0 1 3 0 0 2
0.005152728032620292 0 1 0 0 3 2 0 2 0 0 0 1
0.0010256582946108986 0 1 0 0 3 2 0 2 0 0 3 1
0.0005838263364326792 0 1 0 0 3 2 0 2 0 3 0 1
0.0005835043553002261 0 1 0 0 3 2 0 2 3 0 0 1
-3.1442065166799096e-05 0 1 0 0 3 2 0 3 1 1 1 2
-3.1442065166799096e-05 0 1 0 0 3 2 0 3 1 2 2 2
3.1442065166799096e-05 0 1 0 0 3 2 0 3 2 1 1 1
3.1442065166799096e-05 0 1 0 0 3 2 0 3 2 2 2 1
-0.0050283306298989725 0 1 0 0 3 2 1 0 0 0 2 0
-0.0008854974771575364 0 1 0 0 3 2 1 0 0 0 2 3
-0.0005697315735356752 0 1 0 0 3 2 1 0 0 3 2 0
-0.0005694173656868787 0 1 0 0 3 2 1 0 3 0 2 0
-3.0594899125134276e-05 0 1 0 0 3 2 1 1 1 2 3 0
-3.0594899125134276e-05 0 1 0 0 3 2 1 2 2 2 3 0
-0.0009996162376861152 0 1 0 0 3 2 1 3 0 0 2 0
0.0050283306298989725 0 1 0 0 3 2 2 0 0 0 1 0
0.0008854974771575364 0 1 0 0 3 2 2 0 0 0 1 3
0.0005697315735356752 0 1 0 0 3 2 2 0 0 3 1 0
0.0005694173656868787 0 1 0 0 3 2 2 0 3 0 1 0
3.0594899125134276e-05 0 1 0 0 3 2 2 1 1 1 3 0
3.0594899125134276e-05 0 1 0 0 3 2 2 2 2 1 3 0
0.0009996162376861152 0 1 0 0 3 2 2 3 0 0 1 0
-0.0008856729467201555 0 1 0 0 3 2 3 1 0 0 0 2
0.0008856729467201555 0 1 0 0 3 2 3 2 0 0 0 1
0.000314054315489815 0 1 0 1 0 0 0 1 0 1 0 0
0.000314054315489815 0 1 0 1 0 0 0 2 0 2 0 0
3.1652855047306194e-05 0 1 0 1 0 0 1 0 0 1 2 2
-3.1652855047306194e-05 0 1 0 1 0 0 1 0 0 2 2 1
-3.1652855047306194e-05 0 1 0 1 0 0 2 0 0 1 1 2
3.1652855047306194e-05 0 1 0 1 0 0 2 0 0 2 1 1
0.0002637977258386861 0 1 0 1 0 3 1 0 3 1 1 1
1.059777320492591e-06 0 1 0 1 0 3 1 0 3 1 2 2
0.00026273794851819343 0 1 0 1 0 3 1 0 3 2 2 1
0.00026273794851819343 0 1 0 1 0 3 1 3 0 1 1 1
-1.059777320492591e-06 0 1 0 1 0 3 1 3 0 1 2 2
0.0002637977258386861 0 1 0 1 0 3 1 3 0 2 2 1
0.00026273794851819343 0 1 0 1 0 3 2 0 3 1 1 2
1.059777320492591e-06 0 1 0 1 0 3 2 0 3 2 1 1
0.0002637977258386861 0 1 0 1 0 3 2 0 3 2 2 2
0.0002637977258386861 0 1 0 1 0 3 2 3 0 1 1 2
-1.059777320492591e-06 0 1 0 1 0 3 2 3 0 2 1 1
0.00026273794851819343 0 1 0 1 0 3 2 3 0 2 2 2
0.0003061820767001012 0 1 0 1 1 1 1 0 0 1 3 3
0.00030588228302520055 0 1 0 1 1 1 1 0 3 1 3 0
-3.147530513756911e-05 0 1 0 1 1 1 1 3 0 1 3 0
0.0003061820767001012 0 1 0 1 1 1 2 0 0 2 3 3
0.00030588228302520055 0 1 0 1 1 1 2 0 3 2 3 0
-3.147530513756911e-05 0 1 0 1 1 1 2 3 0 2 3 0
0.0002714536470362344 0 1 0 1 1 2 0 3 1 3 0 2
-0.0002714536470362344 0 1 0 1 1 2 0 3 2 3 0 1
0.0004102986130351626 0 1 0 1 2 2 0 1 0 1 2 2
-3.1533345143057104e-05 0 1 0 1 2 2 0 1 0 2 1 2
-0.0003787652678921055 0 1 0 1 2 2 0 1 0 2 2 1
-0.0003787652678921055 0 1 0 1 2 2 0 2 0 1 1 2
-3.1533345143057104e-05 0 1 0 1 2 2 0 2 0 1 2 1
0.0004102986130351626 0 1 0 1 2 2 0 2 0 2 1 1
3.077206564022325e-05 0 1 0 1 2 2 1 0 0 1 0 0
-3.147530513756911e-05 0 1 0 1 2 2 1 3 0 1 3 0
3.077206564022325e-05 0 1 0 1 2 2 2 0 0 2 0 0
-3.147530513756911e-05 0 1 0 1 2 2 2 3 0 2 3 0
0.0002976620891857661 0 1 0 1 3 3 1 0 0 1 1 1
0.0002976620891857661 0 1 0 1 3 3 1 0 0 2 2 1
-0.000295948335041611 0 1 0 1 3 3 1 1 1 3 3 1
-0.000295948335041611 0 1 0 1 3 3 1 2 2 3 3 1
0.0002976620891857661 0 1 0 1 3 3 2 0 0 1 1 2
0.0002976620891857661 0 1 0 1 3 3 2 0 0 2 2 2
-0.000295948335041611 0 1 0 1 3 3 2 1 1 3 3 2
-0.000295948335041611 0 1 0 1 3 3 2 2 2 3 3 2
40.0851445309092 0 1 0 2 0 0 0 1 0 2 0 0
-0.005148791134406901 0 1 0 2 0 0 0 1 0 2 0 3
-0.0051347746581094904 0 1 0 2 0 0 0 1 0 2 3 0
-0.0005592559372779686 0 1 0 2 0 0 0 1 0 2 3 3
-0.005149416902595206 0 1 0 2 0 0 0 1 3 2 0 0
-0.0005603117613776126 0 1 0 2 0 0 0 1 3 2 0 3
-0.0008214659748287255 0 1 0 2 0 0 0 1 3 2 3 0
-40.0851445309092 0 1 0 2 0 0 0 2 0 1 0 0
0.005148791134406901 0 1 0 2 0 0 0 2 0 1 0 3
0.0051347746581094904 0 1 0 2 0 0 0 2 0 1 3 0
0.0005592559372779686 0 1 0 2 0 0 0 2 0 1 3 3
0.005149416902595206 0 1 0 2 0 0 0 2 3 1 0 0
0.0005603117613776126 0 1 0 2 0 0 0 2 3 1 0 3
0.0008214659748287255 0 1 0 2 0 0 0 2 3 1 3 0
-0.0008214659748287255 0 1 0 2 0 0 0 3 1 3 2 0
0.0008214659748287255 0 1 0 2 0 0 0 3 2 3 1 0
-0.005255461881213114 0 1 0 2 0 0 3 1 0 2 0 0
-0.0003124405501036443 0 1 0 2 0 0 3 1 0 2 0 3
-0.0005549511113600482 0 1 0 2 0 0 3 1 0 2 3 0
-0.0005538718769274549 0 1 0 2 0 0 3 1 3 2 0 0
0.005255461881213114 0 1 0 2 0 0 3 2 0 1 0 0
0.0003124405501036443 0 1 0 2 0 0 3 2 0 1 0 3
0.0005549511113600482 0 1 0 2 0 0 3 2 0 1 3 0
0.0005538718769274549 0 1 0 2 0 0 3 2 3 1 0 0
-0.0051487911344069 0 1 0 2 0 3 0 1 0 2 0 0
-0.0006988128542011013 0 1 0 2 0 3 0 1 0 2 0 3
-0.0005915788471891225 0 1 0 2 0 3 0 1 0 2 3 0
-0.0005914797481997403 0 1 0 2 0 3 0 1 3 2 0 0
0.0051487911344069 0 1 0 2 0 3 0 2 0 1 0 0
0.0006988128542011013 0 1 0 2 0 3 0 2 0 1 0 3
0.0005915788471891225 0 1 0 2 0 3 0 2 0 1 3 0
0.0005914797481997403 0 1 0 2 0 3 0 2 3 1 0 0
-0.0006591114901855952 0 1 0 2 0 3 3 1 0 2 0 0
0.0006591114901855952 0 1 0 2 0 3 3 2 0 1 0 0
-0.00027172772538090577 0 1 0 2 1 1 0 3 1 3 0 2
0.00027172772538090577 0 1 0 2 1 1 0 3 2 3 0 1
-3.1533345143057104e-05 0 1 0 2 1 2 0 1 0 1 2 2
6.385625505421112e-05 0 1 0 2 1 2 0 1 0 2 1 2
-3.232290991115402e-05 0 1 0 2 1 2 0 1 0 2 2 1
-3.232290991115402e-05 0 1 0 2 1 2 0 2 0 1 1 2
6.385625505421112e-05 0 1 0 2 1 2 0 2 0 1 2 1
-3.1533345143057104e-05 0 1 0 2 1 2 0 2 0 2 1 1
-3.077206564022325e-05 0 1 0 2 1 2 1 0 0 1 0 0
0.0003061820767001012 0 1 0 2 1 2 1 0 0 1 3 3
0.00030588228302520055 0 1 0 2 1 2 1 0 3 1 3 0
-3.077206564022325e-05 0 1 0 2 1 2 2 0 0 2 0 0
0.0003061820767001012 0 1 0 2 1 2 2 0 0 2 3 3
0.00030588228302520055 0 1 0 2 1 2 2 0 3 2 3 0
-0.0003787652678921055 0 1 0 2 2 1 0 1 0 1 2 2
-3.232290991115402e-05 0 1 0 2 2 1 0 1 0 2 1 2
0.0004110881778032595 0 1 0 2 2 1 0 1 0 2 2 1
0.0004110881778032595 0 1 0 2 2 1 0 2 0 1 1 2
-3.232290991115402e-05 0 1 0 2 2 1 0 2 0 1 2 1
-0.0003787652678921055 0 1 0 2 2 1 0 2 0 2 1 1
-2.7407834467136425e-07 0 1 0 2 2 2 0 3 1 3 0 2
2.7407834467136425e-07 0 1 0 2 2 2 0 3 2 3 0 1
-0.0008847762754123871 0 1 0 2 3 0 0 0 1 3 2 0
0.0008847762754123871 0 1 0 2 3 0 0 0 2 3 1 0
-0.005134774658109489 0 1 0 2 3 0 0 1 0 2 0 0
-0.0005915788471891225 0 1 0 2 3 0 0 1 0 2 0 3
-0.0010128646333409609 0 1 0 2 3 0 0 1 0 2 3 0
-0.0008859658899840893 0 1 0 2 3 0 0 1 3 2 0 0
0.005134774658109489 0 1 0 2 3 0 0 2 0 1 0 0
0.0005915788471891225 0 1 0 2 3 0 0 2 0 1 0 3
0.0010128646333409609 0 1 0 2 3 0 0 2 0 1 3 0
0.0008859658899840893 0 1 0 2 3 0 0 2 3 1 0 0
-0.0010112959430317418 0 1 0 2 3 0 0 3 1 0 2 0
-0.005149416902595206 0 1 0 2 3 0 0 3 1 3 2 0
-0.0005914797481997403 0 1 0 2 3 0 0 3 1 3 2 3
0.0010112959430317418 0 1 0 2 3 0 0 3 2 0 1 0
0.005149416902595206 0 1 0 2 3 0 0 3 2 3 1 0
0.0005914797481997403 0 1 0 2 3 0 0 3 2 3 1 3
-0.0005854728289838263 0 1 0 2 3 0 3 1 0 2 0 0
0.0005854728289838263 0 1 0 2 3 0 3 2 0 1 0 0
-0.0005853559295222072 0 1 0 2 3 0 3 3 1 3 2 0
0.0005853559295222072 0 1 0 2 3 0 3 3 2 3 1 0
-0.0005592559372779686 0 1 0 2 3 3 0 1 0 2 0 0
0.0005592559372779686 0 1 0 2 3 3 0 2 0 1 0 0
-0.0005603117613776126 0 1 0 2 3 3 0 3 1 3 2 0
0.0005603117613776126 0 1 0 2 3 3 0 3 2 3 1 0
-0.0051527280326202915 0 1 0 3 0 2 0 1 0 0 0 2
-0.0005838263364326792 0 1 0 3 0 2 0 1 0 0 3 2
-0.0006792159366299473 0 1 0 3 0 2 0 1 0 3 0 2
-0.0006463884856338243 0 1 0 3 0 2 0 1 3 0 0 2
0.0051527280326202915 0 1 0 3 0 2 0 2 0 0 0 1
0.0005838263364326792 0 1 0 3 0 2 0 2 0 0 3 1
0.0006792159366299473 0 1 0 3 0 2 0 2 0 3 0 1
0.0006463884856338243 0 1 0 3 0 2 0 2 3 0 0 1
-0.005028330629898972 0 1 0 3 0 2 1 0 0 0 2 0
-0.0005793154004574353 0 1 0 3 0 2 1 0 0 0 2 3
-0.0006312757048161215 0 1 0 3 0 2 1 0 0 3 2 0
-0.0006622586495233456 0 1 0 3 0 2 1 0 3 0 2 0
-0.0005694173656868787 0 1 0 3 0 2 1 3 0 0 2 0
0.005028330629898972 0 1 0 3 0 2 2 0 0 0 1 0
0.0005793154004574353 0 1 0 3 0 2 2 0 0 0 1 3
0.0006312757048161215 0 1 0 3 0 2 2 0 0 3 1 0
0.0006622586495233456 0 1 0 3 0 2 2 0 3 0 1 0
0.0005694173656868787 0 1 0 3 0 2 2 3 0 0 1 0
-0.0005875198931033872 0 1 0 3 0 2 3 1 0 0 0 2
0.0005875198931033872 0 1 0 3 0 2 3 2 0 0 0 1
0.003620103957917698 0 1 0 3 1 0 0 3 1 1 0 0
0.003620103957917698 0 1 0 3 1 0 0 3 2 2 0 0
-0.005297609180401802 0 1 0 3 1 0 1 0 0 0 3 1
-0.005297609180401802 0 1 0 3 1 0 2 0 0 0 3 2
-0.005511085685195253 0 1 0 3 1 3 1 0 0 0 0 1
-0.048639679178899886 0 1 0 3 1 3 1 0 0 0 3 1
-0.006106409863566783 0 1 0 3 1 3 1 0 0 3 3 1
-0.006101647198751154 0 1 0 3 1 3 1 0 3 0 3 1
-0.0055080463128695575 0 1 0 3 1 3 1 3 0 0 3 1
-0.005511085685195253 0 1 0 3 1 3 2 0 0 0 0 2
-0.048639679178899886 0 1 0 3 1 3 2 0 0 0 3 2
-0.006106409863566783 0 1 0 3 1 3 2 0 0 3 3 2
-0.006101647198751154 0 1 0 3 1 3 2 0 3 0 3 2
-0.0055080463128695575 0 1 0 3 1 3 2 3 0 0 3 2
-0.06017014879818402 0 1 0 3 2 0 0 1 0 0 2 0
-0.006932219937833282 0 1 0 3 2 0 0 1 0 0 2 3
-0.007585412241489372 0 1 0 3 2 0 0 1 0 3 2 0
-0.007579429582581099 0 1 0 3 2 0 0 1 3 0 2 0
0.06017014879818402 0 1 0 3 2 0 0 2 0 0 1 0
0.006932219937833282 0 1 0 3 2 0 0 2 0 0 1 3
0.007585412241489372 0 1 0 3 2 0 0 2 0 3 1 0
0.007579429582581099 0 1 0 3 2 0 0 2 3 0 1 0
-0.006860668594602115 0 1 0 3 2 0 3 1 0 0 2 0
0.006860668594602115 0 1 0 3 2 0 3 2 0 0 1 0
-0.006553454669941178 0 1 0 3 2 3 0 1 0 0 2 0
0.006553454669941178 0 1 0 3 2 3 0 2 0 0 1 0
-0.0005522929912896221 0 1 0 3 3 2 0 1 0 0 0 2
0.0005522929912896221 0 1 0 3 3 2 0 2 0 0 0 1
-0.000538959507895452 0 1 0 3 3 2 1 0 0 0 2 0
0.000538959507895452 0 1 0 3 3 2 2 0 0 0 1 0
0.001013759704910274 0 1 1 0 0 0 0 0 0 1 1 0
0.001013759704910274 0 1 1 0 0 0 0 0 0 2 2 0
0.00031313627201600905 0 1 1 0 0 0 0 1 1 0 0 0
0.00031313627201600905 0 1 1 0 0 0 0 2 2 0 0 0
0.0051799277360604825 0 1 1 0 0 0 0 3 0 1 1 0
0.0005967809461281876 0 1 1 0 0 0 0 3 0 1 1 3
0.0051799277360604825 0 1 1 0 0 0 0 3 0 2 2 0
0.0005967809461281876 0 1 1 0 0 0 0 3 0 2 2 3
0.0008884248483951053 0 1 1 0 0 0 0 3 3 1 1 0
0.0008884248483951053 0 1 1 0 0 0 0 3 3 2 2 0
3.052187354755202e-05 0 1 1 0 0 0 1 0 1 0 2 2
-3.052187354755202e-05 0 1 1 0 0 0 1 0 2 0 2 1
-3.052187354755202e-05 0 1 1 0 0 0 2 0 1 0 1 2
3.052187354755202e-05 0 1 1 0 0 0 2 0 2 0 1 1
0.0005906212341321506 0 1 1 0 0 0 3 3 0 1 1 0
0.0005906212341321506 0 1 1 0 0 0 3 3 0 2 2 0
0.0005641738019578893 0 1 1 0 0 3 0 3 0 1 1 0
0.0005641738019578893 0 1 1 0 0 3 0 3 0 2 2 0
0.0002650483570287967 0 1 1 0 0 3 1 0 1 3 1 1
-1.0690965625526732e-06 0 1 1 0 0 3 1 0 1 3 2 2
0.0002661174535913495 0 1 1 0 0 3 1 0 2 3 2 1
0.00026428740870792133 0 1 1 0 0 3 1 3 1 0 1 1
-1.0660272085553583e-06 0 1 1 0 0 3 1 3 1 0 2 2
0.0002653534359164768 0 1 1 0 0 3 1 3 2 0 2 1
0.0002661174535913495 0 1 1 0 0 3 2 0 1 3 1 2
-1.0690965625526732e-06 0 1 1 0 0 3 2 0 2 3 1 1
0.0002650483570287967 0 1 1 0 0 3 2 0 2 3 2 2
0.0002653534359164768 0 1 1 0 0 3 2 3 1 0 1 2
-1.0660272085553583e-06 0 1 1 0 0 3 2 3 2 0 1 1
0.00026428740870792133 0 1 1 0 0 3 2 3 2 0 2 2
-3.260714417029844e-05 0 1 1 0 1 1 0 3 0 1 3 1
-3.260714417029844e-05 0 1 1 0 1 1 0 3 0 2 3 2
0.00030289571220303355 0 1 1 0 1 1 0 3 3 1 0 1
0.00030289571220303355 0 1 1 0 1 1 0 3 3 2 0 2
0.00029524194937867655 0 1 1 0 1 1 1 0 1 0 3 3
0.0002955831896606162 0 1 1 0 1 1 1 0 1 3 3 0
-3.1660926333689644e-05 0 1 1 0 1 1 1 3 1 0 3 0
0.00029524194937867655 0 1 1 0 1 1 2 0 2 0 3 3
0.0002955831896606162 0 1 1 0 1 1 2 0 2 3 3 0
-3.1660926333689644e-05 0 1 1 0 1 1 2 3 2 0 3 0
0.0002881142043386555 0 1 1 0 1 1 3 3 0 1 0 1
0.0002881142043386555 0 1 1 0 1 1 3 3 0 2 0 2
3.116798682212774e-05 0 1 1 0 2 2 0 0 0 1 0 1
3.116798682212774e-05 0 1 1 0 2 2 0 0 0 2 0 2
0.0003963996726694166 0 1 1 0 2 2 0 1 1 0 2 2
-3.116798682212774e-05 0 1 1 0 2 2 0 1 2 0 1 2
-0.0003652316858472889 0 1 1 0 2 2 0 1 2 0 2 1
-0.0003652316858472889 0 1 1 0 2 2 0 2 1 0 1 2
-3.116798682212774e-05 0 1 1 0 2 2 0 2 1 0 2 1
0.0003963996726694166 0 1 1 0 2 2 0 2 2 0 1 1
-3.260714417029844e-05 0 1 1 0 2 2 0 3 0 1 3 1
-3.260714417029844e-05 0 1 1 0 2 2 0 3 0 2 3 2
3.0415527817076513e-05 0 1 1 0 2 2 1 0 1 0 0 0
0.0003868297731118456 0 1 1 0 2 2 1 1 0 2 2 0
-3.0415527817076513e-05 0 1 1 0 2 2 1 2 0 1 2 0
-0.0003564142452947691 0 1 1 0 2 2 1 2 0 2 1 0
-3.1660926333689644e-05 0 1 1 0 2 2 1 3 1 0 3 0
3.0415527817076513e-05 0 1 1 0 2 2 2 0 2 0 0 0
-0.0003564142452947691 0 1 1 0 2 2 2 1 0 1 2 0
-3.0415527817076513e-05 0 1 1 0 2 2 2 1 0 2 1 0
0.0003868297731118456 0 1 1 0 2 2 2 2 0 1 1 0
-3.1660926333689644e-05 0 1 1 0 2 2 2 3 2 0 3 0
0.005194698738369216 0 1 1 0 3 0 0 0 0 1 1 0
0.0005652389105366094 0 1 1 0 3 0 0 0 0 1 1 3
0.005194698738369216 0 1 1 0 3 0 0 0 0 2 2 0
0.0005652389105366094 0 1 1 0 3 0 0 0 0 2 2 3
0.0008265774001532174 0 1 1 0 3 0 0 0 3 1 1 0
0.0008265774001532174 0 1 1 0 3 0 0 0 3 2 2 0
-40.43763446982172 0 1 1 0 3 0 0 3 0 1 1 0
0.005194067467435088 0 1 1 0 3 0 0 3 0 1 1 3
-40.43763446982172 0 1 1 0 3 0 0 3 0 2 2 0
0.005194067467435088 0 1 1 0 3 0 0 3 0 2 2 3
0.005194698738369212 0 1 1 0 3 0 0 3 3 1 1 0
0.0005652389105366094 0 1 1 0 3 0 0 3 3 1 1 3
0.005194698738369212 0 1 1 0 3 0 0 3 3 2 2 0
0.0005652389105366094 0 1 1 0 3 0 0 3 3 2 2 3
0.000558742396414473 0 1 1 0 3 0 3 0 0 1 1 0
0.000558742396414473 0 1 1 0 3 0 3 0 0 2 2 0
0.005301676232531554 0 1 1 0 3 0 3 3 0 1 1 0
0.00031518802267122833 0 1 1 0 3 0 3 3 0 1 1 3
0.005301676232531554 0 1 1 0 3 0 3 3 0 2 2 0
0.00031518802267122833 0 1 1 0 3 0 3 3 0 2 2 3
0.000558742396414473 0 1 1 0 3 0 3 3 3 1 1 0
0.000558742396414473 0 1 1 0 3 0 3 3 3 2 2 0
0.0005966809757034085 0 1 1 0 3 3 0 0 0 1 1 0
0.0005966809757034085 0 1 1 0 3 3 0 0 0 2 2 0
0.005194067467435087 0 1 1 0 3 3 0 3 0 1 1 0
0.0006722367717754449 0 1 1 0 3 3 0 3 0 1 1 3
0.005194067467435087 0 1 1 0 3 3 0 3 0 2 2 0
0.0006722367717754449 0 1 1 0 3 3 0 3 0 2 2 3
0.0005966809757034085 0 1 1 0 3 3 0 3 3 1 1 0
0.0005966809757034085 0 1 1 0 3 3 0 3 3 2 2 0
0.0002942132536557626 0 1 1 0 3 3 1 0 1 0 1 1
0.0002942132536557626 0 1 1 0 3 3 1 0 2 0 2 1
0.0002942132536557626 0 1 1 0 3 3 2 0 1 0 1 2
0.0002942132536557626 0 1 1 0 3 3 2 0 2 0 2 2
0.0006946924562078046 0 1 1 0 3 3 3 3 0 1 1 0
0.0006946924562078046 0 1 1 0 3 3 3 3 0 2 2 0
6.216761372907814e-05 0 1 1 1 0 1 1 0 1 1 1 0
3.1752085912001624e-05 0 1 1 1 0 1 1 0 1 2 2 0
3.0415527817076513e-05 0 1 1 1 0 1 1 0 2 1 2 0
3.0415527817076513e-05 0 1 1 1 0 1 2 0 1 2 1 0
3.1752085912001624e-05 0 1 1 1 0 1 2 0 2 1 1 0
6.216761372907814e-05 0 1 1 1 0 1 2 0 2 2 2 0
0.0002815123038994991 0 1 1 1 0 2 0 3 0 3 1 2
-0.0002815123038994991 0 1 1 1 0 2 0 3 0 3 2 1
0.00027440697788763137 0 1 1 1 0 2 1 2 0 3 3 0
-0.00027440697788763137 0 1 1 1 0 2 2 1 0 3 3 0
-0.004793742901170165 0 1 1 1 1 0 0 0 0 0 0 0
-0.04484819652603004 0 1 1 1 1 0 0 0 0 3 0 0
-0.0048799645601514 0 1 1 1 1 0 0 0 0 3 0 3
0.004633863662827973 0 1 1 1 1 0 0 0 0 3 3 0
-0.004852435120336113 0 1 1 1 1 0 0 0 3 3 0 0
-0.044720671745904585 0 1 1 1 1 0 0 3 0 0 0 0
-0.004870768993427353 0 1 1 1 1 0 0 3 0 0 0 3
-0.004856766029728792 0 1 1 1 1 0 0 3 0 0 3 0
349.0830146078238 0 1 1 1 1 0 0 3 0 3 0 0
-0.0448427464769818 0 1 1 1 1 0 0 3 0 3 0 3
-0.04472067174590459 0 1 1 1 1 0 0 3 0 3 3 0
-0.004870768993427353 0 1 1 1 1 0 0 3 0 3 3 3
0.004633863662827973 0 1 1 1 1 0 0 3 3 0 0 0
-0.044848196526030004 0 1 1 1 1 0 0 3 3 3 0 0
-0.0048799645601514 0 1 1 1 1 0 0 3 3 3 0 3
-0.004793742901170165 0 1 1 1 1 0 0 3 3 3 3 0
-0.004823877199409635 0 1 1 1 1 0 3 0 0 3 0 0
-0.004833276655473527 0 1 1 1 1 0 3 3 0 0 0 0
-0.04577178188173459 0 1 1 1 1 0 3 3 0 3 0 0
0.002852768861348911 0 1 1 1 1 0 3 3 0 3 0 3
-0.004833276655473527 0 1 1 1 1 0 3 3 0 3 3 0
-0.004823877199409635 0 1 1 1 1 0 3 3 3 3 0 0
-0.005151418207187635 0 1 1 1 1 3 0 0 0 3 0 0
-0.0051522812973268505 0 1 1 1 1 3 0 3 0 0 0 0
-0.04484274647698179 0 1 1 1 1 3 0 3 0 3 0 0
-0.005803725754089404 0 1 1 1 1 3 0 3 0 3 0 3
-0.0051522812973268505 0 1 1 1 1 3 0 3 0 3 3 0
-0.005151418207187635 0 1 1 1 1 3 0 3 3 3 0 0
-0.005740448327170874 0 1 1 1 1 3 3 3 0 3 0 0
9.319242060082287e-09 0 1 1 1 2 3 1 0 1 1 3 2
2.310408510603337e-06 0 1 1 1 2 3 1 0 1 2 3 1
-2.3197277526634202e-06 0 1 1 1 2 3 1 0 2 1 3 1
0.00860668650723696 0 1 1 1 2 3 1 1 0 3 2 1
-0.008597447191192868 0 1 1 1 2 3 1 2 0 3 1 1
9.239316044091684e-06 0 1 1 1 2 3 1 2 0 3 2 2
2.3197277526634202e-06 0 1 1 1 2 3 2 0 1 2 3 2
-2.310408510603337e-06 0 1 1 1 2 3 2 0 2 1 3 2
-9.319242060082287e-09 0 1 1 1 2 3 2 0 2 2 3 1
-9.239316044091684e-06 0 1 1 1 2 3 2 1 0 3 1 1
0.008597447191192868 0 1 1 1 2 3 2 1 0 3 2 2
-0.00860668650723696 0 1 1 1 2 3 2 2 0 3 1 2
0.00030289571220303355 0 1 1 1 3 2 0 0 0 3 1 2
-0.00030289571220303355 0 1 1 1 3 2 0 0 0 3 2 1
-3.260714417029844e-05 0 1 1 1 3 2 0 3 0 0 1 2
3.260714417029844e-05 0 1 1 1 3 2 0 3 0 0 2 1
-3.0415527817076513e-05 0 1 1 1 3 2 1 2 0 0 3 0
0.0002955831896606162 0 1 1 1 3 2 1 2 0 3 0 0
0.00029524194937867655 0 1 1 1 3 2 1 2 0 3 3 3
3.0415527817076513e-05 0 1 1 1 3 2 2 1 0 0 3 0
-0.0002955831896606162 0 1 1 1 3 2 2 1 0 3 0 0
-0.00029524194937867655 0 1 1 1 3 2 2 1 0 3 3 3
0.0002881142043386555 0 1 1 1 3 2 3 3 0 3 1 2
-0.0002881142043386555 0 1 1 1 3 2 3 3 0 3 2 1
2.8423425914442657e-07 0 1 1 2 0 1 0 3 0 3 1 2
-2.8423425914442657e-07 0 1 1 2 0 1 0 3 0 3 2 1
0.0003963996726694166 0 1 1 2 0 2 0 1 1 2 0 2
-0.0003652316858472889 0 1 1 2 0 2 0 1 2 1 0 2
-3.116798682212774e-05 0 1 1 2 0 2 0 1 2 2 0 1
-3.116798682212774e-05 0 1 1 2 0 2 0 2 1 1 0 2
-0.0003652316858472889 0 1 1 2 0 2 0 2 1 2 0 1
0.0003963996726694166 0 1 1 2 0 2 0 2 2 1 0 1
3.1752085912001624e-05 0 1 1 2 0 2 1 0 1 1 1 0
0.0003881663312067707 0 1 1 2 0 2 1 0 1 2 2 0
-0.0003564142452947691 0 1 1 2 0 2 1 0 2 1 2 0
-0.0003564142452947691 0 1 1 2 0 2 2 0 1 2 1 0
0.0003881663312067707 0 1 1 2 0 2 2 0 2 1 1 0
3.1752085912001624e-05 0 1 1 2 0 2 2 0 2 2 2 0
9.2299968020316e-06 0 1 1 2 1 3 1 0 1 1 3 2
0.008595136782682262 0 1 1 2 1 3 1 0 1 2 3 1
-0.008604366779484295 0 1 1 2 1 3 1 0 2 1 3 1
0.008604366779484295 0 1 1 2 1 3 2 0 1 2 3 2
-0.008595136782682262 0 1 1 2 1 3 2 0 2 1 3 2
-9.2299968020316e-06 0 1 1 2 1 3 2 0 2 2 3 1
6.695887356638018e-05 0 1 1 2 2 0 0 0 0 0 0 0
4.528183577400816e-05 0 1 1 2 2 0 0 0 0 3 0 0
4.9271491589968795e-06 0 1 1 2 2 0 0 0 0 3 0 3
2.463761878532128e-06 0 1 1 2 2 0 0 0 0 3 3 0
-5.81988752591695e-05 0 1 1 2 2 0 0 0 3 3 0 0
0.009621101505996715 0 1 1 2 2 0 0 1 1 2 2 0
-0.00955660159084135 0 1 1 2 2 0 0 1 2 1 2 0
-6.449991515536401e-05 0 1 1 2 2 0 0 1 2 2 1 0
-6.449991515536401e-05 0 1 1 2 2 0 0 2 1 1 2 0
-0.00955660159084135 0 1 1 2 2 0 0 2 1 2 1 0
0.009621101505996715 0 1 1 2 2 0 0 2 2 1 1 0
4.515307795099502e-05 0 1 1 2 2 0 0 3 0 0 0 0
4.917864679920768e-06 0 1 1 2 2 0 0 3 0 0 0 3
-5.855988669241807e-05 0 1 1 2 2 0 0 3 0 0 3 0
-0.35248988501557516 0 1 1 2 2 0 0 3 0 3 0 0
4.527633302818828e-05 0 1 1 2 2 0 0 3 0 3 0 3
4.515307795099503e-05 0 1 1 2 2 0 0 3 0 3 3 0
4.917864679920768e-06 0 1 1 2 2 0 0 3 0 3 3 3
2.463761878532128e-06 0 1 1 2 2 0 0 3 3 0 0 0
4.528183577400813e-05 0 1 1 2 2 0 0 3 3 3 0 0
4.9271491589968795e-06 0 1 1 2 2 0 0 3 3 3 0 3
6.695887356638018e-05 0 1 1 2 2 0 0 3 3 3 3 0
4.870519487018162e-06 0 1 1 2 2 0 3 0 0 3 0 0
4.880009826849399e-06 0 1 1 2 2 0 3 3 0 0 0 0
4.62143513184408e-05 0 1 1 2 2 0 3 3 0 3 0 0
2.747472567584055e-06 0 1 1 2 2 0 3 3 0 3 0 3
4.880009826849399e-06 0 1 1 2 2 0 3 3 0 3 3 0
4.870519487018162e-06 0 1 1 2 2 0 3 3 3 3 0 0
5.201227503668244e-06 0 1 1 2 2 3 0 0 0 3 0 0
5.202098939065194e-06 0 1 1 2 2 3 0 3 0 0 0 0
4.5276333028188276e-05 0 1 1 2 2 3 0 3 0 3 0 0
5.859842241850821e-06 0 1 1 2 2 3 0 3 0 3 0 3
5.202098939065194e-06 0 1 1 2 2 3 0 3 0 3 3 0
5.201227503668244e-06 0 1 1 2 2 3 0 3 3 3 0 0
5.795952982619101e-06 0 1 1 2 2 3 3 3 0 3 0 0
3.260714417029844e-05 0 1 1 2 3 1 0 3 0 0 1 2
-3.260714417029844e-05 0 1 1 2 3 1 0 3 0 0 2 1
-3.116798682212774e-05 0 1 1 2 3 1 0 3 3 3 1 2
3.116798682212774e-05 0 1 1 2 3 1 0 3 3 3 2 1
0.0008286108458636021 0 1 1 3 0 0 0 3 0 1 1 0
0.0008286108458636021 0 1 1 3 0 0 0 3 0 2 2 0
0.0002942132536557626 0 1 1 3 0 3 1 0 1 0 1 1
0.0002942132536557626 0 1 1 3 0 3 1 0 2 0 2 1
0.0002942132536557626 0 1 1 3 0 3 2 0 1 0 1 2
0.0002942132536557626 0 1 1 3 0 3 2 0 2 0 2 2
0.0002815123038994991 0 1 1 3 1 1 0 3 0 1 0 1
0.0002815123038994991 0 1 1 3 1 1 0 3 0 2 0 2
0.0002741301971131988 0 1 1 3 1 1 1 0 1 0 3 0
0.0002741301971131988 0 1 1 3 1 1 2 0 2 0 3 0
-2.8423425914442657e-07 0 1 1 3 2 2 0 3 0 1 0 1
-2.8423425914442657e-07 0 1 1 3 2 2 0 3 0 2 0 2
-2.7678077443251797e-07 0 1 1 3 2 2 1 0 1 0 3 0
-2.7678077443251797e-07 0 1 1 3 2 2 2 0 2 0 3 0
0.0008884248483951053 0 1 1 3 3 0 0 0 0 1 1 0
0.0008884248483951053 0 1 1 3 3 0 0 0 0 2 2 0
0.005179927736060482 0 1 1 3 3 0 0 3 0 1 1 0
0.0005967809461281876 0 1 1 3 3 0 0 3 0 1 1 3
0.005179927736060482 0 1 1 3 3 0 0 3 0 2 2 0
0.0005967809461281876 0 1 1 3 3 0 0 3 0 2 2 3
0.001013759704910274 0 1 1 3 3 0 0 3 3 1 1 0
0.001013759704910274 0 1 1 3 3 0 0 3 3 2 2 0
0.0005906212341321506 0 1 1 3 3 0 3 3 0 1 1 0
0.0005906212341321506 0 1 1 3 3 0 3 3 0 2 2 0
0.0005641738019578893 0 1 1 3 3 3 0 3 0 1 1 0
0.0005641738019578893 0 1 1 3 3 3 0 3 0 2 2 0
40.32153996077253 0 1 2 0 0 0 0 1 2 0 0 0
-0.005179155407755999 0 1 2 0 0 0 0 1 2 0 0 3
-0.00516505627125611 0 1 2 0 0 0 0 1 2 0 3 0
-0.0005625540707054707 0 1 2 0 0 0 0 1 2 0 3 3
-0.005165056271256109 0 1 2 0 0 0 0 1 2 3 0 0
-0.0005625540707054707 0 1 2 0 0 0 0 1 2 3 0 3
-0.0008262254325471651 0 1 2 0 0 0 0 1 2 3 3 0
-40.32153996077253 0 1 2 0 0 0 0 2 1 0 0 0
0.005179155407755999 0 1 2 0 0 0 0 2 1 0 0 3
0.00516505627125611 0 1 2 0 0 0 0 2 1 0 3 0
0.0005625540707054707 0 1 2 0 0 0 0 2 1 0 3 3
0.005165056271256109 0 1 2 0 0 0 0 2 1 3 0 0
0.0005625540707054707 0 1 2 0 0 0 0 2 1 3 0 3
0.0008262254325471651 0 1 2 0 0 0 0 2 1 3 3 0
-0.005286455230325789 0 1 2 0 0 0 3 1 2 0 0 0
-0.0003142831244130375 0 1 2 0 0 0 3 1 2 0 0 3
-0.0005582238576806586 0 1 2 0 0 0 3 1 2 0 3 0
-0.0005582238576806586 0 1 2 0 0 0 3 1 2 3 0 0
0.005286455230325789 0 1 2 0 0 0 3 2 1 0 0 0
0.0003142831244130375 0 1 2 0 0 0 3 2 1 0 0 3
0.0005582238576806586 0 1 2 0 0 0 3 2 1 0 3 0
0.0005582238576806586 0 1 2 0 0 0 3 2 1 3 0 0
-0.005179155407755998 0 1 2 0 0 3 0 1 2 0 0 0
-0.0007015837574560575 0 1 2 0 0 3 0 1 2 0 0 3
-0.00059506760044298 0 1 2 0 0 3 0 1 2 0 3 0
-0.00059506760044298 0 1 2 0 0 3 0 1 2 3 0 0
0.005179155407755998 0 1 2 0 0 3 0 2 1 0 0 0
0.0007015837574560575 0 1 2 0 0 3 0 2 1 0 0 3
0.00059506760044298 0 1 2 0 0 3 0 2 1 0 3 0
0.00059506760044298 0 1 2 0 0 3 0 2 1 3 0 0
-0.0002942132536557626 0 1 2 0 0 3 1 1 0 2 3 1
0.0002942132536557626 0 1 2 0 0 3 1 2 0 1 3 1
-0.0002942132536557626 0 1 2 0 0 3 2 1 0 2 3 2
0.0002942132536557626 0 1 2 0 0 3 2 2 0 1 3 2
-0.0006629985077268169 0 1 2 0 0 3 3 1 2 0 0 0
0.0006629985077268169 0 1 2 0 0 3 3 2 1 0 0 0
-3.116798682212774e-05 0 1 2 0 1 2 0 0 0 1 0 1
-3.116798682212774e-05 0 1 2 0 1 2 0 0 0 2 0 2
-3.116798682212774e-05 0 1 2 0 1 2 0 1 1 0 2 2
6.36815165596371e-05 0 1 2 0 1 2 0 1 2 0 1 2
-3.251352973750936e-05 0 1 2 0 1 2 0 1 2 0 2 1
-3.251352973750936e-05 0 1 2 0 1 2 0 2 1 0 1 2
6.36815165596371e-05 0 1 2 0 1 2 0 2 1 0 2 1
-3.116798682212774e-05 0 1 2 0 1 2 0 2 2 0 1 1
0.00030289571220303355 0 1 2 0 1 2 0 3 3 1 0 1
0.00030289571220303355 0 1 2 0 1 2 0 3 3 2 0 2
-3.0415527817076513e-05 0 1 2 0 1 2 1 0 1 0 0 0
0.00029524194937867655 0 1 2 0 1 2 1 0 1 0 3 3
0.0002955831896606162 0 1 2 0 1 2 1 0 1 3 3 0
-3.0415527817076513e-05 0 1 2 0 1 2 1 1 0 2 2 0
6.216761372907814e-05 0 1 2 0 1 2 1 2 0 1 2 0
-3.1752085912001624e-05 0 1 2 0 1 2 1 2 0 2 1 0
-3.0415527817076513e-05 0 1 2 0 1 2 2 0 2 0 0 0
0.00029524194937867655 0 1 2 0 1 2 2 0 2 0 3 3
0.0002955831896606162 0 1 2 0 1 2 2 0 2 3 3 0
-3.1752085912001624e-05 0 1 2 0 1 2 2 1 0 1 2 0
6.216761372907814e-05 0 1 2 0 1 2 2 1 0 2 1 0
-3.0415527817076513e-05 0 1 2 0 1 2 2 2 0 1 1 0
0.0002881142043386555 0 1 2 0 1 2 3 3 0 1 0 1
0.0002881142043386555 0 1 2 0 1 2 3 3 0 2 0 2
-0.0003652316858472889 0 1 2 0 2 1 0 1 1 0 2 2
-3.251352973750936e-05 0 1 2 0 2 1 0 1 2 0 1 2
0.00039774521558479824 0 1 2 0 2 1 0 1 2 0 2 1
0.00039774521558479824 0 1 2 0 2 1 0 2 1 0 1 2
-3.251352973750936e-05 0 1 2 0 2 1 0 2 1 0 2 1
-0.0003652316858472889 0 1 2 0 2 1 0 2 2 0 1 1
-0.0003564142452947691 0 1 2 0 2 1 1 1 0 2 2 0
-3.1752085912001624e-05 0 1 2 0 2 1 1 2 0 1 2 0
0.0003881663312067707 0 1 2 0 2 1 1 2 0 2 1 0
0.0003881663312067707 0 1 2 0 2 1 2 1 0 1 2 0
-3.1752085912001624e-05 0 1 2 0 2 1 2 1 0 2 1 0
-0.0003564142452947691 0 1 2 0 2 1 2 2 0 1 1 0
-0.005165056271256108 0 1 2 0 3 0 0 1 2 0 0 0
-0.00059506760044298 0 1 2 0 3 0 0 1 2 0 0 3
-0.0010123998892020369 0 1 2 0 3 0 0 1 2 0 3 0
-0.0008870635279894412 0 1 2 0 3 0 0 1 2 3 0 0
0.005165056271256108 0 1 2 0 3 0 0 2 1 0 0 0
0.00059506760044298 0 1 2 0 3 0 0 2 1 0 0 3
0.0010123998892020369 0 1 2 0 3 0 0 2 1 0 3 0
0.0008870635279894412 0 1 2 0 3 0 0 2 1 3 0 0
0.0003123515159788752 0 1 2 0 3 0 0 3 0 1 2 0
-0.0003123515159788752 0 1 2 0 3 0 0 3 0 2 1 0
3.052187354755202e-05 0 1 2 0 3 0 1 1 0 2 3 1
3.052187354755202e-05 0 1 2 0 3 0 1 2 0 2 3 2
-3.052187354755202e-05 0 1 2 0 3 0 2 1 0 1 3 1
-3.052187354755202e-05 0 1 2 0 3 0 2 2 0 1 3 2
-0.0005889255728519814 0 1 2 0 3 0 3 1 2 0 0 0
0.0005889255728519814 0 1 2 0 3 0 3 2 1 0 0 0
-0.0005625540707054707 0 1 2 0 3 3 0 1 2 0 0 0
0.0005625540707054707 0 1 2 0 3 3 0 2 1 0 0 0
-0.0002661174535913495 0 1 2 0 3 3 1 1 0 2 0 1
-0.0002653534359164768 0 1 2 0 3 3 1 1 3 2 3 1
0.0002650483570287967 0 1 2 0 3 3 1 2 0 1 0 1
-1.0690965625526732e-06 0 1 2 0 3 3 1 2 0 2 0 2
0.00026428740870792133 0 1 2 0 3 3 1 2 3 1 3 1
-1.0660272085553583e-06 0 1 2 0 3 3 1 2 3 2 3 2
1.0690965625526732e-06 0 1 2 0 3 3 2 1 0 1 0 1
-0.0002650483570287967 0 1 2 0 3 3 2 1 0 2 0 2
1.0660272085553583e-06 0 1 2 0 3 3 2 1 3 1 3 1
-0.00026428740870792133 0 1 2 0 3 3 2 1 3 2 3 2
0.0002661174535913495 0 1 2 0 3 3 2 2 0 1 0 2
0.0002653534359164768 0 1 2 0 3 3 2 2 3 1 3 2
-2.7678077443251797e-07 0 1 2 1 0 1 1 2 0 3 3 0
2.7678077443251797e-07 0 1 2 1 0 1 2 1 0 3 3 0
-0.0003652316858472889 0 1 2 1 0 2 0 1 1 2 0 2
0.00039774521558479824 0 1 2 1 0 2 0 1 2 1 0 2
-3.251352973750936e-05 0 1 2 1 0 2 0 1 2 2 0 1
-3.251352973750936e-05 0 1 2 1 0 2 0 2 1 1 0 2
0.00039774521558479824 0 1 2 1 0 2 0 2 1 2 0 1
-0.0003652316858472889 0 1 2 1 0 2 0 2 2 1 0 1
3.0415527817076513e-05 0 1 2 1 0 2 1 0 1 1 1 0
-0.0003564142452947691 0 1 2 1 0 2 1 0 1 2 2 0
0.0003868297731118456 0 1 2 1 0 2 1 0 2 1 2 0
0.0003868297731118456 0 1 2 1 0 2 2 0 1 2 1 0
-0.0003564142452947691 0 1 2 1 0 2 2 0 2 1 1 0
3.0415527817076513e-05 0 1 2 1 0 2 2 0 2 2 2 0
-9.239316044091684e-06 0 1 2 1 1 3 1 0 1 1 3 2
-0.008597447191192868 0 1 2 1 1 3 1 0 1 2 3 1
0.00860668650723696 0 1 2 1 1 3 1 0 2 1 3 1
-2.3197277526634202e-06 0 1 2 1 1 3 1 1 0 3 2 1
2.310408510603337e-06 0 1 2 1 1 3 1 2 0 3 1 1
-9.319242060082287e-09 0 1 2 1 1 3 1 2 0 3 2 2
-0.00860668650723696 0 1 2 1 1 3 2 0 1 2 3 2
0.008597447191192868 0 1 2 1 1 3 2 0 2 1 3 2
9.239316044091684e-06 0 1 2 1 1 3 2 0 2 2 3 1
9.319242060082287e-09 0 1 2 1 1 3 2 1 0 3 1 1
-2.310408510603337e-06 0 1 2 1 1 3 2 1 0 3 2 2
2.3197277526634202e-06 0 1 2 1 1 3 2 2 0 3 1 2
-0.00955660159084135 0 1 2 1 2 0 0 1 1 2 2 0
0.009617439686283626 0 1 2 1 2 0 0 1 2 1 2 0
-6.083809544227616e-05 0 1 2 1 2 0 0 1 2 2 1 0
-6.083809544227616e-05 0 1 2 1 2 0 0 2 1 1 2 0
0.009617439686283626 0 1 2 1 2 0 0 2 1 2 1 0
-0.00955660159084135 0 1 2 1 2 0 0 2 2 1 1 0
7.0986418843760335e-09 0 1 2 1 2 0 0 3 0 3 0 0
3.0415527817076513e-05 0 1 2 1 3 1 1 2 0 0 3 0
-3.1660926333689644e-05 0 1 2 1 3 1 1 2 3 3 3 0
-3.0415527817076513e-05 0 1 2 1 3 1 2 1 0 0 3 0
3.1660926333689644e-05 0 1 2 1 3 1 2 1 3 3 3 0
-3.116798682212774e-05 0 1 2 2 0 1 0 1 1 2 0 2
-3.251352973750936e-05 0 1 2 2 0 1 0 1 2 1 0 2
6.36815165596371e-05 0 1 2 2 0 1 0 1 2 2 0 1
6.36815165596371e-05 0 1 2 2 0 1 0 2 1 1 0 2
-3.251352973750936e-05 0 1 2 2 0 1 0 2 1 2 0 1
-3.116798682212774e-05 0 1 2 2 0 1 0 2 2 1 0 1
0.0002817965381586435 0 1 2 2 0 2 0 3 0 3 1 2
-0.0002817965381586435 0 1 2 2 0 2 0 3 0 3 2 1
0.0002741301971131988 0 1 2 2 0 2 1 2 0 3 3 0
-0.0002741301971131988 0 1 2 2 0 2 2 1 0 3 3 0
-0.004860701774736546 0 1 2 2 1 0 0 0 0 0 0 0
-0.04489347836180405 0 1 2 2 1 0 0 0 0 3 0 0
-0.004884891709310398 0 1 2 2 1 0 0 0 0 3 0 3
0.004631399900949441 0 1 2 2 1 0 0 0 0 3 3 0
-0.004794236245076945 0 1 2 2 1 0 0 0 3 3 0 0
-6.449991515536401e-05 0 1 2 2 1 0 0 1 1 2 2 0
-6.083809544227616e-05 0 1 2 2 1 0 0 1 2 1 2 0
0.00012533801059764018 0 1 2 2 1 0 0 1 2 2 1 0
0.00012533801059764018 0 1 2 2 1 0 0 2 1 1 2 0
-6.083809544227616e-05 0 1 2 2 1 0 0 2 1 2 1 0
-6.449991515536401e-05 0 1 2 2 1 0 0 2 2 1 1 0
-0.04476582482385559 0 1 2 2 1 0 0 3 0 0 0 0
-0.004875686858107274 0 1 2 2 1 0 0 3 0 0 0 3
-0.004798206143036375 0 1 2 2 1 0 0 3 0 0 3 0
349.43550448574126 0 1 2 2 1 0 0 3 0 3 0 0
-0.044888022810009996 0 1 2 2 1 0 0 3 0 3 0 3
-0.0447658248238556 0 1 2 2 1 0 0 3 0 3 3 0
-0.004875686858107274 0 1 2 2 1 0 0 3 0 3 3 3
0.004631399900949441 0 1 2 2 1 0 0 3 3 0 0 0
-0.044893478361804025 0 1 2 2 1 0 0 3 3 3 0 0
-0.004884891709310398 0 1 2 2 1 0 0 3 3 3 0 3
-0.004860701774736546 0 1 2 2 1 0 0 3 3 3 3 0
-0.004828747718896654 0 1 2 2 1 0 3 0 0 3 0 0
-0.004838156665300377 0 1 2 2 1 0 3 3 0 0 0 0
-0.04581799623305304 0 1 2 2 1 0 3 3 0 3 0 0
0.002850021388781326 0 1 2 2 1 0 3 3 0 3 0 3
-0.004838156665300377 0 1 2 2 1 0 3 3 0 3 3 0
-0.004828747718896654 0 1 2 2 1 0 3 3 3 3 0 0
-0.005156619434691304 0 1 2 2 1 3 0 0 0 3 0 0
-0.005157483396265917 0 1 2 2 1 3 0 3 0 0 0 0
-0.04488802281000999 0 1 2 2 1 3 0 3 0 3 0 0
-0.005809585596331256 0 1 2 2 1 3 0 3 0 3 0 3
-0.005157483396265917 0 1 2 2 1 3 0 3 0 3 3 0
-0.005156619434691304 0 1 2 2 1 3 0 3 3 3 0 0
-0.005746244280153494 0 1 2 2 1 3 3 3 0 3 0 0
0.008604366779484295 0 1 2 2 2 3 1 1 0 3 2 1
-0.008595136782682264 0 1 2 2 2 3 1 2 0 3 1 1
9.2299968020316e-06 0 1 2 2 2 3 1 2 0 3 2 2
-9.2299968020316e-06 0 1 2 2 2 3 2 1 0 3 1 1
0.008595136782682264 0 1 2 2 2 3 2 1 0 3 2 2
-0.008604366779484295 0 1 2 2 2 3 2 2 0 3 1 2
0.00030289571220303355 0 1 2 2 3 2 0 0 0 3 1 2
-0.00030289571220303355 0 1 2 2 3 2 0 0 0 3 2 1
-3.116798682212774e-05 0 1 2 2 3 2 0 3 3 3 1 2
3.116798682212774e-05 0 1 2 2 3 2 0 3 3 3 2 1
0.0002955831896606162 0 1 2 2 3 2 1 2 0 3 0 0
0.00029524194937867655 0 1 2 2 3 2 1 2 0 3 3 3
-3.1660926333689644e-05 0 1 2 2 3 2 1 2 3 3 3 0
-0.0002955831896606162 0 1 2 2 3 2 2 1 0 3 0 0
-0.00029524194937867655 0 1 2 2 3 2 2 1 0 3 3 3
3.1660926333689644e-05 0 1 2 2 3 2 2 1 3 3 3 0
0.0002881142043386555 0 1 2 2 3 2 3 3 0 3 1 2
-0.0002881142043386555 0 1 2 2 3 2 3 3 0 3 2 1
-0.005165056271256107 0 1 2 3 0 0 0 1 2 0 0 0
-0.00059506760044298 0 1 2 3 0 0 0 1 2 0 0 3
-0.0008870635279894412 0 1 2 3 0 0 0 1 2 0 3 0
-0.0010123998892020369 0 1 2 3 0 0 0 1 2 3 0 0
0.005165056271256107 0 1 2 3 0 0 0 2 1 0 0 0
0.00059506760044298 0 1 2 3 0 0 0 2 1 0 0 3
0.0008870635279894412 0 1 2 3 0 0 0 2 1 0 3 0
0.0010123998892020369 0 1 2 3 0 0 0 2 1 3 0 0
-0.0005889255728519814 0 1 2 3 0 0 3 1 2 0 0 0
0.0005889255728519814 0 1 2 3 0 0 3 2 1 0 0 0
-0.0005625540707054707 0 1 2 3 0 3 0 1 2 0 0 0
0.0005625540707054707 0 1 2 3 0 3 0 2 1 0 0 0
0.0002817965381586435 0 1 2 3 1 2 0 3 0 1 0 1
0.0002817965381586435 0 1 2 3 1 2 0 3 0 2 0 2
0.00027440697788763137 0 1 2 3 1 2 1 0 1 0 3 0
0.00027440697788763137 0 1 2 3 1 2 2 0 2 0 3 0
-0.0008262254325471651 0 1 2 3 3 0 0 1 2 0 0 0
0.0008262254325471651 0 1 2 3 3 0 0 2 1 0 0 0
-0.0002942132536557626 0 1 2 3 3 3 1 1 0 2 3 1
0.0002942132536557626 0 1 2 3 3 3 1 2 0 1 3 1
-0.0002942132536557626 0 1 2 3 3 3 2 1 0 2 3 2
0.0002942132536557626 0 1 2 3 3 3 2 2 0 1 3 2
-0.0051674214726727934 0 1 3 0 0 2 0 1 0 0 0 2
-0.0005835043553002261 0 1 3 0 0 2 0 1 0 0 3 2
-0.0006463884856338243 0 1 3 0 0 2 0 1 0 3 0 2
-0.0006772432225367466 0 1 3 0 0 2 0 1 3 0 0 2
0.0051674214726727934 0 1 3 0 0 2 0 2 0 0 0 1
0.0005835043553002261 0 1 3 0 0 2 0 2 0 0 3 1
0.0006463884856338243 0 1 3 0 0 2 0 2 0 3 0 1
0.0006772432225367466 0 1 3 0 0 2 0 2 3 0 0 1
0.0003141194480697976 0 1 3 0 0 2 0 3 1 1 1 2
-0.0003141194480697976 0 1 3 0 0 2 0 3 1 1 2 1
0.0003141194480697976 0 1 3 0 0 2 0 3 2 2 1 2
-0.0003141194480697976 0 1 3 0 0 2 0 3 2 2 2 1
-0.005042669340230052 0 1 3 0 0 2 1 0 0 0 2 0
-0.0005792183557929892 0 1 3 0 0 2 1 0 0 0 2 3
-0.0006614663337352254 0 1 3 0 0 2 1 0 0 3 2 0
-0.0006302982856528086 0 1 3 0 0 2 1 0 3 0 2 0
0.00030588228302520055 0 1 3 0 0 2 1 2 1 1 3 0
0.00030588228302520055 0 1 3 0 0 2 1 2 2 2 3 0
-0.0005691084874025401 0 1 3 0 0 2 1 3 0 0 2 0
0.005042669340230052 0 1 3 0 0 2 2 0 0 0 1 0
0.0005792183557929892 0 1 3 0 0 2 2 0 0 0 1 3
0.0006614663337352254 0 1 3 0 0 2 2 0 0 3 1 0
0.0006302982856528086 0 1 3 0 0 2 2 0 3 0 1 0
-0.00030588228302520055 0 1 3 0 0 2 2 1 1 1 3 0
-0.00030588228302520055 0 1 3 0 0 2 2 1 2 2 3 0
0.0005691084874025401 0 1 3 0 0 2 2 3 0 0 1 0
-0.0005874025849111121 0 1 3 0 0 2 3 1 0 0 0 2
0.0005874025849111121 0 1 3 0 0 2 3 2 0 0 0 1
-0.05004289526439927 0 1 3 0 1 0 0 0 1 1 0 0
-0.005445203470688011 0 1 3 0 1 0 0 0 1 1 0 3
0.003620103957917698 0 1 3 0 1 0 0 0 1 1 3 0
-0.05004289526439927 0 1 3 0 1 0 0 0 2 2 0 0
-0.005445203470688011 0 1 3 0 1 0 0 0 2 2 0 3
0.003620103957917698 0 1 3 0 1 0 0 0 2 2 3 0
389.5209613681666 0 1 3 0 1 0 0 3 1 1 0 0
-0.050036813944416905 0 1 3 0 1 0 0 3 1 1 0 3
-0.0499005994819651 0 1 3 0 1 0 0 3 1 1 3 0
-0.005434942795385244 0 1 3 0 1 0 0 3 1 1 3 3
389.5209613681666 0 1 3 0 1 0 0 3 2 2 0 0
-0.050036813944416905 0 1 3 0 1 0 0 3 2 2 0 3
-0.0499005994819651 0 1 3 0 1 0 0 3 2 2 3 0
-0.005434942795385244 0 1 3 0 1 0 0 3 2 2 3 3
-0.005307610582390287 0 1 3 0 1 0 1 0 0 0 3 1
-0.005307610582390287 0 1 3 0 1 0 2 0 0 0 3 2
-0.0053826195958241105 0 1 3 0 1 0 3 0 1 1 0 0
-0.0053826195958241105 0 1 3 0 1 0 3 0 2 2 0 0
-0.05107345811426616 0 1 3 0 1 0 3 3 1 1 0 0
0.0019513135807222575 0 1 3 0 1 0 3 3 1 1 0 3
-0.005393107776660426 0 1 3 0 1 0 3 3 1 1 3 0
-0.05107345811426616 0 1 3 0 1 0 3 3 2 2 0 0
0.0019513135807222575 0 1 3 0 1 0 3 3 2 2 0 3
-0.005393107776660426 0 1 3 0 1 0 3 3 2 2 3 0
-0.005748099182891046 0 1 3 0 1 3 0 0 1 1 0 0
-0.005748099182891046 0 1 3 0 1 3 0 0 2 2 0 0
-0.05003681394441689 0 1 3 0 1 3 0 3 1 1 0 0
-0.006475962525864851 0 1 3 0 1 3 0 3 1 1 0 3
-0.00574906224345504 0 1 3 0 1 3 0 3 1 1 3 0
-0.05003681394441689 0 1 3 0 1 3 0 3 2 2 0 0
-0.006475962525864851 0 1 3 0 1 3 0 3 2 2 0 3
-0.00574906224345504 0 1 3 0 1 3 0 3 2 2 3 0
-0.0055080463128695575 0 1 3 0 1 3 1 0 0 0 0 1
-0.04877837934038011 0 1 3 0 1 3 1 0 0 0 3 1
-0.006101647198751154 0 1 3 0 1 3 1 0 0 3 3 1
-0.006096955164179244 0 1 3 0 1 3 1 0 3 0 3 1
-0.005505058494096023 0 1 3 0 1 3 1 3 0 0 3 1
-0.0055080463128695575 0 1 3 0 1 3 2 0 0 0 0 2
-0.04877837934038011 0 1 3 0 1 3 2 0 0 0 3 2
-0.006101647198751154 0 1 3 0 1 3 2 0 0 3 3 2
-0.006096955164179244 0 1 3 0 1 3 2 0 3 0 3 2
-0.005505058494096023 0 1 3 0 1 3 2 3 0 0 3 2
-0.00640535577033909 0 1 3 0 1 3 3 3 1 1 0 0
-0.00640535577033909 0 1 3 0 1 3 3 3 2 2 0 0
-0.06034172906958962 0 1 3 0 2 0 0 1 0 0 2 0
-0.0069310586792905235 0 1 3 0 2 0 0 1 0 0 2 3
-0.007579429582581099 0 1 3 0 2 0 0 1 0 3 2 0
-0.0075735353043859185 0 1 3 0 2 0 0 1 3 0 2 0
0.06034172906958962 0 1 3 0 2 0 0 2 0 0 1 0
0.0069310586792905235 0 1 3 0 2 0 0 2 0 0 1 3
0.007579429582581099 0 1 3 0 2 0 0 2 0 3 1 0
0.0075735353043859185 0 1 3 0 2 0 0 2 3 0 1 0
5.3896951185926356e-08 0 1 3 0 2 0 0 3 1 2 0 0
-5.3896951185926356e-08 0 1 3 0 2 0 0 3 2 1 0 0
-0.006859298747146601 0 1 3 0 2 0 3 1 0 0 2 0
0.006859298747146601 0 1 3 0 2 0 3 2 0 0 1 0
-0.006565826993443233 0 1 3 0 2 3 0 1 0 0 2 0
0.006565826993443233 0 1 3 0 2 3 0 2 0 0 1 0
0.008204850896834507 0 1 3 0 2 3 1 1 1 1 2 1
2.5871892850358557e-06 0 1 3 0 2 3 1 1 1 2 1 1
-1.2418648005569453e-05 0 1 3 0 2 3 1 1 1 2 2 2
0.008219856734125114 0 1 3 0 2 3 1 1 2 2 2 1
-0.008197138992754958 0 1 3 0 2 3 1 2 1 1 1 1
1.0299093364584277e-05 0 1 3 0 2 3 1 2 1 1 2 2
1.2418648005569453e-05 0 1 3 0 2 3 1 2 1 2 1 2
-2.5871892850358557e-06 0 1 3 0 2 3 1 2 2 1 2 1
-0.008206970451475493 0 1 3 0 2 3 1 2 2 2 1 1
1.0299093364584277e-05 0 1 3 0 2 3 1 2 2 2 2 2
-1.0299093364584277e-05 0 1 3 0 2 3 2 1 1 1 1 1
0.008206970451475493 0 1 3 0 2 3 2 1 1 1 2 2
2.5871892850358557e-06 0 1 3 0 2 3 2 1 1 2 1 2
-1.2418648005569453e-05 0 1 3 0 2 3 2 1 2 1 2 1
-1.0299093364584277e-05 0 1 3 0 2 3 2 1 2 2 1 1
0.008197138992754958 0 1 3 0 2 3 2 1 2 2 2 2
-0.008219856734125114 0 1 3 0 2 3 2 2 1 1 1 2
1.2418648005569453e-05 0 1 3 0 2 3 2 2 2 1 1 1
-2.5871892850358557e-06 0 1 3 0 2 3 2 2 2 1 2 2
-0.008204850896834507 0 1 3 0 2 3 2 2 2 2 1 2
0.0002714536470362344 0 1 3 0 3 2 0 0 1 1 1 2
-0.00027172772538090577 0 1 3 0 3 2 0 0 1 1 2 1
-2.7407834467136425e-07 0 1 3 0 3 2 0 0 1 2 2 2
2.7407834467136425e-07 0 1 3 0 3 2 0 0 2 1 1 1
0.00027172772538090577 0 1 3 0 3 2 0 0 2 2 1 2
-0.0002714536470362344 0 1 3 0 3 2 0 0 2 2 2 1
-0.0005523363684780985 0 1 3 0 3 2 0 1 0 0 0 2
0.0005523363684780985 0 1 3 0 3 2 0 2 0 0 0 1
-0.0005390018378698022 0 1 3 0 3 2 1 0 0 0 2 0
-2.674615323724356e-07 0 1 3 0 3 2 1 1 1 2 0 0
1.0634827565437742e-06 0 1 3 0 3 2 1 1 1 2 3 3
0.0002651676618435396 0 1 3 0 3 2 1 2 1 1 0 0
0.0002636565930745807 0 1 3 0 3 2 1 2 1 1 3 3
0.00026490020031116716 0 1 3 0 3 2 1 2 2 2 0 0
0.00026472007583112456 0 1 3 0 3 2 1 2 2 2 3 3
0.0005390018378698022 0 1 3 0 3 2 2 0 0 0 1 0
-0.00026490020031116716 0 1 3 0 3 2 2 1 1 1 0 0
-0.00026472007583112456 0 1 3 0 3 2 2 1 1 1 3 3
-0.0002651676618435396 0 1 3 0 3 2 2 1 2 2 0 0
-0.0002636565930745807 0 1 3 0 3 2 2 1 2 2 3 3
2.674615323724356e-07 0 1 3 0 3 2 2 2 2 1 0 0
-1.0634827565437742e-06 0 1 3 0 3 2 2 2 2 1 3 3
0.000258329191299065 0 1 3 0 3 2 3 3 1 1 1 2
-0.00025729138319329165 0 1 3 0 3 2 3 3 1 1 2 1
1.0378081057732618e-06 0 1 3 0 3 2 3 3 1 2 2 2
-1.0378081057732618e-06 0 1 3 0 3 2 3 3 2 1 1 1
0.00025729138319329165 0 1 3 0 3 2 3 3 2 2 1 2
-0.000258329191299065 0 1 3 0 3 2 3 3 2 2 2 1
0.0002968004429407984 0 1 3 1 0 3 1 0 0 1 1 1
0.0002968004429407984 0 1 3 1 0 3 1 0 0 2 2 1
-0.0002968004429407984 0 1 3 1 0 3 1 1 1 3 3 1
-0.0002968004429407984 0 1 3 1 0 3 1 2 2 3 3 1
0.0002968004429407984 0 1 3 1 0 3 2 0 0 1 1 2
0.0002968004429407984 0 1 3 1 0 3 2 0 0 2 2 2
-0.0002968004429407984 0 1 3 1 0 3 2 1 1 3 3 2
-0.0002968004429407984 0 1 3 1 0 3 2 2 2 3 3 2
0.0002651676618435396 0 1 3 1 1 1 1 0 0 1 3 0
0.0002651676618435396 0 1 3 1 1 1 2 0 0 2 3 0
-3.1442065166799096e-05 0 1 3 1 1 2 0 0 1 3 0 2
3.1442065166799096e-05 0 1 3 1 1 2 0 0 2 3 0 1
0.0003141194480697976 0 1 3 1 1 2 0 3 1 0 0 2
-0.0003141194480697976 0 1 3 1 1 2 0 3 2 0 0 1
-3.0682989349448945e-05 0 1 3 1 1 2 1 1 1 3 2 0
-3.147530513756911e-05 0 1 3 1 1 2 1 2 1 3 1 0
-6.215829448701806e-05 0 1 3 1 1 2 1 2 2 3 2 0
6.215829448701806e-05 0 1 3 1 1 2 2 1 1 3 1 0
3.147530513756911e-05 0 1 3 1 1 2 2 1 2 3 2 0
3.0682989349448945e-05 0 1 3 1 1 2 2 2 2 3 1 0
0.00029815305361676825 0 1 3 1 1 2 3 3 1 3 0 2
-0.00029815305361676825 0 1 3 1 1 2 3 3 2 3 0 1
-0.00036883289330033863 0 1 3 1 2 1 1 1 1 3 2 0
0.00040030819843790775 0 1 3 1 2 1 1 2 1 3 1 0
3.147530513756911e-05 0 1 3 1 2 1 1 2 2 3 2 0
-3.147530513756911e-05 0 1 3 1 2 1 2 1 1 3 1 0
-0.00040030819843790775 0 1 3 1 2 1 2 1 2 3 2 0
0.00036883289330033863 0 1 3 1 2 1 2 2 2 3 1 0
2.674615323724356e-07 0 1 3 1 2 2 1 0 0 1 3 0
2.674615323724356e-07 0 1 3 1 2 2 2 0 0 2 3 0
-0.00031229052038580374 0 1 3 1 3 0 0 3 1 3 1 0
-0.00031229052038580374 0 1 3 1 3 0 0 3 2 3 2 0
3.1585356304095796e-05 0 1 3 1 3 0 1 1 1 3 3 1
3.1585356304095796e-05 0 1 3 1 3 0 1 2 1 3 3 2
3.1585356304095796e-05 0 1 3 1 3 0 2 1 2 3 3 1
3.1585356304095796e-05 0 1 3 1 3 0 2 2 2 3 3 2
-0.00026273794851819343 0 1 3 1 3 3 1 1 1 0 3 1
-0.0002637977258386861 0 1 3 1 3 3 1 1 1 3 0 1
1.059777320492591e-06 0 1 3 1 3 3 1 2 1 0 3 2
-1.059777320492591e-06 0 1 3 1 3 3 1 2 1 3 0 2
-0.0002637977258386861 0 1 3 1 3 3 1 2 2 0 3 1
-0.00026273794851819343 0 1 3 1 3 3 1 2 2 3 0 1
-0.0002637977258386861 0 1 3 1 3 3 2 1 1 0 3 2
-0.00026273794851819343 0 1 3 1 3 3 2 1 1 3 0 2
1.059777320492591e-06 0 1 3 1 3 3 2 1 2 0 3 1
-1.059777320492591e-06 0 1 3 1 3 3 2 1 2 3 0 1
-0.00026273794851819343 0 1 3 1 3 3 2 2 2 0 3 2
-0.0002637977258386861 0 1 3 1 3 3 2 2 2 3 0 2
-0.0010112959430317418 0 1 3 2 0 0 0 0 1 3 2 0
0.0010112959430317418 0 1 3 2 0 0 0 0 2 3 1 0
-0.005149416902595206 0 1 3 2 0 0 0 1 0 2 0 0
-0.0005914797481997403 0 1 3 2 0 0 0 1 0 2 0 3
-0.0008859658899840893 0 1 3 2 0 0 0 1 0 2 3 0
-0.0010097465084842022 0 1 3 2 0 0 0 1 3 2 0 0
0.005149416902595206 0 1 3 2 0 0 0 2 0 1 0 0
0.0005914797481997403 0 1 3 2 0 0 0 2 0 1 0 3
0.0008859658899840893 0 1 3 2 0 0 0 2 0 1 3 0
0.0010097465084842022 0 1 3 2 0 0 0 2 3 1 0 0
-0.0008871707325560205 0 1 3 2 0 0 0 3 1 0 2 0
-0.005134774658109489 0 1 3 2 0 0 0 3 1 3 2 0
-0.0005915788471891225 0 1 3 2 0 0 0 3 1 3 2 3
0.0008871707325560205 0 1 3 2 0 0 0 3 2 0 1 0
0.005134774658109489 0 1 3 2 0 0 0 3 2 3 1 0
0.0005915788471891225 0 1 3 2 0 0 0 3 2 3 1 3
-0.0005853559295222072 0 1 3 2 0 0 3 1 0 2 0 0
0.0005853559295222072 0 1 3 2 0 0 3 2 0 1 0 0
-0.0005854728289838263 0 1 3 2 0 0 3 3 1 3 2 0
0.0005854728289838263 0 1 3 2 0 0 3 3 2 3 1 0
-0.0005603117613776126 0 1 3 2 0 3 0 1 0 2 0 0
0.0005603117613776126 0 1 3 2 0 3 0 2 0 1 0 0
-0.0005592559372779686 0 1 3 2 0 3 0 3 1 3 2 0
0.0005592559372779686 0 1 3 2 0 3 0 3 2 3 1 0
-0.0003141194480697976 0 1 3 2 1 1 0 3 1 0 0 2
3.232290991115402e-05 0 1 3 2 1 1 0 3 1 3 3 2
0.0003141194480697976 0 1 3 2 1 1 0 3 2 0 0 1
-3.232290991115402e-05 0 1 3 2 1 1 0 3 2 3 3 1
-0.00029815305361676825 0 1 3 2 1 1 3 3 1 3 0 2
0.00029815305361676825 0 1 3 2 1 1 3 3 2 3 0 1
0.00026490020031116716 0 1 3 2 1 2 1 0 0 1 3 0
0.00026490020031116716 0 1 3 2 1 2 2 0 0 2 3 0
-3.1442065166799096e-05 0 1 3 2 2 2 0 0 1 3 0 2
3.1442065166799096e-05 0 1 3 2 2 2 0 0 2 3 0 1
3.232290991115402e-05 0 1 3 2 2 2 0 3 1 3 3 2
-3.232290991115402e-05 0 1 3 2 2 2 0 3 2 3 3 1
-0.0003995158826497876 0 1 3 2 2 2 1 1 1 3 2 0
0.00036883289330033863 0 1 3 2 2 2 1 2 1 3 1 0
-3.0682989349448945e-05 0 1 3 2 2 2 1 2 2 3 2 0
3.0682989349448945e-05 0 1 3 2 2 2 2 1 1 3 1 0
-0.00036883289330033863 0 1 3 2 2 2 2 1 2 3 2 0
0.0003995158826497876 0 1 3 2 2 2 2 2 2 3 1 0
-0.0008214659748287255 0 1 3 2 3 0 0 0 1 0 2 0
-0.005149416902595209 0 1 3 2 3 0 0 0 1 3 2 0
-0.0005603117613776126 0 1 3 2 3 0 0 0 1 3 2 3
0.0008214659748287255 0 1 3 2 3 0 0 0 2 0 1 0
0.005149416902595209 0 1 3 2 3 0 0 0 2 3 1 0
0.0005603117613776126 0 1 3 2 3 0 0 0 2 3 1 3
-0.0008214659748287255 0 1 3 2 3 0 0 1 0 2 0 0
0.0008214659748287255 0 1 3 2 3 0 0 2 0 1 0 0
-0.00513477465810949 0 1 3 2 3 0 0 3 1 0 2 0
-0.0005592559372779686 0 1 3 2 3 0 0 3 1 0 2 3
40.0851445309092 0 1 3 2 3 0 0 3 1 3 2 0
-0.005148791134406901 0 1 3 2 3 0 0 3 1 3 2 3
0.00513477465810949 0 1 3 2 3 0 0 3 2 0 1 0
0.0005592559372779686 0 1 3 2 3 0 0 3 2 0 1 3
-40.0851445309092 0 1 3 2 3 0 0 3 2 3 1 0
0.005148791134406901 0 1 3 2 3 0 0 3 2 3 1 3
-0.0005538718769274549 0 1 3 2 3 0 3 0 1 3 2 0
0.0005538718769274549 0 1 3 2 3 0 3 0 2 3 1 0
-0.0005549511113600482 0 1 3 2 3 0 3 3 1 0 2 0
-0.005255461881213114 0 1 3 2 3 0 3 3 1 3 2 0
-0.0003124405501036443 0 1 3 2 3 0 3 3 1 3 2 3
0.0005549511113600482 0 1 3 2 3 0 3 3 2 0 1 0
0.005255461881213114 0 1 3 2 3 0 3 3 2 3 1 0
0.0003124405501036443 0 1 3 2 3 0 3 3 2 3 1 3
-0.0005914797481997403 0 1 3 2 3 3 0 0 1 3 2 0
0.0005914797481997403 0 1 3 2 3 3 0 0 2 3 1 0
-0.0005915788471891225 0 1 3 2 3 3 0 3 1 0 2 0
-0.0051487911344069 0 1 3 2 3 3 0 3 1 3 2 0
-0.0006663769295335942 0 1 3 2 3 3 0 3 1 3 2 3
0.0005915788471891225 0 1 3 2 3 3 0 3 2 0 1 0
0.0051487911344069 0 1 3 2 3 3 0 3 2 3 1 0
0.0006663769295335942 0 1 3 2 3 3 0 3 2 3 1 3
-0.000689934311330959 0 1 3 2 3 3 3 3 1 3 2 0
0.000689934311330959 0 1 3 2 3 3 3 3 2 3 1 0
-0.00028115679978653536 0 1 3 3 0 2 0 1 0 0 0 2
0.00028115679978653536 0 1 3 3 0 2 0 2 0 0 0 1
-0.0002743690990910074 0 1 3 3 0 2 1 0 0 0 2 0
0.0002743690990910074 0 1 3 3 0 2 2 0 0 0 1 0
-0.005682167749565271 0 1 3 3 1 0 0 0 1 1 0 0
-0.005682167749565271 0 1 3 3 1 0 0 0 2 2 0 0
-0.04990059948196507 0 1 3 3 1 0 0 3 1 1 0 0
-0.00574906224345504 0 1 3 3 1 0 0 3 1 1 0 3
-0.005685376875592395 0 1 3 3 1 0 0 3 1 1 3 0
-0.04990059948196507 0 1 3 3 1 0 0 3 2 2 0 0
-0.00574906224345504 0 1 3 3 1 0 0 3 2 2 0 3
-0.005685376875592395 0 1 3 3 1 0 0 3 2 2 3 0
-0.005689722936634466 0 1 3 3 1 0 3 3 1 1 0 0
-0.005689722936634466 0 1 3 3 1 0 3 3 2 2 0 0
-0.005434942795385244 0 1 3 3 1 3 0 3 1 1 0 0
-0.005434942795385244 0 1 3 3 1 3 0 3 2 2 0 0
0.002473406527388546 0 1 3 3 1 3 1 0 0 0 3 1
0.002473406527388546 0 1 3 3 1 3 2 0 0 0 3 2
0.0019771720082602516 0 1 3 3 2 0 0 1 0 0 2 0
-0.0019771720082602516 0 1 3 3 2 0 0 2 0 0 1 0
3.232290991115402e-05 0 1 3 3 3 2 0 3 1 1 2 1
3.232290991115402e-05 0 1 3 3 3 2 0 3 1 2 2 2
-3.232290991115402e-05 0 1 3 3 3 2 0 3 2 1 1 1
-3.232290991115402e-05 0 1 3 3 3 2 0 3 2 2 1 2
3.147530513756911e-05 0 1 3 3 3 2 1 1 1 2 3 0
-3.147530513756911e-05 0 1 3 3 3 2 1 2 1 1 3 0
3.147530513756911e-05 0 1 3 3 3 2 2 1 2 2 3 0
-3.147530513756911e-05 0 1 3 3 3 2 2 2 2 1 3 0
-40.225293988074746 0 2 0 0 0 1 0 1 0 0 0 2
0.005152728032620294 0 2 0 0 0 1 0 1 0 0 3 2
0.005152728032620293 0 2 0 0 0 1 0 1 0 3 0 2
0.0005522929912896221 0 2 0 0 0 1 0 1 0 3 3 2
0.0051674214726727934 0 2 0 0 0 1 0 1 3 0 0 2
0.0005523363684780985 0 2 0 0 0 1 0 1 3 0 3 2
0.00028115679978653536 0 2 0 0 0 1 0 1 3 3 0 2
40.22529398807474 0 2 0 0 0 1 0 2 0 0 0 1
-0.005152728032620294 0 2 0 0 0 1 0 2 0 0 3 1
-0.005152728032620293 0 2 0 0 0 1 0 2 0 3 0 1
-0.0005522929912896221 0 2 0 0 0 1 0 2 0 3 3 1
-0.0051674214726727934 0 2 0 0 0 1 0 2 3 0 0 1
-0.0005523363684780985 0 2 0 0 0 1 0 2 3 0 3 1
-0.00028115679978653536 0 2 0 0 0 1 0 2 3 3 0 1
-39.25418764292743 0 2 0 0 0 1 1 0 0 0 2 0
0.0050420565442345164 0 2 0 0 0 1 1 0 0 0 2 3
0.005028330629898973 0 2 0 0 0 1 1 0 0 3 2 0
0.0005476625454101291 0 2 0 0 0 1 1 0 0 3 2 3
0.005042669340230052 0 2 0 0 0 1 1 0 3 0 2 0
0.0005486964822454372 0 2 0 0 0 1 1 0 3 0 2 3
0.0002743690990910074 0 2 0 0 0 1 1 0 3 3 2 0
0.0050426693402300556 0 2 0 0 0 1 1 3 0 0 2 0
0.0008144800408331055 0 2 0 0 0 1 1 3 0 0 2 3
0.0005390018378698022 0 2 0 0 0 1 1 3 0 3 2 0
0.0005385135882774059 0 2 0 0 0 1 1 3 3 0 2 0
39.25418764292743 0 2 0 0 0 1 2 0 0 0 1 0
-0.0050420565442345164 0 2 0 0 0 1 2 0 0 0 1 3
-0.005028330629898973 0 2 0 0 0 1 2 0 0 3 1 0
-0.0005476625454101291 0 2 0 0 0 1 2 0 0 3 1 3
-0.005042669340230052 0 2 0 0 0 1 2 0 3 0 1 0
-0.0005486964822454372 0 2 0 0 0 1 2 0 3 0 1 3
-0.0002743690990910074 0 2 0 0 0 1 2 0 3 3 1 0
-0.0050426693402300556 0 2 0 0 0 1 2 3 0 0 1 0
-0.0008144800408331056 0 2 0 0 0 1 2 3 0 0 1 3
-0.0005390018378698022 0 2 0 0 0 1 2 3 0 3 1 0
-0.0005385135882774059 0 2 0 0 0 1 2 3 3 0 1 0
0.005273837230018666 0 2 0 0 0 1 3 1 0 0 0 2
0.0008162584578688629 0 2 0 0 0 1 3 1 0 0 3 2
0.0005568914584640246 0 2 0 0 0 1 3 1 0 3 0 2
0.0005558084505649709 0 2 0 0 0 1 3 1 3 0 0 2
-0.005273837230018666 0 2 0 0 0 1 3 2 0 0 0 1
-0.0008162584578688629 0 2 0 0 0 1 3 2 0 0 3 1
-0.0005568914584640246 0 2 0 0 0 1 3 2 0 3 0 1
-0.0005558084505649709 0 2 0 0 0 1 3 2 3 0 0 1
0.00032504736639620447 0 2 0 0 0 2 0 1 0 0 0 1
0.00032504736639620447 0 2 0 0 0 2 0 2 0 0 0 2
-0.0003015809451459933 0 2 0 0 0 2 1 0 0 0 1 0
-0.0003015809451459933 0 2 0 0 0 2 2 0 0 0 2 0
-469.6912504299846 0 2 0 0 1 0 0 1 0 0 2 0
0.06033439621323068 0 2 0 0 1 0 0 1 0 0 2 3
0.06017014879818404 0 2 0 0 1 0 0 1 0 3 2 0
0.006553454669941178 0 2 0 0 1 0 0 1 0 3 2 3
0.06034172906958962 0 2 0 0 1 0 0 1 3 0 2 0
0.006565826993443233 0 2 0 0 1 0 0 1 3 0 2 3
-0.0019771720082602516 0 2 0 0 1 0 0 1 3 3 2 0
469.6912504299847 0 2 0 0 1 0 0 2 0 0 1 0
-0.06033439621323068 0 2 0 0 1 0 0 2 0 0 1 3
-0.06017014879818404 0 2 0 0 1 0 0 2 0 3 1 0
-0.006553454669941178 0 2 0 0 1 0 0 2 0 3 1 3
-0.06034172906958962 0 2 0 0 1 0 0 2 3 0 1 0
-0.006565826993443233 0 2 0 0 1 0 0 2 3 0 1 3
0.0019771720082602516 0 2 0 0 1 0 0 2 3 3 1 0
0.061584381876692365 0 2 0 0 1 0 3 1 0 0 2 0
-0.0013264324805149705 0 2 0 0 1 0 3 1 0 0 2 3
0.00650300999938052 0 2 0 0 1 0 3 1 0 3 2 0
0.006490363349679017 0 2 0 0 1 0 3 1 3 0 2 0
-0.061584381876692365 0 2 0 0 1 0 3 2 0 0 1 0
0.0013264324805149705 0 2 0 0 1 0 3 2 0 0 1 3
-0.00650300999938052 0 2 0 0 1 0 3 2 0 3 1 0
-0.006490363349679017 0 2 0 0 1 0 3 2 3 0 1 0
0.06033439621323067 0 2 0 0 1 3 0 1 0 0 2 0
0.007841152309599543 0 2 0 0 1 3 0 1 0 0 2 3
0.006932219937833282 0 2 0 0 1 3 0 1 0 3 2 0
0.0069310586792905235 0 2 0 0 1 3 0 1 3 0 2 0
-0.06033439621323067 0 2 0 0 1 3 0 2 0 0 1 0
-0.007841152309599543 0 2 0 0 1 3 0 2 0 0 1 3
-0.006932219937833282 0 2 0 0 1 3 0 2 0 3 1 0
-0.0069310586792905235 0 2 0 0 1 3 0 2 3 0 1 0
2.0016372306386546e-07 0 2 0 0 1 3 1 0 0 0 3 2
-2.0016372306386546e-07 0 2 0 0 1 3 2 0 0 0 3 1
0.007754401571855641 0 2 0 0 1 3 3 1 0 0 2 0
-0.007754401571855641 0 2 0 0 1 3 3 2 0 0 1 0
-0.005679012520489332 0 2 0 0 2 0 0 0 1 1 0 0
-0.005679012520489332 0 2 0 0 2 0 0 0 2 2 0 0
1.81769205519558e-06 0 2 0 0 2 0 0 1 0 0 1 0
1.81769205519558e-06 0 2 0 0 2 0 0 2 0 0 2 0
-0.050042895264399236 0 2 0 0 2 0 0 3 1 1 0 0
-0.005748099182891046 0 2 0 0 2 0 0 3 1 1 0 3
-0.005682167749565271 0 2 0 0 2 0 0 3 1 1 3 0
-0.050042895264399236 0 2 0 0 2 0 0 3 2 2 0 0
-0.005748099182891046 0 2 0 0 2 0 0 3 2 2 0 3
-0.005682167749565271 0 2 0 0 2 0 0 3 2 2 3 0
-0.005635444112149209 0 2 0 0 2 0 1 0 0 0 0 1
-0.04877245168708543 0 2 0 0 2 0 1 0 0 0 3 1
-0.005603791257101903 0 2 0 0 2 0 1 0 0 3 3 1
-0.005602852531768963 0 2 0 0 2 0 1 0 3 0 3 1
-0.005634437888073059 0 2 0 0 2 0 1 3 0 0 3 1
-0.005635444112149209 0 2 0 0 2 0 2 0 0 0 0 2
-0.04877245168708543 0 2 0 0 2 0 2 0 0 0 3 2
-0.005603791257101903 0 2 0 0 2 0 2 0 0 3 3 2
-0.005602852531768963 0 2 0 0 2 0 2 0 3 0 3 2
-0.005634437888073059 0 2 0 0 2 0 2 3 0 0 3 2
-0.00568858688810219 0 2 0 0 2 0 3 3 1 1 0 0
-0.00568858688810219 0 2 0 0 2 0 3 3 2 2 0 0
-0.005445203470688011 0 2 0 0 2 3 0 3 1 1 0 0
-0.005445203470688011 0 2 0 0 2 3 0 3 2 2 0 0
-0.04863967917889991 0 2 0 0 2 3 1 0 0 0 0 1
379.6783990651298 0 2 0 0 2 3 1 0 0 0 3 1
-0.005213423596009487 0 2 0 0 2 3 1 0 0 3 0 1
-0.0486396791788999 0 2 0 0 2 3 1 0 0 3 3 1
-0.0052138330592137955 0 2 0 0 2 3 1 0 3 0 0 1
-0.04877837934038011 0 2 0 0 2 3 1 0 3 0 3 1
0.002462954751299291 0 2 0 0 2 3 1 0 3 3 3 1
0.0035160261000130484 0 2 0 0 2 3 1 3 0 0 0 1
-0.04877837934038014 0 2 0 0 2 3 1 3 0 0 3 1
-0.0052138330592137955 0 2 0 0 2 3 1 3 0 3 3 1
-0.005209110159054412 0 2 0 0 2 3 1 3 3 0 3 1
-0.04863967917889991 0 2 0 0 2 3 2 0 0 0 0 2
379.6783990651298 0 2 0 0 2 3 2 0 0 0 3 2
-0.005213423596009487 0 2 0 0 2 3 2 0 0 3 0 2
-0.0486396791788999 0 2 0 0 2 3 2 0 0 3 3 2
-0.0052138330592137955 0 2 0 0 2 3 2 0 3 0 0 2
-0.04877837934038011 0 2 0 0 2 3 2 0 3 0 3 2
0.002462954751299291 0 2 0 0 2 3 2 0 3 3 3 2
0.0035160261000130484 0 2 0 0 2 3 2 3 0 0 0 2
-0.04877837934038014 0 2 0 0 2 3 2 3 0 0 3 2
-0.0052138330592137955 0 2 0 0 2 3 2 3 0 3 3 2
-0.005209110159054412 0 2 0 0 2 3 2 3 3 0 3 2
0.005152728032620292 0 2 0 0 3 1 0 1 0 0 0 2
0.0010256582946108986 0 2 0 0 3 1 0 1 0 0 3 2
0.0005838263364326792 0 2 0 0 3 1 0 1 0 3 0 2
0.0005835043553002261 0 2 0 0 3 1 0 1 3 0 0 2
-0.005152728032620292 0 2 0 0 3 1 0 2 0 0 0 1
-0.0010256582946108986 0 2 0 0 3 1 0 2 0 0 3 1
-0.0005838263364326792 0 2 0 0 3 1 0 2 0 3 0 1
-0.0005835043553002261 0 2 0 0 3 1 0 2 3 0 0 1
3.1442065166799096e-05 0 2 0 0 3 1 0 3 1 1 1 2
3.1442065166799096e-05 0 2 0 0 3 1 0 3 1 2 2 2
-3.1442065166799096e-05 0 2 0 0 3 1 0 3 2 1 1 1
-3.1442065166799096e-05 0 2 0 0 3 1 0 3 2 2 2 1
0.0050283306298989725 0 2 0 0 3 1 1 0 0 0 2 0
0.0008854974771575364 0 2 0 0 3 1 1 0 0 0 2 3
0.0005697315735356752 0 2 0 0 3 1 1 0 0 3 2 0
0.0005694173656868787 0 2 0 0 3 1 1 0 3 0 2 0
3.0594899125134276e-05 0 2 0 0 3 1 1 1 1 2 3 0
3.0594899125134276e-05 0 2 0 0 3 1 1 2 2 2 3 0
0.0009996162376861152 0 2 0 0 3 1 1 3 0 0 2 0
-0.0050283306298989725 0 2 0 0 3 1 2 0 0 0 1 0
-0.0008854974771575364 0 2 0 0 3 1 2 0 0 0 1 3
-0.0005697315735356752 0 2 0 0 3 1 2 0 0 3 1 0
-0.0005694173656868787 0 2 0 0 3 1 2 0 3 0 1 0
-3.0594899125134276e-05 0 2 0 0 3 1 2 1 1 1 3 0
-3.0594899125134276e-05 0 2 0 0 3 1 2 2 2 1 3 0
-0.0009996162376861152 0 2 0 0 3 1 2 3 0 0 1 0
0.0008856729467201555 0 2 0 0 3 1 3 1 0 0 0 2
-0.0008856729467201555 0 2 0 0 3 1 3 2 0 0 0 1
-40.0851445309092 0 2 0 1 0 0 0 1 0 2 0 0
0.005148791134406901 0 2 0 1 0 0 0 1 0 2 0 3
0.0051347746581094904 0 2 0 1 0 0 0 1 0 2 3 0
0.0005592559372779686 0 2 0 1 0 0 0 1 0 2 3 3
0.005149416902595206 0 2 0 1 0 0 0 1 3 2 0 0
0.0005603117613776126 0 2 0 1 0 0 0 1 3 2 0 3
0.0008214659748287255 0 2 0 1 0 0 0 1 3 2 3 0
40.0851445309092 0 2 0 1 0 0 0 2 0 1 0 0
-0.005148791134406901 0 2 0 1 0 0 0 2 0 1 0 3
-0.0051347746581094904 0 2 0 1 0 0 0 2 0 1 3 0
-0.0005592559372779686 0 2 0 1 0 0 0 2 0 1 3 3
-0.005149416902595206 0 2 0 1 0 0 0 2 3 1 0 0
-0.0005603117613776126 0 2 0 1 0 0 0 2 3 1 0 3
-0.0008214659748287255 0 2 0 1 0 0 0 2 3 1 3 0
0.0008214659748287255 0 2 0 1 0 0 0 3 1 3 2 0
-0.0008214659748287255 0 2 0 1 0 0 0 3 2 3 1 0
0.005255461881213114 0 2 0 1 0 0 3 1 0 2 0 0
0.0003124405501036443 0 2 0 1 0 0 3 1 0 2 0 3
0.0005549511113600482 0 2 0 1 0 0 3 1 0 2 3 0
0.0005538718769274549 0 2 0 1 0 0 3 1 3 2 0 0
-0.005255461881213114 0 2 0 1 0 0 3 2 0 1 0 0
-0.0003124405501036443 0 2 0 1 0 0 3 2 0 1 0 3
-0.0005549511113600482 0 2 0 1 0 0 3 2 0 1 3 0
-0.0005538718769274549 0 2 0 1 0 0 3 2 3 1 0 0
0.0051487911344069 0 2 0 1 0 3 0 1 0 2 0 0
0.0006988128542011013 0 2 0 1 0 3 0 1 0 2 0 3
0.0005915788471891225 0 2 0 1 0 3 0 1 0 2 3 0
0.0005914797481997403 0 2 0 1 0 3 0 1 3 2 0 0
-0.0051487911344069 0 2 0 1 0 3 0 2 0 1 0 0
-0.0006988128542011013 0 2 0 1 0 3 0 2 0 1 0 3
-0.0005915788471891225 0 2 0 1 0 3 0 2 0 1 3 0
-0.0005914797481997403 0 2 0 1 0 3 0 2 3 1 0 0
0.0006591114901855952 0 2 0 1 0 3 3 1 0 2 0 0
-0.0006591114901855952 0 2 0 1 0 3 3 2 0 1 0 0
2.7407834467136425e-07 0 2 0 1 1 1 0 3 1 3 0 2
-2.7407834467136425e-07 0 2 0 1 1 1 0 3 2 3 0 1
-0.0003787652678921055 0 2 0 1 1 2 0 1 0 1 2 2
-3.232290991115402e-05 0 2 0 1 1 2 0 1 0 2 1 2
0.0004110881778032595 0 2 0 1 1 2 0 1 0 2 2 1
0.0004110881778032595 0 2 0 1 1 2 0 2 0 1 1 2
-3.232290991115402e-05 0 2 0 1 1 2 0 2 0 1 2 1
-0.0003787652678921055 0 2 0 1 1 2 0 2 0 2 1 1
-3.1533345143057104e-05 0 2 0 1 2 1 0 1 0 1 2 2
6.385625505421112e-05 0 2 0 1 2 1 0 1 0 2 1 2
-3.232290991115402e-05 0 2 0 1 2 1 0 1 0 2 2 1
-3.232290991115402e-05 0 2 0 1 2 1 0 2 0 1 1 2
6.385625505421112e-05 0 2 0 1 2 1 0 2 0 1 2 1
-3.1533345143057104e-05 0 2 0 1 2 1 0 2 0 2 1 1
-3.077206564022325e-05 0 2 0 1 2 1 1 0 0 1 0 0
0.0003061820767001012 0 2 0 1 2 1 1 0 0 1 3 3
0.00030588228302520055 0 2 0 1 2 1 1 0 3 1 3 0
-3.077206564022325e-05 0 2 0 1 2 1 2 0 0 2 0 0
0.0003061820767001012 0 2 0 1 2 1 2 0 0 2 3 3
0.00030588228302520055 0 2 0 1 2 1 2 0 3 2 3 0
0.00027172772538090577 0 2 0 1 2 2 0 3 1 3 0 2
-0.00027172772538090577 0 2 0 1 2 2 0 3 2 3 0 1
0.0008847762754123871 0 2 0 1 3 0 0 0 1 3 2 0
-0.0008847762754123871 0 2 0 1 3 0 0 0 2 3 1 0
0.005134774658109489 0 2 0 1 3 0 0 1 0 2 0 0
0.0005915788471891225 0 2 0 1 3 0 0 1 0 2 0 3
0.0010128646333409609 0 2 0 1 3 0 0 1 0 2 3 0
0.0008859658899840893 0 2 0 1 3 0 0 1 3 2 0 0
-0.005134774658109489 0 2 0 1 3 0 0 2 0 1 0 0
-0.0005915788471891225 0 2 0 1 3 0 0 2 0 1 0 3
-0.0010128646333409609 0 2 0 1 3 0 0 2 0 1 3 0
-0.0008859658899840893 0 2 0 1 3 0 0 2 3 1 0 0
0.0010112959430317418 0 2 0 1 3 0 0 3 1 0 2 0
0.005149416902595206 0 2 0 1 3 0 0 3 1 3 2 0
0.0005914797481997403 0 2 0 1 3 0 0 3 1 3 2 3
-0.0010112959430317418 0 2 0 1 3 0 0 3 2 0 1 0
-0.005149416902595206 0 2 0 1 3 0 0 3 2 3 1 0
-0.0005914797481997403 0 2 0 1 3 0 0 3 2 3 1 3
0.0005854728289838263 0 2 0 1 3 0 3 1 0 2 0 0
-0.0005854728289838263 0 2 0 1 3 0 3 2 0 1 0 0
0.0005853559295222072 0 2 0 1 3 0 3 3 1 3 2 0
-0.0005853559295222072 0 2 0 1 3 0 3 3 2 3 1 0
0.0005592559372779686 0 2 0 1 3 3 0 1 0 2 0 0
-0.0005592559372779686 0 2 0 1 3 3 0 2 0 1 0 0
0.0005603117613776126 0 2 0 1 3 3 0 3 1 3 2 0
-0.0005603117613776126 0 2 0 1 3 3 0 3 2 3 1 0
0.00031405431548981496 0 2 0 2 0 0 0 1 0 1 0 0
0.00031405431548981496 0 2 0 2 0 0 0 2 0 2 0 0
3.1652855047306194e-05 0 2 0 2 0 0 1 0 0 1 2 2
-3.1652855047306194e-05 0 2 0 2 0 0 1 0 0 2 2 1
-3.1652855047306194e-05 0 2 0 2 0 0 2 0 0 1 1 2
3.1652855047306194e-05 0 2 0 2 0 0 2 0 0 2 1 1
0.0002637977258386861 0 2 0 2 0 3 1 0 3 1 1 1
1.059777320492591e-06 0 2 0 2 0 3 1 0 3 1 2 2
0.00026273794851819343 0 2 0 2 0 3 1 0 3 2 2 1
0.00026273794851819343 0 2 0 2 0 3 1 3 0 1 1 1
-1.059777320492591e-06 0 2 0 2 0 3 1 3 0 1 2 2
0.0002637977258386861 0 2 0 2 0 3 1 3 0 2 2 1
0.00026273794851819343 0 2 0 2 0 3 2 0 3 1 1 2
1.059777320492591e-06 0 2 0 2 0 3 2 0 3 2 1 1
0.0002637977258386861 0 2 0 2 0 3 2 0 3 2 2 2
0.0002637977258386861 0 2 0 2 0 3 2 3 0 1 1 2
-1.059777320492591e-06 0 2 0 2 0 3 2 3 0 2 1 1
0.00026273794851819343 0 2 0 2 0 3 2 3 0 2 2 2
0.0004102986130351626 0 2 0 2 1 1 0 1 0 1 2 2
-3.1533345143057104e-05 0 2 0 2 1 1 0 1 0 2 1 2
-0.0003787652678921055 0 2 0 2 1 1 0 1 0 2 2 1
-0.0003787652678921055 0 2 0 2 1 1 0 2 0 1 1 2
-3.1533345143057104e-05 0 2 0 2 1 1 0 2 0 1 2 1
0.0004102986130351626 0 2 0 2 1 1 0 2 0 2 1 1
3.077206564022325e-05 0 2 0 2 1 1 1 0 0 1 0 0
-3.147530513756911e-05 0 2 0 2 1 1 1 3 0 1 3 0
3.077206564022325e-05 0 2 0 2 1 1 2 0 0 2 0 0
-3.147530513756911e-05 0 2 0 2 1 1 2 3 0 2 3 0
-0.0002714536470362344 0 2 0 2 2 1 0 3 1 3 0 2
0.0002714536470362344 0 2 0 2 2 1 0 3 2 3 0 1
0.0003061820767001012 0 2 0 2 2 2 1 0 0 1 3 3
0.00030588228302520055 0 2 0 2 2 2 1 0 3 1 3 0
-3.147530513756911e-05 0 2 0 2 2 2 1 3 0 1 3 0
0.0003061820767001012 0 2 0 2 2 2 2 0 0 2 3 3
0.00030588228302520055 0 2 0 2 2 2 2 0 3 2 3 0
-3.147530513756911e-05 0 2 0 2 2 2 2 3 0 2 3 0
0.0002976620891857661 0 2 0 2 3 3 1 0 0 1 1 1
0.0002976620891857661 0 2 0 2 3 3 1 0 0 2 2 1
-0.000295948335041611 0 2 0 2 3 3 1 1 1 3 3 1
-0.000295948335041611 0 2 0 2 3 3 1 2 2 3 3 1
0.0002976620891857661 0 2 0 2 3 3 2 0 0 1 1 2
0.0002976620891857661 0 2 0 2 3 3 2 0 0 2 2 2
-0.000295948335041611 0 2 0 2 3 3 2 1 1 3 3 2
-0.000295948335041611 0 2 0 2 3 3 2 2 2 3 3 2
0.0051527280326202915 0 2 0 3 0 1 0 1 0 0 0 2
0.0005838263364326792 0 2 0 3 0 1 0 1 0 0 3 2
0.0006792159366299473 0 2 0 3 0 1 0 1 0 3 0 2
0.0006463884856338243 0 2 0 3 0 1 0 1 3 0 0 2
-0.0051527280326202915 0 2 0 3 0 1 0 2 0 0 0 1
-0.0005838263364326792 0 2 0 3 0 1 0 2 0 0 3 1
-0.0006792159366299473 0 2 0 3 0 1 0 2 0 3 0 1
-0.0006463884856338243 0 2 0 3 0 1 0 2 3 0 0 1
0.005028330629898972 0 2 0 3 0 1 1 0 0 0 2 0
0.0005793154004574353 0 2 0 3 0 1 1 0 0 0 2 3
0.0006312757048161215 0 2 0 3 0 1 1 0 0 3 2 0
0.0006622586495233456 0 2 0 3 0 1 1 0 3 0 2 0
0.0005694173656868787 0 2 0 3 0 1 1 3 0 0 2 0
-0.005028330629898972 0 2 0 3 0 1 2 0 0 0 1 0
-0.0005793154004574353 0 2 0 3 0 1 2 0 0 0 1 3
-0.0006312757048161215 0 2 0 3 0 1 2 0 0 3 1 0
-0.0006622586495233456 0 2 0 3 0 1 2 0 3 0 1 0
-0.0005694173656868787 0 2 0 3 0 1 2 3 0 0 1 0
0.0005875198931033872 0 2 0 3 0 1 3 1 0 0 0 2
-0.0005875198931033872 0 2 0 3 0 1 3 2 0 0 0 1
0.06017014879818402 0 2 0 3 1 0 0 1 0 0 2 0
0.006932219937833282 0 2 0 3 1 0 0 1 0 0 2 3
0.007585412241489372 0 2 0 3 1 0 0 1 0 3 2 0
0.007579429582581099 0 2 0 3 1 0 0 1 3 0 2 0
-0.06017014879818402 0 2 0 3 1 0 0 2 0 0 1 0
-0.006932219937833282 0 2 0 3 1 0 0 2 0 0 1 3
-0.007585412241489372 0 2 0 3 1 0 0 2 0 3 1 0
-0.007579429582581099 0 2 0 3 1 0 0 2 3 0 1 0
0.006860668594602115 0 2 0 3 1 0 3 1 0 0 2 0
-0.006860668594602115 0 2 0 3 1 0 3 2 0 0 1 0
0.006553454669941178 0 2 0 3 1 3 0 1 0 0 2 0
-0.006553454669941178 0 2 0 3 1 3 0 2 0 0 1 0
0.003620103957917698 0 2 0 3 2 0 0 3 1 1 0 0
0.003620103957917698 0 2 0 3 2 0 0 3 2 2 0 0
-0.005297609180401802 0 2 0 3 2 0 1 0 0 0 3 1
-0.005297609180401802 0 2 0 3 2 0 2 0 0 0 3 2
-0.005511085685195253 0 2 0 3 2 3 1 0 0 0 0 1
-0.048639679178899886 0 2 0 3 2 3 1 0 0 0 3 1
-0.006106409863566783 0 2 0 3 2 3 1 0 0 3 3 1
-0.006101647198751154 0 2 0 3 2 3 1 0 3 0 3 1
-0.0055080463128695575 0 2 0 3 2 3 1 3 0 0 3 1
-0.005511085685195253 0 2 0 3 2 3 2 0 0 0 0 2
-0.048639679178899886 0 2 0 3 2 3 2 0 0 0 3 2
-0.006106409863566783 0 2 0 3 2 3 2 0 0 3 3 2
-0.006101647198751154 0 2 0 3 2 3 2 0 3 0 3 2
-0.0055080463128695575 0 2 0 3 2 3 2 3 0 0 3 2
0.0005522929912896221 0 2 0 3 3 1 0 1 0 0 0 2
-0.0005522929912896221 0 2 0 3 3 1 0 2 0 0 0 1
0.000538959507895452 0 2 0 3 3 1 1 0 0 0 2 0
-0.000538959507895452 0 2 0 3 3 1 2 0 0 0 1 0
-40.321539960772526 0 2 1 0 0 0 0 1 2 0 0 0
0.005179155407755999 0 2 1 0 0 0 0 1 2 0 0 3
0.00516505627125611 0 2 1 0 0 0 0 1 2 0 3 0
0.0005625540707054707 0 2 1 0 0 0 0 1 2 0 3 3
0.005165056271256109 0 2 1 0 0 0 0 1 2 3 0 0
0.0005625540707054707 0 2 1 0 0 0 0 1 2 3 0 3
0.0008262254325471651 0 2 1 0 0 0 0 1 2 3 3 0
40.321539960772526 0 2 1 0 0 0 0 2 1 0 0 0
-0.005179155407755999 0 2 1 0 0 0 0 2 1 0 0 3
-0.00516505627125611 0 2 1 0 0 0 0 2 1 0 3 0
-0.0005625540707054707 0 2 1 0 0 0 0 2 1 0 3 3
-0.005165056271256109 0 2 1 0 0 0 0 2 1 3 0 0
-0.0005625540707054707 0 2 1 0 0 0 0 2 1 3 0 3
-0.0008262254325471651 0 2 1 0 0 0 0 2 1 3 3 0
0.005286455230325789 0 2 1 0 0 0 3 1 2 0 0 0
0.0003142831244130375 0 2 1 0 0 0 3 1 2 0 0 3
0.0005582238576806586 0 2 1 0 0 0 3 1 2 0 3 0
0.0005582238576806586 0 2 1 0 0 0 3 1 2 3 0 0
-0.005286455230325789 0 2 1 0 0 0 3 2 1 0 0 0
-0.0003142831244130375 0 2 1 0 0 0 3 2 1 0 0 3
-0.0005582238576806586 0 2 1 0 0 0 3 2 1 0 3 0
-0.0005582238576806586 0 2 1 0 0 0 3 2 1 3 0 0
0.005179155407755998 0 2 1 0 0 3 0 1 2 0 0 0
0.0007015837574560575 0 2 1 0 0 3 0 1 2 0 0 3
0.00059506760044298 0 2 1 0 0 3 0 1 2 0 3 0
0.00059506760044298 0 2 1 0 0 3 0 1 2 3 0 0
-0.005179155407755998 0 2 1 0 0 3 0 2 1 0 0 0
-0.0007015837574560575 0 2 1 0 0 3 0 2 1 0 0 3
-0.00059506760044298 0 2 1 0 0 3 0 2 1 0 3 0
-0.00059506760044298 0 2 1 0 0 3 0 2 1 3 0 0
0.0002942132536557626 0 2 1 0 0 3 1 1 0 2 3 1
-0.0002942132536557626 0 2 1 0 0 3 1 2 0 1 3 1
0.0002942132536557626 0 2 1 0 0 3 2 1 0 2 3 2
-0.0002942132536557626 0 2 1 0 0 3 2 2 0 1 3 2
0.0006629985077268169 0 2 1 0 0 3 3 1 2 0 0 0
-0.0006629985077268169 0 2 1 0 0 3 3 2 1 0 0 0
-0.0003652316858472889 0 2 1 0 1 2 0 1 1 0 2 2
-3.251352973750936e-05 0 2 1 0 1 2 0 1 2 0 1 2
0.00039774521558479824 0 2 1 0 1 2 0 1 2 0 2 1
0.00039774521558479824 0 2 1 0 1 2 0 2 1 0 1 2
-3.251352973750936e-05 0 2 1 0 1 2 0 2 1 0 2 1
-0.0003652316858472889 0 2 1 0 1 2 0 2 2 0 1 1
-0.0003564142452947691 0 2 1 0 1 2 1 1 0 2 2 0
-3.1752085912001624e-05 0 2 1 0 1 2 1 2 0 1 2 0
0.0003881663312067707 0 2 1 0 1 2 1 2 0 2 1 0
0.0003881663312067707 0 2 1 0 1 2 2 1 0 1 2 0
-3.1752085912001624e-05 0 2 1 0 1 2 2 1 0 2 1 0
-0.0003564142452947691 0 2 1 0 1 2 2 2 0 1 1 0
-3.116798682212774e-05 0 2 1 0 2 1 0 0 0 1 0 1
-3.116798682212774e-05 0 2 1 0 2 1 0 0 0 2 0 2
-3.116798682212774e-05 0 2 1 0 2 1 0 1 1 0 2 2
6.36815165596371e-05 0 2 1 0 2 1 0 1 2 0 1 2
-3.251352973750936e-05 0 2 1 0 2 1 0 1 2 0 2 1
-3.251352973750936e-05 0 2 1 0 2 1 0 2 1 0 1 2
6.36815165596371e-05 0 2 1 0 2 1 0 2 1 0 2 1
-3.116798682212774e-05 0 2 1 0 2 1 0 2 2 0 1 1
0.00030289571220303355 0 2 1 0 2 1 0 3 3 1 0 1
0.00030289571220303355 0 2 1 0 2 1 0 3 3 2 0 2
-3.0415527817076513e-05 0 2 1 0 2 1 1 0 1 0 0 0
0.00029524194937867655 0 2 1 0 2 1 1 0 1 0 3 3
0.0002955831896606162 0 2 1 0 2 1 1 0 1 3 3 0
-3.0415527817076513e-05 0 2 1 0 2 1 1 1 0 2 2 0
6.216761372907814e-05 0 2 1 0 2 1 1 2 0 1 2 0
-3.1752085912001624e-05 0 2 1 0 2 1 1 2 0 2 1 0
-3.0415527817076513e-05 0 2 1 0 2 1 2 0 2 0 0 0
0.00029524194937867655 0 2 1 0 2 1 2 0 2 0 3 3
0.0002955831896606162 0 2 1 0 2 1 2 0 2 3 3 0
-3.1752085912001624e-05 0 2 1 0 2 1 2 1 0 1 2 0
6.216761372907814e-05 0 2 1 0 2 1 2 1 0 2 1 0
-3.0415527817076513e-05 0 2 1 0 2 1 2 2 0 1 1 0
0.0002881142043386555 0 2 1 0 2 1 3 3 0 1 0 1
0.0002881142043386555 0 2 1 0 2 1 3 3 0 2 0 2
0.005165056271256108 0 2 1 0 3 0 0 1 2 0 0 0
0.00059506760044298 0 2 1 0 3 0 0 1 2 0 0 3
0.0010123998892020369 0 2 1 0 3 0 0 1 2 0 3 0
0.0008870635279894412 0 2 1 0 3 0 0 1 2 3 0 0
-0.005165056271256108 0 2 1 0 3 0 0 2 1 0 0 0
-0.00059506760044298 0 2 1 0 3 0 0 2 1 0 0 3
-0.0010123998892020369 0 2 1 0 3 0 0 2 1 0 3 0
-0.0008870635279894412 0 2 1 0 3 0 0 2 1 3 0 0
-0.0003123515159788752 0 2 1 0 3 0 0 3 0 1 2 0
0.0003123515159788752 0 2 1 0 3 0 0 3 0 2 1 0
-3.052187354755202e-05 0 2 1 0 3 0 1 1 0 2 3 1
-3.052187354755202e-05 0 2 1 0 3 0 1 2 0 2 3 2
3.052187354755202e-05 0 2 1 0 3 0 2 1 0 1 3 1
3.052187354755202e-05 0 2 1 0 3 0 2 2 0 1 3 2
0.0005889255728519814 0 2 1 0 3 0 3 1 2 0 0 0
-0.0005889255728519814 0 2 1 0 3 0 3 2 1 0 0 0
0.0005625540707054707 0 2 1 0 3 3 0 1 2 0 0 0
-0.0005625540707054707 0 2 1 0 3 3 0 2 1 0 0 0
0.0002661174535913495 0 2 1 0 3 3 1 1 0 2 0 1
0.0002653534359164768 0 2 1 0 3 3 1 1 3 2 3 1
-0.0002650483570287967 0 2 1 0 3 3 1 2 0 1 0 1
1.0690965625526732e-06 0 2 1 0 3 3 1 2 0 2 0 2
-0.00026428740870792133 0 2 1 0 3 3 1 2 3 1 3 1
1.0660272085553583e-06 0 2 1 0 3 3 1 2 3 2 3 2
-1.0690965625526732e-06 0 2 1 0 3 3 2 1 0 1 0 1
0.0002650483570287967 0 2 1 0 3 3 2 1 0 2 0 2
-1.0660272085553583e-06 0 2 1 0 3 3 2 1 3 1 3 1
0.00026428740870792133 0 2 1 0 3 3 2 1 3 2 3 2
-0.0002661174535913495 0 2 1 0 3 3 2 2 0 1 0 2
-0.0002653534359164768 0 2 1 0 3 3 2 2 3 1 3 2
-0.0002817965381586435 0 2 1 1 0 1 0 3 0 3 1 2
0.0002817965381586435 0 2 1 1 0 1 0 3 0 3 2 1
-0.0002741301971131988 0 2 1 1 0 1 1 2 0 3 3 0
0.0002741301971131988 0 2 1 1 0 1 2 1 0 3 3 0
-3.116798682212774e-05 0 2 1 1 0 2 0 1 1 2 0 2
-3.251352973750936e-05 0 2 1 1 0 2 0 1 2 1 0 2
6.36815165596371e-05 0 2 1 1 0 2 0 1 2 2 0 1
6.36815165596371e-05 0 2 1 1 0 2 0 2 1 1 0 2
-3.251352973750936e-05 0 2 1 1 0 2 0 2 1 2 0 1
-3.116798682212774e-05 0 2 1 1 0 2 0 2 2 1 0 1
-0.008604366779484295 0 2 1 1 1 3 1 1 0 3 2 1
0.008595136782682262 0 2 1 1 1 3 1 2 0 3 1 1
-9.2299968020316e-06 0 2 1 1 1 3 1 2 0 3 2 2
9.2299968020316e-06 0 2 1 1 1 3 2 1 0 3 1 1
-0.008595136782682262 0 2 1 1 1 3 2 1 0 3 2 2
0.008604366779484295 0 2 1 1 1 3 2 2 0 3 1 2
-0.004860701774736546 0 2 1 1 2 0 0 0 0 0 0 0
-0.04489347836180405 0 2 1 1 2 0 0 0 0 3 0 0
-0.004884891709310398 0 2 1 1 2 0 0 0 0 3 0 3
0.004631399900949441 0 2 1 1 2 0 0 0 0 3 3 0
-0.004794236245076945 0 2 1 1 2 0 0 0 3 3 0 0
-6.449991515536401e-05 0 2 1 1 2 0 0 1 1 2 2 0
-6.083809544227616e-05 0 2 1 1 2 0 0 1 2 1 2 0
0.00012533801059764018 0 2 1 1 2 0 0 1 2 2 1 0
0.00012533801059764018 0 2 1 1 2 0 0 2 1 1 2 0
-6.083809544227616e-05 0 2 1 1 2 0 0 2 1 2 1 0
-6.449991515536401e-05 0 2 1 1 2 0 0 2 2 1 1 0
-0.04476582482385559 0 2 1 1 2 0 0 3 0 0 0 0
-0.004875686858107274 0 2 1 1 2 0 0 3 0 0 0 3
-0.004798206143036375 0 2 1 1 2 0 0 3 0 0 3 0
349.43550448574126 0 2 1 1 2 0 0 3 0 3 0 0
-0.044888022810009996 0 2 1 1 2 0 0 3 0 3 0 3
-0.0447658248238556 0 2 1 1 2 0 0 3 0 3 3 0
-0.004875686858107274 0 2 1 1 2 0 0 3 0 3 3 3
0.004631399900949441 0 2 1 1 2 0 0 3 3 0 0 0
-0.044893478361804025 0 2 1 1 2 0 0 3 3 3 0 0
-0.004884891709310398 0 2 1 1 2 0 0 3 3 3 0 3
-0.004860701774736546 0 2 1 1 2 0 0 3 3 3 3 0
-0.004828747718896654 0 2 1 1 2 0 3 0 0 3 0 0
-0.004838156665300377 0 2 1 1 2 0 3 3 0 0 0 0
-0.04581799623305304 0 2 1 1 2 0 3 3 0 3 0 0
0.002850021388781326 0 2 1 1 2 0 3 3 0 3 0 3
-0.004838156665300377 0 2 1 1 2 0 3 3 0 3 3 0
-0.004828747718896654 0 2 1 1 2 0 3 3 3 3 0 0
-0.005156619434691304 0 2 1 1 2 3 0 0 0 3 0 0
-0.005157483396265917 0 2 1 1 2 3 0 3 0 0 0 0
-0.04488802281000999 0 2 1 1 2 3 0 3 0 3 0 0
-0.005809585596331256 0 2 1 1 2 3 0 3 0 3 0 3
-0.005157483396265917 0 2 1 1 2 3 0 3 0 3 3 0
-0.005156619434691304 0 2 1 1 2 3 0 3 3 3 0 0
-0.005746244280153494 0 2 1 1 2 3 3 3 0 3 0 0
-0.00030289571220303355 0 2 1 1 3 1 0 0 0 3 1 2
0.00030289571220303355 0 2 1 1 3 1 0 0 0 3 2 1
3.116798682212774e-05 0 2 1 1 3 1 0 3 3 3 1 2
-3.116798682212774e-05 0 2 1 1 3 1 0 3 3 3 2 1
-0.0002955831896606162 0 2 1 1 3 1 1 2 0 3 0 0
-0.00029524194937867655 0 2 1 1 3 1 1 2 0 3 3 3
3.1660926333689644e-05 0 2 1 1 3 1 1 2 3 3 3 0
0.0002955831896606162 0 2 1 1 3 1 2 1 0 3 0 0
0.00029524194937867655 0 2 1 1 3 1 2 1 0 3 3 3
-3.1660926333689644e-05 0 2 1 1 3 1 2 1 3 3 3 0
-0.0002881142043386555 0 2 1 1 3 1 3 3 0 3 1 2
0.0002881142043386555 0 2 1 1 3 1 3 3 0 3 2 1
-0.0003652316858472889 0 2 1 2 0 1 0 1 1 2 0 2
0.00039774521558479824 0 2 1 2 0 1 0 1 2 1 0 2
-3.251352973750936e-05 0 2 1 2 0 1 0 1 2 2 0 1
-3.251352973750936e-05 0 2 1 2 0 1 0 2 1 1 0 2
0.00039774521558479824 0 2 1 2 0 1 0 2 1 2 0 1
-0.0003652316858472889 0 2 1 2 0 1 0 2 2 1 0 1
3.0415527817076513e-05 0 2 1 2 0 1 1 0 1 1 1 0
-0.0003564142452947691 0 2 1 2 0 1 1 0 1 2 2 0
0.0003868297731118456 0 2 1 2 0 1 1 0 2 1 2 0
0.0003868297731118456 0 2 1 2 0 1 2 0 1 2 1 0
-0.0003564142452947691 0 2 1 2 0 1 2 0 2 1 1 0
3.0415527817076513e-05 0 2 1 2 0 1 2 0 2 2 2 0
2.7678077443251797e-07 0 2 1 2 0 2 1 2 0 3 3 0
-2.7678077443251797e-07 0 2 1 2 0 2 2 1 0 3 3 0
-0.00955660159084135 0 2 1 2 1 0 0 1 1 2 2 0
0.009617439686283626 0 2 1 2 1 0 0 1 2 1 2 0
-6.083809544227616e-05 0 2 1 2 1 0 0 1 2 2 1 0
-6.083809544227616e-05 0 2 1 2 1 0 0 2 1 1 2 0
0.009617439686283626 0 2 1 2 1 0 0 2 1 2 1 0
-0.00955660159084135 0 2 1 2 1 0 0 2 2 1 1 0
7.0986418843760335e-09 0 2 1 2 1 0 0 3 0 3 0 0
9.239316044091684e-06 0 2 1 2 2 3 1 0 1 1 3 2
0.008597447191192868 0 2 1 2 2 3 1 0 1 2 3 1
-0.00860668650723696 0 2 1 2 2 3 1 0 2 1 3 1
2.3197277526634202e-06 0 2 1 2 2 3 1 1 0 3 2 1
-2.310408510603337e-06 0 2 1 2 2 3 1 2 0 3 1 1
9.319242060082287e-09 0 2 1 2 2 3 1 2 0 3 2 2
0.00860668650723696 0 2 1 2 2 3 2 0 1 2 3 2
-0.008597447191192868 0 2 1 2 2 3 2 0 2 1 3 2
-9.239316044091684e-06 0 2 1 2 2 3 2 0 2 2 3 1
-9.319242060082287e-09 0 2 1 2 2 3 2 1 0 3 1 1
2.310408510603337e-06 0 2 1 2 2 3 2 1 0 3 2 2
-2.3197277526634202e-06 0 2 1 2 2 3 2 2 0 3 1 2
-3.0415527817076513e-05 0 2 1 2 3 2 1 2 0 0 3 0
3.1660926333689644e-05 0 2 1 2 3 2 1 2 3 3 3 0
3.0415527817076513e-05 0 2 1 2 3 2 2 1 0 0 3 0
-3.1660926333689644e-05 0 2 1 2 3 2 2 1 3 3 3 0
0.005165056271256107 0 2 1 3 0 0 0 1 2 0 0 0
0.00059506760044298 0 2 1 3 0 0 0 1 2 0 0 3
0.0008870635279894412 0 2 1 3 0 0 0 1 2 0 3 0
0.0010123998892020369 0 2 1 3 0 0 0 1 2 3 0 0
-0.005165056271256107 0 2 1 3 0 0 0 2 1 0 0 0
-0.00059506760044298 0 2 1 3 0 0 0 2 1 0 0 3
-0.0008870635279894412 0 2 1 3 0 0 0 2 1 0 3 0
-0.0010123998892020369 0 2 1 3 0 0 0 2 1 3 0 0
0.0005889255728519814 0 2 1 3 0 0 3 1 2 0 0 0
-0.0005889255728519814 0 2 1 3 0 0 3 2 1 0 0 0
0.0005625540707054707 0 2 1 3 0 3 0 1 2 0 0 0
-0.0005625540707054707 0 2 1 3 0 3 0 2 1 0 0 0
0.0002817965381586435 0 2 1 3 2 1 0 3 0 1 0 1
0.0002817965381586435 0 2 1 3 2 1 0 3 0 2 0 2
0.00027440697788763137 0 2 1 3 2 1 1 0 1 0 3 0
0.00027440697788763137 0 2 1 3 2 1 2 0 2 0 3 0
0.0008262254325471651 0 2 1 3 3 0 0 1 2 0 0 0
-0.0008262254325471651 0 2 1 3 3 0 0 2 1 0 0 0
0.0002942132536557626 0 2 1 3 3 3 1 1 0 2 3 1
-0.0002942132536557626 0 2 1 3 3 3 1 2 0 1 3 1
0.0002942132536557626 0 2 1 3 3 3 2 1 0 2 3 2
-0.0002942132536557626 0 2 1 3 3 3 2 2 0 1 3 2
0.001013759704910274 0 2 2 0 0 0 0 0 0 1 1 0
0.001013759704910274 0 2 2 0 0 0 0 0 0 2 2 0
0.000313136272016009 0 2 2 0 0 0 0 1 1 0 0 0
0.000313136272016009 0 2 2 0 0 0 0 2 2 0 0 0
0.0051799277360604825 0 2 2 0 0 0 0 3 0 1 1 0
0.0005967809461281876 0 2 2 0 0 0 0 3 0 1 1 3
0.0051799277360604825 0 2 2 0 0 0 0 3 0 2 2 0
0.0005967809461281876 0 2 2 0 0 0 0 3 0 2 2 3
0.0008884248483951053 0 2 2 0 0 0 0 3 3 1 1 0
0.0008884248483951053 0 2 2 0 0 0 0 3 3 2 2 0
3.052187354755202e-05 0 2 2 0 0 0 1 0 1 0 2 2
-3.052187354755202e-05 0 2 2 0 0 0 1 0 2 0 2 1
-3.052187354755202e-05 0 2 2 0 0 0 2 0 1 0 1 2
3.052187354755202e-05 0 2 2 0 0 0 2 0 2 0 1 1
0.0005906212341321506 0 2 2 0 0 0 3 3 0 1 1 0
0.0005906212341321506 0 2 2 0 0 0 3 3 0 2 2 0
0.0005641738019578893 0 2 2 0 0 3 0 3 0 1 1 0
0.0005641738019578893 0 2 2 0 0 3 0 3 0 2 2 0
0.0002650483570287967 0 2 2 0 0 3 1 0 1 3 1 1
-1.0690965625526732e-06 0 2 2 0 0 3 1 0 1 3 2 2
0.0002661174535913495 0 2 2 0 0 3 1 0 2 3 2 1
0.00026428740870792133 0 2 2 0 0 3 1 3 1 0 1 1
-1.0660272085553583e-06 0 2 2 0 0 3 1 3 1 0 2 2
0.0002653534359164768 0 2 2 0 0 3 1 3 2 0 2 1
0.0002661174535913495 0 2 2 0 0 3 2 0 1 3 1 2
-1.0690965625526732e-06 0 2 2 0 0 3 2 0 2 3 1 1
0.0002650483570287967 0 2 2 0 0 3 2 0 2 3 2 2
0.0002653534359164768 0 2 2 0 0 3 2 3 1 0 1 2
-1.0660272085553583e-06 0 2 2 0 0 3 2 3 2 0 1 1
0.00026428740870792133 0 2 2 0 0 3 2 3 2 0 2 2
3.116798682212774e-05 0 2 2 0 1 1 0 0 0 1 0 1
3.116798682212774e-05 0 2 2 0 1 1 0 0 0 2 0 2
0.0003963996726694166 0 2 2 0 1 1 0 1 1 0 2 2
-3.116798682212774e-05 0 2 2 0 1 1 0 1 2 0 1 2
-0.0003652316858472889 0 2 2 0 1 1 0 1 2 0 2 1
-0.0003652316858472889 0 2 2 0 1 1 0 2 1 0 1 2
-3.116798682212774e-05 0 2 2 0 1 1 0 2 1 0 2 1
0.0003963996726694166 0 2 2 0 1 1 0 2 2 0 1 1
-3.260714417029844e-05 0 2 2 0 1 1 0 3 0 1 3 1
-3.260714417029844e-05 0 2 2 0 1 1 0 3 0 2 3 2
3.0415527817076513e-05 0 2 2 0 1 1 1 0 1 0 0 0
0.0003868297731118456 0 2 2 0 1 1 1 1 0 2 2 0
-3.0415527817076513e-05 0 2 2 0 1 1 1 2 0 1 2 0
-0.0003564142452947691 0 2 2 0 1 1 1 2 0 2 1 0
-3.1660926333689644e-05 0 2 2 0 1 1 1 3 1 0 3 0
3.0415527817076513e-05 0 2 2 0 1 1 2 0 2 0 0 0
-0.0003564142452947691 0 2 2 0 1 1 2 1 0 1 2 0
-3.0415527817076513e-05 0 2 2 0 1 1 2 1 0 2 1 0
0.0003868297731118456 0 2 2 0 1 1 2 2 0 1 1 0
-3.1660926333689644e-05 0 2 2 0 1 1 2 3 2 0 3 0
-3.260714417029844e-05 0 2 2 0 2 2 0 3 0 1 3 1
-3.260714417029844e-05 0 2 2 0 2 2 0 3 0 2 3 2
0.00030289571220303355 0 2 2 0 2 2 0 3 3 1 0 1
0.00030289571220303355 0 2 2 0 2 2 0 3 3 2 0 2
0.00029524194937867655 0 2 2 0 2 2 1 0 1 0 3 3
0.0002955831896606162 0 2 2 0 2 2 1 0 1 3 3 0
-3.1660926333689644e-05 0 2 2 0 2 2 1 3 1 0 3 0
0.00029524194937867655 0 2 2 0 2 2 2 0 2 0 3 3
0.0002955831896606162 0 2 2 0 2 2 2 0 2 3 3 0
-3.1660926333689644e-05 0 2 2 0 2 2 2 3 2 0 3 0
0.0002881142043386555 0 2 2 0 2 2 3 3 0 1 0 1
0.0002881142043386555 0 2 2 0 2 2 3 3 0 2 0 2
0.005194698738369216 0 2 2 0 3 0 0 0 0 1 1 0
0.0005652389105366094 0 2 2 0 3 0 0 0 0 1 1 3
0.005194698738369216 0 2 2 0 3 0 0 0 0 2 2 0
0.0005652389105366094 0 2 2 0 3 0 0 0 0 2 2 3
0.0008265774001532174 0 2 2 0 3 0 0 0 3 1 1 0
0.0008265774001532174 0 2 2 0 3 0 0 0 3 2 2 0
-40.43763446982171 0 2 2 0 3 0 0 3 0 1 1 0
0.005194067467435088 0 2 2 0 3 0 0 3 0 1 1 3
-40.43763446982171 0 2 2 0 3 0 0 3 0 2 2 0
0.005194067467435088 0 2 2 0 3 0 0 3 0 2 2 3
0.005194698738369212 0 2 2 0 3 0 0 3 3 1 1 0
0.0005652389105366094 0 2 2 0 3 0 0 3 3 1 1 3
0.005194698738369212 0 2 2 0 3 0 0 3 3 2 2 0
0.0005652389105366094 0 2 2 0 3 0 0 3 3 2 2 3
0.000558742396414473 0 2 2 0 3 0 3 0 0 1 1 0
0.000558742396414473 0 2 2 0 3 0 3 0 0 2 2 0
0.005301676232531554 0 2 2 0 3 0 3 3 0 1 1 0
0.00031518802267122833 0 2 2 0 3 0 3 3 0 1 1 3
0.005301676232531554 0 2 2 0 3 0 3 3 0 2 2 0
0.00031518802267122833 0 2 2 0 3 0 3 3 0 2 2 3
0.000558742396414473 0 2 2 0 3 0 3 3 3 1 1 0
0.000558742396414473 0 2 2 0 3 0 3 3 3 2 2 0
0.0005966809757034085 0 2 2 0 3 3 0 0 0 1 1 0
0.0005966809757034085 0 2 2 0 3 3 0 0 0 2 2 0
0.005194067467435087 0 2 2 0 3 3 0 3 0 1 1 0
0.0006722367717754449 0 2 2 0 3 3 0 3 0 1 1 3
0.005194067467435087 0 2 2 0 3 3 0 3 0 2 2 0
0.0006722367717754449 0 2 2 0 3 3 0 3 0 2 2 3
0.0005966809757034085 0 2 2 0 3 3 0 3 3 1 1 0
0.0005966809757034085 0 2 2 0 3 3 0 3 3 2 2 0
0.0002942132536557626 0 2 2 0 3 3 1 0 1 0 1 1
0.0002942132536557626 0 2 2 0 3 3 1 0 2 0 2 1
0.0002942132536557626 0 2 2 0 3 3 2 0 1 0 1 2
0.0002942132536557626 0 2 2 0 3 3 2 0 2 0 2 2
0.0006946924562078046 0 2 2 0 3 3 3 3 0 1 1 0
0.0006946924562078046 0 2 2 0 3 3 3 3 0 2 2 0
0.0003963996726694166 0 2 2 1 0 1 0 1 1 2 0 2
-0.0003652316858472889 0 2 2 1 0 1 0 1 2 1 0 2
-3.116798682212774e-05 0 2 2 1 0 1 0 1 2 2 0 1
-3.116798682212774e-05 0 2 2 1 0 1 0 2 1 1 0 2
-0.0003652316858472889 0 2 2 1 0 1 0 2 1 2 0 1
0.0003963996726694166 0 2 2 1 0 1 0 2 2 1 0 1
3.1752085912001624e-05 0 2 2 1 0 1 1 0 1 1 1 0
0.0003881663312067707 0 2 2 1 0 1 1 0 1 2 2 0
-0.0003564142452947691 0 2 2 1 0 1 1 0 2 1 2 0
-0.0003564142452947691 0 2 2 1 0 1 2 0 1 2 1 0
0.0003881663312067707 0 2 2 1 0 1 2 0 2 1 1 0
3.1752085912001624e-05 0 2 2 1 0 1 2 0 2 2 2 0
-2.8423425914442657e-07 0 2 2 1 0 2 0 3 0 3 1 2
2.8423425914442657e-07 0 2 2 1 0 2 0 3 0 3 2 1
6.695887356638018e-05 0 2 2 1 1 0 0 0 0 0 0 0
4.528183577400816e-05 0 2 2 1 1 0 0 0 0 3 0 0
4.9271491589968795e-06 0 2 2 1 1 0 0 0 0 3 0 3
2.463761878532128e-06 0 2 2 1 1 0 0 0 0 3 3 0
-5.81988752591695e-05 0 2 2 1 1 0 0 0 3 3 0 0
0.009621101505996715 0 2 2 1 1 0 0 1 1 2 2 0
-0.00955660159084135 0 2 2 1 1 0 0 1 2 1 2 0
-6.449991515536401e-05 0 2 2 1 1 0 0 1 2 2 1 0
-6.449991515536401e-05 0 2 2 1 1 0 0 2 1 1 2 0
-0.00955660159084135 0 2 2 1 1 0 0 2 1 2 1 0
0.009621101505996715 0 2 2 1 1 0 0 2 2 1 1 0
4.515307795099502e-05 0 2 2 1 1 0 0 3 0 0 0 0
4.917864679920768e-06 0 2 2 1 1 0 0 3 0 0 0 3
-5.855988669241807e-05 0 2 2 1 1 0 0 3 0 0 3 0
-0.3524898850155751 0 2 2 1 1 0 0 3 0 3 0 0
4.527633302818828e-05 0 2 2 1 1 0 0 3 0 3 0 3
4.515307795099503e-05 0 2 2 1 1 0 0 3 0 3 3 0
4.917864679920768e-06 0 2 2 1 1 0 0 3 0 3 3 3
2.463761878532128e-06 0 2 2 1 1 0 0 3 3 0 0 0
4.528183577400813e-05 0 2 2 1 1 0 0 3 3 3 0 0
4.9271491589968795e-06 0 2 2 1 1 0 0 3 3 3 0 3
6.695887356638018e-05 0 2 2 1 1 0 0 3 3 3 3 0
4.870519487018162e-06 0 2 2 1 1 0 3 0 0 3 0 0
4.880009826849399e-06 0 2 2 1 1 0 3 3 0 0 0 0
4.62143513184408e-05 0 2 2 1 1 0 3 3 0 3 0 0
2.747472567584055e-06 0 2 2 1 1 0 3 3 0 3 0 3
4.880009826849399e-06 0 2 2 1 1 0 3 3 0 3 3 0
4.870519487018162e-06 0 2 2 1 1 0 3 3 3 3 0 0
5.201227503668244e-06 0 2 2 1 1 3 0 0 0 3 0 0
5.202098939065194e-06 0 2 2 1 1 3 0 3 0 0 0 0
4.5276333028188276e-05 0 2 2 1 1 3 0 3 0 3 0 0
5.859842241850821e-06 0 2 2 1 1 3 0 3 0 3 0 3
5.202098939065194e-06 0 2 2 1 1 3 0 3 0 3 3 0
5.201227503668244e-06 0 2 2 1 1 3 0 3 3 3 0 0
5.795952982619101e-06 0 2 2 1 1 3 3 3 0 3 0 0
-9.2299968020316e-06 0 2 2 1 2 3 1 0 1 1 3 2
-0.008595136782682264 0 2 2 1 2 3 1 0 1 2 3 1
0.008604366779484295 0 2 2 1 2 3 1 0 2 1 3 1
-0.008604366779484295 0 2 2 1 2 3 2 0 1 2 3 2
0.008595136782682264 0 2 2 1 2 3 2 0 2 1 3 2
9.2299968020316e-06 0 2 2 1 2 3 2 0 2 2 3 1
-3.260714417029844e-05 0 2 2 1 3 2 0 3 0 0 1 2
3.260714417029844e-05 0 2 2 1 3 2 0 3 0 0 2 1
3.116798682212774e-05 0 2 2 1 3 2 0 3 3 3 1 2
-3.116798682212774e-05 0 2 2 1 3 2 0 3 3 3 2 1
-0.0002815123038994991 0 2 2 2 0 1 0 3 0 3 1 2
0.0002815123038994991 0 2 2 2 0 1 0 3 0 3 2 1
-0.00027440697788763137 0 2 2 2 0 1 1 2 0 3 3 0
0.00027440697788763137 0 2 2 2 0 1 2 1 0 3 3 0
6.216761372907814e-05 0 2 2 2 0 2 1 0 1 1 1 0
3.1752085912001624e-05 0 2 2 2 0 2 1 0 1 2 2 0
3.0415527817076513e-05 0 2 2 2 0 2 1 0 2 1 2 0
3.0415527817076513e-05 0 2 2 2 0 2 2 0 1 2 1 0
3.1752085912001624e-05 0 2 2 2 0 2 2 0 2 1 1 0
6.216761372907814e-05 0 2 2 2 0 2 2 0 2 2 2 0
-9.319242060082287e-09 0 2 2 2 1 3 1 0 1 1 3 2
-2.310408510603337e-06 0 2 2 2 1 3 1 0 1 2 3 1
2.3197277526634202e-06 0 2 2 2 1 3 1 0 2 1 3 1
-0.00860668650723696 0 2 2 2 1 3 1 1 0 3 2 1
0.008597447191192868 0 2 2 2 1 3 1 2 0 3 1 1
-9.239316044091684e-06 0 2 2 2 1 3 1 2 0 3 2 2
-2.3197277526634202e-06 0 2 2 2 1 3 2 0 1 2 3 2
2.310408510603337e-06 0 2 2 2 1 3 2 0 2 1 3 2
9.319242060082287e-09 0 2 2 2 1 3 2 0 2 2 3 1
9.239316044091684e-06 0 2 2 2 1 3 2 1 0 3 1 1
-0.008597447191192868 0 2 2 2 1 3 2 1 0 3 2 2
0.00860668650723696 0 2 2 2 1 3 2 2 0 3 1 2
-0.004793742901170165 0 2 2 2 2 0 0 0 0 0 0 0
-0.04484819652603004 0 2 2 2 2 0 0 0 0 3 0 0
-0.0048799645601514 0 2 2 2 2 0 0 0 0 3 0 3
0.004633863662827973 0 2 2 2 2 0 0 0 0 3 3 0
-0.004852435120336113 0 2 2 2 2 0 0 0 3 3 0 0
-0.044720671745904585 0 2 2 2 2 0 0 3 0 0 0 0
-0.004870768993427353 0 2 2 2 2 0 0 3 0 0 0 3
-0.004856766029728792 0 2 2 2 2 0 0 3 0 0 3 0
349.0830146078239 0 2 2 2 2 0 0 3 0 3 0 0
-0.0448427464769818 0 2 2 2 2 0 0 3 0 3 0 3
-0.04472067174590459 0 2 2 2 2 0 0 3 0 3 3 0
-0.004870768993427353 0 2 2 2 2 0 0 3 0 3 3 3
0.004633863662827973 0 2 2 2 2 0 0 3 3 0 0 0
-0.044848196526030004 0 2 2 2 2 0 0 3 3 3 0 0
-0.0048799645601514 0 2 2 2 2 0 0 3 3 3 0 3
-0.004793742901170165 0 2 2 2 2 0 0 3 3 3 3 0
-0.004823877199409635 0 2 2 2 2 0 3 0 0 3 0 0
-0.004833276655473527 0 2 2 2 2 0 3 3 0 0 0 0
-0.04577178188173459 0 2 2 2 2 0 3 3 0 3 0 0
0.002852768861348911 0 2 2 2 2 0 3 3 0 3 0 3
-0.004833276655473527 0 2 2 2 2 0 3 3 0 3 3 0
-0.004823877199409635 0 2 2 2 2 0 3 3 3 3 0 0
-0.005151418207187635 0 2 2 2 2 3 0 0 0 3 0 0
-0.0051522812973268505 0 2 2 2 2 3 0 3 0 0 0 0
-0.04484274647698179 0 2 2 2 2 3 0 3 0 3 0 0
-0.005803725754089404 0 2 2 2 2 3 0 3 0 3 0 3
-0.0051522812973268505 0 2 2 2 2 3 0 3 0 3 3 0
-0.005151418207187635 0 2 2 2 2 3 0 3 3 3 0 0
-0.005740448327170874 0 2 2 2 2 3 3 3 0 3 0 0
-0.00030289571220303355 0 2 2 2 3 1 0 0 0 3 1 2
0.00030289571220303355 0 2 2 2 3 1 0 0 0 3 2 1
3.260714417029844e-05 0 2 2 2 3 1 0 3 0 0 1 2
-3.260714417029844e-05 0 2 2 2 3 1 0 3 0 0 2 1
3.0415527817076513e-05 0 2 2 2 3 1 1 2 0 0 3 0
-0.0002955831896606162 0 2 2 2 3 1 1 2 0 3 0 0
-0.00029524194937867655 0 2 2 2 3 1 1 2 0 3 3 3
-3.0415527817076513e-05 0 2 2 2 3 1 2 1 0 0 3 0
0.0002955831896606162 0 2 2 2 3 1 2 1 0 3 0 0
0.00029524194937867655 0 2 2 2 3 1 2 1 0 3 3 3
-0.0002881142043386555 0 2 2 2 3 1 3 3 0 3 1 2
0.0002881142043386555 0 2 2 2 3 1 3 3 0 3 2 1
0.0008286108458636021 0 2 2 3 0 0 0 3 0 1 1 0
0.0008286108458636021 0 2 2 3 0 0 0 3 0 2 2 0
0.0002942132536557626 0 2 2 3 0 3 1 0 1 0 1 1
0.0002942132536557626 0 2 2 3 0 3 1 0 2 0 2 1
0.0002942132536557626 0 2 2 3 0 3 2 0 1 0 1 2
0.0002942132536557626 0 2 2 3 0 3 2 0 2 0 2 2
-2.8423425914442657e-07 0 2 2 3 1 1 0 3 0 1 0 1
-2.8423425914442657e-07 0 2 2 3 1 1 0 3 0 2 0 2
-2.7678077443251797e-07 0 2 2 3 1 1 1 0 1 0 3 0
-2.7678077443251797e-07 0 2 2 3 1 1 2 0 2 0 3 0
0.0002815123038994991 0 2 2 3 2 2 0 3 0 1 0 1
0.0002815123038994991 0 2 2 3 2 2 0 3 0 2 0 2
0.0002741301971131988 0 2 2 3 2 2 1 0 1 0 3 0
0.0002741301971131988 0 2 2 3 2 2 2 0 2 0 3 0
0.0008884248483951053 0 2 2 3 3 0 0 0 0 1 1 0
0.0008884248483951053 0 2 2 3 3 0 0 0 0 2 2 0
0.005179927736060482 0 2 2 3 3 0 0 3 0 1 1 0
0.0005967809461281876 0 2 2 3 3 0 0 3 0 1 1 3
0.005179927736060482 0 2 2 3 3 0 0 3 0 2 2 0
0.0005967809461281876 0 2 2 3 3 0 0 3 0 2 2 3
0.001013759704910274 0 2 2 3 3 0 0 3 3 1 1 0
0.001013759704910274 0 2 2 3 3 0 0 3 3 2 2 0
0.0005906212341321506 0 2 2 3 3 0 3 3 0 1 1 0
0.0005906212341321506 0 2 2 3 3 0 3 3 0 2 2 0
0.0005641738019578893 0 2 2 3 3 3 0 3 0 1 1 0
0.0005641738019578893 0 2 2 3 3 3 0 3 0 2 2 0
0.0051674214726727934 0 2 3 0 0 1 0 1 0 0 0 2
0.0005835043553002261 0 2 3 0 0 1 0 1 0 0 3 2
0.0006463884856338243 0 2 3 0 0 1 0 1 0 3 0 2
0.0006772432225367466 0 2 3 0 0 1 0 1 3 0 0 2
-0.0051674214726727934 0 2 3 0 0 1 0 2 0 0 0 1
-0.0005835043553002261 0 2 3 0 0 1 0 2 0 0 3 1
-0.0006463884856338243 0 2 3 0 0 1 0 2 0 3 0 1
-0.0006772432225367466 0 2 3 0 0 1 0 2 3 0 0 1
-0.0003141194480697976 0 2 3 0 0 1 0 3 1 1 1 2
0.0003141194480697976 0 2 3 0 0 1 0 3 1 1 2 1
-0.0003141194480697976 0 2 3 0 0 1 0 3 2 2 1 2
0.0003141194480697976 0 2 3 0 0 1 0 3 2 2 2 1
0.005042669340230052 0 2 3 0 0 1 1 0 0 0 2 0
0.0005792183557929892 0 2 3 0 0 1 1 0 0 0 2 3
0.0006614663337352254 0 2 3 0 0 1 1 0 0 3 2 0
0.0006302982856528086 0 2 3 0 0 1 1 0 3 0 2 0
-0.00030588228302520055 0 2 3 0 0 1 1 2 1 1 3 0
-0.00030588228302520055 0 2 3 0 0 1 1 2 2 2 3 0
0.0005691084874025401 0 2 3 0 0 1 1 3 0 0 2 0
-0.005042669340230052 0 2 3 0 0 1 2 0 0 0 1 0
-0.0005792183557929892 0 2 3 0 0 1 2 0 0 0 1 3
-0.0006614663337352254 0 2 3 0 0 1 2 0 0 3 1 0
-0.0006302982856528086 0 2 3 0 0 1 2 0 3 0 1 0
0.00030588228302520055 0 2 3 0 0 1 2 1 1 1 3 0
0.00030588228302520055 0 2 3 0 0 1 2 1 2 2 3 0
-0.0005691084874025401 0 2 3 0 0 1 2 3 0 0 1 0
0.0005874025849111121 0 2 3 0 0 1 3 1 0 0 0 2
-0.0005874025849111121 0 2 3 0 0 1 3 2 0 0 0 1
0.06034172906958962 0 2 3 0 1 0 0 1 0 0 2 0
0.0069310586792905235 0 2 3 0 1 0 0 1 0 0 2 3
0.007579429582581099 0 2 3 0 1 0 0 1 0 3 2 0
0.0075735353043859185 0 2 3 0 1 0 0 1 3 0 2 0
-0.06034172906958962 0 2 3 0 1 0 0 2 0 0 1 0
-0.0069310586792905235 0 2 3 0 1 0 0 2 0 0 1 3
-0.007579429582581099 0 2 3 0 1 0 0 2 0 3 1 0
-0.0075735353043859185 0 2 3 0 1 0 0 2 3 0 1 0
-5.3896951185926356e-08 0 2 3 0 1 0 0 3 1 2 0 0
5.3896951185926356e-08 0 2 3 0 1 0 0 3 2 1 0 0
0.006859298747146601 0 2 3 0 1 0 3 1 0 0 2 0
-0.006859298747146601 0 2 3 0 1 0 3 2 0 0 1 0
0.006565826993443233 0 2 3 0 1 3 0 1 0 0 2 0
-0.006565826993443233 0 2 3 0 1 3 0 2 0 0 1 0
-0.008204850896834509 0 2 3 0 1 3 1 1 1 1 2 1
-2.5871892850358557e-06 0 2 3 0 1 3 1 1 1 2 1 1
1.2418648005569453e-05 0 2 3 0 1 3 1 1 1 2 2 2
-0.008219856734125114 0 2 3 0 1 3 1 1 2 2 2 1
0.00819713899275496 0 2 3 0 1 3 1 2 1 1 1 1
-1.0299093364584277e-05 0 2 3 0 1 3 1 2 1 1 2 2
-1.2418648005569453e-05 0 2 3 0 1 3 1 2 1 2 1 2
2.5871892850358557e-06 0 2 3 0 1 3 1 2 2 1 2 1
0.008206970451475493 0 2 3 0 1 3 1 2 2 2 1 1
-1.0299093364584277e-05 0 2 3 0 1 3 1 2 2 2 2 2
1.0299093364584277e-05 0 2 3 0 1 3 2 1 1 1 1 1
-0.008206970451475493 0 2 3 0 1 3 2 1 1 1 2 2
-2.5871892850358557e-06 0 2 3 0 1 3 2 1 1 2 1 2
1.2418648005569453e-05 0 2 3 0 1 3 2 1 2 1 2 1
1.0299093364584277e-05 0 2 3 0 1 3 2 1 2 2 1 1
-0.00819713899275496 0 2 3 0 1 3 2 1 2 2 2 2
0.008219856734125114 0 2 3 0 1 3 2 2 1 1 1 2
-1.2418648005569453e-05 0 2 3 0 1 3 2 2 2 1 1 1
2.5871892850358557e-06 0 2 3 0 1 3 2 2 2 1 2 2
0.008204850896834509 0 2 3 0 1 3 2 2 2 2 1 2
-0.05004289526439927 0 2 3 0 2 0 0 0 1 1 0 0
-0.005445203470688011 0 2 3 0 2 0 0 0 1 1 0 3
0.003620103957917698 0 2 3 0 2 0 0 0 1 1 3 0
-0.05004289526439927 0 2 3 0 2 0 0 0 2 2 0 0
-0.005445203470688011 0 2 3 0 2 0 0 0 2 2 0 3
0.003620103957917698 0 2 3 0 2 0 0 0 2 2 3 0
389.5209613681665 0 2 3 0 2 0 0 3 1 1 0 0
-0.050036813944416905 0 2 3 0 2 0 0 3 1 1 0 3
-0.0499005994819651 0 2 3 0 2 0 0 3 1 1 3 0
-0.005434942795385244 0 2 3 0 2 0 0 3 1 1 3 3
389.5209613681665 0 2 3 0 2 0 0 3 2 2 0 0
-0.050036813944416905 0 2 3 0 2 0 0 3 2 2 0 3
-0.0499005994819651 0 2 3 0 2 0 0 3 2 2 3 0
-0.005434942795385244 0 2 3 0 2 0 0 3 2 2 3 3
-0.005307610582390287 0 2 3 0 2 0 1 0 0 0 3 1
-0.005307610582390287 0 2 3 0 2 0 2 0 0 0 3 2
-0.0053826195958241105 0 2 3 0 2 0 3 0 1 1 0 0
-0.0053826195958241105 0 2 3 0 2 0 3 0 2 2 0 0
-0.05107345811426616 0 2 3 0 2 0 3 3 1 1 0 0
0.0019513135807222575 0 2 3 0 2 0 3 3 1 1 0 3
-0.005393107776660426 0 2 3 0 2 0 3 3 1 1 3 0
-0.05107345811426616 0 2 3 0 2 0 3 3 2 2 0 0
0.0019513135807222575 0 2 3 0 2 0 3 3 2 2 0 3
-0.005393107776660426 0 2 3 0 2 0 3 3 2 2 3 0
-0.005748099182891046 0 2 3 0 2 3 0 0 1 1 0 0
-0.005748099182891046 0 2 3 0 2 3 0 0 2 2 0 0
-0.05003681394441689 0 2 3 0 2 3 0 3 1 1 0 0
-0.006475962525864851 0 2 3 0 2 3 0 3 1 1 0 3
-0.00574906224345504 0 2 3 0 2 3 0 3 1 1 3 0
-0.05003681394441689 0 2 3 0 2 3 0 3 2 2 0 0
-0.006475962525864851 0 2 3 0 2 3 0 3 2 2 0 3
-0.00574906224345504 0 2 3 0 2 3 0 3 2 2 3 0
-0.0055080463128695575 0 2 3 0 2 3 1 0 0 0 0 1
-0.04877837934038011 0 2 3 0 2 3 1 0 0 0 3 1
-0.006101647198751154 0 2 3 0 2 3 1 0 0 3 3 1
-0.006096955164179244 0 2 3 0 2 3 1 0 3 0 3 1
-0.005505058494096023 0 2 3 0 2 3 1 3 0 0 3 1
-0.0055080463128695575 0 2 3 0 2 3 2 0 0 0 0 2
-0.04877837934038011 0 2 3 0 2 3 2 0 0 0 3 2
-0.006101647198751154 0 2 3 0 2 3 2 0 0 3 3 2
-0.006096955164179244 0 2 3 0 2 3 2 0 3 0 3 2
-0.005505058494096023 0 2 3 0 2 3 2 3 0 0 3 2
-0.00640535577033909 0 2 3 0 2 3 3 3 1 1 0 0
-0.00640535577033909 0 2 3 0 2 3 3 3 2 2 0 0
-0.0002714536470362344 0 2 3 0 3 1 0 0 1 1 1 2
0.00027172772538090577 0 2 3 0 3 1 0 0 1 1 2 1
2.7407834467136425e-07 0 2 3 0 3 1 0 0 1 2 2 2
-2.7407834467136425e-07 0 2 3 0 3 1 0 0 2 1 1 1
-0.00027172772538090577 0 2 3 0 3 1 0 0 2 2 1 2
0.0002714536470362344 0 2 3 0 3 1 0 0 2 2 2 1
0.0005523363684780985 0 2 3 0 3 1 0 1 0 0 0 2
-0.0005523363684780985 0 2 3 0 3 1 0 2 0 0 0 1
0.0005390018378698022 0 2 3 0 3 1 1 0 0 0 2 0
2.674615323724356e-07 0 2 3 0 3 1 1 1 1 2 0 0
-1.0634827565437742e-06 0 2 3 0 3 1 1 1 1 2 3 3
-0.0002651676618435396 0 2 3 0 3 1 1 2 1 1 0 0
-0.0002636565930745807 0 2 3 0 3 1 1 2 1 1 3 3
-0.00026490020031116716 0 2 3 0 3 1 1 2 2 2 0 0
-0.00026472007583112456 0 2 3 0 3 1 1 2 2 2 3 3
-0.0005390018378698022 0 2 3 0 3 1 2 0 0 0 1 0
0.00026490020031116716 0 2 3 0 3 1 2 1 1 1 0 0
0.00026472007583112456 0 2 3 0 3 1 2 1 1 1 3 3
0.0002651676618435396 0 2 3 0 3 1 2 1 2 2 0 0
0.0002636565930745807 0 2 3 0 3 1 2 1 2 2 3 3
-2.674615323724356e-07 0 2 3 0 3 1 2 2 2 1 0 0
1.0634827565437742e-06 0 2 3 0 3 1 2 2 2 1 3 3
-0.000258329191299065 0 2 3 0 3 1 3 3 1 1 1 2
0.00025729138319329165 0 2 3 0 3 1 3 3 1 1 2 1
-1.0378081057732618e-06 0 2 3 0 3 1 3 3 1 2 2 2
1.0378081057732618e-06 0 2 3 0 3 1 3 3 2 1 1 1
-0.00025729138319329165 0 2 3 0 3 1 3 3 2 2 1 2
0.000258329191299065 0 2 3 0 3 1 3 3 2 2 2 1
0.0010112959430317418 0 2 3 1 0 0 0 0 1 3 2 0
-0.0010112959430317418 0 2 3 1 0 0 0 0 2 3 1 0
0.005149416902595206 0 2 3 1 0 0 0 1 0 2 0 0
0.0005914797481997403 0 2 3 1 0 0 0 1 0 2 0 3
0.0008859658899840893 0 2 3 1 0 0 0 1 0 2 3 0
0.0010097465084842022 0 2 3 1 0 0 0 1 3 2 0 0
-0.005149416902595206 0 2 3 1 0 0 0 2 0 1 0 0
-0.0005914797481997403 0 2 3 1 0 0 0 2 0 1 0 3
-0.0008859658899840893 0 2 3 1 0 0 0 2 0 1 3 0
-0.0010097465084842022 0 2 3 1 0 0 0 2 3 1 0 0
0.0008871707325560205 0 2 3 1 0 0 0 3 1 0 2 0
0.005134774658109489 0 2 3 1 0 0 0 3 1 3 2 0
0.0005915788471891225 0 2 3 1 0 0 0 3 1 3 2 3
-0.0008871707325560205 0 2 3 1 0 0 0 3 2 0 1 0
-0.005134774658109489 0 2 3 1 0 0 0 3 2 3 1 0
-0.0005915788471891225 0 2 3 1 0 0 0 3 2 3 1 3
0.0005853559295222072 0 2 3 1 0 0 3 1 0 2 0 0
-0.0005853559295222072 0 2 3 1 0 0 3 2 0 1 0 0
0.0005854728289838263 0 2 3 1 0 0 3 3 1 3 2 0
-0.0005854728289838263 0 2 3 1 0 0 3 3 2 3 1 0
0.0005603117613776126 0 2 3 1 0 3 0 1 0 2 0 0
-0.0005603117613776126 0 2 3 1 0 3 0 2 0 1 0 0
0.0005592559372779686 0 2 3 1 0 3 0 3 1 3 2 0
-0.0005592559372779686 0 2 3 1 0 3 0 3 2 3 1 0
3.1442065166799096e-05 0 2 3 1 1 1 0 0 1 3 0 2
-3.1442065166799096e-05 0 2 3 1 1 1 0 0 2 3 0 1
-3.232290991115402e-05 0 2 3 1 1 1 0 3 1 3 3 2
3.232290991115402e-05 0 2 3 1 1 1 0 3 2 3 3 1
0.0003995158826497876 0 2 3 1 1 1 1 1 1 3 2 0
-0.00036883289330033863 0 2 3 1 1 1 1 2 1 3 1 0
3.0682989349448945e-05 0 2 3 1 1 1 1 2 2 3 2 0
-3.0682989349448945e-05 0 2 3 1 1 1 2 1 1 3 1 0
0.00036883289330033863 0 2 3 1 1 1 2 1 2 3 2 0
-0.0003995158826497876 0 2 3 1 1 1 2 2 2 3 1 0
0.00026490020031116716 0 2 3 1 2 1 1 0 0 1 3 0
0.00026490020031116716 0 2 3 1 2 1 2 0 0 2 3 0
0.0003141194480697976 0 2 3 1 2 2 0 3 1 0 0 2
-3.232290991115402e-05 0 2 3 1 2 2 0 3 1 3 3 2
-0.0003141194480697976 0 2 3 1 2 2 0 3 2 0 0 1
3.232290991115402e-05 0 2 3 1 2 2 0 3 2 3 3 1
0.00029815305361676825 0 2 3 1 2 2 3 3 1 3 0 2
-0.00029815305361676825 0 2 3 1 2 2 3 3 2 3 0 1
0.0008214659748287255 0 2 3 1 3 0 0 0 1 0 2 0
0.005149416902595209 0 2 3 1 3 0 0 0 1 3 2 0
0.0005603117613776126 0 2 3 1 3 0 0 0 1 3 2 3
-0.0008214659748287255 0 2 3 1 3 0 0 0 2 0 1 0
-0.005149416902595209 0 2 3 1 3 0 0 0 2 3 1 0
-0.0005603117613776126 0 2 3 1 3 0 0 0 2 3 1 3
0.0008214659748287255 0 2 3 1 3 0 0 1 0 2 0 0
-0.0008214659748287255 0 2 3 1 3 0 0 2 0 1 0 0
0.00513477465810949 0 2 3 1 3 0 0 3 1 0 2 0
0.0005592559372779686 0 2 3 1 3 0 0 3 1 0 2 3
-40.0851445309092 0 2 3 1 3 0 0 3 1 3 2 0
0.005148791134406901 0 2 3 1 3 0 0 3 1 3 2 3
-0.00513477465810949 0 2 3 1 3 0 0 3 2 0 1 0
-0.0005592559372779686 0 2 3 1 3 0 0 3 2 0 1 3
40.0851445309092 0 2 3 1 3 0 0 3 2 3 1 0
-0.005148791134406901 0 2 3 1 3 0 0 3 2 3 1 3
0.0005538718769274549 0 2 3 1 3 0 3 0 1 3 2 0
-0.0005538718769274549 0 2 3 1 3 0 3 0 2 3 1 0
0.0005549511113600482 0 2 3 1 3 0 3 3 1 0 2 0
0.005255461881213114 0 2 3 1 3 0 3 3 1 3 2 0
0.0003124405501036443 0 2 3 1 3 0 3 3 1 3 2 3
-0.0005549511113600482 0 2 3 1 3 0 3 3 2 0 1 0
-0.005255461881213114 0 2 3 1 3 0 3 3 2 3 1 0
-0.0003124405501036443 0 2 3 1 3 0 3 3 2 3 1 3
0.0005914797481997403 0 2 3 1 3 3 0 0 1 3 2 0
-0.0005914797481997403 0 2 3 1 3 3 0 0 2 3 1 0
0.0005915788471891225 0 2 3 1 3 3 0 3 1 0 2 0
0.0051487911344069 0 2 3 1 3 3 0 3 1 3 2 0
0.0006663769295335942 0 2 3 1 3 3 0 3 1 3 2 3
-0.0005915788471891225 0 2 3 1 3 3 0 3 2 0 1 0
-0.0051487911344069 0 2 3 1 3 3 0 3 2 3 1 0
-0.0006663769295335942 0 2 3 1 3 3 0 3 2 3 1 3
0.000689934311330959 0 2 3 1 3 3 3 3 1 3 2 0
-0.000689934311330959 0 2 3 1 3 3 3 3 2 3 1 0
0.0002968004429407984 0 2 3 2 0 3 1 0 0 1 1 1
0.0002968004429407984 0 2 3 2 0 3 1 0 0 2 2 1
-0.0002968004429407984 0 2 3 2 0 3 1 1 1 3 3 1
-0.0002968004429407984 0 2 3 2 0 3 1 2 2 3 3 1
0.0002968004429407984 0 2 3 2 0 3 2 0 0 1 1 2
0.0002968004429407984 0 2 3 2 0 3 2 0 0 2 2 2
-0.0002968004429407984 0 2 3 2 0 3 2 1 1 3 3 2
-0.0002968004429407984 0 2 3 2 0 3 2 2 2 3 3 2
2.674615323724356e-07 0 2 3 2 1 1 1 0 0 1 3 0
2.674615323724356e-07 0 2 3 2 1 1 2 0 0 2 3 0
0.00036883289330033863 0 2 3 2 1 2 1 1 1 3 2 0
-0.00040030819843790775 0 2 3 2 1 2 1 2 1 3 1 0
-3.147530513756911e-05 0 2 3 2 1 2 1 2 2 3 2 0
3.147530513756911e-05 0 2 3 2 1 2 2 1 1 3 1 0
0.00040030819843790775 0 2 3 2 1 2 2 1 2 3 2 0
-0.00036883289330033863 0 2 3 2 1 2 2 2 2 3 1 0
3.1442065166799096e-05 0 2 3 2 2 1 0 0 1 3 0 2
-3.1442065166799096e-05 0 2 3 2 2 1 0 0 2 3 0 1
-0.0003141194480697976 0 2 3 2 2 1 0 3 1 0 0 2
0.0003141194480697976 0 2 3 2 2 1 0 3 2 0 0 1
3.0682989349448945e-05 0 2 3 2 2 1 1 1 1 3 2 0
3.147530513756911e-05 0 2 3 2 2 1 1 2 1 3 1 0
6.215829448701806e-05 0 2 3 2 2 1 1 2 2 3 2 0
-6.215829448701806e-05 0 2 3 2 2 1 2 1 1 3 1 0
-3.147530513756911e-05 0 2 3 2 2 1 2 1 2 3 2 0
-3.0682989349448945e-05 0 2 3 2 2 1 2 2 2 3 1 0
-0.00029815305361676825 0 2 3 2 2 1 3 3 1 3 0 2
0.00029815305361676825 0 2 3 2 2 1 3 3 2 3 0 1
0.0002651676618435396 0 2 3 2 2 2 1 0 0 1 3 0
0.0002651676618435396 0 2 3 2 2 2 2 0 0 2 3 0
-0.00031229052038580363 0 2 3 2 3 0 0 3 1 3 1 0
-0.00031229052038580363 0 2 3 2 3 0 0 3 2 3 2 0
3.1585356304095796e-05 0 2 3 2 3 0 1 1 1 3 3 1
3.1585356304095796e-05 0 2 3 2 3 0 1 2 1 3 3 2
3.1585356304095796e-05 0 2 3 2 3 0 2 1 2 3 3 1
3.1585356304095796e-05 0 2 3 2 3 0 2 2 2 3 3 2
-0.00026273794851819343 0 2 3 2 3 3 1 1 1 0 3 1
-0.0002637977258386861 0 2 3 2 3 3 1 1 1 3 0 1
1.059777320492591e-06 0 2 3 2 3 3 1 2 1 0 3 2
-1.059777320492591e-06 0 2 3 2 3 3 1 2 1 3 0 2
-0.0002637977258386861 0 2 3 2 3 3 1 2 2 0 3 1
-0.00026273794851819343 0 2 3 2 3 3 1 2 2 3 0 1
-0.0002637977258386861 0 2 3 2 3 3 2 1 1 0 3 2
-0.00026273794851819343 0 2 3 2 3 3 2 1 1 3 0 2
1.059777320492591e-06 0 2 3 2 3 3 2 1 2 0 3 1
-1.059777320492591e-06 0 2 3 2 3 3 2 1 2 3 0 1
-0.00026273794851819343 0 2 3 2 3 3 2 2 2 0 3 2
-0.0002637977258386861 0 2 3 2 3 3 2 2 2 3 0 2
0.00028115679978653536 0 2 3 3 0 1 0 1 0 0 0 2
-0.00028115679978653536 0 2 3 3 0 1 0 2 0 0 0 1
0.0002743690990910074 0 2 3 3 0 1 1 0 0 0 2 0
-0.0002743690990910074 0 2 3 3 0 1 2 0 0 0 1 0
-0.0019771720082602516 0 2 3 3 1 0 0 1 0 0 2 0
0.0019771720082602516 0 2 3 3 1 0 0 2 0 0 1 0
-0.005682167749565271 0 2 3 3 2 0 0 0 1 1 0 0
-0.005682167749565271 0 2 3 3 2 0 0 0 2 2 0 0
-0.04990059948196507 0 2 3 3 2 0 0 3 1 1 0 0
-0.00574906224345504 0 2 3 3 2 0 0 3 1 1 0 3
-0.005685376875592395 0 2 3 3 2 0 0 3 1 1 3 0
-0.04990059948196507 0 2 3 3 2 0 0 3 2 2 0 0
-0.00574906224345504 0 2 3 3 2 0 0 3 2 2 0 3
-0.005685376875592395 0 2 3 3 2 0 0 3 2 2 3 0
-0.005689722936634466 0 2 3 3 2 0 3 3 1 1 0 0
-0.005689722936634466 0 2 3 3 2 0 3 3 2 2 0 0
-0.005434942795385244 0 2 3 3 2 3 0 3 1 1 0 0
-0.005434942795385244 0 2 3 3 2 3 0 3 2 2 0 0
0.002473406527388546 0 2 3 3 2 3 1 0 0 0 3 1
0.002473406527388546 0 2 3 3 2 3 2 0 0 0 3 2
-3.232290991115402e-05 0 2 3 3 3 1 0 3 1 1 2 1
-3.232290991115402e-05 0 2 3 3 3 1 0 3 1 2 2 2
3.232290991115402e-05 0 2 3 3 3 1 0 3 2 1 1 1
3.232290991115402e-05 0 2 3 3 3 1 0 3 2 2 1 2
-3.147530513756911e-05 0 2 3 3 3 1 1 1 1 2 3 0
3.147530513756911e-05 0 2 3 3 3 1 1 2 1 1 3 0
-3.147530513756911e-05 0 2 3 3 3 1 2 1 2 2 3 0
3.147530513756911e-05 0 2 3 3 3 1 2 2 2 1 3 0
-6644.529952344441 0 3 0 0 0 0 0 0 0 0 0 0
-762.3767436476379 0 3 0 0 0 0 0 0 0 0 0 3
-830.3397319394016 0 3 0 0 0 0 0 0 0 0 3 0
0.2972846714604558 0 3 0 0 0 0 0 0 0 0 3 3
-749.4644629997583 0 3 0 0 0 0 0 0 0 3 0 0
0.28689653652558555 0 3 0 0 0 0 0 0 0 3 0 3
0.2938659307263153 0 3 0 0 0 0 0 0 0 3 3 0
0.03254926276496824 0 3 0 0 0 0 0 0 0 3 3 3
-749.0550074025161 0 3 0 0 0 0 0 0 3 0 0 0
0.28729813661924614 0 3 0 0 0 0 0 0 3 0 0 3
0.2941246156418583 0 3 0 0 0 0 0 0 3 0 3 0
0.032566303125665934 0 3 0 0 0 0 0 0 3 0 3 3
0.23893230347486383 0 3 0 0 0 0 0 0 3 3 0 0
0.02628960832490875 0 3 0 0 0 0 0 0 3 3 0 3
0.026412978023707477 0 3 0 0 0 0 0 0 3 3 3 0
-829.6980873240609 0 3 0 0 0 0 0 3 0 0 0 0
0.29765644743475816 0 3 0 0 0 0 0 3 0 0 0 3
0.2596518134941146 0 3 0 0 0 0 0 3 0 0 3 0
0.028545194287392908 0 3 0 0 0 0 0 3 0 0 3 3
0.2940653307076322 0 3 0 0 0 0 0 3 0 3 0 0
0.03256093344600366 0 3 0 0 0 0 0 3 0 3 0 3
0.028065428888801806 0 3 0 0 0 0 0 3 0 3 3 0
0.2942338051088093 0 3 0 0 0 0 0 3 3 0 0 0
0.03256762825793206 0 3 0 0 0 0 0 3 3 0 0 3
0.028053139290115436 0 3 0 0 0 0 0 3 3 0 3 0
0.026399984489809007 0 3 0 0 0 0 0 3 3 3 0 0
-0.043554713260676864 0 3 0 0 0 0 1 1 0 0 1 1
0.00017568188217404384 0 3 0 0 0 0 1 1 0 0 2 2
-0.005004290597111598 0 3 0 0 0 0 1 1 0 3 1 1
2.018525953286858e-05 0 3 0 0 0 0 1 1 0 3 2 2
-0.005003452297799334 0 3 0 0 0 0 1 1 3 0 1 1
2.018187817663918e-05 0 3 0 0 0 0 1 1 3 0 2 2
-0.043730395142850924 0 3 0 0 0 0 1 2 0 0 2 1
-0.0050244758566444685 0 3 0 0 0 0 1 2 0 3 2 1
-0.005023634175975975 0 3 0 0 0 0 1 2 3 0 2 1
-0.043730395142850924 0 3 0 0 0 0 2 1 0 0 1 2
-0.0050244758566444685 0 3 0 0 0 0 2 1 0 3 1 2
-0.005023634175975975 0 3 0 0 0 0 2 1 3 0 1 2
0.00017568188217404384 0 3 0 0 0 0 2 2 0 0 1 1
-0.043554713260676864 0 3 0 0 0 0 2 2 0 0 2 2
2.018525953286858e-05 0 3 0 0 0 0 2 2 0 3 1 1
-0.005004290597111598 0 3 0 0 0 0 2 2 0 3 2 2
2.018187817663918e-05 0 3 0 0 0 0 2 2 3 0 1 1
-0.005003452297799334 0 3 0 0 0 0 2 2 3 0 2 2
-754.4568499173104 0 3 0 0 0 0 3 0 0 0 0 0
0.24891864816906156 0 3 0 0 0 0 3 0 0 0 0 3
0.2977707959100449 0 3 0 0 0 0 3 0 0 0 3 0
0.02758780609572418 0 3 0 0 0 0 3 0 0 0 3 3
0.28716744344498174 0 3 0 0 0 0 3 0 0 3 0 0
0.026957430050381728 0 3 0 0 0 0 3 0 0 3 0 3
0.032270880437519106 0 3 0 0 0 0 3 0 0 3 3 0
0.2872110964333024 0 3 0 0 0 0 3 0 3 0 0 0
0.026953603142032913 0 3 0 0 0 0 3 0 3 0 0 3
0.03224367731431737 0 3 0 0 0 0 3 0 3 0 3 0
0.026033256317274364 0 3 0 0 0 0 3 0 3 3 0 0
0.297784006893954 0 3 0 0 0 0 3 3 0 0 0 0
0.02758216939085899 0 3 0 0 0 0 3 3 0 0 0 3
0.028267188825464626 0 3 0 0 0 0 3 3 0 0 3 0
0.03224264023684974 0 3 0 0 0 0 3 3 0 3 0 0
0.03220525412247407 0 3 0 0 0 0 3 3 3 0 0 0
-722.1511246121964 0 3 0 0 0 3 0 0 0 0 0 0
0.3014156612763701 0 3 0 0 0 3 0 0 0 0 0 3
0.2974908425985571 0 3 0 0 0 3 0 0 0 0 3 0
0.035174617626795135 0 3 0 0 0 3 0 0 0 0 3 3
0.28710270766368695 0 3 0 0 0 3 0 0 0 3 0 0
0.033830144083244244 0 3 0 0 0 3 0 0 0 3 0 3
0.03327243603092373 0 3 0 0 0 3 0 0 0 3 3 0
0.28729813661924614 0 3 0 0 0 3 0 0 3 0 0 0
0.03384053672396506 0 3 0 0 0 3 0 0 3 0 0 3
0.03326515297898515 0 3 0 0 0 3 0 0 3 0 3 0
0.027196753616585925 0 3 0 0 0 3 0 0 3 3 0 0
0.29765644743475816 0 3 0 0 0 3 0 3 0 0 0 0
0.03524370423887717 0 3 0 0 0 3 0 3 0 0 0 3
0.0295802507688787 0 3 0 0 0 3 0 3 0 0 3 0
0.033261926228464286 0 3 0 0 0 3 0 3 0 3 0 0
0.033244871480468806 0 3 0 0 0 3 0 3 3 0 0 0
339.056173426278 0 3 0 0 0 3 1 1 0 0 1 1
-1.3677366151426185 0 3 0 0 0 3 1 1 0 0 2 2
-0.043436144922959836 0 3 0 0 0 3 1 1 0 3 1 1
0.00017520362604108057 0 3 0 0 0 3 1 1 0 3 2 2
-0.04356000676614209 0 3 0 0 0 3 1 1 3 0 1 1
0.00017570323400795132 0 3 0 0 0 3 1 1 3 0 2 2
0.002218037691993282 0 3 0 0 0 3 1 1 3 3 1 1
9.569243712526903e-06 0 3 0 0 0 3 1 1 3 3 2 2
3.099084279279199e-07 0 3 0 0 0 3 1 2 0 0 1 2
340.42390973151265 0 3 0 0 0 3 1 2 0 0 2 1
-0.043611348549000936 0 3 0 0 0 3 1 2 0 3 2 1
-0.04373571000015006 0 3 0 0 0 3 1 2 3 0 2 1
0.002208468448280754 0 3 0 0 0 3 1 2 3 3 2 1
-0.0046560506193135546 0 3 0 0 0 3 1 3 1 1 3 1
1.8780602030438342e-05 0 3 0 0 0 3 1 3 1 2 3 2
-0.004674831221343994 0 3 0 0 0 3 1 3 2 2 3 1
340.4239097315127 0 3 0 0 0 3 2 1 0 0 1 2
3.099084279279199e-07 0 3 0 0 0 3 2 1 0 0 2 1
-0.043611348549000936 0 3 0 0 0 3 2 1 0 3 1 2
-0.04373571000015006 0 3 0 0 0 3 2 1 3 0 1 2
0.0022084684482807536 0 3 0 0 0 3 2 1 3 3 1 2
-1.3677366151426187 0 3 0 0 0 3 2 2 0 0 1 1
339.0561734262781 0 3 0 0 0 3 2 2 0 0 2 2
0.00017520362604108057 0 3 0 0 0 3 2 2 0 3 1 1
-0.043436144922959836 0 3 0 0 0 3 2 2 0 3 2 2
0.00017570323400795132 0 3 0 0 0 3 2 2 3 0 1 1
-0.04356000676614209 0 3 0 0 0 3 2 2 3 0 2 2
9.569243712526903e-06 0 3 0 0 0 3 2 2 3 3 1 1
0.002218037691993282 0 3 0 0 0 3 2 2 3 3 2 2
-0.004674831221343994 0 3 0 0 0 3 2 3 1 1 3 2
1.8780602030438342e-05 0 3 0 0 0 3 2 3 2 1 3 1
-0.0046560506193135546 0 3 0 0 0 3 2 3 2 2 3 2
0.3011202863348209 0 3 0 0 0 3 3 0 0 0 0 0
0.03074699484072317 0 3 0 0 0 3 3 0 0 0 0 3
0.03488921308919708 0 3 0 0 0 3 3 0 0 0 3 0
0.033499828176781474 0 3 0 0 0 3 3 0 0 3 0 0
0.03347179765770425 0 3 0 0 0 3 3 0 3 0 0 0
0.034797794673157884 0 3 0 0 0 3 3 3 0 0 0 0
0.005203534255940056 0 3 0 0 1 1 1 1 0 0 0 0
0.0008390683569475409 0 3 0 0 1 1 1 1 0 0 0 3
-40.621924057906334 0 3 0 0 1 1 1 1 0 0 3 0
0.005217738426408562 0 3 0 0 1 1 1 1 0 0 3 3
0.0005577386350099507 0 3 0 0 1 1 1 1 0 3 0 0
0.005203534255940055 0 3 0 0 1 1 1 1 0 3 3 0
0.0005667449150602472 0 3 0 0 1 1 1 1 0 3 3 3
0.0005577824399002406 0 3 0 0 1 1 1 1 3 0 0 0
0.005218372574238005 0 3 0 0 1 1 1 1 3 0 3 0
0.0005678148776655326 0 3 0 0 1 1 1 1 3 0 3 3
0.00028392902356147426 0 3 0 0 1 1 1 1 3 3 3 0
0.005203534255940056 0 3 0 0 1 1 2 2 0 0 0 0
0.0008390683569475409 0 3 0 0 1 1 2 2 0 0 0 3
-40.621924057906334 0 3 0 0 1 1 2 2 0 0 3 0
0.005217738426408562 0 3 0 0 1 1 2 2 0 0 3 3
0.0005577386350099507 0 3 0 0 1 1 2 2 0 3 0 0
0.005203534255940055 0 3 0 0 1 1 2 2 0 3 3 0
0.0005667449150602472 0 3 0 0 1 1 2 2 0 3 3 3
0.0005577824399002406 0 3 0 0 1 1 2 2 3 0 0 0
0.005218372574238005 0 3 0 0 1 1 2 2 3 0 3 0
0.0005678148776655326 0 3 0 0 1 1 2 2 3 0 3 3
0.00028392902356147426 0 3 0 0 1 1 2 2 3 3 3 0
-0.005358899170721717 0 3 0 0 1 2 0 0 0 0 1 2
0.005358899170721717 0 3 0 0 1 2 0 0 0 0 2 1
-0.0006051259844522633 0 3 0 0 1 2 0 0 0 3 1 2
0.0006051259844522633 0 3 0 0 1 2 0 0 0 3 2 1
-0.000604797736163487 0 3 0 0 1 2 0 0 3 0 1 2
0.000604797736163487 0 3 0 0 1 2 0 0 3 0 2 1
-0.0010350564814857945 0 3 0 0 1 2 0 3 0 0 1 2
0.0010350564814857945 0 3 0 0 1 2 0 3 0 0 2 1
0.00030169068985086 0 3 0 0 1 2 1 2 0 0 3 0
-3.0415527817076513e-05 0 3 0 0 1 2 1 3 1 2 1 0
-3.0415527817076513e-05 0 3 0 0 1 2 1 3 2 2 2 0
-0.00030169068985086 0 3 0 0 1 2 2 1 0 0 3 0
3.0415527817076513e-05 0 3 0 0 1 2 2 3 1 1 1 0
3.0415527817076513e-05 0 3 0 0 1 2 2 3 2 1 2 0
-0.0008972828664667257 0 3 0 0 1 2 3 0 0 0 1 2
0.0008972828664667257 0 3 0 0 1 2 3 0 0 0 2 1
0.005358899170721717 0 3 0 0 2 1 0 0 0 0 1 2
-0.005358899170721717 0 3 0 0 2 1 0 0 0 0 2 1
0.0006051259844522633 0 3 0 0 2 1 0 0 0 3 1 2
-0.0006051259844522633 0 3 0 0 2 1 0 0 0 3 2 1
0.000604797736163487 0 3 0 0 2 1 0 0 3 0 1 2
-0.000604797736163487 0 3 0 0 2 1 0 0 3 0 2 1
0.0010350564814857945 0 3 0 0 2 1 0 3 0 0 1 2
-0.0010350564814857945 0 3 0 0 2 1 0 3 0 0 2 1
-0.00030169068985086 0 3 0 0 2 1 1 2 0 0 3 0
3.0415527817076513e-05 0 3 0 0 2 1 1 3 1 2 1 0
3.0415527817076513e-05 0 3 0 0 2 1 1 3 2 2 2 0
0.00030169068985086 0 3 0 0 2 1 2 1 0 0 3 0
-3.0415527817076513e-05 0 3 0 0 2 1 2 3 1 1 1 0
-3.0415527817076513e-05 0 3 0 0 2 1 2 3 2 1 2 0
0.0008972828664667257 0 3 0 0 2 1 3 0 0 0 1 2
-0.0008972828664667257 0 3 0 0 2 1 3 0 0 0 2 1
0.005203534255940056 0 3 0 0 2 2 1 1 0 0 0 0
0.0008390683569475409 0 3 0 0 2 2 1 1 0 0 0 3
-40.621924057906334 0 3 0 0 2 2 1 1 0 0 3 0
0.005217738426408562 0 3 0 0 2 2 1 1 0 0 3 3
0.0005577386350099507 0 3 0 0 2 2 1 1 0 3 0 0
0.005203534255940055 0 3 0 0 2 2 1 1 0 3 3 0
0.0005667449150602472 0 3 0 0 2 2 1 1 0 3 3 3
0.0005577824399002406 0 3 0 0 2 2 1 1 3 0 0 0
0.005218372574238005 0 3 0 0 2 2 1 1 3 0 3 0
0.0005678148776655326 0 3 0 0 2 2 1 1 3 0 3 3
0.00028392902356147426 0 3 0 0 2 2 1 1 3 3 3 0
0.005203534255940056 0 3 0 0 2 2 2 2 0 0 0 0
0.0008390683569475409 0 3 0 0 2 2 2 2 0 0 0 3
-40.621924057906334 0 3 0 0 2 2 2 2 0 0 3 0
0.005217738426408562 0 3 0 0 2 2 2 2 0 0 3 3
0.0005577386350099507 0 3 0 0 2 2 2 2 0 3 0 0
0.005203534255940055 0 3 0 0 2 2 2 2 0 3 3 0
0.0005667449150602472 0 3 0 0 2 2 2 2 0 3 3 3
0.0005577824399002406 0 3 0 0 2 2 2 2 3 0 0 0
0.005218372574238005 0 3 0 0 2 2 2 2 3 0 3 0
0.0005678148776655326 0 3 0 0 2 2 2 2 3 0 3 3
0.00028392902356147426 0 3 0 0 2 2 2 2 3 3 3 0
-360.64847969172484 0 3 0 0 3 0 0 0 0 0 0 0
0.24230917441794675 0 3 0 0 3 0 0 0 0 0 0 3
0.25968497606126695 0 3 0 0 3 0 0 0 0 0 3 0
0.029589735601893905 0 3 0 0 3 0 0 0 0 0 3 3
0.2389055614818028 0 3 0 0 3 0 0 0 0 3 0 0
0.027199347289532057 0 3 0 0 3 0 0 0 0 3 0 3
0.02909887498425117 0 3 0 0 3 0 0 0 0 3 3 0
0.23893230347486388 0 3 0 0 3 0 0 0 3 0 0 0
0.027196753616585925 0 3 0 0 3 0 0 0 3 0 0 3
0.02908606416570595 0 3 0 0 3 0 0 0 3 0 3 0
0.030165924579175298 0 3 0 0 3 0 0 0 3 3 0 0
-0.004852435120336113 0 3 0 0 3 0 0 1 1 1 1 0
-5.8198875259169504e-05 0 3 0 0 3 0 0 1 1 2 2 0
-0.004794236245076945 0 3 0 0 3 0 0 1 2 2 1 0
-0.004794236245076945 0 3 0 0 3 0 0 2 1 1 2 0
-5.8198875259169504e-05 0 3 0 0 3 0 0 2 2 1 1 0
-0.004852435120336113 0 3 0 0 3 0 0 2 2 2 2 0
0.25965181349411454 0 3 0 0 3 0 0 3 0 0 0 0
0.0295802507688787 0 3 0 0 3 0 0 3 0 0 0 3
0.03777471077863706 0 3 0 0 3 0 0 3 0 0 3 0
0.02908057390723788 0 3 0 0 3 0 0 3 0 3 0 0
0.029062885798599634 0 3 0 0 3 0 0 3 3 0 0 0
-0.004796375755201667 0 3 0 0 3 0 1 1 0 0 1 1
-4.642912020999575e-05 0 3 0 0 3 0 1 1 0 0 2 2
-0.0047499466349916735 0 3 0 0 3 0 1 2 0 0 2 1
-0.004739795704724753 0 3 0 0 3 0 1 3 1 1 3 1
8.016214251519945e-05 0 3 0 0 3 0 1 3 1 2 3 2
-0.004819957847239955 0 3 0 0 3 0 1 3 2 2 3 1
-0.0047499466349916735 0 3 0 0 3 0 2 1 0 0 1 2
-4.642912020999575e-05 0 3 0 0 3 0 2 2 0 0 1 1
-0.004796375755201667 0 3 0 0 3 0 2 2 0 0 2 2
-0.004819957847239955 0 3 0 0 3 0 2 3 1 1 3 2
8.016214251519945e-05 0 3 0 0 3 0 2 3 2 1 3 1
-0.004739795704724753 0 3 0 0 3 0 2 3 2 2 3 2
0.2412466888573907 0 3 0 0 3 0 3 0 0 0 0 0
0.030690915078578702 0 3 0 0 3 0 3 0 0 0 0 3
0.029297171100018303 0 3 0 0 3 0 3 0 0 0 3 0
0.026931493418629857 0 3 0 0 3 0 3 0 0 3 0 0
0.026909765311417908 0 3 0 0 3 0 3 0 3 0 0 0
0.029268623070532206 0 3 0 0 3 0 3 3 0 0 0 0
0.23179754721460477 0 3 0 0 3 3 0 0 0 0 0 0
0.02733346531719559 0 3 0 0 3 3 0 0 0 0 0 3
0.028564077307283005 0 3 0 0 3 3 0 0 0 0 3 0
0.026301969973547865 0 3 0 0 3 3 0 0 0 3 0 0
0.02628960832490875 0 3 0 0 3 3 0 0 3 0 0 0
0.028545194287392904 0 3 0 0 3 3 0 3 0 0 0 0
-0.00491612038968087 0 3 0 0 3 3 1 0 1 1 3 1
1.9829617012611396e-05 0 3 0 0 3 3 1 0 1 2 3 2
-0.004935950006693483 0 3 0 0 3 3 1 0 2 2 3 1
-0.04343614492295983 0 3 0 0 3 3 1 1 0 0 1 1
0.00017520362604108054 0 3 0 0 3 3 1 1 0 0 2 2
-0.004921502784270719 0 3 0 0 3 3 1 1 0 3 1 1
1.9851327388856758e-05 0 3 0 0 3 3 1 1 0 3 2 2
-0.004918788567831747 0 3 0 0 3 3 1 1 3 0 1 1
1.984037935093093e-05 0 3 0 0 3 3 1 1 3 0 2 2
-0.04361134854900093 0 3 0 0 3 3 1 2 0 0 2 1
-0.004941354111659578 0 3 0 0 3 3 1 2 0 3 2 1
-0.00493862894718268 0 3 0 0 3 3 1 2 3 0 2 1
-0.004918788567831747 0 3 0 0 3 3 1 3 1 1 0 1
-0.04356000676614209 0 3 0 0 3 3 1 3 1 1 3 1
1.984037935093093e-05 0 3 0 0 3 3 1 3 1 2 0 2
0.00017570323400795132 0 3 0 0 3 3 1 3 1 2 3 2
-0.00493862894718268 0 3 0 0 3 3 1 3 2 2 0 1
-0.04373571000015006 0 3 0 0 3 3 1 3 2 2 3 1
-0.004935950006693483 0 3 0 0 3 3 2 0 1 1 3 2
1.9829617012611396e-05 0 3 0 0 3 3 2 0 2 1 3 1
-0.00491612038968087 0 3 0 0 3 3 2 0 2 2 3 2
-0.04361134854900093 0 3 0 0 3 3 2 1 0 0 1 2
-0.004941354111659578 0 3 0 0 3 3 2 1 0 3 1 2
-0.00493862894718268 0 3 0 0 3 3 2 1 3 0 1 2
0.00017520362604108054 0 3 0 0 3 3 2 2 0 0 1 1
-0.04343614492295983 0 3 0 0 3 3 2 2 0 0 2 2
1.9851327388856758e-05 0 3 0 0 3 3 2 2 0 3 1 1
-0.004921502784270719 0 3 0 0 3 3 2 2 0 3 2 2
1.984037935093093e-05 0 3 0 0 3 3 2 2 3 0 1 1
-0.004918788567831747 0 3 0 0 3 3 2 2 3 0 2 2
-0.00493862894718268 0 3 0 0 3 3 2 3 1 1 0 2
-0.04373571000015006 0 3 0 0 3 3 2 3 1 1 3 2
1.984037935093093e-05 0 3 0 0 3 3 2 3 2 1 0 1
0.00017570323400795132 0 3 0 0 3 3 2 3 2 1 3 1
-0.004918788567831747 0 3 0 0 3 3 2 3 2 2 0 2
-0.04356000676614209 0 3 0 0 3 3 2 3 2 2 3 2
0.027047507797896247 0 3 0 0 3 3 3 0 0 0 0 0
0.0002734263317700443 0 3 0 1 0 1 1 1 0 1 1 3
-1.1028898827506465e-06 0 3 0 1 0 1 1 1 0 2 2 3
0.0002741301971131988 0 3 0 1 0 1 1 1 3 1 1 0
-2.7678077443251797e-07 0 3 0 1 0 1 1 1 3 2 2 0
0.00027452922165279505 0 3 0 1 0 1 1 2 0 1 2 3
0.00027440697788763137 0 3 0 1 0 1 1 2 3 1 2 0
0.0005577824399002406 0 3 0 1 0 1 1 3 1 3 3 0
0.00027452922165279505 0 3 0 1 0 1 2 1 0 2 1 3
0.00027440697788763137 0 3 0 1 0 1 2 1 3 2 1 0
-1.1028898827506465e-06 0 3 0 1 0 1 2 2 0 1 1 3
0.0002734263317700443 0 3 0 1 0 1 2 2 0 2 2 3
-2.7678077443251797e-07 0 3 0 1 0 1 2 2 3 1 1 0
0.0002741301971131988 0 3 0 1 0 1 2 2 3 2 2 0
0.0005577824399002406 0 3 0 1 0 1 2 3 2 3 3 0
-0.005358899170721717 0 3 0 1 0 2 0 0 0 1 0 2
-0.0006703402727928602 0 3 0 1 0 2 0 0 0 1 3 2
0.005358899170721717 0 3 0 1 0 2 0 0 0 2 0 1
0.0006703402727928602 0 3 0 1 0 2 0 0 0 2 3 1
-0.000604797736163487 0 3 0 1 0 2 0 0 3 1 0 2
0.000604797736163487 0 3 0 1 0 2 0 0 3 2 0 1
-0.0007009927824606333 0 3 0 1 0 2 0 3 0 1 0 2
0.0007009927824606333 0 3 0 1 0 2 0 3 0 2 0 1
-0.0006091686621280702 0 3 0 1 0 2 3 0 0 1 0 2
0.0006091686621280702 0 3 0 1 0 2 3 0 0 2 0 1
0.0008265774001532175 0 3 0 1 1 0 0 1 1 3 0 0
0.0008265774001532175 0 3 0 1 1 0 0 2 2 3 0 0
-0.0002942132536557626 0 3 0 1 1 3 1 3 1 3 1 1
-0.0002942132536557626 0 3 0 1 1 3 1 3 2 3 2 1
-0.0002942132536557626 0 3 0 1 1 3 2 3 1 3 1 2
-0.0002942132536557626 0 3 0 1 1 3 2 3 2 3 2 2
-0.005209779553671597 0 3 0 1 2 0 0 0 0 1 2 0
-0.0005984132100527388 0 3 0 1 2 0 0 0 0 1 2 3
0.005209779553671597 0 3 0 1 2 0 0 0 0 2 1 0
0.0005984132100527388 0 3 0 1 2 0 0 0 0 2 1 3
-0.0008898086572234774 0 3 0 1 2 0 0 0 3 1 2 0
0.0008898086572234774 0 3 0 1 2 0 0 0 3 2 1 0
-0.0010151450184360728 0 3 0 1 2 0 0 3 0 1 2 0
0.0010151450184360728 0 3 0 1 2 0 0 3 0 2 1 0
-3.275574493005684e-05 0 3 0 1 2 0 1 1 0 1 3 2
3.275574493005684e-05 0 3 0 1 2 0 1 1 0 2 3 1
-3.275574493005684e-05 0 3 0 1 2 0 2 2 0 1 3 2
3.275574493005684e-05 0 3 0 1 2 0 2 2 0 2 3 1
-0.0005922176065620746 0 3 0 1 2 0 3 0 0 1 2 0
0.0005922176065620746 0 3 0 1 2 0 3 0 0 2 1 0
-0.0005668798649096817 0 3 0 1 2 3 0 0 0 1 2 0
0.0005668798649096817 0 3 0 1 2 3 0 0 0 2 1 0
-1.072200274358168e-06 0 3 0 1 2 3 1 1 0 1 0 2
-0.00026581782327118463 0 3 0 1 2 3 1 1 0 2 0 1
-1.0690965625526732e-06 0 3 0 1 2 3 1 1 3 1 3 2
-0.0002650483570287967 0 3 0 1 2 3 1 1 3 2 3 1
0.0002668900235455429 0 3 0 1 2 3 1 2 0 1 0 1
0.0002661174535913495 0 3 0 1 2 3 1 2 3 1 3 1
-0.0002668900235455429 0 3 0 1 2 3 2 1 0 2 0 2
-0.0002661174535913495 0 3 0 1 2 3 2 1 3 2 3 2
0.00026581782327118463 0 3 0 1 2 3 2 2 0 1 0 2
1.072200274358168e-06 0 3 0 1 2 3 2 2 0 2 0 1
0.0002650483570287967 0 3 0 1 2 3 2 2 3 1 3 2
1.0690965625526732e-06 0 3 0 1 2 3 2 2 3 2 3 1
0.0005889381044151517 0 3 0 1 3 1 1 0 1 3 3 0
-3.184426591458142e-05 0 3 0 1 3 1 1 1 0 1 1 0
-3.184426591458142e-05 0 3 0 1 3 1 1 1 0 2 2 0
0.001009176162156582 0 3 0 1 3 1 1 3 1 0 3 0
0.0005892577450378097 0 3 0 1 3 1 1 3 1 3 0 0
0.005218372574238005 0 3 0 1 3 1 1 3 1 3 3 0
0.000894642183348305 0 3 0 1 3 1 1 3 1 3 3 3
0.0005889381044151517 0 3 0 1 3 1 2 0 2 3 3 0
-3.184426591458142e-05 0 3 0 1 3 1 2 2 0 1 1 0
-3.184426591458142e-05 0 3 0 1 3 1 2 2 0 2 2 0
0.001009176162156582 0 3 0 1 3 1 2 3 2 0 3 0
0.0005892577450378097 0 3 0 1 3 1 2 3 2 3 0 0
0.005218372574238005 0 3 0 1 3 1 2 3 2 3 3 0
0.000894642183348305 0 3 0 1 3 1 2 3 2 3 3 3
-0.00029157500490075463 0 3 0 1 3 2 0 0 0 1 0 2
0.00029157500490075463 0 3 0 1 3 2 0 0 0 2 0 1
0.005358899170721717 0 3 0 2 0 1 0 0 0 1 0 2
0.0006703402727928602 0 3 0 2 0 1 0 0 0 1 3 2
-0.005358899170721717 0 3 0 2 0 1 0 0 0 2 0 1
-0.0006703402727928602 0 3 0 2 0 1 0 0 0 2 3 1
0.000604797736163487 0 3 0 2 0 1 0 0 3 1 0 2
-0.000604797736163487 0 3 0 2 0 1 0 0 3 2 0 1
0.0007009927824606333 0 3 0 2 0 1 0 3 0 1 0 2
-0.0007009927824606333 0 3 0 2 0 1 0 3 0 2 0 1
0.0006091686621280702 0 3 0 2 0 1 3 0 0 1 0 2
-0.0006091686621280702 0 3 0 2 0 1 3 0 0 2 0 1
0.0002734263317700443 0 3 0 2 0 2 1 1 0 1 1 3
-1.1028898827506465e-06 0 3 0 2 0 2 1 1 0 2 2 3
0.0002741301971131988 0 3 0 2 0 2 1 1 3 1 1 0
-2.7678077443251797e-07 0 3 0 2 0 2 1 1 3 2 2 0
0.00027452922165279505 0 3 0 2 0 2 1 2 0 1 2 3
0.00027440697788763137 0 3 0 2 0 2 1 2 3 1 2 0
0.0005577824399002406 0 3 0 2 0 2 1 3 1 3 3 0
0.00027452922165279505 0 3 0 2 0 2 2 1 0 2 1 3
0.00027440697788763137 0 3 0 2 0 2 2 1 3 2 1 0
-1.1028898827506465e-06 0 3 0 2 0 2 2 2 0 1 1 3
0.0002734263317700443 0 3 0 2 0 2 2 2 0 2 2 3
-2.7678077443251797e-07 0 3 0 2 0 2 2 2 3 1 1 0
0.0002741301971131988 0 3 0 2 0 2 2 2 3 2 2 0
0.0005577824399002406 0 3 0 2 0 2 2 3 2 3 3 0
0.005209779553671597 0 3 0 2 1 0 0 0 0 1 2 0
0.0005984132100527388 0 3 0 2 1 0 0 0 0 1 2 3
-0.005209779553671597 0 3 0 2 1 0 0 0 0 2 1 0
-0.0005984132100527388 0 3 0 2 1 0 0 0 0 2 1 3
0.0008898086572234774 0 3 0 2 1 0 0 0 3 1 2 0
-0.0008898086572234774 0 3 0 2 1 0 0 0 3 2 1 0
0.0010151450184360728 0 3 0 2 1 0 0 3 0 1 2 0
-0.0010151450184360728 0 3 0 2 1 0 0 3 0 2 1 0
3.275574493005684e-05 0 3 0 2 1 0 1 1 0 1 3 2
-3.275574493005684e-05 0 3 0 2 1 0 1 1 0 2 3 1
3.275574493005684e-05 0 3 0 2 1 0 2 2 0 1 3 2
-3.275574493005684e-05 0 3 0 2 1 0 2 2 0 2 3 1
0.0005922176065620746 0 3 0 2 1 0 3 0 0 1 2 0
-0.0005922176065620746 0 3 0 2 1 0 3 0 0 2 1 0
0.0005668798649096817 0 3 0 2 1 3 0 0 0 1 2 0
-0.0005668798649096817 0 3 0 2 1 3 0 0 0 2 1 0
1.072200274358168e-06 0 3 0 2 1 3 1 1 0 1 0 2
0.00026581782327118463 0 3 0 2 1 3 1 1 0 2 0 1
1.0690965625526732e-06 0 3 0 2 1 3 1 1 3 1 3 2
0.0002650483570287967 0 3 0 2 1 3 1 1 3 2 3 1
-0.0002668900235455429 0 3 0 2 1 3 1 2 0 1 0 1
-0.0002661174535913495 0 3 0 2 1 3 1 2 3 1 3 1
0.0002668900235455429 0 3 0 2 1 3 2 1 0 2 0 2
0.0002661174535913495 0 3 0 2 1 3 2 1 3 2 3 2
-0.00026581782327118463 0 3 0 2 1 3 2 2 0 1 0 2
-1.072200274358168e-06 0 3 0 2 1 3 2 2 0 2 0 1
-0.0002650483570287967 0 3 0 2 1 3 2 2 3 1 3 2
-1.0690965625526732e-06 0 3 0 2 1 3 2 2 3 2 3 1
0.0008265774001532174 0 3 0 2 2 0 0 1 1 3 0 0
0.0008265774001532174 0 3 0 2 2 0 0 2 2 3 0 0
-0.0002942132536557626 0 3 0 2 2 3 1 3 1 3 1 1
-0.0002942132536557626 0 3 0 2 2 3 1 3 2 3 2 1
-0.0002942132536557626 0 3 0 2 2 3 2 3 1 3 1 2
-0.0002942132536557626 0 3 0 2 2 3 2 3 2 3 2 2
0.00029157500490075463 0 3 0 2 3 1 0 0 0 1 0 2
-0.00029157500490075463 0 3 0 2 3 1 0 0 0 2 0 1
0.0005889381044151517 0 3 0 2 3 2 1 0 1 3 3 0
-3.184426591458142e-05 0 3 0 2 3 2 1 1 0 1 1 0
-3.184426591458142e-05 0 3 0 2 3 2 1 1 0 2 2 0
0.001009176162156582 0 3 0 2 3 2 1 3 1 0 3 0
0.0005892577450378097 0 3 0 2 3 2 1 3 1 3 0 0
0.005218372574238005 0 3 0 2 3 2 1 3 1 3 3 0
0.000894642183348305 0 3 0 2 3 2 1 3 1 3 3 3
0.0005889381044151517 0 3 0 2 3 2 2 0 2 3 3 0
-3.184426591458142e-05 0 3 0 2 3 2 2 2 0 1 1 0
-3.184426591458142e-05 0 3 0 2 3 2 2 2 0 2 2 0
0.001009176162156582 0 3 0 2 3 2 2 3 2 0 3 0
0.0005892577450378097 0 3 0 2 3 2 2 3 2 3 0 0
0.005218372574238005 0 3 0 2 3 2 2 3 2 3 3 0
0.000894642183348305 0 3 0 2 3 2 2 3 2 3 3 3
-709.3790044145338 0 3 0 3 0 0 0 0 0 0 0 0
0.2871066445619004 0 3 0 3 0 0 0 0 0 0 0 3
0.2939409356218774 0 3 0 3 0 0 0 0 0 0 3 0
0.033258760310535866 0 3 0 3 0 0 0 0 0 0 3 3
0.29400063925709957 0 3 0 3 0 0 0 0 0 3 0 0
0.03326202483838497 0 3 0 3 0 0 0 0 0 3 0 3
0.034014200900672385 0 3 0 3 0 0 0 0 0 3 3 0
0.2941246156418583 0 3 0 3 0 0 0 0 3 0 0 0
0.03326515297898515 0 3 0 3 0 0 0 0 3 0 0 3
0.03406075028868333 0 3 0 3 0 0 0 0 3 0 3 0
0.02908606416570595 0 3 0 3 0 0 0 0 3 3 0 0
0.2940653307076322 0 3 0 3 0 0 0 3 0 0 0 0
0.033261926228464286 0 3 0 3 0 0 0 3 0 0 0 3
0.02908057390723788 0 3 0 3 0 0 0 3 0 0 3 0
0.0340607982749236 0 3 0 3 0 0 0 3 0 3 0 0
0.033973519794194926 0 3 0 3 0 0 0 3 3 0 0 0
-0.004730864265341554 0 3 0 3 0 0 1 1 0 0 1 1
1.9082369650117934e-05 0 3 0 3 0 0 1 1 0 0 2 2
-0.0047499466349916735 0 3 0 3 0 0 1 2 0 0 2 1
-0.0047499466349916735 0 3 0 3 0 0 2 1 0 0 1 2
1.9082369650117934e-05 0 3 0 3 0 0 2 2 0 0 1 1
-0.004730864265341554 0 3 0 3 0 0 2 2 0 0 2 2
0.2869722563878068 0 3 0 3 0 0 3 0 0 0 0 0
0.027835398744662204 0 3 0 3 0 0 3 0 0 0 0 3
0.032941132532540836 0 3 0 3 0 0 3 0 0 0 3 0
0.03294432527740068 0 3 0 3 0 0 3 0 0 3 0 0
0.03290977860475086 0 3 0 3 0 0 3 0 3 0 0 0
0.03290662313704449 0 3 0 3 0 0 3 3 0 0 0 0
0.27659501735855835 0 3 0 3 0 3 0 0 0 0 0 0
0.033131331229043146 0 3 0 3 0 3 0 0 0 0 0 3
0.03257739677585143 0 3 0 3 0 3 0 0 0 0 3 0
0.032582808901755016 0 3 0 3 0 3 0 0 0 3 0 0
0.032566303125665934 0 3 0 3 0 3 0 0 3 0 0 0
0.03256093344600366 0 3 0 3 0 3 0 3 0 0 0 0
-0.04343614492295982 0 3 0 3 0 3 1 1 0 0 1 1
0.00017520362604108052 0 3 0 3 0 3 1 1 0 0 2 2
-0.005453138430813087 0 3 0 3 0 3 1 1 0 3 1 1
2.1995727937573086e-05 0 3 0 3 0 3 1 1 0 3 2 2
-0.0054488852818893405 0 3 0 3 0 3 1 1 3 0 1 1
2.1978572476036274e-05 0 3 0 3 0 3 1 1 3 0 2 2
-0.04361134854900092 0 3 0 3 0 3 1 2 0 0 2 1
-0.005475134158750662 0 3 0 3 0 3 1 2 0 3 2 1
-0.005470863854365379 0 3 0 3 0 3 1 2 3 0 2 1
-0.04361134854900092 0 3 0 3 0 3 2 1 0 0 1 2
-0.005475134158750662 0 3 0 3 0 3 2 1 0 3 1 2
-0.005470863854365379 0 3 0 3 0 3 2 1 3 0 1 2
0.00017520362604108052 0 3 0 3 0 3 2 2 0 0 1 1
-0.04343614492295982 0 3 0 3 0 3 2 2 0 0 2 2
2.1995727937573086e-05 0 3 0 3 0 3 2 2 0 3 1 1
-0.005453138430813087 0 3 0 3 0 3 2 2 0 3 2 2
2.1978572476036274e-05 0 3 0 3 0 3 2 2 3 0 1 1
-0.0054488852818893405 0 3 0 3 0 3 2 2 3 0 2 2
0.032782160172084504 0 3 0 3 0 3 3 0 0 0 0 0
0.0005895829009245321 0 3 0 3 1 1 1 1 0 0 0 0
0.005203534255940053 0 3 0 3 1 1 1 1 0 0 3 0
0.0005995006599903039 0 3 0 3 1 1 1 1 0 0 3 3
0.0006532714327536948 0 3 0 3 1 1 1 1 0 3 3 0
0.0006845140027738145 0 3 0 3 1 1 1 1 3 0 3 0
0.0005895829009245321 0 3 0 3 1 1 2 2 0 0 0 0
0.005203534255940053 0 3 0 3 1 1 2 2 0 0 3 0
0.0005995006599903039 0 3 0 3 1 1 2 2 0 0 3 3
0.0006532714327536948 0 3 0 3 1 1 2 2 0 3 3 0
0.0006845140027738145 0 3 0 3 1 1 2 2 3 0 3 0
-0.0005728030745411094 0 3 0 3 1 2 0 0 0 0 1 2
0.0005728030745411094 0 3 0 3 1 2 0 0 0 0 2 1
0.0005728030745411094 0 3 0 3 2 1 0 0 0 0 1 2
-0.0005728030745411094 0 3 0 3 2 1 0 0 0 0 2 1
0.0005895829009245321 0 3 0 3 2 2 1 1 0 0 0 0
0.005203534255940053 0 3 0 3 2 2 1 1 0 0 3 0
0.0005995006599903039 0 3 0 3 2 2 1 1 0 0 3 3
0.0006532714327536948 0 3 0 3 2 2 1 1 0 3 3 0
0.0006845140027738145 0 3 0 3 2 2 1 1 3 0 3 0
0.0005895829009245321 0 3 0 3 2 2 2 2 0 0 0 0
0.005203534255940053 0 3 0 3 2 2 2 2 0 0 3 0
0.0005995006599903039 0 3 0 3 2 2 2 2 0 0 3 3
0.0006532714327536948 0 3 0 3 2 2 2 2 0 3 3 0
0.0006845140027738145 0 3 0 3 2 2 2 2 3 0 3 0
0.2285610072700217 0 3 0 3 3 0 0 0 0 0 0 0
0.026300930237190948 0 3 0 3 3 0 0 0 0 0 0 3
0.028086010350910212 0 3 0 3 3 0 0 0 0 0 3 0
0.02642878865918301 0 3 0 3 3 0 0 0 0 3 0 0
0.026412978023707474 0 3 0 3 3 0 0 0 3 0 0 0
0.028065428888801806 0 3 0 3 3 0 0 3 0 0 0 0
0.026029129987682066 0 3 0 3 3 0 3 0 0 0 0 0
0.02488425916645947 0 3 0 3 3 3 0 0 0 0 0 0
-0.004655684960999535 0 3 0 3 3 3 1 1 0 0 1 1
1.877912711449859e-05 0 3 0 3 3 3 1 1 0 0 2 2
-0.004674464088114036 0 3 0 3 3 3 1 2 0 0 2 1
0.0045252022621696305 0 3 0 3 3 3 1 3 1 1 3 1
9.55992447046682e-06 0 3 0 3 3 3 1 3 1 2 3 2
0.004515642337699162 0 3 0 3 3 3 1 3 2 2 3 1
-0.004674464088114036 0 3 0 3 3 3 2 1 0 0 1 2
1.877912711449859e-05 0 3 0 3 3 3 2 2 0 0 1 1
-0.004655684960999535 0 3 0 3 3 3 2 2 0 0 2 2
0.004515642337699162 0 3 0 3 3 3 2 3 1 1 3 2
9.55992447046682e-06 0 3 0 3 3 3 2 3 2 1 3 1
0.0045252022621696305 0 3 0 3 3 3 2 3 2 2 3 2
0.0002636565930745807 0 3 1 0 0 1 1 1 1 0 1 3
0.0002651676618435396 0 3 1 0 0 1 1 1 1 3 1 0
-1.0634827565437742e-06 0 3 1 0 0 1 1 1 2 0 2 3
2.674615323724356e-07 0 3 1 0 0 1 1 1 2 3 2 0
0.00026472007583112456 0 3 1 0 0 1 1 2 1 0 2 3
0.00026490020031116716 0 3 1 0 0 1 1 2 1 3 2 0
0.00026472007583112456 0 3 1 0 0 1 2 1 2 0 1 3
0.00026490020031116716 0 3 1 0 0 1 2 1 2 3 1 0
-1.0634827565437742e-06 0 3 1 0 0 1 2 2 1 0 1 3
2.674615323724356e-07 0 3 1 0 0 1 2 2 1 3 1 0
0.0002636565930745807 0 3 1 0 0 1 2 2 2 0 2 3
0.0002651676618435396 0 3 1 0 0 1 2 2 2 3 2 0
-0.0051674214726727995 0 3 1 0 0 2 0 0 1 0 0 2
-0.0006463884856338243 0 3 1 0 0 2 0 0 1 0 3 2
-0.0005835043553002261 0 3 1 0 0 2 0 0 1 3 0 2
0.0051674214726727995 0 3 1 0 0 2 0 0 2 0 0 1
0.0006463884856338243 0 3 1 0 0 2 0 0 2 0 3 1
0.0005835043553002261 0 3 1 0 0 2 0 0 2 3 0 1
-0.0006772432225367466 0 3 1 0 0 2 0 3 1 0 0 2
0.0006772432225367466 0 3 1 0 0 2 0 3 2 0 0 1
-0.0006622586495233456 0 3 1 0 0 2 1 0 0 2 3 0
-0.0006312757048161215 0 3 1 0 0 2 1 3 0 2 0 0
-0.0050283306298989725 0 3 1 0 0 2 1 3 0 2 3 0
-0.0005793154004574353 0 3 1 0 0 2 1 3 0 2 3 3
-0.0005694173656868787 0 3 1 0 0 2 1 3 3 2 3 0
0.0006622586495233456 0 3 1 0 0 2 2 0 0 1 3 0
0.0006312757048161215 0 3 1 0 0 2 2 3 0 1 0 0
0.0050283306298989725 0 3 1 0 0 2 2 3 0 1 3 0
0.0005793154004574353 0 3 1 0 0 2 2 3 0 1 3 3
0.0005694173656868787 0 3 1 0 0 2 2 3 3 1 3 0
-0.0005874025849111121 0 3 1 0 0 2 3 0 1 0 0 2
0.0005874025849111121 0 3 1 0 0 2 3 0 2 0 0 1
-0.005149416902595211 0 3 1 0 2 0 0 0 1 0 2 0
-0.0005914797481997403 0 3 1 0 2 0 0 0 1 0 2 3
-0.0008859658899840894 0 3 1 0 2 0 0 0 1 3 2 0
0.005149416902595211 0 3 1 0 2 0 0 0 2 0 1 0
0.0005914797481997403 0 3 1 0 2 0 0 0 2 0 1 3
0.0008859658899840894 0 3 1 0 2 0 0 0 2 3 1 0
-0.005149416902595211 0 3 1 0 2 0 0 1 0 2 0 0
-0.0005914797481997403 0 3 1 0 2 0 0 1 0 2 0 3
-0.0010112959430317418 0 3 1 0 2 0 0 1 0 2 3 0
-0.0008847762754123871 0 3 1 0 2 0 0 1 3 2 0 0
0.005149416902595211 0 3 1 0 2 0 0 2 0 1 0 0
0.0005914797481997403 0 3 1 0 2 0 0 2 0 1 0 3
0.0010112959430317418 0 3 1 0 2 0 0 2 0 1 3 0
0.0008847762754123871 0 3 1 0 2 0 0 2 3 1 0 0
-0.0010097465084842024 0 3 1 0 2 0 0 3 1 0 2 0
0.0010097465084842024 0 3 1 0 2 0 0 3 2 0 1 0
-3.1585356304095796e-05 0 3 1 0 2 0 1 1 1 0 3 2
3.1585356304095796e-05 0 3 1 0 2 0 1 1 2 0 3 1
-3.1652855047306194e-05 0 3 1 0 2 0 1 3 0 2 1 1
-3.1652855047306194e-05 0 3 1 0 2 0 1 3 0 2 2 2
-3.1585356304095796e-05 0 3 1 0 2 0 2 2 1 0 3 2
3.1585356304095796e-05 0 3 1 0 2 0 2 2 2 0 3 1
3.1652855047306194e-05 0 3 1 0 2 0 2 3 0 1 1 1
3.1652855047306194e-05 0 3 1 0 2 0 2 3 0 1 2 2
-0.0005853559295222072 0 3 1 0 2 0 3 0 1 0 2 0
0.0005853559295222072 0 3 1 0 2 0 3 0 2 0 1 0
-0.0005853559295222072 0 3 1 0 2 0 3 1 0 2 0 0
0.0005853559295222072 0 3 1 0 2 0 3 2 0 1 0 0
-0.0005603117613776126 0 3 1 0 2 3 0 0 1 0 2 0
0.0005603117613776126 0 3 1 0 2 3 0 0 2 0 1 0
-0.0005603117613776126 0 3 1 0 2 3 0 1 0 2 0 0
0.0005603117613776126 0 3 1 0 2 3 0 2 0 1 0 0
-0.0002637977258386861 0 3 1 0 2 3 1 0 0 1 2 1
0.00026273794851819343 0 3 1 0 2 3 1 0 0 2 1 1
-1.059777320492591e-06 0 3 1 0 2 3 1 0 0 2 2 2
-1.059777320492591e-06 0 3 1 0 2 3 1 1 1 0 0 2
1.059777320492591e-06 0 3 1 0 2 3 1 1 1 3 3 2
-0.00026273794851819343 0 3 1 0 2 3 1 1 2 0 0 1
-0.0002637977258386861 0 3 1 0 2 3 1 1 2 3 3 1
0.0002637977258386861 0 3 1 0 2 3 1 2 1 0 0 1
0.00026273794851819343 0 3 1 0 2 3 1 2 1 3 3 1
-0.00026273794851819343 0 3 1 0 2 3 1 3 3 1 2 1
0.0002637977258386861 0 3 1 0 2 3 1 3 3 2 1 1
1.059777320492591e-06 0 3 1 0 2 3 1 3 3 2 2 2
1.059777320492591e-06 0 3 1 0 2 3 2 0 0 1 1 1
-0.00026273794851819343 0 3 1 0 2 3 2 0 0 1 2 2
0.0002637977258386861 0 3 1 0 2 3 2 0 0 2 1 2
-0.0002637977258386861 0 3 1 0 2 3 2 1 2 0 0 2
-0.00026273794851819343 0 3 1 0 2 3 2 1 2 3 3 2
0.00026273794851819343 0 3 1 0 2 3 2 2 1 0 0 2
0.0002637977258386861 0 3 1 0 2 3 2 2 1 3 3 2
1.059777320492591e-06 0 3 1 0 2 3 2 2 2 0 0 1
-1.059777320492591e-06 0 3 1 0 2 3 2 2 2 3 3 1
-1.059777320492591e-06 0 3 1 0 2 3 2 3 3 1 1 1
-0.0002637977258386861 0 3 1 0 2 3 2 3 3 1 2 2
0.00026273794851819343 0 3 1 0 2 3 2 3 3 2 1 2
-3.1442065166799096e-05 0 3 1 0 3 1 0 1 0 1 1 1
-3.1442065166799096e-05 0 3 1 0 3 1 0 1 0 2 2 1
-3.1442065166799096e-05 0 3 1 0 3 1 0 2 0 1 1 2
-3.1442065166799096e-05 0 3 1 0 3 1 0 2 0 2 2 2
-3.147530513756911e-05 0 3 1 0 3 1 1 1 1 0 1 0
-3.147530513756911e-05 0 3 1 0 3 1 1 1 2 0 2 0
-0.0003015809451459933 0 3 1 0 3 1 1 3 0 1 3 0
-3.147530513756911e-05 0 3 1 0 3 1 2 2 1 0 1 0
-3.147530513756911e-05 0 3 1 0 3 1 2 2 2 0 2 0
-0.0003015809451459933 0 3 1 0 3 1 2 3 0 2 3 0
-0.00028115679978653536 0 3 1 0 3 2 0 0 1 0 0 2
0.00028115679978653536 0 3 1 0 3 2 0 0 2 0 0 1
-0.0002743690990910074 0 3 1 0 3 2 1 0 0 2 0 0
-0.0050426693402300556 0 3 1 0 3 2 1 0 0 2 3 0
-0.0005486964822454372 0 3 1 0 3 2 1 0 0 2 3 3
-0.0005385135882774059 0 3 1 0 3 2 1 0 3 2 3 0
-0.005028330629898974 0 3 1 0 3 2 1 3 0 2 0 0
-0.0005476625454101291 0 3 1 0 3 2 1 3 0 2 0 3
39.25418764292743 0 3 1 0 3 2 1 3 0 2 3 0
-0.0050420565442345164 0 3 1 0 3 2 1 3 0 2 3 3
-0.0005390018378698022 0 3 1 0 3 2 1 3 3 2 0 0
-0.005042669340230052 0 3 1 0 3 2 1 3 3 2 3 0
-0.0008144800408331056 0 3 1 0 3 2 1 3 3 2 3 3
0.0002743690990910074 0 3 1 0 3 2 2 0 0 1 0 0
0.0050426693402300556 0 3 1 0 3 2 2 0 0 1 3 0
0.0005486964822454372 0 3 1 0 3 2 2 0 0 1 3 3
0.0005385135882774059 0 3 1 0 3 2 2 0 3 1 3 0
0.005028330629898974 0 3 1 0 3 2 2 3 0 1 0 0
0.0005476625454101291 0 3 1 0 3 2 2 3 0 1 0 3
-39.25418764292743 0 3 1 0 3 2 2 3 0 1 3 0
0.0050420565442345164 0 3 1 0 3 2 2 3 0 1 3 3
0.0005390018378698022 0 3 1 0 3 2 2 3 3 1 0 0
0.005042669340230052 0 3 1 0 3 2 2 3 3 1 3 0
0.0008144800408331055 0 3 1 0 3 2 2 3 3 1 3 3
0.003620103957917698 0 3 1 1 0 0 0 1 0 3 1 0
0.003620103957917698 0 3 1 1 0 0 0 2 0 3 2 0
-0.005297609180401802 0 3 1 1 0 0 1 3 0 3 3 1
-0.005297609180401802 0 3 1 1 0 0 2 3 0 3 3 2
-0.006101647198751154 0 3 1 1 0 3 1 0 0 3 3 1
-0.005511085685195253 0 3 1 1 0 3 1 3 0 0 3 1
-0.006106409863566783 0 3 1 1 0 3 1 3 0 3 0 1
-0.04863967917889989 0 3 1 1 0 3 1 3 0 3 3 1
-0.0055080463128695575 0 3 1 1 0 3 1 3 3 3 3 1
-0.006101647198751154 0 3 1 1 0 3 2 0 0 3 3 2
-0.005511085685195253 0 3 1 1 0 3 2 3 0 0 3 2
-0.006106409863566783 0 3 1 1 0 3 2 3 0 3 0 2
-0.04863967917889989 0 3 1 1 0 3 2 3 0 3 3 2
-0.0055080463128695575 0 3 1 1 0 3 2 3 3 3 3 2
0.0002714536470362344 0 3 1 1 1 1 0 1 0 3 0 1
0.0002714536470362344 0 3 1 1 1 1 0 2 0 3 0 2
0.00030588228302520055 0 3 1 1 1 2 1 0 0 3 2 0
-3.077206564022325e-05 0 3 1 1 1 2 1 3 0 0 2 0
0.0003061820767001012 0 3 1 1 1 2 1 3 0 3 2 3
-0.00030588228302520055 0 3 1 1 1 2 2 0 0 3 1 0
3.077206564022325e-05 0 3 1 1 1 2 2 3 0 0 1 0
-0.0003061820767001012 0 3 1 1 1 2 2 3 0 3 1 3
-0.00030588228302520055 0 3 1 1 2 1 1 0 0 3 2 0
-3.147530513756911e-05 0 3 1 1 2 1 1 1 1 2 3 0
-3.0682989349448945e-05 0 3 1 1 2 1 1 1 2 1 3 0
6.215829448701806e-05 0 3 1 1 2 1 1 2 1 1 3 0
-0.0003061820767001012 0 3 1 1 2 1 1 3 0 3 2 3
3.147530513756911e-05 0 3 1 1 2 1 1 3 3 3 2 0
0.00030588228302520055 0 3 1 1 2 1 2 0 0 3 1 0
-6.215829448701806e-05 0 3 1 1 2 1 2 1 2 2 3 0
3.0682989349448945e-05 0 3 1 1 2 1 2 2 1 2 3 0
3.147530513756911e-05 0 3 1 1 2 1 2 2 2 1 3 0
0.0003061820767001012 0 3 1 1 2 1 2 3 0 3 1 3
-3.147530513756911e-05 0 3 1 1 2 1 2 3 3 3 1 0
0.00027172772538090577 0 3 1 1 2 2 0 1 0 3 0 1
0.00027172772538090577 0 3 1 1 2 2 0 2 0 3 0 2
-0.005682167749565271 0 3 1 1 3 0 0 1 0 0 1 0
-0.050042895264399284 0 3 1 1 3 0 0 1 0 3 1 0
-0.005748099182891046 0 3 1 1 3 0 0 1 0 3 1 3
-0.005679012520489333 0 3 1 1 3 0 0 1 3 3 1 0
-0.005682167749565271 0 3 1 1 3 0 0 2 0 0 2 0
-0.050042895264399284 0 3 1 1 3 0 0 2 0 3 2 0
-0.005748099182891046 0 3 1 1 3 0 0 2 0 3 2 3
-0.005679012520489333 0 3 1 1 3 0 0 2 3 3 2 0
-0.005602852531768963 0 3 1 1 3 0 1 0 0 3 3 1
-0.005635444112149209 0 3 1 1 3 0 1 3 0 0 3 1
-0.005603791257101903 0 3 1 1 3 0 1 3 0 3 0 1
-0.04877245168708543 0 3 1 1 3 0 1 3 0 3 3 1
-0.005634437888073059 0 3 1 1 3 0 1 3 3 3 3 1
-0.005602852531768963 0 3 1 1 3 0 2 0 0 3 3 2
-0.005635444112149209 0 3 1 1 3 0 2 3 0 0 3 2
-0.005603791257101903 0 3 1 1 3 0 2 3 0 3 0 2
-0.04877245168708543 0 3 1 1 3 0 2 3 0 3 3 2
-0.005634437888073059 0 3 1 1 3 0 2 3 3 3 3 2
-0.00568858688810219 0 3 1 1 3 0 3 1 0 3 1 0
-0.00568858688810219 0 3 1 1 3 0 3 2 0 3 2 0
-0.005445203470688011 0 3 1 1 3 3 0 1 0 3 1 0
-0.005445203470688011 0 3 1 1 3 3 0 2 0 3 2 0
-0.0052138330592137955 0 3 1 1 3 3 1 0 0 0 3 1
0.002462954751299291 0 3 1 1 3 3 1 0 0 3 0 1
-0.04877837934038014 0 3 1 1 3 3 1 0 0 3 3 1
-0.005209110159054412 0 3 1 1 3 3 1 0 3 3 3 1
-0.005213423596009487 0 3 1 1 3 3 1 3 0 0 0 1
-0.0486396791788999 0 3 1 1 3 3 1 3 0 0 3 1
-0.04863967917889991 0 3 1 1 3 3 1 3 0 3 0 1
379.6783990651298 0 3 1 1 3 3 1 3 0 3 3 1
0.0035160261000130484 0 3 1 1 3 3 1 3 3 0 3 1
-0.0052138330592137955 0 3 1 1 3 3 1 3 3 3 0 1
-0.04877837934038011 0 3 1 1 3 3 1 3 3 3 3 1
-0.0052138330592137955 0 3 1 1 3 3 2 0 0 0 3 2
0.002462954751299291 0 3 1 1 3 3 2 0 0 3 0 2
-0.04877837934038014 0 3 1 1 3 3 2 0 0 3 3 2
-0.005209110159054412 0 3 1 1 3 3 2 0 3 3 3 2
-0.005213423596009487 0 3 1 1 3 3 2 3 0 0 0 2
-0.0486396791788999 0 3 1 1 3 3 2 3 0 0 3 2
-0.04863967917889991 0 3 1 1 3 3 2 3 0 3 0 2
379.6783990651298 0 3 1 1 3 3 2 3 0 3 3 2
0.0035160261000130484 0 3 1 1 3 3 2 3 3 0 3 2
-0.0052138330592137955 0 3 1 1 3 3 2 3 3 3 0 2
-0.04877837934038011 0 3 1 1 3 3 2 3 3 3 3 2
-0.060341729069589685 0 3 1 2 0 0 0 0 1 2 0 0
-0.0069310586792905235 0 3 1 2 0 0 0 0 1 2 0 3
-0.007579429582581099 0 3 1 2 0 0 0 0 1 2 3 0
0.060341729069589685 0 3 1 2 0 0 0 0 2 1 0 0
0.0069310586792905235 0 3 1 2 0 0 0 0 2 1 0 3
0.007579429582581099 0 3 1 2 0 0 0 0 2 1 3 0
-0.0075735353043859185 0 3 1 2 0 0 0 3 1 2 0 0
0.0075735353043859185 0 3 1 2 0 0 0 3 2 1 0 0
-0.006859298747146601 0 3 1 2 0 0 3 0 1 2 0 0
0.006859298747146601 0 3 1 2 0 0 3 0 2 1 0 0
-0.006565826993443233 0 3 1 2 0 3 0 0 1 2 0 0
0.006565826993443233 0 3 1 2 0 3 0 0 2 1 0 0
1.0299093364584277e-05 0 3 1 2 0 3 1 1 1 1 1 2
0.008197138992754958 0 3 1 2 0 3 1 1 1 2 1 1
-1.2418648005569453e-05 0 3 1 2 0 3 1 1 1 2 2 2
-0.008204850896834507 0 3 1 2 0 3 1 1 2 1 1 1
1.2418648005569453e-05 0 3 1 2 0 3 1 1 2 1 2 2
2.5871892850358557e-06 0 3 1 2 0 3 1 1 2 2 2 1
-2.5871892850358557e-06 0 3 1 2 0 3 1 2 1 1 1 1
1.0299093364584277e-05 0 3 1 2 0 3 1 2 1 1 2 2
0.008206970451475493 0 3 1 2 0 3 1 2 1 2 2 1
-0.008219856734125114 0 3 1 2 0 3 1 2 2 1 2 1
0.008219856734125114 0 3 1 2 0 3 2 1 1 2 1 2
-0.008206970451475493 0 3 1 2 0 3 2 1 2 1 1 2
-1.0299093364584277e-05 0 3 1 2 0 3 2 1 2 2 1 1
2.5871892850358557e-06 0 3 1 2 0 3 2 1 2 2 2 2
-2.5871892850358557e-06 0 3 1 2 0 3 2 2 1 1 1 2
-1.2418648005569453e-05 0 3 1 2 0 3 2 2 1 2 1 1
0.008204850896834507 0 3 1 2 0 3 2 2 1 2 2 2
1.2418648005569453e-05 0 3 1 2 0 3 2 2 2 1 1 1
-0.008197138992754958 0 3 1 2 0 3 2 2 2 1 2 2
-1.0299093364584277e-05 0 3 1 2 0 3 2 2 2 2 2 1
-0.00036883289330033863 0 3 1 2 1 1 1 1 1 2 3 0
0.0003995158826497876 0 3 1 2 1 1 1 1 2 1 3 0
-3.0682989349448945e-05 0 3 1 2 1 1 1 2 1 1 3 0
3.0682989349448945e-05 0 3 1 2 1 1 2 1 2 2 3 0
-0.0003995158826497876 0 3 1 2 1 1 2 2 1 2 3 0
0.00036883289330033863 0 3 1 2 1 1 2 2 2 1 3 0
-2.7407834467136425e-07 0 3 1 2 2 1 0 1 0 3 0 1
-2.7407834467136425e-07 0 3 1 2 2 1 0 2 0 3 0 2
-0.00040030819843790775 0 3 1 2 2 2 1 1 1 2 3 0
0.00036883289330033863 0 3 1 2 2 2 1 1 2 1 3 0
3.147530513756911e-05 0 3 1 2 2 2 1 2 1 1 3 0
-3.077206564022325e-05 0 3 1 2 2 2 1 3 0 0 2 0
3.147530513756911e-05 0 3 1 2 2 2 1 3 3 3 2 0
-3.147530513756911e-05 0 3 1 2 2 2 2 1 2 2 3 0
-0.00036883289330033863 0 3 1 2 2 2 2 2 1 2 3 0
0.00040030819843790775 0 3 1 2 2 2 2 2 2 1 3 0
3.077206564022325e-05 0 3 1 2 2 2 2 3 0 0 1 0
-3.147530513756911e-05 0 3 1 2 2 2 2 3 3 3 1 0
0.001977172008260251 0 3 1 2 3 0 0 0 1 2 0 0
-0.001977172008260251 0 3 1 2 3 0 0 0 2 1 0 0
-2.0016372306386546e-07 0 3 1 2 3 3 1 3 0 3 3 2
2.0016372306386546e-07 0 3 1 2 3 3 2 3 0 3 3 1
0.00030588228302520055 0 3 1 3 0 1 1 1 1 0 1 0
0.00030588228302520055 0 3 1 3 0 1 1 2 1 0 2 0
0.00030588228302520055 0 3 1 3 0 1 2 1 2 0 1 0
0.00030588228302520055 0 3 1 3 0 1 2 2 2 0 2 0
-0.0005523363684780985 0 3 1 3 0 2 0 0 1 0 0 2
0.0005523363684780985 0 3 1 3 0 2 0 0 2 0 0 1
-0.000538959507895452 0 3 1 3 0 2 1 3 0 2 3 0
0.000538959507895452 0 3 1 3 0 2 2 3 0 1 3 0
-0.0008214659748287255 0 3 1 3 2 0 0 0 1 0 2 0
0.0008214659748287255 0 3 1 3 2 0 0 0 2 0 1 0
-0.0008214659748287255 0 3 1 3 2 0 0 1 0 2 0 0
0.0008214659748287255 0 3 1 3 2 0 0 2 0 1 0 0
-0.0002968004429407984 0 3 1 3 2 3 1 1 2 0 3 1
0.0002968004429407984 0 3 1 3 2 3 1 2 1 0 3 1
-0.0002976620891857661 0 3 1 3 2 3 1 3 0 1 2 1
0.0002976620891857661 0 3 1 3 2 3 1 3 0 2 1 1
-0.0002968004429407984 0 3 1 3 2 3 2 1 2 0 3 2
0.0002968004429407984 0 3 1 3 2 3 2 2 1 0 3 2
-0.0002976620891857661 0 3 1 3 2 3 2 3 0 1 2 2
0.0002976620891857661 0 3 1 3 2 3 2 3 0 2 1 2
-0.0005694173656868787 0 3 1 3 3 2 1 0 0 2 3 0
-0.0005697315735356752 0 3 1 3 3 2 1 3 0 2 0 0
-0.005028330629898972 0 3 1 3 3 2 1 3 0 2 3 0
-0.0008854974771575364 0 3 1 3 3 2 1 3 0 2 3 3
-0.0009996162376861152 0 3 1 3 3 2 1 3 3 2 3 0
0.0005694173656868787 0 3 1 3 3 2 2 0 0 1 3 0
0.0005697315735356752 0 3 1 3 3 2 2 3 0 1 0 0
0.005028330629898972 0 3 1 3 3 2 2 3 0 1 3 0
0.0008854974771575364 0 3 1 3 3 2 2 3 0 1 3 3
0.0009996162376861152 0 3 1 3 3 2 2 3 3 1 3 0
0.0051674214726727995 0 3 2 0 0 1 0 0 1 0 0 2
0.0006463884856338243 0 3 2 0 0 1 0 0 1 0 3 2
0.0005835043553002261 0 3 2 0 0 1 0 0 1 3 0 2
-0.0051674214726727995 0 3 2 0 0 1 0 0 2 0 0 1
-0.0006463884856338243 0 3 2 0 0 1 0 0 2 0 3 1
-0.0005835043553002261 0 3 2 0 0 1 0 0 2 3 0 1
0.0006772432225367466 0 3 2 0 0 1 0 3 1 0 0 2
-0.0006772432225367466 0 3 2 0 0 1 0 3 2 0 0 1
0.0006622586495233456 0 3 2 0 0 1 1 0 0 2 3 0
0.0006312757048161215 0 3 2 0 0 1 1 3 0 2 0 0
0.0050283306298989725 0 3 2 0 0 1 1 3 0 2 3 0
0.0005793154004574353 0 3 2 0 0 1 1 3 0 2 3 3
0.0005694173656868787 0 3 2 0 0 1 1 3 3 2 3 0
-0.0006622586495233456 0 3 2 0 0 1 2 0 0 1 3 0
-0.0006312757048161215 0 3 2 0 0 1 2 3 0 1 0 0
-0.0050283306298989725 0 3 2 0 0 1 2 3 0 1 3 0
-0.0005793154004574353 0 3 2 0 0 1 2 3 0 1 3 3
-0.0005694173656868787 0 3 2 0 0 1 2 3 3 1 3 0
0.0005874025849111121 0 3 2 0 0 1 3 0 1 0 0 2
-0.0005874025849111121 0 3 2 0 0 1 3 0 2 0 0 1
0.0002636565930745807 0 3 2 0 0 2 1 1 1 0 1 3
0.0002651676618435396 0 3 2 0 0 2 1 1 1 3 1 0
-1.0634827565437742e-06 0 3 2 0 0 2 1 1 2 0 2 3
2.674615323724356e-07 0 3 2 0 0 2 1 1 2 3 2 0
0.00026472007583112456 0 3 2 0 0 2 1 2 1 0 2 3
0.00026490020031116716 0 3 2 0 0 2 1 2 1 3 2 0
0.00026472007583112456 0 3 2 0 0 2 2 1 2 0 1 3
0.00026490020031116716 0 3 2 0 0 2 2 1 2 3 1 0
-1.0634827565437742e-06 0 3 2 0 0 2 2 2 1 0 1 3
2.674615323724356e-07 0 3 2 0 0 2 2 2 1 3 1 0
0.0002636565930745807 0 3 2 0 0 2 2 2 2 0 2 3
0.0002651676618435396 0 3 2 0 0 2 2 2 2 3 2 0
0.005149416902595211 0 3 2 0 1 0 0 0 1 0 2 0
0.0005914797481997403 0 3 2 0 1 0 0 0 1 0 2 3
0.0008859658899840894 0 3 2 0 1 0 0 0 1 3 2 0
-0.005149416902595211 0 3 2 0 1 0 0 0 2 0 1 0
-0.0005914797481997403 0 3 2 0 1 0 0 0 2 0 1 3
-0.0008859658899840894 0 3 2 0 1 0 0 0 2 3 1 0
0.005149416902595211 0 3 2 0 1 0 0 1 0 2 0 0
0.0005914797481997403 0 3 2 0 1 0 0 1 0 2 0 3
0.0010112959430317418 0 3 2 0 1 0 0 1 0 2 3 0
0.0008847762754123871 0 3 2 0 1 0 0 1 3 2 0 0
-0.005149416902595211 0 3 2 0 1 0 0 2 0 1 0 0
-0.0005914797481997403 0 3 2 0 1 0 0 2 0 1 0 3
-0.0010112959430317418 0 3 2 0 1 0 0 2 0 1 3 0
-0.0008847762754123871 0 3 2 0 1 0 0 2 3 1 0 0
0.0010097465084842024 0 3 2 0 1 0 0 3 1 0 2 0
-0.0010097465084842024 0 3 2 0 1 0 0 3 2 0 1 0
3.1585356304095796e-05 0 3 2 0 1 0 1 1 1 0 3 2
-3.1585356304095796e-05 0 3 2 0 1 0 1 1 2 0 3 1
3.1652855047306194e-05 0 3 2 0 1 0 1 3 0 2 1 1
3.1652855047306194e-05 0 3 2 0 1 0 1 3 0 2 2 2
3.1585356304095796e-05 0 3 2 0 1 0 2 2 1 0 3 2
-3.1585356304095796e-05 0 3 2 0 1 0 2 2 2 0 3 1
-3.1652855047306194e-05 0 3 2 0 1 0 2 3 0 1 1 1
-3.1652855047306194e-05 0 3 2 0 1 0 2 3 0 1 2 2
0.0005853559295222072 0 3 2 0 1 0 3 0 1 0 2 0
-0.0005853559295222072 0 3 2 0 1 0 3 0 2 0 1 0
0.0005853559295222072 0 3 2 0 1 0 3 1 0 2 0 0
-0.0005853559295222072 0 3 2 0 1 0 3 2 0 1 0 0
0.0005603117613776126 0 3 2 0 1 3 0 0 1 0 2 0
-0.0005603117613776126 0 3 2 0 1 3 0 0 2 0 1 0
0.0005603117613776126 0 3 2 0 1 3 0 1 0 2 0 0
-0.0005603117613776126 0 3 2 0 1 3 0 2 0 1 0 0
0.0002637977258386861 0 3 2 0 1 3 1 0 0 1 2 1
-0.00026273794851819343 0 3 2 0 1 3 1 0 0 2 1 1
1.059777320492591e-06 0 3 2 0 1 3 1 0 0 2 2 2
1.059777320492591e-06 0 3 2 0 1 3 1 1 1 0 0 2
-1.059777320492591e-06 0 3 2 0 1 3 1 1 1 3 3 2
0.00026273794851819343 0 3 2 0 1 3 1 1 2 0 0 1
0.0002637977258386861 0 3 2 0 1 3 1 1 2 3 3 1
-0.0002637977258386861 0 3 2 0 1 3 1 2 1 0 0 1
-0.00026273794851819343 0 3 2 0 1 3 1 2 1 3 3 1
0.00026273794851819343 0 3 2 0 1 3 1 3 3 1 2 1
-0.0002637977258386861 0 3 2 0 1 3 1 3 3 2 1 1
-1.059777320492591e-06 0 3 2 0 1 3 1 3 3 2 2 2
-1.059777320492591e-06 0 3 2 0 1 3 2 0 0 1 1 1
0.00026273794851819343 0 3 2 0 1 3 2 0 0 1 2 2
-0.0002637977258386861 0 3 2 0 1 3 2 0 0 2 1 2
0.0002637977258386861 0 3 2 0 1 3 2 1 2 0 0 2
0.00026273794851819343 0 3 2 0 1 3 2 1 2 3 3 2
-0.00026273794851819343 0 3 2 0 1 3 2 2 1 0 0 2
-0.0002637977258386861 0 3 2 0 1 3 2 2 1 3 3 2
-1.059777320492591e-06 0 3 2 0 1 3 2 2 2 0 0 1
1.059777320492591e-06 0 3 2 0 1 3 2 2 2 3 3 1
1.059777320492591e-06 0 3 2 0 1 3 2 3 3 1 1 1
0.0002637977258386861 0 3 2 0 1 3 2 3 3 1 2 2
-0.00026273794851819343 0 3 2 0 1 3 2 3 3 2 1 2
0.00028115679978653536 0 3 2 0 3 1 0 0 1 0 0 2
-0.00028115679978653536 0 3 2 0 3 1 0 0 2 0 0 1
0.0002743690990910074 0 3 2 0 3 1 1 0 0 2 0 0
0.0050426693402300556 0 3 2 0 3 1 1 0 0 2 3 0
0.0005486964822454372 0 3 2 0 3 1 1 0 0 2 3 3
0.0005385135882774059 0 3 2 0 3 1 1 0 3 2 3 0
0.005028330629898974 0 3 2 0 3 1 1 3 0 2 0 0
0.0005476625454101291 0 3 2 0 3 1 1 3 0 2 0 3
-39.254187642927434 0 3 2 0 3 1 1 3 0 2 3 0
0.0050420565442345164 0 3 2 0 3 1 1 3 0 2 3 3
0.0005390018378698022 0 3 2 0 3 1 1 3 3 2 0 0
0.005042669340230052 0 3 2 0 3 1 1 3 3 2 3 0
0.0008144800408331056 0 3 2 0 3 1 1 3 3 2 3 3
-0.0002743690990910074 0 3 2 0 3 1 2 0 0 1 0 0
-0.0050426693402300556 0 3 2 0 3 1 2 0 0 1 3 0
-0.0005486964822454372 0 3 2 0 3 1 2 0 0 1 3 3
-0.0005385135882774059 0 3 2 0 3 1 2 0 3 1 3 0
-0.005028330629898974 0 3 2 0 3 1 2 3 0 1 0 0
-0.0005476625454101291 0 3 2 0 3 1 2 3 0 1 0 3
39.254187642927434 0 3 2 0 3 1 2 3 0 1 3 0
-0.0050420565442345164 0 3 2 0 3 1 2 3 0 1 3 3
-0.0005390018378698022 0 3 2 0 3 1 2 3 3 1 0 0
-0.005042669340230052 0 3 2 0 3 1 2 3 3 1 3 0
-0.0008144800408331055 0 3 2 0 3 1 2 3 3 1 3 3
-3.1442065166799096e-05 0 3 2 0 3 2 0 1 0 1 1 1
-3.1442065166799096e-05 0 3 2 0 3 2 0 1 0 2 2 1
-3.1442065166799096e-05 0 3 2 0 3 2 0 2 0 1 1 2
-3.1442065166799096e-05 0 3 2 0 3 2 0 2 0 2 2 2
-3.147530513756911e-05 0 3 2 0 3 2 1 1 1 0 1 0
-3.147530513756911e-05 0 3 2 0 3 2 1 1 2 0 2 0
-0.0003015809451459933 0 3 2 0 3 2 1 3 0 1 3 0
-3.147530513756911e-05 0 3 2 0 3 2 2 2 1 0 1 0
-3.147530513756911e-05 0 3 2 0 3 2 2 2 2 0 2 0
-0.0003015809451459933 0 3 2 0 3 2 2 3 0 2 3 0
0.060341729069589685 0 3 2 1 0 0 0 0 1 2 0 0
0.0069310586792905235 0 3 2 1 0 0 0 0 1 2 0 3
0.007579429582581099 0 3 2 1 0 0 0 0 1 2 3 0
-0.060341729069589685 0 3 2 1 0 0 0 0 2 1 0 0
-0.0069310586792905235 0 3 2 1 0 0 0 0 2 1 0 3
-0.007579429582581099 0 3 2 1 0 0 0 0 2 1 3 0
0.0075735353043859185 0 3 2 1 0 0 0 3 1 2 0 0
-0.0075735353043859185 0 3 2 1 0 0 0 3 2 1 0 0
0.006859298747146601 0 3 2 1 0 0 3 0 1 2 0 0
-0.006859298747146601 0 3 2 1 0 0 3 0 2 1 0 0
0.006565826993443233 0 3 2 1 0 3 0 0 1 2 0 0
-0.006565826993443233 0 3 2 1 0 3 0 0 2 1 0 0
-1.0299093364584277e-05 0 3 2 1 0 3 1 1 1 1 1 2
-0.008197138992754958 0 3 2 1 0 3 1 1 1 2 1 1
1.2418648005569453e-05 0 3 2 1 0 3 1 1 1 2 2 2
0.008204850896834507 0 3 2 1 0 3 1 1 2 1 1 1
-1.2418648005569453e-05 0 3 2 1 0 3 1 1 2 1 2 2
-2.5871892850358557e-06 0 3 2 1 0 3 1 1 2 2 2 1
2.5871892850358557e-06 0 3 2 1 0 3 1 2 1 1 1 1
-1.0299093364584277e-05 0 3 2 1 0 3 1 2 1 1 2 2
-0.008206970451475493 0 3 2 1 0 3 1 2 1 2 2 1
0.008219856734125114 0 3 2 1 0 3 1 2 2 1 2 1
-0.008219856734125114 0 3 2 1 0 3 2 1 1 2 1 2
0.008206970451475493 0 3 2 1 0 3 2 1 2 1 1 2
1.0299093364584277e-05 0 3 2 1 0 3 2 1 2 2 1 1
-2.5871892850358557e-06 0 3 2 1 0 3 2 1 2 2 2 2
2.5871892850358557e-06 0 3 2 1 0 3 2 2 1 1 1 2
1.2418648005569453e-05 0 3 2 1 0 3 2 2 1 2 1 1
-0.008204850896834507 0 3 2 1 0 3 2 2 1 2 2 2
-1.2418648005569453e-05 0 3 2 1 0 3 2 2 2 1 1 1
0.008197138992754958 0 3 2 1 0 3 2 2 2 1 2 2
1.0299093364584277e-05 0 3 2 1 0 3 2 2 2 2 2 1
0.00040030819843790775 0 3 2 1 1 1 1 1 1 2 3 0
-0.00036883289330033863 0 3 2 1 1 1 1 1 2 1 3 0
-3.147530513756911e-05 0 3 2 1 1 1 1 2 1 1 3 0
3.077206564022325e-05 0 3 2 1 1 1 1 3 0 0 2 0
-3.147530513756911e-05 0 3 2 1 1 1 1 3 3 3 2 0
3.147530513756911e-05 0 3 2 1 1 1 2 1 2 2 3 0
0.00036883289330033863 0 3 2 1 1 1 2 2 1 2 3 0
-0.00040030819843790775 0 3 2 1 1 1 2 2 2 1 3 0
-3.077206564022325e-05 0 3 2 1 1 1 2 3 0 0 1 0
3.147530513756911e-05 0 3 2 1 1 1 2 3 3 3 1 0
-2.7407834467136425e-07 0 3 2 1 1 2 0 1 0 3 0 1
-2.7407834467136425e-07 0 3 2 1 1 2 0 2 0 3 0 2
0.00036883289330033863 0 3 2 1 2 2 1 1 1 2 3 0
-0.0003995158826497876 0 3 2 1 2 2 1 1 2 1 3 0
3.0682989349448945e-05 0 3 2 1 2 2 1 2 1 1 3 0
-3.0682989349448945e-05 0 3 2 1 2 2 2 1 2 2 3 0
0.0003995158826497876 0 3 2 1 2 2 2 2 1 2 3 0
-0.00036883289330033863 0 3 2 1 2 2 2 2 2 1 3 0
-0.001977172008260251 0 3 2 1 3 0 0 0 1 2 0 0
0.001977172008260251 0 3 2 1 3 0 0 0 2 1 0 0
2.0016372306386546e-07 0 3 2 1 3 3 1 3 0 3 3 2
-2.0016372306386546e-07 0 3 2 1 3 3 2 3 0 3 3 1
0.003620103957917698 0 3 2 2 0 0 0 1 0 3 1 0
0.003620103957917698 0 3 2 2 0 0 0 2 0 3 2 0
-0.005297609180401802 0 3 2 2 0 0 1 3 0 3 3 1
-0.005297609180401802 0 3 2 2 0 0 2 3 0 3 3 2
-0.006101647198751154 0 3 2 2 0 3 1 0 0 3 3 1
-0.005511085685195253 0 3 2 2 0 3 1 3 0 0 3 1
-0.006106409863566783 0 3 2 2 0 3 1 3 0 3 0 1
-0.04863967917889989 0 3 2 2 0 3 1 3 0 3 3 1
-0.0055080463128695575 0 3 2 2 0 3 1 3 3 3 3 1
-0.006101647198751154 0 3 2 2 0 3 2 0 0 3 3 2
-0.005511085685195253 0 3 2 2 0 3 2 3 0 0 3 2
-0.006106409863566783 0 3 2 2 0 3 2 3 0 3 0 2
-0.04863967917889989 0 3 2 2 0 3 2 3 0 3 3 2
-0.0055080463128695575 0 3 2 2 0 3 2 3 3 3 3 2
0.00027172772538090577 0 3 2 2 1 1 0 1 0 3 0 1
0.00027172772538090577 0 3 2 2 1 1 0 2 0 3 0 2
0.00030588228302520055 0 3 2 2 1 2 1 0 0 3 2 0
3.147530513756911e-05 0 3 2 2 1 2 1 1 1 2 3 0
3.0682989349448945e-05 0 3 2 2 1 2 1 1 2 1 3 0
-6.215829448701806e-05 0 3 2 2 1 2 1 2 1 1 3 0
0.0003061820767001012 0 3 2 2 1 2 1 3 0 3 2 3
-3.147530513756911e-05 0 3 2 2 1 2 1 3 3 3 2 0
-0.00030588228302520055 0 3 2 2 1 2 2 0 0 3 1 0
6.215829448701806e-05 0 3 2 2 1 2 2 1 2 2 3 0
-3.0682989349448945e-05 0 3 2 2 1 2 2 2 1 2 3 0
-3.147530513756911e-05 0 3 2 2 1 2 2 2 2 1 3 0
-0.0003061820767001012 0 3 2 2 1 2 2 3 0 3 1 3
3.147530513756911e-05 0 3 2 2 1 2 2 3 3 3 1 0
-0.00030588228302520055 0 3 2 2 2 1 1 0 0 3 2 0
3.077206564022325e-05 0 3 2 2 2 1 1 3 0 0 2 0
-0.0003061820767001012 0 3 2 2 2 1 1 3 0 3 2 3
0.00030588228302520055 0 3 2 2 2 1 2 0 0 3 1 0
-3.077206564022325e-05 0 3 2 2 2 1 2 3 0 0 1 0
0.0003061820767001012 0 3 2 2 2 1 2 3 0 3 1 3
0.0002714536470362344 0 3 2 2 2 2 0 1 0 3 0 1
0.0002714536470362344 0 3 2 2 2 2 0 2 0 3 0 2
-0.005682167749565271 0 3 2 2 3 0 0 1 0 0 1 0
-0.050042895264399284 0 3 2 2 3 0 0 1 0 3 1 0
-0.005748099182891046 0 3 2 2 3 0 0 1 0 3 1 3
-0.005679012520489333 0 3 2 2 3 0 0 1 3 3 1 0
-0.005682167749565271 0 3 2 2 3 0 0 2 0 0 2 0
-0.050042895264399284 0 3 2 2 3 0 0 2 0 3 2 0
-0.005748099182891046 0 3 2 2 3 0 0 2 0 3 2 3
-0.005679012520489333 0 3 2 2 3 0 0 2 3 3 2 0
-0.005602852531768963 0 3 2 2 3 0 1 0 0 3 3 1
-0.005635444112149209 0 3 2 2 3 0 1 3 0 0 3 1
-0.005603791257101903 0 3 2 2 3 0 1 3 0 3 0 1
-0.04877245168708543 0 3 2 2 3 0 1 3 0 3 3 1
-0.005634437888073059 0 3 2 2 3 0 1 3 3 3 3 1
-0.005602852531768963 0 3 2 2 3 0 2 0 0 3 3 2
-0.005635444112149209 0 3 2 2 3 0 2 3 0 0 3 2
-0.005603791257101903 0 3 2 2 3 0 2 3 0 3 0 2
-0.04877245168708543 0 3 2 2 3 0 2 3 0 3 3 2
-0.005634437888073059 0 3 2 2 3 0 2 3 3 3 3 2
-0.00568858688810219 0 3 2 2 3 0 3 1 0 3 1 0
-0.00568858688810219 0 3 2 2 3 0 3 2 0 3 2 0
-0.005445203470688011 0 3 2 2 3 3 0 1 0 3 1 0
-0.005445203470688011 0 3 2 2 3 3 0 2 0 3 2 0
-0.0052138330592137955 0 3 2 2 3 3 1 0 0 0 3 1
0.002462954751299291 0 3 2 2 3 3 1 0 0 3 0 1
-0.04877837934038014 0 3 2 2 3 3 1 0 0 3 3 1
-0.005209110159054412 0 3 2 2 3 3 1 0 3 3 3 1
-0.005213423596009487 0 3 2 2 3 3 1 3 0 0 0 1
-0.0486396791788999 0 3 2 2 3 3 1 3 0 0 3 1
-0.04863967917889991 0 3 2 2 3 3 1 3 0 3 0 1
379.6783990651298 0 3 2 2 3 3 1 3 0 3 3 1
0.0035160261000130484 0 3 2 2 3 3 1 3 3 0 3 1
-0.0052138330592137955 0 3 2 2 3 3 1 3 3 3 0 1
-0.04877837934038011 0 3 2 2 3 3 1 3 3 3 3 1
-0.0052138330592137955 0 3 2 2 3 3 2 0 0 0 3 2
0.002462954751299291 0 3 2 2 3 3 2 0 0 3 0 2
-0.04877837934038014 0 3 2 2 3 3 2 0 0 3 3 2
-0.005209110159054412 0 3 2 2 3 3 2 0 3 3 3 2
-0.005213423596009487 0 3 2 2 3 3 2 3 0 0 0 2
-0.0486396791788999 0 3 2 2 3 3 2 3 0 0 3 2
-0.04863967917889991 0 3 2 2 3 3 2 3 0 3 0 2
379.6783990651298 0 3 2 2 3 3 2 3 0 3 3 2
0.0035160261000130484 0 3 2 2 3 3 2 3 3 0 3 2
-0.0052138330592137955 0 3 2 2 3 3 2 3 3 3 0 2
-0.04877837934038011 0 3 2 2 3 3 2 3 3 3 3 2
0.0005523363684780985 0 3 2 3 0 1 0 0 1 0 0 2
-0.0005523363684780985 0 3 2 3 0 1 0 0 2 0 0 1
0.000538959507895452 0 3 2 3 0 1 1 3 0 2 3 0
-0.000538959507895452 0 3 2 3 0 1 2 3 0 1 3 0
0.00030588228302520055 0 3 2 3 0 2 1 1 1 0 1 0
0.00030588228302520055 0 3 2 3 0 2 1 2 1 0 2 0
0.00030588228302520055 0 3 2 3 0 2 2 1 2 0 1 0
0.00030588228302520055 0 3 2 3 0 2 2 2 2 0 2 0
0.0008214659748287255 0 3 2 3 1 0 0 0 1 0 2 0
-0.0008214659748287255 0 3 2 3 1 0 0 0 2 0 1 0
0.0008214659748287255 0 3 2 3 1 0 0 1 0 2 0 0
-0.0008214659748287255 0 3 2 3 1 0 0 2 0 1 0 0
0.0002968004429407984 0 3 2 3 1 3 1 1 2 0 3 1
-0.0002968004429407984 0 3 2 3 1 3 1 2 1 0 3 1
0.0002976620891857661 0 3 2 3 1 3 1 3 0 1 2 1
-0.0002976620891857661 0 3 2 3 1 3 1 3 0 2 1 1
0.0002968004429407984 0 3 2 3 1 3 2 1 2 0 3 2
-0.0002968004429407984 0 3 2 3 1 3 2 2 1 0 3 2
0.0002976620891857661 0 3 2 3 1 3 2 3 0 1 2 2
-0.0002976620891857661 0 3 2 3 1 3 2 3 0 2 1 2
0.0005694173656868787 0 3 2 3 3 1 1 0 0 2 3 0
0.0005697315735356752 0 3 2 3 3 1 1 3 0 2 0 0
0.005028330629898972 0 3 2 3 3 1 1 3 0 2 3 0
0.0008854974771575364 0 3 2 3 3 1 1 3 0 2 3 3
0.0009996162376861152 0 3 2 3 3 1 1 3 3 2 3 0
-0.0005694173656868787 0 3 2 3 3 1 2 0 0 1 3 0
-0.0005697315735356752 0 3 2 3 3 1 2 3 0 1 0 0
-0.005028330629898972 0 3 2 3 3 1 2 3 0 1 3 0
-0.0008854974771575364 0 3 2 3 3 1 2 3 0 1 3 3
-0.0009996162376861152 0 3 2 3 3 1 2 3 3 1 3 0
-708.7331543054714 0 3 3 0 0 0 0 0 0 0 0 0
0.28728640268416294 0 3 3 0 0 0 0 0 0 0 0 3
0.29410897627319743 0 3 3 0 0 0 0 0 0 0 3 0
0.03324161728879403 0 3 3 0 0 0 0 0 0 0 3 3
0.29410897627319743 0 3 3 0 0 0 0 0 0 3 0 0
0.03324161728879403 0 3 3 0 0 0 0 0 0 3 0 3
0.0340521480637255 0 3 3 0 0 0 0 0 0 3 3 0
0.29423380510880925 0 3 3 0 0 0 0 0 3 0 0 0
0.033244871480468806 0 3 3 0 0 0 0 0 3 0 0 3
0.033973519794194926 0 3 3 0 0 0 0 0 3 0 3 0
0.029062885798599638 0 3 3 0 0 0 0 0 3 3 0 0
0.004633863662827975 0 3 3 0 0 0 0 1 1 1 1 0
2.463761878532128e-06 0 3 3 0 0 0 0 1 1 2 2 0
0.004631399900949441 0 3 3 0 0 0 0 1 2 2 1 0
0.004631399900949441 0 3 3 0 0 0 0 2 1 1 2 0
2.463761878532128e-06 0 3 3 0 0 0 0 2 2 1 1 0
0.004633863662827975 0 3 3 0 0 0 0 2 2 2 2 0
0.2942338051088093 0 3 3 0 0 0 0 3 0 0 0 0
0.033244871480468806 0 3 3 0 0 0 0 3 0 0 0 3
0.029062885798599634 0 3 3 0 0 0 0 3 0 0 3 0
0.033973519794194926 0 3 3 0 0 0 0 3 0 3 0 0
0.034011379429255584 0 3 3 0 0 0 0 3 3 0 0 0
-0.004739795704724753 0 3 3 0 0 0 1 1 0 0 1 1
1.9118395420095405e-05 0 3 3 0 0 0 1 1 0 0 2 2
-0.00475891410014485 0 3 3 0 0 0 1 2 0 0 2 1
-0.004730864265341554 0 3 3 0 0 0 1 3 1 1 3 1
1.9082369650117934e-05 0 3 3 0 0 0 1 3 1 2 3 2
-0.0047499466349916735 0 3 3 0 0 0 1 3 2 2 3 1
-0.00475891410014485 0 3 3 0 0 0 2 1 0 0 1 2
1.9118395420095405e-05 0 3 3 0 0 0 2 2 0 0 1 1
-0.004739795704724753 0 3 3 0 0 0 2 2 0 0 2 2
-0.0047499466349916735 0 3 3 0 0 0 2 3 1 1 3 2
1.9082369650117934e-05 0 3 3 0 0 0 2 3 2 1 3 1
-0.004730864265341554 0 3 3 0 0 0 2 3 2 2 3 2
0.28714446404085653 0 3 3 0 0 0 3 0 0 0 0 0
0.0278262894187739 0 3 3 0 0 0 3 0 0 0 0 3
0.03292375271530232 0 3 3 0 0 0 3 0 0 0 3 0
0.03292375271530232 0 3 3 0 0 0 3 0 0 3 0 0
0.03288936507771384 0 3 3 0 0 0 3 0 3 0 0 0
0.03288936507771384 0 3 3 0 0 0 3 3 0 0 0 0
0.27695155973881735 0 3 3 0 0 3 0 0 0 0 0 0
0.033138952966509 0 3 3 0 0 3 0 0 0 0 0 3
0.032584008654285956 0 3 3 0 0 3 0 0 0 0 3 0
0.032584008654285956 0 3 3 0 0 3 0 0 0 3 0 0
0.03256762825793206 0 3 3 0 0 3 0 0 3 0 0 0
0.03256762825793206 0 3 3 0 0 3 0 3 0 0 0 0
-0.0054488852818893405 0 3 3 0 0 3 1 0 1 1 3 1
2.1978572476036274e-05 0 3 3 0 0 3 1 0 1 2 3 2
-0.005470863854365379 0 3 3 0 0 3 1 0 2 2 3 1
-0.04356000676614209 0 3 3 0 0 3 1 1 0 0 1 1
0.00017570323400795132 0 3 3 0 0 3 1 1 0 0 2 2
-0.0054488852818893405 0 3 3 0 0 3 1 1 0 3 1 1
2.1978572476036274e-05 0 3 3 0 0 3 1 1 0 3 2 2
-0.0054446952070967124 0 3 3 0 0 3 1 1 3 0 1 1
2.196167142972211e-05 0 3 3 0 0 3 1 1 3 0 2 2
-0.04373571000015006 0 3 3 0 0 3 1 2 0 0 2 1
-0.005470863854365379 0 3 3 0 0 3 1 2 0 3 2 1
-0.005466656878526437 0 3 3 0 0 3 1 2 3 0 2 1
-0.005453138430813087 0 3 3 0 0 3 1 3 1 1 0 1
-0.04343614492295983 0 3 3 0 0 3 1 3 1 1 3 1
2.1995727937573086e-05 0 3 3 0 0 3 1 3 1 2 0 2
0.00017520362604108054 0 3 3 0 0 3 1 3 1 2 3 2
-0.005475134158750662 0 3 3 0 0 3 1 3 2 2 0 1
-0.04361134854900093 0 3 3 0 0 3 1 3 2 2 3 1
-0.005470863854365379 0 3 3 0 0 3 2 0 1 1 3 2
2.1978572476036274e-05 0 3 3 0 0 3 2 0 2 1 3 1
-0.0054488852818893405 0 3 3 0 0 3 2 0 2 2 3 2
-0.04373571000015006 0 3 3 0 0 3 2 1 0 0 1 2
-0.005470863854365379 0 3 3 0 0 3 2 1 0 3 1 2
-0.005466656878526437 0 3 3 0 0 3 2 1 3 0 1 2
0.00017570323400795132 0 3 3 0 0 3 2 2 0 0 1 1
-0.04356000676614209 0 3 3 0 0 3 2 2 0 0 2 2
2.1978572476036274e-05 0 3 3 0 0 3 2 2 0 3 1 1
-0.0054488852818893405 0 3 3 0 0 3 2 2 0 3 2 2
2.196167142972211e-05 0 3 3 0 0 3 2 2 3 0 1 1
-0.0054446952070967124 0 3 3 0 0 3 2 2 3 0 2 2
-0.005475134158750662 0 3 3 0 0 3 2 3 1 1 0 2
-0.04361134854900093 0 3 3 0 0 3 2 3 1 1 3 2
2.1995727937573086e-05 0 3 3 0 0 3 2 3 2 1 0 1
0.00017520362604108054 0 3 3 0 0 3 2 3 2 1 3 1
-0.005453138430813087 0 3 3 0 0 3 2 3 2 2 0 2
-0.04343614492295983 0 3 3 0 0 3 2 3 2 2 3 2
0.0327893692469631 0 3 3 0 0 3 3 0 0 0 0 0
0.00030289571220303355 0 3 3 0 1 1 0 1 1 1 0 1
0.00030289571220303355 0 3 3 0 1 1 0 1 2 2 0 1
0.00030289571220303355 0 3 3 0 1 1 0 2 1 1 0 2
0.00030289571220303355 0 3 3 0 1 1 0 2 2 2 0 2
0.0005892577450378097 0 3 3 0 1 1 1 1 0 0 0 0
0.005218372574238005 0 3 3 0 1 1 1 1 0 0 3 0
0.0005994002339696285 0 3 3 0 1 1 1 1 0 0 3 3
0.0006831774446788894 0 3 3 0 1 1 1 1 0 3 3 0
0.0006522599570825309 0 3 3 0 1 1 1 1 3 0 3 0
0.0005892577450378097 0 3 3 0 1 1 2 2 0 0 0 0
0.005218372574238005 0 3 3 0 1 1 2 2 0 0 3 0
0.0005994002339696285 0 3 3 0 1 1 2 2 0 0 3 3
0.0006831774446788894 0 3 3 0 1 1 2 2 0 3 3 0
0.0006522599570825309 0 3 3 0 1 1 2 2 3 0 3 0
-0.0005722842064259776 0 3 3 0 1 2 0 0 0 0 1 2
0.0005722842064259776 0 3 3 0 1 2 0 0 0 0 2 1
0.0002741301971131988 0 3 3 0 1 2 1 0 1 1 2 0
2.7678077443251797e-07 0 3 3 0 1 2 1 0 1 2 1 0
0.00027440697788763137 0 3 3 0 1 2 1 0 2 2 2 0
0.0002734263317700443 0 3 3 0 1 2 1 3 1 1 2 3
1.1028898827506465e-06 0 3 3 0 1 2 1 3 1 2 1 3
0.00027452922165279505 0 3 3 0 1 2 1 3 2 2 2 3
-0.00027440697788763137 0 3 3 0 1 2 2 0 1 1 1 0
-2.7678077443251797e-07 0 3 3 0 1 2 2 0 2 1 2 0
-0.0002741301971131988 0 3 3 0 1 2 2 0 2 2 1 0
-0.00027452922165279505 0 3 3 0 1 2 2 3 1 1 1 3
-1.1028898827506465e-06 0 3 3 0 1 2 2 3 2 1 2 3
-0.0002734263317700443 0 3 3 0 1 2 2 3 2 2 1 3
0.0005722842064259776 0 3 3 0 2 1 0 0 0 0 1 2
-0.0005722842064259776 0 3 3 0 2 1 0 0 0 0 2 1
-0.0002741301971131988 0 3 3 0 2 1 1 0 1 1 2 0
-2.7678077443251797e-07 0 3 3 0 2 1 1 0 1 2 1 0
-0.00027440697788763137 0 3 3 0 2 1 1 0 2 2 2 0
-0.0002734263317700443 0 3 3 0 2 1 1 3 1 1 2 3
-1.1028898827506465e-06 0 3 3 0 2 1 1 3 1 2 1 3
-0.00027452922165279505 0 3 3 0 2 1 1 3 2 2 2 3
0.00027440697788763137 0 3 3 0 2 1 2 0 1 1 1 0
2.7678077443251797e-07 0 3 3 0 2 1 2 0 2 1 2 0
0.0002741301971131988 0 3 3 0 2 1 2 0 2 2 1 0
0.00027452922165279505 0 3 3 0 2 1 2 3 1 1 1 3
1.1028898827506465e-06 0 3 3 0 2 1 2 3 2 1 2 3
0.0002734263317700443 0 3 3 0 2 1 2 3 2 2 1 3
0.00030289571220303355 0 3 3 0 2 2 0 1 1 1 0 1
0.00030289571220303355 0 3 3 0 2 2 0 1 2 2 0 1
0.00030289571220303355 0 3 3 0 2 2 0 2 1 1 0 2
0.00030289571220303355 0 3 3 0 2 2 0 2 2 2 0 2
0.0005892577450378097 0 3 3 0 2 2 1 1 0 0 0 0
0.005218372574238005 0 3 3 0 2 2 1 1 0 0 3 0
0.0005994002339696285 0 3 3 0 2 2 1 1 0 0 3 3
0.0006831774446788894 0 3 3 0 2 2 1 1 0 3 3 0
0.0006522599570825309 0 3 3 0 2 2 1 1 3 0 3 0
0.0005892577450378097 0 3 3 0 2 2 2 2 0 0 0 0
0.005218372574238005 0 3 3 0 2 2 2 2 0 0 3 0
0.0005994002339696285 0 3 3 0 2 2 2 2 0 0 3 3
0.0006831774446788894 0 3 3 0 2 2 2 2 0 3 3 0
0.0006522599570825309 0 3 3 0 2 2 2 2 3 0 3 0
0.2286178303010126 0 3 3 0 3 0 0 0 0 0 0 0
0.026291363067729744 0 3 3 0 3 0 0 0 0 0 0 3
0.02807366427650391 0 3 3 0 3 0 0 0 0 0 3 0
0.026415723152941512 0 3 3 0 3 0 0 0 0 3 0 0
0.026399984489809004 0 3 3 0 3 0 0 0 3 0 0 0
-0.04484819652603005 0 3 3 0 3 0 0 1 1 1 1 0
-0.005151418207187635 0 3 3 0 3 0 0 1 1 1 1 3
4.528183577400818e-05 0 3 3 0 3 0 0 1 1 2 2 0
5.201227503668244e-06 0 3 3 0 3 0 0 1 1 2 2 3
-0.04489347836180407 0 3 3 0 3 0 0 1 2 2 1 0
-0.005156619434691304 0 3 3 0 3 0 0 1 2 2 1 3
-0.04489347836180407 0 3 3 0 3 0 0 2 1 1 2 0
-0.005156619434691304 0 3 3 0 3 0 0 2 1 1 2 3
4.528183577400818e-05 0 3 3 0 3 0 0 2 2 1 1 0
5.201227503668244e-06 0 3 3 0 3 0 0 2 2 1 1 3
-0.04484819652603005 0 3 3 0 3 0 0 2 2 2 2 0
-0.005151418207187635 0 3 3 0 3 0 0 2 2 2 2 3
0.028053139290115436 0 3 3 0 3 0 0 3 0 0 0 0
-0.005003452297799334 0 3 3 0 3 0 1 0 1 1 3 1
2.018187817663918e-05 0 3 3 0 3 0 1 0 1 2 3 2
-0.005023634175975975 0 3 3 0 3 0 1 0 2 2 3 1
-0.005004290597111598 0 3 3 0 3 0 1 3 1 1 0 1
-0.043554713260676864 0 3 3 0 3 0 1 3 1 1 3 1
2.018525953286858e-05 0 3 3 0 3 0 1 3 1 2 0 2
0.00017568188217404384 0 3 3 0 3 0 1 3 1 2 3 2
-0.0050244758566444685 0 3 3 0 3 0 1 3 2 2 0 1
-0.043730395142850924 0 3 3 0 3 0 1 3 2 2 3 1
-0.005023634175975975 0 3 3 0 3 0 2 0 1 1 3 2
2.018187817663918e-05 0 3 3 0 3 0 2 0 2 1 3 1
-0.005003452297799334 0 3 3 0 3 0 2 0 2 2 3 2
-0.0050244758566444685 0 3 3 0 3 0 2 3 1 1 0 2
-0.043730395142850924 0 3 3 0 3 0 2 3 1 1 3 2
2.018525953286858e-05 0 3 3 0 3 0 2 3 2 1 0 1
0.00017568188217404384 0 3 3 0 3 0 2 3 2 1 3 1
-0.005004290597111598 0 3 3 0 3 0 2 3 2 2 0 2
-0.043554713260676864 0 3 3 0 3 0 2 3 2 2 3 2
0.026019491740719537 0 3 3 0 3 0 3 0 0 0 0 0
-0.005098083581397021 0 3 3 0 3 0 3 1 1 1 1 0
5.1473771829598735e-06 0 3 3 0 3 0 3 1 1 2 2 0
-0.005103230958579981 0 3 3 0 3 0 3 1 2 2 1 0
-0.005103230958579981 0 3 3 0 3 0 3 2 1 1 2 0
5.1473771829598735e-06 0 3 3 0 3 0 3 2 2 1 1 0
-0.005098083581397021 0 3 3 0 3 0 3 2 2 2 2 0
0.024885585693039135 0 3 3 0 3 3 0 0 0 0 0 0
-0.0048799645601514 0 3 3 0 3 3 0 1 1 1 1 0
4.9271491589968795e-06 0 3 3 0 3 3 0 1 1 2 2 0
-0.004884891709310398 0 3 3 0 3 3 0 1 2 2 1 0
-0.004884891709310398 0 3 3 0 3 3 0 2 1 1 2 0
4.9271491589968795e-06 0 3 3 0 3 3 0 2 2 1 1 0
-0.0048799645601514 0 3 3 0 3 3 0 2 2 2 2 0
0.002218037691993282 0 3 3 0 3 3 1 0 1 1 0 1
-0.04356000676614212 0 3 3 0 3 3 1 0 1 1 3 1
9.569243712526903e-06 0 3 3 0 3 3 1 0 1 2 0 2
0.00017570323400795143 0 3 3 0 3 3 1 0 1 2 3 2
0.002208468448280754 0 3 3 0 3 3 1 0 2 2 0 1
-0.04373571000015009 0 3 3 0 3 3 1 0 2 2 3 1
-0.0046560506193135546 0 3 3 0 3 3 1 1 0 0 1 1
1.8780602030438342e-05 0 3 3 0 3 3 1 1 0 0 2 2
-0.004674831221343994 0 3 3 0 3 3 1 2 0 0 2 1
-0.04343614492295984 0 3 3 0 3 3 1 3 1 1 0 1
339.056173426278 0 3 3 0 3 3 1 3 1 1 3 1
0.0001752036260410806 0 3 3 0 3 3 1 3 1 2 0 2
-1.3677366151426185 0 3 3 0 3 3 1 3 1 2 3 2
3.099084279274862e-07 0 3 3 0 3 3 1 3 2 1 3 2
-0.04361134854900094 0 3 3 0 3 3 1 3 2 2 0 1
340.42390973151265 0 3 3 0 3 3 1 3 2 2 3 1
0.002208468448280754 0 3 3 0 3 3 2 0 1 1 0 2
-0.04373571000015009 0 3 3 0 3 3 2 0 1 1 3 2
9.569243712526903e-06 0 3 3 0 3 3 2 0 2 1 0 1
0.00017570323400795143 0 3 3 0 3 3 2 0 2 1 3 1
0.002218037691993282 0 3 3 0 3 3 2 0 2 2 0 2
-0.04356000676614212 0 3 3 0 3 3 2 0 2 2 3 2
-0.004674831221343994 0 3 3 0 3 3 2 1 0 0 1 2
1.8780602030438342e-05 0 3 3 0 3 3 2 2 0 0 1 1
-0.0046560506193135546 0 3 3 0 3 3 2 2 0 0 2 2
-0.04361134854900094 0 3 3 0 3 3 2 3 1 1 0 2
340.4239097315127 0 3 3 0 3 3 2 3 1 1 3 2
3.099084279274862e-07 0 3 3 0 3 3 2 3 1 2 3 1
0.0001752036260410806 0 3 3 0 3 3 2 3 2 1 0 1
-1.367736615142619 0 3 3 0 3 3 2 3 2 1 3 1
-0.04343614492295984 0 3 3 0 3 3 2 3 2 2 0 2
339.0561734262781 0 3 3 0 3 3 2 3 2 2 3 2
0.0006845140027738145 0 3 3 1 0 1 1 0 1 3 3 0
0.0002955831896606162 0 3 3 1 0 1 1 1 0 1 1 0
0.0002955831896606162 0 3 3 1 0 1 1 2 0 1 2 0
0.0005895829009245321 0 3 3 1 0 1 1 3 1 0 3 0
0.0006532714327536948 0 3 3 1 0 1 1 3 1 3 0 0
0.005203534255940054 0 3 3 1 0 1 1 3 1 3 3 0
0.0005995006599903039 0 3 3 1 0 1 1 3 1 3 3 3
0.0006845140027738145 0 3 3 1 0 1 2 0 2 3 3 0
0.0002955831896606162 0 3 3 1 0 1 2 1 0 2 1 0
0.0002955831896606162 0 3 3 1 0 1 2 2 0 2 2 0
0.0005895829009245321 0 3 3 1 0 1 2 3 2 0 3 0
0.0006532714327536948 0 3 3 1 0 1 2 3 2 3 0 0
0.005203534255940054 0 3 3 1 0 1 2 3 2 3 3 0
0.0005995006599903039 0 3 3 1 0 1 2 3 2 3 3 3
-0.0005722842064259776 0 3 3 1 0 2 0 0 0 1 0 2
0.0005722842064259776 0 3 3 1 0 2 0 0 0 2 0 1
0.0008884248483951054 0 3 3 1 1 0 0 1 1 0 0 0
0.0051946987383692175 0 3 3 1 1 0 0 1 1 3 0 0
0.0005966809757034085 0 3 3 1 1 0 0 1 1 3 0 3
0.001013759704910274 0 3 3 1 1 0 0 1 1 3 3 0
0.0008884248483951054 0 3 3 1 1 0 0 2 2 0 0 0
0.0051946987383692175 0 3 3 1 1 0 0 2 2 3 0 0
0.0005966809757034085 0 3 3 1 1 0 0 2 2 3 0 3
0.001013759704910274 0 3 3 1 1 0 0 2 2 3 3 0
3.275574493005684e-05 0 3 3 1 1 0 1 3 1 3 1 1
3.275574493005684e-05 0 3 3 1 1 0 1 3 1 3 2 2
3.275574493005684e-05 0 3 3 1 1 0 2 3 2 3 1 1
3.275574493005684e-05 0 3 3 1 1 0 2 3 2 3 2 2
0.0005905033067051669 0 3 3 1 1 0 3 1 1 3 0 0
0.0005905033067051669 0 3 3 1 1 0 3 2 2 3 0 0
0.0005652389105366094 0 3 3 1 1 3 0 1 1 3 0 0
0.0005652389105366094 0 3 3 1 1 3 0 2 2 3 0 0
-0.0002650483570287967 0 3 3 1 1 3 1 0 1 3 1 1
1.0690965625526732e-06 0 3 3 1 1 3 1 0 1 3 2 2
-0.0002661174535913495 0 3 3 1 1 3 1 0 2 3 2 1
-0.00026581782327118463 0 3 3 1 1 3 1 3 1 0 1 1
1.072200274358168e-06 0 3 3 1 1 3 1 3 1 0 2 2
-0.0002668900235455429 0 3 3 1 1 3 1 3 2 0 2 1
-0.0002661174535913495 0 3 3 1 1 3 2 0 1 3 1 2
1.0690965625526732e-06 0 3 3 1 1 3 2 0 2 3 1 1
-0.0002650483570287967 0 3 3 1 1 3 2 0 2 3 2 2
-0.0002668900235455429 0 3 3 1 1 3 2 3 1 0 1 2
1.072200274358168e-06 0 3 3 1 1 3 2 3 2 0 1 1
-0.00026581782327118463 0 3 3 1 1 3 2 3 2 0 2 2
-0.000828970561781201 0 3 3 1 2 0 0 0 0 1 2 0
0.000828970561781201 0 3 3 1 2 0 0 0 0 2 1 0
-0.0002942132536557626 0 3 3 1 2 3 1 1 0 2 3 1
0.0002942132536557626 0 3 3 1 2 3 1 2 0 1 3 1
-0.0002942132536557626 0 3 3 1 2 3 2 1 0 2 3 2
0.0002942132536557626 0 3 3 1 2 3 2 2 0 1 3 2
0.0005577824399002406 0 3 3 1 3 1 1 0 1 0 3 0
0.00028392902356147426 0 3 3 1 3 1 1 0 1 3 0 0
0.0052183725742380085 0 3 3 1 3 1 1 0 1 3 3 0
0.0005678148776655326 0 3 3 1 3 1 1 0 1 3 3 3
0.0005577386350099507 0 3 3 1 3 1 1 3 1 0 0 0
0.005203534255940055 0 3 3 1 3 1 1 3 1 0 3 0
0.0008390683569475409 0 3 3 1 3 1 1 3 1 0 3 3
0.005203534255940056 0 3 3 1 3 1 1 3 1 3 0 0
0.0005667449150602472 0 3 3 1 3 1 1 3 1 3 0 3
-40.621924057906334 0 3 3 1 3 1 1 3 1 3 3 0
0.005217738426408562 0 3 3 1 3 1 1 3 1 3 3 3
0.0005577824399002406 0 3 3 1 3 1 2 0 2 0 3 0
0.00028392902356147426 0 3 3 1 3 1 2 0 2 3 0 0
0.0052183725742380085 0 3 3 1 3 1 2 0 2 3 3 0
0.0005678148776655326 0 3 3 1 3 1 2 0 2 3 3 3
0.0005577386350099507 0 3 3 1 3 1 2 3 2 0 0 0
0.005203534255940055 0 3 3 1 3 1 2 3 2 0 3 0
0.0008390683569475409 0 3 3 1 3 1 2 3 2 0 3 3
0.005203534255940056 0 3 3 1 3 1 2 3 2 3 0 0
0.0005667449150602472 0 3 3 1 3 1 2 3 2 3 0 3
-40.621924057906334 0 3 3 1 3 1 2 3 2 3 3 0
0.005217738426408562 0 3 3 1 3 1 2 3 2 3 3 3
-3.116798682212774e-05 0 3 3 1 3 2 0 1 1 3 2 1
3.116798682212774e-05 0 3 3 1 3 2 0 1 2 3 1 1
-3.116798682212774e-05 0 3 3 1 3 2 0 2 1 3 2 2
3.116798682212774e-05 0 3 3 1 3 2 0 2 2 3 1 2
0.00030169068985086 0 3 3 1 3 2 1 3 2 3 3 0
-0.00030169068985086 0 3 3 1 3 2 2 3 1 3 3 0
0.0005722842064259776 0 3 3 2 0 1 0 0 0 1 0 2
-0.0005722842064259776 0 3 3 2 0 1 0 0 0 2 0 1
0.0006845140027738145 0 3 3 2 0 2 1 0 1 3 3 0
0.0002955831896606162 0 3 3 2 0 2 1 1 0 1 1 0
0.0002955831896606162 0 3 3 2 0 2 1 2 0 1 2 0
0.0005895829009245321 0 3 3 2 0 2 1 3 1 0 3 0
0.0006532714327536948 0 3 3 2 0 2 1 3 1 3 0 0
0.005203534255940054 0 3 3 2 0 2 1 3 1 3 3 0
0.0005995006599903039 0 3 3 2 0 2 1 3 1 3 3 3
0.0006845140027738145 0 3 3 2 0 2 2 0 2 3 3 0
0.0002955831896606162 0 3 3 2 0 2 2 1 0 2 1 0
0.0002955831896606162 0 3 3 2 0 2 2 2 0 2 2 0
0.0005895829009245321 0 3 3 2 0 2 2 3 2 0 3 0
0.0006532714327536948 0 3 3 2 0 2 2 3 2 3 0 0
0.005203534255940054 0 3 3 2 0 2 2 3 2 3 3 0
0.0005995006599903039 0 3 3 2 0 2 2 3 2 3 3 3
0.000828970561781201 0 3 3 2 1 0 0 0 0 1 2 0
-0.000828970561781201 0 3 3 2 1 0 0 0 0 2 1 0
0.0002942132536557626 0 3 3 2 1 3 1 1 0 2 3 1
-0.0002942132536557626 0 3 3 2 1 3 1 2 0 1 3 1
0.0002942132536557626 0 3 3 2 1 3 2 1 0 2 3 2
-0.0002942132536557626 0 3 3 2 1 3 2 2 0 1 3 2
0.0008884248483951054 0 3 3 2 2 0 0 1 1 0 0 0
0.0051946987383692175 0 3 3 2 2 0 0 1 1 3 0 0
0.0005966809757034085 0 3 3 2 2 0 0 1 1 3 0 3
0.001013759704910274 0 3 3 2 2 0 0 1 1 3 3 0
0.0008884248483951054 0 3 3 2 2 0 0 2 2 0 0 0
0.0051946987383692175 0 3 3 2 2 0 0 2 2 3 0 0
0.0005966809757034085 0 3 3 2 2 0 0 2 2 3 0 3
0.001013759704910274 0 3 3 2 2 0 0 2 2 3 3 0
3.275574493005684e-05 0 3 3 2 2 0 1 3 1 3 1 1
3.275574493005684e-05 0 3 3 2 2 0 1 3 1 3 2 2
3.275574493005684e-05 0 3 3 2 2 0 2 3 2 3 1 1
3.275574493005684e-05 0 3 3 2 2 0 2 3 2 3 2 2
0.0005905033067051669 0 3 3 2 2 0 3 1 1 3 0 0
0.0005905033067051669 0 3 3 2 2 0 3 2 2 3 0 0
0.0005652389105366094 0 3 3 2 2 3 0 1 1 3 0 0
0.0005652389105366094 0 3 3 2 2 3 0 2 2 3 0 0
-0.0002650483570287967 0 3 3 2 2 3 1 0 1 3 1 1
1.0690965625526732e-06 0 3 3 2 2 3 1 0 1 3 2 2
-0.0002661174535913495 0 3 3 2 2 3 1 0 2 3 2 1
-0.00026581782327118463 0 3 3 2 2 3 1 3 1 0 1 1
1.072200274358168e-06 0 3 3 2 2 3 1 3 1 0 2 2
-0.0002668900235455429 0 3 3 2 2 3 1 3 2 0 2 1
-0.0002661174535913495 0 3 3 2 2 3 2 0 1 3 1 2
1.0690965625526732e-06 0 3 3 2 2 3 2 0 2 3 1 1
-0.0002650483570287967 0 3 3 2 2 3 2 0 2 3 2 2
-0.0002668900235455429 0 3 3 2 2 3 2 3 1 0 1 2
1.072200274358168e-06 0 3 3 2 2 3 2 3 2 0 1 1
-0.00026581782327118463 0 3 3 2 2 3 2 3 2 0 2 2
3.116798682212774e-05 0 3 3 2 3 1 0 1 1 3 2 1
-3.116798682212774e-05 0 3 3 2 3 1 0 1 2 3 1 1
3.116798682212774e-05 0 3 3 2 3 1 0 2 1 3 2 2
-3.116798682212774e-05 0 3 3 2 3 1 0 2 2 3 1 2
-0.00030169068985086 0 3 3 2 3 1 1 3 2 3 3 0
0.00030169068985086 0 3 3 2 3 1 2 3 1 3 3 0
0.0005577824399002406 0 3 3 2 3 2 1 0 1 0 3 0
0.00028392902356147426 0 3 3 2 3 2 1 0 1 3 0 0
0.0052183725742380085 0 3 3 2 3 2 1 0 1 3 3 0
0.0005678148776655326 0 3 3 2 3 2 1 0 1 3 3 3
0.0005577386350099507 0 3 3 2 3 2 1 3 1 0 0 0
0.005203534255940055 0 3 3 2 3 2 1 3 1 0 3 0
0.0008390683569475409 0 3 3 2 3 2 1 3 1 0 3 3
0.005203534255940056 0 3 3 2 3 2 1 3 1 3 0 0
0.0005667449150602472 0 3 3 2 3 2 1 3 1 3 0 3
-40.621924057906334 0 3 3 2 3 2 1 3 1 3 3 0
0.005217738426408562 0 3 3 2 3 2 1 3 1 3 3 3
0.0005577824399002406 0 3 3 2 3 2 2 0 2 0 3 0
0.00028392902356147426 0 3 3 2 3 2 2 0 2 3 0 0
0.0052183725742380085 0 3 3 2 3 2 2 0 2 3 3 0
0.0005678148776655326 0 3 3 2 3 2 2 0 2 3 3 3
0.0005577386350099507 0 3 3 2 3 2 2 3 2 0 0 0
0.005203534255940055 0 3 3 2 3 2 2 3 2 0 3 0
0.0008390683569475409 0 3 3 2 3 2 2 3 2 0 3 3
0.005203534255940056 0 3 3 2 3 2 2 3 2 3 0 0
0.0005667449150602472 0 3 3 2 3 2 2 3 2 3 0 3
-40.621924057906334 0 3 3 2 3 2 2 3 2 3 3 0
0.005217738426408562 0 3 3 2 3 2 2 3 2 3 3 3
0.22861783030101251 0 3 3 3 0 0 0 0 0 0 0 0
0.026291363067729744 0 3 3 3 0 0 0 0 0 0 0 3
0.026415723152941512 0 3 3 3 0 0 0 0 0 0 3 0
0.028073664276503915 0 3 3 3 0 0 0 0 0 3 0 0
0.028053139290115436 0 3 3 3 0 0 0 0 3 0 0 0
0.026399984489809004 0 3 3 3 0 0 0 3 0 0 0 0
0.026019491740719537 0 3 3 3 0 0 3 0 0 0 0 0
0.024885585693039135 0 3 3 3 0 3 0 0 0 0 0 0
0.0033483492475465827 0 3 3 3 0 3 1 1 0 0 1 1
9.55992447046682e-06 0 3 3 3 0 3 1 1 0 0 2 2
0.0033387893230761158 0 3 3 3 0 3 1 2 0 0 2 1
-0.004655684960999535 0 3 3 3 0 3 1 3 1 1 3 1
1.877912711449859e-05 0 3 3 3 0 3 1 3 1 2 3 2
-0.004674464088114036 0 3 3 3 0 3 1 3 2 2 3 1
0.0033387893230761158 0 3 3 3 0 3 2 1 0 0 1 2
9.55992447046682e-06 0 3 3 3 0 3 2 2 0 0 1 1
0.0033483492475465827 0 3 3 3 0 3 2 2 0 0 2 2
-0.004674464088114036 0 3 3 3 0 3 2 3 1 1 3 2
1.877912711449859e-05 0 3 3 3 0 3 2 3 2 1 3 1
-0.004655684960999535 0 3 3 3 0 3 2 3 2 2 3 2
0.00028392902356147426 0 3 3 3 1 1 1 1 0 0 3 0
0.00028392902356147426 0 3 3 3 1 1 2 2 0 0 3 0
-3.184426591458142e-05 0 3 3 3 1 2 1 3 1 1 2 0
3.184426591458142e-05 0 3 3 3 1 2 1 3 1 2 1 0
-3.184426591458142e-05 0 3 3 3 1 2 2 3 2 1 2 0
3.184426591458142e-05 0 3 3 3 1 2 2 3 2 2 1 0
3.184426591458142e-05 0 3 3 3 2 1 1 3 1 1 2 0
-3.184426591458142e-05 0 3 3 3 2 1 1 3 1 2 1 0
3.184426591458142e-05 0 3 3 3 2 1 2 3 2 1 2 0
-3.184426591458142e-05 0 3 3 3 2 1 2 3 2 2 1 0
0.00028392902356147426 0 3 3 3 2 2 1 1 0 0 3 0
0.00028392902356147426 0 3 3 3 2 2 2 2 0 0 3 0
0.026742458624591837 0 3 3 3 3 0 0 0 0 0 0 0
-0.004793742901170165 0 3 3 3 3 0 0 1 1 1 1 0
6.695887356638018e-05 0 3 3 3 3 0 0 1 1 2 2 0
-0.004860701774736546 0 3 3 3 3 0 0 1 2 2 1 0
-0.004860701774736546 0 3 3 3 3 0 0 2 1 1 2 0
6.695887356638018e-05 0 3 3 3 3 0 0 2 2 1 1 0
-0.004793742901170165 0 3 3 3 3 0 0 2 2 2 2 0
-0.004796375755201667 0 3 3 3 3 0 1 3 1 1 3 1
-4.642912020999575e-05 0 3 3 3 3 0 1 3 1 2 3 2
-0.0047499466349916735 0 3 3 3 3 0 1 3 2 2 3 1
-0.0047499466349916735 0 3 3 3 3 0 2 3 1 1 3 2
-4.642912020999575e-05 0 3 3 3 3 0 2 3 2 1 3 1
-0.004796375755201667 0 3 3 3 3 0 2 3 2 2 3 2
-0.004918788567831747 0 3 3 3 3 3 1 0 1 1 3 1
1.984037935093093e-05 0 3 3 3 3 3 1 0 1 2 3 2
-0.00493862894718268 0 3 3 3 3 3 1 0 2 2 3 1
-0.004921502784270719 0 3 3 3 3 3 1 3 1 1 0 1
-0.04343614492295982 0 3 3 3 3 3 1 3 1 1 3 1
1.9851327388856758e-05 0 3 3 3 3 3 1 3 1 2 0 2
0.00017520362604108052 0 3 3 3 3 3 1 3 1 2 3 2
-0.004941354111659578 0 3 3 3 3 3 1 3 2 2 0 1
-0.04361134854900092 0 3 3 3 3 3 1 3 2 2 3 1
-0.00493862894718268 0 3 3 3 3 3 2 0 1 1 3 2
1.984037935093093e-05 0 3 3 3 3 3 2 0 2 1 3 1
-0.004918788567831747 0 3 3 3 3 3 2 0 2 2 3 2
-0.004941354111659578 0 3 3 3 3 3 2 3 1 1 0 2
-0.04361134854900092 0 3 3 3 3 3 2 3 1 1 3 2
1.9851327388856758e-05 0 3 3 3 3 3 2 3 2 1 0 1
0.00017520362604108052 0 3 3 3 3 3 2 3 2 1 3 1
-0.004921502784270719 0 3 3 3 3 3 2 3 2 2 0 2
-0.04343614492295982 0 3 3 3 3 3 2 3 2 2 3 2
-0.005575675419022832 1 0 0 0 0 1 0 1 0 0 1 0
-0.005575675419022832 1 0 0 0 0 1 0 2 0 0 2 0
3.2919449531969985e-05 1 0 0 0 0 1 1 0 0 0 0 1
3.2919449531969985e-05 1 0 0 0 0 1 2 0 0 0 0 2
-0.04877837934038016 1 0 0 0 0 1 3 1 0 0 1 0
-0.005634437888073059 1 0 0 0 0 1 3 1 0 0 1 3
-0.0055080463128695575 1 0 0 0 0 1 3 1 0 3 1 0
-0.005505058494096023 1 0 0 0 0 1 3 1 3 0 1 0
-0.04877837934038016 1 0 0 0 0 1 3 2 0 0 2 0
-0.005634437888073059 1 0 0 0 0 1 3 2 0 0 2 3
-0.0055080463128695575 1 0 0 0 0 1 3 2 0 3 2 0
-0.005505058494096023 1 0 0 0 0 1 3 2 3 0 2 0
447.38104034214876 1 0 0 0 0 2 1 0 0 0 0 2
-0.05731204524852125 1 0 0 0 0 2 1 0 0 0 3 2
-0.05731204524852124 1 0 0 0 0 2 1 0 0 3 0 2
-0.00614296751290706 1 0 0 0 0 2 1 0 0 3 3 2
-0.05747547539577803 1 0 0 0 0 2 1 0 3 0 0 2
-0.006143449982653758 1 0 0 0 0 2 1 0 3 0 3 2
0.0018604514674955685 1 0 0 0 0 2 1 0 3 3 0 2
-0.05747547539577807 1 0 0 0 0 2 1 3 0 0 0 2
0.0018604514674955685 1 0 0 0 0 2 1 3 0 0 3 2
-0.006143449982653758 1 0 0 0 0 2 1 3 0 3 0 2
-0.00613788499801142 1 0 0 0 0 2 1 3 3 0 0 2
-447.38104034214876 1 0 0 0 0 2 2 0 0 0 0 1
0.05731204524852125 1 0 0 0 0 2 2 0 0 0 3 1
0.05731204524852124 1 0 0 0 0 2 2 0 0 3 0 1
0.00614296751290706 1 0 0 0 0 2 2 0 0 3 3 1
0.05747547539577803 1 0 0 0 0 2 2 0 3 0 0 1
0.006143449982653758 1 0 0 0 0 2 2 0 3 0 3 1
-0.0018604514674955685 1 0 0 0 0 2 2 0 3 3 0 1
0.05747547539577807 1 0 0 0 0 2 2 3 0 0 0 1
-0.0018604514674955685 1 0 0 0 0 2 2 3 0 0 3 1
0.006143449982653758 1 0 0 0 0 2 2 3 0 3 0 1
0.00613788499801142 1 0 0 0 0 2 2 3 3 0 0 1
0.00032172975691915765 1 0 0 0 1 0 1 0 0 0 1 0
-3.148405259475231e-05 1 0 0 0 1 0 1 1 2 2 0 0
3.148405259475231e-05 1 0 0 0 1 0 1 2 2 1 0 0
0.00032172975691915765 1 0 0 0 1 0 2 0 0 0 2 0
3.148405259475231e-05 1 0 0 0 1 0 2 1 1 2 0 0
-3.148405259475231e-05 1 0 0 0 1 0 2 2 1 1 0 0
39.391221457749396 1 0 0 0 2 0 1 0 0 0 2 0
-0.005059659888586499 1 0 0 0 2 0 1 0 0 0 2 3
-0.0050458860529326455 1 0 0 0 2 0 1 0 0 3 2 0
-0.0005495746009951784 1 0 0 0 2 0 1 0 0 3 2 3
-0.005060274824038194 1 0 0 0 2 0 1 0 3 0 2 0
-0.0005506121476166897 1 0 0 0 2 0 1 0 3 0 2 3
-0.0002753270045981094 1 0 0 0 2 0 1 0 3 3 2 0
-0.005060274824038197 1 0 0 0 2 0 1 3 0 0 2 0
-0.0008099791470215279 1 0 0 0 2 0 1 3 0 0 2 3
-0.0005408836563054211 1 0 0 0 2 0 1 3 0 3 2 0
-0.000540393702086028 1 0 0 0 2 0 1 3 3 0 2 0
-39.391221457749396 1 0 0 0 2 0 2 0 0 0 1 0
0.005059659888586499 1 0 0 0 2 0 2 0 0 0 1 3
0.0050458860529326455 1 0 0 0 2 0 2 0 0 3 1 0
0.0005495746009951784 1 0 0 0 2 0 2 0 0 3 1 3
0.005060274824038194 1 0 0 0 2 0 2 0 3 0 1 0
0.0005506121476166897 1 0 0 0 2 0 2 0 3 0 1 3
0.0002753270045981094 1 0 0 0 2 0 2 0 3 3 1 0
0.005060274824038197 1 0 0 0 2 0 2 3 0 0 1 0
0.0008099791470215279 1 0 0 0 2 0 2 3 0 0 1 3
0.0005408836563054211 1 0 0 0 2 0 2 3 0 3 1 0
0.000540393702086028 1 0 0 0 2 0 2 3 3 0 1 0
-0.0008144800408331055 1 0 0 0 2 0 3 1 0 0 3 2
0.0008144800408331055 1 0 0 0 2 0 3 2 0 0 3 1
-0.0008714573988564012 1 0 0 0 2 3 0 1 0 0 3 2
0.0008714573988564012 1 0 0 0 2 3 0 2 0 0 3 1
-0.005059659888586498 1 0 0 0 2 3 1 0 0 0 2 0
-0.0010156149933250643 1 0 0 0 2 3 1 0 0 0 2 3
-0.0005813379657327731 1 0 0 0 2 3 1 0 0 3 2 0
-0.0005812405822560525 1 0 0 0 2 3 1 0 3 0 2 0
-0.0008793936358728208 1 0 0 0 2 3 1 3 0 0 2 0
0.005059659888586498 1 0 0 0 2 3 2 0 0 0 1 0
0.0010156149933250643 1 0 0 0 2 3 2 0 0 0 1 3
0.0005813379657327731 1 0 0 0 2 3 2 0 0 3 1 0
0.0005812405822560525 1 0 0 0 2 3 2 0 3 0 1 0
0.0008793936358728208 1 0 0 0 2 3 2 3 0 0 1 0
-0.0009996162376861152 1 0 0 0 2 3 3 1 0 0 0 2
-0.005042669340230057 1 0 0 0 2 3 3 1 0 0 3 2
-0.0005694173656868787 1 0 0 0 2 3 3 1 0 3 3 2
-0.0005691084874025401 1 0 0 0 2 3 3 1 3 0 3 2
0.0009996162376861152 1 0 0 0 2 3 3 2 0 0 0 1
0.005042669340230057 1 0 0 0 2 3 3 2 0 0 3 1
0.0005694173656868787 1 0 0 0 2 3 3 2 0 3 3 1
0.0005691084874025401 1 0 0 0 2 3 3 2 3 0 3 1
0.0035160261000130484 1 0 0 0 3 1 3 1 0 0 1 0
0.0035160261000130484 1 0 0 0 3 1 3 2 0 0 2 0
-0.005209110159054412 1 0 0 0 3 1 3 3 1 1 3 0
-0.005209110159054412 1 0 0 0 3 1 3 3 2 2 3 0
-0.05731204524852123 1 0 0 0 3 2 1 0 0 0 0 2
-0.007226934967731529 1 0 0 0 3 2 1 0 0 0 3 2
-0.006493702209602685 1 0 0 0 3 2 1 0 0 3 0 2
-0.006490120922735708 1 0 0 0 3 2 1 0 3 0 0 2
-0.007220382584875044 1 0 0 0 3 2 1 3 0 0 0 2
0.05731204524852123 1 0 0 0 3 2 2 0 0 0 0 1
0.007226934967731529 1 0 0 0 3 2 2 0 0 0 3 1
0.006493702209602685 1 0 0 0 3 2 2 0 0 3 0 1
0.006490120922735708 1 0 0 0 3 2 2 0 3 0 0 1
0.007220382584875044 1 0 0 0 3 2 2 3 0 0 0 1
0.00032172975691915765 1 0 0 1 0 0 1 0 0 1 0 0
0.00032172975691915754 1 0 0 1 0 0 2 0 0 2 0 0
-0.0002637977258386861 1 0 0 1 2 1 3 1 0 2 3 0
0.0002637977258386861 1 0 0 1 2 1 3 2 0 1 3 0
0.0003824980614332204 1 0 0 1 2 2 1 0 0 1 2 2
-0.00035073469669562557 1 0 0 1 2 2 1 0 0 2 1 2
-3.1763364737594816e-05 1 0 0 1 2 2 1 0 0 2 2 1
-3.1763364737594816e-05 1 0 0 1 2 2 2 0 0 1 1 2
-0.00035073469669562557 1 0 0 1 2 2 2 0 0 1 2 1
0.0003824980614332204 1 0 0 1 2 2 2 0 0 2 1 1
39.391221457749396 1 0 0 2 0 0 1 0 0 2 0 0
-0.005059659888586499 1 0 0 2 0 0 1 0 0 2 0 3
-0.005045886052932646 1 0 0 2 0 0 1 0 0 2 3 0
-0.0005495746009951784 1 0 0 2 0 0 1 0 0 2 3 3
-0.005060274824038194 1 0 0 2 0 0 1 0 3 2 0 0
-0.0008099791470215279 1 0 0 2 0 0 1 0 3 2 0 3
-0.0005408836563054211 1 0 0 2 0 0 1 0 3 2 3 0
-0.005060274824038197 1 0 0 2 0 0 1 3 0 2 0 0
-0.0005506121476166897 1 0 0 2 0 0 1 3 0 2 0 3
-0.0002753270045981094 1 0 0 2 0 0 1 3 0 2 3 0
-0.000540393702086028 1 0 0 2 0 0 1 3 3 2 0 0
-39.391221457749396 1 0 0 2 0 0 2 0 0 1 0 0
0.005059659888586499 1 0 0 2 0 0 2 0 0 1 0 3
0.005045886052932646 1 0 0 2 0 0 2 0 0 1 3 0
0.0005495746009951784 1 0 0 2 0 0 2 0 0 1 3 3
0.005060274824038194 1 0 0 2 0 0 2 0 3 1 0 0
0.0008099791470215279 1 0 0 2 0 0 2 0 3 1 0 3
0.0005408836563054211 1 0 0 2 0 0 2 0 3 1 3 0
0.005060274824038197 1 0 0 2 0 0 2 3 0 1 0 0
0.0005506121476166897 1 0 0 2 0 0 2 3 0 1 0 3
0.0002753270045981094 1 0 0 2 0 0 2 3 0 1 3 0
0.000540393702086028 1 0 0 2 0 0 2 3 3 1 0 0
-0.005059659888586498 1 0 0 2 0 3 1 0 0 2 0 0
-0.0010156149933250643 1 0 0 2 0 3 1 0 0 2 0 3
-0.0005813379657327731 1 0 0 2 0 3 1 0 0 2 3 0
-0.0008793936358728208 1 0 0 2 0 3 1 0 3 2 0 0
-0.0005812405822560525 1 0 0 2 0 3 1 3 0 2 0 0
0.005059659888586498 1 0 0 2 0 3 2 0 0 1 0 0
0.0010156149933250643 1 0 0 2 0 3 2 0 0 1 0 3
0.0005813379657327731 1 0 0 2 0 3 2 0 0 1 3 0
0.0008793936358728208 1 0 0 2 0 3 2 0 3 1 0 0
0.0005812405822560525 1 0 0 2 0 3 2 3 0 1 0 0
-3.147530513756911e-05 1 0 0 2 0 3 3 1 0 2 1 1
-3.147530513756911e-05 1 0 0 2 0 3 3 1 0 2 2 2
3.147530513756911e-05 1 0 0 2 0 3 3 2 0 1 1 1
3.147530513756911e-05 1 0 0 2 0 3 3 2 0 1 2 2
0.00026273794851819343 1 0 0 2 1 1 3 1 0 2 3 0
-0.00026273794851819343 1 0 0 2 1 1 3 2 0 1 3 0
-0.00035073469669562557 1 0 0 2 1 2 1 0 0 1 2 2
0.0003824980614332204 1 0 0 2 1 2 1 0 0 2 1 2
-3.1763364737594816e-05 1 0 0 2 1 2 1 0 0 2 2 1
-3.1763364737594816e-05 1 0 0 2 1 2 2 0 0 1 1 2
0.0003824980614332204 1 0 0 2 1 2 2 0 0 1 2 1
-0.00035073469669562557 1 0 0 2 1 2 2 0 0 2 1 1
-3.1763364737594816e-05 1 0 0 2 2 1 1 0 0 1 2 2
-3.1763364737594816e-05 1 0 0 2 2 1 1 0 0 2 1 2
6.352672947518963e-05 1 0 0 2 2 1 1 0 0 2 2 1
6.352672947518963e-05 1 0 0 2 2 1 2 0 0 1 1 2
-3.1763364737594816e-05 1 0 0 2 2 1 2 0 0 1 2 1
-3.1763364737594816e-05 1 0 0 2 2 1 2 0 0 2 1 1
-1.059777320492591e-06 1 0 0 2 2 2 3 1 0 2 3 0
1.059777320492591e-06 1 0 0 2 2 2 3 2 0 1 3 0
-0.005045886052932645 1 0 0 2 3 0 1 0 0 2 0 0
-0.0005813379657327731 1 0 0 2 3 0 1 0 0 2 0 3
-0.0006643591794575254 1 0 0 2 3 0 1 0 0 2 3 0
-0.0005714053739291992 1 0 0 2 3 0 1 0 3 2 0 0
0.0003059672922780789 1 0 0 2 3 0 1 1 2 3 1 0
0.0003059672922780789 1 0 0 2 3 0 1 2 2 3 2 0
-0.0006329855998197055 1 0 0 2 3 0 1 3 0 2 0 0
0.005045886052932645 1 0 0 2 3 0 2 0 0 1 0 0
0.0005813379657327731 1 0 0 2 3 0 2 0 0 1 0 3
0.0006643591794575254 1 0 0 2 3 0 2 0 0 1 3 0
0.0005714053739291992 1 0 0 2 3 0 2 0 3 1 0 0
-0.0003059672922780789 1 0 0 2 3 0 2 1 1 3 1 0
-0.0003059672922780789 1 0 0 2 3 0 2 2 1 3 2 0
0.0006329855998197055 1 0 0 2 3 0 2 3 0 1 0 0
-0.0005495746009951784 1 0 0 2 3 3 1 0 0 2 0 0
0.0005495746009951784 1 0 0 2 3 3 2 0 0 1 0 0
-0.0005385135882774059 1 0 0 2 3 3 3 3 1 3 3 2
0.0005385135882774059 1 0 0 2 3 3 3 3 2 3 3 1
-0.0052138330592137955 1 0 0 3 0 1 3 1 0 0 1 0
-0.0052138330592137955 1 0 0 3 0 1 3 2 0 0 2 0
-0.05731204524852122 1 0 0 3 0 2 1 0 0 0 0 2
-0.006493702209602685 1 0 0 3 0 2 1 0 0 0 3 2
-0.007226934967731529 1 0 0 3 0 2 1 0 0 3 0 2
-0.007220382584875044 1 0 0 3 0 2 1 0 3 0 0 2
-0.006490120922735708 1 0 0 3 0 2 1 3 0 0 0 2
0.05731204524852122 1 0 0 3 0 2 2 0 0 0 0 1
0.006493702209602685 1 0 0 3 0 2 2 0 0 0 3 1
0.007226934967731529 1 0 0 3 0 2 2 0 0 3 0 1
0.007220382584875044 1 0 0 3 0 2 2 0 3 0 0 1
0.006490120922735708 1 0 0 3 0 2 2 3 0 0 0 1
-0.005045886052932644 1 0 0 3 2 0 1 0 0 0 2 0
-0.0005813379657327731 1 0 0 3 2 0 1 0 0 0 2 3
-0.0006643591794575254 1 0 0 3 2 0 1 0 0 3 2 0
-0.0006329855998197055 1 0 0 3 2 0 1 0 3 0 2 0
-0.0005714053739291992 1 0 0 3 2 0 1 3 0 0 2 0
0.005045886052932644 1 0 0 3 2 0 2 0 0 0 1 0
0.0005813379657327731 1 0 0 3 2 0 2 0 0 0 1 3
0.0006643591794575254 1 0 0 3 2 0 2 0 0 3 1 0
0.0006329855998197055 1 0 0 3 2 0 2 0 3 0 1 0
0.0005714053739291992 1 0 0 3 2 0 2 3 0 0 1 0
-0.0005495746009951784 1 0 0 3 2 3 1 0 0 0 2 0
0.0005495746009951784 1 0 0 3 2 3 2 0 0 0 1 0
-0.0005390018378698022 1 0 0 3 2 3 3 1 0 0 3 2
0.0005390018378698022 1 0 0 3 2 3 3 2 0 0 3 1
-0.00614296751290706 1 0 0 3 3 2 1 0 0 0 0 2
0.00614296751290706 1 0 0 3 3 2 2 0 0 0 0 1
0.0003206646066428564 1 0 1 0 0 0 1 0 1 0 0 0
3.052171762377821e-05 1 0 1 0 0 0 1 1 0 2 2 0
-3.052171762377821e-05 1 0 1 0 0 0 1 2 0 1 2 0
0.0003206646066428563 1 0 1 0 0 0 2 0 2 0 0 0
-3.052171762377821e-05 1 0 1 0 0 0 2 1 0 2 1 0
3.052171762377821e-05 1 0 1 0 0 0 2 2 0 1 1 0
0.00028392902356147426 1 0 1 0 0 3 3 3 0 1 3 1
0.00028392902356147426 1 0 1 0 0 3 3 3 0 2 3 2
6.168180294853818e-05 1 0 1 0 1 1 1 1 0 1 0 1
3.189678990894765e-05 1 0 1 0 1 1 1 1 0 2 0 2
2.978501303959052e-05 1 0 1 0 1 1 1 2 0 1 0 2
2.978501303959052e-05 1 0 1 0 1 1 2 1 0 2 0 1
3.189678990894765e-05 1 0 1 0 1 1 2 2 0 1 0 1
6.168180294853818e-05 1 0 1 0 1 1 2 2 0 2 0 2
-1.0690965625526732e-06 1 0 1 0 1 2 3 3 0 1 2 0
1.0690965625526732e-06 1 0 1 0 1 2 3 3 0 2 1 0
-0.0002653534359164768 1 0 1 0 2 1 3 1 2 0 3 0
0.0002653534359164768 1 0 1 0 2 1 3 2 1 0 3 0
-0.0002650483570287967 1 0 1 0 2 1 3 3 0 1 2 0
0.0002650483570287967 1 0 1 0 2 1 3 3 0 2 1 0
0.0003772993747213137 1 0 1 0 2 2 1 0 1 0 2 2
-0.0003466709400819509 1 0 1 0 2 2 1 0 2 0 1 2
-3.0628434639362775e-05 1 0 1 0 2 2 1 0 2 0 2 1
3.189678990894765e-05 1 0 1 0 2 2 1 1 0 1 0 1
0.0003785677299908986 1 0 1 0 2 2 1 1 0 2 0 2
-0.0003466709400819509 1 0 1 0 2 2 1 2 0 1 0 2
-3.0628434639362775e-05 1 0 1 0 2 2 2 0 1 0 1 2
-0.0003466709400819509 1 0 1 0 2 2 2 0 1 0 2 1
0.0003772993747213137 1 0 1 0 2 2 2 0 2 0 1 1
-0.0003466709400819509 1 0 1 0 2 2 2 1 0 2 0 1
0.0003785677299908986 1 0 1 0 2 2 2 2 0 1 0 1
3.189678990894765e-05 1 0 1 0 2 2 2 2 0 2 0 2
0.00026625626370782053 1 0 1 0 3 0 1 1 0 1 1 3
-1.073968763583855e-06 1 0 1 0 3 0 1 1 0 2 2 3
0.00027420638198738474 1 0 1 0 3 0 1 1 3 1 1 0
-2.7685769594171065e-07 1 0 1 0 3 0 1 1 3 2 2 0
0.0002673302324714045 1 0 1 0 3 0 1 2 0 1 2 3
0.0002744832396833265 1 0 1 0 3 0 1 2 3 1 2 0
0.0002673302324714045 1 0 1 0 3 0 2 1 0 2 1 3
0.0002744832396833265 1 0 1 0 3 0 2 1 3 2 1 0
-1.073968763583855e-06 1 0 1 0 3 0 2 2 0 1 1 3
0.00026625626370782053 1 0 1 0 3 0 2 2 0 2 2 3
-2.7685769594171065e-07 1 0 1 0 3 0 2 2 3 1 1 0
0.00027420638198738474 1 0 1 0 3 0 2 2 3 2 2 0
0.0005678148776655326 1 0 1 0 3 0 3 3 0 1 3 1
0.0005678148776655326 1 0 1 0 3 0 3 3 0 2 3 2
0.0005931944114384716 1 0 1 0 3 3 0 3 0 1 3 1
0.0005931944114384716 1 0 1 0 3 3 0 3 0 2 3 2
0.0002881142043386555 1 0 1 0 3 3 1 1 0 1 1 0
0.0002881142043386555 1 0 1 0 3 3 1 2 0 1 2 0
0.0002881142043386555 1 0 1 0 3 3 2 1 0 2 1 0
0.0002881142043386555 1 0 1 0 3 3 2 2 0 2 2 0
0.0006522599570825309 1 0 1 0 3 3 3 0 0 1 3 1
0.0006522599570825309 1 0 1 0 3 3 3 0 0 2 3 2
0.0006845140027738145 1 0 1 0 3 3 3 3 0 1 0 1
0.00521837257423801 1 0 1 0 3 3 3 3 0 1 3 1
0.0006845140027738145 1 0 1 0 3 3 3 3 0 2 0 2
0.00521837257423801 1 0 1 0 3 3 3 3 0 2 3 2
0.0005889381044151517 1 0 1 0 3 3 3 3 3 1 3 1
0.0005889381044151517 1 0 1 0 3 3 3 3 3 2 3 2
0.002218037691993282 1 0 1 1 0 1 3 3 0 3 3 0
0.0002881142043386555 1 0 1 1 1 0 1 1 0 3 0 3
0.0002966151599740398 1 0 1 1 1 0 1 1 0 3 3 0
-3.176091029069401e-05 1 0 1 1 1 0 1 1 3 3 0 0
0.0002881142043386555 1 0 1 1 1 0 2 2 0 3 0 3
0.0002966151599740398 1 0 1 1 1 0 2 2 0 3 3 0
-3.176091029069401e-05 1 0 1 1 1 0 2 2 3 3 0 0
0.00026625626370782053 1 0 1 1 1 3 1 1 0 3 0 0
0.00026625626370782053 1 0 1 1 1 3 2 2 0 3 0 0
-0.0002741301971131988 1 0 1 1 1 3 3 3 0 3 1 1
-0.0002741301971131988 1 0 1 1 1 3 3 3 0 3 2 2
-0.004951649620316854 1 0 1 1 3 1 0 3 0 3 3 0
-0.0054446952070967124 1 0 1 1 3 1 3 0 0 3 3 0
-0.004918788567831747 1 0 1 1 3 1 3 3 0 0 3 0
-0.0054488852818893405 1 0 1 1 3 1 3 3 0 3 0 0
-0.043560006766142134 1 0 1 1 3 1 3 3 0 3 3 0
-0.005003452297799334 1 0 1 1 3 1 3 3 0 3 3 3
-0.00491612038968087 1 0 1 1 3 1 3 3 3 3 3 0
0.008378527291692181 1 0 1 1 3 2 1 1 0 3 1 2
8.964880514528839e-06 1 0 1 1 3 2 1 1 0 3 2 1
0.00838749217220671 1 0 1 1 3 2 1 2 0 3 2 2
-0.00838749217220671 1 0 1 1 3 2 2 1 0 3 1 1
-8.964880514528839e-06 1 0 1 1 3 2 2 2 0 3 1 2
-0.008378527291692181 1 0 1 1 3 2 2 2 0 3 2 1
0.009150248541221907 1 0 1 2 0 2 1 0 1 2 0 2
-0.00908083405237061 1 0 1 2 0 2 1 0 2 1 0 2
-6.941448885129273e-05 1 0 1 2 0 2 1 0 2 2 0 1
-6.941448885129273e-05 1 0 1 2 0 2 2 0 1 1 0 2
-0.00908083405237061 1 0 1 2 0 2 2 0 1 2 0 1
0.009150248541221907 1 0 1 2 0 2 2 0 2 1 0 1
9.569243712526903e-06 1 0 1 2 0 2 3 3 0 3 3 0
0.0003881803128453743 1 0 1 2 2 0 1 0 1 2 2 0
-0.00035765859522159603 1 0 1 2 2 0 1 0 2 1 2 0
-3.052171762377821e-05 1 0 1 2 2 0 1 0 2 2 1 0
3.052171762377821e-05 1 0 1 2 2 0 1 1 0 0 0 0
-3.176091029069401e-05 1 0 1 2 2 0 1 1 3 3 0 0
-3.052171762377821e-05 1 0 1 2 2 0 2 0 1 1 2 0
-0.00035765859522159603 1 0 1 2 2 0 2 0 1 2 1 0
0.0003881803128453743 1 0 1 2 2 0 2 0 2 1 1 0
3.052171762377821e-05 1 0 1 2 2 0 2 2 0 0 0 0
-3.176091029069401e-05 1 0 1 2 2 0 2 2 3 3 0 0
-1.073968763583855e-06 1 0 1 2 2 3 1 1 0 3 0 0
-1.073968763583855e-06 1 0 1 2 2 3 2 2 0 3 0 0
2.7678077443251797e-07 1 0 1 2 2 3 3 3 0 3 1 1
2.7678077443251797e-07 1 0 1 2 2 3 3 3 0 3 2 2
8.964880514528839e-06 1 0 1 2 3 1 1 1 0 3 1 2
3.616065781059308e-08 1 0 1 2 3 1 1 1 0 3 2 1
9.001041172339435e-06 1 0 1 2 3 1 1 2 0 3 2 2
-9.001041172339435e-06 1 0 1 2 3 1 2 1 0 3 1 1
-3.616065781059308e-08 1 0 1 2 3 1 2 2 0 3 1 2
-8.964880514528839e-06 1 0 1 2 3 1 2 2 0 3 2 1
1.997292738347683e-05 1 0 1 2 3 2 0 3 0 3 3 0
2.196167142972211e-05 1 0 1 2 3 2 3 0 0 3 3 0
1.984037935093093e-05 1 0 1 2 3 2 3 3 0 0 3 0
2.1978572476036274e-05 1 0 1 2 3 2 3 3 0 3 0 0
0.0001757032340079515 1 0 1 2 3 2 3 3 0 3 3 0
2.018187817663918e-05 1 0 1 2 3 2 3 3 0 3 3 3
1.9829617012611396e-05 1 0 1 2 3 2 3 3 3 3 3 0
0.0002966151599740398 1 0 1 3 3 0 1 1 0 1 1 0
0.0002966151599740398 1 0 1 3 3 0 1 2 0 1 2 0
0.0002966151599740398 1 0 1 3 3 0 2 1 0 2 1 0
0.0002966151599740398 1 0 1 3 3 0 2 2 0 2 2 0
0.0005577824399002406 1 0 1 3 3 3 3 3 0 1 3 1
0.0005577824399002406 1 0 1 3 3 3 3 3 0 2 3 2
40.63320067511378 1 0 2 0 0 0 1 0 2 0 0 0
-0.0052191885138113256 1 0 2 0 0 0 1 0 2 0 0 3
-0.0052049803957917974 1 0 2 0 0 0 1 0 2 0 3 0
-0.0005669024219329087 1 0 2 0 0 0 1 0 2 0 3 3
-0.005204980395791797 1 0 2 0 0 0 1 0 2 3 0 0
-0.0008320847168771454 1 0 2 0 0 0 1 0 2 3 0 3
-0.0005578936389029342 1 0 2 0 0 0 1 0 2 3 3 0
-0.0052198228378799215 1 0 2 0 0 0 1 3 2 0 0 0
-0.0005679726818967754 1 0 2 0 0 0 1 3 2 0 0 3
-0.00028400793167581394 1 0 2 0 0 0 1 3 2 0 3 0
-0.0005579374559672571 1 0 2 0 0 0 1 3 2 3 0 0
-40.63320067511378 1 0 2 0 0 0 2 0 1 0 0 0
0.0052191885138113256 1 0 2 0 0 0 2 0 1 0 0 3
0.0052049803957917974 1 0 2 0 0 0 2 0 1 0 3 0
0.0005669024219329087 1 0 2 0 0 0 2 0 1 0 3 3
0.005204980395791797 1 0 2 0 0 0 2 0 1 3 0 0
0.0008320847168771454 1 0 2 0 0 0 2 0 1 3 0 3
0.0005578936389029342 1 0 2 0 0 0 2 0 1 3 3 0
0.0052198228378799215 1 0 2 0 0 0 2 3 1 0 0 0
0.0005679726818967754 1 0 2 0 0 0 2 3 1 0 0 3
0.00028400793167581394 1 0 2 0 0 0 2 3 1 0 3 0
0.0005579374559672571 1 0 2 0 0 0 2 3 1 3 0 0
-0.005219188513811325 1 0 2 0 0 3 1 0 2 0 0 0
-0.0010233710874120582 1 0 2 0 0 3 1 0 2 0 0 3
-0.0005996672701734823 1 0 2 0 0 3 1 0 2 0 3 0
-0.000887781474512138 1 0 2 0 0 3 1 0 2 3 0 0
-0.0005995668162429165 1 0 2 0 0 3 1 3 2 0 0 0
0.005219188513811325 1 0 2 0 0 3 2 0 1 0 0 0
0.0010233710874120582 1 0 2 0 0 3 2 0 1 0 0 3
0.0005996672701734823 1 0 2 0 0 3 2 0 1 0 3 0
0.000887781474512138 1 0 2 0 0 3 2 0 1 3 0 0
0.0005995668162429165 1 0 2 0 0 3 2 3 1 0 0 0
-3.1660926333689644e-05 1 0 2 0 0 3 3 1 2 0 1 1
-3.1660926333689644e-05 1 0 2 0 0 3 3 1 2 0 2 2
3.1660926333689644e-05 1 0 2 0 0 3 3 2 1 0 1 1
3.1660926333689644e-05 1 0 2 0 0 3 3 2 1 0 2 2
0.00026428740870792133 1 0 2 0 1 1 3 1 2 0 3 0
-0.00026428740870792133 1 0 2 0 1 1 3 2 1 0 3 0
0.0002661174535913495 1 0 2 0 1 1 3 3 0 1 2 0
-0.0002661174535913495 1 0 2 0 1 1 3 3 0 2 1 0
-0.0003466709400819509 1 0 2 0 1 2 1 0 1 0 2 2
0.00037943578832252457 1 0 2 0 1 2 1 0 2 0 1 2
-3.276484824057368e-05 1 0 2 0 1 2 1 0 2 0 2 1
2.978501303959052e-05 1 0 2 0 1 2 1 1 0 1 0 1
-0.0003466709400819509 1 0 2 0 1 2 1 1 0 2 0 2
0.0003764559531215414 1 0 2 0 1 2 1 2 0 1 0 2
-3.276484824057368e-05 1 0 2 0 1 2 2 0 1 0 1 2
0.00037943578832252457 1 0 2 0 1 2 2 0 1 0 2 1
-0.0003466709400819509 1 0 2 0 1 2 2 0 2 0 1 1
0.0003764559531215414 1 0 2 0 1 2 2 1 0 2 0 1
-0.0003466709400819509 1 0 2 0 1 2 2 2 0 1 0 1
2.978501303959052e-05 1 0 2 0 1 2 2 2 0 2 0 2
-3.0628434639362775e-05 1 0 2 0 2 1 1 0 1 0 2 2
-3.276484824057368e-05 1 0 2 0 2 1 1 0 2 0 1 2
6.339328287993646e-05 1 0 2 0 2 1 1 0 2 0 2 1
6.339328287993646e-05 1 0 2 0 2 1 2 0 1 0 1 2
-3.276484824057368e-05 1 0 2 0 2 1 2 0 1 0 2 1
-3.0628434639362775e-05 1 0 2 0 2 1 2 0 2 0 1 1
-1.0660272085553583e-06 1 0 2 0 2 2 3 1 2 0 3 0
1.0660272085553583e-06 1 0 2 0 2 2 3 2 1 0 3 0
-0.005204980395791796 1 0 2 0 3 0 1 0 2 0 0 0
-0.0005996672701734823 1 0 2 0 3 0 1 0 2 0 0 3
-0.0006839747042611303 1 0 2 0 3 0 1 0 2 0 3 0
-0.0005897467548144069 1 0 2 0 3 0 1 0 2 3 0 0
-0.0006529433291433973 1 0 2 0 3 0 1 3 2 0 0 0
0.005204980395791796 1 0 2 0 3 0 2 0 1 0 0 0
0.0005996672701734823 1 0 2 0 3 0 2 0 1 0 0 3
0.0006839747042611303 1 0 2 0 3 0 2 0 1 0 3 0
0.0005897467548144069 1 0 2 0 3 0 2 0 1 3 0 0
0.0006529433291433973 1 0 2 0 3 0 2 3 1 0 0 0
-0.0005669024219329087 1 0 2 0 3 3 1 0 2 0 0 0
0.0005669024219329087 1 0 2 0 3 3 2 0 1 0 0 0
-0.00908083405237061 1 0 2 1 0 2 1 0 1 2 0 2
0.009136530810005603 1 0 2 1 0 2 1 0 2 1 0 2
-5.5696757634992493e-05 1 0 2 1 0 2 1 0 2 2 0 1
-5.5696757634992493e-05 1 0 2 1 0 2 2 0 1 1 0 2
0.009136530810005603 1 0 2 1 0 2 2 0 1 2 0 1
-0.00908083405237061 1 0 2 1 0 2 2 0 2 1 0 1
-0.00035765859522159603 1 0 2 1 2 0 1 0 1 2 2 0
0.0003895117111330687 1 0 2 1 2 0 1 0 2 1 2 0
-3.185311591147266e-05 1 0 2 1 2 0 1 0 2 2 1 0
-3.185311591147266e-05 1 0 2 1 2 0 2 0 1 1 2 0
0.0003895117111330687 1 0 2 1 2 0 2 0 1 2 1 0
-0.00035765859522159603 1 0 2 1 2 0 2 0 2 1 1 0
-6.941448885129273e-05 1 0 2 2 0 1 1 0 1 2 0 2
-5.5696757634992493e-05 1 0 2 2 0 1 1 0 2 1 0 2
0.00012511124648628523 1 0 2 2 0 1 1 0 2 2 0 1
0.00012511124648628523 1 0 2 2 0 1 2 0 1 1 0 2
-5.5696757634992493e-05 1 0 2 2 0 1 2 0 1 2 0 1
-6.941448885129273e-05 1 0 2 2 0 1 2 0 2 1 0 1
0.0022084684482807536 1 0 2 2 0 1 3 3 0 3 3 0
-3.052171762377821e-05 1 0 2 2 1 0 1 0 1 2 2 0
-3.185311591147266e-05 1 0 2 2 1 0 1 0 2 1 2 0
6.237483353525088e-05 1 0 2 2 1 0 1 0 2 2 1 0
-3.052171762377821e-05 1 0 2 2 1 0 1 1 0 0 0 0
0.0002881142043386555 1 0 2 2 1 0 1 1 0 3 0 3
0.0002966151599740398 1 0 2 2 1 0 1 1 0 3 3 0
6.237483353525088e-05 1 0 2 2 1 0 2 0 1 1 2 0
-3.185311591147266e-05 1 0 2 2 1 0 2 0 1 2 1 0
-3.052171762377821e-05 1 0 2 2 1 0 2 0 2 1 1 0
-3.052171762377821e-05 1 0 2 2 1 0 2 2 0 0 0 0
0.0002881142043386555 1 0 2 2 1 0 2 2 0 3 0 3
0.0002966151599740398 1 0 2 2 1 0 2 2 0 3 3 0
0.0002673302324714045 1 0 2 2 1 3 1 1 0 3 0 0
0.0002673302324714045 1 0 2 2 1 3 2 2 0 3 0 0
-0.00027440697788763137 1 0 2 2 1 3 3 3 0 3 1 1
-0.00027440697788763137 1 0 2 2 1 3 3 3 0 3 2 2
-0.004971622547700332 1 0 2 2 3 1 0 3 0 3 3 0
-0.005466656878526437 1 0 2 2 3 1 3 0 0 3 3 0
-0.00493862894718268 1 0 2 2 3 1 3 3 0 0 3 0
-0.005470863854365379 1 0 2 2 3 1 3 3 0 3 0 0
-0.043735710000150106 1 0 2 2 3 1 3 3 0 3 3 0
-0.005023634175975975 1 0 2 2 3 1 3 3 0 3 3 3
-0.004935950006693483 1 0 2 2 3 1 3 3 3 3 3 0
0.00838749217220671 1 0 2 2 3 2 1 1 0 3 1 2
9.001041172339435e-06 1 0 2 2 3 2 1 1 0 3 2 1
0.008396493213379052 1 0 2 2 3 2 1 2 0 3 2 2
-0.008396493213379052 1 0 2 2 3 2 2 1 0 3 1 1
-9.001041172339435e-06 1 0 2 2 3 2 2 2 0 3 1 2
-0.00838749217220671 1 0 2 2 3 2 2 2 0 3 2 1
-0.005204980395791795 1 0 2 3 0 0 1 0 2 0 0 0
-0.000887781474512138 1 0 2 3 0 0 1 0 2 0 0 3
-0.0005897467548144069 1 0 2 3 0 0 1 0 2 0 3 0
-0.001011111581858948 1 0 2 3 0 0 1 0 2 3 0 0
-0.0005894215085620094 1 0 2 3 0 0 1 3 2 0 0 0
0.005204980395791795 1 0 2 3 0 0 2 0 1 0 0 0
0.000887781474512138 1 0 2 3 0 0 2 0 1 0 0 3
0.0005897467548144069 1 0 2 3 0 0 2 0 1 0 3 0
0.001011111581858948 1 0 2 3 0 0 2 0 1 3 0 0
0.0005894215085620094 1 0 2 3 0 0 2 3 1 0 0 0
-0.0008320847168771454 1 0 2 3 0 3 1 0 2 0 0 0
0.0008320847168771454 1 0 2 3 0 3 2 0 1 0 0 0
-0.0005578936389029342 1 0 2 3 3 0 1 0 2 0 0 0
0.0005578936389029342 1 0 2 3 3 0 2 0 1 0 0 0
-0.005209110159054412 1 0 3 0 0 1 3 1 0 0 1 0
-0.005209110159054412 1 0 3 0 0 1 3 2 0 0 2 0
0.002462954751299291 1 0 3 0 0 1 3 3 1 1 3 0
0.002462954751299291 1 0 3 0 0 1 3 3 2 2 3 0
-0.05747547539577803 1 0 3 0 0 2 1 0 0 0 0 2
-0.006490120922735708 1 0 3 0 0 2 1 0 0 0 3 2
-0.007220382584875044 1 0 3 0 0 2 1 0 0 3 0 2
-0.0072156252822988985 1 0 3 0 0 2 1 0 3 0 0 2
-0.006486600381325199 1 0 3 0 0 2 1 3 0 0 0 2
0.05747547539577803 1 0 3 0 0 2 2 0 0 0 0 1
0.006490120922735708 1 0 3 0 0 2 2 0 0 0 3 1
0.007220382584875044 1 0 3 0 0 2 2 0 0 3 0 1
0.0072156252822988985 1 0 3 0 0 2 2 0 3 0 0 1
0.006486600381325199 1 0 3 0 0 2 2 3 0 0 0 1
0.000258329191299065 1 0 3 0 1 0 1 1 1 1 0 3
0.0002658250470287865 1 0 3 0 1 0 1 1 1 1 3 0
0.00025729138319329165 1 0 3 0 1 0 1 1 2 2 0 3
0.0002660934423502615 1 0 3 0 1 0 1 1 2 2 3 0
1.0378081057732618e-06 1 0 3 0 1 0 1 2 2 1 0 3
-2.6839532147494865e-07 1 0 3 0 1 0 1 2 2 1 3 0
1.0378081057732618e-06 1 0 3 0 1 0 2 1 1 2 0 3
-2.6839532147494865e-07 1 0 3 0 1 0 2 1 1 2 3 0
0.00025729138319329165 1 0 3 0 1 0 2 2 1 1 0 3
0.0002660934423502615 1 0 3 0 1 0 2 2 1 1 3 0
0.000258329191299065 1 0 3 0 1 0 2 2 2 2 0 3
0.0002658250470287865 1 0 3 0 1 0 2 2 2 2 3 0
0.00029815305361676825 1 0 3 0 1 3 1 1 1 1 0 0
0.00029815305361676825 1 0 3 0 1 3 1 1 2 2 0 0
0.00029815305361676825 1 0 3 0 1 3 2 2 1 1 0 0
0.00029815305361676825 1 0 3 0 1 3 2 2 2 2 0 0
-0.00030588228302520055 1 0 3 0 1 3 3 3 1 1 1 1
-0.00030588228302520055 1 0 3 0 1 3 3 3 1 1 2 2
-0.00030588228302520055 1 0 3 0 1 3 3 3 2 2 1 1
-0.00030588228302520055 1 0 3 0 1 3 3 3 2 2 2 2
-0.005060274824038194 1 0 3 0 2 0 1 0 0 0 2 0
-0.0005812405822560525 1 0 3 0 2 0 1 0 0 0 2 3
-0.0006329855998197055 1 0 3 0 2 0 1 0 0 3 2 0
-0.0006639829001947484 1 0 3 0 2 0 1 0 3 0 2 0
-0.0005710954172573507 1 0 3 0 2 0 1 3 0 0 2 0
0.005060274824038194 1 0 3 0 2 0 2 0 0 0 1 0
0.0005812405822560525 1 0 3 0 2 0 2 0 0 0 1 3
0.0006329855998197055 1 0 3 0 2 0 2 0 0 3 1 0
0.0006639829001947484 1 0 3 0 2 0 2 0 3 0 1 0
0.0005710954172573507 1 0 3 0 2 0 2 3 0 0 1 0
-0.0005506121476166897 1 0 3 0 2 3 1 0 0 0 2 0
0.0005506121476166897 1 0 3 0 2 3 2 0 0 0 1 0
-0.0005385135882774059 1 0 3 0 2 3 3 1 0 0 3 2
0.0005385135882774059 1 0 3 0 2 3 3 2 0 0 3 1
-0.005544844031755327 1 0 3 0 3 1 0 3 1 1 3 0
-0.005544844031755327 1 0 3 0 3 1 0 3 2 2 3 0
-0.006096955164179244 1 0 3 0 3 1 3 0 1 1 3 0
-0.006096955164179244 1 0 3 0 3 1 3 0 2 2 3 0
-0.006101647198751154 1 0 3 0 3 1 3 3 1 1 0 0
-0.04877837934038016 1 0 3 0 3 1 3 3 1 1 3 0
-0.005602852531768963 1 0 3 0 3 1 3 3 1 1 3 3
-0.006101647198751154 1 0 3 0 3 1 3 3 2 2 0 0
-0.04877837934038016 1 0 3 0 3 1 3 3 2 2 3 0
-0.005602852531768963 1 0 3 0 3 1 3 3 2 2 3 3
-0.006143449982653758 1 0 3 0 3 2 1 0 0 0 0 2
0.008006949930564363 1 0 3 0 3 2 1 1 1 1 1 2
1.0038849278112696e-05 1 0 3 0 3 2 1 1 1 1 2 1
-3.0484804150350463e-06 1 0 3 0 3 2 1 1 1 2 2 2
-1.0038849278112696e-05 1 0 3 0 3 2 1 1 2 1 1 1
0.007999959561701284 1 0 3 0 3 2 1 1 2 2 1 2
1.0038849278112696e-05 1 0 3 0 3 2 1 1 2 2 2 1
0.00802003726025751 1 0 3 0 3 2 1 2 1 1 2 2
-3.0484804150350463e-06 1 0 3 0 3 2 1 2 2 1 1 2
-1.0038849278112696e-05 1 0 3 0 3 2 1 2 2 1 2 1
0.008006949930564363 1 0 3 0 3 2 1 2 2 2 2 2
0.006143449982653758 1 0 3 0 3 2 2 0 0 0 0 1
-0.008006949930564363 1 0 3 0 3 2 2 1 1 1 1 1
1.0038849278112696e-05 1 0 3 0 3 2 2 1 1 2 1 2
3.0484804150350463e-06 1 0 3 0 3 2 2 1 1 2 2 1
-0.00802003726025751 1 0 3 0 3 2 2 1 2 2 1 1
-1.0038849278112696e-05 1 0 3 0 3 2 2 2 1 1 1 2
-0.007999959561701284 1 0 3 0 3 2 2 2 1 1 2 1
1.0038849278112696e-05 1 0 3 0 3 2 2 2 1 2 2 2
3.0484804150350463e-06 1 0 3 0 3 2 2 2 2 1 1 1
-1.0038849278112696e-05 1 0 3 0 3 2 2 2 2 2 1 2
-0.008006949930564363 1 0 3 0 3 2 2 2 2 2 2 1
-0.0002637977258386861 1 0 3 1 1 1 3 3 1 3 1 0
-0.0002637977258386861 1 0 3 1 1 1 3 3 2 3 2 0
-0.0003497194204969859 1 0 3 1 1 2 1 1 1 3 0 2
-3.0822821145363786e-05 1 0 3 1 1 2 1 1 2 3 0 1
-0.0003805422416423497 1 0 3 1 1 2 1 2 2 3 0 2
0.0003805422416423497 1 0 3 1 1 2 2 1 1 3 0 1
3.0822821145363786e-05 1 0 3 1 1 2 2 2 1 3 0 2
0.0003497194204969859 1 0 3 1 1 2 2 2 2 3 0 1
-0.005060274824038194 1 0 3 2 0 0 1 0 0 2 0 0
-0.0008793936358728208 1 0 3 2 0 0 1 0 0 2 0 3
-0.0005714053739291992 1 0 3 2 0 0 1 0 0 2 3 0
-0.0010014342450675796 1 0 3 2 0 0 1 0 3 2 0 0
-3.0790112945253154e-05 1 0 3 2 0 0 1 1 1 3 2 0
-3.0790112945253154e-05 1 0 3 2 0 0 1 2 2 3 2 0
-0.0005710954172573507 1 0 3 2 0 0 1 3 0 2 0 0
0.005060274824038194 1 0 3 2 0 0 2 0 0 1 0 0
0.0008793936358728208 1 0 3 2 0 0 2 0 0 1 0 3
0.0005714053739291992 1 0 3 2 0 0 2 0 0 1 3 0
0.0010014342450675796 1 0 3 2 0 0 2 0 3 1 0 0
3.0790112945253154e-05 1 0 3 2 0 0 2 1 1 3 1 0
3.0790112945253154e-05 1 0 3 2 0 0 2 2 2 3 1 0
0.0005710954172573507 1 0 3 2 0 0 2 3 0 1 0 0
-0.0008099791470215279 1 0 3 2 0 3 1 0 0 2 0 0
0.0008099791470215279 1 0 3 2 0 3 2 0 0 1 0 0
-0.0002743690990910074 1 0 3 2 0 3 3 3 1 3 3 2
0.0002743690990910074 1 0 3 2 0 3 3 3 2 3 3 1
-3.0822821145363786e-05 1 0 3 2 1 1 1 1 1 3 0 2
6.164564229072757e-05 1 0 3 2 1 1 1 1 2 3 0 1
3.0822821145363786e-05 1 0 3 2 1 1 1 2 2 3 0 2
-3.0822821145363786e-05 1 0 3 2 1 1 2 1 1 3 0 1
-6.164564229072757e-05 1 0 3 2 1 1 2 2 1 3 0 2
3.0822821145363786e-05 1 0 3 2 1 1 2 2 2 3 0 1
-1.059777320492591e-06 1 0 3 2 1 2 3 3 1 3 1 0
-1.059777320492591e-06 1 0 3 2 1 2 3 3 2 3 2 0
-0.00026273794851819343 1 0 3 2 2 1 3 3 1 3 1 0
-0.00026273794851819343 1 0 3 2 2 1 3 3 2 3 2 0
-0.0003805422416423497 1 0 3 2 2 2 1 1 1 3 0 2
3.0822821145363786e-05 1 0 3 2 2 2 1 1 2 3 0 1
-0.0003497194204969859 1 0 3 2 2 2 1 2 2 3 0 2
0.0003497194204969859 1 0 3 2 2 2 2 1 1 3 0 1
-3.0822821145363786e-05 1 0 3 2 2 2 2 2 1 3 0 2
0.0003805422416423497 1 0 3 2 2 2 2 2 2 3 0 1
-0.0005408836563054211 1 0 3 2 3 0 1 0 0 2 0 0
-2.6839532147494865e-07 1 0 3 2 3 0 1 1 1 0 2 0
1.0378081057732618e-06 1 0 3 2 3 0 1 1 1 3 2 3
0.0002660934423502615 1 0 3 2 3 0 1 1 2 0 1 0
0.00025729138319329165 1 0 3 2 3 0 1 1 2 3 1 3
0.0002658250470287865 1 0 3 2 3 0 1 2 2 0 2 0
0.000258329191299065 1 0 3 2 3 0 1 2 2 3 2 3
0.0005408836563054211 1 0 3 2 3 0 2 0 0 1 0 0
-0.0002658250470287865 1 0 3 2 3 0 2 1 1 0 1 0
-0.000258329191299065 1 0 3 2 3 0 2 1 1 3 1 3
-0.0002660934423502615 1 0 3 2 3 0 2 2 1 0 2 0
-0.00025729138319329165 1 0 3 2 3 0 2 2 1 3 2 3
2.6839532147494865e-07 1 0 3 2 3 0 2 2 2 0 1 0
-1.0378081057732618e-06 1 0 3 2 3 0 2 2 2 3 1 3
-0.0005486964822454372 1 0 3 2 3 0 3 3 1 3 3 2
0.0005486964822454372 1 0 3 2 3 0 3 3 2 3 3 1
-0.0005732214840549946 1 0 3 2 3 3 0 3 1 3 3 2
0.0005732214840549946 1 0 3 2 3 3 0 3 2 3 3 1
0.00029815305361676825 1 0 3 2 3 3 1 1 2 3 1 0
0.00029815305361676825 1 0 3 2 3 3 1 2 2 3 2 0
-0.00029815305361676825 1 0 3 2 3 3 2 1 1 3 1 0
-0.00029815305361676825 1 0 3 2 3 3 2 2 1 3 2 0
-0.0006302982856528086 1 0 3 2 3 3 3 0 1 3 3 2
0.0006302982856528086 1 0 3 2 3 3 3 0 2 3 3 1
-0.0005694173656868787 1 0 3 2 3 3 3 3 1 0 3 2
-0.0006622586495233456 1 0 3 2 3 3 3 3 1 3 0 2
-0.005042669340230057 1 0 3 2 3 3 3 3 1 3 3 2
0.0005694173656868787 1 0 3 2 3 3 3 3 2 0 3 1
0.0006622586495233456 1 0 3 2 3 3 3 3 2 3 0 1
0.005042669340230057 1 0 3 2 3 3 3 3 2 3 3 1
0.0018604514674955685 1 0 3 3 0 2 1 0 0 0 0 2
-0.0018604514674955685 1 0 3 3 0 2 2 0 0 0 0 1
-3.0790112945253154e-05 1 0 3 3 1 0 1 1 1 1 0 0
-3.0790112945253154e-05 1 0 3 3 1 0 1 2 2 1 0 0
-3.0790112945253154e-05 1 0 3 3 1 0 2 1 1 2 0 0
-3.0790112945253154e-05 1 0 3 3 1 0 2 2 2 2 0 0
-0.0002753270045981094 1 0 3 3 2 0 1 0 0 0 2 0
0.0002753270045981094 1 0 3 3 2 0 2 0 0 0 1 0
-0.0052138330592137955 1 0 3 3 3 1 3 3 1 1 3 0
-0.0052138330592137955 1 0 3 3 3 1 3 3 2 2 3 0
0.0010074220717757709 1 1 0 0 0 0 0 0 0 0 1 1
0.0010074220717757709 1 1 0 0 0 0 0 0 0 0 2 2
0.0003206646066428564 1 1 0 0 0 0 1 1 0 0 0 0
0.0003206646066428564 1 1 0 0 0 0 2 2 0 0 0 0
0.005217738426408561 1 1 0 0 0 0 3 0 0 0 1 1
0.005217738426408561 1 1 0 0 0 0 3 0 0 0 2 2
0.0005995006599903039 1 1 0 0 0 0 3 0 0 3 1 1
0.0005995006599903039 1 1 0 0 0 0 3 0 0 3 2 2
0.0005994002339696285 1 1 0 0 0 0 3 0 3 0 1 1
0.0005994002339696285 1 1 0 0 0 0 3 0 3 0 2 2
0.000894642183348305 1 1 0 0 0 0 3 3 0 0 1 1
0.000894642183348305 1 1 0 0 0 0 3 3 0 0 2 2
0.005325837597661619 1 1 0 0 0 3 0 0 0 0 1 1
0.005325837597661619 1 1 0 0 0 3 0 0 0 0 2 2
0.0005623824433606605 1 1 0 0 0 3 0 0 0 3 1 1
0.0005623824433606605 1 1 0 0 0 3 0 0 0 3 2 2
0.0005612887569354305 1 1 0 0 0 3 0 0 3 0 1 1
0.0005612887569354305 1 1 0 0 0 3 0 0 3 0 2 2
0.0008265447499982597 1 1 0 0 0 3 0 3 0 0 1 1
0.0008265447499982599 1 1 0 0 0 3 0 3 0 0 2 2
-40.62192405790635 1 1 0 0 0 3 3 0 0 0 1 1
-40.62192405790635 1 1 0 0 0 3 3 0 0 0 2 2
0.005203534255940055 1 1 0 0 0 3 3 0 0 3 1 1
0.005203534255940055 1 1 0 0 0 3 3 0 0 3 2 2
0.005218372574238005 1 1 0 0 0 3 3 0 3 0 1 1
0.005218372574238005 1 1 0 0 0 3 3 0 3 0 2 2
0.00028392902356147426 1 1 0 0 0 3 3 0 3 3 1 1
0.00028392902356147426 1 1 0 0 0 3 3 0 3 3 2 2
0.0052183725742380085 1 1 0 0 0 3 3 3 0 0 1 1
0.0052183725742380085 1 1 0 0 0 3 3 3 0 0 2 2
0.0005577824399002406 1 1 0 0 0 3 3 3 0 3 1 1
0.0005577824399002406 1 1 0 0 0 3 3 3 0 3 2 2
0.000557277178081462 1 1 0 0 0 3 3 3 3 0 1 1
0.000557277178081462 1 1 0 0 0 3 3 3 3 0 2 2
-0.004694448832359779 1 1 0 0 1 1 0 0 0 0 0 0
-0.044457063670542946 1 1 0 0 1 1 0 0 0 0 3 0
0.003924751316307236 1 1 0 0 1 1 0 0 0 0 3 3
-0.004694448832359779 1 1 0 0 1 1 0 0 0 3 3 0
-0.004685319360018488 1 1 0 0 1 1 0 0 3 0 3 0
-0.00474913066902457 1 1 0 0 1 1 0 3 0 0 3 0
-0.04343614492295984 1 1 0 0 1 1 3 0 0 0 0 0
-0.004796375755201667 1 1 0 0 1 1 3 0 0 0 0 3
339.056173426278 1 1 0 0 1 1 3 0 0 0 3 0
-0.04355471326067687 1 1 0 0 1 1 3 0 0 0 3 3
-0.004655684960999535 1 1 0 0 1 1 3 0 0 3 0 0
-0.043436144922959836 1 1 0 0 1 1 3 0 0 3 3 0
-0.004730864265341554 1 1 0 0 1 1 3 0 0 3 3 3
-0.0046560506193135546 1 1 0 0 1 1 3 0 3 0 0 0
-0.04356000676614209 1 1 0 0 1 1 3 0 3 0 3 0
-0.004739795704724753 1 1 0 0 1 1 3 0 3 0 3 3
0.0033483492475465827 1 1 0 0 1 1 3 0 3 3 3 0
0.0045252022621696305 1 1 0 0 1 1 3 3 0 0 0 0
-0.04356000676614212 1 1 0 0 1 1 3 3 0 0 3 0
-0.004739795704724753 1 1 0 0 1 1 3 3 0 0 3 3
-0.0046560506193135546 1 1 0 0 1 1 3 3 0 3 3 0
-0.0046518329809729485 1 1 0 0 1 1 3 3 3 0 3 0
7.871348775881027e-05 1 1 0 0 2 2 0 0 0 0 0 0
0.0001793215943089167 1 1 0 0 2 2 0 0 0 0 3 0
1.0660782788973007e-05 1 1 0 0 2 2 0 0 0 0 3 3
1.8935484701797153e-05 1 1 0 0 2 2 0 0 0 3 3 0
1.8898660147940616e-05 1 1 0 0 2 2 0 0 3 0 3 0
-4.491264885814146e-05 1 1 0 0 2 2 0 3 0 0 3 0
0.009150248541221907 1 1 0 0 2 2 1 1 0 0 2 2
-0.00908083405237061 1 1 0 0 2 2 1 2 0 0 1 2
-6.941448885129272e-05 1 1 0 0 2 2 1 2 0 0 2 1
-6.941448885129272e-05 1 1 0 0 2 2 2 1 0 0 1 2
-0.00908083405237061 1 1 0 0 2 2 2 1 0 0 2 1
0.009150248541221907 1 1 0 0 2 2 2 2 0 0 1 1
0.0001752036260410806 1 1 0 0 2 2 3 0 0 0 0 0
-4.642912020999575e-05 1 1 0 0 2 2 3 0 0 0 0 3
-1.367736615142619 1 1 0 0 2 2 3 0 0 0 3 0
0.00017568188217404387 1 1 0 0 2 2 3 0 0 0 3 3
1.877912711449859e-05 1 1 0 0 2 2 3 0 0 3 0 0
0.00017520362604108057 1 1 0 0 2 2 3 0 0 3 3 0
1.9082369650117934e-05 1 1 0 0 2 2 3 0 0 3 3 3
1.8780602030438342e-05 1 1 0 0 2 2 3 0 3 0 0 0
0.00017570323400795132 1 1 0 0 2 2 3 0 3 0 3 0
1.9118395420095405e-05 1 1 0 0 2 2 3 0 3 0 3 3
9.55992447046682e-06 1 1 0 0 2 2 3 0 3 3 3 0
9.55992447046682e-06 1 1 0 0 2 2 3 3 0 0 0 0
0.00017570323400795143 1 1 0 0 2 2 3 3 0 0 3 0
8.016214251519945e-05 1 1 0 0 2 2 3 3 0 0 3 3
1.8780602030438342e-05 1 1 0 0 2 2 3 3 0 3 3 0
1.8763589804056038e-05 1 1 0 0 2 2 3 3 3 0 3 0
0.0008390683569475409 1 1 0 0 3 0 3 0 0 0 1 1
0.0008390683569475409 1 1 0 0 3 0 3 0 0 0 2 2
0.0008824329744622659 1 1 0 0 3 3 0 0 0 0 1 1
0.0008824329744622659 1 1 0 0 3 3 0 0 0 0 2 2
0.005203534255940054 1 1 0 0 3 3 3 0 0 0 1 1
0.005203534255940054 1 1 0 0 3 3 3 0 0 0 2 2
0.0005895829009245321 1 1 0 0 3 3 3 0 0 3 1 1
0.0005895829009245321 1 1 0 0 3 3 3 0 0 3 2 2
0.0005892577450378097 1 1 0 0 3 3 3 0 3 0 1 1
0.0005892577450378097 1 1 0 0 3 3 3 0 3 0 2 2
3.1660926333689644e-05 1 1 0 0 3 3 3 1 1 1 3 1
3.1660926333689644e-05 1 1 0 0 3 3 3 1 1 2 3 2
3.1660926333689644e-05 1 1 0 0 3 3 3 2 2 1 3 1
3.1660926333689644e-05 1 1 0 0 3 3 3 2 2 2 3 2
0.001009176162156582 1 1 0 0 3 3 3 3 0 0 1 1
0.001009176162156582 1 1 0 0 3 3 3 3 0 0 2 2
-3.275574493005684e-05 1 1 0 1 0 1 3 0 0 1 1 3
-3.275574493005684e-05 1 1 0 1 0 1 3 0 0 2 2 3
0.0002942132536557626 1 1 0 1 0 1 3 0 3 1 1 0
0.0002942132536557626 1 1 0 1 0 1 3 0 3 2 2 0
0.0002942132536557626 1 1 0 1 0 1 3 3 0 1 1 0
0.0002942132536557626 1 1 0 1 0 1 3 3 0 2 2 0
-1.1028898827506465e-06 1 1 0 1 2 0 3 0 0 1 3 2
1.1028898827506465e-06 1 1 0 1 2 0 3 0 0 2 3 1
-3.184426591458142e-05 1 1 0 1 2 3 3 0 0 1 0 2
3.184426591458142e-05 1 1 0 1 2 3 3 0 0 2 0 1
3.0415527817076513e-05 1 1 0 1 2 3 3 3 0 1 3 2
-3.0415527817076513e-05 1 1 0 1 2 3 3 3 0 2 3 1
0.00026581782327118463 1 1 0 1 3 1 3 0 0 1 1 0
0.00026581782327118463 1 1 0 1 3 1 3 0 0 2 2 0
-0.00026428740870792133 1 1 0 1 3 1 3 1 1 3 3 0
-0.00026428740870792133 1 1 0 1 3 1 3 2 2 3 3 0
2.988900152850656e-05 1 1 0 2 0 2 0 0 0 1 1 0
2.988900152850656e-05 1 1 0 2 0 2 0 0 0 2 2 0
0.0003772993747213137 1 1 0 2 0 2 1 1 0 2 0 2
-0.0003466709400819509 1 1 0 2 0 2 1 2 0 1 0 2
-3.0628434639362775e-05 1 1 0 2 0 2 1 2 0 2 0 1
-3.0628434639362775e-05 1 1 0 2 0 2 2 1 0 1 0 2
-0.0003466709400819509 1 1 0 2 0 2 2 1 0 2 0 1
0.0003772993747213137 1 1 0 2 0 2 2 2 0 1 0 1
-3.275574493005684e-05 1 1 0 2 0 2 3 0 0 1 1 3
-3.275574493005684e-05 1 1 0 2 0 2 3 0 0 2 2 3
0.0002744832396833265 1 1 0 2 1 0 1 3 2 3 0 0
-0.0002744832396833265 1 1 0 2 1 0 2 3 1 3 0 0
-0.0002734263317700443 1 1 0 2 1 0 3 0 0 1 3 2
0.0002734263317700443 1 1 0 2 1 0 3 0 0 2 3 1
-0.0002891200981653461 1 1 0 2 1 3 0 0 0 1 3 2
0.0002891200981653461 1 1 0 2 1 3 0 0 0 2 3 1
3.184426591458142e-05 1 1 0 2 1 3 3 0 0 1 0 2
-3.184426591458142e-05 1 1 0 2 1 3 3 0 0 2 0 1
-0.0002955831896606162 1 1 0 2 1 3 3 0 3 1 3 2
0.0002955831896606162 1 1 0 2 1 3 3 0 3 2 3 1
0.00038818031284537424 1 1 0 2 2 0 1 1 0 2 2 0
-3.052171762377821e-05 1 1 0 2 2 0 1 2 0 1 2 0
-0.00035765859522159603 1 1 0 2 2 0 1 2 0 2 1 0
-0.00035765859522159603 1 1 0 2 2 0 2 1 0 1 2 0
-3.052171762377821e-05 1 1 0 2 2 0 2 1 0 2 1 0
0.00038818031284537424 1 1 0 2 2 0 2 2 0 1 1 0
-1.072200274358168e-06 1 1 0 2 3 2 3 0 0 1 1 0
-1.072200274358168e-06 1 1 0 2 3 2 3 0 0 2 2 0
1.0660272085553583e-06 1 1 0 2 3 2 3 1 1 3 3 0
1.0660272085553583e-06 1 1 0 2 3 2 3 2 2 3 3 0
0.0005667449150602472 1 1 0 3 0 0 3 0 0 0 1 1
0.0005667449150602472 1 1 0 3 0 0 3 0 0 0 2 2
0.0005933128762969198 1 1 0 3 0 3 0 0 0 0 1 1
0.0005933128762969198 1 1 0 3 0 3 0 0 0 0 2 2
0.005203534255940053 1 1 0 3 0 3 3 0 0 0 1 1
0.005203534255940053 1 1 0 3 0 3 3 0 0 0 2 2
0.0006532714327536948 1 1 0 3 0 3 3 0 0 3 1 1
0.0006532714327536948 1 1 0 3 0 3 3 0 0 3 2 2
0.0006831774446788894 1 1 0 3 0 3 3 0 3 0 1 1
0.0006831774446788894 1 1 0 3 0 3 3 0 3 0 2 2
0.0005892577450378097 1 1 0 3 0 3 3 3 0 0 1 1
0.0005892577450378097 1 1 0 3 0 3 3 3 0 0 2 2
-0.004952638497588866 1 1 0 3 1 1 0 0 0 0 3 0
-0.004921502784270719 1 1 0 3 1 1 3 0 0 0 0 0
-0.04343614492295982 1 1 0 3 1 1 3 0 0 0 3 0
-0.005004290597111598 1 1 0 3 1 1 3 0 0 0 3 3
-0.005453138430813087 1 1 0 3 1 1 3 0 0 3 3 0
-0.0054488852818893405 1 1 0 3 1 1 3 0 3 0 3 0
-0.004918788567831747 1 1 0 3 1 1 3 3 0 0 3 0
1.997691610954986e-05 1 1 0 3 2 2 0 0 0 0 3 0
1.9851327388856758e-05 1 1 0 3 2 2 3 0 0 0 0 0
0.00017520362604108052 1 1 0 3 2 2 3 0 0 0 3 0
2.018525953286858e-05 1 1 0 3 2 2 3 0 0 0 3 3
2.1995727937573086e-05 1 1 0 3 2 2 3 0 0 3 3 0
2.1978572476036274e-05 1 1 0 3 2 2 3 0 3 0 3 0
1.984037935093093e-05 1 1 0 3 2 2 3 3 0 0 3 0
0.0005577386350099507 1 1 0 3 3 3 3 0 0 0 1 1
0.0005577386350099507 1 1 0 3 3 3 3 0 0 0 2 2
-3.1585356304095796e-05 1 1 1 0 0 1 3 0 1 0 1 3
0.0002968004429407984 1 1 1 0 0 1 3 0 1 3 1 0
-3.1585356304095796e-05 1 1 1 0 0 1 3 0 2 0 2 3
0.0002968004429407984 1 1 1 0 0 1 3 0 2 3 2 0
0.000295948335041611 1 1 1 0 0 1 3 3 1 0 1 0
0.000295948335041611 1 1 1 0 0 1 3 3 2 0 2 0
-1.059777320492591e-06 1 1 1 0 0 2 3 1 0 2 3 0
1.059777320492591e-06 1 1 1 0 0 2 3 2 0 1 3 0
0.00029815305361676825 1 1 1 0 1 0 1 3 0 1 0 3
-3.0790112945253154e-05 1 1 1 0 1 0 1 3 0 1 3 0
0.0003059672922780789 1 1 1 0 1 0 1 3 3 1 0 0
0.00029815305361676825 1 1 1 0 1 0 2 3 0 2 0 3
-3.0790112945253154e-05 1 1 1 0 1 0 2 3 0 2 3 0
0.0003059672922780789 1 1 1 0 1 0 2 3 3 2 0 0
0.000258329191299065 1 1 1 0 1 3 1 3 0 1 0 0
0.000258329191299065 1 1 1 0 1 3 2 3 0 2 0 0
-1.0634827565437742e-06 1 1 1 0 2 0 3 0 1 0 3 2
1.0634827565437742e-06 1 1 1 0 2 0 3 0 2 0 3 1
-3.147530513756911e-05 1 1 1 0 2 3 3 0 1 0 0 2
3.147530513756911e-05 1 1 1 0 2 3 3 0 2 0 0 1
-0.00036883289330033863 1 1 1 0 2 3 3 1 0 1 2 1
-3.147530513756911e-05 1 1 1 0 2 3 3 1 0 2 1 1
-0.00040030819843790775 1 1 1 0 2 3 3 1 0 2 2 2
0.00040030819843790775 1 1 1 0 2 3 3 2 0 1 1 1
3.147530513756911e-05 1 1 1 0 2 3 3 2 0 1 2 2
0.00036883289330033863 1 1 1 0 2 3 3 2 0 2 1 2
3.0594899125134276e-05 1 1 1 0 2 3 3 3 1 0 3 2
-3.0594899125134276e-05 1 1 1 0 2 3 3 3 2 0 3 1
0.00026273794851819343 1 1 1 0 3 1 3 0 1 0 1 0
0.00026273794851819343 1 1 1 0 3 1 3 0 2 0 2 0
-3.083138726750482e-05 1 1 1 0 3 2 0 1 0 2 3 0
3.083138726750482e-05 1 1 1 0 3 2 0 2 0 1 3 0
-0.0003497194204969859 1 1 1 0 3 2 1 3 0 1 1 2
-3.0822821145363786e-05 1 1 1 0 3 2 1 3 0 1 2 1
-0.0003805422416423497 1 1 1 0 3 2 1 3 0 2 2 2
0.0003805422416423497 1 1 1 0 3 2 2 3 0 1 1 1
3.0822821145363786e-05 1 1 1 0 3 2 2 3 0 2 1 2
0.0003497194204969859 1 1 1 0 3 2 2 3 0 2 2 1
3.1585356304095796e-05 1 1 1 0 3 2 3 1 0 2 3 3
-3.1585356304095796e-05 1 1 1 0 3 2 3 2 0 1 3 3
-0.0002651676618435396 1 1 1 1 0 3 3 1 0 3 3 1
-0.0002651676618435396 1 1 1 1 0 3 3 2 0 3 3 2
0.008006949930564361 1 1 1 1 1 2 1 3 0 3 0 2
-0.008006949930564361 1 1 1 1 1 2 2 3 0 3 0 1
1.0299093364584277e-05 1 1 1 1 1 2 3 1 0 3 2 0
-1.0299093364584277e-05 1 1 1 1 1 2 3 2 0 3 1 0
2.5871892850358557e-06 1 1 1 1 2 1 3 0 1 2 3 0
-2.5871892850358557e-06 1 1 1 1 2 1 3 0 2 1 3 0
0.00819713899275496 1 1 1 1 2 1 3 1 0 3 2 0
-0.00819713899275496 1 1 1 1 2 1 3 2 0 3 1 0
-0.0002636565930745807 1 1 1 1 3 0 3 1 0 3 3 1
-0.0002636565930745807 1 1 1 1 3 0 3 2 0 3 3 2
-0.0002982359148014066 1 1 1 1 3 3 0 1 0 3 3 1
-0.0002982359148014066 1 1 1 1 3 3 0 2 0 3 3 2
3.147530513756911e-05 1 1 1 1 3 3 3 1 0 0 3 1
-0.00030588228302520055 1 1 1 1 3 3 3 1 0 3 0 1
3.147530513756911e-05 1 1 1 1 3 3 3 2 0 0 3 2
-0.00030588228302520055 1 1 1 1 3 3 3 2 0 3 0 2
-2.6839532147494865e-07 1 1 1 2 0 0 1 3 0 3 2 0
2.6839532147494865e-07 1 1 1 2 0 0 2 3 0 3 1 0
-3.0682989349448945e-05 1 1 1 2 0 3 3 0 1 1 1 2
-0.00036883289330033863 1 1 1 2 0 3 3 0 1 2 1 1
-0.0003995158826497876 1 1 1 2 0 3 3 0 1 2 2 2
0.0003995158826497876 1 1 1 2 0 3 3 0 2 1 1 1
0.00036883289330033863 1 1 1 2 0 3 3 0 2 1 2 2
3.0682989349448945e-05 1 1 1 2 0 3 3 0 2 2 2 1
1.0038849278112696e-05 1 1 1 2 1 1 1 3 0 3 0 2
-1.0038849278112696e-05 1 1 1 2 1 1 2 3 0 3 0 1
0.008204850896834509 1 1 1 2 1 1 3 0 1 2 3 0
-0.008204850896834509 1 1 1 2 1 1 3 0 2 1 3 0
-3.0484804150350463e-06 1 1 1 2 2 2 1 3 0 3 0 2
3.0484804150350463e-06 1 1 1 2 2 2 2 3 0 3 0 1
-1.2418648005569453e-05 1 1 1 2 2 2 3 0 1 2 3 0
1.2418648005569453e-05 1 1 1 2 2 2 3 0 2 1 3 0
-1.2418648005569453e-05 1 1 1 2 2 2 3 1 0 3 2 0
1.2418648005569453e-05 1 1 1 2 2 2 3 2 0 3 1 0
-3.0790112945253154e-05 1 1 1 2 3 0 1 3 0 0 2 0
3.148405259475231e-05 1 1 1 2 3 0 1 3 3 3 2 0
3.0790112945253154e-05 1 1 1 2 3 0 2 3 0 0 1 0
-3.148405259475231e-05 1 1 1 2 3 0 2 3 3 3 1 0
1.0378081057732618e-06 1 1 1 2 3 3 1 3 0 3 2 0
-1.0378081057732618e-06 1 1 1 2 3 3 2 3 0 3 1 0
0.0002637977258386861 1 1 1 3 0 1 3 0 1 0 1 0
0.0002637977258386861 1 1 1 3 0 1 3 0 2 0 2 0
0.0002658250470287865 1 1 1 3 1 0 1 3 0 1 0 0
0.0002658250470287865 1 1 1 3 1 0 2 3 0 2 0 0
2.674615323724356e-07 1 1 1 3 2 3 3 0 1 0 3 2
-2.674615323724356e-07 1 1 1 3 2 3 3 0 2 0 3 1
1.059777320492591e-06 1 1 1 3 3 2 3 1 0 2 3 0
-1.059777320492591e-06 1 1 1 3 3 2 3 2 0 1 3 0
-0.00026273794851819343 1 1 2 0 0 1 3 1 0 2 3 0
0.00026273794851819343 1 1 2 0 0 1 3 2 0 1 3 0
3.083138726750482e-05 1 1 2 0 0 2 0 0 1 0 1 0
3.083138726750482e-05 1 1 2 0 0 2 0 0 2 0 2 0
0.0003803095176599206 1 1 2 0 0 2 1 1 2 0 0 2
-0.00034871538331377946 1 1 2 0 0 2 1 2 1 0 0 2
-3.1594134346141094e-05 1 1 2 0 0 2 1 2 2 0 0 1
-3.1594134346141094e-05 1 1 2 0 0 2 2 1 1 0 0 2
-0.00034871538331377946 1 1 2 0 0 2 2 1 2 0 0 1
0.0003803095176599206 1 1 2 0 0 2 2 2 1 0 0 1
-3.1585356304095796e-05 1 1 2 0 0 2 3 0 1 0 1 3
-3.1585356304095796e-05 1 1 2 0 0 2 3 0 2 0 2 3
-0.0002636565930745807 1 1 2 0 1 0 3 0 1 0 3 2
0.0002636565930745807 1 1 2 0 1 0 3 0 2 0 3 1
-0.0002982359148014066 1 1 2 0 1 3 0 0 1 0 3 2
0.0002982359148014066 1 1 2 0 1 3 0 0 2 0 3 1
3.147530513756911e-05 1 1 2 0 1 3 3 0 1 0 0 2
-0.00030588228302520055 1 1 2 0 1 3 3 0 1 3 3 2
-3.147530513756911e-05 1 1 2 0 1 3 3 0 2 0 0 1
0.00030588228302520055 1 1 2 0 1 3 3 0 2 3 3 1
-3.0682989349448945e-05 1 1 2 0 1 3 3 1 0 1 2 1
6.215829448701806e-05 1 1 2 0 1 3 3 1 0 2 1 1
3.147530513756911e-05 1 1 2 0 1 3 3 1 0 2 2 2
-3.147530513756911e-05 1 1 2 0 1 3 3 2 0 1 1 1
-6.215829448701806e-05 1 1 2 0 1 3 3 2 0 1 2 2
3.0682989349448945e-05 1 1 2 0 1 3 3 2 0 2 1 2
0.0003996371126389061 1 1 2 0 2 0 1 1 2 0 2 0
-3.070171517132276e-05 1 1 2 0 2 0 1 2 1 0 2 0
-0.00036893539746758335 1 1 2 0 2 0 1 2 2 0 1 0
-0.00036893539746758335 1 1 2 0 2 0 2 1 1 0 2 0
-3.070171517132276e-05 1 1 2 0 2 0 2 1 2 0 1 0
0.0003996371126389061 1 1 2 0 2 0 2 2 1 0 1 0
3.083138726750482e-05 1 1 2 0 3 1 0 1 0 2 3 0
-3.083138726750482e-05 1 1 2 0 3 1 0 2 0 1 3 0
-0.0002968004429407984 1 1 2 0 3 1 3 1 0 2 0 0
-0.000295948335041611 1 1 2 0 3 1 3 1 3 2 3 0
0.0002968004429407984 1 1 2 0 3 1 3 2 0 1 0 0
0.000295948335041611 1 1 2 0 3 1 3 2 3 1 3 0
-1.059777320492591e-06 1 1 2 0 3 2 3 0 1 0 1 0
-1.059777320492591e-06 1 1 2 0 3 2 3 0 2 0 2 0
-3.147530513756911e-05 1 1 2 1 0 3 3 0 1 1 1 2
0.00040030819843790775 1 1 2 1 0 3 3 0 1 2 1 1
0.00036883289330033863 1 1 2 1 0 3 3 0 1 2 2 2
-0.00036883289330033863 1 1 2 1 0 3 3 0 2 1 1 1
-0.00040030819843790775 1 1 2 1 0 3 3 0 2 1 2 2
3.147530513756911e-05 1 1 2 1 0 3 3 0 2 2 2 1
-0.00819713899275496 1 1 2 1 1 1 3 0 1 2 3 0
0.00819713899275496 1 1 2 1 1 1 3 0 2 1 3 0
-2.5871892850358557e-06 1 1 2 1 1 1 3 1 0 3 2 0
2.5871892850358557e-06 1 1 2 1 1 1 3 2 0 3 1 0
1.2418648005569453e-05 1 1 2 1 2 2 3 0 1 2 3 0
-1.2418648005569453e-05 1 1 2 1 2 2 3 0 2 1 3 0
6.218576776607507e-05 1 1 2 2 0 0 1 1 2 2 0 0
-3.070171517132276e-05 1 1 2 2 0 0 1 2 1 2 0 0
-3.148405259475231e-05 1 1 2 2 0 0 1 2 2 1 0 0
-3.148405259475231e-05 1 1 2 2 0 0 2 1 1 2 0 0
-3.070171517132276e-05 1 1 2 2 0 0 2 1 2 1 0 0
6.218576776607507e-05 1 1 2 2 0 0 2 2 1 1 0 0
-0.00026490020031116716 1 1 2 2 0 3 3 1 0 3 3 1
-0.00026490020031116716 1 1 2 2 0 3 3 2 0 3 3 2
0.00802003726025751 1 1 2 2 1 2 1 3 0 3 0 2
-0.00802003726025751 1 1 2 2 1 2 2 3 0 3 0 1
1.0299093364584277e-05 1 1 2 2 1 2 3 0 1 2 3 0
-1.0299093364584277e-05 1 1 2 2 1 2 3 0 2 1 3 0
1.0299093364584277e-05 1 1 2 2 1 2 3 1 0 3 2 0
-1.0299093364584277e-05 1 1 2 2 1 2 3 2 0 3 1 0
0.008206970451475493 1 1 2 2 2 1 3 1 0 3 2 0
-0.008206970451475493 1 1 2 2 2 1 3 2 0 3 1 0
-0.00026472007583112456 1 1 2 2 3 0 3 1 0 3 3 1
-0.00026472007583112456 1 1 2 2 3 0 3 2 0 3 3 2
-0.0002982359148014066 1 1 2 2 3 3 0 1 0 3 3 1
-0.0002982359148014066 1 1 2 2 3 3 0 2 0 3 3 2
-0.00030588228302520055 1 1 2 2 3 3 3 1 0 3 0 1
3.0594899125134276e-05 1 1 2 2 3 3 3 1 3 3 3 1
-0.00030588228302520055 1 1 2 2 3 3 3 2 0 3 0 2
3.0594899125134276e-05 1 1 2 2 3 3 3 2 3 3 3 2
1.059777320492591e-06 1 1 2 3 0 2 3 0 1 0 1 0
1.059777320492591e-06 1 1 2 3 0 2 3 0 2 0 2 0
-0.0002651676618435396 1 1 2 3 1 3 3 0 1 0 3 2
0.0002651676618435396 1 1 2 3 1 3 3 0 2 0 3 1
-0.0002637977258386861 1 1 2 3 3 1 3 1 0 2 3 0
0.0002637977258386861 1 1 2 3 3 1 3 2 0 1 3 0
0.0005678148776655326 1 1 3 0 0 0 3 0 0 0 1 1
0.0005678148776655326 1 1 3 0 0 0 3 0 0 0 2 2
0.0005931944114384716 1 1 3 0 0 3 0 0 0 0 1 1
0.0005931944114384716 1 1 3 0 0 3 0 0 0 0 2 2
0.005218372574238005 1 1 3 0 0 3 3 0 0 0 1 1
0.005218372574238005 1 1 3 0 0 3 3 0 0 0 2 2
0.0006845140027738145 1 1 3 0 0 3 3 0 0 3 1 1
0.0006845140027738145 1 1 3 0 0 3 3 0 0 3 2 2
0.0006522599570825309 1 1 3 0 0 3 3 0 3 0 1 1
0.0006522599570825309 1 1 3 0 0 3 3 0 3 0 2 2
-0.0002955831896606162 1 1 3 0 0 3 3 1 1 1 3 1
-0.0002955831896606162 1 1 3 0 0 3 3 1 2 2 3 1
-0.0002955831896606162 1 1 3 0 0 3 3 2 1 1 3 2
-0.0002955831896606162 1 1 3 0 0 3 3 2 2 2 3 2
0.0005889381044151517 1 1 3 0 0 3 3 3 0 0 1 1
0.0005889381044151517 1 1 3 0 0 3 3 3 0 0 2 2
-0.004951649620316854 1 1 3 0 1 1 0 0 0 0 3 0
-0.004918788567831747 1 1 3 0 1 1 3 0 0 0 0 0
-0.04356000676614209 1 1 3 0 1 1 3 0 0 0 3 0
-0.005003452297799334 1 1 3 0 1 1 3 0 0 0 3 3
-0.0054488852818893405 1 1 3 0 1 1 3 0 0 3 3 0
-0.0054446952070967124 1 1 3 0 1 1 3 0 3 0 3 0
-0.00491612038968087 1 1 3 0 1 1 3 3 0 0 3 0
0.008396493213379052 1 1 3 0 1 2 1 3 1 1 0 2
-9.001041172339435e-06 1 1 3 0 1 2 1 3 2 1 0 1
0.008387492172206712 1 1 3 0 1 2 1 3 2 2 0 2
-0.008387492172206712 1 1 3 0 1 2 2 3 1 1 0 1
9.001041172339435e-06 1 1 3 0 1 2 2 3 1 2 0 2
-0.008396493213379052 1 1 3 0 1 2 2 3 2 2 0 1
9.2299968020316e-06 1 1 3 0 1 2 3 1 1 1 2 0
9.319242060082287e-09 1 1 3 0 1 2 3 1 1 2 1 0
9.239316044091684e-06 1 1 3 0 1 2 3 1 2 2 2 0
-9.239316044091684e-06 1 1 3 0 1 2 3 2 1 1 1 0
-9.319242060082287e-09 1 1 3 0 1 2 3 2 2 1 2 0
-9.2299968020316e-06 1 1 3 0 1 2 3 2 2 2 1 0
0.008595136782682262 1 1 3 0 2 1 3 1 1 1 2 0
2.310408510603337e-06 1 1 3 0 2 1 3 1 1 2 1 0
0.008597447191192868 1 1 3 0 2 1 3 1 2 2 2 0
-0.008597447191192868 1 1 3 0 2 1 3 2 1 1 1 0
-2.310408510603337e-06 1 1 3 0 2 1 3 2 2 1 2 0
-0.008595136782682262 1 1 3 0 2 1 3 2 2 2 1 0
1.997292738347683e-05 1 1 3 0 2 2 0 0 0 0 3 0
1.984037935093093e-05 1 1 3 0 2 2 3 0 0 0 0 0
0.00017570323400795132 1 1 3 0 2 2 3 0 0 0 3 0
2.018187817663918e-05 1 1 3 0 2 2 3 0 0 0 3 3
2.1978572476036274e-05 1 1 3 0 2 2 3 0 0 3 3 0
2.196167142972211e-05 1 1 3 0 2 2 3 0 3 0 3 0
1.9829617012611396e-05 1 1 3 0 2 2 3 3 0 0 3 0
-0.00029524194937867655 1 1 3 0 3 0 3 1 1 1 3 1
-0.00029524194937867655 1 1 3 0 3 0 3 1 2 2 3 1
-0.00029524194937867655 1 1 3 0 3 0 3 2 1 1 3 2
-0.00029524194937867655 1 1 3 0 3 0 3 2 2 2 3 2
-0.0002663302602983655 1 1 3 0 3 3 0 1 1 1 3 1
1.0742672355362153e-06 1 1 3 0 3 3 0 1 1 2 3 2
-0.0002674045275339018 1 1 3 0 3 3 0 1 2 2 3 1
-0.0002674045275339018 1 1 3 0 3 3 0 2 1 1 3 2
1.0742672355362153e-06 1 1 3 0 3 3 0 2 2 1 3 1
-0.0002663302602983655 1 1 3 0 3 3 0 2 2 2 3 2
0.0005577824399002406 1 1 3 0 3 3 3 0 0 0 1 1
0.0005577824399002406 1 1 3 0 3 3 3 0 0 0 2 2
-0.0002741301971131988 1 1 3 0 3 3 3 1 1 1 0 1
2.7678077443251797e-07 1 1 3 0 3 3 3 1 1 2 0 2
-0.00027440697788763137 1 1 3 0 3 3 3 1 2 2 0 1
-0.00027440697788763137 1 1 3 0 3 3 3 2 1 1 0 2
2.7678077443251797e-07 1 1 3 0 3 3 3 2 2 1 0 1
-0.0002741301971131988 1 1 3 0 3 3 3 2 2 2 0 2
0.0002650483570287967 1 1 3 1 0 1 3 0 0 1 1 0
0.0002650483570287967 1 1 3 1 0 1 3 0 0 2 2 0
-0.0002650483570287967 1 1 3 1 0 1 3 1 1 3 3 0
-0.0002650483570287967 1 1 3 1 0 1 3 2 2 3 3 0
6.216761372907814e-05 1 1 3 1 1 3 3 1 1 3 1 1
3.1752085912001624e-05 1 1 3 1 1 3 3 1 1 3 2 2
3.0415527817076513e-05 1 1 3 1 1 3 3 1 2 3 2 1
3.0415527817076513e-05 1 1 3 1 1 3 3 2 1 3 1 2
3.1752085912001624e-05 1 1 3 1 1 3 3 2 2 3 1 1
6.216761372907814e-05 1 1 3 1 1 3 3 2 2 3 2 2
-2.7678077443251797e-07 1 1 3 1 2 3 3 0 0 1 3 2
2.7678077443251797e-07 1 1 3 1 2 3 3 0 0 2 3 1
3.190565450304104e-05 1 1 3 1 3 1 0 1 1 3 3 0
3.190565450304104e-05 1 1 3 1 3 1 0 2 2 3 3 0
-0.0002942132536557626 1 1 3 1 3 1 3 1 1 0 3 0
-0.0002942132536557626 1 1 3 1 3 1 3 1 1 3 0 0
-0.0002942132536557626 1 1 3 1 3 1 3 2 2 0 3 0
-0.0002942132536557626 1 1 3 1 3 1 3 2 2 3 0 0
-1.0690965625526732e-06 1 1 3 2 0 2 3 0 0 1 1 0
-1.0690965625526732e-06 1 1 3 2 0 2 3 0 0 2 2 0
1.0690965625526732e-06 1 1 3 2 0 2 3 1 1 3 3 0
1.0690965625526732e-06 1 1 3 2 0 2 3 2 2 3 3 0
0.0002966151599740398 1 1 3 2 1 0 1 3 2 0 0 0
0.0002881142043386555 1 1 3 2 1 0 1 3 2 3 0 3
-3.052171762377821e-05 1 1 3 2 1 0 1 3 2 3 3 0
-0.0002966151599740398 1 1 3 2 1 0 2 3 1 0 0 0
-0.0002881142043386555 1 1 3 2 1 0 2 3 1 3 0 3
3.052171762377821e-05 1 1 3 2 1 0 2 3 1 3 3 0
0.0002673302324714045 1 1 3 2 1 3 1 3 2 3 0 0
-0.0002673302324714045 1 1 3 2 1 3 2 3 1 3 0 0
-0.0002741301971131988 1 1 3 2 1 3 3 0 0 1 3 2
0.0002741301971131988 1 1 3 2 1 3 3 0 0 2 3 1
3.1752085912001624e-05 1 1 3 2 2 3 3 1 1 3 1 1
0.0003881663312067707 1 1 3 2 2 3 3 1 1 3 2 2
-0.0003564142452947691 1 1 3 2 2 3 3 1 2 3 2 1
-0.0003564142452947691 1 1 3 2 2 3 3 2 1 3 1 2
0.0003881663312067707 1 1 3 2 2 3 3 2 2 3 1 1
3.1752085912001624e-05 1 1 3 2 2 3 3 2 2 3 2 2
3.190565450304104e-05 1 1 3 2 3 2 0 1 1 3 3 0
3.190565450304104e-05 1 1 3 2 3 2 0 2 2 3 3 0
0.0003764559531215414 1 1 3 2 3 2 1 3 1 3 2 2
-0.0003466709400819509 1 1 3 2 3 2 1 3 2 3 1 2
-2.978501303959052e-05 1 1 3 2 3 2 1 3 2 3 2 1
-2.978501303959052e-05 1 1 3 2 3 2 2 3 1 3 1 2
-0.0003466709400819509 1 1 3 2 3 2 2 3 1 3 2 1
0.0003764559531215414 1 1 3 2 3 2 2 3 2 3 1 1
-3.052187354755202e-05 1 1 3 2 3 2 3 1 1 3 3 3
-3.052187354755202e-05 1 1 3 2 3 2 3 2 2 3 3 3
0.00028392902356147426 1 1 3 3 0 3 3 0 0 0 1 1
0.00028392902356147426 1 1 3 3 0 3 3 0 0 0 2 2
0.002218037691993282 1 1 3 3 1 1 3 0 0 0 3 0
9.569243712526903e-06 1 1 3 3 2 2 3 0 0 0 3 0
-3.0415527817076513e-05 1 1 3 3 3 3 3 1 1 2 3 2
3.0415527817076513e-05 1 1 3 3 3 3 3 1 2 2 3 1
3.0415527817076513e-05 1 1 3 3 3 3 3 2 1 1 3 2
-3.0415527817076513e-05 1 1 3 3 3 3 3 2 2 1 3 1
40.63320067511378 1 2 0 0 0 0 1 2 0 0 0 0
-0.0052191885138113256 1 2 0 0 0 0 1 2 0 0 0 3
-0.0052049803957917974 1 2 0 0 0 0 1 2 0 0 3 0
-0.0008320847168771454 1 2 0 0 0 0 1 2 0 0 3 3
-0.005204980395791797 1 2 0 0 0 0 1 2 0 3 0 0
-0.0005669024219329087 1 2 0 0 0 0 1 2 0 3 0 3
-0.0005578936389029342 1 2 0 0 0 0 1 2 0 3 3 0
-0.005219822837879918 1 2 0 0 0 0 1 2 3 0 0 0
-0.0005679726818967754 1 2 0 0 0 0 1 2 3 0 0 3
-0.0005579374559672571 1 2 0 0 0 0 1 2 3 0 3 0
-0.00028400793167581394 1 2 0 0 0 0 1 2 3 3 0 0
-40.63320067511378 1 2 0 0 0 0 2 1 0 0 0 0
0.0052191885138113256 1 2 0 0 0 0 2 1 0 0 0 3
0.0052049803957917974 1 2 0 0 0 0 2 1 0 0 3 0
0.0008320847168771454 1 2 0 0 0 0 2 1 0 0 3 3
0.005204980395791797 1 2 0 0 0 0 2 1 0 3 0 0
0.0005669024219329087 1 2 0 0 0 0 2 1 0 3 0 3
0.0005578936389029342 1 2 0 0 0 0 2 1 0 3 3 0
0.005219822837879918 1 2 0 0 0 0 2 1 3 0 0 0
0.0005679726818967754 1 2 0 0 0 0 2 1 3 0 0 3
0.0005579374559672571 1 2 0 0 0 0 2 1 3 0 3 0
0.00028400793167581394 1 2 0 0 0 0 2 1 3 3 0 0
-0.005219188513811325 1 2 0 0 0 3 1 2 0 0 0 0
-0.0010233710874120582 1 2 0 0 0 3 1 2 0 0 0 3
-0.000887781474512138 1 2 0 0 0 3 1 2 0 0 3 0
-0.0005996672701734823 1 2 0 0 0 3 1 2 0 3 0 0
-0.0005995668162429165 1 2 0 0 0 3 1 2 3 0 0 0
0.005219188513811325 1 2 0 0 0 3 2 1 0 0 0 0
0.0010233710874120582 1 2 0 0 0 3 2 1 0 0 0 3
0.000887781474512138 1 2 0 0 0 3 2 1 0 0 3 0
0.0005996672701734823 1 2 0 0 0 3 2 1 0 3 0 0
0.0005995668162429165 1 2 0 0 0 3 2 1 3 0 0 0
0.00030169068985086 1 2 0 0 0 3 3 0 0 0 1 2
-0.00030169068985086 1 2 0 0 0 3 3 0 0 0 2 1
-0.00908083405237061 1 2 0 0 1 2 1 1 0 0 2 2
0.009136530810005603 1 2 0 0 1 2 1 2 0 0 1 2
-5.5696757634992493e-05 1 2 0 0 1 2 1 2 0 0 2 1
-5.5696757634992493e-05 1 2 0 0 1 2 2 1 0 0 1 2
0.009136530810005603 1 2 0 0 1 2 2 1 0 0 2 1
-0.00908083405237061 1 2 0 0 1 2 2 2 0 0 1 1
3.099084279279199e-07 1 2 0 0 1 2 3 0 0 0 3 0
-0.0047731623201185906 1 2 0 0 2 1 0 0 0 0 0 0
-0.04463638526485188 1 2 0 0 2 1 0 0 0 0 3 0
0.003914090533518263 1 2 0 0 2 1 0 0 0 0 3 3
-0.004713384317061578 1 2 0 0 2 1 0 0 0 3 3 0
-0.004704218020166431 1 2 0 0 2 1 0 0 3 0 3 0
-0.004704218020166431 1 2 0 0 2 1 0 3 0 0 3 0
-6.941448885129272e-05 1 2 0 0 2 1 1 1 0 0 2 2
-5.5696757634992493e-05 1 2 0 0 2 1 1 2 0 0 1 2
0.0001251112464862852 1 2 0 0 2 1 1 2 0 0 2 1
0.0001251112464862852 1 2 0 0 2 1 2 1 0 0 1 2
-5.5696757634992493e-05 1 2 0 0 2 1 2 1 0 0 2 1
-6.941448885129272e-05 1 2 0 0 2 1 2 2 0 0 1 1
-0.04361134854900094 1 2 0 0 2 1 3 0 0 0 0 0
-0.0047499466349916735 1 2 0 0 2 1 3 0 0 0 0 3
340.4239097315127 1 2 0 0 2 1 3 0 0 0 3 0
-0.04373039514285093 1 2 0 0 2 1 3 0 0 0 3 3
-0.004674464088114036 1 2 0 0 2 1 3 0 0 3 0 0
-0.043611348549000936 1 2 0 0 2 1 3 0 0 3 3 0
-0.0047499466349916735 1 2 0 0 2 1 3 0 0 3 3 3
-0.004674831221343994 1 2 0 0 2 1 3 0 3 0 0 0
-0.04373571000015006 1 2 0 0 2 1 3 0 3 0 3 0
-0.00475891410014485 1 2 0 0 2 1 3 0 3 0 3 3
0.0033387893230761158 1 2 0 0 2 1 3 0 3 3 3 0
0.004515642337699162 1 2 0 0 2 1 3 3 0 0 0 0
-0.04373571000015009 1 2 0 0 2 1 3 3 0 0 3 0
-0.004819957847239955 1 2 0 0 2 1 3 3 0 0 3 3
-0.004674831221343994 1 2 0 0 2 1 3 3 0 3 3 0
-0.004670596570777006 1 2 0 0 2 1 3 3 3 0 3 0
-0.005204980395791796 1 2 0 0 3 0 1 2 0 0 0 0
-0.000887781474512138 1 2 0 0 3 0 1 2 0 0 0 3
-0.001011111581858948 1 2 0 0 3 0 1 2 0 0 3 0
-0.0005897467548144069 1 2 0 0 3 0 1 2 0 3 0 0
-0.0005894215085620094 1 2 0 0 3 0 1 2 3 0 0 0
-3.176091029069401e-05 1 2 0 0 3 0 1 3 2 1 1 0
-3.176091029069401e-05 1 2 0 0 3 0 1 3 2 2 2 0
0.005204980395791796 1 2 0 0 3 0 2 1 0 0 0 0
0.000887781474512138 1 2 0 0 3 0 2 1 0 0 0 3
0.001011111581858948 1 2 0 0 3 0 2 1 0 0 3 0
0.0005897467548144069 1 2 0 0 3 0 2 1 0 3 0 0
0.0005894215085620094 1 2 0 0 3 0 2 1 3 0 0 0
3.176091029069401e-05 1 2 0 0 3 0 2 3 1 1 1 0
3.176091029069401e-05 1 2 0 0 3 0 2 3 1 2 2 0
-0.0008320847168771454 1 2 0 0 3 3 1 2 0 0 0 0
0.0008320847168771454 1 2 0 0 3 3 2 1 0 0 0 0
-0.0003466709400819509 1 2 0 1 0 2 1 1 0 2 0 2
0.00037943578832252457 1 2 0 1 0 2 1 2 0 1 0 2
-3.276484824057368e-05 1 2 0 1 0 2 1 2 0 2 0 1
-3.276484824057368e-05 1 2 0 1 0 2 2 1 0 1 0 2
0.00037943578832252457 1 2 0 1 0 2 2 1 0 2 0 1
-0.0003466709400819509 1 2 0 1 0 2 2 2 0 1 0 1
-2.7685769594171065e-07 1 2 0 1 1 0 1 3 2 3 0 0
2.7685769594171065e-07 1 2 0 1 1 0 2 3 1 3 0 0
-3.052171762377821e-05 1 2 0 1 2 0 1 1 0 2 2 0
6.237483353525088e-05 1 2 0 1 2 0 1 2 0 1 2 0
-3.185311591147266e-05 1 2 0 1 2 0 1 2 0 2 1 0
-3.185311591147266e-05 1 2 0 1 2 0 2 1 0 1 2 0
6.237483353525088e-05 1 2 0 1 2 0 2 1 0 2 1 0
-3.052171762377821e-05 1 2 0 1 2 0 2 2 0 1 1 0
-2.988900152850656e-05 1 2 0 2 0 1 0 0 0 1 1 0
-2.988900152850656e-05 1 2 0 2 0 1 0 0 0 2 2 0
-3.0628434639362775e-05 1 2 0 2 0 1 1 1 0 2 0 2
-3.276484824057368e-05 1 2 0 2 0 1 1 2 0 1 0 2
6.339328287993646e-05 1 2 0 2 0 1 1 2 0 2 0 1
6.339328287993646e-05 1 2 0 2 0 1 2 1 0 1 0 2
-3.276484824057368e-05 1 2 0 2 0 1 2 1 0 2 0 1
-3.0628434639362775e-05 1 2 0 2 0 1 2 2 0 1 0 1
0.0002942132536557626 1 2 0 2 0 1 3 0 3 1 1 0
0.0002942132536557626 1 2 0 2 0 1 3 0 3 2 2 0
0.0002942132536557626 1 2 0 2 0 1 3 3 0 1 1 0
0.0002942132536557626 1 2 0 2 0 1 3 3 0 2 2 0
-0.00035765859522159603 1 2 0 2 1 0 1 1 0 2 2 0
-3.185311591147266e-05 1 2 0 2 1 0 1 2 0 1 2 0
0.0003895117111330687 1 2 0 2 1 0 1 2 0 2 1 0
0.0003895117111330687 1 2 0 2 1 0 2 1 0 1 2 0
-3.185311591147266e-05 1 2 0 2 1 0 2 1 0 2 1 0
-0.00035765859522159603 1 2 0 2 1 0 2 2 0 1 1 0
0.00027420638198738474 1 2 0 2 2 0 1 3 2 3 0 0
-0.00027420638198738474 1 2 0 2 2 0 2 3 1 3 0 0
-0.00027452922165279505 1 2 0 2 2 0 3 0 0 1 3 2
0.00027452922165279505 1 2 0 2 2 0 3 0 0 2 3 1
-0.0002891200981653461 1 2 0 2 2 3 0 0 0 1 3 2
0.0002891200981653461 1 2 0 2 2 3 0 0 0 2 3 1
-0.0002955831896606162 1 2 0 2 2 3 3 0 3 1 3 2
0.0002955831896606162 1 2 0 2 2 3 3 0 3 2 3 1
3.0415527817076513e-05 1 2 0 2 2 3 3 3 0 1 3 2
-3.0415527817076513e-05 1 2 0 2 2 3 3 3 0 2 3 1
0.0002668900235455429 1 2 0 2 3 1 3 0 0 1 1 0
0.0002668900235455429 1 2 0 2 3 1 3 0 0 2 2 0
-0.0002653534359164768 1 2 0 2 3 1 3 1 1 3 3 0
-0.0002653534359164768 1 2 0 2 3 1 3 2 2 3 3 0
-0.005204980395791795 1 2 0 3 0 0 1 2 0 0 0 0
-0.0005996672701734823 1 2 0 3 0 0 1 2 0 0 0 3
-0.0005897467548144069 1 2 0 3 0 0 1 2 0 0 3 0
-0.0006839747042611303 1 2 0 3 0 0 1 2 0 3 0 0
-0.0006529433291433973 1 2 0 3 0 0 1 2 3 0 0 0
0.005204980395791795 1 2 0 3 0 0 2 1 0 0 0 0
0.0005996672701734823 1 2 0 3 0 0 2 1 0 0 0 3
0.0005897467548144069 1 2 0 3 0 0 2 1 0 0 3 0
0.0006839747042611303 1 2 0 3 0 0 2 1 0 3 0 0
0.0006529433291433973 1 2 0 3 0 0 2 1 3 0 0 0
-0.0005669024219329087 1 2 0 3 0 3 1 2 0 0 0 0
0.0005669024219329087 1 2 0 3 0 3 2 1 0 0 0 0
-0.004972615413698417 1 2 0 3 2 1 0 0 0 0 3 0
-0.004941354111659578 1 2 0 3 2 1 3 0 0 0 0 0
-0.04361134854900092 1 2 0 3 2 1 3 0 0 0 3 0
-0.0050244758566444685 1 2 0 3 2 1 3 0 0 0 3 3
-0.005475134158750662 1 2 0 3 2 1 3 0 0 3 3 0
-0.005470863854365379 1 2 0 3 2 1 3 0 3 0 3 0
-0.00493862894718268 1 2 0 3 2 1 3 3 0 0 3 0
-0.0005578936389029342 1 2 0 3 3 0 1 2 0 0 0 0
0.0005578936389029342 1 2 0 3 3 0 2 1 0 0 0 0
0.0002637977258386861 1 2 1 0 0 1 3 1 0 2 3 0
-0.0002637977258386861 1 2 1 0 0 1 3 2 0 1 3 0
-0.00034871538331377946 1 2 1 0 0 2 1 1 2 0 0 2
0.0003803095176599206 1 2 1 0 0 2 1 2 1 0 0 2
-3.1594134346141094e-05 1 2 1 0 0 2 1 2 2 0 0 1
-3.1594134346141094e-05 1 2 1 0 0 2 2 1 1 0 0 2
0.0003803095176599206 1 2 1 0 0 2 2 1 2 0 0 1
-0.00034871538331377946 1 2 1 0 0 2 2 2 1 0 0 1
0.0003995158826497876 1 2 1 0 1 3 3 1 0 1 2 1
-3.0682989349448945e-05 1 2 1 0 1 3 3 1 0 2 1 1
0.00036883289330033863 1 2 1 0 1 3 3 1 0 2 2 2
-0.00036883289330033863 1 2 1 0 1 3 3 2 0 1 1 1
3.0682989349448945e-05 1 2 1 0 1 3 3 2 0 1 2 2
-0.0003995158826497876 1 2 1 0 1 3 3 2 0 2 1 2
-3.148405259475231e-05 1 2 1 0 2 0 1 0 0 1 0 0
-3.070171517132276e-05 1 2 1 0 2 0 1 1 2 0 2 0
6.218576776607507e-05 1 2 1 0 2 0 1 2 1 0 2 0
-3.148405259475231e-05 1 2 1 0 2 0 1 2 2 0 1 0
0.00029815305361676825 1 2 1 0 2 0 1 3 0 1 0 3
0.0003059672922780789 1 2 1 0 2 0 1 3 3 1 0 0
-3.148405259475231e-05 1 2 1 0 2 0 2 0 0 2 0 0
-3.148405259475231e-05 1 2 1 0 2 0 2 1 1 0 2 0
6.218576776607507e-05 1 2 1 0 2 0 2 1 2 0 1 0
-3.070171517132276e-05 1 2 1 0 2 0 2 2 1 0 1 0
0.00029815305361676825 1 2 1 0 2 0 2 3 0 2 0 3
0.0003059672922780789 1 2 1 0 2 0 2 3 3 2 0 0
0.00025729138319329165 1 2 1 0 2 3 1 3 0 1 0 0
0.00025729138319329165 1 2 1 0 2 3 2 3 0 2 0 0
-3.0822821145363786e-05 1 2 1 0 3 1 1 3 0 1 1 2
6.164564229072757e-05 1 2 1 0 3 1 1 3 0 1 2 1
3.0822821145363786e-05 1 2 1 0 3 1 1 3 0 2 2 2
-3.0822821145363786e-05 1 2 1 0 3 1 2 3 0 1 1 1
-6.164564229072757e-05 1 2 1 0 3 1 2 3 0 2 1 2
3.0822821145363786e-05 1 2 1 0 3 1 2 3 0 2 2 1
0.0002968004429407984 1 2 1 0 3 1 3 1 0 2 0 0
-3.1585356304095796e-05 1 2 1 0 3 1 3 1 0 2 3 3
0.000295948335041611 1 2 1 0 3 1 3 1 3 2 3 0
-0.0002968004429407984 1 2 1 0 3 1 3 2 0 1 0 0
3.1585356304095796e-05 1 2 1 0 3 1 3 2 0 1 3 3
-0.000295948335041611 1 2 1 0 3 1 3 2 3 1 3 0
0.0002660934423502615 1 2 1 1 0 0 1 3 0 3 2 0
-0.0002660934423502615 1 2 1 1 0 0 2 3 0 3 1 0
-1.0038849278112696e-05 1 2 1 1 1 1 1 3 0 3 0 2
1.0038849278112696e-05 1 2 1 1 1 1 2 3 0 3 0 1
-0.008204850896834507 1 2 1 1 1 1 3 1 0 3 2 0
0.008204850896834507 1 2 1 1 1 1 3 2 0 3 1 0
0.007999959561701284 1 2 1 1 2 2 1 3 0 3 0 2
-0.007999959561701284 1 2 1 1 2 2 2 3 0 3 0 1
0.0003059672922780789 1 2 1 1 3 0 1 0 0 3 2 0
0.00029815305361676825 1 2 1 1 3 0 1 3 0 3 2 3
-3.148405259475231e-05 1 2 1 1 3 0 1 3 3 3 2 0
-0.0003059672922780789 1 2 1 1 3 0 2 0 0 3 1 0
-0.00029815305361676825 1 2 1 1 3 0 2 3 0 3 1 3
3.148405259475231e-05 1 2 1 1 3 0 2 3 3 3 1 0
0.00025729138319329165 1 2 1 1 3 3 1 3 0 3 2 0
-0.00025729138319329165 1 2 1 1 3 3 2 3 0 3 1 0
-3.070171517132276e-05 1 2 1 2 0 0 1 1 2 2 0 0
0.0003996371126389061 1 2 1 2 0 0 1 2 1 2 0 0
-0.00036893539746758335 1 2 1 2 0 0 1 2 2 1 0 0
-0.00036893539746758335 1 2 1 2 0 0 2 1 1 2 0 0
0.0003996371126389061 1 2 1 2 0 0 2 1 2 1 0 0
-3.070171517132276e-05 1 2 1 2 0 0 2 2 1 1 0 0
-2.674615323724356e-07 1 2 1 2 0 3 3 1 0 3 3 1
-2.674615323724356e-07 1 2 1 2 0 3 3 2 0 3 3 2
1.2418648005569453e-05 1 2 1 2 1 2 3 1 0 3 2 0
-1.2418648005569453e-05 1 2 1 2 1 2 3 2 0 3 1 0
1.0038849278112696e-05 1 2 1 2 2 1 1 3 0 3 0 2
-1.0038849278112696e-05 1 2 1 2 2 1 2 3 0 3 0 1
0.008219856734125114 1 2 1 2 2 1 3 0 1 2 3 0
-0.008219856734125114 1 2 1 2 2 1 3 0 2 1 3 0
2.5871892850358557e-06 1 2 1 2 2 1 3 1 0 3 2 0
-2.5871892850358557e-06 1 2 1 2 2 1 3 2 0 3 1 0
1.0634827565437742e-06 1 2 1 2 3 0 3 1 0 3 3 1
1.0634827565437742e-06 1 2 1 2 3 0 3 2 0 3 3 2
3.147530513756911e-05 1 2 1 2 3 3 3 1 0 0 3 1
-3.0594899125134276e-05 1 2 1 2 3 3 3 1 3 3 3 1
3.147530513756911e-05 1 2 1 2 3 3 3 2 0 0 3 2
-3.0594899125134276e-05 1 2 1 2 3 3 3 2 3 3 3 2
0.0002660934423502615 1 2 1 3 2 0 1 3 0 1 0 0
0.0002660934423502615 1 2 1 3 2 0 2 3 0 2 0 0
0.00026273794851819343 1 2 1 3 3 1 3 1 0 2 3 0
-0.00026273794851819343 1 2 1 3 3 1 3 2 0 1 3 0
-3.083138726750482e-05 1 2 2 0 0 1 0 0 1 0 1 0
-3.083138726750482e-05 1 2 2 0 0 1 0 0 2 0 2 0
-3.1594134346141094e-05 1 2 2 0 0 1 1 1 2 0 0 2
-3.1594134346141094e-05 1 2 2 0 0 1 1 2 1 0 0 2
6.318826869228219e-05 1 2 2 0 0 1 1 2 2 0 0 1
6.318826869228219e-05 1 2 2 0 0 1 2 1 1 0 0 2
-3.1594134346141094e-05 1 2 2 0 0 1 2 1 2 0 0 1
-3.1594134346141094e-05 1 2 2 0 0 1 2 2 1 0 0 1
0.0002968004429407984 1 2 2 0 0 1 3 0 1 3 1 0
0.0002968004429407984 1 2 2 0 0 1 3 0 2 3 2 0
0.000295948335041611 1 2 2 0 0 1 3 3 1 0 1 0
0.000295948335041611 1 2 2 0 0 1 3 3 2 0 2 0
3.148405259475231e-05 1 2 2 0 1 0 1 0 0 1 0 0
-0.00036893539746758335 1 2 2 0 1 0 1 1 2 0 2 0
-3.148405259475231e-05 1 2 2 0 1 0 1 2 1 0 2 0
0.00040041945006233566 1 2 2 0 1 0 1 2 2 0 1 0
-3.0790112945253154e-05 1 2 2 0 1 0 1 3 0 1 3 0
3.148405259475231e-05 1 2 2 0 1 0 2 0 0 2 0 0
0.00040041945006233566 1 2 2 0 1 0 2 1 1 0 2 0
-3.148405259475231e-05 1 2 2 0 1 0 2 1 2 0 1 0
-0.00036893539746758335 1 2 2 0 1 0 2 2 1 0 1 0
-3.0790112945253154e-05 1 2 2 0 1 0 2 3 0 2 3 0
1.0378081057732618e-06 1 2 2 0 1 3 1 3 0 1 0 0
1.0378081057732618e-06 1 2 2 0 1 3 2 3 0 2 0 0
-0.00026472007583112456 1 2 2 0 2 0 3 0 1 0 3 2
0.00026472007583112456 1 2 2 0 2 0 3 0 2 0 3 1
-0.0002982359148014066 1 2 2 0 2 3 0 0 1 0 3 2
0.0002982359148014066 1 2 2 0 2 3 0 0 2 0 3 1
-0.00030588228302520055 1 2 2 0 2 3 3 0 1 3 3 2
0.00030588228302520055 1 2 2 0 2 3 3 0 2 3 3 1
3.0594899125134276e-05 1 2 2 0 2 3 3 3 1 0 3 2
-3.0594899125134276e-05 1 2 2 0 2 3 3 3 2 0 3 1
0.0002637977258386861 1 2 2 0 3 1 3 0 1 0 1 0
0.0002637977258386861 1 2 2 0 3 1 3 0 2 0 2 0
-0.0003805422416423497 1 2 2 0 3 2 1 3 0 1 1 2
3.0822821145363786e-05 1 2 2 0 3 2 1 3 0 1 2 1
-0.0003497194204969859 1 2 2 0 3 2 1 3 0 2 2 2
0.0003497194204969859 1 2 2 0 3 2 2 3 0 1 1 1
-3.0822821145363786e-05 1 2 2 0 3 2 2 3 0 2 1 2
0.0003805422416423497 1 2 2 0 3 2 2 3 0 2 2 1
-3.148405259475231e-05 1 2 2 1 0 0 1 1 2 2 0 0
-0.00036893539746758335 1 2 2 1 0 0 1 2 1 2 0 0
0.00040041945006233566 1 2 2 1 0 0 1 2 2 1 0 0
0.00040041945006233566 1 2 2 1 0 0 2 1 1 2 0 0
-0.00036893539746758335 1 2 2 1 0 0 2 1 2 1 0 0
-3.148405259475231e-05 1 2 2 1 0 0 2 2 1 1 0 0
-3.0484804150350463e-06 1 2 2 1 1 2 1 3 0 3 0 2
3.0484804150350463e-06 1 2 2 1 1 2 2 3 0 3 0 1
-0.008206970451475493 1 2 2 1 2 1 3 0 1 2 3 0
0.008206970451475493 1 2 2 1 2 1 3 0 2 1 3 0
0.0002658250470287865 1 2 2 2 0 0 1 3 0 3 2 0
-0.0002658250470287865 1 2 2 2 0 0 2 3 0 3 1 0
-6.215829448701806e-05 1 2 2 2 0 3 3 0 1 1 1 2
3.147530513756911e-05 1 2 2 2 0 3 3 0 1 2 1 1
-3.0682989349448945e-05 1 2 2 2 0 3 3 0 1 2 2 2
3.0682989349448945e-05 1 2 2 2 0 3 3 0 2 1 1 1
-3.147530513756911e-05 1 2 2 2 0 3 3 0 2 1 2 2
6.215829448701806e-05 1 2 2 2 0 3 3 0 2 2 2 1
-1.0038849278112696e-05 1 2 2 2 1 1 1 3 0 3 0 2
1.0038849278112696e-05 1 2 2 2 1 1 2 3 0 3 0 1
-2.5871892850358557e-06 1 2 2 2 1 1 3 0 1 2 3 0
2.5871892850358557e-06 1 2 2 2 1 1 3 0 2 1 3 0
-0.008219856734125114 1 2 2 2 1 1 3 1 0 3 2 0
0.008219856734125114 1 2 2 2 1 1 3 2 0 3 1 0
0.008006949930564361 1 2 2 2 2 2 1 3 0 3 0 2
-0.008006949930564361 1 2 2 2 2 2 2 3 0 3 0 1
1.0299093364584277e-05 1 2 2 2 2 2 3 0 1 2 3 0
-1.0299093364584277e-05 1 2 2 2 2 2 3 0 2 1 3 0
0.0003059672922780789 1 2 2 2 3 0 1 0 0 3 2 0
-3.0790112945253154e-05 1 2 2 2 3 0 1 3 0 0 2 0
0.00029815305361676825 1 2 2 2 3 0 1 3 0 3 2 3
-0.0003059672922780789 1 2 2 2 3 0 2 0 0 3 1 0
3.0790112945253154e-05 1 2 2 2 3 0 2 3 0 0 1 0
-0.00029815305361676825 1 2 2 2 3 0 2 3 0 3 1 3
0.000258329191299065 1 2 2 2 3 3 1 3 0 3 2 0
-0.000258329191299065 1 2 2 2 3 3 2 3 0 3 1 0
0.00026273794851819343 1 2 2 3 0 1 3 0 1 0 1 0
0.00026273794851819343 1 2 2 3 0 1 3 0 2 0 2 0
-2.6839532147494865e-07 1 2 2 3 1 0 1 3 0 1 0 0
-2.6839532147494865e-07 1 2 2 3 1 0 2 3 0 2 0 0
-0.00026490020031116716 1 2 2 3 2 3 3 0 1 0 3 2
0.00026490020031116716 1 2 2 3 2 3 3 0 2 0 3 1
-0.005219822837879918 1 2 3 0 0 0 1 2 0 0 0 0
-0.0005995668162429165 1 2 3 0 0 0 1 2 0 0 0 3
-0.0005894215085620094 1 2 3 0 0 0 1 2 0 0 3 0
-0.0006529433291433973 1 2 3 0 0 0 1 2 0 3 0 0
-0.0006841109552397734 1 2 3 0 0 0 1 2 3 0 0 0
0.0002966151599740398 1 2 3 0 0 0 1 3 1 1 2 0
0.0002966151599740398 1 2 3 0 0 0 1 3 2 2 2 0
0.005219822837879918 1 2 3 0 0 0 2 1 0 0 0 0
0.0005995668162429165 1 2 3 0 0 0 2 1 0 0 0 3
0.0005894215085620094 1 2 3 0 0 0 2 1 0 0 3 0
0.0006529433291433973 1 2 3 0 0 0 2 1 0 3 0 0
0.0006841109552397734 1 2 3 0 0 0 2 1 3 0 0 0
-0.0002966151599740398 1 2 3 0 0 0 2 3 1 1 1 0
-0.0002966151599740398 1 2 3 0 0 0 2 3 2 2 1 0
-0.0005679726818967754 1 2 3 0 0 3 1 2 0 0 0 0
0.0005679726818967754 1 2 3 0 0 3 2 1 0 0 0 0
-9.001041172339435e-06 1 2 3 0 1 1 1 3 1 1 0 2
3.616065781059308e-08 1 2 3 0 1 1 1 3 2 1 0 1
-8.964880514528839e-06 1 2 3 0 1 1 1 3 2 2 0 2
8.964880514528839e-06 1 2 3 0 1 1 2 3 1 1 0 1
-3.616065781059308e-08 1 2 3 0 1 1 2 3 1 2 0 2
9.001041172339435e-06 1 2 3 0 1 1 2 3 2 2 0 1
-0.008604366779484295 1 2 3 0 1 1 3 1 1 1 2 0
-2.3197277526634202e-06 1 2 3 0 1 1 3 1 1 2 1 0
-0.00860668650723696 1 2 3 0 1 1 3 1 2 2 2 0
0.00860668650723696 1 2 3 0 1 1 3 2 1 1 1 0
2.3197277526634202e-06 1 2 3 0 1 1 3 2 2 1 2 0
0.008604366779484295 1 2 3 0 1 1 3 2 2 2 1 0
-0.004971622547700332 1 2 3 0 2 1 0 0 0 0 3 0
-0.00493862894718268 1 2 3 0 2 1 3 0 0 0 0 0
-0.04373571000015006 1 2 3 0 2 1 3 0 0 0 3 0
-0.005023634175975975 1 2 3 0 2 1 3 0 0 0 3 3
-0.005470863854365379 1 2 3 0 2 1 3 0 0 3 3 0
-0.005466656878526437 1 2 3 0 2 1 3 0 3 0 3 0
-0.004935950006693483 1 2 3 0 2 1 3 3 0 0 3 0
0.00838749217220671 1 2 3 0 2 2 1 3 1 1 0 2
-8.964880514528839e-06 1 2 3 0 2 2 1 3 2 1 0 1
0.008378527291692181 1 2 3 0 2 2 1 3 2 2 0 2
-0.008378527291692181 1 2 3 0 2 2 2 3 1 1 0 1
8.964880514528839e-06 1 2 3 0 2 2 2 3 1 2 0 2
-0.00838749217220671 1 2 3 0 2 2 2 3 2 2 0 1
0.0002744832396833265 1 2 3 0 3 0 1 0 1 1 2 0
-2.7685769594171065e-07 1 2 3 0 3 0 1 0 2 1 1 0
0.00027420638198738474 1 2 3 0 3 0 1 0 2 2 2 0
-0.0005579374559672571 1 2 3 0 3 0 1 2 0 0 0 0
0.0002673302324714045 1 2 3 0 3 0 1 3 1 1 2 3
-1.073968763583855e-06 1 2 3 0 3 0 1 3 2 1 1 3
0.00026625626370782053 1 2 3 0 3 0 1 3 2 2 2 3
-0.00027420638198738474 1 2 3 0 3 0 2 0 1 1 1 0
2.7685769594171065e-07 1 2 3 0 3 0 2 0 1 2 2 0
-0.0002744832396833265 1 2 3 0 3 0 2 0 2 2 1 0
0.0005579374559672571 1 2 3 0 3 0 2 1 0 0 0 0
-0.00026625626370782053 1 2 3 0 3 0 2 3 1 1 1 3
1.073968763583855e-06 1 2 3 0 3 0 2 3 1 2 2 3
-0.0002673302324714045 1 2 3 0 3 0 2 3 2 2 1 3
0.0002881142043386555 1 2 3 0 3 3 1 3 1 1 2 0
0.0002881142043386555 1 2 3 0 3 3 1 3 2 2 2 0
-0.0002881142043386555 1 2 3 0 3 3 2 3 1 1 1 0
-0.0002881142043386555 1 2 3 0 3 3 2 3 2 2 1 0
-3.176091029069401e-05 1 2 3 1 1 0 1 0 2 3 0 0
3.052171762377821e-05 1 2 3 1 1 0 1 3 2 3 3 0
3.176091029069401e-05 1 2 3 1 1 0 2 0 1 3 0 0
-3.052171762377821e-05 1 2 3 1 1 0 2 3 1 3 3 0
-1.073968763583855e-06 1 2 3 1 1 3 1 3 2 3 0 0
1.073968763583855e-06 1 2 3 1 1 3 2 3 1 3 0 0
-0.0003466709400819509 1 2 3 1 3 2 1 3 1 3 2 2
0.0003785677299908985 1 2 3 1 3 2 1 3 2 3 1 2
-3.189678990894765e-05 1 2 3 1 3 2 1 3 2 3 2 1
-3.189678990894765e-05 1 2 3 1 3 2 2 3 1 3 1 2
0.0003785677299908985 1 2 3 1 3 2 2 3 1 3 2 1
-0.0003466709400819509 1 2 3 1 3 2 2 3 2 3 1 1
0.0002661174535913495 1 2 3 2 0 1 3 0 0 1 1 0
0.0002661174535913495 1 2 3 2 0 1 3 0 0 2 2 0
-0.0002661174535913495 1 2 3 2 0 1 3 1 1 3 3 0
-0.0002661174535913495 1 2 3 2 0 1 3 2 2 3 3 0
3.0415527817076513e-05 1 2 3 2 1 3 3 1 1 3 1 1
-0.0003564142452947691 1 2 3 2 1 3 3 1 1 3 2 2
0.0003868297731118456 1 2 3 2 1 3 3 1 2 3 2 1
0.0003868297731118456 1 2 3 2 1 3 3 2 1 3 1 2
-0.0003564142452947691 1 2 3 2 1 3 3 2 2 3 1 1
3.0415527817076513e-05 1 2 3 2 1 3 3 2 2 3 2 2
-3.176091029069401e-05 1 2 3 2 2 0 1 0 2 3 0 0
0.0002966151599740398 1 2 3 2 2 0 1 3 2 0 0 0
0.0002881142043386555 1 2 3 2 2 0 1 3 2 3 0 3
3.176091029069401e-05 1 2 3 2 2 0 2 0 1 3 0 0
-0.0002966151599740398 1 2 3 2 2 0 2 3 1 0 0 0
-0.0002881142043386555 1 2 3 2 2 0 2 3 1 3 0 3
0.00026625626370782053 1 2 3 2 2 3 1 3 2 3 0 0
-0.00026625626370782053 1 2 3 2 2 3 2 3 1 3 0 0
-0.00027440697788763137 1 2 3 2 2 3 3 0 0 1 3 2
0.00027440697788763137 1 2 3 2 2 3 3 0 0 2 3 1
-2.978501303959052e-05 1 2 3 2 3 1 1 3 1 3 2 2
-3.189678990894765e-05 1 2 3 2 3 1 1 3 2 3 1 2
6.168180294853818e-05 1 2 3 2 3 1 1 3 2 3 2 1
6.168180294853818e-05 1 2 3 2 3 1 2 3 1 3 1 2
-3.189678990894765e-05 1 2 3 2 3 1 2 3 1 3 2 1
-2.978501303959052e-05 1 2 3 2 3 1 2 3 2 3 1 1
-0.0002942132536557626 1 2 3 2 3 1 3 1 1 0 3 0
-0.0002942132536557626 1 2 3 2 3 1 3 1 1 3 0 0
3.052187354755202e-05 1 2 3 2 3 1 3 1 1 3 3 3
-0.0002942132536557626 1 2 3 2 3 1 3 2 2 0 3 0
-0.0002942132536557626 1 2 3 2 3 1 3 2 2 3 0 0
3.052187354755202e-05 1 2 3 2 3 1 3 2 2 3 3 3
-0.00028400793167581394 1 2 3 3 0 0 1 2 0 0 0 0
0.00028400793167581394 1 2 3 3 0 0 2 1 0 0 0 0
0.002208468448280754 1 2 3 3 2 1 3 0 0 0 3 0
-3.052171762377821e-05 1 2 3 3 3 0 1 3 1 1 2 0
3.052171762377821e-05 1 2 3 3 3 0 1 3 2 1 1 0
-3.052171762377821e-05 1 2 3 3 3 0 2 3 1 2 2 0
3.052171762377821e-05 1 2 3 3 3 0 2 3 2 2 1 0
-0.049782901268204574 1 3 0 0 0 1 0 1 0 0 1 0
0.0029173292445314647 1 3 0 0 0 1 0 1 0 0 1 3
-0.00525683127572044 1 3 0 0 0 1 0 1 0 3 1 0
-0.0052466081169539195 1 3 0 0 0 1 0 1 3 0 1 0
-0.049782901268204574 1 3 0 0 0 1 0 2 0 0 2 0
0.0029173292445314647 1 3 0 0 0 1 0 2 0 0 2 3
-0.00525683127572044 1 3 0 0 0 1 0 2 0 3 2 0
-0.0052466081169539195 1 3 0 0 0 1 0 2 3 0 2 0
379.6783990651296 1 3 0 0 0 1 3 1 0 0 1 0
-0.048772451687085445 1 3 0 0 0 1 3 1 0 0 1 3
-0.0486396791788999 1 3 0 0 0 1 3 1 0 3 1 0
-0.005297609180401802 1 3 0 0 0 1 3 1 0 3 1 3
-0.04877837934038011 1 3 0 0 0 1 3 1 3 0 1 0
-0.005307610582390287 1 3 0 0 0 1 3 1 3 0 1 3
0.002473406527388546 1 3 0 0 0 1 3 1 3 3 1 0
379.67839906512967 1 3 0 0 0 1 3 2 0 0 2 0
-0.048772451687085445 1 3 0 0 0 1 3 2 0 0 2 3
-0.0486396791788999 1 3 0 0 0 1 3 2 0 3 2 0
-0.005297609180401802 1 3 0 0 0 1 3 2 0 3 2 3
-0.04877837934038011 1 3 0 0 0 1 3 2 3 0 2 0
-0.005307610582390287 1 3 0 0 0 1 3 2 3 0 2 3
0.002473406527388546 1 3 0 0 0 1 3 2 3 3 2 0
-0.0052138330592137955 1 3 0 0 0 1 3 3 1 1 3 0
-0.0052138330592137955 1 3 0 0 0 1 3 3 2 2 3 0
-0.05747547539577809 1 3 0 0 0 2 1 0 0 0 0 2
-0.007220382584875044 1 3 0 0 0 2 1 0 0 0 3 2
-0.006490120922735708 1 3 0 0 0 2 1 0 0 3 0 2
-0.006486600381325199 1 3 0 0 0 2 1 0 3 0 0 2
-0.0072156252822988985 1 3 0 0 0 2 1 3 0 0 0 2
0.05747547539577809 1 3 0 0 0 2 2 0 0 0 0 1
0.007220382584875044 1 3 0 0 0 2 2 0 0 0 3 1
0.006490120922735708 1 3 0 0 0 2 2 0 0 3 0 1
0.006486600381325199 1 3 0 0 0 2 2 0 3 0 0 1
0.0072156252822988985 1 3 0 0 0 2 2 3 0 0 0 1
-2.0016372306429914e-07 1 3 0 0 0 2 3 1 0 0 2 0
2.0016372306429914e-07 1 3 0 0 0 2 3 2 0 0 1 0
-0.0003015809451459933 1 3 0 0 1 3 3 1 0 0 3 1
-0.0003015809451459933 1 3 0 0 1 3 3 2 0 0 3 2
3.147530513756911e-05 1 3 0 0 1 3 3 3 1 1 1 1
3.147530513756911e-05 1 3 0 0 1 3 3 3 1 2 1 2
3.147530513756911e-05 1 3 0 0 1 3 3 3 2 1 2 1
3.147530513756911e-05 1 3 0 0 1 3 3 3 2 2 2 2
-0.0009967612889867977 1 3 0 0 2 0 0 1 0 0 3 2
0.0009967612889867977 1 3 0 0 2 0 0 2 0 0 3 1
-0.005060274824038199 1 3 0 0 2 0 1 0 0 0 2 0
-0.0008793936358728208 1 3 0 0 2 0 1 0 0 0 2 3
-0.0005714053739291992 1 3 0 0 2 0 1 0 0 3 2 0
-0.0005710954172573507 1 3 0 0 2 0 1 0 3 0 2 0
-0.0010014342450675796 1 3 0 0 2 0 1 3 0 0 2 0
0.005060274824038199 1 3 0 0 2 0 2 0 0 0 1 0
0.0008793936358728208 1 3 0 0 2 0 2 0 0 0 1 3
0.0005714053739291992 1 3 0 0 2 0 2 0 0 3 1 0
0.0005710954172573507 1 3 0 0 2 0 2 0 3 0 1 0
0.0010014342450675796 1 3 0 0 2 0 2 3 0 0 1 0
-0.0008854974771575364 1 3 0 0 2 0 3 1 0 0 0 2
-0.005042056544234516 1 3 0 0 2 0 3 1 0 0 3 2
-0.0005793154004574353 1 3 0 0 2 0 3 1 0 3 3 2
-0.0005792183557929892 1 3 0 0 2 0 3 1 3 0 3 2
0.0008854974771575364 1 3 0 0 2 0 3 2 0 0 0 1
0.005042056544234516 1 3 0 0 2 0 3 2 0 0 3 1
0.0005793154004574353 1 3 0 0 2 0 3 2 0 3 3 1
0.0005792183557929892 1 3 0 0 2 0 3 2 3 0 3 1
-0.0008037194867034556 1 3 0 0 2 3 0 1 0 0 0 2
-0.005146516003352701 1 3 0 0 2 3 0 1 0 0 3 2
-0.0005434469586588633 1 3 0 0 2 3 0 1 0 3 3 2
-0.0005423900967874898 1 3 0 0 2 3 0 1 3 0 3 2
0.0008037194867034556 1 3 0 0 2 3 0 2 0 0 0 1
0.005146516003352701 1 3 0 0 2 3 0 2 0 0 3 1
0.0005434469586588633 1 3 0 0 2 3 0 2 0 3 3 1
0.0005423900967874898 1 3 0 0 2 3 0 2 3 0 3 1
-0.0008099791470215279 1 3 0 0 2 3 1 0 0 0 2 0
0.0008099791470215279 1 3 0 0 2 3 2 0 0 0 1 0
-0.005028330629898974 1 3 0 0 2 3 3 1 0 0 0 2
39.25418764292742 1 3 0 0 2 3 3 1 0 0 3 2
-0.000538959507895452 1 3 0 0 2 3 3 1 0 3 0 2
-0.005028330629898973 1 3 0 0 2 3 3 1 0 3 3 2
-0.0005390018378698022 1 3 0 0 2 3 3 1 3 0 0 2
-0.005042669340230052 1 3 0 0 2 3 3 1 3 0 3 2
-0.0002743690990910074 1 3 0 0 2 3 3 1 3 3 3 2
0.005028330629898974 1 3 0 0 2 3 3 2 0 0 0 1
-39.25418764292743 1 3 0 0 2 3 3 2 0 0 3 1
0.000538959507895452 1 3 0 0 2 3 3 2 0 3 0 1
0.005028330629898973 1 3 0 0 2 3 3 2 0 3 3 1
0.0005390018378698022 1 3 0 0 2 3 3 2 3 0 0 1
0.005042669340230052 1 3 0 0 2 3 3 2 3 0 3 1
0.0002743690990910074 1 3 0 0 2 3 3 2 3 3 3 1
-0.0055768818068220455 1 3 0 0 3 1 0 1 0 0 1 0
-0.0055768818068220455 1 3 0 0 3 1 0 2 0 0 2 0
-0.005575675419022832 1 3 0 0 3 1 0 3 1 1 3 0
-0.005575675419022832 1 3 0 0 3 1 0 3 2 2 3 0
-0.005505058494096023 1 3 0 0 3 1 3 0 1 1 3 0
-0.005505058494096023 1 3 0 0 3 1 3 0 2 2 3 0
-0.04863967917889989 1 3 0 0 3 1 3 1 0 0 1 0
-0.005635444112149209 1 3 0 0 3 1 3 1 0 0 1 3
-0.005511085685195253 1 3 0 0 3 1 3 1 0 3 1 0
-0.0055080463128695575 1 3 0 0 3 1 3 1 3 0 1 0
-0.04863967917889989 1 3 0 0 3 1 3 2 0 0 2 0
-0.005635444112149209 1 3 0 0 3 1 3 2 0 0 2 3
-0.005511085685195253 1 3 0 0 3 1 3 2 0 3 2 0
-0.0055080463128695575 1 3 0 0 3 1 3 2 3 0 2 0
-0.0055080463128695575 1 3 0 0 3 1 3 3 1 1 0 0
-0.04877837934038011 1 3 0 0 3 1 3 3 1 1 3 0
-0.005634437888073059 1 3 0 0 3 1 3 3 1 1 3 3
-0.0055080463128695575 1 3 0 0 3 1 3 3 2 2 0 0
-0.04877837934038011 1 3 0 0 3 1 3 3 2 2 3 0
-0.005634437888073059 1 3 0 0 3 1 3 3 2 2 3 3
0.0018604514674955685 1 3 0 0 3 2 1 0 0 0 0 2
-0.0018604514674955685 1 3 0 0 3 2 2 0 0 0 0 1
-0.00026273794851819343 1 3 0 1 1 1 3 3 1 3 1 0
-0.00026273794851819343 1 3 0 1 1 1 3 3 2 3 2 0
-0.0002976620891857661 1 3 0 1 2 1 3 1 0 2 0 0
3.1652855047306194e-05 1 3 0 1 2 1 3 1 0 2 3 3
-0.0002968004429407984 1 3 0 1 2 1 3 1 3 2 3 0
0.0002976620891857661 1 3 0 1 2 1 3 2 0 1 0 0
-3.1652855047306194e-05 1 3 0 1 2 1 3 2 0 1 3 3
0.0002968004429407984 1 3 0 1 2 1 3 2 3 1 3 0
-0.005060274824038199 1 3 0 2 0 0 1 0 0 2 0 0
-0.0005812405822560525 1 3 0 2 0 0 1 0 0 2 0 3
-0.0006329855998197055 1 3 0 2 0 0 1 0 0 2 3 0
-0.0005710954172573507 1 3 0 2 0 0 1 0 3 2 0 0
-0.0006639829001947484 1 3 0 2 0 0 1 3 0 2 0 0
0.005060274824038199 1 3 0 2 0 0 2 0 0 1 0 0
0.0005812405822560525 1 3 0 2 0 0 2 0 0 1 0 3
0.0006329855998197055 1 3 0 2 0 0 2 0 0 1 3 0
0.0005710954172573507 1 3 0 2 0 0 2 0 3 1 0 0
0.0006639829001947484 1 3 0 2 0 0 2 3 0 1 0 0
-0.0003061820767001012 1 3 0 2 0 0 3 1 0 1 1 2
0.0003061820767001012 1 3 0 2 0 0 3 1 0 2 1 1
-0.0003061820767001012 1 3 0 2 0 0 3 2 0 1 2 2
0.0003061820767001012 1 3 0 2 0 0 3 2 0 2 2 1
-0.0002592310966368396 1 3 0 2 0 3 0 1 0 1 1 2
0.0002581896652290868 1 3 0 2 0 3 0 1 0 2 1 1
-1.041431407752708e-06 1 3 0 2 0 3 0 1 0 2 2 2
1.041431407752708e-06 1 3 0 2 0 3 0 2 0 1 1 1
-0.0002581896652290868 1 3 0 2 0 3 0 2 0 1 2 2
0.0002592310966368396 1 3 0 2 0 3 0 2 0 2 2 1
-0.0005506121476166897 1 3 0 2 0 3 1 0 0 2 0 0
0.0005506121476166897 1 3 0 2 0 3 2 0 0 1 0 0
-0.00026490020031116716 1 3 0 2 0 3 3 1 3 1 1 2
0.0002651676618435396 1 3 0 2 0 3 3 1 3 2 1 1
2.674615323724356e-07 1 3 0 2 0 3 3 1 3 2 2 2
-2.674615323724356e-07 1 3 0 2 0 3 3 2 3 1 1 1
-0.0002651676618435396 1 3 0 2 0 3 3 2 3 1 2 2
0.00026490020031116716 1 3 0 2 0 3 3 2 3 2 2 1
-0.0005390018378698022 1 3 0 2 0 3 3 3 1 3 3 2
0.0005390018378698022 1 3 0 2 0 3 3 3 2 3 3 1
-3.0930432936259275e-05 1 3 0 2 1 1 0 1 0 2 3 0
3.0930432936259275e-05 1 3 0 2 1 1 0 2 0 1 3 0
0.0002976620891857661 1 3 0 2 1 1 3 1 0 2 0 0
0.0002968004429407984 1 3 0 2 1 1 3 1 3 2 3 0
-0.0002976620891857661 1 3 0 2 1 1 3 2 0 1 0 0
-0.0002968004429407984 1 3 0 2 1 1 3 2 3 1 3 0
1.059777320492591e-06 1 3 0 2 1 2 3 3 1 3 1 0
1.059777320492591e-06 1 3 0 2 1 2 3 3 2 3 2 0
-0.0002637977258386861 1 3 0 2 2 1 3 3 1 3 1 0
-0.0002637977258386861 1 3 0 2 2 1 3 3 2 3 2 0
-3.0930432936259275e-05 1 3 0 2 2 2 0 1 0 2 3 0
3.0930432936259275e-05 1 3 0 2 2 2 0 2 0 1 3 0
3.1652855047306194e-05 1 3 0 2 2 2 3 1 0 2 3 3
-3.1652855047306194e-05 1 3 0 2 2 2 3 2 0 1 3 3
-0.0002753270045981094 1 3 0 2 3 0 1 0 0 2 0 0
0.0002753270045981094 1 3 0 2 3 0 2 0 0 1 0 0
-0.0008144800408331055 1 3 0 2 3 0 3 3 1 3 3 2
0.0008144800408331055 1 3 0 2 3 0 3 3 2 3 3 1
-0.0008714573988564012 1 3 0 2 3 3 0 3 1 3 3 2
0.0008714573988564012 1 3 0 2 3 3 0 3 2 3 3 1
-0.0005691084874025401 1 3 0 2 3 3 3 0 1 3 3 2
0.0005691084874025401 1 3 0 2 3 3 3 0 2 3 3 1
3.077206564022325e-05 1 3 0 2 3 3 3 1 0 1 1 2
3.077206564022325e-05 1 3 0 2 3 3 3 1 0 2 2 2
-3.077206564022325e-05 1 3 0 2 3 3 3 2 0 1 1 1
-3.077206564022325e-05 1 3 0 2 3 3 3 2 0 2 2 1
-0.0009996162376861152 1 3 0 2 3 3 3 3 1 0 3 2
-0.0005694173656868787 1 3 0 2 3 3 3 3 1 3 0 2
-0.005042669340230052 1 3 0 2 3 3 3 3 1 3 3 2
0.0009996162376861152 1 3 0 2 3 3 3 3 2 0 3 1
0.0005694173656868787 1 3 0 2 3 3 3 3 2 3 0 1
0.005042669340230052 1 3 0 2 3 3 3 3 2 3 3 1
-0.005545951373885786 1 3 0 3 0 1 0 1 0 0 1 0
-0.005545951373885786 1 3 0 3 0 1 0 2 0 0 2 0
-0.048639679178899886 1 3 0 3 0 1 3 1 0 0 1 0
-0.005603791257101903 1 3 0 3 0 1 3 1 0 0 1 3
-0.006106409863566783 1 3 0 3 0 1 3 1 0 3 1 0
-0.006101647198751154 1 3 0 3 0 1 3 1 3 0 1 0
-0.048639679178899886 1 3 0 3 0 1 3 2 0 0 2 0
-0.005603791257101903 1 3 0 3 0 1 3 2 0 0 2 3
-0.006106409863566783 1 3 0 3 0 1 3 2 0 3 2 0
-0.006101647198751154 1 3 0 3 0 1 3 2 3 0 2 0
-0.006143449982653758 1 3 0 3 0 2 1 0 0 0 0 2
0.006143449982653758 1 3 0 3 0 2 2 0 0 0 0 1
-0.0005408836563054211 1 3 0 3 2 0 1 0 0 0 2 0
0.0005408836563054211 1 3 0 3 2 0 2 0 0 0 1 0
-0.0005476625454101291 1 3 0 3 2 0 3 1 0 0 3 2
0.0005476625454101291 1 3 0 3 2 0 3 2 0 0 3 1
-0.0005733359601873698 1 3 0 3 2 3 0 1 0 0 3 2
0.0005733359601873698 1 3 0 3 2 3 0 2 0 0 3 1
-0.0005697315735356752 1 3 0 3 2 3 3 1 0 0 0 2
-0.005028330629898972 1 3 0 3 2 3 3 1 0 0 3 2
-0.0006312757048161215 1 3 0 3 2 3 3 1 0 3 3 2
-0.0006614663337352254 1 3 0 3 2 3 3 1 3 0 3 2
0.0005697315735356752 1 3 0 3 2 3 3 2 0 0 0 1
0.005028330629898972 1 3 0 3 2 3 3 2 0 0 3 1
0.0006312757048161215 1 3 0 3 2 3 3 2 0 3 3 1
0.0006614663337352254 1 3 0 3 2 3 3 2 3 0 3 1
-0.005213423596009487 1 3 0 3 3 1 3 1 0 0 1 0
-0.005213423596009487 1 3 0 3 3 1 3 2 0 0 2 0
0.0035160261000130484 1 3 0 3 3 1 3 3 1 1 3 0
0.0035160261000130484 1 3 0 3 3 1 3 3 2 2 3 0
0.0005667449150602472 1 3 1 0 0 0 3 3 0 1 3 1
0.0005667449150602472 1 3 1 0 0 0 3 3 0 2 3 2
0.0005933128762969198 1 3 1 0 0 3 0 3 0 1 3 1
0.0005933128762969198 1 3 1 0 0 3 0 3 0 2 3 2
0.0006831774446788894 1 3 1 0 0 3 3 0 0 1 3 1
0.0006831774446788894 1 3 1 0 0 3 3 0 0 2 3 2
0.0006532714327536948 1 3 1 0 0 3 3 3 0 1 0 1
0.005203534255940054 1 3 1 0 0 3 3 3 0 1 3 1
0.0006532714327536948 1 3 1 0 0 3 3 3 0 2 0 2
0.005203534255940054 1 3 1 0 0 3 3 3 0 2 3 2
0.0005892577450378097 1 3 1 0 0 3 3 3 3 1 3 1
0.0005892577450378097 1 3 1 0 0 3 3 3 3 2 3 2
2.988900152850656e-05 1 3 1 0 1 2 0 3 0 1 2 0
-2.988900152850656e-05 1 3 1 0 1 2 0 3 0 2 1 0
-3.275574493005684e-05 1 3 1 0 1 2 3 3 0 1 2 3
3.275574493005684e-05 1 3 1 0 1 2 3 3 0 2 1 3
-0.0002942132536557626 1 3 1 0 2 1 3 0 0 1 2 0
0.0002942132536557626 1 3 1 0 2 1 3 0 0 2 1 0
-0.0002942132536557626 1 3 1 0 2 1 3 1 2 0 0 0
3.052187354755202e-05 1 3 1 0 2 1 3 1 2 0 3 3
-0.0002942132536557626 1 3 1 0 2 1 3 1 2 3 3 0
0.0002942132536557626 1 3 1 0 2 1 3 2 1 0 0 0
-3.052187354755202e-05 1 3 1 0 2 1 3 2 1 0 3 3
0.0002942132536557626 1 3 1 0 2 1 3 2 1 3 3 0
3.275574493005684e-05 1 3 1 0 2 1 3 3 0 1 2 3
-3.275574493005684e-05 1 3 1 0 2 1 3 3 0 2 1 3
-0.0002942132536557626 1 3 1 0 2 1 3 3 3 1 2 0
0.0002942132536557626 1 3 1 0 2 1 3 3 3 2 1 0
0.0010074220717757709 1 3 1 0 3 0 0 3 0 1 3 1
0.0010074220717757709 1 3 1 0 3 0 0 3 0 2 3 2
-3.176091029069401e-05 1 3 1 0 3 0 1 1 0 1 1 0
-3.176091029069401e-05 1 3 1 0 3 0 1 1 0 2 2 0
-3.176091029069401e-05 1 3 1 0 3 0 2 2 0 1 1 0
-3.176091029069401e-05 1 3 1 0 3 0 2 2 0 2 2 0
0.0005994002339696285 1 3 1 0 3 0 3 0 0 1 3 1
0.0005994002339696285 1 3 1 0 3 0 3 0 0 2 3 2
0.0005995006599903039 1 3 1 0 3 0 3 3 0 1 0 1
0.005217738426408561 1 3 1 0 3 0 3 3 0 1 3 1
0.0005995006599903039 1 3 1 0 3 0 3 3 0 2 0 2
0.005217738426408561 1 3 1 0 3 0 3 3 0 2 3 2
0.000894642183348305 1 3 1 0 3 0 3 3 3 1 3 1
0.000894642183348305 1 3 1 0 3 0 3 3 3 2 3 2
0.0005612887569354305 1 3 1 0 3 3 0 0 0 1 3 1
0.0005612887569354305 1 3 1 0 3 3 0 0 0 2 3 2
0.0005623824433606605 1 3 1 0 3 3 0 3 0 1 0 1
0.005325837597661619 1 3 1 0 3 3 0 3 0 1 3 1
0.0005623824433606605 1 3 1 0 3 3 0 3 0 2 0 2
0.005325837597661619 1 3 1 0 3 3 0 3 0 2 3 2
0.0008265447499982597 1 3 1 0 3 3 0 3 3 1 3 1
0.0008265447499982599 1 3 1 0 3 3 0 3 3 2 3 2
0.00028392902356147426 1 3 1 0 3 3 3 0 0 1 0 1
0.0052183725742380085 1 3 1 0 3 3 3 0 0 1 3 1
0.00028392902356147426 1 3 1 0 3 3 3 0 0 2 0 2
0.0052183725742380085 1 3 1 0 3 3 3 0 0 2 3 2
0.000557277178081462 1 3 1 0 3 3 3 0 3 1 3 1
0.000557277178081462 1 3 1 0 3 3 3 0 3 2 3 2
0.005203534255940056 1 3 1 0 3 3 3 3 0 1 0 1
-40.62192405790635 1 3 1 0 3 3 3 3 0 1 3 1
0.005203534255940056 1 3 1 0 3 3 3 3 0 2 0 2
-40.62192405790635 1 3 1 0 3 3 3 3 0 2 3 2
0.0005577824399002406 1 3 1 0 3 3 3 3 3 1 0 1
0.005218372574238005 1 3 1 0 3 3 3 3 3 1 3 1
0.0005577824399002406 1 3 1 0 3 3 3 3 3 2 0 2
0.005218372574238005 1 3 1 0 3 3 3 3 3 2 3 2
-0.004952638497588866 1 3 1 1 0 1 0 3 0 3 3 0
-0.0054488852818893405 1 3 1 1 0 1 3 0 0 3 3 0
-0.004921502784270719 1 3 1 1 0 1 3 3 0 0 3 0
-0.005453138430813087 1 3 1 1 0 1 3 3 0 3 0 0
-0.04343614492295983 1 3 1 1 0 1 3 3 0 3 3 0
-0.005004290597111598 1 3 1 1 0 1 3 3 0 3 3 3
-0.004918788567831747 1 3 1 1 0 1 3 3 3 3 3 0
0.00027420638198738474 1 3 1 1 1 0 1 1 0 3 0 0
0.00027420638198738474 1 3 1 1 1 0 2 2 0 3 0 0
-0.0002734263317700443 1 3 1 1 1 0 3 3 0 3 1 1
-0.0002734263317700443 1 3 1 1 1 0 3 3 0 3 2 2
-0.0002891200981653461 1 3 1 1 1 3 0 3 0 3 1 1
-0.0002891200981653461 1 3 1 1 1 3 0 3 0 3 2 2
-0.0002955831896606162 1 3 1 1 1 3 3 0 0 3 1 1
-0.0002955831896606162 1 3 1 1 1 3 3 0 0 3 2 2
3.184426591458142e-05 1 3 1 1 1 3 3 3 0 0 1 1
3.184426591458142e-05 1 3 1 1 1 3 3 3 0 0 2 2
-0.004685319360018488 1 3 1 1 3 1 0 0 0 3 3 0
-0.004694448832359779 1 3 1 1 3 1 0 3 0 0 3 0
-0.004694448832359779 1 3 1 1 3 1 0 3 0 3 0 0
-0.044457063670542946 1 3 1 1 3 1 0 3 0 3 3 0
0.003924751316307236 1 3 1 1 3 1 0 3 0 3 3 3
-0.00474913066902457 1 3 1 1 3 1 0 3 3 3 3 0
-0.0046560506193135546 1 3 1 1 3 1 3 0 0 0 3 0
0.0033483492475465827 1 3 1 1 3 1 3 0 0 3 0 0
-0.04356000676614212 1 3 1 1 3 1 3 0 0 3 3 0
-0.004739795704724753 1 3 1 1 3 1 3 0 0 3 3 3
-0.0046518329809729485 1 3 1 1 3 1 3 0 3 3 3 0
-0.004655684960999535 1 3 1 1 3 1 3 3 0 0 0 0
-0.043436144922959836 1 3 1 1 3 1 3 3 0 0 3 0
-0.004796375755201667 1 3 1 1 3 1 3 3 0 0 3 3
-0.04343614492295984 1 3 1 1 3 1 3 3 0 3 0 0
-0.004730864265341554 1 3 1 1 3 1 3 3 0 3 0 3
339.056173426278 1 3 1 1 3 1 3 3 0 3 3 0
-0.04355471326067687 1 3 1 1 3 1 3 3 0 3 3 3
0.0045252022621696305 1 3 1 1 3 1 3 3 3 0 3 0
-0.0046560506193135546 1 3 1 1 3 1 3 3 3 3 0 0
-0.04356000676614209 1 3 1 1 3 1 3 3 3 3 3 0
-0.004739795704724753 1 3 1 1 3 1 3 3 3 3 3 3
0.00860668650723696 1 3 1 2 0 1 3 1 1 2 1 0
-0.008604366779484295 1 3 1 2 0 1 3 1 2 1 1 0
2.3197277526634202e-06 1 3 1 2 0 1 3 1 2 2 2 0
-2.3197277526634202e-06 1 3 1 2 0 1 3 2 1 1 1 0
0.008604366779484295 1 3 1 2 0 1 3 2 1 2 2 0
-0.00860668650723696 1 3 1 2 0 1 3 2 2 1 2 0
1.997691610954986e-05 1 3 1 2 0 2 0 3 0 3 3 0
2.1978572476036274e-05 1 3 1 2 0 2 3 0 0 3 3 0
1.9851327388856758e-05 1 3 1 2 0 2 3 3 0 0 3 0
2.1995727937573086e-05 1 3 1 2 0 2 3 3 0 3 0 0
0.00017520362604108054 1 3 1 2 0 2 3 3 0 3 3 0
2.018525953286858e-05 1 3 1 2 0 2 3 3 0 3 3 3
1.984037935093093e-05 1 3 1 2 0 2 3 3 3 3 3 0
-2.7685769594171065e-07 1 3 1 2 2 0 1 1 0 3 0 0
-2.7685769594171065e-07 1 3 1 2 2 0 2 2 0 3 0 0
1.1028898827506465e-06 1 3 1 2 2 0 3 3 0 3 1 1
1.1028898827506465e-06 1 3 1 2 2 0 3 3 0 3 2 2
0.0003868297731118456 1 3 1 2 2 3 3 1 1 2 3 2
-0.0003564142452947691 1 3 1 2 2 3 3 1 2 1 3 2
-3.0415527817076513e-05 1 3 1 2 2 3 3 1 2 2 3 1
-3.0415527817076513e-05 1 3 1 2 2 3 3 2 1 1 3 2
-0.0003564142452947691 1 3 1 2 2 3 3 2 1 2 3 1
0.0003868297731118456 1 3 1 2 2 3 3 2 2 1 3 1
3.184426591458142e-05 1 3 1 2 2 3 3 3 0 0 1 1
3.184426591458142e-05 1 3 1 2 2 3 3 3 0 0 2 2
-3.0415527817076513e-05 1 3 1 2 2 3 3 3 3 3 1 1
-3.0415527817076513e-05 1 3 1 2 2 3 3 3 3 3 2 2
1.8898660147940616e-05 1 3 1 2 3 2 0 0 0 3 3 0
7.871348775881027e-05 1 3 1 2 3 2 0 3 0 0 3 0
1.8935484701797153e-05 1 3 1 2 3 2 0 3 0 3 0 0
0.0001793215943089167 1 3 1 2 3 2 0 3 0 3 3 0
1.0660782788973007e-05 1 3 1 2 3 2 0 3 0 3 3 3
-4.491264885814146e-05 1 3 1 2 3 2 0 3 3 3 3 0
1.8780602030438342e-05 1 3 1 2 3 2 3 0 0 0 3 0
9.55992447046682e-06 1 3 1 2 3 2 3 0 0 3 0 0
0.00017570323400795143 1 3 1 2 3 2 3 0 0 3 3 0
1.9118395420095405e-05 1 3 1 2 3 2 3 0 0 3 3 3
1.8763589804056038e-05 1 3 1 2 3 2 3 0 3 3 3 0
1.877912711449859e-05 1 3 1 2 3 2 3 3 0 0 0 0
0.00017520362604108057 1 3 1 2 3 2 3 3 0 0 3 0
-4.642912020999575e-05 1 3 1 2 3 2 3 3 0 0 3 3
0.0001752036260410806 1 3 1 2 3 2 3 3 0 3 0 0
1.9082369650117934e-05 1 3 1 2 3 2 3 3 0 3 0 3
-1.367736615142619 1 3 1 2 3 2 3 3 0 3 3 0
0.00017568188217404387 1 3 1 2 3 2 3 3 0 3 3 3
9.55992447046682e-06 1 3 1 2 3 2 3 3 3 0 3 0
1.8780602030438342e-05 1 3 1 2 3 2 3 3 3 3 0 0
0.00017570323400795132 1 3 1 2 3 2 3 3 3 3 3 0
8.016214251519945e-05 1 3 1 2 3 2 3 3 3 3 3 3
0.0005577386350099507 1 3 1 3 0 3 3 3 0 1 3 1
0.0005577386350099507 1 3 1 3 0 3 3 3 0 2 3 2
-1.072200274358168e-06 1 3 1 3 1 2 3 3 0 1 2 0
1.072200274358168e-06 1 3 1 3 1 2 3 3 0 2 1 0
-0.0002661174535913495 1 3 1 3 2 1 3 1 2 0 3 0
0.0002661174535913495 1 3 1 3 2 1 3 2 1 0 3 0
-0.00026581782327118463 1 3 1 3 2 1 3 3 0 1 2 0
0.00026581782327118463 1 3 1 3 2 1 3 3 0 2 1 0
0.0008390683569475409 1 3 1 3 3 0 3 3 0 1 3 1
0.0008390683569475409 1 3 1 3 3 0 3 3 0 2 3 2
0.0008824329744622659 1 3 1 3 3 3 0 3 0 1 3 1
0.0008824329744622659 1 3 1 3 3 3 0 3 0 2 3 2
0.0005892577450378097 1 3 1 3 3 3 3 0 0 1 3 1
0.0005892577450378097 1 3 1 3 3 3 3 0 0 2 3 2
0.0005895829009245321 1 3 1 3 3 3 3 3 0 1 0 1
0.005203534255940053 1 3 1 3 3 3 3 3 0 1 3 1
0.0005895829009245321 1 3 1 3 3 3 3 3 0 2 0 2
0.005203534255940053 1 3 1 3 3 3 3 3 0 2 3 2
0.001009176162156582 1 3 1 3 3 3 3 3 3 1 3 1
0.001009176162156582 1 3 1 3 3 3 3 3 3 2 3 2
-0.005219822837879923 1 3 2 0 0 0 1 0 2 0 0 0
-0.0005995668162429165 1 3 2 0 0 0 1 0 2 0 0 3
-0.0006529433291433973 1 3 2 0 0 0 1 0 2 0 3 0
-0.0005894215085620094 1 3 2 0 0 0 1 0 2 3 0 0
-0.0006841109552397734 1 3 2 0 0 0 1 3 2 0 0 0
0.005219822837879923 1 3 2 0 0 0 2 0 1 0 0 0
0.0005995668162429165 1 3 2 0 0 0 2 0 1 0 0 3
0.0006529433291433973 1 3 2 0 0 0 2 0 1 0 3 0
0.0005894215085620094 1 3 2 0 0 0 2 0 1 3 0 0
0.0006841109552397734 1 3 2 0 0 0 2 3 1 0 0 0
-0.00029524194937867655 1 3 2 0 0 0 3 1 1 0 1 2
0.00029524194937867655 1 3 2 0 0 0 3 1 2 0 1 1
-0.00029524194937867655 1 3 2 0 0 0 3 2 1 0 2 2
0.00029524194937867655 1 3 2 0 0 0 3 2 2 0 2 1
-0.0002674045275339018 1 3 2 0 0 3 0 1 1 0 1 2
0.0002663302602983655 1 3 2 0 0 3 0 1 2 0 1 1
-1.0742672355362153e-06 1 3 2 0 0 3 0 1 2 0 2 2
1.0742672355362153e-06 1 3 2 0 0 3 0 2 1 0 1 1
-0.0002663302602983655 1 3 2 0 0 3 0 2 1 0 2 2
0.0002674045275339018 1 3 2 0 0 3 0 2 2 0 2 1
-0.0005679726818967754 1 3 2 0 0 3 1 0 2 0 0 0
0.0005679726818967754 1 3 2 0 0 3 2 0 1 0 0 0
-0.00027440697788763137 1 3 2 0 0 3 3 1 1 3 1 2
0.0002741301971131988 1 3 2 0 0 3 3 1 2 3 1 1
-2.7678077443251797e-07 1 3 2 0 0 3 3 1 2 3 2 2
2.7678077443251797e-07 1 3 2 0 0 3 3 2 1 3 1 1
-0.0002741301971131988 1 3 2 0 0 3 3 2 1 3 2 2
0.00027440697788763137 1 3 2 0 0 3 3 2 2 3 2 1
-3.190565450304104e-05 1 3 2 0 1 1 0 1 2 0 3 0
3.190565450304104e-05 1 3 2 0 1 1 0 2 1 0 3 0
-2.988900152850656e-05 1 3 2 0 1 1 0 3 0 1 2 0
2.988900152850656e-05 1 3 2 0 1 1 0 3 0 2 1 0
0.0002942132536557626 1 3 2 0 1 1 3 0 0 1 2 0
-0.0002942132536557626 1 3 2 0 1 1 3 0 0 2 1 0
0.0002942132536557626 1 3 2 0 1 1 3 1 2 0 0 0
0.0002942132536557626 1 3 2 0 1 1 3 1 2 3 3 0
-0.0002942132536557626 1 3 2 0 1 1 3 2 1 0 0 0
-0.0002942132536557626 1 3 2 0 1 1 3 2 1 3 3 0
0.0002942132536557626 1 3 2 0 1 1 3 3 3 1 2 0
-0.0002942132536557626 1 3 2 0 1 1 3 3 3 2 1 0
-3.190565450304104e-05 1 3 2 0 2 2 0 1 2 0 3 0
3.190565450304104e-05 1 3 2 0 2 2 0 2 1 0 3 0
3.052187354755202e-05 1 3 2 0 2 2 3 1 2 0 3 3
-3.052187354755202e-05 1 3 2 0 2 2 3 2 1 0 3 3
-0.00028400793167581394 1 3 2 0 3 0 1 0 2 0 0 0
0.00028400793167581394 1 3 2 0 3 0 2 0 1 0 0 0
3.0415527817076513e-05 1 3 2 0 3 3 3 1 1 0 1 2
3.0415527817076513e-05 1 3 2 0 3 3 3 1 2 0 2 2
-3.0415527817076513e-05 1 3 2 0 3 3 3 2 1 0 1 1
-3.0415527817076513e-05 1 3 2 0 3 3 3 2 2 0 2 1
0.00030169068985086 1 3 2 0 3 3 3 3 0 1 3 2
-0.00030169068985086 1 3 2 0 3 3 3 3 0 2 3 1
-0.008597447191192868 1 3 2 1 0 1 3 1 1 2 1 0
0.008595136782682264 1 3 2 1 0 1 3 1 2 1 1 0
-2.310408510603337e-06 1 3 2 1 0 1 3 1 2 2 2 0
2.310408510603337e-06 1 3 2 1 0 1 3 2 1 1 1 0
-0.008595136782682264 1 3 2 1 0 1 3 2 1 2 2 0
0.008597447191192868 1 3 2 1 0 1 3 2 2 1 2 0
-0.0003564142452947691 1 3 2 1 2 3 3 1 1 2 3 2
0.0003881663312067707 1 3 2 1 2 3 3 1 2 1 3 2
-3.1752085912001624e-05 1 3 2 1 2 3 3 1 2 2 3 1
-3.1752085912001624e-05 1 3 2 1 2 3 3 2 1 1 3 2
0.0003881663312067707 1 3 2 1 2 3 3 2 1 2 3 1
-0.0003564142452947691 1 3 2 1 2 3 3 2 2 1 3 1
3.099084279279199e-07 1 3 2 1 3 2 3 3 0 3 3 0
-0.004972615413698417 1 3 2 2 0 1 0 3 0 3 3 0
-0.005470863854365379 1 3 2 2 0 1 3 0 0 3 3 0
-0.004941354111659578 1 3 2 2 0 1 3 3 0 0 3 0
-0.005475134158750662 1 3 2 2 0 1 3 3 0 3 0 0
-0.04361134854900093 1 3 2 2 0 1 3 3 0 3 3 0
-0.0050244758566444685 1 3 2 2 0 1 3 3 0 3 3 3
-0.00493862894718268 1 3 2 2 0 1 3 3 3 3 3 0
9.239316044091684e-06 1 3 2 2 0 2 3 1 1 2 1 0
-9.2299968020316e-06 1 3 2 2 0 2 3 1 2 1 1 0
9.319242060082287e-09 1 3 2 2 0 2 3 1 2 2 2 0
-9.319242060082287e-09 1 3 2 2 0 2 3 2 1 1 1 0
9.2299968020316e-06 1 3 2 2 0 2 3 2 1 2 2 0
-9.239316044091684e-06 1 3 2 2 0 2 3 2 2 1 2 0
0.0002744832396833265 1 3 2 2 1 0 1 1 0 3 0 0
0.0002744832396833265 1 3 2 2 1 0 2 2 0 3 0 0
-0.00027452922165279505 1 3 2 2 1 0 3 3 0 3 1 1
-0.00027452922165279505 1 3 2 2 1 0 3 3 0 3 2 2
-0.0002891200981653461 1 3 2 2 1 3 0 3 0 3 1 1
-0.0002891200981653461 1 3 2 2 1 3 0 3 0 3 2 2
-0.0002955831896606162 1 3 2 2 1 3 3 0 0 3 1 1
-0.0002955831896606162 1 3 2 2 1 3 3 0 0 3 2 2
-3.0415527817076513e-05 1 3 2 2 1 3 3 1 1 2 3 2
-3.1752085912001624e-05 1 3 2 2 1 3 3 1 2 1 3 2
6.216761372907814e-05 1 3 2 2 1 3 3 1 2 2 3 1
6.216761372907814e-05 1 3 2 2 1 3 3 2 1 1 3 2
-3.1752085912001624e-05 1 3 2 2 1 3 3 2 1 2 3 1
-3.0415527817076513e-05 1 3 2 2 1 3 3 2 2 1 3 1
3.0415527817076513e-05 1 3 2 2 1 3 3 3 3 3 1 1
3.0415527817076513e-05 1 3 2 2 1 3 3 3 3 3 2 2
-0.004704218020166431 1 3 2 2 3 1 0 0 0 3 3 0
-0.0047731623201185906 1 3 2 2 3 1 0 3 0 0 3 0
-0.004713384317061578 1 3 2 2 3 1 0 3 0 3 0 0
-0.04463638526485188 1 3 2 2 3 1 0 3 0 3 3 0
0.003914090533518263 1 3 2 2 3 1 0 3 0 3 3 3
-0.004704218020166431 1 3 2 2 3 1 0 3 3 3 3 0
-0.004674831221343994 1 3 2 2 3 1 3 0 0 0 3 0
0.0033387893230761158 1 3 2 2 3 1 3 0 0 3 0 0
-0.04373571000015009 1 3 2 2 3 1 3 0 0 3 3 0
-0.00475891410014485 1 3 2 2 3 1 3 0 0 3 3 3
-0.004670596570777006 1 3 2 2 3 1 3 0 3 3 3 0
-0.004674464088114036 1 3 2 2 3 1 3 3 0 0 0 0
-0.043611348549000936 1 3 2 2 3 1 3 3 0 0 3 0
-0.0047499466349916735 1 3 2 2 3 1 3 3 0 0 3 3
-0.04361134854900094 1 3 2 2 3 1 3 3 0 3 0 0
-0.0047499466349916735 1 3 2 2 3 1 3 3 0 3 0 3
340.4239097315127 1 3 2 2 3 1 3 3 0 3 3 0
-0.04373039514285093 1 3 2 2 3 1 3 3 0 3 3 3
0.004515642337699162 1 3 2 2 3 1 3 3 3 0 3 0
-0.004674831221343994 1 3 2 2 3 1 3 3 3 3 0 0
-0.04373571000015006 1 3 2 2 3 1 3 3 3 3 3 0
-0.004819957847239955 1 3 2 2 3 1 3 3 3 3 3 3
-0.0005579374559672571 1 3 2 3 0 0 1 0 2 0 0 0
0.0005579374559672571 1 3 2 3 0 0 2 0 1 0 0 0
-0.0002955831896606162 1 3 2 3 0 3 3 1 1 0 1 2
0.0002955831896606162 1 3 2 3 0 3 3 1 2 0 1 1
-0.0002955831896606162 1 3 2 3 0 3 3 2 1 0 2 2
0.0002955831896606162 1 3 2 3 0 3 3 2 2 0 2 1
0.0002650483570287967 1 3 2 3 1 1 3 1 2 0 3 0
-0.0002650483570287967 1 3 2 3 1 1 3 2 1 0 3 0
0.0002668900235455429 1 3 2 3 1 1 3 3 0 1 2 0
-0.0002668900235455429 1 3 2 3 1 1 3 3 0 2 1 0
-1.0690965625526732e-06 1 3 2 3 2 2 3 1 2 0 3 0
1.0690965625526732e-06 1 3 2 3 2 2 3 2 1 0 3 0
-0.005544844031755327 1 3 3 0 0 1 0 1 0 0 1 0
-0.005544844031755327 1 3 3 0 0 1 0 2 0 0 2 0
-0.005545951373885786 1 3 3 0 0 1 0 3 1 1 3 0
-0.005545951373885786 1 3 3 0 0 1 0 3 2 2 3 0
-0.006101647198751154 1 3 3 0 0 1 3 0 1 1 3 0
-0.006101647198751154 1 3 3 0 0 1 3 0 2 2 3 0
-0.04877837934038011 1 3 3 0 0 1 3 1 0 0 1 0
-0.005602852531768963 1 3 3 0 0 1 3 1 0 0 1 3
-0.006101647198751154 1 3 3 0 0 1 3 1 0 3 1 0
-0.006096955164179244 1 3 3 0 0 1 3 1 3 0 1 0
-0.04877837934038011 1 3 3 0 0 1 3 2 0 0 2 0
-0.005602852531768963 1 3 3 0 0 1 3 2 0 0 2 3
-0.006101647198751154 1 3 3 0 0 1 3 2 0 3 2 0
-0.006096955164179244 1 3 3 0 0 1 3 2 3 0 2 0
-0.006106409863566783 1 3 3 0 0 1 3 3 1 1 0 0
-0.04863967917889989 1 3 3 0 0 1 3 3 1 1 3 0
-0.005603791257101903 1 3 3 0 0 1 3 3 1 1 3 3
-0.006106409863566783 1 3 3 0 0 1 3 3 2 2 0 0
-0.04863967917889989 1 3 3 0 0 1 3 3 2 2 3 0
-0.005603791257101903 1 3 3 0 0 1 3 3 2 2 3 3
-0.00613788499801142 1 3 3 0 0 2 1 0 0 0 0 2
0.00613788499801142 1 3 3 0 0 2 2 0 0 0 0 1
0.0003059672922780789 1 3 3 0 1 0 1 1 1 1 0 0
0.0003059672922780789 1 3 3 0 1 0 1 1 2 2 0 0
0.0003059672922780789 1 3 3 0 1 0 2 2 1 1 0 0
0.0003059672922780789 1 3 3 0 1 0 2 2 2 2 0 0
-0.0003061820767001012 1 3 3 0 1 0 3 3 1 1 1 1
-0.0003061820767001012 1 3 3 0 1 0 3 3 1 1 2 2
-0.0003061820767001012 1 3 3 0 1 0 3 3 2 2 1 1
-0.0003061820767001012 1 3 3 0 1 0 3 3 2 2 2 2
-0.0002581896652290868 1 3 3 0 1 3 0 3 1 1 1 1
-0.0002592310966368396 1 3 3 0 1 3 0 3 1 1 2 2
1.041431407752708e-06 1 3 3 0 1 3 0 3 1 2 1 2
1.041431407752708e-06 1 3 3 0 1 3 0 3 2 1 2 1
-0.0002592310966368396 1 3 3 0 1 3 0 3 2 2 1 1
-0.0002581896652290868 1 3 3 0 1 3 0 3 2 2 2 2
-0.0002651676618435396 1 3 3 0 1 3 3 0 1 1 1 1
-0.00026490020031116716 1 3 3 0 1 3 3 0 1 1 2 2
-2.674615323724356e-07 1 3 3 0 1 3 3 0 1 2 1 2
-2.674615323724356e-07 1 3 3 0 1 3 3 0 2 1 2 1
-0.00026490020031116716 1 3 3 0 1 3 3 0 2 2 1 1
-0.0002651676618435396 1 3 3 0 1 3 3 0 2 2 2 2
-0.000540393702086028 1 3 3 0 2 0 1 0 0 0 2 0
0.000540393702086028 1 3 3 0 2 0 2 0 0 0 1 0
-0.0005486964822454372 1 3 3 0 2 0 3 1 0 0 3 2
0.0005486964822454372 1 3 3 0 2 0 3 2 0 0 3 1
-0.0005732214840549946 1 3 3 0 2 3 0 1 0 0 3 2
0.0005732214840549946 1 3 3 0 2 3 0 2 0 0 3 1
-0.0005694173656868787 1 3 3 0 2 3 3 1 0 0 0 2
-0.005042669340230052 1 3 3 0 2 3 3 1 0 0 3 2
-0.0006622586495233456 1 3 3 0 2 3 3 1 0 3 3 2
-0.0006302982856528086 1 3 3 0 2 3 3 1 3 0 3 2
0.0005694173656868787 1 3 3 0 2 3 3 2 0 0 0 1
0.005042669340230052 1 3 3 0 2 3 3 2 0 0 3 1
0.0006622586495233456 1 3 3 0 2 3 3 2 0 3 3 1
0.0006302982856528086 1 3 3 0 2 3 3 2 3 0 3 1
-0.0052466081169539195 1 3 3 0 3 1 0 0 1 1 3 0
-0.0052466081169539195 1 3 3 0 3 1 0 0 2 2 3 0
-0.00525683127572044 1 3 3 0 3 1 0 3 1 1 0 0
-0.049782901268204574 1 3 3 0 3 1 0 3 1 1 3 0
0.0029173292445314647 1 3 3 0 3 1 0 3 1 1 3 3
-0.00525683127572044 1 3 3 0 3 1 0 3 2 2 0 0
-0.049782901268204574 1 3 3 0 3 1 0 3 2 2 3 0
0.0029173292445314647 1 3 3 0 3 1 0 3 2 2 3 3
0.002473406527388546 1 3 3 0 3 1 3 0 1 1 0 0
-0.04877837934038014 1 3 3 0 3 1 3 0 1 1 3 0
-0.005307610582390287 1 3 3 0 3 1 3 0 1 1 3 3
0.002473406527388546 1 3 3 0 3 1 3 0 2 2 0 0
-0.04877837934038014 1 3 3 0 3 1 3 0 2 2 3 0
-0.005307610582390287 1 3 3 0 3 1 3 0 2 2 3 3
-0.0052138330592137955 1 3 3 0 3 1 3 1 0 0 1 0
-0.0052138330592137955 1 3 3 0 3 1 3 2 0 0 2 0
-0.04863967917889991 1 3 3 0 3 1 3 3 1 1 0 0
-0.005297609180401802 1 3 3 0 3 1 3 3 1 1 0 3
379.6783990651296 1 3 3 0 3 1 3 3 1 1 3 0
-0.048772451687085445 1 3 3 0 3 1 3 3 1 1 3 3
-0.04863967917889991 1 3 3 0 3 1 3 3 2 2 0 0
-0.005297609180401802 1 3 3 0 3 1 3 3 2 2 0 3
379.67839906512967 1 3 3 0 3 1 3 3 2 2 3 0
-0.048772451687085445 1 3 3 0 3 1 3 3 2 2 3 3
-2.0016372306429914e-07 1 3 3 0 3 2 3 3 1 2 3 0
2.0016372306429914e-07 1 3 3 0 3 2 3 3 2 1 3 0
3.0930432936259275e-05 1 3 3 1 1 1 0 3 1 3 1 0
3.0930432936259275e-05 1 3 3 1 1 1 0 3 2 3 2 0
-0.0002968004429407984 1 3 3 1 1 1 3 0 1 3 1 0
-0.0002968004429407984 1 3 3 1 1 1 3 0 2 3 2 0
-0.0002976620891857661 1 3 3 1 1 1 3 3 1 0 1 0
-0.0002976620891857661 1 3 3 1 1 1 3 3 2 0 2 0
-0.00026273794851819343 1 3 3 1 2 1 3 1 0 2 3 0
0.00026273794851819343 1 3 3 1 2 1 3 2 0 1 3 0
-0.0003015809451459933 1 3 3 1 3 3 3 3 1 3 3 1
-0.0003015809451459933 1 3 3 1 3 3 3 3 2 3 3 2
-0.000540393702086028 1 3 3 2 0 0 1 0 0 2 0 0
0.000540393702086028 1 3 3 2 0 0 2 0 0 1 0 0
-0.0005476625454101291 1 3 3 2 0 0 3 3 1 3 3 2
0.0005476625454101291 1 3 3 2 0 0 3 3 2 3 3 1
-0.0005733359601873698 1 3 3 2 0 3 0 3 1 3 3 2
0.0005733359601873698 1 3 3 2 0 3 0 3 2 3 3 1
-0.0006614663337352254 1 3 3 2 0 3 3 0 1 3 3 2
0.0006614663337352254 1 3 3 2 0 3 3 0 2 3 3 1
-0.00030588228302520055 1 3 3 2 0 3 3 1 0 1 1 2
0.00030588228302520055 1 3 3 2 0 3 3 1 0 2 1 1
-0.00030588228302520055 1 3 3 2 0 3 3 2 0 1 2 2
0.00030588228302520055 1 3 3 2 0 3 3 2 0 2 2 1
-0.0005697315735356752 1 3 3 2 0 3 3 3 1 0 3 2
-0.0006312757048161215 1 3 3 2 0 3 3 3 1 3 0 2
-0.0050283306298989725 1 3 3 2 0 3 3 3 1 3 3 2
0.0005697315735356752 1 3 3 2 0 3 3 3 2 0 3 1
0.0006312757048161215 1 3 3 2 0 3 3 3 2 3 0 1
0.0050283306298989725 1 3 3 2 0 3 3 3 2 3 3 1
0.0002637977258386861 1 3 3 2 1 1 3 1 0 2 3 0
-0.0002637977258386861 1 3 3 2 1 1 3 2 0 1 3 0
3.0930432936259275e-05 1 3 3 2 1 2 0 3 1 3 1 0
3.0930432936259275e-05 1 3 3 2 1 2 0 3 2 3 2 0
-3.1652855047306194e-05 1 3 3 2 1 2 3 3 1 3 1 3
-3.1652855047306194e-05 1 3 3 2 1 2 3 3 2 3 2 3
-0.0002968004429407984 1 3 3 2 2 1 3 0 1 3 1 0
-0.0002968004429407984 1 3 3 2 2 1 3 0 2 3 2 0
-0.0002976620891857661 1 3 3 2 2 1 3 3 1 0 1 0
3.1652855047306194e-05 1 3 3 2 2 1 3 3 1 3 1 3
-0.0002976620891857661 1 3 3 2 2 1 3 3 2 0 2 0
3.1652855047306194e-05 1 3 3 2 2 1 3 3 2 3 2 3
1.059777320492591e-06 1 3 3 2 2 2 3 1 0 2 3 0
-1.059777320492591e-06 1 3 3 2 2 2 3 2 0 1 3 0
-0.0009967612889867977 1 3 3 2 3 0 0 3 1 3 3 2
0.0009967612889867977 1 3 3 2 3 0 0 3 2 3 3 1
3.148405259475231e-05 1 3 3 2 3 0 1 1 1 3 2 0
-3.148405259475231e-05 1 3 3 2 3 0 1 1 2 3 1 0
3.148405259475231e-05 1 3 3 2 3 0 2 2 1 3 2 0
-3.148405259475231e-05 1 3 3 2 3 0 2 2 2 3 1 0
-0.0005792183557929892 1 3 3 2 3 0 3 0 1 3 3 2
0.0005792183557929892 1 3 3 2 3 0 3 0 2 3 3 1
-0.0008854974771575364 1 3 3 2 3 0 3 3 1 0 3 2
-0.0005793154004574353 1 3 3 2 3 0 3 3 1 3 0 2
-0.005042056544234516 1 3 3 2 3 0 3 3 1 3 3 2
0.0008854974771575364 1 3 3 2 3 0 3 3 2 0 3 1
0.0005793154004574353 1 3 3 2 3 0 3 3 2 3 0 1
0.005042056544234516 1 3 3 2 3 0 3 3 2 3 3 1
-0.0005423900967874898 1 3 3 2 3 3 0 0 1 3 3 2
0.0005423900967874898 1 3 3 2 3 3 0 0 2 3 3 1
-0.0008037194867034556 1 3 3 2 3 3 0 3 1 0 3 2
-0.0005434469586588633 1 3 3 2 3 3 0 3 1 3 0 2
-0.005146516003352701 1 3 3 2 3 3 0 3 1 3 3 2
0.0008037194867034556 1 3 3 2 3 3 0 3 2 0 3 1
0.0005434469586588633 1 3 3 2 3 3 0 3 2 3 0 1
0.005146516003352701 1 3 3 2 3 3 0 3 2 3 3 1
-0.0005390018378698022 1 3 3 2 3 3 3 0 1 0 3 2
-0.0002743690990910074 1 3 3 2 3 3 3 0 1 3 0 2
-0.0050426693402300556 1 3 3 2 3 3 3 0 1 3 3 2
0.0005390018378698022 1 3 3 2 3 3 3 0 2 0 3 1
0.0002743690990910074 1 3 3 2 3 3 3 0 2 3 0 1
0.0050426693402300556 1 3 3 2 3 3 3 0 2 3 3 1
-0.000538959507895452 1 3 3 2 3 3 3 3 1 0 0 2
-0.005028330629898973 1 3 3 2 3 3 3 3 1 0 3 2
-0.005028330629898974 1 3 3 2 3 3 3 3 1 3 0 2
39.25418764292742 1 3 3 2 3 3 3 3 1 3 3 2
0.000538959507895452 1 3 3 2 3 3 3 3 2 0 0 1
0.005028330629898973 1 3 3 2 3 3 3 3 2 0 3 1
0.005028330629898974 1 3 3 2 3 3 3 3 2 3 0 1
-39.25418764292743 1 3 3 2 3 3 3 3 2 3 3 1
0.002462954751299291 1 3 3 3 0 1 3 1 0 0 1 0
0.002462954751299291 1 3 3 3 0 1 3 2 0 0 2 0
-0.005213423596009487 1 3 3 3 0 1 3 3 1 1 3 0
-0.005213423596009487 1 3 3 3 0 1 3 3 2 2 3 0
3.077206564022325e-05 1 3 3 3 1 3 3 3 1 1 2 2
-3.077206564022325e-05 1 3 3 3 1 3 3 3 1 2 1 2
-3.077206564022325e-05 1 3 3 3 1 3 3 3 2 1 2 1
3.077206564022325e-05 1 3 3 3 1 3 3 3 2 2 1 1
-0.0002743690990910074 1 3 3 3 2 3 3 1 0 0 3 2
0.0002743690990910074 1 3 3 3 2 3 3 2 0 0 3 1
-0.0055768818068220455 1 3 3 3 3 1 0 3 1 1 3 0
-0.0055768818068220455 1 3 3 3 3 1 0 3 2 2 3 0
-0.0055080463128695575 1 3 3 3 3 1 3 0 1 1 3 0
-0.0055080463128695575 1 3 3 3 3 1 3 0 2 2 3 0
-0.005511085685195253 1 3 3 3 3 1 3 3 1 1 0 0
-0.048639679178899886 1 3 3 3 3 1 3 3 1 1 3 0
-0.005635444112149209 1 3 3 3 3 1 3 3 1 1 3 3
-0.005511085685195253 1 3 3 3 3 1 3 3 2 2 0 0
-0.048639679178899886 1 3 3 3 3 1 3 3 2 2 3 0
-0.005635444112149209 1 3 3 3 3 1 3 3 2 2 3 3
-447.38104034214876 2 0 0 0 0 1 1 0 0 0 0 2
0.05731204524852125 2 0 0 0 0 1 1 0 0 0 3 2
0.05731204524852124 2 0 0 0 0 1 1 0 0 3 0 2
0.00614296751290706 2 0 0 0 0 1 1 0 0 3 3 2
0.05747547539577803 2 0 0 0 0 1 1 0 3 0 0 2
0.006143449982653758 2 0 0 0 0 1 1 0 3 0 3 2
-0.0018604514674955685 2 0 0 0 0 1 1 0 3 3 0 2
0.05747547539577807 2 0 0 0 0 1 1 3 0 0 0 2
-0.0018604514674955685 2 0 0 0 0 1 1 3 0 0 3 2
0.006143449982653758 2 0 0 0 0 1 1 3 0 3 0 2
0.00613788499801142 2 0 0 0 0 1 1 3 3 0 0 2
447.3810403421488 2 0 0 0 0 1 2 0 0 0 0 1
-0.05731204524852125 2 0 0 0 0 1 2 0 0 0 3 1
-0.05731204524852124 2 0 0 0 0 1 2 0 0 3 0 1
-0.00614296751290706 2 0 0 0 0 1 2 0 0 3 3 1
-0.05747547539577803 2 0 0 0 0 1 2 0 3 0 0 1
-0.006143449982653758 2 0 0 0 0 1 2 0 3 0 3 1
0.0018604514674955685 2 0 0 0 0 1 2 0 3 3 0 1
-0.05747547539577807 2 0 0 0 0 1 2 3 0 0 0 1
0.0018604514674955685 2 0 0 0 0 1 2 3 0 0 3 1
-0.006143449982653758 2 0 0 0 0 1 2 3 0 3 0 1
-0.00613788499801142 2 0 0 0 0 1 2 3 3 0 0 1
-0.005575675419022832 2 0 0 0 0 2 0 1 0 0 1 0
-0.005575675419022832 2 0 0 0 0 2 0 2 0 0 2 0
3.2919449531969985e-05 2 0 0 0 0 2 1 0 0 0 0 1
3.2919449531969985e-05 2 0 0 0 0 2 2 0 0 0 0 2
-0.04877837934038016 2 0 0 0 0 2 3 1 0 0 1 0
-0.005634437888073059 2 0 0 0 0 2 3 1 0 0 1 3
-0.0055080463128695575 2 0 0 0 0 2 3 1 0 3 1 0
-0.005505058494096023 2 0 0 0 0 2 3 1 3 0 1 0
-0.04877837934038016 2 0 0 0 0 2 3 2 0 0 2 0
-0.005634437888073059 2 0 0 0 0 2 3 2 0 0 2 3
-0.0055080463128695575 2 0 0 0 0 2 3 2 0 3 2 0
-0.005505058494096023 2 0 0 0 0 2 3 2 3 0 2 0
-39.391221457749396 2 0 0 0 1 0 1 0 0 0 2 0
0.005059659888586499 2 0 0 0 1 0 1 0 0 0 2 3
0.0050458860529326455 2 0 0 0 1 0 1 0 0 3 2 0
0.0005495746009951784 2 0 0 0 1 0 1 0 0 3 2 3
0.005060274824038194 2 0 0 0 1 0 1 0 3 0 2 0
0.0005506121476166897 2 0 0 0 1 0 1 0 3 0 2 3
0.0002753270045981094 2 0 0 0 1 0 1 0 3 3 2 0
0.005060274824038197 2 0 0 0 1 0 1 3 0 0 2 0
0.0008099791470215279 2 0 0 0 1 0 1 3 0 0 2 3
0.0005408836563054211 2 0 0 0 1 0 1 3 0 3 2 0
0.000540393702086028 2 0 0 0 1 0 1 3 3 0 2 0
39.391221457749396 2 0 0 0 1 0 2 0 0 0 1 0
-0.005059659888586499 2 0 0 0 1 0 2 0 0 0 1 3
-0.0050458860529326455 2 0 0 0 1 0 2 0 0 3 1 0
-0.0005495746009951784 2 0 0 0 1 0 2 0 0 3 1 3
-0.005060274824038194 2 0 0 0 1 0 2 0 3 0 1 0
-0.0005506121476166897 2 0 0 0 1 0 2 0 3 0 1 3
-0.0002753270045981094 2 0 0 0 1 0 2 0 3 3 1 0
-0.005060274824038197 2 0 0 0 1 0 2 3 0 0 1 0
-0.0008099791470215279 2 0 0 0 1 0 2 3 0 0 1 3
-0.0005408836563054211 2 0 0 0 1 0 2 3 0 3 1 0
-0.000540393702086028 2 0 0 0 1 0 2 3 3 0 1 0
0.0008144800408331056 2 0 0 0 1 0 3 1 0 0 3 2
-0.0008144800408331056 2 0 0 0 1 0 3 2 0 0 3 1
0.0008714573988564012 2 0 0 0 1 3 0 1 0 0 3 2
-0.0008714573988564012 2 0 0 0 1 3 0 2 0 0 3 1
0.005059659888586498 2 0 0 0 1 3 1 0 0 0 2 0
0.0010156149933250643 2 0 0 0 1 3 1 0 0 0 2 3
0.0005813379657327731 2 0 0 0 1 3 1 0 0 3 2 0
0.0005812405822560525 2 0 0 0 1 3 1 0 3 0 2 0
0.0008793936358728208 2 0 0 0 1 3 1 3 0 0 2 0
-0.005059659888586498 2 0 0 0 1 3 2 0 0 0 1 0
-0.0010156149933250643 2 0 0 0 1 3 2 0 0 0 1 3
-0.0005813379657327731 2 0 0 0 1 3 2 0 0 3 1 0
-0.0005812405822560525 2 0 0 0 1 3 2 0 3 0 1 0
-0.0008793936358728208 2 0 0 0 1 3 2 3 0 0 1 0
0.0009996162376861152 2 0 0 0 1 3 3 1 0 0 0 2
0.005042669340230057 2 0 0 0 1 3 3 1 0 0 3 2
0.0005694173656868787 2 0 0 0 1 3 3 1 0 3 3 2
0.0005691084874025401 2 0 0 0 1 3 3 1 3 0 3 2
-0.0009996162376861152 2 0 0 0 1 3 3 2 0 0 0 1
-0.005042669340230057 2 0 0 0 1 3 3 2 0 0 3 1
-0.0005694173656868787 2 0 0 0 1 3 3 2 0 3 3 1
-0.0005691084874025401 2 0 0 0 1 3 3 2 3 0 3 1
0.0003217297569191576 2 0 0 0 2 0 1 0 0 0 1 0
-3.148405259475231e-05 2 0 0 0 2 0 1 1 2 2 0 0
3.148405259475231e-05 2 0 0 0 2 0 1 2 2 1 0 0
0.0003217297569191576 2 0 0 0 2 0 2 0 0 0 2 0
3.148405259475231e-05 2 0 0 0 2 0 2 1 1 2 0 0
-3.148405259475231e-05 2 0 0 0 2 0 2 2 1 1 0 0
0.05731204524852123 2 0 0 0 3 1 1 0 0 0 0 2
0.007226934967731529 2 0 0 0 3 1 1 0 0 0 3 2
0.006493702209602685 2 0 0 0 3 1 1 0 0 3 0 2
0.006490120922735708 2 0 0 0 3 1 1 0 3 0 0 2
0.007220382584875044 2 0 0 0 3 1 1 3 0 0 0 2
-0.05731204524852123 2 0 0 0 3 1 2 0 0 0 0 1
-0.007226934967731529 2 0 0 0 3 1 2 0 0 0 3 1
-0.006493702209602685 2 0 0 0 3 1 2 0 0 3 0 1
-0.006490120922735708 2 0 0 0 3 1 2 0 3 0 0 1
-0.007220382584875044 2 0 0 0 3 1 2 3 0 0 0 1
0.0035160261000130484 2 0 0 0 3 2 3 1 0 0 1 0
0.0035160261000130484 2 0 0 0 3 2 3 2 0 0 2 0
-0.005209110159054412 2 0 0 0 3 2 3 3 1 1 3 0
-0.005209110159054412 2 0 0 0 3 2 3 3 2 2 3 0
-39.391221457749396 2 0 0 1 0 0 1 0 0 2 0 0
0.005059659888586499 2 0 0 1 0 0 1 0 0 2 0 3
0.005045886052932646 2 0 0 1 0 0 1 0 0 2 3 0
0.0005495746009951784 2 0 0 1 0 0 1 0 0 2 3 3
0.005060274824038194 2 0 0 1 0 0 1 0 3 2 0 0
0.0008099791470215279 2 0 0 1 0 0 1 0 3 2 0 3
0.0005408836563054211 2 0 0 1 0 0 1 0 3 2 3 0
0.005060274824038197 2 0 0 1 0 0 1 3 0 2 0 0
0.0005506121476166897 2 0 0 1 0 0 1 3 0 2 0 3
0.0002753270045981094 2 0 0 1 0 0 1 3 0 2 3 0
0.000540393702086028 2 0 0 1 0 0 1 3 3 2 0 0
39.391221457749396 2 0 0 1 0 0 2 0 0 1 0 0
-0.005059659888586499 2 0 0 1 0 0 2 0 0 1 0 3
-0.005045886052932646 2 0 0 1 0 0 2 0 0 1 3 0
-0.0005495746009951784 2 0 0 1 0 0 2 0 0 1 3 3
-0.005060274824038194 2 0 0 1 0 0 2 0 3 1 0 0
-0.0008099791470215279 2 0 0 1 0 0 2 0 3 1 0 3
-0.0005408836563054211 2 0 0 1 0 0 2 0 3 1 3 0
-0.005060274824038197 2 0 0 1 0 0 2 3 0 1 0 0
-0.0005506121476166897 2 0 0 1 0 0 2 3 0 1 0 3
-0.0002753270045981094 2 0 0 1 0 0 2 3 0 1 3 0
-0.000540393702086028 2 0 0 1 0 0 2 3 3 1 0 0
0.005059659888586498 2 0 0 1 0 3 1 0 0 2 0 0
0.0010156149933250643 2 0 0 1 0 3 1 0 0 2 0 3
0.0005813379657327731 2 0 0 1 0 3 1 0 0 2 3 0
0.0008793936358728208 2 0 0 1 0 3 1 0 3 2 0 0
0.0005812405822560525 2 0 0 1 0 3 1 3 0 2 0 0
-0.005059659888586498 2 0 0 1 0 3 2 0 0 1 0 0
-0.0010156149933250643 2 0 0 1 0 3 2 0 0 1 0 3
-0.0005813379657327731 2 0 0 1 0 3 2 0 0 1 3 0
-0.0008793936358728208 2 0 0 1 0 3 2 0 3 1 0 0
-0.0005812405822560525 2 0 0 1 0 3 2 3 0 1 0 0
3.147530513756911e-05 2 0 0 1 0 3 3 1 0 2 1 1
3.147530513756911e-05 2 0 0 1 0 3 3 1 0 2 2 2
-3.147530513756911e-05 2 0 0 1 0 3 3 2 0 1 1 1
-3.147530513756911e-05 2 0 0 1 0 3 3 2 0 1 2 2
1.059777320492591e-06 2 0 0 1 1 1 3 1 0 2 3 0
-1.059777320492591e-06 2 0 0 1 1 1 3 2 0 1 3 0
-3.1763364737594816e-05 2 0 0 1 1 2 1 0 0 1 2 2
-3.1763364737594816e-05 2 0 0 1 1 2 1 0 0 2 1 2
6.352672947518963e-05 2 0 0 1 1 2 1 0 0 2 2 1
6.352672947518963e-05 2 0 0 1 1 2 2 0 0 1 1 2
-3.1763364737594816e-05 2 0 0 1 1 2 2 0 0 1 2 1
-3.1763364737594816e-05 2 0 0 1 1 2 2 0 0 2 1 1
-0.00035073469669562557 2 0 0 1 2 1 1 0 0 1 2 2
0.0003824980614332204 2 0 0 1 2 1 1 0 0 2 1 2
-3.1763364737594816e-05 2 0 0 1 2 1 1 0 0 2 2 1
-3.1763364737594816e-05 2 0 0 1 2 1 2 0 0 1 1 2
0.0003824980614332204 2 0 0 1 2 1 2 0 0 1 2 1
-0.00035073469669562557 2 0 0 1 2 1 2 0 0 2 1 1
-0.00026273794851819343 2 0 0 1 2 2 3 1 0 2 3 0
0.00026273794851819343 2 0 0 1 2 2 3 2 0 1 3 0
0.005045886052932645 2 0 0 1 3 0 1 0 0 2 0 0
0.0005813379657327731 2 0 0 1 3 0 1 0 0 2 0 3
0.0006643591794575254 2 0 0 1 3 0 1 0 0 2 3 0
0.0005714053739291992 2 0 0 1 3 0 1 0 3 2 0 0
-0.0003059672922780789 2 0 0 1 3 0 1 1 2 3 1 0
-0.0003059672922780789 2 0 0 1 3 0 1 2 2 3 2 0
0.0006329855998197055 2 0 0 1 3 0 1 3 0 2 0 0
-0.005045886052932645 2 0 0 1 3 0 2 0 0 1 0 0
-0.0005813379657327731 2 0 0 1 3 0 2 0 0 1 0 3
-0.0006643591794575254 2 0 0 1 3 0 2 0 0 1 3 0
-0.0005714053739291992 2 0 0 1 3 0 2 0 3 1 0 0
0.0003059672922780789 2 0 0 1 3 0 2 1 1 3 1 0
0.0003059672922780789 2 0 0 1 3 0 2 2 1 3 2 0
-0.0006329855998197055 2 0 0 1 3 0 2 3 0 1 0 0
0.0005495746009951784 2 0 0 1 3 3 1 0 0 2 0 0
-0.0005495746009951784 2 0 0 1 3 3 2 0 0 1 0 0
0.0005385135882774059 2 0 0 1 3 3 3 3 1 3 3 2
-0.0005385135882774059 2 0 0 1 3 3 3 3 2 3 3 1
0.00032172975691915754 2 0 0 2 0 0 1 0 0 1 0 0
0.00032172975691915754 2 0 0 2 0 0 2 0 0 2 0 0
0.0003824980614332204 2 0 0 2 1 1 1 0 0 1 2 2
-0.00035073469669562557 2 0 0 2 1 1 1 0 0 2 1 2
-3.1763364737594816e-05 2 0 0 2 1 1 1 0 0 2 2 1
-3.1763364737594816e-05 2 0 0 2 1 1 2 0 0 1 1 2
-0.00035073469669562557 2 0 0 2 1 1 2 0 0 1 2 1
0.0003824980614332204 2 0 0 2 1 1 2 0 0 2 1 1
0.0002637977258386861 2 0 0 2 1 2 3 1 0 2 3 0
-0.0002637977258386861 2 0 0 2 1 2 3 2 0 1 3 0
0.05731204524852122 2 0 0 3 0 1 1 0 0 0 0 2
0.006493702209602685 2 0 0 3 0 1 1 0 0 0 3 2
0.007226934967731529 2 0 0 3 0 1 1 0 0 3 0 2
0.007220382584875044 2 0 0 3 0 1 1 0 3 0 0 2
0.006490120922735708 2 0 0 3 0 1 1 3 0 0 0 2
-0.05731204524852122 2 0 0 3 0 1 2 0 0 0 0 1
-0.006493702209602685 2 0 0 3 0 1 2 0 0 0 3 1
-0.007226934967731529 2 0 0 3 0 1 2 0 0 3 0 1
-0.007220382584875044 2 0 0 3 0 1 2 0 3 0 0 1
-0.006490120922735708 2 0 0 3 0 1 2 3 0 0 0 1
-0.0052138330592137955 2 0 0 3 0 2 3 1 0 0 1 0
-0.0052138330592137955 2 0 0 3 0 2 3 2 0 0 2 0
0.005045886052932644 2 0 0 3 1 0 1 0 0 0 2 0
0.0005813379657327731 2 0 0 3 1 0 1 0 0 0 2 3
0.0006643591794575254 2 0 0 3 1 0 1 0 0 3 2 0
0.0006329855998197055 2 0 0 3 1 0 1 0 3 0 2 0
0.0005714053739291992 2 0 0 3 1 0 1 3 0 0 2 0
-0.005045886052932644 2 0 0 3 1 0 2 0 0 0 1 0
-0.0005813379657327731 2 0 0 3 1 0 2 0 0 0 1 3
-0.0006643591794575254 2 0 0 3 1 0 2 0 0 3 1 0
-0.0006329855998197055 2 0 0 3 1 0 2 0 3 0 1 0
-0.0005714053739291992 2 0 0 3 1 0 2 3 0 0 1 0
0.0005495746009951784 2 0 0 3 1 3 1 0 0 0 2 0
-0.0005495746009951784 2 0 0 3 1 3 2 0 0 0 1 0
0.0005390018378698022 2 0 0 3 1 3 3 1 0 0 3 2
-0.0005390018378698022 2 0 0 3 1 3 3 2 0 0 3 1
0.00614296751290706 2 0 0 3 3 1 1 0 0 0 0 2
-0.00614296751290706 2 0 0 3 3 1 2 0 0 0 0 1
-40.63320067511378 2 0 1 0 0 0 1 0 2 0 0 0
0.0052191885138113256 2 0 1 0 0 0 1 0 2 0 0 3
0.0052049803957917974 2 0 1 0 0 0 1 0 2 0 3 0
0.0005669024219329087 2 0 1 0 0 0 1 0 2 0 3 3
0.005204980395791797 2 0 1 0 0 0 1 0 2 3 0 0
0.0008320847168771454 2 0 1 0 0 0 1 0 2 3 0 3
0.0005578936389029342 2 0 1 0 0 0 1 0 2 3 3 0
0.0052198228378799215 2 0 1 0 0 0 1 3 2 0 0 0
0.0005679726818967754 2 0 1 0 0 0 1 3 2 0 0 3
0.00028400793167581394 2 0 1 0 0 0 1 3 2 0 3 0
0.0005579374559672571 2 0 1 0 0 0 1 3 2 3 0 0
40.63320067511378 2 0 1 0 0 0 2 0 1 0 0 0
-0.0052191885138113256 2 0 1 0 0 0 2 0 1 0 0 3
-0.0052049803957917974 2 0 1 0 0 0 2 0 1 0 3 0
-0.0005669024219329087 2 0 1 0 0 0 2 0 1 0 3 3
-0.005204980395791797 2 0 1 0 0 0 2 0 1 3 0 0
-0.0008320847168771454 2 0 1 0 0 0 2 0 1 3 0 3
-0.0005578936389029342 2 0 1 0 0 0 2 0 1 3 3 0
-0.0052198228378799215 2 0 1 0 0 0 2 3 1 0 0 0
-0.0005679726818967754 2 0 1 0 0 0 2 3 1 0 0 3
-0.00028400793167581394 2 0 1 0 0 0 2 3 1 0 3 0
-0.0005579374559672571 2 0 1 0 0 0 2 3 1 3 0 0
0.005219188513811325 2 0 1 0 0 3 1 0 2 0 0 0
0.0010233710874120582 2 0 1 0 0 3 1 0 2 0 0 3
0.0005996672701734823 2 0 1 0 0 3 1 0 2 0 3 0
0.000887781474512138 2 0 1 0 0 3 1 0 2 3 0 0
0.0005995668162429165 2 0 1 0 0 3 1 3 2 0 0 0
-0.005219188513811325 2 0 1 0 0 3 2 0 1 0 0 0
-0.0010233710874120582 2 0 1 0 0 3 2 0 1 0 0 3
-0.0005996672701734823 2 0 1 0 0 3 2 0 1 0 3 0
-0.000887781474512138 2 0 1 0 0 3 2 0 1 3 0 0
-0.0005995668162429165 2 0 1 0 0 3 2 3 1 0 0 0
3.1660926333689644e-05 2 0 1 0 0 3 3 1 2 0 1 1
3.1660926333689644e-05 2 0 1 0 0 3 3 1 2 0 2 2
-3.1660926333689644e-05 2 0 1 0 0 3 3 2 1 0 1 1
-3.1660926333689644e-05 2 0 1 0 0 3 3 2 1 0 2 2
1.0660272085553583e-06 2 0 1 0 1 1 3 1 2 0 3 0
-1.0660272085553583e-06 2 0 1 0 1 1 3 2 1 0 3 0
-3.0628434639362775e-05 2 0 1 0 1 2 1 0 1 0 2 2
-3.276484824057368e-05 2 0 1 0 1 2 1 0 2 0 1 2
6.339328287993646e-05 2 0 1 0 1 2 1 0 2 0 2 1
6.339328287993646e-05 2 0 1 0 1 2 2 0 1 0 1 2
-3.276484824057368e-05 2 0 1 0 1 2 2 0 1 0 2 1
-3.0628434639362775e-05 2 0 1 0 1 2 2 0 2 0 1 1
-0.0003466709400819509 2 0 1 0 2 1 1 0 1 0 2 2
0.00037943578832252457 2 0 1 0 2 1 1 0 2 0 1 2
-3.276484824057368e-05 2 0 1 0 2 1 1 0 2 0 2 1
2.978501303959052e-05 2 0 1 0 2 1 1 1 0 1 0 1
-0.0003466709400819509 2 0 1 0 2 1 1 1 0 2 0 2
0.0003764559531215414 2 0 1 0 2 1 1 2 0 1 0 2
-3.276484824057368e-05 2 0 1 0 2 1 2 0 1 0 1 2
0.00037943578832252457 2 0 1 0 2 1 2 0 1 0 2 1
-0.0003466709400819509 2 0 1 0 2 1 2 0 2 0 1 1
0.0003764559531215414 2 0 1 0 2 1 2 1 0 2 0 1
-0.0003466709400819509 2 0 1 0 2 1 2 2 0 1 0 1
2.978501303959052e-05 2 0 1 0 2 1 2 2 0 2 0 2
-0.00026428740870792133 2 0 1 0 2 2 3 1 2 0 3 0
0.00026428740870792133 2 0 1 0 2 2 3 2 1 0 3 0
-0.0002661174535913495 2 0 1 0 2 2 3 3 0 1 2 0
0.0002661174535913495 2 0 1 0 2 2 3 3 0 2 1 0
0.005204980395791796 2 0 1 0 3 0 1 0 2 0 0 0
0.0005996672701734823 2 0 1 0 3 0 1 0 2 0 0 3
0.0006839747042611303 2 0 1 0 3 0 1 0 2 0 3 0
0.0005897467548144069 2 0 1 0 3 0 1 0 2 3 0 0
0.0006529433291433973 2 0 1 0 3 0 1 3 2 0 0 0
-0.005204980395791796 2 0 1 0 3 0 2 0 1 0 0 0
-0.0005996672701734823 2 0 1 0 3 0 2 0 1 0 0 3
-0.0006839747042611303 2 0 1 0 3 0 2 0 1 0 3 0
-0.0005897467548144069 2 0 1 0 3 0 2 0 1 3 0 0
-0.0006529433291433973 2 0 1 0 3 0 2 3 1 0 0 0
0.0005669024219329087 2 0 1 0 3 3 1 0 2 0 0 0
-0.0005669024219329087 2 0 1 0 3 3 2 0 1 0 0 0
-6.941448885129273e-05 2 0 1 1 0 2 1 0 1 2 0 2
-5.5696757634992493e-05 2 0 1 1 0 2 1 0 2 1 0 2
0.00012511124648628523 2 0 1 1 0 2 1 0 2 2 0 1
0.00012511124648628523 2 0 1 1 0 2 2 0 1 1 0 2
-5.5696757634992493e-05 2 0 1 1 0 2 2 0 1 2 0 1
-6.941448885129273e-05 2 0 1 1 0 2 2 0 2 1 0 1
0.002208468448280754 2 0 1 1 0 2 3 3 0 3 3 0
-3.052171762377821e-05 2 0 1 1 2 0 1 0 1 2 2 0
-3.185311591147266e-05 2 0 1 1 2 0 1 0 2 1 2 0
6.237483353525088e-05 2 0 1 1 2 0 1 0 2 2 1 0
-3.052171762377821e-05 2 0 1 1 2 0 1 1 0 0 0 0
0.0002881142043386555 2 0 1 1 2 0 1 1 0 3 0 3
0.0002966151599740398 2 0 1 1 2 0 1 1 0 3 3 0
6.237483353525088e-05 2 0 1 1 2 0 2 0 1 1 2 0
-3.185311591147266e-05 2 0 1 1 2 0 2 0 1 2 1 0
-3.052171762377821e-05 2 0 1 1 2 0 2 0 2 1 1 0
-3.052171762377821e-05 2 0 1 1 2 0 2 2 0 0 0 0
0.0002881142043386555 2 0 1 1 2 0 2 2 0 3 0 3
0.0002966151599740398 2 0 1 1 2 0 2 2 0 3 3 0
0.0002673302324714045 2 0 1 1 2 3 1 1 0 3 0 0
0.0002673302324714045 2 0 1 1 2 3 2 2 0 3 0 0
-0.00027440697788763137 2 0 1 1 2 3 3 3 0 3 1 1
-0.00027440697788763137 2 0 1 1 2 3 3 3 0 3 2 2
-0.00838749217220671 2 0 1 1 3 1 1 1 0 3 1 2
-9.001041172339435e-06 2 0 1 1 3 1 1 1 0 3 2 1
-0.008396493213379052 2 0 1 1 3 1 1 2 0 3 2 2
0.008396493213379052 2 0 1 1 3 1 2 1 0 3 1 1
9.001041172339435e-06 2 0 1 1 3 1 2 2 0 3 1 2
0.00838749217220671 2 0 1 1 3 1 2 2 0 3 2 1
-0.004971622547700332 2 0 1 1 3 2 0 3 0 3 3 0
-0.005466656878526437 2 0 1 1 3 2 3 0 0 3 3 0
-0.00493862894718268 2 0 1 1 3 2 3 3 0 0 3 0
-0.005470863854365379 2 0 1 1 3 2 3 3 0 3 0 0
-0.043735710000150106 2 0 1 1 3 2 3 3 0 3 3 0
-0.005023634175975975 2 0 1 1 3 2 3 3 0 3 3 3
-0.004935950006693483 2 0 1 1 3 2 3 3 3 3 3 0
-0.00908083405237061 2 0 1 2 0 1 1 0 1 2 0 2
0.009136530810005603 2 0 1 2 0 1 1 0 2 1 0 2
-5.5696757634992493e-05 2 0 1 2 0 1 1 0 2 2 0 1
-5.5696757634992493e-05 2 0 1 2 0 1 2 0 1 1 0 2
0.009136530810005603 2 0 1 2 0 1 2 0 1 2 0 1
-0.00908083405237061 2 0 1 2 0 1 2 0 2 1 0 1
-0.00035765859522159603 2 0 1 2 1 0 1 0 1 2 2 0
0.0003895117111330687 2 0 1 2 1 0 1 0 2 1 2 0
-3.185311591147266e-05 2 0 1 2 1 0 1 0 2 2 1 0
-3.185311591147266e-05 2 0 1 2 1 0 2 0 1 1 2 0
0.0003895117111330687 2 0 1 2 1 0 2 0 1 2 1 0
-0.00035765859522159603 2 0 1 2 1 0 2 0 2 1 1 0
0.005204980395791795 2 0 1 3 0 0 1 0 2 0 0 0
0.000887781474512138 2 0 1 3 0 0 1 0 2 0 0 3
0.0005897467548144069 2 0 1 3 0 0 1 0 2 0 3 0
0.001011111581858948 2 0 1 3 0 0 1 0 2 3 0 0
0.0005894215085620094 2 0 1 3 0 0 1 3 2 0 0 0
-0.005204980395791795 2 0 1 3 0 0 2 0 1 0 0 0
-0.000887781474512138 2 0 1 3 0 0 2 0 1 0 0 3
-0.0005897467548144069 2 0 1 3 0 0 2 0 1 0 3 0
-0.001011111581858948 2 0 1 3 0 0 2 0 1 3 0 0
-0.0005894215085620094 2 0 1 3 0 0 2 3 1 0 0 0
0.0008320847168771454 2 0 1 3 0 3 1 0 2 0 0 0
-0.0008320847168771454 2 0 1 3 0 3 2 0 1 0 0 0
0.0005578936389029342 2 0 1 3 3 0 1 0 2 0 0 0
-0.0005578936389029342 2 0 1 3 3 0 2 0 1 0 0 0
0.0003206646066428564 2 0 2 0 0 0 1 0 1 0 0 0
3.052171762377821e-05 2 0 2 0 0 0 1 1 0 2 2 0
-3.052171762377821e-05 2 0 2 0 0 0 1 2 0 1 2 0
0.0003206646066428564 2 0 2 0 0 0 2 0 2 0 0 0
-3.052171762377821e-05 2 0 2 0 0 0 2 1 0 2 1 0
3.052171762377821e-05 2 0 2 0 0 0 2 2 0 1 1 0
0.00028392902356147426 2 0 2 0 0 3 3 3 0 1 3 1
0.00028392902356147426 2 0 2 0 0 3 3 3 0 2 3 2
0.0003772993747213137 2 0 2 0 1 1 1 0 1 0 2 2
-0.0003466709400819509 2 0 2 0 1 1 1 0 2 0 1 2
-3.0628434639362775e-05 2 0 2 0 1 1 1 0 2 0 2 1
3.189678990894765e-05 2 0 2 0 1 1 1 1 0 1 0 1
0.0003785677299908986 2 0 2 0 1 1 1 1 0 2 0 2
-0.0003466709400819509 2 0 2 0 1 1 1 2 0 1 0 2
-3.0628434639362775e-05 2 0 2 0 1 1 2 0 1 0 1 2
-0.0003466709400819509 2 0 2 0 1 1 2 0 1 0 2 1
0.0003772993747213137 2 0 2 0 1 1 2 0 2 0 1 1
-0.0003466709400819509 2 0 2 0 1 1 2 1 0 2 0 1
0.0003785677299908986 2 0 2 0 1 1 2 2 0 1 0 1
3.189678990894765e-05 2 0 2 0 1 1 2 2 0 2 0 2
0.0002653534359164768 2 0 2 0 1 2 3 1 2 0 3 0
-0.0002653534359164768 2 0 2 0 1 2 3 2 1 0 3 0
0.0002650483570287967 2 0 2 0 1 2 3 3 0 1 2 0
-0.0002650483570287967 2 0 2 0 1 2 3 3 0 2 1 0
1.0690965625526732e-06 2 0 2 0 2 1 3 3 0 1 2 0
-1.0690965625526732e-06 2 0 2 0 2 1 3 3 0 2 1 0
6.168180294853818e-05 2 0 2 0 2 2 1 1 0 1 0 1
3.189678990894765e-05 2 0 2 0 2 2 1 1 0 2 0 2
2.978501303959052e-05 2 0 2 0 2 2 1 2 0 1 0 2
2.978501303959052e-05 2 0 2 0 2 2 2 1 0 2 0 1
3.189678990894765e-05 2 0 2 0 2 2 2 2 0 1 0 1
6.168180294853818e-05 2 0 2 0 2 2 2 2 0 2 0 2
0.00026625626370782053 2 0 2 0 3 0 1 1 0 1 1 3
-1.073968763583855e-06 2 0 2 0 3 0 1 1 0 2 2 3
0.00027420638198738474 2 0 2 0 3 0 1 1 3 1 1 0
-2.7685769594171065e-07 2 0 2 0 3 0 1 1 3 2 2 0
0.0002673302324714045 2 0 2 0 3 0 1 2 0 1 2 3
0.0002744832396833265 2 0 2 0 3 0 1 2 3 1 2 0
0.0002673302324714045 2 0 2 0 3 0 2 1 0 2 1 3
0.0002744832396833265 2 0 2 0 3 0 2 1 3 2 1 0
-1.073968763583855e-06 2 0 2 0 3 0 2 2 0 1 1 3
0.00026625626370782053 2 0 2 0 3 0 2 2 0 2 2 3
-2.7685769594171065e-07 2 0 2 0 3 0 2 2 3 1 1 0
0.00027420638198738474 2 0 2 0 3 0 2 2 3 2 2 0
0.0005678148776655326 2 0 2 0 3 0 3 3 0 1 3 1
0.0005678148776655326 2 0 2 0 3 0 3 3 0 2 3 2
0.0005931944114384716 2 0 2 0 3 3 0 3 0 1 3 1
0.0005931944114384716 2 0 2 0 3 3 0 3 0 2 3 2
0.0002881142043386555 2 0 2 0 3 3 1 1 0 1 1 0
0.0002881142043386555 2 0 2 0 3 3 1 2 0 1 2 0
0.0002881142043386555 2 0 2 0 3 3 2 1 0 2 1 0
0.0002881142043386555 2 0 2 0 3 3 2 2 0 2 2 0
0.0006522599570825309 2 0 2 0 3 3 3 0 0 1 3 1
0.0006522599570825309 2 0 2 0 3 3 3 0 0 2 3 2
0.0006845140027738145 2 0 2 0 3 3 3 3 0 1 0 1
0.00521837257423801 2 0 2 0 3 3 3 3 0 1 3 1
0.0006845140027738145 2 0 2 0 3 3 3 3 0 2 0 2
0.00521837257423801 2 0 2 0 3 3 3 3 0 2 3 2
0.0005889381044151517 2 0 2 0 3 3 3 3 3 1 3 1
0.0005889381044151517 2 0 2 0 3 3 3 3 3 2 3 2
0.009150248541221907 2 0 2 1 0 1 1 0 1 2 0 2
-0.00908083405237061 2 0 2 1 0 1 1 0 2 1 0 2
-6.941448885129273e-05 2 0 2 1 0 1 1 0 2 2 0 1
-6.941448885129273e-05 2 0 2 1 0 1 2 0 1 1 0 2
-0.00908083405237061 2 0 2 1 0 1 2 0 1 2 0 1
0.009150248541221907 2 0 2 1 0 1 2 0 2 1 0 1
9.569243712526903e-06 2 0 2 1 0 1 3 3 0 3 3 0
0.0003881803128453743 2 0 2 1 1 0 1 0 1 2 2 0
-0.00035765859522159603 2 0 2 1 1 0 1 0 2 1 2 0
-3.052171762377821e-05 2 0 2 1 1 0 1 0 2 2 1 0
3.052171762377821e-05 2 0 2 1 1 0 1 1 0 0 0 0
-3.176091029069401e-05 2 0 2 1 1 0 1 1 3 3 0 0
-3.052171762377821e-05 2 0 2 1 1 0 2 0 1 1 2 0
-0.00035765859522159603 2 0 2 1 1 0 2 0 1 2 1 0
0.0003881803128453743 2 0 2 1 1 0 2 0 2 1 1 0
3.052171762377821e-05 2 0 2 1 1 0 2 2 0 0 0 0
-3.176091029069401e-05 2 0 2 1 1 0 2 2 3 3 0 0
-1.073968763583855e-06 2 0 2 1 1 3 1 1 0 3 0 0
-1.073968763583855e-06 2 0 2 1 1 3 2 2 0 3 0 0
2.7678077443251797e-07 2 0 2 1 1 3 3 3 0 3 1 1
2.7678077443251797e-07 2 0 2 1 1 3 3 3 0 3 2 2
1.997292738347683e-05 2 0 2 1 3 1 0 3 0 3 3 0
2.196167142972211e-05 2 0 2 1 3 1 3 0 0 3 3 0
1.984037935093093e-05 2 0 2 1 3 1 3 3 0 0 3 0
2.1978572476036274e-05 2 0 2 1 3 1 3 3 0 3 0 0
0.0001757032340079515 2 0 2 1 3 1 3 3 0 3 3 0
2.018187817663918e-05 2 0 2 1 3 1 3 3 0 3 3 3
1.9829617012611396e-05 2 0 2 1 3 1 3 3 3 3 3 0
-8.964880514528839e-06 2 0 2 1 3 2 1 1 0 3 1 2
-3.616065781059308e-08 2 0 2 1 3 2 1 1 0 3 2 1
-9.001041172339435e-06 2 0 2 1 3 2 1 2 0 3 2 2
9.001041172339435e-06 2 0 2 1 3 2 2 1 0 3 1 1
3.616065781059308e-08 2 0 2 1 3 2 2 2 0 3 1 2
8.964880514528839e-06 2 0 2 1 3 2 2 2 0 3 2 1
0.002218037691993282 2 0 2 2 0 2 3 3 0 3 3 0
0.0002881142043386555 2 0 2 2 2 0 1 1 0 3 0 3
0.0002966151599740398 2 0 2 2 2 0 1 1 0 3 3 0
-3.176091029069401e-05 2 0 2 2 2 0 1 1 3 3 0 0
0.0002881142043386555 2 0 2 2 2 0 2 2 0 3 0 3
0.0002966151599740398 2 0 2 2 2 0 2 2 0 3 3 0
-3.176091029069401e-05 2 0 2 2 2 0 2 2 3 3 0 0
0.00026625626370782053 2 0 2 2 2 3 1 1 0 3 0 0
0.00026625626370782053 2 0 2 2 2 3 2 2 0 3 0 0
-0.0002741301971131988 2 0 2 2 2 3 3 3 0 3 1 1
-0.0002741301971131988 2 0 2 2 2 3 3 3 0 3 2 2
-0.008378527291692181 2 0 2 2 3 1 1 1 0 3 1 2
-8.964880514528839e-06 2 0 2 2 3 1 1 1 0 3 2 1
-0.00838749217220671 2 0 2 2 3 1 1 2 0 3 2 2
0.00838749217220671 2 0 2 2 3 1 2 1 0 3 1 1
8.964880514528839e-06 2 0 2 2 3 1 2 2 0 3 1 2
0.008378527291692181 2 0 2 2 3 1 2 2 0 3 2 1
-0.004951649620316854 2 0 2 2 3 2 0 3 0 3 3 0
-0.0054446952070967124 2 0 2 2 3 2 3 0 0 3 3 0
-0.004918788567831747 2 0 2 2 3 2 3 3 0 0 3 0
-0.0054488852818893405 2 0 2 2 3 2 3 3 0 3 0 0
-0.043560006766142134 2 0 2 2 3 2 3 3 0 3 3 0
-0.005003452297799334 2 0 2 2 3 2 3 3 0 3 3 3
-0.00491612038968087 2 0 2 2 3 2 3 3 3 3 3 0
0.0002966151599740398 2 0 2 3 3 0 1 1 0 1 1 0
0.0002966151599740398 2 0 2 3 3 0 1 2 0 1 2 0
0.0002966151599740398 2 0 2 3 3 0 2 1 0 2 1 0
0.0002966151599740398 2 0 2 3 3 0 2 2 0 2 2 0
0.0005577824399002406 2 0 2 3 3 3 3 3 0 1 3 1
0.0005577824399002406 2 0 2 3 3 3 3 3 0 2 3 2
0.05747547539577803 2 0 3 0 0 1 1 0 0 0 0 2
0.006490120922735708 2 0 3 0 0 1 1 0 0 0 3 2
0.007220382584875044 2 0 3 0 0 1 1 0 0 3 0 2
0.0072156252822988985 2 0 3 0 0 1 1 0 3 0 0 2
0.006486600381325199 2 0 3 0 0 1 1 3 0 0 0 2
-0.05747547539577803 2 0 3 0 0 1 2 0 0 0 0 1
-0.006490120922735708 2 0 3 0 0 1 2 0 0 0 3 1
-0.007220382584875044 2 0 3 0 0 1 2 0 0 3 0 1
-0.0072156252822988985 2 0 3 0 0 1 2 0 3 0 0 1
-0.006486600381325199 2 0 3 0 0 1 2 3 0 0 0 1
-0.005209110159054412 2 0 3 0 0 2 3 1 0 0 1 0
-0.005209110159054412 2 0 3 0 0 2 3 2 0 0 2 0
0.002462954751299291 2 0 3 0 0 2 3 3 1 1 3 0
0.002462954751299291 2 0 3 0 0 2 3 3 2 2 3 0
0.005060274824038194 2 0 3 0 1 0 1 0 0 0 2 0
0.0005812405822560525 2 0 3 0 1 0 1 0 0 0 2 3
0.0006329855998197055 2 0 3 0 1 0 1 0 0 3 2 0
0.0006639829001947484 2 0 3 0 1 0 1 0 3 0 2 0
0.0005710954172573507 2 0 3 0 1 0 1 3 0 0 2 0
-0.005060274824038194 2 0 3 0 1 0 2 0 0 0 1 0
-0.0005812405822560525 2 0 3 0 1 0 2 0 0 0 1 3
-0.0006329855998197055 2 0 3 0 1 0 2 0 0 3 1 0
-0.0006639829001947484 2 0 3 0 1 0 2 0 3 0 1 0
-0.0005710954172573507 2 0 3 0 1 0 2 3 0 0 1 0
0.0005506121476166897 2 0 3 0 1 3 1 0 0 0 2 0
-0.0005506121476166897 2 0 3 0 1 3 2 0 0 0 1 0
0.0005385135882774059 2 0 3 0 1 3 3 1 0 0 3 2
-0.0005385135882774059 2 0 3 0 1 3 3 2 0 0 3 1
0.000258329191299065 2 0 3 0 2 0 1 1 1 1 0 3
0.0002658250470287865 2 0 3 0 2 0 1 1 1 1 3 0
0.00025729138319329165 2 0 3 0 2 0 1 1 2 2 0 3
0.0002660934423502615 2 0 3 0 2 0 1 1 2 2 3 0
1.0378081057732618e-06 2 0 3 0 2 0 1 2 2 1 0 3
-2.6839532147494865e-07 2 0 3 0 2 0 1 2 2 1 3 0
1.0378081057732618e-06 2 0 3 0 2 0 2 1 1 2 0 3
-2.6839532147494865e-07 2 0 3 0 2 0 2 1 1 2 3 0
0.00025729138319329165 2 0 3 0 2 0 2 2 1 1 0 3
0.0002660934423502615 2 0 3 0 2 0 2 2 1 1 3 0
0.000258329191299065 2 0 3 0 2 0 2 2 2 2 0 3
0.0002658250470287865 2 0 3 0 2 0 2 2 2 2 3 0
0.00029815305361676825 2 0 3 0 2 3 1 1 1 1 0 0
0.00029815305361676825 2 0 3 0 2 3 1 1 2 2 0 0
0.00029815305361676825 2 0 3 0 2 3 2 2 1 1 0 0
0.00029815305361676825 2 0 3 0 2 3 2 2 2 2 0 0
-0.00030588228302520055 2 0 3 0 2 3 3 3 1 1 1 1
-0.00030588228302520055 2 0 3 0 2 3 3 3 1 1 2 2
-0.00030588228302520055 2 0 3 0 2 3 3 3 2 2 1 1
-0.00030588228302520055 2 0 3 0 2 3 3 3 2 2 2 2
0.006143449982653758 2 0 3 0 3 1 1 0 0 0 0 2
-0.008006949930564363 2 0 3 0 3 1 1 1 1 1 1 2
-1.0038849278112696e-05 2 0 3 0 3 1 1 1 1 1 2 1
3.0484804150350463e-06 2 0 3 0 3 1 1 1 1 2 2 2
1.0038849278112696e-05 2 0 3 0 3 1 1 1 2 1 1 1
-0.007999959561701284 2 0 3 0 3 1 1 1 2 2 1 2
-1.0038849278112696e-05 2 0 3 0 3 1 1 1 2 2 2 1
-0.00802003726025751 2 0 3 0 3 1 1 2 1 1 2 2
3.0484804150350463e-06 2 0 3 0 3 1 1 2 2 1 1 2
1.0038849278112696e-05 2 0 3 0 3 1 1 2 2 1 2 1
-0.008006949930564363 2 0 3 0 3 1 1 2 2 2 2 2
-0.006143449982653758 2 0 3 0 3 1 2 0 0 0 0 1
0.008006949930564363 2 0 3 0 3 1 2 1 1 1 1 1
-1.0038849278112696e-05 2 0 3 0 3 1 2 1 1 2 1 2
-3.0484804150350463e-06 2 0 3 0 3 1 2 1 1 2 2 1
0.00802003726025751 2 0 3 0 3 1 2 1 2 2 1 1
1.0038849278112696e-05 2 0 3 0 3 1 2 2 1 1 1 2
0.007999959561701284 2 0 3 0 3 1 2 2 1 1 2 1
-1.0038849278112696e-05 2 0 3 0 3 1 2 2 1 2 2 2
-3.0484804150350463e-06 2 0 3 0 3 1 2 2 2 1 1 1
1.0038849278112696e-05 2 0 3 0 3 1 2 2 2 2 1 2
0.008006949930564363 2 0 3 0 3 1 2 2 2 2 2 1
-0.005544844031755327 2 0 3 0 3 2 0 3 1 1 3 0
-0.005544844031755327 2 0 3 0 3 2 0 3 2 2 3 0
-0.006096955164179244 2 0 3 0 3 2 3 0 1 1 3 0
-0.006096955164179244 2 0 3 0 3 2 3 0 2 2 3 0
-0.006101647198751154 2 0 3 0 3 2 3 3 1 1 0 0
-0.04877837934038016 2 0 3 0 3 2 3 3 1 1 3 0
-0.005602852531768963 2 0 3 0 3 2 3 3 1 1 3 3
-0.006101647198751154 2 0 3 0 3 2 3 3 2 2 0 0
-0.04877837934038016 2 0 3 0 3 2 3 3 2 2 3 0
-0.005602852531768963 2 0 3 0 3 2 3 3 2 2 3 3
0.005060274824038194 2 0 3 1 0 0 1 0 0 2 0 0
0.0008793936358728208 2 0 3 1 0 0 1 0 0 2 0 3
0.0005714053739291992 2 0 3 1 0 0 1 0 0 2 3 0
0.0010014342450675796 2 0 3 1 0 0 1 0 3 2 0 0
3.0790112945253154e-05 2 0 3 1 0 0 1 1 1 3 2 0
3.0790112945253154e-05 2 0 3 1 0 0 1 2 2 3 2 0
0.0005710954172573507 2 0 3 1 0 0 1 3 0 2 0 0
-0.005060274824038194 2 0 3 1 0 0 2 0 0 1 0 0
-0.0008793936358728208 2 0 3 1 0 0 2 0 0 1 0 3
-0.0005714053739291992 2 0 3 1 0 0 2 0 0 1 3 0
-0.0010014342450675796 2 0 3 1 0 0 2 0 3 1 0 0
-3.0790112945253154e-05 2 0 3 1 0 0 2 1 1 3 1 0
-3.0790112945253154e-05 2 0 3 1 0 0 2 2 2 3 1 0
-0.0005710954172573507 2 0 3 1 0 0 2 3 0 1 0 0
0.0008099791470215279 2 0 3 1 0 3 1 0 0 2 0 0
-0.0008099791470215279 2 0 3 1 0 3 2 0 0 1 0 0
0.0002743690990910074 2 0 3 1 0 3 3 3 1 3 3 2
-0.0002743690990910074 2 0 3 1 0 3 3 3 2 3 3 1
0.0003805422416423497 2 0 3 1 1 1 1 1 1 3 0 2
-3.0822821145363786e-05 2 0 3 1 1 1 1 1 2 3 0 1
0.0003497194204969859 2 0 3 1 1 1 1 2 2 3 0 2
-0.0003497194204969859 2 0 3 1 1 1 2 1 1 3 0 1
3.0822821145363786e-05 2 0 3 1 1 1 2 2 1 3 0 2
-0.0003805422416423497 2 0 3 1 1 1 2 2 2 3 0 1
-0.00026273794851819343 2 0 3 1 1 2 3 3 1 3 1 0
-0.00026273794851819343 2 0 3 1 1 2 3 3 2 3 2 0
-1.059777320492591e-06 2 0 3 1 2 1 3 3 1 3 1 0
-1.059777320492591e-06 2 0 3 1 2 1 3 3 2 3 2 0
3.0822821145363786e-05 2 0 3 1 2 2 1 1 1 3 0 2
-6.164564229072757e-05 2 0 3 1 2 2 1 1 2 3 0 1
-3.0822821145363786e-05 2 0 3 1 2 2 1 2 2 3 0 2
3.0822821145363786e-05 2 0 3 1 2 2 2 1 1 3 0 1
6.164564229072757e-05 2 0 3 1 2 2 2 2 1 3 0 2
-3.0822821145363786e-05 2 0 3 1 2 2 2 2 2 3 0 1
0.0005408836563054211 2 0 3 1 3 0 1 0 0 2 0 0
2.6839532147494865e-07 2 0 3 1 3 0 1 1 1 0 2 0
-1.0378081057732618e-06 2 0 3 1 3 0 1 1 1 3 2 3
-0.0002660934423502615 2 0 3 1 3 0 1 1 2 0 1 0
-0.00025729138319329165 2 0 3 1 3 0 1 1 2 3 1 3
-0.0002658250470287865 2 0 3 1 3 0 1 2 2 0 2 0
-0.000258329191299065 2 0 3 1 3 0 1 2 2 3 2 3
-0.0005408836563054211 2 0 3 1 3 0 2 0 0 1 0 0
0.0002658250470287865 2 0 3 1 3 0 2 1 1 0 1 0
0.000258329191299065 2 0 3 1 3 0 2 1 1 3 1 3
0.0002660934423502615 2 0 3 1 3 0 2 2 1 0 2 0
0.00025729138319329165 2 0 3 1 3 0 2 2 1 3 2 3
-2.6839532147494865e-07 2 0 3 1 3 0 2 2 2 0 1 0
1.0378081057732618e-06 2 0 3 1 3 0 2 2 2 3 1 3
0.0005486964822454372 2 0 3 1 3 0 3 3 1 3 3 2
-0.0005486964822454372 2 0 3 1 3 0 3 3 2 3 3 1
0.0005732214840549946 2 0 3 1 3 3 0 3 1 3 3 2
-0.0005732214840549946 2 0 3 1 3 3 0 3 2 3 3 1
-0.00029815305361676825 2 0 3 1 3 3 1 1 2 3 1 0
-0.00029815305361676825 2 0 3 1 3 3 1 2 2 3 2 0
0.00029815305361676825 2 0 3 1 3 3 2 1 1 3 1 0
0.00029815305361676825 2 0 3 1 3 3 2 2 1 3 2 0
0.0006302982856528086 2 0 3 1 3 3 3 0 1 3 3 2
-0.0006302982856528086 2 0 3 1 3 3 3 0 2 3 3 1
0.0005694173656868787 2 0 3 1 3 3 3 3 1 0 3 2
0.0006622586495233456 2 0 3 1 3 3 3 3 1 3 0 2
0.005042669340230057 2 0 3 1 3 3 3 3 1 3 3 2
-0.0005694173656868787 2 0 3 1 3 3 3 3 2 0 3 1
-0.0006622586495233456 2 0 3 1 3 3 3 3 2 3 0 1
-0.005042669340230057 2 0 3 1 3 3 3 3 2 3 3 1
0.0003497194204969859 2 0 3 2 2 1 1 1 1 3 0 2
3.0822821145363786e-05 2 0 3 2 2 1 1 1 2 3 0 1
0.0003805422416423497 2 0 3 2 2 1 1 2 2 3 0 2
-0.0003805422416423497 2 0 3 2 2 1 2 1 1 3 0 1
-3.0822821145363786e-05 2 0 3 2 2 1 2 2 1 3 0 2
-0.0003497194204969859 2 0 3 2 2 1 2 2 2 3 0 1
-0.0002637977258386861 2 0 3 2 2 2 3 3 1 3 1 0
-0.0002637977258386861 2 0 3 2 2 2 3 3 2 3 2 0
-0.0018604514674955685 2 0 3 3 0 1 1 0 0 0 0 2
0.0018604514674955685 2 0 3 3 0 1 2 0 0 0 0 1
0.0002753270045981094 2 0 3 3 1 0 1 0 0 0 2 0
-0.0002753270045981094 2 0 3 3 1 0 2 0 0 0 1 0
-3.0790112945253154e-05 2 0 3 3 2 0 1 1 1 1 0 0
-3.0790112945253154e-05 2 0 3 3 2 0 1 2 2 1 0 0
-3.0790112945253154e-05 2 0 3 3 2 0 2 1 1 2 0 0
-3.0790112945253154e-05 2 0 3 3 2 0 2 2 2 2 0 0
-0.0052138330592137955 2 0 3 3 3 2 3 3 1 1 3 0
-0.0052138330592137955 2 0 3 3 3 2 3 3 2 2 3 0
-40.633200675113784 2 1 0 0 0 0 1 2 0 0 0 0
0.0052191885138113256 2 1 0 0 0 0 1 2 0 0 0 3
0.0052049803957917974 2 1 0 0 0 0 1 2 0 0 3 0
0.0008320847168771454 2 1 0 0 0 0 1 2 0 0 3 3
0.005204980395791797 2 1 0 0 0 0 1 2 0 3 0 0
0.0005669024219329087 2 1 0 0 0 0 1 2 0 3 0 3
0.0005578936389029342 2 1 0 0 0 0 1 2 0 3 3 0
0.005219822837879918 2 1 0 0 0 0 1 2 3 0 0 0
0.0005679726818967754 2 1 0 0 0 0 1 2 3 0 0 3
0.0005579374559672571 2 1 0 0 0 0 1 2 3 0 3 0
0.00028400793167581394 2 1 0 0 0 0 1 2 3 3 0 0
40.633200675113784 2 1 0 0 0 0 2 1 0 0 0 0
-0.0052191885138113256 2 1 0 0 0 0 2 1 0 0 0 3
-0.0052049803957917974 2 1 0 0 0 0 2 1 0 0 3 0
-0.0008320847168771454 2 1 0 0 0 0 2 1 0 0 3 3
-0.005204980395791797 2 1 0 0 0 0 2 1 0 3 0 0
-0.0005669024219329087 2 1 0 0 0 0 2 1 0 3 0 3
-0.0005578936389029342 2 1 0 0 0 0 2 1 0 3 3 0
-0.005219822837879918 2 1 0 0 0 0 2 1 3 0 0 0
-0.0005679726818967754 2 1 0 0 0 0 2 1 3 0 0 3
-0.0005579374559672571 2 1 0 0 0 0 2 1 3 0 3 0
-0.00028400793167581394 2 1 0 0 0 0 2 1 3 3 0 0
0.005219188513811325 2 1 0 0 0 3 1 2 0 0 0 0
0.0010233710874120582 2 1 0 0 0 3 1 2 0 0 0 3
0.000887781474512138 2 1 0 0 0 3 1 2 0 0 3 0
0.0005996672701734823 2 1 0 0 0 3 1 2 0 3 0 0
0.0005995668162429165 2 1 0 0 0 3 1 2 3 0 0 0
-0.005219188513811325 2 1 0 0 0 3 2 1 0 0 0 0
-0.0010233710874120582 2 1 0 0 0 3 2 1 0 0 0 3
-0.000887781474512138 2 1 0 0 0 3 2 1 0 0 3 0
-0.0005996672701734823 2 1 0 0 0 3 2 1 0 3 0 0
-0.0005995668162429165 2 1 0 0 0 3 2 1 3 0 0 0
-0.00030169068985086 2 1 0 0 0 3 3 0 0 0 1 2
0.00030169068985086 2 1 0 0 0 3 3 0 0 0 2 1
-0.0047731623201185906 2 1 0 0 1 2 0 0 0 0 0 0
-0.04463638526485188 2 1 0 0 1 2 0 0 0 0 3 0
0.003914090533518263 2 1 0 0 1 2 0 0 0 0 3 3
-0.004713384317061578 2 1 0 0 1 2 0 0 0 3 3 0
-0.004704218020166431 2 1 0 0 1 2 0 0 3 0 3 0
-0.004704218020166431 2 1 0 0 1 2 0 3 0 0 3 0
-6.941448885129272e-05 2 1 0 0 1 2 1 1 0 0 2 2
-5.5696757634992493e-05 2 1 0 0 1 2 1 2 0 0 1 2
0.0001251112464862852 2 1 0 0 1 2 1 2 0 0 2 1
0.0001251112464862852 2 1 0 0 1 2 2 1 0 0 1 2
-5.5696757634992493e-05 2 1 0 0 1 2 2 1 0 0 2 1
-6.941448885129272e-05 2 1 0 0 1 2 2 2 0 0 1 1
-0.04361134854900094 2 1 0 0 1 2 3 0 0 0 0 0
-0.0047499466349916735 2 1 0 0 1 2 3 0 0 0 0 3
340.42390973151277 2 1 0 0 1 2 3 0 0 0 3 0
-0.04373039514285093 2 1 0 0 1 2 3 0 0 0 3 3
-0.004674464088114036 2 1 0 0 1 2 3 0 0 3 0 0
-0.043611348549000936 2 1 0 0 1 2 3 0 0 3 3 0
-0.0047499466349916735 2 1 0 0 1 2 3 0 0 3 3 3
-0.004674831221343994 2 1 0 0 1 2 3 0 3 0 0 0
-0.04373571000015006 2 1 0 0 1 2 3 0 3 0 3 0
-0.00475891410014485 2 1 0 0 1 2 3 0 3 0 3 3
0.0033387893230761158 2 1 0 0 1 2 3 0 3 3 3 0
0.004515642337699162 2 1 0 0 1 2 3 3 0 0 0 0
-0.04373571000015009 2 1 0 0 1 2 3 3 0 0 3 0
-0.004819957847239955 2 1 0 0 1 2 3 3 0 0 3 3
-0.004674831221343994 2 1 0 0 1 2 3 3 0 3 3 0
-0.004670596570777006 2 1 0 0 1 2 3 3 3 0 3 0
-0.00908083405237061 2 1 0 0 2 1 1 1 0 0 2 2
0.009136530810005605 2 1 0 0 2 1 1 2 0 0 1 2
-5.5696757634992493e-05 2 1 0 0 2 1 1 2 0 0 2 1
-5.5696757634992493e-05 2 1 0 0 2 1 2 1 0 0 1 2
0.009136530810005605 2 1 0 0 2 1 2 1 0 0 2 1
-0.00908083405237061 2 1 0 0 2 1 2 2 0 0 1 1
3.099084279279199e-07 2 1 0 0 2 1 3 0 0 0 3 0
0.005204980395791796 2 1 0 0 3 0 1 2 0 0 0 0
0.000887781474512138 2 1 0 0 3 0 1 2 0 0 0 3
0.001011111581858948 2 1 0 0 3 0 1 2 0 0 3 0
0.0005897467548144069 2 1 0 0 3 0 1 2 0 3 0 0
0.0005894215085620094 2 1 0 0 3 0 1 2 3 0 0 0
3.176091029069401e-05 2 1 0 0 3 0 1 3 2 1 1 0
3.176091029069401e-05 2 1 0 0 3 0 1 3 2 2 2 0
-0.005204980395791796 2 1 0 0 3 0 2 1 0 0 0 0
-0.000887781474512138 2 1 0 0 3 0 2 1 0 0 0 3
-0.001011111581858948 2 1 0 0 3 0 2 1 0 0 3 0
-0.0005897467548144069 2 1 0 0 3 0 2 1 0 3 0 0
-0.0005894215085620094 2 1 0 0 3 0 2 1 3 0 0 0
-3.176091029069401e-05 2 1 0 0 3 0 2 3 1 1 1 0
-3.176091029069401e-05 2 1 0 0 3 0 2 3 1 2 2 0
0.0008320847168771454 2 1 0 0 3 3 1 2 0 0 0 0
-0.0008320847168771454 2 1 0 0 3 3 2 1 0 0 0 0
-2.988900152850656e-05 2 1 0 1 0 2 0 0 0 1 1 0
-2.988900152850656e-05 2 1 0 1 0 2 0 0 0 2 2 0
-3.0628434639362775e-05 2 1 0 1 0 2 1 1 0 2 0 2
-3.276484824057368e-05 2 1 0 1 0 2 1 2 0 1 0 2
6.339328287993646e-05 2 1 0 1 0 2 1 2 0 2 0 1
6.339328287993646e-05 2 1 0 1 0 2 2 1 0 1 0 2
-3.276484824057368e-05 2 1 0 1 0 2 2 1 0 2 0 1
-3.0628434639362775e-05 2 1 0 1 0 2 2 2 0 1 0 1
0.0002942132536557626 2 1 0 1 0 2 3 0 3 1 1 0
0.0002942132536557626 2 1 0 1 0 2 3 0 3 2 2 0
0.0002942132536557626 2 1 0 1 0 2 3 3 0 1 1 0
0.0002942132536557626 2 1 0 1 0 2 3 3 0 2 2 0
-0.00027420638198738474 2 1 0 1 1 0 1 3 2 3 0 0
0.00027420638198738474 2 1 0 1 1 0 2 3 1 3 0 0
0.00027452922165279505 2 1 0 1 1 0 3 0 0 1 3 2
-0.00027452922165279505 2 1 0 1 1 0 3 0 0 2 3 1
0.0002891200981653461 2 1 0 1 1 3 0 0 0 1 3 2
-0.0002891200981653461 2 1 0 1 1 3 0 0 0 2 3 1
0.0002955831896606162 2 1 0 1 1 3 3 0 3 1 3 2
-0.0002955831896606162 2 1 0 1 1 3 3 0 3 2 3 1
-3.0415527817076513e-05 2 1 0 1 1 3 3 3 0 1 3 2
3.0415527817076513e-05 2 1 0 1 1 3 3 3 0 2 3 1
-0.00035765859522159603 2 1 0 1 2 0 1 1 0 2 2 0
-3.185311591147266e-05 2 1 0 1 2 0 1 2 0 1 2 0
0.0003895117111330687 2 1 0 1 2 0 1 2 0 2 1 0
0.0003895117111330687 2 1 0 1 2 0 2 1 0 1 2 0
-3.185311591147266e-05 2 1 0 1 2 0 2 1 0 2 1 0
-0.00035765859522159603 2 1 0 1 2 0 2 2 0 1 1 0
0.0002668900235455429 2 1 0 1 3 2 3 0 0 1 1 0
0.0002668900235455429 2 1 0 1 3 2 3 0 0 2 2 0
-0.0002653534359164768 2 1 0 1 3 2 3 1 1 3 3 0
-0.0002653534359164768 2 1 0 1 3 2 3 2 2 3 3 0
-0.0003466709400819509 2 1 0 2 0 1 1 1 0 2 0 2
0.00037943578832252457 2 1 0 2 0 1 1 2 0 1 0 2
-3.276484824057368e-05 2 1 0 2 0 1 1 2 0 2 0 1
-3.276484824057368e-05 2 1 0 2 0 1 2 1 0 1 0 2
0.00037943578832252457 2 1 0 2 0 1 2 1 0 2 0 1
-0.0003466709400819509 2 1 0 2 0 1 2 2 0 1 0 1
-3.052171762377821e-05 2 1 0 2 1 0 1 1 0 2 2 0
6.237483353525088e-05 2 1 0 2 1 0 1 2 0 1 2 0
-3.185311591147266e-05 2 1 0 2 1 0 1 2 0 2 1 0
-3.185311591147266e-05 2 1 0 2 1 0 2 1 0 1 2 0
6.237483353525088e-05 2 1 0 2 1 0 2 1 0 2 1 0
-3.052171762377821e-05 2 1 0 2 1 0 2 2 0 1 1 0
2.7685769594171065e-07 2 1 0 2 2 0 1 3 2 3 0 0
-2.7685769594171065e-07 2 1 0 2 2 0 2 3 1 3 0 0
0.005204980395791795 2 1 0 3 0 0 1 2 0 0 0 0
0.0005996672701734823 2 1 0 3 0 0 1 2 0 0 0 3
0.0005897467548144069 2 1 0 3 0 0 1 2 0 0 3 0
0.0006839747042611303 2 1 0 3 0 0 1 2 0 3 0 0
0.0006529433291433973 2 1 0 3 0 0 1 2 3 0 0 0
-0.005204980395791795 2 1 0 3 0 0 2 1 0 0 0 0
-0.0005996672701734823 2 1 0 3 0 0 2 1 0 0 0 3
-0.0005897467548144069 2 1 0 3 0 0 2 1 0 0 3 0
-0.0006839747042611303 2 1 0 3 0 0 2 1 0 3 0 0
-0.0006529433291433973 2 1 0 3 0 0 2 1 3 0 0 0
0.0005669024219329087 2 1 0 3 0 3 1 2 0 0 0 0
-0.0005669024219329087 2 1 0 3 0 3 2 1 0 0 0 0
-0.004972615413698417 2 1 0 3 1 2 0 0 0 0 3 0
-0.004941354111659578 2 1 0 3 1 2 3 0 0 0 0 0
-0.04361134854900092 2 1 0 3 1 2 3 0 0 0 3 0
-0.0050244758566444685 2 1 0 3 1 2 3 0 0 0 3 3
-0.005475134158750662 2 1 0 3 1 2 3 0 0 3 3 0
-0.005470863854365379 2 1 0 3 1 2 3 0 3 0 3 0
-0.00493862894718268 2 1 0 3 1 2 3 3 0 0 3 0
0.0005578936389029342 2 1 0 3 3 0 1 2 0 0 0 0
-0.0005578936389029342 2 1 0 3 3 0 2 1 0 0 0 0
-3.083138726750482e-05 2 1 1 0 0 2 0 0 1 0 1 0
-3.083138726750482e-05 2 1 1 0 0 2 0 0 2 0 2 0
-3.1594134346141094e-05 2 1 1 0 0 2 1 1 2 0 0 2
-3.1594134346141094e-05 2 1 1 0 0 2 1 2 1 0 0 2
6.318826869228219e-05 2 1 1 0 0 2 1 2 2 0 0 1
6.318826869228219e-05 2 1 1 0 0 2 2 1 1 0 0 2
-3.1594134346141094e-05 2 1 1 0 0 2 2 1 2 0 0 1
-3.1594134346141094e-05 2 1 1 0 0 2 2 2 1 0 0 1
0.0002968004429407984 2 1 1 0 0 2 3 0 1 3 1 0
0.0002968004429407984 2 1 1 0 0 2 3 0 2 3 2 0
0.000295948335041611 2 1 1 0 0 2 3 3 1 0 1 0
0.000295948335041611 2 1 1 0 0 2 3 3 2 0 2 0
0.00026472007583112456 2 1 1 0 1 0 3 0 1 0 3 2
-0.00026472007583112456 2 1 1 0 1 0 3 0 2 0 3 1
0.0002982359148014066 2 1 1 0 1 3 0 0 1 0 3 2
-0.0002982359148014066 2 1 1 0 1 3 0 0 2 0 3 1
0.00030588228302520055 2 1 1 0 1 3 3 0 1 3 3 2
-0.00030588228302520055 2 1 1 0 1 3 3 0 2 3 3 1
-3.0594899125134276e-05 2 1 1 0 1 3 3 3 1 0 3 2
3.0594899125134276e-05 2 1 1 0 1 3 3 3 2 0 3 1
3.148405259475231e-05 2 1 1 0 2 0 1 0 0 1 0 0
-0.00036893539746758335 2 1 1 0 2 0 1 1 2 0 2 0
-3.148405259475231e-05 2 1 1 0 2 0 1 2 1 0 2 0
0.00040041945006233566 2 1 1 0 2 0 1 2 2 0 1 0
-3.0790112945253154e-05 2 1 1 0 2 0 1 3 0 1 3 0
3.148405259475231e-05 2 1 1 0 2 0 2 0 0 2 0 0
0.00040041945006233566 2 1 1 0 2 0 2 1 1 0 2 0
-3.148405259475231e-05 2 1 1 0 2 0 2 1 2 0 1 0
-0.00036893539746758335 2 1 1 0 2 0 2 2 1 0 1 0
-3.0790112945253154e-05 2 1 1 0 2 0 2 3 0 2 3 0
1.0378081057732618e-06 2 1 1 0 2 3 1 3 0 1 0 0
1.0378081057732618e-06 2 1 1 0 2 3 2 3 0 2 0 0
0.0003805422416423497 2 1 1 0 3 1 1 3 0 1 1 2
-3.0822821145363786e-05 2 1 1 0 3 1 1 3 0 1 2 1
0.0003497194204969859 2 1 1 0 3 1 1 3 0 2 2 2
-0.0003497194204969859 2 1 1 0 3 1 2 3 0 1 1 1
3.0822821145363786e-05 2 1 1 0 3 1 2 3 0 2 1 2
-0.0003805422416423497 2 1 1 0 3 1 2 3 0 2 2 1
0.0002637977258386861 2 1 1 0 3 2 3 0 1 0 1 0
0.0002637977258386861 2 1 1 0 3 2 3 0 2 0 2 0
-0.0002658250470287865 2 1 1 1 0 0 1 3 0 3 2 0
0.0002658250470287865 2 1 1 1 0 0 2 3 0 3 1 0
6.215829448701806e-05 2 1 1 1 0 3 3 0 1 1 1 2
-3.147530513756911e-05 2 1 1 1 0 3 3 0 1 2 1 1
3.0682989349448945e-05 2 1 1 1 0 3 3 0 1 2 2 2
-3.0682989349448945e-05 2 1 1 1 0 3 3 0 2 1 1 1
3.147530513756911e-05 2 1 1 1 0 3 3 0 2 1 2 2
-6.215829448701806e-05 2 1 1 1 0 3 3 0 2 2 2 1
-0.008006949930564361 2 1 1 1 1 1 1 3 0 3 0 2
0.008006949930564361 2 1 1 1 1 1 2 3 0 3 0 1
-1.0299093364584277e-05 2 1 1 1 1 1 3 0 1 2 3 0
1.0299093364584277e-05 2 1 1 1 1 1 3 0 2 1 3 0
1.0038849278112696e-05 2 1 1 1 2 2 1 3 0 3 0 2
-1.0038849278112696e-05 2 1 1 1 2 2 2 3 0 3 0 1
2.5871892850358557e-06 2 1 1 1 2 2 3 0 1 2 3 0
-2.5871892850358557e-06 2 1 1 1 2 2 3 0 2 1 3 0
0.008219856734125114 2 1 1 1 2 2 3 1 0 3 2 0
-0.008219856734125114 2 1 1 1 2 2 3 2 0 3 1 0
-0.0003059672922780789 2 1 1 1 3 0 1 0 0 3 2 0
3.0790112945253154e-05 2 1 1 1 3 0 1 3 0 0 2 0
-0.00029815305361676825 2 1 1 1 3 0 1 3 0 3 2 3
0.0003059672922780789 2 1 1 1 3 0 2 0 0 3 1 0
-3.0790112945253154e-05 2 1 1 1 3 0 2 3 0 0 1 0
0.00029815305361676825 2 1 1 1 3 0 2 3 0 3 1 3
-0.000258329191299065 2 1 1 1 3 3 1 3 0 3 2 0
0.000258329191299065 2 1 1 1 3 3 2 3 0 3 1 0
-3.148405259475231e-05 2 1 1 2 0 0 1 1 2 2 0 0
-0.00036893539746758335 2 1 1 2 0 0 1 2 1 2 0 0
0.00040041945006233566 2 1 1 2 0 0 1 2 2 1 0 0
0.00040041945006233566 2 1 1 2 0 0 2 1 1 2 0 0
-0.00036893539746758335 2 1 1 2 0 0 2 1 2 1 0 0
-3.148405259475231e-05 2 1 1 2 0 0 2 2 1 1 0 0
0.008206970451475493 2 1 1 2 1 2 3 0 1 2 3 0
-0.008206970451475493 2 1 1 2 1 2 3 0 2 1 3 0
3.0484804150350463e-06 2 1 1 2 2 1 1 3 0 3 0 2
-3.0484804150350463e-06 2 1 1 2 2 1 2 3 0 3 0 1
0.00026273794851819343 2 1 1 3 0 2 3 0 1 0 1 0
0.00026273794851819343 2 1 1 3 0 2 3 0 2 0 2 0
0.00026490020031116716 2 1 1 3 1 3 3 0 1 0 3 2
-0.00026490020031116716 2 1 1 3 1 3 3 0 2 0 3 1
-2.6839532147494865e-07 2 1 1 3 2 0 1 3 0 1 0 0
-2.6839532147494865e-07 2 1 1 3 2 0 2 3 0 2 0 0
-0.00034871538331377946 2 1 2 0 0 1 1 1 2 0 0 2
0.0003803095176599206 2 1 2 0 0 1 1 2 1 0 0 2
-3.1594134346141094e-05 2 1 2 0 0 1 1 2 2 0 0 1
-3.1594134346141094e-05 2 1 2 0 0 1 2 1 1 0 0 2
0.0003803095176599206 2 1 2 0 0 1 2 1 2 0 0 1
-0.00034871538331377946 2 1 2 0 0 1 2 2 1 0 0 1
-0.0002637977258386861 2 1 2 0 0 2 3 1 0 2 3 0
0.0002637977258386861 2 1 2 0 0 2 3 2 0 1 3 0
-3.148405259475231e-05 2 1 2 0 1 0 1 0 0 1 0 0
-3.070171517132276e-05 2 1 2 0 1 0 1 1 2 0 2 0
6.218576776607507e-05 2 1 2 0 1 0 1 2 1 0 2 0
-3.148405259475231e-05 2 1 2 0 1 0 1 2 2 0 1 0
0.00029815305361676825 2 1 2 0 1 0 1 3 0 1 0 3
0.0003059672922780789 2 1 2 0 1 0 1 3 3 1 0 0
-3.148405259475231e-05 2 1 2 0 1 0 2 0 0 2 0 0
-3.148405259475231e-05 2 1 2 0 1 0 2 1 1 0 2 0
6.218576776607507e-05 2 1 2 0 1 0 2 1 2 0 1 0
-3.070171517132276e-05 2 1 2 0 1 0 2 2 1 0 1 0
0.00029815305361676825 2 1 2 0 1 0 2 3 0 2 0 3
0.0003059672922780789 2 1 2 0 1 0 2 3 3 2 0 0
0.00025729138319329165 2 1 2 0 1 3 1 3 0 1 0 0
0.00025729138319329165 2 1 2 0 1 3 2 3 0 2 0 0
-0.0003995158826497876 2 1 2 0 2 3 3 1 0 1 2 1
3.0682989349448945e-05 2 1 2 0 2 3 3 1 0 2 1 1
-0.00036883289330033863 2 1 2 0 2 3 3 1 0 2 2 2
0.00036883289330033863 2 1 2 0 2 3 3 2 0 1 1 1
-3.0682989349448945e-05 2 1 2 0 2 3 3 2 0 1 2 2
0.0003995158826497876 2 1 2 0 2 3 3 2 0 2 1 2
3.0822821145363786e-05 2 1 2 0 3 2 1 3 0 1 1 2
-6.164564229072757e-05 2 1 2 0 3 2 1 3 0 1 2 1
-3.0822821145363786e-05 2 1 2 0 3 2 1 3 0 2 2 2
3.0822821145363786e-05 2 1 2 0 3 2 2 3 0 1 1 1
6.164564229072757e-05 2 1 2 0 3 2 2 3 0 2 1 2
-3.0822821145363786e-05 2 1 2 0 3 2 2 3 0 2 2 1
-0.0002968004429407984 2 1 2 0 3 2 3 1 0 2 0 0
3.1585356304095796e-05 2 1 2 0 3 2 3 1 0 2 3 3
-0.000295948335041611 2 1 2 0 3 2 3 1 3 2 3 0
0.0002968004429407984 2 1 2 0 3 2 3 2 0 1 0 0
-3.1585356304095796e-05 2 1 2 0 3 2 3 2 0 1 3 3
0.000295948335041611 2 1 2 0 3 2 3 2 3 1 3 0
-3.070171517132276e-05 2 1 2 1 0 0 1 1 2 2 0 0
0.0003996371126389061 2 1 2 1 0 0 1 2 1 2 0 0
-0.00036893539746758335 2 1 2 1 0 0 1 2 2 1 0 0
-0.00036893539746758335 2 1 2 1 0 0 2 1 1 2 0 0
0.0003996371126389061 2 1 2 1 0 0 2 1 2 1 0 0
-3.070171517132276e-05 2 1 2 1 0 0 2 2 1 1 0 0
-2.674615323724356e-07 2 1 2 1 0 3 3 1 0 3 3 1
-2.674615323724356e-07 2 1 2 1 0 3 3 2 0 3 3 2
-1.0038849278112696e-05 2 1 2 1 1 2 1 3 0 3 0 2
1.0038849278112696e-05 2 1 2 1 1 2 2 3 0 3 0 1
-0.008219856734125114 2 1 2 1 1 2 3 0 1 2 3 0
0.008219856734125114 2 1 2 1 1 2 3 0 2 1 3 0
-2.5871892850358557e-06 2 1 2 1 1 2 3 1 0 3 2 0
2.5871892850358557e-06 2 1 2 1 1 2 3 2 0 3 1 0
-1.2418648005569453e-05 2 1 2 1 2 1 3 1 0 3 2 0
1.2418648005569453e-05 2 1 2 1 2 1 3 2 0 3 1 0
1.0634827565437742e-06 2 1 2 1 3 0 3 1 0 3 3 1
1.0634827565437742e-06 2 1 2 1 3 0 3 2 0 3 3 2
3.147530513756911e-05 2 1 2 1 3 3 3 1 0 0 3 1
-3.0594899125134276e-05 2 1 2 1 3 3 3 1 3 3 3 1
3.147530513756911e-05 2 1 2 1 3 3 3 2 0 0 3 2
-3.0594899125134276e-05 2 1 2 1 3 3 3 2 3 3 3 2
-0.0002660934423502615 2 1 2 2 0 0 1 3 0 3 2 0
0.0002660934423502615 2 1 2 2 0 0 2 3 0 3 1 0
-0.007999959561701284 2 1 2 2 1 1 1 3 0 3 0 2
0.007999959561701284 2 1 2 2 1 1 2 3 0 3 0 1
1.0038849278112696e-05 2 1 2 2 2 2 1 3 0 3 0 2
-1.0038849278112696e-05 2 1 2 2 2 2 2 3 0 3 0 1
0.008204850896834507 2 1 2 2 2 2 3 1 0 3 2 0
-0.008204850896834507 2 1 2 2 2 2 3 2 0 3 1 0
-0.0003059672922780789 2 1 2 2 3 0 1 0 0 3 2 0
-0.00029815305361676825 2 1 2 2 3 0 1 3 0 3 2 3
3.148405259475231e-05 2 1 2 2 3 0 1 3 3 3 2 0
0.0003059672922780789 2 1 2 2 3 0 2 0 0 3 1 0
0.00029815305361676825 2 1 2 2 3 0 2 3 0 3 1 3
-3.148405259475231e-05 2 1 2 2 3 0 2 3 3 3 1 0
-0.00025729138319329165 2 1 2 2 3 3 1 3 0 3 2 0
0.00025729138319329165 2 1 2 2 3 3 2 3 0 3 1 0
0.0002660934423502615 2 1 2 3 1 0 1 3 0 1 0 0
0.0002660934423502615 2 1 2 3 1 0 2 3 0 2 0 0
-0.00026273794851819343 2 1 2 3 3 2 3 1 0 2 3 0
0.00026273794851819343 2 1 2 3 3 2 3 2 0 1 3 0
0.005219822837879918 2 1 3 0 0 0 1 2 0 0 0 0
0.0005995668162429165 2 1 3 0 0 0 1 2 0 0 0 3
0.0005894215085620094 2 1 3 0 0 0 1 2 0 0 3 0
0.0006529433291433973 2 1 3 0 0 0 1 2 0 3 0 0
0.0006841109552397734 2 1 3 0 0 0 1 2 3 0 0 0
-0.0002966151599740398 2 1 3 0 0 0 1 3 1 1 2 0
-0.0002966151599740398 2 1 3 0 0 0 1 3 2 2 2 0
-0.005219822837879918 2 1 3 0 0 0 2 1 0 0 0 0
-0.0005995668162429165 2 1 3 0 0 0 2 1 0 0 0 3
-0.0005894215085620094 2 1 3 0 0 0 2 1 0 0 3 0
-0.0006529433291433973 2 1 3 0 0 0 2 1 0 3 0 0
-0.0006841109552397734 2 1 3 0 0 0 2 1 3 0 0 0
0.0002966151599740398 2 1 3 0 0 0 2 3 1 1 1 0
0.0002966151599740398 2 1 3 0 0 0 2 3 2 2 1 0
0.0005679726818967754 2 1 3 0 0 3 1 2 0 0 0 0
-0.0005679726818967754 2 1 3 0 0 3 2 1 0 0 0 0
-0.008387492172206712 2 1 3 0 1 1 1 3 1 1 0 2
8.964880514528839e-06 2 1 3 0 1 1 1 3 2 1 0 1
-0.008378527291692183 2 1 3 0 1 1 1 3 2 2 0 2
0.008378527291692183 2 1 3 0 1 1 2 3 1 1 0 1
-8.964880514528839e-06 2 1 3 0 1 1 2 3 1 2 0 2
0.008387492172206712 2 1 3 0 1 1 2 3 2 2 0 1
-0.004971622547700332 2 1 3 0 1 2 0 0 0 0 3 0
-0.00493862894718268 2 1 3 0 1 2 3 0 0 0 0 0
-0.04373571000015006 2 1 3 0 1 2 3 0 0 0 3 0
-0.005023634175975975 2 1 3 0 1 2 3 0 0 0 3 3
-0.005470863854365379 2 1 3 0 1 2 3 0 0 3 3 0
-0.005466656878526437 2 1 3 0 1 2 3 0 3 0 3 0
-0.004935950006693483 2 1 3 0 1 2 3 3 0 0 3 0
9.001041172339435e-06 2 1 3 0 2 2 1 3 1 1 0 2
-3.616065781059308e-08 2 1 3 0 2 2 1 3 2 1 0 1
8.964880514528839e-06 2 1 3 0 2 2 1 3 2 2 0 2
-8.964880514528839e-06 2 1 3 0 2 2 2 3 1 1 0 1
3.616065781059308e-08 2 1 3 0 2 2 2 3 1 2 0 2
-9.001041172339435e-06 2 1 3 0 2 2 2 3 2 2 0 1
0.008604366779484295 2 1 3 0 2 2 3 1 1 1 2 0
2.3197277526634202e-06 2 1 3 0 2 2 3 1 1 2 1 0
0.00860668650723696 2 1 3 0 2 2 3 1 2 2 2 0
-0.00860668650723696 2 1 3 0 2 2 3 2 1 1 1 0
-2.3197277526634202e-06 2 1 3 0 2 2 3 2 2 1 2 0
-0.008604366779484295 2 1 3 0 2 2 3 2 2 2 1 0
-0.0002744832396833265 2 1 3 0 3 0 1 0 1 1 2 0
2.7685769594171065e-07 2 1 3 0 3 0 1 0 2 1 1 0
-0.00027420638198738474 2 1 3 0 3 0 1 0 2 2 2 0
0.0005579374559672571 2 1 3 0 3 0 1 2 0 0 0 0
-0.0002673302324714045 2 1 3 0 3 0 1 3 1 1 2 3
1.073968763583855e-06 2 1 3 0 3 0 1 3 2 1 1 3
-0.00026625626370782053 2 1 3 0 3 0 1 3 2 2 2 3
0.00027420638198738474 2 1 3 0 3 0 2 0 1 1 1 0
-2.7685769594171065e-07 2 1 3 0 3 0 2 0 1 2 2 0
0.0002744832396833265 2 1 3 0 3 0 2 0 2 2 1 0
-0.0005579374559672571 2 1 3 0 3 0 2 1 0 0 0 0
0.00026625626370782053 2 1 3 0 3 0 2 3 1 1 1 3
-1.073968763583855e-06 2 1 3 0 3 0 2 3 1 2 2 3
0.0002673302324714045 2 1 3 0 3 0 2 3 2 2 1 3
-0.0002881142043386555 2 1 3 0 3 3 1 3 1 1 2 0
-0.0002881142043386555 2 1 3 0 3 3 1 3 2 2 2 0
0.0002881142043386555 2 1 3 0 3 3 2 3 1 1 1 0
0.0002881142043386555 2 1 3 0 3 3 2 3 2 2 1 0
0.0002661174535913495 2 1 3 1 0 2 3 0 0 1 1 0
0.0002661174535913495 2 1 3 1 0 2 3 0 0 2 2 0
-0.0002661174535913495 2 1 3 1 0 2 3 1 1 3 3 0
-0.0002661174535913495 2 1 3 1 0 2 3 2 2 3 3 0
3.176091029069401e-05 2 1 3 1 1 0 1 0 2 3 0 0
-0.0002966151599740398 2 1 3 1 1 0 1 3 2 0 0 0
-0.0002881142043386555 2 1 3 1 1 0 1 3 2 3 0 3
-3.176091029069401e-05 2 1 3 1 1 0 2 0 1 3 0 0
0.0002966151599740398 2 1 3 1 1 0 2 3 1 0 0 0
0.0002881142043386555 2 1 3 1 1 0 2 3 1 3 0 3
-0.00026625626370782053 2 1 3 1 1 3 1 3 2 3 0 0
0.00026625626370782053 2 1 3 1 1 3 2 3 1 3 0 0
0.00027440697788763137 2 1 3 1 1 3 3 0 0 1 3 2
-0.00027440697788763137 2 1 3 1 1 3 3 0 0 2 3 1
3.0415527817076513e-05 2 1 3 1 2 3 3 1 1 3 1 1
-0.0003564142452947691 2 1 3 1 2 3 3 1 1 3 2 2
0.0003868297731118456 2 1 3 1 2 3 3 1 2 3 2 1
0.0003868297731118456 2 1 3 1 2 3 3 2 1 3 1 2
-0.0003564142452947691 2 1 3 1 2 3 3 2 2 3 1 1
3.0415527817076513e-05 2 1 3 1 2 3 3 2 2 3 2 2
-2.978501303959052e-05 2 1 3 1 3 2 1 3 1 3 2 2
-3.189678990894765e-05 2 1 3 1 3 2 1 3 2 3 1 2
6.168180294853818e-05 2 1 3 1 3 2 1 3 2 3 2 1
6.168180294853818e-05 2 1 3 1 3 2 2 3 1 3 1 2
-3.189678990894765e-05 2 1 3 1 3 2 2 3 1 3 2 1
-2.978501303959052e-05 2 1 3 1 3 2 2 3 2 3 1 1
-0.0002942132536557626 2 1 3 1 3 2 3 1 1 0 3 0
-0.0002942132536557626 2 1 3 1 3 2 3 1 1 3 0 0
3.052187354755202e-05 2 1 3 1 3 2 3 1 1 3 3 3
-0.0002942132536557626 2 1 3 1 3 2 3 2 2 0 3 0
-0.0002942132536557626 2 1 3 1 3 2 3 2 2 3 0 0
3.052187354755202e-05 2 1 3 1 3 2 3 2 2 3 3 3
3.176091029069401e-05 2 1 3 2 2 0 1 0 2 3 0 0
-3.052171762377821e-05 2 1 3 2 2 0 1 3 2 3 3 0
-3.176091029069401e-05 2 1 3 2 2 0 2 0 1 3 0 0
3.052171762377821e-05 2 1 3 2 2 0 2 3 1 3 3 0
1.073968763583855e-06 2 1 3 2 2 3 1 3 2 3 0 0
-1.073968763583855e-06 2 1 3 2 2 3 2 3 1 3 0 0
-0.0003466709400819509 2 1 3 2 3 1 1 3 1 3 2 2
0.0003785677299908985 2 1 3 2 3 1 1 3 2 3 1 2
-3.189678990894765e-05 2 1 3 2 3 1 1 3 2 3 2 1
-3.189678990894765e-05 2 1 3 2 3 1 2 3 1 3 1 2
0.0003785677299908985 2 1 3 2 3 1 2 3 1 3 2 1
-0.0003466709400819509 2 1 3 2 3 1 2 3 2 3 1 1
0.00028400793167581394 2 1 3 3 0 0 1 2 0 0 0 0
-0.00028400793167581394 2 1 3 3 0 0 2 1 0 0 0 0
0.002208468448280754 2 1 3 3 1 2 3 0 0 0 3 0
3.052171762377821e-05 2 1 3 3 3 0 1 3 1 1 2 0
-3.052171762377821e-05 2 1 3 3 3 0 1 3 2 1 1 0
3.052171762377821e-05 2 1 3 3 3 0 2 3 1 2 2 0
-3.052171762377821e-05 2 1 3 3 3 0 2 3 2 2 1 0
0.0010074220717757709 2 2 0 0 0 0 0 0 0 0 1 1
0.0010074220717757709 2 2 0 0 0 0 0 0 0 0 2 2
0.0003206646066428564 2 2 0 0 0 0 1 1 0 0 0 0
0.0003206646066428564 2 2 0 0 0 0 2 2 0 0 0 0
0.005217738426408561 2 2 0 0 0 0 3 0 0 0 1 1
0.005217738426408561 2 2 0 0 0 0 3 0 0 0 2 2
0.0005995006599903039 2 2 0 0 0 0 3 0 0 3 1 1
0.0005995006599903039 2 2 0 0 0 0 3 0 0 3 2 2
0.0005994002339696285 2 2 0 0 0 0 3 0 3 0 1 1
0.0005994002339696285 2 2 0 0 0 0 3 0 3 0 2 2
0.000894642183348305 2 2 0 0 0 0 3 3 0 0 1 1
0.000894642183348305 2 2 0 0 0 0 3 3 0 0 2 2
0.005325837597661619 2 2 0 0 0 3 0 0 0 0 1 1
0.005325837597661619 2 2 0 0 0 3 0 0 0 0 2 2
0.0005623824433606605 2 2 0 0 0 3 0 0 0 3 1 1
0.0005623824433606605 2 2 0 0 0 3 0 0 0 3 2 2
0.0005612887569354305 2 2 0 0 0 3 0 0 3 0 1 1
0.0005612887569354305 2 2 0 0 0 3 0 0 3 0 2 2
0.0008265447499982597 2 2 0 0 0 3 0 3 0 0 1 1
0.0008265447499982599 2 2 0 0 0 3 0 3 0 0 2 2
-40.621924057906334 2 2 0 0 0 3 3 0 0 0 1 1
-40.621924057906334 2 2 0 0 0 3 3 0 0 0 2 2
0.005203534255940055 2 2 0 0 0 3 3 0 0 3 1 1
0.005203534255940055 2 2 0 0 0 3 3 0 0 3 2 2
0.005218372574238005 2 2 0 0 0 3 3 0 3 0 1 1
0.005218372574238005 2 2 0 0 0 3 3 0 3 0 2 2
0.00028392902356147426 2 2 0 0 0 3 3 0 3 3 1 1
0.00028392902356147426 2 2 0 0 0 3 3 0 3 3 2 2
0.0052183725742380085 2 2 0 0 0 3 3 3 0 0 1 1
0.0052183725742380085 2 2 0 0 0 3 3 3 0 0 2 2
0.0005577824399002406 2 2 0 0 0 3 3 3 0 3 1 1
0.0005577824399002406 2 2 0 0 0 3 3 3 0 3 2 2
0.000557277178081462 2 2 0 0 0 3 3 3 3 0 1 1
0.000557277178081462 2 2 0 0 0 3 3 3 3 0 2 2
7.871348775881027e-05 2 2 0 0 1 1 0 0 0 0 0 0
0.0001793215943089167 2 2 0 0 1 1 0 0 0 0 3 0
1.0660782788973007e-05 2 2 0 0 1 1 0 0 0 0 3 3
1.8935484701797153e-05 2 2 0 0 1 1 0 0 0 3 3 0
1.8898660147940616e-05 2 2 0 0 1 1 0 0 3 0 3 0
-4.491264885814146e-05 2 2 0 0 1 1 0 3 0 0 3 0
0.009150248541221907 2 2 0 0 1 1 1 1 0 0 2 2
-0.00908083405237061 2 2 0 0 1 1 1 2 0 0 1 2
-6.941448885129272e-05 2 2 0 0 1 1 1 2 0 0 2 1
-6.941448885129272e-05 2 2 0 0 1 1 2 1 0 0 1 2
-0.00908083405237061 2 2 0 0 1 1 2 1 0 0 2 1
0.009150248541221907 2 2 0 0 1 1 2 2 0 0 1 1
0.0001752036260410806 2 2 0 0 1 1 3 0 0 0 0 0
-4.642912020999575e-05 2 2 0 0 1 1 3 0 0 0 0 3
-1.3677366151426191 2 2 0 0 1 1 3 0 0 0 3 0
0.00017568188217404387 2 2 0 0 1 1 3 0 0 0 3 3
1.877912711449859e-05 2 2 0 0 1 1 3 0 0 3 0 0
0.00017520362604108057 2 2 0 0 1 1 3 0 0 3 3 0
1.9082369650117934e-05 2 2 0 0 1 1 3 0 0 3 3 3
1.8780602030438342e-05 2 2 0 0 1 1 3 0 3 0 0 0
0.00017570323400795132 2 2 0 0 1 1 3 0 3 0 3 0
1.9118395420095405e-05 2 2 0 0 1 1 3 0 3 0 3 3
9.55992447046682e-06 2 2 0 0 1 1 3 0 3 3 3 0
9.55992447046682e-06 2 2 0 0 1 1 3 3 0 0 0 0
0.00017570323400795143 2 2 0 0 1 1 3 3 0 0 3 0
8.016214251519945e-05 2 2 0 0 1 1 3 3 0 0 3 3
1.8780602030438342e-05 2 2 0 0 1 1 3 3 0 3 3 0
1.8763589804056038e-05 2 2 0 0 1 1 3 3 3 0 3 0
-0.004694448832359779 2 2 0 0 2 2 0 0 0 0 0 0
-0.044457063670542946 2 2 0 0 2 2 0 0 0 0 3 0
0.003924751316307236 2 2 0 0 2 2 0 0 0 0 3 3
-0.004694448832359779 2 2 0 0 2 2 0 0 0 3 3 0
-0.004685319360018488 2 2 0 0 2 2 0 0 3 0 3 0
-0.004749130669024571 2 2 0 0 2 2 0 3 0 0 3 0
-0.04343614492295984 2 2 0 0 2 2 3 0 0 0 0 0
-0.004796375755201667 2 2 0 0 2 2 3 0 0 0 0 3
339.0561734262781 2 2 0 0 2 2 3 0 0 0 3 0
-0.04355471326067687 2 2 0 0 2 2 3 0 0 0 3 3
-0.004655684960999535 2 2 0 0 2 2 3 0 0 3 0 0
-0.043436144922959836 2 2 0 0 2 2 3 0 0 3 3 0
-0.004730864265341554 2 2 0 0 2 2 3 0 0 3 3 3
-0.0046560506193135546 2 2 0 0 2 2 3 0 3 0 0 0
-0.04356000676614209 2 2 0 0 2 2 3 0 3 0 3 0
-0.004739795704724753 2 2 0 0 2 2 3 0 3 0 3 3
0.0033483492475465827 2 2 0 0 2 2 3 0 3 3 3 0
0.0045252022621696305 2 2 0 0 2 2 3 3 0 0 0 0
-0.04356000676614212 2 2 0 0 2 2 3 3 0 0 3 0
-0.004739795704724753 2 2 0 0 2 2 3 3 0 0 3 3
-0.0046560506193135546 2 2 0 0 2 2 3 3 0 3 3 0
-0.0046518329809729485 2 2 0 0 2 2 3 3 3 0 3 0
0.0008390683569475409 2 2 0 0 3 0 3 0 0 0 1 1
0.0008390683569475409 2 2 0 0 3 0 3 0 0 0 2 2
0.0008824329744622659 2 2 0 0 3 3 0 0 0 0 1 1
0.0008824329744622659 2 2 0 0 3 3 0 0 0 0 2 2
0.005203534255940054 2 2 0 0 3 3 3 0 0 0 1 1
0.005203534255940054 2 2 0 0 3 3 3 0 0 0 2 2
0.0005895829009245321 2 2 0 0 3 3 3 0 0 3 1 1
0.0005895829009245321 2 2 0 0 3 3 3 0 0 3 2 2
0.0005892577450378097 2 2 0 0 3 3 3 0 3 0 1 1
0.0005892577450378097 2 2 0 0 3 3 3 0 3 0 2 2
3.1660926333689644e-05 2 2 0 0 3 3 3 1 1 1 3 1
3.1660926333689644e-05 2 2 0 0 3 3 3 1 1 2 3 2
3.1660926333689644e-05 2 2 0 0 3 3 3 2 2 1 3 1
3.1660926333689644e-05 2 2 0 0 3 3 3 2 2 2 3 2
0.001009176162156582 2 2 0 0 3 3 3 3 0 0 1 1
0.001009176162156582 2 2 0 0 3 3 3 3 0 0 2 2
2.988900152850656e-05 2 2 0 1 0 1 0 0 0 1 1 0
2.988900152850656e-05 2 2 0 1 0 1 0 0 0 2 2 0
0.0003772993747213137 2 2 0 1 0 1 1 1 0 2 0 2
-0.0003466709400819509 2 2 0 1 0 1 1 2 0 1 0 2
-3.0628434639362775e-05 2 2 0 1 0 1 1 2 0 2 0 1
-3.0628434639362775e-05 2 2 0 1 0 1 2 1 0 1 0 2
-0.0003466709400819509 2 2 0 1 0 1 2 1 0 2 0 1
0.0003772993747213137 2 2 0 1 0 1 2 2 0 1 0 1
-3.275574493005684e-05 2 2 0 1 0 1 3 0 0 1 1 3
-3.275574493005684e-05 2 2 0 1 0 1 3 0 0 2 2 3
0.00038818031284537424 2 2 0 1 1 0 1 1 0 2 2 0
-3.052171762377821e-05 2 2 0 1 1 0 1 2 0 1 2 0
-0.00035765859522159603 2 2 0 1 1 0 1 2 0 2 1 0
-0.00035765859522159603 2 2 0 1 1 0 2 1 0 1 2 0
-3.052171762377821e-05 2 2 0 1 1 0 2 1 0 2 1 0
0.00038818031284537424 2 2 0 1 1 0 2 2 0 1 1 0
-0.0002744832396833265 2 2 0 1 2 0 1 3 2 3 0 0
0.0002744832396833265 2 2 0 1 2 0 2 3 1 3 0 0
0.0002734263317700443 2 2 0 1 2 0 3 0 0 1 3 2
-0.0002734263317700443 2 2 0 1 2 0 3 0 0 2 3 1
0.0002891200981653461 2 2 0 1 2 3 0 0 0 1 3 2
-0.0002891200981653461 2 2 0 1 2 3 0 0 0 2 3 1
-3.184426591458142e-05 2 2 0 1 2 3 3 0 0 1 0 2
3.184426591458142e-05 2 2 0 1 2 3 3 0 0 2 0 1
0.0002955831896606162 2 2 0 1 2 3 3 0 3 1 3 2
-0.0002955831896606162 2 2 0 1 2 3 3 0 3 2 3 1
-1.072200274358168e-06 2 2 0 1 3 1 3 0 0 1 1 0
-1.072200274358168e-06 2 2 0 1 3 1 3 0 0 2 2 0
1.0660272085553583e-06 2 2 0 1 3 1 3 1 1 3 3 0
1.0660272085553583e-06 2 2 0 1 3 1 3 2 2 3 3 0
-3.275574493005684e-05 2 2 0 2 0 2 3 0 0 1 1 3
-3.275574493005684e-05 2 2 0 2 0 2 3 0 0 2 2 3
0.0002942132536557626 2 2 0 2 0 2 3 0 3 1 1 0
0.0002942132536557626 2 2 0 2 0 2 3 0 3 2 2 0
0.0002942132536557626 2 2 0 2 0 2 3 3 0 1 1 0
0.0002942132536557626 2 2 0 2 0 2 3 3 0 2 2 0
1.1028898827506465e-06 2 2 0 2 1 0 3 0 0 1 3 2
-1.1028898827506465e-06 2 2 0 2 1 0 3 0 0 2 3 1
3.184426591458142e-05 2 2 0 2 1 3 3 0 0 1 0 2
-3.184426591458142e-05 2 2 0 2 1 3 3 0 0 2 0 1
-3.0415527817076513e-05 2 2 0 2 1 3 3 3 0 1 3 2
3.0415527817076513e-05 2 2 0 2 1 3 3 3 0 2 3 1
0.00026581782327118463 2 2 0 2 3 2 3 0 0 1 1 0
0.00026581782327118463 2 2 0 2 3 2 3 0 0 2 2 0
-0.00026428740870792133 2 2 0 2 3 2 3 1 1 3 3 0
-0.00026428740870792133 2 2 0 2 3 2 3 2 2 3 3 0
0.0005667449150602472 2 2 0 3 0 0 3 0 0 0 1 1
0.0005667449150602472 2 2 0 3 0 0 3 0 0 0 2 2
0.0005933128762969198 2 2 0 3 0 3 0 0 0 0 1 1
0.0005933128762969198 2 2 0 3 0 3 0 0 0 0 2 2
0.005203534255940053 2 2 0 3 0 3 3 0 0 0 1 1
0.005203534255940053 2 2 0 3 0 3 3 0 0 0 2 2
0.0006532714327536948 2 2 0 3 0 3 3 0 0 3 1 1
0.0006532714327536948 2 2 0 3 0 3 3 0 0 3 2 2
0.0006831774446788894 2 2 0 3 0 3 3 0 3 0 1 1
0.0006831774446788894 2 2 0 3 0 3 3 0 3 0 2 2
0.0005892577450378097 2 2 0 3 0 3 3 3 0 0 1 1
0.0005892577450378097 2 2 0 3 0 3 3 3 0 0 2 2
1.997691610954986e-05 2 2 0 3 1 1 0 0 0 0 3 0
1.9851327388856758e-05 2 2 0 3 1 1 3 0 0 0 0 0
0.00017520362604108052 2 2 0 3 1 1 3 0 0 0 3 0
2.018525953286858e-05 2 2 0 3 1 1 3 0 0 0 3 3
2.1995727937573086e-05 2 2 0 3 1 1 3 0 0 3 3 0
2.1978572476036274e-05 2 2 0 3 1 1 3 0 3 0 3 0
1.984037935093093e-05 2 2 0 3 1 1 3 3 0 0 3 0
-0.004952638497588866 2 2 0 3 2 2 0 0 0 0 3 0
-0.004921502784270719 2 2 0 3 2 2 3 0 0 0 0 0
-0.04343614492295982 2 2 0 3 2 2 3 0 0 0 3 0
-0.005004290597111598 2 2 0 3 2 2 3 0 0 0 3 3
-0.005453138430813087 2 2 0 3 2 2 3 0 0 3 3 0
-0.0054488852818893405 2 2 0 3 2 2 3 0 3 0 3 0
-0.004918788567831747 2 2 0 3 2 2 3 3 0 0 3 0
0.0005577386350099507 2 2 0 3 3 3 3 0 0 0 1 1
0.0005577386350099507 2 2 0 3 3 3 3 0 0 0 2 2
3.083138726750482e-05 2 2 1 0 0 1 0 0 1 0 1 0
3.083138726750482e-05 2 2 1 0 0 1 0 0 2 0 2 0
0.0003803095176599206 2 2 1 0 0 1 1 1 2 0 0 2
-0.00034871538331377946 2 2 1 0 0 1 1 2 1 0 0 2
-3.1594134346141094e-05 2 2 1 0 0 1 1 2 2 0 0 1
-3.1594134346141094e-05 2 2 1 0 0 1 2 1 1 0 0 2
-0.00034871538331377946 2 2 1 0 0 1 2 1 2 0 0 1
0.0003803095176599206 2 2 1 0 0 1 2 2 1 0 0 1
-3.1585356304095796e-05 2 2 1 0 0 1 3 0 1 0 1 3
-3.1585356304095796e-05 2 2 1 0 0 1 3 0 2 0 2 3
0.00026273794851819343 2 2 1 0 0 2 3 1 0 2 3 0
-0.00026273794851819343 2 2 1 0 0 2 3 2 0 1 3 0
0.0003996371126389061 2 2 1 0 1 0 1 1 2 0 2 0
-3.070171517132276e-05 2 2 1 0 1 0 1 2 1 0 2 0
-0.00036893539746758335 2 2 1 0 1 0 1 2 2 0 1 0
-0.00036893539746758335 2 2 1 0 1 0 2 1 1 0 2 0
-3.070171517132276e-05 2 2 1 0 1 0 2 1 2 0 1 0
0.0003996371126389061 2 2 1 0 1 0 2 2 1 0 1 0
0.0002636565930745807 2 2 1 0 2 0 3 0 1 0 3 2
-0.0002636565930745807 2 2 1 0 2 0 3 0 2 0 3 1
0.0002982359148014066 2 2 1 0 2 3 0 0 1 0 3 2
-0.0002982359148014066 2 2 1 0 2 3 0 0 2 0 3 1
-3.147530513756911e-05 2 2 1 0 2 3 3 0 1 0 0 2
0.00030588228302520055 2 2 1 0 2 3 3 0 1 3 3 2
3.147530513756911e-05 2 2 1 0 2 3 3 0 2 0 0 1
-0.00030588228302520055 2 2 1 0 2 3 3 0 2 3 3 1
3.0682989349448945e-05 2 2 1 0 2 3 3 1 0 1 2 1
-6.215829448701806e-05 2 2 1 0 2 3 3 1 0 2 1 1
-3.147530513756911e-05 2 2 1 0 2 3 3 1 0 2 2 2
3.147530513756911e-05 2 2 1 0 2 3 3 2 0 1 1 1
6.215829448701806e-05 2 2 1 0 2 3 3 2 0 1 2 2
-3.0682989349448945e-05 2 2 1 0 2 3 3 2 0 2 1 2
-1.059777320492591e-06 2 2 1 0 3 1 3 0 1 0 1 0
-1.059777320492591e-06 2 2 1 0 3 1 3 0 2 0 2 0
-3.083138726750482e-05 2 2 1 0 3 2 0 1 0 2 3 0
3.083138726750482e-05 2 2 1 0 3 2 0 2 0 1 3 0
0.0002968004429407984 2 2 1 0 3 2 3 1 0 2 0 0
0.000295948335041611 2 2 1 0 3 2 3 1 3 2 3 0
-0.0002968004429407984 2 2 1 0 3 2 3 2 0 1 0 0
-0.000295948335041611 2 2 1 0 3 2 3 2 3 1 3 0
6.218576776607507e-05 2 2 1 1 0 0 1 1 2 2 0 0
-3.070171517132276e-05 2 2 1 1 0 0 1 2 1 2 0 0
-3.148405259475231e-05 2 2 1 1 0 0 1 2 2 1 0 0
-3.148405259475231e-05 2 2 1 1 0 0 2 1 1 2 0 0
-3.070171517132276e-05 2 2 1 1 0 0 2 1 2 1 0 0
6.218576776607507e-05 2 2 1 1 0 0 2 2 1 1 0 0
-0.00026490020031116716 2 2 1 1 0 3 3 1 0 3 3 1
-0.00026490020031116716 2 2 1 1 0 3 3 2 0 3 3 2
-0.008206970451475493 2 2 1 1 1 2 3 1 0 3 2 0
0.008206970451475493 2 2 1 1 1 2 3 2 0 3 1 0
-0.00802003726025751 2 2 1 1 2 1 1 3 0 3 0 2
0.00802003726025751 2 2 1 1 2 1 2 3 0 3 0 1
-1.0299093364584277e-05 2 2 1 1 2 1 3 0 1 2 3 0
1.0299093364584277e-05 2 2 1 1 2 1 3 0 2 1 3 0
-1.0299093364584277e-05 2 2 1 1 2 1 3 1 0 3 2 0
1.0299093364584277e-05 2 2 1 1 2 1 3 2 0 3 1 0
-0.00026472007583112456 2 2 1 1 3 0 3 1 0 3 3 1
-0.00026472007583112456 2 2 1 1 3 0 3 2 0 3 3 2
-0.0002982359148014066 2 2 1 1 3 3 0 1 0 3 3 1
-0.0002982359148014066 2 2 1 1 3 3 0 2 0 3 3 2
-0.00030588228302520055 2 2 1 1 3 3 3 1 0 3 0 1
3.0594899125134276e-05 2 2 1 1 3 3 3 1 3 3 3 1
-0.00030588228302520055 2 2 1 1 3 3 3 2 0 3 0 2
3.0594899125134276e-05 2 2 1 1 3 3 3 2 3 3 3 2
3.147530513756911e-05 2 2 1 2 0 3 3 0 1 1 1 2
-0.00040030819843790775 2 2 1 2 0 3 3 0 1 2 1 1
-0.00036883289330033863 2 2 1 2 0 3 3 0 1 2 2 2
0.00036883289330033863 2 2 1 2 0 3 3 0 2 1 1 1
0.00040030819843790775 2 2 1 2 0 3 3 0 2 1 2 2
-3.147530513756911e-05 2 2 1 2 0 3 3 0 2 2 2 1
-1.2418648005569453e-05 2 2 1 2 1 1 3 0 1 2 3 0
1.2418648005569453e-05 2 2 1 2 1 1 3 0 2 1 3 0
0.00819713899275496 2 2 1 2 2 2 3 0 1 2 3 0
-0.00819713899275496 2 2 1 2 2 2 3 0 2 1 3 0
2.5871892850358557e-06 2 2 1 2 2 2 3 1 0 3 2 0
-2.5871892850358557e-06 2 2 1 2 2 2 3 2 0 3 1 0
1.059777320492591e-06 2 2 1 3 0 1 3 0 1 0 1 0
1.059777320492591e-06 2 2 1 3 0 1 3 0 2 0 2 0
0.0002651676618435396 2 2 1 3 2 3 3 0 1 0 3 2
-0.0002651676618435396 2 2 1 3 2 3 3 0 2 0 3 1
0.0002637977258386861 2 2 1 3 3 2 3 1 0 2 3 0
-0.0002637977258386861 2 2 1 3 3 2 3 2 0 1 3 0
1.059777320492591e-06 2 2 2 0 0 1 3 1 0 2 3 0
-1.059777320492591e-06 2 2 2 0 0 1 3 2 0 1 3 0
-3.1585356304095796e-05 2 2 2 0 0 2 3 0 1 0 1 3
0.0002968004429407984 2 2 2 0 0 2 3 0 1 3 1 0
-3.1585356304095796e-05 2 2 2 0 0 2 3 0 2 0 2 3
0.0002968004429407984 2 2 2 0 0 2 3 0 2 3 2 0
0.000295948335041611 2 2 2 0 0 2 3 3 1 0 1 0
0.000295948335041611 2 2 2 0 0 2 3 3 2 0 2 0
1.0634827565437742e-06 2 2 2 0 1 0 3 0 1 0 3 2
-1.0634827565437742e-06 2 2 2 0 1 0 3 0 2 0 3 1
3.147530513756911e-05 2 2 2 0 1 3 3 0 1 0 0 2
-3.147530513756911e-05 2 2 2 0 1 3 3 0 2 0 0 1
0.00036883289330033863 2 2 2 0 1 3 3 1 0 1 2 1
3.147530513756911e-05 2 2 2 0 1 3 3 1 0 2 1 1
0.00040030819843790775 2 2 2 0 1 3 3 1 0 2 2 2
-0.00040030819843790775 2 2 2 0 1 3 3 2 0 1 1 1
-3.147530513756911e-05 2 2 2 0 1 3 3 2 0 1 2 2
-0.00036883289330033863 2 2 2 0 1 3 3 2 0 2 1 2
-3.0594899125134276e-05 2 2 2 0 1 3 3 3 1 0 3 2
3.0594899125134276e-05 2 2 2 0 1 3 3 3 2 0 3 1
0.00029815305361676825 2 2 2 0 2 0 1 3 0 1 0 3
-3.0790112945253154e-05 2 2 2 0 2 0 1 3 0 1 3 0
0.0003059672922780789 2 2 2 0 2 0 1 3 3 1 0 0
0.00029815305361676825 2 2 2 0 2 0 2 3 0 2 0 3
-3.0790112945253154e-05 2 2 2 0 2 0 2 3 0 2 3 0
0.0003059672922780789 2 2 2 0 2 0 2 3 3 2 0 0
0.000258329191299065 2 2 2 0 2 3 1 3 0 1 0 0
0.000258329191299065 2 2 2 0 2 3 2 3 0 2 0 0
3.083138726750482e-05 2 2 2 0 3 1 0 1 0 2 3 0
-3.083138726750482e-05 2 2 2 0 3 1 0 2 0 1 3 0
0.0003497194204969859 2 2 2 0 3 1 1 3 0 1 1 2
3.0822821145363786e-05 2 2 2 0 3 1 1 3 0 1 2 1
0.0003805422416423497 2 2 2 0 3 1 1 3 0 2 2 2
-0.0003805422416423497 2 2 2 0 3 1 2 3 0 1 1 1
-3.0822821145363786e-05 2 2 2 0 3 1 2 3 0 2 1 2
-0.0003497194204969859 2 2 2 0 3 1 2 3 0 2 2 1
-3.1585356304095796e-05 2 2 2 0 3 1 3 1 0 2 3 3
3.1585356304095796e-05 2 2 2 0 3 1 3 2 0 1 3 3
0.00026273794851819343 2 2 2 0 3 2 3 0 1 0 1 0
0.00026273794851819343 2 2 2 0 3 2 3 0 2 0 2 0
2.6839532147494865e-07 2 2 2 1 0 0 1 3 0 3 2 0
-2.6839532147494865e-07 2 2 2 1 0 0 2 3 0 3 1 0
3.0682989349448945e-05 2 2 2 1 0 3 3 0 1 1 1 2
0.00036883289330033863 2 2 2 1 0 3 3 0 1 2 1 1
0.0003995158826497876 2 2 2 1 0 3 3 0 1 2 2 2
-0.0003995158826497876 2 2 2 1 0 3 3 0 2 1 1 1
-0.00036883289330033863 2 2 2 1 0 3 3 0 2 1 2 2
-3.0682989349448945e-05 2 2 2 1 0 3 3 0 2 2 2 1
3.0484804150350463e-06 2 2 2 1 1 1 1 3 0 3 0 2
-3.0484804150350463e-06 2 2 2 1 1 1 2 3 0 3 0 1
1.2418648005569453e-05 2 2 2 1 1 1 3 0 1 2 3 0
-1.2418648005569453e-05 2 2 2 1 1 1 3 0 2 1 3 0
1.2418648005569453e-05 2 2 2 1 1 1 3 1 0 3 2 0
-1.2418648005569453e-05 2 2 2 1 1 1 3 2 0 3 1 0
-1.0038849278112696e-05 2 2 2 1 2 2 1 3 0 3 0 2
1.0038849278112696e-05 2 2 2 1 2 2 2 3 0 3 0 1
-0.008204850896834509 2 2 2 1 2 2 3 0 1 2 3 0
0.008204850896834509 2 2 2 1 2 2 3 0 2 1 3 0
3.0790112945253154e-05 2 2 2 1 3 0 1 3 0 0 2 0
-3.148405259475231e-05 2 2 2 1 3 0 1 3 3 3 2 0
-3.0790112945253154e-05 2 2 2 1 3 0 2 3 0 0 1 0
3.148405259475231e-05 2 2 2 1 3 0 2 3 3 3 1 0
-1.0378081057732618e-06 2 2 2 1 3 3 1 3 0 3 2 0
1.0378081057732618e-06 2 2 2 1 3 3 2 3 0 3 1 0
-0.0002651676618435396 2 2 2 2 0 3 3 1 0 3 3 1
-0.0002651676618435396 2 2 2 2 0 3 3 2 0 3 3 2
-2.5871892850358557e-06 2 2 2 2 1 2 3 0 1 2 3 0
2.5871892850358557e-06 2 2 2 2 1 2 3 0 2 1 3 0
-0.00819713899275496 2 2 2 2 1 2 3 1 0 3 2 0
0.00819713899275496 2 2 2 2 1 2 3 2 0 3 1 0
-0.008006949930564361 2 2 2 2 2 1 1 3 0 3 0 2
0.008006949930564361 2 2 2 2 2 1 2 3 0 3 0 1
-1.0299093364584277e-05 2 2 2 2 2 1 3 1 0 3 2 0
1.0299093364584277e-05 2 2 2 2 2 1 3 2 0 3 1 0
-0.0002636565930745807 2 2 2 2 3 0 3 1 0 3 3 1
-0.0002636565930745807 2 2 2 2 3 0 3 2 0 3 3 2
-0.0002982359148014066 2 2 2 2 3 3 0 1 0 3 3 1
-0.0002982359148014066 2 2 2 2 3 3 0 2 0 3 3 2
3.147530513756911e-05 2 2 2 2 3 3 3 1 0 0 3 1
-0.00030588228302520055 2 2 2 2 3 3 3 1 0 3 0 1
3.147530513756911e-05 2 2 2 2 3 3 3 2 0 0 3 2
-0.00030588228302520055 2 2 2 2 3 3 3 2 0 3 0 2
0.0002637977258386861 2 2 2 3 0 2 3 0 1 0 1 0
0.0002637977258386861 2 2 2 3 0 2 3 0 2 0 2 0
-2.674615323724356e-07 2 2 2 3 1 3 3 0 1 0 3 2
2.674615323724356e-07 2 2 2 3 1 3 3 0 2 0 3 1
0.0002658250470287865 2 2 2 3 2 0 1 3 0 1 0 0
0.0002658250470287865 2 2 2 3 2 0 2 3 0 2 0 0
-1.059777320492591e-06 2 2 2 3 3 1 3 1 0 2 3 0
1.059777320492591e-06 2 2 2 3 3 1 3 2 0 1 3 0
0.0005678148776655326 2 2 3 0 0 0 3 0 0 0 1 1
0.0005678148776655326 2 2 3 0 0 0 3 0 0 0 2 2
0.0005931944114384716 2 2 3 0 0 3 0 0 0 0 1 1
0.0005931944114384716 2 2 3 0 0 3 0 0 0 0 2 2
0.005218372574238005 2 2 3 0 0 3 3 0 0 0 1 1
0.005218372574238005 2 2 3 0 0 3 3 0 0 0 2 2
0.0006845140027738145 2 2 3 0 0 3 3 0 0 3 1 1
0.0006845140027738145 2 2 3 0 0 3 3 0 0 3 2 2
0.0006522599570825309 2 2 3 0 0 3 3 0 3 0 1 1
0.0006522599570825309 2 2 3 0 0 3 3 0 3 0 2 2
-0.0002955831896606162 2 2 3 0 0 3 3 1 1 1 3 1
-0.0002955831896606162 2 2 3 0 0 3 3 1 2 2 3 1
-0.0002955831896606162 2 2 3 0 0 3 3 2 1 1 3 2
-0.0002955831896606162 2 2 3 0 0 3 3 2 2 2 3 2
0.0005889381044151517 2 2 3 0 0 3 3 3 0 0 1 1
0.0005889381044151517 2 2 3 0 0 3 3 3 0 0 2 2
1.997292738347683e-05 2 2 3 0 1 1 0 0 0 0 3 0
1.984037935093093e-05 2 2 3 0 1 1 3 0 0 0 0 0
0.00017570323400795132 2 2 3 0 1 1 3 0 0 0 3 0
2.018187817663918e-05 2 2 3 0 1 1 3 0 0 0 3 3
2.1978572476036274e-05 2 2 3 0 1 1 3 0 0 3 3 0
2.196167142972211e-05 2 2 3 0 1 1 3 0 3 0 3 0
1.9829617012611396e-05 2 2 3 0 1 1 3 3 0 0 3 0
-0.008595136782682262 2 2 3 0 1 2 3 1 1 1 2 0
-2.310408510603337e-06 2 2 3 0 1 2 3 1 1 2 1 0
-0.008597447191192868 2 2 3 0 1 2 3 1 2 2 2 0
0.008597447191192868 2 2 3 0 1 2 3 2 1 1 1 0
2.310408510603337e-06 2 2 3 0 1 2 3 2 2 1 2 0
0.008595136782682262 2 2 3 0 1 2 3 2 2 2 1 0
-0.008396493213379052 2 2 3 0 2 1 1 3 1 1 0 2
9.001041172339435e-06 2 2 3 0 2 1 1 3 2 1 0 1
-0.00838749217220671 2 2 3 0 2 1 1 3 2 2 0 2
0.00838749217220671 2 2 3 0 2 1 2 3 1 1 0 1
-9.001041172339435e-06 2 2 3 0 2 1 2 3 1 2 0 2
0.008396493213379052 2 2 3 0 2 1 2 3 2 2 0 1
-9.2299968020316e-06 2 2 3 0 2 1 3 1 1 1 2 0
-9.319242060082287e-09 2 2 3 0 2 1 3 1 1 2 1 0
-9.239316044091684e-06 2 2 3 0 2 1 3 1 2 2 2 0
9.239316044091684e-06 2 2 3 0 2 1 3 2 1 1 1 0
9.319242060082287e-09 2 2 3 0 2 1 3 2 2 1 2 0
9.2299968020316e-06 2 2 3 0 2 1 3 2 2 2 1 0
-0.004951649620316854 2 2 3 0 2 2 0 0 0 0 3 0
-0.004918788567831747 2 2 3 0 2 2 3 0 0 0 0 0
-0.04356000676614209 2 2 3 0 2 2 3 0 0 0 3 0
-0.005003452297799334 2 2 3 0 2 2 3 0 0 0 3 3
-0.0054488852818893405 2 2 3 0 2 2 3 0 0 3 3 0
-0.0054446952070967124 2 2 3 0 2 2 3 0 3 0 3 0
-0.00491612038968087 2 2 3 0 2 2 3 3 0 0 3 0
-0.00029524194937867655 2 2 3 0 3 0 3 1 1 1 3 1
-0.00029524194937867655 2 2 3 0 3 0 3 1 2 2 3 1
-0.00029524194937867655 2 2 3 0 3 0 3 2 1 1 3 2
-0.00029524194937867655 2 2 3 0 3 0 3 2 2 2 3 2
-0.0002663302602983655 2 2 3 0 3 3 0 1 1 1 3 1
1.0742672355362153e-06 2 2 3 0 3 3 0 1 1 2 3 2
-0.0002674045275339018 2 2 3 0 3 3 0 1 2 2 3 1
-0.0002674045275339018 2 2 3 0 3 3 0 2 1 1 3 2
1.0742672355362153e-06 2 2 3 0 3 3 0 2 2 1 3 1
-0.0002663302602983655 2 2 3 0 3 3 0 2 2 2 3 2
0.0005577824399002406 2 2 3 0 3 3 3 0 0 0 1 1
0.0005577824399002406 2 2 3 0 3 3 3 0 0 0 2 2
-0.0002741301971131988 2 2 3 0 3 3 3 1 1 1 0 1
2.7678077443251797e-07 2 2 3 0 3 3 3 1 1 2 0 2
-0.00027440697788763137 2 2 3 0 3 3 3 1 2 2 0 1
-0.00027440697788763137 2 2 3 0 3 3 3 2 1 1 0 2
2.7678077443251797e-07 2 2 3 0 3 3 3 2 2 1 0 1
-0.0002741301971131988 2 2 3 0 3 3 3 2 2 2 0 2
-1.0690965625526732e-06 2 2 3 1 0 1 3 0 0 1 1 0
-1.0690965625526732e-06 2 2 3 1 0 1 3 0 0 2 2 0
1.0690965625526732e-06 2 2 3 1 0 1 3 1 1 3 3 0
1.0690965625526732e-06 2 2 3 1 0 1 3 2 2 3 3 0
3.1752085912001624e-05 2 2 3 1 1 3 3 1 1 3 1 1
0.0003881663312067707 2 2 3 1 1 3 3 1 1 3 2 2
-0.0003564142452947691 2 2 3 1 1 3 3 1 2 3 2 1
-0.0003564142452947691 2 2 3 1 1 3 3 2 1 3 1 2
0.0003881663312067707 2 2 3 1 1 3 3 2 2 3 1 1
3.1752085912001624e-05 2 2 3 1 1 3 3 2 2 3 2 2
-0.0002966151599740398 2 2 3 1 2 0 1 3 2 0 0 0
-0.0002881142043386555 2 2 3 1 2 0 1 3 2 3 0 3
3.052171762377821e-05 2 2 3 1 2 0 1 3 2 3 3 0
0.0002966151599740398 2 2 3 1 2 0 2 3 1 0 0 0
0.0002881142043386555 2 2 3 1 2 0 2 3 1 3 0 3
-3.052171762377821e-05 2 2 3 1 2 0 2 3 1 3 3 0
-0.0002673302324714045 2 2 3 1 2 3 1 3 2 3 0 0
0.0002673302324714045 2 2 3 1 2 3 2 3 1 3 0 0
0.0002741301971131988 2 2 3 1 2 3 3 0 0 1 3 2
-0.0002741301971131988 2 2 3 1 2 3 3 0 0 2 3 1
3.190565450304104e-05 2 2 3 1 3 1 0 1 1 3 3 0
3.190565450304104e-05 2 2 3 1 3 1 0 2 2 3 3 0
0.0003764559531215414 2 2 3 1 3 1 1 3 1 3 2 2
-0.0003466709400819509 2 2 3 1 3 1 1 3 2 3 1 2
-2.978501303959052e-05 2 2 3 1 3 1 1 3 2 3 2 1
-2.978501303959052e-05 2 2 3 1 3 1 2 3 1 3 1 2
-0.0003466709400819509 2 2 3 1 3 1 2 3 1 3 2 1
0.0003764559531215414 2 2 3 1 3 1 2 3 2 3 1 1
-3.052187354755202e-05 2 2 3 1 3 1 3 1 1 3 3 3
-3.052187354755202e-05 2 2 3 1 3 1 3 2 2 3 3 3
0.0002650483570287967 2 2 3 2 0 2 3 0 0 1 1 0
0.0002650483570287967 2 2 3 2 0 2 3 0 0 2 2 0
-0.0002650483570287967 2 2 3 2 0 2 3 1 1 3 3 0
-0.0002650483570287967 2 2 3 2 0 2 3 2 2 3 3 0
2.7678077443251797e-07 2 2 3 2 1 3 3 0 0 1 3 2
-2.7678077443251797e-07 2 2 3 2 1 3 3 0 0 2 3 1
6.216761372907814e-05 2 2 3 2 2 3 3 1 1 3 1 1
3.1752085912001624e-05 2 2 3 2 2 3 3 1 1 3 2 2
3.0415527817076513e-05 2 2 3 2 2 3 3 1 2 3 2 1
3.0415527817076513e-05 2 2 3 2 2 3 3 2 1 3 1 2
3.1752085912001624e-05 2 2 3 2 2 3 3 2 2 3 1 1
6.216761372907814e-05 2 2 3 2 2 3 3 2 2 3 2 2
3.190565450304104e-05 2 2 3 2 3 2 0 1 1 3 3 0
3.190565450304104e-05 2 2 3 2 3 2 0 2 2 3 3 0
-0.0002942132536557626 2 2 3 2 3 2 3 1 1 0 3 0
-0.0002942132536557626 2 2 3 2 3 2 3 1 1 3 0 0
-0.0002942132536557626 2 2 3 2 3 2 3 2 2 0 3 0
-0.0002942132536557626 2 2 3 2 3 2 3 2 2 3 0 0
0.00028392902356147426 2 2 3 3 0 3 3 0 0 0 1 1
0.00028392902356147426 2 2 3 3 0 3 3 0 0 0 2 2
9.569243712526903e-06 2 2 3 3 1 1 3 0 0 0 3 0
0.002218037691993282 2 2 3 3 2 2 3 0 0 0 3 0
-3.0415527817076513e-05 2 2 3 3 3 3 3 1 1 2 3 2
3.0415527817076513e-05 2 2 3 3 3 3 3 1 2 2 3 1
3.0415527817076513e-05 2 2 3 3 3 3 3 2 1 1 3 2
-3.0415527817076513e-05 2 2 3 3 3 3 3 2 2 1 3 1
0.05747547539577809 2 3 0 0 0 1 1 0 0 0 0 2
0.007220382584875044 2 3 0 0 0 1 1 0 0 0 3 2
0.006490120922735708 2 3 0 0 0 1 1 0 0 3 0 2
0.006486600381325199 2 3 0 0 0 1 1 0 3 0 0 2
0.0072156252822988985 2 3 0 0 0 1 1 3 0 0 0 2
-0.05747547539577809 2 3 0 0 0 1 2 0 0 0 0 1
-0.007220382584875044 2 3 0 0 0 1 2 0 0 0 3 1
-0.006490120922735708 2 3 0 0 0 1 2 0 0 3 0 1
-0.006486600381325199 2 3 0 0 0 1 2 0 3 0 0 1
-0.0072156252822988985 2 3 0 0 0 1 2 3 0 0 0 1
2.0016372306429914e-07 2 3 0 0 0 1 3 1 0 0 2 0
-2.0016372306429914e-07 2 3 0 0 0 1 3 2 0 0 1 0
-0.049782901268204574 2 3 0 0 0 2 0 1 0 0 1 0
0.0029173292445314647 2 3 0 0 0 2 0 1 0 0 1 3
-0.00525683127572044 2 3 0 0 0 2 0 1 0 3 1 0
-0.0052466081169539195 2 3 0 0 0 2 0 1 3 0 1 0
-0.049782901268204574 2 3 0 0 0 2 0 2 0 0 2 0
0.0029173292445314647 2 3 0 0 0 2 0 2 0 0 2 3
-0.00525683127572044 2 3 0 0 0 2 0 2 0 3 2 0
-0.0052466081169539195 2 3 0 0 0 2 0 2 3 0 2 0
379.6783990651296 2 3 0 0 0 2 3 1 0 0 1 0
-0.048772451687085445 2 3 0 0 0 2 3 1 0 0 1 3
-0.0486396791788999 2 3 0 0 0 2 3 1 0 3 1 0
-0.005297609180401802 2 3 0 0 0 2 3 1 0 3 1 3
-0.04877837934038011 2 3 0 0 0 2 3 1 3 0 1 0
-0.005307610582390287 2 3 0 0 0 2 3 1 3 0 1 3
0.002473406527388546 2 3 0 0 0 2 3 1 3 3 1 0
379.67839906512967 2 3 0 0 0 2 3 2 0 0 2 0
-0.048772451687085445 2 3 0 0 0 2 3 2 0 0 2 3
-0.0486396791788999 2 3 0 0 0 2 3 2 0 3 2 0
-0.005297609180401802 2 3 0 0 0 2 3 2 0 3 2 3
-0.04877837934038011 2 3 0 0 0 2 3 2 3 0 2 0
-0.005307610582390287 2 3 0 0 0 2 3 2 3 0 2 3
0.002473406527388546 2 3 0 0 0 2 3 2 3 3 2 0
-0.0052138330592137955 2 3 0 0 0 2 3 3 1 1 3 0
-0.0052138330592137955 2 3 0 0 0 2 3 3 2 2 3 0
0.0009967612889867977 2 3 0 0 1 0 0 1 0 0 3 2
-0.0009967612889867977 2 3 0 0 1 0 0 2 0 0 3 1
0.005060274824038199 2 3 0 0 1 0 1 0 0 0 2 0
0.0008793936358728208 2 3 0 0 1 0 1 0 0 0 2 3
0.0005714053739291992 2 3 0 0 1 0 1 0 0 3 2 0
0.0005710954172573507 2 3 0 0 1 0 1 0 3 0 2 0
0.0010014342450675796 2 3 0 0 1 0 1 3 0 0 2 0
-0.005060274824038199 2 3 0 0 1 0 2 0 0 0 1 0
-0.0008793936358728208 2 3 0 0 1 0 2 0 0 0 1 3
-0.0005714053739291992 2 3 0 0 1 0 2 0 0 3 1 0
-0.0005710954172573507 2 3 0 0 1 0 2 0 3 0 1 0
-0.0010014342450675796 2 3 0 0 1 0 2 3 0 0 1 0
0.0008854974771575364 2 3 0 0 1 0 3 1 0 0 0 2
0.005042056544234516 2 3 0 0 1 0 3 1 0 0 3 2
0.0005793154004574353 2 3 0 0 1 0 3 1 0 3 3 2
0.0005792183557929892 2 3 0 0 1 0 3 1 3 0 3 2
-0.0008854974771575364 2 3 0 0 1 0 3 2 0 0 0 1
-0.005042056544234516 2 3 0 0 1 0 3 2 0 0 3 1
-0.0005793154004574353 2 3 0 0 1 0 3 2 0 3 3 1
-0.0005792183557929892 2 3 0 0 1 0 3 2 3 0 3 1
0.0008037194867034556 2 3 0 0 1 3 0 1 0 0 0 2
0.005146516003352701 2 3 0 0 1 3 0 1 0 0 3 2
0.0005434469586588633 2 3 0 0 1 3 0 1 0 3 3 2
0.0005423900967874898 2 3 0 0 1 3 0 1 3 0 3 2
-0.0008037194867034556 2 3 0 0 1 3 0 2 0 0 0 1
-0.005146516003352701 2 3 0 0 1 3 0 2 0 0 3 1
-0.0005434469586588633 2 3 0 0 1 3 0 2 0 3 3 1
-0.0005423900967874898 2 3 0 0 1 3 0 2 3 0 3 1
0.0008099791470215279 2 3 0 0 1 3 1 0 0 0 2 0
-0.0008099791470215279 2 3 0 0 1 3 2 0 0 0 1 0
0.005028330629898974 2 3 0 0 1 3 3 1 0 0 0 2
-39.25418764292742 2 3 0 0 1 3 3 1 0 0 3 2
0.000538959507895452 2 3 0 0 1 3 3 1 0 3 0 2
0.005028330629898973 2 3 0 0 1 3 3 1 0 3 3 2
0.0005390018378698022 2 3 0 0 1 3 3 1 3 0 0 2
0.005042669340230052 2 3 0 0 1 3 3 1 3 0 3 2
0.0002743690990910074 2 3 0 0 1 3 3 1 3 3 3 2
-0.005028330629898974 2 3 0 0 1 3 3 2 0 0 0 1
39.25418764292743 2 3 0 0 1 3 3 2 0 0 3 1
-0.000538959507895452 2 3 0 0 1 3 3 2 0 3 0 1
-0.005028330629898973 2 3 0 0 1 3 3 2 0 3 3 1
-0.0005390018378698022 2 3 0 0 1 3 3 2 3 0 0 1
-0.005042669340230052 2 3 0 0 1 3 3 2 3 0 3 1
-0.0002743690990910074 2 3 0 0 1 3 3 2 3 3 3 1
-0.0003015809451459933 2 3 0 0 2 3 3 1 0 0 3 1
-0.0003015809451459933 2 3 0 0 2 3 3 2 0 0 3 2
3.147530513756911e-05 2 3 0 0 2 3 3 3 1 1 1 1
3.147530513756911e-05 2 3 0 0 2 3 3 3 1 2 1 2
3.147530513756911e-05 2 3 0 0 2 3 3 3 2 1 2 1
3.147530513756911e-05 2 3 0 0 2 3 3 3 2 2 2 2
-0.0018604514674955685 2 3 0 0 3 1 1 0 0 0 0 2
0.0018604514674955685 2 3 0 0 3 1 2 0 0 0 0 1
-0.0055768818068220455 2 3 0 0 3 2 0 1 0 0 1 0
-0.0055768818068220455 2 3 0 0 3 2 0 2 0 0 2 0
-0.005575675419022832 2 3 0 0 3 2 0 3 1 1 3 0
-0.005575675419022832 2 3 0 0 3 2 0 3 2 2 3 0
-0.005505058494096023 2 3 0 0 3 2 3 0 1 1 3 0
-0.005505058494096023 2 3 0 0 3 2 3 0 2 2 3 0
-0.04863967917889989 2 3 0 0 3 2 3 1 0 0 1 0
-0.005635444112149209 2 3 0 0 3 2 3 1 0 0 1 3
-0.005511085685195253 2 3 0 0 3 2 3 1 0 3 1 0
-0.0055080463128695575 2 3 0 0 3 2 3 1 3 0 1 0
-0.04863967917889989 2 3 0 0 3 2 3 2 0 0 2 0
-0.005635444112149209 2 3 0 0 3 2 3 2 0 0 2 3
-0.005511085685195253 2 3 0 0 3 2 3 2 0 3 2 0
-0.0055080463128695575 2 3 0 0 3 2 3 2 3 0 2 0
-0.0055080463128695575 2 3 0 0 3 2 3 3 1 1 0 0
-0.04877837934038011 2 3 0 0 3 2 3 3 1 1 3 0
-0.005634437888073059 2 3 0 0 3 2 3 3 1 1 3 3
-0.0055080463128695575 2 3 0 0 3 2 3 3 2 2 0 0
-0.04877837934038011 2 3 0 0 3 2 3 3 2 2 3 0
-0.005634437888073059 2 3 0 0 3 2 3 3 2 2 3 3
0.005060274824038199 2 3 0 1 0 0 1 0 0 2 0 0
0.0005812405822560525 2 3 0 1 0 0 1 0 0 2 0 3
0.0006329855998197055 2 3 0 1 0 0 1 0 0 2 3 0
0.0005710954172573507 2 3 0 1 0 0 1 0 3 2 0 0
0.0006639829001947484 2 3 0 1 0 0 1 3 0 2 0 0
-0.005060274824038199 2 3 0 1 0 0 2 0 0 1 0 0
-0.0005812405822560525 2 3 0 1 0 0 2 0 0 1 0 3
-0.0006329855998197055 2 3 0 1 0 0 2 0 0 1 3 0
-0.0005710954172573507 2 3 0 1 0 0 2 0 3 1 0 0
-0.0006639829001947484 2 3 0 1 0 0 2 3 0 1 0 0
0.0003061820767001012 2 3 0 1 0 0 3 1 0 1 1 2
-0.0003061820767001012 2 3 0 1 0 0 3 1 0 2 1 1
0.0003061820767001012 2 3 0 1 0 0 3 2 0 1 2 2
-0.0003061820767001012 2 3 0 1 0 0 3 2 0 2 2 1
0.0002592310966368396 2 3 0 1 0 3 0 1 0 1 1 2
-0.0002581896652290868 2 3 0 1 0 3 0 1 0 2 1 1
1.041431407752708e-06 2 3 0 1 0 3 0 1 0 2 2 2
-1.041431407752708e-06 2 3 0 1 0 3 0 2 0 1 1 1
0.0002581896652290868 2 3 0 1 0 3 0 2 0 1 2 2
-0.0002592310966368396 2 3 0 1 0 3 0 2 0 2 2 1
0.0005506121476166897 2 3 0 1 0 3 1 0 0 2 0 0
-0.0005506121476166897 2 3 0 1 0 3 2 0 0 1 0 0
0.00026490020031116716 2 3 0 1 0 3 3 1 3 1 1 2
-0.0002651676618435396 2 3 0 1 0 3 3 1 3 2 1 1
-2.674615323724356e-07 2 3 0 1 0 3 3 1 3 2 2 2
2.674615323724356e-07 2 3 0 1 0 3 3 2 3 1 1 1
0.0002651676618435396 2 3 0 1 0 3 3 2 3 1 2 2
-0.00026490020031116716 2 3 0 1 0 3 3 2 3 2 2 1
0.0005390018378698022 2 3 0 1 0 3 3 3 1 3 3 2
-0.0005390018378698022 2 3 0 1 0 3 3 3 2 3 3 1
3.0930432936259275e-05 2 3 0 1 1 1 0 1 0 2 3 0
-3.0930432936259275e-05 2 3 0 1 1 1 0 2 0 1 3 0
-3.1652855047306194e-05 2 3 0 1 1 1 3 1 0 2 3 3
3.1652855047306194e-05 2 3 0 1 1 1 3 2 0 1 3 3
-0.0002637977258386861 2 3 0 1 1 2 3 3 1 3 1 0
-0.0002637977258386861 2 3 0 1 1 2 3 3 2 3 2 0
1.059777320492591e-06 2 3 0 1 2 1 3 3 1 3 1 0
1.059777320492591e-06 2 3 0 1 2 1 3 3 2 3 2 0
3.0930432936259275e-05 2 3 0 1 2 2 0 1 0 2 3 0
-3.0930432936259275e-05 2 3 0 1 2 2 0 2 0 1 3 0
-0.0002976620891857661 2 3 0 1 2 2 3 1 0 2 0 0
-0.0002968004429407984 2 3 0 1 2 2 3 1 3 2 3 0
0.0002976620891857661 2 3 0 1 2 2 3 2 0 1 0 0
0.0002968004429407984 2 3 0 1 2 2 3 2 3 1 3 0
0.0002753270045981094 2 3 0 1 3 0 1 0 0 2 0 0
-0.0002753270045981094 2 3 0 1 3 0 2 0 0 1 0 0
0.0008144800408331056 2 3 0 1 3 0 3 3 1 3 3 2
-0.0008144800408331056 2 3 0 1 3 0 3 3 2 3 3 1
0.0008714573988564012 2 3 0 1 3 3 0 3 1 3 3 2
-0.0008714573988564012 2 3 0 1 3 3 0 3 2 3 3 1
0.0005691084874025401 2 3 0 1 3 3 3 0 1 3 3 2
-0.0005691084874025401 2 3 0 1 3 3 3 0 2 3 3 1
-3.077206564022325e-05 2 3 0 1 3 3 3 1 0 1 1 2
-3.077206564022325e-05 2 3 0 1 3 3 3 1 0 2 2 2
3.077206564022325e-05 2 3 0 1 3 3 3 2 0 1 1 1
3.077206564022325e-05 2 3 0 1 3 3 3 2 0 2 2 1
0.0009996162376861152 2 3 0 1 3 3 3 3 1 0 3 2
0.0005694173656868787 2 3 0 1 3 3 3 3 1 3 0 2
0.005042669340230052 2 3 0 1 3 3 3 3 1 3 3 2
-0.0009996162376861152 2 3 0 1 3 3 3 3 2 0 3 1
-0.0005694173656868787 2 3 0 1 3 3 3 3 2 3 0 1
-0.005042669340230052 2 3 0 1 3 3 3 3 2 3 3 1
0.0002976620891857661 2 3 0 2 1 2 3 1 0 2 0 0
-3.1652855047306194e-05 2 3 0 2 1 2 3 1 0 2 3 3
0.0002968004429407984 2 3 0 2 1 2 3 1 3 2 3 0
-0.0002976620891857661 2 3 0 2 1 2 3 2 0 1 0 0
3.1652855047306194e-05 2 3 0 2 1 2 3 2 0 1 3 3
-0.0002968004429407984 2 3 0 2 1 2 3 2 3 1 3 0
-0.00026273794851819343 2 3 0 2 2 2 3 3 1 3 1 0
-0.00026273794851819343 2 3 0 2 2 2 3 3 2 3 2 0
0.006143449982653758 2 3 0 3 0 1 1 0 0 0 0 2
-0.006143449982653758 2 3 0 3 0 1 2 0 0 0 0 1
-0.005545951373885786 2 3 0 3 0 2 0 1 0 0 1 0
-0.005545951373885786 2 3 0 3 0 2 0 2 0 0 2 0
-0.048639679178899886 2 3 0 3 0 2 3 1 0 0 1 0
-0.005603791257101903 2 3 0 3 0 2 3 1 0 0 1 3
-0.006106409863566783 2 3 0 3 0 2 3 1 0 3 1 0
-0.006101647198751154 2 3 0 3 0 2 3 1 3 0 1 0
-0.048639679178899886 2 3 0 3 0 2 3 2 0 0 2 0
-0.005603791257101903 2 3 0 3 0 2 3 2 0 0 2 3
-0.006106409863566783 2 3 0 3 0 2 3 2 0 3 2 0
-0.006101647198751154 2 3 0 3 0 2 3 2 3 0 2 0
0.0005408836563054211 2 3 0 3 1 0 1 0 0 0 2 0
-0.0005408836563054211 2 3 0 3 1 0 2 0 0 0 1 0
0.0005476625454101291 2 3 0 3 1 0 3 1 0 0 3 2
-0.0005476625454101291 2 3 0 3 1 0 3 2 0 0 3 1
0.0005733359601873698 2 3 0 3 1 3 0 1 0 0 3 2
-0.0005733359601873698 2 3 0 3 1 3 0 2 0 0 3 1
0.0005697315735356752 2 3 0 3 1 3 3 1 0 0 0 2
0.005028330629898972 2 3 0 3 1 3 3 1 0 0 3 2
0.0006312757048161215 2 3 0 3 1 3 3 1 0 3 3 2
0.0006614663337352254 2 3 0 3 1 3 3 1 3 0 3 2
-0.0005697315735356752 2 3 0 3 1 3 3 2 0 0 0 1
-0.005028330629898972 2 3 0 3 1 3 3 2 0 0 3 1
-0.0006312757048161215 2 3 0 3 1 3 3 2 0 3 3 1
-0.0006614663337352254 2 3 0 3 1 3 3 2 3 0 3 1
-0.005213423596009487 2 3 0 3 3 2 3 1 0 0 1 0
-0.005213423596009487 2 3 0 3 3 2 3 2 0 0 2 0
0.0035160261000130484 2 3 0 3 3 2 3 3 1 1 3 0
0.0035160261000130484 2 3 0 3 3 2 3 3 2 2 3 0
0.005219822837879923 2 3 1 0 0 0 1 0 2 0 0 0
0.0005995668162429165 2 3 1 0 0 0 1 0 2 0 0 3
0.0006529433291433973 2 3 1 0 0 0 1 0 2 0 3 0
0.0005894215085620094 2 3 1 0 0 0 1 0 2 3 0 0
0.0006841109552397734 2 3 1 0 0 0 1 3 2 0 0 0
-0.005219822837879923 2 3 1 0 0 0 2 0 1 0 0 0
-0.0005995668162429165 2 3 1 0 0 0 2 0 1 0 0 3
-0.0006529433291433973 2 3 1 0 0 0 2 0 1 0 3 0
-0.0005894215085620094 2 3 1 0 0 0 2 0 1 3 0 0
-0.0006841109552397734 2 3 1 0 0 0 2 3 1 0 0 0
0.00029524194937867655 2 3 1 0 0 0 3 1 1 0 1 2
-0.00029524194937867655 2 3 1 0 0 0 3 1 2 0 1 1
0.00029524194937867655 2 3 1 0 0 0 3 2 1 0 2 2
-0.00029524194937867655 2 3 1 0 0 0 3 2 2 0 2 1
0.0002674045275339018 2 3 1 0 0 3 0 1 1 0 1 2
-0.0002663302602983655 2 3 1 0 0 3 0 1 2 0 1 1
1.0742672355362153e-06 2 3 1 0 0 3 0 1 2 0 2 2
-1.0742672355362153e-06 2 3 1 0 0 3 0 2 1 0 1 1
0.0002663302602983655 2 3 1 0 0 3 0 2 1 0 2 2
-0.0002674045275339018 2 3 1 0 0 3 0 2 2 0 2 1
0.0005679726818967754 2 3 1 0 0 3 1 0 2 0 0 0
-0.0005679726818967754 2 3 1 0 0 3 2 0 1 0 0 0
0.00027440697788763137 2 3 1 0 0 3 3 1 1 3 1 2
-0.0002741301971131988 2 3 1 0 0 3 3 1 2 3 1 1
2.7678077443251797e-07 2 3 1 0 0 3 3 1 2 3 2 2
-2.7678077443251797e-07 2 3 1 0 0 3 3 2 1 3 1 1
0.0002741301971131988 2 3 1 0 0 3 3 2 1 3 2 2
-0.00027440697788763137 2 3 1 0 0 3 3 2 2 3 2 1
3.190565450304104e-05 2 3 1 0 1 1 0 1 2 0 3 0
-3.190565450304104e-05 2 3 1 0 1 1 0 2 1 0 3 0
-3.052187354755202e-05 2 3 1 0 1 1 3 1 2 0 3 3
3.052187354755202e-05 2 3 1 0 1 1 3 2 1 0 3 3
3.190565450304104e-05 2 3 1 0 2 2 0 1 2 0 3 0
-3.190565450304104e-05 2 3 1 0 2 2 0 2 1 0 3 0
2.988900152850656e-05 2 3 1 0 2 2 0 3 0 1 2 0
-2.988900152850656e-05 2 3 1 0 2 2 0 3 0 2 1 0
-0.0002942132536557626 2 3 1 0 2 2 3 0 0 1 2 0
0.0002942132536557626 2 3 1 0 2 2 3 0 0 2 1 0
-0.0002942132536557626 2 3 1 0 2 2 3 1 2 0 0 0
-0.0002942132536557626 2 3 1 0 2 2 3 1 2 3 3 0
0.0002942132536557626 2 3 1 0 2 2 3 2 1 0 0 0
0.0002942132536557626 2 3 1 0 2 2 3 2 1 3 3 0
-0.0002942132536557626 2 3 1 0 2 2 3 3 3 1 2 0
0.0002942132536557626 2 3 1 0 2 2 3 3 3 2 1 0
0.00028400793167581394 2 3 1 0 3 0 1 0 2 0 0 0
-0.00028400793167581394 2 3 1 0 3 0 2 0 1 0 0 0
-3.0415527817076513e-05 2 3 1 0 3 3 3 1 1 0 1 2
-3.0415527817076513e-05 2 3 1 0 3 3 3 1 2 0 2 2
3.0415527817076513e-05 2 3 1 0 3 3 3 2 1 0 1 1
3.0415527817076513e-05 2 3 1 0 3 3 3 2 2 0 2 1
-0.00030169068985086 2 3 1 0 3 3 3 3 0 1 3 2
0.00030169068985086 2 3 1 0 3 3 3 3 0 2 3 1
-9.239316044091684e-06 2 3 1 1 0 1 3 1 1 2 1 0
9.2299968020316e-06 2 3 1 1 0 1 3 1 2 1 1 0
-9.319242060082287e-09 2 3 1 1 0 1 3 1 2 2 2 0
9.319242060082287e-09 2 3 1 1 0 1 3 2 1 1 1 0
-9.2299968020316e-06 2 3 1 1 0 1 3 2 1 2 2 0
9.239316044091684e-06 2 3 1 1 0 1 3 2 2 1 2 0
-0.004972615413698417 2 3 1 1 0 2 0 3 0 3 3 0
-0.005470863854365379 2 3 1 1 0 2 3 0 0 3 3 0
-0.004941354111659578 2 3 1 1 0 2 3 3 0 0 3 0
-0.005475134158750662 2 3 1 1 0 2 3 3 0 3 0 0
-0.04361134854900093 2 3 1 1 0 2 3 3 0 3 3 0
-0.0050244758566444685 2 3 1 1 0 2 3 3 0 3 3 3
-0.00493862894718268 2 3 1 1 0 2 3 3 3 3 3 0
0.0002744832396833265 2 3 1 1 2 0 1 1 0 3 0 0
0.0002744832396833265 2 3 1 1 2 0 2 2 0 3 0 0
-0.00027452922165279505 2 3 1 1 2 0 3 3 0 3 1 1
-0.00027452922165279505 2 3 1 1 2 0 3 3 0 3 2 2
-0.0002891200981653461 2 3 1 1 2 3 0 3 0 3 1 1
-0.0002891200981653461 2 3 1 1 2 3 0 3 0 3 2 2
-0.0002955831896606162 2 3 1 1 2 3 3 0 0 3 1 1
-0.0002955831896606162 2 3 1 1 2 3 3 0 0 3 2 2
-3.0415527817076513e-05 2 3 1 1 2 3 3 1 1 2 3 2
-3.1752085912001624e-05 2 3 1 1 2 3 3 1 2 1 3 2
6.216761372907814e-05 2 3 1 1 2 3 3 1 2 2 3 1
6.216761372907814e-05 2 3 1 1 2 3 3 2 1 1 3 2
-3.1752085912001624e-05 2 3 1 1 2 3 3 2 1 2 3 1
-3.0415527817076513e-05 2 3 1 1 2 3 3 2 2 1 3 1
3.0415527817076513e-05 2 3 1 1 2 3 3 3 3 3 1 1
3.0415527817076513e-05 2 3 1 1 2 3 3 3 3 3 2 2
-0.004704218020166431 2 3 1 1 3 2 0 0 0 3 3 0
-0.0047731623201185906 2 3 1 1 3 2 0 3 0 0 3 0
-0.004713384317061578 2 3 1 1 3 2 0 3 0 3 0 0
-0.04463638526485188 2 3 1 1 3 2 0 3 0 3 3 0
0.003914090533518263 2 3 1 1 3 2 0 3 0 3 3 3
-0.004704218020166431 2 3 1 1 3 2 0 3 3 3 3 0
-0.004674831221343994 2 3 1 1 3 2 3 0 0 0 3 0
0.0033387893230761158 2 3 1 1 3 2 3 0 0 3 0 0
-0.04373571000015009 2 3 1 1 3 2 3 0 0 3 3 0
-0.00475891410014485 2 3 1 1 3 2 3 0 0 3 3 3
-0.004670596570777006 2 3 1 1 3 2 3 0 3 3 3 0
-0.004674464088114036 2 3 1 1 3 2 3 3 0 0 0 0
-0.043611348549000936 2 3 1 1 3 2 3 3 0 0 3 0
-0.0047499466349916735 2 3 1 1 3 2 3 3 0 0 3 3
-0.04361134854900094 2 3 1 1 3 2 3 3 0 3 0 0
-0.0047499466349916735 2 3 1 1 3 2 3 3 0 3 0 3
340.42390973151277 2 3 1 1 3 2 3 3 0 3 3 0
-0.04373039514285093 2 3 1 1 3 2 3 3 0 3 3 3
0.004515642337699162 2 3 1 1 3 2 3 3 3 0 3 0
-0.004674831221343994 2 3 1 1 3 2 3 3 3 3 0 0
-0.04373571000015006 2 3 1 1 3 2 3 3 3 3 3 0
-0.004819957847239955 2 3 1 1 3 2 3 3 3 3 3 3
0.008597447191192868 2 3 1 2 0 2 3 1 1 2 1 0
-0.008595136782682264 2 3 1 2 0 2 3 1 2 1 1 0
2.310408510603337e-06 2 3 1 2 0 2 3 1 2 2 2 0
-2.310408510603337e-06 2 3 1 2 0 2 3 2 1 1 1 0
0.008595136782682264 2 3 1 2 0 2 3 2 1 2 2 0
-0.008597447191192868 2 3 1 2 0 2 3 2 2 1 2 0
-0.0003564142452947691 2 3 1 2 1 3 3 1 1 2 3 2
0.0003881663312067707 2 3 1 2 1 3 3 1 2 1 3 2
-3.1752085912001624e-05 2 3 1 2 1 3 3 1 2 2 3 1
-3.1752085912001624e-05 2 3 1 2 1 3 3 2 1 1 3 2
0.0003881663312067707 2 3 1 2 1 3 3 2 1 2 3 1
-0.0003564142452947691 2 3 1 2 1 3 3 2 2 1 3 1
3.099084279279199e-07 2 3 1 2 3 1 3 3 0 3 3 0
0.0005579374559672571 2 3 1 3 0 0 1 0 2 0 0 0
-0.0005579374559672571 2 3 1 3 0 0 2 0 1 0 0 0
0.0002955831896606162 2 3 1 3 0 3 3 1 1 0 1 2
-0.0002955831896606162 2 3 1 3 0 3 3 1 2 0 1 1
0.0002955831896606162 2 3 1 3 0 3 3 2 1 0 2 2
-0.0002955831896606162 2 3 1 3 0 3 3 2 2 0 2 1
1.0690965625526732e-06 2 3 1 3 1 1 3 1 2 0 3 0
-1.0690965625526732e-06 2 3 1 3 1 1 3 2 1 0 3 0
-0.0002650483570287967 2 3 1 3 2 2 3 1 2 0 3 0
0.0002650483570287967 2 3 1 3 2 2 3 2 1 0 3 0
-0.0002668900235455429 2 3 1 3 2 2 3 3 0 1 2 0
0.0002668900235455429 2 3 1 3 2 2 3 3 0 2 1 0
0.0005667449150602472 2 3 2 0 0 0 3 3 0 1 3 1
0.0005667449150602472 2 3 2 0 0 0 3 3 0 2 3 2
0.0005933128762969198 2 3 2 0 0 3 0 3 0 1 3 1
0.0005933128762969198 2 3 2 0 0 3 0 3 0 2 3 2
0.0006831774446788894 2 3 2 0 0 3 3 0 0 1 3 1
0.0006831774446788894 2 3 2 0 0 3 3 0 0 2 3 2
0.0006532714327536948 2 3 2 0 0 3 3 3 0 1 0 1
0.005203534255940054 2 3 2 0 0 3 3 3 0 1 3 1
0.0006532714327536948 2 3 2 0 0 3 3 3 0 2 0 2
0.005203534255940054 2 3 2 0 0 3 3 3 0 2 3 2
0.0005892577450378097 2 3 2 0 0 3 3 3 3 1 3 1
0.0005892577450378097 2 3 2 0 0 3 3 3 3 2 3 2
0.0002942132536557626 2 3 2 0 1 2 3 0 0 1 2 0
-0.0002942132536557626 2 3 2 0 1 2 3 0 0 2 1 0
0.0002942132536557626 2 3 2 0 1 2 3 1 2 0 0 0
-3.052187354755202e-05 2 3 2 0 1 2 3 1 2 0 3 3
0.0002942132536557626 2 3 2 0 1 2 3 1 2 3 3 0
-0.0002942132536557626 2 3 2 0 1 2 3 2 1 0 0 0
3.052187354755202e-05 2 3 2 0 1 2 3 2 1 0 3 3
-0.0002942132536557626 2 3 2 0 1 2 3 2 1 3 3 0
-3.275574493005684e-05 2 3 2 0 1 2 3 3 0 1 2 3
3.275574493005684e-05 2 3 2 0 1 2 3 3 0 2 1 3
0.0002942132536557626 2 3 2 0 1 2 3 3 3 1 2 0
-0.0002942132536557626 2 3 2 0 1 2 3 3 3 2 1 0
-2.988900152850656e-05 2 3 2 0 2 1 0 3 0 1 2 0
2.988900152850656e-05 2 3 2 0 2 1 0 3 0 2 1 0
3.275574493005684e-05 2 3 2 0 2 1 3 3 0 1 2 3
-3.275574493005684e-05 2 3 2 0 2 1 3 3 0 2 1 3
0.0010074220717757709 2 3 2 0 3 0 0 3 0 1 3 1
0.0010074220717757709 2 3 2 0 3 0 0 3 0 2 3 2
-3.176091029069401e-05 2 3 2 0 3 0 1 1 0 1 1 0
-3.176091029069401e-05 2 3 2 0 3 0 1 1 0 2 2 0
-3.176091029069401e-05 2 3 2 0 3 0 2 2 0 1 1 0
-3.176091029069401e-05 2 3 2 0 3 0 2 2 0 2 2 0
0.0005994002339696285 2 3 2 0 3 0 3 0 0 1 3 1
0.0005994002339696285 2 3 2 0 3 0 3 0 0 2 3 2
0.0005995006599903039 2 3 2 0 3 0 3 3 0 1 0 1
0.005217738426408561 2 3 2 0 3 0 3 3 0 1 3 1
0.0005995006599903039 2 3 2 0 3 0 3 3 0 2 0 2
0.005217738426408561 2 3 2 0 3 0 3 3 0 2 3 2
0.000894642183348305 2 3 2 0 3 0 3 3 3 1 3 1
0.000894642183348305 2 3 2 0 3 0 3 3 3 2 3 2
0.0005612887569354305 2 3 2 0 3 3 0 0 0 1 3 1
0.0005612887569354305 2 3 2 0 3 3 0 0 0 2 3 2
0.0005623824433606605 2 3 2 0 3 3 0 3 0 1 0 1
0.005325837597661619 2 3 2 0 3 3 0 3 0 1 3 1
0.0005623824433606605 2 3 2 0 3 3 0 3 0 2 0 2
0.005325837597661619 2 3 2 0 3 3 0 3 0 2 3 2
0.0008265447499982597 2 3 2 0 3 3 0 3 3 1 3 1
0.0008265447499982599 2 3 2 0 3 3 0 3 3 2 3 2
0.00028392902356147426 2 3 2 0 3 3 3 0 0 1 0 1
0.0052183725742380085 2 3 2 0 3 3 3 0 0 1 3 1
0.00028392902356147426 2 3 2 0 3 3 3 0 0 2 0 2
0.0052183725742380085 2 3 2 0 3 3 3 0 0 2 3 2
0.000557277178081462 2 3 2 0 3 3 3 0 3 1 3 1
0.000557277178081462 2 3 2 0 3 3 3 0 3 2 3 2
0.005203534255940056 2 3 2 0 3 3 3 3 0 1 0 1
-40.62192405790635 2 3 2 0 3 3 3 3 0 1 3 1
0.005203534255940056 2 3 2 0 3 3 3 3 0 2 0 2
-40.62192405790635 2 3 2 0 3 3 3 3 0 2 3 2
0.0005577824399002406 2 3 2 0 3 3 3 3 3 1 0 1
0.005218372574238005 2 3 2 0 3 3 3 3 3 1 3 1
0.0005577824399002406 2 3 2 0 3 3 3 3 3 2 0 2
0.005218372574238005 2 3 2 0 3 3 3 3 3 2 3 2
1.997691610954986e-05 2 3 2 1 0 1 0 3 0 3 3 0
2.1978572476036274e-05 2 3 2 1 0 1 3 0 0 3 3 0
1.9851327388856758e-05 2 3 2 1 0 1 3 3 0 0 3 0
2.1995727937573086e-05 2 3 2 1 0 1 3 3 0 3 0 0
0.00017520362604108054 2 3 2 1 0 1 3 3 0 3 3 0
2.018525953286858e-05 2 3 2 1 0 1 3 3 0 3 3 3
1.984037935093093e-05 2 3 2 1 0 1 3 3 3 3 3 0
-0.00860668650723696 2 3 2 1 0 2 3 1 1 2 1 0
0.008604366779484295 2 3 2 1 0 2 3 1 2 1 1 0
-2.3197277526634202e-06 2 3 2 1 0 2 3 1 2 2 2 0
2.3197277526634202e-06 2 3 2 1 0 2 3 2 1 1 1 0
-0.008604366779484295 2 3 2 1 0 2 3 2 1 2 2 0
0.00860668650723696 2 3 2 1 0 2 3 2 2 1 2 0
-2.7685769594171065e-07 2 3 2 1 1 0 1 1 0 3 0 0
-2.7685769594171065e-07 2 3 2 1 1 0 2 2 0 3 0 0
1.1028898827506465e-06 2 3 2 1 1 0 3 3 0 3 1 1
1.1028898827506465e-06 2 3 2 1 1 0 3 3 0 3 2 2
0.0003868297731118456 2 3 2 1 1 3 3 1 1 2 3 2
-0.0003564142452947691 2 3 2 1 1 3 3 1 2 1 3 2
-3.0415527817076513e-05 2 3 2 1 1 3 3 1 2 2 3 1
-3.0415527817076513e-05 2 3 2 1 1 3 3 2 1 1 3 2
-0.0003564142452947691 2 3 2 1 1 3 3 2 1 2 3 1
0.0003868297731118456 2 3 2 1 1 3 3 2 2 1 3 1
3.184426591458142e-05 2 3 2 1 1 3 3 3 0 0 1 1
3.184426591458142e-05 2 3 2 1 1 3 3 3 0 0 2 2
-3.0415527817076513e-05 2 3 2 1 1 3 3 3 3 3 1 1
-3.0415527817076513e-05 2 3 2 1 1 3 3 3 3 3 2 2
1.8898660147940616e-05 2 3 2 1 3 1 0 0 0 3 3 0
7.871348775881027e-05 2 3 2 1 3 1 0 3 0 0 3 0
1.8935484701797153e-05 2 3 2 1 3 1 0 3 0 3 0 0
0.0001793215943089167 2 3 2 1 3 1 0 3 0 3 3 0
1.0660782788973007e-05 2 3 2 1 3 1 0 3 0 3 3 3
-4.491264885814146e-05 2 3 2 1 3 1 0 3 3 3 3 0
1.8780602030438342e-05 2 3 2 1 3 1 3 0 0 0 3 0
9.55992447046682e-06 2 3 2 1 3 1 3 0 0 3 0 0
0.00017570323400795143 2 3 2 1 3 1 3 0 0 3 3 0
1.9118395420095405e-05 2 3 2 1 3 1 3 0 0 3 3 3
1.8763589804056038e-05 2 3 2 1 3 1 3 0 3 3 3 0
1.877912711449859e-05 2 3 2 1 3 1 3 3 0 0 0 0
0.00017520362604108057 2 3 2 1 3 1 3 3 0 0 3 0
-4.642912020999575e-05 2 3 2 1 3 1 3 3 0 0 3 3
0.0001752036260410806 2 3 2 1 3 1 3 3 0 3 0 0
1.9082369650117934e-05 2 3 2 1 3 1 3 3 0 3 0 3
-1.3677366151426193 2 3 2 1 3 1 3 3 0 3 3 0
0.00017568188217404387 2 3 2 1 3 1 3 3 0 3 3 3
9.55992447046682e-06 2 3 2 1 3 1 3 3 3 0 3 0
1.8780602030438342e-05 2 3 2 1 3 1 3 3 3 3 0 0
0.00017570323400795132 2 3 2 1 3 1 3 3 3 3 3 0
8.016214251519945e-05 2 3 2 1 3 1 3 3 3 3 3 3
-0.004952638497588866 2 3 2 2 0 2 0 3 0 3 3 0
-0.0054488852818893405 2 3 2 2 0 2 3 0 0 3 3 0
-0.004921502784270719 2 3 2 2 0 2 3 3 0 0 3 0
-0.005453138430813087 2 3 2 2 0 2 3 3 0 3 0 0
-0.04343614492295983 2 3 2 2 0 2 3 3 0 3 3 0
-0.005004290597111598 2 3 2 2 0 2 3 3 0 3 3 3
-0.004918788567831747 2 3 2 2 0 2 3 3 3 3 3 0
0.00027420638198738474 2 3 2 2 2 0 1 1 0 3 0 0
0.00027420638198738474 2 3 2 2 2 0 2 2 0 3 0 0
-0.0002734263317700443 2 3 2 2 2 0 3 3 0 3 1 1
-0.0002734263317700443 2 3 2 2 2 0 3 3 0 3 2 2
-0.0002891200981653461 2 3 2 2 2 3 0 3 0 3 1 1
-0.0002891200981653461 2 3 2 2 2 3 0 3 0 3 2 2
-0.0002955831896606162 2 3 2 2 2 3 3 0 0 3 1 1
-0.0002955831896606162 2 3 2 2 2 3 3 0 0 3 2 2
3.184426591458142e-05 2 3 2 2 2 3 3 3 0 0 1 1
3.184426591458142e-05 2 3 2 2 2 3 3 3 0 0 2 2
-0.004685319360018488 2 3 2 2 3 2 0 0 0 3 3 0
-0.004694448832359779 2 3 2 2 3 2 0 3 0 0 3 0
-0.004694448832359779 2 3 2 2 3 2 0 3 0 3 0 0
-0.044457063670542946 2 3 2 2 3 2 0 3 0 3 3 0
0.003924751316307236 2 3 2 2 3 2 0 3 0 3 3 3
-0.00474913066902457 2 3 2 2 3 2 0 3 3 3 3 0
-0.0046560506193135546 2 3 2 2 3 2 3 0 0 0 3 0
0.0033483492475465827 2 3 2 2 3 2 3 0 0 3 0 0
-0.04356000676614212 2 3 2 2 3 2 3 0 0 3 3 0
-0.004739795704724753 2 3 2 2 3 2 3 0 0 3 3 3
-0.0046518329809729485 2 3 2 2 3 2 3 0 3 3 3 0
-0.004655684960999535 2 3 2 2 3 2 3 3 0 0 0 0
-0.043436144922959836 2 3 2 2 3 2 3 3 0 0 3 0
-0.004796375755201667 2 3 2 2 3 2 3 3 0 0 3 3
-0.04343614492295984 2 3 2 2 3 2 3 3 0 3 0 0
-0.004730864265341554 2 3 2 2 3 2 3 3 0 3 0 3
339.0561734262781 2 3 2 2 3 2 3 3 0 3 3 0
-0.04355471326067687 2 3 2 2 3 2 3 3 0 3 3 3
0.0045252022621696305 2 3 2 2 3 2 3 3 3 0 3 0
-0.0046560506193135546 2 3 2 2 3 2 3 3 3 3 0 0
-0.04356000676614209 2 3 2 2 3 2 3 3 3 3 3 0
-0.004739795704724753 2 3 2 2 3 2 3 3 3 3 3 3
0.0005577386350099507 2 3 2 3 0 3 3 3 0 1 3 1
0.0005577386350099507 2 3 2 3 0 3 3 3 0 2 3 2
0.0002661174535913495 2 3 2 3 1 2 3 1 2 0 3 0
-0.0002661174535913495 2 3 2 3 1 2 3 2 1 0 3 0
0.00026581782327118463 2 3 2 3 1 2 3 3 0 1 2 0
-0.00026581782327118463 2 3 2 3 1 2 3 3 0 2 1 0
1.072200274358168e-06 2 3 2 3 2 1 3 3 0 1 2 0
-1.072200274358168e-06 2 3 2 3 2 1 3 3 0 2 1 0
0.0008390683569475409 2 3 2 3 3 0 3 3 0 1 3 1
0.0008390683569475409 2 3 2 3 3 0 3 3 0 2 3 2
0.0008824329744622659 2 3 2 3 3 3 0 3 0 1 3 1
0.0008824329744622659 2 3 2 3 3 3 0 3 0 2 3 2
0.0005892577450378097 2 3 2 3 3 3 3 0 0 1 3 1
0.0005892577450378097 2 3 2 3 3 3 3 0 0 2 3 2
0.0005895829009245321 2 3 2 3 3 3 3 3 0 1 0 1
0.005203534255940053 2 3 2 3 3 3 3 3 0 1 3 1
0.0005895829009245321 2 3 2 3 3 3 3 3 0 2 0 2
0.005203534255940053 2 3 2 3 3 3 3 3 0 2 3 2
0.001009176162156582 2 3 2 3 3 3 3 3 3 1 3 1
0.001009176162156582 2 3 2 3 3 3 3 3 3 2 3 2
0.00613788499801142 2 3 3 0 0 1 1 0 0 0 0 2
-0.00613788499801142 2 3 3 0 0 1 2 0 0 0 0 1
-0.005544844031755327 2 3 3 0 0 2 0 1 0 0 1 0
-0.005544844031755327 2 3 3 0 0 2 0 2 0 0 2 0
-0.005545951373885786 2 3 3 0 0 2 0 3 1 1 3 0
-0.005545951373885786 2 3 3 0 0 2 0 3 2 2 3 0
-0.006101647198751154 2 3 3 0 0 2 3 0 1 1 3 0
-0.006101647198751154 2 3 3 0 0 2 3 0 2 2 3 0
-0.04877837934038011 2 3 3 0 0 2 3 1 0 0 1 0
-0.005602852531768963 2 3 3 0 0 2 3 1 0 0 1 3
-0.006101647198751154 2 3 3 0 0 2 3 1 0 3 1 0
-0.006096955164179244 2 3 3 0 0 2 3 1 3 0 1 0
-0.04877837934038011 2 3 3 0 0 2 3 2 0 0 2 0
-0.005602852531768963 2 3 3 0 0 2 3 2 0 0 2 3
-0.006101647198751154 2 3 3 0 0 2 3 2 0 3 2 0
-0.006096955164179244 2 3 3 0 0 2 3 2 3 0 2 0
-0.006106409863566783 2 3 3 0 0 2 3 3 1 1 0 0
-0.04863967917889989 2 3 3 0 0 2 3 3 1 1 3 0
-0.005603791257101903 2 3 3 0 0 2 3 3 1 1 3 3
-0.006106409863566783 2 3 3 0 0 2 3 3 2 2 0 0
-0.04863967917889989 2 3 3 0 0 2 3 3 2 2 3 0
-0.005603791257101903 2 3 3 0 0 2 3 3 2 2 3 3
0.000540393702086028 2 3 3 0 1 0 1 0 0 0 2 0
-0.000540393702086028 2 3 3 0 1 0 2 0 0 0 1 0
0.0005486964822454372 2 3 3 0 1 0 3 1 0 0 3 2
-0.0005486964822454372 2 3 3 0 1 0 3 2 0 0 3 1
0.0005732214840549946 2 3 3 0 1 3 0 1 0 0 3 2
-0.0005732214840549946 2 3 3 0 1 3 0 2 0 0 3 1
0.0005694173656868787 2 3 3 0 1 3 3 1 0 0 0 2
0.005042669340230052 2 3 3 0 1 3 3 1 0 0 3 2
0.0006622586495233456 2 3 3 0 1 3 3 1 0 3 3 2
0.0006302982856528086 2 3 3 0 1 3 3 1 3 0 3 2
-0.0005694173656868787 2 3 3 0 1 3 3 2 0 0 0 1
-0.005042669340230052 2 3 3 0 1 3 3 2 0 0 3 1
-0.0006622586495233456 2 3 3 0 1 3 3 2 0 3 3 1
-0.0006302982856528086 2 3 3 0 1 3 3 2 3 0 3 1
0.0003059672922780789 2 3 3 0 2 0 1 1 1 1 0 0
0.0003059672922780789 2 3 3 0 2 0 1 1 2 2 0 0
0.0003059672922780789 2 3 3 0 2 0 2 2 1 1 0 0
0.0003059672922780789 2 3 3 0 2 0 2 2 2 2 0 0
-0.0003061820767001012 2 3 3 0 2 0 3 3 1 1 1 1
-0.0003061820767001012 2 3 3 0 2 0 3 3 1 1 2 2
-0.0003061820767001012 2 3 3 0 2 0 3 3 2 2 1 1
-0.0003061820767001012 2 3 3 0 2 0 3 3 2 2 2 2
-0.0002581896652290868 2 3 3 0 2 3 0 3 1 1 1 1
-0.0002592310966368396 2 3 3 0 2 3 0 3 1 1 2 2
1.041431407752708e-06 2 3 3 0 2 3 0 3 1 2 1 2
1.041431407752708e-06 2 3 3 0 2 3 0 3 2 1 2 1
-0.0002592310966368396 2 3 3 0 2 3 0 3 2 2 1 1
-0.0002581896652290868 2 3 3 0 2 3 0 3 2 2 2 2
-0.0002651676618435396 2 3 3 0 2 3 3 0 1 1 1 1
-0.00026490020031116716 2 3 3 0 2 3 3 0 1 1 2 2
-2.674615323724356e-07 2 3 3 0 2 3 3 0 1 2 1 2
-2.674615323724356e-07 2 3 3 0 2 3 3 0 2 1 2 1
-0.00026490020031116716 2 3 3 0 2 3 3 0 2 2 1 1
-0.0002651676618435396 2 3 3 0 2 3 3 0 2 2 2 2
2.0016372306429914e-07 2 3 3 0 3 1 3 3 1 2 3 0
-2.0016372306429914e-07 2 3 3 0 3 1 3 3 2 1 3 0
-0.0052466081169539195 2 3 3 0 3 2 0 0 1 1 3 0
-0.0052466081169539195 2 3 3 0 3 2 0 0 2 2 3 0
-0.00525683127572044 2 3 3 0 3 2 0 3 1 1 0 0
-0.049782901268204574 2 3 3 0 3 2 0 3 1 1 3 0
0.0029173292445314647 2 3 3 0 3 2 0 3 1 1 3 3
-0.00525683127572044 2 3 3 0 3 2 0 3 2 2 0 0
-0.049782901268204574 2 3 3 0 3 2 0 3 2 2 3 0
0.0029173292445314647 2 3 3 0 3 2 0 3 2 2 3 3
0.002473406527388546 2 3 3 0 3 2 3 0 1 1 0 0
-0.04877837934038014 2 3 3 0 3 2 3 0 1 1 3 0
-0.005307610582390287 2 3 3 0 3 2 3 0 1 1 3 3
0.002473406527388546 2 3 3 0 3 2 3 0 2 2 0 0
-0.04877837934038014 2 3 3 0 3 2 3 0 2 2 3 0
-0.005307610582390287 2 3 3 0 3 2 3 0 2 2 3 3
-0.0052138330592137955 2 3 3 0 3 2 3 1 0 0 1 0
-0.0052138330592137955 2 3 3 0 3 2 3 2 0 0 2 0
-0.04863967917889991 2 3 3 0 3 2 3 3 1 1 0 0
-0.005297609180401802 2 3 3 0 3 2 3 3 1 1 0 3
379.6783990651296 2 3 3 0 3 2 3 3 1 1 3 0
-0.048772451687085445 2 3 3 0 3 2 3 3 1 1 3 3
-0.04863967917889991 2 3 3 0 3 2 3 3 2 2 0 0
-0.005297609180401802 2 3 3 0 3 2 3 3 2 2 0 3
379.67839906512967 2 3 3 0 3 2 3 3 2 2 3 0
-0.048772451687085445 2 3 3 0 3 2 3 3 2 2 3 3
0.000540393702086028 2 3 3 1 0 0 1 0 0 2 0 0
-0.000540393702086028 2 3 3 1 0 0 2 0 0 1 0 0
0.0005476625454101291 2 3 3 1 0 0 3 3 1 3 3 2
-0.0005476625454101291 2 3 3 1 0 0 3 3 2 3 3 1
0.0005733359601873698 2 3 3 1 0 3 0 3 1 3 3 2
-0.0005733359601873698 2 3 3 1 0 3 0 3 2 3 3 1
0.0006614663337352254 2 3 3 1 0 3 3 0 1 3 3 2
-0.0006614663337352254 2 3 3 1 0 3 3 0 2 3 3 1
0.00030588228302520055 2 3 3 1 0 3 3 1 0 1 1 2
-0.00030588228302520055 2 3 3 1 0 3 3 1 0 2 1 1
0.00030588228302520055 2 3 3 1 0 3 3 2 0 1 2 2
-0.00030588228302520055 2 3 3 1 0 3 3 2 0 2 2 1
0.0005697315735356752 2 3 3 1 0 3 3 3 1 0 3 2
0.0006312757048161215 2 3 3 1 0 3 3 3 1 3 0 2
0.0050283306298989725 2 3 3 1 0 3 3 3 1 3 3 2
-0.0005697315735356752 2 3 3 1 0 3 3 3 2 0 3 1
-0.0006312757048161215 2 3 3 1 0 3 3 3 2 3 0 1
-0.0050283306298989725 2 3 3 1 0 3 3 3 2 3 3 1
-1.059777320492591e-06 2 3 3 1 1 1 3 1 0 2 3 0
1.059777320492591e-06 2 3 3 1 1 1 3 2 0 1 3 0
-0.0002968004429407984 2 3 3 1 1 2 3 0 1 3 1 0
-0.0002968004429407984 2 3 3 1 1 2 3 0 2 3 2 0
-0.0002976620891857661 2 3 3 1 1 2 3 3 1 0 1 0
3.1652855047306194e-05 2 3 3 1 1 2 3 3 1 3 1 3
-0.0002976620891857661 2 3 3 1 1 2 3 3 2 0 2 0
3.1652855047306194e-05 2 3 3 1 1 2 3 3 2 3 2 3
3.0930432936259275e-05 2 3 3 1 2 1 0 3 1 3 1 0
3.0930432936259275e-05 2 3 3 1 2 1 0 3 2 3 2 0
-3.1652855047306194e-05 2 3 3 1 2 1 3 3 1 3 1 3
-3.1652855047306194e-05 2 3 3 1 2 1 3 3 2 3 2 3
-0.0002637977258386861 2 3 3 1 2 2 3 1 0 2 3 0
0.0002637977258386861 2 3 3 1 2 2 3 2 0 1 3 0
0.0009967612889867977 2 3 3 1 3 0 0 3 1 3 3 2
-0.0009967612889867977 2 3 3 1 3 0 0 3 2 3 3 1
-3.148405259475231e-05 2 3 3 1 3 0 1 1 1 3 2 0
3.148405259475231e-05 2 3 3 1 3 0 1 1 2 3 1 0
-3.148405259475231e-05 2 3 3 1 3 0 2 2 1 3 2 0
3.148405259475231e-05 2 3 3 1 3 0 2 2 2 3 1 0
0.0005792183557929892 2 3 3 1 3 0 3 0 1 3 3 2
-0.0005792183557929892 2 3 3 1 3 0 3 0 2 3 3 1
0.0008854974771575364 2 3 3 1 3 0 3 3 1 0 3 2
0.0005793154004574353 2 3 3 1 3 0 3 3 1 3 0 2
0.005042056544234516 2 3 3 1 3 0 3 3 1 3 3 2
-0.0008854974771575364 2 3 3 1 3 0 3 3 2 0 3 1
-0.0005793154004574353 2 3 3 1 3 0 3 3 2 3 0 1
-0.005042056544234516 2 3 3 1 3 0 3 3 2 3 3 1
0.0005423900967874898 2 3 3 1 3 3 0 0 1 3 3 2
-0.0005423900967874898 2 3 3 1 3 3 0 0 2 3 3 1
0.0008037194867034556 2 3 3 1 3 3 0 3 1 0 3 2
0.0005434469586588633 2 3 3 1 3 3 0 3 1 3 0 2
0.005146516003352701 2 3 3 1 3 3 0 3 1 3 3 2
-0.0008037194867034556 2 3 3 1 3 3 0 3 2 0 3 1
-0.0005434469586588633 2 3 3 1 3 3 0 3 2 3 0 1
-0.005146516003352701 2 3 3 1 3 3 0 3 2 3 3 1
0.0005390018378698022 2 3 3 1 3 3 3 0 1 0 3 2
0.0002743690990910074 2 3 3 1 3 3 3 0 1 3 0 2
0.0050426693402300556 2 3 3 1 3 3 3 0 1 3 3 2
-0.0005390018378698022 2 3 3 1 3 3 3 0 2 0 3 1
-0.0002743690990910074 2 3 3 1 3 3 3 0 2 3 0 1
-0.0050426693402300556 2 3 3 1 3 3 3 0 2 3 3 1
0.000538959507895452 2 3 3 1 3 3 3 3 1 0 0 2
0.005028330629898973 2 3 3 1 3 3 3 3 1 0 3 2
0.005028330629898974 2 3 3 1 3 3 3 3 1 3 0 2
-39.25418764292742 2 3 3 1 3 3 3 3 1 3 3 2
-0.000538959507895452 2 3 3 1 3 3 3 3 2 0 0 1
-0.005028330629898973 2 3 3 1 3 3 3 3 2 0 3 1
-0.005028330629898974 2 3 3 1 3 3 3 3 2 3 0 1
39.25418764292743 2 3 3 1 3 3 3 3 2 3 3 1
0.00026273794851819343 2 3 3 2 1 2 3 1 0 2 3 0
-0.00026273794851819343 2 3 3 2 1 2 3 2 0 1 3 0
3.0930432936259275e-05 2 3 3 2 2 2 0 3 1 3 1 0
3.0930432936259275e-05 2 3 3 2 2 2 0 3 2 3 2 0
-0.0002968004429407984 2 3 3 2 2 2 3 0 1 3 1 0
-0.0002968004429407984 2 3 3 2 2 2 3 0 2 3 2 0
-0.0002976620891857661 2 3 3 2 2 2 3 3 1 0 1 0
-0.0002976620891857661 2 3 3 2 2 2 3 3 2 0 2 0
-0.0003015809451459933 2 3 3 2 3 3 3 3 1 3 3 1
-0.0003015809451459933 2 3 3 2 3 3 3 3 2 3 3 2
0.002462954751299291 2 3 3 3 0 2 3 1 0 0 1 0
0.002462954751299291 2 3 3 3 0 2 3 2 0 0 2 0
-0.005213423596009487 2 3 3 3 0 2 3 3 1 1 3 0
-0.005213423596009487 2 3 3 3 0 2 3 3 2 2 3 0
0.0002743690990910074 2 3 3 3 1 3 3 1 0 0 3 2
-0.0002743690990910074 2 3 3 3 1 3 3 2 0 0 3 1
3.077206564022325e-05 2 3 3 3 2 3 3 3 1 1 2 2
-3.077206564022325e-05 2 3 3 3 2 3 3 3 1 2 1 2
-3.077206564022325e-05 2 3 3 3 2 3 3 3 2 1 2 1
3.077206564022325e-05 2 3 3 3 2 3 3 3 2 2 1 1
-0.0055768818068220455 2 3 3 3 3 2 0 3 1 1 3 0
-0.0055768818068220455 2 3 3 3 3 2 0 3 2 2 3 0
-0.0055080463128695575 2 3 3 3 3 2 3 0 1 1 3 0
-0.0055080463128695575 2 3 3 3 3 2 3 0 2 2 3 0
-0.005511085685195253 2 3 3 3 3 2 3 3 1 1 0 0
-0.048639679178899886 2 3 3 3 3 2 3 3 1 1 3 0
-0.005635444112149209 2 3 3 3 3 2 3 3 1 1 3 3
-0.005511085685195253 2 3 3 3 3 2 3 3 2 2 0 0
-0.048639679178899886 2 3 3 3 3 2 3 3 2 2 3 0
-0.005635444112149209 2 3 3 3 3 2 3 3 2 2 3 3
-6781.37688018001 3 0 0 0 0 0 0 0 0 0 0 0
-849.6432797260186 3 0 0 0 0 0 0 0 0 0 0 3
-754.6101533212515 3 0 0 0 0 0 0 0 0 0 3 0
0.30065028920869175 3 0 0 0 0 0 0 0 0 0 3 3
-754.6101533212515 3 0 0 0 0 0 0 0 0 3 0 0
0.30065028920869175 3 0 0 0 0 0 0 0 0 3 0 3
0.2867082603206348 3 0 0 0 0 0 0 0 0 3 3 0
0.03276344536814792 3 0 0 0 0 0 0 0 0 3 3 3
-754.4568499173101 3 0 0 0 0 0 0 0 3 0 0 0
0.3011202863348208 3 0 0 0 0 0 0 0 3 0 0 3
0.28697225638780677 3 0 0 0 0 0 0 0 3 0 3 0
0.032782160172084504 3 0 0 0 0 0 0 0 3 0 3 3
0.2412466888573906 3 0 0 0 0 0 0 0 3 3 0 0
0.027047507797896247 3 0 0 0 0 0 0 0 3 3 0 3
0.02602912998768207 3 0 0 0 0 0 0 0 3 3 3 0
-754.4568499173101 3 0 0 0 0 0 0 3 0 0 0 0
0.3011202863348209 3 0 0 0 0 0 0 3 0 0 0 3
0.2412466888573907 3 0 0 0 0 0 0 3 0 0 3 0
0.027047507797896247 3 0 0 0 0 0 0 3 0 0 3 3
0.2869722563878068 3 0 0 0 0 0 0 3 0 3 0 0
0.032782160172084504 3 0 0 0 0 0 0 3 0 3 0 3
0.026029129987682066 3 0 0 0 0 0 0 3 0 3 3 0
0.2871444640408565 3 0 0 0 0 0 0 3 3 0 0 0
0.0327893692469631 3 0 0 0 0 0 0 3 3 0 0 3
0.026019491740719537 3 0 0 0 0 0 0 3 3 0 3 0
0.026019491740719537 3 0 0 0 0 0 0 3 3 3 0 0
-843.6601478974972 3 0 0 0 0 0 3 0 0 0 0 0
0.2728894615710583 3 0 0 0 0 0 3 0 0 0 0 3
0.3011683882394046 3 0 0 0 0 0 3 0 0 0 3 0
0.029450893450152123 3 0 0 0 0 0 3 0 0 0 3 3
0.3011683882394046 3 0 0 0 0 0 3 0 0 3 0 0
0.029450893450152123 3 0 0 0 0 0 3 0 0 3 0 3
0.032519236703298364 3 0 0 0 0 0 3 0 0 3 3 0
0.3012745380079348 3 0 0 0 0 0 3 0 3 0 0 0
0.029449063567600346 3 0 0 0 0 0 3 0 3 0 0 3
0.03249771519356651 3 0 0 0 0 0 3 0 3 0 3 0
0.026803284029749908 3 0 0 0 0 0 3 0 3 3 0 0
0.30127453800793486 3 0 0 0 0 0 3 3 0 0 0 0
0.029449063567600346 3 0 0 0 0 0 3 3 0 0 0 3
0.026803284029749908 3 0 0 0 0 0 3 3 0 0 3 0
0.03249771519356651 3 0 0 0 0 0 3 3 0 3 0 0
0.03246478466853377 3 0 0 0 0 0 3 3 3 0 0 0
-402.26220646442073 3 0 0 0 0 3 0 0 0 0 0 0
0.2738121102155813 3 0 0 0 0 3 0 0 0 0 0 3
0.24880750210137842 3 0 0 0 0 3 0 0 0 0 3 0
0.030740984874770887 3 0 0 0 0 3 0 0 0 0 3 3
0.24880750210137842 3 0 0 0 0 3 0 0 0 3 0 0
0.030740984874770887 3 0 0 0 0 3 0 0 0 3 0 3
0.027839058489541522 3 0 0 0 0 3 0 0 0 3 3 0
0.24891864816906145 3 0 0 0 0 3 0 0 3 0 0 0
0.03074699484072317 3 0 0 0 0 3 0 0 3 0 0 3
0.027835398744662204 3 0 0 0 0 3 0 0 3 0 3 0
0.030690915078578702 3 0 0 0 0 3 0 0 3 3 0 0
0.24891864816906153 3 0 0 0 0 3 0 3 0 0 0 0
0.03074699484072317 3 0 0 0 0 3 0 3 0 0 0 3
0.030690915078578702 3 0 0 0 0 3 0 3 0 0 3 0
0.027835398744662204 3 0 0 0 0 3 0 3 0 3 0 0
0.0278262894187739 3 0 0 0 0 3 0 3 3 0 0 0
-0.004749130669024571 3 0 0 0 0 3 1 1 0 0 1 1
-4.491264885814146e-05 3 0 0 0 0 3 1 1 0 0 2 2
-0.004704218020166431 3 0 0 0 0 3 1 2 0 0 2 1
-0.004704218020166431 3 0 0 0 0 3 2 1 0 0 1 2
-4.491264885814146e-05 3 0 0 0 0 3 2 2 0 0 1 1
-0.004749130669024571 3 0 0 0 0 3 2 2 0 0 2 2
0.27288946157105837 3 0 0 0 0 3 3 0 0 0 0 0
0.038910767115622184 3 0 0 0 0 3 3 0 0 0 0 3
0.030472676911326217 3 0 0 0 0 3 3 0 0 0 3 0
0.030472676911326217 3 0 0 0 0 3 3 0 0 3 0 0
0.030457251445921058 3 0 0 0 0 3 3 0 3 0 0 0
0.030457251445921058 3 0 0 0 0 3 3 3 0 0 0 0
0.0008265447499982599 3 0 0 0 1 1 1 1 0 0 3 0
0.0008265447499982599 3 0 0 0 1 1 2 2 0 0 3 0
-0.005469258141207924 3 0 0 0 1 2 0 0 0 0 1 2
0.005469258141207924 3 0 0 0 1 2 0 0 0 0 2 1
-0.0006092903171503336 3 0 0 0 1 2 0 0 0 3 1 2
0.0006092903171503336 3 0 0 0 1 2 0 0 0 3 2 1
-0.0006091686621280702 3 0 0 0 1 2 0 0 3 0 1 2
0.0006091686621280702 3 0 0 0 1 2 0 0 3 0 2 1
-0.0008972828664667257 3 0 0 0 1 2 0 3 0 0 1 2
0.0008972828664667257 3 0 0 0 1 2 0 3 0 0 2 1
-0.0010217834611740944 3 0 0 0 1 2 3 0 0 0 1 2
0.0010217834611740944 3 0 0 0 1 2 3 0 0 0 2 1
0.005469258141207924 3 0 0 0 2 1 0 0 0 0 1 2
-0.005469258141207924 3 0 0 0 2 1 0 0 0 0 2 1
0.0006092903171503336 3 0 0 0 2 1 0 0 0 3 1 2
-0.0006092903171503336 3 0 0 0 2 1 0 0 0 3 2 1
0.0006091686621280702 3 0 0 0 2 1 0 0 3 0 1 2
-0.0006091686621280702 3 0 0 0 2 1 0 0 3 0 2 1
0.0008972828664667257 3 0 0 0 2 1 0 3 0 0 1 2
-0.0008972828664667257 3 0 0 0 2 1 0 3 0 0 2 1
0.0010217834611740944 3 0 0 0 2 1 3 0 0 0 1 2
-0.0010217834611740944 3 0 0 0 2 1 3 0 0 0 2 1
0.0008265447499982599 3 0 0 0 2 2 1 1 0 0 3 0
0.0008265447499982599 3 0 0 0 2 2 2 2 0 0 3 0
-715.2186101337447 3 0 0 0 3 0 0 0 0 0 0 0
0.3010598874613131 3 0 0 0 3 0 0 0 0 0 0 3
0.29761357711556957 3 0 0 0 3 0 0 0 0 0 3 0
0.03482367432499349 3 0 0 0 3 0 0 0 0 0 3 3
0.2869794418836579 3 0 0 0 3 0 0 0 0 3 0 0
0.03348999883119988 3 0 0 0 3 0 0 0 0 3 0 3
0.03295202742491065 3 0 0 0 3 0 0 0 0 3 3 0
0.2871674434449817 3 0 0 0 3 0 0 0 3 0 0 0
0.033499828176781474 3 0 0 0 3 0 0 0 3 0 0 3
0.03294432527740068 3 0 0 0 3 0 0 0 3 0 3 0
0.026931493418629857 3 0 0 0 3 0 0 0 3 3 0 0
-0.004823877199409635 3 0 0 0 3 0 0 1 1 1 1 0
4.870519487018162e-06 3 0 0 0 3 0 0 1 1 2 2 0
-0.004828747718896654 3 0 0 0 3 0 0 1 2 2 1 0
-0.004828747718896654 3 0 0 0 3 0 0 2 1 1 2 0
4.870519487018162e-06 3 0 0 0 3 0 0 2 2 1 1 0
-0.004823877199409635 3 0 0 0 3 0 0 2 2 2 2 0
0.29777079591004485 3 0 0 0 3 0 0 3 0 0 0 0
0.03488921308919708 3 0 0 0 3 0 0 3 0 0 0 3
0.029297171100018303 3 0 0 0 3 0 0 3 0 0 3 0
0.032941132532540836 3 0 0 0 3 0 0 3 0 3 0 0
0.03292375271530232 3 0 0 0 3 0 0 3 3 0 0 0
0.30116838823940456 3 0 0 0 3 0 3 0 0 0 0 0
0.030472676911326217 3 0 0 0 3 0 3 0 0 0 0 3
0.034595698975926584 3 0 0 0 3 0 3 0 0 0 3 0
0.033211390794174435 3 0 0 0 3 0 3 0 0 3 0 0
0.03318314289337716 3 0 0 0 3 0 3 0 3 0 0 0
0.03450363083872246 3 0 0 0 3 0 3 3 0 0 0 0
0.23827858407158398 3 0 0 0 3 3 0 0 0 0 0 0
0.02972536988144582 3 0 0 0 3 3 0 0 0 0 0 3
0.02759673935726196 3 0 0 0 3 3 0 0 0 0 3 0
0.0269645332568596 3 0 0 0 3 3 0 0 0 3 0 0
0.026957430050381724 3 0 0 0 3 3 0 0 3 0 0 0
0.027587806095724178 3 0 0 0 3 3 0 3 0 0 0 0
0.029450893450152123 3 0 0 0 3 3 3 0 0 0 0 0
-0.005469258141207924 3 0 0 1 0 2 0 0 0 1 0 2
-0.0006092903171503336 3 0 0 1 0 2 0 0 0 1 3 2
0.005469258141207924 3 0 0 1 0 2 0 0 0 2 0 1
0.0006092903171503336 3 0 0 1 0 2 0 0 0 2 3 1
-0.0008972828664667257 3 0 0 1 0 2 0 0 3 1 0 2
0.0008972828664667257 3 0 0 1 0 2 0 0 3 2 0 1
-0.0006091686621280702 3 0 0 1 0 2 0 3 0 1 0 2
0.0006091686621280702 3 0 0 1 0 2 0 3 0 2 0 1
-0.0010217834611740944 3 0 0 1 0 2 3 0 0 1 0 2
0.0010217834611740944 3 0 0 1 0 2 3 0 0 2 0 1
0.000558742396414473 3 0 0 1 1 0 0 1 1 3 0 0
0.000558742396414473 3 0 0 1 1 0 0 2 2 3 0 0
-0.0053170676159558245 3 0 0 1 2 0 0 0 0 1 2 0
-0.0006668377468968082 3 0 0 1 2 0 0 0 0 1 2 3
0.0053170676159558245 3 0 0 1 2 0 0 0 0 2 1 0
0.0006668377468968082 3 0 0 1 2 0 0 0 0 2 1 3
-0.0005922176065620746 3 0 0 1 2 0 0 0 3 1 2 0
0.0005922176065620746 3 0 0 1 2 0 0 0 3 2 1 0
-0.0005922176065620746 3 0 0 1 2 0 0 3 0 1 2 0
0.0005922176065620746 3 0 0 1 2 0 0 3 0 2 1 0
-0.0006921540908760744 3 0 0 1 2 0 3 0 0 1 2 0
0.0006921540908760744 3 0 0 1 2 0 3 0 0 2 1 0
-0.0003161030502011826 3 0 0 1 2 3 0 0 0 1 2 0
0.0003161030502011826 3 0 0 1 2 3 0 0 0 2 1 0
-0.0005775269524127388 3 0 0 1 3 2 0 0 0 1 0 2
0.0005775269524127388 3 0 0 1 3 2 0 0 0 2 0 1
0.005469258141207924 3 0 0 2 0 1 0 0 0 1 0 2
0.0006092903171503336 3 0 0 2 0 1 0 0 0 1 3 2
-0.005469258141207924 3 0 0 2 0 1 0 0 0 2 0 1
-0.0006092903171503336 3 0 0 2 0 1 0 0 0 2 3 1
0.0008972828664667257 3 0 0 2 0 1 0 0 3 1 0 2
-0.0008972828664667257 3 0 0 2 0 1 0 0 3 2 0 1
0.0006091686621280702 3 0 0 2 0 1 0 3 0 1 0 2
-0.0006091686621280702 3 0 0 2 0 1 0 3 0 2 0 1
0.0010217834611740944 3 0 0 2 0 1 3 0 0 1 0 2
-0.0010217834611740944 3 0 0 2 0 1 3 0 0 2 0 1
0.0053170676159558245 3 0 0 2 1 0 0 0 0 1 2 0
0.0006668377468968082 3 0 0 2 1 0 0 0 0 1 2 3
-0.0053170676159558245 3 0 0 2 1 0 0 0 0 2 1 0
-0.0006668377468968082 3 0 0 2 1 0 0 0 0 2 1 3
0.0005922176065620746 3 0 0 2 1 0 0 0 3 1 2 0
-0.0005922176065620746 3 0 0 2 1 0 0 0 3 2 1 0
0.0005922176065620746 3 0 0 2 1 0 0 3 0 1 2 0
-0.0005922176065620746 3 0 0 2 1 0 0 3 0 2 1 0
0.0006921540908760744 3 0 0 2 1 0 3 0 0 1 2 0
-0.0006921540908760744 3 0 0 2 1 0 3 0 0 2 1 0
0.0003161030502011826 3 0 0 2 1 3 0 0 0 1 2 0
-0.0003161030502011826 3 0 0 2 1 3 0 0 0 2 1 0
0.000558742396414473 3 0 0 2 2 0 0 1 1 3 0 0
0.000558742396414473 3 0 0 2 2 0 0 2 2 3 0 0
0.0005775269524127388 3 0 0 2 3 1 0 0 0 1 0 2
-0.0005775269524127388 3 0 0 2 3 1 0 0 0 2 0 1
-715.2186101337448 3 0 0 3 0 0 0 0 0 0 0 0
0.3010598874613131 3 0 0 3 0 0 0 0 0 0 0 3
0.286979441883658 3 0 0 3 0 0 0 0 0 0 3 0
0.03348999883119988 3 0 0 3 0 0 0 0 0 0 3 3
0.29761357711556957 3 0 0 3 0 0 0 0 0 3 0 0
0.03482367432499349 3 0 0 3 0 0 0 0 0 3 0 3
0.03295202742491065 3 0 0 3 0 0 0 0 0 3 3 0
0.29777079591004474 3 0 0 3 0 0 0 0 3 0 0 0
0.03488921308919708 3 0 0 3 0 0 0 0 3 0 0 3
0.032941132532540836 3 0 0 3 0 0 0 0 3 0 3 0
0.029297171100018303 3 0 0 3 0 0 0 0 3 3 0 0
0.28716744344498174 3 0 0 3 0 0 0 3 0 0 0 0
0.033499828176781474 3 0 0 3 0 0 0 3 0 0 0 3
0.026931493418629857 3 0 0 3 0 0 0 3 0 0 3 0
0.03294432527740068 3 0 0 3 0 0 0 3 0 3 0 0
0.03292375271530232 3 0 0 3 0 0 0 3 3 0 0 0
0.3011683882394045 3 0 0 3 0 0 3 0 0 0 0 0
0.030472676911326217 3 0 0 3 0 0 3 0 0 0 0 3
0.033211390794174435 3 0 0 3 0 0 3 0 0 0 3 0
0.034595698975926584 3 0 0 3 0 0 3 0 0 3 0 0
0.03450363083872246 3 0 0 3 0 0 3 0 3 0 0 0
0.03318314289337716 3 0 0 3 0 0 3 3 0 0 0 0
0.23827858407158398 3 0 0 3 0 3 0 0 0 0 0 0
0.02972536988144582 3 0 0 3 0 3 0 0 0 0 0 3
0.0269645332568596 3 0 0 3 0 3 0 0 0 0 3 0
0.02759673935726196 3 0 0 3 0 3 0 0 0 3 0 0
0.027587806095724178 3 0 0 3 0 3 0 0 3 0 0 0
0.026957430050381724 3 0 0 3 0 3 0 3 0 0 0 0
0.029450893450152123 3 0 0 3 0 3 3 0 0 0 0 0
-0.0005775269524127388 3 0 0 3 1 2 0 0 0 0 1 2
0.0005775269524127388 3 0 0 3 1 2 0 0 0 0 2 1
0.0005775269524127388 3 0 0 3 2 1 0 0 0 0 1 2
-0.0005775269524127388 3 0 0 3 2 1 0 0 0 0 2 1
0.2766164882147695 3 0 0 3 3 0 0 0 0 0 0 0
0.032819350070983036 3 0 0 3 3 0 0 0 0 0 0 3
0.03228766824545312 3 0 0 3 3 0 0 0 0 0 3 0
0.03228766824545312 3 0 0 3 3 0 0 0 0 3 0 0
0.032270880437519106 3 0 0 3 3 0 0 0 3 0 0 0
0.032270880437519106 3 0 0 3 3 0 0 3 0 0 0 0
0.032519236703298364 3 0 0 3 3 0 3 0 0 0 0 0
0.025521328653250498 3 0 0 3 3 3 0 0 0 0 0 0
-0.005273837230018666 3 0 1 0 0 2 0 0 1 0 0 2
-0.0005875198931033872 3 0 1 0 0 2 0 0 1 0 3 2
-0.0008856729467201555 3 0 1 0 0 2 0 0 1 3 0 2
0.005273837230018666 3 0 1 0 0 2 0 0 2 0 0 1
0.0005875198931033872 3 0 1 0 0 2 0 0 2 0 3 1
0.0008856729467201555 3 0 1 0 0 2 0 0 2 3 0 1
-0.0005874025849111121 3 0 1 0 0 2 0 3 1 0 0 2
0.0005874025849111121 3 0 1 0 0 2 0 3 2 0 0 1
-0.0010081878783207124 3 0 1 0 0 2 3 0 1 0 0 2
0.0010081878783207124 3 0 1 0 0 2 3 0 2 0 0 1
-0.005255461881213114 3 0 1 0 2 0 0 0 1 0 2 0
-0.0006591114901855952 3 0 1 0 2 0 0 0 1 0 2 3
-0.0005854728289838263 3 0 1 0 2 0 0 0 1 3 2 0
0.005255461881213114 3 0 1 0 2 0 0 0 2 0 1 0
0.0006591114901855952 3 0 1 0 2 0 0 0 2 0 1 3
0.0005854728289838263 3 0 1 0 2 0 0 0 2 3 1 0
-0.005255461881213114 3 0 1 0 2 0 0 1 0 2 0 0
-0.000689934311330959 3 0 1 0 2 0 0 1 0 2 0 3
-0.0005854728289838263 3 0 1 0 2 0 0 1 0 2 3 0
-0.0005853559295222072 3 0 1 0 2 0 0 1 3 2 0 0
0.005255461881213114 3 0 1 0 2 0 0 2 0 1 0 0
0.000689934311330959 3 0 1 0 2 0 0 2 0 1 0 3
0.0005854728289838263 3 0 1 0 2 0 0 2 0 1 3 0
0.0005853559295222072 3 0 1 0 2 0 0 2 3 1 0 0
-0.0005853559295222072 3 0 1 0 2 0 0 3 1 0 2 0
0.0005853559295222072 3 0 1 0 2 0 0 3 2 0 1 0
-0.000685427699810648 3 0 1 0 2 0 3 0 1 0 2 0
0.000685427699810648 3 0 1 0 2 0 3 0 2 0 1 0
-0.0006544886708453244 3 0 1 0 2 0 3 1 0 2 0 0
0.0006544886708453244 3 0 1 0 2 0 3 2 0 1 0 0
-0.0003124405501036443 3 0 1 0 2 3 0 0 1 0 2 0
0.0003124405501036443 3 0 1 0 2 3 0 0 2 0 1 0
-0.0003124405501036443 3 0 1 0 2 3 0 1 0 2 0 0
0.0003124405501036443 3 0 1 0 2 3 0 2 0 1 0 0
0.00029815305361676825 3 0 1 0 3 1 0 1 0 1 1 1
0.00029815305361676825 3 0 1 0 3 1 0 1 0 2 1 2
0.00029815305361676825 3 0 1 0 3 1 0 2 0 1 2 1
0.00029815305361676825 3 0 1 0 3 1 0 2 0 2 2 2
-0.0005568914584640246 3 0 1 0 3 2 0 0 1 0 0 2
0.0005568914584640246 3 0 1 0 3 2 0 0 2 0 0 1
-0.0005423900967874898 3 0 1 0 3 2 1 3 0 2 3 0
0.0005423900967874898 3 0 1 0 3 2 2 3 0 1 3 0
-0.005393107776660426 3 0 1 1 0 0 0 1 0 3 1 0
-0.005393107776660426 3 0 1 1 0 0 0 2 0 3 2 0
0.000258329191299065 3 0 1 1 1 1 0 1 0 3 0 1
0.000258329191299065 3 0 1 1 1 1 0 2 0 3 0 2
0.00025729138319329165 3 0 1 1 2 2 0 1 0 3 0 1
0.00025729138319329165 3 0 1 1 2 2 0 2 0 3 0 2
-0.005689722936634466 3 0 1 1 3 0 0 1 0 0 1 0
-0.05107345811426616 3 0 1 1 3 0 0 1 0 3 1 0
-0.00640535577033909 3 0 1 1 3 0 0 1 0 3 1 3
-0.00568858688810219 3 0 1 1 3 0 0 1 3 3 1 0
-0.005689722936634466 3 0 1 1 3 0 0 2 0 0 2 0
-0.05107345811426616 3 0 1 1 3 0 0 2 0 3 2 0
-0.00640535577033909 3 0 1 1 3 0 0 2 0 3 2 3
-0.00568858688810219 3 0 1 1 3 0 0 2 3 3 2 0
-0.006360430438316582 3 0 1 1 3 0 3 1 0 3 1 0
-0.006360430438316582 3 0 1 1 3 0 3 2 0 3 2 0
0.001951313580722258 3 0 1 1 3 3 0 1 0 3 1 0
0.001951313580722258 3 0 1 1 3 3 0 2 0 3 2 0
-0.0052466081169539195 3 0 1 1 3 3 1 3 0 3 3 1
-0.0052466081169539195 3 0 1 1 3 3 2 3 0 3 3 2
-0.061584381876692365 3 0 1 2 0 0 0 0 1 2 0 0
-0.00775440157185564 3 0 1 2 0 0 0 0 1 2 0 3
-0.006860668594602115 3 0 1 2 0 0 0 0 1 2 3 0
0.061584381876692365 3 0 1 2 0 0 0 0 2 1 0 0
0.00775440157185564 3 0 1 2 0 0 0 0 2 1 0 3
0.006860668594602115 3 0 1 2 0 0 0 0 2 1 3 0
-0.006859298747146601 3 0 1 2 0 0 0 3 1 2 0 0
0.006859298747146601 3 0 1 2 0 0 0 3 2 1 0 0
-0.007700346808972551 3 0 1 2 0 0 3 0 1 2 0 0
0.007700346808972551 3 0 1 2 0 0 3 0 2 1 0 0
0.0013264324805149705 3 0 1 2 0 3 0 0 1 2 0 0
-0.0013264324805149705 3 0 1 2 0 3 0 0 2 1 0 0
1.0378081057732618e-06 3 0 1 2 2 1 0 1 0 3 0 1
1.0378081057732618e-06 3 0 1 2 2 1 0 2 0 3 0 2
-0.00650300999938052 3 0 1 2 3 0 0 0 1 2 0 0
0.00650300999938052 3 0 1 2 3 0 0 0 2 1 0 0
-0.0008162584578688629 3 0 1 3 0 2 0 0 1 0 0 2
0.0008162584578688629 3 0 1 3 0 2 0 0 2 0 0 1
-0.0005549511113600482 3 0 1 3 2 0 0 0 1 0 2 0
0.0005549511113600482 3 0 1 3 2 0 0 0 2 0 1 0
-0.0005549511113600482 3 0 1 3 2 0 0 1 0 2 0 0
0.0005549511113600482 3 0 1 3 2 0 0 2 0 1 0 0
0.005273837230018666 3 0 2 0 0 1 0 0 1 0 0 2
0.0005875198931033872 3 0 2 0 0 1 0 0 1 0 3 2
0.0008856729467201555 3 0 2 0 0 1 0 0 1 3 0 2
-0.005273837230018666 3 0 2 0 0 1 0 0 2 0 0 1
-0.0005875198931033872 3 0 2 0 0 1 0 0 2 0 3 1
-0.0008856729467201555 3 0 2 0 0 1 0 0 2 3 0 1
0.0005874025849111121 3 0 2 0 0 1 0 3 1 0 0 2
-0.0005874025849111121 3 0 2 0 0 1 0 3 2 0 0 1
0.0010081878783207124 3 0 2 0 0 1 3 0 1 0 0 2
-0.0010081878783207124 3 0 2 0 0 1 3 0 2 0 0 1
0.005255461881213114 3 0 2 0 1 0 0 0 1 0 2 0
0.0006591114901855952 3 0 2 0 1 0 0 0 1 0 2 3
0.0005854728289838263 3 0 2 0 1 0 0 0 1 3 2 0
-0.005255461881213114 3 0 2 0 1 0 0 0 2 0 1 0
-0.0006591114901855952 3 0 2 0 1 0 0 0 2 0 1 3
-0.0005854728289838263 3 0 2 0 1 0 0 0 2 3 1 0
0.005255461881213114 3 0 2 0 1 0 0 1 0 2 0 0
0.000689934311330959 3 0 2 0 1 0 0 1 0 2 0 3
0.0005854728289838263 3 0 2 0 1 0 0 1 0 2 3 0
0.0005853559295222072 3 0 2 0 1 0 0 1 3 2 0 0
-0.005255461881213114 3 0 2 0 1 0 0 2 0 1 0 0
-0.000689934311330959 3 0 2 0 1 0 0 2 0 1 0 3
-0.0005854728289838263 3 0 2 0 1 0 0 2 0 1 3 0
-0.0005853559295222072 3 0 2 0 1 0 0 2 3 1 0 0
0.0005853559295222072 3 0 2 0 1 0 0 3 1 0 2 0
-0.0005853559295222072 3 0 2 0 1 0 0 3 2 0 1 0
0.000685427699810648 3 0 2 0 1 0 3 0 1 0 2 0
-0.000685427699810648 3 0 2 0 1 0 3 0 2 0 1 0
0.0006544886708453244 3 0 2 0 1 0 3 1 0 2 0 0
-0.0006544886708453244 3 0 2 0 1 0 3 2 0 1 0 0
0.0003124405501036443 3 0 2 0 1 3 0 0 1 0 2 0
-0.0003124405501036443 3 0 2 0 1 3 0 0 2 0 1 0
0.0003124405501036443 3 0 2 0 1 3 0 1 0 2 0 0
-0.0003124405501036443 3 0 2 0 1 3 0 2 0 1 0 0
0.0005568914584640246 3 0 2 0 3 1 0 0 1 0 0 2
-0.0005568914584640246 3 0 2 0 3 1 0 0 2 0 0 1
0.0005423900967874898 3 0 2 0 3 1 1 3 0 2 3 0
-0.0005423900967874898 3 0 2 0 3 1 2 3 0 1 3 0
0.00029815305361676825 3 0 2 0 3 2 0 1 0 1 1 1
0.00029815305361676825 3 0 2 0 3 2 0 1 0 2 1 2
0.00029815305361676825 3 0 2 0 3 2 0 2 0 1 2 1
0.00029815305361676825 3 0 2 0 3 2 0 2 0 2 2 2
0.061584381876692365 3 0 2 1 0 0 0 0 1 2 0 0
0.00775440157185564 3 0 2 1 0 0 0 0 1 2 0 3
0.006860668594602115 3 0 2 1 0 0 0 0 1 2 3 0
-0.061584381876692365 3 0 2 1 0 0 0 0 2 1 0 0
-0.00775440157185564 3 0 2 1 0 0 0 0 2 1 0 3
-0.006860668594602115 3 0 2 1 0 0 0 0 2 1 3 0
0.006859298747146601 3 0 2 1 0 0 0 3 1 2 0 0
-0.006859298747146601 3 0 2 1 0 0 0 3 2 1 0 0
0.007700346808972551 3 0 2 1 0 0 3 0 1 2 0 0
-0.007700346808972551 3 0 2 1 0 0 3 0 2 1 0 0
-0.0013264324805149705 3 0 2 1 0 3 0 0 1 2 0 0
0.0013264324805149705 3 0 2 1 0 3 0 0 2 1 0 0
1.0378081057732618e-06 3 0 2 1 1 2 0 1 0 3 0 1
1.0378081057732618e-06 3 0 2 1 1 2 0 2 0 3 0 2
0.00650300999938052 3 0 2 1 3 0 0 0 1 2 0 0
-0.00650300999938052 3 0 2 1 3 0 0 0 2 1 0 0
-0.005393107776660426 3 0 2 2 0 0 0 1 0 3 1 0
-0.005393107776660426 3 0 2 2 0 0 0 2 0 3 2 0
0.00025729138319329165 3 0 2 2 1 1 0 1 0 3 0 1
0.00025729138319329165 3 0 2 2 1 1 0 2 0 3 0 2
0.000258329191299065 3 0 2 2 2 2 0 1 0 3 0 1
0.000258329191299065 3 0 2 2 2 2 0 2 0 3 0 2
-0.005689722936634466 3 0 2 2 3 0 0 1 0 0 1 0
-0.05107345811426616 3 0 2 2 3 0 0 1 0 3 1 0
-0.00640535577033909 3 0 2 2 3 0 0 1 0 3 1 3
-0.00568858688810219 3 0 2 2 3 0 0 1 3 3 1 0
-0.005689722936634466 3 0 2 2 3 0 0 2 0 0 2 0
-0.05107345811426616 3 0 2 2 3 0 0 2 0 3 2 0
-0.00640535577033909 3 0 2 2 3 0 0 2 0 3 2 3
-0.00568858688810219 3 0 2 2 3 0 0 2 3 3 2 0
-0.006360430438316582 3 0 2 2 3 0 3 1 0 3 1 0
-0.006360430438316582 3 0 2 2 3 0 3 2 0 3 2 0
0.001951313580722258 3 0 2 2 3 3 0 1 0 3 1 0
0.001951313580722258 3 0 2 2 3 3 0 2 0 3 2 0
-0.0052466081169539195 3 0 2 2 3 3 1 3 0 3 3 1
-0.0052466081169539195 3 0 2 2 3 3 2 3 0 3 3 2
0.0008162584578688627 3 0 2 3 0 1 0 0 1 0 0 2
-0.0008162584578688627 3 0 2 3 0 1 0 0 2 0 0 1
0.0005549511113600482 3 0 2 3 1 0 0 0 1 0 2 0
-0.0005549511113600482 3 0 2 3 1 0 0 0 2 0 1 0
0.0005549511113600482 3 0 2 3 1 0 0 1 0 2 0 0
-0.0005549511113600482 3 0 2 3 1 0 0 2 0 1 0 0
-713.8233285775898 3 0 3 0 0 0 0 0 0 0 0 0
0.3011749350510282 3 0 3 0 0 0 0 0 0 0 0 3
0.2870227378732281 3 0 3 0 0 0 0 0 0 0 3 0
0.03346188913344057 3 0 3 0 0 0 0 0 0 0 3 3
0.2976260903382911 3 0 3 0 0 0 0 0 0 3 0 0
0.0348554975995949 3 0 3 0 0 0 0 0 0 3 0 3
0.03291737777236507 3 0 3 0 0 0 0 0 0 3 3 0
0.2977840068939539 3 0 3 0 0 0 0 0 3 0 0 0
0.034797794673157884 3 0 3 0 0 0 0 0 3 0 0 3
0.03290662313704449 3 0 3 0 0 0 0 0 3 0 3 0
0.029268623070532206 3 0 3 0 0 0 0 0 3 3 0 0
-0.004833276655473527 3 0 3 0 0 0 0 1 1 1 1 0
4.880009826849399e-06 3 0 3 0 0 0 0 1 1 2 2 0
-0.004838156665300377 3 0 3 0 0 0 0 1 2 2 1 0
-0.004838156665300377 3 0 3 0 0 0 0 2 1 1 2 0
4.880009826849399e-06 3 0 3 0 0 0 0 2 2 1 1 0
-0.004833276655473527 3 0 3 0 0 0 0 2 2 2 2 0
0.28721109643330234 3 0 3 0 0 0 0 3 0 0 0 0
0.03347179765770425 3 0 3 0 0 0 0 3 0 0 0 3
0.026909765311417908 3 0 3 0 0 0 0 3 0 0 3 0
0.03290977860475086 3 0 3 0 0 0 0 3 0 3 0 0
0.03288936507771384 3 0 3 0 0 0 0 3 3 0 0 0
0.30127453800793486 3 0 3 0 0 0 3 0 0 0 0 0
0.030457251445921058 3 0 3 0 0 0 3 0 0 0 0 3
0.03318314289337716 3 0 3 0 0 0 3 0 0 0 3 0
0.03450363083872246 3 0 3 0 0 0 3 0 0 3 0 0
0.034535573511090156 3 0 3 0 0 0 3 0 3 0 0 0
0.03315504761605256 3 0 3 0 0 0 3 3 0 0 0 0
0.2384256224252315 3 0 3 0 0 3 0 0 0 0 0 0
0.029723623753311116 3 0 3 0 0 3 0 0 0 0 0 3
0.026960652131488978 3 0 3 0 0 3 0 0 0 0 3 0
0.02759102817683143 3 0 3 0 0 3 0 0 0 3 0 0
0.027582169390858988 3 0 3 0 0 3 0 0 3 0 0 0
0.026953603142032913 3 0 3 0 0 3 0 3 0 0 0 0
0.029449063567600343 3 0 3 0 0 3 3 0 0 0 0 0
0.0002881142043386555 3 0 3 0 1 1 0 1 1 1 0 1
0.0002881142043386555 3 0 3 0 1 1 0 1 2 2 0 1
0.0002881142043386555 3 0 3 0 1 1 0 2 1 1 0 2
0.0002881142043386555 3 0 3 0 1 1 0 2 2 2 0 2
-0.0005764038138874965 3 0 3 0 1 2 0 0 0 0 1 2
0.0005764038138874965 3 0 3 0 1 2 0 0 0 0 2 1
0.0005764038138874965 3 0 3 0 2 1 0 0 0 0 1 2
-0.0005764038138874965 3 0 3 0 2 1 0 0 0 0 2 1
0.0002881142043386555 3 0 3 0 2 2 0 1 1 1 0 1
0.0002881142043386555 3 0 3 0 2 2 0 1 2 2 0 1
0.0002881142043386555 3 0 3 0 2 2 0 2 1 1 0 2
0.0002881142043386555 3 0 3 0 2 2 0 2 2 2 0 2
0.27670700116797675 3 0 3 0 3 0 0 0 0 0 0 0
0.032797940874886425 3 0 3 0 3 0 0 0 0 0 0 3
0.03226035057313956 3 0 3 0 3 0 0 0 0 0 3 0
0.032259283834212144 3 0 3 0 3 0 0 0 0 3 0 0
0.032242640236849744 3 0 3 0 3 0 0 0 3 0 0 0
-0.04577178188173459 3 0 3 0 3 0 0 1 1 1 1 0
-0.005740448327170874 3 0 3 0 3 0 0 1 1 1 1 3
4.62143513184408e-05 3 0 3 0 3 0 0 1 1 2 2 0
5.795952982619101e-06 3 0 3 0 3 0 0 1 1 2 2 3
-0.04581799623305304 3 0 3 0 3 0 0 1 2 2 1 0
-0.005746244280153494 3 0 3 0 3 0 0 1 2 2 1 3
-0.04581799623305304 3 0 3 0 3 0 0 2 1 1 2 0
-0.005746244280153494 3 0 3 0 3 0 0 2 1 1 2 3
4.62143513184408e-05 3 0 3 0 3 0 0 2 2 1 1 0
5.795952982619101e-06 3 0 3 0 3 0 0 2 2 1 1 3
-0.04577178188173459 3 0 3 0 3 0 0 2 2 2 2 0
-0.005740448327170874 3 0 3 0 3 0 0 2 2 2 2 3
0.03224367731431737 3 0 3 0 3 0 0 3 0 0 0 0
0.03249771519356651 3 0 3 0 3 0 3 0 0 0 0 0
-0.00570018646564393 3 0 3 0 3 0 3 1 1 1 1 0
5.75530182732547e-06 3 0 3 0 3 0 3 1 1 2 2 0
-0.005705941767471257 3 0 3 0 3 0 3 1 2 2 1 0
-0.005705941767471257 3 0 3 0 3 0 3 2 1 1 2 0
5.75530182732547e-06 3 0 3 0 3 0 3 2 2 1 1 0
-0.00570018646564393 3 0 3 0 3 0 3 2 2 2 2 0
0.025521195619881146 3 0 3 0 3 3 0 0 0 0 0 0
0.002852768861348911 3 0 3 0 3 3 0 1 1 1 1 0
2.747472567584055e-06 3 0 3 0 3 3 0 1 1 2 2 0
0.002850021388781326 3 0 3 0 3 3 0 1 2 2 1 0
0.002850021388781326 3 0 3 0 3 3 0 2 1 1 2 0
2.747472567584055e-06 3 0 3 0 3 3 0 2 2 1 1 0
0.002852768861348911 3 0 3 0 3 3 0 2 2 2 2 0
-0.004685319360018488 3 0 3 0 3 3 1 3 1 1 3 1
1.8898660147940616e-05 3 0 3 0 3 3 1 3 1 2 3 2
-0.004704218020166431 3 0 3 0 3 3 1 3 2 2 3 1
-0.004704218020166431 3 0 3 0 3 3 2 3 1 1 3 2
1.8898660147940616e-05 3 0 3 0 3 3 2 3 2 1 3 1
-0.004685319360018488 3 0 3 0 3 3 2 3 2 2 3 2
-0.0008415861088317332 3 0 3 1 0 2 0 0 0 1 0 2
0.0008415861088317332 3 0 3 1 0 2 0 0 0 2 0 1
0.0005906212341321506 3 0 3 1 1 0 0 1 1 0 0 0
0.005301676232531554 3 0 3 1 1 0 0 1 1 3 0 0
0.0006946924562078046 3 0 3 1 1 0 0 1 1 3 0 3
0.0005906212341321506 3 0 3 1 1 0 0 1 1 3 3 0
0.0005906212341321506 3 0 3 1 1 0 0 2 2 0 0 0
0.005301676232531554 3 0 3 1 1 0 0 2 2 3 0 0
0.0006946924562078046 3 0 3 1 1 0 0 2 2 3 0 3
0.0005906212341321506 3 0 3 1 1 0 0 2 2 3 3 0
0.0006602439726726498 3 0 3 1 1 0 3 1 1 3 0 0
0.0006602439726726498 3 0 3 1 1 0 3 2 2 3 0 0
0.00031518802267122833 3 0 3 1 1 3 0 1 1 3 0 0
0.00031518802267122833 3 0 3 1 1 3 0 2 2 3 0 0
-0.0005603644906506019 3 0 3 1 2 0 0 0 0 1 2 0
0.0005603644906506019 3 0 3 1 2 0 0 0 0 2 1 0
0.0005612887569354305 3 0 3 1 3 1 1 3 1 3 3 0
0.0005612887569354305 3 0 3 1 3 1 2 3 2 3 3 0
0.0002881142043386555 3 0 3 1 3 2 0 1 1 3 1 2
-0.0002881142043386555 3 0 3 1 3 2 0 1 2 3 1 1
0.0002881142043386555 3 0 3 1 3 2 0 2 1 3 2 2
-0.0002881142043386555 3 0 3 1 3 2 0 2 2 3 2 1
0.0008415861088317332 3 0 3 2 0 1 0 0 0 1 0 2
-0.0008415861088317332 3 0 3 2 0 1 0 0 0 2 0 1
0.0005603644906506019 3 0 3 2 1 0 0 0 0 1 2 0
-0.0005603644906506019 3 0 3 2 1 0 0 0 0 2 1 0
0.0005906212341321506 3 0 3 2 2 0 0 1 1 0 0 0
0.005301676232531554 3 0 3 2 2 0 0 1 1 3 0 0
0.0006946924562078046 3 0 3 2 2 0 0 1 1 3 0 3
0.0005906212341321506 3 0 3 2 2 0 0 1 1 3 3 0
0.0005906212341321506 3 0 3 2 2 0 0 2 2 0 0 0
0.005301676232531554 3 0 3 2 2 0 0 2 2 3 0 0
0.0006946924562078046 3 0 3 2 2 0 0 2 2 3 0 3
0.0005906212341321506 3 0 3 2 2 0 0 2 2 3 3 0
0.0006602439726726498 3 0 3 2 2 0 3 1 1 3 0 0
0.0006602439726726498 3 0 3 2 2 0 3 2 2 3 0 0
0.00031518802267122833 3 0 3 2 2 3 0 1 1 3 0 0
0.00031518802267122833 3 0 3 2 2 3 0 2 2 3 0 0
-0.0002881142043386555 3 0 3 2 3 1 0 1 1 3 1 2
0.0002881142043386555 3 0 3 2 3 1 0 1 2 3 1 1
-0.0002881142043386555 3 0 3 2 3 1 0 2 1 3 2 2
0.0002881142043386555 3 0 3 2 3 1 0 2 2 3 2 1
0.0005612887569354305 3 0 3 2 3 2 1 3 1 3 3 0
0.0005612887569354305 3 0 3 2 3 2 2 3 2 3 3 0
0.23098143363756057 3 0 3 3 0 0 0 0 0 0 0 0
0.027063288500698172 3 0 3 3 0 0 0 0 0 0 0 3
0.02604566829448436 3 0 3 3 0 0 0 0 0 0 3 0
0.028286059518159358 3 0 3 3 0 0 0 0 0 3 0 0
0.028267188825464626 3 0 3 3 0 0 0 0 3 0 0 0
0.026033256317274364 3 0 3 3 0 0 0 3 0 0 0 0
0.026803284029749908 3 0 3 3 0 0 3 0 0 0 0 0
0.027265895401493146 3 0 3 3 0 3 0 0 0 0 0 0
0.0246550256878756 3 0 3 3 3 0 0 0 0 0 0 0
-0.004833276655473527 3 0 3 3 3 0 0 1 1 1 1 0
4.880009826849399e-06 3 0 3 3 3 0 0 1 1 2 2 0
-0.004838156665300377 3 0 3 3 3 0 0 1 2 2 1 0
-0.004838156665300377 3 0 3 3 3 0 0 2 1 1 2 0
4.880009826849399e-06 3 0 3 3 3 0 0 2 2 1 1 0
-0.004833276655473527 3 0 3 3 3 0 0 2 2 2 2 0
-0.005273837230018666 3 1 0 0 0 2 0 1 0 0 0 2
-0.0008856729467201555 3 1 0 0 0 2 0 1 0 0 3 2
-0.0005875198931033872 3 1 0 0 0 2 0 1 0 3 0 2
-0.0005874025849111121 3 1 0 0 0 2 0 1 3 0 0 2
0.005273837230018666 3 1 0 0 0 2 0 2 0 0 0 1
0.0008856729467201555 3 1 0 0 0 2 0 2 0 0 3 1
0.0005875198931033872 3 1 0 0 0 2 0 2 0 3 0 1
0.0005874025849111121 3 1 0 0 0 2 0 2 3 0 0 1
-0.005146516003352701 3 1 0 0 0 2 1 0 0 0 2 0
-0.0009967612889867977 3 1 0 0 0 2 1 0 0 0 2 3
-0.0005733359601873698 3 1 0 0 0 2 1 0 0 3 2 0
-0.0005732214840549946 3 1 0 0 0 2 1 0 3 0 2 0
-0.0008714573988564012 3 1 0 0 0 2 1 3 0 0 2 0
0.005146516003352701 3 1 0 0 0 2 2 0 0 0 1 0
0.0009967612889867977 3 1 0 0 0 2 2 0 0 0 1 3
0.0005733359601873698 3 1 0 0 0 2 2 0 0 3 1 0
0.0005732214840549946 3 1 0 0 0 2 2 0 3 0 1 0
0.0008714573988564012 3 1 0 0 0 2 2 3 0 0 1 0
-0.0010081878783207124 3 1 0 0 0 2 3 1 0 0 0 2
0.0010081878783207124 3 1 0 0 0 2 3 2 0 0 0 1
-0.0053826195958241105 3 1 0 0 1 0 0 3 1 1 0 0
-0.0053826195958241105 3 1 0 0 1 0 0 3 2 2 0 0
0.0029173292445314647 3 1 0 0 1 0 1 0 0 0 3 1
0.0029173292445314647 3 1 0 0 1 0 2 0 0 0 3 2
-0.0055768818068220455 3 1 0 0 1 3 1 0 0 0 0 1
-0.049782901268204574 3 1 0 0 1 3 1 0 0 0 3 1
-0.005545951373885786 3 1 0 0 1 3 1 0 0 3 3 1
-0.005544844031755327 3 1 0 0 1 3 1 0 3 0 3 1
-0.005575675419022832 3 1 0 0 1 3 1 3 0 0 3 1
-0.0055768818068220455 3 1 0 0 1 3 2 0 0 0 0 2
-0.049782901268204574 3 1 0 0 1 3 2 0 0 0 3 2
-0.005545951373885786 3 1 0 0 1 3 2 0 0 3 3 2
-0.005544844031755327 3 1 0 0 1 3 2 0 3 0 3 2
-0.005575675419022832 3 1 0 0 1 3 2 3 0 0 3 2
-0.061584381876692365 3 1 0 0 2 0 0 1 0 0 2 0
-0.00775440157185564 3 1 0 0 2 0 0 1 0 0 2 3
-0.006860668594602115 3 1 0 0 2 0 0 1 0 3 2 0
-0.006859298747146601 3 1 0 0 2 0 0 1 3 0 2 0
0.061584381876692365 3 1 0 0 2 0 0 2 0 0 1 0
0.00775440157185564 3 1 0 0 2 0 0 2 0 0 1 3
0.006860668594602115 3 1 0 0 2 0 0 2 0 3 1 0
0.006859298747146601 3 1 0 0 2 0 0 2 3 0 1 0
-0.007700346808972551 3 1 0 0 2 0 3 1 0 0 2 0
0.007700346808972551 3 1 0 0 2 0 3 2 0 0 1 0
0.0013264324805149705 3 1 0 0 2 3 0 1 0 0 2 0
-0.0013264324805149705 3 1 0 0 2 3 0 2 0 0 1 0
-0.0008162584578688629 3 1 0 0 3 2 0 1 0 0 0 2
0.0008162584578688629 3 1 0 0 3 2 0 2 0 0 0 1
-0.0008037194867034556 3 1 0 0 3 2 1 0 0 0 2 0
0.0008037194867034556 3 1 0 0 3 2 2 0 0 0 1 0
-3.0930432936259275e-05 3 1 0 1 0 3 1 0 0 1 1 1
-3.0930432936259275e-05 3 1 0 1 0 3 1 0 0 1 2 2
-3.0930432936259275e-05 3 1 0 1 0 3 2 0 0 2 1 1
-3.0930432936259275e-05 3 1 0 1 0 3 2 0 0 2 2 2
0.0002581896652290868 3 1 0 1 1 1 1 0 0 1 3 0
0.0002581896652290868 3 1 0 1 1 1 2 0 0 2 3 0
-1.041431407752708e-06 3 1 0 1 2 2 1 0 0 1 3 0
-1.041431407752708e-06 3 1 0 1 2 2 2 0 0 2 3 0
-0.005255461881213114 3 1 0 2 0 0 0 1 0 2 0 0
-0.0006591114901855952 3 1 0 2 0 0 0 1 0 2 0 3
-0.0005854728289838263 3 1 0 2 0 0 0 1 0 2 3 0
-0.0005853559295222072 3 1 0 2 0 0 0 1 3 2 0 0
0.005255461881213114 3 1 0 2 0 0 0 2 0 1 0 0
0.0006591114901855952 3 1 0 2 0 0 0 2 0 1 0 3
0.0005854728289838263 3 1 0 2 0 0 0 2 0 1 3 0
0.0005853559295222072 3 1 0 2 0 0 0 2 3 1 0 0
-0.000685427699810648 3 1 0 2 0 0 3 1 0 2 0 0
0.000685427699810648 3 1 0 2 0 0 3 2 0 1 0 0
-0.0003124405501036443 3 1 0 2 0 3 0 1 0 2 0 0
0.0003124405501036443 3 1 0 2 0 3 0 2 0 1 0 0
0.0002592310966368396 3 1 0 2 1 2 1 0 0 1 3 0
0.0002592310966368396 3 1 0 2 1 2 2 0 0 2 3 0
-0.0005549511113600482 3 1 0 2 3 0 0 1 0 2 0 0
0.0005549511113600482 3 1 0 2 3 0 0 2 0 1 0 0
-0.0005538718769274549 3 1 0 2 3 0 0 3 1 3 2 0
0.0005538718769274549 3 1 0 2 3 0 0 3 2 3 1 0
-0.0005568914584640246 3 1 0 3 0 2 0 1 0 0 0 2
0.0005568914584640246 3 1 0 3 0 2 0 2 0 0 0 1
-0.0005434469586588633 3 1 0 3 0 2 1 0 0 0 2 0
0.0005434469586588633 3 1 0 3 0 2 2 0 0 0 1 0
-0.00525683127572044 3 1 0 3 1 3 1 0 0 0 3 1
-0.00525683127572044 3 1 0 3 1 3 2 0 0 0 3 2
-0.00650300999938052 3 1 0 3 2 0 0 1 0 0 2 0
0.00650300999938052 3 1 0 3 2 0 0 2 0 0 1 0
0.0005598311211868974 3 1 1 0 0 0 0 3 0 1 1 0
0.0005598311211868974 3 1 1 0 0 0 0 3 0 2 2 0
-3.190565450304104e-05 3 1 1 0 0 3 1 0 1 0 1 1
-3.190565450304104e-05 3 1 1 0 0 3 1 0 1 0 2 2
-3.190565450304104e-05 3 1 1 0 0 3 2 0 2 0 1 1
-3.190565450304104e-05 3 1 1 0 0 3 2 0 2 0 2 2
0.00026625626370782053 3 1 1 0 1 1 0 3 0 1 0 1
0.00026625626370782053 3 1 1 0 1 1 0 3 0 2 0 2
0.0002663302602983655 3 1 1 0 1 1 1 0 1 0 3 0
0.0002663302602983655 3 1 1 0 1 1 2 0 2 0 3 0
-1.073968763583855e-06 3 1 1 0 2 2 0 3 0 1 0 1
-1.073968763583855e-06 3 1 1 0 2 2 0 3 0 2 0 2
-1.0742672355362153e-06 3 1 1 0 2 2 1 0 1 0 3 0
-1.0742672355362153e-06 3 1 1 0 2 2 2 0 2 0 3 0
0.0005905033067051669 3 1 1 0 3 0 0 0 0 1 1 0
0.0005905033067051669 3 1 1 0 3 0 0 0 0 2 2 0
0.005301676232531554 3 1 1 0 3 0 0 3 0 1 1 0
0.0006968042330771618 3 1 1 0 3 0 0 3 0 1 1 3
0.005301676232531554 3 1 1 0 3 0 0 3 0 2 2 0
0.0006968042330771618 3 1 1 0 3 0 0 3 0 2 2 3
0.0005905033067051669 3 1 1 0 3 0 0 3 3 1 1 0
0.0005905033067051669 3 1 1 0 3 0 0 3 3 2 2 0
0.0006602439726726498 3 1 1 0 3 0 3 3 0 1 1 0
0.0006602439726726498 3 1 1 0 3 0 3 3 0 2 2 0
0.00031518802267122833 3 1 1 0 3 3 0 3 0 1 1 0
0.00031518802267122833 3 1 1 0 3 3 0 3 0 2 2 0
-0.005098083581397021 3 1 1 1 1 0 0 0 0 3 0 0
-0.005099101702502313 3 1 1 1 1 0 0 3 0 0 0 0
-0.04577178188173459 3 1 1 1 1 0 0 3 0 3 0 0
-0.005740448327170874 3 1 1 1 1 0 0 3 0 3 0 3
-0.005099101702502313 3 1 1 1 1 0 0 3 0 3 3 0
-0.005098083581397021 3 1 1 1 1 0 0 3 3 3 0 0
-0.00570018646564393 3 1 1 1 1 0 3 3 0 3 0 0
0.0017419161483866012 3 1 1 1 1 3 0 3 0 3 0 0
0.00026625626370782053 3 1 1 1 3 2 0 3 0 3 1 2
-0.00026625626370782053 3 1 1 1 3 2 0 3 0 3 2 1
0.0002674045275339018 3 1 1 1 3 2 1 2 0 3 3 0
-0.0002674045275339018 3 1 1 1 3 2 2 1 0 3 3 0
5.1473771829598735e-06 3 1 1 2 2 0 0 0 0 3 0 0
5.148405148324348e-06 3 1 1 2 2 0 0 3 0 0 0 0
4.62143513184408e-05 3 1 1 2 2 0 0 3 0 3 0 0
5.795952982619101e-06 3 1 1 2 2 0 0 3 0 3 0 3
5.148405148324348e-06 3 1 1 2 2 0 0 3 0 3 3 0
5.1473771829598735e-06 3 1 1 2 2 0 0 3 3 3 0 0
5.75530182732547e-06 3 1 1 2 2 0 3 3 0 3 0 0
2.7836332253946484e-06 3 1 1 2 2 3 0 3 0 3 0 0
1.073968763583855e-06 3 1 1 2 3 1 0 3 0 3 1 2
-1.073968763583855e-06 3 1 1 2 3 1 0 3 0 3 2 1
0.0005598311211868974 3 1 1 3 3 0 0 3 0 1 1 0
0.0005598311211868974 3 1 1 3 3 0 0 3 0 2 2 0
-0.005286455230325789 3 1 2 0 0 0 0 1 2 0 0 0
-0.0006629985077268169 3 1 2 0 0 0 0 1 2 0 0 3
-0.0005889255728519814 3 1 2 0 0 0 0 1 2 0 3 0
-0.0005889255728519814 3 1 2 0 0 0 0 1 2 3 0 0
0.005286455230325789 3 1 2 0 0 0 0 2 1 0 0 0
0.0006629985077268169 3 1 2 0 0 0 0 2 1 0 0 3
0.0005889255728519814 3 1 2 0 0 0 0 2 1 0 3 0
0.0005889255728519814 3 1 2 0 0 0 0 2 1 3 0 0
-0.0006902629475187976 3 1 2 0 0 0 3 1 2 0 0 0
0.0006902629475187976 3 1 2 0 0 0 3 2 1 0 0 0
-0.0003142831244130375 3 1 2 0 0 3 0 1 2 0 0 0
0.0003142831244130375 3 1 2 0 0 3 0 2 1 0 0 0
0.0002673302324714045 3 1 2 0 1 2 0 3 0 1 0 1
0.0002673302324714045 3 1 2 0 1 2 0 3 0 2 0 2
0.0002674045275339018 3 1 2 0 1 2 1 0 1 0 3 0
0.0002674045275339018 3 1 2 0 1 2 2 0 2 0 3 0
-0.0005582238576806586 3 1 2 0 3 0 0 1 2 0 0 0
0.0005582238576806586 3 1 2 0 3 0 0 2 1 0 0 0
-3.190565450304104e-05 3 1 2 0 3 3 1 2 0 1 3 1
-3.190565450304104e-05 3 1 2 0 3 3 1 2 0 2 3 2
3.190565450304104e-05 3 1 2 0 3 3 2 1 0 1 3 1
3.190565450304104e-05 3 1 2 0 3 3 2 1 0 2 3 2
-1.0742672355362153e-06 3 1 2 1 3 1 1 2 0 3 3 0
1.0742672355362153e-06 3 1 2 1 3 1 2 1 0 3 3 0
-0.005103230958579981 3 1 2 2 1 0 0 0 0 3 0 0
-0.005104250107650639 3 1 2 2 1 0 0 3 0 0 0 0
-0.04581799623305304 3 1 2 2 1 0 0 3 0 3 0 0
-0.005746244280153494 3 1 2 2 1 0 0 3 0 3 0 3
-0.005104250107650639 3 1 2 2 1 0 0 3 0 3 3 0
-0.005103230958579981 3 1 2 2 1 0 0 3 3 3 0 0
-0.005705941767471257 3 1 2 2 1 0 3 3 0 3 0 0
0.0017391325151612056 3 1 2 2 1 3 0 3 0 3 0 0
0.0002673302324714045 3 1 2 2 3 2 0 3 0 3 1 2
-0.0002673302324714045 3 1 2 2 3 2 0 3 0 3 2 1
0.0002663302602983655 3 1 2 2 3 2 1 2 0 3 3 0
-0.0002663302602983655 3 1 2 2 3 2 2 1 0 3 3 0
-0.0005582238576806586 3 1 2 3 0 0 0 1 2 0 0 0
0.0005582238576806586 3 1 2 3 0 0 0 2 1 0 0 0
-0.0005558084505649709 3 1 3 0 0 2 0 1 0 0 0 2
0.0005558084505649709 3 1 3 0 0 2 0 2 0 0 0 1
-0.0005423900967874898 3 1 3 0 0 2 1 0 0 0 2 0
0.0005423900967874898 3 1 3 0 0 2 2 0 0 0 1 0
-0.00568858688810219 3 1 3 0 1 0 0 0 1 1 0 0
-0.00568858688810219 3 1 3 0 1 0 0 0 2 2 0 0
-0.05107345811426616 3 1 3 0 1 0 0 3 1 1 0 0
-0.00640535577033909 3 1 3 0 1 0 0 3 1 1 0 3
-0.005689722936634466 3 1 3 0 1 0 0 3 1 1 3 0
-0.05107345811426616 3 1 3 0 1 0 0 3 2 2 0 0
-0.00640535577033909 3 1 3 0 1 0 0 3 2 2 0 3
-0.005689722936634466 3 1 3 0 1 0 0 3 2 2 3 0
-0.006360430438316582 3 1 3 0 1 0 3 3 1 1 0 0
-0.006360430438316582 3 1 3 0 1 0 3 3 2 2 0 0
0.001951313580722258 3 1 3 0 1 3 0 3 1 1 0 0
0.001951313580722258 3 1 3 0 1 3 0 3 2 2 0 0
-0.0052466081169539195 3 1 3 0 1 3 1 0 0 0 3 1
-0.0052466081169539195 3 1 3 0 1 3 2 0 0 0 3 2
-0.006490363349679017 3 1 3 0 2 0 0 1 0 0 2 0
0.006490363349679017 3 1 3 0 2 0 0 2 0 0 1 0
0.00029815305361676825 3 1 3 0 3 2 0 3 1 1 1 2
-0.00029815305361676825 3 1 3 0 3 2 0 3 1 1 2 1
0.00029815305361676825 3 1 3 0 3 2 0 3 2 2 1 2
-0.00029815305361676825 3 1 3 0 3 2 0 3 2 2 2 1
0.0002982359148014066 3 1 3 0 3 2 1 2 1 1 3 0
0.0002982359148014066 3 1 3 0 3 2 1 2 2 2 3 0
-0.0002982359148014066 3 1 3 0 3 2 2 1 1 1 3 0
-0.0002982359148014066 3 1 3 0 3 2 2 1 2 2 3 0
0.000258329191299065 3 1 3 1 1 2 0 3 1 3 0 2
-0.000258329191299065 3 1 3 1 1 2 0 3 2 3 0 1
-3.083138726750482e-05 3 1 3 1 3 3 1 2 1 3 3 2
3.083138726750482e-05 3 1 3 1 3 3 1 2 2 3 3 1
3.083138726750482e-05 3 1 3 1 3 3 2 1 1 3 3 2
-3.083138726750482e-05 3 1 3 1 3 3 2 1 2 3 3 1
-0.0005538718769274549 3 1 3 2 0 0 0 1 0 2 0 0
0.0005538718769274549 3 1 3 2 0 0 0 2 0 1 0 0
-0.0005549511113600482 3 1 3 2 0 0 0 3 1 3 2 0
0.0005549511113600482 3 1 3 2 0 0 0 3 2 3 1 0
-0.00025729138319329165 3 1 3 2 1 1 0 3 1 3 0 2
0.00025729138319329165 3 1 3 2 1 1 0 3 2 3 0 1
1.0378081057732618e-06 3 1 3 2 2 2 0 3 1 3 0 2
-1.0378081057732618e-06 3 1 3 2 2 2 0 3 2 3 0 1
-0.0005853559295222072 3 1 3 2 3 0 0 0 1 3 2 0
0.0005853559295222072 3 1 3 2 3 0 0 0 2 3 1 0
-0.0005854728289838263 3 1 3 2 3 0 0 3 1 0 2 0
-0.005255461881213114 3 1 3 2 3 0 0 3 1 3 2 0
-0.000689934311330959 3 1 3 2 3 0 0 3 1 3 2 3
0.0005854728289838263 3 1 3 2 3 0 0 3 2 0 1 0
0.005255461881213114 3 1 3 2 3 0 0 3 2 3 1 0
0.000689934311330959 3 1 3 2 3 0 0 3 2 3 1 3
-0.0006544886708453244 3 1 3 2 3 0 3 3 1 3 2 0
0.0006544886708453244 3 1 3 2 3 0 3 3 2 3 1 0
-0.0003124405501036443 3 1 3 2 3 3 0 3 1 3 2 0
0.0003124405501036443 3 1 3 2 3 3 0 3 2 3 1 0
-0.005393107776660426 3 1 3 3 1 0 0 3 1 1 0 0
-0.005393107776660426 3 1 3 3 1 0 0 3 2 2 0 0
0.005273837230018666 3 2 0 0 0 1 0 1 0 0 0 2
0.0008856729467201555 3 2 0 0 0 1 0 1 0 0 3 2
0.0005875198931033872 3 2 0 0 0 1 0 1 0 3 0 2
0.0005874025849111121 3 2 0 0 0 1 0 1 3 0 0 2
-0.005273837230018666 3 2 0 0 0 1 0 2 0 0 0 1
-0.0008856729467201555 3 2 0 0 0 1 0 2 0 0 3 1
-0.0005875198931033872 3 2 0 0 0 1 0 2 0 3 0 1
-0.0005874025849111121 3 2 0 0 0 1 0 2 3 0 0 1
0.005146516003352701 3 2 0 0 0 1 1 0 0 0 2 0
0.0009967612889867977 3 2 0 0 0 1 1 0 0 0 2 3
0.0005733359601873698 3 2 0 0 0 1 1 0 0 3 2 0
0.0005732214840549946 3 2 0 0 0 1 1 0 3 0 2 0
0.0008714573988564012 3 2 0 0 0 1 1 3 0 0 2 0
-0.005146516003352701 3 2 0 0 0 1 2 0 0 0 1 0
-0.0009967612889867977 3 2 0 0 0 1 2 0 0 0 1 3
-0.0005733359601873698 3 2 0 0 0 1 2 0 0 3 1 0
-0.0005732214840549946 3 2 0 0 0 1 2 0 3 0 1 0
-0.0008714573988564012 3 2 0 0 0 1 2 3 0 0 1 0
0.0010081878783207124 3 2 0 0 0 1 3 1 0 0 0 2
-0.0010081878783207124 3 2 0 0 0 1 3 2 0 0 0 1
0.061584381876692365 3 2 0 0 1 0 0 1 0 0 2 0
0.00775440157185564 3 2 0 0 1 0 0 1 0 0 2 3
0.006860668594602115 3 2 0 0 1 0 0 1 0 3 2 0
0.006859298747146601 3 2 0 0 1 0 0 1 3 0 2 0
-0.061584381876692365 3 2 0 0 1 0 0 2 0 0 1 0
-0.00775440157185564 3 2 0 0 1 0 0 2 0 0 1 3
-0.006860668594602115 3 2 0 0 1 0 0 2 0 3 1 0
-0.006859298747146601 3 2 0 0 1 0 0 2 3 0 1 0
0.007700346808972551 3 2 0 0 1 0 3 1 0 0 2 0
-0.007700346808972551 3 2 0 0 1 0 3 2 0 0 1 0
-0.0013264324805149705 3 2 0 0 1 3 0 1 0 0 2 0
0.0013264324805149705 3 2 0 0 1 3 0 2 0 0 1 0
-0.0053826195958241105 3 2 0 0 2 0 0 3 1 1 0 0
-0.0053826195958241105 3 2 0 0 2 0 0 3 2 2 0 0
0.0029173292445314647 3 2 0 0 2 0 1 0 0 0 3 1
0.0029173292445314647 3 2 0 0 2 0 2 0 0 0 3 2
-0.0055768818068220455 3 2 0 0 2 3 1 0 0 0 0 1
-0.049782901268204574 3 2 0 0 2 3 1 0 0 0 3 1
-0.005545951373885786 3 2 0 0 2 3 1 0 0 3 3 1
-0.005544844031755327 3 2 0 0 2 3 1 0 3 0 3 1
-0.005575675419022832 3 2 0 0 2 3 1 3 0 0 3 1
-0.0055768818068220455 3 2 0 0 2 3 2 0 0 0 0 2
-0.049782901268204574 3 2 0 0 2 3 2 0 0 0 3 2
-0.005545951373885786 3 2 0 0 2 3 2 0 0 3 3 2
-0.005544844031755327 3 2 0 0 2 3 2 0 3 0 3 2
-0.005575675419022832 3 2 0 0 2 3 2 3 0 0 3 2
0.0008162584578688627 3 2 0 0 3 1 0 1 0 0 0 2
-0.0008162584578688627 3 2 0 0 3 1 0 2 0 0 0 1
0.0008037194867034556 3 2 0 0 3 1 1 0 0 0 2 0
-0.0008037194867034556 3 2 0 0 3 1 2 0 0 0 1 0
0.005255461881213114 3 2 0 1 0 0 0 1 0 2 0 0
0.0006591114901855952 3 2 0 1 0 0 0 1 0 2 0 3
0.0005854728289838263 3 2 0 1 0 0 0 1 0 2 3 0
0.0005853559295222072 3 2 0 1 0 0 0 1 3 2 0 0
-0.005255461881213114 3 2 0 1 0 0 0 2 0 1 0 0
-0.0006591114901855952 3 2 0 1 0 0 0 2 0 1 0 3
-0.0005854728289838263 3 2 0 1 0 0 0 2 0 1 3 0
-0.0005853559295222072 3 2 0 1 0 0 0 2 3 1 0 0
0.000685427699810648 3 2 0 1 0 0 3 1 0 2 0 0
-0.000685427699810648 3 2 0 1 0 0 3 2 0 1 0 0
0.0003124405501036443 3 2 0 1 0 3 0 1 0 2 0 0
-0.0003124405501036443 3 2 0 1 0 3 0 2 0 1 0 0
0.0002592310966368396 3 2 0 1 2 1 1 0 0 1 3 0
0.0002592310966368396 3 2 0 1 2 1 2 0 0 2 3 0
0.0005549511113600482 3 2 0 1 3 0 0 1 0 2 0 0
-0.0005549511113600482 3 2 0 1 3 0 0 2 0 1 0 0
0.0005538718769274549 3 2 0 1 3 0 0 3 1 3 2 0
-0.0005538718769274549 3 2 0 1 3 0 0 3 2 3 1 0
-3.0930432936259275e-05 3 2 0 2 0 3 1 0 0 1 1 1
-3.0930432936259275e-05 3 2 0 2 0 3 1 0 0 1 2 2
-3.0930432936259275e-05 3 2 0 2 0 3 2 0 0 2 1 1
-3.0930432936259275e-05 3 2 0 2 0 3 2 0 0 2 2 2
-1.041431407752708e-06 3 2 0 2 1 1 1 0 0 1 3 0
-1.041431407752708e-06 3 2 0 2 1 1 2 0 0 2 3 0
0.0002581896652290868 3 2 0 2 2 2 1 0 0 1 3 0
0.0002581896652290868 3 2 0 2 2 2 2 0 0 2 3 0
0.0005568914584640246 3 2 0 3 0 1 0 1 0 0 0 2
-0.0005568914584640246 3 2 0 3 0 1 0 2 0 0 0 1
0.0005434469586588633 3 2 0 3 0 1 1 0 0 0 2 0
-0.0005434469586588633 3 2 0 3 0 1 2 0 0 0 1 0
0.00650300999938052 3 2 0 3 1 0 0 1 0 0 2 0
-0.00650300999938052 3 2 0 3 1 0 0 2 0 0 1 0
-0.00525683127572044 3 2 0 3 2 3 1 0 0 0 3 1
-0.00525683127572044 3 2 0 3 2 3 2 0 0 0 3 2
0.005286455230325789 3 2 1 0 0 0 0 1 2 0 0 0
0.0006629985077268169 3 2 1 0 0 0 0 1 2 0 0 3
0.0005889255728519814 3 2 1 0 0 0 0 1 2 0 3 0
0.0005889255728519814 3 2 1 0 0 0 0 1 2 3 0 0
-0.005286455230325789 3 2 1 0 0 0 0 2 1 0 0 0
-0.0006629985077268169 3 2 1 0 0 0 0 2 1 0 0 3
-0.0005889255728519814 3 2 1 0 0 0 0 2 1 0 3 0
-0.0005889255728519814 3 2 1 0 0 0 0 2 1 3 0 0
0.0006902629475187976 3 2 1 0 0 0 3 1 2 0 0 0
-0.0006902629475187976 3 2 1 0 0 0 3 2 1 0 0 0
0.0003142831244130375 3 2 1 0 0 3 0 1 2 0 0 0
-0.0003142831244130375 3 2 1 0 0 3 0 2 1 0 0 0
0.0002673302324714045 3 2 1 0 2 1 0 3 0 1 0 1
0.0002673302324714045 3 2 1 0 2 1 0 3 0 2 0 2
0.0002674045275339018 3 2 1 0 2 1 1 0 1 0 3 0
0.0002674045275339018 3 2 1 0 2 1 2 0 2 0 3 0
0.0005582238576806586 3 2 1 0 3 0 0 1 2 0 0 0
-0.0005582238576806586 3 2 1 0 3 0 0 2 1 0 0 0
3.190565450304104e-05 3 2 1 0 3 3 1 2 0 1 3 1
3.190565450304104e-05 3 2 1 0 3 3 1 2 0 2 3 2
-3.190565450304104e-05 3 2 1 0 3 3 2 1 0 1 3 1
-3.190565450304104e-05 3 2 1 0 3 3 2 1 0 2 3 2
-0.005103230958579981 3 2 1 1 2 0 0 0 0 3 0 0
-0.005104250107650639 3 2 1 1 2 0 0 3 0 0 0 0
-0.04581799623305304 3 2 1 1 2 0 0 3 0 3 0 0
-0.005746244280153494 3 2 1 1 2 0 0 3 0 3 0 3
-0.005104250107650639 3 2 1 1 2 0 0 3 0 3 3 0
-0.005103230958579981 3 2 1 1 2 0 0 3 3 3 0 0
-0.005705941767471257 3 2 1 1 2 0 3 3 0 3 0 0
0.0017391325151612056 3 2 1 1 2 3 0 3 0 3 0 0
-0.0002673302324714045 3 2 1 1 3 1 0 3 0 3 1 2
0.0002673302324714045 3 2 1 1 3 1 0 3 0 3 2 1
-0.0002663302602983655 3 2 1 1 3 1 1 2 0 3 3 0
0.0002663302602983655 3 2 1 1 3 1 2 1 0 3 3 0
1.0742672355362153e-06 3 2 1 2 3 2 1 2 0 3 3 0
-1.0742672355362153e-06 3 2 1 2 3 2 2 1 0 3 3 0
0.0005582238576806586 3 2 1 3 0 0 0 1 2 0 0 0
-0.0005582238576806586 3 2 1 3 0 0 0 2 1 0 0 0
0.0005598311211868974 3 2 2 0 0 0 0 3 0 1 1 0
0.0005598311211868974 3 2 2 0 0 0 0 3 0 2 2 0
-3.190565450304104e-05 3 2 2 0 0 3 1 0 1 0 1 1
-3.190565450304104e-05 3 2 2 0 0 3 1 0 1 0 2 2
-3.190565450304104e-05 3 2 2 0 0 3 2 0 2 0 1 1
-3.190565450304104e-05 3 2 2 0 0 3 2 0 2 0 2 2
-1.073968763583855e-06 3 2 2 0 1 1 0 3 0 1 0 1
-1.073968763583855e-06 3 2 2 0 1 1 0 3 0 2 0 2
-1.0742672355362153e-06 3 2 2 0 1 1 1 0 1 0 3 0
-1.0742672355362153e-06 3 2 2 0 1 1 2 0 2 0 3 0
0.00026625626370782053 3 2 2 0 2 2 0 3 0 1 0 1
0.00026625626370782053 3 2 2 0 2 2 0 3 0 2 0 2
0.0002663302602983655 3 2 2 0 2 2 1 0 1 0 3 0
0.0002663302602983655 3 2 2 0 2 2 2 0 2 0 3 0
0.0005905033067051669 3 2 2 0 3 0 0 0 0 1 1 0
0.0005905033067051669 3 2 2 0 3 0 0 0 0 2 2 0
0.005301676232531554 3 2 2 0 3 0 0 3 0 1 1 0
0.0006968042330771618 3 2 2 0 3 0 0 3 0 1 1 3
0.005301676232531554 3 2 2 0 3 0 0 3 0 2 2 0
0.0006968042330771618 3 2 2 0 3 0 0 3 0 2 2 3
0.0005905033067051669 3 2 2 0 3 0 0 3 3 1 1 0
0.0005905033067051669 3 2 2 0 3 0 0 3 3 2 2 0
0.0006602439726726498 3 2 2 0 3 0 3 3 0 1 1 0
0.0006602439726726498 3 2 2 0 3 0 3 3 0 2 2 0
0.00031518802267122833 3 2 2 0 3 3 0 3 0 1 1 0
0.00031518802267122833 3 2 2 0 3 3 0 3 0 2 2 0
5.1473771829598735e-06 3 2 2 1 1 0 0 0 0 3 0 0
5.148405148324348e-06 3 2 2 1 1 0 0 3 0 0 0 0
4.62143513184408e-05 3 2 2 1 1 0 0 3 0 3 0 0
5.795952982619101e-06 3 2 2 1 1 0 0 3 0 3 0 3
5.148405148324348e-06 3 2 2 1 1 0 0 3 0 3 3 0
5.1473771829598735e-06 3 2 2 1 1 0 0 3 3 3 0 0
5.75530182732547e-06 3 2 2 1 1 0 3 3 0 3 0 0
2.7836332253946484e-06 3 2 2 1 1 3 0 3 0 3 0 0
-1.073968763583855e-06 3 2 2 1 3 2 0 3 0 3 1 2
1.073968763583855e-06 3 2 2 1 3 2 0 3 0 3 2 1
-0.005098083581397021 3 2 2 2 2 0 0 0 0 3 0 0
-0.005099101702502313 3 2 2 2 2 0 0 3 0 0 0 0
-0.04577178188173459 3 2 2 2 2 0 0 3 0 3 0 0
-0.005740448327170874 3 2 2 2 2 0 0 3 0 3 0 3
-0.005099101702502313 3 2 2 2 2 0 0 3 0 3 3 0
-0.005098083581397021 3 2 2 2 2 0 0 3 3 3 0 0
-0.00570018646564393 3 2 2 2 2 0 3 3 0 3 0 0
0.0017419161483866012 3 2 2 2 2 3 0 3 0 3 0 0
-0.00026625626370782053 3 2 2 2 3 1 0 3 0 3 1 2
0.00026625626370782053 3 2 2 2 3 1 0 3 0 3 2 1
-0.0002674045275339018 3 2 2 2 3 1 1 2 0 3 3 0
0.0002674045275339018 3 2 2 2 3 1 2 1 0 3 3 0
0.0005598311211868974 3 2 2 3 3 0 0 3 0 1 1 0
0.0005598311211868974 3 2 2 3 3 0 0 3 0 2 2 0
0.0005558084505649709 3 2 3 0 0 1 0 1 0 0 0 2
-0.0005558084505649709 3 2 3 0 0 1 0 2 0 0 0 1
0.0005423900967874898 3 2 3 0 0 1 1 0 0 0 2 0
-0.0005423900967874898 3 2 3 0 0 1 2 0 0 0 1 0
0.006490363349679017 3 2 3 0 1 0 0 1 0 0 2 0
-0.006490363349679017 3 2 3 0 1 0 0 2 0 0 1 0
-0.00568858688810219 3 2 3 0 2 0 0 0 1 1 0 0
-0.00568858688810219 3 2 3 0 2 0 0 0 2 2 0 0
-0.05107345811426616 3 2 3 0 2 0 0 3 1 1 0 0
-0.00640535577033909 3 2 3 0 2 0 0 3 1 1 0 3
-0.005689722936634466 3 2 3 0 2 0 0 3 1 1 3 0
-0.05107345811426616 3 2 3 0 2 0 0 3 2 2 0 0
-0.00640535577033909 3 2 3 0 2 0 0 3 2 2 0 3
-0.005689722936634466 3 2 3 0 2 0 0 3 2 2 3 0
-0.006360430438316582 3 2 3 0 2 0 3 3 1 1 0 0
-0.006360430438316582 3 2 3 0 2 0 3 3 2 2 0 0
0.001951313580722258 3 2 3 0 2 3 0 3 1 1 0 0
0.001951313580722258 3 2 3 0 2 3 0 3 2 2 0 0
-0.0052466081169539195 3 2 3 0 2 3 1 0 0 0 3 1
-0.0052466081169539195 3 2 3 0 2 3 2 0 0 0 3 2
-0.00029815305361676825 3 2 3 0 3 1 0 3 1 1 1 2
0.00029815305361676825 3 2 3 0 3 1 0 3 1 1 2 1
-0.00029815305361676825 3 2 3 0 3 1 0 3 2 2 1 2
0.00029815305361676825 3 2 3 0 3 1 0 3 2 2 2 1
-0.0002982359148014066 3 2 3 0 3 1 1 2 1 1 3 0
-0.0002982359148014066 3 2 3 0 3 1 1 2 2 2 3 0
0.0002982359148014066 3 2 3 0 3 1 2 1 1 1 3 0
0.0002982359148014066 3 2 3 0 3 1 2 1 2 2 3 0
0.0005538718769274549 3 2 3 1 0 0 0 1 0 2 0 0
-0.0005538718769274549 3 2 3 1 0 0 0 2 0 1 0 0
0.0005549511113600482 3 2 3 1 0 0 0 3 1 3 2 0
-0.0005549511113600482 3 2 3 1 0 0 0 3 2 3 1 0
-1.0378081057732618e-06 3 2 3 1 1 1 0 3 1 3 0 2
1.0378081057732618e-06 3 2 3 1 1 1 0 3 2 3 0 1
0.00025729138319329165 3 2 3 1 2 2 0 3 1 3 0 2
-0.00025729138319329165 3 2 3 1 2 2 0 3 2 3 0 1
0.0005853559295222072 3 2 3 1 3 0 0 0 1 3 2 0
-0.0005853559295222072 3 2 3 1 3 0 0 0 2 3 1 0
0.0005854728289838263 3 2 3 1 3 0 0 3 1 0 2 0
0.005255461881213114 3 2 3 1 3 0 0 3 1 3 2 0
0.000689934311330959 3 2 3 1 3 0 0 3 1 3 2 3
-0.0005854728289838263 3 2 3 1 3 0 0 3 2 0 1 0
-0.005255461881213114 3 2 3 1 3 0 0 3 2 3 1 0
-0.000689934311330959 3 2 3 1 3 0 0 3 2 3 1 3
0.0006544886708453244 3 2 3 1 3 0 3 3 1 3 2 0
-0.0006544886708453244 3 2 3 1 3 0 3 3 2 3 1 0
0.0003124405501036443 3 2 3 1 3 3 0 3 1 3 2 0
-0.0003124405501036443 3 2 3 1 3 3 0 3 2 3 1 0
-0.000258329191299065 3 2 3 2 2 1 0 3 1 3 0 2
0.000258329191299065 3 2 3 2 2 1 0 3 2 3 0 1
-3.083138726750482e-05 3 2 3 2 3 3 1 2 1 3 3 2
3.083138726750482e-05 3 2 3 2 3 3 1 2 2 3 3 1
3.083138726750482e-05 3 2 3 2 3 3 2 1 1 3 3 2
-3.083138726750482e-05 3 2 3 2 3 3 2 1 2 3 3 1
-0.005393107776660426 3 2 3 3 2 0 0 3 1 1 0 0
-0.005393107776660426 3 2 3 3 2 0 0 3 2 2 0 0
-713.8233285775898 3 3 0 0 0 0 0 0 0 0 0 0
0.3011749350510283 3 3 0 0 0 0 0 0 0 0 0 3
0.29762609033829124 3 3 0 0 0 0 0 0 0 0 3 0
0.0348554975995949 3 3 0 0 0 0 0 0 0 0 3 3
0.2870227378732282 3 3 0 0 0 0 0 0 0 3 0 0
0.03346188913344057 3 3 0 0 0 0 0 0 0 3 0 3
0.03291737777236507 3 3 0 0 0 0 0 0 0 3 3 0
0.2872110964333024 3 3 0 0 0 0 0 0 3 0 0 0
0.03347179765770425 3 3 0 0 0 0 0 0 3 0 0 3
0.03290977860475086 3 3 0 0 0 0 0 0 3 0 3 0
0.026909765311417908 3 3 0 0 0 0 0 0 3 3 0 0
0.297784006893954 3 3 0 0 0 0 0 3 0 0 0 0
0.034797794673157884 3 3 0 0 0 0 0 3 0 0 0 3
0.029268623070532206 3 3 0 0 0 0 0 3 0 0 3 0
0.03290662313704449 3 3 0 0 0 0 0 3 0 3 0 0
0.03288936507771384 3 3 0 0 0 0 0 3 3 0 0 0
0.003924751316307236 3 3 0 0 0 0 1 1 0 0 1 1
1.0660782788973007e-05 3 3 0 0 0 0 1 1 0 0 2 2
0.003914090533518263 3 3 0 0 0 0 1 2 0 0 2 1
0.003914090533518263 3 3 0 0 0 0 2 1 0 0 1 2
1.0660782788973007e-05 3 3 0 0 0 0 2 2 0 0 1 1
0.003924751316307236 3 3 0 0 0 0 2 2 0 0 2 2
0.30127453800793497 3 3 0 0 0 0 3 0 0 0 0 0
0.030457251445921058 3 3 0 0 0 0 3 0 0 0 0 3
0.03450363083872246 3 3 0 0 0 0 3 0 0 0 3 0
0.03318314289337716 3 3 0 0 0 0 3 0 0 3 0 0
0.03315504761605256 3 3 0 0 0 0 3 0 3 0 0 0
0.034535573511090156 3 3 0 0 0 0 3 3 0 0 0 0
0.23842562242523155 3 3 0 0 0 3 0 0 0 0 0 0
0.029723623753311116 3 3 0 0 0 3 0 0 0 0 0 3
0.02759102817683143 3 3 0 0 0 3 0 0 0 0 3 0
0.026960652131488978 3 3 0 0 0 3 0 0 0 3 0 0
0.026953603142032913 3 3 0 0 0 3 0 0 3 0 0 0
0.027582169390858988 3 3 0 0 0 3 0 3 0 0 0 0
-0.044457063670542946 3 3 0 0 0 3 1 1 0 0 1 1
0.0001793215943089167 3 3 0 0 0 3 1 1 0 0 2 2
-0.004952638497588866 3 3 0 0 0 3 1 1 0 3 1 1
1.997691610954986e-05 3 3 0 0 0 3 1 1 0 3 2 2
-0.004951649620316854 3 3 0 0 0 3 1 1 3 0 1 1
1.997292738347683e-05 3 3 0 0 0 3 1 1 3 0 2 2
-0.04463638526485188 3 3 0 0 0 3 1 2 0 0 2 1
-0.004972615413698417 3 3 0 0 0 3 1 2 0 3 2 1
-0.004971622547700332 3 3 0 0 0 3 1 2 3 0 2 1
-0.04463638526485188 3 3 0 0 0 3 2 1 0 0 1 2
-0.004972615413698417 3 3 0 0 0 3 2 1 0 3 1 2
-0.004971622547700332 3 3 0 0 0 3 2 1 3 0 1 2
0.0001793215943089167 3 3 0 0 0 3 2 2 0 0 1 1
-0.044457063670542946 3 3 0 0 0 3 2 2 0 0 2 2
1.997691610954986e-05 3 3 0 0 0 3 2 2 0 3 1 1
-0.004952638497588866 3 3 0 0 0 3 2 2 0 3 2 2
1.997292738347683e-05 3 3 0 0 0 3 2 2 3 0 1 1
-0.004951649620316854 3 3 0 0 0 3 2 2 3 0 2 2
0.029449063567600343 3 3 0 0 0 3 3 0 0 0 0 0
0.0008824329744622659 3 3 0 0 1 1 1 1 0 0 0 0
0.005325837597661619 3 3 0 0 1 1 1 1 0 0 3 0
0.0010074220717757709 3 3 0 0 1 1 1 1 0 0 3 3
0.0005933128762969198 3 3 0 0 1 1 1 1 0 3 3 0
0.0005931944114384716 3 3 0 0 1 1 1 1 3 0 3 0
0.0008824329744622659 3 3 0 0 1 1 2 2 0 0 0 0
0.005325837597661619 3 3 0 0 1 1 2 2 0 0 3 0
0.0010074220717757709 3 3 0 0 1 1 2 2 0 0 3 3
0.0005933128762969198 3 3 0 0 1 1 2 2 0 3 3 0
0.0005931944114384716 3 3 0 0 1 1 2 2 3 0 3 0
-0.0008415861088317332 3 3 0 0 1 2 0 0 0 0 1 2
0.0008415861088317332 3 3 0 0 1 2 0 0 0 0 2 1
0.0008415861088317332 3 3 0 0 2 1 0 0 0 0 1 2
-0.0008415861088317332 3 3 0 0 2 1 0 0 0 0 2 1
0.0008824329744622659 3 3 0 0 2 2 1 1 0 0 0 0
0.005325837597661619 3 3 0 0 2 2 1 1 0 0 3 0
0.0010074220717757709 3 3 0 0 2 2 1 1 0 0 3 3
0.0005933128762969198 3 3 0 0 2 2 1 1 0 3 3 0
0.0005931944114384716 3 3 0 0 2 2 1 1 3 0 3 0
0.0008824329744622659 3 3 0 0 2 2 2 2 0 0 0 0
0.005325837597661619 3 3 0 0 2 2 2 2 0 0 3 0
0.0010074220717757709 3 3 0 0 2 2 2 2 0 0 3 3
0.0005933128762969198 3 3 0 0 2 2 2 2 0 3 3 0
0.0005931944114384716 3 3 0 0 2 2 2 2 3 0 3 0
0.23098143363756068 3 3 0 0 3 0 0 0 0 0 0 0
0.027063288500698172 3 3 0 0 3 0 0 0 0 0 0 3
0.028286059518159358 3 3 0 0 3 0 0 0 0 0 3 0
0.02604566829448436 3 3 0 0 3 0 0 0 0 3 0 0
0.026033256317274364 3 3 0 0 3 0 0 0 3 0 0 0
0.028267188825464626 3 3 0 0 3 0 0 3 0 0 0 0
0.026803284029749908 3 3 0 0 3 0 3 0 0 0 0 0
0.027265895401493146 3 3 0 0 3 3 0 0 0 0 0 0
-0.004694448832359779 3 3 0 0 3 3 1 1 0 0 1 1
7.871348775881027e-05 3 3 0 0 3 3 1 1 0 0 2 2
-0.0047731623201185906 3 3 0 0 3 3 1 2 0 0 2 1
-0.004749130669024571 3 3 0 0 3 3 1 3 1 1 3 1
-4.491264885814146e-05 3 3 0 0 3 3 1 3 1 2 3 2
-0.004704218020166431 3 3 0 0 3 3 1 3 2 2 3 1
-0.0047731623201185906 3 3 0 0 3 3 2 1 0 0 1 2
7.871348775881027e-05 3 3 0 0 3 3 2 2 0 0 1 1
-0.004694448832359779 3 3 0 0 3 3 2 2 0 0 2 2
-0.004704218020166431 3 3 0 0 3 3 2 3 1 1 3 2
-4.491264885814146e-05 3 3 0 0 3 3 2 3 2 1 3 1
-0.004749130669024571 3 3 0 0 3 3 2 3 2 2 3 2
0.0002891200981653461 3 3 0 1 0 1 1 1 0 1 1 0
0.0002891200981653461 3 3 0 1 0 1 1 2 0 1 2 0
0.0002891200981653461 3 3 0 1 0 1 2 1 0 2 1 0
0.0002891200981653461 3 3 0 1 0 1 2 2 0 2 2 0
-0.0005764038138874965 3 3 0 1 0 2 0 0 0 1 0 2
0.0005764038138874965 3 3 0 1 0 2 0 0 0 2 0 1
-0.0005603644906506019 3 3 0 1 2 0 0 0 0 1 2 0
0.0005603644906506019 3 3 0 1 2 0 0 0 0 2 1 0
2.988900152850656e-05 3 3 0 1 2 3 1 1 0 1 3 2
-2.988900152850656e-05 3 3 0 1 2 3 1 2 0 1 3 1
2.988900152850656e-05 3 3 0 1 2 3 2 1 0 2 3 2
-2.988900152850656e-05 3 3 0 1 2 3 2 2 0 2 3 1
0.0008265447499982599 3 3 0 1 3 1 1 3 1 3 3 0
0.0008265447499982599 3 3 0 1 3 1 2 3 2 3 3 0
0.0005764038138874965 3 3 0 2 0 1 0 0 0 1 0 2
-0.0005764038138874965 3 3 0 2 0 1 0 0 0 2 0 1
0.0002891200981653461 3 3 0 2 0 2 1 1 0 1 1 0
0.0002891200981653461 3 3 0 2 0 2 1 2 0 1 2 0
0.0002891200981653461 3 3 0 2 0 2 2 1 0 2 1 0
0.0002891200981653461 3 3 0 2 0 2 2 2 0 2 2 0
0.0005603644906506019 3 3 0 2 1 0 0 0 0 1 2 0
-0.0005603644906506019 3 3 0 2 1 0 0 0 0 2 1 0
-2.988900152850656e-05 3 3 0 2 1 3 1 1 0 1 3 2
2.988900152850656e-05 3 3 0 2 1 3 1 2 0 1 3 1
-2.988900152850656e-05 3 3 0 2 1 3 2 1 0 2 3 2
2.988900152850656e-05 3 3 0 2 1 3 2 2 0 2 3 1
0.0008265447499982599 3 3 0 2 3 2 1 3 1 3 3 0
0.0008265447499982599 3 3 0 2 3 2 2 3 2 3 3 0
0.27670700116797686 3 3 0 3 0 0 0 0 0 0 0 0
0.032797940874886425 3 3 0 3 0 0 0 0 0 0 0 3
0.032259283834212144 3 3 0 3 0 0 0 0 0 0 3 0
0.03226035057313956 3 3 0 3 0 0 0 0 0 3 0 0
0.03224367731431737 3 3 0 3 0 0 0 0 3 0 0 0
0.032242640236849744 3 3 0 3 0 0 0 3 0 0 0 0
0.03249771519356651 3 3 0 3 0 0 3 0 0 0 0 0
0.025521195619881146 3 3 0 3 0 3 0 0 0 0 0 0
-0.004694448832359779 3 3 0 3 0 3 1 1 0 0 1 1
1.8935484701797153e-05 3 3 0 3 0 3 1 1 0 0 2 2
-0.004713384317061578 3 3 0 3 0 3 1 2 0 0 2 1
-0.004713384317061578 3 3 0 3 0 3 2 1 0 0 1 2
1.8935484701797153e-05 3 3 0 3 0 3 2 2 0 0 1 1
-0.004694448832359779 3 3 0 3 0 3 2 2 0 0 2 2
0.0005623824433606605 3 3 0 3 1 1 1 1 0 0 3 0
0.0005623824433606605 3 3 0 3 1 1 2 2 0 0 3 0
0.0005623824433606605 3 3 0 3 2 2 1 1 0 0 3 0
0.0005623824433606605 3 3 0 3 2 2 2 2 0 0 3 0
0.024655025687875604 3 3 0 3 3 0 0 0 0 0 0 0
0.0002982359148014066 3 3 1 0 0 1 1 1 1 0 1 0
0.0002982359148014066 3 3 1 0 0 1 1 2 1 0 2 0
0.0002982359148014066 3 3 1 0 0 1 2 1 2 0 1 0
0.0002982359148014066 3 3 1 0 0 1 2 2 2 0 2 0
-0.0005558084505649709 3 3 1 0 0 2 0 0 1 0 0 2
0.0005558084505649709 3 3 1 0 0 2 0 0 2 0 0 1
-0.0005434469586588633 3 3 1 0 0 2 1 3 0 2 3 0
0.0005434469586588633 3 3 1 0 0 2 2 3 0 1 3 0
-0.0005538718769274549 3 3 1 0 2 0 0 0 1 0 2 0
0.0005538718769274549 3 3 1 0 2 0 0 0 2 0 1 0
-0.0005538718769274549 3 3 1 0 2 0 0 1 0 2 0 0
0.0005538718769274549 3 3 1 0 2 0 0 2 0 1 0 0
3.083138726750482e-05 3 3 1 0 2 3 1 1 1 0 3 2
-3.083138726750482e-05 3 3 1 0 2 3 1 2 1 0 3 1
3.0930432936259275e-05 3 3 1 0 2 3 1 3 0 1 2 1
3.0930432936259275e-05 3 3 1 0 2 3 1 3 0 2 2 2
3.083138726750482e-05 3 3 1 0 2 3 2 1 2 0 3 2
-3.083138726750482e-05 3 3 1 0 2 3 2 2 2 0 3 1
-3.0930432936259275e-05 3 3 1 0 2 3 2 3 0 1 1 1
-3.0930432936259275e-05 3 3 1 0 2 3 2 3 0 2 1 2
-0.0005732214840549946 3 3 1 0 3 2 1 0 0 2 3 0
-0.0005733359601873698 3 3 1 0 3 2 1 3 0 2 0 0
-0.005146516003352701 3 3 1 0 3 2 1 3 0 2 3 0
-0.0009967612889867977 3 3 1 0 3 2 1 3 0 2 3 3
-0.0008714573988564012 3 3 1 0 3 2 1 3 3 2 3 0
0.0005732214840549946 3 3 1 0 3 2 2 0 0 1 3 0
0.0005733359601873698 3 3 1 0 3 2 2 3 0 1 0 0
0.005146516003352701 3 3 1 0 3 2 2 3 0 1 3 0
0.0009967612889867977 3 3 1 0 3 2 2 3 0 1 3 3
0.0008714573988564012 3 3 1 0 3 2 2 3 3 1 3 0
-0.00525683127572044 3 3 1 1 0 3 1 3 0 3 3 1
-0.00525683127572044 3 3 1 1 0 3 2 3 0 3 3 2
0.0002592310966368396 3 3 1 1 1 2 1 3 0 3 2 0
-0.0002592310966368396 3 3 1 1 1 2 2 3 0 3 1 0
-0.0002581896652290868 3 3 1 1 2 1 1 3 0 3 2 0
0.0002581896652290868 3 3 1 1 2 1 2 3 0 3 1 0
-0.0053826195958241105 3 3 1 1 3 0 0 1 0 3 1 0
-0.0053826195958241105 3 3 1 1 3 0 0 2 0 3 2 0
0.0029173292445314647 3 3 1 1 3 0 1 3 0 3 3 1
0.0029173292445314647 3 3 1 1 3 0 2 3 0 3 3 2
-0.005544844031755327 3 3 1 1 3 3 1 0 0 3 3 1
-0.0055768818068220455 3 3 1 1 3 3 1 3 0 0 3 1
-0.005545951373885786 3 3 1 1 3 3 1 3 0 3 0 1
-0.049782901268204574 3 3 1 1 3 3 1 3 0 3 3 1
-0.005575675419022832 3 3 1 1 3 3 1 3 3 3 3 1
-0.005544844031755327 3 3 1 1 3 3 2 0 0 3 3 2
-0.0055768818068220455 3 3 1 1 3 3 2 3 0 0 3 2
-0.005545951373885786 3 3 1 1 3 3 2 3 0 3 0 2
-0.049782901268204574 3 3 1 1 3 3 2 3 0 3 3 2
-0.005575675419022832 3 3 1 1 3 3 2 3 3 3 3 2
-0.006490363349679017 3 3 1 2 0 0 0 0 1 2 0 0
0.006490363349679017 3 3 1 2 0 0 0 0 2 1 0 0
1.041431407752708e-06 3 3 1 2 2 2 1 3 0 3 2 0
-1.041431407752708e-06 3 3 1 2 2 2 2 3 0 3 1 0
-0.0008037194867034556 3 3 1 3 3 2 1 3 0 2 3 0
0.0008037194867034556 3 3 1 3 3 2 2 3 0 1 3 0
0.0005558084505649709 3 3 2 0 0 1 0 0 1 0 0 2
-0.0005558084505649709 3 3 2 0 0 1 0 0 2 0 0 1
0.0005434469586588633 3 3 2 0 0 1 1 3 0 2 3 0
-0.0005434469586588633 3 3 2 0 0 1 2 3 0 1 3 0
0.0002982359148014066 3 3 2 0 0 2 1 1 1 0 1 0
0.0002982359148014066 3 3 2 0 0 2 1 2 1 0 2 0
0.0002982359148014066 3 3 2 0 0 2 2 1 2 0 1 0
0.0002982359148014066 3 3 2 0 0 2 2 2 2 0 2 0
0.0005538718769274549 3 3 2 0 1 0 0 0 1 0 2 0
-0.0005538718769274549 3 3 2 0 1 0 0 0 2 0 1 0
0.0005538718769274549 3 3 2 0 1 0 0 1 0 2 0 0
-0.0005538718769274549 3 3 2 0 1 0 0 2 0 1 0 0
-3.083138726750482e-05 3 3 2 0 1 3 1 1 1 0 3 2
3.083138726750482e-05 3 3 2 0 1 3 1 2 1 0 3 1
-3.0930432936259275e-05 3 3 2 0 1 3 1 3 0 1 2 1
-3.0930432936259275e-05 3 3 2 0 1 3 1 3 0 2 2 2
-3.083138726750482e-05 3 3 2 0 1 3 2 1 2 0 3 2
3.083138726750482e-05 3 3 2 0 1 3 2 2 2 0 3 1
3.0930432936259275e-05 3 3 2 0 1 3 2 3 0 1 1 1
3.0930432936259275e-05 3 3 2 0 1 3 2 3 0 2 1 2
0.0005732214840549946 3 3 2 0 3 1 1 0 0 2 3 0
0.0005733359601873698 3 3 2 0 3 1 1 3 0 2 0 0
0.005146516003352701 3 3 2 0 3 1 1 3 0 2 3 0
0.0009967612889867977 3 3 2 0 3 1 1 3 0 2 3 3
0.0008714573988564012 3 3 2 0 3 1 1 3 3 2 3 0
-0.0005732214840549946 3 3 2 0 3 1 2 0 0 1 3 0
-0.0005733359601873698 3 3 2 0 3 1 2 3 0 1 0 0
-0.005146516003352701 3 3 2 0 3 1 2 3 0 1 3 0
-0.0009967612889867977 3 3 2 0 3 1 2 3 0 1 3 3
-0.0008714573988564012 3 3 2 0 3 1 2 3 3 1 3 0
0.006490363349679017 3 3 2 1 0 0 0 0 1 2 0 0
-0.006490363349679017 3 3 2 1 0 0 0 0 2 1 0 0
-1.041431407752708e-06 3 3 2 1 1 1 1 3 0 3 2 0
1.041431407752708e-06 3 3 2 1 1 1 2 3 0 3 1 0
-0.00525683127572044 3 3 2 2 0 3 1 3 0 3 3 1
-0.00525683127572044 3 3 2 2 0 3 2 3 0 3 3 2
0.0002581896652290868 3 3 2 2 1 2 1 3 0 3 2 0
-0.0002581896652290868 3 3 2 2 1 2 2 3 0 3 1 0
-0.0002592310966368396 3 3 2 2 2 1 1 3 0 3 2 0
0.0002592310966368396 3 3 2 2 2 1 2 3 0 3 1 0
-0.0053826195958241105 3 3 2 2 3 0 0 1 0 3 1 0
-0.0053826195958241105 3 3 2 2 3 0 0 2 0 3 2 0
0.0029173292445314647 3 3 2 2 3 0 1 3 0 3 3 1
0.0029173292445314647 3 3 2 2 3 0 2 3 0 3 3 2
-0.005544844031755327 3 3 2 2 3 3 1 0 0 3 3 1
-0.0055768818068220455 3 3 2 2 3 3 1 3 0 0 3 1
-0.005545951373885786 3 3 2 2 3 3 1 3 0 3 0 1
-0.049782901268204574 3 3 2 2 3 3 1 3 0 3 3 1
-0.005575675419022832 3 3 2 2 3 3 1 3 3 3 3 1
-0.005544844031755327 3 3 2 2 3 3 2 0 0 3 3 2
-0.0055768818068220455 3 3 2 2 3 3 2 3 0 0 3 2
-0.005545951373885786 3 3 2 2 3 3 2 3 0 3 0 2
-0.049782901268204574 3 3 2 2 3 3 2 3 0 3 3 2
-0.005575675419022832 3 3 2 2 3 3 2 3 3 3 3 2
0.0008037194867034556 3 3 2 3 3 1 1 3 0 2 3 0
-0.0008037194867034556 3 3 2 3 3 1 2 3 0 1 3 0
0.2767048183650967 3 3 3 0 0 0 0 0 0 0 0 0
0.03276504078429949 3 3 3 0 0 0 0 0 0 0 0 3
0.03222178157968294 3 3 3 0 0 0 0 0 0 0 3 0
0.03222178157968294 3 3 3 0 0 0 0 0 0 3 0 0
0.03220525412247407 3 3 3 0 0 0 0 0 3 0 0 0
0.03220525412247407 3 3 3 0 0 0 0 3 0 0 0 0
0.03246478466853377 3 3 3 0 0 0 3 0 0 0 0 0
0.025515538885158125 3 3 3 0 0 3 0 0 0 0 0 0
-0.004685319360018488 3 3 3 0 0 3 1 1 0 0 1 1
1.8898660147940616e-05 3 3 3 0 0 3 1 1 0 0 2 2
-0.004704218020166431 3 3 3 0 0 3 1 2 0 0 2 1
-0.004694448832359779 3 3 3 0 0 3 1 3 1 1 3 1
1.8935484701797153e-05 3 3 3 0 0 3 1 3 1 2 3 2
-0.004713384317061578 3 3 3 0 0 3 1 3 2 2 3 1
-0.004704218020166431 3 3 3 0 0 3 2 1 0 0 1 2
1.8898660147940616e-05 3 3 3 0 0 3 2 2 0 0 1 1
-0.004685319360018488 3 3 3 0 0 3 2 2 0 0 2 2
-0.004713384317061578 3 3 3 0 0 3 2 3 1 1 3 2
1.8935484701797153e-05 3 3 3 0 0 3 2 3 2 1 3 1
-0.004694448832359779 3 3 3 0 0 3 2 3 2 2 3 2
0.0005612887569354305 3 3 3 0 1 1 1 1 0 0 3 0
0.0005612887569354305 3 3 3 0 1 1 2 2 0 0 3 0
0.0002891200981653461 3 3 3 0 1 2 1 3 1 1 2 0
0.0002891200981653461 3 3 3 0 1 2 1 3 2 2 2 0
-0.0002891200981653461 3 3 3 0 1 2 2 3 1 1 1 0
-0.0002891200981653461 3 3 3 0 1 2 2 3 2 2 1 0
-0.0002891200981653461 3 3 3 0 2 1 1 3 1 1 2 0
-0.0002891200981653461 3 3 3 0 2 1 1 3 2 2 2 0
0.0002891200981653461 3 3 3 0 2 1 2 3 1 1 1 0
0.0002891200981653461 3 3 3 0 2 1 2 3 2 2 1 0
0.0005612887569354305 3 3 3 0 2 2 1 1 0 0 3 0
0.0005612887569354305 3 3 3 0 2 2 2 2 0 0 3 0
0.024637152650990438 3 3 3 0 3 0 0 0 0 0 0 0
-0.004823877199409635 3 3 3 0 3 0 0 1 1 1 1 0
4.870519487018162e-06 3 3 3 0 3 0 0 1 1 2 2 0
-0.004828747718896654 3 3 3 0 3 0 0 1 2 2 1 0
-0.004828747718896654 3 3 3 0 3 0 0 2 1 1 2 0
4.870519487018162e-06 3 3 3 0 3 0 0 2 2 1 1 0
-0.004823877199409635 3 3 3 0 3 0 0 2 2 2 2 0
0.003924751316307236 3 3 3 0 3 0 1 3 1 1 3 1
1.0660782788973007e-05 3 3 3 0 3 0 1 3 1 2 3 2
0.003914090533518263 3 3 3 0 3 0 1 3 2 2 3 1
0.003914090533518263 3 3 3 0 3 0 2 3 1 1 3 2
1.0660782788973007e-05 3 3 3 0 3 0 2 3 2 1 3 1
0.003924751316307236 3 3 3 0 3 0 2 3 2 2 3 2
-0.004951649620316854 3 3 3 0 3 3 1 0 1 1 3 1
1.997292738347683e-05 3 3 3 0 3 3 1 0 1 2 3 2
-0.004971622547700332 3 3 3 0 3 3 1 0 2 2 3 1
-0.004952638497588866 3 3 3 0 3 3 1 3 1 1 0 1
-0.044457063670542946 3 3 3 0 3 3 1 3 1 1 3 1
1.997691610954986e-05 3 3 3 0 3 3 1 3 1 2 0 2
0.0001793215943089167 3 3 3 0 3 3 1 3 1 2 3 2
-0.004972615413698417 3 3 3 0 3 3 1 3 2 2 0 1
-0.04463638526485188 3 3 3 0 3 3 1 3 2 2 3 1
-0.004971622547700332 3 3 3 0 3 3 2 0 1 1 3 2
1.997292738347683e-05 3 3 3 0 3 3 2 0 2 1 3 1
-0.004951649620316854 3 3 3 0 3 3 2 0 2 2 3 2
-0.004972615413698417 3 3 3 0 3 3 2 3 1 1 0 2
-0.04463638526485188 3 3 3 0 3 3 2 3 1 1 3 2
1.997691610954986e-05 3 3 3 0 3 3 2 3 2 1 0 1
0.0001793215943089167 3 3 3 0 3 3 2 3 2 1 3 1
-0.004952638497588866 3 3 3 0 3 3 2 3 2 2 0 2
-0.044457063670542946 3 3 3 0 3 3 2 3 2 2 3 2
0.0005623824433606605 3 3 3 1 0 1 1 3 1 3 3 0
0.0005623824433606605 3 3 3 1 0 1 2 3 2 3 3 0
0.000558742396414473 3 3 3 1 1 0 0 1 1 3 0 0
0.000558742396414473 3 3 3 1 1 0 0 2 2 3 0 0
-2.988900152850656e-05 3 3 3 1 1 3 1 3 1 3 2 2
2.988900152850656e-05 3 3 3 1 1 3 1 3 2 3 2 1
2.988900152850656e-05 3 3 3 1 1 3 2 3 1 3 1 2
-2.988900152850656e-05 3 3 3 1 1 3 2 3 2 3 1 1
0.0005931944114384716 3 3 3 1 3 1 1 0 1 3 3 0
0.0008824329744622659 3 3 3 1 3 1 1 3 1 0 3 0
0.0005933128762969198 3 3 3 1 3 1 1 3 1 3 0 0
0.005325837597661619 3 3 3 1 3 1 1 3 1 3 3 0
0.0010074220717757709 3 3 3 1 3 1 1 3 1 3 3 3
0.0005931944114384716 3 3 3 1 3 1 2 0 2 3 3 0
0.0008824329744622659 3 3 3 1 3 1 2 3 2 0 3 0
0.0005933128762969198 3 3 3 1 3 1 2 3 2 3 0 0
0.005325837597661619 3 3 3 1 3 1 2 3 2 3 3 0
0.0010074220717757709 3 3 3 1 3 1 2 3 2 3 3 3
0.0005623824433606605 3 3 3 2 0 2 1 3 1 3 3 0
0.0005623824433606605 3 3 3 2 0 2 2 3 2 3 3 0
0.000558742396414473 3 3 3 2 2 0 0 1 1 3 0 0
0.000558742396414473 3 3 3 2 2 0 0 2 2 3 0 0
-2.988900152850656e-05 3 3 3 2 2 3 1 3 1 3 2 2
2.988900152850656e-05 3 3 3 2 2 3 1 3 2 3 2 1
2.988900152850656e-05 3 3 3 2 2 3 2 3 1 3 1 2
-2.988900152850656e-05 3 3 3 2 2 3 2 3 2 3 1 1
0.0005931944114384716 3 3 3 2 3 2 1 0 1 3 3 0
0.0008824329744622659 3 3 3 2 3 2 1 3 1 0 3 0
0.0005933128762969198 3 3 3 2 3 2 1 3 1 3 0 0
0.005325837597661619 3 3 3 2 3 2 1 3 1 3 3 0
0.0010074220717757709 3 3 3 2 3 2 1 3 1 3 3 3
0.0005931944114384716 3 3 3 2 3 2 2 0 2 3 3 0
0.0008824329744622659 3 3 3 2 3 2 2 3 2 0 3 0
0.0005933128762969198 3 3 3 2 3 2 2 3 2 3 0 0
0.005325837597661619 3 3 3 2 3 2 2 3 2 3 3 0
0.0010074220717757709 3 3 3 2 3 2 2 3 2 3 3 3
0.024637152650990438 3 3 3 3 0 0 0 0 0 0 0 0
-0.004694448832359779 3 3 3 3 3 3 1 3 1 1 3 1
7.871348775881027e-05 3 3 3 3 3 3 1 3 1 2 3 2
-0.0047731623201185906 3 3 3 3 3 3 1 3 2 2 3 1
-0.0047731623201185906 3 3 3 3 3 3 2 3 1 1 3 2
7.871348775881027e-05 3 3 3 3 3 3 2 3 2 1 3 1
-0.004694448832359779 3 3 3 3 3 3 2 3 2 2 3 2
