25865080.528591894 0 0 0 0 0 0 0 0 0 0 0 0
-6585.385639313111 0 0 0 0 0 0 0 0 0 0 0 3
-6670.2966220201 0 0 0 0 0 0 0 0 0 0 3 0
-377.93736862052276 0 0 0 0 0 0 0 0 0 0 3 3
-6555.479555258942 0 0 0 0 0 0 0 0 0 3 0 0
-709.9050069953532 0 0 0 0 0 0 0 0 0 3 0 3
-706.0178070901096 0 0 0 0 0 0 0 0 0 3 3 0
0.22970304590613302 0 0 0 0 0 0 0 0 0 3 3 3
-6555.4795552589285 0 0 0 0 0 0 0 0 3 0 0 0
-709.9050069953527 0 0 0 0 0 0 0 0 3 0 0 3
-706.0178070901096 0 0 0 0 0 0 0 0 3 0 3 0
0.22970304590613283 0 0 0 0 0 0 0 0 3 0 3 3
-700.3991105163238 0 0 0 0 0 0 0 0 3 3 0 0
0.2694832204265417 0 0 0 0 0 0 0 0 3 3 0 3
0.2696514975082964 0 0 0 0 0 0 0 0 3 3 3 0
0.02456558233203085 0 0 0 0 0 0 0 0 3 3 3 3
-0.0010263018426816025 0 0 0 0 0 0 0 1 1 0 1 1
-0.0010370191522701 0 0 0 0 0 0 0 1 1 0 2 2
1.0717309588497639e-05 0 0 0 0 0 0 0 1 2 0 2 1
1.0717309588497639e-05 0 0 0 0 0 0 0 2 1 0 1 2
-0.0010370191522701 0 0 0 0 0 0 0 2 2 0 1 1
-0.0010263018426816025 0 0 0 0 0 0 0 2 2 0 2 2
-6566.2138327077155 0 0 0 0 0 0 0 3 0 0 0 0
-710.9470525524827 0 0 0 0 0 0 0 3 0 0 0 3
-704.939950076121 0 0 0 0 0 0 0 3 0 0 3 0
0.22977915669199817 0 0 0 0 0 0 0 3 0 0 3 3
-358.9686607147369 0 0 0 0 0 0 0 3 0 3 0 0
0.22628898191321134 0 0 0 0 0 0 0 3 0 3 0 3
0.22562736924758128 0 0 0 0 0 0 0 3 0 3 3 0
0.026588543974582636 0 0 0 0 0 0 0 3 0 3 3 3
0.009436790617845156 0 0 0 0 0 0 0 3 1 1 0 0
0.001082513092817912 0 0 0 0 0 0 0 3 1 1 0 3
0.0010745193752347006 0 0 0 0 0 0 0 3 1 1 3 0
0.009436790617845156 0 0 0 0 0 0 0 3 2 2 0 0
0.001082513092817912 0 0 0 0 0 0 0 3 2 2 0 3
0.0010745193752347006 0 0 0 0 0 0 0 3 2 2 3 0
-684.2488054980878 0 0 0 0 0 0 0 3 3 0 0 0
0.26770671622838477 0 0 0 0 0 0 0 3 3 0 0 3
0.2675790095445956 0 0 0 0 0 0 0 3 3 0 3 0
0.02466179003395052 0 0 0 0 0 0 0 3 3 0 3 3
0.2214887571402897 0 0 0 0 0 0 0 3 3 3 0 0
0.0240117090377759 0 0 0 0 0 0 0 3 3 3 0 3
0.023852080768199103 0 0 0 0 0 0 0 3 3 3 3 0
-0.009452240109367625 0 0 0 0 0 0 1 1 0 3 0 0
-0.0010823558246811432 0 0 0 0 0 0 1 1 0 3 0 3
-0.001074345540564887 0 0 0 0 0 0 1 1 0 3 3 0
-0.00021272739926592033 0 0 0 0 0 0 1 1 1 1 0 0
0.004330797160082169 0 0 0 0 0 0 1 1 2 2 0 0
0.009452240109367656 0 0 0 0 0 0 1 1 3 0 0 0
0.0010823558246811468 0 0 0 0 0 0 1 1 3 0 0 3
0.0010743455405648906 0 0 0 0 0 0 1 1 3 0 3 0
-0.004543524559348091 0 0 0 0 0 0 1 2 2 1 0 0
-0.004543524559348091 0 0 0 0 0 0 2 1 1 2 0 0
-0.009452240109367625 0 0 0 0 0 0 2 2 0 3 0 0
-0.0010823558246811432 0 0 0 0 0 0 2 2 0 3 0 3
-0.001074345540564887 0 0 0 0 0 0 2 2 0 3 3 0
0.004330797160082169 0 0 0 0 0 0 2 2 1 1 0 0
-0.00021272739926592033 0 0 0 0 0 0 2 2 2 2 0 0
0.009452240109367656 0 0 0 0 0 0 2 2 3 0 0 0
0.0010823558246811468 0 0 0 0 0 0 2 2 3 0 0 3
0.0010743455405648906 0 0 0 0 0 0 2 2 3 0 3 0
-6566.21383270776 0 0 0 0 0 0 3 0 0 0 0 0
-710.9470525524829 0 0 0 0 0 0 3 0 0 0 0 3
-704.9399500761214 0 0 0 0 0 0 3 0 0 0 3 0
0.22977915669199855 0 0 0 0 0 0 3 0 0 0 3 3
-684.2488054980886 0 0 0 0 0 0 3 0 0 3 0 0
0.2677067162283858 0 0 0 0 0 0 3 0 0 3 0 3
0.26757900954459657 0 0 0 0 0 0 3 0 0 3 3 0
0.024661790033950543 0 0 0 0 0 0 3 0 0 3 3 3
-0.009436790617845256 0 0 0 0 0 0 3 0 1 1 0 0
-0.0010825130928179235 0 0 0 0 0 0 3 0 1 1 0 3
-0.001074519375234712 0 0 0 0 0 0 3 0 1 1 3 0
-0.009436790617845256 0 0 0 0 0 0 3 0 2 2 0 0
-0.0010825130928179235 0 0 0 0 0 0 3 0 2 2 0 3
-0.001074519375234712 0 0 0 0 0 0 3 0 2 2 3 0
-358.96866071473687 0 0 0 0 0 0 3 0 3 0 0 0
0.22628898191321173 0 0 0 0 0 0 3 0 3 0 0 3
0.22562736924758178 0 0 0 0 0 0 3 0 3 0 3 0
0.02658854397458264 0 0 0 0 0 0 3 0 3 0 3 3
0.22148875714029034 0 0 0 0 0 0 3 0 3 3 0 0
0.024011709037775913 0 0 0 0 0 0 3 0 3 3 0 3
0.023852080768199113 0 0 0 0 0 0 3 0 3 3 3 0
-700.0236521386873 0 0 0 0 0 0 3 3 0 0 0 0
0.26999566285648896 0 0 0 0 0 0 3 3 0 0 0 3
0.2696234938494896 0 0 0 0 0 0 3 3 0 0 3 0
0.024561742239348993 0 0 0 0 0 0 3 3 0 0 3 3
0.2215128330689886 0 0 0 0 0 0 3 3 0 3 0 0
0.024013519249676454 0 0 0 0 0 0 3 3 0 3 0 3
0.023839833504340005 0 0 0 0 0 0 3 3 0 3 3 0
0.22151283306898856 0 0 0 0 0 0 3 3 3 0 0 0
0.024013519249676436 0 0 0 0 0 0 3 3 3 0 0 3
0.023839833504339998 0 0 0 0 0 0 3 3 3 0 3 0
0.02625612981768341 0 0 0 0 0 0 3 3 3 3 0 0
-6585.385639313111 0 0 0 0 0 3 0 0 0 0 0 0
-844.7158743709438 0 0 0 0 0 3 0 0 0 0 0 3
-838.048105873333 0 0 0 0 0 3 0 0 0 0 3 0
0.2641182177813429 0 0 0 0 0 3 0 0 0 0 3 3
-751.1742082780241 0 0 0 0 0 3 0 0 0 3 0 0
0.2934459981269441 0 0 0 0 0 3 0 0 0 3 0 3
0.29334297168634965 0 0 0 0 0 3 0 0 0 3 3 0
0.02859411326270916 0 0 0 0 0 3 0 0 0 3 3 3
-751.1742082780236 0 0 0 0 0 3 0 0 3 0 0 0
0.2934459981269437 0 0 0 0 0 3 0 0 3 0 0 3
0.2933429716863493 0 0 0 0 0 3 0 0 3 0 3 0
0.02859411326270915 0 0 0 0 0 3 0 0 3 0 3 3
0.27994393702945886 0 0 0 0 0 3 0 0 3 3 0 0
0.032134634220383616 0 0 0 0 0 3 0 0 3 3 0 3
0.03193163656997438 0 0 0 0 0 3 0 0 3 3 3 0
-0.009466167811650023 0 0 0 0 0 3 0 1 1 0 1 1
-0.009437786137792298 0 0 0 0 0 3 0 1 1 0 2 2
-0.0010709857211916745 0 0 0 0 0 3 0 1 1 3 1 1
-0.001067774668097123 0 0 0 0 0 3 0 1 1 3 2 2
-2.8381673857724403e-05 0 0 0 0 0 3 0 1 2 0 2 1
-3.2110530945514218e-06 0 0 0 0 0 3 0 1 2 3 2 1
-0.004644689163530398 0 0 0 0 0 3 0 1 3 1 1 1
-0.00463076335367442 0 0 0 0 0 3 0 1 3 1 2 2
-1.3925809855978917e-05 0 0 0 0 0 3 0 1 3 2 2 1
-2.8381673857724403e-05 0 0 0 0 0 3 0 2 1 0 1 2
-3.2110530945514218e-06 0 0 0 0 0 3 0 2 1 3 1 2
-0.009437786137792298 0 0 0 0 0 3 0 2 2 0 1 1
-0.009466167811650023 0 0 0 0 0 3 0 2 2 0 2 2
-0.001067774668097123 0 0 0 0 0 3 0 2 2 3 1 1
-0.0010709857211916745 0 0 0 0 0 3 0 2 2 3 2 2
-1.3925809855978917e-05 0 0 0 0 0 3 0 2 3 1 1 2
-0.00463076335367442 0 0 0 0 0 3 0 2 3 2 1 1
-0.004644689163530398 0 0 0 0 0 3 0 2 3 2 2 2
-751.0635986676461 0 0 0 0 0 3 0 3 0 0 0 0
0.29374039899806054 0 0 0 0 0 3 0 3 0 0 0 3
0.29336591289619607 0 0 0 0 0 3 0 3 0 0 3 0
0.028592637398524686 0 0 0 0 0 3 0 3 0 0 3 3
0.2366121747275812 0 0 0 0 0 3 0 3 0 3 0 0
0.02656652983551054 0 0 0 0 0 3 0 3 0 3 0 3
0.026376663945395507 0 0 0 0 0 3 0 3 0 3 3 0
0.0010231168296188022 0 0 0 0 0 3 0 3 1 1 0 0
0.0010231168296188022 0 0 0 0 0 3 0 3 2 2 0 0
0.2780299090427546 0 0 0 0 0 3 0 3 3 0 0 0
0.031884294284408254 0 0 0 0 0 3 0 3 3 0 0 3
0.031652563284397396 0 0 0 0 0 3 0 3 3 0 3 0
0.02538924272480675 0 0 0 0 0 3 0 3 3 3 0 0
-0.0010246185307950214 0 0 0 0 0 3 1 1 0 3 0 0
0.0010246185307950246 0 0 0 0 0 3 1 1 3 0 0 0
-0.004244468126625959 0 0 0 0 0 3 1 3 1 0 1 1
-0.00423086299504684 0 0 0 0 0 3 1 3 1 0 2 2
-1.360513157911951e-05 0 0 0 0 0 3 1 3 2 0 2 1
-0.0010246185307950214 0 0 0 0 0 3 2 2 0 3 0 0
0.0010246185307950246 0 0 0 0 0 3 2 2 3 0 0 0
-1.360513157911951e-05 0 0 0 0 0 3 2 3 1 0 1 2
-0.00423086299504684 0 0 0 0 0 3 2 3 2 0 1 1
-0.004244468126625959 0 0 0 0 0 3 2 3 2 0 2 2
-751.0635986676464 0 0 0 0 0 3 3 0 0 0 0 0
0.2937403989980613 0 0 0 0 0 3 3 0 0 0 0 3
0.2933659128961969 0 0 0 0 0 3 3 0 0 0 3 0
0.028592637398524703 0 0 0 0 0 3 3 0 0 0 3 3
0.2780299090427557 0 0 0 0 0 3 3 0 0 3 0 0
0.031884294284408296 0 0 0 0 0 3 3 0 0 3 0 3
0.031652563284397424 0 0 0 0 0 3 3 0 0 3 3 0
-0.001023116829618813 0 0 0 0 0 3 3 0 1 1 0 0
-0.001023116829618813 0 0 0 0 0 3 3 0 2 2 0 0
0.23661217472758161 0 0 0 0 0 3 3 0 3 0 0 0
0.026566529835510538 0 0 0 0 0 3 3 0 3 0 0 3
0.02637666394539551 0 0 0 0 0 3 3 0 3 0 3 0
0.025389242724806756 0 0 0 0 0 3 3 0 3 3 0 0
-0.0010706202983338084 0 0 0 0 0 3 3 1 1 0 1 1
-0.0010674103408581576 0 0 0 0 0 3 3 1 1 0 2 2
-3.209957475650668e-06 0 0 0 0 0 3 3 1 2 0 2 1
-3.209957475650668e-06 0 0 0 0 0 3 3 2 1 0 1 2
-0.0010674103408581576 0 0 0 0 0 3 3 2 2 0 1 1
-0.0010706202983338084 0 0 0 0 0 3 3 2 2 0 2 2
0.28018085354909816 0 0 0 0 0 3 3 3 0 0 0 0
0.03215587147282026 0 0 0 0 0 3 3 3 0 0 0 3
0.03189130715198283 0 0 0 0 0 3 3 3 0 0 3 0
0.02538309682676379 0 0 0 0 0 3 3 3 0 3 0 0
0.025383096826763776 0 0 0 0 0 3 3 3 3 0 0 0
2.037893088921005e-05 0 0 0 0 1 1 0 0 0 0 1 1
2.037893088921005e-05 0 0 0 0 1 1 0 0 0 0 2 2
-0.001206024700973482 0 0 0 0 1 1 0 1 1 0 0 0
-0.010533602336813861 0 0 0 0 1 1 0 1 1 0 3 0
-0.0012150491126146305 0 0 0 0 1 1 0 1 1 0 3 3
-0.0011917534022114998 0 0 0 0 1 1 0 1 1 3 3 0
-0.0051684387600360706 0 0 0 0 1 1 0 1 3 1 3 0
-0.001206024700973482 0 0 0 0 1 1 0 2 2 0 0 0
-0.010533602336813861 0 0 0 0 1 1 0 2 2 0 3 0
-0.0012150491126146305 0 0 0 0 1 1 0 2 2 0 3 3
-0.0011917534022114998 0 0 0 0 1 1 0 2 2 3 3 0
-0.0051684387600360706 0 0 0 0 1 1 0 2 3 2 3 0
-0.0047862704314710364 0 0 0 0 1 1 1 3 1 0 3 0
-0.0047862704314710364 0 0 0 0 1 1 2 3 2 0 3 0
-0.001191346773135602 0 0 0 0 1 1 3 1 1 0 3 0
-0.001191346773135602 0 0 0 0 1 1 3 2 2 0 3 0
460.11071687387937 0 0 0 0 1 2 0 0 0 0 1 2
-460.11071687387937 0 0 0 0 1 2 0 0 0 0 2 1
-0.058317967143247676 0 0 0 0 1 2 0 0 0 3 1 2
0.058317967143247676 0 0 0 0 1 2 0 0 0 3 2 1
-0.058317967143247544 0 0 0 0 1 2 0 0 3 0 1 2
0.058317967143247544 0 0 0 0 1 2 0 0 3 0 2 1
-0.006238111363331975 0 0 0 0 1 2 0 0 3 3 1 2
0.006238111363331975 0 0 0 0 1 2 0 0 3 3 2 1
-0.058413442710680635 0 0 0 0 1 2 0 3 0 0 1 2
0.058413442710680635 0 0 0 0 1 2 0 3 0 0 2 1
0.0018409031610096193 0 0 0 0 1 2 0 3 0 3 1 2
-0.0018409031610096193 0 0 0 0 1 2 0 3 0 3 2 1
-0.00585483705155503 0 0 0 0 1 2 0 3 3 0 1 2
0.00585483705155503 0 0 0 0 1 2 0 3 3 0 2 1
-0.05841344271068104 0 0 0 0 1 2 3 0 0 0 1 2
0.05841344271068104 0 0 0 0 1 2 3 0 0 0 2 1
-0.005854837051555036 0 0 0 0 1 2 3 0 0 3 1 2
0.005854837051555036 0 0 0 0 1 2 3 0 0 3 2 1
0.0018409031610096202 0 0 0 0 1 2 3 0 3 0 1 2
-0.0018409031610096202 0 0 0 0 1 2 3 0 3 0 2 1
-0.006234795588636064 0 0 0 0 1 2 3 3 0 0 1 2
0.006234795588636064 0 0 0 0 1 2 3 3 0 0 2 1
-460.11071687387937 0 0 0 0 2 1 0 0 0 0 1 2
460.11071687387937 0 0 0 0 2 1 0 0 0 0 2 1
0.058317967143247676 0 0 0 0 2 1 0 0 0 3 1 2
-0.058317967143247676 0 0 0 0 2 1 0 0 0 3 2 1
0.058317967143247544 0 0 0 0 2 1 0 0 3 0 1 2
-0.058317967143247544 0 0 0 0 2 1 0 0 3 0 2 1
0.006238111363331975 0 0 0 0 2 1 0 0 3 3 1 2
-0.006238111363331975 0 0 0 0 2 1 0 0 3 3 2 1
0.058413442710680635 0 0 0 0 2 1 0 3 0 0 1 2
-0.058413442710680635 0 0 0 0 2 1 0 3 0 0 2 1
-0.0018409031610096193 0 0 0 0 2 1 0 3 0 3 1 2
0.0018409031610096193 0 0 0 0 2 1 0 3 0 3 2 1
0.00585483705155503 0 0 0 0 2 1 0 3 3 0 1 2
-0.00585483705155503 0 0 0 0 2 1 0 3 3 0 2 1
0.05841344271068104 0 0 0 0 2 1 3 0 0 0 1 2
-0.05841344271068104 0 0 0 0 2 1 3 0 0 0 2 1
0.005854837051555036 0 0 0 0 2 1 3 0 0 3 1 2
-0.005854837051555036 0 0 0 0 2 1 3 0 0 3 2 1
-0.0018409031610096202 0 0 0 0 2 1 3 0 3 0 1 2
0.0018409031610096202 0 0 0 0 2 1 3 0 3 0 2 1
0.006234795588636064 0 0 0 0 2 1 3 3 0 0 1 2
-0.006234795588636064 0 0 0 0 2 1 3 3 0 0 2 1
2.037893088921005e-05 0 0 0 0 2 2 0 0 0 0 1 1
2.037893088921005e-05 0 0 0 0 2 2 0 0 0 0 2 2
-0.001206024700973482 0 0 0 0 2 2 0 1 1 0 0 0
-0.010533602336813861 0 0 0 0 2 2 0 1 1 0 3 0
-0.0012150491126146305 0 0 0 0 2 2 0 1 1 0 3 3
-0.0011917534022114998 0 0 0 0 2 2 0 1 1 3 3 0
-0.0051684387600360706 0 0 0 0 2 2 0 1 3 1 3 0
-0.001206024700973482 0 0 0 0 2 2 0 2 2 0 0 0
-0.010533602336813861 0 0 0 0 2 2 0 2 2 0 3 0
-0.0012150491126146305 0 0 0 0 2 2 0 2 2 0 3 3
-0.0011917534022114998 0 0 0 0 2 2 0 2 2 3 3 0
-0.0051684387600360706 0 0 0 0 2 2 0 2 3 2 3 0
-0.0047862704314710364 0 0 0 0 2 2 1 3 1 0 3 0
-0.0047862704314710364 0 0 0 0 2 2 2 3 2 0 3 0
-0.001191346773135602 0 0 0 0 2 2 3 1 1 0 3 0
-0.001191346773135602 0 0 0 0 2 2 3 2 2 0 3 0
-6670.296622020099 0 0 0 0 3 0 0 0 0 0 0 0
-838.0481058733334 0 0 0 0 3 0 0 0 0 0 0 3
-833.4521520416067 0 0 0 0 3 0 0 0 0 0 3 0
0.26329761593712026 0 0 0 0 3 0 0 0 0 0 3 3
-745.6101903396111 0 0 0 0 3 0 0 0 0 3 0 0
0.2930617529064425 0 0 0 0 3 0 0 0 0 3 0 3
0.2932058514823738 0 0 0 0 3 0 0 0 0 3 3 0
0.028399441046859757 0 0 0 0 3 0 0 0 0 3 3 3
-745.6101903396107 0 0 0 0 3 0 0 0 3 0 0 0
0.29306175290644215 0 0 0 0 3 0 0 0 3 0 0 3
0.29320585148237355 0 0 0 0 3 0 0 0 3 0 3 0
0.028399441046859743 0 0 0 0 3 0 0 0 3 0 3 3
0.2796871782055134 0 0 0 0 3 0 0 0 3 3 0 0
0.03189174091753886 0 0 0 0 3 0 0 0 3 3 0 3
0.03171766578123909 0 0 0 0 3 0 0 0 3 3 3 0
-745.4880527709275 0 0 0 0 3 0 0 3 0 0 0 0
0.2933550192851062 0 0 0 0 3 0 0 3 0 0 0 3
0.2932245900305908 0 0 0 0 3 0 0 3 0 0 3 0
0.028397926934641986 0 0 0 0 3 0 0 3 0 0 3 3
0.23579239217542078 0 0 0 0 3 0 0 3 0 3 0 0
0.026367309914587782 0 0 0 0 3 0 0 3 0 3 0 3
0.02619291907472772 0 0 0 0 3 0 0 3 0 3 3 0
0.0010175364786798025 0 0 0 0 3 0 0 3 1 1 0 0
0.0010175364786798025 0 0 0 0 3 0 0 3 2 2 0 0
0.27774403247243507 0 0 0 0 3 0 0 3 3 0 0 0
0.03164320925358966 0 0 0 0 3 0 0 3 3 0 0 3
0.03143998237168043 0 0 0 0 3 0 0 3 3 0 3 0
0.02520159122974462 0 0 0 0 3 0 0 3 3 3 0 0
-0.001015987115715567 0 0 0 0 3 0 1 1 0 3 0 0
0.0010159871157155705 0 0 0 0 3 0 1 1 3 0 0 0
-0.001015987115715567 0 0 0 0 3 0 2 2 0 3 0 0
0.0010159871157155705 0 0 0 0 3 0 2 2 3 0 0 0
-745.4880527709278 0 0 0 0 3 0 3 0 0 0 0 0
0.29335501928510704 0 0 0 0 3 0 3 0 0 0 0 3
0.2932245900305916 0 0 0 0 3 0 3 0 0 0 3 0
0.028397926934641996 0 0 0 0 3 0 3 0 0 0 3 3
0.27774403247243606 0 0 0 0 3 0 3 0 0 3 0 0
0.031643209253589696 0 0 0 0 3 0 3 0 0 3 0 3
0.03143998237168045 0 0 0 0 3 0 3 0 0 3 3 0
-0.0010175364786798133 0 0 0 0 3 0 3 0 1 1 0 0
-0.0010175364786798133 0 0 0 0 3 0 3 0 2 2 0 0
0.23579239217542122 0 0 0 0 3 0 3 0 3 0 0 0
0.026367309914587776 0 0 0 0 3 0 3 0 3 0 0 3
0.026192919074727723 0 0 0 0 3 0 3 0 3 0 3 0
0.02520159122974463 0 0 0 0 3 0 3 0 3 3 0 0
0.27991825561617323 0 0 0 0 3 0 3 3 0 0 0 0
0.03191248532341637 0 0 0 0 3 0 3 3 0 0 0 3
0.03167728642923505 0 0 0 0 3 0 3 3 0 0 3 0
0.02519540887379572 0 0 0 0 3 0 3 3 0 3 0 0
0.025195408873795705 0 0 0 0 3 0 3 3 3 0 0 0
-377.9373686205229 0 0 0 0 3 3 0 0 0 0 0 0
0.2641182177813428 0 0 0 0 3 3 0 0 0 0 0 3
0.2632976159371202 0 0 0 0 3 3 0 0 0 0 3 0
0.03820775911829934 0 0 0 0 3 3 0 0 0 0 3 3
0.24006574440016376 0 0 0 0 3 3 0 0 0 3 0 0
0.029608371180972762 0 0 0 0 3 3 0 0 0 3 0 3
0.029417226042137444 0 0 0 0 3 3 0 0 0 3 3 0
0.24006574440016354 0 0 0 0 3 3 0 0 3 0 0 0
0.02960837118097274 0 0 0 0 3 3 0 0 3 0 0 3
0.029417226042137427 0 0 0 0 3 3 0 0 3 0 3 0
0.026844738176180365 0 0 0 0 3 3 0 0 3 3 0 0
-0.001033595263358592 0 0 0 0 3 3 0 1 1 0 1 1
-0.0010176438221509586 0 0 0 0 3 3 0 1 1 0 2 2
-1.595144120763334e-05 0 0 0 0 3 3 0 1 2 0 2 1
-1.595144120763334e-05 0 0 0 0 3 3 0 2 1 0 1 2
-0.0010176438221509586 0 0 0 0 3 3 0 2 2 0 1 1
-0.001033595263358592 0 0 0 0 3 3 0 2 2 0 2 2
0.2401148900679429 0 0 0 0 3 3 0 3 0 0 0 0
0.029612266046637196 0 0 0 0 3 3 0 3 0 0 0 3
0.029405620834603317 0 0 0 0 3 3 0 3 0 0 3 0
0.029959557647125226 0 0 0 0 3 3 0 3 0 3 0 0
0.026990171569403174 0 0 0 0 3 3 0 3 3 0 0 0
0.2401148900679433 0 0 0 0 3 3 3 0 0 0 0 0
0.029612266046637206 0 0 0 0 3 3 3 0 0 0 0 3
0.02940562083460333 0 0 0 0 3 3 3 0 0 0 3 0
0.026990171569403202 0 0 0 0 3 3 3 0 0 3 0 0
0.029959557647125226 0 0 0 0 3 3 3 0 3 0 0 0
0.02683534274335794 0 0 0 0 3 3 3 3 0 0 0 0
0.000321218846981581 0 0 0 1 0 1 0 0 0 1 0 1
0.000321218846981581 0 0 0 1 0 1 0 0 0 2 0 2
-6.762311490304267e-06 0 0 0 1 0 1 0 1 1 2 2 0
6.762311490304267e-06 0 0 0 1 0 1 0 1 2 1 2 0
6.762311490304267e-06 0 0 0 1 0 1 0 2 1 2 1 0
-6.762311490304267e-06 0 0 0 1 0 1 0 2 2 1 1 0
-5.691607271002156e-05 0 0 0 1 0 1 0 3 1 0 3 1
-5.939626319911009e-05 0 0 0 1 0 1 0 3 1 3 0 1
-5.6916072710021565e-05 0 0 0 1 0 1 0 3 2 0 3 2
-5.939626319911009e-05 0 0 0 1 0 1 0 3 2 3 0 2
0.00029353323983952987 0 0 0 1 0 1 1 1 2 0 0 2
-0.00029353323983952987 0 0 0 1 0 1 1 2 2 0 0 1
-0.00029353323983952987 0 0 0 1 0 1 2 1 1 0 0 2
0.00029353323983952987 0 0 0 1 0 1 2 2 1 0 0 1
5.6916072710021504e-05 0 0 0 1 0 1 3 0 1 0 3 1
5.9396263199110725e-05 0 0 0 1 0 1 3 0 1 3 0 1
5.691607271002151e-05 0 0 0 1 0 1 3 0 2 0 3 2
5.9396263199110725e-05 0 0 0 1 0 1 3 0 2 3 0 2
41.26888006382435 0 0 0 1 0 2 0 0 0 1 0 2
-0.005321958636968985 0 0 0 1 0 2 0 0 0 1 3 2
-41.26888006382435 0 0 0 1 0 2 0 0 0 2 0 1
0.005321958636968985 0 0 0 1 0 2 0 0 0 2 3 1
-0.005230358301458582 0 0 0 1 0 2 0 0 3 1 0 2
-0.000563971437305782 0 0 0 1 0 2 0 0 3 1 3 2
0.005230358301458582 0 0 0 1 0 2 0 0 3 2 0 1
0.000563971437305782 0 0 0 1 0 2 0 0 3 2 3 1
0.0006307322109568805 0 0 0 1 0 2 0 1 0 0 2 0
0.005026543268567537 0 0 0 1 0 2 0 1 3 0 2 0
0.0005766048140933112 0 0 0 1 0 2 0 1 3 0 2 3
0.0005686943412267273 0 0 0 1 0 2 0 1 3 3 2 0
-0.0006307322109568805 0 0 0 1 0 2 0 2 0 0 1 0
-0.005026543268567537 0 0 0 1 0 2 0 2 3 0 1 0
-0.0005766048140933112 0 0 0 1 0 2 0 2 3 0 1 3
-0.0005686943412267273 0 0 0 1 0 2 0 2 3 3 1 0
-0.00523892121013274 0 0 0 1 0 2 0 3 0 1 0 2
-0.0008241885104247491 0 0 0 1 0 2 0 3 0 1 3 2
0.00523892121013274 0 0 0 1 0 2 0 3 0 2 0 1
0.0008241885104247491 0 0 0 1 0 2 0 3 0 2 3 1
-0.0005465935126683032 0 0 0 1 0 2 0 3 3 1 0 2
0.0005465935126683032 0 0 0 1 0 2 0 3 3 2 0 1
-7.077533033366657e-05 0 0 0 1 0 2 1 1 0 1 0 2
7.077533033366657e-05 0 0 0 1 0 2 1 2 0 1 0 1
-5.743547978667053e-05 0 0 0 1 0 2 1 3 3 0 2 0
-7.077533033366657e-05 0 0 0 1 0 2 2 1 0 2 0 2
7.077533033366657e-05 0 0 0 1 0 2 2 2 0 2 0 1
5.743547978667053e-05 0 0 0 1 0 2 2 3 3 0 1 0
-0.005238921210132776 0 0 0 1 0 2 3 0 0 1 0 2
-0.0005755207409747362 0 0 0 1 0 2 3 0 0 1 3 2
0.005238921210132776 0 0 0 1 0 2 3 0 0 2 0 1
0.0005755207409747362 0 0 0 1 0 2 3 0 0 2 3 1
-0.0002870897278826033 0 0 0 1 0 2 3 0 3 1 0 2
0.0002870897278826033 0 0 0 1 0 2 3 0 3 2 0 1
0.0006614056877888053 0 0 0 1 0 2 3 1 3 0 2 0
-0.0006614056877888053 0 0 0 1 0 2 3 2 3 0 1 0
-0.0005591795541298428 0 0 0 1 0 2 3 3 0 1 0 2
0.0005591795541298428 0 0 0 1 0 2 3 3 0 2 0 1
0.0003178664191397126 0 0 0 1 1 0 0 0 0 1 1 0
0.0003178664191397126 0 0 0 1 1 0 0 0 0 2 2 0
0.0005308524966300727 0 0 0 1 1 0 0 1 3 0 3 1
0.0005308524966300727 0 0 0 1 1 0 0 2 3 0 3 2
-5.5943634798970614e-05 0 0 0 1 1 0 0 3 1 0 1 3
-5.6982896554897974e-05 0 0 0 1 1 0 0 3 1 3 1 0
-5.5943634798970614e-05 0 0 0 1 1 0 0 3 2 0 2 3
-5.6982896554897974e-05 0 0 0 1 1 0 0 3 2 3 2 0
0.0002966910356370217 0 0 0 1 1 0 1 1 2 0 2 0
-0.0002966910356370217 0 0 0 1 1 0 1 2 2 0 1 0
-0.0002966910356370217 0 0 0 1 1 0 2 1 1 0 2 0
0.0002966910356370217 0 0 0 1 1 0 2 2 1 0 1 0
5.5943634798970526e-05 0 0 0 1 1 0 3 0 1 0 1 3
5.6982896554898584e-05 0 0 0 1 1 0 3 0 1 3 1 0
5.594363479897053e-05 0 0 0 1 1 0 3 0 2 0 2 3
5.6982896554898584e-05 0 0 0 1 1 0 3 0 2 3 2 0
0.0006143962269488658 0 0 0 1 1 3 0 1 0 0 3 1
0.0005575231259105117 0 0 0 1 1 3 0 1 3 0 0 1
0.004896355640562398 0 0 0 1 1 3 0 1 3 0 3 1
0.0005539651399867364 0 0 0 1 1 3 0 1 3 3 3 1
0.0006143962269488658 0 0 0 1 1 3 0 2 0 0 3 2
0.0005575231259105117 0 0 0 1 1 3 0 2 3 0 0 2
0.004896355640562398 0 0 0 1 1 3 0 2 3 0 3 2
0.0005539651399867364 0 0 0 1 1 3 0 2 3 3 3 2
-6.371617659741399e-05 0 0 0 1 1 3 0 3 1 0 1 0
-6.371617659741399e-05 0 0 0 1 1 3 0 3 2 0 2 0
-5.594789906225456e-05 0 0 0 1 1 3 1 3 3 0 3 1
-5.594789906225456e-05 0 0 0 1 1 3 2 3 3 0 3 2
6.37161765974139e-05 0 0 0 1 1 3 3 0 1 0 1 0
6.37161765974139e-05 0 0 0 1 1 3 3 0 2 0 2 0
0.0006442752597706514 0 0 0 1 1 3 3 1 3 0 3 1
0.0006442752597706514 0 0 0 1 1 3 3 2 3 0 3 2
39.59206538308271 0 0 0 1 2 0 0 0 0 1 2 0
-0.005040739857061827 0 0 0 1 2 0 0 0 0 1 2 3
-39.59206538308271 0 0 0 1 2 0 0 0 0 2 1 0
0.005040739857061827 0 0 0 1 2 0 0 0 0 2 1 3
-0.005017840348608525 0 0 0 1 2 0 0 0 3 1 2 0
-0.0005440236110880197 0 0 0 1 2 0 0 0 3 1 2 3
0.005017840348608525 0 0 0 1 2 0 0 0 3 2 1 0
0.0005440236110880197 0 0 0 1 2 0 0 0 3 2 1 3
-0.005026055332395516 0 0 0 1 2 0 0 3 0 1 2 0
-0.0008014373203056432 0 0 0 1 2 0 0 3 0 1 2 3
0.005026055332395516 0 0 0 1 2 0 0 3 0 2 1 0
0.0008014373203056432 0 0 0 1 2 0 0 3 0 2 1 3
-0.0005243845304804106 0 0 0 1 2 0 0 3 3 1 2 0
0.0005243845304804106 0 0 0 1 2 0 0 3 3 2 1 0
-7.153672294738189e-05 0 0 0 1 2 0 1 1 0 1 2 0
7.153672294738189e-05 0 0 0 1 2 0 1 2 0 1 1 0
-7.153672294738189e-05 0 0 0 1 2 0 2 1 0 2 2 0
7.153672294738189e-05 0 0 0 1 2 0 2 2 0 2 1 0
-0.005026055332395551 0 0 0 1 2 0 3 0 0 1 2 0
-0.000557018156825014 0 0 0 1 2 0 3 0 0 1 2 3
0.005026055332395551 0 0 0 1 2 0 3 0 0 2 1 0
0.000557018156825014 0 0 0 1 2 0 3 0 0 2 1 3
-0.0002754248059523262 0 0 0 1 2 0 3 0 3 1 2 0
0.0002754248059523262 0 0 0 1 2 0 3 0 3 2 1 0
-0.0005364591806353267 0 0 0 1 2 0 3 3 0 1 2 0
0.0005364591806353267 0 0 0 1 2 0 3 3 0 2 1 0
-0.005040739857061826 0 0 0 1 2 3 0 0 0 1 2 0
-0.0010142579182635986 0 0 0 1 2 3 0 0 0 1 2 3
0.005040739857061826 0 0 0 1 2 3 0 0 0 2 1 0
0.0010142579182635986 0 0 0 1 2 3 0 0 0 2 1 3
-0.0005756064847689791 0 0 0 1 2 3 0 0 3 1 2 0
0.0005756064847689791 0 0 0 1 2 3 0 0 3 2 1 0
6.587167411020237e-06 0 0 0 1 2 3 0 1 1 2 3 1
-6.587167411020237e-06 0 0 0 1 2 3 0 1 2 1 3 1
6.587167411020237e-06 0 0 0 1 2 3 0 2 1 2 3 2
-6.587167411020237e-06 0 0 0 1 2 3 0 2 2 1 3 2
-0.0008677909604467397 0 0 0 1 2 3 0 3 0 1 2 0
0.0008677909604467397 0 0 0 1 2 3 0 3 0 2 1 0
-0.0005894133641377753 0 0 0 1 2 3 3 0 0 1 2 0
0.0005894133641377753 0 0 0 1 2 3 3 0 0 2 1 0
-6.206592562899095e-05 0 0 0 1 3 1 0 3 1 0 0 1
-6.206592562899095e-05 0 0 0 1 3 1 0 3 2 0 0 2
6.206592562899082e-05 0 0 0 1 3 1 3 0 1 0 0 1
6.206592562899082e-05 0 0 0 1 3 1 3 0 2 0 0 2
-0.0053219586369689835 0 0 0 1 3 2 0 0 0 1 0 2
-0.0010177849952776883 0 0 0 1 3 2 0 0 0 1 3 2
0.0053219586369689835 0 0 0 1 3 2 0 0 0 2 0 1
0.0010177849952776883 0 0 0 1 3 2 0 0 0 2 3 1
-0.0005955543109867412 0 0 0 1 3 2 0 0 3 1 0 2
0.0005955543109867412 0 0 0 1 3 2 0 0 3 2 0 1
0.0005419947675598426 0 0 0 1 3 2 0 1 3 0 2 0
-0.0005419947675598426 0 0 0 1 3 2 0 2 3 0 1 0
-0.0008801563099889891 0 0 0 1 3 2 0 3 0 1 0 2
0.0008801563099889891 0 0 0 1 3 2 0 3 0 2 0 1
-0.0006089887021386667 0 0 0 1 3 2 3 0 0 1 0 2
0.0006089887021386667 0 0 0 1 3 2 3 0 0 2 0 1
-41.26888006382435 0 0 0 2 0 1 0 0 0 1 0 2
0.005321958636968985 0 0 0 2 0 1 0 0 0 1 3 2
41.26888006382435 0 0 0 2 0 1 0 0 0 2 0 1
-0.005321958636968985 0 0 0 2 0 1 0 0 0 2 3 1
0.005230358301458582 0 0 0 2 0 1 0 0 3 1 0 2
0.000563971437305782 0 0 0 2 0 1 0 0 3 1 3 2
-0.005230358301458582 0 0 0 2 0 1 0 0 3 2 0 1
-0.000563971437305782 0 0 0 2 0 1 0 0 3 2 3 1
-0.0006307322109568805 0 0 0 2 0 1 0 1 0 0 2 0
-0.005026543268567537 0 0 0 2 0 1 0 1 3 0 2 0
-0.0005766048140933112 0 0 0 2 0 1 0 1 3 0 2 3
-0.0005686943412267273 0 0 0 2 0 1 0 1 3 3 2 0
0.0006307322109568805 0 0 0 2 0 1 0 2 0 0 1 0
0.005026543268567537 0 0 0 2 0 1 0 2 3 0 1 0
0.0005766048140933112 0 0 0 2 0 1 0 2 3 0 1 3
0.0005686943412267273 0 0 0 2 0 1 0 2 3 3 1 0
0.00523892121013274 0 0 0 2 0 1 0 3 0 1 0 2
0.0008241885104247491 0 0 0 2 0 1 0 3 0 1 3 2
-0.00523892121013274 0 0 0 2 0 1 0 3 0 2 0 1
-0.0008241885104247491 0 0 0 2 0 1 0 3 0 2 3 1
0.0005465935126683032 0 0 0 2 0 1 0 3 3 1 0 2
-0.0005465935126683032 0 0 0 2 0 1 0 3 3 2 0 1
7.077533033366657e-05 0 0 0 2 0 1 1 1 0 1 0 2
-7.077533033366657e-05 0 0 0 2 0 1 1 2 0 1 0 1
5.743547978667053e-05 0 0 0 2 0 1 1 3 3 0 2 0
7.077533033366657e-05 0 0 0 2 0 1 2 1 0 2 0 2
-7.077533033366657e-05 0 0 0 2 0 1 2 2 0 2 0 1
-5.743547978667053e-05 0 0 0 2 0 1 2 3 3 0 1 0
0.005238921210132776 0 0 0 2 0 1 3 0 0 1 0 2
0.0005755207409747362 0 0 0 2 0 1 3 0 0 1 3 2
-0.005238921210132776 0 0 0 2 0 1 3 0 0 2 0 1
-0.0005755207409747362 0 0 0 2 0 1 3 0 0 2 3 1
0.0002870897278826033 0 0 0 2 0 1 3 0 3 1 0 2
-0.0002870897278826033 0 0 0 2 0 1 3 0 3 2 0 1
-0.0006614056877888053 0 0 0 2 0 1 3 1 3 0 2 0
0.0006614056877888053 0 0 0 2 0 1 3 2 3 0 1 0
0.0005591795541298428 0 0 0 2 0 1 3 3 0 1 0 2
-0.0005591795541298428 0 0 0 2 0 1 3 3 0 2 0 1
0.000321218846981581 0 0 0 2 0 2 0 0 0 1 0 1
0.000321218846981581 0 0 0 2 0 2 0 0 0 2 0 2
-6.762311490304267e-06 0 0 0 2 0 2 0 1 1 2 2 0
6.762311490304267e-06 0 0 0 2 0 2 0 1 2 1 2 0
6.762311490304267e-06 0 0 0 2 0 2 0 2 1 2 1 0
-6.762311490304267e-06 0 0 0 2 0 2 0 2 2 1 1 0
-5.691607271002156e-05 0 0 0 2 0 2 0 3 1 0 3 1
-5.939626319911009e-05 0 0 0 2 0 2 0 3 1 3 0 1
-5.6916072710021565e-05 0 0 0 2 0 2 0 3 2 0 3 2
-5.939626319911009e-05 0 0 0 2 0 2 0 3 2 3 0 2
0.00029353323983952987 0 0 0 2 0 2 1 1 2 0 0 2
-0.00029353323983952987 0 0 0 2 0 2 1 2 2 0 0 1
-0.00029353323983952987 0 0 0 2 0 2 2 1 1 0 0 2
0.00029353323983952987 0 0 0 2 0 2 2 2 1 0 0 1
5.6916072710021504e-05 0 0 0 2 0 2 3 0 1 0 3 1
5.9396263199110725e-05 0 0 0 2 0 2 3 0 1 3 0 1
5.691607271002151e-05 0 0 0 2 0 2 3 0 2 0 3 2
5.9396263199110725e-05 0 0 0 2 0 2 3 0 2 3 0 2
-39.59206538308271 0 0 0 2 1 0 0 0 0 1 2 0
0.005040739857061827 0 0 0 2 1 0 0 0 0 1 2 3
39.59206538308272 0 0 0 2 1 0 0 0 0 2 1 0
-0.005040739857061827 0 0 0 2 1 0 0 0 0 2 1 3
0.005017840348608525 0 0 0 2 1 0 0 0 3 1 2 0
0.0005440236110880197 0 0 0 2 1 0 0 0 3 1 2 3
-0.005017840348608525 0 0 0 2 1 0 0 0 3 2 1 0
-0.0005440236110880197 0 0 0 2 1 0 0 0 3 2 1 3
0.005026055332395516 0 0 0 2 1 0 0 3 0 1 2 0
0.0008014373203056432 0 0 0 2 1 0 0 3 0 1 2 3
-0.005026055332395516 0 0 0 2 1 0 0 3 0 2 1 0
-0.0008014373203056432 0 0 0 2 1 0 0 3 0 2 1 3
0.0005243845304804106 0 0 0 2 1 0 0 3 3 1 2 0
-0.0005243845304804106 0 0 0 2 1 0 0 3 3 2 1 0
7.153672294738189e-05 0 0 0 2 1 0 1 1 0 1 2 0
-7.153672294738189e-05 0 0 0 2 1 0 1 2 0 1 1 0
7.153672294738189e-05 0 0 0 2 1 0 2 1 0 2 2 0
-7.153672294738189e-05 0 0 0 2 1 0 2 2 0 2 1 0
0.005026055332395551 0 0 0 2 1 0 3 0 0 1 2 0
0.000557018156825014 0 0 0 2 1 0 3 0 0 1 2 3
-0.005026055332395551 0 0 0 2 1 0 3 0 0 2 1 0
-0.000557018156825014 0 0 0 2 1 0 3 0 0 2 1 3
0.0002754248059523262 0 0 0 2 1 0 3 0 3 1 2 0
-0.0002754248059523262 0 0 0 2 1 0 3 0 3 2 1 0
0.0005364591806353267 0 0 0 2 1 0 3 3 0 1 2 0
-0.0005364591806353267 0 0 0 2 1 0 3 3 0 2 1 0
0.005040739857061826 0 0 0 2 1 3 0 0 0 1 2 0
0.0010142579182635986 0 0 0 2 1 3 0 0 0 1 2 3
-0.005040739857061826 0 0 0 2 1 3 0 0 0 2 1 0
-0.0010142579182635986 0 0 0 2 1 3 0 0 0 2 1 3
0.0005756064847689791 0 0 0 2 1 3 0 0 3 1 2 0
-0.0005756064847689791 0 0 0 2 1 3 0 0 3 2 1 0
-6.587167411020237e-06 0 0 0 2 1 3 0 1 1 2 3 1
6.587167411020237e-06 0 0 0 2 1 3 0 1 2 1 3 1
-6.587167411020237e-06 0 0 0 2 1 3 0 2 1 2 3 2
6.587167411020237e-06 0 0 0 2 1 3 0 2 2 1 3 2
0.0008677909604467397 0 0 0 2 1 3 0 3 0 1 2 0
-0.0008677909604467397 0 0 0 2 1 3 0 3 0 2 1 0
0.0005894133641377753 0 0 0 2 1 3 3 0 0 1 2 0
-0.0005894133641377753 0 0 0 2 1 3 3 0 0 2 1 0
0.0003178664191397126 0 0 0 2 2 0 0 0 0 1 1 0
0.0003178664191397126 0 0 0 2 2 0 0 0 0 2 2 0
0.0005308524966300727 0 0 0 2 2 0 0 1 3 0 3 1
0.0005308524966300727 0 0 0 2 2 0 0 2 3 0 3 2
-5.5943634798970614e-05 0 0 0 2 2 0 0 3 1 0 1 3
-5.6982896554897974e-05 0 0 0 2 2 0 0 3 1 3 1 0
-5.5943634798970614e-05 0 0 0 2 2 0 0 3 2 0 2 3
-5.6982896554897974e-05 0 0 0 2 2 0 0 3 2 3 2 0
0.0002966910356370217 0 0 0 2 2 0 1 1 2 0 2 0
-0.0002966910356370217 0 0 0 2 2 0 1 2 2 0 1 0
-0.0002966910356370217 0 0 0 2 2 0 2 1 1 0 2 0
0.0002966910356370217 0 0 0 2 2 0 2 2 1 0 1 0
5.5943634798970526e-05 0 0 0 2 2 0 3 0 1 0 1 3
5.6982896554898584e-05 0 0 0 2 2 0 3 0 1 3 1 0
5.594363479897053e-05 0 0 0 2 2 0 3 0 2 0 2 3
5.6982896554898584e-05 0 0 0 2 2 0 3 0 2 3 2 0
0.0006143962269488658 0 0 0 2 2 3 0 1 0 0 3 1
0.0005575231259105117 0 0 0 2 2 3 0 1 3 0 0 1
0.004896355640562398 0 0 0 2 2 3 0 1 3 0 3 1
0.0005539651399867364 0 0 0 2 2 3 0 1 3 3 3 1
0.0006143962269488658 0 0 0 2 2 3 0 2 0 0 3 2
0.0005575231259105117 0 0 0 2 2 3 0 2 3 0 0 2
0.004896355640562398 0 0 0 2 2 3 0 2 3 0 3 2
0.0005539651399867364 0 0 0 2 2 3 0 2 3 3 3 2
-6.371617659741399e-05 0 0 0 2 2 3 0 3 1 0 1 0
-6.371617659741399e-05 0 0 0 2 2 3 0 3 2 0 2 0
-5.594789906225456e-05 0 0 0 2 2 3 1 3 3 0 3 1
-5.594789906225456e-05 0 0 0 2 2 3 2 3 3 0 3 2
6.37161765974139e-05 0 0 0 2 2 3 3 0 1 0 1 0
6.37161765974139e-05 0 0 0 2 2 3 3 0 2 0 2 0
0.0006442752597706514 0 0 0 2 2 3 3 1 3 0 3 1
0.0006442752597706514 0 0 0 2 2 3 3 2 3 0 3 2
0.0053219586369689835 0 0 0 2 3 1 0 0 0 1 0 2
0.0010177849952776883 0 0 0 2 3 1 0 0 0 1 3 2
-0.0053219586369689835 0 0 0 2 3 1 0 0 0 2 0 1
-0.0010177849952776883 0 0 0 2 3 1 0 0 0 2 3 1
0.0005955543109867412 0 0 0 2 3 1 0 0 3 1 0 2
-0.0005955543109867412 0 0 0 2 3 1 0 0 3 2 0 1
-0.0005419947675598426 0 0 0 2 3 1 0 1 3 0 2 0
0.0005419947675598426 0 0 0 2 3 1 0 2 3 0 1 0
0.0008801563099889891 0 0 0 2 3 1 0 3 0 1 0 2
-0.0008801563099889891 0 0 0 2 3 1 0 3 0 2 0 1
0.0006089887021386667 0 0 0 2 3 1 3 0 0 1 0 2
-0.0006089887021386667 0 0 0 2 3 1 3 0 0 2 0 1
-6.206592562899095e-05 0 0 0 2 3 2 0 3 1 0 0 1
-6.206592562899095e-05 0 0 0 2 3 2 0 3 2 0 0 2
6.206592562899082e-05 0 0 0 2 3 2 3 0 1 0 0 1
6.206592562899082e-05 0 0 0 2 3 2 3 0 2 0 0 2
-6555.47955525894 0 0 0 3 0 0 0 0 0 0 0 0
-751.1742082780241 0 0 0 3 0 0 0 0 0 0 0 3
-745.6101903396112 0 0 0 3 0 0 0 0 0 0 3 0
0.24006574440016382 0 0 0 3 0 0 0 0 0 0 3 3
-821.7848855223426 0 0 0 3 0 0 0 0 0 3 0 0
0.29016800164436896 0 0 0 3 0 0 0 0 0 3 0 3
0.29032297999608664 0 0 0 3 0 0 0 0 0 3 3 0
0.026562556926035846 0 0 0 3 0 0 0 0 0 3 3 3
-740.8612450493727 0 0 0 3 0 0 0 0 3 0 0 0
0.2798650530334564 0 0 0 3 0 0 0 0 3 0 0 3
0.2798872185699654 0 0 0 3 0 0 0 0 3 0 3 0
0.02596990389562838 0 0 0 3 0 0 0 0 3 0 3 3
0.28717889595652474 0 0 0 3 0 0 0 0 3 3 0 0
0.0316948039195398 0 0 0 3 0 0 0 0 3 3 0 3
0.03150225111971838 0 0 0 3 0 0 0 0 3 3 3 0
-0.004707678736138285 0 0 0 3 0 0 0 1 3 1 1 1
-0.004693564069551498 0 0 0 3 0 0 0 1 3 1 2 2
-1.4114666586787588e-05 0 0 0 3 0 0 0 1 3 2 2 1
-1.4114666586787588e-05 0 0 0 3 0 0 0 2 3 1 1 2
-0.004693564069551498 0 0 0 3 0 0 0 2 3 2 1 1
-0.004707678736138285 0 0 0 3 0 0 0 2 3 2 2 2
-817.7332160737093 0 0 0 3 0 0 0 3 0 0 0 0
0.28994062400168813 0 0 0 3 0 0 0 3 0 0 0 3
0.28981912969582707 0 0 0 3 0 0 0 3 0 0 3 0
0.026532300354147557 0 0 0 3 0 0 0 3 0 0 3 3
0.25381593898847743 0 0 0 3 0 0 0 3 0 3 0 0
0.027803360756995476 0 0 0 3 0 0 0 3 0 3 0 3
0.027607992145408662 0 0 0 3 0 0 0 3 0 3 3 0
-74.4514193076277 0 0 0 3 0 0 0 3 1 1 0 0
0.009479856528976665 0 0 0 3 0 0 0 3 1 1 0 3
0.009602059063506875 0 0 0 3 0 0 0 3 1 1 3 0
-0.0004410031409453847 0 0 0 3 0 0 0 3 1 1 3 3
-74.4514193076277 0 0 0 3 0 0 0 3 2 2 0 0
0.009479856528976665 0 0 0 3 0 0 0 3 2 2 0 3
0.009602059063506875 0 0 0 3 0 0 0 3 2 2 3 0
-0.0004410031409453847 0 0 0 3 0 0 0 3 2 2 3 3
0.28477258285708396 0 0 0 3 0 0 0 3 3 0 0 0
0.031419306578293685 0 0 0 3 0 0 0 3 3 0 0 3
0.031198394052164638 0 0 0 3 0 0 0 3 3 0 3 0
0.027156356994074857 0 0 0 3 0 0 0 3 3 3 0 0
0.0021344722407660665 0 0 0 3 0 0 1 1 0 0 0 0
0.0002444138569992299 0 0 0 3 0 0 1 1 0 0 0 3
0.0002426050022844778 0 0 0 3 0 0 1 1 0 0 3 0
0.0013669773914235812 0 0 0 3 0 0 1 1 0 3 0 0
0.002094811783096672 0 0 0 3 0 0 1 1 1 1 0 0
0.00023987242270732625 0 0 0 3 0 0 1 1 1 1 0 3
0.00023809717817708457 0 0 0 3 0 0 1 1 1 1 3 0
-0.04339188925851669 0 0 0 3 0 0 1 1 2 2 0 0
-0.004968712552734418 0 0 0 3 0 0 1 1 2 2 0 3
-0.004931940173141841 0 0 0 3 0 0 1 1 2 2 3 0
-0.000575516308609693 0 0 0 3 0 0 1 1 3 0 0 0
0.04548670104161336 0 0 0 3 0 0 1 2 2 1 0 0
0.005208584975441745 0 0 0 3 0 0 1 2 2 1 0 3
0.005170037351318926 0 0 0 3 0 0 1 2 2 1 3 0
0.04548670104161336 0 0 0 3 0 0 2 1 1 2 0 0
0.005208584975441745 0 0 0 3 0 0 2 1 1 2 0 3
0.005170037351318926 0 0 0 3 0 0 2 1 1 2 3 0
0.0021344722407660665 0 0 0 3 0 0 2 2 0 0 0 0
0.0002444138569992299 0 0 0 3 0 0 2 2 0 0 0 3
0.0002426050022844778 0 0 0 3 0 0 2 2 0 0 3 0
0.0013669773914235812 0 0 0 3 0 0 2 2 0 3 0 0
-0.04339188925851669 0 0 0 3 0 0 2 2 1 1 0 0
-0.004968712552734418 0 0 0 3 0 0 2 2 1 1 0 3
-0.004931940173141841 0 0 0 3 0 0 2 2 1 1 3 0
0.002094811783096672 0 0 0 3 0 0 2 2 2 2 0 0
0.00023987242270732625 0 0 0 3 0 0 2 2 2 2 0 3
0.00023809717817708457 0 0 0 3 0 0 2 2 2 2 3 0
-0.000575516308609693 0 0 0 3 0 0 2 2 3 0 0 0
-744.2723593839585 0 0 0 3 0 0 3 0 0 0 0 0
0.28058781417584144 0 0 0 3 0 0 3 0 0 0 0 3
0.28034575506373005 0 0 0 3 0 0 3 0 0 0 3 0
0.025994301835913447 0 0 0 3 0 0 3 0 0 0 3 3
0.2857351961689931 0 0 0 3 0 0 3 0 0 3 0 0
0.0315234827257388 0 0 0 3 0 0 3 0 0 3 0 3
0.031298694923143605 0 0 0 3 0 0 3 0 0 3 3 0
74.45141930762848 0 0 0 3 0 0 3 0 1 1 0 0
-0.009479856528976765 0 0 0 3 0 0 3 0 1 1 0 3
-0.009602059063506977 0 0 0 3 0 0 3 0 1 1 3 0
0.0004410031409453787 0 0 0 3 0 0 3 0 1 1 3 3
74.45141930762847 0 0 0 3 0 0 3 0 2 2 0 0
-0.009479856528976765 0 0 0 3 0 0 3 0 2 2 0 3
-0.009602059063506977 0 0 0 3 0 0 3 0 2 2 3 0
0.0004410031409453785 0 0 0 3 0 0 3 0 2 2 3 3
0.234232683529663 0 0 0 3 0 0 3 0 3 0 0 0
0.0256803740700028 0 0 0 3 0 0 3 0 3 0 0 3
0.02549989186378148 0 0 0 3 0 0 3 0 3 0 3 0
0.025651600053341155 0 0 0 3 0 0 3 0 3 3 0 0
0.28737530163636676 0 0 0 3 0 0 3 3 0 0 0 0
0.03171216045492962 0 0 0 3 0 0 3 3 0 0 0 3
0.03145561131203401 0 0 0 3 0 0 3 3 0 0 3 0
0.027223830850137007 0 0 0 3 0 0 3 3 0 3 0 0
0.02556861363103142 0 0 0 3 0 0 3 3 3 0 0 0
-709.9050069953532 0 0 0 3 0 3 0 0 0 0 0 0
0.2934459981269441 0 0 0 3 0 3 0 0 0 0 0 3
0.29306175290644254 0 0 0 3 0 3 0 0 0 0 3 0
0.029608371180972762 0 0 0 3 0 3 0 0 0 0 3 3
0.29016800164436896 0 0 0 3 0 3 0 0 0 3 0 0
0.03421764185181646 0 0 0 3 0 3 0 0 0 3 0 3
0.03391189643473602 0 0 0 3 0 3 0 0 0 3 3 0
0.27986505303345643 0 0 0 3 0 3 0 0 3 0 0 0
0.03282897009752789 0 0 0 3 0 3 0 0 3 0 0 3
0.03259947988987039 0 0 0 3 0 3 0 0 3 0 3 0
0.032383387587105836 0 0 0 3 0 3 0 0 3 3 0 0
-0.0054485569372509455 0 0 0 3 0 3 0 1 0 1 1 1
-0.005432220953242932 0 0 0 3 0 3 0 1 0 1 2 2
-1.633598400801465e-05 0 0 0 3 0 3 0 1 0 2 2 1
-0.0010125697428377991 0 0 0 3 0 3 0 1 1 0 1 1
-0.0010095338338225318 0 0 0 3 0 3 0 1 1 0 2 2
-3.0359090152673903e-06 0 0 0 3 0 3 0 1 2 0 2 1
-0.04342160860121034 0 0 0 3 0 3 0 1 3 1 1 1
-0.04329142097320521 0 0 0 3 0 3 0 1 3 1 2 2
-0.00013018762800513862 0 0 0 3 0 3 0 1 3 2 2 1
-1.633598400801465e-05 0 0 0 3 0 3 0 2 0 1 1 2
-0.005432220953242932 0 0 0 3 0 3 0 2 0 2 1 1
-0.0054485569372509455 0 0 0 3 0 3 0 2 0 2 2 2
-3.0359090152673903e-06 0 0 0 3 0 3 0 2 1 0 1 2
-0.0010095338338225318 0 0 0 3 0 3 0 2 2 0 1 1
-0.0010125697428377991 0 0 0 3 0 3 0 2 2 0 2 2
-0.00013018762800513862 0 0 0 3 0 3 0 2 3 1 1 2
-0.04329142097320521 0 0 0 3 0 3 0 2 3 2 1 1
-0.04342160860121034 0 0 0 3 0 3 0 2 3 2 2 2
0.2897859743957925 0 0 0 3 0 3 0 3 0 0 0 0
0.034098339687364455 0 0 0 3 0 3 0 3 0 0 0 3
0.03389064889791155 0 0 0 3 0 3 0 3 0 0 3 0
0.02880732300874341 0 0 0 3 0 3 0 3 0 3 0 0
0.009479856528976663 0 0 0 3 0 3 0 3 1 1 0 0
0.0012171511760355857 0 0 0 3 0 3 0 3 1 1 0 3
0.0012075689223960628 0 0 0 3 0 3 0 3 1 1 3 0
0.009479856528976663 0 0 0 3 0 3 0 3 2 2 0 0
0.0012171511760355857 0 0 0 3 0 3 0 3 2 2 0 3
0.0012075689223960628 0 0 0 3 0 3 0 3 2 2 3 0
0.03210101468927494 0 0 0 3 0 3 0 3 3 0 0 0
0.0002313758205516851 0 0 0 3 0 3 1 1 0 0 0 0
0.00022707664497026921 0 0 0 3 0 3 1 1 1 1 0 0
-0.004703661069339479 0 0 0 3 0 3 1 1 2 2 0 0
0.004930737714309748 0 0 0 3 0 3 1 2 2 1 0 0
0.0010542491435440193 0 0 0 3 0 3 1 3 3 1 1 1
0.0010512831442921183 0 0 0 3 0 3 1 3 3 1 2 2
2.9659992519009576e-06 0 0 0 3 0 3 1 3 3 2 2 1
0.004930737714309748 0 0 0 3 0 3 2 1 1 2 0 0
0.0002313758205516851 0 0 0 3 0 3 2 2 0 0 0 0
-0.004703661069339479 0 0 0 3 0 3 2 2 1 1 0 0
0.00022707664497026921 0 0 0 3 0 3 2 2 2 2 0 0
2.9659992519009576e-06 0 0 0 3 0 3 2 3 3 1 1 2
0.0010512831442921183 0 0 0 3 0 3 2 3 3 2 1 1
0.0010542491435440193 0 0 0 3 0 3 2 3 3 2 2 2
0.2804331645699458 0 0 0 3 0 3 3 0 0 0 0 0
0.032897500471710625 0 0 0 3 0 3 3 0 0 0 0 3
0.03264134398096888 0 0 0 3 0 3 3 0 0 0 3 0
0.03220934094359714 0 0 0 3 0 3 3 0 0 3 0 0
-0.009479856528976763 0 0 0 3 0 3 3 0 1 1 0 0
-0.0012171511760355987 0 0 0 3 0 3 3 0 1 1 0 3
-0.0012075689223960755 0 0 0 3 0 3 3 0 1 1 3 0
-0.009479856528976763 0 0 0 3 0 3 3 0 2 2 0 0
-0.0012171511760355987 0 0 0 3 0 3 3 0 2 2 0 3
-0.0012075689223960755 0 0 0 3 0 3 3 0 2 2 3 0
0.026562985716665863 0 0 0 3 0 3 3 0 3 0 0 0
-0.005446008717564328 0 0 0 3 0 3 3 1 3 1 1 1
-0.0054296803736849815 0 0 0 3 0 3 3 1 3 1 2 2
-1.6328343879347757e-05 0 0 0 3 0 3 3 1 3 2 2 1
-1.6328343879347757e-05 0 0 0 3 0 3 3 2 3 1 1 2
-0.0054296803736849815 0 0 0 3 0 3 3 2 3 2 1 1
-0.005446008717564328 0 0 0 3 0 3 3 2 3 2 2 2
0.0323656878642561 0 0 0 3 0 3 3 3 0 0 0 0
-0.006062953164199813 0 0 0 3 1 1 0 1 0 1 3 0
-0.0011267502564466041 0 0 0 3 1 1 0 1 1 0 3 0
-0.005501720961308953 0 0 0 3 1 1 0 1 3 1 0 0
-0.048317964241772746 0 0 0 3 1 1 0 1 3 1 3 0
-0.005542650147510672 0 0 0 3 1 1 0 1 3 1 3 3
-0.006062953164199813 0 0 0 3 1 1 0 2 0 2 3 0
-0.0011267502564466041 0 0 0 3 1 1 0 2 2 0 3 0
-0.005501720961308953 0 0 0 3 1 1 0 2 3 2 0 0
-0.048317964241772746 0 0 0 3 1 1 0 2 3 2 3 0
-0.005542650147510672 0 0 0 3 1 1 0 2 3 2 3 3
0.0011591262972086777 0 0 0 3 1 1 1 3 3 1 3 0
0.0011591262972086777 0 0 0 3 1 1 2 3 3 2 3 0
-0.006060117599335576 0 0 0 3 1 1 3 1 3 1 3 0
-0.006060117599335576 0 0 0 3 1 1 3 2 3 2 3 0
-0.058317967143247676 0 0 0 3 1 2 0 0 0 0 1 2
0.058317967143247676 0 0 0 3 1 2 0 0 0 0 2 1
-0.007349339508700179 0 0 0 3 1 2 0 0 0 3 1 2
0.007349339508700179 0 0 0 3 1 2 0 0 0 3 2 1
-0.006597993120561055 0 0 0 3 1 2 0 0 3 0 1 2
0.006597993120561055 0 0 0 3 1 2 0 0 3 0 2 1
-0.007311348792649897 0 0 0 3 1 2 0 3 0 0 1 2
0.007311348792649897 0 0 0 3 1 2 0 3 0 0 2 1
-0.0017614317708504398 0 0 0 3 1 2 0 3 1 1 1 2
0.0017614317708504396 0 0 0 3 1 2 0 3 1 1 2 1
-0.0017614317708504396 0 0 0 3 1 2 0 3 2 2 1 2
0.0017614317708504398 0 0 0 3 1 2 0 3 2 2 2 1
-0.0066297522208002896 0 0 0 3 1 2 3 0 0 0 1 2
0.0066297522208002896 0 0 0 3 1 2 3 0 0 0 2 1
0.001761431770850446 0 0 0 3 1 2 3 0 1 1 1 2
-0.001761431770850446 0 0 0 3 1 2 3 0 1 1 2 1
0.001761431770850446 0 0 0 3 1 2 3 0 2 2 1 2
-0.001761431770850446 0 0 0 3 1 2 3 0 2 2 2 1
0.058317967143247676 0 0 0 3 2 1 0 0 0 0 1 2
-0.058317967143247676 0 0 0 3 2 1 0 0 0 0 2 1
0.007349339508700179 0 0 0 3 2 1 0 0 0 3 1 2
-0.007349339508700179 0 0 0 3 2 1 0 0 0 3 2 1
0.006597993120561055 0 0 0 3 2 1 0 0 3 0 1 2
-0.006597993120561055 0 0 0 3 2 1 0 0 3 0 2 1
0.007311348792649897 0 0 0 3 2 1 0 3 0 0 1 2
-0.007311348792649897 0 0 0 3 2 1 0 3 0 0 2 1
0.0017614317708504398 0 0 0 3 2 1 0 3 1 1 1 2
-0.0017614317708504396 0 0 0 3 2 1 0 3 1 1 2 1
0.0017614317708504396 0 0 0 3 2 1 0 3 2 2 1 2
-0.0017614317708504398 0 0 0 3 2 1 0 3 2 2 2 1
0.0066297522208002896 0 0 0 3 2 1 3 0 0 0 1 2
-0.0066297522208002896 0 0 0 3 2 1 3 0 0 0 2 1
-0.001761431770850446 0 0 0 3 2 1 3 0 1 1 1 2
0.001761431770850446 0 0 0 3 2 1 3 0 1 1 2 1
-0.001761431770850446 0 0 0 3 2 1 3 0 2 2 1 2
0.001761431770850446 0 0 0 3 2 1 3 0 2 2 2 1
-0.006062953164199813 0 0 0 3 2 2 0 1 0 1 3 0
-0.0011267502564466041 0 0 0 3 2 2 0 1 1 0 3 0
-0.005501720961308953 0 0 0 3 2 2 0 1 3 1 0 0
-0.048317964241772746 0 0 0 3 2 2 0 1 3 1 3 0
-0.005542650147510672 0 0 0 3 2 2 0 1 3 1 3 3
-0.006062953164199813 0 0 0 3 2 2 0 2 0 2 3 0
-0.0011267502564466041 0 0 0 3 2 2 0 2 2 0 3 0
-0.005501720961308953 0 0 0 3 2 2 0 2 3 2 0 0
-0.048317964241772746 0 0 0 3 2 2 0 2 3 2 3 0
-0.005542650147510672 0 0 0 3 2 2 0 2 3 2 3 3
0.0011591262972086777 0 0 0 3 2 2 1 3 3 1 3 0
0.0011591262972086777 0 0 0 3 2 2 2 3 3 2 3 0
-0.006060117599335576 0 0 0 3 2 2 3 1 3 1 3 0
-0.006060117599335576 0 0 0 3 2 2 3 2 3 2 3 0
-706.0178070901094 0 0 0 3 3 0 0 0 0 0 0 0
0.2933429716863496 0 0 0 3 3 0 0 0 0 0 0 3
0.2932058514823738 0 0 0 3 3 0 0 0 0 0 3 0
0.029417226042137444 0 0 0 3 3 0 0 0 0 0 3 3
0.29032297999608664 0 0 0 3 3 0 0 0 0 3 0 0
0.03391189643473602 0 0 0 3 3 0 0 0 0 3 0 3
0.033766429681095146 0 0 0 3 3 0 0 0 0 3 3 0
0.27988721856996535 0 0 0 3 3 0 0 0 3 0 0 0
0.032599479889870386 0 0 0 3 3 0 0 0 3 0 0 3
0.032400587081191104 0 0 0 3 3 0 0 0 3 0 3 0
0.03216285651448495 0 0 0 3 3 0 0 0 3 3 0 0
0.28993204195887545 0 0 0 3 3 0 0 3 0 0 0 0
0.033916411406765164 0 0 0 3 3 0 0 3 0 0 0 3
0.03362404691203609 0 0 0 3 3 0 0 3 0 0 3 0
0.02860394705049421 0 0 0 3 3 0 0 3 0 3 0 0
0.009602059063506871 0 0 0 3 3 0 0 3 1 1 0 0
0.0012075689223960628 0 0 0 3 3 0 0 3 1 1 0 3
0.0012009688138674398 0 0 0 3 3 0 0 3 1 1 3 0
0.009602059063506871 0 0 0 3 3 0 0 3 2 2 0 0
0.0012075689223960628 0 0 0 3 3 0 0 3 2 2 0 3
0.0012009688138674398 0 0 0 3 3 0 0 3 2 2 3 0
0.03188196381585017 0 0 0 3 3 0 0 3 3 0 0 0
0.00022942670418641566 0 0 0 3 3 0 1 1 0 0 0 0
0.00022516374497999922 0 0 0 3 3 0 1 1 1 1 0 0
-0.00466403729730889 0 0 0 3 3 0 1 1 2 2 0 0
0.0048892010422888895 0 0 0 3 3 0 1 2 2 1 0 0
0.0048892010422888895 0 0 0 3 3 0 2 1 1 2 0 0
0.00022942670418641566 0 0 0 3 3 0 2 2 0 0 0 0
-0.00466403729730889 0 0 0 3 3 0 2 2 1 1 0 0
0.00022516374497999922 0 0 0 3 3 0 2 2 2 2 0 0
0.2804586673267784 0 0 0 3 3 0 3 0 0 0 0 0
0.032670067872311755 0 0 0 3 3 0 3 0 0 0 0 3
0.032439173186516956 0 0 0 3 3 0 3 0 0 0 3 0
0.03198947087789582 0 0 0 3 3 0 3 0 0 3 0 0
-0.009602059063506974 0 0 0 3 3 0 3 0 1 1 0 0
-0.0012075689223960755 0 0 0 3 3 0 3 0 1 1 0 3
-0.0012009688138674526 0 0 0 3 3 0 3 0 1 1 3 0
-0.009602059063506974 0 0 0 3 3 0 3 0 2 2 0 0
-0.0012075689223960755 0 0 0 3 3 0 3 0 2 2 0 3
-0.0012009688138674526 0 0 0 3 3 0 3 0 2 2 3 0
0.02637620212618986 0 0 0 3 3 0 3 0 3 0 0 0
0.03214490525260833 0 0 0 3 3 0 3 3 0 0 0 0
0.229703045906133 0 0 0 3 3 3 0 0 0 0 0 0
0.02859411326270916 0 0 0 3 3 3 0 0 0 0 0 3
0.028399441046859753 0 0 0 3 3 3 0 0 0 0 3 0
0.026562556926035846 0 0 0 3 3 3 0 0 0 3 0 0
0.025969903895628373 0 0 0 3 3 3 0 0 3 0 0 0
-0.004682001805903932 0 0 0 3 3 3 0 1 3 1 1 1
-0.004667964124457709 0 0 0 3 3 3 0 1 3 1 2 2
-1.403768144622394e-05 0 0 0 3 3 3 0 1 3 2 2 1
-1.403768144622394e-05 0 0 0 3 3 3 0 2 3 1 1 2
-0.004667964124457709 0 0 0 3 3 3 0 2 3 2 1 1
-0.004682001805903932 0 0 0 3 3 3 0 2 3 2 2 2
0.02652974092552403 0 0 0 3 3 3 0 3 0 0 0 0
-0.0006796449506807822 0 0 0 3 3 3 0 3 1 1 0 0
-0.0006796449506807822 0 0 0 3 3 3 0 3 2 2 0 0
0.02599174240728992 0 0 0 3 3 3 3 0 0 0 0 0
0.0006796449506807753 0 0 0 3 3 3 3 0 1 1 0 0
0.0006796449506807753 0 0 0 3 3 3 3 0 2 2 0 0
0.00032121884698158086 0 0 1 0 0 1 0 0 1 0 0 1
0.00032121884698158086 0 0 1 0 0 1 0 0 2 0 0 2
-6.527684369117927e-05 0 0 1 0 0 1 0 1 0 0 1 0
-6.527684369117927e-05 0 0 1 0 0 1 0 2 0 0 2 0
41.2688800638243 0 0 1 0 0 2 0 0 1 0 0 2
-0.005321958636968979 0 0 1 0 0 2 0 0 1 0 3 2
-0.005230358301458587 0 0 1 0 0 2 0 0 1 3 0 2
-0.0005639714373057812 0 0 1 0 0 2 0 0 1 3 3 2
-41.2688800638243 0 0 1 0 0 2 0 0 2 0 0 1
0.005321958636968979 0 0 1 0 0 2 0 0 2 0 3 1
0.005230358301458587 0 0 1 0 0 2 0 0 2 3 0 1
0.0005639714373057812 0 0 1 0 0 2 0 0 2 3 3 1
-8.646275281423717 0 0 1 0 0 2 0 1 0 0 2 0
0.0011008170859708084 0 0 1 0 0 2 0 1 0 0 2 3
0.0010958161990215643 0 0 1 0 0 2 0 1 0 3 2 0
0.00011880606879925433 0 0 1 0 0 2 0 1 0 3 2 3
3.101893486507676e-05 0 0 1 0 0 2 0 1 1 1 2 0
3.101893486507676e-05 0 0 1 0 0 2 0 1 2 2 2 0
0.001095816199021562 0 0 1 0 0 2 0 1 3 0 2 0
0.00017802996034453026 0 0 1 0 0 2 0 1 3 0 2 3
0.00011721642262407216 0 0 1 0 0 2 0 1 3 3 2 0
8.646275281423716 0 0 1 0 0 2 0 2 0 0 1 0
-0.0011008170859708084 0 0 1 0 0 2 0 2 0 0 1 3
-0.0010958161990215643 0 0 1 0 0 2 0 2 0 3 1 0
-0.00011880606879925433 0 0 1 0 0 2 0 2 0 3 1 3
-3.101893486507676e-05 0 0 1 0 0 2 0 2 1 1 1 0
-3.101893486507676e-05 0 0 1 0 0 2 0 2 2 2 1 0
-0.001095816199021562 0 0 1 0 0 2 0 2 3 0 1 0
-0.00017802996034453026 0 0 1 0 0 2 0 2 3 0 1 3
-0.00011721642262407216 0 0 1 0 0 2 0 2 3 3 1 0
-0.005238921210132733 0 0 1 0 0 2 0 3 1 0 0 2
-0.0005755207409747354 0 0 1 0 0 2 0 3 1 0 3 2
-0.0002870897278826029 0 0 1 0 0 2 0 3 1 3 0 2
0.005238921210132733 0 0 1 0 0 2 0 3 2 0 0 1
0.0005755207409747354 0 0 1 0 0 2 0 3 2 0 3 1
0.0002870897278826029 0 0 1 0 0 2 0 3 2 3 0 1
1.3412659172516705e-05 0 0 1 0 0 2 0 3 3 1 0 2
-1.3412659172516705e-05 0 0 1 0 0 2 0 3 3 2 0 1
0.0006301444569074358 0 0 1 0 0 2 1 0 0 0 2 0
7.077533033366666e-05 0 0 1 0 0 2 1 1 1 0 0 2
-7.077533033366666e-05 0 0 1 0 0 2 1 2 1 0 0 1
0.005034772500385832 0 0 1 0 0 2 1 3 0 0 2 0
0.0005765210446078718 0 0 1 0 0 2 1 3 0 0 2 3
0.0006427333505719359 0 0 1 0 0 2 1 3 0 3 2 0
0.0005861695625119602 0 0 1 0 0 2 1 3 3 0 2 0
-0.0006301444569074358 0 0 1 0 0 2 2 0 0 0 1 0
7.077533033366666e-05 0 0 1 0 0 2 2 1 2 0 0 2
-7.077533033366666e-05 0 0 1 0 0 2 2 2 2 0 0 1
-0.005034772500385832 0 0 1 0 0 2 2 3 0 0 1 0
-0.0005765210446078718 0 0 1 0 0 2 2 3 0 0 1 3
-0.0006427333505719359 0 0 1 0 0 2 2 3 0 3 1 0
-0.0005861695625119602 0 0 1 0 0 2 2 3 3 0 1 0
-0.005238921210132769 0 0 1 0 0 2 3 0 1 0 0 2
-0.0008241885104247487 0 0 1 0 0 2 3 0 1 0 3 2
-0.000546593512668303 0 0 1 0 0 2 3 0 1 3 0 2
0.005238921210132769 0 0 1 0 0 2 3 0 2 0 0 1
0.0008241885104247487 0 0 1 0 0 2 3 0 2 0 3 1
0.000546593512668303 0 0 1 0 0 2 3 0 2 3 0 1
-1.3412659172515853e-05 0 0 1 0 0 2 3 0 3 1 0 2
1.3412659172515853e-05 0 0 1 0 0 2 3 0 3 2 0 1
0.0010976102202902975 0 0 1 0 0 2 3 1 0 0 2 0
0.0001189804488974918 0 0 1 0 0 2 3 1 0 0 2 3
5.7435479786670925e-05 0 0 1 0 0 2 3 1 0 3 2 0
0.00011723010662137885 0 0 1 0 0 2 3 1 3 0 2 0
-0.0010976102202902975 0 0 1 0 0 2 3 2 0 0 1 0
-0.0001189804488974918 0 0 1 0 0 2 3 2 0 0 1 3
-5.7435479786670925e-05 0 0 1 0 0 2 3 2 0 3 1 0
-0.00011723010662137885 0 0 1 0 0 2 3 2 3 0 1 0
-0.0005591795541298421 0 0 1 0 0 2 3 3 1 0 0 2
0.0005591795541298421 0 0 1 0 0 2 3 3 2 0 0 1
0.0003178664191397118 0 0 1 0 1 0 0 0 1 0 1 0
0.0003178664191397118 0 0 1 0 1 0 0 0 2 0 2 0
0.00021349615993467908 0 0 1 0 1 0 0 1 0 0 0 1
0.0010723058889845524 0 0 1 0 1 0 0 1 0 0 3 1
0.00012244754557027388 0 0 1 0 1 0 0 1 0 3 3 1
0.00018874726993302793 0 0 1 0 1 0 0 1 3 0 3 1
0.00021349615993467908 0 0 1 0 1 0 0 2 0 0 0 2
0.0010723058889845524 0 0 1 0 1 0 0 2 0 0 3 2
0.00012244754557027388 0 0 1 0 1 0 0 2 0 3 3 2
0.00018874726993302793 0 0 1 0 1 0 0 2 3 0 3 2
0.0005316316665112709 0 0 1 0 1 0 1 3 0 0 3 1
0.0005316316665112709 0 0 1 0 1 0 2 3 0 0 3 2
0.00012242975631906574 0 0 1 0 1 0 3 1 0 0 3 1
0.00012242975631906574 0 0 1 0 1 0 3 2 0 0 3 2
0.001086128724491086 0 0 1 0 1 3 0 1 0 0 0 1
-8.422337876483288 0 0 1 0 1 3 0 1 0 0 3 1
0.00011509777125949189 0 0 1 0 1 3 0 1 0 3 0 1
0.00106743452516384 0 0 1 0 1 3 0 1 0 3 3 1
3.021554348106485e-05 0 0 1 0 1 3 0 1 1 1 3 1
3.021554348106485e-05 0 0 1 0 1 3 0 1 2 2 3 1
0.00017242943761488987 0 0 1 0 1 3 0 1 3 0 0 1
0.0010674345251638377 0 0 1 0 1 3 0 1 3 0 3 1
0.00011418051360880479 0 0 1 0 1 3 0 1 3 3 3 1
0.001086128724491086 0 0 1 0 1 3 0 2 0 0 0 2
-8.422337876483288 0 0 1 0 1 3 0 2 0 0 3 2
0.00011509777125949189 0 0 1 0 1 3 0 2 0 3 0 2
0.00106743452516384 0 0 1 0 1 3 0 2 0 3 3 2
3.021554348106485e-05 0 0 1 0 1 3 0 2 1 1 3 2
3.021554348106485e-05 0 0 1 0 1 3 0 2 2 2 3 2
0.00017242943761488987 0 0 1 0 1 3 0 2 3 0 0 2
0.0010674345251638377 0 0 1 0 1 3 0 2 3 0 3 2
0.00011418051360880479 0 0 1 0 1 3 0 2 3 3 3 2
0.0006138236957477003 0 0 1 0 1 3 1 0 0 0 3 1
0.0005574329303768223 0 0 1 0 1 3 1 3 0 0 0 1
0.004904371735018991 0 0 1 0 1 3 1 3 0 0 3 1
0.0006268794427272524 0 0 1 0 1 3 1 3 0 3 3 1
0.0005717676909042001 0 0 1 0 1 3 1 3 3 0 3 1
0.0006138236957477003 0 0 1 0 1 3 2 0 0 0 3 2
0.0005574329303768223 0 0 1 0 1 3 2 3 0 0 0 2
0.004904371735018991 0 0 1 0 1 3 2 3 0 0 3 2
0.0006268794427272524 0 0 1 0 1 3 2 3 0 3 3 2
0.0005717676909042001 0 0 1 0 1 3 2 3 3 0 3 2
0.0001149225163887404 0 0 1 0 1 3 3 1 0 0 0 1
0.0010691820812255533 0 0 1 0 1 3 3 1 0 0 3 1
5.594789906225503e-05 0 0 1 0 1 3 3 1 0 3 3 1
0.00011419384319015283 0 0 1 0 1 3 3 1 3 0 3 1
0.0001149225163887404 0 0 1 0 1 3 3 2 0 0 0 2
0.0010691820812255533 0 0 1 0 1 3 3 2 0 0 3 2
5.594789906225503e-05 0 0 1 0 1 3 3 2 0 3 3 2
0.00011419384319015283 0 0 1 0 1 3 3 2 3 0 3 2
39.592065383082655 0 0 1 0 2 0 0 0 1 0 2 0
-0.005040739857061821 0 0 1 0 2 0 0 0 1 0 2 3
-0.00501784034860853 0 0 1 0 2 0 0 0 1 3 2 0
-0.0005440236110880195 0 0 1 0 2 0 0 0 1 3 2 3
-39.592065383082655 0 0 1 0 2 0 0 0 2 0 1 0
0.005040739857061821 0 0 1 0 2 0 0 0 2 0 1 3
0.00501784034860853 0 0 1 0 2 0 0 0 2 3 1 0
0.0005440236110880195 0 0 1 0 2 0 0 0 2 3 1 3
-0.00502605533239551 0 0 1 0 2 0 0 3 1 0 2 0
-0.0005570181568250131 0 0 1 0 2 0 0 3 1 0 2 3
-0.0002754248059523259 0 0 1 0 2 0 0 3 1 3 2 0
0.00502605533239551 0 0 1 0 2 0 0 3 2 0 1 0
0.0005570181568250131 0 0 1 0 2 0 0 3 2 0 1 3
0.0002754248059523259 0 0 1 0 2 0 0 3 2 3 1 0
1.2867681045717265e-05 0 0 1 0 2 0 0 3 3 1 2 0
-1.2867681045717265e-05 0 0 1 0 2 0 0 3 3 2 1 0
7.153672294738197e-05 0 0 1 0 2 0 1 1 1 0 2 0
-7.153672294738197e-05 0 0 1 0 2 0 1 2 1 0 1 0
7.153672294738197e-05 0 0 1 0 2 0 2 1 2 0 2 0
-7.153672294738197e-05 0 0 1 0 2 0 2 2 2 0 1 0
-0.005026055332395545 0 0 1 0 2 0 3 0 1 0 2 0
-0.0008014373203056427 0 0 1 0 2 0 3 0 1 0 2 3
-0.0005243845304804105 0 0 1 0 2 0 3 0 1 3 2 0
0.005026055332395545 0 0 1 0 2 0 3 0 2 0 1 0
0.0008014373203056427 0 0 1 0 2 0 3 0 2 0 1 3
0.0005243845304804105 0 0 1 0 2 0 3 0 2 3 1 0
-1.2867681045716449e-05 0 0 1 0 2 0 3 0 3 1 2 0
1.2867681045716449e-05 0 0 1 0 2 0 3 0 3 2 1 0
-0.000536459180635326 0 0 1 0 2 0 3 3 1 0 2 0
0.000536459180635326 0 0 1 0 2 0 3 3 2 0 1 0
-0.00504073985706182 0 0 1 0 2 3 0 0 1 0 2 0
-0.0010142579182635973 0 0 1 0 2 3 0 0 1 0 2 3
-0.0005756064847689787 0 0 1 0 2 3 0 0 1 3 2 0
0.00504073985706182 0 0 1 0 2 3 0 0 2 0 1 0
0.0010142579182635973 0 0 1 0 2 3 0 0 2 0 1 3
0.0005756064847689787 0 0 1 0 2 3 0 0 2 3 1 0
-6.524966552718702e-05 0 0 1 0 2 3 0 1 0 0 3 2
6.524966552718699e-05 0 0 1 0 2 3 0 2 0 0 3 1
-0.0005894133641377744 0 0 1 0 2 3 0 3 1 0 2 0
0.0005894133641377744 0 0 1 0 2 3 0 3 2 0 1 0
-0.0008677909604467391 0 0 1 0 2 3 3 0 1 0 2 0
0.0008677909604467391 0 0 1 0 2 3 3 0 2 0 1 0
-0.005321958636968977 0 0 1 0 3 2 0 0 1 0 0 2
-0.001017784995277687 0 0 1 0 3 2 0 0 1 0 3 2
-0.0005955543109867407 0 0 1 0 3 2 0 0 1 3 0 2
0.005321958636968977 0 0 1 0 3 2 0 0 2 0 0 1
0.001017784995277687 0 0 1 0 3 2 0 0 2 0 3 1
0.0005955543109867407 0 0 1 0 3 2 0 0 2 3 0 1
0.0011150074524123891 0 0 1 0 3 2 0 1 0 0 2 0
0.00021513619988174353 0 0 1 0 3 2 0 1 0 0 2 3
0.00012477501994354796 0 0 1 0 3 2 0 1 0 3 2 0
0.0001883808788225232 0 0 1 0 3 2 0 1 3 0 2 0
-0.0011150074524123891 0 0 1 0 3 2 0 2 0 0 1 0
-0.00021513619988174353 0 0 1 0 3 2 0 2 0 0 1 3
-0.00012477501994354796 0 0 1 0 3 2 0 2 0 3 1 0
-0.0001883808788225232 0 0 1 0 3 2 0 2 3 0 1 0
-0.0006089887021386659 0 0 1 0 3 2 0 3 1 0 0 2
0.0006089887021386659 0 0 1 0 3 2 0 3 2 0 0 1
0.0005411694933438669 0 0 1 0 3 2 1 3 0 0 2 0
-0.0005411694933438669 0 0 1 0 3 2 2 3 0 0 1 0
-0.0008801563099889885 0 0 1 0 3 2 3 0 1 0 0 2
0.0008801563099889885 0 0 1 0 3 2 3 0 2 0 0 1
0.00012475483396561838 0 0 1 0 3 2 3 1 0 0 2 0
-0.00012475483396561838 0 0 1 0 3 2 3 2 0 0 1 0
0.000314296564411809 0 0 1 1 0 0 0 0 1 1 0 0
0.000314296564411809 0 0 1 1 0 0 0 0 2 2 0 0
-6.897195244732009e-06 0 0 1 1 0 0 0 1 0 1 2 2
6.897195244732009e-06 0 0 1 1 0 0 0 1 0 2 2 1
6.897195244732009e-06 0 0 1 1 0 0 0 2 0 1 1 2
-6.897195244732009e-06 0 0 1 1 0 0 0 2 0 2 1 1
-0.0021309834899084445 0 0 1 1 0 0 0 3 0 0 0 0
-0.00023103671157461686 0 0 1 1 0 0 0 3 0 0 0 3
-0.0002297765759839835 0 0 1 1 0 0 0 3 0 0 3 0
-0.0003444147813732963 0 0 1 1 0 0 0 3 0 3 0 0
16.814014417477555 0 0 1 1 0 0 0 3 3 0 0 0
-0.0021407084853349205 0 0 1 1 0 0 0 3 3 0 0 3
-0.002168303839948003 0 0 1 1 0 0 0 3 3 0 3 0
-0.00012313925061306917 0 0 1 1 0 0 0 3 3 0 3 3
-0.0021309834899084492 0 0 1 1 0 0 0 3 3 3 0 0
-0.00023103671157461702 0 0 1 1 0 0 0 3 3 3 0 3
-0.0002297765759839835 0 0 1 1 0 0 0 3 3 3 3 0
0.0012364987695560677 0 0 1 1 0 0 1 1 0 0 0 0
0.004662781757347169 0 0 1 1 0 0 1 1 3 0 0 0
0.0005339251792048823 0 0 1 1 0 0 1 1 3 0 0 3
0.0005299737130744956 0 0 1 1 0 0 1 1 3 0 3 0
0.0004924580320888902 0 0 1 1 0 0 1 1 3 3 0 0
0.0012364987695560677 0 0 1 1 0 0 2 2 0 0 0 0
0.004662781757347169 0 0 1 1 0 0 2 2 3 0 0 0
0.0005339251792048823 0 0 1 1 0 0 2 2 3 0 0 3
0.0005299737130744956 0 0 1 1 0 0 2 2 3 0 3 0
0.0004924580320888902 0 0 1 1 0 0 2 2 3 3 0 0
0.002130983489908309 0 0 1 1 0 0 3 0 0 0 0 0
0.0002310367115746022 0 0 1 1 0 0 3 0 0 0 0 3
0.00022977657598396888 0 0 1 1 0 0 3 0 0 0 3 0
0.000344414781373283 0 0 1 1 0 0 3 0 0 3 0 0
-16.814014417476486 0 0 1 1 0 0 3 0 3 0 0 0
0.002140708485334785 0 0 1 1 0 0 3 0 3 0 0 3
0.002168303839947865 0 0 1 1 0 0 3 0 3 0 3 0
0.00012313925061306136 0 0 1 1 0 0 3 0 3 0 3 3
0.002130983489908314 0 0 1 1 0 0 3 0 3 3 0 0
0.00023103671157460236 0 0 1 1 0 0 3 0 3 3 0 3
0.00022977657598396888 0 0 1 1 0 0 3 0 3 3 3 0
5.8415978353875204e-05 0 0 1 1 0 3 0 1 3 1 1 1
5.824083427459117e-05 0 0 1 1 0 3 0 1 3 1 2 2
1.7514407928403105e-07 0 0 1 1 0 3 0 1 3 2 2 1
1.7514407928403105e-07 0 0 1 1 0 3 0 2 3 1 1 2
5.824083427459117e-05 0 0 1 1 0 3 0 2 3 2 1 1
5.8415978353875204e-05 0 0 1 1 0 3 0 2 3 2 2 2
-0.0002444493707471335 0 0 1 1 0 3 0 3 0 0 0 0
-0.00214070848533492 0 0 1 1 0 3 0 3 3 0 0 0
-0.00027485287804835827 0 0 1 1 0 3 0 3 3 0 0 3
-0.0002859459014208633 0 0 1 1 0 3 0 3 3 0 3 0
-0.00024444937074713367 0 0 1 1 0 3 0 3 3 3 0 0
0.0005054434227602914 0 0 1 1 0 3 1 1 3 0 0 0
-0.00010506038646225816 0 0 1 1 0 3 1 3 0 1 1 1
-0.00010473808246828234 0 0 1 1 0 3 1 3 0 1 2 2
-3.223039939758306e-07 0 0 1 1 0 3 1 3 0 2 2 1
0.0005054434227602914 0 0 1 1 0 3 2 2 3 0 0 0
-3.223039939758306e-07 0 0 1 1 0 3 2 3 0 1 1 2
-0.00010473808246828234 0 0 1 1 0 3 2 3 0 2 1 1
-0.00010506038646225816 0 0 1 1 0 3 2 3 0 2 2 2
0.000244449370747118 0 0 1 1 0 3 3 0 0 0 0 0
0.0021407084853347844 0 0 1 1 0 3 3 0 3 0 0 0
0.0002748528780483408 0 0 1 1 0 3 3 0 3 0 0 3
0.00028594590142084586 0 0 1 1 0 3 3 0 3 0 3 0
0.00024444937074711816 0 0 1 1 0 3 3 0 3 3 0 0
5.832092629186648e-05 0 0 1 1 0 3 3 1 0 1 1 1
5.814606719977868e-05 0 0 1 1 0 3 3 1 0 1 2 2
1.7485909208782274e-07 0 0 1 1 0 3 3 1 0 2 2 1
1.7485909208782274e-07 0 0 1 1 0 3 3 2 0 1 1 2
5.814606719977868e-05 0 0 1 1 0 3 3 2 0 2 1 1
5.832092629186648e-05 0 0 1 1 0 3 3 2 0 2 2 2
-6.718557671985944e-06 0 0 1 1 1 1 0 1 0 1 3 3
6.500314576489545e-05 0 0 1 1 1 1 0 1 3 1 3 0
-6.718557671985944e-06 0 0 1 1 1 1 0 2 0 2 3 3
6.500314576489545e-05 0 0 1 1 1 1 0 2 3 2 3 0
-0.00011783094741826275 0 0 1 1 1 1 1 3 0 1 3 0
-0.00011783094741826275 0 0 1 1 1 1 2 3 0 2 3 0
6.489737533673318e-05 0 0 1 1 1 1 3 1 0 1 3 0
6.489737533673318e-05 0 0 1 1 1 1 3 2 0 2 3 0
3.035216173598935e-05 0 0 1 1 1 2 0 1 2 0 0 0
-3.081823472837636e-05 0 0 1 1 1 2 0 1 2 0 3 3
-3.035216173598935e-05 0 0 1 1 1 2 0 2 1 0 0 0
3.081823472837636e-05 0 0 1 1 1 2 0 2 1 0 3 3
0.00015600654692040166 0 0 1 1 1 2 0 3 3 0 1 2
-0.00015600654692040166 0 0 1 1 1 2 0 3 3 0 2 1
1.736940444246727e-07 0 0 1 1 1 2 1 3 2 0 3 0
-1.736940444246727e-07 0 0 1 1 1 2 2 3 1 0 3 0
-0.00015600654692039215 0 0 1 1 1 2 3 0 3 0 1 2
0.00015600654692039215 0 0 1 1 1 2 3 0 3 0 2 1
-0.00015600654692040166 0 0 1 1 2 1 0 3 3 0 1 2
0.00015600654692040166 0 0 1 1 2 1 0 3 3 0 2 1
0.00015600654692039215 0 0 1 1 2 1 3 0 3 0 1 2
-0.00015600654692039215 0 0 1 1 2 1 3 0 3 0 2 1
6.316574736191885e-05 0 0 1 1 2 2 0 0 1 1 2 2
-3.1582873680959424e-05 0 0 1 1 2 2 0 0 1 2 1 2
-3.1582873680959424e-05 0 0 1 1 2 2 0 0 1 2 2 1
-3.1582873680959424e-05 0 0 1 1 2 2 0 0 2 1 1 2
-3.1582873680959424e-05 0 0 1 1 2 2 0 0 2 1 2 1
6.316574736191885e-05 0 0 1 1 2 2 0 0 2 2 1 1
-6.616950999627646e-06 0 0 1 1 2 2 0 1 0 1 0 0
6.500314576489545e-05 0 0 1 1 2 2 0 1 3 1 3 0
-6.616950999627646e-06 0 0 1 1 2 2 0 2 0 2 0 0
6.500314576489545e-05 0 0 1 1 2 2 0 2 3 2 3 0
-0.00011703420738962233 0 0 1 1 2 2 1 3 0 1 3 0
-0.00011703420738962233 0 0 1 1 2 2 2 3 0 2 3 0
6.489737533673318e-05 0 0 1 1 2 2 3 1 0 1 3 0
6.489737533673318e-05 0 0 1 1 2 2 3 2 0 2 3 0
-0.0002426442570297007 0 0 1 1 3 0 0 3 0 0 0 0
-0.002168303839948002 0 0 1 1 3 0 0 3 3 0 0 0
-0.0002852680883634912 0 0 1 1 3 0 0 3 3 0 0 3
-0.00027119863287067807 0 0 1 1 3 0 0 3 3 0 3 0
-0.00024264425702970078 0 0 1 1 3 0 0 3 3 3 0 0
0.0005011855532704247 0 0 1 1 3 0 1 1 3 0 0 0
0.0005011855532704247 0 0 1 1 3 0 2 2 3 0 0 0
0.00024264425702968527 0 0 1 1 3 0 3 0 0 0 0 0
0.002168303839947864 0 0 1 1 3 0 3 0 3 0 0 0
0.00028526808836347374 0 0 1 1 3 0 3 0 3 0 0 3
0.0002711986328706608 0 0 1 1 3 0 3 0 3 0 3 0
0.00024264425702968538 0 0 1 1 3 0 3 0 3 3 0 0
-6.4455717616024565e-06 0 0 1 1 3 3 0 1 0 1 1 1
-6.4455717616024565e-06 0 0 1 1 3 3 0 1 0 2 2 1
-6.4455717616024565e-06 0 0 1 1 3 3 0 2 0 1 1 2
-6.4455717616024565e-06 0 0 1 1 3 3 0 2 0 2 2 2
-0.00012313925061306917 0 0 1 1 3 3 0 3 3 0 0 0
0.00012313925061306136 0 0 1 1 3 3 3 0 3 0 0 0
40.461820236484456 0 0 1 2 0 0 0 0 1 2 0 0
-0.005151474305456101 0 0 1 2 0 0 0 0 1 2 0 3
-0.005217880713060451 0 0 1 2 0 0 0 0 1 2 3 0
-0.00029632651520372676 0 0 1 2 0 0 0 0 1 2 3 3
-40.461820236484456 0 0 1 2 0 0 0 0 2 1 0 0
0.005151474305456101 0 0 1 2 0 0 0 0 2 1 0 3
0.005217880713060451 0 0 1 2 0 0 0 0 2 1 3 0
0.00029632651520372676 0 0 1 2 0 0 0 0 2 1 3 3
-3.163765087645095e-05 0 0 1 2 0 0 0 1 1 0 2 1
-3.163765087645095e-05 0 0 1 2 0 0 0 1 2 0 2 2
3.163765087645095e-05 0 0 1 2 0 0 0 2 1 0 1 1
3.163765087645095e-05 0 0 1 2 0 0 0 2 2 0 1 2
-0.00513646719268071 0 0 1 2 0 0 0 3 1 2 0 0
-0.0005567907086094365 0 0 1 2 0 0 0 3 1 2 0 3
-0.0005521002881515296 0 0 1 2 0 0 0 3 1 2 3 0
0.00513646719268071 0 0 1 2 0 0 0 3 2 1 0 0
0.0005567907086094365 0 0 1 2 0 0 0 3 2 1 0 3
0.0005521002881515296 0 0 1 2 0 0 0 3 2 1 3 0
0.0019811794112759096 0 0 1 2 0 0 1 1 1 2 0 0
8.202266407257049e-05 0 0 1 2 0 0 1 1 2 1 0 0
-0.00206320207534848 0 0 1 2 0 0 1 2 1 1 0 0
0.00206320207534848 0 0 1 2 0 0 2 1 2 2 0 0
-8.202266407257049e-05 0 0 1 2 0 0 2 2 1 2 0 0
-0.0019811794112759096 0 0 1 2 0 0 2 2 2 1 0 0
-0.005136467192680745 0 0 1 2 0 0 3 0 1 2 0 0
-0.0005567907086094367 0 0 1 2 0 0 3 0 1 2 0 3
-0.0005521002881515298 0 0 1 2 0 0 3 0 1 2 3 0
0.005136467192680745 0 0 1 2 0 0 3 0 2 1 0 0
0.0005567907086094367 0 0 1 2 0 0 3 0 2 1 0 3
0.0005521002881515298 0 0 1 2 0 0 3 0 2 1 3 0
-0.000827608609552784 0 0 1 2 0 0 3 3 1 2 0 0
0.000827608609552784 0 0 1 2 0 0 3 3 2 1 0 0
-0.0051514743054561 0 0 1 2 0 3 0 0 1 2 0 0
-0.0006943358771442682 0 0 1 2 0 3 0 0 1 2 0 3
-0.0006562082724328055 0 0 1 2 0 3 0 0 1 2 3 0
0.0051514743054561 0 0 1 2 0 3 0 0 2 1 0 0
0.0006943358771442682 0 0 1 2 0 3 0 0 2 1 0 3
0.0006562082724328055 0 0 1 2 0 3 0 0 2 1 3 0
-8.033913840119131e-07 0 0 1 2 0 3 0 1 1 3 2 1
0.0002679559245735166 0 0 1 2 0 3 0 1 2 3 1 1
0.00026715253318950475 0 0 1 2 0 3 0 1 2 3 2 2
-0.00026715253318950475 0 0 1 2 0 3 0 2 1 3 1 1
-0.0002679559245735166 0 0 1 2 0 3 0 2 1 3 2 2
8.033913840119131e-07 0 0 1 2 0 3 0 2 2 3 1 2
-0.0005881658865999236 0 0 1 2 0 3 0 3 1 2 0 0
0.0005881658865999236 0 0 1 2 0 3 0 3 2 1 0 0
-1.4784185274849637e-06 0 0 1 2 0 3 1 3 1 0 2 1
0.0017738486808352625 0 0 1 2 0 3 1 3 2 0 1 1
0.0017723702623077772 0 0 1 2 0 3 1 3 2 0 2 2
-0.0017723702623077772 0 0 1 2 0 3 2 3 1 0 1 1
-0.0017738486808352625 0 0 1 2 0 3 2 3 1 0 2 2
1.4784185274849637e-06 0 0 1 2 0 3 2 3 2 0 1 2
-0.0005881658865999238 0 0 1 2 0 3 3 0 1 2 0 0
0.0005881658865999238 0 0 1 2 0 3 3 0 2 1 0 0
-8.020841388060768e-07 0 0 1 2 0 3 3 1 1 0 2 1
0.00026751991778436296 0 0 1 2 0 3 3 1 2 0 1 1
0.00026671783364555686 0 0 1 2 0 3 3 1 2 0 2 2
-0.00026671783364555686 0 0 1 2 0 3 3 2 1 0 1 1
-0.00026751991778436296 0 0 1 2 0 3 3 2 1 0 2 2
8.020841388060768e-07 0 0 1 2 0 3 3 2 2 0 1 2
-3.035216173598935e-05 0 0 1 2 1 1 0 1 2 0 0 0
0.00029817146805458154 0 0 1 2 1 1 0 1 2 3 3 0
3.035216173598935e-05 0 0 1 2 1 1 0 2 1 0 0 0
-0.00029817146805458154 0 0 1 2 1 1 0 2 1 3 3 0
0.0016978534389907617 0 0 1 2 1 1 1 3 2 0 3 0
-0.0016978534389907617 0 0 1 2 1 1 2 3 1 0 3 0
0.00029768629578376637 0 0 1 2 1 1 3 1 2 0 3 0
-0.00029768629578376637 0 0 1 2 1 1 3 2 1 0 3 0
-3.1582873680959424e-05 0 0 1 2 1 2 0 0 1 1 2 2
0.0003914646309100382 0 0 1 2 1 2 0 0 1 2 1 2
-0.00035988175722907875 0 0 1 2 1 2 0 0 1 2 2 1
-0.00035988175722907875 0 0 1 2 1 2 0 0 2 1 1 2
0.0003914646309100382 0 0 1 2 1 2 0 0 2 1 2 1
-3.1582873680959424e-05 0 0 1 2 1 2 0 0 2 2 1 1
6.616950999627646e-06 0 0 1 2 1 2 0 1 0 1 0 0
-6.718557671985944e-06 0 0 1 2 1 2 0 1 0 1 3 3
6.616950999627646e-06 0 0 1 2 1 2 0 2 0 2 0 0
-6.718557671985944e-06 0 0 1 2 1 2 0 2 0 2 3 3
-7.967400286404616e-07 0 0 1 2 1 2 1 3 0 1 3 0
-7.967400286404616e-07 0 0 1 2 1 2 2 3 0 2 3 0
-3.1582873680959424e-05 0 0 1 2 2 1 0 0 1 1 2 2
-0.00035988175722907875 0 0 1 2 2 1 0 0 1 2 1 2
0.0003914646309100382 0 0 1 2 2 1 0 0 1 2 2 1
0.0003914646309100382 0 0 1 2 2 1 0 0 2 1 1 2
-0.00035988175722907875 0 0 1 2 2 1 0 0 2 1 2 1
-3.1582873680959424e-05 0 0 1 2 2 1 0 0 2 2 1 1
-3.081823472837636e-05 0 0 1 2 2 2 0 1 2 0 3 3
0.00029817146805458154 0 0 1 2 2 2 0 1 2 3 3 0
3.081823472837636e-05 0 0 1 2 2 2 0 2 1 0 3 3
-0.00029817146805458154 0 0 1 2 2 2 0 2 1 3 3 0
0.0016980271330351861 0 0 1 2 2 2 1 3 2 0 3 0
-0.0016980271330351861 0 0 1 2 2 2 2 3 1 0 3 0
0.00029768629578376637 0 0 1 2 2 2 3 1 2 0 3 0
-0.00029768629578376637 0 0 1 2 2 2 3 2 1 0 3 0
-0.0052178807130604495 0 0 1 2 3 0 0 0 1 2 0 0
-0.0006562082724328055 0 0 1 2 3 0 0 0 1 2 0 3
-0.0006829212999520119 0 0 1 2 3 0 0 0 1 2 3 0
0.0052178807130604495 0 0 1 2 3 0 0 0 2 1 0 0
0.0006562082724328055 0 0 1 2 3 0 0 0 2 1 0 3
0.0006829212999520119 0 0 1 2 3 0 0 0 2 1 3 0
-0.0005838129965874887 0 0 1 2 3 0 0 3 1 2 0 0
0.0005838129965874887 0 0 1 2 3 0 0 3 2 1 0 0
-0.0005838129965874889 0 0 1 2 3 0 3 0 1 2 0 0
0.0005838129965874889 0 0 1 2 3 0 3 0 2 1 0 0
-0.00029632651520372676 0 0 1 2 3 3 0 0 1 2 0 0
0.00029632651520372676 0 0 1 2 3 3 0 0 2 1 0 0
2.9566039796893243e-05 0 0 1 2 3 3 0 1 1 0 2 1
-2.9566039796893243e-05 0 0 1 2 3 3 0 1 2 0 1 1
2.9566039796893243e-05 0 0 1 2 3 3 0 2 1 0 2 2
-2.9566039796893243e-05 0 0 1 2 3 3 0 2 2 0 1 2
-0.005230358301458587 0 0 1 3 0 2 0 0 1 0 0 2
-0.0005955543109867407 0 0 1 3 0 2 0 0 1 0 3 2
-0.0006885836675660358 0 0 1 3 0 2 0 0 1 3 0 2
0.005230358301458587 0 0 1 3 0 2 0 0 2 0 0 1
0.0005955543109867407 0 0 1 3 0 2 0 0 2 0 3 1
0.0006885836675660358 0 0 1 3 0 2 0 0 2 3 0 1
0.0010958161990215643 0 0 1 3 0 2 0 1 0 0 2 0
0.00012570326404398631 0 0 1 3 0 2 0 1 0 0 2 3
0.00013750335709498512 0 0 1 3 0 2 0 1 0 3 2 0
-0.0002724812638658639 0 0 1 3 0 2 0 1 1 1 2 3
0.00027330068001393836 0 0 1 3 0 2 0 1 2 1 1 3
8.194161480745846e-07 0 0 1 3 0 2 0 1 2 2 2 3
0.00012397873411437645 0 0 1 3 0 2 0 1 3 0 2 0
-0.0010958161990215643 0 0 1 3 0 2 0 2 0 0 1 0
-0.00012570326404398631 0 0 1 3 0 2 0 2 0 0 1 3
-0.00013750335709498512 0 0 1 3 0 2 0 2 0 3 1 0
-8.194161480745846e-07 0 0 1 3 0 2 0 2 1 1 1 3
-0.00027330068001393836 0 0 1 3 0 2 0 2 1 2 2 3
0.0002724812638658639 0 0 1 3 0 2 0 2 2 2 1 3
-0.00012397873411437645 0 0 1 3 0 2 0 2 3 0 1 0
-5.9396263199110014e-05 0 0 1 3 0 2 0 3 0 1 0 2
5.9396263199110014e-05 0 0 1 3 0 2 0 3 0 2 0 1
-0.0006530759991791369 0 0 1 3 0 2 0 3 1 0 0 2
0.0006530759991791369 0 0 1 3 0 2 0 3 2 0 0 1
-5.691607271002177e-05 0 0 1 3 0 2 0 3 3 1 3 2
5.691607271002176e-05 0 0 1 3 0 2 0 3 3 2 3 1
1.568597870753381e-05 0 0 1 3 0 2 1 1 3 1 0 2
-1.568597870753381e-05 0 0 1 3 0 2 1 2 3 1 0 1
0.0002634583468983333 0 0 1 3 0 2 1 3 0 0 2 0
-1.618324432266408e-05 0 0 1 3 0 2 1 3 1 1 2 0
-6.486621060599187e-05 0 0 1 3 0 2 1 3 2 1 1 0
-8.104945492865596e-05 0 0 1 3 0 2 1 3 2 2 2 0
1.568597870753381e-05 0 0 1 3 0 2 2 1 3 2 0 2
-1.568597870753381e-05 0 0 1 3 0 2 2 2 3 2 0 1
-0.0002634583468983333 0 0 1 3 0 2 2 3 0 0 1 0
8.104945492865596e-05 0 0 1 3 0 2 2 3 1 1 1 0
6.486621060599187e-05 0 0 1 3 0 2 2 3 1 2 2 0
1.618324432266408e-05 0 0 1 3 0 2 2 3 2 2 1 0
5.9396263199110644e-05 0 0 1 3 0 2 3 0 0 1 0 2
-5.9396263199110644e-05 0 0 1 3 0 2 3 0 0 2 0 1
-0.0005944757500752385 0 0 1 3 0 2 3 0 1 0 0 2
0.0005944757500752385 0 0 1 3 0 2 3 0 2 0 0 1
5.6916072710021504e-05 0 0 1 3 0 2 3 0 3 1 3 2
-5.691607271002151e-05 0 0 1 3 0 2 3 0 3 2 3 1
0.00014419035668830843 0 0 1 3 0 2 3 1 0 0 2 0
-0.00027448616443852465 0 0 1 3 0 2 3 1 1 1 2 0
0.00027469250048896987 0 0 1 3 0 2 3 1 2 1 1 0
2.0633605044518458e-07 0 0 1 3 0 2 3 1 2 2 2 0
-0.00014419035668830843 0 0 1 3 0 2 3 2 0 0 1 0
-2.0633605044518458e-07 0 0 1 3 0 2 3 2 1 1 1 0
-0.00027469250048896987 0 0 1 3 0 2 3 2 1 2 2 0
0.00027448616443852465 0 0 1 3 0 2 3 2 2 2 1 0
0.00011572898789828797 0 0 1 3 1 0 0 1 0 0 3 1
-0.0003041189147423148 0 0 1 3 1 0 0 1 1 1 3 1
-0.0003041189147423148 0 0 1 3 1 0 0 1 2 1 3 2
0.00011572898789828797 0 0 1 3 1 0 0 2 0 0 3 2
-0.0003041189147423148 0 0 1 3 1 0 0 2 1 2 3 1
-0.0003041189147423148 0 0 1 3 1 0 0 2 2 2 3 2
0.00012154334302109436 0 0 1 3 1 3 0 1 0 0 0 1
0.00106743452516384 0 0 1 3 1 3 0 1 0 0 3 1
0.00013394201584186565 0 0 1 3 1 3 0 1 0 3 3 1
-0.0002621960294945096 0 0 1 3 1 3 0 1 1 1 0 1
-0.0002614099075554135 0 0 1 3 1 3 0 1 2 1 0 2
-7.861219390961046e-07 0 0 1 3 1 3 0 1 2 2 0 1
0.00012076768101982504 0 0 1 3 1 3 0 1 3 0 3 1
0.00012154334302109436 0 0 1 3 1 3 0 2 0 0 0 2
0.00106743452516384 0 0 1 3 1 3 0 2 0 0 3 2
0.00013394201584186565 0 0 1 3 1 3 0 2 0 3 3 2
-7.861219390961046e-07 0 0 1 3 1 3 0 2 1 1 0 2
-0.0002614099075554135 0 0 1 3 1 3 0 2 1 2 0 1
-0.0002621960294945096 0 0 1 3 1 3 0 2 2 2 0 2
0.00012076768101982504 0 0 1 3 1 3 0 2 3 0 3 2
0.0002566347674664538 0 0 1 3 1 3 1 3 0 0 3 1
-1.5936956003587953e-05 0 0 1 3 1 3 1 3 1 1 3 1
6.659091745255295e-05 0 0 1 3 1 3 1 3 2 1 3 2
-8.252787345614089e-05 0 0 1 3 1 3 1 3 2 2 3 1
0.0002566347674664538 0 0 1 3 1 3 2 3 0 0 3 2
-8.252787345614089e-05 0 0 1 3 1 3 2 3 1 1 3 2
6.659091745255295e-05 0 0 1 3 1 3 2 3 1 2 3 1
-1.5936956003587953e-05 0 0 1 3 1 3 2 3 2 2 3 2
0.00014045582193639427 0 0 1 3 1 3 3 1 0 0 3 1
-0.0002673769641871431 0 0 1 3 1 3 3 1 1 1 3 1
-0.0002675779561274227 0 0 1 3 1 3 3 1 2 1 3 2
2.009919402795711e-07 0 0 1 3 1 3 3 1 2 2 3 1
0.00014045582193639427 0 0 1 3 1 3 3 2 0 0 3 2
2.009919402795711e-07 0 0 1 3 1 3 3 2 1 1 3 2
-0.0002675779561274227 0 0 1 3 1 3 3 2 1 2 3 1
-0.0002673769641871431 0 0 1 3 1 3 3 2 2 2 3 2
-0.00501784034860853 0 0 1 3 2 0 0 0 1 0 2 0
-0.0005756064847689787 0 0 1 3 2 0 0 0 1 0 2 3
-0.0006606053947665776 0 0 1 3 2 0 0 0 1 3 2 0
0.00501784034860853 0 0 1 3 2 0 0 0 2 0 1 0
0.0005756064847689787 0 0 1 3 2 0 0 0 2 0 1 3
0.0006606053947665776 0 0 1 3 2 0 0 0 2 3 1 0
-5.6982896554897906e-05 0 0 1 3 2 0 0 3 0 1 2 0
5.6982896554897906e-05 0 0 1 3 2 0 0 3 0 2 1 0
-0.0006265404606172087 0 0 1 3 2 0 0 3 1 0 2 0
0.0006265404606172087 0 0 1 3 2 0 0 3 2 0 1 0
-5.5943634798970804e-05 0 0 1 3 2 0 0 3 3 1 2 3
5.5943634798970804e-05 0 0 1 3 2 0 0 3 3 2 1 3
1.585472660698559e-05 0 0 1 3 2 0 1 1 3 1 2 0
-1.585472660698559e-05 0 0 1 3 2 0 1 2 3 1 1 0
1.585472660698559e-05 0 0 1 3 2 0 2 1 3 2 2 0
-1.585472660698559e-05 0 0 1 3 2 0 2 2 3 2 1 0
5.698289655489851e-05 0 0 1 3 2 0 3 0 0 1 2 0
-5.698289655489851e-05 0 0 1 3 2 0 3 0 0 2 1 0
-0.0005703212348119609 0 0 1 3 2 0 3 0 1 0 2 0
0.0005703212348119609 0 0 1 3 2 0 3 0 2 0 1 0
5.594363479897055e-05 0 0 1 3 2 0 3 0 3 1 2 3
-5.594363479897055e-05 0 0 1 3 2 0 3 0 3 2 1 3
-0.0005440236110880195 0 0 1 3 2 3 0 0 1 0 2 0
0.0005440236110880195 0 0 1 3 2 3 0 0 2 0 1 0
-6.371617659741418e-05 0 0 1 3 2 3 0 3 3 1 2 0
6.371617659741418e-05 0 0 1 3 2 3 0 3 3 2 1 0
6.37161765974139e-05 0 0 1 3 2 3 3 0 3 1 2 0
-6.37161765974139e-05 0 0 1 3 2 3 3 0 3 2 1 0
-0.0005639714373057812 0 0 1 3 3 2 0 0 1 0 0 2
0.0005639714373057812 0 0 1 3 3 2 0 0 2 0 0 1
0.0001181580689439203 0 0 1 3 3 2 0 1 0 0 2 0
-0.0002917620692914029 0 0 1 3 3 2 0 1 1 1 2 0
0.0002917620692914029 0 0 1 3 3 2 0 1 2 1 1 0
-0.0001181580689439203 0 0 1 3 3 2 0 2 0 0 1 0
-0.0002917620692914029 0 0 1 3 3 2 0 2 1 2 2 0
0.0002917620692914029 0 0 1 3 3 2 0 2 2 2 1 0
-6.206592562899115e-05 0 0 1 3 3 2 0 3 3 1 0 2
6.206592562899115e-05 0 0 1 3 3 2 0 3 3 2 0 1
6.206592562899084e-05 0 0 1 3 3 2 3 0 3 1 0 2
-6.206592562899084e-05 0 0 1 3 3 2 3 0 3 2 0 1
-41.2688800638243 0 0 2 0 0 1 0 0 1 0 0 2
0.005321958636968979 0 0 2 0 0 1 0 0 1 0 3 2
0.005230358301458587 0 0 2 0 0 1 0 0 1 3 0 2
0.0005639714373057812 0 0 2 0 0 1 0 0 1 3 3 2
41.2688800638243 0 0 2 0 0 1 0 0 2 0 0 1
-0.005321958636968979 0 0 2 0 0 1 0 0 2 0 3 1
-0.005230358301458587 0 0 2 0 0 1 0 0 2 3 0 1
-0.0005639714373057812 0 0 2 0 0 1 0 0 2 3 3 1
8.64627528142372 0 0 2 0 0 1 0 1 0 0 2 0
-0.0011008170859708084 0 0 2 0 0 1 0 1 0 0 2 3
-0.0010958161990215643 0 0 2 0 0 1 0 1 0 3 2 0
-0.00011880606879925433 0 0 2 0 0 1 0 1 0 3 2 3
-3.101893486507676e-05 0 0 2 0 0 1 0 1 1 1 2 0
-3.101893486507676e-05 0 0 2 0 0 1 0 1 2 2 2 0
-0.001095816199021562 0 0 2 0 0 1 0 1 3 0 2 0
-0.00017802996034453026 0 0 2 0 0 1 0 1 3 0 2 3
-0.00011721642262407216 0 0 2 0 0 1 0 1 3 3 2 0
-8.646275281423717 0 0 2 0 0 1 0 2 0 0 1 0
0.0011008170859708084 0 0 2 0 0 1 0 2 0 0 1 3
0.0010958161990215643 0 0 2 0 0 1 0 2 0 3 1 0
0.00011880606879925433 0 0 2 0 0 1 0 2 0 3 1 3
3.101893486507676e-05 0 0 2 0 0 1 0 2 1 1 1 0
3.101893486507676e-05 0 0 2 0 0 1 0 2 2 2 1 0
0.001095816199021562 0 0 2 0 0 1 0 2 3 0 1 0
0.00017802996034453026 0 0 2 0 0 1 0 2 3 0 1 3
0.00011721642262407216 0 0 2 0 0 1 0 2 3 3 1 0
0.005238921210132733 0 0 2 0 0 1 0 3 1 0 0 2
0.0005755207409747354 0 0 2 0 0 1 0 3 1 0 3 2
0.0002870897278826029 0 0 2 0 0 1 0 3 1 3 0 2
-0.005238921210132733 0 0 2 0 0 1 0 3 2 0 0 1
-0.0005755207409747354 0 0 2 0 0 1 0 3 2 0 3 1
-0.0002870897278826029 0 0 2 0 0 1 0 3 2 3 0 1
-1.3412659172516705e-05 0 0 2 0 0 1 0 3 3 1 0 2
1.3412659172516705e-05 0 0 2 0 0 1 0 3 3 2 0 1
-0.0006301444569074358 0 0 2 0 0 1 1 0 0 0 2 0
-7.077533033366666e-05 0 0 2 0 0 1 1 1 1 0 0 2
7.077533033366666e-05 0 0 2 0 0 1 1 2 1 0 0 1
-0.005034772500385832 0 0 2 0 0 1 1 3 0 0 2 0
-0.0005765210446078718 0 0 2 0 0 1 1 3 0 0 2 3
-0.0006427333505719359 0 0 2 0 0 1 1 3 0 3 2 0
-0.0005861695625119602 0 0 2 0 0 1 1 3 3 0 2 0
0.0006301444569074358 0 0 2 0 0 1 2 0 0 0 1 0
-7.077533033366666e-05 0 0 2 0 0 1 2 1 2 0 0 2
7.077533033366666e-05 0 0 2 0 0 1 2 2 2 0 0 1
0.005034772500385832 0 0 2 0 0 1 2 3 0 0 1 0
0.0005765210446078718 0 0 2 0 0 1 2 3 0 0 1 3
0.0006427333505719359 0 0 2 0 0 1 2 3 0 3 1 0
0.0005861695625119602 0 0 2 0 0 1 2 3 3 0 1 0
0.005238921210132769 0 0 2 0 0 1 3 0 1 0 0 2
0.0008241885104247487 0 0 2 0 0 1 3 0 1 0 3 2
0.000546593512668303 0 0 2 0 0 1 3 0 1 3 0 2
-0.005238921210132769 0 0 2 0 0 1 3 0 2 0 0 1
-0.0008241885104247487 0 0 2 0 0 1 3 0 2 0 3 1
-0.000546593512668303 0 0 2 0 0 1 3 0 2 3 0 1
1.3412659172515853e-05 0 0 2 0 0 1 3 0 3 1 0 2
-1.3412659172515853e-05 0 0 2 0 0 1 3 0 3 2 0 1
-0.0010976102202902975 0 0 2 0 0 1 3 1 0 0 2 0
-0.0001189804488974918 0 0 2 0 0 1 3 1 0 0 2 3
-5.7435479786670925e-05 0 0 2 0 0 1 3 1 0 3 2 0
-0.00011723010662137885 0 0 2 0 0 1 3 1 3 0 2 0
0.0010976102202902975 0 0 2 0 0 1 3 2 0 0 1 0
0.0001189804488974918 0 0 2 0 0 1 3 2 0 0 1 3
5.7435479786670925e-05 0 0 2 0 0 1 3 2 0 3 1 0
0.00011723010662137885 0 0 2 0 0 1 3 2 3 0 1 0
0.0005591795541298421 0 0 2 0 0 1 3 3 1 0 0 2
-0.0005591795541298421 0 0 2 0 0 1 3 3 2 0 0 1
0.00032121884698158086 0 0 2 0 0 2 0 0 1 0 0 1
0.00032121884698158086 0 0 2 0 0 2 0 0 2 0 0 2
-6.527684369117927e-05 0 0 2 0 0 2 0 1 0 0 1 0
-6.527684369117927e-05 0 0 2 0 0 2 0 2 0 0 2 0
-39.59206538308266 0 0 2 0 1 0 0 0 1 0 2 0
0.005040739857061821 0 0 2 0 1 0 0 0 1 0 2 3
0.00501784034860853 0 0 2 0 1 0 0 0 1 3 2 0
0.0005440236110880195 0 0 2 0 1 0 0 0 1 3 2 3
39.59206538308266 0 0 2 0 1 0 0 0 2 0 1 0
-0.005040739857061821 0 0 2 0 1 0 0 0 2 0 1 3
-0.00501784034860853 0 0 2 0 1 0 0 0 2 3 1 0
-0.0005440236110880195 0 0 2 0 1 0 0 0 2 3 1 3
0.00502605533239551 0 0 2 0 1 0 0 3 1 0 2 0
0.0005570181568250131 0 0 2 0 1 0 0 3 1 0 2 3
0.0002754248059523259 0 0 2 0 1 0 0 3 1 3 2 0
-0.00502605533239551 0 0 2 0 1 0 0 3 2 0 1 0
-0.0005570181568250131 0 0 2 0 1 0 0 3 2 0 1 3
-0.0002754248059523259 0 0 2 0 1 0 0 3 2 3 1 0
-1.2867681045717265e-05 0 0 2 0 1 0 0 3 3 1 2 0
1.2867681045717265e-05 0 0 2 0 1 0 0 3 3 2 1 0
-7.153672294738197e-05 0 0 2 0 1 0 1 1 1 0 2 0
7.153672294738197e-05 0 0 2 0 1 0 1 2 1 0 1 0
-7.153672294738197e-05 0 0 2 0 1 0 2 1 2 0 2 0
7.153672294738197e-05 0 0 2 0 1 0 2 2 2 0 1 0
0.005026055332395545 0 0 2 0 1 0 3 0 1 0 2 0
0.0008014373203056427 0 0 2 0 1 0 3 0 1 0 2 3
0.0005243845304804105 0 0 2 0 1 0 3 0 1 3 2 0
-0.005026055332395545 0 0 2 0 1 0 3 0 2 0 1 0
-0.0008014373203056427 0 0 2 0 1 0 3 0 2 0 1 3
-0.0005243845304804105 0 0 2 0 1 0 3 0 2 3 1 0
1.2867681045716449e-05 0 0 2 0 1 0 3 0 3 1 2 0
-1.2867681045716449e-05 0 0 2 0 1 0 3 0 3 2 1 0
0.000536459180635326 0 0 2 0 1 0 3 3 1 0 2 0
-0.000536459180635326 0 0 2 0 1 0 3 3 2 0 1 0
0.00504073985706182 0 0 2 0 1 3 0 0 1 0 2 0
0.0010142579182635973 0 0 2 0 1 3 0 0 1 0 2 3
0.0005756064847689787 0 0 2 0 1 3 0 0 1 3 2 0
-0.00504073985706182 0 0 2 0 1 3 0 0 2 0 1 0
-0.0010142579182635973 0 0 2 0 1 3 0 0 2 0 1 3
-0.0005756064847689787 0 0 2 0 1 3 0 0 2 3 1 0
6.524966552718702e-05 0 0 2 0 1 3 0 1 0 0 3 2
-6.524966552718702e-05 0 0 2 0 1 3 0 2 0 0 3 1
0.0005894133641377744 0 0 2 0 1 3 0 3 1 0 2 0
-0.0005894133641377744 0 0 2 0 1 3 0 3 2 0 1 0
0.0008677909604467391 0 0 2 0 1 3 3 0 1 0 2 0
-0.0008677909604467391 0 0 2 0 1 3 3 0 2 0 1 0
0.0003178664191397117 0 0 2 0 2 0 0 0 1 0 1 0
0.0003178664191397117 0 0 2 0 2 0 0 0 2 0 2 0
0.00021349615993467908 0 0 2 0 2 0 0 1 0 0 0 1
0.0010723058889845524 0 0 2 0 2 0 0 1 0 0 3 1
0.00012244754557027388 0 0 2 0 2 0 0 1 0 3 3 1
0.00018874726993302793 0 0 2 0 2 0 0 1 3 0 3 1
0.00021349615993467908 0 0 2 0 2 0 0 2 0 0 0 2
0.0010723058889845524 0 0 2 0 2 0 0 2 0 0 3 2
0.00012244754557027388 0 0 2 0 2 0 0 2 0 3 3 2
0.00018874726993302793 0 0 2 0 2 0 0 2 3 0 3 2
0.0005316316665112709 0 0 2 0 2 0 1 3 0 0 3 1
0.0005316316665112709 0 0 2 0 2 0 2 3 0 0 3 2
0.00012242975631906574 0 0 2 0 2 0 3 1 0 0 3 1
0.00012242975631906574 0 0 2 0 2 0 3 2 0 0 3 2
0.001086128724491086 0 0 2 0 2 3 0 1 0 0 0 1
-8.422337876483288 0 0 2 0 2 3 0 1 0 0 3 1
0.00011509777125949189 0 0 2 0 2 3 0 1 0 3 0 1
0.00106743452516384 0 0 2 0 2 3 0 1 0 3 3 1
3.021554348106485e-05 0 0 2 0 2 3 0 1 1 1 3 1
3.021554348106485e-05 0 0 2 0 2 3 0 1 2 2 3 1
0.00017242943761488987 0 0 2 0 2 3 0 1 3 0 0 1
0.0010674345251638377 0 0 2 0 2 3 0 1 3 0 3 1
0.00011418051360880479 0 0 2 0 2 3 0 1 3 3 3 1
0.001086128724491086 0 0 2 0 2 3 0 2 0 0 0 2
-8.422337876483288 0 0 2 0 2 3 0 2 0 0 3 2
0.00011509777125949189 0 0 2 0 2 3 0 2 0 3 0 2
0.00106743452516384 0 0 2 0 2 3 0 2 0 3 3 2
3.021554348106485e-05 0 0 2 0 2 3 0 2 1 1 3 2
3.021554348106485e-05 0 0 2 0 2 3 0 2 2 2 3 2
0.00017242943761488987 0 0 2 0 2 3 0 2 3 0 0 2
0.0010674345251638377 0 0 2 0 2 3 0 2 3 0 3 2
0.00011418051360880479 0 0 2 0 2 3 0 2 3 3 3 2
0.0006138236957477003 0 0 2 0 2 3 1 0 0 0 3 1
0.0005574329303768223 0 0 2 0 2 3 1 3 0 0 0 1
0.004904371735018991 0 0 2 0 2 3 1 3 0 0 3 1
0.0006268794427272524 0 0 2 0 2 3 1 3 0 3 3 1
0.0005717676909042001 0 0 2 0 2 3 1 3 3 0 3 1
0.0006138236957477003 0 0 2 0 2 3 2 0 0 0 3 2
0.0005574329303768223 0 0 2 0 2 3 2 3 0 0 0 2
0.004904371735018991 0 0 2 0 2 3 2 3 0 0 3 2
0.0006268794427272524 0 0 2 0 2 3 2 3 0 3 3 2
0.0005717676909042001 0 0 2 0 2 3 2 3 3 0 3 2
0.0001149225163887404 0 0 2 0 2 3 3 1 0 0 0 1
0.0010691820812255533 0 0 2 0 2 3 3 1 0 0 3 1
5.594789906225503e-05 0 0 2 0 2 3 3 1 0 3 3 1
0.00011419384319015283 0 0 2 0 2 3 3 1 3 0 3 1
0.0001149225163887404 0 0 2 0 2 3 3 2 0 0 0 2
0.0010691820812255533 0 0 2 0 2 3 3 2 0 0 3 2
5.594789906225503e-05 0 0 2 0 2 3 3 2 0 3 3 2
0.00011419384319015283 0 0 2 0 2 3 3 2 3 0 3 2
0.005321958636968977 0 0 2 0 3 1 0 0 1 0 0 2
0.001017784995277687 0 0 2 0 3 1 0 0 1 0 3 2
0.0005955543109867407 0 0 2 0 3 1 0 0 1 3 0 2
-0.005321958636968977 0 0 2 0 3 1 0 0 2 0 0 1
-0.001017784995277687 0 0 2 0 3 1 0 0 2 0 3 1
-0.0005955543109867407 0 0 2 0 3 1 0 0 2 3 0 1
-0.0011150074524123891 0 0 2 0 3 1 0 1 0 0 2 0
-0.00021513619988174353 0 0 2 0 3 1 0 1 0 0 2 3
-0.00012477501994354796 0 0 2 0 3 1 0 1 0 3 2 0
-0.0001883808788225232 0 0 2 0 3 1 0 1 3 0 2 0
0.0011150074524123891 0 0 2 0 3 1 0 2 0 0 1 0
0.00021513619988174353 0 0 2 0 3 1 0 2 0 0 1 3
0.00012477501994354796 0 0 2 0 3 1 0 2 0 3 1 0
0.0001883808788225232 0 0 2 0 3 1 0 2 3 0 1 0
0.0006089887021386659 0 0 2 0 3 1 0 3 1 0 0 2
-0.0006089887021386659 0 0 2 0 3 1 0 3 2 0 0 1
-0.0005411694933438669 0 0 2 0 3 1 1 3 0 0 2 0
0.0005411694933438669 0 0 2 0 3 1 2 3 0 0 1 0
0.0008801563099889885 0 0 2 0 3 1 3 0 1 0 0 2
-0.0008801563099889885 0 0 2 0 3 1 3 0 2 0 0 1
-0.00012475483396561838 0 0 2 0 3 1 3 1 0 0 2 0
0.00012475483396561838 0 0 2 0 3 1 3 2 0 0 1 0
-40.46182023648445 0 0 2 1 0 0 0 0 1 2 0 0
0.005151474305456101 0 0 2 1 0 0 0 0 1 2 0 3
0.005217880713060451 0 0 2 1 0 0 0 0 1 2 3 0
0.00029632651520372676 0 0 2 1 0 0 0 0 1 2 3 3
40.46182023648445 0 0 2 1 0 0 0 0 2 1 0 0
-0.005151474305456101 0 0 2 1 0 0 0 0 2 1 0 3
-0.005217880713060451 0 0 2 1 0 0 0 0 2 1 3 0
-0.00029632651520372676 0 0 2 1 0 0 0 0 2 1 3 3
3.163765087645095e-05 0 0 2 1 0 0 0 1 1 0 2 1
3.163765087645095e-05 0 0 2 1 0 0 0 1 2 0 2 2
-3.163765087645095e-05 0 0 2 1 0 0 0 2 1 0 1 1
-3.163765087645095e-05 0 0 2 1 0 0 0 2 2 0 1 2
0.00513646719268071 0 0 2 1 0 0 0 3 1 2 0 0
0.0005567907086094365 0 0 2 1 0 0 0 3 1 2 0 3
0.0005521002881515296 0 0 2 1 0 0 0 3 1 2 3 0
-0.00513646719268071 0 0 2 1 0 0 0 3 2 1 0 0
-0.0005567907086094365 0 0 2 1 0 0 0 3 2 1 0 3
-0.0005521002881515296 0 0 2 1 0 0 0 3 2 1 3 0
-0.0019811794112759096 0 0 2 1 0 0 1 1 1 2 0 0
-8.20226640725705e-05 0 0 2 1 0 0 1 1 2 1 0 0
0.0020632020753484797 0 0 2 1 0 0 1 2 1 1 0 0
-0.0020632020753484797 0 0 2 1 0 0 2 1 2 2 0 0
8.20226640725705e-05 0 0 2 1 0 0 2 2 1 2 0 0
0.0019811794112759096 0 0 2 1 0 0 2 2 2 1 0 0
0.005136467192680745 0 0 2 1 0 0 3 0 1 2 0 0
0.0005567907086094367 0 0 2 1 0 0 3 0 1 2 0 3
0.0005521002881515298 0 0 2 1 0 0 3 0 1 2 3 0
-0.005136467192680745 0 0 2 1 0 0 3 0 2 1 0 0
-0.0005567907086094367 0 0 2 1 0 0 3 0 2 1 0 3
-0.0005521002881515298 0 0 2 1 0 0 3 0 2 1 3 0
0.000827608609552784 0 0 2 1 0 0 3 3 1 2 0 0
-0.000827608609552784 0 0 2 1 0 0 3 3 2 1 0 0
0.0051514743054561 0 0 2 1 0 3 0 0 1 2 0 0
0.0006943358771442682 0 0 2 1 0 3 0 0 1 2 0 3
0.0006562082724328055 0 0 2 1 0 3 0 0 1 2 3 0
-0.0051514743054561 0 0 2 1 0 3 0 0 2 1 0 0
-0.0006943358771442682 0 0 2 1 0 3 0 0 2 1 0 3
-0.0006562082724328055 0 0 2 1 0 3 0 0 2 1 3 0
8.033913840119131e-07 0 0 2 1 0 3 0 1 1 3 2 1
-0.0002679559245735166 0 0 2 1 0 3 0 1 2 3 1 1
-0.00026715253318950475 0 0 2 1 0 3 0 1 2 3 2 2
0.00026715253318950475 0 0 2 1 0 3 0 2 1 3 1 1
0.0002679559245735166 0 0 2 1 0 3 0 2 1 3 2 2
-8.033913840119131e-07 0 0 2 1 0 3 0 2 2 3 1 2
0.0005881658865999236 0 0 2 1 0 3 0 3 1 2 0 0
-0.0005881658865999236 0 0 2 1 0 3 0 3 2 1 0 0
1.4784185274849637e-06 0 0 2 1 0 3 1 3 1 0 2 1
-0.0017738486808352625 0 0 2 1 0 3 1 3 2 0 1 1
-0.0017723702623077772 0 0 2 1 0 3 1 3 2 0 2 2
0.0017723702623077772 0 0 2 1 0 3 2 3 1 0 1 1
0.0017738486808352625 0 0 2 1 0 3 2 3 1 0 2 2
-1.4784185274849637e-06 0 0 2 1 0 3 2 3 2 0 1 2
0.0005881658865999238 0 0 2 1 0 3 3 0 1 2 0 0
-0.0005881658865999238 0 0 2 1 0 3 3 0 2 1 0 0
8.020841388060768e-07 0 0 2 1 0 3 3 1 1 0 2 1
-0.00026751991778436296 0 0 2 1 0 3 3 1 2 0 1 1
-0.00026671783364555686 0 0 2 1 0 3 3 1 2 0 2 2
0.00026671783364555686 0 0 2 1 0 3 3 2 1 0 1 1
0.00026751991778436296 0 0 2 1 0 3 3 2 1 0 2 2
-8.020841388060768e-07 0 0 2 1 0 3 3 2 2 0 1 2
3.081823472837636e-05 0 0 2 1 1 1 0 1 2 0 3 3
-0.00029817146805458154 0 0 2 1 1 1 0 1 2 3 3 0
-3.081823472837636e-05 0 0 2 1 1 1 0 2 1 0 3 3
0.00029817146805458154 0 0 2 1 1 1 0 2 1 3 3 0
-0.0016980271330351866 0 0 2 1 1 1 1 3 2 0 3 0
0.0016980271330351866 0 0 2 1 1 1 2 3 1 0 3 0
-0.00029768629578376637 0 0 2 1 1 1 3 1 2 0 3 0
0.00029768629578376637 0 0 2 1 1 1 3 2 1 0 3 0
-3.1582873680959424e-05 0 0 2 1 1 2 0 0 1 1 2 2
-0.00035988175722907875 0 0 2 1 1 2 0 0 1 2 1 2
0.0003914646309100382 0 0 2 1 1 2 0 0 1 2 2 1
0.0003914646309100382 0 0 2 1 1 2 0 0 2 1 1 2
-0.00035988175722907875 0 0 2 1 1 2 0 0 2 1 2 1
-3.1582873680959424e-05 0 0 2 1 1 2 0 0 2 2 1 1
-3.1582873680959424e-05 0 0 2 1 2 1 0 0 1 1 2 2
0.0003914646309100382 0 0 2 1 2 1 0 0 1 2 1 2
-0.00035988175722907875 0 0 2 1 2 1 0 0 1 2 2 1
-0.00035988175722907875 0 0 2 1 2 1 0 0 2 1 1 2
0.0003914646309100382 0 0 2 1 2 1 0 0 2 1 2 1
-3.1582873680959424e-05 0 0 2 1 2 1 0 0 2 2 1 1
6.616950999627646e-06 0 0 2 1 2 1 0 1 0 1 0 0
-6.718557671985944e-06 0 0 2 1 2 1 0 1 0 1 3 3
6.616950999627646e-06 0 0 2 1 2 1 0 2 0 2 0 0
-6.718557671985944e-06 0 0 2 1 2 1 0 2 0 2 3 3
-7.967400286404616e-07 0 0 2 1 2 1 1 3 0 1 3 0
-7.967400286404616e-07 0 0 2 1 2 1 2 3 0 2 3 0
3.035216173598935e-05 0 0 2 1 2 2 0 1 2 0 0 0
-0.00029817146805458154 0 0 2 1 2 2 0 1 2 3 3 0
-3.035216173598935e-05 0 0 2 1 2 2 0 2 1 0 0 0
0.00029817146805458154 0 0 2 1 2 2 0 2 1 3 3 0
-0.0016978534389907617 0 0 2 1 2 2 1 3 2 0 3 0
0.0016978534389907617 0 0 2 1 2 2 2 3 1 0 3 0
-0.00029768629578376637 0 0 2 1 2 2 3 1 2 0 3 0
0.00029768629578376637 0 0 2 1 2 2 3 2 1 0 3 0
0.0052178807130604495 0 0 2 1 3 0 0 0 1 2 0 0
0.0006562082724328055 0 0 2 1 3 0 0 0 1 2 0 3
0.0006829212999520119 0 0 2 1 3 0 0 0 1 2 3 0
-0.0052178807130604495 0 0 2 1 3 0 0 0 2 1 0 0
-0.0006562082724328055 0 0 2 1 3 0 0 0 2 1 0 3
-0.0006829212999520119 0 0 2 1 3 0 0 0 2 1 3 0
0.0005838129965874887 0 0 2 1 3 0 0 3 1 2 0 0
-0.0005838129965874887 0 0 2 1 3 0 0 3 2 1 0 0
0.0005838129965874889 0 0 2 1 3 0 3 0 1 2 0 0
-0.0005838129965874889 0 0 2 1 3 0 3 0 2 1 0 0
0.00029632651520372676 0 0 2 1 3 3 0 0 1 2 0 0
-0.00029632651520372676 0 0 2 1 3 3 0 0 2 1 0 0
-2.9566039796893243e-05 0 0 2 1 3 3 0 1 1 0 2 1
2.9566039796893243e-05 0 0 2 1 3 3 0 1 2 0 1 1
-2.9566039796893243e-05 0 0 2 1 3 3 0 2 1 0 2 2
2.9566039796893243e-05 0 0 2 1 3 3 0 2 2 0 1 2
0.0003142965644118089 0 0 2 2 0 0 0 0 1 1 0 0
0.0003142965644118089 0 0 2 2 0 0 0 0 2 2 0 0
-6.897195244732009e-06 0 0 2 2 0 0 0 1 0 1 2 2
6.897195244732009e-06 0 0 2 2 0 0 0 1 0 2 2 1
6.897195244732009e-06 0 0 2 2 0 0 0 2 0 1 1 2
-6.897195244732009e-06 0 0 2 2 0 0 0 2 0 2 1 1
-0.0021309834899084445 0 0 2 2 0 0 0 3 0 0 0 0
-0.00023103671157461686 0 0 2 2 0 0 0 3 0 0 0 3
-0.0002297765759839835 0 0 2 2 0 0 0 3 0 0 3 0
-0.0003444147813732963 0 0 2 2 0 0 0 3 0 3 0 0
16.81401441747755 0 0 2 2 0 0 0 3 3 0 0 0
-0.0021407084853349205 0 0 2 2 0 0 0 3 3 0 0 3
-0.002168303839948003 0 0 2 2 0 0 0 3 3 0 3 0
-0.00012313925061306917 0 0 2 2 0 0 0 3 3 0 3 3
-0.0021309834899084492 0 0 2 2 0 0 0 3 3 3 0 0
-0.00023103671157461702 0 0 2 2 0 0 0 3 3 3 0 3
-0.0002297765759839835 0 0 2 2 0 0 0 3 3 3 3 0
0.001236498769556068 0 0 2 2 0 0 1 1 0 0 0 0
0.004662781757347169 0 0 2 2 0 0 1 1 3 0 0 0
0.0005339251792048823 0 0 2 2 0 0 1 1 3 0 0 3
0.0005299737130744956 0 0 2 2 0 0 1 1 3 0 3 0
0.0004924580320888902 0 0 2 2 0 0 1 1 3 3 0 0
0.001236498769556068 0 0 2 2 0 0 2 2 0 0 0 0
0.004662781757347169 0 0 2 2 0 0 2 2 3 0 0 0
0.0005339251792048823 0 0 2 2 0 0 2 2 3 0 0 3
0.0005299737130744956 0 0 2 2 0 0 2 2 3 0 3 0
0.0004924580320888902 0 0 2 2 0 0 2 2 3 3 0 0
0.002130983489908309 0 0 2 2 0 0 3 0 0 0 0 0
0.0002310367115746022 0 0 2 2 0 0 3 0 0 0 0 3
0.00022977657598396888 0 0 2 2 0 0 3 0 0 0 3 0
0.00034441478137328305 0 0 2 2 0 0 3 0 0 3 0 0
-16.814014417476482 0 0 2 2 0 0 3 0 3 0 0 0
0.002140708485334785 0 0 2 2 0 0 3 0 3 0 0 3
0.002168303839947865 0 0 2 2 0 0 3 0 3 0 3 0
0.00012313925061306136 0 0 2 2 0 0 3 0 3 0 3 3
0.002130983489908314 0 0 2 2 0 0 3 0 3 3 0 0
0.00023103671157460236 0 0 2 2 0 0 3 0 3 3 0 3
0.00022977657598396888 0 0 2 2 0 0 3 0 3 3 3 0
5.8415978353875204e-05 0 0 2 2 0 3 0 1 3 1 1 1
5.824083427459117e-05 0 0 2 2 0 3 0 1 3 1 2 2
1.7514407928403105e-07 0 0 2 2 0 3 0 1 3 2 2 1
1.7514407928403105e-07 0 0 2 2 0 3 0 2 3 1 1 2
5.824083427459117e-05 0 0 2 2 0 3 0 2 3 2 1 1
5.8415978353875204e-05 0 0 2 2 0 3 0 2 3 2 2 2
-0.0002444493707471335 0 0 2 2 0 3 0 3 0 0 0 0
-0.00214070848533492 0 0 2 2 0 3 0 3 3 0 0 0
-0.00027485287804835827 0 0 2 2 0 3 0 3 3 0 0 3
-0.0002859459014208633 0 0 2 2 0 3 0 3 3 0 3 0
-0.00024444937074713367 0 0 2 2 0 3 0 3 3 3 0 0
0.0005054434227602914 0 0 2 2 0 3 1 1 3 0 0 0
-0.00010506038646225816 0 0 2 2 0 3 1 3 0 1 1 1
-0.00010473808246828234 0 0 2 2 0 3 1 3 0 1 2 2
-3.223039939758306e-07 0 0 2 2 0 3 1 3 0 2 2 1
0.0005054434227602914 0 0 2 2 0 3 2 2 3 0 0 0
-3.223039939758306e-07 0 0 2 2 0 3 2 3 0 1 1 2
-0.00010473808246828234 0 0 2 2 0 3 2 3 0 2 1 1
-0.00010506038646225816 0 0 2 2 0 3 2 3 0 2 2 2
0.000244449370747118 0 0 2 2 0 3 3 0 0 0 0 0
0.0021407084853347844 0 0 2 2 0 3 3 0 3 0 0 0
0.0002748528780483408 0 0 2 2 0 3 3 0 3 0 0 3
0.00028594590142084586 0 0 2 2 0 3 3 0 3 0 3 0
0.00024444937074711816 0 0 2 2 0 3 3 0 3 3 0 0
5.832092629186648e-05 0 0 2 2 0 3 3 1 0 1 1 1
5.814606719977868e-05 0 0 2 2 0 3 3 1 0 1 2 2
1.7485909208782274e-07 0 0 2 2 0 3 3 1 0 2 2 1
1.7485909208782274e-07 0 0 2 2 0 3 3 2 0 1 1 2
5.814606719977868e-05 0 0 2 2 0 3 3 2 0 2 1 1
5.832092629186648e-05 0 0 2 2 0 3 3 2 0 2 2 2
6.316574736191885e-05 0 0 2 2 1 1 0 0 1 1 2 2
-3.1582873680959424e-05 0 0 2 2 1 1 0 0 1 2 1 2
-3.1582873680959424e-05 0 0 2 2 1 1 0 0 1 2 2 1
-3.1582873680959424e-05 0 0 2 2 1 1 0 0 2 1 1 2
-3.1582873680959424e-05 0 0 2 2 1 1 0 0 2 1 2 1
6.316574736191885e-05 0 0 2 2 1 1 0 0 2 2 1 1
-6.616950999627646e-06 0 0 2 2 1 1 0 1 0 1 0 0
6.500314576489545e-05 0 0 2 2 1 1 0 1 3 1 3 0
-6.616950999627646e-06 0 0 2 2 1 1 0 2 0 2 0 0
6.500314576489545e-05 0 0 2 2 1 1 0 2 3 2 3 0
-0.00011703420738962233 0 0 2 2 1 1 1 3 0 1 3 0
-0.00011703420738962233 0 0 2 2 1 1 2 3 0 2 3 0
6.489737533673318e-05 0 0 2 2 1 1 3 1 0 1 3 0
6.489737533673318e-05 0 0 2 2 1 1 3 2 0 2 3 0
0.00015600654692040166 0 0 2 2 1 2 0 3 3 0 1 2
-0.00015600654692040166 0 0 2 2 1 2 0 3 3 0 2 1
-0.00015600654692039215 0 0 2 2 1 2 3 0 3 0 1 2
0.00015600654692039215 0 0 2 2 1 2 3 0 3 0 2 1
-3.035216173598935e-05 0 0 2 2 2 1 0 1 2 0 0 0
3.081823472837636e-05 0 0 2 2 2 1 0 1 2 0 3 3
3.035216173598935e-05 0 0 2 2 2 1 0 2 1 0 0 0
-3.081823472837636e-05 0 0 2 2 2 1 0 2 1 0 3 3
-0.00015600654692040166 0 0 2 2 2 1 0 3 3 0 1 2
0.00015600654692040166 0 0 2 2 2 1 0 3 3 0 2 1
-1.736940444246727e-07 0 0 2 2 2 1 1 3 2 0 3 0
1.736940444246727e-07 0 0 2 2 2 1 2 3 1 0 3 0
0.00015600654692039215 0 0 2 2 2 1 3 0 3 0 1 2
-0.00015600654692039215 0 0 2 2 2 1 3 0 3 0 2 1
-6.718557671985944e-06 0 0 2 2 2 2 0 1 0 1 3 3
6.500314576489545e-05 0 0 2 2 2 2 0 1 3 1 3 0
-6.718557671985944e-06 0 0 2 2 2 2 0 2 0 2 3 3
6.500314576489545e-05 0 0 2 2 2 2 0 2 3 2 3 0
-0.00011783094741826275 0 0 2 2 2 2 1 3 0 1 3 0
-0.00011783094741826275 0 0 2 2 2 2 2 3 0 2 3 0
6.489737533673318e-05 0 0 2 2 2 2 3 1 0 1 3 0
6.489737533673318e-05 0 0 2 2 2 2 3 2 0 2 3 0
-0.0002426442570297007 0 0 2 2 3 0 0 3 0 0 0 0
-0.002168303839948002 0 0 2 2 3 0 0 3 3 0 0 0
-0.0002852680883634912 0 0 2 2 3 0 0 3 3 0 0 3
-0.00027119863287067807 0 0 2 2 3 0 0 3 3 0 3 0
-0.00024264425702970078 0 0 2 2 3 0 0 3 3 3 0 0
0.0005011855532704247 0 0 2 2 3 0 1 1 3 0 0 0
0.0005011855532704247 0 0 2 2 3 0 2 2 3 0 0 0
0.00024264425702968527 0 0 2 2 3 0 3 0 0 0 0 0
0.002168303839947864 0 0 2 2 3 0 3 0 3 0 0 0
0.00028526808836347374 0 0 2 2 3 0 3 0 3 0 0 3
0.0002711986328706608 0 0 2 2 3 0 3 0 3 0 3 0
0.00024264425702968538 0 0 2 2 3 0 3 0 3 3 0 0
-6.4455717616024565e-06 0 0 2 2 3 3 0 1 0 1 1 1
-6.4455717616024565e-06 0 0 2 2 3 3 0 1 0 2 2 1
-6.4455717616024565e-06 0 0 2 2 3 3 0 2 0 1 1 2
-6.4455717616024565e-06 0 0 2 2 3 3 0 2 0 2 2 2
-0.00012313925061306917 0 0 2 2 3 3 0 3 3 0 0 0
0.00012313925061306136 0 0 2 2 3 3 3 0 3 0 0 0
0.005230358301458587 0 0 2 3 0 1 0 0 1 0 0 2
0.0005955543109867407 0 0 2 3 0 1 0 0 1 0 3 2
0.0006885836675660358 0 0 2 3 0 1 0 0 1 3 0 2
-0.005230358301458587 0 0 2 3 0 1 0 0 2 0 0 1
-0.0005955543109867407 0 0 2 3 0 1 0 0 2 0 3 1
-0.0006885836675660358 0 0 2 3 0 1 0 0 2 3 0 1
-0.0010958161990215643 0 0 2 3 0 1 0 1 0 0 2 0
-0.00012570326404398631 0 0 2 3 0 1 0 1 0 0 2 3
-0.00013750335709498512 0 0 2 3 0 1 0 1 0 3 2 0
0.0002724812638658639 0 0 2 3 0 1 0 1 1 1 2 3
-0.00027330068001393836 0 0 2 3 0 1 0 1 2 1 1 3
-8.194161480745846e-07 0 0 2 3 0 1 0 1 2 2 2 3
-0.00012397873411437645 0 0 2 3 0 1 0 1 3 0 2 0
0.0010958161990215643 0 0 2 3 0 1 0 2 0 0 1 0
0.00012570326404398631 0 0 2 3 0 1 0 2 0 0 1 3
0.00013750335709498512 0 0 2 3 0 1 0 2 0 3 1 0
8.194161480745846e-07 0 0 2 3 0 1 0 2 1 1 1 3
0.00027330068001393836 0 0 2 3 0 1 0 2 1 2 2 3
-0.0002724812638658639 0 0 2 3 0 1 0 2 2 2 1 3
0.00012397873411437645 0 0 2 3 0 1 0 2 3 0 1 0
5.9396263199110014e-05 0 0 2 3 0 1 0 3 0 1 0 2
-5.9396263199110014e-05 0 0 2 3 0 1 0 3 0 2 0 1
0.0006530759991791369 0 0 2 3 0 1 0 3 1 0 0 2
-0.0006530759991791369 0 0 2 3 0 1 0 3 2 0 0 1
5.691607271002177e-05 0 0 2 3 0 1 0 3 3 1 3 2
-5.691607271002176e-05 0 0 2 3 0 1 0 3 3 2 3 1
-1.568597870753381e-05 0 0 2 3 0 1 1 1 3 1 0 2
1.568597870753381e-05 0 0 2 3 0 1 1 2 3 1 0 1
-0.0002634583468983333 0 0 2 3 0 1 1 3 0 0 2 0
1.618324432266408e-05 0 0 2 3 0 1 1 3 1 1 2 0
6.486621060599187e-05 0 0 2 3 0 1 1 3 2 1 1 0
8.104945492865596e-05 0 0 2 3 0 1 1 3 2 2 2 0
-1.568597870753381e-05 0 0 2 3 0 1 2 1 3 2 0 2
1.568597870753381e-05 0 0 2 3 0 1 2 2 3 2 0 1
0.0002634583468983333 0 0 2 3 0 1 2 3 0 0 1 0
-8.104945492865596e-05 0 0 2 3 0 1 2 3 1 1 1 0
-6.486621060599187e-05 0 0 2 3 0 1 2 3 1 2 2 0
-1.618324432266408e-05 0 0 2 3 0 1 2 3 2 2 1 0
-5.9396263199110644e-05 0 0 2 3 0 1 3 0 0 1 0 2
5.9396263199110644e-05 0 0 2 3 0 1 3 0 0 2 0 1
0.0005944757500752385 0 0 2 3 0 1 3 0 1 0 0 2
-0.0005944757500752385 0 0 2 3 0 1 3 0 2 0 0 1
-5.6916072710021504e-05 0 0 2 3 0 1 3 0 3 1 3 2
5.691607271002151e-05 0 0 2 3 0 1 3 0 3 2 3 1
-0.00014419035668830843 0 0 2 3 0 1 3 1 0 0 2 0
0.00027448616443852465 0 0 2 3 0 1 3 1 1 1 2 0
-0.00027469250048896987 0 0 2 3 0 1 3 1 2 1 1 0
-2.0633605044518458e-07 0 0 2 3 0 1 3 1 2 2 2 0
0.00014419035668830843 0 0 2 3 0 1 3 2 0 0 1 0
2.0633605044518458e-07 0 0 2 3 0 1 3 2 1 1 1 0
0.00027469250048896987 0 0 2 3 0 1 3 2 1 2 2 0
-0.00027448616443852465 0 0 2 3 0 1 3 2 2 2 1 0
0.00501784034860853 0 0 2 3 1 0 0 0 1 0 2 0
0.0005756064847689787 0 0 2 3 1 0 0 0 1 0 2 3
0.0006606053947665776 0 0 2 3 1 0 0 0 1 3 2 0
-0.00501784034860853 0 0 2 3 1 0 0 0 2 0 1 0
-0.0005756064847689787 0 0 2 3 1 0 0 0 2 0 1 3
-0.0006606053947665776 0 0 2 3 1 0 0 0 2 3 1 0
5.6982896554897906e-05 0 0 2 3 1 0 0 3 0 1 2 0
-5.6982896554897906e-05 0 0 2 3 1 0 0 3 0 2 1 0
0.0006265404606172087 0 0 2 3 1 0 0 3 1 0 2 0
-0.0006265404606172087 0 0 2 3 1 0 0 3 2 0 1 0
5.5943634798970804e-05 0 0 2 3 1 0 0 3 3 1 2 3
-5.5943634798970804e-05 0 0 2 3 1 0 0 3 3 2 1 3
-1.585472660698559e-05 0 0 2 3 1 0 1 1 3 1 2 0
1.585472660698559e-05 0 0 2 3 1 0 1 2 3 1 1 0
-1.585472660698559e-05 0 0 2 3 1 0 2 1 3 2 2 0
1.585472660698559e-05 0 0 2 3 1 0 2 2 3 2 1 0
-5.698289655489851e-05 0 0 2 3 1 0 3 0 0 1 2 0
5.698289655489851e-05 0 0 2 3 1 0 3 0 0 2 1 0
0.0005703212348119609 0 0 2 3 1 0 3 0 1 0 2 0
-0.0005703212348119609 0 0 2 3 1 0 3 0 2 0 1 0
-5.594363479897055e-05 0 0 2 3 1 0 3 0 3 1 2 3
5.594363479897055e-05 0 0 2 3 1 0 3 0 3 2 1 3
0.0005440236110880195 0 0 2 3 1 3 0 0 1 0 2 0
-0.0005440236110880195 0 0 2 3 1 3 0 0 2 0 1 0
6.371617659741418e-05 0 0 2 3 1 3 0 3 3 1 2 0
-6.371617659741418e-05 0 0 2 3 1 3 0 3 3 2 1 0
-6.37161765974139e-05 0 0 2 3 1 3 3 0 3 1 2 0
6.37161765974139e-05 0 0 2 3 1 3 3 0 3 2 1 0
0.00011572898789828797 0 0 2 3 2 0 0 1 0 0 3 1
-0.0003041189147423148 0 0 2 3 2 0 0 1 1 1 3 1
-0.0003041189147423148 0 0 2 3 2 0 0 1 2 1 3 2
0.00011572898789828797 0 0 2 3 2 0 0 2 0 0 3 2
-0.0003041189147423148 0 0 2 3 2 0 0 2 1 2 3 1
-0.0003041189147423148 0 0 2 3 2 0 0 2 2 2 3 2
0.00012154334302109436 0 0 2 3 2 3 0 1 0 0 0 1
0.00106743452516384 0 0 2 3 2 3 0 1 0 0 3 1
0.00013394201584186565 0 0 2 3 2 3 0 1 0 3 3 1
-0.0002621960294945096 0 0 2 3 2 3 0 1 1 1 0 1
-0.0002614099075554135 0 0 2 3 2 3 0 1 2 1 0 2
-7.861219390961046e-07 0 0 2 3 2 3 0 1 2 2 0 1
0.00012076768101982504 0 0 2 3 2 3 0 1 3 0 3 1
0.00012154334302109436 0 0 2 3 2 3 0 2 0 0 0 2
0.00106743452516384 0 0 2 3 2 3 0 2 0 0 3 2
0.00013394201584186565 0 0 2 3 2 3 0 2 0 3 3 2
-7.861219390961046e-07 0 0 2 3 2 3 0 2 1 1 0 2
-0.0002614099075554135 0 0 2 3 2 3 0 2 1 2 0 1
-0.0002621960294945096 0 0 2 3 2 3 0 2 2 2 0 2
0.00012076768101982504 0 0 2 3 2 3 0 2 3 0 3 2
0.0002566347674664538 0 0 2 3 2 3 1 3 0 0 3 1
-1.5936956003587953e-05 0 0 2 3 2 3 1 3 1 1 3 1
6.659091745255295e-05 0 0 2 3 2 3 1 3 2 1 3 2
-8.252787345614089e-05 0 0 2 3 2 3 1 3 2 2 3 1
0.0002566347674664538 0 0 2 3 2 3 2 3 0 0 3 2
-8.252787345614089e-05 0 0 2 3 2 3 2 3 1 1 3 2
6.659091745255295e-05 0 0 2 3 2 3 2 3 1 2 3 1
-1.5936956003587953e-05 0 0 2 3 2 3 2 3 2 2 3 2
0.00014045582193639427 0 0 2 3 2 3 3 1 0 0 3 1
-0.0002673769641871431 0 0 2 3 2 3 3 1 1 1 3 1
-0.0002675779561274227 0 0 2 3 2 3 3 1 2 1 3 2
2.009919402795711e-07 0 0 2 3 2 3 3 1 2 2 3 1
0.00014045582193639427 0 0 2 3 2 3 3 2 0 0 3 2
2.009919402795711e-07 0 0 2 3 2 3 3 2 1 1 3 2
-0.0002675779561274227 0 0 2 3 2 3 3 2 1 2 3 1
-0.0002673769641871431 0 0 2 3 2 3 3 2 2 2 3 2
0.0005639714373057812 0 0 2 3 3 1 0 0 1 0 0 2
-0.0005639714373057812 0 0 2 3 3 1 0 0 2 0 0 1
-0.0001181580689439203 0 0 2 3 3 1 0 1 0 0 2 0
0.0002917620692914029 0 0 2 3 3 1 0 1 1 1 2 0
-0.0002917620692914029 0 0 2 3 3 1 0 1 2 1 1 0
0.0001181580689439203 0 0 2 3 3 1 0 2 0 0 1 0
0.0002917620692914029 0 0 2 3 3 1 0 2 1 2 2 0
-0.0002917620692914029 0 0 2 3 3 1 0 2 2 2 1 0
6.206592562899115e-05 0 0 2 3 3 1 0 3 3 1 0 2
-6.206592562899115e-05 0 0 2 3 3 1 0 3 3 2 0 1
-6.206592562899084e-05 0 0 2 3 3 1 3 0 3 1 0 2
6.206592562899084e-05 0 0 2 3 3 1 3 0 3 2 0 1
-6555.479555258926 0 0 3 0 0 0 0 0 0 0 0 0
-751.1742082780236 0 0 3 0 0 0 0 0 0 0 0 3
-745.6101903396109 0 0 3 0 0 0 0 0 0 0 3 0
0.2400657444001636 0 0 3 0 0 0 0 0 0 0 3 3
-740.8612450493727 0 0 3 0 0 0 0 0 0 3 0 0
0.2798650530334564 0 0 3 0 0 0 0 0 0 3 0 3
0.2798872185699654 0 0 3 0 0 0 0 0 0 3 3 0
0.025969903895628373 0 0 3 0 0 0 0 0 0 3 3 3
-821.7848855223415 0 0 3 0 0 0 0 0 3 0 0 0
0.29016800164436823 0 0 3 0 0 0 0 0 3 0 0 3
0.29032297999608603 0 0 3 0 0 0 0 0 3 0 3 0
0.026562556926035815 0 0 3 0 0 0 0 0 3 0 3 3
0.28717889595652435 0 0 3 0 0 0 0 0 3 3 0 0
0.03169480391953977 0 0 3 0 0 0 0 0 3 3 0 3
0.031502251119718355 0 0 3 0 0 0 0 0 3 3 3 0
-0.009509367789083215 0 0 3 0 0 0 0 1 1 0 1 1
-0.00948085659209696 0 0 3 0 0 0 0 1 1 0 2 2
-0.0010858830093723713 0 0 3 0 0 0 0 1 1 3 1 1
-0.0010826272908986587 0 0 3 0 0 0 0 1 1 3 2 2
-2.851119698625599e-05 0 0 3 0 0 0 0 1 2 0 2 1
-3.255718473712429e-06 0 0 3 0 0 0 0 1 2 3 2 1
-0.004707678736138288 0 0 3 0 0 0 0 1 3 1 1 1
-0.004756839371304404 0 0 3 0 0 0 0 1 3 1 2 2
4.916063516611438e-05 0 0 3 0 0 0 0 1 3 2 2 1
-2.851119698625599e-05 0 0 3 0 0 0 0 2 1 0 1 2
-3.255718473712429e-06 0 0 3 0 0 0 0 2 1 3 1 2
-0.00948085659209696 0 0 3 0 0 0 0 2 2 0 1 1
-0.009509367789083215 0 0 3 0 0 0 0 2 2 0 2 2
-0.0010826272908986587 0 0 3 0 0 0 0 2 2 3 1 1
-0.0010858830093723713 0 0 3 0 0 0 0 2 2 3 2 2
4.916063516611438e-05 0 0 3 0 0 0 0 2 3 1 1 2
-0.004756839371304404 0 0 3 0 0 0 0 2 3 2 1 1
-0.004707678736138288 0 0 3 0 0 0 0 2 3 2 2 2
-744.2723593839578 0 0 3 0 0 0 0 3 0 0 0 0
0.2805878141758404 0 0 3 0 0 0 0 3 0 0 0 3
0.28034575506372905 0 0 3 0 0 0 0 3 0 0 3 0
0.025994301835913423 0 0 3 0 0 0 0 3 0 0 3 3
0.23423268352966237 0 0 3 0 0 0 0 3 0 3 0 0
0.025680374070002794 0 0 3 0 0 0 0 3 0 3 0 3
0.025499891863781474 0 0 3 0 0 0 0 3 0 3 3 0
0.0010357280596586574 0 0 3 0 0 0 0 3 1 1 0 0
0.0010357280596586574 0 0 3 0 0 0 0 3 2 2 0 0
0.2857351961689916 0 0 3 0 0 0 0 3 3 0 0 0
0.031523482725738745 0 0 3 0 0 0 0 3 3 0 0 3
0.031298694923143563 0 0 3 0 0 0 0 3 3 0 3 0
0.025651600053341127 0 0 3 0 0 0 0 3 3 3 0 0
-0.0021344722407660517 0 0 3 0 0 0 1 1 0 0 0 0
-0.00024441385699922817 0 0 3 0 0 0 1 1 0 0 0 3
-0.00024260500228447611 0 0 3 0 0 0 1 1 0 0 3 0
-0.001323640438593644 0 0 3 0 0 0 1 1 0 3 0 0
0.0005321793557797614 0 0 3 0 0 0 1 1 3 0 0 0
-0.004714588530299269 0 0 3 0 0 0 1 3 1 0 1 1
-0.004700453146614686 0 0 3 0 0 0 1 3 1 0 2 2
-1.4135383684583116e-05 0 0 3 0 0 0 1 3 2 0 2 1
-0.0021344722407660517 0 0 3 0 0 0 2 2 0 0 0 0
-0.00024441385699922817 0 0 3 0 0 0 2 2 0 0 0 3
-0.00024260500228447611 0 0 3 0 0 0 2 2 0 0 3 0
-0.001323640438593644 0 0 3 0 0 0 2 2 0 3 0 0
0.0005321793557797614 0 0 3 0 0 0 2 2 3 0 0 0
-1.4135383684583116e-05 0 0 3 0 0 0 2 3 1 0 1 2
-0.004700453146614686 0 0 3 0 0 0 2 3 2 0 1 1
-0.004714588530299269 0 0 3 0 0 0 2 3 2 0 2 2
-817.7332160737091 0 0 3 0 0 0 3 0 0 0 0 0
0.2899406240016885 0 0 3 0 0 0 3 0 0 0 0 3
0.2898191296958275 0 0 3 0 0 0 3 0 0 0 3 0
0.026532300354147553 0 0 3 0 0 0 3 0 0 0 3 3
0.2847725828570846 0 0 3 0 0 0 3 0 0 3 0 0
0.0314193065782937 0 0 3 0 0 0 3 0 0 3 0 3
0.031198394052164645 0 0 3 0 0 0 3 0 0 3 3 0
-0.0010357280596586663 0 0 3 0 0 0 3 0 1 1 0 0
-0.0010357280596586663 0 0 3 0 0 0 3 0 2 2 0 0
0.25381593898847765 0 0 3 0 0 0 3 0 3 0 0 0
0.02780336075699545 0 0 3 0 0 0 3 0 3 0 0 3
0.02760799214540865 0 0 3 0 0 0 3 0 3 0 3 0
0.027156356994074853 0 0 3 0 0 0 3 0 3 3 0 0
-0.0010857252516521456 0 0 3 0 0 0 3 1 1 0 1 1
-0.0010824700061711219 0 0 3 0 0 0 3 1 1 0 2 2
-3.2552454810238274e-06 0 0 3 0 0 0 3 1 2 0 2 1
-3.2552454810238274e-06 0 0 3 0 0 0 3 2 1 0 1 2
-0.0010824700061711219 0 0 3 0 0 0 3 2 2 0 1 1
-0.0010857252516521456 0 0 3 0 0 0 3 2 2 0 2 2
0.28737530163636643 0 0 3 0 0 0 3 3 0 0 0 0
0.031712160454929604 0 0 3 0 0 0 3 3 0 0 0 3
0.031455611312034004 0 0 3 0 0 0 3 3 0 0 3 0
0.02556861363103142 0 0 3 0 0 0 3 3 0 3 0 0
0.02722383085013697 0 0 3 0 0 0 3 3 3 0 0 0
-709.9050069953527 0 0 3 0 0 3 0 0 0 0 0 0
0.29344599812694366 0 0 3 0 0 3 0 0 0 0 0 3
0.29306175290644215 0 0 3 0 0 3 0 0 0 0 3 0
0.02960837118097274 0 0 3 0 0 3 0 0 0 0 3 3
0.2798650530334563 0 0 3 0 0 3 0 0 0 3 0 0
0.03282897009752789 0 0 3 0 0 3 0 0 0 3 0 3
0.032599479889870386 0 0 3 0 0 3 0 0 0 3 3 0
0.29016800164436823 0 0 3 0 0 3 0 0 3 0 0 0
0.034217641851816395 0 0 3 0 0 3 0 0 3 0 0 3
0.03391189643473599 0 0 3 0 0 3 0 0 3 0 3 0
0.03238338758710581 0 0 3 0 0 3 0 0 3 3 0 0
-0.004912645088103916 0 0 3 0 0 3 0 1 0 1 1 1
-0.004897915886863926 0 0 3 0 0 3 0 1 0 1 2 2
-1.4729201239990833e-05 0 0 3 0 0 3 0 1 0 2 2 1
74.68321302103256 0 0 3 0 0 3 0 1 1 0 1 1
74.45927564327032 0 0 3 0 0 3 0 1 1 0 2 2
-0.009466167811650047 0 0 3 0 0 3 0 1 1 3 1 1
-0.009437786137792321 0 0 3 0 0 3 0 1 1 3 2 2
-4.745293708621687e-08 0 0 3 0 0 3 0 1 2 0 1 2
0.22393742521520557 0 0 3 0 0 3 0 1 2 0 2 1
-2.838167385772447e-05 0 0 3 0 0 3 0 1 2 3 2 1
-0.04342160860121044 0 0 3 0 0 3 0 1 3 1 1 1
-0.04329142097320531 0 0 3 0 0 3 0 1 3 1 2 2
-0.00013018762800513892 0 0 3 0 0 3 0 1 3 2 2 1
-1.4729201239990833e-05 0 0 3 0 0 3 0 2 0 1 1 2
-0.004897915886863926 0 0 3 0 0 3 0 2 0 2 1 1
-0.004912645088103916 0 0 3 0 0 3 0 2 0 2 2 2
0.2239374252152056 0 0 3 0 0 3 0 2 1 0 1 2
-4.745293708621687e-08 0 0 3 0 0 3 0 2 1 0 2 1
-2.838167385772447e-05 0 0 3 0 0 3 0 2 1 3 1 2
74.45927564327032 0 0 3 0 0 3 0 2 2 0 1 1
74.68321302103256 0 0 3 0 0 3 0 2 2 0 2 2
-0.009437786137792321 0 0 3 0 0 3 0 2 2 3 1 1
-0.009466167811650047 0 0 3 0 0 3 0 2 2 3 2 2
-0.00013018762800513892 0 0 3 0 0 3 0 2 3 1 1 2
-0.04329142097320531 0 0 3 0 0 3 0 2 3 2 1 1
-0.04342160860121044 0 0 3 0 0 3 0 2 3 2 2 2
0.2804331645699448 0 0 3 0 0 3 0 3 0 0 0 0
0.03289750047171059 0 0 3 0 0 3 0 3 0 0 0 3
0.03264134398096885 0 0 3 0 0 3 0 3 0 0 3 0
0.02656298571666586 0 0 3 0 0 3 0 3 0 3 0 0
0.03220934094359708 0 0 3 0 0 3 0 3 3 0 0 0
-0.005443479645576499 0 0 3 0 0 3 1 0 1 0 1 1
-0.005427158884416763 0 0 3 0 0 3 1 0 1 0 2 2
-1.6320761159735402e-05 0 0 3 0 0 3 1 0 2 0 2 1
-0.00023137582055168348 0 0 3 0 0 3 1 1 0 0 0 0
-0.043492696516704316 0 0 3 0 0 3 1 3 1 0 1 1
-0.04336229575133748 0 0 3 0 0 3 1 3 1 0 2 2
-0.005446008717564331 0 0 3 0 0 3 1 3 1 3 1 1
-0.005429680373684984 0 0 3 0 0 3 1 3 1 3 2 2
-0.00013040076536683938 0 0 3 0 0 3 1 3 2 0 2 1
-1.632834387934798e-05 0 0 3 0 0 3 1 3 2 3 2 1
-0.0008256257076932232 0 0 3 0 0 3 1 3 3 1 1 1
-0.0008271835525969645 0 0 3 0 0 3 1 3 3 1 2 2
1.5578449037410785e-06 0 0 3 0 0 3 1 3 3 2 2 1
-1.6320761159735402e-05 0 0 3 0 0 3 2 0 1 0 1 2
-0.005427158884416763 0 0 3 0 0 3 2 0 2 0 1 1
-0.005443479645576499 0 0 3 0 0 3 2 0 2 0 2 2
-0.00023137582055168348 0 0 3 0 0 3 2 2 0 0 0 0
-0.00013040076536683938 0 0 3 0 0 3 2 3 1 0 1 2
-1.632834387934798e-05 0 0 3 0 0 3 2 3 1 3 1 2
-0.04336229575133748 0 0 3 0 0 3 2 3 2 0 1 1
-0.043492696516704316 0 0 3 0 0 3 2 3 2 0 2 2
-0.005429680373684984 0 0 3 0 0 3 2 3 2 3 1 1
-0.005446008717564331 0 0 3 0 0 3 2 3 2 3 2 2
1.5578449037410785e-06 0 0 3 0 0 3 2 3 3 1 1 2
-0.0008271835525969645 0 0 3 0 0 3 2 3 3 2 1 1
-0.0008256257076932232 0 0 3 0 0 3 2 3 3 2 2 2
0.2897859743957929 0 0 3 0 0 3 3 0 0 0 0 0
0.03409833968736445 0 0 3 0 0 3 3 0 0 0 0 3
0.033890648897911546 0 0 3 0 0 3 3 0 0 0 3 0
0.03210101468927496 0 0 3 0 0 3 3 0 0 3 0 0
0.028807323008743384 0 0 3 0 0 3 3 0 3 0 0 0
-0.009481665398200289 0 0 3 0 0 3 3 1 1 0 1 1
-0.009453237259135544 0 0 3 0 0 3 3 1 1 0 2 2
0.0005365278085968955 0 0 3 0 0 3 3 1 1 3 1 1
0.000538016554368975 0 0 3 0 0 3 3 1 1 3 2 2
-2.84281390647441e-05 0 0 3 0 0 3 3 1 2 0 2 1
-1.4887457720791123e-06 0 0 3 0 0 3 3 1 2 3 2 1
-0.004910968881995603 0 0 3 0 0 3 3 1 3 1 1 1
-0.004896244706393868 0 0 3 0 0 3 3 1 3 1 2 2
-1.4724175601735623e-05 0 0 3 0 0 3 3 1 3 2 2 1
-2.84281390647441e-05 0 0 3 0 0 3 3 2 1 0 1 2
-1.4887457720791123e-06 0 0 3 0 0 3 3 2 1 3 1 2
-0.009453237259135544 0 0 3 0 0 3 3 2 2 0 1 1
-0.009481665398200289 0 0 3 0 0 3 3 2 2 0 2 2
0.000538016554368975 0 0 3 0 0 3 3 2 2 3 1 1
0.0005365278085968955 0 0 3 0 0 3 3 2 2 3 2 2
-1.4724175601735623e-05 0 0 3 0 0 3 3 2 3 1 1 2
-0.004896244706393868 0 0 3 0 0 3 3 2 3 2 1 1
-0.004910968881995603 0 0 3 0 0 3 3 2 3 2 2 2
0.03236568786425609 0 0 3 0 0 3 3 3 0 0 0 0
-0.005466610228090653 0 0 3 0 1 1 0 1 0 1 3 0
-0.010718079470611035 0 0 3 0 1 1 0 1 1 0 0 0
0.0007179701606026597 0 0 3 0 1 1 0 1 1 0 0 3
83.10561617435955 0 0 3 0 1 1 0 1 1 0 3 0
-0.010581673678067772 0 0 3 0 1 1 0 1 1 0 3 3
-0.0011358018910948792 0 0 3 0 1 1 0 1 1 3 0 0
-0.010533602336813887 0 0 3 0 1 1 0 1 1 3 3 0
-0.0011420308305798914 0 0 3 0 1 1 0 1 1 3 3 3
-0.005532073123044944 0 0 3 0 1 1 0 1 3 1 0 0
-0.048317964241772864 0 0 3 0 1 1 0 1 3 1 3 0
-0.005573468382239053 0 0 3 0 1 1 0 1 3 1 3 3
-0.005466610228090653 0 0 3 0 1 1 0 2 0 2 3 0
-0.010718079470611035 0 0 3 0 1 1 0 2 2 0 0 0
0.0007179701606026597 0 0 3 0 1 1 0 2 2 0 0 3
83.10561617435957 0 0 3 0 1 1 0 2 2 0 3 0
-0.010581673678067772 0 0 3 0 1 1 0 2 2 0 3 3
-0.0011358018910948792 0 0 3 0 1 1 0 2 2 3 0 0
-0.010533602336813887 0 0 3 0 1 1 0 2 2 3 3 0
-0.0011420308305798914 0 0 3 0 1 1 0 2 2 3 3 3
-0.005532073123044944 0 0 3 0 1 1 0 2 3 2 0 0
-0.048317964241772864 0 0 3 0 1 1 0 2 3 2 3 0
-0.005573468382239053 0 0 3 0 1 1 0 2 3 2 3 3
-0.0060573033413242 0 0 3 0 1 1 1 0 1 0 3 0
-0.005500830898394518 0 0 3 0 1 1 1 3 1 0 0 0
-0.04839706825172331 0 0 3 0 1 1 1 3 1 0 3 0
-0.0055418449080477375 0 0 3 0 1 1 1 3 1 0 3 3
-0.00606011759933558 0 0 3 0 1 1 1 3 1 3 3 0
-0.0006289039910469304 0 0 3 0 1 1 1 3 3 1 3 0
-0.0060573033413242 0 0 3 0 1 1 2 0 2 0 3 0
-0.005500830898394518 0 0 3 0 1 1 2 3 2 0 0 0
-0.04839706825172331 0 0 3 0 1 1 2 3 2 0 3 0
-0.0055418449080477375 0 0 3 0 1 1 2 3 2 0 3 3
-0.00606011759933558 0 0 3 0 1 1 2 3 2 3 3 0
-0.0006289039910469304 0 0 3 0 1 1 2 3 3 2 3 0
-0.0011340724500166993 0 0 3 0 1 1 3 1 1 0 0 0
-0.010550847479425845 0 0 3 0 1 1 3 1 1 0 3 0
-0.0011437070702740373 0 0 3 0 1 1 3 1 1 0 3 3
0.0005987542628922535 0 0 3 0 1 1 3 1 1 3 3 0
-0.005464745007768046 0 0 3 0 1 1 3 1 3 1 3 0
-0.0011340724500166993 0 0 3 0 1 1 3 2 2 0 0 0
-0.010550847479425845 0 0 3 0 1 1 3 2 2 0 3 0
-0.0011437070702740373 0 0 3 0 1 1 3 2 2 0 3 3
0.0005987542628922535 0 0 3 0 1 1 3 2 2 3 3 0
-0.005464745007768046 0 0 3 0 1 1 3 2 3 2 3 0
-0.05831796714324754 0 0 3 0 1 2 0 0 0 0 1 2
0.05831796714324754 0 0 3 0 1 2 0 0 0 0 2 1
-0.006597993120561055 0 0 3 0 1 2 0 0 0 3 1 2
0.006597993120561055 0 0 3 0 1 2 0 0 0 3 2 1
-0.007349339508700167 0 0 3 0 1 2 0 0 3 0 1 2
0.007349339508700167 0 0 3 0 1 2 0 0 3 0 2 1
-2.0274773094349635e-08 0 0 3 0 1 2 0 1 2 0 3 0
2.0274773094349635e-08 0 0 3 0 1 2 0 2 1 0 3 0
-0.006629752220800284 0 0 3 0 1 2 0 3 0 0 1 2
0.006629752220800284 0 0 3 0 1 2 0 3 0 0 2 1
-0.007311348792649896 0 0 3 0 1 2 3 0 0 0 1 2
0.007311348792649896 0 0 3 0 1 2 3 0 0 0 2 1
0.05831796714324754 0 0 3 0 2 1 0 0 0 0 1 2
-0.05831796714324754 0 0 3 0 2 1 0 0 0 0 2 1
0.006597993120561055 0 0 3 0 2 1 0 0 0 3 1 2
-0.006597993120561055 0 0 3 0 2 1 0 0 0 3 2 1
0.007349339508700167 0 0 3 0 2 1 0 0 3 0 1 2
-0.007349339508700167 0 0 3 0 2 1 0 0 3 0 2 1
2.0274773094349635e-08 0 0 3 0 2 1 0 1 2 0 3 0
-2.0274773094349635e-08 0 0 3 0 2 1 0 2 1 0 3 0
0.006629752220800284 0 0 3 0 2 1 0 3 0 0 1 2
-0.006629752220800284 0 0 3 0 2 1 0 3 0 0 2 1
0.007311348792649896 0 0 3 0 2 1 3 0 0 0 1 2
-0.007311348792649896 0 0 3 0 2 1 3 0 0 0 2 1
-0.005466610228090653 0 0 3 0 2 2 0 1 0 1 3 0
-0.010718079470611035 0 0 3 0 2 2 0 1 1 0 0 0
0.0007179701606026597 0 0 3 0 2 2 0 1 1 0 0 3
83.10561617435957 0 0 3 0 2 2 0 1 1 0 3 0
-0.010581673678067772 0 0 3 0 2 2 0 1 1 0 3 3
-0.0011358018910948792 0 0 3 0 2 2 0 1 1 3 0 0
-0.010533602336813887 0 0 3 0 2 2 0 1 1 3 3 0
-0.0011420308305798914 0 0 3 0 2 2 0 1 1 3 3 3
-0.005532073123044944 0 0 3 0 2 2 0 1 3 1 0 0
-0.048317964241772864 0 0 3 0 2 2 0 1 3 1 3 0
-0.005573468382239053 0 0 3 0 2 2 0 1 3 1 3 3
-0.005466610228090653 0 0 3 0 2 2 0 2 0 2 3 0
-0.010718079470611035 0 0 3 0 2 2 0 2 2 0 0 0
0.0007179701606026597 0 0 3 0 2 2 0 2 2 0 0 3
83.10561617435957 0 0 3 0 2 2 0 2 2 0 3 0
-0.010581673678067772 0 0 3 0 2 2 0 2 2 0 3 3
-0.0011358018910948792 0 0 3 0 2 2 0 2 2 3 0 0
-0.010533602336813887 0 0 3 0 2 2 0 2 2 3 3 0
-0.0011420308305798914 0 0 3 0 2 2 0 2 2 3 3 3
-0.005532073123044944 0 0 3 0 2 2 0 2 3 2 0 0
-0.048317964241772864 0 0 3 0 2 2 0 2 3 2 3 0
-0.005573468382239053 0 0 3 0 2 2 0 2 3 2 3 3
-0.0060573033413242 0 0 3 0 2 2 1 0 1 0 3 0
-0.005500830898394518 0 0 3 0 2 2 1 3 1 0 0 0
-0.04839706825172331 0 0 3 0 2 2 1 3 1 0 3 0
-0.0055418449080477375 0 0 3 0 2 2 1 3 1 0 3 3
-0.00606011759933558 0 0 3 0 2 2 1 3 1 3 3 0
-0.0006289039910469304 0 0 3 0 2 2 1 3 3 1 3 0
-0.0060573033413242 0 0 3 0 2 2 2 0 2 0 3 0
-0.005500830898394518 0 0 3 0 2 2 2 3 2 0 0 0
-0.04839706825172331 0 0 3 0 2 2 2 3 2 0 3 0
-0.0055418449080477375 0 0 3 0 2 2 2 3 2 0 3 3
-0.00606011759933558 0 0 3 0 2 2 2 3 2 3 3 0
-0.0006289039910469304 0 0 3 0 2 2 2 3 3 2 3 0
-0.0011340724500166993 0 0 3 0 2 2 3 1 1 0 0 0
-0.010550847479425845 0 0 3 0 2 2 3 1 1 0 3 0
-0.0011437070702740373 0 0 3 0 2 2 3 1 1 0 3 3
0.0005987542628922535 0 0 3 0 2 2 3 1 1 3 3 0
-0.005464745007768046 0 0 3 0 2 2 3 1 3 1 3 0
-0.0011340724500166993 0 0 3 0 2 2 3 2 2 0 0 0
-0.010550847479425845 0 0 3 0 2 2 3 2 2 0 3 0
-0.0011437070702740373 0 0 3 0 2 2 3 2 2 0 3 3
0.0005987542628922535 0 0 3 0 2 2 3 2 2 3 3 0
-0.005464745007768046 0 0 3 0 2 2 3 2 3 2 3 0
-706.0178070901094 0 0 3 0 3 0 0 0 0 0 0 0
0.29334297168634926 0 0 3 0 3 0 0 0 0 0 0 3
0.2932058514823735 0 0 3 0 3 0 0 0 0 0 3 0
0.029417226042137427 0 0 3 0 3 0 0 0 0 0 3 3
0.2798872185699654 0 0 3 0 3 0 0 0 0 3 0 0
0.03259947988987039 0 0 3 0 3 0 0 0 0 3 0 3
0.032400587081191104 0 0 3 0 3 0 0 0 0 3 3 0
0.290322979996086 0 0 3 0 3 0 0 0 3 0 0 0
0.03391189643473599 0 0 3 0 3 0 0 0 3 0 0 3
0.03376642968109511 0 0 3 0 3 0 0 0 3 0 3 0
0.03216285651448494 0 0 3 0 3 0 0 0 3 3 0 0
0.0009314663205373392 0 0 3 0 3 0 0 1 1 0 1 1
0.0009331063604844037 0 0 3 0 3 0 0 1 1 0 2 2
-1.640039947064477e-06 0 0 3 0 3 0 0 1 2 0 2 1
-1.640039947064477e-06 0 0 3 0 3 0 0 2 1 0 1 2
0.0009331063604844037 0 0 3 0 3 0 0 2 2 0 1 1
0.0009314663205373392 0 0 3 0 3 0 0 2 2 0 2 2
0.28045866732677743 0 0 3 0 3 0 0 3 0 0 0 0
0.032670067872311734 0 0 3 0 3 0 0 3 0 0 0 3
0.03243917318651693 0 0 3 0 3 0 0 3 0 0 3 0
0.02637620212618985 0 0 3 0 3 0 0 3 0 3 0 0
0.031989470877895776 0 0 3 0 3 0 0 3 3 0 0 0
-0.00022942670418641406 0 0 3 0 3 0 1 1 0 0 0 0
-0.00022942670418641406 0 0 3 0 3 0 2 2 0 0 0 0
0.2899320419588759 0 0 3 0 3 0 3 0 0 0 0 0
0.03391641140676517 0 0 3 0 3 0 3 0 0 0 0 3
0.0336240469120361 0 0 3 0 3 0 3 0 0 0 3 0
0.03188196381585019 0 0 3 0 3 0 3 0 0 3 0 0
0.02860394705049419 0 0 3 0 3 0 3 0 3 0 0 0
0.032144905252608325 0 0 3 0 3 0 3 3 0 0 0 0
0.22970304590613277 0 0 3 0 3 3 0 0 0 0 0 0
0.02859411326270915 0 0 3 0 3 3 0 0 0 0 0 3
0.028399441046859743 0 0 3 0 3 3 0 0 0 0 3 0
0.02596990389562838 0 0 3 0 3 3 0 0 0 3 0 0
0.02656255692603582 0 0 3 0 3 3 0 0 3 0 0 0
-0.009631950746119944 0 0 3 0 3 3 0 1 1 0 1 1
-0.00960307201819864 0 0 3 0 3 3 0 1 1 0 2 2
-0.0010778644069527601 0 0 3 0 3 3 0 1 1 3 1 1
-0.0010746327300303064 0 0 3 0 3 3 0 1 1 3 2 2
-2.8878727921303448e-05 0 0 3 0 3 3 0 1 2 0 2 1
-3.2316769224536313e-06 0 0 3 0 3 3 0 1 2 3 2 1
-0.004741133885497718 0 0 3 0 3 3 0 1 3 1 1 1
-0.004667964124457709 0 0 3 0 3 3 0 1 3 1 2 2
-7.31697610400105e-05 0 0 3 0 3 3 0 1 3 2 2 1
-2.8878727921303448e-05 0 0 3 0 3 3 0 2 1 0 1 2
-3.2316769224536313e-06 0 0 3 0 3 3 0 2 1 3 1 2
-0.00960307201819864 0 0 3 0 3 3 0 2 2 0 1 1
-0.009631950746119944 0 0 3 0 3 3 0 2 2 0 2 2
-0.0010746327300303064 0 0 3 0 3 3 0 2 2 3 1 1
-0.0010778644069527601 0 0 3 0 3 3 0 2 2 3 2 2
-7.31697610400105e-05 0 0 3 0 3 3 0 2 3 1 1 2
-0.004667964124457709 0 0 3 0 3 3 0 2 3 2 1 1
-0.004741133885497718 0 0 3 0 3 3 0 2 3 2 2 2
0.0259917424072899 0 0 3 0 3 3 0 3 0 0 0 0
-0.004674872705032794 0 0 3 0 3 3 1 3 1 0 1 1
-0.004660856398214599 0 0 3 0 3 3 1 3 1 0 2 2
-1.4016306818196254e-05 0 0 3 0 3 3 1 3 2 0 2 1
-1.4016306818196254e-05 0 0 3 0 3 3 2 3 1 0 1 2
-0.004660856398214599 0 0 3 0 3 3 2 3 2 0 1 1
-0.004674872705032794 0 0 3 0 3 3 2 3 2 0 2 2
0.02652974092552403 0 0 3 0 3 3 3 0 0 0 0 0
-0.0010776900311270567 0 0 3 0 3 3 3 1 1 0 1 1
-0.0010744588770220632 0 0 3 0 3 3 3 1 1 0 2 2
-3.23115410499336e-06 0 0 3 0 3 3 3 1 2 0 2 1
-3.23115410499336e-06 0 0 3 0 3 3 3 2 1 0 1 2
-0.0010744588770220632 0 0 3 0 3 3 3 2 2 0 1 1
-0.0010776900311270567 0 0 3 0 3 3 3 2 2 0 2 2
5.958116669076825e-05 0 0 3 1 0 1 0 1 1 1 1 3
5.940252911802218e-05 0 0 3 1 0 1 0 1 1 2 2 3
1.7863757274606577e-07 0 0 3 1 0 1 0 1 2 1 2 3
-0.0002994269290253233 0 0 3 1 0 1 0 1 3 0 1 0
1.7863757274606577e-07 0 0 3 1 0 1 0 2 1 2 1 3
5.940252911802218e-05 0 0 3 1 0 1 0 2 2 1 1 3
5.958116669076825e-05 0 0 3 1 0 1 0 2 2 2 2 3
-0.0002994269290253234 0 0 3 1 0 1 0 2 3 0 2 0
1.3412659172516688e-05 0 0 3 1 0 1 0 3 1 0 0 1
1.3412659172516688e-05 0 0 3 1 0 1 0 3 2 0 0 2
0.00029754334218654667 0 0 3 1 0 1 1 3 1 1 1 0
0.00027987408104876286 0 0 3 1 0 1 1 3 1 2 2 0
1.7669261137783777e-05 0 0 3 1 0 1 1 3 2 1 2 0
1.7669261137783777e-05 0 0 3 1 0 1 2 3 1 2 1 0
0.00027987408104876286 0 0 3 1 0 1 2 3 2 1 1 0
0.00029754334218654667 0 0 3 1 0 1 2 3 2 2 2 0
-1.3412659172515836e-05 0 0 3 1 0 1 3 0 1 0 0 1
-1.3412659172515836e-05 0 0 3 1 0 1 3 0 2 0 0 2
5.988459179648775e-05 0 0 3 1 0 1 3 1 1 1 1 0
5.9839609315598296e-05 0 0 3 1 0 1 3 1 1 2 2 0
4.49824808894519e-08 0 0 3 1 0 1 3 1 2 1 2 0
4.49824808894519e-08 0 0 3 1 0 1 3 2 1 2 1 0
5.9839609315598296e-05 0 0 3 1 0 1 3 2 2 1 1 0
5.988459179648775e-05 0 0 3 1 0 1 3 2 2 2 2 0
-0.005230358301458581 0 0 3 1 0 2 0 0 0 1 0 2
-0.0005955543109867412 0 0 3 1 0 2 0 0 0 1 3 2
0.005230358301458581 0 0 3 1 0 2 0 0 0 2 0 1
0.0005955543109867412 0 0 3 1 0 2 0 0 0 2 3 1
-0.0006885836675660356 0 0 3 1 0 2 0 0 3 1 0 2
0.0006885836675660356 0 0 3 1 0 2 0 0 3 2 0 1
0.005026543268567538 0 0 3 1 0 2 0 1 0 0 2 0
0.0005449671632168604 0 0 3 1 0 2 0 1 0 0 2 3
0.0005376754063616504 0 0 3 1 0 2 0 1 0 3 2 0
-39.66073585408563 0 0 3 1 0 2 0 1 3 0 2 0
0.005049482493826342 0 0 3 1 0 2 0 1 3 0 2 3
0.005026543268567549 0 0 3 1 0 2 0 1 3 3 2 0
0.0008166290109346505 0 0 3 1 0 2 0 1 3 3 2 3
-0.005026543268567538 0 0 3 1 0 2 0 2 0 0 1 0
-0.0005449671632168604 0 0 3 1 0 2 0 2 0 0 1 3
-0.0005376754063616504 0 0 3 1 0 2 0 2 0 3 1 0
39.66073585408563 0 0 3 1 0 2 0 2 3 0 1 0
-0.005049482493826342 0 0 3 1 0 2 0 2 3 0 1 3
-0.005026543268567549 0 0 3 1 0 2 0 2 3 3 1 0
-0.0008166290109346505 0 0 3 1 0 2 0 2 3 3 1 3
-0.0005944757500752388 0 0 3 1 0 2 0 3 0 1 0 2
0.0005944757500752388 0 0 3 1 0 2 0 3 0 2 0 1
-0.00013737522323160957 0 0 3 1 0 2 1 0 3 0 2 0
-6.292222523433794e-05 0 0 3 1 0 2 1 3 0 0 2 0
-0.001097610220290285 0 0 3 1 0 2 1 3 3 0 2 0
-0.00012568500180008894 0 0 3 1 0 2 1 3 3 0 2 3
-0.00020498588720609893 0 0 3 1 0 2 1 3 3 3 2 0
0.00013737522323160957 0 0 3 1 0 2 2 0 3 0 1 0
6.292222523433794e-05 0 0 3 1 0 2 2 3 0 0 1 0
0.001097610220290285 0 0 3 1 0 2 2 3 3 0 1 0
0.00012568500180008894 0 0 3 1 0 2 2 3 3 0 1 3
0.00020498588720609893 0 0 3 1 0 2 2 3 3 3 1 0
-0.0006530759991791377 0 0 3 1 0 2 3 0 0 1 0 2
0.0006530759991791377 0 0 3 1 0 2 3 0 0 2 0 1
0.00026345834689833324 0 0 3 1 0 2 3 1 0 0 2 0
0.005034772500385867 0 0 3 1 0 2 3 1 3 0 2 0
0.0005457670501958545 0 0 3 1 0 2 3 1 3 0 2 3
0.0005377381752864129 0 0 3 1 0 2 3 1 3 3 2 0
-0.00026345834689833324 0 0 3 1 0 2 3 2 0 0 1 0
-0.005034772500385867 0 0 3 1 0 2 3 2 3 0 1 0
-0.0005457670501958545 0 0 3 1 0 2 3 2 3 0 1 3
-0.0005377381752864129 0 0 3 1 0 2 3 2 3 3 1 0
0.000561670731358449 0 0 3 1 1 0 0 1 0 0 3 1
0.0009793135806377721 0 0 3 1 1 0 0 1 3 0 0 1
0.004918700739168917 0 0 3 1 1 0 0 1 3 0 3 1
0.0008657896461007645 0 0 3 1 1 0 0 1 3 3 3 1
0.000561670731358449 0 0 3 1 1 0 0 2 0 0 3 2
0.0009793135806377721 0 0 3 1 1 0 0 2 3 0 0 2
0.004918700739168917 0 0 3 1 1 0 0 2 3 0 3 2
0.0008657896461007645 0 0 3 1 1 0 0 2 3 3 3 2
1.286768104571725e-05 0 0 3 1 1 0 0 3 1 0 1 0
1.286768104571725e-05 0 0 3 1 1 0 0 3 2 0 2 0
-0.00011589885154652171 0 0 3 1 1 0 1 3 3 0 3 1
-0.00011589885154652171 0 0 3 1 1 0 2 3 3 0 3 2
-1.2867681045716433e-05 0 0 3 1 1 0 3 0 1 0 1 0
-1.2867681045716433e-05 0 0 3 1 1 0 3 0 2 0 2 0
0.0005615891315053053 0 0 3 1 1 0 3 1 3 0 3 1
0.0005615891315053053 0 0 3 1 1 0 3 2 3 0 3 2
0.0005279570861136185 0 0 3 1 1 3 0 1 0 0 0 1
0.004896355640562399 0 0 3 1 1 3 0 1 0 0 3 1
0.0005237495965056715 0 0 3 1 1 3 0 1 0 3 3 1
0.004982106519107124 0 0 3 1 1 3 0 1 3 0 0 1
-38.633527955179886 0 0 3 1 1 3 0 1 3 0 3 1
0.0007909392375472246 0 0 3 1 1 3 0 1 3 3 0 1
0.004896355640562409 0 0 3 1 1 3 0 1 3 3 3 1
0.0005279570861136185 0 0 3 1 1 3 0 2 0 0 0 2
0.004896355640562399 0 0 3 1 1 3 0 2 0 0 3 2
0.0005237495965056715 0 0 3 1 1 3 0 2 0 3 3 2
0.004982106519107124 0 0 3 1 1 3 0 2 3 0 0 2
-38.63352795517989 0 0 3 1 1 3 0 2 3 0 3 2
0.0007909392375472246 0 0 3 1 1 3 0 2 3 3 0 2
0.004896355640562409 0 0 3 1 1 3 0 2 3 3 3 2
-0.0001338172006495625 0 0 3 1 1 3 1 0 3 0 3 1
-5.8057825091451274e-05 0 0 3 1 1 3 1 3 0 0 3 1
-0.00012152367986062436 0 0 3 1 1 3 1 3 3 0 0 1
-0.0010691820812255405 0 0 3 1 1 3 1 3 3 0 3 1
-0.00020325434825793317 0 0 3 1 1 3 1 3 3 3 3 1
-0.0001338172006495625 0 0 3 1 1 3 2 0 3 0 3 2
-5.8057825091451274e-05 0 0 3 1 1 3 2 3 0 0 3 2
-0.00012152367986062436 0 0 3 1 1 3 2 3 3 0 0 2
-0.0010691820812255405 0 0 3 1 1 3 2 3 3 0 3 2
-0.00020325434825793317 0 0 3 1 1 3 2 3 3 3 3 2
0.00025663476746645394 0 0 3 1 1 3 3 1 0 0 3 1
0.0005271531865256711 0 0 3 1 1 3 3 1 3 0 0 1
0.0049043717350190285 0 0 3 1 1 3 3 1 3 0 3 1
0.0005238107397133178 0 0 3 1 1 3 3 1 3 3 3 1
0.00025663476746645394 0 0 3 1 1 3 3 2 0 0 3 2
0.0005271531865256711 0 0 3 1 1 3 3 2 3 0 0 2
0.0049043717350190285 0 0 3 1 1 3 3 2 3 0 3 2
0.0005238107397133178 0 0 3 1 1 3 3 2 3 3 3 2
-0.005017840348608524 0 0 3 1 2 0 0 0 0 1 2 0
-0.0005756064847689791 0 0 3 1 2 0 0 0 0 1 2 3
0.005017840348608524 0 0 3 1 2 0 0 0 0 2 1 0
0.0005756064847689791 0 0 3 1 2 0 0 0 0 2 1 3
-0.0006606053947665775 0 0 3 1 2 0 0 0 3 1 2 0
0.0006606053947665775 0 0 3 1 2 0 0 0 3 2 1 0
6.62997243627542e-05 0 0 3 1 2 0 0 1 1 1 3 2
-6.62997243627542e-05 0 0 3 1 2 0 0 1 1 2 3 1
6.62997243627542e-05 0 0 3 1 2 0 0 2 2 1 3 2
-6.62997243627542e-05 0 0 3 1 2 0 0 2 2 2 3 1
-0.0005703212348119612 0 0 3 1 2 0 0 3 0 1 2 0
0.0005703212348119612 0 0 3 1 2 0 0 3 0 2 1 0
-0.0006265404606172094 0 0 3 1 2 0 3 0 0 1 2 0
0.0006265404606172094 0 0 3 1 2 0 3 0 0 2 1 0
-0.0005440236110880197 0 0 3 1 2 3 0 0 0 1 2 0
0.0005440236110880197 0 0 3 1 2 3 0 0 0 2 1 0
5.6988907879347666e-05 0 0 3 1 2 3 0 1 1 1 0 2
-5.7160287117372854e-05 0 0 3 1 2 3 0 1 1 2 0 1
1.713792380251901e-07 0 0 3 1 2 3 0 1 2 1 0 1
-0.00029930226193481183 0 0 3 1 2 3 0 1 3 0 3 2
-1.713792380251901e-07 0 0 3 1 2 3 0 2 1 2 0 2
5.7160287117372854e-05 0 0 3 1 2 3 0 2 2 1 0 2
-5.6988907879347666e-05 0 0 3 1 2 3 0 2 2 2 0 1
0.00029930226193481183 0 0 3 1 2 3 0 2 3 0 3 1
0.00030545462657673416 0 0 3 1 2 3 1 3 1 1 3 2
-0.0002874630614449746 0 0 3 1 2 3 1 3 1 2 3 1
-1.7991565131759597e-05 0 0 3 1 2 3 1 3 2 1 3 1
1.7991565131759597e-05 0 0 3 1 2 3 2 3 1 2 3 2
0.0002874630614449746 0 0 3 1 2 3 2 3 2 1 3 2
-0.00030545462657673416 0 0 3 1 2 3 2 3 2 2 3 1
5.833357899435132e-05 0 0 3 1 2 3 3 1 1 1 3 2
-5.828976156112505e-05 0 0 3 1 2 3 3 1 1 2 3 1
-4.3817433226270807e-08 0 0 3 1 2 3 3 1 2 1 3 1
4.3817433226270807e-08 0 0 3 1 2 3 3 2 1 2 3 2
5.828976156112505e-05 0 0 3 1 2 3 3 2 2 1 3 2
-5.833357899435132e-05 0 0 3 1 2 3 3 2 2 2 3 1
6.360585887897532e-05 0 0 3 1 3 1 0 1 1 1 1 0
6.360585887897532e-05 0 0 3 1 3 1 0 1 1 2 2 0
6.360585887897532e-05 0 0 3 1 3 1 0 2 2 1 1 0
6.360585887897532e-05 0 0 3 1 3 1 0 2 2 2 2 0
-0.000563971437305782 0 0 3 1 3 2 0 0 0 1 0 2
0.000563971437305782 0 0 3 1 3 2 0 0 0 2 0 1
0.0005723469292958319 0 0 3 1 3 2 0 1 0 0 2 0
0.005114574149688997 0 0 3 1 3 2 0 1 3 0 2 0
0.0009868364953049028 0 0 3 1 3 2 0 1 3 0 2 3
0.0008641089985872354 0 0 3 1 3 2 0 1 3 3 2 0
-0.0005723469292958319 0 0 3 1 3 2 0 2 0 0 1 0
-0.005114574149688997 0 0 3 1 3 2 0 2 3 0 1 0
-0.0009868364953049028 0 0 3 1 3 2 0 2 3 0 1 3
-0.0008641089985872354 0 0 3 1 3 2 0 2 3 3 1 0
-0.00011797815427768068 0 0 3 1 3 2 1 3 3 0 2 0
0.00011797815427768068 0 0 3 1 3 2 2 3 3 0 1 0
0.0005722543355820578 0 0 3 1 3 2 3 1 3 0 2 0
-0.0005722543355820578 0 0 3 1 3 2 3 2 3 0 1 0
0.005230358301458581 0 0 3 2 0 1 0 0 0 1 0 2
0.0005955543109867412 0 0 3 2 0 1 0 0 0 1 3 2
-0.005230358301458581 0 0 3 2 0 1 0 0 0 2 0 1
-0.0005955543109867412 0 0 3 2 0 1 0 0 0 2 3 1
0.0006885836675660356 0 0 3 2 0 1 0 0 3 1 0 2
-0.0006885836675660356 0 0 3 2 0 1 0 0 3 2 0 1
-0.005026543268567538 0 0 3 2 0 1 0 1 0 0 2 0
-0.0005449671632168604 0 0 3 2 0 1 0 1 0 0 2 3
-0.0005376754063616504 0 0 3 2 0 1 0 1 0 3 2 0
39.66073585408563 0 0 3 2 0 1 0 1 3 0 2 0
-0.005049482493826342 0 0 3 2 0 1 0 1 3 0 2 3
-0.005026543268567549 0 0 3 2 0 1 0 1 3 3 2 0
-0.0008166290109346505 0 0 3 2 0 1 0 1 3 3 2 3
0.005026543268567538 0 0 3 2 0 1 0 2 0 0 1 0
0.0005449671632168604 0 0 3 2 0 1 0 2 0 0 1 3
0.0005376754063616504 0 0 3 2 0 1 0 2 0 3 1 0
-39.66073585408563 0 0 3 2 0 1 0 2 3 0 1 0
0.005049482493826342 0 0 3 2 0 1 0 2 3 0 1 3
0.005026543268567549 0 0 3 2 0 1 0 2 3 3 1 0
0.0008166290109346505 0 0 3 2 0 1 0 2 3 3 1 3
0.0005944757500752388 0 0 3 2 0 1 0 3 0 1 0 2
-0.0005944757500752388 0 0 3 2 0 1 0 3 0 2 0 1
0.00013737522323160957 0 0 3 2 0 1 1 0 3 0 2 0
6.292222523433794e-05 0 0 3 2 0 1 1 3 0 0 2 0
0.001097610220290285 0 0 3 2 0 1 1 3 3 0 2 0
0.00012568500180008894 0 0 3 2 0 1 1 3 3 0 2 3
0.00020498588720609893 0 0 3 2 0 1 1 3 3 3 2 0
-0.00013737522323160957 0 0 3 2 0 1 2 0 3 0 1 0
-6.292222523433794e-05 0 0 3 2 0 1 2 3 0 0 1 0
-0.001097610220290285 0 0 3 2 0 1 2 3 3 0 1 0
-0.00012568500180008894 0 0 3 2 0 1 2 3 3 0 1 3
-0.00020498588720609893 0 0 3 2 0 1 2 3 3 3 1 0
0.0006530759991791377 0 0 3 2 0 1 3 0 0 1 0 2
-0.0006530759991791377 0 0 3 2 0 1 3 0 0 2 0 1
-0.00026345834689833324 0 0 3 2 0 1 3 1 0 0 2 0
-0.005034772500385867 0 0 3 2 0 1 3 1 3 0 2 0
-0.0005457670501958545 0 0 3 2 0 1 3 1 3 0 2 3
-0.0005377381752864129 0 0 3 2 0 1 3 1 3 3 2 0
0.00026345834689833324 0 0 3 2 0 1 3 2 0 0 1 0
0.005034772500385867 0 0 3 2 0 1 3 2 3 0 1 0
0.0005457670501958545 0 0 3 2 0 1 3 2 3 0 1 3
0.0005377381752864129 0 0 3 2 0 1 3 2 3 3 1 0
5.958116669076825e-05 0 0 3 2 0 2 0 1 1 1 1 3
5.940252911802218e-05 0 0 3 2 0 2 0 1 1 2 2 3
1.7863757274606577e-07 0 0 3 2 0 2 0 1 2 1 2 3
-0.0002994269290253233 0 0 3 2 0 2 0 1 3 0 1 0
1.7863757274606577e-07 0 0 3 2 0 2 0 2 1 2 1 3
5.940252911802218e-05 0 0 3 2 0 2 0 2 2 1 1 3
5.958116669076825e-05 0 0 3 2 0 2 0 2 2 2 2 3
-0.0002994269290253234 0 0 3 2 0 2 0 2 3 0 2 0
1.3412659172516688e-05 0 0 3 2 0 2 0 3 1 0 0 1
1.3412659172516688e-05 0 0 3 2 0 2 0 3 2 0 0 2
0.00029754334218654667 0 0 3 2 0 2 1 3 1 1 1 0
0.00027987408104876286 0 0 3 2 0 2 1 3 1 2 2 0
1.7669261137783777e-05 0 0 3 2 0 2 1 3 2 1 2 0
1.7669261137783777e-05 0 0 3 2 0 2 2 3 1 2 1 0
0.00027987408104876286 0 0 3 2 0 2 2 3 2 1 1 0
0.00029754334218654667 0 0 3 2 0 2 2 3 2 2 2 0
-1.3412659172515836e-05 0 0 3 2 0 2 3 0 1 0 0 1
-1.3412659172515836e-05 0 0 3 2 0 2 3 0 2 0 0 2
5.988459179648775e-05 0 0 3 2 0 2 3 1 1 1 1 0
5.9839609315598296e-05 0 0 3 2 0 2 3 1 1 2 2 0
4.49824808894519e-08 0 0 3 2 0 2 3 1 2 1 2 0
4.49824808894519e-08 0 0 3 2 0 2 3 2 1 2 1 0
5.9839609315598296e-05 0 0 3 2 0 2 3 2 2 1 1 0
5.988459179648775e-05 0 0 3 2 0 2 3 2 2 2 2 0
0.005017840348608524 0 0 3 2 1 0 0 0 0 1 2 0
0.0005756064847689791 0 0 3 2 1 0 0 0 0 1 2 3
-0.005017840348608524 0 0 3 2 1 0 0 0 0 2 1 0
-0.0005756064847689791 0 0 3 2 1 0 0 0 0 2 1 3
0.0006606053947665775 0 0 3 2 1 0 0 0 3 1 2 0
-0.0006606053947665775 0 0 3 2 1 0 0 0 3 2 1 0
-6.62997243627542e-05 0 0 3 2 1 0 0 1 1 1 3 2
6.62997243627542e-05 0 0 3 2 1 0 0 1 1 2 3 1
-6.62997243627542e-05 0 0 3 2 1 0 0 2 2 1 3 2
6.62997243627542e-05 0 0 3 2 1 0 0 2 2 2 3 1
0.0005703212348119612 0 0 3 2 1 0 0 3 0 1 2 0
-0.0005703212348119612 0 0 3 2 1 0 0 3 0 2 1 0
0.0006265404606172094 0 0 3 2 1 0 3 0 0 1 2 0
-0.0006265404606172094 0 0 3 2 1 0 3 0 0 2 1 0
0.0005440236110880197 0 0 3 2 1 3 0 0 0 1 2 0
-0.0005440236110880197 0 0 3 2 1 3 0 0 0 2 1 0
-5.6988907879347666e-05 0 0 3 2 1 3 0 1 1 1 0 2
5.7160287117372854e-05 0 0 3 2 1 3 0 1 1 2 0 1
-1.713792380251901e-07 0 0 3 2 1 3 0 1 2 1 0 1
0.00029930226193481183 0 0 3 2 1 3 0 1 3 0 3 2
1.713792380251901e-07 0 0 3 2 1 3 0 2 1 2 0 2
-5.7160287117372854e-05 0 0 3 2 1 3 0 2 2 1 0 2
5.6988907879347666e-05 0 0 3 2 1 3 0 2 2 2 0 1
-0.00029930226193481183 0 0 3 2 1 3 0 2 3 0 3 1
-0.00030545462657673416 0 0 3 2 1 3 1 3 1 1 3 2
0.0002874630614449746 0 0 3 2 1 3 1 3 1 2 3 1
1.7991565131759597e-05 0 0 3 2 1 3 1 3 2 1 3 1
-1.7991565131759597e-05 0 0 3 2 1 3 2 3 1 2 3 2
-0.0002874630614449746 0 0 3 2 1 3 2 3 2 1 3 2
0.00030545462657673416 0 0 3 2 1 3 2 3 2 2 3 1
-5.833357899435132e-05 0 0 3 2 1 3 3 1 1 1 3 2
5.828976156112505e-05 0 0 3 2 1 3 3 1 1 2 3 1
4.3817433226270807e-08 0 0 3 2 1 3 3 1 2 1 3 1
-4.3817433226270807e-08 0 0 3 2 1 3 3 2 1 2 3 2
-5.828976156112505e-05 0 0 3 2 1 3 3 2 2 1 3 2
5.833357899435132e-05 0 0 3 2 1 3 3 2 2 2 3 1
0.000561670731358449 0 0 3 2 2 0 0 1 0 0 3 1
0.0009793135806377721 0 0 3 2 2 0 0 1 3 0 0 1
0.004918700739168917 0 0 3 2 2 0 0 1 3 0 3 1
0.0008657896461007645 0 0 3 2 2 0 0 1 3 3 3 1
0.000561670731358449 0 0 3 2 2 0 0 2 0 0 3 2
0.0009793135806377721 0 0 3 2 2 0 0 2 3 0 0 2
0.004918700739168917 0 0 3 2 2 0 0 2 3 0 3 2
0.0008657896461007645 0 0 3 2 2 0 0 2 3 3 3 2
1.286768104571725e-05 0 0 3 2 2 0 0 3 1 0 1 0
1.286768104571725e-05 0 0 3 2 2 0 0 3 2 0 2 0
-0.00011589885154652171 0 0 3 2 2 0 1 3 3 0 3 1
-0.00011589885154652171 0 0 3 2 2 0 2 3 3 0 3 2
-1.2867681045716433e-05 0 0 3 2 2 0 3 0 1 0 1 0
-1.2867681045716433e-05 0 0 3 2 2 0 3 0 2 0 2 0
0.0005615891315053053 0 0 3 2 2 0 3 1 3 0 3 1
0.0005615891315053053 0 0 3 2 2 0 3 2 3 0 3 2
0.0005279570861136185 0 0 3 2 2 3 0 1 0 0 0 1
0.004896355640562399 0 0 3 2 2 3 0 1 0 0 3 1
0.0005237495965056715 0 0 3 2 2 3 0 1 0 3 3 1
0.004982106519107124 0 0 3 2 2 3 0 1 3 0 0 1
-38.633527955179886 0 0 3 2 2 3 0 1 3 0 3 1
0.0007909392375472246 0 0 3 2 2 3 0 1 3 3 0 1
0.004896355640562409 0 0 3 2 2 3 0 1 3 3 3 1
0.0005279570861136185 0 0 3 2 2 3 0 2 0 0 0 2
0.004896355640562399 0 0 3 2 2 3 0 2 0 0 3 2
0.0005237495965056715 0 0 3 2 2 3 0 2 0 3 3 2
0.004982106519107124 0 0 3 2 2 3 0 2 3 0 0 2
-38.633527955179886 0 0 3 2 2 3 0 2 3 0 3 2
0.0007909392375472246 0 0 3 2 2 3 0 2 3 3 0 2
0.004896355640562409 0 0 3 2 2 3 0 2 3 3 3 2
-0.0001338172006495625 0 0 3 2 2 3 1 0 3 0 3 1
-5.8057825091451274e-05 0 0 3 2 2 3 1 3 0 0 3 1
-0.00012152367986062436 0 0 3 2 2 3 1 3 3 0 0 1
-0.0010691820812255405 0 0 3 2 2 3 1 3 3 0 3 1
-0.00020325434825793317 0 0 3 2 2 3 1 3 3 3 3 1
-0.0001338172006495625 0 0 3 2 2 3 2 0 3 0 3 2
-5.8057825091451274e-05 0 0 3 2 2 3 2 3 0 0 3 2
-0.00012152367986062436 0 0 3 2 2 3 2 3 3 0 0 2
-0.0010691820812255405 0 0 3 2 2 3 2 3 3 0 3 2
-0.00020325434825793317 0 0 3 2 2 3 2 3 3 3 3 2
0.00025663476746645394 0 0 3 2 2 3 3 1 0 0 3 1
0.0005271531865256711 0 0 3 2 2 3 3 1 3 0 0 1
0.0049043717350190285 0 0 3 2 2 3 3 1 3 0 3 1
0.0005238107397133178 0 0 3 2 2 3 3 1 3 3 3 1
0.00025663476746645394 0 0 3 2 2 3 3 2 0 0 3 2
0.0005271531865256711 0 0 3 2 2 3 3 2 3 0 0 2
0.0049043717350190285 0 0 3 2 2 3 3 2 3 0 3 2
0.0005238107397133178 0 0 3 2 2 3 3 2 3 3 3 2
0.000563971437305782 0 0 3 2 3 1 0 0 0 1 0 2
-0.000563971437305782 0 0 3 2 3 1 0 0 0 2 0 1
-0.0005723469292958319 0 0 3 2 3 1 0 1 0 0 2 0
-0.005114574149688997 0 0 3 2 3 1 0 1 3 0 2 0
-0.0009868364953049028 0 0 3 2 3 1 0 1 3 0 2 3
-0.0008641089985872354 0 0 3 2 3 1 0 1 3 3 2 0
0.0005723469292958319 0 0 3 2 3 1 0 2 0 0 1 0
0.005114574149688997 0 0 3 2 3 1 0 2 3 0 1 0
0.0009868364953049028 0 0 3 2 3 1 0 2 3 0 1 3
0.0008641089985872354 0 0 3 2 3 1 0 2 3 3 1 0
0.00011797815427768068 0 0 3 2 3 1 1 3 3 0 2 0
-0.00011797815427768068 0 0 3 2 3 1 2 3 3 0 1 0
-0.0005722543355820578 0 0 3 2 3 1 3 1 3 0 2 0
0.0005722543355820578 0 0 3 2 3 1 3 2 3 0 1 0
6.360585887897532e-05 0 0 3 2 3 2 0 1 1 1 1 0
6.360585887897532e-05 0 0 3 2 3 2 0 1 1 2 2 0
6.360585887897532e-05 0 0 3 2 3 2 0 2 2 1 1 0
6.360585887897532e-05 0 0 3 2 3 2 0 2 2 2 2 0
-700.3991105163238 0 0 3 3 0 0 0 0 0 0 0 0
0.27994393702945886 0 0 3 3 0 0 0 0 0 0 0 3
0.2796871782055135 0 0 3 3 0 0 0 0 0 0 3 0
0.026844738176180365 0 0 3 3 0 0 0 0 0 0 3 3
0.2871788959565247 0 0 3 3 0 0 0 0 0 3 0 0
0.032383387587105836 0 0 3 3 0 0 0 0 0 3 0 3
0.03216285651448495 0 0 3 3 0 0 0 0 0 3 3 0
0.28717889595652435 0 0 3 3 0 0 0 0 3 0 0 0
0.03238338758710581 0 0 3 3 0 0 0 0 3 0 0 3
0.03216285651448494 0 0 3 3 0 0 0 0 3 0 3 0
0.03329261895385988 0 0 3 3 0 0 0 0 3 3 0 0
-0.004980979416152222 0 0 3 3 0 0 0 1 0 1 1 1
-0.004966045333417361 0 0 3 3 0 0 0 1 0 1 2 2
-1.4934082734862169e-05 0 0 3 3 0 0 0 1 0 2 2 1
-0.0010263018426816034 0 0 3 3 0 0 0 1 1 0 1 1
-0.001023224761780637 0 0 3 3 0 0 0 1 1 0 2 2
-3.0770809009663637e-06 0 0 3 3 0 0 0 1 2 0 2 1
-0.04361976825240273 0 0 3 3 0 0 0 1 3 1 1 1
-0.04348898649774532 0 0 3 3 0 0 0 1 3 1 2 2
-0.00013078175465742353 0 0 3 3 0 0 0 1 3 2 2 1
-1.4934082734862169e-05 0 0 3 3 0 0 0 2 0 1 1 2
-0.004966045333417361 0 0 3 3 0 0 0 2 0 2 1 1
-0.004980979416152222 0 0 3 3 0 0 0 2 0 2 2 2
-3.0770809009663637e-06 0 0 3 3 0 0 0 2 1 0 1 2
-0.001023224761780637 0 0 3 3 0 0 0 2 2 0 1 1
-0.0010263018426816034 0 0 3 3 0 0 0 2 2 0 2 2
-0.00013078175465742353 0 0 3 3 0 0 0 2 3 1 1 2
-0.04348898649774532 0 0 3 3 0 0 0 2 3 2 1 1
-0.04361976825240273 0 0 3 3 0 0 0 2 3 2 2 2
0.2872435748610951 0 0 3 3 0 0 0 3 0 0 0 0
0.032388258702005165 0 0 3 3 0 0 0 3 0 0 0 3
0.03213905693044038 0 0 3 3 0 0 0 3 0 0 3 0
0.028469772264328945 0 0 3 3 0 0 0 3 0 3 0 0
0.009436790617845133 0 0 3 3 0 0 0 3 1 1 0 0
0.0010825130928179111 0 0 3 3 0 0 0 3 1 1 0 3
0.0010745193752347002 0 0 3 3 0 0 0 3 1 1 3 0
0.009436790617845133 0 0 3 3 0 0 0 3 2 2 0 0
0.0010825130928179111 0 0 3 3 0 0 0 3 2 2 0 3
0.0010745193752347002 0 0 3 3 0 0 0 3 2 2 3 0
0.03299489450289759 0 0 3 3 0 0 0 3 3 0 0 0
0.00027096413909730773 0 0 3 3 0 0 1 1 1 1 0 0
-0.0041996936506330995 0 0 3 3 0 0 1 1 2 2 0 0
0.004470657789730408 0 0 3 3 0 0 1 2 2 1 0 0
0.001027808218727514 0 0 3 3 0 0 1 3 3 1 1 1
0.0010247266213765445 0 0 3 3 0 0 1 3 3 1 2 2
3.0815973509695255e-06 0 0 3 3 0 0 1 3 3 2 2 1
0.004470657789730408 0 0 3 3 0 0 2 1 1 2 0 0
-0.0041996936506330995 0 0 3 3 0 0 2 2 1 1 0 0
0.00027096413909730773 0 0 3 3 0 0 2 2 2 2 0 0
3.0815973509695255e-06 0 0 3 3 0 0 2 3 3 1 1 2
0.0010247266213765445 0 0 3 3 0 0 2 3 3 2 1 1
0.001027808218727514 0 0 3 3 0 0 2 3 3 2 2 2
0.2872435748610958 0 0 3 3 0 0 3 0 0 0 0 0
0.03238825870200518 0 0 3 3 0 0 3 0 0 0 0 3
0.03213905693044039 0 0 3 3 0 0 3 0 0 0 3 0
0.03299489450289762 0 0 3 3 0 0 3 0 0 3 0 0
-0.009436790617845234 0 0 3 3 0 0 3 0 1 1 0 0
-0.0010825130928179226 0 0 3 3 0 0 3 0 1 1 0 3
-0.0010745193752347117 0 0 3 3 0 0 3 0 1 1 3 0
-0.009436790617845234 0 0 3 3 0 0 3 0 2 2 0 0
-0.0010825130928179226 0 0 3 3 0 0 3 0 2 2 0 3
-0.0010745193752347117 0 0 3 3 0 0 3 0 2 2 3 0
0.028469772264328935 0 0 3 3 0 0 3 0 3 0 0 0
-0.004980255776542433 0 0 3 3 0 0 3 1 3 1 1 1
-0.004965323863439867 0 0 3 3 0 0 3 1 3 1 2 2
-1.4931913102567009e-05 0 0 3 3 0 0 3 1 3 2 2 1
-1.4931913102567009e-05 0 0 3 3 0 0 3 2 3 1 1 2
-0.004965323863439867 0 0 3 3 0 0 3 2 3 2 1 1
-0.004980255776542433 0 0 3 3 0 0 3 2 3 2 2 2
0.03326786599361323 0 0 3 3 0 0 3 3 0 0 0 0
0.2694832204265417 0 0 3 3 0 3 0 0 0 0 0 0
0.032134634220383616 0 0 3 3 0 3 0 0 0 0 0 3
0.031891740917538866 0 0 3 3 0 3 0 0 0 0 3 0
0.0316948039195398 0 0 3 3 0 3 0 0 0 3 0 0
0.03169480391953978 0 0 3 3 0 3 0 0 3 0 0 0
-0.043421608601210346 0 0 3 3 0 3 0 1 0 1 1 1
-0.043291420973205215 0 0 3 3 0 3 0 1 0 1 2 2
-0.00013018762800513862 0 0 3 3 0 3 0 1 0 2 2 1
-0.009466167811650047 0 0 3 3 0 3 0 1 1 0 1 1
-0.009437786137792321 0 0 3 3 0 3 0 1 1 0 2 2
-0.0011878176778994261 0 0 3 3 0 3 0 1 1 3 1 1
-0.0011842563366463066 0 0 3 3 0 3 0 1 1 3 2 2
-2.838167385772447e-05 0 0 3 3 0 3 0 1 2 0 2 1
-3.5613412531194877e-06 0 0 3 3 0 3 0 1 2 3 2 1
342.5742401153185 0 0 3 3 0 3 0 1 3 1 1 1
341.54703234107996 0 0 3 3 0 3 0 1 3 1 2 2
-2.1766811048879623e-07 0 0 3 3 0 3 0 1 3 2 1 2
1.0272079919067618 0 0 3 3 0 3 0 1 3 2 2 1
-0.00013018762800513862 0 0 3 3 0 3 0 2 0 1 1 2
-0.043291420973205215 0 0 3 3 0 3 0 2 0 2 1 1
-0.043421608601210346 0 0 3 3 0 3 0 2 0 2 2 2
-2.838167385772447e-05 0 0 3 3 0 3 0 2 1 0 1 2
-3.5613412531194877e-06 0 0 3 3 0 3 0 2 1 3 1 2
-0.009437786137792321 0 0 3 3 0 3 0 2 2 0 1 1
-0.009466167811650047 0 0 3 3 0 3 0 2 2 0 2 2
-0.0011842563366463066 0 0 3 3 0 3 0 2 2 3 1 1
-0.0011878176778994261 0 0 3 3 0 3 0 2 2 3 2 2
1.0272079919067616 0 0 3 3 0 3 0 2 3 1 1 2
-2.1766811048879623e-07 0 0 3 3 0 3 0 2 3 1 2 1
341.54703234107996 0 0 3 3 0 3 0 2 3 2 1 1
342.57424011531856 0 0 3 3 0 3 0 2 3 2 2 2
0.031684557399230734 0 0 3 3 0 3 0 3 0 0 0 0
0.0010231168296188013 0 0 3 3 0 3 0 3 1 1 0 0
0.0010231168296188013 0 0 3 3 0 3 0 3 2 2 0 0
0.0011867107982473954 0 0 3 3 0 3 1 0 3 1 1 1
0.0011831527756653484 0 0 3 3 0 3 1 0 3 1 2 2
3.558022582047105e-06 0 0 3 3 0 3 1 0 3 2 2 1
0.0011872621509175505 0 0 3 3 0 3 1 3 0 1 1 1
0.0011837024752577238 0 0 3 3 0 3 1 3 0 1 2 2
3.559675659826438e-06 0 0 3 3 0 3 1 3 0 2 2 1
0.0031957652569853234 0 0 3 3 0 3 1 3 1 0 1 1
0.0032029111404111785 0 0 3 3 0 3 1 3 1 0 2 2
-7.145883425855256e-06 0 0 3 3 0 3 1 3 2 0 2 1
0.009481665398200221 0 0 3 3 0 3 1 3 3 1 1 1
0.009453237259135477 0 0 3 3 0 3 1 3 3 1 2 2
2.842813906474461e-05 0 0 3 3 0 3 1 3 3 2 2 1
3.558022582047105e-06 0 0 3 3 0 3 2 0 3 1 1 2
0.0011831527756653484 0 0 3 3 0 3 2 0 3 2 1 1
0.0011867107982473954 0 0 3 3 0 3 2 0 3 2 2 2
3.559675659826438e-06 0 0 3 3 0 3 2 3 0 1 1 2
0.0011837024752577238 0 0 3 3 0 3 2 3 0 2 1 1
0.0011872621509175505 0 0 3 3 0 3 2 3 0 2 2 2
-7.145883425855256e-06 0 0 3 3 0 3 2 3 1 0 1 2
0.0032029111404111785 0 0 3 3 0 3 2 3 2 0 1 1
0.0031957652569853234 0 0 3 3 0 3 2 3 2 0 2 2
2.842813906474461e-05 0 0 3 3 0 3 2 3 3 1 1 2
0.009453237259135477 0 0 3 3 0 3 2 3 3 2 1 1
0.009481665398200221 0 0 3 3 0 3 2 3 3 2 2 2
0.03168455739923075 0 0 3 3 0 3 3 0 0 0 0 0
-0.0010231168296188121 0 0 3 3 0 3 3 0 1 1 0 0
-0.0010231168296188121 0 0 3 3 0 3 3 0 2 2 0 0
0.0024610698829877044 0 0 3 3 0 3 3 1 0 1 1 1
0.002467898806529747 0 0 3 3 0 3 3 1 0 1 2 2
-6.828923542044938e-06 0 0 3 3 0 3 3 1 0 2 2 1
-0.0011872621509175483 0 0 3 3 0 3 3 1 1 0 1 1
-0.0011837024752577219 0 0 3 3 0 3 3 1 1 0 2 2
-3.559675659826351e-06 0 0 3 3 0 3 3 1 2 0 2 1
-0.0434926965167046 0 0 3 3 0 3 3 1 3 1 1 1
-0.04336229575133777 0 0 3 3 0 3 3 1 3 1 2 2
-0.0001304007653668385 0 0 3 3 0 3 3 1 3 2 2 1
-6.828923542044938e-06 0 0 3 3 0 3 3 2 0 1 1 2
0.002467898806529747 0 0 3 3 0 3 3 2 0 2 1 1
0.0024610698829877044 0 0 3 3 0 3 3 2 0 2 2 2
-3.559675659826351e-06 0 0 3 3 0 3 3 2 1 0 1 2
-0.0011837024752577219 0 0 3 3 0 3 3 2 2 0 1 1
-0.0011872621509175483 0 0 3 3 0 3 3 2 2 0 2 2
-0.0001304007653668385 0 0 3 3 0 3 3 2 3 1 1 2
-0.04336229575133777 0 0 3 3 0 3 3 2 3 2 1 1
-0.0434926965167046 0 0 3 3 0 3 3 2 3 2 2 2
-0.005209958892017551 0 0 3 3 1 1 0 1 0 1 0 0
-0.04831796424177275 0 0 3 3 1 1 0 1 0 1 3 0
-0.005238531232768359 0 0 3 3 1 1 0 1 0 1 3 3
-0.0011994077499738547 0 0 3 3 1 1 0 1 1 0 0 0
-0.010533602336813887 0 0 3 3 1 1 0 1 1 0 3 0
-0.0012083305549426453 0 0 3 3 1 1 0 1 1 0 3 3
-0.001321759693741292 0 0 3 3 1 1 0 1 1 3 3 0
-0.049164166639511314 0 0 3 3 1 1 0 1 3 1 0 0
0.0032933516414814885 0 0 3 3 1 1 0 1 3 1 0 3
381.2080674974272 0 0 3 3 1 1 0 1 3 1 3 0
-0.048538468991571666 0 0 3 3 1 1 0 1 3 1 3 3
-0.005209958892017551 0 0 3 3 1 1 0 2 0 2 0 0
-0.04831796424177275 0 0 3 3 1 1 0 2 0 2 3 0
-0.005238531232768359 0 0 3 3 1 1 0 2 0 2 3 3
-0.0011994077499738547 0 0 3 3 1 1 0 2 2 0 0 0
-0.010533602336813887 0 0 3 3 1 1 0 2 2 0 3 0
-0.0012083305549426453 0 0 3 3 1 1 0 2 2 0 3 3
-0.001321759693741292 0 0 3 3 1 1 0 2 2 3 3 0
-0.049164166639511314 0 0 3 3 1 1 0 2 3 2 0 0
0.0032933516414814885 0 0 3 3 1 1 0 2 3 2 0 3
381.2080674974272 0 0 3 3 1 1 0 2 3 2 3 0
-0.048538468991571666 0 0 3 3 1 1 0 2 3 2 3 3
0.001320527998896958 0 0 3 3 1 1 1 0 3 1 3 0
0.0013211415238090778 0 0 3 3 1 1 1 3 0 1 3 0
0.0023541240858873476 0 0 3 3 1 1 1 3 1 0 3 0
0.0011992137109876802 0 0 3 3 1 1 1 3 3 1 0 0
0.010550847479425762 0 0 3 3 1 1 1 3 3 1 3 0
0.0012081550079712099 0 0 3 3 1 1 1 3 3 1 3 3
0.001320527998896958 0 0 3 3 1 1 2 0 3 2 3 0
0.0013211415238090778 0 0 3 3 1 1 2 3 0 2 3 0
0.0023541240858873476 0 0 3 3 1 1 2 3 2 0 3 0
0.0011992137109876802 0 0 3 3 1 1 2 3 3 2 0 0
0.010550847479425762 0 0 3 3 1 1 2 3 3 2 3 0
0.0012081550079712099 0 0 3 3 1 1 2 3 3 2 3 3
0.0027465045801973622 0 0 3 3 1 1 3 1 0 1 3 0
-0.001321141523809076 0 0 3 3 1 1 3 1 1 0 3 0
-0.0052020258915584676 0 0 3 3 1 1 3 1 3 1 0 0
-0.048397068251723636 0 0 3 3 1 1 3 1 3 1 3 0
-0.005246220196810542 0 0 3 3 1 1 3 1 3 1 3 3
0.0027465045801973622 0 0 3 3 1 1 3 2 0 2 3 0
-0.001321141523809076 0 0 3 3 1 1 3 2 2 0 3 0
-0.0052020258915584676 0 0 3 3 1 1 3 2 3 2 0 0
-0.048397068251723636 0 0 3 3 1 1 3 2 3 2 3 0
-0.005246220196810542 0 0 3 3 1 1 3 2 3 2 3 3
-0.006238111363331975 0 0 3 3 1 2 0 0 0 0 1 2
0.006238111363331975 0 0 3 3 1 2 0 0 0 0 2 1
-9.300101997799376e-08 0 0 3 3 1 2 0 1 3 2 3 0
9.300101997799376e-08 0 0 3 3 1 2 0 2 3 1 3 0
0.006238111363331975 0 0 3 3 2 1 0 0 0 0 1 2
-0.006238111363331975 0 0 3 3 2 1 0 0 0 0 2 1
9.300101997799376e-08 0 0 3 3 2 1 0 1 3 2 3 0
-9.300101997799376e-08 0 0 3 3 2 1 0 2 3 1 3 0
-0.005209958892017551 0 0 3 3 2 2 0 1 0 1 0 0
-0.04831796424177275 0 0 3 3 2 2 0 1 0 1 3 0
-0.005238531232768359 0 0 3 3 2 2 0 1 0 1 3 3
-0.0011994077499738547 0 0 3 3 2 2 0 1 1 0 0 0
-0.010533602336813887 0 0 3 3 2 2 0 1 1 0 3 0
-0.0012083305549426453 0 0 3 3 2 2 0 1 1 0 3 3
-0.001321759693741292 0 0 3 3 2 2 0 1 1 3 3 0
-0.049164166639511314 0 0 3 3 2 2 0 1 3 1 0 0
0.0032933516414814885 0 0 3 3 2 2 0 1 3 1 0 3
381.2080674974272 0 0 3 3 2 2 0 1 3 1 3 0
-0.048538468991571666 0 0 3 3 2 2 0 1 3 1 3 3
-0.005209958892017551 0 0 3 3 2 2 0 2 0 2 0 0
-0.04831796424177275 0 0 3 3 2 2 0 2 0 2 3 0
-0.005238531232768359 0 0 3 3 2 2 0 2 0 2 3 3
-0.0011994077499738547 0 0 3 3 2 2 0 2 2 0 0 0
-0.010533602336813887 0 0 3 3 2 2 0 2 2 0 3 0
-0.0012083305549426453 0 0 3 3 2 2 0 2 2 0 3 3
-0.001321759693741292 0 0 3 3 2 2 0 2 2 3 3 0
-0.049164166639511314 0 0 3 3 2 2 0 2 3 2 0 0
0.0032933516414814885 0 0 3 3 2 2 0 2 3 2 0 3
381.2080674974271 0 0 3 3 2 2 0 2 3 2 3 0
-0.048538468991571666 0 0 3 3 2 2 0 2 3 2 3 3
0.001320527998896958 0 0 3 3 2 2 1 0 3 1 3 0
0.0013211415238090778 0 0 3 3 2 2 1 3 0 1 3 0
0.0023541240858873476 0 0 3 3 2 2 1 3 1 0 3 0
0.0011992137109876802 0 0 3 3 2 2 1 3 3 1 0 0
0.010550847479425762 0 0 3 3 2 2 1 3 3 1 3 0
0.0012081550079712099 0 0 3 3 2 2 1 3 3 1 3 3
0.001320527998896958 0 0 3 3 2 2 2 0 3 2 3 0
0.0013211415238090778 0 0 3 3 2 2 2 3 0 2 3 0
0.0023541240858873476 0 0 3 3 2 2 2 3 2 0 3 0
0.0011992137109876802 0 0 3 3 2 2 2 3 3 2 0 0
0.010550847479425762 0 0 3 3 2 2 2 3 3 2 3 0
0.0012081550079712099 0 0 3 3 2 2 2 3 3 2 3 3
0.0027465045801973622 0 0 3 3 2 2 3 1 0 1 3 0
-0.001321141523809076 0 0 3 3 2 2 3 1 1 0 3 0
-0.0052020258915584676 0 0 3 3 2 2 3 1 3 1 0 0
-0.048397068251723636 0 0 3 3 2 2 3 1 3 1 3 0
-0.005246220196810542 0 0 3 3 2 2 3 1 3 1 3 3
0.0027465045801973622 0 0 3 3 2 2 3 2 0 2 3 0
-0.001321141523809076 0 0 3 3 2 2 3 2 2 0 3 0
-0.0052020258915584676 0 0 3 3 2 2 3 2 3 2 0 0
-0.048397068251723636 0 0 3 3 2 2 3 2 3 2 3 0
-0.005246220196810542 0 0 3 3 2 2 3 2 3 2 3 3
0.26965149750829637 0 0 3 3 3 0 0 0 0 0 0 0
0.031931636569974386 0 0 3 3 3 0 0 0 0 0 0 3
0.03171766578123909 0 0 3 3 3 0 0 0 0 0 3 0
0.031502251119718376 0 0 3 3 3 0 0 0 0 3 0 0
0.031502251119718355 0 0 3 3 3 0 0 0 3 0 0 0
0.0042726652221192615 0 0 3 3 3 0 0 1 3 1 1 1
0.004280188136786392 0 0 3 3 3 0 0 1 3 1 2 2
-7.522914667130787e-06 0 0 3 3 3 0 0 1 3 2 2 1
-7.522914667130787e-06 0 0 3 3 3 0 0 2 3 1 1 2
0.004280188136786392 0 0 3 3 3 0 0 2 3 2 1 1
0.0042726652221192615 0 0 3 3 3 0 0 2 3 2 2 2
0.03149189636012399 0 0 3 3 3 0 0 3 0 0 0 0
0.0010175364786798025 0 0 3 3 3 0 0 3 1 1 0 0
0.0010175364786798025 0 0 3 3 3 0 0 3 2 2 0 0
0.031491896360124 0 0 3 3 3 0 3 0 0 0 0 0
-0.0010175364786798133 0 0 3 3 3 0 3 0 1 1 0 0
-0.0010175364786798133 0 0 3 3 3 0 3 0 2 2 0 0
0.02456558233203085 0 0 3 3 3 3 0 0 0 0 0 0
-0.0049441978353984405 0 0 3 3 3 3 0 1 0 1 1 1
-0.004929374032013122 0 0 3 3 3 3 0 1 0 1 2 2
-1.4823803385320041e-05 0 0 3 3 3 3 0 1 0 2 2 1
-0.0010207041198353872 0 0 3 3 3 3 0 1 1 0 1 1
-0.0010176438221509586 0 0 3 3 3 3 0 1 1 0 2 2
-3.0602976844284405e-06 0 0 3 3 3 3 0 1 2 0 2 1
-0.04418206012040417 0 0 3 3 3 3 0 1 3 1 1 1
-0.044049592489822306 0 0 3 3 3 3 0 1 3 1 2 2
-0.00013246763058187384 0 0 3 3 3 3 0 1 3 2 2 1
-1.4823803385320041e-05 0 0 3 3 3 3 0 2 0 1 1 2
-0.004929374032013122 0 0 3 3 3 3 0 2 0 2 1 1
-0.0049441978353984405 0 0 3 3 3 3 0 2 0 2 2 2
-3.0602976844284405e-06 0 0 3 3 3 3 0 2 1 0 1 2
-0.0010176438221509586 0 0 3 3 3 3 0 2 2 0 1 1
-0.0010207041198353872 0 0 3 3 3 3 0 2 2 0 2 2
-0.00013246763058187384 0 0 3 3 3 3 0 2 3 1 1 2
-0.044049592489822306 0 0 3 3 3 3 0 2 3 2 1 1
-0.04418206012040417 0 0 3 3 3 3 0 2 3 2 2 2
0.001019149933627958 0 0 3 3 3 3 1 3 3 1 1 1
0.001016094295739017 0 0 3 3 3 3 1 3 3 1 2 2
3.0556378889409344e-06 0 0 3 3 3 3 1 3 3 2 2 1
3.0556378889409344e-06 0 0 3 3 3 3 2 3 3 1 1 2
0.001016094295739017 0 0 3 3 3 3 2 3 3 2 1 1
0.001019149933627958 0 0 3 3 3 3 2 3 3 2 2 2
-0.004943397968017696 0 0 3 3 3 3 3 1 3 1 1 1
-0.004928576562812462 0 0 3 3 3 3 3 1 3 1 2 2
-1.4821405205234772e-05 0 0 3 3 3 3 3 1 3 2 2 1
-1.4821405205234772e-05 0 0 3 3 3 3 3 2 3 1 1 2
-0.004928576562812462 0 0 3 3 3 3 3 2 3 2 1 1
-0.004943397968017696 0 0 3 3 3 3 3 2 3 2 2 2
0.00013135506820007012 0 1 0 0 0 1 0 0 1 0 1 0
0.00013135506820007012 0 1 0 0 0 1 0 0 2 0 2 0
0.00032033420678588743 0 1 0 0 0 1 0 1 0 0 0 1
0.00032033420678588743 0 1 0 0 0 1 0 2 0 0 0 2
0.0010674345251638375 0 1 0 0 0 1 0 3 1 0 1 0
0.00018874726993302793 0 1 0 0 0 1 0 3 1 0 1 3
0.00012076768101982504 0 1 0 0 0 1 0 3 1 3 1 0
0.0010674345251638375 0 1 0 0 0 1 0 3 2 0 2 0
0.00018874726993302793 0 1 0 0 0 1 0 3 2 0 2 3
0.00012076768101982504 0 1 0 0 0 1 0 3 2 3 2 0
0.0005237495965056715 0 1 0 0 0 1 0 3 3 1 1 0
0.0005237495965056715 0 1 0 0 0 1 0 3 3 2 2 0
5.5943634798970594e-05 0 1 0 0 0 1 1 0 0 3 3 1
-0.000301967348964844 0 1 0 0 0 1 1 0 2 1 0 2
0.000301967348964844 0 1 0 0 0 1 1 0 2 2 0 1
-5.5943634798970825e-05 0 1 0 0 0 1 1 0 3 0 3 1
5.773729388612181e-05 0 1 0 0 0 1 1 3 0 3 0 1
-5.773729388612201e-05 0 1 0 0 0 1 1 3 3 0 0 1
5.5943634798970594e-05 0 1 0 0 0 1 2 0 0 3 3 2
0.000301967348964844 0 1 0 0 0 1 2 0 1 1 0 2
-0.000301967348964844 0 1 0 0 0 1 2 0 1 2 0 1
-5.5943634798970825e-05 0 1 0 0 0 1 2 0 3 0 3 2
5.773729388612181e-05 0 1 0 0 0 1 2 3 0 3 0 2
-5.773729388612201e-05 0 1 0 0 0 1 2 3 3 0 0 2
0.00020325434825793393 0 1 0 0 0 1 3 3 1 0 1 0
0.00020325434825793393 0 1 0 0 0 1 3 3 2 0 2 0
40.11622578095673 0 1 0 0 0 2 0 1 0 0 0 2
-0.0051733134935173005 0 1 0 0 0 2 0 1 0 0 3 2
-0.005084271604237134 0 1 0 0 0 2 0 1 0 3 0 2
-0.000804834621397744 0 1 0 0 0 2 0 1 0 3 3 2
7.280892237162682e-05 0 1 0 0 0 2 0 1 1 1 0 2
-7.280892237162682e-05 0 1 0 0 0 2 0 1 1 2 0 1
-0.005084271604237123 0 1 0 0 0 2 0 1 3 0 0 2
-0.0005604154579171144 0 1 0 0 0 2 0 1 3 0 3 2
-0.0005438504464799406 0 1 0 0 0 2 0 1 3 3 0 2
-40.11622578095673 0 1 0 0 0 2 0 2 0 0 0 1
0.0051733134935173005 0 1 0 0 0 2 0 2 0 0 3 1
0.005084271604237134 0 1 0 0 0 2 0 2 0 3 0 1
0.000804834621397744 0 1 0 0 0 2 0 2 0 3 3 1
7.280892237162682e-05 0 1 0 0 0 2 0 2 2 1 0 2
-7.280892237162682e-05 0 1 0 0 0 2 0 2 2 2 0 1
0.005084271604237123 0 1 0 0 0 2 0 2 3 0 0 1
0.0005604154579171144 0 1 0 0 0 2 0 2 3 0 3 1
0.0005438504464799406 0 1 0 0 0 2 0 2 3 3 0 1
3.076212608776413e-05 0 1 0 0 0 2 1 1 1 0 2 0
1.7991565131759526e-05 0 1 0 0 0 2 1 2 1 0 1 0
4.875369121952366e-05 0 1 0 0 0 2 1 2 2 0 2 0
-4.875369121952366e-05 0 1 0 0 0 2 2 1 1 0 1 0
-1.7991565131759526e-05 0 1 0 0 0 2 2 1 2 0 2 0
-3.076212608776413e-05 0 1 0 0 0 2 2 2 2 0 1 0
-0.005092595346304608 0 1 0 0 0 2 3 1 0 0 0 2
-0.0005473846619988855 0 1 0 0 0 2 3 1 0 0 3 2
-0.0005313268643076894 0 1 0 0 0 2 3 1 0 3 0 2
-0.0002790711586498068 0 1 0 0 0 2 3 1 3 0 0 2
0.005092595346304608 0 1 0 0 0 2 3 2 0 0 0 1
0.0005473846619988855 0 1 0 0 0 2 3 2 0 0 3 1
0.0005313268643076894 0 1 0 0 0 2 3 2 0 3 0 1
0.0002790711586498068 0 1 0 0 0 2 3 2 3 0 0 1
0.0003171517005921014 0 1 0 0 1 0 0 1 0 0 1 0
0.0003171517005921014 0 1 0 0 1 0 0 2 0 0 2 0
5.691607271002153e-05 0 1 0 0 1 0 1 0 0 3 1 3
-0.0002896979251260084 0 1 0 0 1 0 1 0 2 1 2 0
0.0002896979251260084 0 1 0 0 1 0 1 0 2 2 1 0
-5.691607271002176e-05 0 1 0 0 1 0 1 0 3 0 1 3
5.835842484931977e-05 0 1 0 0 1 0 1 3 0 3 1 0
-5.835842484931997e-05 0 1 0 0 1 0 1 3 3 0 1 0
5.691607271002153e-05 0 1 0 0 1 0 2 0 0 3 2 3
0.0002896979251260084 0 1 0 0 1 0 2 0 1 1 2 0
-0.0002896979251260084 0 1 0 0 1 0 2 0 1 2 1 0
-5.691607271002176e-05 0 1 0 0 1 0 2 0 3 0 2 3
5.835842484931977e-05 0 1 0 0 1 0 2 3 0 3 2 0
-5.835842484931997e-05 0 1 0 0 1 0 2 3 3 0 2 0
6.206592562899089e-05 0 1 0 0 1 3 1 0 0 3 1 0
-6.206592562899115e-05 0 1 0 0 1 3 1 0 3 0 1 0
2.996538605912365e-05 0 1 0 0 1 3 1 1 1 0 3 1
-1.7669261137783702e-05 0 1 0 0 1 3 1 2 1 0 3 2
4.763464719690735e-05 0 1 0 0 1 3 1 2 2 0 3 1
6.206592562899089e-05 0 1 0 0 1 3 2 0 0 3 2 0
-6.206592562899115e-05 0 1 0 0 1 3 2 0 3 0 2 0
4.763464719690735e-05 0 1 0 0 1 3 2 1 1 0 3 2
-1.7669261137783702e-05 0 1 0 0 1 3 2 1 2 0 3 1
2.996538605912365e-05 0 1 0 0 1 3 2 2 2 0 3 2
40.54778554310596 0 1 0 0 2 0 0 1 0 0 2 0
-0.0051624198824274554 0 1 0 0 2 0 0 1 0 0 2 3
-0.005138967595443936 0 1 0 0 2 0 0 1 0 3 2 0
-0.000818231780709118 0 1 0 0 2 0 0 1 0 3 2 3
6.985057760061525e-05 0 1 0 0 2 0 0 1 1 1 2 0
-6.985057760061525e-05 0 1 0 0 2 0 0 1 1 2 1 0
-0.005138967595443924 0 1 0 0 2 0 0 1 3 0 2 0
-0.0005695640112591044 0 1 0 0 2 0 0 1 3 0 2 3
-0.0005497011251127838 0 1 0 0 2 0 0 1 3 3 2 0
-40.54778554310596 0 1 0 0 2 0 0 2 0 0 1 0
0.0051624198824274554 0 1 0 0 2 0 0 2 0 0 1 3
0.005138967595443936 0 1 0 0 2 0 0 2 0 3 1 0
0.000818231780709118 0 1 0 0 2 0 0 2 0 3 1 3
6.985057760061525e-05 0 1 0 0 2 0 0 2 2 1 2 0
-6.985057760061525e-05 0 1 0 0 2 0 0 2 2 2 1 0
0.005138967595443924 0 1 0 0 2 0 0 2 3 0 1 0
0.0005695640112591044 0 1 0 0 2 0 0 2 3 0 1 3
0.0005497011251127838 0 1 0 0 2 0 0 2 3 3 1 0
0.00017802996034453026 0 1 0 0 2 0 0 3 1 0 3 2
-0.00017802996034453026 0 1 0 0 2 0 0 3 2 0 3 1
-0.00514738088334184 0 1 0 0 2 0 3 1 0 0 2 0
-0.0005579737477156523 0 1 0 0 2 0 3 1 0 0 2 3
-0.0005370428157281232 0 1 0 0 2 0 3 1 0 3 2 0
-0.0002820733730922574 0 1 0 0 2 0 3 1 3 0 2 0
0.00514738088334184 0 1 0 0 2 0 3 2 0 0 1 0
0.0005579737477156523 0 1 0 0 2 0 3 2 0 0 1 3
0.0005370428157281232 0 1 0 0 2 0 3 2 0 3 1 0
0.0002820733730922574 0 1 0 0 2 0 3 2 3 0 1 0
0.000134321067451971 0 1 0 0 2 3 0 0 1 0 3 2
-0.000134321067451971 0 1 0 0 2 3 0 0 2 0 3 1
-0.005162419882427455 0 1 0 0 2 3 0 1 0 0 2 0
-0.0010196286481125047 0 1 0 0 2 3 0 1 0 0 2 3
-0.0008741995802733578 0 1 0 0 2 3 0 1 0 3 2 0
-0.0006030319724230347 0 1 0 0 2 3 0 1 3 0 2 0
0.005162419882427455 0 1 0 0 2 3 0 2 0 0 1 0
0.0010196286481125047 0 1 0 0 2 3 0 2 0 0 1 3
0.0008741995802733578 0 1 0 0 2 3 0 2 0 3 1 0
0.0006030319724230347 0 1 0 0 2 3 0 2 3 0 1 0
0.0001883808788225232 0 1 0 0 2 3 0 3 1 0 0 2
0.0010958161990215617 0 1 0 0 2 3 0 3 1 0 3 2
0.00012397873411437645 0 1 0 0 2 3 0 3 1 3 3 2
-0.0001883808788225232 0 1 0 0 2 3 0 3 2 0 0 1
-0.0010958161990215617 0 1 0 0 2 3 0 3 2 0 3 1
-0.00012397873411437645 0 1 0 0 2 3 0 3 2 3 3 1
0.0005376754063616504 0 1 0 0 2 3 0 3 3 1 3 2
-0.0005376754063616504 0 1 0 0 2 3 0 3 3 2 3 1
-0.000589415590005585 0 1 0 0 2 3 3 1 0 0 2 0
0.000589415590005585 0 1 0 0 2 3 3 2 0 0 1 0
0.00020498588720609958 0 1 0 0 2 3 3 3 1 0 3 2
-0.00020498588720609958 0 1 0 0 2 3 3 3 2 0 3 1
0.00017242943761488987 0 1 0 0 3 1 0 3 1 0 1 0
0.00017242943761488987 0 1 0 0 3 1 0 3 2 0 2 0
6.371617659741392e-05 0 1 0 0 3 1 1 0 0 3 0 1
-6.371617659741418e-05 0 1 0 0 3 1 1 0 3 0 0 1
6.371617659741392e-05 0 1 0 0 3 1 2 0 0 3 0 2
-6.371617659741418e-05 0 1 0 0 3 1 2 0 3 0 0 2
-0.005173313493517299 0 1 0 0 3 2 0 1 0 0 0 2
-0.0010076938999613308 0 1 0 0 3 2 0 1 0 0 3 2
-0.0008711882615388402 0 1 0 0 3 2 0 1 0 3 0 2
-0.0005928106652298755 0 1 0 0 3 2 0 1 3 0 0 2
0.005173313493517299 0 1 0 0 3 2 0 2 0 0 0 1
0.0010076938999613308 0 1 0 0 3 2 0 2 0 0 3 1
0.0008711882615388402 0 1 0 0 3 2 0 2 0 3 0 1
0.0005928106652298755 0 1 0 0 3 2 0 2 3 0 0 1
-0.0005788265042888181 0 1 0 0 3 2 3 1 0 0 0 2
0.0005788265042888181 0 1 0 0 3 2 3 2 0 0 0 1
1.5195949835611604e-05 0 1 0 1 0 0 0 1 0 1 0 0
91.26549880011311 0 1 0 1 0 0 0 1 1 0 0 0
-0.011620565014311588 0 1 0 1 0 0 0 1 1 0 0 3
-0.01177036290345488 0 1 0 1 0 0 0 1 1 0 3 0
0.00043072359784130737 0 1 0 1 0 0 0 1 1 0 3 3
-0.011567774107753608 0 1 0 1 0 0 0 1 1 3 0 0
-0.0012541535411934195 0 1 0 1 0 0 0 1 1 3 0 3
-0.0012473130546637862 0 1 0 1 0 0 0 1 1 3 3 0
1.5195949835611604e-05 0 1 0 1 0 0 0 2 0 2 0 0
91.26549880011311 0 1 0 1 0 0 0 2 2 0 0 0
-0.011620565014311588 0 1 0 1 0 0 0 2 2 0 0 3
-0.01177036290345488 0 1 0 1 0 0 0 2 2 0 3 0
0.00043072359784130737 0 1 0 1 0 0 0 2 2 0 3 3
-0.011567774107753608 0 1 0 1 0 0 0 2 2 3 0 0
-0.0012541535411934195 0 1 0 1 0 0 0 2 2 3 0 3
-0.0012473130546637862 0 1 0 1 0 0 0 2 2 3 3 0
-0.005238531232768359 0 1 0 1 0 0 0 3 3 0 1 1
-0.005238531232768359 0 1 0 1 0 0 0 3 3 0 2 2
-91.2654988001129 0 1 0 1 0 0 1 0 0 1 0 0
0.011620565014311563 0 1 0 1 0 0 1 0 0 1 0 3
0.011770362903454856 0 1 0 1 0 0 1 0 0 1 3 0
-0.0004307235978413085 0 1 0 1 0 0 1 0 0 1 3 3
1.4203436061148086e-05 0 1 0 1 0 0 1 0 1 0 0 0
0.011567774107753557 0 1 0 1 0 0 1 0 3 1 0 0
0.0012541535411934159 0 1 0 1 0 0 1 0 3 1 0 3
0.0012473130546637836 0 1 0 1 0 0 1 0 3 1 3 0
0.011586712350133692 0 1 0 1 0 0 1 3 0 1 0 0
0.0012559943513467066 0 1 0 1 0 0 1 3 0 1 0 3
0.001245413819901983 0 1 0 1 0 0 1 3 0 1 3 0
-0.0006575389726822634 0 1 0 1 0 0 1 3 3 1 0 0
-91.2654988001129 0 1 0 1 0 0 2 0 0 2 0 0
0.011620565014311563 0 1 0 1 0 0 2 0 0 2 0 3
0.011770362903454856 0 1 0 1 0 0 2 0 0 2 3 0
-0.0004307235978413083 0 1 0 1 0 0 2 0 0 2 3 3
1.4203436061148086e-05 0 1 0 1 0 0 2 0 2 0 0 0
0.011567774107753557 0 1 0 1 0 0 2 0 3 2 0 0
0.0012541535411934159 0 1 0 1 0 0 2 0 3 2 0 3
0.0012473130546637836 0 1 0 1 0 0 2 0 3 2 3 0
0.011586712350133692 0 1 0 1 0 0 2 3 0 2 0 0
0.0012559943513467066 0 1 0 1 0 0 2 3 0 2 0 3
0.001245413819901983 0 1 0 1 0 0 2 3 0 2 3 0
-0.0006575389726822634 0 1 0 1 0 0 2 3 3 2 0 0
-0.011586712350133798 0 1 0 1 0 0 3 1 1 0 0 0
-0.0012559943513467098 0 1 0 1 0 0 3 1 1 0 0 3
-0.0012454138199019863 0 1 0 1 0 0 3 1 1 0 3 0
0.0006575389726822629 0 1 0 1 0 0 3 1 1 3 0 0
-0.011586712350133798 0 1 0 1 0 0 3 2 2 0 0 0
-0.0012559943513467098 0 1 0 1 0 0 3 2 2 0 0 3
-0.0012454138199019863 0 1 0 1 0 0 3 2 2 0 3 0
0.0006575389726822629 0 1 0 1 0 0 3 2 2 3 0 0
-0.005464745007768041 0 1 0 1 0 3 0 0 3 0 1 1
-0.005464745007768041 0 1 0 1 0 3 0 0 3 0 2 2
-0.011620565014311586 0 1 0 1 0 3 0 1 1 0 0 0
-0.0014920040540839443 0 1 0 1 0 3 0 1 1 0 0 3
-0.001486714719929534 0 1 0 1 0 3 0 1 1 0 3 0
-0.0013269624635650458 0 1 0 1 0 3 0 1 1 3 0 0
-0.011620565014311586 0 1 0 1 0 3 0 2 2 0 0 0
-0.0014920040540839443 0 1 0 1 0 3 0 2 2 0 0 3
-0.001486714719929534 0 1 0 1 0 3 0 2 2 0 3 0
-0.0013269624635650458 0 1 0 1 0 3 0 2 2 3 0 0
-0.006062953164199813 0 1 0 1 0 3 0 3 0 0 1 1
-0.006062953164199813 0 1 0 1 0 3 0 3 0 0 2 2
-0.048317964241772746 0 1 0 1 0 3 0 3 3 0 1 1
-0.048317964241772746 0 1 0 1 0 3 0 3 3 0 2 2
-0.005466610228090653 0 1 0 1 0 3 0 3 3 3 1 1
-0.005466610228090653 0 1 0 1 0 3 0 3 3 3 2 2
0.011620565014311562 0 1 0 1 0 3 1 0 0 1 0 0
0.0014920040540839412 0 1 0 1 0 3 1 0 0 1 0 3
0.0014867147199295306 0 1 0 1 0 3 1 0 0 1 3 0
0.0013269624635650421 0 1 0 1 0 3 1 0 3 1 0 0
0.0013267696816803734 0 1 0 1 0 3 1 3 0 1 0 0
0.011620565014311562 0 1 0 1 0 3 2 0 0 2 0 0
0.0014920040540839412 0 1 0 1 0 3 2 0 0 2 0 3
0.0014867147199295306 0 1 0 1 0 3 2 0 0 2 3 0
0.0013269624635650421 0 1 0 1 0 3 2 0 3 2 0 0
0.0013267696816803734 0 1 0 1 0 3 2 3 0 2 0 0
-0.0013267696816803769 0 1 0 1 0 3 3 1 1 0 0 0
-0.0013267696816803769 0 1 0 1 0 3 3 2 2 0 0 0
-0.006060117599335576 0 1 0 1 0 3 3 3 3 0 1 1
-0.006060117599335576 0 1 0 1 0 3 3 3 3 0 2 2
-0.004910968881995598 0 1 0 1 1 1 0 0 3 0 3 0
-0.0054485569372509455 0 1 0 1 1 1 0 3 0 0 3 0
-0.0049441978353984405 0 1 0 1 1 1 0 3 3 0 0 0
-0.04342160860121034 0 1 0 1 1 1 0 3 3 0 3 0
-0.004980979416152222 0 1 0 1 1 1 0 3 3 0 3 3
-0.004912645088103916 0 1 0 1 1 1 0 3 3 3 3 0
-2.795793329613592e-06 0 1 0 1 1 1 1 0 1 0 1 1
-8.227303984801718e-06 0 1 0 1 1 1 1 0 2 0 1 2
5.431510655188125e-06 0 1 0 1 1 1 1 0 2 0 2 1
5.431510655188125e-06 0 1 0 1 1 1 2 0 1 0 1 2
-8.227303984801718e-06 0 1 0 1 1 1 2 0 1 0 2 1
-2.795793329613592e-06 0 1 0 1 1 1 2 0 2 0 2 2
-0.005446008717564328 0 1 0 1 1 1 3 3 3 0 3 0
0.0019252108595692852 0 1 0 1 1 2 0 1 1 0 1 2
-0.0019174383177708416 0 1 0 1 1 2 0 1 1 0 2 1
7.772541798443362e-06 0 1 0 1 1 2 0 1 2 0 2 2
-7.772541798443362e-06 0 1 0 1 1 2 0 2 1 0 1 1
0.0019174383177708416 0 1 0 1 1 2 0 2 2 0 1 2
-0.0019252108595692852 0 1 0 1 1 2 0 2 2 0 2 1
-0.0019225881706898087 0 1 0 1 1 2 1 0 0 1 1 2
0.0019174383177708394 0 1 0 1 1 2 1 0 0 1 2 1
5.149852918969313e-06 0 1 0 1 1 2 1 0 0 2 1 1
-1.7485909208783534e-07 0 1 0 1 1 2 1 2 3 0 3 0
-5.149852918969313e-06 0 1 0 1 1 2 2 0 0 1 2 2
-0.0019174383177708394 0 1 0 1 1 2 2 0 0 2 1 2
0.0019225881706898087 0 1 0 1 1 2 2 0 0 2 2 1
1.7485909208783534e-07 0 1 0 1 1 2 2 1 3 0 3 0
-0.0019174383177708418 0 1 0 1 2 1 0 1 1 0 1 2
0.0019225881706898113 0 1 0 1 2 1 0 1 1 0 2 1
5.1498529189693785e-06 0 1 0 1 2 1 0 1 2 0 2 2
-5.1498529189693785e-06 0 1 0 1 2 1 0 2 1 0 1 1
-0.0019225881706898113 0 1 0 1 2 1 0 2 2 0 1 2
0.0019174383177708418 0 1 0 1 2 1 0 2 2 0 2 1
-1.7514407928403105e-07 0 1 0 1 2 1 0 3 1 2 3 0
1.7514407928403105e-07 0 1 0 1 2 1 0 3 2 1 3 0
0.0019174383177708392 0 1 0 1 2 1 1 0 0 1 1 2
-0.0019252108595692826 0 1 0 1 2 1 1 0 0 1 2 1
7.772541798443366e-06 0 1 0 1 2 1 1 0 0 2 1 1
-7.772541798443366e-06 0 1 0 1 2 1 2 0 0 1 2 2
0.0019252108595692826 0 1 0 1 2 1 2 0 0 2 1 2
-0.0019174383177708392 0 1 0 1 2 1 2 0 0 2 2 1
-0.004896244706393864 0 1 0 1 2 2 0 0 3 0 3 0
0.00012232143970533624 0 1 0 1 2 2 0 1 0 1 2 2
-6.635364014109621e-05 0 1 0 1 2 2 0 1 0 2 1 2
-5.5967799564240014e-05 0 1 0 1 2 2 0 1 0 2 2 1
-5.5967799564240014e-05 0 1 0 1 2 2 0 2 0 1 1 2
-6.635364014109621e-05 0 1 0 1 2 2 0 2 0 1 2 1
0.00012232143970533624 0 1 0 1 2 2 0 2 0 2 1 1
-0.005432220953242932 0 1 0 1 2 2 0 3 0 0 3 0
-0.004929374032013122 0 1 0 1 2 2 0 3 3 0 0 0
-0.04329142097320521 0 1 0 1 2 2 0 3 3 0 3 0
-0.004966045333417361 0 1 0 1 2 2 0 3 3 0 3 3
-0.004897915886863926 0 1 0 1 2 2 0 3 3 3 3 0
-0.0054296803736849815 0 1 0 1 2 2 3 3 3 0 3 0
-0.011770362903454876 0 1 0 1 3 0 0 1 1 0 0 0
-0.001486714719929534 0 1 0 1 3 0 0 1 1 0 0 3
-0.0014721674467381182 0 1 0 1 3 0 0 1 1 0 3 0
-0.0013171636322644015 0 1 0 1 3 0 0 1 1 3 0 0
-0.011770362903454876 0 1 0 1 3 0 0 2 2 0 0 0
-0.001486714719929534 0 1 0 1 3 0 0 2 2 0 0 3
-0.0014721674467381182 0 1 0 1 3 0 0 2 2 0 3 0
-0.0013171636322644015 0 1 0 1 3 0 0 2 2 3 0 0
0.01177036290345485 0 1 0 1 3 0 1 0 0 1 0 0
0.0014867147199295306 0 1 0 1 3 0 1 0 0 1 0 3
0.001472167446738115 0 1 0 1 3 0 1 0 0 1 3 0
0.0013171636322643983 0 1 0 1 3 0 1 0 3 1 0 0
0.001316950542849365 0 1 0 1 3 0 1 3 0 1 0 0
0.01177036290345485 0 1 0 1 3 0 2 0 0 2 0 0
0.0014867147199295306 0 1 0 1 3 0 2 0 0 2 0 3
0.001472167446738115 0 1 0 1 3 0 2 0 0 2 3 0
0.0013171636322643983 0 1 0 1 3 0 2 0 3 2 0 0
0.001316950542849365 0 1 0 1 3 0 2 3 0 2 0 0
-0.0013169505428493684 0 1 0 1 3 0 3 1 1 0 0 0
-0.0013169505428493684 0 1 0 1 3 0 3 2 2 0 0 0
0.0004307235978413078 0 1 0 1 3 3 0 1 1 0 0 0
0.0004307235978413078 0 1 0 1 3 3 0 2 2 0 0 0
-0.005209958892017551 0 1 0 1 3 3 0 3 3 0 1 1
-0.005209958892017551 0 1 0 1 3 3 0 3 3 0 2 2
-0.0004307235978413083 0 1 0 1 3 3 1 0 0 1 0 0
-0.0004307235978413083 0 1 0 1 3 3 2 0 0 2 0 0
458.7645401630225 0 1 0 2 0 0 0 1 0 2 0 0
-0.058412720878344065 0 1 0 2 0 0 0 1 0 2 0 3
-0.05916570511585023 0 1 0 2 0 0 0 1 0 2 3 0
0.0016818694511654712 0 1 0 2 0 0 0 1 0 2 3 3
-6.507500786614518e-05 0 1 0 2 0 0 0 1 2 0 0 0
-0.05814735852411346 0 1 0 2 0 0 0 1 3 2 0 0
-0.00630421331924004 0 1 0 2 0 0 0 1 3 2 0 3
-0.006269828465333593 0 1 0 2 0 0 0 1 3 2 3 0
-458.76454016302256 0 1 0 2 0 0 0 2 0 1 0 0
0.058412720878344065 0 1 0 2 0 0 0 2 0 1 0 3
0.05916570511585023 0 1 0 2 0 0 0 2 0 1 3 0
-0.0016818694511654712 0 1 0 2 0 0 0 2 0 1 3 3
6.507500786614518e-05 0 1 0 2 0 0 0 2 1 0 0 0
0.05814735852411346 0 1 0 2 0 0 0 2 3 1 0 0
0.00630421331924004 0 1 0 2 0 0 0 2 3 1 0 3
0.006269828465333593 0 1 0 2 0 0 0 2 3 1 3 0
6.507500786613466e-05 0 1 0 2 0 0 1 0 0 2 0 0
378.51086981134995 0 1 0 2 0 0 1 0 2 0 0 0
-0.04819507138060228 0 1 0 2 0 0 1 0 2 0 0 3
-0.04881634237310851 0 1 0 2 0 0 1 0 2 0 3 0
0.0022696158495182947 0 1 0 2 0 0 1 0 2 0 3 3
-0.04797612664713406 0 1 0 2 0 0 1 0 2 3 0 0
-0.005201469925568221 0 1 0 2 0 0 1 0 2 3 0 3
-0.005173099727030741 0 1 0 2 0 0 1 0 2 3 3 0
-0.048054671015863845 0 1 0 2 0 0 1 3 2 0 0 0
-0.00520910449209977 0 1 0 2 0 0 1 3 2 0 0 3
-0.005165222850579315 0 1 0 2 0 0 1 3 2 0 3 0
0.0038383391279932797 0 1 0 2 0 0 1 3 2 3 0 0
-6.507500786613466e-05 0 1 0 2 0 0 2 0 0 1 0 0
-378.5108698113499 0 1 0 2 0 0 2 0 1 0 0 0
0.04819507138060228 0 1 0 2 0 0 2 0 1 0 0 3
0.04881634237310851 0 1 0 2 0 0 2 0 1 0 3 0
-0.002269615849518295 0 1 0 2 0 0 2 0 1 0 3 3
0.04797612664713406 0 1 0 2 0 0 2 0 1 3 0 0
0.005201469925568221 0 1 0 2 0 0 2 0 1 3 0 3
0.005173099727030741 0 1 0 2 0 0 2 0 1 3 3 0
0.048054671015863845 0 1 0 2 0 0 2 3 1 0 0 0
0.00520910449209977 0 1 0 2 0 0 2 3 1 0 0 3
0.005165222850579315 0 1 0 2 0 0 2 3 1 0 3 0
-0.0038383391279932805 0 1 0 2 0 0 2 3 1 3 0 0
-0.05824255477874648 0 1 0 2 0 0 3 1 0 2 0 0
-0.006313466460506562 0 1 0 2 0 0 3 1 0 2 0 3
-0.006260281642964212 0 1 0 2 0 0 3 1 0 2 3 0
0.0021939646468696495 0 1 0 2 0 0 3 1 3 2 0 0
0.05824255477874648 0 1 0 2 0 0 3 2 0 1 0 0
0.006313466460506562 0 1 0 2 0 0 3 2 0 1 0 3
0.006260281642964212 0 1 0 2 0 0 3 2 0 1 3 0
-0.0021939646468696495 0 1 0 2 0 0 3 2 3 1 0 0
-0.05841272087834406 0 1 0 2 0 3 0 1 0 2 0 0
-0.007531809851853914 0 1 0 2 0 3 0 1 0 2 0 3
-0.007470382502494045 0 1 0 2 0 3 0 1 0 2 3 0
-0.006670199590536573 0 1 0 2 0 3 0 1 3 2 0 0
0.05841272087834406 0 1 0 2 0 3 0 2 0 1 0 0
0.007531809851853914 0 1 0 2 0 3 0 2 0 1 0 3
0.007470382502494045 0 1 0 2 0 3 0 2 0 1 3 0
0.006670199590536573 0 1 0 2 0 3 0 2 3 1 0 0
6.500314576489545e-05 0 1 0 2 0 3 0 3 1 2 1 1
6.500314576489545e-05 0 1 0 2 0 3 0 3 1 2 2 2
-6.500314576489545e-05 0 1 0 2 0 3 0 3 2 1 1 1
-6.500314576489545e-05 0 1 0 2 0 3 0 3 2 1 2 2
-0.04819507138060227 0 1 0 2 0 3 1 0 2 0 0 0
-0.006187929915470081 0 1 0 2 0 3 1 0 2 0 0 3
-0.006137806652848502 0 1 0 2 0 3 1 0 2 0 3 0
-0.005503437274533064 0 1 0 2 0 3 1 0 2 3 0 0
-6.489737533673634e-05 0 1 0 2 0 3 1 2 3 0 1 1
-6.489737533673634e-05 0 1 0 2 0 3 1 2 3 0 2 2
-0.0055026377319393 0 1 0 2 0 3 1 3 2 0 0 0
0.04819507138060227 0 1 0 2 0 3 2 0 1 0 0 0
0.006187929915470081 0 1 0 2 0 3 2 0 1 0 0 3
0.006137806652848502 0 1 0 2 0 3 2 0 1 0 3 0
0.005503437274533064 0 1 0 2 0 3 2 0 1 3 0 0
6.489737533673634e-05 0 1 0 2 0 3 2 1 3 0 1 1
6.489737533673634e-05 0 1 0 2 0 3 2 1 3 0 2 2
0.0055026377319393 0 1 0 2 0 3 2 3 1 0 0 0
-0.006669230540029506 0 1 0 2 0 3 3 1 0 2 0 0
0.006669230540029506 0 1 0 2 0 3 3 2 0 1 0 0
5.8415978353875204e-05 0 1 0 2 1 1 0 3 1 2 3 0
-5.8415978353875204e-05 0 1 0 2 1 1 0 3 2 1 3 0
5.149852918969354e-06 0 1 0 2 1 1 1 0 0 1 1 2
7.772541798443327e-06 0 1 0 2 1 1 1 0 0 1 2 1
-1.2922394717412682e-05 0 1 0 2 1 1 1 0 0 2 1 1
-5.814606719978154e-05 0 1 0 2 1 1 1 2 3 0 3 0
1.2922394717412682e-05 0 1 0 2 1 1 2 0 0 1 2 2
-7.772541798443327e-06 0 1 0 2 1 1 2 0 0 2 1 2
-5.149852918969354e-06 0 1 0 2 1 1 2 0 0 2 2 1
5.814606719978154e-05 0 1 0 2 1 1 2 1 3 0 3 0
-6.635364014109621e-05 0 1 0 2 1 2 0 1 0 1 2 2
0.009218605593800612 0 1 0 2 1 2 0 1 0 2 1 2
-0.009152251953659516 0 1 0 2 1 2 0 1 0 2 2 1
-0.009152251953659516 0 1 0 2 1 2 0 2 0 1 1 2
0.009218605593800612 0 1 0 2 1 2 0 2 0 1 2 1
-6.635364014109621e-05 0 1 0 2 1 2 0 2 0 2 1 1
-8.227303984801809e-06 0 1 0 2 1 2 1 0 1 0 1 1
0.00843022012732593 0 1 0 2 1 2 1 0 2 0 1 2
-0.008438447431310732 0 1 0 2 1 2 1 0 2 0 2 1
-0.008438447431310732 0 1 0 2 1 2 2 0 1 0 1 2
0.00843022012732593 0 1 0 2 1 2 2 0 1 0 2 1
-8.227303984801809e-06 0 1 0 2 1 2 2 0 2 0 2 2
-1.4724175601735611e-05 0 1 0 2 2 1 0 0 3 0 3 0
-5.5967799564240014e-05 0 1 0 2 2 1 0 1 0 1 2 2
-0.009152251953659516 0 1 0 2 2 1 0 1 0 2 1 2
0.009208219753223758 0 1 0 2 2 1 0 1 0 2 2 1
0.009208219753223758 0 1 0 2 2 1 0 2 0 1 1 2
-0.009152251953659516 0 1 0 2 2 1 0 2 0 1 2 1
-5.5967799564240014e-05 0 1 0 2 2 1 0 2 0 2 1 1
-1.633598400801465e-05 0 1 0 2 2 1 0 3 0 0 3 0
-1.4823803385320041e-05 0 1 0 2 2 1 0 3 3 0 0 0
-0.00013018762800513862 0 1 0 2 2 1 0 3 3 0 3 0
-1.4934082734862169e-05 0 1 0 2 2 1 0 3 3 0 3 3
-1.4729201239990833e-05 0 1 0 2 2 1 0 3 3 3 3 0
5.431510655188215e-06 0 1 0 2 2 1 1 0 1 0 1 1
-0.008438447431310732 0 1 0 2 2 1 1 0 2 0 1 2
0.008443878941965919 0 1 0 2 2 1 1 0 2 0 2 1
0.008443878941965919 0 1 0 2 2 1 2 0 1 0 1 2
-0.008438447431310732 0 1 0 2 2 1 2 0 1 0 2 1
5.431510655188215e-06 0 1 0 2 2 1 2 0 2 0 2 2
-1.6328343879347754e-05 0 1 0 2 2 1 3 3 3 0 3 0
7.77254179844336e-06 0 1 0 2 2 2 0 1 1 0 1 2
5.149852918969382e-06 0 1 0 2 2 2 0 1 1 0 2 1
1.2922394717412744e-05 0 1 0 2 2 2 0 1 2 0 2 2
-1.2922394717412744e-05 0 1 0 2 2 2 0 2 1 0 1 1
-5.149852918969382e-06 0 1 0 2 2 2 0 2 2 0 1 2
-7.77254179844336e-06 0 1 0 2 2 2 0 2 2 0 2 1
5.824083427459117e-05 0 1 0 2 2 2 0 3 1 2 3 0
-5.824083427459117e-05 0 1 0 2 2 2 0 3 2 1 3 0
-5.832092629186935e-05 0 1 0 2 2 2 1 2 3 0 3 0
5.832092629186935e-05 0 1 0 2 2 2 2 1 3 0 3 0
-0.05916570511585021 0 1 0 2 3 0 0 1 0 2 0 0
-0.007470382502494045 0 1 0 2 3 0 0 1 0 2 0 3
-0.007431127837308373 0 1 0 2 3 0 0 1 0 2 3 0
-0.006620944119998474 0 1 0 2 3 0 0 1 3 2 0 0
0.05916570511585021 0 1 0 2 3 0 0 2 0 1 0 0
0.007470382502494045 0 1 0 2 3 0 0 2 0 1 0 3
0.007431127837308373 0 1 0 2 3 0 0 2 0 1 3 0
0.006620944119998474 0 1 0 2 3 0 0 2 3 1 0 0
-0.048816342373108494 0 1 0 2 3 0 1 0 2 0 0 0
-0.006137806652848502 0 1 0 2 3 0 1 0 2 0 0 3
-0.006105659672516864 0 1 0 2 3 0 1 0 2 0 3 0
-0.00546279765215675 0 1 0 2 3 0 1 0 2 3 0 0
-0.005461913886216337 0 1 0 2 3 0 1 3 2 0 0 0
0.048816342373108494 0 1 0 2 3 0 2 0 1 0 0 0
0.006137806652848502 0 1 0 2 3 0 2 0 1 0 0 3
0.006105659672516864 0 1 0 2 3 0 2 0 1 0 3 0
0.00546279765215675 0 1 0 2 3 0 2 0 1 3 0 0
0.005461913886216337 0 1 0 2 3 0 2 3 1 0 0 0
-0.0066198729902808475 0 1 0 2 3 0 3 1 0 2 0 0
0.0066198729902808475 0 1 0 2 3 0 3 2 0 1 0 0
0.0016818694511654712 0 1 0 2 3 3 0 1 0 2 0 0
-0.0016818694511654712 0 1 0 2 3 3 0 2 0 1 0 0
0.0022696158495182943 0 1 0 2 3 3 1 0 2 0 0 0
-0.0022696158495182943 0 1 0 2 3 3 2 0 1 0 0 0
0.0005717676909042006 0 1 0 3 0 1 0 0 3 1 1 0
0.0005717676909042006 0 1 0 3 0 1 0 0 3 2 2 0
0.0006143962269488658 0 1 0 3 0 1 0 3 0 1 1 0
0.0006143962269488658 0 1 0 3 0 1 0 3 0 2 2 0
0.00011418051360880479 0 1 0 3 0 1 0 3 1 0 1 0
0.00011418051360880479 0 1 0 3 0 1 0 3 2 0 2 0
0.004896355640562398 0 1 0 3 0 1 0 3 3 1 1 0
0.000561670731358449 0 1 0 3 0 1 0 3 3 1 1 3
0.004896355640562398 0 1 0 3 0 1 0 3 3 2 2 0
0.000561670731358449 0 1 0 3 0 1 0 3 3 2 2 3
6.37161765974139e-05 0 1 0 3 0 1 1 0 0 0 3 1
7.280892237162665e-05 0 1 0 3 0 1 1 0 0 3 0 1
-1.1392497045576739e-05 0 1 0 3 0 1 1 0 1 1 3 1
-0.00026720415757178304 0 1 0 3 0 1 1 0 2 1 3 2
0.0002558116605262063 0 1 0 3 0 1 1 0 2 2 3 1
-1.3038036447544736e-05 0 1 0 3 0 1 1 3 0 0 0 1
-1.2795777737056994e-05 0 1 0 3 0 1 1 3 1 1 0 1
-0.0002778472611319961 0 1 0 3 0 1 1 3 2 1 0 2
0.00026505148339493913 0 1 0 3 0 1 1 3 2 2 0 1
6.37161765974139e-05 0 1 0 3 0 1 2 0 0 0 3 2
7.280892237162665e-05 0 1 0 3 0 1 2 0 0 3 0 2
0.0002558116605262063 0 1 0 3 0 1 2 0 1 1 3 2
-0.00026720415757178304 0 1 0 3 0 1 2 0 1 2 3 1
-1.1392497045576739e-05 0 1 0 3 0 1 2 0 2 2 3 2
-1.3038036447544736e-05 0 1 0 3 0 1 2 3 0 0 0 2
0.00026505148339493913 0 1 0 3 0 1 2 3 1 1 0 2
-0.0002778472611319961 0 1 0 3 0 1 2 3 1 2 0 1
-1.2795777737056994e-05 0 1 0 3 0 1 2 3 2 2 0 2
0.0006268794427272529 0 1 0 3 0 1 3 3 3 1 1 0
0.0006268794427272529 0 1 0 3 0 1 3 3 3 2 2 0
-0.005084271604237134 0 1 0 3 0 2 0 1 0 0 0 2
-0.0008711882615388402 0 1 0 3 0 2 0 1 0 0 3 2
-0.0010039622517479367 0 1 0 3 0 2 0 1 0 3 0 2
5.5943634798970614e-05 0 1 0 3 0 2 0 1 1 1 3 2
5.5943634798970804e-05 0 1 0 3 0 2 0 1 2 2 3 2
-0.0005752256244704276 0 1 0 3 0 2 0 1 3 0 0 2
0.005084271604237134 0 1 0 3 0 2 0 2 0 0 0 1
0.0008711882615388402 0 1 0 3 0 2 0 2 0 0 3 1
0.0010039622517479367 0 1 0 3 0 2 0 2 0 3 0 1
-5.5943634798970804e-05 0 1 0 3 0 2 0 2 1 1 3 1
-5.5943634798970614e-05 0 1 0 3 0 2 0 2 2 2 3 1
0.0005752256244704276 0 1 0 3 0 2 0 2 3 0 0 1
6.6590917452553e-05 0 1 0 3 0 2 1 1 3 1 2 0
1.5936956003587493e-05 0 1 0 3 0 2 1 2 3 1 1 0
8.252787345614047e-05 0 1 0 3 0 2 1 2 3 2 2 0
-8.252787345614047e-05 0 1 0 3 0 2 2 1 3 1 1 0
-1.5936956003587493e-05 0 1 0 3 0 2 2 1 3 2 2 0
-6.6590917452553e-05 0 1 0 3 0 2 2 2 3 2 1 0
-0.000577871725283568 0 1 0 3 0 2 3 1 0 0 0 2
5.7737293886122184e-05 0 1 0 3 0 2 3 1 1 1 0 2
5.7737293886122184e-05 0 1 0 3 0 2 3 1 2 2 0 2
0.000577871725283568 0 1 0 3 0 2 3 2 0 0 0 1
-5.7737293886122184e-05 0 1 0 3 0 2 3 2 1 1 0 1
-5.7737293886122184e-05 0 1 0 3 0 2 3 2 2 2 0 1
6.206592562899082e-05 0 1 0 3 1 0 1 0 0 0 1 3
6.98505776006151e-05 0 1 0 3 1 0 1 0 0 3 1 0
-1.3232952773873492e-05 0 1 0 3 1 0 1 0 1 1 1 3
-0.00027513367499776016 0 1 0 3 1 0 1 0 2 1 2 3
0.0002619007222238866 0 1 0 3 1 0 1 0 2 2 1 3
-1.31782980980621e-05 0 1 0 3 1 0 1 3 0 0 1 0
-1.2933433197085328e-05 0 1 0 3 1 0 1 3 1 1 1 0
-0.0002808363090300361 0 1 0 3 1 0 1 3 2 1 2 0
0.0002679028758329508 0 1 0 3 1 0 1 3 2 2 1 0
6.206592562899082e-05 0 1 0 3 1 0 2 0 0 0 2 3
6.98505776006151e-05 0 1 0 3 1 0 2 0 0 3 2 0
0.0002619007222238866 0 1 0 3 1 0 2 0 1 1 2 3
-0.00027513367499776016 0 1 0 3 1 0 2 0 1 2 1 3
-1.3232952773873492e-05 0 1 0 3 1 0 2 0 2 2 2 3
-1.31782980980621e-05 0 1 0 3 1 0 2 3 0 0 2 0
0.0002679028758329508 0 1 0 3 1 0 2 3 1 1 2 0
-0.0002808363090300361 0 1 0 3 1 0 2 3 1 2 1 0
-1.2933433197085328e-05 0 1 0 3 1 0 2 3 2 2 2 0
5.691607271002151e-05 0 1 0 3 1 3 1 0 0 0 1 0
-1.353073933269812e-05 0 1 0 3 1 3 1 0 1 1 1 0
-0.00029822908651571886 0 1 0 3 1 3 1 0 2 1 2 0
0.0002846983471830207 0 1 0 3 1 3 1 0 2 2 1 0
6.486621060599189e-05 0 1 0 3 1 3 1 1 3 1 3 1
-1.6183244322663603e-05 0 1 0 3 1 3 1 2 3 1 3 2
8.104945492865549e-05 0 1 0 3 1 3 1 2 3 2 3 1
5.691607271002151e-05 0 1 0 3 1 3 2 0 0 0 2 0
0.0002846983471830207 0 1 0 3 1 3 2 0 1 1 2 0
-0.00029822908651571886 0 1 0 3 1 3 2 0 1 2 1 0
-1.353073933269812e-05 0 1 0 3 1 3 2 0 2 2 2 0
8.104945492865549e-05 0 1 0 3 1 3 2 1 3 1 3 2
-1.6183244322663603e-05 0 1 0 3 1 3 2 1 3 2 3 1
6.486621060599189e-05 0 1 0 3 1 3 2 2 3 2 3 2
-0.005138967595443936 0 1 0 3 2 0 0 1 0 0 2 0
-0.0008741995802733578 0 1 0 3 2 0 0 1 0 0 2 3
-0.0009959549050855452 0 1 0 3 2 0 0 1 0 3 2 0
5.691607271002156e-05 0 1 0 3 2 0 0 1 1 1 2 3
5.691607271002177e-05 0 1 0 3 2 0 0 1 2 2 2 3
-0.0005814138335487431 0 1 0 3 2 0 0 1 3 0 2 0
0.005138967595443936 0 1 0 3 2 0 0 2 0 0 1 0
0.0008741995802733578 0 1 0 3 2 0 0 2 0 0 1 3
0.0009959549050855452 0 1 0 3 2 0 0 2 0 3 1 0
-5.691607271002177e-05 0 1 0 3 2 0 0 2 1 1 1 3
-5.691607271002156e-05 0 1 0 3 2 0 0 2 2 2 1 3
0.0005814138335487431 0 1 0 3 2 0 0 2 3 0 1 0
0.0005449671632168604 0 1 0 3 2 0 0 3 3 1 3 2
-0.0005449671632168604 0 1 0 3 2 0 0 3 3 2 3 1
-0.000584088400800751 0 1 0 3 2 0 3 1 0 0 2 0
5.835842484932015e-05 0 1 0 3 2 0 3 1 1 1 2 0
5.835842484932015e-05 0 1 0 3 2 0 3 1 2 2 2 0
0.000584088400800751 0 1 0 3 2 0 3 2 0 0 1 0
-5.835842484932015e-05 0 1 0 3 2 0 3 2 1 1 1 0
-5.835842484932015e-05 0 1 0 3 2 0 3 2 2 2 1 0
0.0005861695625119604 0 1 0 3 2 3 0 0 3 1 3 2
-0.0005861695625119604 0 1 0 3 2 3 0 0 3 2 3 1
-0.000818231780709118 0 1 0 3 2 3 0 1 0 0 2 0
6.206592562899095e-05 0 1 0 3 2 3 0 1 1 1 2 0
6.206592562899115e-05 0 1 0 3 2 3 0 1 2 2 2 0
0.000818231780709118 0 1 0 3 2 3 0 2 0 0 1 0
-6.206592562899115e-05 0 1 0 3 2 3 0 2 1 1 1 0
-6.206592562899095e-05 0 1 0 3 2 3 0 2 2 2 1 0
0.0006307322109568805 0 1 0 3 2 3 0 3 0 1 3 2
-0.0006307322109568805 0 1 0 3 2 3 0 3 0 2 3 1
0.00011721642262407216 0 1 0 3 2 3 0 3 1 0 3 2
-0.00011721642262407216 0 1 0 3 2 3 0 3 2 0 3 1
0.0005723469292958319 0 1 0 3 2 3 0 3 3 1 0 2
0.005026543268567537 0 1 0 3 2 3 0 3 3 1 3 2
-0.0005723469292958319 0 1 0 3 2 3 0 3 3 2 0 1
-0.005026543268567537 0 1 0 3 2 3 0 3 3 2 3 1
0.000642733350571936 0 1 0 3 2 3 3 3 3 1 3 2
-0.000642733350571936 0 1 0 3 2 3 3 3 3 2 3 1
0.0005279570861136185 0 1 0 3 3 1 0 3 3 1 1 0
0.0005279570861136185 0 1 0 3 3 1 0 3 3 2 2 0
5.594363479897052e-05 0 1 0 3 3 1 1 0 0 0 0 1
-1.3890503816365704e-05 0 1 0 3 3 1 1 0 1 1 0 1
-0.000306158603941696 0 1 0 3 3 1 1 0 2 1 0 2
0.00029226810012533027 0 1 0 3 3 1 1 0 2 2 0 1
5.594363479897052e-05 0 1 0 3 3 1 2 0 0 0 0 2
0.00029226810012533027 0 1 0 3 3 1 2 0 1 1 0 2
-0.000306158603941696 0 1 0 3 3 1 2 0 1 2 0 1
-1.3890503816365704e-05 0 1 0 3 3 1 2 0 2 2 0 2
-0.000804834621397744 0 1 0 3 3 2 0 1 0 0 0 2
6.371617659741399e-05 0 1 0 3 3 2 0 1 1 1 0 2
6.371617659741418e-05 0 1 0 3 3 2 0 1 2 2 0 2
0.000804834621397744 0 1 0 3 3 2 0 2 0 0 0 1
-6.371617659741418e-05 0 1 0 3 3 2 0 2 1 1 0 1
-6.371617659741399e-05 0 1 0 3 3 2 0 2 2 2 0 1
-0.001214859560873809 0 1 1 0 0 0 0 0 0 0 1 1
-0.001214859560873809 0 1 1 0 0 0 0 0 0 0 2 2
0.00029951031452236563 0 1 1 0 0 0 0 1 1 0 0 0
0.00029951031452236563 0 1 1 0 0 0 0 2 2 0 0 0
-0.01058167367806777 0 1 1 0 0 0 0 3 0 0 1 1
-0.01058167367806777 0 1 1 0 0 0 0 3 0 0 2 2
-0.0012083305549426453 0 1 1 0 0 0 0 3 0 3 1 1
-0.0012083305549426453 0 1 1 0 0 0 0 3 0 3 2 2
-0.0012150491126146305 0 1 1 0 0 0 0 3 3 0 1 1
-0.0012150491126146305 0 1 1 0 0 0 0 3 3 0 2 2
-0.0005861227498906912 0 1 1 0 0 0 1 0 0 1 0 0
91.26549880011305 0 1 1 0 0 0 1 0 1 0 0 0
-0.011620565014311577 0 1 1 0 0 0 1 0 1 0 0 3
-0.01177036290345487 0 1 1 0 0 0 1 0 1 0 3 0
0.0004307235978413088 0 1 1 0 0 0 1 0 1 0 3 3
-0.011567774107753595 0 1 1 0 0 0 1 0 1 3 0 0
-0.0012541535411934182 0 1 1 0 0 0 1 0 1 3 0 3
-0.001247313054663785 0 1 1 0 0 0 1 0 1 3 3 0
-0.0025637726802875856 0 1 1 0 0 0 1 0 3 1 0 0
-0.0002940954828617266 0 1 1 0 0 0 1 0 3 1 0 3
-0.0002919237620316578 0 1 1 0 0 0 1 0 3 1 3 0
-0.011586712350133706 0 1 1 0 0 0 1 3 1 0 0 0
-0.001255994351346708 0 1 1 0 0 0 1 3 1 0 0 3
-0.0012454138199019845 0 1 1 0 0 0 1 3 1 0 3 0
0.0006575389726822653 0 1 1 0 0 0 1 3 1 3 0 0
-0.0007051854313548105 0 1 1 0 0 0 1 3 3 1 0 0
-0.0005861227498906912 0 1 1 0 0 0 2 0 0 2 0 0
91.26549880011305 0 1 1 0 0 0 2 0 2 0 0 0
-0.011620565014311577 0 1 1 0 0 0 2 0 2 0 0 3
-0.01177036290345487 0 1 1 0 0 0 2 0 2 0 3 0
0.0004307235978413087 0 1 1 0 0 0 2 0 2 0 3 3
-0.011567774107753595 0 1 1 0 0 0 2 0 2 3 0 0
-0.0012541535411934182 0 1 1 0 0 0 2 0 2 3 0 3
-0.001247313054663785 0 1 1 0 0 0 2 0 2 3 3 0
-0.0025637726802875856 0 1 1 0 0 0 2 0 3 2 0 0
-0.0002940954828617266 0 1 1 0 0 0 2 0 3 2 0 3
-0.0002919237620316578 0 1 1 0 0 0 2 0 3 2 3 0
-0.011586712350133706 0 1 1 0 0 0 2 3 2 0 0 0
-0.001255994351346708 0 1 1 0 0 0 2 3 2 0 0 3
-0.0012454138199019845 0 1 1 0 0 0 2 3 2 0 3 0
0.0006575389726822653 0 1 1 0 0 0 2 3 2 3 0 0
-0.0007051854313548105 0 1 1 0 0 0 2 3 3 2 0 0
-0.0012081550079712116 0 1 1 0 0 0 3 3 0 0 1 1
-0.0012081550079712116 0 1 1 0 0 0 3 3 0 0 2 2
-0.010550847479425772 0 1 1 0 0 3 0 0 0 0 1 1
-0.010550847479425772 0 1 1 0 0 3 0 0 0 0 2 2
0.0006289039910469323 0 1 1 0 0 3 0 0 0 3 1 1
0.0006289039910469323 0 1 1 0 0 3 0 0 0 3 2 2
-0.0009277442981372749 0 1 1 0 0 3 0 0 3 0 1 1
-0.0009277442981372749 0 1 1 0 0 3 0 0 3 0 2 2
83.10561617435951 0 1 1 0 0 3 0 3 0 0 1 1
83.10561617435951 0 1 1 0 0 3 0 3 0 0 2 2
-0.010533602336813887 0 1 1 0 0 3 0 3 0 3 1 1
-0.010533602336813887 0 1 1 0 0 3 0 3 0 3 2 2
-0.00029817146805458154 0 1 1 0 0 3 0 3 1 1 1 1
-0.00029817146805458154 0 1 1 0 0 3 0 3 1 1 2 2
-0.00029817146805458154 0 1 1 0 0 3 0 3 2 2 1 1
-0.00029817146805458154 0 1 1 0 0 3 0 3 2 2 2 2
-0.010533602336813863 0 1 1 0 0 3 0 3 3 0 1 1
-0.010533602336813863 0 1 1 0 0 3 0 3 3 0 2 2
-0.0011267502564466041 0 1 1 0 0 3 0 3 3 3 1 1
-0.0011267502564466041 0 1 1 0 0 3 0 3 3 3 2 2
-0.011620565014311574 0 1 1 0 0 3 1 0 1 0 0 0
-0.001492004054083943 0 1 1 0 0 3 1 0 1 0 0 3
-0.0014867147199295325 0 1 1 0 0 3 1 0 1 0 3 0
-0.0013269624635650447 0 1 1 0 0 3 1 0 1 3 0 0
-0.00027795879793697184 0 1 1 0 0 3 1 0 3 1 0 0
-0.001326769681680375 0 1 1 0 0 3 1 3 1 0 0 0
-0.011620565014311574 0 1 1 0 0 3 2 0 2 0 0 0
-0.001492004054083943 0 1 1 0 0 3 2 0 2 0 0 3
-0.0014867147199295325 0 1 1 0 0 3 2 0 2 0 3 0
-0.0013269624635650447 0 1 1 0 0 3 2 0 2 3 0 0
-0.00027795879793697184 0 1 1 0 0 3 2 0 3 2 0 0
-0.001326769681680375 0 1 1 0 0 3 2 3 2 0 0 0
-0.0011261513492179039 0 1 1 0 0 3 3 0 0 0 1 1
-0.0011261513492179039 0 1 1 0 0 3 3 0 0 0 2 2
-0.010550847479425845 0 1 1 0 0 3 3 3 0 0 1 1
-0.010550847479425845 0 1 1 0 0 3 3 3 0 0 2 2
-0.00115912629720868 0 1 1 0 0 3 3 3 0 3 1 1
-0.00115912629720868 0 1 1 0 0 3 3 3 0 3 2 2
0.0006289039910469314 0 1 1 0 0 3 3 3 3 0 1 1
0.0006289039910469314 0 1 1 0 0 3 3 3 3 0 2 2
-0.0010191499336279584 0 1 1 0 1 1 0 0 0 0 0 0
-0.009481665398200225 0 1 1 0 1 1 0 0 0 0 3 0
-0.0010408700282726012 0 1 1 0 1 1 0 0 0 0 3 3
0.0008256257076932258 0 1 1 0 1 1 0 0 0 3 3 0
-0.0007963892299372045 0 1 1 0 1 1 0 0 3 0 3 0
-0.009631950746119947 0 1 1 0 1 1 0 3 0 0 0 0
0.0009314663205373392 0 1 1 0 1 1 0 3 0 0 0 3
74.68321302103259 0 1 1 0 1 1 0 3 0 0 3 0
-0.009509367789083217 0 1 1 0 1 1 0 3 0 0 3 3
-0.0010207041198353872 0 1 1 0 1 1 0 3 0 3 0 0
-0.009466167811650047 0 1 1 0 1 1 0 3 0 3 3 0
-0.0010263018426816034 0 1 1 0 1 1 0 3 0 3 3 3
-0.0002679559245735166 0 1 1 0 1 1 0 3 1 1 3 0
-0.0002679559245735166 0 1 1 0 1 1 0 3 2 2 3 0
-0.0010335952633585919 0 1 1 0 1 1 0 3 3 0 0 0
-0.009466167811650024 0 1 1 0 1 1 0 3 3 0 3 0
-0.0010263018426816025 0 1 1 0 1 1 0 3 3 0 3 3
-0.0010125697428377991 0 1 1 0 1 1 0 3 3 3 3 0
-0.0010120315265515557 0 1 1 0 1 1 3 0 0 0 3 0
-0.0010191499336279588 0 1 1 0 1 1 3 3 0 0 0 0
-0.009481665398200289 0 1 1 0 1 1 3 3 0 0 3 0
-0.001027808218727515 0 1 1 0 1 1 3 3 0 0 3 3
-0.0010542491435440208 0 1 1 0 1 1 3 3 0 3 3 0
0.0008256257076932247 0 1 1 0 1 1 3 3 3 0 3 0
0.0019225881706898104 0 1 1 0 1 2 1 0 1 0 1 2
-0.001917438317770841 0 1 1 0 1 2 1 0 1 0 2 1
-5.149852918969361e-06 0 1 1 0 1 2 1 0 2 0 1 1
3.108484223819042e-05 0 1 1 0 1 2 1 2 0 0 0 0
-2.9957464994033568e-05 0 1 1 0 1 2 1 2 0 0 3 3
-3.2230399397582404e-07 0 1 1 0 1 2 1 2 0 3 3 0
3.2230399397582515e-07 0 1 1 0 1 2 1 2 3 0 3 0
5.149852918969361e-06 0 1 1 0 1 2 2 0 1 0 2 2
0.001917438317770841 0 1 1 0 1 2 2 0 2 0 1 2
-0.0019225881706898104 0 1 1 0 1 2 2 0 2 0 2 1
-3.108484223819042e-05 0 1 1 0 1 2 2 1 0 0 0 0
2.9957464994033568e-05 0 1 1 0 1 2 2 1 0 0 3 3
3.2230399397582404e-07 0 1 1 0 1 2 2 1 0 3 3 0
-3.2230399397582515e-07 0 1 1 0 1 2 2 1 3 0 3 0
-0.001917438317770841 0 1 1 0 2 1 1 0 1 0 1 2
0.0019252108595692844 0 1 1 0 2 1 1 0 1 0 2 1
-7.772541798443376e-06 0 1 1 0 2 1 1 0 2 0 1 1
7.772541798443376e-06 0 1 1 0 2 1 2 0 1 0 2 2
-0.0019252108595692844 0 1 1 0 2 1 2 0 2 0 1 2
0.001917438317770841 0 1 1 0 2 1 2 0 2 0 2 1
-0.0010296476551148919 0 1 1 0 2 2 0 0 0 0 0 0
-0.00945323725913548 0 1 1 0 2 2 0 0 0 0 3 0
-0.001024726621376545 0 1 1 0 2 2 0 0 0 0 3 3
0.0008271835525969671 0 1 1 0 2 2 0 0 0 3 3 0
-0.0007934232306853035 0 1 1 0 2 2 0 0 3 0 3 0
6.586316847669168e-05 0 1 1 0 2 2 0 1 1 0 2 2
-3.239520731276119e-05 0 1 1 0 2 2 0 1 2 0 1 2
-3.3467961163930507e-05 0 1 1 0 2 2 0 1 2 0 2 1
-3.3467961163930507e-05 0 1 1 0 2 2 0 2 1 0 1 2
-3.239520731276119e-05 0 1 1 0 2 2 0 2 1 0 2 1
6.586316847669168e-05 0 1 1 0 2 2 0 2 2 0 1 1
-0.009603072018198643 0 1 1 0 2 2 0 3 0 0 0 0
0.0009331063604844037 0 1 1 0 2 2 0 3 0 0 0 3
74.45927564327035 0 1 1 0 2 2 0 3 0 0 3 0
-0.009480856592096961 0 1 1 0 2 2 0 3 0 0 3 3
-0.0010176438221509586 0 1 1 0 2 2 0 3 0 3 0 0
-0.009437786137792321 0 1 1 0 2 2 0 3 0 3 3 0
-0.001023224761780637 0 1 1 0 2 2 0 3 0 3 3 3
-0.00026715253318950475 0 1 1 0 2 2 0 3 1 1 3 0
-0.00026715253318950475 0 1 1 0 2 2 0 3 2 2 3 0
-0.0010176438221509586 0 1 1 0 2 2 0 3 3 0 0 0
-0.0094377861377923 0 1 1 0 2 2 0 3 3 0 3 0
-0.0010370191522700999 0 1 1 0 2 2 0 3 3 0 3 3
-0.0010095338338225318 0 1 1 0 2 2 0 3 3 3 3 0
-0.0010089972312282704 0 1 1 0 2 2 3 0 0 0 3 0
-0.0010160942957390178 0 1 1 0 2 2 3 3 0 0 0 0
-0.009453237259135544 0 1 1 0 2 2 3 3 0 0 3 0
-0.0010247266213765454 0 1 1 0 2 2 3 3 0 0 3 3
-0.0010512831442921198 0 1 1 0 2 2 3 3 0 3 3 0
0.0008271835525969656 0 1 1 0 2 2 3 3 3 0 3 0
0.0007179701606026597 0 1 1 0 3 0 0 3 0 0 1 1
0.0007179701606026597 0 1 1 0 3 0 0 3 0 0 2 2
-0.011770362903454864 0 1 1 0 3 0 1 0 1 0 0 0
-0.0014867147199295325 0 1 1 0 3 0 1 0 1 0 0 3
-0.0014721674467381167 0 1 1 0 3 0 1 0 1 0 3 0
-0.0013171636322644004 0 1 1 0 3 0 1 0 1 3 0 0
-0.0002764427368243336 0 1 1 0 3 0 1 0 3 1 0 0
-0.0013169505428493667 0 1 1 0 3 0 1 3 1 0 0 0
-0.011770362903454864 0 1 1 0 3 0 2 0 2 0 0 0
-0.0014867147199295325 0 1 1 0 3 0 2 0 2 0 0 3
-0.0014721674467381167 0 1 1 0 3 0 2 0 2 0 3 0
-0.0013171636322644004 0 1 1 0 3 0 2 0 2 3 0 0
-0.0002764427368243336 0 1 1 0 3 0 2 0 3 2 0 0
-0.0013169505428493667 0 1 1 0 3 0 2 3 2 0 0 0
-0.001205814874459566 0 1 1 0 3 3 0 0 0 0 1 1
-0.001205814874459566 0 1 1 0 3 3 0 0 0 0 2 2
-0.010718079470611031 0 1 1 0 3 3 0 3 0 0 1 1
-0.010718079470611031 0 1 1 0 3 3 0 3 0 0 2 2
-0.0011994077499738547 0 1 1 0 3 3 0 3 0 3 1 1
-0.0011994077499738547 0 1 1 0 3 3 0 3 0 3 2 2
-0.001206024700973482 0 1 1 0 3 3 0 3 3 0 1 1
-0.001206024700973482 0 1 1 0 3 3 0 3 3 0 2 2
0.00043072359784130813 0 1 1 0 3 3 1 0 1 0 0 0
0.00043072359784130813 0 1 1 0 3 3 2 0 2 0 0 0
-0.001199213710987682 0 1 1 0 3 3 3 3 0 0 1 1
-0.001199213710987682 0 1 1 0 3 3 3 3 0 0 2 2
8.252787345614098e-05 0 1 1 1 0 1 0 0 0 1 1 0
8.252787345614098e-05 0 1 1 1 0 1 0 0 0 2 2 0
6.62997243627542e-05 0 1 1 1 0 1 0 3 0 1 1 3
6.62997243627542e-05 0 1 1 1 0 1 0 3 0 2 2 3
-6.587167411020237e-06 0 1 1 1 0 1 0 3 3 1 1 0
-6.587167411020237e-06 0 1 1 1 0 1 0 3 3 2 2 0
-1.3890503816365657e-05 0 1 1 1 0 1 1 0 3 0 3 1
1.613668492475479e-05 0 1 1 1 0 1 1 0 3 3 0 1
-2.8481756444590798e-05 0 1 1 1 0 1 1 3 3 0 0 1
-1.3890503816365657e-05 0 1 1 1 0 1 2 0 3 0 3 2
1.613668492475479e-05 0 1 1 1 0 1 2 0 3 3 0 2
-2.8481756444590798e-05 0 1 1 1 0 1 2 3 3 0 0 2
-1.593695600358715e-05 0 1 1 1 0 1 3 3 0 1 1 0
-1.593695600358715e-05 0 1 1 1 0 1 3 3 0 2 2 0
3.076212608776414e-05 0 1 1 1 0 2 0 0 1 0 2 0
-3.076212608776414e-05 0 1 1 1 0 2 0 0 2 0 1 0
7.280892237162672e-05 0 1 1 1 0 2 0 1 0 0 0 2
6.371617659741418e-05 0 1 1 1 0 2 0 1 3 0 3 2
-7.280892237162672e-05 0 1 1 1 0 2 0 2 0 0 0 1
-6.371617659741418e-05 0 1 1 1 0 2 0 2 3 0 3 1
-0.0003041189147423148 0 1 1 1 0 2 0 3 1 0 2 3
0.0003041189147423148 0 1 1 1 0 2 0 3 2 0 1 3
-7.280892237162673e-05 0 1 1 1 0 2 1 0 1 2 0 1
7.280892237162656e-05 0 1 1 1 0 2 1 0 2 1 0 1
0.00036697887875226264 0 1 1 1 0 2 1 1 0 1 2 0
1.2174812867643909e-05 0 1 1 1 0 2 1 2 0 1 1 0
0.0003791536916199065 0 1 1 1 0 2 1 2 0 2 2 0
-7.280892237162656e-05 0 1 1 1 0 2 2 0 1 2 0 2
7.280892237162673e-05 0 1 1 1 0 2 2 0 2 1 0 2
-0.0003791536916199065 0 1 1 1 0 2 2 1 0 1 1 0
-1.2174812867643909e-05 0 1 1 1 0 2 2 1 0 2 2 0
-0.00036697887875226264 0 1 1 1 0 2 2 2 0 2 1 0
-1.3038036447544308e-05 0 1 1 1 0 2 3 1 3 0 0 2
1.3038036447544308e-05 0 1 1 1 0 2 3 2 3 0 0 1
-0.00030545462657673405 0 1 1 1 0 2 3 3 1 0 2 0
0.00030545462657673405 0 1 1 1 0 2 3 3 2 0 1 0
-0.00027330068001393836 0 1 1 1 1 0 0 3 1 0 3 1
-0.00027330068001393836 0 1 1 1 1 0 0 3 2 0 3 2
-1.3530739332698064e-05 0 1 1 1 1 0 1 0 3 0 1 3
1.5481025207324163e-05 0 1 1 1 1 0 1 0 3 3 1 0
-2.8788159804070912e-05 0 1 1 1 1 0 1 3 3 0 1 0
-1.3530739332698064e-05 0 1 1 1 1 0 2 0 3 0 2 3
1.5481025207324163e-05 0 1 1 1 1 0 2 0 3 3 2 0
-2.8788159804070912e-05 0 1 1 1 1 0 2 3 3 0 2 0
2.9965386059123677e-05 0 1 1 1 1 3 0 0 1 0 3 1
2.9965386059123677e-05 0 1 1 1 1 3 0 0 2 0 3 2
-0.0002917620692914029 0 1 1 1 1 3 0 3 1 0 0 1
-0.0002917620692914029 0 1 1 1 1 3 0 3 2 0 0 2
-1.3232952773873431e-05 0 1 1 1 1 3 1 0 3 0 1 0
0.00035747411430479397 0 1 1 1 1 3 1 1 0 1 3 1
-1.3299201000425799e-05 0 1 1 1 1 3 1 2 0 1 3 2
0.00037077331530521973 0 1 1 1 1 3 1 2 0 2 3 1
-1.3232952773873431e-05 0 1 1 1 1 3 2 0 3 0 2 0
0.00037077331530521973 0 1 1 1 1 3 2 1 0 1 3 2
-1.3299201000425799e-05 0 1 1 1 1 3 2 1 0 2 3 1
0.00035747411430479397 0 1 1 1 1 3 2 2 0 2 3 2
-0.0002975433421865464 0 1 1 1 1 3 3 3 1 0 3 1
-0.0002975433421865464 0 1 1 1 1 3 3 3 2 0 3 2
6.985057760061517e-05 0 1 1 1 2 0 0 1 0 0 2 0
6.206592562899115e-05 0 1 1 1 2 0 0 1 3 0 2 3
-6.985057760061517e-05 0 1 1 1 2 0 0 2 0 0 1 0
-6.206592562899115e-05 0 1 1 1 2 0 0 2 3 0 1 3
5.940252911802218e-05 0 1 1 1 2 0 0 3 0 1 3 2
-5.940252911802218e-05 0 1 1 1 2 0 0 3 0 2 3 1
-6.985057760061518e-05 0 1 1 1 2 0 1 0 1 2 1 0
6.985057760061502e-05 0 1 1 1 2 0 1 0 2 1 1 0
-6.985057760061502e-05 0 1 1 1 2 0 2 0 1 2 2 0
6.985057760061518e-05 0 1 1 1 2 0 2 0 2 1 2 0
-1.3178298098061667e-05 0 1 1 1 2 0 3 1 3 0 2 0
1.3178298098061667e-05 0 1 1 1 2 0 3 2 3 0 1 0
8.104945492865603e-05 0 1 1 1 2 3 0 0 0 1 3 2
-8.104945492865603e-05 0 1 1 1 2 3 0 0 0 2 3 1
5.691607271002177e-05 0 1 1 1 2 3 0 1 3 0 2 0
-5.691607271002177e-05 0 1 1 1 2 3 0 2 3 0 1 0
6.360585887897532e-05 0 1 1 1 2 3 0 3 0 1 0 2
-6.360585887897532e-05 0 1 1 1 2 3 0 3 0 2 0 1
-6.762311490304267e-06 0 1 1 1 2 3 0 3 3 1 3 2
6.762311490304267e-06 0 1 1 1 2 3 0 3 3 2 3 1
-1.618324432266325e-05 0 1 1 1 2 3 3 3 0 1 3 2
1.618324432266325e-05 0 1 1 1 2 3 3 3 0 2 3 1
5.7160287117372854e-05 0 1 1 1 3 1 0 3 0 1 1 0
5.7160287117372854e-05 0 1 1 1 3 1 0 3 0 2 2 0
-1.1392497045576693e-05 0 1 1 1 3 1 1 0 3 0 0 1
-1.1392497045576693e-05 0 1 1 1 3 1 2 0 3 0 0 2
5.5943634798970804e-05 0 1 1 1 3 2 0 1 3 0 0 2
-5.5943634798970804e-05 0 1 1 1 3 2 0 2 3 0 0 1
-0.0002614099075554135 0 1 1 1 3 2 0 3 1 0 2 0
0.0002614099075554135 0 1 1 1 3 2 0 3 2 0 1 0
-4.875369121952378e-05 0 1 1 2 0 1 0 0 1 0 2 0
4.875369121952378e-05 0 1 1 2 0 1 0 0 2 0 1 0
3.021554348106485e-05 0 1 1 2 0 1 0 3 1 3 2 0
-3.021554348106485e-05 0 1 1 2 0 1 0 3 2 3 1 0
-7.280892237162673e-05 0 1 1 2 0 1 1 0 1 1 0 2
7.280892237162673e-05 0 1 1 2 0 1 1 0 1 2 0 1
-7.280892237162673e-05 0 1 1 2 0 1 2 0 2 1 0 2
7.280892237162673e-05 0 1 1 2 0 1 2 0 2 2 0 1
1.7991565131759383e-05 0 1 1 2 0 1 3 3 1 0 2 0
-1.7991565131759383e-05 0 1 1 2 0 1 3 3 2 0 1 0
-6.7063256560652245e-06 0 1 1 2 0 2 0 0 0 1 1 0
-6.7063256560652245e-06 0 1 1 2 0 2 0 0 0 2 2 0
0.000397361449287021 0 1 1 2 0 2 0 1 1 2 0 2
-3.137517799048697e-05 0 1 1 2 0 2 0 1 2 1 0 2
-0.000365986271296534 0 1 1 2 0 2 0 1 2 2 0 1
-0.000365986271296534 0 1 1 2 0 2 0 2 1 1 0 2
-3.137517799048697e-05 0 1 1 2 0 2 0 2 1 2 0 1
0.000397361449287021 0 1 1 2 0 2 0 2 2 1 0 1
6.62997243627542e-05 0 1 1 2 0 2 0 3 0 1 1 3
6.62997243627542e-05 0 1 1 2 0 2 0 3 0 2 2 3
-0.0003019673489648436 0 1 1 2 0 2 1 0 0 0 0 1
-0.00030615860394169587 0 1 1 2 0 2 1 0 3 0 3 1
1.613668492475479e-05 0 1 1 2 0 2 1 0 3 3 0 1
6.7063256560649805e-06 0 1 1 2 0 2 1 1 2 0 2 0
-7.59514244112735e-05 0 1 1 2 0 2 1 2 1 0 2 0
6.924509875520852e-05 0 1 1 2 0 2 1 2 2 0 1 0
-0.0003019673489648436 0 1 1 2 0 2 2 0 0 0 0 2
-0.00030615860394169587 0 1 1 2 0 2 2 0 3 0 3 2
1.613668492475479e-05 0 1 1 2 0 2 2 0 3 3 0 2
6.924509875520852e-05 0 1 1 2 0 2 2 1 1 0 2 0
-7.59514244112735e-05 0 1 1 2 0 2 2 1 2 0 1 0
6.7063256560649805e-06 0 1 1 2 0 2 2 2 1 0 1 0
6.659091745255285e-05 0 1 1 2 0 2 3 3 0 1 1 0
6.659091745255285e-05 0 1 1 2 0 2 3 3 0 2 2 0
-5.958116669076825e-05 0 1 1 2 1 0 0 3 0 1 3 2
5.958116669076825e-05 0 1 1 2 1 0 0 3 0 2 3 1
-6.985057760061518e-05 0 1 1 2 1 0 1 0 1 1 2 0
6.985057760061518e-05 0 1 1 2 1 0 1 0 1 2 1 0
-6.985057760061518e-05 0 1 1 2 1 0 2 0 2 1 2 0
6.985057760061518e-05 0 1 1 2 1 0 2 0 2 2 1 0
6.532631611640564e-06 0 1 1 2 1 3 0 0 0 1 3 2
-6.532631611640564e-06 0 1 1 2 1 3 0 0 0 2 3 1
-6.360585887897532e-05 0 1 1 2 1 3 0 3 0 1 0 2
6.360585887897532e-05 0 1 1 2 1 3 0 3 0 2 0 1
6.532631611640252e-06 0 1 1 2 1 3 1 1 2 0 3 1
-7.429814679170066e-05 0 1 1 2 1 3 1 2 1 0 3 1
-6.776551518006042e-05 0 1 1 2 1 3 1 2 2 0 3 2
6.776551518006042e-05 0 1 1 2 1 3 2 1 1 0 3 1
7.429814679170066e-05 0 1 1 2 1 3 2 1 2 0 3 2
-6.532631611640252e-06 0 1 1 2 1 3 2 2 1 0 3 2
-6.486621060599175e-05 0 1 1 2 1 3 3 3 0 1 3 2
6.486621060599175e-05 0 1 1 2 1 3 3 3 0 2 3 1
0.0003828283631008419 0 1 1 2 2 0 0 1 1 2 2 0
-3.171270843595911e-05 0 1 1 2 2 0 0 1 2 1 2 0
-0.0003511156546648828 0 1 1 2 2 0 0 1 2 2 1 0
-0.0003511156546648828 0 1 1 2 2 0 0 2 1 1 2 0
-3.171270843595911e-05 0 1 1 2 2 0 0 2 1 2 1 0
0.0003828283631008419 0 1 1 2 2 0 0 2 2 1 1 0
-8.194161480745846e-07 0 1 1 2 2 0 0 3 1 0 3 1
-8.194161480745846e-07 0 1 1 2 2 0 0 3 2 0 3 2
-0.00028969792512600803 0 1 1 2 2 0 1 0 0 0 1 0
-0.00029822908651571853 0 1 1 2 2 0 1 0 3 0 1 3
1.5481025207324163e-05 0 1 1 2 2 0 1 0 3 3 1 0
-0.00028969792512600803 0 1 1 2 2 0 2 0 0 0 2 0
-0.00029822908651571853 0 1 1 2 2 0 2 0 3 0 2 3
1.5481025207324163e-05 0 1 1 2 2 0 2 0 3 3 2 0
4.7634647196907494e-05 0 1 1 2 2 3 0 0 1 0 3 1
4.7634647196907494e-05 0 1 1 2 2 3 0 0 2 0 3 2
-3.101893486507676e-05 0 1 1 2 2 3 0 3 1 3 3 1
-3.101893486507676e-05 0 1 1 2 2 3 0 3 2 3 3 2
-0.00027513367499775994 0 1 1 2 2 3 1 0 3 0 1 0
-0.00027513367499775994 0 1 1 2 2 3 2 0 3 0 2 0
-1.766926113778355e-05 0 1 1 2 2 3 3 3 1 0 3 1
-1.766926113778355e-05 0 1 1 2 2 3 3 3 2 0 3 2
-7.861219390961046e-07 0 1 1 2 3 1 0 3 1 0 2 0
7.861219390961046e-07 0 1 1 2 3 1 0 3 2 0 1 0
5.6988907879347666e-05 0 1 1 2 3 2 0 3 0 1 1 0
5.6988907879347666e-05 0 1 1 2 3 2 0 3 0 2 2 0
-0.00026720415757178277 0 1 1 2 3 2 1 0 3 0 0 1
-0.00026720415757178277 0 1 1 2 3 2 2 0 3 0 0 2
-6.507500786614529e-05 0 1 1 3 0 0 0 1 3 1 0 0
-6.507500786614529e-05 0 1 1 3 0 0 0 2 3 2 0 0
-0.0011420308305798914 0 1 1 3 0 0 0 3 0 0 1 1
-0.0011420308305798914 0 1 1 3 0 0 0 3 0 0 2 2
3.081823472837636e-05 0 1 1 3 0 0 0 3 1 1 1 1
3.081823472837636e-05 0 1 1 3 0 0 0 3 1 2 2 1
3.081823472837636e-05 0 1 1 3 0 0 0 3 2 1 1 2
3.081823472837636e-05 0 1 1 3 0 0 0 3 2 2 2 2
-0.00256377268028758 0 1 1 3 0 0 1 0 0 1 0 0
-0.0002779587979369716 0 1 1 3 0 0 1 0 0 1 0 3
-0.0002764427368243336 0 1 1 3 0 0 1 0 0 1 3 0
-0.011567774107753595 0 1 1 3 0 0 1 0 1 0 0 0
-0.0013269624635650447 0 1 1 3 0 0 1 0 1 0 0 3
-0.0013171636322644004 0 1 1 3 0 0 1 0 1 0 3 0
-0.0013801428410319541 0 1 1 3 0 0 1 0 1 3 0 0
20.23041597611709 0 1 1 3 0 0 1 0 3 1 0 0
-0.00257547276041884 0 1 1 3 0 0 1 0 3 1 0 3
-0.002608672556003792 0 1 1 3 0 0 1 0 3 1 3 0
-0.0003877734941896599 0 1 1 3 0 0 1 0 3 1 3 3
-0.00096553463045876 0 1 1 3 0 0 1 3 0 1 0 0
-0.001405663102666215 0 1 1 3 0 0 1 3 1 0 0 0
-0.0025679699742504965 0 1 1 3 0 0 1 3 3 1 0 0
-0.00027836677779002216 0 1 1 3 0 0 1 3 3 1 0 3
-0.0002760218082904255 0 1 1 3 0 0 1 3 3 1 3 0
-0.00256377268028758 0 1 1 3 0 0 2 0 0 2 0 0
-0.0002779587979369716 0 1 1 3 0 0 2 0 0 2 0 3
-0.0002764427368243336 0 1 1 3 0 0 2 0 0 2 3 0
-0.011567774107753595 0 1 1 3 0 0 2 0 2 0 0 0
-0.0013269624635650447 0 1 1 3 0 0 2 0 2 0 0 3
-0.0013171636322644004 0 1 1 3 0 0 2 0 2 0 3 0
-0.0013801428410319541 0 1 1 3 0 0 2 0 2 3 0 0
20.23041597611709 0 1 1 3 0 0 2 0 3 2 0 0
-0.00257547276041884 0 1 1 3 0 0 2 0 3 2 0 3
-0.002608672556003792 0 1 1 3 0 0 2 0 3 2 3 0
-0.0003877734941896599 0 1 1 3 0 0 2 0 3 2 3 3
-0.00096553463045876 0 1 1 3 0 0 2 3 0 2 0 0
-0.001405663102666215 0 1 1 3 0 0 2 3 2 0 0 0
-0.0025679699742504965 0 1 1 3 0 0 2 3 3 2 0 0
-0.00027836677779002216 0 1 1 3 0 0 2 3 3 2 0 3
-0.0002760218082904255 0 1 1 3 0 0 2 3 3 2 3 0
-0.0011913467731355975 0 1 1 3 0 3 0 0 0 0 1 1
-0.0011913467731355975 0 1 1 3 0 3 0 0 0 0 2 2
-0.0006485091902378809 0 1 1 3 0 3 0 0 1 1 1 1
-0.0006477124502092406 0 1 1 3 0 3 0 0 1 1 2 2
-7.967400286404599e-07 0 1 1 3 0 3 0 0 1 2 2 1
-7.967400286404599e-07 0 1 1 3 0 3 0 0 2 1 1 2
-0.0006477124502092406 0 1 1 3 0 3 0 0 2 2 1 1
-0.0006485091902378809 0 1 1 3 0 3 0 0 2 2 2 2
-0.010533602336813887 0 1 1 3 0 3 0 3 0 0 1 1
-0.010533602336813887 0 1 1 3 0 3 0 3 0 0 2 2
-0.001321759693741292 0 1 1 3 0 3 0 3 0 3 1 1
-0.001321759693741292 0 1 1 3 0 3 0 3 0 3 2 2
-0.0011917534022114998 0 1 1 3 0 3 0 3 3 0 1 1
-0.0011917534022114998 0 1 1 3 0 3 0 3 3 0 2 2
-0.0002940954828617264 0 1 1 3 0 3 1 0 0 1 0 0
-0.0012541535411934182 0 1 1 3 0 3 1 0 1 0 0 0
-0.0025754727604188395 0 1 1 3 0 3 1 0 3 1 0 0
-0.0003306737490814956 0 1 1 3 0 3 1 0 3 1 0 3
-0.0003576877762371251 0 1 1 3 0 3 1 0 3 1 3 0
-0.00029405275649755605 0 1 1 3 0 3 1 3 3 1 0 0
-0.0002940954828617264 0 1 1 3 0 3 2 0 0 2 0 0
-0.0012541535411934182 0 1 1 3 0 3 2 0 2 0 0 0
-0.0025754727604188395 0 1 1 3 0 3 2 0 3 2 0 0
-0.0003306737490814956 0 1 1 3 0 3 2 0 3 2 0 3
-0.0003576877762371251 0 1 1 3 0 3 2 0 3 2 3 0
-0.00029405275649755605 0 1 1 3 0 3 2 3 3 2 0 0
-0.001321141523809072 0 1 1 3 0 3 3 3 0 0 1 1
-0.001321141523809072 0 1 1 3 0 3 3 3 0 0 2 2
0.00011783094741826426 0 1 1 3 0 3 3 3 1 1 1 1
0.0001170342073896238 0 1 1 3 0 3 3 3 1 1 2 2
7.967400286404773e-07 0 1 1 3 0 3 3 3 1 2 2 1
7.967400286404773e-07 0 1 1 3 0 3 3 3 2 1 1 2
0.0001170342073896238 0 1 1 3 0 3 3 3 2 2 1 1
0.00011783094741826426 0 1 1 3 0 3 3 3 2 2 2 2
-0.0010706202983338045 0 1 1 3 1 1 0 0 0 0 3 0
-0.0006964661414287642 0 1 1 3 1 1 0 0 1 1 3 0
-0.0006964661414287642 0 1 1 3 1 1 0 0 2 2 3 0
-0.0010778644069527601 0 1 1 3 1 1 0 3 0 0 0 0
-0.009466167811650047 0 1 1 3 1 1 0 3 0 0 3 0
-0.0010858830093723713 0 1 1 3 1 1 0 3 0 0 3 3
-0.0011878176778994261 0 1 1 3 1 1 0 3 0 3 3 0
2.9566039796893243e-05 0 1 1 3 1 1 0 3 1 1 0 0
2.9566039796893243e-05 0 1 1 3 1 1 0 3 2 2 0 0
-0.0010709857211916745 0 1 1 3 1 1 0 3 3 0 3 0
-0.0011872621509175446 0 1 1 3 1 1 3 3 0 0 3 0
0.00010506038646225941 0 1 1 3 1 1 3 3 1 1 3 0
0.00010506038646225941 0 1 1 3 1 1 3 3 2 2 3 0
-3.038350451135935e-05 0 1 1 3 1 2 1 0 3 1 1 2
6.111064689647054e-05 0 1 1 3 1 2 1 0 3 1 2 1
-3.07271423851112e-05 0 1 1 3 1 2 1 0 3 2 1 1
-1.5510128021363906e-06 0 1 1 3 1 2 1 1 2 1 3 0
8.020841388060693e-07 0 1 1 3 1 2 1 2 0 0 3 0
7.142922698827263e-08 0 1 1 3 1 2 1 2 1 1 3 0
-1.479583575148118e-06 0 1 1 3 1 2 1 2 2 2 3 0
3.07271423851112e-05 0 1 1 3 1 2 2 0 3 1 2 2
-6.111064689647054e-05 0 1 1 3 1 2 2 0 3 2 1 2
3.038350451135935e-05 0 1 1 3 1 2 2 0 3 2 2 1
-8.020841388060693e-07 0 1 1 3 1 2 2 1 0 0 3 0
1.479583575148118e-06 0 1 1 3 1 2 2 1 1 1 3 0
-7.142922698827263e-08 0 1 1 3 1 2 2 1 2 2 3 0
1.5510128021363906e-06 0 1 1 3 1 2 2 2 1 2 3 0
6.111064689647054e-05 0 1 1 3 2 1 1 0 3 1 1 2
-3.258372472332368e-05 0 1 1 3 2 1 1 0 3 1 2 1
-2.852692217314685e-05 0 1 1 3 2 1 1 0 3 2 1 1
2.852692217314685e-05 0 1 1 3 2 1 2 0 3 1 2 2
3.258372472332368e-05 0 1 1 3 2 1 2 0 3 2 1 2
-6.111064689647054e-05 0 1 1 3 2 1 2 0 3 2 2 1
-0.0010674103408581537 0 1 1 3 2 2 0 0 0 0 3 0
-0.0006961438374347883 0 1 1 3 2 2 0 0 1 1 3 0
-0.0006961438374347883 0 1 1 3 2 2 0 0 2 2 3 0
1.2922394717412744e-05 0 1 1 3 2 2 0 1 3 1 2 2
-7.772541798443362e-06 0 1 1 3 2 2 0 1 3 2 1 2
-5.1498529189693785e-06 0 1 1 3 2 2 0 1 3 2 2 1
-5.1498529189693785e-06 0 1 1 3 2 2 0 2 3 1 1 2
-7.772541798443362e-06 0 1 1 3 2 2 0 2 3 1 2 1
1.2922394717412744e-05 0 1 1 3 2 2 0 2 3 2 1 1
-0.0010746327300303064 0 1 1 3 2 2 0 3 0 0 0 0
-0.009437786137792321 0 1 1 3 2 2 0 3 0 0 3 0
-0.0010826272908986587 0 1 1 3 2 2 0 3 0 0 3 3
-0.0011842563366463066 0 1 1 3 2 2 0 3 0 3 3 0
3.163765087645095e-05 0 1 1 3 2 2 0 3 1 1 3 3
3.163765087645095e-05 0 1 1 3 2 2 0 3 2 2 3 3
-0.001067774668097123 0 1 1 3 2 2 0 3 3 0 3 0
-0.0011837024752577182 0 1 1 3 2 2 3 3 0 0 3 0
0.00010473808246828356 0 1 1 3 2 2 3 3 1 1 3 0
0.00010473808246828356 0 1 1 3 2 2 3 3 2 2 3 0
-0.0002919237620316577 0 1 1 3 3 0 1 0 0 1 0 0
-0.001247313054663785 0 1 1 3 3 0 1 0 1 0 0 0
-0.002608672556003791 0 1 1 3 3 0 1 0 3 1 0 0
-0.0003576877762371251 0 1 1 3 3 0 1 0 3 1 0 3
-0.00032627734995500045 0 1 1 3 3 0 1 0 3 1 3 0
-0.00029187653489741114 0 1 1 3 3 0 1 3 3 1 0 0
-0.0002919237620316577 0 1 1 3 3 0 2 0 0 2 0 0
-0.001247313054663785 0 1 1 3 3 0 2 0 2 0 0 0
-0.002608672556003791 0 1 1 3 3 0 2 0 3 2 0 0
-0.0003576877762371251 0 1 1 3 3 0 2 0 3 2 0 3
-0.00032627734995500045 0 1 1 3 3 0 2 0 3 2 3 0
-0.00029187653489741114 0 1 1 3 3 0 2 3 3 2 0 0
-0.0011358018910948792 0 1 1 3 3 3 0 3 0 0 1 1
-0.0011358018910948792 0 1 1 3 3 3 0 3 0 0 2 2
3.035216173598935e-05 0 1 1 3 3 3 0 3 1 1 2 2
-3.035216173598935e-05 0 1 1 3 3 3 0 3 1 2 2 1
-3.035216173598935e-05 0 1 1 3 3 3 0 3 2 1 1 2
3.035216173598935e-05 0 1 1 3 3 3 0 3 2 2 1 1
-0.0003877734941896598 0 1 1 3 3 3 1 0 3 1 0 0
-0.0003877734941896598 0 1 1 3 3 3 2 0 3 2 0 0
-0.0013801428410319541 0 1 2 0 0 0 0 1 0 2 0 0
60.02325437555548 0 1 2 0 0 0 0 1 2 0 0 0
-0.007642176737322928 0 1 2 0 0 0 0 1 2 0 0 3
-0.007740690186737915 0 1 2 0 0 0 0 1 2 0 3 0
-0.0001999729041631618 0 1 2 0 0 0 0 1 2 0 3 3
-0.007607459196691924 0 1 2 0 0 0 0 1 2 3 0 0
-0.0008247845957348499 0 1 2 0 0 0 0 1 2 3 0 3
-0.0008202860014785161 0 1 2 0 0 0 0 1 2 3 3 0
-0.011567774107753608 0 1 2 0 0 0 0 1 3 2 0 0
-0.0013269624635650458 0 1 2 0 0 0 0 1 3 2 0 3
-0.0013171636322644015 0 1 2 0 0 0 0 1 3 2 3 0
0.0013801428410319541 0 1 2 0 0 0 0 2 0 1 0 0
-60.023254375555474 0 1 2 0 0 0 0 2 1 0 0 0
0.007642176737322928 0 1 2 0 0 0 0 2 1 0 0 3
0.007740690186737915 0 1 2 0 0 0 0 2 1 0 3 0
0.0001999729041631618 0 1 2 0 0 0 0 2 1 0 3 3
0.007607459196691924 0 1 2 0 0 0 0 2 1 3 0 0
0.0008247845957348499 0 1 2 0 0 0 0 2 1 3 0 3
0.0008202860014785161 0 1 2 0 0 0 0 2 1 3 3 0
0.011567774107753608 0 1 2 0 0 0 0 2 3 1 0 0
0.0013269624635650458 0 1 2 0 0 0 0 2 3 1 0 3
0.0013171636322644015 0 1 2 0 0 0 0 2 3 1 3 0
-6.507500786614323e-05 0 1 2 0 0 0 1 0 2 0 0 0
-3.075399441201766e-05 0 1 2 0 0 0 1 1 0 0 2 1
-3.075399441201766e-05 0 1 2 0 0 0 1 2 0 0 2 2
6.507500786614323e-05 0 1 2 0 0 0 2 0 1 0 0 0
3.075399441201766e-05 0 1 2 0 0 0 2 1 0 0 1 1
3.075399441201766e-05 0 1 2 0 0 0 2 2 0 0 1 2
-0.007619913788631767 0 1 2 0 0 0 3 1 2 0 0 0
-0.0008259951906167663 0 1 2 0 0 0 3 1 2 0 0 3
-0.0008190369840944675 0 1 2 0 0 0 3 1 2 0 3 0
-0.0006788398506648689 0 1 2 0 0 0 3 1 2 3 0 0
-0.0014056631026662164 0 1 2 0 0 0 3 1 3 2 0 0
0.007619913788631767 0 1 2 0 0 0 3 2 1 0 0 0
0.0008259951906167663 0 1 2 0 0 0 3 2 1 0 0 3
0.0008190369840944675 0 1 2 0 0 0 3 2 1 0 3 0
0.0006788398506648689 0 1 2 0 0 0 3 2 1 3 0 0
0.0014056631026662164 0 1 2 0 0 0 3 2 3 1 0 0
-0.007642176737322926 0 1 2 0 0 3 0 1 2 0 0 0
-0.0010132061873023353 0 1 2 0 0 3 0 1 2 0 0 3
-0.0009748880734084156 0 1 2 0 0 3 0 1 2 0 3 0
-0.0008726668331417852 0 1 2 0 0 3 0 1 2 3 0 0
-0.0012541535411934195 0 1 2 0 0 3 0 1 3 2 0 0
0.007642176737322926 0 1 2 0 0 3 0 2 1 0 0 0
0.0010132061873023353 0 1 2 0 0 3 0 2 1 0 0 3
0.0009748880734084156 0 1 2 0 0 3 0 2 1 0 3 0
0.0008726668331417852 0 1 2 0 0 3 0 2 1 3 0 0
0.0012541535411934195 0 1 2 0 0 3 0 2 3 1 0 0
-2.0274773094349635e-08 0 1 2 0 0 3 0 3 0 0 1 2
2.0274773094349635e-08 0 1 2 0 0 3 0 3 0 0 2 1
7.967400286404722e-07 0 1 2 0 0 3 1 1 0 3 2 1
-7.967400286404763e-07 0 1 2 0 0 3 1 1 3 0 2 1
-0.00011783094741826363 0 1 2 0 0 3 1 2 0 3 1 1
-0.00011703420738962319 0 1 2 0 0 3 1 2 0 3 2 2
0.0006485091902378817 0 1 2 0 0 3 1 2 3 0 1 1
0.0006477124502092411 0 1 2 0 0 3 1 2 3 0 2 2
0.00011703420738962319 0 1 2 0 0 3 2 1 0 3 1 1
0.00011783094741826363 0 1 2 0 0 3 2 1 0 3 2 2
-0.0006477124502092411 0 1 2 0 0 3 2 1 3 0 1 1
-0.0006485091902378817 0 1 2 0 0 3 2 1 3 0 2 2
-7.967400286404722e-07 0 1 2 0 0 3 2 2 0 3 1 2
7.967400286404763e-07 0 1 2 0 0 3 2 2 3 0 1 2
-0.0008725400515926453 0 1 2 0 0 3 3 1 2 0 0 0
0.0008725400515926453 0 1 2 0 0 3 3 2 1 0 0 0
-5.149852918969377e-06 0 1 2 0 1 1 1 0 1 0 1 2
-7.772541798443359e-06 0 1 2 0 1 1 1 0 1 0 2 1
1.2922394717412736e-05 0 1 2 0 1 1 1 0 2 0 1 1
-3.108484223819042e-05 0 1 2 0 1 1 1 2 0 0 0 0
-0.000104738082468283 0 1 2 0 1 1 1 2 0 3 3 0
0.000696143837434789 0 1 2 0 1 1 1 2 3 0 3 0
-1.2922394717412736e-05 0 1 2 0 1 1 2 0 1 0 2 2
7.772541798443359e-06 0 1 2 0 1 1 2 0 2 0 1 2
5.149852918969377e-06 0 1 2 0 1 1 2 0 2 0 2 1
3.108484223819042e-05 0 1 2 0 1 1 2 1 0 0 0 0
0.000104738082468283 0 1 2 0 1 1 2 1 0 3 3 0
-0.000696143837434789 0 1 2 0 1 1 2 1 3 0 3 0
-3.239520731276118e-05 0 1 2 0 1 2 0 1 1 0 2 2
0.0008073103765580151 0 1 2 0 1 2 0 1 2 0 1 2
-0.0007749151692452539 0 1 2 0 1 2 0 1 2 0 2 1
-0.0007749151692452539 0 1 2 0 1 2 0 2 1 0 1 2
0.0008073103765580151 0 1 2 0 1 2 0 2 1 0 2 1
-3.239520731276118e-05 0 1 2 0 1 2 0 2 2 0 1 1
-4.745293708621687e-08 0 1 2 0 1 2 0 3 0 0 3 0
1.04977214869334e-05 0 1 2 0 2 1 0 0 0 0 0 0
-2.8428139064743905e-05 0 1 2 0 2 1 0 0 0 0 3 0
-1.6143406896056153e-05 0 1 2 0 2 1 0 0 0 0 3 3
-1.5578449037410402e-06 0 1 2 0 2 1 0 0 0 3 3 0
-2.9659992519008843e-06 0 1 2 0 2 1 0 0 3 0 3 0
-3.34679611639305e-05 0 1 2 0 2 1 0 1 1 0 2 2
-0.0007749151692452539 0 1 2 0 2 1 0 1 2 0 1 2
0.0008083831304091844 0 1 2 0 2 1 0 1 2 0 2 1
0.0008083831304091844 0 1 2 0 2 1 0 2 1 0 1 2
-0.0007749151692452539 0 1 2 0 2 1 0 2 1 0 2 1
-3.34679611639305e-05 0 1 2 0 2 1 0 2 2 0 1 1
-2.8878727921303455e-05 0 1 2 0 2 1 0 3 0 0 0 0
-1.640039947064477e-06 0 1 2 0 2 1 0 3 0 0 0 3
0.22393742521520557 0 1 2 0 2 1 0 3 0 0 3 0
-2.8511196986255997e-05 0 1 2 0 2 1 0 3 0 0 3 3
-3.0602976844284405e-06 0 1 2 0 2 1 0 3 0 3 0 0
-2.838167385772447e-05 0 1 2 0 2 1 0 3 0 3 3 0
-3.0770809009663637e-06 0 1 2 0 2 1 0 3 0 3 3 3
-8.033913840119131e-07 0 1 2 0 2 1 0 3 1 1 3 0
-8.033913840119131e-07 0 1 2 0 2 1 0 3 2 2 3 0
-1.595144120763334e-05 0 1 2 0 2 1 0 3 3 0 0 0
-2.838167385772441e-05 0 1 2 0 2 1 0 3 3 0 3 0
1.071730958849764e-05 0 1 2 0 2 1 0 3 3 0 3 3
-3.0359090152673903e-06 0 1 2 0 2 1 0 3 3 3 3 0
-3.034295323285057e-06 0 1 2 0 2 1 3 0 0 0 3 0
-3.0556378889408603e-06 0 1 2 0 2 1 3 3 0 0 0 0
-2.84281390647441e-05 0 1 2 0 2 1 3 3 0 0 3 0
-3.081597350969451e-06 0 1 2 0 2 1 3 3 0 0 3 3
-2.9659992519008877e-06 0 1 2 0 2 1 3 3 0 3 3 0
-1.5578449037410402e-06 0 1 2 0 2 1 3 3 3 0 3 0
-2.9957464994033568e-05 0 1 2 0 2 2 1 2 0 0 3 3
-0.00010506038646225886 0 1 2 0 2 2 1 2 0 3 3 0
0.0006964661414287649 0 1 2 0 2 2 1 2 3 0 3 0
2.9957464994033568e-05 0 1 2 0 2 2 2 1 0 0 3 3
0.00010506038646225886 0 1 2 0 2 2 2 1 0 3 3 0
-0.0006964661414287649 0 1 2 0 2 2 2 1 3 0 3 0
-0.007740690186737912 0 1 2 0 3 0 0 1 2 0 0 0
-0.0009748880734084156 0 1 2 0 3 0 0 1 2 0 0 3
-0.0009991908148365065 0 1 2 0 3 0 0 1 2 0 3 0
-0.0008662227058100669 0 1 2 0 3 0 0 1 2 3 0 0
-0.0012473130546637862 0 1 2 0 3 0 0 1 3 2 0 0
0.007740690186737912 0 1 2 0 3 0 0 2 1 0 0 0
0.0009748880734084156 0 1 2 0 3 0 0 2 1 0 0 3
0.0009991908148365065 0 1 2 0 3 0 0 2 1 0 3 0
0.0008662227058100669 0 1 2 0 3 0 0 2 1 3 0 0
0.0012473130546637862 0 1 2 0 3 0 0 2 3 1 0 0
-0.0008660825691670954 0 1 2 0 3 0 3 1 2 0 0 0
0.0008660825691670954 0 1 2 0 3 0 3 2 1 0 0 0
-0.0001999729041631618 0 1 2 0 3 3 0 1 2 0 0 0
0.0001999729041631618 0 1 2 0 3 3 0 2 1 0 0 0
3.02797438511517e-05 0 1 2 0 3 3 1 1 0 0 2 1
-3.02797438511517e-05 0 1 2 0 3 3 1 2 0 0 1 1
3.02797438511517e-05 0 1 2 0 3 3 2 1 0 0 2 2
-3.02797438511517e-05 0 1 2 0 3 3 2 2 0 0 1 2
1.799156513175964e-05 0 1 2 1 0 1 0 0 1 0 2 0
-1.799156513175964e-05 0 1 2 1 0 1 0 0 2 0 1 0
-7.280892237162672e-05 0 1 2 1 0 1 0 1 0 0 0 2
7.280892237162682e-05 0 1 2 1 0 1 0 1 3 3 0 2
7.280892237162672e-05 0 1 2 1 0 1 0 2 0 0 0 1
-7.280892237162682e-05 0 1 2 1 0 1 0 2 3 3 0 1
0.0003041189147423148 0 1 2 1 0 1 0 3 1 0 2 3
-3.021554348106485e-05 0 1 2 1 0 1 0 3 1 3 2 0
-0.0003041189147423148 0 1 2 1 0 1 0 3 2 0 1 3
3.021554348106485e-05 0 1 2 1 0 1 0 3 2 3 1 0
7.280892237162656e-05 0 1 2 1 0 1 1 0 1 1 0 2
-7.280892237162656e-05 0 1 2 1 0 1 1 0 2 1 0 1
-0.00039774100484002683 0 1 2 1 0 1 1 1 0 1 2 0
3.076212608776424e-05 0 1 2 1 0 1 1 2 0 1 1 0
-0.0003669788787522626 0 1 2 1 0 1 1 2 0 2 2 0
7.280892237162656e-05 0 1 2 1 0 1 2 0 1 2 0 2
-7.280892237162656e-05 0 1 2 1 0 1 2 0 2 2 0 1
0.0003669788787522626 0 1 2 1 0 1 2 1 0 1 1 0
-3.076212608776424e-05 0 1 2 1 0 1 2 1 0 2 2 0
0.00039774100484002683 0 1 2 1 0 1 2 2 0 2 1 0
0.00028746306144497466 0 1 2 1 0 1 3 3 1 0 2 0
-0.00028746306144497466 0 1 2 1 0 1 3 3 2 0 1 0
-3.137517799048697e-05 0 1 2 1 0 2 0 1 1 2 0 2
7.925741539742256e-05 0 1 2 1 0 2 0 1 2 1 0 2
-4.788223740693559e-05 0 1 2 1 0 2 0 1 2 2 0 1
-4.788223740693559e-05 0 1 2 1 0 2 0 2 1 1 0 2
7.925741539742256e-05 0 1 2 1 0 2 0 2 1 2 0 1
-3.137517799048697e-05 0 1 2 1 0 2 0 2 2 1 0 1
8.00035687646831e-05 0 1 2 1 0 2 1 1 2 0 2 0
-4.05214435340964e-06 0 1 2 1 0 2 1 2 1 0 2 0
-7.595142441127346e-05 0 1 2 1 0 2 1 2 2 0 1 0
-7.595142441127346e-05 0 1 2 1 0 2 2 1 1 0 2 0
-4.05214435340964e-06 0 1 2 1 0 2 2 1 2 0 1 0
8.00035687646831e-05 0 1 2 1 0 2 2 2 1 0 1 0
-6.985057760061517e-05 0 1 2 1 1 0 0 1 0 0 2 0
6.985057760061525e-05 0 1 2 1 1 0 0 1 3 3 2 0
6.985057760061517e-05 0 1 2 1 1 0 0 2 0 0 1 0
-6.985057760061525e-05 0 1 2 1 1 0 0 2 3 3 1 0
6.985057760061502e-05 0 1 2 1 1 0 1 0 1 1 2 0
-6.985057760061502e-05 0 1 2 1 1 0 1 0 2 1 1 0
6.985057760061502e-05 0 1 2 1 1 0 2 0 1 2 2 0
-6.985057760061502e-05 0 1 2 1 1 0 2 0 2 2 1 0
7.793147382927268e-05 0 1 2 1 1 3 1 1 2 0 3 1
-3.6333270375720134e-06 0 1 2 1 1 3 1 2 1 0 3 1
7.429814679170066e-05 0 1 2 1 1 3 1 2 2 0 3 2
-7.429814679170066e-05 0 1 2 1 1 3 2 1 1 0 3 1
3.6333270375720134e-06 0 1 2 1 1 3 2 1 2 0 3 2
-7.793147382927268e-05 0 1 2 1 1 3 2 2 1 0 3 2
-3.171270843595911e-05 0 1 2 1 2 0 0 1 1 2 2 0
7.764941276750965e-05 0 1 2 1 2 0 0 1 2 1 2 0
-4.593670433155055e-05 0 1 2 1 2 0 0 1 2 2 1 0
-4.593670433155055e-05 0 1 2 1 2 0 0 2 1 1 2 0
7.764941276750965e-05 0 1 2 1 2 0 0 2 1 2 1 0
-3.171270843595911e-05 0 1 2 1 2 0 0 2 2 1 1 0
-0.0002724812638658639 0 1 2 1 2 0 0 3 1 0 3 1
-0.0002724812638658639 0 1 2 1 2 0 0 3 2 0 3 2
-1.766926113778382e-05 0 1 2 1 2 3 0 0 1 0 3 1
-1.766926113778382e-05 0 1 2 1 2 3 0 0 2 0 3 2
-0.0002917620692914029 0 1 2 1 2 3 0 3 1 0 0 1
3.101893486507676e-05 0 1 2 1 2 3 0 3 1 3 3 1
-0.0002917620692914029 0 1 2 1 2 3 0 3 2 0 0 2
3.101893486507676e-05 0 1 2 1 2 3 0 3 2 3 3 2
0.00038743950036391773 0 1 2 1 2 3 1 1 0 1 3 1
2.9965386059123785e-05 0 1 2 1 2 3 1 2 0 1 3 2
0.00035747411430479397 0 1 2 1 2 3 1 2 0 2 3 1
0.00035747411430479397 0 1 2 1 2 3 2 1 0 1 3 2
2.9965386059123785e-05 0 1 2 1 2 3 2 1 0 2 3 1
0.00038743950036391773 0 1 2 1 2 3 2 2 0 2 3 2
-0.00027987408104876286 0 1 2 1 2 3 3 3 1 0 3 1
-0.00027987408104876286 0 1 2 1 2 3 3 3 2 0 3 2
0.0002621960294945096 0 1 2 1 3 1 0 3 1 0 2 0
-0.0002621960294945096 0 1 2 1 3 1 0 3 2 0 1 0
8.923419911220621e-05 0 1 2 2 0 1 0 0 0 1 1 0
8.923419911220621e-05 0 1 2 2 0 1 0 0 0 2 2 0
-0.000365986271296534 0 1 2 2 0 1 0 1 1 2 0 2
-4.788223740693559e-05 0 1 2 2 0 1 0 1 2 1 0 2
0.00041386850870346956 0 1 2 2 0 1 0 1 2 2 0 1
0.00041386850870346956 0 1 2 2 0 1 0 2 1 1 0 2
-4.788223740693559e-05 0 1 2 2 0 1 0 2 1 2 0 1
-0.000365986271296534 0 1 2 2 0 1 0 2 2 1 0 1
-6.587167411020237e-06 0 1 2 2 0 1 0 3 3 1 1 0
-6.587167411020237e-06 0 1 2 2 0 1 0 3 3 2 2 0
0.0003019673489648436 0 1 2 2 0 1 1 0 0 0 0 1
0.00029226810012533016 0 1 2 2 0 1 1 0 3 0 3 1
-8.670989442074808e-05 0 1 2 2 0 1 1 1 2 0 2 0
8.000356876468314e-05 0 1 2 2 0 1 1 2 1 0 2 0
6.70632565606494e-06 0 1 2 2 0 1 1 2 2 0 1 0
-2.8481756444590798e-05 0 1 2 2 0 1 1 3 3 0 0 1
0.0003019673489648436 0 1 2 2 0 1 2 0 0 0 0 2
0.00029226810012533016 0 1 2 2 0 1 2 0 3 0 3 2
6.70632565606494e-06 0 1 2 2 0 1 2 1 1 0 2 0
8.000356876468314e-05 0 1 2 2 0 1 2 1 2 0 1 0
-8.670989442074808e-05 0 1 2 2 0 1 2 2 1 0 1 0
-2.8481756444590798e-05 0 1 2 2 0 1 2 3 3 0 0 2
-8.252787345614001e-05 0 1 2 2 0 1 3 3 0 1 1 0
-8.252787345614001e-05 0 1 2 2 0 1 3 3 0 2 2 0
6.371617659741399e-05 0 1 2 2 0 2 0 1 3 0 3 2
7.280892237162682e-05 0 1 2 2 0 2 0 1 3 3 0 2
-6.371617659741399e-05 0 1 2 2 0 2 0 2 3 0 3 1
-7.280892237162682e-05 0 1 2 2 0 2 0 2 3 3 0 1
-3.076212608776421e-05 0 1 2 2 0 2 1 1 0 1 2 0
4.293693895540815e-05 0 1 2 2 0 2 1 2 0 1 1 0
1.2174812867643942e-05 0 1 2 2 0 2 1 2 0 2 2 0
-1.2174812867643942e-05 0 1 2 2 0 2 2 1 0 1 1 0
-4.293693895540815e-05 0 1 2 2 0 2 2 1 0 2 2 0
3.076212608776421e-05 0 1 2 2 0 2 2 2 0 2 1 0
-1.3038036447544308e-05 0 1 2 2 0 2 3 1 3 0 0 2
1.3038036447544308e-05 0 1 2 2 0 2 3 2 3 0 0 1
-0.0003511156546648828 0 1 2 2 1 0 0 1 1 2 2 0
-4.593670433155055e-05 0 1 2 2 1 0 0 1 2 1 2 0
0.00039705235899643334 0 1 2 2 1 0 0 1 2 2 1 0
0.00039705235899643334 0 1 2 2 1 0 0 2 1 1 2 0
-4.593670433155055e-05 0 1 2 2 1 0 0 2 1 2 1 0
-0.0003511156546648828 0 1 2 2 1 0 0 2 2 1 1 0
0.00028969792512600803 0 1 2 2 1 0 1 0 0 0 1 0
0.0002846983471830205 0 1 2 2 1 0 1 0 3 0 1 3
-2.8788159804070912e-05 0 1 2 2 1 0 1 3 3 0 1 0
0.00028969792512600803 0 1 2 2 1 0 2 0 0 0 2 0
0.0002846983471830205 0 1 2 2 1 0 2 0 3 0 2 3
-2.8788159804070912e-05 0 1 2 2 1 0 2 3 3 0 2 0
0.00026190072222388657 0 1 2 2 1 3 1 0 3 0 1 0
-2.9965386059123738e-05 0 1 2 2 1 3 1 1 0 1 3 1
-4.3264587059549584e-05 0 1 2 2 1 3 1 2 0 1 3 2
1.3299201000425847e-05 0 1 2 2 1 3 1 2 0 2 3 1
0.00026190072222388657 0 1 2 2 1 3 2 0 3 0 2 0
1.3299201000425847e-05 0 1 2 2 1 3 2 1 0 1 3 2
-4.3264587059549584e-05 0 1 2 2 1 3 2 1 0 2 3 1
-2.9965386059123738e-05 0 1 2 2 1 3 2 2 0 2 3 2
6.206592562899095e-05 0 1 2 2 2 0 0 1 3 0 2 3
6.985057760061525e-05 0 1 2 2 2 0 0 1 3 3 2 0
-6.206592562899095e-05 0 1 2 2 2 0 0 2 3 0 1 3
-6.985057760061525e-05 0 1 2 2 2 0 0 2 3 3 1 0
-1.7863757274606577e-07 0 1 2 2 2 0 0 3 0 1 3 2
1.7863757274606577e-07 0 1 2 2 2 0 0 3 0 2 3 1
-1.3178298098061667e-05 0 1 2 2 2 0 3 1 3 0 2 0
1.3178298098061667e-05 0 1 2 2 2 0 3 2 3 0 1 0
8.758208654029658e-05 0 1 2 2 2 3 0 0 0 1 3 2
-8.758208654029658e-05 0 1 2 2 2 3 0 0 0 2 3 1
5.691607271002156e-05 0 1 2 2 2 3 0 1 3 0 2 0
-5.691607271002156e-05 0 1 2 2 2 3 0 2 3 0 1 0
-6.762311490304267e-06 0 1 2 2 2 3 0 3 3 1 3 2
6.762311490304267e-06 0 1 2 2 2 3 0 3 3 2 3 1
8.446410544091291e-05 0 1 2 2 2 3 1 1 2 0 3 1
-7.793147382927269e-05 0 1 2 2 2 3 1 2 1 0 3 1
6.532631611640239e-06 0 1 2 2 2 3 1 2 2 0 3 2
-6.532631611640239e-06 0 1 2 2 2 3 2 1 1 0 3 1
7.793147382927269e-05 0 1 2 2 2 3 2 1 2 0 3 2
-8.446410544091291e-05 0 1 2 2 2 3 2 2 1 0 3 2
-8.104945492865501e-05 0 1 2 2 2 3 3 3 0 1 3 2
8.104945492865501e-05 0 1 2 2 2 3 3 3 0 2 3 1
1.713792380251901e-07 0 1 2 2 3 1 0 3 0 1 1 0
1.713792380251901e-07 0 1 2 2 3 1 0 3 0 2 2 0
0.00025581166052620605 0 1 2 2 3 1 1 0 3 0 0 1
0.00025581166052620605 0 1 2 2 3 1 2 0 3 0 0 2
5.5943634798970614e-05 0 1 2 2 3 2 0 1 3 0 0 2
-5.5943634798970614e-05 0 1 2 2 3 2 0 2 3 0 0 1
-0.011567774107753582 0 1 2 3 0 0 0 1 0 2 0 0
-0.0012541535411934185 0 1 2 3 0 0 0 1 0 2 0 3
-0.0012473130546637862 0 1 2 3 0 0 0 1 0 2 3 0
-0.007607459196691924 0 1 2 3 0 0 0 1 2 0 0 0
-0.0008726668331417852 0 1 2 3 0 0 0 1 2 0 0 3
-0.0008662227058100669 0 1 2 3 0 0 0 1 2 0 3 0
-0.001313415270254086 0 1 2 3 0 0 0 1 2 3 0 0
91.26549880011314 0 1 2 3 0 0 0 1 3 2 0 0
-0.011620565014311588 0 1 2 3 0 0 0 1 3 2 0 3
-0.01177036290345488 0 1 2 3 0 0 0 1 3 2 3 0
0.0004307235978413078 0 1 2 3 0 0 0 1 3 2 3 3
0.011567774107753582 0 1 2 3 0 0 0 2 0 1 0 0
0.0012541535411934185 0 1 2 3 0 0 0 2 0 1 0 3
0.0012473130546637862 0 1 2 3 0 0 0 2 0 1 3 0
0.007607459196691924 0 1 2 3 0 0 0 2 1 0 0 0
0.0008726668331417852 0 1 2 3 0 0 0 2 1 0 0 3
0.0008662227058100669 0 1 2 3 0 0 0 2 1 0 3 0
0.001313415270254086 0 1 2 3 0 0 0 2 1 3 0 0
-91.26549880011314 0 1 2 3 0 0 0 2 3 1 0 0
0.011620565014311588 0 1 2 3 0 0 0 2 3 1 0 3
0.01177036290345488 0 1 2 3 0 0 0 2 3 1 3 0
-0.0004307235978413079 0 1 2 3 0 0 0 2 3 1 3 3
-0.0002985178007479033 0 1 2 3 0 0 1 0 3 2 0 0
0.0002985178007479033 0 1 2 3 0 0 2 0 3 1 0 0
0.0006575389726822638 0 1 2 3 0 0 3 1 0 2 0 0
-0.0011927415602953086 0 1 2 3 0 0 3 1 2 0 0 0
-0.011586712350133798 0 1 2 3 0 0 3 1 3 2 0 0
-0.0012559943513467098 0 1 2 3 0 0 3 1 3 2 0 3
-0.0012454138199019863 0 1 2 3 0 0 3 1 3 2 3 0
-0.0006575389726822638 0 1 2 3 0 0 3 2 0 1 0 0
0.0011927415602953086 0 1 2 3 0 0 3 2 1 0 0 0
0.011586712350133798 0 1 2 3 0 0 3 2 3 1 0 0
0.0012559943513467098 0 1 2 3 0 0 3 2 3 1 0 3
0.0012454138199019863 0 1 2 3 0 0 3 2 3 1 3 0
-0.001326962463565045 0 1 2 3 0 3 0 1 0 2 0 0
-0.0008247845957348499 0 1 2 3 0 3 0 1 2 0 0 0
-0.011620565014311586 0 1 2 3 0 3 0 1 3 2 0 0
-0.0014920040540839443 0 1 2 3 0 3 0 1 3 2 0 3
-0.001486714719929534 0 1 2 3 0 3 0 1 3 2 3 0
0.001326962463565045 0 1 2 3 0 3 0 2 0 1 0 0
0.0008247845957348499 0 1 2 3 0 3 0 2 1 0 0 0
0.011620565014311586 0 1 2 3 0 3 0 2 3 1 0 0
0.0014920040540839443 0 1 2 3 0 3 0 2 3 1 0 3
0.001486714719929534 0 1 2 3 0 3 0 2 3 1 3 0
1.724706846561089e-06 0 1 2 3 0 3 1 1 1 1 2 1
-0.0018419954776028018 0 1 2 3 0 3 1 1 2 1 1 1
-0.0018381986758208304 0 1 2 3 0 3 1 1 2 1 2 2
-2.0720949354104188e-06 0 1 2 3 0 3 1 1 2 2 2 1
0.0002976862957837672 0 1 2 3 0 3 1 2 0 0 1 1
0.0002976862957837672 0 1 2 3 0 3 1 2 0 0 2 2
8.405258804037817e-05 0 1 2 3 0 3 1 2 1 1 1 1
8.37051999515288e-05 0 1 2 3 0 3 1 2 1 1 2 2
2.072094935410445e-06 0 1 2 3 0 3 1 2 1 2 2 1
-1.724706846561063e-06 0 1 2 3 0 3 1 2 2 1 1 2
-0.0017562181827158628 0 1 2 3 0 3 1 2 2 2 1 1
-0.0017562181827158628 0 1 2 3 0 3 1 2 2 2 2 2
-0.0002976862957837672 0 1 2 3 0 3 2 1 0 0 1 1
-0.0002976862957837672 0 1 2 3 0 3 2 1 0 0 2 2
0.0017562181827158628 0 1 2 3 0 3 2 1 1 1 1 1
0.0017562181827158628 0 1 2 3 0 3 2 1 1 1 2 2
1.724706846561063e-06 0 1 2 3 0 3 2 1 1 2 2 1
-2.072094935410445e-06 0 1 2 3 0 3 2 1 2 1 1 2
-8.37051999515288e-05 0 1 2 3 0 3 2 1 2 2 1 1
-8.405258804037817e-05 0 1 2 3 0 3 2 1 2 2 2 2
2.0720949354104188e-06 0 1 2 3 0 3 2 2 1 1 1 2
0.0018381986758208304 0 1 2 3 0 3 2 2 1 2 1 1
0.0018419954776028018 0 1 2 3 0 3 2 2 1 2 2 2
-1.724706846561089e-06 0 1 2 3 0 3 2 2 2 2 1 2
-0.0013267696816803769 0 1 2 3 0 3 3 1 3 2 0 0
0.0013267696816803769 0 1 2 3 0 3 3 2 3 1 0 0
-3.0727142385111194e-05 0 1 2 3 1 1 1 0 3 1 1 2
-2.8526922173146853e-05 0 1 2 3 1 1 1 0 3 1 2 1
5.925406455825805e-05 0 1 2 3 1 1 1 0 3 2 1 1
-0.0019249085702415785 0 1 2 3 1 1 1 1 2 1 3 0
0.0002667178336455577 0 1 2 3 1 1 1 2 0 0 3 0
8.768591507795015e-05 0 1 2 3 1 1 1 2 1 1 3 0
-0.0018372226551636283 0 1 2 3 1 1 1 2 2 2 3 0
-5.925406455825805e-05 0 1 2 3 1 1 2 0 3 1 2 2
2.8526922173146853e-05 0 1 2 3 1 1 2 0 3 2 1 2
3.0727142385111194e-05 0 1 2 3 1 1 2 0 3 2 2 1
-0.0002667178336455577 0 1 2 3 1 1 2 1 0 0 3 0
0.0018372226551636283 0 1 2 3 1 1 2 1 1 1 3 0
-8.768591507795015e-05 0 1 2 3 1 1 2 1 2 2 3 0
0.0019249085702415785 0 1 2 3 1 1 2 2 1 2 3 0
-7.77254179844336e-06 0 1 2 3 1 2 0 1 3 1 2 2
0.0019252108595692852 0 1 2 3 1 2 0 1 3 2 1 2
-0.0019174383177708418 0 1 2 3 1 2 0 1 3 2 2 1
-0.0019174383177708418 0 1 2 3 1 2 0 2 3 1 1 2
0.0019252108595692852 0 1 2 3 1 2 0 2 3 1 2 1
-7.77254179844336e-06 0 1 2 3 1 2 0 2 3 2 1 1
-3.2099574756506604e-06 0 1 2 3 2 1 0 0 0 0 3 0
-3.223039939758227e-07 0 1 2 3 2 1 0 0 1 1 3 0
-3.223039939758227e-07 0 1 2 3 2 1 0 0 2 2 3 0
-5.149852918969382e-06 0 1 2 3 2 1 0 1 3 1 2 2
-0.0019174383177708416 0 1 2 3 2 1 0 1 3 2 1 2
0.0019225881706898113 0 1 2 3 2 1 0 1 3 2 2 1
0.0019225881706898113 0 1 2 3 2 1 0 2 3 1 1 2
-0.0019174383177708416 0 1 2 3 2 1 0 2 3 1 2 1
-5.149852918969382e-06 0 1 2 3 2 1 0 2 3 2 1 1
-3.2316769224536313e-06 0 1 2 3 2 1 0 3 0 0 0 0
-2.838167385772447e-05 0 1 2 3 2 1 0 3 0 0 3 0
-3.255718473712429e-06 0 1 2 3 2 1 0 3 0 0 3 3
-3.5613412531194877e-06 0 1 2 3 2 1 0 3 0 3 3 0
2.9566039796893243e-05 0 1 2 3 2 1 0 3 1 1 0 0
-3.163765087645095e-05 0 1 2 3 2 1 0 3 1 1 3 3
2.9566039796893243e-05 0 1 2 3 2 1 0 3 2 2 0 0
-3.163765087645095e-05 0 1 2 3 2 1 0 3 2 2 3 3
-3.2110530945514218e-06 0 1 2 3 2 1 0 3 3 0 3 0
-3.5596756598263356e-06 0 1 2 3 2 1 3 3 0 0 3 0
3.223039939758261e-07 0 1 2 3 2 1 3 3 1 1 3 0
3.223039939758261e-07 0 1 2 3 2 1 3 3 2 2 3 0
-0.0019264595830437146 0 1 2 3 2 2 1 1 2 1 3 0
0.0002675199177843637 0 1 2 3 2 2 1 2 0 0 3 0
8.775734430493842e-05 0 1 2 3 2 2 1 2 1 1 3 0
-0.0018387022387387761 0 1 2 3 2 2 1 2 2 2 3 0
-0.0002675199177843637 0 1 2 3 2 2 2 1 0 0 3 0
0.0018387022387387761 0 1 2 3 2 2 2 1 1 1 3 0
-8.775734430493842e-05 0 1 2 3 2 2 2 1 2 2 3 0
0.0019264595830437146 0 1 2 3 2 2 2 2 1 2 3 0
-0.001317163632264401 0 1 2 3 3 0 0 1 0 2 0 0
-0.0008202860014785161 0 1 2 3 3 0 0 1 2 0 0 0
-0.011770362903454876 0 1 2 3 3 0 0 1 3 2 0 0
-0.001486714719929534 0 1 2 3 3 0 0 1 3 2 0 3
-0.0014721674467381182 0 1 2 3 3 0 0 1 3 2 3 0
0.001317163632264401 0 1 2 3 3 0 0 2 0 1 0 0
0.0008202860014785161 0 1 2 3 3 0 0 2 1 0 0 0
0.011770362903454876 0 1 2 3 3 0 0 2 3 1 0 0
0.001486714719929534 0 1 2 3 3 0 0 2 3 1 0 3
0.0014721674467381182 0 1 2 3 3 0 0 2 3 1 3 0
-0.0013169505428493684 0 1 2 3 3 0 3 1 3 2 0 0
0.0013169505428493684 0 1 2 3 3 0 3 2 3 1 0 0
0.00043072359784130737 0 1 2 3 3 3 0 1 3 2 0 0
-0.00043072359784130737 0 1 2 3 3 3 0 2 3 1 0 0
0.001069182081225546 0 1 3 0 0 1 0 0 1 0 1 0
0.0001739895326012073 0 1 3 0 0 1 0 0 1 0 1 3
0.00011419384319015245 0 1 3 0 0 1 0 0 1 3 1 0
0.001069182081225546 0 1 3 0 0 1 0 0 2 0 2 0
0.00017398953260120727 0 1 3 0 0 1 0 0 2 0 2 3
0.00011419384319015245 0 1 3 0 0 1 0 0 2 3 2 0
0.0009630961953917515 0 1 3 0 0 1 0 0 3 1 1 0
0.0009630961953917515 0 1 3 0 0 1 0 0 3 2 2 0
0.0005539651399867364 0 1 3 0 0 1 0 3 0 1 1 0
0.0005539651399867364 0 1 3 0 0 1 0 3 0 2 2 0
-8.422337876483288 0 1 3 0 0 1 0 3 1 0 1 0
0.0010723058889845526 0 1 3 0 0 1 0 3 1 0 1 3
0.00106743452516384 0 1 3 0 0 1 0 3 1 3 1 0
0.00011572898789828797 0 1 3 0 0 1 0 3 1 3 1 3
-8.422337876483288 0 1 3 0 0 1 0 3 2 0 2 0
0.0010723058889845526 0 1 3 0 0 1 0 3 2 0 2 3
0.00106743452516384 0 1 3 0 0 1 0 3 2 3 2 0
0.00011572898789828797 0 1 3 0 0 1 0 3 2 3 2 3
0.004896355640562409 0 1 3 0 0 1 0 3 3 1 1 0
0.0008657896461007645 0 1 3 0 0 1 0 3 3 1 1 3
0.004896355640562409 0 1 3 0 0 1 0 3 3 2 2 0
0.0008657896461007645 0 1 3 0 0 1 0 3 3 2 2 3
-6.371617659741396e-05 0 1 3 0 0 1 1 0 0 0 3 1
-7.280892237162665e-05 0 1 3 0 0 1 1 0 3 0 0 1
1.3038036447544647e-05 0 1 3 0 0 1 1 3 0 0 0 1
-6.371617659741396e-05 0 1 3 0 0 1 2 0 0 0 3 2
-7.280892237162665e-05 0 1 3 0 0 1 2 0 3 0 0 2
1.3038036447544647e-05 0 1 3 0 0 1 2 3 0 0 0 2
0.00011411982266634813 0 1 3 0 0 1 3 0 1 0 1 0
0.00011411982266634813 0 1 3 0 0 1 3 0 2 0 2 0
0.0010691820812255533 0 1 3 0 0 1 3 3 1 0 1 0
0.00011589885154652236 0 1 3 0 0 1 3 3 1 0 1 3
5.594789906225463e-05 0 1 3 0 0 1 3 3 1 3 1 0
0.0010691820812255533 0 1 3 0 0 1 3 3 2 0 2 0
0.00011589885154652236 0 1 3 0 0 1 3 3 2 0 2 3
5.594789906225463e-05 0 1 3 0 0 1 3 3 2 3 2 0
0.0005717676909042009 0 1 3 0 0 1 3 3 3 1 1 0
0.0005717676909042009 0 1 3 0 0 1 3 3 3 2 2 0
-0.005084271604237122 0 1 3 0 0 2 0 1 0 0 0 2
-0.0005928106652298755 0 1 3 0 0 2 0 1 0 0 3 2
-0.0005752256244704276 0 1 3 0 0 2 0 1 0 3 0 2
-0.0006858582178583367 0 1 3 0 0 2 0 1 3 0 0 2
0.005084271604237122 0 1 3 0 0 2 0 2 0 0 0 1
0.0005928106652298755 0 1 3 0 0 2 0 2 0 0 3 1
0.0005752256244704276 0 1 3 0 0 2 0 2 0 3 0 1
0.0006858582178583367 0 1 3 0 0 2 0 2 3 0 0 1
-6.524966552718699e-05 0 1 3 0 0 2 0 3 1 0 2 0
6.524966552718699e-05 0 1 3 0 0 2 0 3 2 0 1 0
-0.00026487071682517816 0 1 3 0 0 2 1 1 1 0 2 3
-0.0002675779561274229 0 1 3 0 0 2 1 1 1 3 2 0
-6.706325656065021e-06 0 1 3 0 0 2 1 1 3 1 2 0
0.00026566724624316223 0 1 3 0 0 2 1 2 1 0 1 3
0.0002673769641871432 0 1 3 0 0 2 1 2 1 3 1 0
7.965294179840852e-07 0 1 3 0 0 2 1 2 2 0 2 3
-2.009919402796592e-07 0 1 3 0 0 2 1 2 2 3 2 0
-8.252787345614044e-05 0 1 3 0 0 2 1 2 3 1 1 0
-8.923419911220548e-05 0 1 3 0 0 2 1 2 3 2 2 0
-7.965294179840852e-07 0 1 3 0 0 2 2 1 1 0 1 3
2.009919402796592e-07 0 1 3 0 0 2 2 1 1 3 1 0
-0.00026566724624316223 0 1 3 0 0 2 2 1 2 0 2 3
-0.0002673769641871432 0 1 3 0 0 2 2 1 2 3 2 0
8.923419911220548e-05 0 1 3 0 0 2 2 1 3 1 1 0
8.252787345614044e-05 0 1 3 0 0 2 2 1 3 2 2 0
0.00026487071682517816 0 1 3 0 0 2 2 2 2 0 1 3
0.0002675779561274229 0 1 3 0 0 2 2 2 2 3 1 0
6.706325656065021e-06 0 1 3 0 0 2 2 2 3 2 1 0
-0.0006348352381727494 0 1 3 0 0 2 3 1 0 0 0 2
0.0006348352381727494 0 1 3 0 0 2 3 2 0 0 0 1
-6.20659256289909e-05 0 1 3 0 1 0 1 0 0 0 1 3
-6.98505776006151e-05 0 1 3 0 1 0 1 0 3 0 1 0
-0.0002956247112371958 0 1 3 0 1 0 1 1 1 0 3 1
-0.0002956247112371958 0 1 3 0 1 0 1 2 1 0 3 2
1.3178298098062009e-05 0 1 3 0 1 0 1 3 0 0 1 0
-6.20659256289909e-05 0 1 3 0 1 0 2 0 0 0 2 3
-6.98505776006151e-05 0 1 3 0 1 0 2 0 3 0 2 0
-0.0002956247112371958 0 1 3 0 1 0 2 1 2 0 3 1
-0.0002956247112371958 0 1 3 0 1 0 2 2 2 0 3 2
1.3178298098062009e-05 0 1 3 0 1 0 2 3 0 0 2 0
-6.527684369117927e-05 0 1 3 0 1 3 0 3 1 0 3 1
-6.527684369117927e-05 0 1 3 0 1 3 0 3 2 0 3 2
-5.691607271002154e-05 0 1 3 0 1 3 1 0 0 0 1 0
-0.0002685252629848999 0 1 3 0 1 3 1 1 1 0 0 1
-0.00027469250048897 0 1 3 0 1 3 1 1 1 3 3 1
-6.53263161164032e-06 0 1 3 0 1 3 1 1 3 1 3 1
-0.0002677201645978612 0 1 3 0 1 3 1 2 1 0 0 2
-0.0002744861644385247 0 1 3 0 1 3 1 2 1 3 3 2
-8.050983870387101e-07 0 1 3 0 1 3 1 2 2 0 0 1
-2.0633605044526928e-07 0 1 3 0 1 3 1 2 2 3 3 1
8.104945492865549e-05 0 1 3 0 1 3 1 2 3 1 3 2
-8.758208654029579e-05 0 1 3 0 1 3 1 2 3 2 3 1
-5.691607271002154e-05 0 1 3 0 1 3 2 0 0 0 2 0
-8.050983870387101e-07 0 1 3 0 1 3 2 1 1 0 0 2
-2.0633605044526928e-07 0 1 3 0 1 3 2 1 1 3 3 2
-0.0002677201645978612 0 1 3 0 1 3 2 1 2 0 0 1
-0.0002744861644385247 0 1 3 0 1 3 2 1 2 3 3 1
-8.758208654029579e-05 0 1 3 0 1 3 2 1 3 1 3 2
8.104945492865549e-05 0 1 3 0 1 3 2 1 3 2 3 1
-0.0002685252629848999 0 1 3 0 1 3 2 2 2 0 0 2
-0.00027469250048897 0 1 3 0 1 3 2 2 2 3 3 2
-6.53263161164032e-06 0 1 3 0 1 3 2 2 3 2 3 2
0.0001901329394972635 0 1 3 0 2 0 0 0 1 0 3 2
-0.0001901329394972635 0 1 3 0 2 0 0 0 2 0 3 1
-0.005138967595443923 0 1 3 0 2 0 0 1 0 0 2 0
-0.0006030319724230347 0 1 3 0 2 0 0 1 0 0 2 3
-0.0005814138335487431 0 1 3 0 2 0 0 1 0 3 2 0
-0.0006907759547522113 0 1 3 0 2 0 0 1 3 0 2 0
0.005138967595443923 0 1 3 0 2 0 0 2 0 0 1 0
0.0006030319724230347 0 1 3 0 2 0 0 2 0 0 1 3
0.0005814138335487431 0 1 3 0 2 0 0 2 0 3 1 0
0.0006907759547522113 0 1 3 0 2 0 0 2 3 0 1 0
0.00021513619988174353 0 1 3 0 2 0 0 3 1 0 0 2
0.0011008170859708082 0 1 3 0 2 0 0 3 1 0 3 2
0.00012570326404398631 0 1 3 0 2 0 0 3 1 3 3 2
-0.00021513619988174353 0 1 3 0 2 0 0 3 2 0 0 1
-0.0011008170859708082 0 1 3 0 2 0 0 3 2 0 3 1
-0.00012570326404398631 0 1 3 0 2 0 0 3 2 3 3 1
0.0008166290109346505 0 1 3 0 2 0 0 3 3 1 3 2
-0.0008166290109346505 0 1 3 0 2 0 0 3 3 2 3 1
-0.0006416647204088925 0 1 3 0 2 0 3 1 0 0 2 0
0.0006416647204088925 0 1 3 0 2 0 3 2 0 0 1 0
0.00012568500180008954 0 1 3 0 2 0 3 3 1 0 3 2
-0.00012568500180008954 0 1 3 0 2 0 3 3 2 0 3 1
0.00017616721934467398 0 1 3 0 2 3 0 0 1 0 0 2
0.0010976102202902899 0 1 3 0 2 3 0 0 1 0 3 2
0.00011723010662137843 0 1 3 0 2 3 0 0 1 3 3 2
-0.000176167219344674 0 1 3 0 2 3 0 0 2 0 0 1
-0.0010976102202902899 0 1 3 0 2 3 0 0 2 0 3 1
-0.00011723010662137843 0 1 3 0 2 3 0 0 2 3 3 1
0.0009702420788176066 0 1 3 0 2 3 0 0 3 1 3 2
-0.0009702420788176066 0 1 3 0 2 3 0 0 3 2 3 1
-0.0005695640112591044 0 1 3 0 2 3 0 1 0 0 2 0
0.0005695640112591044 0 1 3 0 2 3 0 2 0 0 1 0
0.0005686943412267273 0 1 3 0 2 3 0 3 0 1 3 2
-0.0005686943412267273 0 1 3 0 2 3 0 3 0 2 3 1
0.0011150074524123896 0 1 3 0 2 3 0 3 1 0 0 2
-8.646275281423717 0 1 3 0 2 3 0 3 1 0 3 2
0.0001181580689439203 0 1 3 0 2 3 0 3 1 3 0 2
0.0010958161990215643 0 1 3 0 2 3 0 3 1 3 3 2
-0.0011150074524123896 0 1 3 0 2 3 0 3 2 0 0 1
8.646275281423717 0 1 3 0 2 3 0 3 2 0 3 1
-0.0001181580689439203 0 1 3 0 2 3 0 3 2 3 0 1
-0.0010958161990215643 0 1 3 0 2 3 0 3 2 3 3 1
0.0008641089985872354 0 1 3 0 2 3 0 3 3 1 0 2
0.005026543268567549 0 1 3 0 2 3 0 3 3 1 3 2
-0.0008641089985872354 0 1 3 0 2 3 0 3 3 2 0 1
-0.005026543268567549 0 1 3 0 2 3 0 3 3 2 3 1
0.00011715411798963317 0 1 3 0 2 3 3 0 1 0 3 2
-0.00011715411798963317 0 1 3 0 2 3 3 0 2 0 3 1
0.00011797815427768125 0 1 3 0 2 3 3 3 1 0 0 2
0.0010976102202902975 0 1 3 0 2 3 3 3 1 0 3 2
5.743547978667054e-05 0 1 3 0 2 3 3 3 1 3 3 2
-0.00011797815427768125 0 1 3 0 2 3 3 3 2 0 0 1
-0.0010976102202902975 0 1 3 0 2 3 3 3 2 0 3 1
-5.743547978667054e-05 0 1 3 0 2 3 3 3 2 3 3 1
0.0005861695625119607 0 1 3 0 2 3 3 3 3 1 3 2
-0.0005861695625119607 0 1 3 0 2 3 3 3 3 2 3 1
0.00018666494083160743 0 1 3 0 3 1 0 0 1 0 1 0
0.00018666494083160743 0 1 3 0 3 1 0 0 2 0 2 0
0.0010861287244910858 0 1 3 0 3 1 0 3 1 0 1 0
0.00021349615993467908 0 1 3 0 3 1 0 3 1 0 1 3
0.00012154334302109436 0 1 3 0 3 1 0 3 1 3 1 0
0.0010861287244910858 0 1 3 0 3 1 0 3 2 0 2 0
0.00021349615993467908 0 1 3 0 3 1 0 3 2 0 2 3
0.00012154334302109436 0 1 3 0 3 1 0 3 2 3 2 0
0.0007909392375472246 0 1 3 0 3 1 0 3 3 1 1 0
0.0007909392375472246 0 1 3 0 3 1 0 3 3 2 2 0
-5.5943634798970574e-05 0 1 3 0 3 1 1 0 0 0 0 1
-5.5943634798970574e-05 0 1 3 0 3 1 2 0 0 0 0 2
0.00012152367986062504 0 1 3 0 3 1 3 3 1 0 1 0
0.00012152367986062504 0 1 3 0 3 1 3 3 2 0 2 0
-0.0005604154579171144 0 1 3 0 3 2 0 1 0 0 0 2
0.0005604154579171144 0 1 3 0 3 2 0 2 0 0 0 1
-0.00029880500683605166 0 1 3 0 3 2 1 1 1 0 2 0
0.00029880500683605166 0 1 3 0 3 2 1 2 1 0 1 0
-0.00029880500683605166 0 1 3 0 3 2 2 1 2 0 2 0
0.00029880500683605166 0 1 3 0 3 2 2 2 2 0 1 0
-0.005572598902459755 0 1 3 1 0 0 0 0 3 0 1 1
-0.005572598902459755 0 1 3 1 0 0 0 0 3 0 2 2
-0.01156777410775358 0 1 3 1 0 0 0 1 1 0 0 0
-0.001326962463565045 0 1 3 1 0 0 0 1 1 0 0 3
-0.001317163632264401 0 1 3 1 0 0 0 1 1 0 3 0
-0.0013801428410319541 0 1 3 1 0 0 0 1 1 3 0 0
-0.01156777410775358 0 1 3 1 0 0 0 2 2 0 0 0
-0.001326962463565045 0 1 3 1 0 0 0 2 2 0 0 3
-0.001317163632264401 0 1 3 1 0 0 0 2 2 0 3 0
-0.0013801428410319541 0 1 3 1 0 0 0 2 2 3 0 0
-0.005542650147510672 0 1 3 1 0 0 0 3 0 0 1 1
-0.005542650147510672 0 1 3 1 0 0 0 3 0 0 2 2
-0.04853846899157165 0 1 3 1 0 0 0 3 3 0 1 1
-0.04853846899157165 0 1 3 1 0 0 0 3 3 0 2 2
-0.005573468382239053 0 1 3 1 0 0 0 3 3 3 1 1
-0.005573468382239053 0 1 3 1 0 0 0 3 3 3 2 2
0.011567774107753555 0 1 3 1 0 0 1 0 0 1 0 0
0.0013269624635650421 0 1 3 1 0 0 1 0 0 1 0 3
0.0013171636322643983 0 1 3 1 0 0 1 0 0 1 3 0
0.0013801428410319502 0 1 3 1 0 0 1 0 3 1 0 0
0.0014056631026662166 0 1 3 1 0 0 1 3 0 1 0 0
0.011567774107753555 0 1 3 1 0 0 2 0 0 2 0 0
0.0013269624635650421 0 1 3 1 0 0 2 0 0 2 0 3
0.0013171636322643983 0 1 3 1 0 0 2 0 0 2 3 0
0.0013801428410319502 0 1 3 1 0 0 2 0 3 2 0 0
0.0014056631026662166 0 1 3 1 0 0 2 3 0 2 0 0
-0.0014056631026662203 0 1 3 1 0 0 3 1 1 0 0 0
-0.0014056631026662203 0 1 3 1 0 0 3 2 2 0 0 0
-0.005541844908047739 0 1 3 1 0 0 3 3 3 0 1 1
-0.005541844908047739 0 1 3 1 0 0 3 3 3 0 2 2
-0.004786270431471036 0 1 3 1 0 3 0 0 0 0 1 1
-0.004786270431471036 0 1 3 1 0 3 0 0 0 0 2 2
-0.0483970682517233 0 1 3 1 0 3 0 0 3 0 1 1
-0.0483970682517233 0 1 3 1 0 3 0 0 3 0 2 2
0.0034154805715265854 0 1 3 1 0 3 0 0 3 3 1 1
0.0034154805715265854 0 1 3 1 0 3 0 0 3 3 2 2
-0.0012541535411934185 0 1 3 1 0 3 0 1 1 0 0 0
-0.0012541535411934185 0 1 3 1 0 3 0 2 2 0 0 0
-0.04831796424177275 0 1 3 1 0 3 0 3 0 0 1 1
-0.04831796424177275 0 1 3 1 0 3 0 3 0 0 2 2
-0.0051684387600360706 0 1 3 1 0 3 0 3 0 3 1 1
-0.0051684387600360706 0 1 3 1 0 3 0 3 0 3 2 2
381.2080674974274 0 1 3 1 0 3 0 3 3 0 1 1
381.20806749742735 0 1 3 1 0 3 0 3 3 0 2 2
-0.048317964241772864 0 1 3 1 0 3 0 3 3 3 1 1
-0.048317964241772864 0 1 3 1 0 3 0 3 3 3 2 2
0.0012541535411934159 0 1 3 1 0 3 1 0 0 1 0 0
-0.008449291018825364 0 1 3 1 0 3 1 1 1 1 1 1
-0.00843187496998771 0 1 3 1 0 3 1 1 1 1 2 2
-7.911284390187507e-06 0 1 3 1 0 3 1 1 1 2 2 1
-9.504764447468543e-06 0 1 3 1 0 3 1 1 2 1 2 1
-7.911284390187497e-06 0 1 3 1 0 3 1 2 1 1 1 2
-0.008056624617320911 0 1 3 1 0 3 1 2 1 2 1 1
-0.00805503113726363 0 1 3 1 0 3 1 2 1 2 2 2
-0.0003847551171142666 0 1 3 1 0 3 1 2 2 1 1 1
-0.0003847551171142666 0 1 3 1 0 3 1 2 2 1 2 2
-9.504764447468555e-06 0 1 3 1 0 3 1 2 2 2 2 1
0.0012541535411934159 0 1 3 1 0 3 2 0 0 2 0 0
-9.504764447468555e-06 0 1 3 1 0 3 2 1 1 1 1 2
-0.0003847551171142666 0 1 3 1 0 3 2 1 1 2 1 1
-0.0003847551171142666 0 1 3 1 0 3 2 1 1 2 2 2
-0.00805503113726363 0 1 3 1 0 3 2 1 2 1 1 1
-0.008056624617320911 0 1 3 1 0 3 2 1 2 1 2 2
-7.911284390187497e-06 0 1 3 1 0 3 2 1 2 2 2 1
-9.504764447468543e-06 0 1 3 1 0 3 2 2 1 2 1 2
-7.911284390187507e-06 0 1 3 1 0 3 2 2 2 1 1 2
-0.00843187496998771 0 1 3 1 0 3 2 2 2 2 1 1
-0.008449291018825364 0 1 3 1 0 3 2 2 2 2 2 2
-0.005165691553796915 0 1 3 1 0 3 3 0 3 0 1 1
-0.005165691553796915 0 1 3 1 0 3 3 0 3 0 2 2
0.0023541240858873484 0 1 3 1 0 3 3 3 0 0 1 1
0.0023541240858873484 0 1 3 1 0 3 3 3 0 0 2 2
-0.048397068251723636 0 1 3 1 0 3 3 3 3 0 1 1
-0.048397068251723636 0 1 3 1 0 3 3 3 3 0 2 2
-0.004786270431471042 0 1 3 1 0 3 3 3 3 3 1 1
-0.004786270431471042 0 1 3 1 0 3 3 3 3 3 2 2
-0.0042444681266259575 0 1 3 1 1 1 0 0 0 0 3 0
-0.0046748727050327935 0 1 3 1 1 1 0 0 3 0 0 0
-0.0434926965167043 0 1 3 1 1 1 0 0 3 0 3 0
-0.0047745034602873345 0 1 3 1 1 1 0 0 3 0 3 3
0.004378576766918338 0 1 3 1 1 1 0 0 3 3 3 0
-0.004682001805903932 0 1 3 1 1 1 0 3 0 0 0 0
-0.043421608601210346 0 1 3 1 1 1 0 3 0 0 3 0
-0.004707678736138285 0 1 3 1 1 1 0 3 0 0 3 3
-0.004644689163530398 0 1 3 1 1 1 0 3 0 3 3 0
-0.04418206012040418 0 1 3 1 1 1 0 3 3 0 0 0
0.0042726652221192615 0 1 3 1 1 1 0 3 3 0 0 3
342.5742401153183 0 1 3 1 1 1 0 3 3 0 3 0
-0.04361976825240274 0 1 3 1 1 1 0 3 3 0 3 3
-0.004741133885497718 0 1 3 1 1 1 0 3 3 3 0 0
-0.04342160860121044 0 1 3 1 1 1 0 3 3 3 3 0
-0.004707678736138288 0 1 3 1 1 1 0 3 3 3 3 3
-0.008829615974827737 0 1 3 1 1 1 1 1 1 1 3 0
-0.008427397932626132 0 1 3 1 1 1 1 2 1 2 3 0
-0.00040221804220160503 0 1 3 1 1 1 1 2 2 1 3 0
-0.00040221804220160503 0 1 3 1 1 1 2 1 1 2 3 0
-0.008427397932626132 0 1 3 1 1 1 2 1 2 1 3 0
-0.008829615974827737 0 1 3 1 1 1 2 2 2 2 3 0
-0.004642220348547496 0 1 3 1 1 1 3 0 3 0 3 0
0.0031957652569853247 0 1 3 1 1 1 3 3 0 0 3 0
-0.004674872705032795 0 1 3 1 1 1 3 3 3 0 0 0
-0.0434926965167046 0 1 3 1 1 1 3 3 3 0 3 0
-0.00471458853029927 0 1 3 1 1 1 3 3 3 0 3 3
-0.004244468126625964 0 1 3 1 1 1 3 3 3 3 3 0
1.478418527484955e-06 0 1 3 1 1 2 1 2 0 0 3 0
-6.776679687937098e-06 0 1 3 1 1 2 1 2 3 0 0 0
6.530904772543319e-06 0 1 3 1 1 2 1 2 3 0 3 3
-1.4784185274849502e-06 0 1 3 1 1 2 1 2 3 3 3 0
-1.478418527484955e-06 0 1 3 1 1 2 2 1 0 0 3 0
6.776679687937098e-06 0 1 3 1 1 2 2 1 3 0 0 0
-6.530904772543319e-06 0 1 3 1 1 2 2 1 3 0 3 3
1.4784185274849502e-06 0 1 3 1 1 2 2 1 3 3 3 0
-1.478418527484944e-06 0 1 3 1 2 1 0 0 1 2 3 0
1.478418527484944e-06 0 1 3 1 2 1 0 0 2 1 3 0
6.4455717616024565e-06 0 1 3 1 2 1 0 3 1 2 0 0
-6.897195244732009e-06 0 1 3 1 2 1 0 3 1 2 3 3
-6.4455717616024565e-06 0 1 3 1 2 1 0 3 2 1 0 0
6.897195244732009e-06 0 1 3 1 2 1 0 3 2 1 3 3
1.4784185274849597e-06 0 1 3 1 2 1 3 3 1 2 3 0
-1.4784185274849597e-06 0 1 3 1 2 1 3 3 2 1 3 0
-0.004230862995046839 0 1 3 1 2 2 0 0 0 0 3 0
-0.00472302608269098 0 1 3 1 2 2 0 0 3 0 0 0
-0.043362295751337473 0 1 3 1 2 2 0 0 3 0 3 0
-0.004700453146614686 0 1 3 1 2 2 0 0 3 0 3 3
0.004385722650344192 0 1 3 1 2 2 0 0 3 3 3 0
-0.004667964124457709 0 1 3 1 2 2 0 3 0 0 0 0
-0.043291420973205215 0 1 3 1 2 2 0 3 0 0 3 0
-0.004693564069551498 0 1 3 1 2 2 0 3 0 0 3 3
-0.00463076335367442 0 1 3 1 2 2 0 3 0 3 3 0
-0.04404959248982232 0 1 3 1 2 2 0 3 3 0 0 0
0.004280188136786392 0 1 3 1 2 2 0 3 3 0 0 3
341.54703234107984 0 1 3 1 2 2 0 3 3 0 3 0
-0.043488986497745324 0 1 3 1 2 2 0 3 3 0 3 3
-0.004667964124457709 0 1 3 1 2 2 0 3 3 3 0 0
-0.04329142097320531 0 1 3 1 2 2 0 3 3 3 3 0
-0.004756839371304404 0 1 3 1 2 2 0 3 3 3 3 3
-0.008836730519189283 0 1 3 1 2 2 1 1 1 1 3 0
-0.008434184828883537 0 1 3 1 2 2 1 2 1 2 3 0
-0.0004025456903057464 0 1 3 1 2 2 1 2 2 1 3 0
-0.0004025456903057464 0 1 3 1 2 2 2 1 1 2 3 0
-0.008434184828883537 0 1 3 1 2 2 2 1 2 1 3 0
-0.008836730519189283 0 1 3 1 2 2 2 2 2 2 3 0
-0.0046283019407472445 0 1 3 1 2 2 3 0 3 0 3 0
0.0032029111404111785 0 1 3 1 2 2 3 3 0 0 3 0
-0.004660856398214601 0 1 3 1 2 2 3 3 3 0 0 0
-0.04336229575133777 0 1 3 1 2 2 3 3 3 0 3 0
-0.004700453146614688 0 1 3 1 2 2 3 3 3 0 3 3
-0.004230862995046845 0 1 3 1 2 2 3 3 3 3 3 0
-0.0012473130546637862 0 1 3 1 3 0 0 1 1 0 0 0
-0.0012473130546637862 0 1 3 1 3 0 0 2 2 0 0 0
0.0032933516414814885 0 1 3 1 3 0 0 3 3 0 1 1
0.0032933516414814885 0 1 3 1 3 0 0 3 3 0 2 2
0.0012473130546637836 0 1 3 1 3 0 1 0 0 1 0 0
0.0012473130546637836 0 1 3 1 3 0 2 0 0 2 0 0
-0.0055311106422456695 0 1 3 1 3 3 0 0 3 0 1 1
-0.0055311106422456695 0 1 3 1 3 3 0 0 3 0 2 2
-0.005501720961308953 0 1 3 1 3 3 0 3 0 0 1 1
-0.005501720961308953 0 1 3 1 3 3 0 3 0 0 2 2
-0.0491641666395113 0 1 3 1 3 3 0 3 3 0 1 1
-0.0491641666395113 0 1 3 1 3 3 0 3 3 0 2 2
-0.005532073123044944 0 1 3 1 3 3 0 3 3 3 1 1
-0.005532073123044944 0 1 3 1 3 3 0 3 3 3 2 2
-0.005500830898394519 0 1 3 1 3 3 3 3 3 0 1 1
-0.005500830898394519 0 1 3 1 3 3 3 3 3 0 2 2
-0.05814735852411345 0 1 3 2 0 0 0 1 0 2 0 0
-0.006670199590536573 0 1 3 2 0 0 0 1 0 2 0 3
-0.006620944119998474 0 1 3 2 0 0 0 1 0 2 3 0
-0.007343294449556465 0 1 3 2 0 0 0 1 3 2 0 0
0.05814735852411345 0 1 3 2 0 0 0 2 0 1 0 0
0.006670199590536573 0 1 3 2 0 0 0 2 0 1 0 3
0.006620944119998474 0 1 3 2 0 0 0 2 0 1 3 0
0.007343294449556465 0 1 3 2 0 0 0 2 3 1 0 0
6.718557671985944e-06 0 1 3 2 0 0 0 3 1 1 1 2
-6.718557671985944e-06 0 1 3 2 0 0 0 3 1 2 1 1
6.718557671985944e-06 0 1 3 2 0 0 0 3 2 1 2 2
-6.718557671985944e-06 0 1 3 2 0 0 0 3 2 2 2 1
-0.047976126647133945 0 1 3 2 0 0 1 0 2 0 0 0
-0.00550343727453306 0 1 3 2 0 0 1 0 2 0 0 3
-0.005462797652156748 0 1 3 2 0 0 1 0 2 0 3 0
-0.00544375642941169 0 1 3 2 0 0 1 0 2 3 0 0
6.704552902597698e-06 0 1 3 2 0 0 1 1 3 0 2 1
6.704552902597698e-06 0 1 3 2 0 0 1 2 3 0 2 2
-0.005436192420189168 0 1 3 2 0 0 1 3 2 0 0 0
0.047976126647133945 0 1 3 2 0 0 2 0 1 0 0 0
0.00550343727453306 0 1 3 2 0 0 2 0 1 0 0 3
0.005462797652156748 0 1 3 2 0 0 2 0 1 0 3 0
0.00544375642941169 0 1 3 2 0 0 2 0 1 3 0 0
-6.704552902597698e-06 0 1 3 2 0 0 2 1 3 0 1 1
-6.704552902597698e-06 0 1 3 2 0 0 2 2 3 0 1 2
0.005436192420189168 0 1 3 2 0 0 2 3 1 0 0 0
-0.00733411941183929 0 1 3 2 0 0 3 1 0 2 0 0
0.00733411941183929 0 1 3 2 0 0 3 2 0 1 0 0
-1.7369404442467576e-07 0 1 3 2 0 3 0 0 1 1 1 2
0.0018137181325708893 0 1 3 2 0 3 0 0 1 2 1 1
0.0018135444385264645 0 1 3 2 0 3 0 0 1 2 2 2
-0.0018135444385264645 0 1 3 2 0 3 0 0 2 1 1 1
-0.0018137181325708893 0 1 3 2 0 3 0 0 2 1 2 2
1.7369404442467576e-07 0 1 3 2 0 3 0 0 2 2 2 1
-0.00630421331924004 0 1 3 2 0 3 0 1 0 2 0 0
0.00630421331924004 0 1 3 2 0 3 0 2 0 1 0 0
-9.300101997799376e-08 0 1 3 2 0 3 0 3 3 0 1 2
9.300101997799376e-08 0 1 3 2 0 3 0 3 3 0 2 1
-0.005201469925568218 0 1 3 2 0 3 1 0 2 0 0 0
-1.7369404442469853e-07 0 1 3 2 0 3 1 1 0 0 2 1
1.7369404442472828e-07 0 1 3 2 0 3 1 1 3 3 2 1
0.001698027133035191 0 1 3 2 0 3 1 2 0 0 1 1
0.0016978534389907663 0 1 3 2 0 3 1 2 0 0 2 2
-0.0018137181325708898 0 1 3 2 0 3 1 2 3 3 1 1
-0.001813544438526465 0 1 3 2 0 3 1 2 3 3 2 2
0.005201469925568218 0 1 3 2 0 3 2 0 1 0 0 0
-0.0016978534389907663 0 1 3 2 0 3 2 1 0 0 1 1
-0.001698027133035191 0 1 3 2 0 3 2 1 0 0 2 2
0.001813544438526465 0 1 3 2 0 3 2 1 3 3 1 1
0.0018137181325708898 0 1 3 2 0 3 2 1 3 3 2 2
1.7369404442469853e-07 0 1 3 2 0 3 2 2 0 0 1 2
-1.7369404442472828e-07 0 1 3 2 0 3 2 2 3 3 1 2
1.7369404442465438e-07 0 1 3 2 0 3 3 3 1 1 1 2
-0.0016980271330351913 0 1 3 2 0 3 3 3 1 2 1 1
-0.0016978534389907663 0 1 3 2 0 3 3 3 1 2 2 2
0.0016978534389907663 0 1 3 2 0 3 3 3 2 1 1 1
0.0016980271330351913 0 1 3 2 0 3 3 3 2 1 2 2
-1.7369404442465438e-07 0 1 3 2 0 3 3 3 2 2 2 1
0.0019027786376386705 0 1 3 2 1 1 0 0 1 2 3 0
-0.0019027786376386705 0 1 3 2 1 1 0 0 2 1 3 0
-6.4455717616024565e-06 0 1 3 2 1 1 0 3 1 2 0 0
6.4455717616024565e-06 0 1 3 2 1 1 0 3 2 1 0 0
0.0017723702623077817 0 1 3 2 1 1 1 2 0 0 3 0
6.776679687937098e-06 0 1 3 2 1 1 1 2 3 0 0 0
-0.0019013002191111859 0 1 3 2 1 1 1 2 3 3 3 0
-0.0017723702623077817 0 1 3 2 1 1 2 1 0 0 3 0
-6.776679687937098e-06 0 1 3 2 1 1 2 1 3 0 0 0
0.0019013002191111859 0 1 3 2 1 1 2 1 3 3 3 0
-0.001773848680835266 0 1 3 2 1 1 3 3 1 2 3 0
0.001773848680835266 0 1 3 2 1 1 3 3 2 1 3 0
-2.1766811048922991e-07 0 1 3 2 1 2 0 3 3 0 3 0
7.1145443615470364e-06 0 1 3 2 1 2 1 1 1 1 3 0
6.786896257405604e-06 0 1 3 2 1 2 1 2 1 2 3 0
3.2764810414143206e-07 0 1 3 2 1 2 1 2 2 1 3 0
3.2764810414143206e-07 0 1 3 2 1 2 2 1 1 2 3 0
6.786896257405604e-06 0 1 3 2 1 2 2 1 2 1 3 0
7.1145443615470364e-06 0 1 3 2 1 2 2 2 2 2 3 0
-1.3605131579119327e-05 0 1 3 2 2 1 0 0 0 0 3 0
4.815337765818479e-05 0 1 3 2 2 1 0 0 3 0 0 0
-0.00013040076536683761 0 1 3 2 2 1 0 0 3 0 3 0
-7.405031367265012e-05 0 1 3 2 2 1 0 0 3 0 3 3
-7.14588342585516e-06 0 1 3 2 2 1 0 0 3 3 3 0
-1.403768144622394e-05 0 1 3 2 2 1 0 3 0 0 0 0
-0.00013018762800513862 0 1 3 2 2 1 0 3 0 0 3 0
-1.4114666586787588e-05 0 1 3 2 2 1 0 3 0 0 3 3
-1.3925809855978917e-05 0 1 3 2 2 1 0 3 0 3 3 0
-0.0001324676305818739 0 1 3 2 2 1 0 3 3 0 0 0
-7.522914667130787e-06 0 1 3 2 2 1 0 3 3 0 0 3
1.0272079919067623 0 1 3 2 2 1 0 3 3 0 3 0
-0.00013078175465742355 0 1 3 2 2 1 0 3 3 0 3 3
-7.31697610400105e-05 0 1 3 2 2 1 0 3 3 3 0 0
-0.00013018762800513892 0 1 3 2 2 1 0 3 3 3 3 0
4.916063516611438e-05 0 1 3 2 2 1 0 3 3 3 3 3
-1.3918407800252254e-05 0 1 3 2 2 1 3 0 3 0 3 0
-7.14588342585516e-06 0 1 3 2 2 1 3 3 0 0 3 0
-1.4016306818196071e-05 0 1 3 2 2 1 3 3 3 0 0 0
-0.0001304007653668385 0 1 3 2 2 1 3 3 3 0 3 0
-1.4135383684582931e-05 0 1 3 2 2 1 3 3 3 0 3 3
-1.3605131579119343e-05 0 1 3 2 2 1 3 3 3 3 3 0
0.0019013002191111857 0 1 3 2 2 2 0 0 1 2 3 0
-0.0019013002191111857 0 1 3 2 2 2 0 0 2 1 3 0
-6.897195244732009e-06 0 1 3 2 2 2 0 3 1 2 3 3
6.897195244732009e-06 0 1 3 2 2 2 0 3 2 1 3 3
0.0017738486808352666 0 1 3 2 2 2 1 2 0 0 3 0
6.530904772543319e-06 0 1 3 2 2 2 1 2 3 0 3 3
-0.0019027786376386703 0 1 3 2 2 2 1 2 3 3 3 0
-0.0017738486808352666 0 1 3 2 2 2 2 1 0 0 3 0
-6.530904772543319e-06 0 1 3 2 2 2 2 1 3 0 3 3
0.0019027786376386703 0 1 3 2 2 2 2 1 3 3 3 0
-0.001772370262307781 0 1 3 2 2 2 3 3 1 2 3 0
0.001772370262307781 0 1 3 2 2 2 3 3 2 1 3 0
-0.006269828465333593 0 1 3 2 3 0 0 1 0 2 0 0
0.006269828465333593 0 1 3 2 3 0 0 2 0 1 0 0
-0.005173099727030741 0 1 3 2 3 0 1 0 2 0 0 0
0.005173099727030741 0 1 3 2 3 0 2 0 1 0 0 0
-6.616950999627646e-06 0 1 3 2 3 3 0 3 1 1 1 2
-6.616950999627646e-06 0 1 3 2 3 3 0 3 1 2 2 2
6.616950999627646e-06 0 1 3 2 3 3 0 3 2 1 1 1
6.616950999627646e-06 0 1 3 2 3 3 0 3 2 2 2 1
-6.601163471884596e-06 0 1 3 2 3 3 1 1 3 0 2 1
6.601163471884596e-06 0 1 3 2 3 3 1 2 3 0 1 1
-6.601163471884596e-06 0 1 3 2 3 3 2 1 3 0 2 2
6.601163471884596e-06 0 1 3 2 3 3 2 2 3 0 1 2
0.0005238107397133173 0 1 3 3 0 1 0 0 0 1 1 0
0.0005238107397133173 0 1 3 3 0 1 0 0 0 2 2 0
0.00020325434825793404 0 1 3 3 0 1 0 0 1 0 1 0
0.00020325434825793404 0 1 3 3 0 1 0 0 2 0 2 0
0.004904371735018995 0 1 3 3 0 1 0 0 3 1 1 0
0.0007980954421724177 0 1 3 3 0 1 0 0 3 1 1 3
0.004904371735018995 0 1 3 3 0 1 0 0 3 2 2 0
0.0007980954421724177 0 1 3 3 0 1 0 0 3 2 2 3
0.004896355640562399 0 1 3 3 0 1 0 3 0 1 1 0
0.0005308524966300727 0 1 3 3 0 1 0 3 0 1 1 3
0.004896355640562399 0 1 3 3 0 1 0 3 0 2 2 0
0.0005308524966300727 0 1 3 3 0 1 0 3 0 2 2 3
0.00106743452516384 0 1 3 3 0 1 0 3 1 0 1 0
0.00012244754557027388 0 1 3 3 0 1 0 3 1 0 1 3
0.00013394201584186565 0 1 3 3 0 1 0 3 1 3 1 0
0.00106743452516384 0 1 3 3 0 1 0 3 2 0 2 0
0.00012244754557027388 0 1 3 3 0 1 0 3 2 0 2 3
0.00013394201584186565 0 1 3 3 0 1 0 3 2 3 2 0
-38.63352795517987 0 1 3 3 0 1 0 3 3 1 1 0
0.004918700739168918 0 1 3 3 0 1 0 3 3 1 1 3
-38.63352795517987 0 1 3 3 0 1 0 3 3 2 2 0
0.004918700739168918 0 1 3 3 0 1 0 3 3 2 2 3
1.613668492475477e-05 0 1 3 3 0 1 1 0 1 1 0 1
1.613668492475477e-05 0 1 3 3 0 1 1 0 2 1 0 2
1.613668492475477e-05 0 1 3 3 0 1 2 0 1 2 0 1
1.613668492475477e-05 0 1 3 3 0 1 2 0 2 2 0 2
0.000523471205249418 0 1 3 3 0 1 3 0 3 1 1 0
0.000523471205249418 0 1 3 3 0 1 3 0 3 2 2 0
0.00025663476746645383 0 1 3 3 0 1 3 3 0 1 1 0
0.00025663476746645383 0 1 3 3 0 1 3 3 0 2 2 0
5.805782509145228e-05 0 1 3 3 0 1 3 3 1 0 1 0
5.805782509145228e-05 0 1 3 3 0 1 3 3 2 0 2 0
0.0049043717350190285 0 1 3 3 0 1 3 3 3 1 1 0
0.0005316316665112715 0 1 3 3 0 1 3 3 3 1 1 3
0.0049043717350190285 0 1 3 3 0 1 3 3 3 2 2 0
0.0005316316665112715 0 1 3 3 0 1 3 3 3 2 2 3
-0.0005438504464799406 0 1 3 3 0 2 0 1 0 0 0 2
7.280892237162672e-05 0 1 3 3 0 2 0 1 1 2 0 1
7.280892237162672e-05 0 1 3 3 0 2 0 1 2 2 0 2
0.0005438504464799406 0 1 3 3 0 2 0 2 0 0 0 1
-7.280892237162672e-05 0 1 3 3 0 2 0 2 1 1 0 1
-7.280892237162672e-05 0 1 3 3 0 2 0 2 2 1 0 2
-0.0002993022619348119 0 1 3 3 0 2 0 3 3 1 2 0
0.0002993022619348119 0 1 3 3 0 2 0 3 3 2 1 0
5.833357899435163e-05 0 1 3 3 0 2 1 1 0 1 2 0
-0.00030545462657673416 0 1 3 3 0 2 1 1 1 0 2 0
5.7743384794576186e-05 0 1 3 3 0 2 1 1 3 1 2 3
-5.8289761561124896e-05 0 1 3 3 0 2 1 2 0 1 1 0
4.381743322673159e-08 0 1 3 3 0 2 1 2 0 2 2 0
0.00028746306144497466 0 1 3 3 0 2 1 2 1 0 1 0
-1.7991565131759492e-05 0 1 3 3 0 2 1 2 2 0 2 0
-5.7917032924630566e-05 0 1 3 3 0 2 1 2 3 1 1 3
-1.7364813005438035e-07 0 1 3 3 0 2 1 2 3 2 2 3
-4.381743322673159e-08 0 1 3 3 0 2 2 1 0 1 1 0
5.8289761561124896e-05 0 1 3 3 0 2 2 1 0 2 2 0
1.7991565131759492e-05 0 1 3 3 0 2 2 1 1 0 1 0
-0.00028746306144497466 0 1 3 3 0 2 2 1 2 0 2 0
1.7364813005438035e-07 0 1 3 3 0 2 2 1 3 1 1 3
5.7917032924630566e-05 0 1 3 3 0 2 2 1 3 2 2 3
-5.833357899435163e-05 0 1 3 3 0 2 2 2 0 2 1 0
0.00030545462657673416 0 1 3 3 0 2 2 2 2 0 1 0
-5.7743384794576186e-05 0 1 3 3 0 2 2 2 3 2 1 3
1.5481025207324143e-05 0 1 3 3 1 0 1 0 1 1 1 0
1.5481025207324143e-05 0 1 3 3 1 0 1 0 2 1 2 0
6.444793769717388e-05 0 1 3 3 1 0 1 1 3 1 3 1
6.444793769717388e-05 0 1 3 3 1 0 1 2 3 1 3 2
1.5481025207324143e-05 0 1 3 3 1 0 2 0 1 2 1 0
1.5481025207324143e-05 0 1 3 3 1 0 2 0 2 2 2 0
6.444793769717388e-05 0 1 3 3 1 0 2 1 3 2 3 1
6.444793769717388e-05 0 1 3 3 1 0 2 2 3 2 3 2
-0.00029942692902532346 0 1 3 3 1 3 0 3 3 1 3 1
-0.00029942692902532346 0 1 3 3 1 3 0 3 3 2 3 2
5.988459179648801e-05 0 1 3 3 1 3 1 1 0 1 3 1
-0.0002975433421865466 0 1 3 3 1 3 1 1 1 0 3 1
5.854009749909776e-05 0 1 3 3 1 3 1 1 3 1 0 1
5.9839609315598134e-05 0 1 3 3 1 3 1 2 0 1 3 2
4.498248088988558e-08 0 1 3 3 1 3 1 2 0 2 3 1
-0.00027987408104876297 0 1 3 3 1 3 1 2 1 0 3 2
-1.7669261137783658e-05 0 1 3 3 1 3 1 2 2 0 3 1
5.8364581283045256e-05 0 1 3 3 1 3 1 2 3 1 0 2
1.7551621605250377e-07 0 1 3 3 1 3 1 2 3 2 0 1
4.498248088988558e-08 0 1 3 3 1 3 2 1 0 1 3 2
5.9839609315598134e-05 0 1 3 3 1 3 2 1 0 2 3 1
-1.7669261137783658e-05 0 1 3 3 1 3 2 1 1 0 3 2
-0.00027987408104876297 0 1 3 3 1 3 2 1 2 0 3 1
1.7551621605250377e-07 0 1 3 3 1 3 2 1 3 1 0 2
5.8364581283045256e-05 0 1 3 3 1 3 2 1 3 2 0 1
5.988459179648801e-05 0 1 3 3 1 3 2 2 0 2 3 2
-0.0002975433421865466 0 1 3 3 1 3 2 2 2 0 3 2
5.854009749909776e-05 0 1 3 3 1 3 2 2 3 2 0 2
0.0008721457558450679 0 1 3 3 2 0 0 0 3 1 3 2
-0.0008721457558450679 0 1 3 3 2 0 0 0 3 2 3 1
-0.0005497011251127838 0 1 3 3 2 0 0 1 0 0 2 0
6.985057760061517e-05 0 1 3 3 2 0 0 1 1 2 1 0
6.985057760061517e-05 0 1 3 3 2 0 0 1 2 2 2 0
0.0005497011251127838 0 1 3 3 2 0 0 2 0 0 1 0
-6.985057760061517e-05 0 1 3 3 2 0 0 2 1 1 1 0
-6.985057760061517e-05 0 1 3 3 2 0 0 2 2 1 2 0
0.0005766048140933112 0 1 3 3 2 0 0 3 0 1 3 2
-0.0005766048140933112 0 1 3 3 2 0 0 3 0 2 3 1
0.00011880606879925433 0 1 3 3 2 0 0 3 1 0 3 2
-0.00011880606879925433 0 1 3 3 2 0 0 3 2 0 3 1
0.0009868364953049028 0 1 3 3 2 0 0 3 3 1 0 2
0.005049482493826341 0 1 3 3 2 0 0 3 3 1 3 2
-0.0009868364953049028 0 1 3 3 2 0 0 3 3 2 0 1
-0.005049482493826341 0 1 3 3 2 0 0 3 3 2 3 1
0.0005765210446078723 0 1 3 3 2 0 3 3 3 1 3 2
-0.0005765210446078723 0 1 3 3 2 0 3 3 3 2 3 1
0.0005377381752864124 0 1 3 3 2 3 0 0 0 1 3 2
-0.0005377381752864124 0 1 3 3 2 3 0 0 0 2 3 1
0.00020498588720609971 0 1 3 3 2 3 0 0 1 0 3 2
-0.00020498588720609971 0 1 3 3 2 3 0 0 2 0 3 1
0.0008080845595546896 0 1 3 3 2 3 0 0 3 1 0 2
0.0050347725003858325 0 1 3 3 2 3 0 0 3 1 3 2
-0.0008080845595546896 0 1 3 3 2 3 0 0 3 2 0 1
-0.0050347725003858325 0 1 3 3 2 3 0 0 3 2 3 1
0.0005419947675598426 0 1 3 3 2 3 0 3 0 1 0 2
0.005026543268567538 0 1 3 3 2 3 0 3 0 1 3 2
-0.0005419947675598426 0 1 3 3 2 3 0 3 0 2 0 1
-0.005026543268567538 0 1 3 3 2 3 0 3 0 2 3 1
0.00012477501994354796 0 1 3 3 2 3 0 3 1 0 0 2
0.0010958161990215643 0 1 3 3 2 3 0 3 1 0 3 2
0.00013750335709498512 0 1 3 3 2 3 0 3 1 3 3 2
-0.00012477501994354796 0 1 3 3 2 3 0 3 2 0 0 1
-0.0010958161990215643 0 1 3 3 2 3 0 3 2 0 3 1
-0.00013750335709498512 0 1 3 3 2 3 0 3 2 3 3 1
0.005114574149688998 0 1 3 3 2 3 0 3 3 1 0 2
-39.66073585408564 0 1 3 3 2 3 0 3 3 1 3 2
-0.005114574149688998 0 1 3 3 2 3 0 3 3 2 0 1
39.66073585408563 0 1 3 3 2 3 0 3 3 2 3 1
0.0005373896130496704 0 1 3 3 2 3 3 0 3 1 3 2
-0.0005373896130496704 0 1 3 3 2 3 3 0 3 2 3 1
0.00026345834689833314 0 1 3 3 2 3 3 3 0 1 3 2
-0.00026345834689833314 0 1 3 3 2 3 3 3 0 2 3 1
6.292222523433892e-05 0 1 3 3 2 3 3 3 1 0 3 2
-6.292222523433892e-05 0 1 3 3 2 3 3 3 2 0 3 1
0.0005411694933438674 0 1 3 3 2 3 3 3 3 1 0 2
0.005034772500385867 0 1 3 3 2 3 3 3 3 1 3 2
-0.0005411694933438674 0 1 3 3 2 3 3 3 3 2 0 1
-0.005034772500385867 0 1 3 3 2 3 3 3 3 2 3 1
0.0008562379372128744 0 1 3 3 3 1 0 0 3 1 1 0
0.0008562379372128744 0 1 3 3 3 1 0 0 3 2 2 0
0.0005575231259105117 0 1 3 3 3 1 0 3 0 1 1 0
0.0005575231259105117 0 1 3 3 3 1 0 3 0 2 2 0
0.00011509777125949189 0 1 3 3 3 1 0 3 1 0 1 0
0.00011509777125949189 0 1 3 3 3 1 0 3 2 0 2 0
0.004982106519107122 0 1 3 3 3 1 0 3 3 1 1 0
0.0009793135806377721 0 1 3 3 3 1 0 3 3 1 1 3
0.004982106519107122 0 1 3 3 3 1 0 3 3 2 2 0
0.0009793135806377721 0 1 3 3 3 1 0 3 3 2 2 3
0.000557432930376823 0 1 3 3 3 1 3 3 3 1 1 0
0.000557432930376823 0 1 3 3 3 1 3 3 3 2 2 0
6.514126097098236e-05 0 1 3 3 3 2 1 1 3 1 2 0
-6.514126097098236e-05 0 1 3 3 3 2 1 2 3 1 1 0
6.514126097098236e-05 0 1 3 3 3 2 2 1 3 2 2 0
-6.514126097098236e-05 0 1 3 3 3 2 2 2 3 2 1 0
-40.11622578095673 0 2 0 0 0 1 0 1 0 0 0 2
0.0051733134935173005 0 2 0 0 0 1 0 1 0 0 3 2
0.005084271604237134 0 2 0 0 0 1 0 1 0 3 0 2
0.000804834621397744 0 2 0 0 0 1 0 1 0 3 3 2
-7.280892237162682e-05 0 2 0 0 0 1 0 1 1 1 0 2
7.280892237162682e-05 0 2 0 0 0 1 0 1 1 2 0 1
0.005084271604237123 0 2 0 0 0 1 0 1 3 0 0 2
0.0005604154579171144 0 2 0 0 0 1 0 1 3 0 3 2
0.0005438504464799406 0 2 0 0 0 1 0 1 3 3 0 2
40.11622578095673 0 2 0 0 0 1 0 2 0 0 0 1
-0.0051733134935173005 0 2 0 0 0 1 0 2 0 0 3 1
-0.005084271604237134 0 2 0 0 0 1 0 2 0 3 0 1
-0.000804834621397744 0 2 0 0 0 1 0 2 0 3 3 1
-7.280892237162682e-05 0 2 0 0 0 1 0 2 2 1 0 2
7.280892237162682e-05 0 2 0 0 0 1 0 2 2 2 0 1
-0.005084271604237123 0 2 0 0 0 1 0 2 3 0 0 1
-0.0005604154579171144 0 2 0 0 0 1 0 2 3 0 3 1
-0.0005438504464799406 0 2 0 0 0 1 0 2 3 3 0 1
-3.076212608776413e-05 0 2 0 0 0 1 1 1 1 0 2 0
-1.7991565131759526e-05 0 2 0 0 0 1 1 2 1 0 1 0
-4.875369121952366e-05 0 2 0 0 0 1 1 2 2 0 2 0
4.875369121952366e-05 0 2 0 0 0 1 2 1 1 0 1 0
1.7991565131759526e-05 0 2 0 0 0 1 2 1 2 0 2 0
3.076212608776413e-05 0 2 0 0 0 1 2 2 2 0 1 0
0.005092595346304608 0 2 0 0 0 1 3 1 0 0 0 2
0.0005473846619988855 0 2 0 0 0 1 3 1 0 0 3 2
0.0005313268643076894 0 2 0 0 0 1 3 1 0 3 0 2
0.0002790711586498068 0 2 0 0 0 1 3 1 3 0 0 2
-0.005092595346304608 0 2 0 0 0 1 3 2 0 0 0 1
-0.0005473846619988855 0 2 0 0 0 1 3 2 0 0 3 1
-0.0005313268643076894 0 2 0 0 0 1 3 2 0 3 0 1
-0.0002790711586498068 0 2 0 0 0 1 3 2 3 0 0 1
0.00013135506820007012 0 2 0 0 0 2 0 0 1 0 1 0
0.00013135506820007012 0 2 0 0 0 2 0 0 2 0 2 0
0.00032033420678588743 0 2 0 0 0 2 0 1 0 0 0 1
0.00032033420678588743 0 2 0 0 0 2 0 2 0 0 0 2
0.0010674345251638375 0 2 0 0 0 2 0 3 1 0 1 0
0.00018874726993302793 0 2 0 0 0 2 0 3 1 0 1 3
0.00012076768101982504 0 2 0 0 0 2 0 3 1 3 1 0
0.0010674345251638375 0 2 0 0 0 2 0 3 2 0 2 0
0.00018874726993302793 0 2 0 0 0 2 0 3 2 0 2 3
0.00012076768101982504 0 2 0 0 0 2 0 3 2 3 2 0
0.0005237495965056715 0 2 0 0 0 2 0 3 3 1 1 0
0.0005237495965056715 0 2 0 0 0 2 0 3 3 2 2 0
5.5943634798970594e-05 0 2 0 0 0 2 1 0 0 3 3 1
-0.000301967348964844 0 2 0 0 0 2 1 0 2 1 0 2
0.000301967348964844 0 2 0 0 0 2 1 0 2 2 0 1
-5.5943634798970825e-05 0 2 0 0 0 2 1 0 3 0 3 1
5.773729388612181e-05 0 2 0 0 0 2 1 3 0 3 0 1
-5.773729388612201e-05 0 2 0 0 0 2 1 3 3 0 0 1
5.5943634798970594e-05 0 2 0 0 0 2 2 0 0 3 3 2
0.000301967348964844 0 2 0 0 0 2 2 0 1 1 0 2
-0.000301967348964844 0 2 0 0 0 2 2 0 1 2 0 1
-5.5943634798970825e-05 0 2 0 0 0 2 2 0 3 0 3 2
5.773729388612181e-05 0 2 0 0 0 2 2 3 0 3 0 2
-5.773729388612201e-05 0 2 0 0 0 2 2 3 3 0 0 2
0.00020325434825793393 0 2 0 0 0 2 3 3 1 0 1 0
0.00020325434825793393 0 2 0 0 0 2 3 3 2 0 2 0
-40.54778554310596 0 2 0 0 1 0 0 1 0 0 2 0
0.0051624198824274554 0 2 0 0 1 0 0 1 0 0 2 3
0.005138967595443936 0 2 0 0 1 0 0 1 0 3 2 0
0.000818231780709118 0 2 0 0 1 0 0 1 0 3 2 3
-6.985057760061525e-05 0 2 0 0 1 0 0 1 1 1 2 0
6.985057760061525e-05 0 2 0 0 1 0 0 1 1 2 1 0
0.005138967595443924 0 2 0 0 1 0 0 1 3 0 2 0
0.0005695640112591044 0 2 0 0 1 0 0 1 3 0 2 3
0.0005497011251127838 0 2 0 0 1 0 0 1 3 3 2 0
40.54778554310596 0 2 0 0 1 0 0 2 0 0 1 0
-0.0051624198824274554 0 2 0 0 1 0 0 2 0 0 1 3
-0.005138967595443936 0 2 0 0 1 0 0 2 0 3 1 0
-0.000818231780709118 0 2 0 0 1 0 0 2 0 3 1 3
-6.985057760061525e-05 0 2 0 0 1 0 0 2 2 1 2 0
6.985057760061525e-05 0 2 0 0 1 0 0 2 2 2 1 0
-0.005138967595443924 0 2 0 0 1 0 0 2 3 0 1 0
-0.0005695640112591044 0 2 0 0 1 0 0 2 3 0 1 3
-0.0005497011251127838 0 2 0 0 1 0 0 2 3 3 1 0
-0.00017802996034453026 0 2 0 0 1 0 0 3 1 0 3 2
0.00017802996034453026 0 2 0 0 1 0 0 3 2 0 3 1
0.00514738088334184 0 2 0 0 1 0 3 1 0 0 2 0
0.0005579737477156523 0 2 0 0 1 0 3 1 0 0 2 3
0.0005370428157281232 0 2 0 0 1 0 3 1 0 3 2 0
0.0002820733730922574 0 2 0 0 1 0 3 1 3 0 2 0
-0.00514738088334184 0 2 0 0 1 0 3 2 0 0 1 0
-0.0005579737477156523 0 2 0 0 1 0 3 2 0 0 1 3
-0.0005370428157281232 0 2 0 0 1 0 3 2 0 3 1 0
-0.0002820733730922574 0 2 0 0 1 0 3 2 3 0 1 0
-0.000134321067451971 0 2 0 0 1 3 0 0 1 0 3 2
0.000134321067451971 0 2 0 0 1 3 0 0 2 0 3 1
0.005162419882427455 0 2 0 0 1 3 0 1 0 0 2 0
0.0010196286481125047 0 2 0 0 1 3 0 1 0 0 2 3
0.0008741995802733578 0 2 0 0 1 3 0 1 0 3 2 0
0.0006030319724230347 0 2 0 0 1 3 0 1 3 0 2 0
-0.005162419882427455 0 2 0 0 1 3 0 2 0 0 1 0
-0.0010196286481125047 0 2 0 0 1 3 0 2 0 0 1 3
-0.0008741995802733578 0 2 0 0 1 3 0 2 0 3 1 0
-0.0006030319724230347 0 2 0 0 1 3 0 2 3 0 1 0
-0.0001883808788225232 0 2 0 0 1 3 0 3 1 0 0 2
-0.0010958161990215617 0 2 0 0 1 3 0 3 1 0 3 2
-0.00012397873411437645 0 2 0 0 1 3 0 3 1 3 3 2
0.0001883808788225232 0 2 0 0 1 3 0 3 2 0 0 1
0.0010958161990215617 0 2 0 0 1 3 0 3 2 0 3 1
0.00012397873411437645 0 2 0 0 1 3 0 3 2 3 3 1
-0.0005376754063616504 0 2 0 0 1 3 0 3 3 1 3 2
0.0005376754063616504 0 2 0 0 1 3 0 3 3 2 3 1
0.000589415590005585 0 2 0 0 1 3 3 1 0 0 2 0
-0.000589415590005585 0 2 0 0 1 3 3 2 0 0 1 0
-0.00020498588720609958 0 2 0 0 1 3 3 3 1 0 3 2
0.00020498588720609958 0 2 0 0 1 3 3 3 2 0 3 1
0.0003171517005921014 0 2 0 0 2 0 0 1 0 0 1 0
0.0003171517005921014 0 2 0 0 2 0 0 2 0 0 2 0
5.691607271002153e-05 0 2 0 0 2 0 1 0 0 3 1 3
-0.0002896979251260084 0 2 0 0 2 0 1 0 2 1 2 0
0.0002896979251260084 0 2 0 0 2 0 1 0 2 2 1 0
-5.691607271002176e-05 0 2 0 0 2 0 1 0 3 0 1 3
5.835842484931977e-05 0 2 0 0 2 0 1 3 0 3 1 0
-5.835842484931997e-05 0 2 0 0 2 0 1 3 3 0 1 0
5.691607271002153e-05 0 2 0 0 2 0 2 0 0 3 2 3
0.0002896979251260084 0 2 0 0 2 0 2 0 1 1 2 0
-0.0002896979251260084 0 2 0 0 2 0 2 0 1 2 1 0
-5.691607271002176e-05 0 2 0 0 2 0 2 0 3 0 2 3
5.835842484931977e-05 0 2 0 0 2 0 2 3 0 3 2 0
-5.835842484931997e-05 0 2 0 0 2 0 2 3 3 0 2 0
6.206592562899089e-05 0 2 0 0 2 3 1 0 0 3 1 0
-6.206592562899115e-05 0 2 0 0 2 3 1 0 3 0 1 0
2.996538605912365e-05 0 2 0 0 2 3 1 1 1 0 3 1
-1.7669261137783702e-05 0 2 0 0 2 3 1 2 1 0 3 2
4.763464719690735e-05 0 2 0 0 2 3 1 2 2 0 3 1
6.206592562899089e-05 0 2 0 0 2 3 2 0 0 3 2 0
-6.206592562899115e-05 0 2 0 0 2 3 2 0 3 0 2 0
4.763464719690735e-05 0 2 0 0 2 3 2 1 1 0 3 2
-1.7669261137783702e-05 0 2 0 0 2 3 2 1 2 0 3 1
2.996538605912365e-05 0 2 0 0 2 3 2 2 2 0 3 2
0.005173313493517299 0 2 0 0 3 1 0 1 0 0 0 2
0.0010076938999613308 0 2 0 0 3 1 0 1 0 0 3 2
0.0008711882615388402 0 2 0 0 3 1 0 1 0 3 0 2
0.0005928106652298755 0 2 0 0 3 1 0 1 3 0 0 2
-0.005173313493517299 0 2 0 0 3 1 0 2 0 0 0 1
-0.0010076938999613308 0 2 0 0 3 1 0 2 0 0 3 1
-0.0008711882615388402 0 2 0 0 3 1 0 2 0 3 0 1
-0.0005928106652298755 0 2 0 0 3 1 0 2 3 0 0 1
0.0005788265042888181 0 2 0 0 3 1 3 1 0 0 0 2
-0.0005788265042888181 0 2 0 0 3 1 3 2 0 0 0 1
0.00017242943761488987 0 2 0 0 3 2 0 3 1 0 1 0
0.00017242943761488987 0 2 0 0 3 2 0 3 2 0 2 0
6.371617659741392e-05 0 2 0 0 3 2 1 0 0 3 0 1
-6.371617659741418e-05 0 2 0 0 3 2 1 0 3 0 0 1
6.371617659741392e-05 0 2 0 0 3 2 2 0 0 3 0 2
-6.371617659741418e-05 0 2 0 0 3 2 2 0 3 0 0 2
-458.7645401630225 0 2 0 1 0 0 0 1 0 2 0 0
0.058412720878344065 0 2 0 1 0 0 0 1 0 2 0 3
0.05916570511585023 0 2 0 1 0 0 0 1 0 2 3 0
-0.0016818694511654712 0 2 0 1 0 0 0 1 0 2 3 3
6.50750078661454e-05 0 2 0 1 0 0 0 1 2 0 0 0
0.05814735852411346 0 2 0 1 0 0 0 1 3 2 0 0
0.00630421331924004 0 2 0 1 0 0 0 1 3 2 0 3
0.006269828465333593 0 2 0 1 0 0 0 1 3 2 3 0
458.76454016302245 0 2 0 1 0 0 0 2 0 1 0 0
-0.058412720878344065 0 2 0 1 0 0 0 2 0 1 0 3
-0.05916570511585023 0 2 0 1 0 0 0 2 0 1 3 0
0.0016818694511654712 0 2 0 1 0 0 0 2 0 1 3 3
-6.50750078661454e-05 0 2 0 1 0 0 0 2 1 0 0 0
-0.05814735852411346 0 2 0 1 0 0 0 2 3 1 0 0
-0.00630421331924004 0 2 0 1 0 0 0 2 3 1 0 3
-0.006269828465333593 0 2 0 1 0 0 0 2 3 1 3 0
-6.507500786613466e-05 0 2 0 1 0 0 1 0 0 2 0 0
-378.5108698113497 0 2 0 1 0 0 1 0 2 0 0 0
0.04819507138060228 0 2 0 1 0 0 1 0 2 0 0 3
0.04881634237310851 0 2 0 1 0 0 1 0 2 0 3 0
-0.002269615849518295 0 2 0 1 0 0 1 0 2 0 3 3
0.04797612664713406 0 2 0 1 0 0 1 0 2 3 0 0
0.005201469925568221 0 2 0 1 0 0 1 0 2 3 0 3
0.005173099727030741 0 2 0 1 0 0 1 0 2 3 3 0
0.048054671015863845 0 2 0 1 0 0 1 3 2 0 0 0
0.00520910449209977 0 2 0 1 0 0 1 3 2 0 0 3
0.005165222850579315 0 2 0 1 0 0 1 3 2 0 3 0
-0.0038383391279932797 0 2 0 1 0 0 1 3 2 3 0 0
6.507500786613466e-05 0 2 0 1 0 0 2 0 0 1 0 0
378.5108698113497 0 2 0 1 0 0 2 0 1 0 0 0
-0.04819507138060228 0 2 0 1 0 0 2 0 1 0 0 3
-0.04881634237310851 0 2 0 1 0 0 2 0 1 0 3 0
0.002269615849518295 0 2 0 1 0 0 2 0 1 0 3 3
-0.04797612664713406 0 2 0 1 0 0 2 0 1 3 0 0
-0.005201469925568221 0 2 0 1 0 0 2 0 1 3 0 3
-0.005173099727030741 0 2 0 1 0 0 2 0 1 3 3 0
-0.048054671015863845 0 2 0 1 0 0 2 3 1 0 0 0
-0.00520910449209977 0 2 0 1 0 0 2 3 1 0 0 3
-0.005165222850579315 0 2 0 1 0 0 2 3 1 0 3 0
0.0038383391279932797 0 2 0 1 0 0 2 3 1 3 0 0
0.05824255477874648 0 2 0 1 0 0 3 1 0 2 0 0
0.006313466460506562 0 2 0 1 0 0 3 1 0 2 0 3
0.006260281642964212 0 2 0 1 0 0 3 1 0 2 3 0
-0.0021939646468696495 0 2 0 1 0 0 3 1 3 2 0 0
-0.05824255477874648 0 2 0 1 0 0 3 2 0 1 0 0
-0.006313466460506562 0 2 0 1 0 0 3 2 0 1 0 3
-0.006260281642964212 0 2 0 1 0 0 3 2 0 1 3 0
0.0021939646468696495 0 2 0 1 0 0 3 2 3 1 0 0
0.05841272087834406 0 2 0 1 0 3 0 1 0 2 0 0
0.007531809851853914 0 2 0 1 0 3 0 1 0 2 0 3
0.007470382502494045 0 2 0 1 0 3 0 1 0 2 3 0
0.006670199590536573 0 2 0 1 0 3 0 1 3 2 0 0
-0.05841272087834406 0 2 0 1 0 3 0 2 0 1 0 0
-0.007531809851853914 0 2 0 1 0 3 0 2 0 1 0 3
-0.007470382502494045 0 2 0 1 0 3 0 2 0 1 3 0
-0.006670199590536573 0 2 0 1 0 3 0 2 3 1 0 0
-6.500314576489545e-05 0 2 0 1 0 3 0 3 1 2 1 1
-6.500314576489545e-05 0 2 0 1 0 3 0 3 1 2 2 2
6.500314576489545e-05 0 2 0 1 0 3 0 3 2 1 1 1
6.500314576489545e-05 0 2 0 1 0 3 0 3 2 1 2 2
0.04819507138060227 0 2 0 1 0 3 1 0 2 0 0 0
0.006187929915470081 0 2 0 1 0 3 1 0 2 0 0 3
0.006137806652848502 0 2 0 1 0 3 1 0 2 0 3 0
0.005503437274533064 0 2 0 1 0 3 1 0 2 3 0 0
6.489737533673634e-05 0 2 0 1 0 3 1 2 3 0 1 1
6.489737533673634e-05 0 2 0 1 0 3 1 2 3 0 2 2
0.0055026377319393 0 2 0 1 0 3 1 3 2 0 0 0
-0.04819507138060227 0 2 0 1 0 3 2 0 1 0 0 0
-0.006187929915470081 0 2 0 1 0 3 2 0 1 0 0 3
-0.006137806652848502 0 2 0 1 0 3 2 0 1 0 3 0
-0.005503437274533064 0 2 0 1 0 3 2 0 1 3 0 0
-6.489737533673634e-05 0 2 0 1 0 3 2 1 3 0 1 1
-6.489737533673634e-05 0 2 0 1 0 3 2 1 3 0 2 2
-0.0055026377319393 0 2 0 1 0 3 2 3 1 0 0 0
0.006669230540029506 0 2 0 1 0 3 3 1 0 2 0 0
-0.006669230540029506 0 2 0 1 0 3 3 2 0 1 0 0
-7.77254179844336e-06 0 2 0 1 1 1 0 1 1 0 1 2
-5.149852918969382e-06 0 2 0 1 1 1 0 1 1 0 2 1
-1.2922394717412744e-05 0 2 0 1 1 1 0 1 2 0 2 2
1.2922394717412744e-05 0 2 0 1 1 1 0 2 1 0 1 1
5.149852918969382e-06 0 2 0 1 1 1 0 2 2 0 1 2
7.77254179844336e-06 0 2 0 1 1 1 0 2 2 0 2 1
-5.824083427459117e-05 0 2 0 1 1 1 0 3 1 2 3 0
5.824083427459117e-05 0 2 0 1 1 1 0 3 2 1 3 0
5.832092629186935e-05 0 2 0 1 1 1 1 2 3 0 3 0
-5.832092629186935e-05 0 2 0 1 1 1 2 1 3 0 3 0
-1.4724175601735611e-05 0 2 0 1 1 2 0 0 3 0 3 0
-5.5967799564240014e-05 0 2 0 1 1 2 0 1 0 1 2 2
-0.009152251953659516 0 2 0 1 1 2 0 1 0 2 1 2
0.009208219753223758 0 2 0 1 1 2 0 1 0 2 2 1
0.009208219753223758 0 2 0 1 1 2 0 2 0 1 1 2
-0.009152251953659516 0 2 0 1 1 2 0 2 0 1 2 1
-5.5967799564240014e-05 0 2 0 1 1 2 0 2 0 2 1 1
-1.633598400801465e-05 0 2 0 1 1 2 0 3 0 0 3 0
-1.4823803385320041e-05 0 2 0 1 1 2 0 3 3 0 0 0
-0.00013018762800513862 0 2 0 1 1 2 0 3 3 0 3 0
-1.4934082734862169e-05 0 2 0 1 1 2 0 3 3 0 3 3
-1.4729201239990833e-05 0 2 0 1 1 2 0 3 3 3 3 0
5.431510655188215e-06 0 2 0 1 1 2 1 0 1 0 1 1
-0.00843844743131073 0 2 0 1 1 2 1 0 2 0 1 2
0.008443878941965919 0 2 0 1 1 2 1 0 2 0 2 1
0.008443878941965919 0 2 0 1 1 2 2 0 1 0 1 2
-0.00843844743131073 0 2 0 1 1 2 2 0 1 0 2 1
5.431510655188215e-06 0 2 0 1 1 2 2 0 2 0 2 2
-1.6328343879347754e-05 0 2 0 1 1 2 3 3 3 0 3 0
-6.635364014109621e-05 0 2 0 1 2 1 0 1 0 1 2 2
0.009218605593800612 0 2 0 1 2 1 0 1 0 2 1 2
-0.009152251953659516 0 2 0 1 2 1 0 1 0 2 2 1
-0.009152251953659516 0 2 0 1 2 1 0 2 0 1 1 2
0.009218605593800612 0 2 0 1 2 1 0 2 0 1 2 1
-6.635364014109621e-05 0 2 0 1 2 1 0 2 0 2 1 1
-8.227303984801809e-06 0 2 0 1 2 1 1 0 1 0 1 1
0.00843022012732593 0 2 0 1 2 1 1 0 2 0 1 2
-0.008438447431310732 0 2 0 1 2 1 1 0 2 0 2 1
-0.008438447431310732 0 2 0 1 2 1 2 0 1 0 1 2
0.00843022012732593 0 2 0 1 2 1 2 0 1 0 2 1
-8.227303984801809e-06 0 2 0 1 2 1 2 0 2 0 2 2
-5.8415978353875204e-05 0 2 0 1 2 2 0 3 1 2 3 0
5.8415978353875204e-05 0 2 0 1 2 2 0 3 2 1 3 0
-5.149852918969354e-06 0 2 0 1 2 2 1 0 0 1 1 2
-7.772541798443327e-06 0 2 0 1 2 2 1 0 0 1 2 1
1.2922394717412682e-05 0 2 0 1 2 2 1 0 0 2 1 1
5.814606719978154e-05 0 2 0 1 2 2 1 2 3 0 3 0
-1.2922394717412682e-05 0 2 0 1 2 2 2 0 0 1 2 2
7.772541798443327e-06 0 2 0 1 2 2 2 0 0 2 1 2
5.149852918969354e-06 0 2 0 1 2 2 2 0 0 2 2 1
-5.814606719978154e-05 0 2 0 1 2 2 2 1 3 0 3 0
0.05916570511585021 0 2 0 1 3 0 0 1 0 2 0 0
0.007470382502494045 0 2 0 1 3 0 0 1 0 2 0 3
0.007431127837308373 0 2 0 1 3 0 0 1 0 2 3 0
0.006620944119998474 0 2 0 1 3 0 0 1 3 2 0 0
-0.05916570511585021 0 2 0 1 3 0 0 2 0 1 0 0
-0.007470382502494045 0 2 0 1 3 0 0 2 0 1 0 3
-0.007431127837308373 0 2 0 1 3 0 0 2 0 1 3 0
-0.006620944119998474 0 2 0 1 3 0 0 2 3 1 0 0
0.048816342373108494 0 2 0 1 3 0 1 0 2 0 0 0
0.006137806652848502 0 2 0 1 3 0 1 0 2 0 0 3
0.006105659672516864 0 2 0 1 3 0 1 0 2 0 3 0
0.00546279765215675 0 2 0 1 3 0 1 0 2 3 0 0
0.005461913886216337 0 2 0 1 3 0 1 3 2 0 0 0
-0.048816342373108494 0 2 0 1 3 0 2 0 1 0 0 0
-0.006137806652848502 0 2 0 1 3 0 2 0 1 0 0 3
-0.006105659672516864 0 2 0 1 3 0 2 0 1 0 3 0
-0.00546279765215675 0 2 0 1 3 0 2 0 1 3 0 0
-0.005461913886216337 0 2 0 1 3 0 2 3 1 0 0 0
0.0066198729902808475 0 2 0 1 3 0 3 1 0 2 0 0
-0.0066198729902808475 0 2 0 1 3 0 3 2 0 1 0 0
-0.0016818694511654712 0 2 0 1 3 3 0 1 0 2 0 0
0.0016818694511654712 0 2 0 1 3 3 0 2 0 1 0 0
-0.0022696158495182943 0 2 0 1 3 3 1 0 2 0 0 0
0.0022696158495182943 0 2 0 1 3 3 2 0 1 0 0 0
1.519594983561117e-05 0 2 0 2 0 0 0 1 0 1 0 0
91.26549880011311 0 2 0 2 0 0 0 1 1 0 0 0
-0.011620565014311588 0 2 0 2 0 0 0 1 1 0 0 3
-0.01177036290345488 0 2 0 2 0 0 0 1 1 0 3 0
0.00043072359784130737 0 2 0 2 0 0 0 1 1 0 3 3
-0.011567774107753608 0 2 0 2 0 0 0 1 1 3 0 0
-0.0012541535411934195 0 2 0 2 0 0 0 1 1 3 0 3
-0.0012473130546637862 0 2 0 2 0 0 0 1 1 3 3 0
1.519594983561117e-05 0 2 0 2 0 0 0 2 0 2 0 0
91.26549880011311 0 2 0 2 0 0 0 2 2 0 0 0
-0.011620565014311588 0 2 0 2 0 0 0 2 2 0 0 3
-0.01177036290345488 0 2 0 2 0 0 0 2 2 0 3 0
0.00043072359784130737 0 2 0 2 0 0 0 2 2 0 3 3
-0.011567774107753608 0 2 0 2 0 0 0 2 2 3 0 0
-0.0012541535411934195 0 2 0 2 0 0 0 2 2 3 0 3
-0.0012473130546637862 0 2 0 2 0 0 0 2 2 3 3 0
-0.005238531232768359 0 2 0 2 0 0 0 3 3 0 1 1
-0.005238531232768359 0 2 0 2 0 0 0 3 3 0 2 2
-91.26549880011291 0 2 0 2 0 0 1 0 0 1 0 0
0.011620565014311563 0 2 0 2 0 0 1 0 0 1 0 3
0.011770362903454856 0 2 0 2 0 0 1 0 0 1 3 0
-0.0004307235978413085 0 2 0 2 0 0 1 0 0 1 3 3
1.4203436061148086e-05 0 2 0 2 0 0 1 0 1 0 0 0
0.011567774107753557 0 2 0 2 0 0 1 0 3 1 0 0
0.0012541535411934159 0 2 0 2 0 0 1 0 3 1 0 3
0.0012473130546637836 0 2 0 2 0 0 1 0 3 1 3 0
0.011586712350133692 0 2 0 2 0 0 1 3 0 1 0 0
0.0012559943513467066 0 2 0 2 0 0 1 3 0 1 0 3
0.001245413819901983 0 2 0 2 0 0 1 3 0 1 3 0
-0.0006575389726822634 0 2 0 2 0 0 1 3 3 1 0 0
-91.26549880011291 0 2 0 2 0 0 2 0 0 2 0 0
0.011620565014311563 0 2 0 2 0 0 2 0 0 2 0 3
0.011770362903454856 0 2 0 2 0 0 2 0 0 2 3 0
-0.0004307235978413083 0 2 0 2 0 0 2 0 0 2 3 3
1.4203436061148086e-05 0 2 0 2 0 0 2 0 2 0 0 0
0.011567774107753557 0 2 0 2 0 0 2 0 3 2 0 0
0.0012541535411934159 0 2 0 2 0 0 2 0 3 2 0 3
0.0012473130546637836 0 2 0 2 0 0 2 0 3 2 3 0
0.011586712350133692 0 2 0 2 0 0 2 3 0 2 0 0
0.0012559943513467066 0 2 0 2 0 0 2 3 0 2 0 3
0.001245413819901983 0 2 0 2 0 0 2 3 0 2 3 0
-0.0006575389726822634 0 2 0 2 0 0 2 3 3 2 0 0
-0.011586712350133798 0 2 0 2 0 0 3 1 1 0 0 0
-0.0012559943513467098 0 2 0 2 0 0 3 1 1 0 0 3
-0.0012454138199019863 0 2 0 2 0 0 3 1 1 0 3 0
0.0006575389726822627 0 2 0 2 0 0 3 1 1 3 0 0
-0.011586712350133798 0 2 0 2 0 0 3 2 2 0 0 0
-0.0012559943513467098 0 2 0 2 0 0 3 2 2 0 0 3
-0.0012454138199019863 0 2 0 2 0 0 3 2 2 0 3 0
0.0006575389726822627 0 2 0 2 0 0 3 2 2 3 0 0
-0.005464745007768041 0 2 0 2 0 3 0 0 3 0 1 1
-0.005464745007768041 0 2 0 2 0 3 0 0 3 0 2 2
-0.011620565014311586 0 2 0 2 0 3 0 1 1 0 0 0
-0.0014920040540839443 0 2 0 2 0 3 0 1 1 0 0 3
-0.001486714719929534 0 2 0 2 0 3 0 1 1 0 3 0
-0.0013269624635650458 0 2 0 2 0 3 0 1 1 3 0 0
-0.011620565014311586 0 2 0 2 0 3 0 2 2 0 0 0
-0.0014920040540839443 0 2 0 2 0 3 0 2 2 0 0 3
-0.001486714719929534 0 2 0 2 0 3 0 2 2 0 3 0
-0.0013269624635650458 0 2 0 2 0 3 0 2 2 3 0 0
-0.006062953164199813 0 2 0 2 0 3 0 3 0 0 1 1
-0.006062953164199813 0 2 0 2 0 3 0 3 0 0 2 2
-0.048317964241772746 0 2 0 2 0 3 0 3 3 0 1 1
-0.048317964241772746 0 2 0 2 0 3 0 3 3 0 2 2
-0.005466610228090653 0 2 0 2 0 3 0 3 3 3 1 1
-0.005466610228090653 0 2 0 2 0 3 0 3 3 3 2 2
0.011620565014311562 0 2 0 2 0 3 1 0 0 1 0 0
0.0014920040540839412 0 2 0 2 0 3 1 0 0 1 0 3
0.0014867147199295306 0 2 0 2 0 3 1 0 0 1 3 0
0.0013269624635650421 0 2 0 2 0 3 1 0 3 1 0 0
0.0013267696816803734 0 2 0 2 0 3 1 3 0 1 0 0
0.011620565014311562 0 2 0 2 0 3 2 0 0 2 0 0
0.0014920040540839412 0 2 0 2 0 3 2 0 0 2 0 3
0.0014867147199295306 0 2 0 2 0 3 2 0 0 2 3 0
0.0013269624635650421 0 2 0 2 0 3 2 0 3 2 0 0
0.0013267696816803734 0 2 0 2 0 3 2 3 0 2 0 0
-0.0013267696816803769 0 2 0 2 0 3 3 1 1 0 0 0
-0.0013267696816803769 0 2 0 2 0 3 3 2 2 0 0 0
-0.006060117599335576 0 2 0 2 0 3 3 3 3 0 1 1
-0.006060117599335576 0 2 0 2 0 3 3 3 3 0 2 2
-0.004896244706393864 0 2 0 2 1 1 0 0 3 0 3 0
0.00012232143970533624 0 2 0 2 1 1 0 1 0 1 2 2
-6.635364014109621e-05 0 2 0 2 1 1 0 1 0 2 1 2
-5.5967799564240014e-05 0 2 0 2 1 1 0 1 0 2 2 1
-5.5967799564240014e-05 0 2 0 2 1 1 0 2 0 1 1 2
-6.635364014109621e-05 0 2 0 2 1 1 0 2 0 1 2 1
0.00012232143970533624 0 2 0 2 1 1 0 2 0 2 1 1
-0.005432220953242932 0 2 0 2 1 1 0 3 0 0 3 0
-0.004929374032013122 0 2 0 2 1 1 0 3 3 0 0 0
-0.04329142097320521 0 2 0 2 1 1 0 3 3 0 3 0
-0.004966045333417361 0 2 0 2 1 1 0 3 3 0 3 3
-0.004897915886863926 0 2 0 2 1 1 0 3 3 3 3 0
-0.0054296803736849815 0 2 0 2 1 1 3 3 3 0 3 0
0.0019174383177708418 0 2 0 2 1 2 0 1 1 0 1 2
-0.0019225881706898113 0 2 0 2 1 2 0 1 1 0 2 1
-5.1498529189693785e-06 0 2 0 2 1 2 0 1 2 0 2 2
5.1498529189693785e-06 0 2 0 2 1 2 0 2 1 0 1 1
0.0019225881706898113 0 2 0 2 1 2 0 2 2 0 1 2
-0.0019174383177708418 0 2 0 2 1 2 0 2 2 0 2 1
1.7514407928403105e-07 0 2 0 2 1 2 0 3 1 2 3 0
-1.7514407928403105e-07 0 2 0 2 1 2 0 3 2 1 3 0
-0.0019174383177708392 0 2 0 2 1 2 1 0 0 1 1 2
0.0019252108595692826 0 2 0 2 1 2 1 0 0 1 2 1
-7.772541798443366e-06 0 2 0 2 1 2 1 0 0 2 1 1
7.772541798443366e-06 0 2 0 2 1 2 2 0 0 1 2 2
-0.0019252108595692826 0 2 0 2 1 2 2 0 0 2 1 2
0.0019174383177708392 0 2 0 2 1 2 2 0 0 2 2 1
-0.0019252108595692852 0 2 0 2 2 1 0 1 1 0 1 2
0.0019174383177708416 0 2 0 2 2 1 0 1 1 0 2 1
-7.772541798443362e-06 0 2 0 2 2 1 0 1 2 0 2 2
7.772541798443362e-06 0 2 0 2 2 1 0 2 1 0 1 1
-0.0019174383177708416 0 2 0 2 2 1 0 2 2 0 1 2
0.0019252108595692852 0 2 0 2 2 1 0 2 2 0 2 1
0.0019225881706898085 0 2 0 2 2 1 1 0 0 1 1 2
-0.0019174383177708394 0 2 0 2 2 1 1 0 0 1 2 1
-5.149852918969313e-06 0 2 0 2 2 1 1 0 0 2 1 1
1.7485909208783534e-07 0 2 0 2 2 1 1 2 3 0 3 0
5.149852918969313e-06 0 2 0 2 2 1 2 0 0 1 2 2
0.0019174383177708394 0 2 0 2 2 1 2 0 0 2 1 2
-0.0019225881706898085 0 2 0 2 2 1 2 0 0 2 2 1
-1.7485909208783534e-07 0 2 0 2 2 1 2 1 3 0 3 0
-0.004910968881995598 0 2 0 2 2 2 0 0 3 0 3 0
-0.0054485569372509455 0 2 0 2 2 2 0 3 0 0 3 0
-0.0049441978353984405 0 2 0 2 2 2 0 3 3 0 0 0
-0.04342160860121034 0 2 0 2 2 2 0 3 3 0 3 0
-0.004980979416152222 0 2 0 2 2 2 0 3 3 0 3 3
-0.004912645088103916 0 2 0 2 2 2 0 3 3 3 3 0
-2.795793329613592e-06 0 2 0 2 2 2 1 0 1 0 1 1
-8.227303984801718e-06 0 2 0 2 2 2 1 0 2 0 1 2
5.431510655188125e-06 0 2 0 2 2 2 1 0 2 0 2 1
5.431510655188125e-06 0 2 0 2 2 2 2 0 1 0 1 2
-8.227303984801718e-06 0 2 0 2 2 2 2 0 1 0 2 1
-2.795793329613592e-06 0 2 0 2 2 2 2 0 2 0 2 2
-0.005446008717564328 0 2 0 2 2 2 3 3 3 0 3 0
-0.011770362903454876 0 2 0 2 3 0 0 1 1 0 0 0
-0.001486714719929534 0 2 0 2 3 0 0 1 1 0 0 3
-0.0014721674467381182 0 2 0 2 3 0 0 1 1 0 3 0
-0.0013171636322644015 0 2 0 2 3 0 0 1 1 3 0 0
-0.011770362903454876 0 2 0 2 3 0 0 2 2 0 0 0
-0.001486714719929534 0 2 0 2 3 0 0 2 2 0 0 3
-0.0014721674467381182 0 2 0 2 3 0 0 2 2 0 3 0
-0.0013171636322644015 0 2 0 2 3 0 0 2 2 3 0 0
0.01177036290345485 0 2 0 2 3 0 1 0 0 1 0 0
0.0014867147199295306 0 2 0 2 3 0 1 0 0 1 0 3
0.001472167446738115 0 2 0 2 3 0 1 0 0 1 3 0
0.0013171636322643983 0 2 0 2 3 0 1 0 3 1 0 0
0.001316950542849365 0 2 0 2 3 0 1 3 0 1 0 0
0.01177036290345485 0 2 0 2 3 0 2 0 0 2 0 0
0.0014867147199295306 0 2 0 2 3 0 2 0 0 2 0 3
0.001472167446738115 0 2 0 2 3 0 2 0 0 2 3 0
0.0013171636322643983 0 2 0 2 3 0 2 0 3 2 0 0
0.001316950542849365 0 2 0 2 3 0 2 3 0 2 0 0
-0.0013169505428493684 0 2 0 2 3 0 3 1 1 0 0 0
-0.0013169505428493684 0 2 0 2 3 0 3 2 2 0 0 0
0.0004307235978413079 0 2 0 2 3 3 0 1 1 0 0 0
0.0004307235978413079 0 2 0 2 3 3 0 2 2 0 0 0
-0.005209958892017551 0 2 0 2 3 3 0 3 3 0 1 1
-0.005209958892017551 0 2 0 2 3 3 0 3 3 0 2 2
-0.0004307235978413083 0 2 0 2 3 3 1 0 0 1 0 0
-0.0004307235978413083 0 2 0 2 3 3 2 0 0 2 0 0
0.005084271604237134 0 2 0 3 0 1 0 1 0 0 0 2
0.0008711882615388402 0 2 0 3 0 1 0 1 0 0 3 2
0.0010039622517479367 0 2 0 3 0 1 0 1 0 3 0 2
-5.5943634798970614e-05 0 2 0 3 0 1 0 1 1 1 3 2
-5.5943634798970804e-05 0 2 0 3 0 1 0 1 2 2 3 2
0.0005752256244704276 0 2 0 3 0 1 0 1 3 0 0 2
-0.005084271604237134 0 2 0 3 0 1 0 2 0 0 0 1
-0.0008711882615388402 0 2 0 3 0 1 0 2 0 0 3 1
-0.0010039622517479367 0 2 0 3 0 1 0 2 0 3 0 1
5.5943634798970804e-05 0 2 0 3 0 1 0 2 1 1 3 1
5.5943634798970614e-05 0 2 0 3 0 1 0 2 2 2 3 1
-0.0005752256244704276 0 2 0 3 0 1 0 2 3 0 0 1
-6.6590917452553e-05 0 2 0 3 0 1 1 1 3 1 2 0
-1.5936956003587493e-05 0 2 0 3 0 1 1 2 3 1 1 0
-8.252787345614047e-05 0 2 0 3 0 1 1 2 3 2 2 0
8.252787345614047e-05 0 2 0 3 0 1 2 1 3 1 1 0
1.5936956003587493e-05 0 2 0 3 0 1 2 1 3 2 2 0
6.6590917452553e-05 0 2 0 3 0 1 2 2 3 2 1 0
0.000577871725283568 0 2 0 3 0 1 3 1 0 0 0 2
-5.7737293886122184e-05 0 2 0 3 0 1 3 1 1 1 0 2
-5.7737293886122184e-05 0 2 0 3 0 1 3 1 2 2 0 2
-0.000577871725283568 0 2 0 3 0 1 3 2 0 0 0 1
5.7737293886122184e-05 0 2 0 3 0 1 3 2 1 1 0 1
5.7737293886122184e-05 0 2 0 3 0 1 3 2 2 2 0 1
0.0005717676909042006 0 2 0 3 0 2 0 0 3 1 1 0
0.0005717676909042006 0 2 0 3 0 2 0 0 3 2 2 0
0.0006143962269488658 0 2 0 3 0 2 0 3 0 1 1 0
0.0006143962269488658 0 2 0 3 0 2 0 3 0 2 2 0
0.00011418051360880479 0 2 0 3 0 2 0 3 1 0 1 0
0.00011418051360880479 0 2 0 3 0 2 0 3 2 0 2 0
0.004896355640562398 0 2 0 3 0 2 0 3 3 1 1 0
0.000561670731358449 0 2 0 3 0 2 0 3 3 1 1 3
0.004896355640562398 0 2 0 3 0 2 0 3 3 2 2 0
0.000561670731358449 0 2 0 3 0 2 0 3 3 2 2 3
6.37161765974139e-05 0 2 0 3 0 2 1 0 0 0 3 1
7.280892237162665e-05 0 2 0 3 0 2 1 0 0 3 0 1
-1.1392497045576739e-05 0 2 0 3 0 2 1 0 1 1 3 1
-0.00026720415757178304 0 2 0 3 0 2 1 0 2 1 3 2
0.0002558116605262063 0 2 0 3 0 2 1 0 2 2 3 1
-1.3038036447544736e-05 0 2 0 3 0 2 1 3 0 0 0 1
-1.2795777737056994e-05 0 2 0 3 0 2 1 3 1 1 0 1
-0.0002778472611319961 0 2 0 3 0 2 1 3 2 1 0 2
0.00026505148339493913 0 2 0 3 0 2 1 3 2 2 0 1
6.37161765974139e-05 0 2 0 3 0 2 2 0 0 0 3 2
7.280892237162665e-05 0 2 0 3 0 2 2 0 0 3 0 2
0.0002558116605262063 0 2 0 3 0 2 2 0 1 1 3 2
-0.00026720415757178304 0 2 0 3 0 2 2 0 1 2 3 1
-1.1392497045576739e-05 0 2 0 3 0 2 2 0 2 2 3 2
-1.3038036447544736e-05 0 2 0 3 0 2 2 3 0 0 0 2
0.00026505148339493913 0 2 0 3 0 2 2 3 1 1 0 2
-0.0002778472611319961 0 2 0 3 0 2 2 3 1 2 0 1
-1.2795777737056994e-05 0 2 0 3 0 2 2 3 2 2 0 2
0.0006268794427272529 0 2 0 3 0 2 3 3 3 1 1 0
0.0006268794427272529 0 2 0 3 0 2 3 3 3 2 2 0
0.005138967595443936 0 2 0 3 1 0 0 1 0 0 2 0
0.0008741995802733578 0 2 0 3 1 0 0 1 0 0 2 3
0.0009959549050855452 0 2 0 3 1 0 0 1 0 3 2 0
-5.691607271002156e-05 0 2 0 3 1 0 0 1 1 1 2 3
-5.691607271002177e-05 0 2 0 3 1 0 0 1 2 2 2 3
0.0005814138335487431 0 2 0 3 1 0 0 1 3 0 2 0
-0.005138967595443936 0 2 0 3 1 0 0 2 0 0 1 0
-0.0008741995802733578 0 2 0 3 1 0 0 2 0 0 1 3
-0.0009959549050855452 0 2 0 3 1 0 0 2 0 3 1 0
5.691607271002177e-05 0 2 0 3 1 0 0 2 1 1 1 3
5.691607271002156e-05 0 2 0 3 1 0 0 2 2 2 1 3
-0.0005814138335487431 0 2 0 3 1 0 0 2 3 0 1 0
-0.0005449671632168604 0 2 0 3 1 0 0 3 3 1 3 2
0.0005449671632168604 0 2 0 3 1 0 0 3 3 2 3 1
0.000584088400800751 0 2 0 3 1 0 3 1 0 0 2 0
-5.835842484932015e-05 0 2 0 3 1 0 3 1 1 1 2 0
-5.835842484932015e-05 0 2 0 3 1 0 3 1 2 2 2 0
-0.000584088400800751 0 2 0 3 1 0 3 2 0 0 1 0
5.835842484932015e-05 0 2 0 3 1 0 3 2 1 1 1 0
5.835842484932015e-05 0 2 0 3 1 0 3 2 2 2 1 0
-0.0005861695625119604 0 2 0 3 1 3 0 0 3 1 3 2
0.0005861695625119604 0 2 0 3 1 3 0 0 3 2 3 1
0.000818231780709118 0 2 0 3 1 3 0 1 0 0 2 0
-6.206592562899095e-05 0 2 0 3 1 3 0 1 1 1 2 0
-6.206592562899115e-05 0 2 0 3 1 3 0 1 2 2 2 0
-0.000818231780709118 0 2 0 3 1 3 0 2 0 0 1 0
6.206592562899115e-05 0 2 0 3 1 3 0 2 1 1 1 0
6.206592562899095e-05 0 2 0 3 1 3 0 2 2 2 1 0
-0.0006307322109568805 0 2 0 3 1 3 0 3 0 1 3 2
0.0006307322109568805 0 2 0 3 1 3 0 3 0 2 3 1
-0.00011721642262407216 0 2 0 3 1 3 0 3 1 0 3 2
0.00011721642262407216 0 2 0 3 1 3 0 3 2 0 3 1
-0.0005723469292958319 0 2 0 3 1 3 0 3 3 1 0 2
-0.005026543268567537 0 2 0 3 1 3 0 3 3 1 3 2
0.0005723469292958319 0 2 0 3 1 3 0 3 3 2 0 1
0.005026543268567537 0 2 0 3 1 3 0 3 3 2 3 1
-0.000642733350571936 0 2 0 3 1 3 3 3 3 1 3 2
0.000642733350571936 0 2 0 3 1 3 3 3 3 2 3 1
6.206592562899082e-05 0 2 0 3 2 0 1 0 0 0 1 3
6.98505776006151e-05 0 2 0 3 2 0 1 0 0 3 1 0
-1.3232952773873492e-05 0 2 0 3 2 0 1 0 1 1 1 3
-0.00027513367499776016 0 2 0 3 2 0 1 0 2 1 2 3
0.0002619007222238866 0 2 0 3 2 0 1 0 2 2 1 3
-1.31782980980621e-05 0 2 0 3 2 0 1 3 0 0 1 0
-1.2933433197085328e-05 0 2 0 3 2 0 1 3 1 1 1 0
-0.0002808363090300361 0 2 0 3 2 0 1 3 2 1 2 0
0.0002679028758329508 0 2 0 3 2 0 1 3 2 2 1 0
6.206592562899082e-05 0 2 0 3 2 0 2 0 0 0 2 3
6.98505776006151e-05 0 2 0 3 2 0 2 0 0 3 2 0
0.0002619007222238866 0 2 0 3 2 0 2 0 1 1 2 3
-0.00027513367499776016 0 2 0 3 2 0 2 0 1 2 1 3
-1.3232952773873492e-05 0 2 0 3 2 0 2 0 2 2 2 3
-1.31782980980621e-05 0 2 0 3 2 0 2 3 0 0 2 0
0.0002679028758329508 0 2 0 3 2 0 2 3 1 1 2 0
-0.0002808363090300361 0 2 0 3 2 0 2 3 1 2 1 0
-1.2933433197085328e-05 0 2 0 3 2 0 2 3 2 2 2 0
5.6916072710021504e-05 0 2 0 3 2 3 1 0 0 0 1 0
-1.353073933269812e-05 0 2 0 3 2 3 1 0 1 1 1 0
-0.00029822908651571886 0 2 0 3 2 3 1 0 2 1 2 0
0.0002846983471830207 0 2 0 3 2 3 1 0 2 2 1 0
6.486621060599189e-05 0 2 0 3 2 3 1 1 3 1 3 1
-1.6183244322663603e-05 0 2 0 3 2 3 1 2 3 1 3 2
8.104945492865549e-05 0 2 0 3 2 3 1 2 3 2 3 1
5.6916072710021504e-05 0 2 0 3 2 3 2 0 0 0 2 0
0.0002846983471830207 0 2 0 3 2 3 2 0 1 1 2 0
-0.00029822908651571886 0 2 0 3 2 3 2 0 1 2 1 0
-1.353073933269812e-05 0 2 0 3 2 3 2 0 2 2 2 0
8.104945492865549e-05 0 2 0 3 2 3 2 1 3 1 3 2
-1.6183244322663603e-05 0 2 0 3 2 3 2 1 3 2 3 1
6.486621060599189e-05 0 2 0 3 2 3 2 2 3 2 3 2
0.000804834621397744 0 2 0 3 3 1 0 1 0 0 0 2
-6.371617659741399e-05 0 2 0 3 3 1 0 1 1 1 0 2
-6.371617659741418e-05 0 2 0 3 3 1 0 1 2 2 0 2
-0.000804834621397744 0 2 0 3 3 1 0 2 0 0 0 1
6.371617659741418e-05 0 2 0 3 3 1 0 2 1 1 0 1
6.371617659741399e-05 0 2 0 3 3 1 0 2 2 2 0 1
0.0005279570861136185 0 2 0 3 3 2 0 3 3 1 1 0
0.0005279570861136185 0 2 0 3 3 2 0 3 3 2 2 0
5.594363479897051e-05 0 2 0 3 3 2 1 0 0 0 0 1
-1.3890503816365704e-05 0 2 0 3 3 2 1 0 1 1 0 1
-0.000306158603941696 0 2 0 3 3 2 1 0 2 1 0 2
0.00029226810012533027 0 2 0 3 3 2 1 0 2 2 0 1
5.594363479897051e-05 0 2 0 3 3 2 2 0 0 0 0 2
0.00029226810012533027 0 2 0 3 3 2 2 0 1 1 0 2
-0.000306158603941696 0 2 0 3 3 2 2 0 1 2 0 1
-1.3890503816365704e-05 0 2 0 3 3 2 2 0 2 2 0 2
0.0013801428410319541 0 2 1 0 0 0 0 1 0 2 0 0
-60.02325437555549 0 2 1 0 0 0 0 1 2 0 0 0
0.007642176737322928 0 2 1 0 0 0 0 1 2 0 0 3
0.007740690186737915 0 2 1 0 0 0 0 1 2 0 3 0
0.0001999729041631618 0 2 1 0 0 0 0 1 2 0 3 3
0.007607459196691924 0 2 1 0 0 0 0 1 2 3 0 0
0.0008247845957348499 0 2 1 0 0 0 0 1 2 3 0 3
0.0008202860014785161 0 2 1 0 0 0 0 1 2 3 3 0
0.011567774107753608 0 2 1 0 0 0 0 1 3 2 0 0
0.0013269624635650458 0 2 1 0 0 0 0 1 3 2 0 3
0.0013171636322644015 0 2 1 0 0 0 0 1 3 2 3 0
-0.0013801428410319541 0 2 1 0 0 0 0 2 0 1 0 0
60.02325437555549 0 2 1 0 0 0 0 2 1 0 0 0
-0.007642176737322928 0 2 1 0 0 0 0 2 1 0 0 3
-0.007740690186737915 0 2 1 0 0 0 0 2 1 0 3 0
-0.0001999729041631618 0 2 1 0 0 0 0 2 1 0 3 3
-0.007607459196691924 0 2 1 0 0 0 0 2 1 3 0 0
-0.0008247845957348499 0 2 1 0 0 0 0 2 1 3 0 3
-0.0008202860014785161 0 2 1 0 0 0 0 2 1 3 3 0
-0.011567774107753608 0 2 1 0 0 0 0 2 3 1 0 0
-0.0013269624635650458 0 2 1 0 0 0 0 2 3 1 0 3
-0.0013171636322644015 0 2 1 0 0 0 0 2 3 1 3 0
6.507500786614312e-05 0 2 1 0 0 0 1 0 2 0 0 0
3.075399441201766e-05 0 2 1 0 0 0 1 1 0 0 2 1
3.075399441201766e-05 0 2 1 0 0 0 1 2 0 0 2 2
-6.507500786614312e-05 0 2 1 0 0 0 2 0 1 0 0 0
-3.075399441201766e-05 0 2 1 0 0 0 2 1 0 0 1 1
-3.075399441201766e-05 0 2 1 0 0 0 2 2 0 0 1 2
0.007619913788631767 0 2 1 0 0 0 3 1 2 0 0 0
0.0008259951906167663 0 2 1 0 0 0 3 1 2 0 0 3
0.0008190369840944675 0 2 1 0 0 0 3 1 2 0 3 0
0.0006788398506648689 0 2 1 0 0 0 3 1 2 3 0 0
0.0014056631026662164 0 2 1 0 0 0 3 1 3 2 0 0
-0.007619913788631767 0 2 1 0 0 0 3 2 1 0 0 0
-0.0008259951906167663 0 2 1 0 0 0 3 2 1 0 0 3
-0.0008190369840944675 0 2 1 0 0 0 3 2 1 0 3 0
-0.0006788398506648689 0 2 1 0 0 0 3 2 1 3 0 0
-0.0014056631026662164 0 2 1 0 0 0 3 2 3 1 0 0
0.007642176737322926 0 2 1 0 0 3 0 1 2 0 0 0
0.0010132061873023353 0 2 1 0 0 3 0 1 2 0 0 3
0.0009748880734084156 0 2 1 0 0 3 0 1 2 0 3 0
0.0008726668331417852 0 2 1 0 0 3 0 1 2 3 0 0
0.0012541535411934195 0 2 1 0 0 3 0 1 3 2 0 0
-0.007642176737322926 0 2 1 0 0 3 0 2 1 0 0 0
-0.0010132061873023353 0 2 1 0 0 3 0 2 1 0 0 3
-0.0009748880734084156 0 2 1 0 0 3 0 2 1 0 3 0
-0.0008726668331417852 0 2 1 0 0 3 0 2 1 3 0 0
-0.0012541535411934195 0 2 1 0 0 3 0 2 3 1 0 0
2.0274773094349635e-08 0 2 1 0 0 3 0 3 0 0 1 2
-2.0274773094349635e-08 0 2 1 0 0 3 0 3 0 0 2 1
-7.967400286404722e-07 0 2 1 0 0 3 1 1 0 3 2 1
7.967400286404763e-07 0 2 1 0 0 3 1 1 3 0 2 1
0.00011783094741826363 0 2 1 0 0 3 1 2 0 3 1 1
0.00011703420738962319 0 2 1 0 0 3 1 2 0 3 2 2
-0.0006485091902378817 0 2 1 0 0 3 1 2 3 0 1 1
-0.0006477124502092411 0 2 1 0 0 3 1 2 3 0 2 2
-0.00011703420738962319 0 2 1 0 0 3 2 1 0 3 1 1
-0.00011783094741826363 0 2 1 0 0 3 2 1 0 3 2 2
0.0006477124502092411 0 2 1 0 0 3 2 1 3 0 1 1
0.0006485091902378817 0 2 1 0 0 3 2 1 3 0 2 2
7.967400286404722e-07 0 2 1 0 0 3 2 2 0 3 1 2
-7.967400286404763e-07 0 2 1 0 0 3 2 2 3 0 1 2
0.0008725400515926453 0 2 1 0 0 3 3 1 2 0 0 0
-0.0008725400515926453 0 2 1 0 0 3 3 2 1 0 0 0
2.9957464994033568e-05 0 2 1 0 1 1 1 2 0 0 3 3
0.00010506038646225886 0 2 1 0 1 1 1 2 0 3 3 0
-0.0006964661414287649 0 2 1 0 1 1 1 2 3 0 3 0
-2.9957464994033568e-05 0 2 1 0 1 1 2 1 0 0 3 3
-0.00010506038646225886 0 2 1 0 1 1 2 1 0 3 3 0
0.0006964661414287649 0 2 1 0 1 1 2 1 3 0 3 0
1.04977214869334e-05 0 2 1 0 1 2 0 0 0 0 0 0
-2.8428139064743905e-05 0 2 1 0 1 2 0 0 0 0 3 0
-1.6143406896056153e-05 0 2 1 0 1 2 0 0 0 0 3 3
-1.5578449037410402e-06 0 2 1 0 1 2 0 0 0 3 3 0
-2.9659992519008843e-06 0 2 1 0 1 2 0 0 3 0 3 0
-3.3467961163930507e-05 0 2 1 0 1 2 0 1 1 0 2 2
-0.0007749151692452539 0 2 1 0 1 2 0 1 2 0 1 2
0.0008083831304091844 0 2 1 0 1 2 0 1 2 0 2 1
0.0008083831304091844 0 2 1 0 1 2 0 2 1 0 1 2
-0.0007749151692452539 0 2 1 0 1 2 0 2 1 0 2 1
-3.3467961163930507e-05 0 2 1 0 1 2 0 2 2 0 1 1
-2.8878727921303455e-05 0 2 1 0 1 2 0 3 0 0 0 0
-1.640039947064477e-06 0 2 1 0 1 2 0 3 0 0 0 3
0.2239374252152056 0 2 1 0 1 2 0 3 0 0 3 0
-2.8511196986255997e-05 0 2 1 0 1 2 0 3 0 0 3 3
-3.0602976844284405e-06 0 2 1 0 1 2 0 3 0 3 0 0
-2.838167385772447e-05 0 2 1 0 1 2 0 3 0 3 3 0
-3.0770809009663637e-06 0 2 1 0 1 2 0 3 0 3 3 3
-8.033913840119131e-07 0 2 1 0 1 2 0 3 1 1 3 0
-8.033913840119131e-07 0 2 1 0 1 2 0 3 2 2 3 0
-1.595144120763334e-05 0 2 1 0 1 2 0 3 3 0 0 0
-2.838167385772441e-05 0 2 1 0 1 2 0 3 3 0 3 0
1.071730958849764e-05 0 2 1 0 1 2 0 3 3 0 3 3
-3.0359090152673903e-06 0 2 1 0 1 2 0 3 3 3 3 0
-3.034295323285057e-06 0 2 1 0 1 2 3 0 0 0 3 0
-3.0556378889408603e-06 0 2 1 0 1 2 3 3 0 0 0 0
-2.84281390647441e-05 0 2 1 0 1 2 3 3 0 0 3 0
-3.081597350969451e-06 0 2 1 0 1 2 3 3 0 0 3 3
-2.9659992519008877e-06 0 2 1 0 1 2 3 3 0 3 3 0
-1.5578449037410402e-06 0 2 1 0 1 2 3 3 3 0 3 0
-3.239520731276119e-05 0 2 1 0 2 1 0 1 1 0 2 2
0.0008073103765580151 0 2 1 0 2 1 0 1 2 0 1 2
-0.0007749151692452539 0 2 1 0 2 1 0 1 2 0 2 1
-0.0007749151692452539 0 2 1 0 2 1 0 2 1 0 1 2
0.0008073103765580151 0 2 1 0 2 1 0 2 1 0 2 1
-3.239520731276119e-05 0 2 1 0 2 1 0 2 2 0 1 1
-4.745293708621687e-08 0 2 1 0 2 1 0 3 0 0 3 0
5.149852918969377e-06 0 2 1 0 2 2 1 0 1 0 1 2
7.772541798443359e-06 0 2 1 0 2 2 1 0 1 0 2 1
-1.2922394717412736e-05 0 2 1 0 2 2 1 0 2 0 1 1
3.108484223819042e-05 0 2 1 0 2 2 1 2 0 0 0 0
0.000104738082468283 0 2 1 0 2 2 1 2 0 3 3 0
-0.000696143837434789 0 2 1 0 2 2 1 2 3 0 3 0
1.2922394717412736e-05 0 2 1 0 2 2 2 0 1 0 2 2
-7.772541798443359e-06 0 2 1 0 2 2 2 0 2 0 1 2
-5.149852918969377e-06 0 2 1 0 2 2 2 0 2 0 2 1
-3.108484223819042e-05 0 2 1 0 2 2 2 1 0 0 0 0
-0.000104738082468283 0 2 1 0 2 2 2 1 0 3 3 0
0.000696143837434789 0 2 1 0 2 2 2 1 3 0 3 0
0.007740690186737912 0 2 1 0 3 0 0 1 2 0 0 0
0.0009748880734084156 0 2 1 0 3 0 0 1 2 0 0 3
0.0009991908148365065 0 2 1 0 3 0 0 1 2 0 3 0
0.0008662227058100669 0 2 1 0 3 0 0 1 2 3 0 0
0.0012473130546637862 0 2 1 0 3 0 0 1 3 2 0 0
-0.007740690186737912 0 2 1 0 3 0 0 2 1 0 0 0
-0.0009748880734084156 0 2 1 0 3 0 0 2 1 0 0 3
-0.0009991908148365065 0 2 1 0 3 0 0 2 1 0 3 0
-0.0008662227058100669 0 2 1 0 3 0 0 2 1 3 0 0
-0.0012473130546637862 0 2 1 0 3 0 0 2 3 1 0 0
0.0008660825691670954 0 2 1 0 3 0 3 1 2 0 0 0
-0.0008660825691670954 0 2 1 0 3 0 3 2 1 0 0 0
0.0001999729041631618 0 2 1 0 3 3 0 1 2 0 0 0
-0.0001999729041631618 0 2 1 0 3 3 0 2 1 0 0 0
-3.02797438511517e-05 0 2 1 0 3 3 1 1 0 0 2 1
3.02797438511517e-05 0 2 1 0 3 3 1 2 0 0 1 1
-3.02797438511517e-05 0 2 1 0 3 3 2 1 0 0 2 2
3.02797438511517e-05 0 2 1 0 3 3 2 2 0 0 1 2
-6.371617659741399e-05 0 2 1 1 0 1 0 1 3 0 3 2
-7.280892237162682e-05 0 2 1 1 0 1 0 1 3 3 0 2
6.371617659741399e-05 0 2 1 1 0 1 0 2 3 0 3 1
7.280892237162682e-05 0 2 1 1 0 1 0 2 3 3 0 1
3.076212608776421e-05 0 2 1 1 0 1 1 1 0 1 2 0
-4.293693895540815e-05 0 2 1 1 0 1 1 2 0 1 1 0
-1.2174812867643942e-05 0 2 1 1 0 1 1 2 0 2 2 0
1.2174812867643942e-05 0 2 1 1 0 1 2 1 0 1 1 0
4.293693895540815e-05 0 2 1 1 0 1 2 1 0 2 2 0
-3.076212608776421e-05 0 2 1 1 0 1 2 2 0 2 1 0
1.3038036447544308e-05 0 2 1 1 0 1 3 1 3 0 0 2
-1.3038036447544308e-05 0 2 1 1 0 1 3 2 3 0 0 1
8.923419911220621e-05 0 2 1 1 0 2 0 0 0 1 1 0
8.923419911220621e-05 0 2 1 1 0 2 0 0 0 2 2 0
-0.000365986271296534 0 2 1 1 0 2 0 1 1 2 0 2
-4.788223740693559e-05 0 2 1 1 0 2 0 1 2 1 0 2
0.00041386850870346956 0 2 1 1 0 2 0 1 2 2 0 1
0.00041386850870346956 0 2 1 1 0 2 0 2 1 1 0 2
-4.788223740693559e-05 0 2 1 1 0 2 0 2 1 2 0 1
-0.000365986271296534 0 2 1 1 0 2 0 2 2 1 0 1
-6.587167411020237e-06 0 2 1 1 0 2 0 3 3 1 1 0
-6.587167411020237e-06 0 2 1 1 0 2 0 3 3 2 2 0
0.0003019673489648436 0 2 1 1 0 2 1 0 0 0 0 1
0.00029226810012533016 0 2 1 1 0 2 1 0 3 0 3 1
-8.670989442074808e-05 0 2 1 1 0 2 1 1 2 0 2 0
8.000356876468314e-05 0 2 1 1 0 2 1 2 1 0 2 0
6.70632565606494e-06 0 2 1 1 0 2 1 2 2 0 1 0
-2.8481756444590798e-05 0 2 1 1 0 2 1 3 3 0 0 1
0.0003019673489648436 0 2 1 1 0 2 2 0 0 0 0 2
0.00029226810012533016 0 2 1 1 0 2 2 0 3 0 3 2
6.70632565606494e-06 0 2 1 1 0 2 2 1 1 0 2 0
8.000356876468314e-05 0 2 1 1 0 2 2 1 2 0 1 0
-8.670989442074808e-05 0 2 1 1 0 2 2 2 1 0 1 0
-2.8481756444590798e-05 0 2 1 1 0 2 2 3 3 0 0 2
-8.252787345614001e-05 0 2 1 1 0 2 3 3 0 1 1 0
-8.252787345614001e-05 0 2 1 1 0 2 3 3 0 2 2 0
-6.206592562899095e-05 0 2 1 1 1 0 0 1 3 0 2 3
-6.985057760061525e-05 0 2 1 1 1 0 0 1 3 3 2 0
6.206592562899095e-05 0 2 1 1 1 0 0 2 3 0 1 3
6.985057760061525e-05 0 2 1 1 1 0 0 2 3 3 1 0
1.7863757274606577e-07 0 2 1 1 1 0 0 3 0 1 3 2
-1.7863757274606577e-07 0 2 1 1 1 0 0 3 0 2 3 1
1.3178298098061667e-05 0 2 1 1 1 0 3 1 3 0 2 0
-1.3178298098061667e-05 0 2 1 1 1 0 3 2 3 0 1 0
-8.758208654029659e-05 0 2 1 1 1 3 0 0 0 1 3 2
8.758208654029659e-05 0 2 1 1 1 3 0 0 0 2 3 1
-5.691607271002156e-05 0 2 1 1 1 3 0 1 3 0 2 0
5.691607271002156e-05 0 2 1 1 1 3 0 2 3 0 1 0
6.762311490304267e-06 0 2 1 1 1 3 0 3 3 1 3 2
-6.762311490304267e-06 0 2 1 1 1 3 0 3 3 2 3 1
-8.446410544091291e-05 0 2 1 1 1 3 1 1 2 0 3 1
7.793147382927269e-05 0 2 1 1 1 3 1 2 1 0 3 1
-6.532631611640239e-06 0 2 1 1 1 3 1 2 2 0 3 2
6.532631611640239e-06 0 2 1 1 1 3 2 1 1 0 3 1
-7.793147382927269e-05 0 2 1 1 1 3 2 1 2 0 3 2
8.446410544091291e-05 0 2 1 1 1 3 2 2 1 0 3 2
8.104945492865501e-05 0 2 1 1 1 3 3 3 0 1 3 2
-8.104945492865501e-05 0 2 1 1 1 3 3 3 0 2 3 1
-0.0003511156546648828 0 2 1 1 2 0 0 1 1 2 2 0
-4.593670433155055e-05 0 2 1 1 2 0 0 1 2 1 2 0
0.00039705235899643334 0 2 1 1 2 0 0 1 2 2 1 0
0.00039705235899643334 0 2 1 1 2 0 0 2 1 1 2 0
-4.593670433155055e-05 0 2 1 1 2 0 0 2 1 2 1 0
-0.0003511156546648828 0 2 1 1 2 0 0 2 2 1 1 0
0.00028969792512600803 0 2 1 1 2 0 1 0 0 0 1 0
0.0002846983471830205 0 2 1 1 2 0 1 0 3 0 1 3
-2.8788159804070912e-05 0 2 1 1 2 0 1 3 3 0 1 0
0.00028969792512600803 0 2 1 1 2 0 2 0 0 0 2 0
0.0002846983471830205 0 2 1 1 2 0 2 0 3 0 2 3
-2.8788159804070912e-05 0 2 1 1 2 0 2 3 3 0 2 0
0.00026190072222388657 0 2 1 1 2 3 1 0 3 0 1 0
-2.9965386059123738e-05 0 2 1 1 2 3 1 1 0 1 3 1
-4.3264587059549584e-05 0 2 1 1 2 3 1 2 0 1 3 2
1.3299201000425847e-05 0 2 1 1 2 3 1 2 0 2 3 1
0.00026190072222388657 0 2 1 1 2 3 2 0 3 0 2 0
1.3299201000425847e-05 0 2 1 1 2 3 2 1 0 1 3 2
-4.3264587059549584e-05 0 2 1 1 2 3 2 1 0 2 3 1
-2.9965386059123738e-05 0 2 1 1 2 3 2 2 0 2 3 2
-5.5943634798970614e-05 0 2 1 1 3 1 0 1 3 0 0 2
5.5943634798970614e-05 0 2 1 1 3 1 0 2 3 0 0 1
1.713792380251901e-07 0 2 1 1 3 2 0 3 0 1 1 0
1.713792380251901e-07 0 2 1 1 3 2 0 3 0 2 2 0
0.00025581166052620605 0 2 1 1 3 2 1 0 3 0 0 1
0.00025581166052620605 0 2 1 1 3 2 2 0 3 0 0 2
-3.137517799048697e-05 0 2 1 2 0 1 0 1 1 2 0 2
7.925741539742256e-05 0 2 1 2 0 1 0 1 2 1 0 2
-4.788223740693559e-05 0 2 1 2 0 1 0 1 2 2 0 1
-4.788223740693559e-05 0 2 1 2 0 1 0 2 1 1 0 2
7.925741539742256e-05 0 2 1 2 0 1 0 2 1 2 0 1
-3.137517799048697e-05 0 2 1 2 0 1 0 2 2 1 0 1
8.00035687646831e-05 0 2 1 2 0 1 1 1 2 0 2 0
-4.05214435340964e-06 0 2 1 2 0 1 1 2 1 0 2 0
-7.595142441127346e-05 0 2 1 2 0 1 1 2 2 0 1 0
-7.595142441127346e-05 0 2 1 2 0 1 2 1 1 0 2 0
-4.05214435340964e-06 0 2 1 2 0 1 2 1 2 0 1 0
8.00035687646831e-05 0 2 1 2 0 1 2 2 1 0 1 0
-1.799156513175964e-05 0 2 1 2 0 2 0 0 1 0 2 0
1.799156513175964e-05 0 2 1 2 0 2 0 0 2 0 1 0
7.280892237162672e-05 0 2 1 2 0 2 0 1 0 0 0 2
-7.280892237162682e-05 0 2 1 2 0 2 0 1 3 3 0 2
-7.280892237162672e-05 0 2 1 2 0 2 0 2 0 0 0 1
7.280892237162682e-05 0 2 1 2 0 2 0 2 3 3 0 1
-0.0003041189147423148 0 2 1 2 0 2 0 3 1 0 2 3
3.021554348106485e-05 0 2 1 2 0 2 0 3 1 3 2 0
0.0003041189147423148 0 2 1 2 0 2 0 3 2 0 1 3
-3.021554348106485e-05 0 2 1 2 0 2 0 3 2 3 1 0
-7.280892237162656e-05 0 2 1 2 0 2 1 0 1 1 0 2
7.280892237162656e-05 0 2 1 2 0 2 1 0 2 1 0 1
0.00039774100484002683 0 2 1 2 0 2 1 1 0 1 2 0
-3.076212608776424e-05 0 2 1 2 0 2 1 2 0 1 1 0
0.0003669788787522626 0 2 1 2 0 2 1 2 0 2 2 0
-7.280892237162656e-05 0 2 1 2 0 2 2 0 1 2 0 2
7.280892237162656e-05 0 2 1 2 0 2 2 0 2 2 0 1
-0.0003669788787522626 0 2 1 2 0 2 2 1 0 1 1 0
3.076212608776424e-05 0 2 1 2 0 2 2 1 0 2 2 0
-0.00039774100484002683 0 2 1 2 0 2 2 2 0 2 1 0
-0.00028746306144497466 0 2 1 2 0 2 3 3 1 0 2 0
0.00028746306144497466 0 2 1 2 0 2 3 3 2 0 1 0
-3.171270843595911e-05 0 2 1 2 1 0 0 1 1 2 2 0
7.764941276750965e-05 0 2 1 2 1 0 0 1 2 1 2 0
-4.593670433155055e-05 0 2 1 2 1 0 0 1 2 2 1 0
-4.593670433155055e-05 0 2 1 2 1 0 0 2 1 1 2 0
7.764941276750965e-05 0 2 1 2 1 0 0 2 1 2 1 0
-3.171270843595911e-05 0 2 1 2 1 0 0 2 2 1 1 0
-0.0002724812638658639 0 2 1 2 1 0 0 3 1 0 3 1
-0.0002724812638658639 0 2 1 2 1 0 0 3 2 0 3 2
-1.766926113778382e-05 0 2 1 2 1 3 0 0 1 0 3 1
-1.766926113778382e-05 0 2 1 2 1 3 0 0 2 0 3 2
-0.0002917620692914029 0 2 1 2 1 3 0 3 1 0 0 1
3.101893486507676e-05 0 2 1 2 1 3 0 3 1 3 3 1
-0.0002917620692914029 0 2 1 2 1 3 0 3 2 0 0 2
3.101893486507676e-05 0 2 1 2 1 3 0 3 2 3 3 2
0.00038743950036391773 0 2 1 2 1 3 1 1 0 1 3 1
2.9965386059123785e-05 0 2 1 2 1 3 1 2 0 1 3 2
0.00035747411430479397 0 2 1 2 1 3 1 2 0 2 3 1
0.00035747411430479397 0 2 1 2 1 3 2 1 0 1 3 2
2.9965386059123785e-05 0 2 1 2 1 3 2 1 0 2 3 1
0.00038743950036391773 0 2 1 2 1 3 2 2 0 2 3 2
-0.00027987408104876286 0 2 1 2 1 3 3 3 1 0 3 1
-0.00027987408104876286 0 2 1 2 1 3 3 3 2 0 3 2
6.985057760061517e-05 0 2 1 2 2 0 0 1 0 0 2 0
-6.985057760061525e-05 0 2 1 2 2 0 0 1 3 3 2 0
-6.985057760061517e-05 0 2 1 2 2 0 0 2 0 0 1 0
6.985057760061525e-05 0 2 1 2 2 0 0 2 3 3 1 0
-6.985057760061502e-05 0 2 1 2 2 0 1 0 1 1 2 0
6.985057760061502e-05 0 2 1 2 2 0 1 0 2 1 1 0
-6.985057760061502e-05 0 2 1 2 2 0 2 0 1 2 2 0
6.985057760061502e-05 0 2 1 2 2 0 2 0 2 2 1 0
-7.793147382927268e-05 0 2 1 2 2 3 1 1 2 0 3 1
3.6333270375720134e-06 0 2 1 2 2 3 1 2 1 0 3 1
-7.429814679170066e-05 0 2 1 2 2 3 1 2 2 0 3 2
7.429814679170066e-05 0 2 1 2 2 3 2 1 1 0 3 1
-3.6333270375720134e-06 0 2 1 2 2 3 2 1 2 0 3 2
7.793147382927268e-05 0 2 1 2 2 3 2 2 1 0 3 2
-0.0002621960294945096 0 2 1 2 3 2 0 3 1 0 2 0
0.0002621960294945096 0 2 1 2 3 2 0 3 2 0 1 0
0.011567774107753582 0 2 1 3 0 0 0 1 0 2 0 0
0.0012541535411934185 0 2 1 3 0 0 0 1 0 2 0 3
0.0012473130546637862 0 2 1 3 0 0 0 1 0 2 3 0
0.007607459196691924 0 2 1 3 0 0 0 1 2 0 0 0
0.0008726668331417852 0 2 1 3 0 0 0 1 2 0 0 3
0.0008662227058100669 0 2 1 3 0 0 0 1 2 0 3 0
0.001313415270254086 0 2 1 3 0 0 0 1 2 3 0 0
-91.26549880011312 0 2 1 3 0 0 0 1 3 2 0 0
0.011620565014311588 0 2 1 3 0 0 0 1 3 2 0 3
0.01177036290345488 0 2 1 3 0 0 0 1 3 2 3 0
-0.000430723597841308 0 2 1 3 0 0 0 1 3 2 3 3
-0.011567774107753582 0 2 1 3 0 0 0 2 0 1 0 0
-0.0012541535411934185 0 2 1 3 0 0 0 2 0 1 0 3
-0.0012473130546637862 0 2 1 3 0 0 0 2 0 1 3 0
-0.007607459196691924 0 2 1 3 0 0 0 2 1 0 0 0
-0.0008726668331417852 0 2 1 3 0 0 0 2 1 0 0 3
-0.0008662227058100669 0 2 1 3 0 0 0 2 1 0 3 0
-0.001313415270254086 0 2 1 3 0 0 0 2 1 3 0 0
91.26549880011314 0 2 1 3 0 0 0 2 3 1 0 0
-0.011620565014311588 0 2 1 3 0 0 0 2 3 1 0 3
-0.01177036290345488 0 2 1 3 0 0 0 2 3 1 3 0
0.000430723597841308 0 2 1 3 0 0 0 2 3 1 3 3
0.0002985178007479033 0 2 1 3 0 0 1 0 3 2 0 0
-0.0002985178007479033 0 2 1 3 0 0 2 0 3 1 0 0
-0.0006575389726822638 0 2 1 3 0 0 3 1 0 2 0 0
0.0011927415602953086 0 2 1 3 0 0 3 1 2 0 0 0
0.011586712350133798 0 2 1 3 0 0 3 1 3 2 0 0
0.0012559943513467098 0 2 1 3 0 0 3 1 3 2 0 3
0.0012454138199019863 0 2 1 3 0 0 3 1 3 2 3 0
0.0006575389726822638 0 2 1 3 0 0 3 2 0 1 0 0
-0.0011927415602953086 0 2 1 3 0 0 3 2 1 0 0 0
-0.011586712350133798 0 2 1 3 0 0 3 2 3 1 0 0
-0.0012559943513467098 0 2 1 3 0 0 3 2 3 1 0 3
-0.0012454138199019863 0 2 1 3 0 0 3 2 3 1 3 0
0.001326962463565045 0 2 1 3 0 3 0 1 0 2 0 0
0.0008247845957348499 0 2 1 3 0 3 0 1 2 0 0 0
0.011620565014311586 0 2 1 3 0 3 0 1 3 2 0 0
0.0014920040540839443 0 2 1 3 0 3 0 1 3 2 0 3
0.001486714719929534 0 2 1 3 0 3 0 1 3 2 3 0
-0.001326962463565045 0 2 1 3 0 3 0 2 0 1 0 0
-0.0008247845957348499 0 2 1 3 0 3 0 2 1 0 0 0
-0.011620565014311586 0 2 1 3 0 3 0 2 3 1 0 0
-0.0014920040540839443 0 2 1 3 0 3 0 2 3 1 0 3
-0.001486714719929534 0 2 1 3 0 3 0 2 3 1 3 0
-1.724706846561089e-06 0 2 1 3 0 3 1 1 1 1 2 1
0.0018419954776028018 0 2 1 3 0 3 1 1 2 1 1 1
0.0018381986758208304 0 2 1 3 0 3 1 1 2 1 2 2
2.0720949354104188e-06 0 2 1 3 0 3 1 1 2 2 2 1
-0.0002976862957837672 0 2 1 3 0 3 1 2 0 0 1 1
-0.0002976862957837672 0 2 1 3 0 3 1 2 0 0 2 2
-8.405258804037817e-05 0 2 1 3 0 3 1 2 1 1 1 1
-8.37051999515288e-05 0 2 1 3 0 3 1 2 1 1 2 2
-2.072094935410445e-06 0 2 1 3 0 3 1 2 1 2 2 1
1.724706846561063e-06 0 2 1 3 0 3 1 2 2 1 1 2
0.0017562181827158628 0 2 1 3 0 3 1 2 2 2 1 1
0.0017562181827158623 0 2 1 3 0 3 1 2 2 2 2 2
0.0002976862957837672 0 2 1 3 0 3 2 1 0 0 1 1
0.0002976862957837672 0 2 1 3 0 3 2 1 0 0 2 2
-0.0017562181827158623 0 2 1 3 0 3 2 1 1 1 1 1
-0.0017562181827158628 0 2 1 3 0 3 2 1 1 1 2 2
-1.724706846561063e-06 0 2 1 3 0 3 2 1 1 2 2 1
2.072094935410445e-06 0 2 1 3 0 3 2 1 2 1 1 2
8.37051999515288e-05 0 2 1 3 0 3 2 1 2 2 1 1
8.405258804037817e-05 0 2 1 3 0 3 2 1 2 2 2 2
-2.0720949354104188e-06 0 2 1 3 0 3 2 2 1 1 1 2
-0.0018381986758208304 0 2 1 3 0 3 2 2 1 2 1 1
-0.0018419954776028018 0 2 1 3 0 3 2 2 1 2 2 2
1.724706846561089e-06 0 2 1 3 0 3 2 2 2 2 1 2
0.0013267696816803769 0 2 1 3 0 3 3 1 3 2 0 0
-0.0013267696816803769 0 2 1 3 0 3 3 2 3 1 0 0
0.0019264595830437146 0 2 1 3 1 1 1 1 2 1 3 0
-0.0002675199177843637 0 2 1 3 1 1 1 2 0 0 3 0
-8.775734430493842e-05 0 2 1 3 1 1 1 2 1 1 3 0
0.0018387022387387761 0 2 1 3 1 1 1 2 2 2 3 0
0.0002675199177843637 0 2 1 3 1 1 2 1 0 0 3 0
-0.0018387022387387761 0 2 1 3 1 1 2 1 1 1 3 0
8.775734430493842e-05 0 2 1 3 1 1 2 1 2 2 3 0
-0.0019264595830437146 0 2 1 3 1 1 2 2 1 2 3 0
-3.2099574756506604e-06 0 2 1 3 1 2 0 0 0 0 3 0
-3.223039939758227e-07 0 2 1 3 1 2 0 0 1 1 3 0
-3.223039939758227e-07 0 2 1 3 1 2 0 0 2 2 3 0
-5.149852918969382e-06 0 2 1 3 1 2 0 1 3 1 2 2
-0.0019174383177708416 0 2 1 3 1 2 0 1 3 2 1 2
0.0019225881706898113 0 2 1 3 1 2 0 1 3 2 2 1
0.0019225881706898113 0 2 1 3 1 2 0 2 3 1 1 2
-0.0019174383177708416 0 2 1 3 1 2 0 2 3 1 2 1
-5.149852918969382e-06 0 2 1 3 1 2 0 2 3 2 1 1
-3.2316769224536313e-06 0 2 1 3 1 2 0 3 0 0 0 0
-2.838167385772447e-05 0 2 1 3 1 2 0 3 0 0 3 0
-3.255718473712429e-06 0 2 1 3 1 2 0 3 0 0 3 3
-3.5613412531194877e-06 0 2 1 3 1 2 0 3 0 3 3 0
2.9566039796893243e-05 0 2 1 3 1 2 0 3 1 1 0 0
-3.163765087645095e-05 0 2 1 3 1 2 0 3 1 1 3 3
2.9566039796893243e-05 0 2 1 3 1 2 0 3 2 2 0 0
-3.163765087645095e-05 0 2 1 3 1 2 0 3 2 2 3 3
-3.2110530945514218e-06 0 2 1 3 1 2 0 3 3 0 3 0
-3.5596756598263356e-06 0 2 1 3 1 2 3 3 0 0 3 0
3.223039939758261e-07 0 2 1 3 1 2 3 3 1 1 3 0
3.223039939758261e-07 0 2 1 3 1 2 3 3 2 2 3 0
-7.77254179844336e-06 0 2 1 3 2 1 0 1 3 1 2 2
0.0019252108595692852 0 2 1 3 2 1 0 1 3 2 1 2
-0.0019174383177708418 0 2 1 3 2 1 0 1 3 2 2 1
-0.0019174383177708418 0 2 1 3 2 1 0 2 3 1 1 2
0.0019252108595692852 0 2 1 3 2 1 0 2 3 1 2 1
-7.77254179844336e-06 0 2 1 3 2 1 0 2 3 2 1 1
3.0727142385111194e-05 0 2 1 3 2 2 1 0 3 1 1 2
2.8526922173146853e-05 0 2 1 3 2 2 1 0 3 1 2 1
-5.925406455825805e-05 0 2 1 3 2 2 1 0 3 2 1 1
0.0019249085702415785 0 2 1 3 2 2 1 1 2 1 3 0
-0.0002667178336455577 0 2 1 3 2 2 1 2 0 0 3 0
-8.768591507795015e-05 0 2 1 3 2 2 1 2 1 1 3 0
0.0018372226551636283 0 2 1 3 2 2 1 2 2 2 3 0
5.925406455825805e-05 0 2 1 3 2 2 2 0 3 1 2 2
-2.8526922173146853e-05 0 2 1 3 2 2 2 0 3 2 1 2
-3.0727142385111194e-05 0 2 1 3 2 2 2 0 3 2 2 1
0.0002667178336455577 0 2 1 3 2 2 2 1 0 0 3 0
-0.0018372226551636283 0 2 1 3 2 2 2 1 1 1 3 0
8.768591507795015e-05 0 2 1 3 2 2 2 1 2 2 3 0
-0.0019249085702415785 0 2 1 3 2 2 2 2 1 2 3 0
0.001317163632264401 0 2 1 3 3 0 0 1 0 2 0 0
0.0008202860014785161 0 2 1 3 3 0 0 1 2 0 0 0
0.011770362903454876 0 2 1 3 3 0 0 1 3 2 0 0
0.001486714719929534 0 2 1 3 3 0 0 1 3 2 0 3
0.0014721674467381182 0 2 1 3 3 0 0 1 3 2 3 0
-0.001317163632264401 0 2 1 3 3 0 0 2 0 1 0 0
-0.0008202860014785161 0 2 1 3 3 0 0 2 1 0 0 0
-0.011770362903454876 0 2 1 3 3 0 0 2 3 1 0 0
-0.001486714719929534 0 2 1 3 3 0 0 2 3 1 0 3
-0.0014721674467381182 0 2 1 3 3 0 0 2 3 1 3 0
0.0013169505428493684 0 2 1 3 3 0 3 1 3 2 0 0
-0.0013169505428493684 0 2 1 3 3 0 3 2 3 1 0 0
-0.00043072359784130737 0 2 1 3 3 3 0 1 3 2 0 0
0.00043072359784130737 0 2 1 3 3 3 0 2 3 1 0 0
-0.001214859560873809 0 2 2 0 0 0 0 0 0 0 1 1
-0.001214859560873809 0 2 2 0 0 0 0 0 0 0 2 2
0.00029951031452236563 0 2 2 0 0 0 0 1 1 0 0 0
0.00029951031452236563 0 2 2 0 0 0 0 2 2 0 0 0
-0.01058167367806777 0 2 2 0 0 0 0 3 0 0 1 1
-0.01058167367806777 0 2 2 0 0 0 0 3 0 0 2 2
-0.0012083305549426453 0 2 2 0 0 0 0 3 0 3 1 1
-0.0012083305549426453 0 2 2 0 0 0 0 3 0 3 2 2
-0.0012150491126146305 0 2 2 0 0 0 0 3 3 0 1 1
-0.0012150491126146305 0 2 2 0 0 0 0 3 3 0 2 2
-0.0005861227498906912 0 2 2 0 0 0 1 0 0 1 0 0
91.26549880011304 0 2 2 0 0 0 1 0 1 0 0 0
-0.011620565014311577 0 2 2 0 0 0 1 0 1 0 0 3
-0.01177036290345487 0 2 2 0 0 0 1 0 1 0 3 0
0.0004307235978413088 0 2 2 0 0 0 1 0 1 0 3 3
-0.011567774107753595 0 2 2 0 0 0 1 0 1 3 0 0
-0.0012541535411934182 0 2 2 0 0 0 1 0 1 3 0 3
-0.001247313054663785 0 2 2 0 0 0 1 0 1 3 3 0
-0.0025637726802875856 0 2 2 0 0 0 1 0 3 1 0 0
-0.0002940954828617266 0 2 2 0 0 0 1 0 3 1 0 3
-0.0002919237620316578 0 2 2 0 0 0 1 0 3 1 3 0
-0.011586712350133706 0 2 2 0 0 0 1 3 1 0 0 0
-0.001255994351346708 0 2 2 0 0 0 1 3 1 0 0 3
-0.0012454138199019845 0 2 2 0 0 0 1 3 1 0 3 0
0.0006575389726822655 0 2 2 0 0 0 1 3 1 3 0 0
-0.0007051854313548105 0 2 2 0 0 0 1 3 3 1 0 0
-0.0005861227498906912 0 2 2 0 0 0 2 0 0 2 0 0
91.26549880011304 0 2 2 0 0 0 2 0 2 0 0 0
-0.011620565014311577 0 2 2 0 0 0 2 0 2 0 0 3
-0.01177036290345487 0 2 2 0 0 0 2 0 2 0 3 0
0.0004307235978413087 0 2 2 0 0 0 2 0 2 0 3 3
-0.011567774107753595 0 2 2 0 0 0 2 0 2 3 0 0
-0.0012541535411934182 0 2 2 0 0 0 2 0 2 3 0 3
-0.001247313054663785 0 2 2 0 0 0 2 0 2 3 3 0
-0.0025637726802875856 0 2 2 0 0 0 2 0 3 2 0 0
-0.0002940954828617266 0 2 2 0 0 0 2 0 3 2 0 3
-0.0002919237620316578 0 2 2 0 0 0 2 0 3 2 3 0
-0.011586712350133706 0 2 2 0 0 0 2 3 2 0 0 0
-0.001255994351346708 0 2 2 0 0 0 2 3 2 0 0 3
-0.0012454138199019845 0 2 2 0 0 0 2 3 2 0 3 0
0.0006575389726822655 0 2 2 0 0 0 2 3 2 3 0 0
-0.0007051854313548105 0 2 2 0 0 0 2 3 3 2 0 0
-0.0012081550079712116 0 2 2 0 0 0 3 3 0 0 1 1
-0.0012081550079712116 0 2 2 0 0 0 3 3 0 0 2 2
-0.010550847479425772 0 2 2 0 0 3 0 0 0 0 1 1
-0.010550847479425772 0 2 2 0 0 3 0 0 0 0 2 2
0.0006289039910469323 0 2 2 0 0 3 0 0 0 3 1 1
0.0006289039910469323 0 2 2 0 0 3 0 0 0 3 2 2
-0.0009277442981372749 0 2 2 0 0 3 0 0 3 0 1 1
-0.0009277442981372749 0 2 2 0 0 3 0 0 3 0 2 2
83.10561617435954 0 2 2 0 0 3 0 3 0 0 1 1
83.10561617435955 0 2 2 0 0 3 0 3 0 0 2 2
-0.010533602336813887 0 2 2 0 0 3 0 3 0 3 1 1
-0.010533602336813887 0 2 2 0 0 3 0 3 0 3 2 2
-0.00029817146805458154 0 2 2 0 0 3 0 3 1 1 1 1
-0.00029817146805458154 0 2 2 0 0 3 0 3 1 1 2 2
-0.00029817146805458154 0 2 2 0 0 3 0 3 2 2 1 1
-0.00029817146805458154 0 2 2 0 0 3 0 3 2 2 2 2
-0.010533602336813863 0 2 2 0 0 3 0 3 3 0 1 1
-0.010533602336813863 0 2 2 0 0 3 0 3 3 0 2 2
-0.0011267502564466041 0 2 2 0 0 3 0 3 3 3 1 1
-0.0011267502564466041 0 2 2 0 0 3 0 3 3 3 2 2
-0.011620565014311574 0 2 2 0 0 3 1 0 1 0 0 0
-0.001492004054083943 0 2 2 0 0 3 1 0 1 0 0 3
-0.0014867147199295325 0 2 2 0 0 3 1 0 1 0 3 0
-0.0013269624635650447 0 2 2 0 0 3 1 0 1 3 0 0
-0.00027795879793697184 0 2 2 0 0 3 1 0 3 1 0 0
-0.001326769681680375 0 2 2 0 0 3 1 3 1 0 0 0
-0.011620565014311574 0 2 2 0 0 3 2 0 2 0 0 0
-0.001492004054083943 0 2 2 0 0 3 2 0 2 0 0 3
-0.0014867147199295325 0 2 2 0 0 3 2 0 2 0 3 0
-0.0013269624635650447 0 2 2 0 0 3 2 0 2 3 0 0
-0.00027795879793697184 0 2 2 0 0 3 2 0 3 2 0 0
-0.001326769681680375 0 2 2 0 0 3 2 3 2 0 0 0
-0.0011261513492179039 0 2 2 0 0 3 3 0 0 0 1 1
-0.0011261513492179039 0 2 2 0 0 3 3 0 0 0 2 2
-0.010550847479425845 0 2 2 0 0 3 3 3 0 0 1 1
-0.010550847479425845 0 2 2 0 0 3 3 3 0 0 2 2
-0.0011591262972086799 0 2 2 0 0 3 3 3 0 3 1 1
-0.0011591262972086799 0 2 2 0 0 3 3 3 0 3 2 2
0.0006289039910469314 0 2 2 0 0 3 3 3 3 0 1 1
0.0006289039910469315 0 2 2 0 0 3 3 3 3 0 2 2
-0.0010296476551148919 0 2 2 0 1 1 0 0 0 0 0 0
-0.00945323725913548 0 2 2 0 1 1 0 0 0 0 3 0
-0.001024726621376545 0 2 2 0 1 1 0 0 0 0 3 3
0.0008271835525969671 0 2 2 0 1 1 0 0 0 3 3 0
-0.0007934232306853036 0 2 2 0 1 1 0 0 3 0 3 0
6.586316847669168e-05 0 2 2 0 1 1 0 1 1 0 2 2
-3.239520731276118e-05 0 2 2 0 1 1 0 1 2 0 1 2
-3.34679611639305e-05 0 2 2 0 1 1 0 1 2 0 2 1
-3.34679611639305e-05 0 2 2 0 1 1 0 2 1 0 1 2
-3.239520731276118e-05 0 2 2 0 1 1 0 2 1 0 2 1
6.586316847669168e-05 0 2 2 0 1 1 0 2 2 0 1 1
-0.009603072018198643 0 2 2 0 1 1 0 3 0 0 0 0
0.0009331063604844037 0 2 2 0 1 1 0 3 0 0 0 3
74.45927564327035 0 2 2 0 1 1 0 3 0 0 3 0
-0.009480856592096961 0 2 2 0 1 1 0 3 0 0 3 3
-0.0010176438221509586 0 2 2 0 1 1 0 3 0 3 0 0
-0.009437786137792321 0 2 2 0 1 1 0 3 0 3 3 0
-0.001023224761780637 0 2 2 0 1 1 0 3 0 3 3 3
-0.00026715253318950475 0 2 2 0 1 1 0 3 1 1 3 0
-0.00026715253318950475 0 2 2 0 1 1 0 3 2 2 3 0
-0.0010176438221509586 0 2 2 0 1 1 0 3 3 0 0 0
-0.0094377861377923 0 2 2 0 1 1 0 3 3 0 3 0
-0.0010370191522700999 0 2 2 0 1 1 0 3 3 0 3 3
-0.0010095338338225318 0 2 2 0 1 1 0 3 3 3 3 0
-0.0010089972312282704 0 2 2 0 1 1 3 0 0 0 3 0
-0.0010160942957390178 0 2 2 0 1 1 3 3 0 0 0 0
-0.009453237259135544 0 2 2 0 1 1 3 3 0 0 3 0
-0.0010247266213765454 0 2 2 0 1 1 3 3 0 0 3 3
-0.0010512831442921196 0 2 2 0 1 1 3 3 0 3 3 0
0.0008271835525969656 0 2 2 0 1 1 3 3 3 0 3 0
0.001917438317770841 0 2 2 0 1 2 1 0 1 0 1 2
-0.0019252108595692844 0 2 2 0 1 2 1 0 1 0 2 1
7.772541798443376e-06 0 2 2 0 1 2 1 0 2 0 1 1
-7.772541798443376e-06 0 2 2 0 1 2 2 0 1 0 2 2
0.0019252108595692844 0 2 2 0 1 2 2 0 2 0 1 2
-0.001917438317770841 0 2 2 0 1 2 2 0 2 0 2 1
-0.0019225881706898104 0 2 2 0 2 1 1 0 1 0 1 2
0.001917438317770841 0 2 2 0 2 1 1 0 1 0 2 1
5.149852918969361e-06 0 2 2 0 2 1 1 0 2 0 1 1
-3.108484223819042e-05 0 2 2 0 2 1 1 2 0 0 0 0
2.9957464994033568e-05 0 2 2 0 2 1 1 2 0 0 3 3
3.2230399397582404e-07 0 2 2 0 2 1 1 2 0 3 3 0
-3.2230399397582515e-07 0 2 2 0 2 1 1 2 3 0 3 0
-5.149852918969361e-06 0 2 2 0 2 1 2 0 1 0 2 2
-0.001917438317770841 0 2 2 0 2 1 2 0 2 0 1 2
0.0019225881706898104 0 2 2 0 2 1 2 0 2 0 2 1
3.108484223819042e-05 0 2 2 0 2 1 2 1 0 0 0 0
-2.9957464994033568e-05 0 2 2 0 2 1 2 1 0 0 3 3
-3.2230399397582404e-07 0 2 2 0 2 1 2 1 0 3 3 0
3.2230399397582515e-07 0 2 2 0 2 1 2 1 3 0 3 0
-0.0010191499336279584 0 2 2 0 2 2 0 0 0 0 0 0
-0.009481665398200225 0 2 2 0 2 2 0 0 0 0 3 0
-0.0010408700282726012 0 2 2 0 2 2 0 0 0 0 3 3
0.0008256257076932258 0 2 2 0 2 2 0 0 0 3 3 0
-0.0007963892299372046 0 2 2 0 2 2 0 0 3 0 3 0
-0.009631950746119947 0 2 2 0 2 2 0 3 0 0 0 0
0.0009314663205373392 0 2 2 0 2 2 0 3 0 0 0 3
74.68321302103259 0 2 2 0 2 2 0 3 0 0 3 0
-0.009509367789083217 0 2 2 0 2 2 0 3 0 0 3 3
-0.0010207041198353872 0 2 2 0 2 2 0 3 0 3 0 0
-0.009466167811650047 0 2 2 0 2 2 0 3 0 3 3 0
-0.0010263018426816034 0 2 2 0 2 2 0 3 0 3 3 3
-0.0002679559245735166 0 2 2 0 2 2 0 3 1 1 3 0
-0.0002679559245735166 0 2 2 0 2 2 0 3 2 2 3 0
-0.0010335952633585919 0 2 2 0 2 2 0 3 3 0 0 0
-0.009466167811650024 0 2 2 0 2 2 0 3 3 0 3 0
-0.0010263018426816025 0 2 2 0 2 2 0 3 3 0 3 3
-0.0010125697428377991 0 2 2 0 2 2 0 3 3 3 3 0
-0.0010120315265515557 0 2 2 0 2 2 3 0 0 0 3 0
-0.0010191499336279588 0 2 2 0 2 2 3 3 0 0 0 0
-0.009481665398200289 0 2 2 0 2 2 3 3 0 0 3 0
-0.001027808218727515 0 2 2 0 2 2 3 3 0 0 3 3
-0.0010542491435440206 0 2 2 0 2 2 3 3 0 3 3 0
0.0008256257076932247 0 2 2 0 2 2 3 3 3 0 3 0
0.0007179701606026597 0 2 2 0 3 0 0 3 0 0 1 1
0.0007179701606026597 0 2 2 0 3 0 0 3 0 0 2 2
-0.011770362903454864 0 2 2 0 3 0 1 0 1 0 0 0
-0.0014867147199295325 0 2 2 0 3 0 1 0 1 0 0 3
-0.0014721674467381167 0 2 2 0 3 0 1 0 1 0 3 0
-0.0013171636322644004 0 2 2 0 3 0 1 0 1 3 0 0
-0.0002764427368243336 0 2 2 0 3 0 1 0 3 1 0 0
-0.0013169505428493667 0 2 2 0 3 0 1 3 1 0 0 0
-0.011770362903454864 0 2 2 0 3 0 2 0 2 0 0 0
-0.0014867147199295325 0 2 2 0 3 0 2 0 2 0 0 3
-0.0014721674467381167 0 2 2 0 3 0 2 0 2 0 3 0
-0.0013171636322644004 0 2 2 0 3 0 2 0 2 3 0 0
-0.0002764427368243336 0 2 2 0 3 0 2 0 3 2 0 0
-0.0013169505428493667 0 2 2 0 3 0 2 3 2 0 0 0
-0.001205814874459566 0 2 2 0 3 3 0 0 0 0 1 1
-0.001205814874459566 0 2 2 0 3 3 0 0 0 0 2 2
-0.010718079470611031 0 2 2 0 3 3 0 3 0 0 1 1
-0.010718079470611031 0 2 2 0 3 3 0 3 0 0 2 2
-0.0011994077499738547 0 2 2 0 3 3 0 3 0 3 1 1
-0.0011994077499738547 0 2 2 0 3 3 0 3 0 3 2 2
-0.001206024700973482 0 2 2 0 3 3 0 3 3 0 1 1
-0.001206024700973482 0 2 2 0 3 3 0 3 3 0 2 2
0.00043072359784130813 0 2 2 0 3 3 1 0 1 0 0 0
0.00043072359784130813 0 2 2 0 3 3 2 0 2 0 0 0
-0.001199213710987682 0 2 2 0 3 3 3 3 0 0 1 1
-0.001199213710987682 0 2 2 0 3 3 3 3 0 0 2 2
-6.7063256560652245e-06 0 2 2 1 0 1 0 0 0 1 1 0
-6.7063256560652245e-06 0 2 2 1 0 1 0 0 0 2 2 0
0.000397361449287021 0 2 2 1 0 1 0 1 1 2 0 2
-3.137517799048697e-05 0 2 2 1 0 1 0 1 2 1 0 2
-0.000365986271296534 0 2 2 1 0 1 0 1 2 2 0 1
-0.000365986271296534 0 2 2 1 0 1 0 2 1 1 0 2
-3.137517799048697e-05 0 2 2 1 0 1 0 2 1 2 0 1
0.000397361449287021 0 2 2 1 0 1 0 2 2 1 0 1
6.62997243627542e-05 0 2 2 1 0 1 0 3 0 1 1 3
6.62997243627542e-05 0 2 2 1 0 1 0 3 0 2 2 3
-0.0003019673489648436 0 2 2 1 0 1 1 0 0 0 0 1
-0.00030615860394169587 0 2 2 1 0 1 1 0 3 0 3 1
1.613668492475479e-05 0 2 2 1 0 1 1 0 3 3 0 1
6.7063256560649805e-06 0 2 2 1 0 1 1 1 2 0 2 0
-7.59514244112735e-05 0 2 2 1 0 1 1 2 1 0 2 0
6.924509875520852e-05 0 2 2 1 0 1 1 2 2 0 1 0
-0.0003019673489648436 0 2 2 1 0 1 2 0 0 0 0 2
-0.00030615860394169587 0 2 2 1 0 1 2 0 3 0 3 2
1.613668492475479e-05 0 2 2 1 0 1 2 0 3 3 0 2
6.924509875520852e-05 0 2 2 1 0 1 2 1 1 0 2 0
-7.59514244112735e-05 0 2 2 1 0 1 2 1 2 0 1 0
6.7063256560649805e-06 0 2 2 1 0 1 2 2 1 0 1 0
6.659091745255285e-05 0 2 2 1 0 1 3 3 0 1 1 0
6.659091745255285e-05 0 2 2 1 0 1 3 3 0 2 2 0
4.875369121952378e-05 0 2 2 1 0 2 0 0 1 0 2 0
-4.875369121952378e-05 0 2 2 1 0 2 0 0 2 0 1 0
-3.021554348106485e-05 0 2 2 1 0 2 0 3 1 3 2 0
3.021554348106485e-05 0 2 2 1 0 2 0 3 2 3 1 0
7.280892237162673e-05 0 2 2 1 0 2 1 0 1 1 0 2
-7.280892237162673e-05 0 2 2 1 0 2 1 0 1 2 0 1
7.280892237162673e-05 0 2 2 1 0 2 2 0 2 1 0 2
-7.280892237162673e-05 0 2 2 1 0 2 2 0 2 2 0 1
-1.7991565131759383e-05 0 2 2 1 0 2 3 3 1 0 2 0
1.7991565131759383e-05 0 2 2 1 0 2 3 3 2 0 1 0
0.0003828283631008419 0 2 2 1 1 0 0 1 1 2 2 0
-3.171270843595911e-05 0 2 2 1 1 0 0 1 2 1 2 0
-0.0003511156546648828 0 2 2 1 1 0 0 1 2 2 1 0
-0.0003511156546648828 0 2 2 1 1 0 0 2 1 1 2 0
-3.171270843595911e-05 0 2 2 1 1 0 0 2 1 2 1 0
0.0003828283631008419 0 2 2 1 1 0 0 2 2 1 1 0
-8.194161480745846e-07 0 2 2 1 1 0 0 3 1 0 3 1
-8.194161480745846e-07 0 2 2 1 1 0 0 3 2 0 3 2
-0.00028969792512600803 0 2 2 1 1 0 1 0 0 0 1 0
-0.00029822908651571853 0 2 2 1 1 0 1 0 3 0 1 3
1.5481025207324163e-05 0 2 2 1 1 0 1 0 3 3 1 0
-0.00028969792512600803 0 2 2 1 1 0 2 0 0 0 2 0
-0.00029822908651571853 0 2 2 1 1 0 2 0 3 0 2 3
1.5481025207324163e-05 0 2 2 1 1 0 2 0 3 3 2 0
4.7634647196907494e-05 0 2 2 1 1 3 0 0 1 0 3 1
4.7634647196907494e-05 0 2 2 1 1 3 0 0 2 0 3 2
-3.101893486507676e-05 0 2 2 1 1 3 0 3 1 3 3 1
-3.101893486507676e-05 0 2 2 1 1 3 0 3 2 3 3 2
-0.00027513367499775994 0 2 2 1 1 3 1 0 3 0 1 0
-0.00027513367499775994 0 2 2 1 1 3 2 0 3 0 2 0
-1.766926113778355e-05 0 2 2 1 1 3 3 3 1 0 3 1
-1.766926113778355e-05 0 2 2 1 1 3 3 3 2 0 3 2
5.958116669076825e-05 0 2 2 1 2 0 0 3 0 1 3 2
-5.958116669076825e-05 0 2 2 1 2 0 0 3 0 2 3 1
6.985057760061518e-05 0 2 2 1 2 0 1 0 1 1 2 0
-6.985057760061518e-05 0 2 2 1 2 0 1 0 1 2 1 0
6.985057760061518e-05 0 2 2 1 2 0 2 0 2 1 2 0
-6.985057760061518e-05 0 2 2 1 2 0 2 0 2 2 1 0
-6.532631611640564e-06 0 2 2 1 2 3 0 0 0 1 3 2
6.532631611640564e-06 0 2 2 1 2 3 0 0 0 2 3 1
6.360585887897532e-05 0 2 2 1 2 3 0 3 0 1 0 2
-6.360585887897532e-05 0 2 2 1 2 3 0 3 0 2 0 1
-6.532631611640252e-06 0 2 2 1 2 3 1 1 2 0 3 1
7.429814679170067e-05 0 2 2 1 2 3 1 2 1 0 3 1
6.776551518006042e-05 0 2 2 1 2 3 1 2 2 0 3 2
-6.776551518006042e-05 0 2 2 1 2 3 2 1 1 0 3 1
-7.429814679170067e-05 0 2 2 1 2 3 2 1 2 0 3 2
6.532631611640252e-06 0 2 2 1 2 3 2 2 1 0 3 2
6.486621060599175e-05 0 2 2 1 2 3 3 3 0 1 3 2
-6.486621060599175e-05 0 2 2 1 2 3 3 3 0 2 3 1
5.6988907879347666e-05 0 2 2 1 3 1 0 3 0 1 1 0
5.6988907879347666e-05 0 2 2 1 3 1 0 3 0 2 2 0
-0.00026720415757178277 0 2 2 1 3 1 1 0 3 0 0 1
-0.00026720415757178277 0 2 2 1 3 1 2 0 3 0 0 2
7.861219390961046e-07 0 2 2 1 3 2 0 3 1 0 2 0
-7.861219390961046e-07 0 2 2 1 3 2 0 3 2 0 1 0
-3.076212608776414e-05 0 2 2 2 0 1 0 0 1 0 2 0
3.076212608776414e-05 0 2 2 2 0 1 0 0 2 0 1 0
-7.280892237162672e-05 0 2 2 2 0 1 0 1 0 0 0 2
-6.371617659741418e-05 0 2 2 2 0 1 0 1 3 0 3 2
7.280892237162672e-05 0 2 2 2 0 1 0 2 0 0 0 1
6.371617659741418e-05 0 2 2 2 0 1 0 2 3 0 3 1
0.0003041189147423148 0 2 2 2 0 1 0 3 1 0 2 3
-0.0003041189147423148 0 2 2 2 0 1 0 3 2 0 1 3
7.280892237162673e-05 0 2 2 2 0 1 1 0 1 2 0 1
-7.280892237162656e-05 0 2 2 2 0 1 1 0 2 1 0 1
-0.00036697887875226264 0 2 2 2 0 1 1 1 0 1 2 0
-1.2174812867643909e-05 0 2 2 2 0 1 1 2 0 1 1 0
-0.0003791536916199065 0 2 2 2 0 1 1 2 0 2 2 0
7.280892237162656e-05 0 2 2 2 0 1 2 0 1 2 0 2
-7.280892237162673e-05 0 2 2 2 0 1 2 0 2 1 0 2
0.0003791536916199065 0 2 2 2 0 1 2 1 0 1 1 0
1.2174812867643909e-05 0 2 2 2 0 1 2 1 0 2 2 0
0.00036697887875226264 0 2 2 2 0 1 2 2 0 2 1 0
1.3038036447544308e-05 0 2 2 2 0 1 3 1 3 0 0 2
-1.3038036447544308e-05 0 2 2 2 0 1 3 2 3 0 0 1
0.00030545462657673405 0 2 2 2 0 1 3 3 1 0 2 0
-0.00030545462657673405 0 2 2 2 0 1 3 3 2 0 1 0
8.252787345614098e-05 0 2 2 2 0 2 0 0 0 1 1 0
8.252787345614098e-05 0 2 2 2 0 2 0 0 0 2 2 0
6.62997243627542e-05 0 2 2 2 0 2 0 3 0 1 1 3
6.62997243627542e-05 0 2 2 2 0 2 0 3 0 2 2 3
-6.587167411020237e-06 0 2 2 2 0 2 0 3 3 1 1 0
-6.587167411020237e-06 0 2 2 2 0 2 0 3 3 2 2 0
-1.3890503816365657e-05 0 2 2 2 0 2 1 0 3 0 3 1
1.613668492475479e-05 0 2 2 2 0 2 1 0 3 3 0 1
-2.8481756444590798e-05 0 2 2 2 0 2 1 3 3 0 0 1
-1.3890503816365657e-05 0 2 2 2 0 2 2 0 3 0 3 2
1.613668492475479e-05 0 2 2 2 0 2 2 0 3 3 0 2
-2.8481756444590798e-05 0 2 2 2 0 2 2 3 3 0 0 2
-1.593695600358715e-05 0 2 2 2 0 2 3 3 0 1 1 0
-1.593695600358715e-05 0 2 2 2 0 2 3 3 0 2 2 0
-6.985057760061517e-05 0 2 2 2 1 0 0 1 0 0 2 0
-6.206592562899115e-05 0 2 2 2 1 0 0 1 3 0 2 3
6.985057760061517e-05 0 2 2 2 1 0 0 2 0 0 1 0
6.206592562899115e-05 0 2 2 2 1 0 0 2 3 0 1 3
-5.940252911802218e-05 0 2 2 2 1 0 0 3 0 1 3 2
5.940252911802218e-05 0 2 2 2 1 0 0 3 0 2 3 1
6.985057760061518e-05 0 2 2 2 1 0 1 0 1 2 1 0
-6.985057760061502e-05 0 2 2 2 1 0 1 0 2 1 1 0
6.985057760061502e-05 0 2 2 2 1 0 2 0 1 2 2 0
-6.985057760061518e-05 0 2 2 2 1 0 2 0 2 1 2 0
1.3178298098061667e-05 0 2 2 2 1 0 3 1 3 0 2 0
-1.3178298098061667e-05 0 2 2 2 1 0 3 2 3 0 1 0
-8.104945492865603e-05 0 2 2 2 1 3 0 0 0 1 3 2
8.104945492865603e-05 0 2 2 2 1 3 0 0 0 2 3 1
-5.691607271002177e-05 0 2 2 2 1 3 0 1 3 0 2 0
5.691607271002177e-05 0 2 2 2 1 3 0 2 3 0 1 0
-6.360585887897532e-05 0 2 2 2 1 3 0 3 0 1 0 2
6.360585887897532e-05 0 2 2 2 1 3 0 3 0 2 0 1
6.762311490304267e-06 0 2 2 2 1 3 0 3 3 1 3 2
-6.762311490304267e-06 0 2 2 2 1 3 0 3 3 2 3 1
1.618324432266325e-05 0 2 2 2 1 3 3 3 0 1 3 2
-1.618324432266325e-05 0 2 2 2 1 3 3 3 0 2 3 1
-0.00027330068001393836 0 2 2 2 2 0 0 3 1 0 3 1
-0.00027330068001393836 0 2 2 2 2 0 0 3 2 0 3 2
-1.3530739332698064e-05 0 2 2 2 2 0 1 0 3 0 1 3
1.5481025207324163e-05 0 2 2 2 2 0 1 0 3 3 1 0
-2.8788159804070912e-05 0 2 2 2 2 0 1 3 3 0 1 0
-1.3530739332698064e-05 0 2 2 2 2 0 2 0 3 0 2 3
1.5481025207324163e-05 0 2 2 2 2 0 2 0 3 3 2 0
-2.8788159804070912e-05 0 2 2 2 2 0 2 3 3 0 2 0
2.9965386059123677e-05 0 2 2 2 2 3 0 0 1 0 3 1
2.9965386059123677e-05 0 2 2 2 2 3 0 0 2 0 3 2
-0.0002917620692914029 0 2 2 2 2 3 0 3 1 0 0 1
-0.0002917620692914029 0 2 2 2 2 3 0 3 2 0 0 2
-1.3232952773873431e-05 0 2 2 2 2 3 1 0 3 0 1 0
0.00035747411430479397 0 2 2 2 2 3 1 1 0 1 3 1
-1.3299201000425799e-05 0 2 2 2 2 3 1 2 0 1 3 2
0.0003707733153052198 0 2 2 2 2 3 1 2 0 2 3 1
-1.3232952773873431e-05 0 2 2 2 2 3 2 0 3 0 2 0
0.0003707733153052198 0 2 2 2 2 3 2 1 0 1 3 2
-1.3299201000425799e-05 0 2 2 2 2 3 2 1 0 2 3 1
0.00035747411430479397 0 2 2 2 2 3 2 2 0 2 3 2
-0.0002975433421865464 0 2 2 2 2 3 3 3 1 0 3 1
-0.0002975433421865464 0 2 2 2 2 3 3 3 2 0 3 2
-5.5943634798970804e-05 0 2 2 2 3 1 0 1 3 0 0 2
5.5943634798970804e-05 0 2 2 2 3 1 0 2 3 0 0 1
0.0002614099075554135 0 2 2 2 3 1 0 3 1 0 2 0
-0.0002614099075554135 0 2 2 2 3 1 0 3 2 0 1 0
5.7160287117372854e-05 0 2 2 2 3 2 0 3 0 1 1 0
5.7160287117372854e-05 0 2 2 2 3 2 0 3 0 2 2 0
-1.1392497045576693e-05 0 2 2 2 3 2 1 0 3 0 0 1
-1.1392497045576693e-05 0 2 2 2 3 2 2 0 3 0 0 2
-6.507500786614529e-05 0 2 2 3 0 0 0 1 3 1 0 0
-6.507500786614529e-05 0 2 2 3 0 0 0 2 3 2 0 0
-0.0011420308305798914 0 2 2 3 0 0 0 3 0 0 1 1
-0.0011420308305798914 0 2 2 3 0 0 0 3 0 0 2 2
3.081823472837636e-05 0 2 2 3 0 0 0 3 1 1 1 1
3.081823472837636e-05 0 2 2 3 0 0 0 3 1 2 2 1
3.081823472837636e-05 0 2 2 3 0 0 0 3 2 1 1 2
3.081823472837636e-05 0 2 2 3 0 0 0 3 2 2 2 2
-0.00256377268028758 0 2 2 3 0 0 1 0 0 1 0 0
-0.0002779587979369716 0 2 2 3 0 0 1 0 0 1 0 3
-0.0002764427368243336 0 2 2 3 0 0 1 0 0 1 3 0
-0.011567774107753595 0 2 2 3 0 0 1 0 1 0 0 0
-0.0013269624635650447 0 2 2 3 0 0 1 0 1 0 0 3
-0.0013171636322644004 0 2 2 3 0 0 1 0 1 0 3 0
-0.0013801428410319541 0 2 2 3 0 0 1 0 1 3 0 0
20.23041597611709 0 2 2 3 0 0 1 0 3 1 0 0
-0.00257547276041884 0 2 2 3 0 0 1 0 3 1 0 3
-0.002608672556003792 0 2 2 3 0 0 1 0 3 1 3 0
-0.0003877734941896599 0 2 2 3 0 0 1 0 3 1 3 3
-0.00096553463045876 0 2 2 3 0 0 1 3 0 1 0 0
-0.001405663102666215 0 2 2 3 0 0 1 3 1 0 0 0
-0.0025679699742504965 0 2 2 3 0 0 1 3 3 1 0 0
-0.00027836677779002216 0 2 2 3 0 0 1 3 3 1 0 3
-0.0002760218082904255 0 2 2 3 0 0 1 3 3 1 3 0
-0.00256377268028758 0 2 2 3 0 0 2 0 0 2 0 0
-0.0002779587979369716 0 2 2 3 0 0 2 0 0 2 0 3
-0.0002764427368243336 0 2 2 3 0 0 2 0 0 2 3 0
-0.011567774107753595 0 2 2 3 0 0 2 0 2 0 0 0
-0.0013269624635650447 0 2 2 3 0 0 2 0 2 0 0 3
-0.0013171636322644004 0 2 2 3 0 0 2 0 2 0 3 0
-0.0013801428410319541 0 2 2 3 0 0 2 0 2 3 0 0
20.23041597611709 0 2 2 3 0 0 2 0 3 2 0 0
-0.00257547276041884 0 2 2 3 0 0 2 0 3 2 0 3
-0.002608672556003792 0 2 2 3 0 0 2 0 3 2 3 0
-0.0003877734941896599 0 2 2 3 0 0 2 0 3 2 3 3
-0.00096553463045876 0 2 2 3 0 0 2 3 0 2 0 0
-0.001405663102666215 0 2 2 3 0 0 2 3 2 0 0 0
-0.0025679699742504965 0 2 2 3 0 0 2 3 3 2 0 0
-0.00027836677779002216 0 2 2 3 0 0 2 3 3 2 0 3
-0.0002760218082904255 0 2 2 3 0 0 2 3 3 2 3 0
-0.0011913467731355975 0 2 2 3 0 3 0 0 0 0 1 1
-0.0011913467731355975 0 2 2 3 0 3 0 0 0 0 2 2
-0.0006485091902378808 0 2 2 3 0 3 0 0 1 1 1 1
-0.0006477124502092405 0 2 2 3 0 3 0 0 1 1 2 2
-7.967400286404599e-07 0 2 2 3 0 3 0 0 1 2 2 1
-7.967400286404599e-07 0 2 2 3 0 3 0 0 2 1 1 2
-0.0006477124502092405 0 2 2 3 0 3 0 0 2 2 1 1
-0.0006485091902378808 0 2 2 3 0 3 0 0 2 2 2 2
-0.010533602336813887 0 2 2 3 0 3 0 3 0 0 1 1
-0.010533602336813887 0 2 2 3 0 3 0 3 0 0 2 2
-0.001321759693741292 0 2 2 3 0 3 0 3 0 3 1 1
-0.001321759693741292 0 2 2 3 0 3 0 3 0 3 2 2
-0.0011917534022114998 0 2 2 3 0 3 0 3 3 0 1 1
-0.0011917534022114998 0 2 2 3 0 3 0 3 3 0 2 2
-0.0002940954828617264 0 2 2 3 0 3 1 0 0 1 0 0
-0.0012541535411934182 0 2 2 3 0 3 1 0 1 0 0 0
-0.0025754727604188395 0 2 2 3 0 3 1 0 3 1 0 0
-0.0003306737490814956 0 2 2 3 0 3 1 0 3 1 0 3
-0.0003576877762371251 0 2 2 3 0 3 1 0 3 1 3 0
-0.00029405275649755605 0 2 2 3 0 3 1 3 3 1 0 0
-0.0002940954828617264 0 2 2 3 0 3 2 0 0 2 0 0
-0.0012541535411934182 0 2 2 3 0 3 2 0 2 0 0 0
-0.0025754727604188395 0 2 2 3 0 3 2 0 3 2 0 0
-0.0003306737490814956 0 2 2 3 0 3 2 0 3 2 0 3
-0.0003576877762371251 0 2 2 3 0 3 2 0 3 2 3 0
-0.00029405275649755605 0 2 2 3 0 3 2 3 3 2 0 0
-0.001321141523809072 0 2 2 3 0 3 3 3 0 0 1 1
-0.001321141523809072 0 2 2 3 0 3 3 3 0 0 2 2
0.00011783094741826426 0 2 2 3 0 3 3 3 1 1 1 1
0.0001170342073896238 0 2 2 3 0 3 3 3 1 1 2 2
7.967400286404773e-07 0 2 2 3 0 3 3 3 1 2 2 1
7.967400286404773e-07 0 2 2 3 0 3 3 3 2 1 1 2
0.0001170342073896238 0 2 2 3 0 3 3 3 2 2 1 1
0.00011783094741826426 0 2 2 3 0 3 3 3 2 2 2 2
-0.0010674103408581537 0 2 2 3 1 1 0 0 0 0 3 0
-0.0006961438374347883 0 2 2 3 1 1 0 0 1 1 3 0
-0.0006961438374347883 0 2 2 3 1 1 0 0 2 2 3 0
1.2922394717412744e-05 0 2 2 3 1 1 0 1 3 1 2 2
-7.772541798443362e-06 0 2 2 3 1 1 0 1 3 2 1 2
-5.1498529189693785e-06 0 2 2 3 1 1 0 1 3 2 2 1
-5.1498529189693785e-06 0 2 2 3 1 1 0 2 3 1 1 2
-7.772541798443362e-06 0 2 2 3 1 1 0 2 3 1 2 1
1.2922394717412744e-05 0 2 2 3 1 1 0 2 3 2 1 1
-0.0010746327300303064 0 2 2 3 1 1 0 3 0 0 0 0
-0.009437786137792321 0 2 2 3 1 1 0 3 0 0 3 0
-0.0010826272908986587 0 2 2 3 1 1 0 3 0 0 3 3
-0.0011842563366463066 0 2 2 3 1 1 0 3 0 3 3 0
3.163765087645095e-05 0 2 2 3 1 1 0 3 1 1 3 3
3.163765087645095e-05 0 2 2 3 1 1 0 3 2 2 3 3
-0.001067774668097123 0 2 2 3 1 1 0 3 3 0 3 0
-0.0011837024752577182 0 2 2 3 1 1 3 3 0 0 3 0
0.00010473808246828356 0 2 2 3 1 1 3 3 1 1 3 0
0.00010473808246828356 0 2 2 3 1 1 3 3 2 2 3 0
-6.111064689647054e-05 0 2 2 3 1 2 1 0 3 1 1 2
3.258372472332371e-05 0 2 2 3 1 2 1 0 3 1 2 1
2.852692217314685e-05 0 2 2 3 1 2 1 0 3 2 1 1
-2.852692217314685e-05 0 2 2 3 1 2 2 0 3 1 2 2
-3.258372472332371e-05 0 2 2 3 1 2 2 0 3 2 1 2
6.111064689647054e-05 0 2 2 3 1 2 2 0 3 2 2 1
3.038350451135935e-05 0 2 2 3 2 1 1 0 3 1 1 2
-6.111064689647054e-05 0 2 2 3 2 1 1 0 3 1 2 1
3.07271423851112e-05 0 2 2 3 2 1 1 0 3 2 1 1
1.5510128021363906e-06 0 2 2 3 2 1 1 1 2 1 3 0
-8.020841388060693e-07 0 2 2 3 2 1 1 2 0 0 3 0
-7.142922698827263e-08 0 2 2 3 2 1 1 2 1 1 3 0
1.479583575148118e-06 0 2 2 3 2 1 1 2 2 2 3 0
-3.07271423851112e-05 0 2 2 3 2 1 2 0 3 1 2 2
6.111064689647054e-05 0 2 2 3 2 1 2 0 3 2 1 2
-3.038350451135935e-05 0 2 2 3 2 1 2 0 3 2 2 1
8.020841388060693e-07 0 2 2 3 2 1 2 1 0 0 3 0
-1.479583575148118e-06 0 2 2 3 2 1 2 1 1 1 3 0
7.142922698827263e-08 0 2 2 3 2 1 2 1 2 2 3 0
-1.5510128021363906e-06 0 2 2 3 2 1 2 2 1 2 3 0
-0.0010706202983338045 0 2 2 3 2 2 0 0 0 0 3 0
-0.0006964661414287642 0 2 2 3 2 2 0 0 1 1 3 0
-0.0006964661414287642 0 2 2 3 2 2 0 0 2 2 3 0
-0.0010778644069527601 0 2 2 3 2 2 0 3 0 0 0 0
-0.009466167811650047 0 2 2 3 2 2 0 3 0 0 3 0
-0.0010858830093723713 0 2 2 3 2 2 0 3 0 0 3 3
-0.0011878176778994261 0 2 2 3 2 2 0 3 0 3 3 0
2.9566039796893243e-05 0 2 2 3 2 2 0 3 1 1 0 0
2.9566039796893243e-05 0 2 2 3 2 2 0 3 2 2 0 0
-0.0010709857211916745 0 2 2 3 2 2 0 3 3 0 3 0
-0.0011872621509175446 0 2 2 3 2 2 3 3 0 0 3 0
0.00010506038646225941 0 2 2 3 2 2 3 3 1 1 3 0
0.00010506038646225941 0 2 2 3 2 2 3 3 2 2 3 0
-0.0002919237620316577 0 2 2 3 3 0 1 0 0 1 0 0
-0.001247313054663785 0 2 2 3 3 0 1 0 1 0 0 0
-0.002608672556003791 0 2 2 3 3 0 1 0 3 1 0 0
-0.0003576877762371251 0 2 2 3 3 0 1 0 3 1 0 3
-0.00032627734995500045 0 2 2 3 3 0 1 0 3 1 3 0
-0.00029187653489741114 0 2 2 3 3 0 1 3 3 1 0 0
-0.0002919237620316577 0 2 2 3 3 0 2 0 0 2 0 0
-0.001247313054663785 0 2 2 3 3 0 2 0 2 0 0 0
-0.002608672556003791 0 2 2 3 3 0 2 0 3 2 0 0
-0.0003576877762371251 0 2 2 3 3 0 2 0 3 2 0 3
-0.00032627734995500045 0 2 2 3 3 0 2 0 3 2 3 0
-0.00029187653489741114 0 2 2 3 3 0 2 3 3 2 0 0
-0.0011358018910948792 0 2 2 3 3 3 0 3 0 0 1 1
-0.0011358018910948792 0 2 2 3 3 3 0 3 0 0 2 2
3.035216173598935e-05 0 2 2 3 3 3 0 3 1 1 2 2
-3.035216173598935e-05 0 2 2 3 3 3 0 3 1 2 2 1
-3.035216173598935e-05 0 2 2 3 3 3 0 3 2 1 1 2
3.035216173598935e-05 0 2 2 3 3 3 0 3 2 2 1 1
-0.0003877734941896598 0 2 2 3 3 3 1 0 3 1 0 0
-0.0003877734941896598 0 2 2 3 3 3 2 0 3 2 0 0
0.005084271604237122 0 2 3 0 0 1 0 1 0 0 0 2
0.0005928106652298755 0 2 3 0 0 1 0 1 0 0 3 2
0.0005752256244704276 0 2 3 0 0 1 0 1 0 3 0 2
0.0006858582178583367 0 2 3 0 0 1 0 1 3 0 0 2
-0.005084271604237122 0 2 3 0 0 1 0 2 0 0 0 1
-0.0005928106652298755 0 2 3 0 0 1 0 2 0 0 3 1
-0.0005752256244704276 0 2 3 0 0 1 0 2 0 3 0 1
-0.0006858582178583367 0 2 3 0 0 1 0 2 3 0 0 1
6.524966552718699e-05 0 2 3 0 0 1 0 3 1 0 2 0
-6.524966552718699e-05 0 2 3 0 0 1 0 3 2 0 1 0
0.00026487071682517816 0 2 3 0 0 1 1 1 1 0 2 3
0.0002675779561274229 0 2 3 0 0 1 1 1 1 3 2 0
6.706325656065021e-06 0 2 3 0 0 1 1 1 3 1 2 0
-0.00026566724624316223 0 2 3 0 0 1 1 2 1 0 1 3
-0.0002673769641871432 0 2 3 0 0 1 1 2 1 3 1 0
-7.965294179840852e-07 0 2 3 0 0 1 1 2 2 0 2 3
2.009919402796592e-07 0 2 3 0 0 1 1 2 2 3 2 0
8.252787345614044e-05 0 2 3 0 0 1 1 2 3 1 1 0
8.923419911220548e-05 0 2 3 0 0 1 1 2 3 2 2 0
7.965294179840852e-07 0 2 3 0 0 1 2 1 1 0 1 3
-2.009919402796592e-07 0 2 3 0 0 1 2 1 1 3 1 0
0.00026566724624316223 0 2 3 0 0 1 2 1 2 0 2 3
0.0002673769641871432 0 2 3 0 0 1 2 1 2 3 2 0
-8.923419911220548e-05 0 2 3 0 0 1 2 1 3 1 1 0
-8.252787345614044e-05 0 2 3 0 0 1 2 1 3 2 2 0
-0.00026487071682517816 0 2 3 0 0 1 2 2 2 0 1 3
-0.0002675779561274229 0 2 3 0 0 1 2 2 2 3 1 0
-6.706325656065021e-06 0 2 3 0 0 1 2 2 3 2 1 0
0.0006348352381727494 0 2 3 0 0 1 3 1 0 0 0 2
-0.0006348352381727494 0 2 3 0 0 1 3 2 0 0 0 1
0.001069182081225546 0 2 3 0 0 2 0 0 1 0 1 0
0.0001739895326012073 0 2 3 0 0 2 0 0 1 0 1 3
0.00011419384319015245 0 2 3 0 0 2 0 0 1 3 1 0
0.001069182081225546 0 2 3 0 0 2 0 0 2 0 2 0
0.00017398953260120727 0 2 3 0 0 2 0 0 2 0 2 3
0.00011419384319015245 0 2 3 0 0 2 0 0 2 3 2 0
0.0009630961953917515 0 2 3 0 0 2 0 0 3 1 1 0
0.0009630961953917515 0 2 3 0 0 2 0 0 3 2 2 0
0.0005539651399867364 0 2 3 0 0 2 0 3 0 1 1 0
0.0005539651399867364 0 2 3 0 0 2 0 3 0 2 2 0
-8.422337876483288 0 2 3 0 0 2 0 3 1 0 1 0
0.0010723058889845526 0 2 3 0 0 2 0 3 1 0 1 3
0.00106743452516384 0 2 3 0 0 2 0 3 1 3 1 0
0.00011572898789828797 0 2 3 0 0 2 0 3 1 3 1 3
-8.422337876483288 0 2 3 0 0 2 0 3 2 0 2 0
0.0010723058889845526 0 2 3 0 0 2 0 3 2 0 2 3
0.00106743452516384 0 2 3 0 0 2 0 3 2 3 2 0
0.00011572898789828797 0 2 3 0 0 2 0 3 2 3 2 3
0.004896355640562409 0 2 3 0 0 2 0 3 3 1 1 0
0.0008657896461007645 0 2 3 0 0 2 0 3 3 1 1 3
0.004896355640562409 0 2 3 0 0 2 0 3 3 2 2 0
0.0008657896461007645 0 2 3 0 0 2 0 3 3 2 2 3
-6.371617659741396e-05 0 2 3 0 0 2 1 0 0 0 3 1
-7.280892237162665e-05 0 2 3 0 0 2 1 0 3 0 0 1
1.3038036447544647e-05 0 2 3 0 0 2 1 3 0 0 0 1
-6.371617659741396e-05 0 2 3 0 0 2 2 0 0 0 3 2
-7.280892237162665e-05 0 2 3 0 0 2 2 0 3 0 0 2
1.3038036447544647e-05 0 2 3 0 0 2 2 3 0 0 0 2
0.00011411982266634813 0 2 3 0 0 2 3 0 1 0 1 0
0.00011411982266634813 0 2 3 0 0 2 3 0 2 0 2 0
0.0010691820812255533 0 2 3 0 0 2 3 3 1 0 1 0
0.00011589885154652236 0 2 3 0 0 2 3 3 1 0 1 3
5.594789906225463e-05 0 2 3 0 0 2 3 3 1 3 1 0
0.0010691820812255533 0 2 3 0 0 2 3 3 2 0 2 0
0.00011589885154652236 0 2 3 0 0 2 3 3 2 0 2 3
5.594789906225463e-05 0 2 3 0 0 2 3 3 2 3 2 0
0.0005717676909042009 0 2 3 0 0 2 3 3 3 1 1 0
0.0005717676909042009 0 2 3 0 0 2 3 3 3 2 2 0
-0.0001901329394972635 0 2 3 0 1 0 0 0 1 0 3 2
0.0001901329394972635 0 2 3 0 1 0 0 0 2 0 3 1
0.005138967595443923 0 2 3 0 1 0 0 1 0 0 2 0
0.0006030319724230347 0 2 3 0 1 0 0 1 0 0 2 3
0.0005814138335487431 0 2 3 0 1 0 0 1 0 3 2 0
0.0006907759547522113 0 2 3 0 1 0 0 1 3 0 2 0
-0.005138967595443923 0 2 3 0 1 0 0 2 0 0 1 0
-0.0006030319724230347 0 2 3 0 1 0 0 2 0 0 1 3
-0.0005814138335487431 0 2 3 0 1 0 0 2 0 3 1 0
-0.0006907759547522113 0 2 3 0 1 0 0 2 3 0 1 0
-0.00021513619988174353 0 2 3 0 1 0 0 3 1 0 0 2
-0.0011008170859708082 0 2 3 0 1 0 0 3 1 0 3 2
-0.00012570326404398631 0 2 3 0 1 0 0 3 1 3 3 2
0.00021513619988174353 0 2 3 0 1 0 0 3 2 0 0 1
0.0011008170859708082 0 2 3 0 1 0 0 3 2 0 3 1
0.00012570326404398631 0 2 3 0 1 0 0 3 2 3 3 1
-0.0008166290109346505 0 2 3 0 1 0 0 3 3 1 3 2
0.0008166290109346505 0 2 3 0 1 0 0 3 3 2 3 1
0.0006416647204088925 0 2 3 0 1 0 3 1 0 0 2 0
-0.0006416647204088925 0 2 3 0 1 0 3 2 0 0 1 0
-0.00012568500180008954 0 2 3 0 1 0 3 3 1 0 3 2
0.00012568500180008954 0 2 3 0 1 0 3 3 2 0 3 1
-0.00017616721934467398 0 2 3 0 1 3 0 0 1 0 0 2
-0.0010976102202902899 0 2 3 0 1 3 0 0 1 0 3 2
-0.00011723010662137843 0 2 3 0 1 3 0 0 1 3 3 2
0.000176167219344674 0 2 3 0 1 3 0 0 2 0 0 1
0.0010976102202902899 0 2 3 0 1 3 0 0 2 0 3 1
0.00011723010662137843 0 2 3 0 1 3 0 0 2 3 3 1
-0.0009702420788176066 0 2 3 0 1 3 0 0 3 1 3 2
0.0009702420788176066 0 2 3 0 1 3 0 0 3 2 3 1
0.0005695640112591044 0 2 3 0 1 3 0 1 0 0 2 0
-0.0005695640112591044 0 2 3 0 1 3 0 2 0 0 1 0
-0.0005686943412267273 0 2 3 0 1 3 0 3 0 1 3 2
0.0005686943412267273 0 2 3 0 1 3 0 3 0 2 3 1
-0.0011150074524123896 0 2 3 0 1 3 0 3 1 0 0 2
8.646275281423716 0 2 3 0 1 3 0 3 1 0 3 2
-0.0001181580689439203 0 2 3 0 1 3 0 3 1 3 0 2
-0.0010958161990215643 0 2 3 0 1 3 0 3 1 3 3 2
0.0011150074524123896 0 2 3 0 1 3 0 3 2 0 0 1
-8.646275281423717 0 2 3 0 1 3 0 3 2 0 3 1
0.0001181580689439203 0 2 3 0 1 3 0 3 2 3 0 1
0.0010958161990215643 0 2 3 0 1 3 0 3 2 3 3 1
-0.0008641089985872354 0 2 3 0 1 3 0 3 3 1 0 2
-0.005026543268567549 0 2 3 0 1 3 0 3 3 1 3 2
0.0008641089985872354 0 2 3 0 1 3 0 3 3 2 0 1
0.005026543268567549 0 2 3 0 1 3 0 3 3 2 3 1
-0.00011715411798963317 0 2 3 0 1 3 3 0 1 0 3 2
0.00011715411798963317 0 2 3 0 1 3 3 0 2 0 3 1
-0.00011797815427768125 0 2 3 0 1 3 3 3 1 0 0 2
-0.0010976102202902975 0 2 3 0 1 3 3 3 1 0 3 2
-5.743547978667054e-05 0 2 3 0 1 3 3 3 1 3 3 2
0.00011797815427768125 0 2 3 0 1 3 3 3 2 0 0 1
0.0010976102202902975 0 2 3 0 1 3 3 3 2 0 3 1
5.743547978667054e-05 0 2 3 0 1 3 3 3 2 3 3 1
-0.0005861695625119607 0 2 3 0 1 3 3 3 3 1 3 2
0.0005861695625119607 0 2 3 0 1 3 3 3 3 2 3 1
-6.20659256289909e-05 0 2 3 0 2 0 1 0 0 0 1 3
-6.98505776006151e-05 0 2 3 0 2 0 1 0 3 0 1 0
-0.0002956247112371958 0 2 3 0 2 0 1 1 1 0 3 1
-0.0002956247112371958 0 2 3 0 2 0 1 2 1 0 3 2
1.3178298098062009e-05 0 2 3 0 2 0 1 3 0 0 1 0
-6.20659256289909e-05 0 2 3 0 2 0 2 0 0 0 2 3
-6.98505776006151e-05 0 2 3 0 2 0 2 0 3 0 2 0
-0.0002956247112371958 0 2 3 0 2 0 2 1 2 0 3 1
-0.0002956247112371958 0 2 3 0 2 0 2 2 2 0 3 2
1.3178298098062009e-05 0 2 3 0 2 0 2 3 0 0 2 0
-6.527684369117925e-05 0 2 3 0 2 3 0 3 1 0 3 1
-6.527684369117925e-05 0 2 3 0 2 3 0 3 2 0 3 2
-5.691607271002154e-05 0 2 3 0 2 3 1 0 0 0 1 0
-0.0002685252629848999 0 2 3 0 2 3 1 1 1 0 0 1
-0.00027469250048897 0 2 3 0 2 3 1 1 1 3 3 1
-6.53263161164032e-06 0 2 3 0 2 3 1 1 3 1 3 1
-0.0002677201645978612 0 2 3 0 2 3 1 2 1 0 0 2
-0.0002744861644385247 0 2 3 0 2 3 1 2 1 3 3 2
-8.050983870387101e-07 0 2 3 0 2 3 1 2 2 0 0 1
-2.0633605044526928e-07 0 2 3 0 2 3 1 2 2 3 3 1
8.104945492865549e-05 0 2 3 0 2 3 1 2 3 1 3 2
-8.758208654029579e-05 0 2 3 0 2 3 1 2 3 2 3 1
-5.691607271002154e-05 0 2 3 0 2 3 2 0 0 0 2 0
-8.050983870387101e-07 0 2 3 0 2 3 2 1 1 0 0 2
-2.0633605044526928e-07 0 2 3 0 2 3 2 1 1 3 3 2
-0.0002677201645978612 0 2 3 0 2 3 2 1 2 0 0 1
-0.0002744861644385247 0 2 3 0 2 3 2 1 2 3 3 1
-8.758208654029579e-05 0 2 3 0 2 3 2 1 3 1 3 2
8.104945492865549e-05 0 2 3 0 2 3 2 1 3 2 3 1
-0.0002685252629848999 0 2 3 0 2 3 2 2 2 0 0 2
-0.00027469250048897 0 2 3 0 2 3 2 2 2 3 3 2
-6.53263161164032e-06 0 2 3 0 2 3 2 2 3 2 3 2
0.0005604154579171144 0 2 3 0 3 1 0 1 0 0 0 2
-0.0005604154579171144 0 2 3 0 3 1 0 2 0 0 0 1
0.00029880500683605166 0 2 3 0 3 1 1 1 1 0 2 0
-0.00029880500683605166 0 2 3 0 3 1 1 2 1 0 1 0
0.00029880500683605166 0 2 3 0 3 1 2 1 2 0 2 0
-0.00029880500683605166 0 2 3 0 3 1 2 2 2 0 1 0
0.00018666494083160743 0 2 3 0 3 2 0 0 1 0 1 0
0.00018666494083160743 0 2 3 0 3 2 0 0 2 0 2 0
0.0010861287244910858 0 2 3 0 3 2 0 3 1 0 1 0
0.00021349615993467908 0 2 3 0 3 2 0 3 1 0 1 3
0.00012154334302109436 0 2 3 0 3 2 0 3 1 3 1 0
0.0010861287244910858 0 2 3 0 3 2 0 3 2 0 2 0
0.00021349615993467908 0 2 3 0 3 2 0 3 2 0 2 3
0.00012154334302109436 0 2 3 0 3 2 0 3 2 3 2 0
0.0007909392375472246 0 2 3 0 3 2 0 3 3 1 1 0
0.0007909392375472246 0 2 3 0 3 2 0 3 3 2 2 0
-5.594363479897057e-05 0 2 3 0 3 2 1 0 0 0 0 1
-5.594363479897057e-05 0 2 3 0 3 2 2 0 0 0 0 2
0.00012152367986062504 0 2 3 0 3 2 3 3 1 0 1 0
0.00012152367986062504 0 2 3 0 3 2 3 3 2 0 2 0
0.05814735852411345 0 2 3 1 0 0 0 1 0 2 0 0
0.006670199590536573 0 2 3 1 0 0 0 1 0 2 0 3
0.006620944119998474 0 2 3 1 0 0 0 1 0 2 3 0
0.007343294449556465 0 2 3 1 0 0 0 1 3 2 0 0
-0.05814735852411345 0 2 3 1 0 0 0 2 0 1 0 0
-0.006670199590536573 0 2 3 1 0 0 0 2 0 1 0 3
-0.006620944119998474 0 2 3 1 0 0 0 2 0 1 3 0
-0.007343294449556465 0 2 3 1 0 0 0 2 3 1 0 0
-6.718557671985944e-06 0 2 3 1 0 0 0 3 1 1 1 2
6.718557671985944e-06 0 2 3 1 0 0 0 3 1 2 1 1
-6.718557671985944e-06 0 2 3 1 0 0 0 3 2 1 2 2
6.718557671985944e-06 0 2 3 1 0 0 0 3 2 2 2 1
0.047976126647133945 0 2 3 1 0 0 1 0 2 0 0 0
0.00550343727453306 0 2 3 1 0 0 1 0 2 0 0 3
0.005462797652156748 0 2 3 1 0 0 1 0 2 0 3 0
0.00544375642941169 0 2 3 1 0 0 1 0 2 3 0 0
-6.704552902597698e-06 0 2 3 1 0 0 1 1 3 0 2 1
-6.704552902597698e-06 0 2 3 1 0 0 1 2 3 0 2 2
0.005436192420189168 0 2 3 1 0 0 1 3 2 0 0 0
-0.047976126647133945 0 2 3 1 0 0 2 0 1 0 0 0
-0.00550343727453306 0 2 3 1 0 0 2 0 1 0 0 3
-0.005462797652156748 0 2 3 1 0 0 2 0 1 0 3 0
-0.00544375642941169 0 2 3 1 0 0 2 0 1 3 0 0
6.704552902597698e-06 0 2 3 1 0 0 2 1 3 0 1 1
6.704552902597698e-06 0 2 3 1 0 0 2 2 3 0 1 2
-0.005436192420189168 0 2 3 1 0 0 2 3 1 0 0 0
0.00733411941183929 0 2 3 1 0 0 3 1 0 2 0 0
-0.00733411941183929 0 2 3 1 0 0 3 2 0 1 0 0
1.7369404442467576e-07 0 2 3 1 0 3 0 0 1 1 1 2
-0.0018137181325708893 0 2 3 1 0 3 0 0 1 2 1 1
-0.0018135444385264645 0 2 3 1 0 3 0 0 1 2 2 2
0.0018135444385264645 0 2 3 1 0 3 0 0 2 1 1 1
0.0018137181325708893 0 2 3 1 0 3 0 0 2 1 2 2
-1.7369404442467576e-07 0 2 3 1 0 3 0 0 2 2 2 1
0.00630421331924004 0 2 3 1 0 3 0 1 0 2 0 0
-0.00630421331924004 0 2 3 1 0 3 0 2 0 1 0 0
9.300101997799376e-08 0 2 3 1 0 3 0 3 3 0 1 2
-9.300101997799376e-08 0 2 3 1 0 3 0 3 3 0 2 1
0.005201469925568218 0 2 3 1 0 3 1 0 2 0 0 0
1.7369404442469853e-07 0 2 3 1 0 3 1 1 0 0 2 1
-1.7369404442472828e-07 0 2 3 1 0 3 1 1 3 3 2 1
-0.001698027133035191 0 2 3 1 0 3 1 2 0 0 1 1
-0.0016978534389907665 0 2 3 1 0 3 1 2 0 0 2 2
0.0018137181325708898 0 2 3 1 0 3 1 2 3 3 1 1
0.001813544438526465 0 2 3 1 0 3 1 2 3 3 2 2
-0.005201469925568218 0 2 3 1 0 3 2 0 1 0 0 0
0.0016978534389907665 0 2 3 1 0 3 2 1 0 0 1 1
0.001698027133035191 0 2 3 1 0 3 2 1 0 0 2 2
-0.001813544438526465 0 2 3 1 0 3 2 1 3 3 1 1
-0.0018137181325708898 0 2 3 1 0 3 2 1 3 3 2 2
-1.7369404442469853e-07 0 2 3 1 0 3 2 2 0 0 1 2
1.7369404442472828e-07 0 2 3 1 0 3 2 2 3 3 1 2
-1.7369404442465438e-07 0 2 3 1 0 3 3 3 1 1 1 2
0.0016980271330351913 0 2 3 1 0 3 3 3 1 2 1 1
0.0016978534389907663 0 2 3 1 0 3 3 3 1 2 2 2
-0.0016978534389907663 0 2 3 1 0 3 3 3 2 1 1 1
-0.0016980271330351913 0 2 3 1 0 3 3 3 2 1 2 2
1.7369404442465438e-07 0 2 3 1 0 3 3 3 2 2 2 1
-0.0019013002191111857 0 2 3 1 1 1 0 0 1 2 3 0
0.0019013002191111857 0 2 3 1 1 1 0 0 2 1 3 0
6.897195244732009e-06 0 2 3 1 1 1 0 3 1 2 3 3
-6.897195244732009e-06 0 2 3 1 1 1 0 3 2 1 3 3
-0.0017738486808352666 0 2 3 1 1 1 1 2 0 0 3 0
-6.530904772543319e-06 0 2 3 1 1 1 1 2 3 0 3 3
0.0019027786376386703 0 2 3 1 1 1 1 2 3 3 3 0
0.0017738486808352666 0 2 3 1 1 1 2 1 0 0 3 0
6.530904772543319e-06 0 2 3 1 1 1 2 1 3 0 3 3
-0.0019027786376386703 0 2 3 1 1 1 2 1 3 3 3 0
0.0017723702623077815 0 2 3 1 1 1 3 3 1 2 3 0
-0.0017723702623077815 0 2 3 1 1 1 3 3 2 1 3 0
-1.3605131579119327e-05 0 2 3 1 1 2 0 0 0 0 3 0
4.815337765818479e-05 0 2 3 1 1 2 0 0 3 0 0 0
-0.00013040076536683761 0 2 3 1 1 2 0 0 3 0 3 0
-7.405031367265012e-05 0 2 3 1 1 2 0 0 3 0 3 3
-7.14588342585516e-06 0 2 3 1 1 2 0 0 3 3 3 0
-1.403768144622394e-05 0 2 3 1 1 2 0 3 0 0 0 0
-0.00013018762800513862 0 2 3 1 1 2 0 3 0 0 3 0
-1.4114666586787588e-05 0 2 3 1 1 2 0 3 0 0 3 3
-1.3925809855978917e-05 0 2 3 1 1 2 0 3 0 3 3 0
-0.0001324676305818739 0 2 3 1 1 2 0 3 3 0 0 0
-7.522914667130787e-06 0 2 3 1 1 2 0 3 3 0 0 3
1.027207991906762 0 2 3 1 1 2 0 3 3 0 3 0
-0.00013078175465742355 0 2 3 1 1 2 0 3 3 0 3 3
-7.31697610400105e-05 0 2 3 1 1 2 0 3 3 3 0 0
-0.00013018762800513892 0 2 3 1 1 2 0 3 3 3 3 0
4.916063516611438e-05 0 2 3 1 1 2 0 3 3 3 3 3
-1.3918407800252254e-05 0 2 3 1 1 2 3 0 3 0 3 0
-7.14588342585516e-06 0 2 3 1 1 2 3 3 0 0 3 0
-1.4016306818196071e-05 0 2 3 1 1 2 3 3 3 0 0 0
-0.0001304007653668385 0 2 3 1 1 2 3 3 3 0 3 0
-1.4135383684582931e-05 0 2 3 1 1 2 3 3 3 0 3 3
-1.3605131579119343e-05 0 2 3 1 1 2 3 3 3 3 3 0
-2.1766811048879623e-07 0 2 3 1 2 1 0 3 3 0 3 0
7.1145443615470364e-06 0 2 3 1 2 1 1 1 1 1 3 0
6.786896257405604e-06 0 2 3 1 2 1 1 2 1 2 3 0
3.2764810414143206e-07 0 2 3 1 2 1 1 2 2 1 3 0
3.2764810414143206e-07 0 2 3 1 2 1 2 1 1 2 3 0
6.786896257405604e-06 0 2 3 1 2 1 2 1 2 1 3 0
7.1145443615470364e-06 0 2 3 1 2 1 2 2 2 2 3 0
-0.0019027786376386705 0 2 3 1 2 2 0 0 1 2 3 0
0.0019027786376386705 0 2 3 1 2 2 0 0 2 1 3 0
6.4455717616024565e-06 0 2 3 1 2 2 0 3 1 2 0 0
-6.4455717616024565e-06 0 2 3 1 2 2 0 3 2 1 0 0
-0.0017723702623077817 0 2 3 1 2 2 1 2 0 0 3 0
-6.776679687937098e-06 0 2 3 1 2 2 1 2 3 0 0 0
0.0019013002191111859 0 2 3 1 2 2 1 2 3 3 3 0
0.0017723702623077817 0 2 3 1 2 2 2 1 0 0 3 0
6.776679687937098e-06 0 2 3 1 2 2 2 1 3 0 0 0
-0.0019013002191111859 0 2 3 1 2 2 2 1 3 3 3 0
0.001773848680835266 0 2 3 1 2 2 3 3 1 2 3 0
-0.001773848680835266 0 2 3 1 2 2 3 3 2 1 3 0
0.006269828465333593 0 2 3 1 3 0 0 1 0 2 0 0
-0.006269828465333593 0 2 3 1 3 0 0 2 0 1 0 0
0.005173099727030741 0 2 3 1 3 0 1 0 2 0 0 0
-0.005173099727030741 0 2 3 1 3 0 2 0 1 0 0 0
6.616950999627646e-06 0 2 3 1 3 3 0 3 1 1 1 2
6.616950999627646e-06 0 2 3 1 3 3 0 3 1 2 2 2
-6.616950999627646e-06 0 2 3 1 3 3 0 3 2 1 1 1
-6.616950999627646e-06 0 2 3 1 3 3 0 3 2 2 2 1
6.601163471884596e-06 0 2 3 1 3 3 1 1 3 0 2 1
-6.601163471884596e-06 0 2 3 1 3 3 1 2 3 0 1 1
6.601163471884596e-06 0 2 3 1 3 3 2 1 3 0 2 2
-6.601163471884596e-06 0 2 3 1 3 3 2 2 3 0 1 2
-0.005572598902459755 0 2 3 2 0 0 0 0 3 0 1 1
-0.005572598902459755 0 2 3 2 0 0 0 0 3 0 2 2
-0.01156777410775358 0 2 3 2 0 0 0 1 1 0 0 0
-0.001326962463565045 0 2 3 2 0 0 0 1 1 0 0 3
-0.001317163632264401 0 2 3 2 0 0 0 1 1 0 3 0
-0.0013801428410319541 0 2 3 2 0 0 0 1 1 3 0 0
-0.01156777410775358 0 2 3 2 0 0 0 2 2 0 0 0
-0.001326962463565045 0 2 3 2 0 0 0 2 2 0 0 3
-0.001317163632264401 0 2 3 2 0 0 0 2 2 0 3 0
-0.0013801428410319541 0 2 3 2 0 0 0 2 2 3 0 0
-0.005542650147510672 0 2 3 2 0 0 0 3 0 0 1 1
-0.005542650147510672 0 2 3 2 0 0 0 3 0 0 2 2
-0.04853846899157165 0 2 3 2 0 0 0 3 3 0 1 1
-0.04853846899157165 0 2 3 2 0 0 0 3 3 0 2 2
-0.005573468382239053 0 2 3 2 0 0 0 3 3 3 1 1
-0.005573468382239053 0 2 3 2 0 0 0 3 3 3 2 2
0.011567774107753555 0 2 3 2 0 0 1 0 0 1 0 0
0.0013269624635650421 0 2 3 2 0 0 1 0 0 1 0 3
0.0013171636322643983 0 2 3 2 0 0 1 0 0 1 3 0
0.0013801428410319502 0 2 3 2 0 0 1 0 3 1 0 0
0.0014056631026662166 0 2 3 2 0 0 1 3 0 1 0 0
0.011567774107753555 0 2 3 2 0 0 2 0 0 2 0 0
0.0013269624635650421 0 2 3 2 0 0 2 0 0 2 0 3
0.0013171636322643983 0 2 3 2 0 0 2 0 0 2 3 0
0.0013801428410319502 0 2 3 2 0 0 2 0 3 2 0 0
0.0014056631026662166 0 2 3 2 0 0 2 3 0 2 0 0
-0.0014056631026662203 0 2 3 2 0 0 3 1 1 0 0 0
-0.0014056631026662203 0 2 3 2 0 0 3 2 2 0 0 0
-0.005541844908047739 0 2 3 2 0 0 3 3 3 0 1 1
-0.005541844908047739 0 2 3 2 0 0 3 3 3 0 2 2
-0.004786270431471036 0 2 3 2 0 3 0 0 0 0 1 1
-0.004786270431471036 0 2 3 2 0 3 0 0 0 0 2 2
-0.0483970682517233 0 2 3 2 0 3 0 0 3 0 1 1
-0.0483970682517233 0 2 3 2 0 3 0 0 3 0 2 2
0.0034154805715265854 0 2 3 2 0 3 0 0 3 3 1 1
0.0034154805715265854 0 2 3 2 0 3 0 0 3 3 2 2
-0.0012541535411934185 0 2 3 2 0 3 0 1 1 0 0 0
-0.0012541535411934185 0 2 3 2 0 3 0 2 2 0 0 0
-0.04831796424177275 0 2 3 2 0 3 0 3 0 0 1 1
-0.04831796424177275 0 2 3 2 0 3 0 3 0 0 2 2
-0.0051684387600360706 0 2 3 2 0 3 0 3 0 3 1 1
-0.0051684387600360706 0 2 3 2 0 3 0 3 0 3 2 2
381.2080674974273 0 2 3 2 0 3 0 3 3 0 1 1
381.20806749742735 0 2 3 2 0 3 0 3 3 0 2 2
-0.048317964241772864 0 2 3 2 0 3 0 3 3 3 1 1
-0.048317964241772864 0 2 3 2 0 3 0 3 3 3 2 2
0.0012541535411934159 0 2 3 2 0 3 1 0 0 1 0 0
-0.008449291018825364 0 2 3 2 0 3 1 1 1 1 1 1
-0.00843187496998771 0 2 3 2 0 3 1 1 1 1 2 2
-7.911284390187507e-06 0 2 3 2 0 3 1 1 1 2 2 1
-9.504764447468543e-06 0 2 3 2 0 3 1 1 2 1 2 1
-7.911284390187497e-06 0 2 3 2 0 3 1 2 1 1 1 2
-0.008056624617320911 0 2 3 2 0 3 1 2 1 2 1 1
-0.00805503113726363 0 2 3 2 0 3 1 2 1 2 2 2
-0.0003847551171142666 0 2 3 2 0 3 1 2 2 1 1 1
-0.0003847551171142666 0 2 3 2 0 3 1 2 2 1 2 2
-9.504764447468555e-06 0 2 3 2 0 3 1 2 2 2 2 1
0.0012541535411934159 0 2 3 2 0 3 2 0 0 2 0 0
-9.504764447468555e-06 0 2 3 2 0 3 2 1 1 1 1 2
-0.0003847551171142666 0 2 3 2 0 3 2 1 1 2 1 1
-0.0003847551171142666 0 2 3 2 0 3 2 1 1 2 2 2
-0.00805503113726363 0 2 3 2 0 3 2 1 2 1 1 1
-0.008056624617320911 0 2 3 2 0 3 2 1 2 1 2 2
-7.911284390187497e-06 0 2 3 2 0 3 2 1 2 2 2 1
-9.504764447468543e-06 0 2 3 2 0 3 2 2 1 2 1 2
-7.911284390187507e-06 0 2 3 2 0 3 2 2 2 1 1 2
-0.00843187496998771 0 2 3 2 0 3 2 2 2 2 1 1
-0.008449291018825364 0 2 3 2 0 3 2 2 2 2 2 2
-0.005165691553796915 0 2 3 2 0 3 3 0 3 0 1 1
-0.005165691553796915 0 2 3 2 0 3 3 0 3 0 2 2
0.0023541240858873484 0 2 3 2 0 3 3 3 0 0 1 1
0.0023541240858873484 0 2 3 2 0 3 3 3 0 0 2 2
-0.048397068251723636 0 2 3 2 0 3 3 3 3 0 1 1
-0.048397068251723636 0 2 3 2 0 3 3 3 3 0 2 2
-0.004786270431471042 0 2 3 2 0 3 3 3 3 3 1 1
-0.004786270431471042 0 2 3 2 0 3 3 3 3 3 2 2
-0.004230862995046839 0 2 3 2 1 1 0 0 0 0 3 0
-0.00472302608269098 0 2 3 2 1 1 0 0 3 0 0 0
-0.043362295751337473 0 2 3 2 1 1 0 0 3 0 3 0
-0.004700453146614686 0 2 3 2 1 1 0 0 3 0 3 3
0.004385722650344192 0 2 3 2 1 1 0 0 3 3 3 0
-0.004667964124457709 0 2 3 2 1 1 0 3 0 0 0 0
-0.043291420973205215 0 2 3 2 1 1 0 3 0 0 3 0
-0.004693564069551498 0 2 3 2 1 1 0 3 0 0 3 3
-0.00463076335367442 0 2 3 2 1 1 0 3 0 3 3 0
-0.04404959248982232 0 2 3 2 1 1 0 3 3 0 0 0
0.004280188136786392 0 2 3 2 1 1 0 3 3 0 0 3
341.5470323410799 0 2 3 2 1 1 0 3 3 0 3 0
-0.043488986497745324 0 2 3 2 1 1 0 3 3 0 3 3
-0.004667964124457709 0 2 3 2 1 1 0 3 3 3 0 0
-0.04329142097320531 0 2 3 2 1 1 0 3 3 3 3 0
-0.004756839371304404 0 2 3 2 1 1 0 3 3 3 3 3
-0.008836730519189283 0 2 3 2 1 1 1 1 1 1 3 0
-0.008434184828883537 0 2 3 2 1 1 1 2 1 2 3 0
-0.0004025456903057464 0 2 3 2 1 1 1 2 2 1 3 0
-0.0004025456903057464 0 2 3 2 1 1 2 1 1 2 3 0
-0.008434184828883537 0 2 3 2 1 1 2 1 2 1 3 0
-0.008836730519189283 0 2 3 2 1 1 2 2 2 2 3 0
-0.0046283019407472445 0 2 3 2 1 1 3 0 3 0 3 0
0.0032029111404111785 0 2 3 2 1 1 3 3 0 0 3 0
-0.004660856398214601 0 2 3 2 1 1 3 3 3 0 0 0
-0.04336229575133777 0 2 3 2 1 1 3 3 3 0 3 0
-0.004700453146614688 0 2 3 2 1 1 3 3 3 0 3 3
-0.004230862995046845 0 2 3 2 1 1 3 3 3 3 3 0
1.478418527484944e-06 0 2 3 2 1 2 0 0 1 2 3 0
-1.478418527484944e-06 0 2 3 2 1 2 0 0 2 1 3 0
-6.4455717616024565e-06 0 2 3 2 1 2 0 3 1 2 0 0
6.897195244732009e-06 0 2 3 2 1 2 0 3 1 2 3 3
6.4455717616024565e-06 0 2 3 2 1 2 0 3 2 1 0 0
-6.897195244732009e-06 0 2 3 2 1 2 0 3 2 1 3 3
-1.4784185274849597e-06 0 2 3 2 1 2 3 3 1 2 3 0
1.4784185274849597e-06 0 2 3 2 1 2 3 3 2 1 3 0
-1.478418527484955e-06 0 2 3 2 2 1 1 2 0 0 3 0
6.776679687937098e-06 0 2 3 2 2 1 1 2 3 0 0 0
-6.530904772543319e-06 0 2 3 2 2 1 1 2 3 0 3 3
1.4784185274849502e-06 0 2 3 2 2 1 1 2 3 3 3 0
1.478418527484955e-06 0 2 3 2 2 1 2 1 0 0 3 0
-6.776679687937098e-06 0 2 3 2 2 1 2 1 3 0 0 0
6.530904772543319e-06 0 2 3 2 2 1 2 1 3 0 3 3
-1.4784185274849502e-06 0 2 3 2 2 1 2 1 3 3 3 0
-0.0042444681266259575 0 2 3 2 2 2 0 0 0 0 3 0
-0.0046748727050327935 0 2 3 2 2 2 0 0 3 0 0 0
-0.0434926965167043 0 2 3 2 2 2 0 0 3 0 3 0
-0.0047745034602873345 0 2 3 2 2 2 0 0 3 0 3 3
0.004378576766918338 0 2 3 2 2 2 0 0 3 3 3 0
-0.004682001805903932 0 2 3 2 2 2 0 3 0 0 0 0
-0.043421608601210346 0 2 3 2 2 2 0 3 0 0 3 0
-0.004707678736138285 0 2 3 2 2 2 0 3 0 0 3 3
-0.004644689163530398 0 2 3 2 2 2 0 3 0 3 3 0
-0.04418206012040418 0 2 3 2 2 2 0 3 3 0 0 0
0.0042726652221192615 0 2 3 2 2 2 0 3 3 0 0 3
342.5742401153184 0 2 3 2 2 2 0 3 3 0 3 0
-0.04361976825240274 0 2 3 2 2 2 0 3 3 0 3 3
-0.004741133885497718 0 2 3 2 2 2 0 3 3 3 0 0
-0.04342160860121044 0 2 3 2 2 2 0 3 3 3 3 0
-0.004707678736138288 0 2 3 2 2 2 0 3 3 3 3 3
-0.008829615974827737 0 2 3 2 2 2 1 1 1 1 3 0
-0.008427397932626132 0 2 3 2 2 2 1 2 1 2 3 0
-0.00040221804220160503 0 2 3 2 2 2 1 2 2 1 3 0
-0.00040221804220160503 0 2 3 2 2 2 2 1 1 2 3 0
-0.008427397932626132 0 2 3 2 2 2 2 1 2 1 3 0
-0.008829615974827737 0 2 3 2 2 2 2 2 2 2 3 0
-0.004642220348547496 0 2 3 2 2 2 3 0 3 0 3 0
0.0031957652569853247 0 2 3 2 2 2 3 3 0 0 3 0
-0.004674872705032795 0 2 3 2 2 2 3 3 3 0 0 0
-0.0434926965167046 0 2 3 2 2 2 3 3 3 0 3 0
-0.00471458853029927 0 2 3 2 2 2 3 3 3 0 3 3
-0.004244468126625964 0 2 3 2 2 2 3 3 3 3 3 0
-0.0012473130546637862 0 2 3 2 3 0 0 1 1 0 0 0
-0.0012473130546637862 0 2 3 2 3 0 0 2 2 0 0 0
0.0032933516414814885 0 2 3 2 3 0 0 3 3 0 1 1
0.0032933516414814885 0 2 3 2 3 0 0 3 3 0 2 2
0.0012473130546637836 0 2 3 2 3 0 1 0 0 1 0 0
0.0012473130546637836 0 2 3 2 3 0 2 0 0 2 0 0
-0.0055311106422456695 0 2 3 2 3 3 0 0 3 0 1 1
-0.0055311106422456695 0 2 3 2 3 3 0 0 3 0 2 2
-0.005501720961308953 0 2 3 2 3 3 0 3 0 0 1 1
-0.005501720961308953 0 2 3 2 3 3 0 3 0 0 2 2
-0.0491641666395113 0 2 3 2 3 3 0 3 3 0 1 1
-0.0491641666395113 0 2 3 2 3 3 0 3 3 0 2 2
-0.005532073123044944 0 2 3 2 3 3 0 3 3 3 1 1
-0.005532073123044944 0 2 3 2 3 3 0 3 3 3 2 2
-0.005500830898394519 0 2 3 2 3 3 3 3 3 0 1 1
-0.005500830898394519 0 2 3 2 3 3 3 3 3 0 2 2
0.0005438504464799406 0 2 3 3 0 1 0 1 0 0 0 2
-7.280892237162672e-05 0 2 3 3 0 1 0 1 1 2 0 1
-7.280892237162672e-05 0 2 3 3 0 1 0 1 2 2 0 2
-0.0005438504464799406 0 2 3 3 0 1 0 2 0 0 0 1
7.280892237162672e-05 0 2 3 3 0 1 0 2 1 1 0 1
7.280892237162672e-05 0 2 3 3 0 1 0 2 2 1 0 2
0.0002993022619348119 0 2 3 3 0 1 0 3 3 1 2 0
-0.0002993022619348119 0 2 3 3 0 1 0 3 3 2 1 0
-5.833357899435163e-05 0 2 3 3 0 1 1 1 0 1 2 0
0.00030545462657673416 0 2 3 3 0 1 1 1 1 0 2 0
-5.7743384794576186e-05 0 2 3 3 0 1 1 1 3 1 2 3
5.8289761561124896e-05 0 2 3 3 0 1 1 2 0 1 1 0
-4.381743322673159e-08 0 2 3 3 0 1 1 2 0 2 2 0
-0.00028746306144497466 0 2 3 3 0 1 1 2 1 0 1 0
1.7991565131759492e-05 0 2 3 3 0 1 1 2 2 0 2 0
5.7917032924630566e-05 0 2 3 3 0 1 1 2 3 1 1 3
1.7364813005438035e-07 0 2 3 3 0 1 1 2 3 2 2 3
4.381743322673159e-08 0 2 3 3 0 1 2 1 0 1 1 0
-5.8289761561124896e-05 0 2 3 3 0 1 2 1 0 2 2 0
-1.7991565131759492e-05 0 2 3 3 0 1 2 1 1 0 1 0
0.00028746306144497466 0 2 3 3 0 1 2 1 2 0 2 0
-1.7364813005438035e-07 0 2 3 3 0 1 2 1 3 1 1 3
-5.7917032924630566e-05 0 2 3 3 0 1 2 1 3 2 2 3
5.833357899435163e-05 0 2 3 3 0 1 2 2 0 2 1 0
-0.00030545462657673416 0 2 3 3 0 1 2 2 2 0 1 0
5.7743384794576186e-05 0 2 3 3 0 1 2 2 3 2 1 3
0.0005238107397133173 0 2 3 3 0 2 0 0 0 1 1 0
0.0005238107397133173 0 2 3 3 0 2 0 0 0 2 2 0
0.00020325434825793404 0 2 3 3 0 2 0 0 1 0 1 0
0.00020325434825793404 0 2 3 3 0 2 0 0 2 0 2 0
0.004904371735018995 0 2 3 3 0 2 0 0 3 1 1 0
0.0007980954421724177 0 2 3 3 0 2 0 0 3 1 1 3
0.004904371735018995 0 2 3 3 0 2 0 0 3 2 2 0
0.0007980954421724177 0 2 3 3 0 2 0 0 3 2 2 3
0.004896355640562399 0 2 3 3 0 2 0 3 0 1 1 0
0.0005308524966300727 0 2 3 3 0 2 0 3 0 1 1 3
0.004896355640562399 0 2 3 3 0 2 0 3 0 2 2 0
0.0005308524966300727 0 2 3 3 0 2 0 3 0 2 2 3
0.00106743452516384 0 2 3 3 0 2 0 3 1 0 1 0
0.00012244754557027388 0 2 3 3 0 2 0 3 1 0 1 3
0.00013394201584186565 0 2 3 3 0 2 0 3 1 3 1 0
0.00106743452516384 0 2 3 3 0 2 0 3 2 0 2 0
0.00012244754557027388 0 2 3 3 0 2 0 3 2 0 2 3
0.00013394201584186565 0 2 3 3 0 2 0 3 2 3 2 0
-38.63352795517988 0 2 3 3 0 2 0 3 3 1 1 0
0.004918700739168918 0 2 3 3 0 2 0 3 3 1 1 3
-38.63352795517988 0 2 3 3 0 2 0 3 3 2 2 0
0.004918700739168918 0 2 3 3 0 2 0 3 3 2 2 3
1.613668492475477e-05 0 2 3 3 0 2 1 0 1 1 0 1
1.613668492475477e-05 0 2 3 3 0 2 1 0 2 1 0 2
1.613668492475477e-05 0 2 3 3 0 2 2 0 1 2 0 1
1.613668492475477e-05 0 2 3 3 0 2 2 0 2 2 0 2
0.000523471205249418 0 2 3 3 0 2 3 0 3 1 1 0
0.000523471205249418 0 2 3 3 0 2 3 0 3 2 2 0
0.00025663476746645383 0 2 3 3 0 2 3 3 0 1 1 0
0.00025663476746645383 0 2 3 3 0 2 3 3 0 2 2 0
5.805782509145228e-05 0 2 3 3 0 2 3 3 1 0 1 0
5.805782509145228e-05 0 2 3 3 0 2 3 3 2 0 2 0
0.0049043717350190285 0 2 3 3 0 2 3 3 3 1 1 0
0.0005316316665112715 0 2 3 3 0 2 3 3 3 1 1 3
0.0049043717350190285 0 2 3 3 0 2 3 3 3 2 2 0
0.0005316316665112715 0 2 3 3 0 2 3 3 3 2 2 3
-0.0008721457558450679 0 2 3 3 1 0 0 0 3 1 3 2
0.0008721457558450679 0 2 3 3 1 0 0 0 3 2 3 1
0.0005497011251127838 0 2 3 3 1 0 0 1 0 0 2 0
-6.985057760061517e-05 0 2 3 3 1 0 0 1 1 2 1 0
-6.985057760061517e-05 0 2 3 3 1 0 0 1 2 2 2 0
-0.0005497011251127838 0 2 3 3 1 0 0 2 0 0 1 0
6.985057760061517e-05 0 2 3 3 1 0 0 2 1 1 1 0
6.985057760061517e-05 0 2 3 3 1 0 0 2 2 1 2 0
-0.0005766048140933112 0 2 3 3 1 0 0 3 0 1 3 2
0.0005766048140933112 0 2 3 3 1 0 0 3 0 2 3 1
-0.00011880606879925433 0 2 3 3 1 0 0 3 1 0 3 2
0.00011880606879925433 0 2 3 3 1 0 0 3 2 0 3 1
-0.0009868364953049028 0 2 3 3 1 0 0 3 3 1 0 2
-0.005049482493826341 0 2 3 3 1 0 0 3 3 1 3 2
0.0009868364953049028 0 2 3 3 1 0 0 3 3 2 0 1
0.005049482493826341 0 2 3 3 1 0 0 3 3 2 3 1
-0.0005765210446078723 0 2 3 3 1 0 3 3 3 1 3 2
0.0005765210446078723 0 2 3 3 1 0 3 3 3 2 3 1
-0.0005377381752864124 0 2 3 3 1 3 0 0 0 1 3 2
0.0005377381752864124 0 2 3 3 1 3 0 0 0 2 3 1
-0.00020498588720609971 0 2 3 3 1 3 0 0 1 0 3 2
0.00020498588720609971 0 2 3 3 1 3 0 0 2 0 3 1
-0.0008080845595546896 0 2 3 3 1 3 0 0 3 1 0 2
-0.0050347725003858325 0 2 3 3 1 3 0 0 3 1 3 2
0.0008080845595546896 0 2 3 3 1 3 0 0 3 2 0 1
0.0050347725003858325 0 2 3 3 1 3 0 0 3 2 3 1
-0.0005419947675598426 0 2 3 3 1 3 0 3 0 1 0 2
-0.005026543268567538 0 2 3 3 1 3 0 3 0 1 3 2
0.0005419947675598426 0 2 3 3 1 3 0 3 0 2 0 1
0.005026543268567538 0 2 3 3 1 3 0 3 0 2 3 1
-0.00012477501994354796 0 2 3 3 1 3 0 3 1 0 0 2
-0.0010958161990215643 0 2 3 3 1 3 0 3 1 0 3 2
-0.00013750335709498512 0 2 3 3 1 3 0 3 1 3 3 2
0.00012477501994354796 0 2 3 3 1 3 0 3 2 0 0 1
0.0010958161990215643 0 2 3 3 1 3 0 3 2 0 3 1
0.00013750335709498512 0 2 3 3 1 3 0 3 2 3 3 1
-0.005114574149688998 0 2 3 3 1 3 0 3 3 1 0 2
39.66073585408564 0 2 3 3 1 3 0 3 3 1 3 2
0.005114574149688998 0 2 3 3 1 3 0 3 3 2 0 1
-39.66073585408563 0 2 3 3 1 3 0 3 3 2 3 1
-0.0005373896130496704 0 2 3 3 1 3 3 0 3 1 3 2
0.0005373896130496704 0 2 3 3 1 3 3 0 3 2 3 1
-0.00026345834689833314 0 2 3 3 1 3 3 3 0 1 3 2
0.00026345834689833314 0 2 3 3 1 3 3 3 0 2 3 1
-6.292222523433892e-05 0 2 3 3 1 3 3 3 1 0 3 2
6.292222523433892e-05 0 2 3 3 1 3 3 3 2 0 3 1
-0.0005411694933438674 0 2 3 3 1 3 3 3 3 1 0 2
-0.005034772500385867 0 2 3 3 1 3 3 3 3 1 3 2
0.0005411694933438674 0 2 3 3 1 3 3 3 3 2 0 1
0.005034772500385867 0 2 3 3 1 3 3 3 3 2 3 1
1.5481025207324143e-05 0 2 3 3 2 0 1 0 1 1 1 0
1.5481025207324143e-05 0 2 3 3 2 0 1 0 2 1 2 0
6.444793769717388e-05 0 2 3 3 2 0 1 1 3 1 3 1
6.444793769717388e-05 0 2 3 3 2 0 1 2 3 1 3 2
1.5481025207324143e-05 0 2 3 3 2 0 2 0 1 2 1 0
1.5481025207324143e-05 0 2 3 3 2 0 2 0 2 2 2 0
6.444793769717388e-05 0 2 3 3 2 0 2 1 3 2 3 1
6.444793769717388e-05 0 2 3 3 2 0 2 2 3 2 3 2
-0.00029942692902532335 0 2 3 3 2 3 0 3 3 1 3 1
-0.00029942692902532335 0 2 3 3 2 3 0 3 3 2 3 2
5.988459179648801e-05 0 2 3 3 2 3 1 1 0 1 3 1
-0.0002975433421865466 0 2 3 3 2 3 1 1 1 0 3 1
5.854009749909776e-05 0 2 3 3 2 3 1 1 3 1 0 1
5.9839609315598134e-05 0 2 3 3 2 3 1 2 0 1 3 2
4.498248088988558e-08 0 2 3 3 2 3 1 2 0 2 3 1
-0.00027987408104876297 0 2 3 3 2 3 1 2 1 0 3 2
-1.7669261137783658e-05 0 2 3 3 2 3 1 2 2 0 3 1
5.8364581283045256e-05 0 2 3 3 2 3 1 2 3 1 0 2
1.7551621605250377e-07 0 2 3 3 2 3 1 2 3 2 0 1
4.498248088988558e-08 0 2 3 3 2 3 2 1 0 1 3 2
5.9839609315598134e-05 0 2 3 3 2 3 2 1 0 2 3 1
-1.7669261137783658e-05 0 2 3 3 2 3 2 1 1 0 3 2
-0.00027987408104876297 0 2 3 3 2 3 2 1 2 0 3 1
1.7551621605250377e-07 0 2 3 3 2 3 2 1 3 1 0 2
5.8364581283045256e-05 0 2 3 3 2 3 2 1 3 2 0 1
5.988459179648801e-05 0 2 3 3 2 3 2 2 0 2 3 2
-0.0002975433421865466 0 2 3 3 2 3 2 2 2 0 3 2
5.854009749909776e-05 0 2 3 3 2 3 2 2 3 2 0 2
-6.514126097098236e-05 0 2 3 3 3 1 1 1 3 1 2 0
6.514126097098236e-05 0 2 3 3 3 1 1 2 3 1 1 0
-6.514126097098236e-05 0 2 3 3 3 1 2 1 3 2 2 0
6.514126097098236e-05 0 2 3 3 3 1 2 2 3 2 1 0
0.0008562379372128744 0 2 3 3 3 2 0 0 3 1 1 0
0.0008562379372128744 0 2 3 3 3 2 0 0 3 2 2 0
0.0005575231259105117 0 2 3 3 3 2 0 3 0 1 1 0
0.0005575231259105117 0 2 3 3 3 2 0 3 0 2 2 0
0.00011509777125949189 0 2 3 3 3 2 0 3 1 0 1 0
0.00011509777125949189 0 2 3 3 3 2 0 3 2 0 2 0
0.004982106519107122 0 2 3 3 3 2 0 3 3 1 1 0
0.0009793135806377721 0 2 3 3 3 2 0 3 3 1 1 3
0.004982106519107122 0 2 3 3 3 2 0 3 3 2 2 0
0.0009793135806377721 0 2 3 3 3 2 0 3 3 2 2 3
0.000557432930376823 0 2 3 3 3 2 3 3 3 1 1 0
0.000557432930376823 0 2 3 3 3 2 3 3 3 2 2 0
-6566.213832707714 0 3 0 0 0 0 0 0 0 0 0 0
-751.0635986676458 0 3 0 0 0 0 0 0 0 0 0 3
-745.4880527709275 0 3 0 0 0 0 0 0 0 0 3 0
0.24011489006794293 0 3 0 0 0 0 0 0 0 0 3 3
-817.7332160737095 0 3 0 0 0 0 0 0 0 3 0 0
0.28978597439579257 0 3 0 0 0 0 0 0 0 3 0 3
0.2899320419588755 0 3 0 0 0 0 0 0 0 3 3 0
0.026529740925524032 0 3 0 0 0 0 0 0 0 3 3 3
-0.0021309834899084492 0 3 0 0 0 0 0 0 1 1 0 0
-0.00024444937074713367 0 3 0 0 0 0 0 0 1 1 0 3
-0.00024264425702970078 0 3 0 0 0 0 0 0 1 1 3 0
-0.0021309834899084492 0 3 0 0 0 0 0 0 2 2 0 0
-0.00024444937074713367 0 3 0 0 0 0 0 0 2 2 0 3
-0.00024264425702970078 0 3 0 0 0 0 0 0 2 2 3 0
-744.2723593839576 0 3 0 0 0 0 0 0 3 0 0 0
0.2804331645699449 0 3 0 0 0 0 0 0 3 0 0 3
0.2804586673267775 0 3 0 0 0 0 0 0 3 0 3 0
0.025991742407289905 0 3 0 0 0 0 0 0 3 0 3 3
0.28724357486109514 0 3 0 0 0 0 0 0 3 3 0 0
0.031684557399230734 0 3 0 0 0 0 0 0 3 3 0 3
0.03149189636012399 0 3 0 0 0 0 0 0 3 3 3 0
-821.0155450765769 0 3 0 0 0 0 0 3 0 0 0 0
0.2904925329439556 0 3 0 0 0 0 0 3 0 0 0 3
0.2903737222488256 0 3 0 0 0 0 0 3 0 0 3 0
0.026553195538143125 0 3 0 0 0 0 0 3 0 0 3 3
0.25379260524352637 0 3 0 0 0 0 0 3 0 3 0 0
0.027791984180541185 0 3 0 0 0 0 0 3 0 3 0 3
0.027596758923556522 0 3 0 0 0 0 0 3 0 3 3 0
-0.001366977391423595 0 3 0 0 0 0 0 3 1 1 0 0
-0.001366977391423595 0 3 0 0 0 0 0 3 2 2 0 0
0.2857641192042517 0 3 0 0 0 0 0 3 3 0 0 0
0.03150993746504768 0 3 0 0 0 0 0 3 3 0 0 3
0.03128823081198043 0 3 0 0 0 0 0 3 3 0 3 0
0.027219365705481155 0 3 0 0 0 0 0 3 3 3 0 0
74.45141930762802 0 3 0 0 0 0 1 1 0 3 0 0
-0.009479856528976704 0 3 0 0 0 0 1 1 0 3 0 3
-0.009602059063506916 0 3 0 0 0 0 1 1 0 3 3 0
0.00044100314094538186 0 3 0 0 0 0 1 1 0 3 3 3
0.002091387856439121 0 3 0 0 0 0 1 1 1 1 0 0
0.00023990727657711866 0 3 0 0 0 0 1 1 1 1 0 3
0.0002381357035330248 0 3 0 0 0 0 1 1 1 1 3 0
-0.04332096611040736 0 3 0 0 0 0 1 1 2 2 0 0
-0.004969434515094219 0 3 0 0 0 0 1 1 2 2 0 3
-0.004932738186592067 0 3 0 0 0 0 1 1 2 2 3 0
-74.45141930762827 0 3 0 0 0 0 1 1 3 0 0 0
0.009479856528976737 0 3 0 0 0 0 1 1 3 0 0 3
0.009602059063506948 0 3 0 0 0 0 1 1 3 0 3 0
-0.0004410031409453806 0 3 0 0 0 0 1 1 3 0 3 3
0.04541235396684648 0 3 0 0 0 0 1 2 2 1 0 0
0.005209341791671338 0 3 0 0 0 0 1 2 2 1 0 3
0.005170873890125092 0 3 0 0 0 0 1 2 2 1 3 0
-0.004707678736138286 0 3 0 0 0 0 1 3 1 0 1 1
-0.0047568393713044 0 3 0 0 0 0 1 3 1 0 2 2
4.9160635166114105e-05 0 3 0 0 0 0 1 3 2 0 2 1
0.04541235396684648 0 3 0 0 0 0 2 1 1 2 0 0
0.005209341791671338 0 3 0 0 0 0 2 1 1 2 0 3
0.005170873890125092 0 3 0 0 0 0 2 1 1 2 3 0
74.45141930762802 0 3 0 0 0 0 2 2 0 3 0 0
-0.009479856528976704 0 3 0 0 0 0 2 2 0 3 0 3
-0.009602059063506916 0 3 0 0 0 0 2 2 0 3 3 0
0.00044100314094538176 0 3 0 0 0 0 2 2 0 3 3 3
-0.04332096611040736 0 3 0 0 0 0 2 2 1 1 0 0
-0.004969434515094219 0 3 0 0 0 0 2 2 1 1 0 3
-0.004932738186592067 0 3 0 0 0 0 2 2 1 1 3 0
0.002091387856439121 0 3 0 0 0 0 2 2 2 2 0 0
0.00023990727657711866 0 3 0 0 0 0 2 2 2 2 0 3
0.0002381357035330248 0 3 0 0 0 0 2 2 2 2 3 0
-74.45141930762827 0 3 0 0 0 0 2 2 3 0 0 0
0.009479856528976737 0 3 0 0 0 0 2 2 3 0 0 3
0.009602059063506948 0 3 0 0 0 0 2 2 3 0 3 0
-0.0004410031409453806 0 3 0 0 0 0 2 2 3 0 3 3
4.9160635166114105e-05 0 3 0 0 0 0 2 3 1 0 1 2
-0.0047568393713044 0 3 0 0 0 0 2 3 2 0 1 1
-0.004707678736138286 0 3 0 0 0 0 2 3 2 0 2 2
-740.354491880379 0 3 0 0 0 0 3 0 0 0 0 0
0.2802230164498478 0 3 0 0 0 0 3 0 0 0 0 3
0.2799718239048298 0 3 0 0 0 0 3 0 0 0 3 0
0.025962465612090067 0 3 0 0 0 0 3 0 0 0 3 3
0.28486681947147247 0 3 0 0 0 0 3 0 0 3 0 0
0.031412483153183235 0 3 0 0 0 0 3 0 0 3 0 3
0.031188305948195327 0 3 0 0 0 0 3 0 0 3 3 0
0.0005755163086096809 0 3 0 0 0 0 3 0 1 1 0 0
0.0005755163086096809 0 3 0 0 0 0 3 0 2 2 0 0
0.23424417848135773 0 3 0 0 0 0 3 0 3 0 0 0
0.025672756177635543 0 3 0 0 0 0 3 0 3 0 0 3
0.025492091846689706 0 3 0 0 0 0 3 0 3 0 3 0
0.025567125249479482 0 3 0 0 0 0 3 0 3 3 0 0
0.2874404082554833 0 3 0 0 0 0 3 3 0 0 0 0
0.03170197095321077 0 3 0 0 0 0 3 3 0 0 0 3
0.031445339210691155 0 3 0 0 0 0 3 3 0 0 3 0
0.027136796368714747 0 3 0 0 0 0 3 3 0 3 0 0
0.02563421997953428 0 3 0 0 0 0 3 3 3 0 0 0
-710.9470525524825 0 3 0 0 0 3 0 0 0 0 0 0
0.29374039899806054 0 3 0 0 0 3 0 0 0 0 0 3
0.29335501928510627 0 3 0 0 0 3 0 0 0 0 3 0
0.029612266046637196 0 3 0 0 0 3 0 0 0 0 3 3
0.28994062400168813 0 3 0 0 0 3 0 0 0 3 0 0
0.034098339687364455 0 3 0 0 0 3 0 0 0 3 0 3
0.033916411406765164 0 3 0 0 0 3 0 0 0 3 3 0
-0.00023103671157461702 0 3 0 0 0 3 0 0 1 1 0 0
-0.00023103671157461702 0 3 0 0 0 3 0 0 2 2 0 0
0.28058781417584044 0 3 0 0 0 3 0 0 3 0 0 0
0.03289750047171059 0 3 0 0 0 3 0 0 3 0 0 3
0.032670067872311734 0 3 0 0 0 3 0 0 3 0 3 0
0.032388258702005165 0 3 0 0 0 3 0 0 3 3 0 0
-0.0007963892299372046 0 3 0 0 0 3 0 1 1 0 1 1
-0.0007934232306853036 0 3 0 0 0 3 0 1 1 0 2 2
-2.9659992519008843e-06 0 3 0 0 0 3 0 1 2 0 2 1
-2.9659992519008843e-06 0 3 0 0 0 3 0 2 1 0 1 2
-0.0007934232306853036 0 3 0 0 0 3 0 2 2 0 1 1
-0.0007963892299372046 0 3 0 0 0 3 0 2 2 0 2 2
0.2904925329439556 0 3 0 0 0 3 0 3 0 0 0 0
0.034227000533440154 0 3 0 0 0 3 0 3 0 0 0 3
0.03389557489155092 0 3 0 0 0 3 0 3 0 0 3 0
0.028803443658513006 0 3 0 0 0 3 0 3 0 3 0 0
0.032212177724472435 0 3 0 0 0 3 0 3 3 0 0 0
-0.0049109688819956 0 3 0 0 0 3 1 0 1 0 1 1
-0.0048962447063938645 0 3 0 0 0 3 1 0 1 0 2 2
-1.4724175601735811e-05 0 3 0 0 0 3 1 0 2 0 2 1
-0.009479856528976703 0 3 0 0 0 3 1 1 0 3 0 0
-0.001217151176035591 0 3 0 0 0 3 1 1 0 3 0 3
-0.001207568922396068 0 3 0 0 0 3 1 1 0 3 3 0
0.00022674383694992417 0 3 0 0 0 3 1 1 1 1 0 0
-0.0046967672906813255 0 3 0 0 0 3 1 1 2 2 0 0
0.009479856528976736 0 3 0 0 0 3 1 1 3 0 0 0
0.001217151176035595 0 3 0 0 0 3 1 1 3 0 0 3
0.0012075689223960719 0 3 0 0 0 3 1 1 3 0 3 0
0.0049235111276312495 0 3 0 0 0 3 1 2 2 1 0 0
-0.043421608601210346 0 3 0 0 0 3 1 3 1 0 1 1
-0.04329142097320521 0 3 0 0 0 3 1 3 1 0 2 2
-0.004912645088103917 0 3 0 0 0 3 1 3 1 3 1 1
-0.004897915886863926 0 3 0 0 0 3 1 3 1 3 2 2
-0.00013018762800514036 0 3 0 0 0 3 1 3 2 0 2 1
-1.472920123999103e-05 0 3 0 0 0 3 1 3 2 3 2 1
0.0010125697428377987 0 3 0 0 0 3 1 3 3 1 1 1
0.0010095338338225314 0 3 0 0 0 3 1 3 3 1 2 2
3.035909015267465e-06 0 3 0 0 0 3 1 3 3 2 2 1
-1.4724175601735811e-05 0 3 0 0 0 3 2 0 1 0 1 2
-0.0048962447063938645 0 3 0 0 0 3 2 0 2 0 1 1
-0.0049109688819956 0 3 0 0 0 3 2 0 2 0 2 2
0.0049235111276312495 0 3 0 0 0 3 2 1 1 2 0 0
-0.009479856528976703 0 3 0 0 0 3 2 2 0 3 0 0
-0.001217151176035591 0 3 0 0 0 3 2 2 0 3 0 3
-0.001207568922396068 0 3 0 0 0 3 2 2 0 3 3 0
-0.0046967672906813255 0 3 0 0 0 3 2 2 1 1 0 0
0.00022674383694992417 0 3 0 0 0 3 2 2 2 2 0 0
0.009479856528976736 0 3 0 0 0 3 2 2 3 0 0 0
0.001217151176035595 0 3 0 0 0 3 2 2 3 0 0 3
0.0012075689223960719 0 3 0 0 0 3 2 2 3 0 3 0
-0.00013018762800514036 0 3 0 0 0 3 2 3 1 0 1 2
-1.472920123999103e-05 0 3 0 0 0 3 2 3 1 3 1 2
-0.04329142097320521 0 3 0 0 0 3 2 3 2 0 1 1
-0.043421608601210346 0 3 0 0 0 3 2 3 2 0 2 2
-0.004897915886863926 0 3 0 0 0 3 2 3 2 3 1 1
-0.004912645088103917 0 3 0 0 0 3 2 3 2 3 2 2
3.035909015267465e-06 0 3 0 0 0 3 2 3 3 1 1 2
0.0010095338338225314 0 3 0 0 0 3 2 3 3 2 1 1
0.0010125697428377987 0 3 0 0 0 3 2 3 3 2 2 2
0.28022301644984776 0 3 0 0 0 3 3 0 0 0 0 0
0.032846247826360225 0 3 0 0 0 3 3 0 0 0 0 3
0.03258741701717666 0 3 0 0 0 3 3 0 0 0 3 0
0.03210734302928448 0 3 0 0 0 3 3 0 0 3 0 0
0.026562908246505486 0 3 0 0 0 3 3 0 3 0 0 0
0.032370625797869756 0 3 0 0 0 3 3 3 0 0 0 0
-0.0009277442981372749 0 3 0 0 1 1 0 1 1 0 3 0
-0.0009277442981372749 0 3 0 0 1 1 0 2 2 0 3 0
-0.0054647450077680414 0 3 0 0 1 1 1 0 1 0 3 0
-0.0055320731230449425 0 3 0 0 1 1 1 3 1 0 0 0
-0.048317964241772746 0 3 0 0 1 1 1 3 1 0 3 0
-0.005573468382239048 0 3 0 0 1 1 1 3 1 0 3 3
-0.005466610228090653 0 3 0 0 1 1 1 3 1 3 3 0
0.001126750256446603 0 3 0 0 1 1 1 3 3 1 3 0
-0.0054647450077680414 0 3 0 0 1 1 2 0 2 0 3 0
-0.0055320731230449425 0 3 0 0 1 1 2 3 2 0 0 0
-0.048317964241772746 0 3 0 0 1 1 2 3 2 0 3 0
-0.005573468382239048 0 3 0 0 1 1 2 3 2 0 3 3
-0.005466610228090653 0 3 0 0 1 1 2 3 2 3 3 0
0.001126750256446603 0 3 0 0 1 1 2 3 3 2 3 0
-0.05841344271068065 0 3 0 0 1 2 0 0 0 0 1 2
0.05841344271068065 0 3 0 0 1 2 0 0 0 0 2 1
-0.007311348792649897 0 3 0 0 1 2 0 0 0 3 1 2
0.007311348792649897 0 3 0 0 1 2 0 0 0 3 2 1
-0.006629752220800284 0 3 0 0 1 2 0 0 3 0 1 2
0.006629752220800284 0 3 0 0 1 2 0 0 3 0 2 1
-0.0073423793534078 0 3 0 0 1 2 0 3 0 0 1 2
0.0073423793534078 0 3 0 0 1 2 0 3 0 0 2 1
0.001761431770850442 0 3 0 0 1 2 1 1 0 3 1 2
-0.001761431770850442 0 3 0 0 1 2 1 1 0 3 2 1
-0.001761431770850445 0 3 0 0 1 2 1 1 3 0 1 2
0.0017614317708504448 0 3 0 0 1 2 1 1 3 0 2 1
0.001761431770850442 0 3 0 0 1 2 2 2 0 3 1 2
-0.001761431770850442 0 3 0 0 1 2 2 2 0 3 2 1
-0.0017614317708504448 0 3 0 0 1 2 2 2 3 0 1 2
0.001761431770850445 0 3 0 0 1 2 2 2 3 0 2 1
-0.006593509562796666 0 3 0 0 1 2 3 0 0 0 1 2
0.006593509562796666 0 3 0 0 1 2 3 0 0 0 2 1
0.05841344271068065 0 3 0 0 2 1 0 0 0 0 1 2
-0.05841344271068065 0 3 0 0 2 1 0 0 0 0 2 1
0.007311348792649897 0 3 0 0 2 1 0 0 0 3 1 2
-0.007311348792649897 0 3 0 0 2 1 0 0 0 3 2 1
0.006629752220800284 0 3 0 0 2 1 0 0 3 0 1 2
-0.006629752220800284 0 3 0 0 2 1 0 0 3 0 2 1
0.0073423793534078 0 3 0 0 2 1 0 3 0 0 1 2
-0.0073423793534078 0 3 0 0 2 1 0 3 0 0 2 1
-0.001761431770850442 0 3 0 0 2 1 1 1 0 3 1 2
0.001761431770850442 0 3 0 0 2 1 1 1 0 3 2 1
0.001761431770850445 0 3 0 0 2 1 1 1 3 0 1 2
-0.0017614317708504448 0 3 0 0 2 1 1 1 3 0 2 1
-0.001761431770850442 0 3 0 0 2 1 2 2 0 3 1 2
0.001761431770850442 0 3 0 0 2 1 2 2 0 3 2 1
0.0017614317708504448 0 3 0 0 2 1 2 2 3 0 1 2
-0.001761431770850445 0 3 0 0 2 1 2 2 3 0 2 1
0.006593509562796666 0 3 0 0 2 1 3 0 0 0 1 2
-0.006593509562796666 0 3 0 0 2 1 3 0 0 0 2 1
-0.0009277442981372749 0 3 0 0 2 2 0 1 1 0 3 0
-0.0009277442981372749 0 3 0 0 2 2 0 2 2 0 3 0
-0.0054647450077680414 0 3 0 0 2 2 1 0 1 0 3 0
-0.0055320731230449425 0 3 0 0 2 2 1 3 1 0 0 0
-0.048317964241772746 0 3 0 0 2 2 1 3 1 0 3 0
-0.005573468382239048 0 3 0 0 2 2 1 3 1 0 3 3
-0.005466610228090653 0 3 0 0 2 2 1 3 1 3 3 0
0.001126750256446603 0 3 0 0 2 2 1 3 3 1 3 0
-0.0054647450077680414 0 3 0 0 2 2 2 0 2 0 3 0
-0.0055320731230449425 0 3 0 0 2 2 2 3 2 0 0 0
-0.048317964241772746 0 3 0 0 2 2 2 3 2 0 3 0
-0.005573468382239048 0 3 0 0 2 2 2 3 2 0 3 3
-0.005466610228090653 0 3 0 0 2 2 2 3 2 3 3 0
0.001126750256446603 0 3 0 0 2 2 2 3 3 2 3 0
-704.939950076121 0 3 0 0 3 0 0 0 0 0 0 0
0.29336591289619607 0 3 0 0 3 0 0 0 0 0 0 3
0.2932245900305908 0 3 0 0 3 0 0 0 0 0 3 0
0.029405620834603317 0 3 0 0 3 0 0 0 0 0 3 3
0.28981912969582707 0 3 0 0 3 0 0 0 0 3 0 0
0.03389064889791155 0 3 0 0 3 0 0 0 0 3 0 3
0.03362404691203609 0 3 0 0 3 0 0 0 0 3 3 0
-0.0002297765759839835 0 3 0 0 3 0 0 0 1 1 0 0
-0.0002297765759839835 0 3 0 0 3 0 0 0 2 2 0 0
0.28034575506372905 0 3 0 0 3 0 0 0 3 0 0 0
0.03264134398096885 0 3 0 0 3 0 0 0 3 0 0 3
0.03243917318651693 0 3 0 0 3 0 0 0 3 0 3 0
0.03213905693044038 0 3 0 0 3 0 0 0 3 3 0 0
0.2903737222488256 0 3 0 0 3 0 0 3 0 0 0 0
0.03389557489155092 0 3 0 0 3 0 0 3 0 0 0 3
0.033724138676768455 0 3 0 0 3 0 0 3 0 0 3 0
0.0285854037003134 0 3 0 0 3 0 0 3 0 3 0 0
0.03196432982649328 0 3 0 0 3 0 0 3 3 0 0 0
-0.009602059063506913 0 3 0 0 3 0 1 1 0 3 0 0
-0.001207568922396068 0 3 0 0 3 0 1 1 0 3 0 3
-0.0012009688138674447 0 3 0 0 3 0 1 1 0 3 3 0
0.00022550711583772495 0 3 0 0 3 0 1 1 1 1 0 0
-0.004671149874368683 0 3 0 0 3 0 1 1 2 2 0 0
0.009602059063506944 0 3 0 0 3 0 1 1 3 0 0 0
0.0012075689223960719 0 3 0 0 3 0 1 1 3 0 0 3
0.0012009688138674489 0 3 0 0 3 0 1 1 3 0 3 0
0.004896656990206407 0 3 0 0 3 0 1 2 2 1 0 0
0.004896656990206407 0 3 0 0 3 0 2 1 1 2 0 0
-0.009602059063506913 0 3 0 0 3 0 2 2 0 3 0 0
-0.001207568922396068 0 3 0 0 3 0 2 2 0 3 0 3
-0.0012009688138674447 0 3 0 0 3 0 2 2 0 3 3 0
-0.004671149874368683 0 3 0 0 3 0 2 2 1 1 0 0
0.00022550711583772495 0 3 0 0 3 0 2 2 2 2 0 0
0.009602059063506944 0 3 0 0 3 0 2 2 3 0 0 0
0.0012075689223960719 0 3 0 0 3 0 2 2 3 0 0 3
0.0012009688138674489 0 3 0 0 3 0 2 2 3 0 3 0
0.2799718239048297 0 3 0 0 3 0 3 0 0 0 0 0
0.03258741701717666 0 3 0 0 3 0 3 0 0 0 0 3
0.032359570511746184 0 3 0 0 3 0 3 0 0 0 3 0
0.03186025178311307 0 3 0 0 3 0 3 0 0 3 0 0
0.026361430804635162 0 3 0 0 3 0 3 0 3 0 0 0
0.03212118736490375 0 3 0 0 3 0 3 3 0 0 0 0
0.2297791566919981 0 3 0 0 3 3 0 0 0 0 0 0
0.02859263739852469 0 3 0 0 3 3 0 0 0 0 0 3
0.02839792693464199 0 3 0 0 3 3 0 0 0 0 3 0
0.02653230035414756 0 3 0 0 3 3 0 0 0 3 0 0
0.025994301835913426 0 3 0 0 3 3 0 0 3 0 0 0
0.026553195538143125 0 3 0 0 3 3 0 3 0 0 0 0
0.0006796449506807788 0 3 0 0 3 3 1 1 0 3 0 0
-0.000679644950680778 0 3 0 0 3 3 1 1 3 0 0 0
-0.004741133885497719 0 3 0 0 3 3 1 3 1 0 1 1
-0.004667964124457709 0 3 0 0 3 3 1 3 1 0 2 2
-7.316976104001057e-05 0 3 0 0 3 3 1 3 2 0 2 1
0.0006796449506807788 0 3 0 0 3 3 2 2 0 3 0 0
-0.000679644950680778 0 3 0 0 3 3 2 2 3 0 0 0
-7.316976104001057e-05 0 3 0 0 3 3 2 3 1 0 1 2
-0.004667964124457709 0 3 0 0 3 3 2 3 2 0 1 1
-0.004741133885497719 0 3 0 0 3 3 2 3 2 0 2 2
0.025962465612090067 0 3 0 0 3 3 3 0 0 0 0 0
-6.206592562899115e-05 0 3 0 1 0 1 0 0 1 0 3 1
1.3412659172516705e-05 0 3 0 1 0 1 0 0 1 3 0 1
-6.206592562899115e-05 0 3 0 1 0 1 0 0 2 0 3 2
1.3412659172516705e-05 0 3 0 1 0 1 0 0 2 3 0 2
-7.077533033366672e-05 0 3 0 1 0 1 0 3 1 0 0 1
-7.077533033366672e-05 0 3 0 1 0 1 0 3 2 0 0 2
-1.3232952773873442e-05 0 3 0 1 0 1 1 1 1 0 3 1
-1.3163439627194553e-05 0 3 0 1 0 1 1 1 1 3 0 1
0.0002619007222238866 0 3 0 1 0 1 1 1 2 0 3 2
0.00027266722441289466 0 3 0 1 0 1 1 1 2 3 0 2
-0.00027513367499776005 0 3 0 1 0 1 1 2 2 0 3 1
-0.00028583066404008924 0 3 0 1 0 1 1 2 2 3 0 1
-3.1018934865076757e-05 0 3 0 1 0 1 1 3 1 2 2 0
3.1018934865076757e-05 0 3 0 1 0 1 1 3 2 1 2 0
-0.00027513367499776005 0 3 0 1 0 1 2 1 1 0 3 2
-0.00028583066404008924 0 3 0 1 0 1 2 1 1 3 0 2
0.0002619007222238866 0 3 0 1 0 1 2 2 1 0 3 1
0.00027266722441289466 0 3 0 1 0 1 2 2 1 3 0 1
-1.3232952773873442e-05 0 3 0 1 0 1 2 2 2 0 3 2
-1.3163439627194553e-05 0 3 0 1 0 1 2 2 2 3 0 2
3.1018934865076757e-05 0 3 0 1 0 1 2 3 1 2 1 0
-3.1018934865076757e-05 0 3 0 1 0 1 2 3 2 1 1 0
-0.005238921210132741 0 3 0 1 0 2 0 0 0 1 0 2
-0.0008801563099889891 0 3 0 1 0 2 0 0 0 1 3 2
0.005238921210132741 0 3 0 1 0 2 0 0 0 2 0 1
0.0008801563099889891 0 3 0 1 0 2 0 0 0 2 3 1
-0.0005944757500752388 0 3 0 1 0 2 0 0 3 1 0 2
0.0005944757500752388 0 3 0 1 0 2 0 0 3 2 0 1
0.0005377381752864124 0 3 0 1 0 2 0 1 3 0 2 0
-0.0005377381752864124 0 3 0 1 0 2 0 2 3 0 1 0
-0.0010114594779718207 0 3 0 1 0 2 0 3 0 1 0 2
0.0010114594779718207 0 3 0 1 0 2 0 3 0 2 0 1
-0.0001441903566883085 0 3 0 1 0 2 1 0 3 0 2 0
-5.691607271002154e-05 0 3 0 1 0 2 1 1 0 1 3 2
5.6916072710021504e-05 0 3 0 1 0 2 1 1 0 2 3 1
-5.939626319911054e-05 0 3 0 1 0 2 1 1 3 1 0 2
5.939626319911054e-05 0 3 0 1 0 2 1 1 3 2 0 1
-0.0001375033570949843 0 3 0 1 0 2 1 3 0 0 2 0
-0.001095816199021557 0 3 0 1 0 2 1 3 3 0 2 0
-0.00012570326404398564 0 3 0 1 0 2 1 3 3 0 2 3
-0.00012397873411437588 0 3 0 1 0 2 1 3 3 3 2 0
0.0001441903566883085 0 3 0 1 0 2 2 0 3 0 1 0
-5.6916072710021504e-05 0 3 0 1 0 2 2 2 0 1 3 2
5.691607271002154e-05 0 3 0 1 0 2 2 2 0 2 3 1
-5.939626319911054e-05 0 3 0 1 0 2 2 2 3 1 0 2
5.939626319911054e-05 0 3 0 1 0 2 2 2 3 2 0 1
0.0001375033570949843 0 3 0 1 0 2 2 3 0 0 1 0
0.001095816199021557 0 3 0 1 0 2 2 3 3 0 1 0
0.00012570326404398564 0 3 0 1 0 2 2 3 3 0 1 3
0.00012397873411437588 0 3 0 1 0 2 2 3 3 3 1 0
-0.000591351502236188 0 3 0 1 0 2 3 0 0 1 0 2
0.000591351502236188 0 3 0 1 0 2 3 0 0 2 0 1
-6.371617659741418e-05 0 3 0 1 1 0 0 0 1 0 1 3
1.2867681045717265e-05 0 3 0 1 1 0 0 0 1 3 1 0
-6.371617659741418e-05 0 3 0 1 1 0 0 0 2 0 2 3
1.2867681045717265e-05 0 3 0 1 1 0 0 0 2 3 2 0
-7.153672294738204e-05 0 3 0 1 1 0 0 3 1 0 1 0
-7.153672294738204e-05 0 3 0 1 1 0 0 3 2 0 2 0
-1.1392497045576681e-05 0 3 0 1 1 0 1 1 1 0 1 3
-1.2628587695299833e-05 0 3 0 1 1 0 1 1 1 3 1 0
0.0002558116605262063 0 3 0 1 1 0 1 1 2 0 2 3
0.0002615883122233844 0 3 0 1 1 0 1 1 2 3 2 0
-0.000267204157571783 0 3 0 1 1 0 1 2 2 0 1 3
-0.00027421689991868425 0 3 0 1 1 0 1 2 2 3 1 0
-0.00011572898789828728 0 3 0 1 1 0 1 3 3 0 3 1
-0.000267204157571783 0 3 0 1 1 0 2 1 1 0 2 3
-0.00027421689991868425 0 3 0 1 1 0 2 1 1 3 2 0
0.0002558116605262063 0 3 0 1 1 0 2 2 1 0 1 3
0.0002615883122233844 0 3 0 1 1 0 2 2 1 3 1 0
-1.1392497045576681e-05 0 3 0 1 1 0 2 2 2 0 2 3
-1.2628587695299833e-05 0 3 0 1 1 0 2 2 2 3 2 0
-0.00011572898789828728 0 3 0 1 1 0 2 3 3 0 3 2
-5.5943634798970804e-05 0 3 0 1 1 3 0 0 1 0 1 0
-5.5943634798970804e-05 0 3 0 1 1 3 0 0 2 0 2 0
0.0005238107397133173 0 3 0 1 1 3 0 1 3 0 3 1
0.0005238107397133173 0 3 0 1 1 3 0 2 3 0 3 2
-0.00014045582193639421 0 3 0 1 1 3 1 0 3 0 3 1
-1.3890503816365657e-05 0 3 0 1 1 3 1 1 1 0 1 0
0.00029226810012533027 0 3 0 1 1 3 1 1 2 0 2 0
-0.000306158603941696 0 3 0 1 1 3 1 2 2 0 1 0
-0.00013394201584186475 0 3 0 1 1 3 1 3 0 0 3 1
-0.00012154334302109366 0 3 0 1 1 3 1 3 3 0 0 1
-0.0010674345251638318 0 3 0 1 1 3 1 3 3 0 3 1
-0.0001207676810198244 0 3 0 1 1 3 1 3 3 3 3 1
-0.00014045582193639421 0 3 0 1 1 3 2 0 3 0 3 2
-0.000306158603941696 0 3 0 1 1 3 2 1 1 0 2 0
0.00029226810012533027 0 3 0 1 1 3 2 2 1 0 1 0
-1.3890503816365657e-05 0 3 0 1 1 3 2 2 2 0 2 0
-0.00013394201584186475 0 3 0 1 1 3 2 3 0 0 3 2
-0.00012154334302109366 0 3 0 1 1 3 2 3 3 0 0 2
-0.0010674345251638318 0 3 0 1 1 3 2 3 3 0 3 2
-0.0001207676810198244 0 3 0 1 1 3 2 3 3 3 3 2
-0.005026055332395517 0 3 0 1 2 0 0 0 0 1 2 0
-0.0008677909604467397 0 3 0 1 2 0 0 0 0 1 2 3
0.005026055332395517 0 3 0 1 2 0 0 0 0 2 1 0
0.0008677909604467397 0 3 0 1 2 0 0 0 0 2 1 3
-0.0005703212348119612 0 3 0 1 2 0 0 0 3 1 2 0
0.0005703212348119612 0 3 0 1 2 0 0 0 3 2 1 0
-0.0009886447767568705 0 3 0 1 2 0 0 3 0 1 2 0
0.0009886447767568705 0 3 0 1 2 0 0 3 0 2 1 0
-5.594363479897059e-05 0 3 0 1 2 0 1 1 0 1 2 3
5.594363479897052e-05 0 3 0 1 2 0 1 1 0 2 1 3
-5.698289655489841e-05 0 3 0 1 2 0 1 1 3 1 2 0
5.698289655489841e-05 0 3 0 1 2 0 1 1 3 2 1 0
-5.594363479897052e-05 0 3 0 1 2 0 2 2 0 1 2 3
5.594363479897059e-05 0 3 0 1 2 0 2 2 0 2 1 3
-5.698289655489841e-05 0 3 0 1 2 0 2 2 3 1 2 0
5.698289655489841e-05 0 3 0 1 2 0 2 2 3 2 1 0
-0.000567323930236963 0 3 0 1 2 0 3 0 0 1 2 0
0.000567323930236963 0 3 0 1 2 0 3 0 0 2 1 0
-0.0008014373203056432 0 3 0 1 2 3 0 0 0 1 2 0
0.0008014373203056432 0 3 0 1 2 3 0 0 0 2 1 0
-6.371617659741392e-05 0 3 0 1 2 3 1 1 0 1 2 0
6.37161765974139e-05 0 3 0 1 2 3 1 1 0 2 1 0
3.0215543481064827e-05 0 3 0 1 2 3 1 3 1 2 3 1
-3.0215543481064827e-05 0 3 0 1 2 3 1 3 2 1 3 1
-6.37161765974139e-05 0 3 0 1 2 3 2 2 0 1 2 0
6.371617659741392e-05 0 3 0 1 2 3 2 2 0 2 1 0
3.0215543481064827e-05 0 3 0 1 2 3 2 3 1 2 3 2
-3.0215543481064827e-05 0 3 0 1 2 3 2 3 2 1 3 2
-5.691607271002176e-05 0 3 0 1 3 1 0 0 1 0 0 1
-5.691607271002176e-05 0 3 0 1 3 1 0 0 2 0 0 2
-1.3530739332698064e-05 0 3 0 1 3 1 1 1 1 0 0 1
0.0002846983471830207 0 3 0 1 3 1 1 1 2 0 0 2
-0.00029822908651571875 0 3 0 1 3 1 1 2 2 0 0 1
-0.00029822908651571875 0 3 0 1 3 1 2 1 1 0 0 2
0.0002846983471830207 0 3 0 1 3 1 2 2 1 0 0 1
-1.3530739332698064e-05 0 3 0 1 3 1 2 2 2 0 0 2
-0.0008241885104247491 0 3 0 1 3 2 0 0 0 1 0 2
0.0008241885104247491 0 3 0 1 3 2 0 0 0 2 0 1
-6.206592562899089e-05 0 3 0 1 3 2 1 1 0 1 0 2
6.206592562899082e-05 0 3 0 1 3 2 1 1 0 2 0 1
-0.00011815806894391978 0 3 0 1 3 2 1 3 3 0 2 0
-6.206592562899082e-05 0 3 0 1 3 2 2 2 0 1 0 2
6.206592562899089e-05 0 3 0 1 3 2 2 2 0 2 0 1
0.00011815806894391978 0 3 0 1 3 2 2 3 3 0 1 0
0.005238921210132741 0 3 0 2 0 1 0 0 0 1 0 2
0.0008801563099889891 0 3 0 2 0 1 0 0 0 1 3 2
-0.005238921210132741 0 3 0 2 0 1 0 0 0 2 0 1
-0.0008801563099889891 0 3 0 2 0 1 0 0 0 2 3 1
0.0005944757500752388 0 3 0 2 0 1 0 0 3 1 0 2
-0.0005944757500752388 0 3 0 2 0 1 0 0 3 2 0 1
-0.0005377381752864124 0 3 0 2 0 1 0 1 3 0 2 0
0.0005377381752864124 0 3 0 2 0 1 0 2 3 0 1 0
0.0010114594779718207 0 3 0 2 0 1 0 3 0 1 0 2
-0.0010114594779718207 0 3 0 2 0 1 0 3 0 2 0 1
0.0001441903566883085 0 3 0 2 0 1 1 0 3 0 2 0
5.691607271002154e-05 0 3 0 2 0 1 1 1 0 1 3 2
-5.6916072710021504e-05 0 3 0 2 0 1 1 1 0 2 3 1
5.939626319911054e-05 0 3 0 2 0 1 1 1 3 1 0 2
-5.939626319911054e-05 0 3 0 2 0 1 1 1 3 2 0 1
0.0001375033570949843 0 3 0 2 0 1 1 3 0 0 2 0
0.001095816199021557 0 3 0 2 0 1 1 3 3 0 2 0
0.00012570326404398564 0 3 0 2 0 1 1 3 3 0 2 3
0.00012397873411437588 0 3 0 2 0 1 1 3 3 3 2 0
-0.0001441903566883085 0 3 0 2 0 1 2 0 3 0 1 0
5.6916072710021504e-05 0 3 0 2 0 1 2 2 0 1 3 2
-5.691607271002154e-05 0 3 0 2 0 1 2 2 0 2 3 1
5.939626319911054e-05 0 3 0 2 0 1 2 2 3 1 0 2
-5.939626319911054e-05 0 3 0 2 0 1 2 2 3 2 0 1
-0.0001375033570949843 0 3 0 2 0 1 2 3 0 0 1 0
-0.001095816199021557 0 3 0 2 0 1 2 3 3 0 1 0
-0.00012570326404398564 0 3 0 2 0 1 2 3 3 0 1 3
-0.00012397873411437588 0 3 0 2 0 1 2 3 3 3 1 0
0.000591351502236188 0 3 0 2 0 1 3 0 0 1 0 2
-0.000591351502236188 0 3 0 2 0 1 3 0 0 2 0 1
-6.206592562899115e-05 0 3 0 2 0 2 0 0 1 0 3 1
1.3412659172516705e-05 0 3 0 2 0 2 0 0 1 3 0 1
-6.206592562899115e-05 0 3 0 2 0 2 0 0 2 0 3 2
1.3412659172516705e-05 0 3 0 2 0 2 0 0 2 3 0 2
-7.077533033366672e-05 0 3 0 2 0 2 0 3 1 0 0 1
-7.077533033366672e-05 0 3 0 2 0 2 0 3 2 0 0 2
-1.3232952773873442e-05 0 3 0 2 0 2 1 1 1 0 3 1
-1.3163439627194553e-05 0 3 0 2 0 2 1 1 1 3 0 1
0.0002619007222238866 0 3 0 2 0 2 1 1 2 0 3 2
0.00027266722441289466 0 3 0 2 0 2 1 1 2 3 0 2
-0.00027513367499776005 0 3 0 2 0 2 1 2 2 0 3 1
-0.00028583066404008924 0 3 0 2 0 2 1 2 2 3 0 1
-3.1018934865076757e-05 0 3 0 2 0 2 1 3 1 2 2 0
3.1018934865076757e-05 0 3 0 2 0 2 1 3 2 1 2 0
-0.00027513367499776005 0 3 0 2 0 2 2 1 1 0 3 2
-0.00028583066404008924 0 3 0 2 0 2 2 1 1 3 0 2
0.0002619007222238866 0 3 0 2 0 2 2 2 1 0 3 1
0.00027266722441289466 0 3 0 2 0 2 2 2 1 3 0 1
-1.3232952773873442e-05 0 3 0 2 0 2 2 2 2 0 3 2
-1.3163439627194553e-05 0 3 0 2 0 2 2 2 2 3 0 2
3.1018934865076757e-05 0 3 0 2 0 2 2 3 1 2 1 0
-3.1018934865076757e-05 0 3 0 2 0 2 2 3 2 1 1 0
0.005026055332395517 0 3 0 2 1 0 0 0 0 1 2 0
0.0008677909604467397 0 3 0 2 1 0 0 0 0 1 2 3
-0.005026055332395517 0 3 0 2 1 0 0 0 0 2 1 0
-0.0008677909604467397 0 3 0 2 1 0 0 0 0 2 1 3
0.0005703212348119612 0 3 0 2 1 0 0 0 3 1 2 0
-0.0005703212348119612 0 3 0 2 1 0 0 0 3 2 1 0
0.0009886447767568705 0 3 0 2 1 0 0 3 0 1 2 0
-0.0009886447767568705 0 3 0 2 1 0 0 3 0 2 1 0
5.594363479897059e-05 0 3 0 2 1 0 1 1 0 1 2 3
-5.594363479897052e-05 0 3 0 2 1 0 1 1 0 2 1 3
5.698289655489841e-05 0 3 0 2 1 0 1 1 3 1 2 0
-5.698289655489841e-05 0 3 0 2 1 0 1 1 3 2 1 0
5.594363479897052e-05 0 3 0 2 1 0 2 2 0 1 2 3
-5.594363479897059e-05 0 3 0 2 1 0 2 2 0 2 1 3
5.698289655489841e-05 0 3 0 2 1 0 2 2 3 1 2 0
-5.698289655489841e-05 0 3 0 2 1 0 2 2 3 2 1 0
0.000567323930236963 0 3 0 2 1 0 3 0 0 1 2 0
-0.000567323930236963 0 3 0 2 1 0 3 0 0 2 1 0
0.0008014373203056432 0 3 0 2 1 3 0 0 0 1 2 0
-0.0008014373203056432 0 3 0 2 1 3 0 0 0 2 1 0
6.371617659741392e-05 0 3 0 2 1 3 1 1 0 1 2 0
-6.37161765974139e-05 0 3 0 2 1 3 1 1 0 2 1 0
-3.0215543481064827e-05 0 3 0 2 1 3 1 3 1 2 3 1
3.0215543481064827e-05 0 3 0 2 1 3 1 3 2 1 3 1
6.37161765974139e-05 0 3 0 2 1 3 2 2 0 1 2 0
-6.371617659741392e-05 0 3 0 2 1 3 2 2 0 2 1 0
-3.0215543481064827e-05 0 3 0 2 1 3 2 3 1 2 3 2
3.0215543481064827e-05 0 3 0 2 1 3 2 3 2 1 3 2
-6.371617659741418e-05 0 3 0 2 2 0 0 0 1 0 1 3
1.2867681045717265e-05 0 3 0 2 2 0 0 0 1 3 1 0
-6.371617659741418e-05 0 3 0 2 2 0 0 0 2 0 2 3
1.2867681045717265e-05 0 3 0 2 2 0 0 0 2 3 2 0
-7.153672294738204e-05 0 3 0 2 2 0 0 3 1 0 1 0
-7.153672294738204e-05 0 3 0 2 2 0 0 3 2 0 2 0
-1.1392497045576681e-05 0 3 0 2 2 0 1 1 1 0 1 3
-1.2628587695299833e-05 0 3 0 2 2 0 1 1 1 3 1 0
0.0002558116605262063 0 3 0 2 2 0 1 1 2 0 2 3
0.0002615883122233844 0 3 0 2 2 0 1 1 2 3 2 0
-0.000267204157571783 0 3 0 2 2 0 1 2 2 0 1 3
-0.00027421689991868425 0 3 0 2 2 0 1 2 2 3 1 0
-0.00011572898789828728 0 3 0 2 2 0 1 3 3 0 3 1
-0.000267204157571783 0 3 0 2 2 0 2 1 1 0 2 3
-0.00027421689991868425 0 3 0 2 2 0 2 1 1 3 2 0
0.0002558116605262063 0 3 0 2 2 0 2 2 1 0 1 3
0.0002615883122233844 0 3 0 2 2 0 2 2 1 3 1 0
-1.1392497045576681e-05 0 3 0 2 2 0 2 2 2 0 2 3
-1.2628587695299833e-05 0 3 0 2 2 0 2 2 2 3 2 0
-0.00011572898789828728 0 3 0 2 2 0 2 3 3 0 3 2
-5.5943634798970804e-05 0 3 0 2 2 3 0 0 1 0 1 0
-5.5943634798970804e-05 0 3 0 2 2 3 0 0 2 0 2 0
0.0005238107397133173 0 3 0 2 2 3 0 1 3 0 3 1
0.0005238107397133173 0 3 0 2 2 3 0 2 3 0 3 2
-0.00014045582193639421 0 3 0 2 2 3 1 0 3 0 3 1
-1.3890503816365657e-05 0 3 0 2 2 3 1 1 1 0 1 0
0.00029226810012533027 0 3 0 2 2 3 1 1 2 0 2 0
-0.000306158603941696 0 3 0 2 2 3 1 2 2 0 1 0
-0.00013394201584186475 0 3 0 2 2 3 1 3 0 0 3 1
-0.00012154334302109366 0 3 0 2 2 3 1 3 3 0 0 1
-0.0010674345251638318 0 3 0 2 2 3 1 3 3 0 3 1
-0.0001207676810198244 0 3 0 2 2 3 1 3 3 3 3 1
-0.00014045582193639421 0 3 0 2 2 3 2 0 3 0 3 2
-0.000306158603941696 0 3 0 2 2 3 2 1 1 0 2 0
0.00029226810012533027 0 3 0 2 2 3 2 2 1 0 1 0
-1.3890503816365657e-05 0 3 0 2 2 3 2 2 2 0 2 0
-0.00013394201584186475 0 3 0 2 2 3 2 3 0 0 3 2
-0.00012154334302109366 0 3 0 2 2 3 2 3 3 0 0 2
-0.0010674345251638318 0 3 0 2 2 3 2 3 3 0 3 2
-0.0001207676810198244 0 3 0 2 2 3 2 3 3 3 3 2
0.0008241885104247491 0 3 0 2 3 1 0 0 0 1 0 2
-0.0008241885104247491 0 3 0 2 3 1 0 0 0 2 0 1
6.206592562899089e-05 0 3 0 2 3 1 1 1 0 1 0 2
-6.206592562899082e-05 0 3 0 2 3 1 1 1 0 2 0 1
0.00011815806894391978 0 3 0 2 3 1 1 3 3 0 2 0
6.206592562899082e-05 0 3 0 2 3 1 2 2 0 1 0 2
-6.206592562899089e-05 0 3 0 2 3 1 2 2 0 2 0 1
-0.00011815806894391978 0 3 0 2 3 1 2 3 3 0 1 0
-5.691607271002177e-05 0 3 0 2 3 2 0 0 1 0 0 1
-5.691607271002177e-05 0 3 0 2 3 2 0 0 2 0 0 2
-1.3530739332698064e-05 0 3 0 2 3 2 1 1 1 0 0 1
0.0002846983471830207 0 3 0 2 3 2 1 1 2 0 0 2
-0.00029822908651571875 0 3 0 2 3 2 1 2 2 0 0 1
-0.00029822908651571875 0 3 0 2 3 2 2 1 1 0 0 2
0.0002846983471830207 0 3 0 2 3 2 2 2 1 0 0 1
-1.3530739332698064e-05 0 3 0 2 3 2 2 2 2 0 0 2
-358.96866071473704 0 3 0 3 0 0 0 0 0 0 0 0
0.23661217472758123 0 3 0 3 0 0 0 0 0 0 0 3
0.2357923921754208 0 3 0 3 0 0 0 0 0 0 3 0
0.029959557647125226 0 3 0 3 0 0 0 0 0 0 3 3
0.2538159389884775 0 3 0 3 0 0 0 0 0 3 0 0
0.02880732300874341 0 3 0 3 0 0 0 0 0 3 0 3
0.02860394705049421 0 3 0 3 0 0 0 0 0 3 3 0
16.81401441747755 0 3 0 3 0 0 0 0 1 1 0 0
-0.0021407084853349205 0 3 0 3 0 0 0 0 1 1 0 3
-0.002168303839948003 0 3 0 3 0 0 0 0 1 1 3 0
-0.00012313925061306917 0 3 0 3 0 0 0 0 1 1 3 3
16.81401441747755 0 3 0 3 0 0 0 0 2 2 0 0
-0.0021407084853349205 0 3 0 3 0 0 0 0 2 2 0 3
-0.002168303839948003 0 3 0 3 0 0 0 0 2 2 3 0
-0.00012313925061306917 0 3 0 3 0 0 0 0 2 2 3 3
0.2342326835296624 0 3 0 3 0 0 0 0 3 0 0 0
0.02656298571666586 0 3 0 3 0 0 0 0 3 0 0 3
0.02637620212618985 0 3 0 3 0 0 0 0 3 0 3 0
0.028469772264328945 0 3 0 3 0 0 0 0 3 3 0 0
0.25379260524352637 0 3 0 3 0 0 0 3 0 0 0 0
0.028803443658513006 0 3 0 3 0 0 0 3 0 0 0 3
0.0285854037003134 0 3 0 3 0 0 0 3 0 0 3 0
0.03666890351890268 0 3 0 3 0 0 0 3 0 3 0 0
0.007317767868601454 0 3 0 3 0 0 0 3 1 1 0 0
0.0008509800041294464 0 3 0 3 0 0 0 3 1 1 0 3
0.0008449188363784596 0 3 0 3 0 0 0 3 1 1 3 0
0.007317767868601454 0 3 0 3 0 0 0 3 2 2 0 0
0.0008509800041294464 0 3 0 3 0 0 0 3 2 2 0 3
0.0008449188363784596 0 3 0 3 0 0 0 3 2 2 3 0
0.02866821636829032 0 3 0 3 0 0 0 3 3 0 0 0
-16.814014417477033 0 3 0 3 0 0 1 1 0 0 0 0
0.002140708485334855 0 3 0 3 0 0 1 1 0 0 0 3
0.0021683038399479366 0 3 0 3 0 0 1 1 0 0 3 0
0.0001231392506130654 0 3 0 3 0 0 1 1 0 0 3 3
-0.007305807127936811 0 3 0 3 0 0 1 1 0 3 0 0
-0.0008514763812433066 0 3 0 3 0 0 1 1 0 3 0 3
-0.0008447427992507289 0 3 0 3 0 0 1 1 0 3 3 0
-16.499998165322495 0 3 0 3 0 0 1 1 1 1 0 0
0.002100932152504841 0 3 0 3 0 0 1 1 1 1 0 3
0.002128014760045086 0 3 0 3 0 0 1 1 1 1 3 0
-9.414878525314973e-05 0 3 0 3 0 0 1 1 1 1 3 3
341.78014294867336 0 3 0 3 0 0 1 1 2 2 0 0
-0.0435186664676786 0 3 0 3 0 0 1 1 2 2 0 3
-0.04407965505705964 0 3 0 3 0 0 1 1 2 2 3 0
0.0020209027258852614 0 3 0 3 0 0 1 1 2 2 3 3
0.011567774107753608 0 3 0 3 0 0 1 1 3 0 0 0
0.0013135498043925298 0 3 0 3 0 0 1 1 3 0 0 3
0.001304295951218685 0 3 0 3 0 0 1 1 3 0 3 0
0.00034441478137329503 0 3 0 3 0 0 1 1 3 3 0 0
-1.4851544821638946e-08 0 3 0 3 0 0 1 2 1 2 0 0
-358.28014109914415 0 3 0 3 0 0 1 2 2 1 0 0
0.045619598620183444 0 3 0 3 0 0 1 2 2 1 0 3
0.046207669817104724 0 3 0 3 0 0 1 2 2 1 3 0
-0.00211505151113841 0 3 0 3 0 0 1 2 2 1 3 3
0.001026301842681602 0 3 0 3 0 0 1 3 3 1 1 1
0.0010232247617806356 0 3 0 3 0 0 1 3 3 1 2 2
3.077080900966437e-06 0 3 0 3 0 0 1 3 3 2 2 1
-358.28014109914415 0 3 0 3 0 0 2 1 1 2 0 0
0.045619598620183444 0 3 0 3 0 0 2 1 1 2 0 3
0.046207669817104724 0 3 0 3 0 0 2 1 1 2 3 0
-0.0021150515111384095 0 3 0 3 0 0 2 1 1 2 3 3
-1.4851544821638946e-08 0 3 0 3 0 0 2 1 2 1 0 0
-16.814014417477033 0 3 0 3 0 0 2 2 0 0 0 0
0.002140708485334855 0 3 0 3 0 0 2 2 0 0 0 3
0.0021683038399479366 0 3 0 3 0 0 2 2 0 0 3 0
0.0001231392506130654 0 3 0 3 0 0 2 2 0 0 3 3
-0.007305807127936811 0 3 0 3 0 0 2 2 0 3 0 0
-0.0008514763812433066 0 3 0 3 0 0 2 2 0 3 0 3
-0.0008447427992507289 0 3 0 3 0 0 2 2 0 3 3 0
341.78014294867336 0 3 0 3 0 0 2 2 1 1 0 0
-0.0435186664676786 0 3 0 3 0 0 2 2 1 1 0 3
-0.04407965505705964 0 3 0 3 0 0 2 2 1 1 3 0
0.0020209027258852614 0 3 0 3 0 0 2 2 1 1 3 3
-16.499998165322495 0 3 0 3 0 0 2 2 2 2 0 0
0.002100932152504841 0 3 0 3 0 0 2 2 2 2 0 3
0.002128014760045086 0 3 0 3 0 0 2 2 2 2 3 0
-9.414878525314973e-05 0 3 0 3 0 0 2 2 2 2 3 3
0.011567774107753608 0 3 0 3 0 0 2 2 3 0 0 0
0.0013135498043925298 0 3 0 3 0 0 2 2 3 0 0 3
0.001304295951218685 0 3 0 3 0 0 2 2 3 0 3 0
0.00034441478137329503 0 3 0 3 0 0 2 2 3 3 0 0
3.077080900966437e-06 0 3 0 3 0 0 2 3 3 1 1 2
0.0010232247617806356 0 3 0 3 0 0 2 3 3 2 1 1
0.001026301842681602 0 3 0 3 0 0 2 3 3 2 2 2
0.2342441784813577 0 3 0 3 0 0 3 0 0 0 0 0
0.0265629082465055 0 3 0 3 0 0 3 0 0 0 0 3
0.026361430804635176 0 3 0 3 0 0 3 0 0 0 3 0
0.028671193131394226 0 3 0 3 0 0 3 0 0 3 0 0
-0.011586712350133832 0 3 0 3 0 0 3 0 1 1 0 0
-0.0013137316452328423 0 3 0 3 0 0 3 0 1 1 0 3
-0.0013037722447513166 0 3 0 3 0 0 3 0 1 1 3 0
-0.011586712350133832 0 3 0 3 0 0 3 0 2 2 0 0
-0.0013137316452328423 0 3 0 3 0 0 3 0 2 2 0 3
-0.0013037722447513166 0 3 0 3 0 0 3 0 2 2 3 0
0.02940797608879573 0 3 0 3 0 0 3 0 3 0 0 0
0.02844815773151175 0 3 0 3 0 0 3 3 0 0 0 0
-0.0003439156880206491 0 3 0 3 0 0 3 3 1 1 0 0
-0.0003439156880206491 0 3 0 3 0 0 3 3 2 2 0 0
0.22628898191321137 0 3 0 3 0 3 0 0 0 0 0 0
0.02656652983551054 0 3 0 3 0 3 0 0 0 0 0 3
0.02636730991458778 0 3 0 3 0 3 0 0 0 0 3 0
0.02780336075699548 0 3 0 3 0 3 0 0 0 3 0 0
-0.00214070848533492 0 3 0 3 0 3 0 0 1 1 0 0
-0.00027485287804835827 0 3 0 3 0 3 0 0 1 1 0 3
-0.0002852680883634912 0 3 0 3 0 3 0 0 1 1 3 0
-0.00214070848533492 0 3 0 3 0 3 0 0 2 2 0 0
-0.00027485287804835827 0 3 0 3 0 3 0 0 2 2 0 3
-0.0002852680883634912 0 3 0 3 0 3 0 0 2 2 3 0
0.02568037407000279 0 3 0 3 0 3 0 0 3 0 0 0
-0.0042444681266259575 0 3 0 3 0 3 0 1 3 1 1 1
-0.00423086299504684 0 3 0 3 0 3 0 1 3 1 2 2
-1.3605131579119327e-05 0 3 0 3 0 3 0 1 3 2 2 1
-1.3605131579119327e-05 0 3 0 3 0 3 0 2 3 1 1 2
-0.00423086299504684 0 3 0 3 0 3 0 2 3 2 1 1
-0.0042444681266259575 0 3 0 3 0 3 0 2 3 2 2 2
0.027791984180541185 0 3 0 3 0 3 0 3 0 0 0 0
0.0007802046737957794 0 3 0 3 0 3 0 3 1 1 0 0
0.0007802046737957794 0 3 0 3 0 3 0 3 2 2 0 0
0.0011872621509175462 0 3 0 3 0 3 1 0 3 1 1 1
0.0011837024752577197 0 3 0 3 0 3 1 0 3 1 2 2
3.559675659826421e-06 0 3 0 3 0 3 1 0 3 2 2 1
0.0021407084853348546 0 3 0 3 0 3 1 1 0 0 0 0
0.00027485287804834987 0 3 0 3 0 3 1 1 0 0 0 3
0.00028594590142085486 0 3 0 3 0 3 1 1 0 0 3 0
-0.0007786674588716803 0 3 0 3 0 3 1 1 0 3 0 0
0.002100932152504841 0 3 0 3 0 3 1 1 1 1 0 0
0.0002697458587454258 0 3 0 3 0 3 1 1 1 1 0 3
0.0002676222332767075 0 3 0 3 0 3 1 1 1 1 3 0
-0.043518666467678595 0 3 0 3 0 3 1 1 2 2 0 0
-0.00558751030764316 0 3 0 3 0 3 1 1 2 2 0 3
-0.005543521572278606 0 3 0 3 0 3 1 1 2 2 3 0
0.001267566200365936 0 3 0 3 0 3 1 1 3 0 0 0
0.04561959862018344 0 3 0 3 0 3 1 2 2 1 0 0
0.005857256166388586 0 3 0 3 0 3 1 2 2 1 0 3
0.005811143805555313 0 3 0 3 0 3 1 2 2 1 3 0
0.0011878176778994237 0 3 0 3 0 3 1 3 0 1 1 1
0.0011842563366463042 0 3 0 3 0 3 1 3 0 1 2 2
3.56134125311957e-06 0 3 0 3 0 3 1 3 0 2 2 1
-0.004644689163530399 0 3 0 3 0 3 1 3 1 0 1 1
-0.00463076335367442 0 3 0 3 0 3 1 3 1 0 2 2
-1.3925809855979104e-05 0 3 0 3 0 3 1 3 2 0 2 1
0.009466167811650019 0 3 0 3 0 3 1 3 3 1 1 1
0.009437786137792293 0 3 0 3 0 3 1 3 3 1 2 2
2.83816738577251e-05 0 3 0 3 0 3 1 3 3 2 2 1
3.559675659826421e-06 0 3 0 3 0 3 2 0 3 1 1 2
0.0011837024752577197 0 3 0 3 0 3 2 0 3 2 1 1
0.0011872621509175462 0 3 0 3 0 3 2 0 3 2 2 2
0.04561959862018344 0 3 0 3 0 3 2 1 1 2 0 0
0.005857256166388586 0 3 0 3 0 3 2 1 1 2 0 3
0.005811143805555313 0 3 0 3 0 3 2 1 1 2 3 0
0.0021407084853348546 0 3 0 3 0 3 2 2 0 0 0 0
0.00027485287804834987 0 3 0 3 0 3 2 2 0 0 0 3
0.00028594590142085486 0 3 0 3 0 3 2 2 0 0 3 0
-0.0007786674588716803 0 3 0 3 0 3 2 2 0 3 0 0
-0.043518666467678595 0 3 0 3 0 3 2 2 1 1 0 0
-0.00558751030764316 0 3 0 3 0 3 2 2 1 1 0 3
-0.005543521572278606 0 3 0 3 0 3 2 2 1 1 3 0
0.002100932152504841 0 3 0 3 0 3 2 2 2 2 0 0
0.0002697458587454258 0 3 0 3 0 3 2 2 2 2 0 3
0.0002676222332767075 0 3 0 3 0 3 2 2 2 2 3 0
0.001267566200365936 0 3 0 3 0 3 2 2 3 0 0 0
3.56134125311957e-06 0 3 0 3 0 3 2 3 0 1 1 2
0.0011842563366463042 0 3 0 3 0 3 2 3 0 2 1 1
0.0011878176778994237 0 3 0 3 0 3 2 3 0 2 2 2
-1.3925809855979104e-05 0 3 0 3 0 3 2 3 1 0 1 2
-0.00463076335367442 0 3 0 3 0 3 2 3 2 0 1 1
-0.004644689163530399 0 3 0 3 0 3 2 3 2 0 2 2
2.83816738577251e-05 0 3 0 3 0 3 2 3 3 1 1 2
0.009437786137792293 0 3 0 3 0 3 2 3 3 2 1 1
0.009466167811650019 0 3 0 3 0 3 2 3 3 2 2 2
0.025672756177635557 0 3 0 3 0 3 3 0 0 0 0 0
-0.0012690323877942652 0 3 0 3 0 3 3 0 1 1 0 0
-0.0012690323877942652 0 3 0 3 0 3 3 0 2 2 0 0
-0.004786270431471036 0 3 0 3 1 1 0 1 3 1 3 0
-0.004786270431471036 0 3 0 3 1 1 0 2 3 2 3 0
0.001321141523809073 0 3 0 3 1 1 1 0 3 1 3 0
0.0013217596937412886 0 3 0 3 1 1 1 3 0 1 3 0
-0.0051684387600360706 0 3 0 3 1 1 1 3 1 0 3 0
0.001199407749973853 0 3 0 3 1 1 1 3 3 1 0 0
0.01053360233681385 0 3 0 3 1 1 1 3 3 1 3 0
0.0012083305549426431 0 3 0 3 1 1 1 3 3 1 3 3
0.001321141523809073 0 3 0 3 1 1 2 0 3 2 3 0
0.0013217596937412886 0 3 0 3 1 1 2 3 0 2 3 0
-0.0051684387600360706 0 3 0 3 1 1 2 3 2 0 3 0
0.001199407749973853 0 3 0 3 1 1 2 3 3 2 0 0
0.01053360233681385 0 3 0 3 1 1 2 3 3 2 3 0
0.0012083305549426431 0 3 0 3 1 1 2 3 3 2 3 3
0.0018409031610096193 0 3 0 3 1 2 0 0 0 0 1 2
-0.0018409031610096193 0 3 0 3 1 2 0 0 0 0 2 1
0.0001560065469204017 0 3 0 3 1 2 0 0 1 1 1 2
-0.0001560065469204017 0 3 0 3 1 2 0 0 1 1 2 1
0.0001560065469204017 0 3 0 3 1 2 0 0 2 2 1 2
-0.0001560065469204017 0 3 0 3 1 2 0 0 2 2 2 1
-0.00015600654692039708 0 3 0 3 1 2 1 1 0 0 1 2
0.00015600654692039708 0 3 0 3 1 2 1 1 0 0 2 1
-0.0003863964683493074 0 3 0 3 1 2 1 1 1 1 1 2
0.0003863964683493075 0 3 0 3 1 2 1 1 1 1 2 1
-7.929517425977191e-06 0 3 0 3 1 2 1 1 1 2 1 1
-7.92951742597708e-06 0 3 0 3 1 2 1 1 2 1 2 2
0.008082136680913959 0 3 0 3 1 2 1 1 2 2 1 2
-0.00808213668091396 0 3 0 3 1 2 1 1 2 2 2 1
7.929517425977181e-06 0 3 0 3 1 2 1 2 1 1 1 1
-0.00846060363183729 0 3 0 3 1 2 1 2 2 1 1 2
0.008476462666689244 0 3 0 3 1 2 1 2 2 1 2 1
-7.92951742597709e-06 0 3 0 3 1 2 1 2 2 2 1 1
7.92951742597709e-06 0 3 0 3 1 2 2 1 1 1 2 2
-0.008476462666689244 0 3 0 3 1 2 2 1 1 2 1 2
0.00846060363183729 0 3 0 3 1 2 2 1 1 2 2 1
-7.929517425977181e-06 0 3 0 3 1 2 2 1 2 2 2 2
-0.00015600654692039708 0 3 0 3 1 2 2 2 0 0 1 2
0.00015600654692039708 0 3 0 3 1 2 2 2 0 0 2 1
0.00808213668091396 0 3 0 3 1 2 2 2 1 1 1 2
-0.008082136680913959 0 3 0 3 1 2 2 2 1 1 2 1
7.92951742597708e-06 0 3 0 3 1 2 2 2 1 2 1 1
7.929517425977191e-06 0 3 0 3 1 2 2 2 2 1 2 2
-0.0003863964683493075 0 3 0 3 1 2 2 2 2 2 1 2
0.0003863964683493074 0 3 0 3 1 2 2 2 2 2 2 1
-0.0018409031610096193 0 3 0 3 2 1 0 0 0 0 1 2
0.0018409031610096193 0 3 0 3 2 1 0 0 0 0 2 1
-0.0001560065469204017 0 3 0 3 2 1 0 0 1 1 1 2
0.0001560065469204017 0 3 0 3 2 1 0 0 1 1 2 1
-0.0001560065469204017 0 3 0 3 2 1 0 0 2 2 1 2
0.0001560065469204017 0 3 0 3 2 1 0 0 2 2 2 1
0.00015600654692039708 0 3 0 3 2 1 1 1 0 0 1 2
-0.00015600654692039708 0 3 0 3 2 1 1 1 0 0 2 1
0.0003863964683493074 0 3 0 3 2 1 1 1 1 1 1 2
-0.0003863964683493075 0 3 0 3 2 1 1 1 1 1 2 1
7.929517425977191e-06 0 3 0 3 2 1 1 1 1 2 1 1
7.92951742597708e-06 0 3 0 3 2 1 1 1 2 1 2 2
-0.008082136680913959 0 3 0 3 2 1 1 1 2 2 1 2
0.00808213668091396 0 3 0 3 2 1 1 1 2 2 2 1
-7.929517425977181e-06 0 3 0 3 2 1 1 2 1 1 1 1
0.00846060363183729 0 3 0 3 2 1 1 2 2 1 1 2
-0.008476462666689244 0 3 0 3 2 1 1 2 2 1 2 1
7.92951742597709e-06 0 3 0 3 2 1 1 2 2 2 1 1
-7.92951742597709e-06 0 3 0 3 2 1 2 1 1 1 2 2
0.008476462666689244 0 3 0 3 2 1 2 1 1 2 1 2
-0.00846060363183729 0 3 0 3 2 1 2 1 1 2 2 1
7.929517425977181e-06 0 3 0 3 2 1 2 1 2 2 2 2
0.00015600654692039708 0 3 0 3 2 1 2 2 0 0 1 2
-0.00015600654692039708 0 3 0 3 2 1 2 2 0 0 2 1
-0.00808213668091396 0 3 0 3 2 1 2 2 1 1 1 2
0.008082136680913959 0 3 0 3 2 1 2 2 1 1 2 1
-7.92951742597708e-06 0 3 0 3 2 1 2 2 1 2 1 1
-7.929517425977191e-06 0 3 0 3 2 1 2 2 2 1 2 2
0.0003863964683493075 0 3 0 3 2 1 2 2 2 2 1 2
-0.0003863964683493074 0 3 0 3 2 1 2 2 2 2 2 1
-0.004786270431471036 0 3 0 3 2 2 0 1 3 1 3 0
-0.004786270431471036 0 3 0 3 2 2 0 2 3 2 3 0
0.001321141523809073 0 3 0 3 2 2 1 0 3 1 3 0
0.0013217596937412886 0 3 0 3 2 2 1 3 0 1 3 0
-0.0051684387600360706 0 3 0 3 2 2 1 3 1 0 3 0
0.001199407749973853 0 3 0 3 2 2 1 3 3 1 0 0
0.01053360233681385 0 3 0 3 2 2 1 3 3 1 3 0
0.0012083305549426431 0 3 0 3 2 2 1 3 3 1 3 3
0.001321141523809073 0 3 0 3 2 2 2 0 3 2 3 0
0.0013217596937412886 0 3 0 3 2 2 2 3 0 2 3 0
-0.0051684387600360706 0 3 0 3 2 2 2 3 2 0 3 0
0.001199407749973853 0 3 0 3 2 2 2 3 3 2 0 0
0.01053360233681385 0 3 0 3 2 2 2 3 3 2 3 0
0.0012083305549426431 0 3 0 3 2 2 2 3 3 2 3 3
0.2256273692475813 0 3 0 3 3 0 0 0 0 0 0 0
0.026376663945395507 0 3 0 3 3 0 0 0 0 0 0 3
0.02619291907472772 0 3 0 3 3 0 0 0 0 0 3 0
0.027607992145408662 0 3 0 3 3 0 0 0 0 3 0 0
-0.002168303839948002 0 3 0 3 3 0 0 0 1 1 0 0
-0.0002859459014208633 0 3 0 3 3 0 0 0 1 1 0 3
-0.00027119863287067807 0 3 0 3 3 0 0 0 1 1 3 0
-0.002168303839948002 0 3 0 3 3 0 0 0 2 2 0 0
-0.0002859459014208633 0 3 0 3 3 0 0 0 2 2 0 3
-0.00027119863287067807 0 3 0 3 3 0 0 0 2 2 3 0
0.02549989186378147 0 3 0 3 3 0 0 0 3 0 0 0
0.027596758923556525 0 3 0 3 3 0 0 3 0 0 0 0
0.0007733821134310774 0 3 0 3 3 0 0 3 1 1 0 0
0.0007733821134310774 0 3 0 3 3 0 0 3 2 2 0 0
0.0021683038399479358 0 3 0 3 3 0 1 1 0 0 0 0
0.00028526808836348274 0 3 0 3 3 0 1 1 0 0 0 3
0.00027119863287066977 0 3 0 3 3 0 1 1 0 0 3 0
-0.0007748922216501135 0 3 0 3 3 0 1 1 0 3 0 0
0.002128014760045085 0 3 0 3 3 0 1 1 1 1 0 0
0.0002676222332767075 0 3 0 3 3 0 1 1 1 1 0 3
0.0002661595128045758 0 3 0 3 3 0 1 1 1 1 3 0
-0.04407965505705962 0 3 0 3 3 0 1 1 2 2 0 0
-0.005543521572278606 0 3 0 3 3 0 1 1 2 2 0 3
-0.005513222809757287 0 3 0 3 3 0 1 1 2 2 3 0
0.0012601807357095034 0 3 0 3 3 0 1 1 3 0 0 0
0.0462076698171047 0 3 0 3 3 0 1 2 2 1 0 0
0.005811143805555313 0 3 0 3 3 0 1 2 2 1 0 3
0.005779382322561863 0 3 0 3 3 0 1 2 2 1 3 0
0.0462076698171047 0 3 0 3 3 0 2 1 1 2 0 0
0.005811143805555313 0 3 0 3 3 0 2 1 1 2 0 3
0.005779382322561863 0 3 0 3 3 0 2 1 1 2 3 0
0.0021683038399479358 0 3 0 3 3 0 2 2 0 0 0 0
0.00028526808836348274 0 3 0 3 3 0 2 2 0 0 0 3
0.00027119863287066977 0 3 0 3 3 0 2 2 0 0 3 0
-0.0007748922216501135 0 3 0 3 3 0 2 2 0 3 0 0
-0.04407965505705962 0 3 0 3 3 0 2 2 1 1 0 0
-0.005543521572278606 0 3 0 3 3 0 2 2 1 1 0 3
-0.005513222809757287 0 3 0 3 3 0 2 2 1 1 3 0
0.002128014760045085 0 3 0 3 3 0 2 2 2 2 0 0
0.0002676222332767075 0 3 0 3 3 0 2 2 2 2 0 3
0.0002661595128045758 0 3 0 3 3 0 2 2 2 2 3 0
0.0012601807357095034 0 3 0 3 3 0 2 2 3 0 0 0
0.025492091846689716 0 3 0 3 3 0 3 0 0 0 0 0
-0.001258592118000059 0 3 0 3 3 0 3 0 1 1 0 0
-0.001258592118000059 0 3 0 3 3 0 3 0 2 2 0 0
0.026588543974582636 0 3 0 3 3 3 0 0 0 0 0 0
-0.00012313925061306917 0 3 0 3 3 3 0 0 1 1 0 0
-0.00012313925061306917 0 3 0 3 3 3 0 0 2 2 0 0
0.0001231392506130654 0 3 0 3 3 3 1 1 0 0 0 0
-0.00014619547822166372 0 3 0 3 3 3 1 1 1 1 0 0
0.003115581555943705 0 3 0 3 3 3 1 1 2 2 0 0
-0.0032617770341653693 0 3 0 3 3 3 1 2 2 1 0 0
0.0010207041198353867 0 3 0 3 3 3 1 3 3 1 1 1
0.0010176438221509581 0 3 0 3 3 3 1 3 3 1 2 2
3.060297684428516e-06 0 3 0 3 3 3 1 3 3 2 2 1
-0.0032617770341653693 0 3 0 3 3 3 2 1 1 2 0 0
0.0001231392506130654 0 3 0 3 3 3 2 2 0 0 0 0
0.003115581555943705 0 3 0 3 3 3 2 2 1 1 0 0
-0.00014619547822166372 0 3 0 3 3 3 2 2 2 2 0 0
3.060297684428516e-06 0 3 0 3 3 3 2 3 3 1 1 2
0.0010176438221509581 0 3 0 3 3 3 2 3 3 2 1 1
0.0010207041198353867 0 3 0 3 3 3 2 3 3 2 2 2
-0.00029942692902532226 0 3 1 0 0 1 1 3 0 0 1 0
-0.00029942692902532226 0 3 1 0 0 1 2 3 0 0 2 0
-0.005238921210132734 0 3 1 0 0 2 0 0 1 0 0 2
-0.0006089887021386659 0 3 1 0 0 2 0 0 1 0 3 2
-0.0006530759991791369 0 3 1 0 0 2 0 0 1 3 0 2
0.005238921210132734 0 3 1 0 0 2 0 0 2 0 0 1
0.0006089887021386659 0 3 1 0 0 2 0 0 2 0 3 1
0.0006530759991791369 0 3 1 0 0 2 0 0 2 3 0 1
-5.939626319911009e-05 0 3 1 0 0 2 0 0 3 1 0 2
5.939626319911009e-05 0 3 1 0 0 2 0 0 3 2 0 1
0.00109761022029029 0 3 1 0 0 2 0 1 0 0 2 0
0.0001901329394972635 0 3 1 0 0 2 0 1 0 0 2 3
0.00020498588720609971 0 3 1 0 0 2 0 1 0 3 2 0
0.000134321067451971 0 3 1 0 0 2 0 1 3 0 2 0
-0.00109761022029029 0 3 1 0 0 2 0 2 0 0 1 0
-0.0001901329394972635 0 3 1 0 0 2 0 2 0 0 1 3
-0.00020498588720609971 0 3 1 0 0 2 0 2 0 3 1 0
-0.000134321067451971 0 3 1 0 0 2 0 2 3 0 1 0
-0.0007022402594247562 0 3 1 0 0 2 0 3 1 0 0 2
0.0007022402594247562 0 3 1 0 0 2 0 3 2 0 0 1
0.005034772500385831 0 3 1 0 0 2 1 0 0 0 2 0
0.0005457670501958542 0 3 1 0 0 2 1 0 0 0 2 3
0.0002634583468983332 0 3 1 0 0 2 1 0 0 3 2 0
0.0005377381752864124 0 3 1 0 0 2 1 0 3 0 2 0
5.691607271002177e-05 0 3 1 0 0 2 1 1 1 0 3 2
5.9396263199110264e-05 0 3 1 0 0 2 1 1 1 3 0 2
-5.691607271002154e-05 0 3 1 0 0 2 1 1 2 0 3 1
-5.9396263199110264e-05 0 3 1 0 0 2 1 1 2 3 0 1
-2.930012455194934e-05 0 3 1 0 0 2 1 1 3 1 0 2
2.930012455194934e-05 0 3 1 0 0 2 1 1 3 2 0 1
-39.660735854085615 0 3 1 0 0 2 1 3 0 0 2 0
0.00504948249382634 0 3 1 0 0 2 1 3 0 0 2 3
0.005026543268567547 0 3 1 0 0 2 1 3 0 3 2 0
0.0005449671632168606 0 3 1 0 0 2 1 3 0 3 2 3
-6.762311490304237e-06 0 3 1 0 0 2 1 3 1 1 2 0
-6.762311490304237e-06 0 3 1 0 0 2 1 3 2 2 2 0
0.005026543268567536 0 3 1 0 0 2 1 3 3 0 2 0
0.0008166290109346496 0 3 1 0 0 2 1 3 3 0 2 3
0.0005376754063616503 0 3 1 0 0 2 1 3 3 3 2 0
-0.005034772500385831 0 3 1 0 0 2 2 0 0 0 1 0
-0.0005457670501958542 0 3 1 0 0 2 2 0 0 0 1 3
-0.0002634583468983332 0 3 1 0 0 2 2 0 0 3 1 0
-0.0005377381752864124 0 3 1 0 0 2 2 0 3 0 1 0
5.691607271002154e-05 0 3 1 0 0 2 2 2 1 0 3 2
5.9396263199110264e-05 0 3 1 0 0 2 2 2 1 3 0 2
-5.691607271002177e-05 0 3 1 0 0 2 2 2 2 0 3 1
-5.9396263199110264e-05 0 3 1 0 0 2 2 2 2 3 0 1
-2.930012455194934e-05 0 3 1 0 0 2 2 2 3 1 0 2
2.930012455194934e-05 0 3 1 0 0 2 2 2 3 2 0 1
39.660735854085615 0 3 1 0 0 2 2 3 0 0 1 0
-0.00504948249382634 0 3 1 0 0 2 2 3 0 0 1 3
-0.005026543268567547 0 3 1 0 0 2 2 3 0 3 1 0
-0.0005449671632168606 0 3 1 0 0 2 2 3 0 3 1 3
6.762311490304237e-06 0 3 1 0 0 2 2 3 1 1 1 0
6.762311490304237e-06 0 3 1 0 0 2 2 3 2 2 1 0
-0.005026543268567536 0 3 1 0 0 2 2 3 3 0 1 0
-0.0008166290109346496 0 3 1 0 0 2 2 3 3 0 1 3
-0.0005376754063616503 0 3 1 0 0 2 2 3 3 3 1 0
-0.0005913515022361873 0 3 1 0 0 2 3 0 1 0 0 2
0.0005913515022361873 0 3 1 0 0 2 3 0 2 0 0 1
0.00012389448640362554 0 3 1 0 0 2 3 1 0 0 2 0
-0.00012389448640362554 0 3 1 0 0 2 3 2 0 0 1 0
0.00017398953260120727 0 3 1 0 1 0 0 1 0 0 3 1
0.00017398953260120727 0 3 1 0 1 0 0 2 0 0 3 2
0.0005615891315053046 0 3 1 0 1 0 1 0 0 0 3 1
0.0009793135806377715 0 3 1 0 1 0 1 3 0 0 0 1
0.004918700739168913 0 3 1 0 1 0 1 3 0 0 3 1
0.000561670731358449 0 3 1 0 1 0 1 3 0 3 3 1
0.0008657896461007632 0 3 1 0 1 0 1 3 3 0 3 1
0.0005615891315053046 0 3 1 0 1 0 2 0 0 0 3 2
0.0009793135806377715 0 3 1 0 1 0 2 3 0 0 0 2
0.004918700739168913 0 3 1 0 1 0 2 3 0 0 3 2
0.000561670731358449 0 3 1 0 1 0 2 3 0 3 3 2
0.0008657896461007632 0 3 1 0 1 0 2 3 3 0 3 2
0.00018666494083160743 0 3 1 0 1 3 0 1 0 0 0 1
0.0010691820812255462 0 3 1 0 1 3 0 1 0 0 3 1
0.00020325434825793404 0 3 1 0 1 3 0 1 0 3 3 1
0.00013135506820007012 0 3 1 0 1 3 0 1 3 0 3 1
0.00018666494083160743 0 3 1 0 1 3 0 2 0 0 0 2
0.0010691820812255462 0 3 1 0 1 3 0 2 0 0 3 2
0.00020325434825793404 0 3 1 0 1 3 0 2 0 3 3 2
0.00013135506820007012 0 3 1 0 1 3 0 2 3 0 3 2
0.0005271531865256706 0 3 1 0 1 3 1 0 0 0 0 1
0.00490437173501899 0 3 1 0 1 3 1 0 0 0 3 1
0.00025663476746645367 0 3 1 0 1 3 1 0 0 3 3 1
0.000523810739713317 0 3 1 0 1 3 1 0 3 0 3 1
0.00498210651910712 0 3 1 0 1 3 1 3 0 0 0 1
-38.63352795517986 0 3 1 0 1 3 1 3 0 0 3 1
0.0005279570861136182 0 3 1 0 1 3 1 3 0 3 0 1
0.004896355640562406 0 3 1 0 1 3 1 3 0 3 3 1
-6.5871674110202024e-06 0 3 1 0 1 3 1 3 1 1 3 1
-6.5871674110202024e-06 0 3 1 0 1 3 1 3 2 2 3 1
0.0007909392375472239 0 3 1 0 1 3 1 3 3 0 0 1
0.004896355640562395 0 3 1 0 1 3 1 3 3 0 3 1
0.000523749596505671 0 3 1 0 1 3 1 3 3 3 3 1
0.0005271531865256706 0 3 1 0 1 3 2 0 0 0 0 2
0.00490437173501899 0 3 1 0 1 3 2 0 0 0 3 2
0.00025663476746645367 0 3 1 0 1 3 2 0 0 3 3 2
0.000523810739713317 0 3 1 0 1 3 2 0 3 0 3 2
0.00498210651910712 0 3 1 0 1 3 2 3 0 0 0 2
-38.633527955179865 0 3 1 0 1 3 2 3 0 0 3 2
0.0005279570861136182 0 3 1 0 1 3 2 3 0 3 0 2
0.004896355640562406 0 3 1 0 1 3 2 3 0 3 3 2
-6.5871674110202024e-06 0 3 1 0 1 3 2 3 1 1 3 2
-6.5871674110202024e-06 0 3 1 0 1 3 2 3 2 2 3 2
0.0007909392375472239 0 3 1 0 1 3 2 3 3 0 0 2
0.004896355640562395 0 3 1 0 1 3 2 3 3 0 3 2
0.000523749596505671 0 3 1 0 1 3 2 3 3 3 3 2
0.00012068561532741984 0 3 1 0 1 3 3 1 0 0 3 1
0.00012068561532741984 0 3 1 0 1 3 3 2 0 0 3 2
-0.005026055332395511 0 3 1 0 2 0 0 0 1 0 2 0
-0.0005894133641377744 0 3 1 0 2 0 0 0 1 0 2 3
-0.0006265404606172087 0 3 1 0 2 0 0 0 1 3 2 0
0.005026055332395511 0 3 1 0 2 0 0 0 2 0 1 0
0.0005894133641377744 0 3 1 0 2 0 0 0 2 0 1 3
0.0006265404606172087 0 3 1 0 2 0 0 0 2 3 1 0
-5.6982896554897974e-05 0 3 1 0 2 0 0 0 3 1 2 0
5.6982896554897974e-05 0 3 1 0 2 0 0 0 3 2 1 0
-0.0006760990145128623 0 3 1 0 2 0 0 3 1 0 2 0
0.0006760990145128623 0 3 1 0 2 0 0 3 2 0 1 0
5.594363479897082e-05 0 3 1 0 2 0 1 1 1 0 2 3
5.698289655489814e-05 0 3 1 0 2 0 1 1 1 3 2 0
-5.5943634798970574e-05 0 3 1 0 2 0 1 1 2 0 1 3
-5.698289655489814e-05 0 3 1 0 2 0 1 1 2 3 1 0
-2.8109612902623993e-05 0 3 1 0 2 0 1 1 3 1 2 0
2.8109612902623993e-05 0 3 1 0 2 0 1 1 3 2 1 0
5.5943634798970574e-05 0 3 1 0 2 0 2 2 1 0 2 3
5.698289655489814e-05 0 3 1 0 2 0 2 2 1 3 2 0
-5.594363479897082e-05 0 3 1 0 2 0 2 2 2 0 1 3
-5.698289655489814e-05 0 3 1 0 2 0 2 2 2 3 1 0
-2.8109612902623993e-05 0 3 1 0 2 0 2 2 3 1 2 0
2.8109612902623993e-05 0 3 1 0 2 0 2 2 3 2 1 0
-0.0005673239302369622 0 3 1 0 2 0 3 0 1 0 2 0
0.0005673239302369622 0 3 1 0 2 0 3 0 2 0 1 0
-0.0005570181568250131 0 3 1 0 2 3 0 0 1 0 2 0
0.0005570181568250131 0 3 1 0 2 3 0 0 2 0 1 0
6.371617659741418e-05 0 3 1 0 2 3 1 1 1 0 2 0
-6.371617659741396e-05 0 3 1 0 2 3 1 1 2 0 1 0
-0.00029930226193481145 0 3 1 0 2 3 1 3 0 0 3 2
6.371617659741396e-05 0 3 1 0 2 3 2 2 1 0 2 0
-6.371617659741418e-05 0 3 1 0 2 3 2 2 2 0 1 0
0.00029930226193481145 0 3 1 0 2 3 2 3 0 0 3 1
-0.0005755207409747354 0 3 1 0 3 2 0 0 1 0 0 2
0.0005755207409747354 0 3 1 0 3 2 0 0 2 0 0 1
0.00017616721934467398 0 3 1 0 3 2 0 1 0 0 2 0
-0.00017616721934467398 0 3 1 0 3 2 0 2 0 0 1 0
0.0005722543355820574 0 3 1 0 3 2 1 0 0 0 2 0
6.206592562899115e-05 0 3 1 0 3 2 1 1 1 0 0 2
-6.20659256289909e-05 0 3 1 0 3 2 1 1 2 0 0 1
0.005114574149688995 0 3 1 0 3 2 1 3 0 0 2 0
0.0009868364953049024 0 3 1 0 3 2 1 3 0 0 2 3
0.0005723469292958319 0 3 1 0 3 2 1 3 0 3 2 0
0.0008641089985872345 0 3 1 0 3 2 1 3 3 0 2 0
-0.0005722543355820574 0 3 1 0 3 2 2 0 0 0 1 0
6.20659256289909e-05 0 3 1 0 3 2 2 2 1 0 0 2
-6.206592562899115e-05 0 3 1 0 3 2 2 2 2 0 0 1
-0.005114574149688995 0 3 1 0 3 2 2 3 0 0 1 0
-0.0009868364953049024 0 3 1 0 3 2 2 3 0 0 1 3
-0.0005723469292958319 0 3 1 0 3 2 2 3 0 3 1 0
-0.0008641089985872345 0 3 1 0 3 2 2 3 3 0 1 0
0.009436790617845135 0 3 1 1 0 0 0 0 0 0 0 0
0.0010231168296188013 0 3 1 1 0 0 0 0 0 0 0 3
0.0010175364786798025 0 3 1 1 0 0 0 0 0 0 3 0
0.0010357280596586572 0 3 1 1 0 0 0 0 0 3 0 0
-74.45141930762772 0 3 1 1 0 0 0 0 3 0 0 0
0.009479856528976665 0 3 1 1 0 0 0 0 3 0 0 3
0.009602059063506875 0 3 1 1 0 0 0 0 3 0 3 0
-0.0006796449506807822 0 3 1 1 0 0 0 0 3 0 3 3
0.009436790617845156 0 3 1 1 0 0 0 0 3 3 0 0
0.0010231168296188022 0 3 1 1 0 0 0 0 3 3 0 3
0.0010175364786798025 0 3 1 1 0 0 0 0 3 3 3 0
0.0005321793557797446 0 3 1 1 0 0 0 3 0 0 0 0
0.007317767868601451 0 3 1 1 0 0 0 3 3 0 0 0
0.0007802046737957794 0 3 1 1 0 0 0 3 3 0 0 3
0.0007733821134310774 0 3 1 1 0 0 0 3 3 0 3 0
-0.001366977391423595 0 3 1 1 0 0 0 3 3 3 0 0
0.004655160536726695 0 3 1 1 0 0 1 1 0 0 0 0
0.0005047026348868955 0 3 1 1 0 0 1 1 0 0 0 3
0.0005019498526620585 0 3 1 1 0 0 1 1 0 0 3 0
0.0007523784703668576 0 3 1 1 0 0 1 1 0 3 0 0
-36.730428344875655 0 3 1 1 0 0 1 1 3 0 0 0
0.0046764049129236806 0 3 1 1 0 0 1 1 3 0 0 3
0.004736687316048877 0 3 1 1 0 0 1 1 3 0 3 0
0.00026899925911705986 0 3 1 1 0 0 1 1 3 0 3 3
0.004655160536726706 0 3 1 1 0 0 1 1 3 3 0 0
0.000504702634886896 0 3 1 1 0 0 1 1 3 3 0 3
0.0005019498526620585 0 3 1 1 0 0 1 1 3 3 3 0
-3.163765087645098e-05 0 3 1 1 0 0 1 3 0 1 2 2
3.163765087645098e-05 0 3 1 1 0 0 1 3 0 2 2 1
0.004655160536726695 0 3 1 1 0 0 2 2 0 0 0 0
0.0005047026348868955 0 3 1 1 0 0 2 2 0 0 0 3
0.0005019498526620585 0 3 1 1 0 0 2 2 0 0 3 0
0.0007523784703668576 0 3 1 1 0 0 2 2 0 3 0 0
-36.730428344875655 0 3 1 1 0 0 2 2 3 0 0 0
0.0046764049129236806 0 3 1 1 0 0 2 2 3 0 0 3
0.004736687316048877 0 3 1 1 0 0 2 2 3 0 3 0
0.00026899925911705986 0 3 1 1 0 0 2 2 3 0 3 3
0.004655160536726706 0 3 1 1 0 0 2 2 3 3 0 0
0.000504702634886896 0 3 1 1 0 0 2 2 3 3 0 3
0.0005019498526620585 0 3 1 1 0 0 2 2 3 3 3 0
3.163765087645098e-05 0 3 1 1 0 0 2 3 0 1 1 2
-3.163765087645098e-05 0 3 1 1 0 0 2 3 0 2 1 1
-0.0005755163086097036 0 3 1 1 0 0 3 0 0 0 0 0
0.011586712350133643 0 3 1 1 0 0 3 0 3 0 0 0
0.001269032387794239 0 3 1 1 0 0 3 0 3 0 0 3
0.001258592118000033 0 3 1 1 0 0 3 0 3 0 3 0
0.0013236404385936337 0 3 1 1 0 0 3 0 3 3 0 0
0.0010351061702788267 0 3 1 1 0 0 3 3 3 0 0 0
0.0010825130928179111 0 3 1 1 0 3 0 0 0 0 0 0
0.009479856528976663 0 3 1 1 0 3 0 0 3 0 0 0
0.0012171511760355857 0 3 1 1 0 3 0 0 3 0 0 3
0.0012075689223960628 0 3 1 1 0 3 0 0 3 0 3 0
0.001082513092817912 0 3 1 1 0 3 0 0 3 3 0 0
0.0019027786376386705 0 3 1 1 0 3 0 1 0 1 1 1
0.0019013002191111857 0 3 1 1 0 3 0 1 0 1 2 2
1.478418527484944e-06 0 3 1 1 0 3 0 1 0 2 2 1
1.478418527484944e-06 0 3 1 1 0 3 0 2 0 1 1 2
0.0019013002191111857 0 3 1 1 0 3 0 2 0 2 1 1
0.0019027786376386705 0 3 1 1 0 3 0 2 0 2 2 2
0.0008509800041294464 0 3 1 1 0 3 0 3 3 0 0 0
0.00026751991778436443 0 3 1 1 0 3 1 0 0 1 1 1
0.00026671783364555843 0 3 1 1 0 3 1 0 0 1 2 2
8.020841388060735e-07 0 3 1 1 0 3 1 0 0 2 2 1
0.0005340027594388447 0 3 1 1 0 3 1 1 0 0 0 0
0.00467640491292368 0 3 1 1 0 3 1 1 3 0 0 0
0.0006004196078269213 0 3 1 1 0 3 1 1 3 0 0 3
0.0006246524584713404 0 3 1 1 0 3 1 1 3 0 3 0
0.0005340027594388451 0 3 1 1 0 3 1 1 3 3 0 0
0.00026795592457351666 0 3 1 1 0 3 1 3 3 1 1 1
0.00026715253318950475 0 3 1 1 0 3 1 3 3 1 2 2
8.033913840119238e-07 0 3 1 1 0 3 1 3 3 2 2 1
8.020841388060735e-07 0 3 1 1 0 3 2 0 0 1 1 2
0.00026671783364555843 0 3 1 1 0 3 2 0 0 2 1 1
0.00026751991778436443 0 3 1 1 0 3 2 0 0 2 2 2
0.0005340027594388447 0 3 1 1 0 3 2 2 0 0 0 0
0.00467640491292368 0 3 1 1 0 3 2 2 3 0 0 0
0.0006004196078269213 0 3 1 1 0 3 2 2 3 0 0 3
0.0006246524584713404 0 3 1 1 0 3 2 2 3 0 3 0
0.0005340027594388451 0 3 1 1 0 3 2 2 3 3 0 0
8.033913840119238e-07 0 3 1 1 0 3 2 3 3 1 1 2
0.00026715253318950475 0 3 1 1 0 3 2 3 3 2 1 1
0.00026795592457351666 0 3 1 1 0 3 2 3 3 2 2 2
0.0013137316452328165 0 3 1 1 0 3 3 0 3 0 0 0
0.0018137181325708893 0 3 1 1 1 1 0 1 0 1 3 0
0.0018137181325708893 0 3 1 1 1 1 0 2 0 2 3 0
0.000297686295783768 0 3 1 1 1 1 1 0 0 1 3 0
-3.081823472837637e-05 0 3 1 1 1 1 1 3 0 1 3 3
0.00029817146805458154 0 3 1 1 1 1 1 3 3 1 3 0
0.000297686295783768 0 3 1 1 1 1 2 0 0 2 3 0
-3.081823472837637e-05 0 3 1 1 1 1 2 3 0 2 3 3
0.00029817146805458154 0 3 1 1 1 1 2 3 3 2 3 0
-0.0017614317708504396 0 3 1 1 1 2 0 0 3 0 1 2
0.0017614317708504396 0 3 1 1 1 2 0 0 3 0 2 1
7.967400286404598e-07 0 3 1 1 1 2 0 1 2 0 3 0
-7.967400286404598e-07 0 3 1 1 1 2 0 2 1 0 3 0
-0.0003563107503967727 0 3 1 1 1 2 1 1 3 0 1 2
0.0003252858214528369 0 3 1 1 1 2 1 1 3 0 2 1
3.102492894393583e-05 0 3 1 1 1 2 1 2 3 0 1 1
-6.616950999627608e-06 0 3 1 1 1 2 1 3 2 0 0 0
6.7185576719859e-06 0 3 1 1 1 2 1 3 2 0 3 3
-3.102492894393583e-05 0 3 1 1 1 2 2 1 3 0 2 2
-0.0003252858214528369 0 3 1 1 1 2 2 2 3 0 1 2
0.0003563107503967727 0 3 1 1 1 2 2 2 3 0 2 1
6.616950999627608e-06 0 3 1 1 1 2 2 3 1 0 0 0
-6.7185576719859e-06 0 3 1 1 1 2 2 3 1 0 3 3
0.0017614317708504398 0 3 1 1 2 1 0 0 3 0 1 2
-0.0017614317708504398 0 3 1 1 2 1 0 0 3 0 2 1
0.0003252858214528369 0 3 1 1 2 1 1 1 3 0 1 2
-0.0003563107503967727 0 3 1 1 2 1 1 1 3 0 2 1
3.102492894393582e-05 0 3 1 1 2 1 1 2 3 0 1 1
-3.102492894393582e-05 0 3 1 1 2 1 2 1 3 0 2 2
0.0003563107503967727 0 3 1 1 2 1 2 2 3 0 1 2
-0.0003252858214528369 0 3 1 1 2 1 2 2 3 0 2 1
0.0018135444385264645 0 3 1 1 2 2 0 1 0 1 3 0
0.0018135444385264645 0 3 1 1 2 2 0 2 0 2 3 0
0.000297686295783768 0 3 1 1 2 2 1 0 0 1 3 0
-3.0352161735989378e-05 0 3 1 1 2 2 1 3 0 1 0 0
0.00029817146805458154 0 3 1 1 2 2 1 3 3 1 3 0
0.000297686295783768 0 3 1 1 2 2 2 0 0 2 3 0
-3.0352161735989378e-05 0 3 1 1 2 2 2 3 0 2 0 0
0.00029817146805458154 0 3 1 1 2 2 2 3 3 2 3 0
0.0010745193752347002 0 3 1 1 3 0 0 0 0 0 0 0
0.009602059063506871 0 3 1 1 3 0 0 0 3 0 0 0
0.0012075689223960628 0 3 1 1 3 0 0 0 3 0 0 3
0.0012009688138674398 0 3 1 1 3 0 0 0 3 0 3 0
0.0010745193752347006 0 3 1 1 3 0 0 0 3 3 0 0
0.0008449188363784596 0 3 1 1 3 0 0 3 3 0 0 0
0.0005300594655646823 0 3 1 1 3 0 1 1 0 0 0 0
0.004736687316048875 0 3 1 1 3 0 1 1 3 0 0 0
0.0006231717672267111 0 3 1 1 3 0 1 1 3 0 0 3
0.0005924368627595761 0 3 1 1 3 0 1 1 3 0 3 0
0.0005300594655646826 0 3 1 1 3 0 1 1 3 3 0 0
0.0005300594655646823 0 3 1 1 3 0 2 2 0 0 0 0
0.004736687316048875 0 3 1 1 3 0 2 2 3 0 0 0
0.0006231717672267111 0 3 1 1 3 0 2 2 3 0 0 3
0.0005924368627595761 0 3 1 1 3 0 2 2 3 0 3 0
0.0005300594655646826 0 3 1 1 3 0 2 2 3 3 0 0
0.001303772244751291 0 3 1 1 3 0 3 0 3 0 0 0
-0.0004410031409453847 0 3 1 1 3 3 0 0 3 0 0 0
0.00026899925911705986 0 3 1 1 3 3 1 1 3 0 0 0
-2.9566039796893257e-05 0 3 1 1 3 3 1 3 0 1 1 1
-2.9566039796893257e-05 0 3 1 1 3 3 1 3 0 2 2 1
0.00026899925911705986 0 3 1 1 3 3 2 2 3 0 0 0
-2.9566039796893257e-05 0 3 1 1 3 3 2 3 0 1 1 2
-2.9566039796893257e-05 0 3 1 1 3 3 2 3 0 2 2 2
-0.005136467192680711 0 3 1 2 0 0 0 0 1 2 0 0
-0.0005881658865999236 0 3 1 2 0 0 0 0 1 2 0 3
-0.0005838129965874887 0 3 1 2 0 0 0 0 1 2 3 0
0.005136467192680711 0 3 1 2 0 0 0 0 2 1 0 0
0.0005881658865999236 0 3 1 2 0 0 0 0 2 1 0 3
0.0005838129965874887 0 3 1 2 0 0 0 0 2 1 3 0
-0.0014488506628091572 0 3 1 2 0 0 0 3 1 2 0 0
0.0014488506628091572 0 3 1 2 0 0 0 3 2 1 0 0
-0.0003127360883538721 0 3 1 2 0 0 1 2 3 0 0 0
6.897195244731969e-06 0 3 1 2 0 0 1 3 1 0 2 1
6.897195244731969e-06 0 3 1 2 0 0 1 3 2 0 2 2
0.0003127360883538721 0 3 1 2 0 0 2 1 3 0 0 0
-6.897195244731969e-06 0 3 1 2 0 0 2 3 1 0 1 1
-6.897195244731969e-06 0 3 1 2 0 0 2 3 2 0 1 2
-0.0004541446321512932 0 3 1 2 0 0 3 0 1 2 0 0
0.0004541446321512932 0 3 1 2 0 0 3 0 2 1 0 0
-0.0005567907086094365 0 3 1 2 0 3 0 0 1 2 0 0
0.0005567907086094365 0 3 1 2 0 3 0 0 2 1 0 0
-3.223039939758227e-07 0 3 1 2 0 3 0 1 1 0 2 1
0.0006964661414287642 0 3 1 2 0 3 0 1 2 0 1 1
0.0006961438374347883 0 3 1 2 0 3 0 1 2 0 2 2
-0.0006961438374347883 0 3 1 2 0 3 0 2 1 0 1 1
-0.0006964661414287642 0 3 1 2 0 3 0 2 1 0 2 2
3.223039939758227e-07 0 3 1 2 0 3 0 2 2 0 1 2
1.748590920878523e-07 0 3 1 2 0 3 1 0 1 0 2 1
-5.8320926291873544e-05 0 3 1 2 0 3 1 0 2 0 1 1
-5.81460671997857e-05 0 3 1 2 0 3 1 0 2 0 2 2
1.7514407928403536e-07 0 3 1 2 0 3 1 3 1 3 2 1
-5.841597835387518e-05 0 3 1 2 0 3 1 3 2 3 1 1
-5.824083427459114e-05 0 3 1 2 0 3 1 3 2 3 2 2
5.81460671997857e-05 0 3 1 2 0 3 2 0 1 0 1 1
5.8320926291873544e-05 0 3 1 2 0 3 2 0 1 0 2 2
-1.748590920878523e-07 0 3 1 2 0 3 2 0 2 0 1 2
5.824083427459114e-05 0 3 1 2 0 3 2 3 1 3 1 1
5.841597835387518e-05 0 3 1 2 0 3 2 3 1 3 2 2
-1.7514407928403536e-07 0 3 1 2 0 3 2 3 2 3 1 2
0.0006477124502092405 0 3 1 2 1 1 0 1 2 0 3 0
-0.0006477124502092405 0 3 1 2 1 1 0 2 1 0 3 0
-6.489737533674098e-05 0 3 1 2 1 1 1 0 2 0 3 0
6.616950999627608e-06 0 3 1 2 1 1 1 3 2 0 0 0
-6.500314576489538e-05 0 3 1 2 1 1 1 3 2 3 3 0
6.489737533674098e-05 0 3 1 2 1 1 2 0 1 0 3 0
-6.616950999627608e-06 0 3 1 2 1 1 2 3 1 0 0 0
6.500314576489538e-05 0 3 1 2 1 1 2 3 1 3 3 0
1.7369404442467576e-07 0 3 1 2 1 2 0 1 0 1 3 0
1.7369404442467576e-07 0 3 1 2 1 2 0 2 0 2 3 0
3.0352161735989378e-05 0 3 1 2 1 2 1 3 0 1 0 0
-3.081823472837637e-05 0 3 1 2 1 2 1 3 0 1 3 3
3.0352161735989378e-05 0 3 1 2 1 2 2 3 0 2 0 0
-3.081823472837637e-05 0 3 1 2 1 2 2 3 0 2 3 3
0.0006485091902378808 0 3 1 2 2 2 0 1 2 0 3 0
-0.0006485091902378808 0 3 1 2 2 2 0 2 1 0 3 0
-6.489737533674098e-05 0 3 1 2 2 2 1 0 2 0 3 0
-3.102492894393583e-05 0 3 1 2 2 2 1 1 3 0 1 2
-3.102492894393582e-05 0 3 1 2 2 2 1 1 3 0 2 1
6.204985788787165e-05 0 3 1 2 2 2 1 2 3 0 1 1
6.7185576719859e-06 0 3 1 2 2 2 1 3 2 0 3 3
-6.500314576489538e-05 0 3 1 2 2 2 1 3 2 3 3 0
6.489737533674098e-05 0 3 1 2 2 2 2 0 1 0 3 0
-6.204985788787165e-05 0 3 1 2 2 2 2 1 3 0 2 2
3.102492894393582e-05 0 3 1 2 2 2 2 2 3 0 1 2
3.102492894393583e-05 0 3 1 2 2 2 2 2 3 0 2 1
-6.7185576719859e-06 0 3 1 2 2 2 2 3 1 0 3 3
6.500314576489538e-05 0 3 1 2 2 2 2 3 1 3 3 0
-0.0005521002881515296 0 3 1 2 3 0 0 0 1 2 0 0
0.0005521002881515296 0 3 1 2 3 0 0 0 2 1 0 0
-6.445571761602415e-06 0 3 1 2 3 3 1 3 1 0 2 1
6.445571761602415e-06 0 3 1 2 3 3 1 3 2 0 1 1
-6.445571761602415e-06 0 3 1 2 3 3 2 3 1 0 2 2
6.445571761602415e-06 0 3 1 2 3 3 2 3 2 0 1 2
1.3412659172516688e-05 0 3 1 3 0 2 0 0 0 1 0 2
-1.3412659172516688e-05 0 3 1 3 0 2 0 0 0 2 0 1
-0.0002870897278826029 0 3 1 3 0 2 0 0 1 0 0 2
0.0002870897278826029 0 3 1 3 0 2 0 0 2 0 0 1
-6.206592562899095e-05 0 3 1 3 0 2 0 0 3 1 3 2
6.206592562899095e-05 0 3 1 3 0 2 0 0 3 2 3 1
0.00011723010662137843 0 3 1 3 0 2 0 1 0 0 2 0
-1.766926113778382e-05 0 3 1 3 0 2 0 1 1 1 2 0
-2.9965386059123677e-05 0 3 1 3 0 2 0 1 2 1 1 0
-4.76346471969075e-05 0 3 1 3 0 2 0 1 2 2 2 0
-0.00011723010662137843 0 3 1 3 0 2 0 2 0 0 1 0
4.76346471969075e-05 0 3 1 3 0 2 0 2 1 1 1 0
2.9965386059123677e-05 0 3 1 3 0 2 0 2 1 2 2 0
1.766926113778382e-05 0 3 1 3 0 2 0 2 2 2 1 0
-7.077533033366672e-05 0 3 1 3 0 2 0 3 3 1 0 2
7.077533033366672e-05 0 3 1 3 0 2 0 3 3 2 0 1
0.0006614056877888054 0 3 1 3 0 2 1 0 0 0 2 0
5.983960931559767e-05 0 3 1 3 0 2 1 0 1 1 2 0
-5.988459179648801e-05 0 3 1 3 0 2 1 0 2 1 1 0
-4.498248089033959e-08 0 3 1 3 0 2 1 0 2 2 2 0
-1.3163439627194536e-05 0 3 1 3 0 2 1 1 0 1 0 2
-0.0002726672244128943 0 3 1 3 0 2 1 1 0 2 0 1
-1.3412659172516278e-05 0 3 1 3 0 2 1 1 1 0 0 2
1.3412659172516278e-05 0 3 1 3 0 2 1 1 2 0 0 1
-1.3232952773873482e-05 0 3 1 3 0 2 1 1 3 1 3 2
-0.00026190072222388657 0 3 1 3 0 2 1 1 3 2 3 1
0.00028583066404008886 0 3 1 3 0 2 1 2 0 1 0 1
0.00027513367499776 0 3 1 3 0 2 1 2 3 1 3 1
0.005026543268567547 0 3 1 3 0 2 1 3 0 0 2 0
0.0005766048140933115 0 3 1 3 0 2 1 3 0 0 2 3
0.0006307322109568813 0 3 1 3 0 2 1 3 0 3 2 0
5.940252911802207e-05 0 3 1 3 0 2 1 3 1 1 2 3
-5.958116669076815e-05 0 3 1 3 0 2 1 3 2 1 1 3
-1.7863757274606995e-07 0 3 1 3 0 2 1 3 2 2 2 3
0.0005686943412267271 0 3 1 3 0 2 1 3 3 0 2 0
-0.0006614056877888054 0 3 1 3 0 2 2 0 0 0 1 0
4.498248089033959e-08 0 3 1 3 0 2 2 0 1 1 1 0
5.988459179648801e-05 0 3 1 3 0 2 2 0 1 2 2 0
-5.983960931559767e-05 0 3 1 3 0 2 2 0 2 2 1 0
-0.00028583066404008886 0 3 1 3 0 2 2 1 0 2 0 2
-0.00027513367499776 0 3 1 3 0 2 2 1 3 2 3 2
0.0002726672244128943 0 3 1 3 0 2 2 2 0 1 0 2
1.3163439627194536e-05 0 3 1 3 0 2 2 2 0 2 0 1
-1.3412659172516278e-05 0 3 1 3 0 2 2 2 1 0 0 2
1.3412659172516278e-05 0 3 1 3 0 2 2 2 2 0 0 1
0.00026190072222388657 0 3 1 3 0 2 2 2 3 1 3 2
1.3232952773873482e-05 0 3 1 3 0 2 2 2 3 2 3 1
-0.005026543268567547 0 3 1 3 0 2 2 3 0 0 1 0
-0.0005766048140933115 0 3 1 3 0 2 2 3 0 0 1 3
-0.0006307322109568813 0 3 1 3 0 2 2 3 0 3 1 0
1.7863757274606995e-07 0 3 1 3 0 2 2 3 1 1 1 3
5.958116669076815e-05 0 3 1 3 0 2 2 3 1 2 2 3
-5.940252911802207e-05 0 3 1 3 0 2 2 3 2 2 1 3
-0.0005686943412267271 0 3 1 3 0 2 2 3 3 0 1 0
0.0005308524966300727 0 3 1 3 1 0 1 3 0 0 3 1
6.629972436275405e-05 0 3 1 3 1 0 1 3 1 1 3 1
6.629972436275405e-05 0 3 1 3 1 0 1 3 2 1 3 2
0.0005308524966300727 0 3 1 3 1 0 2 3 0 0 3 2
6.629972436275405e-05 0 3 1 3 1 0 2 3 1 2 3 1
6.629972436275405e-05 0 3 1 3 1 0 2 3 2 2 3 2
0.00011419384319015246 0 3 1 3 1 3 0 1 0 0 3 1
-1.799156513175964e-05 0 3 1 3 1 3 0 1 1 1 3 1
3.076212608776414e-05 0 3 1 3 1 3 0 1 2 1 3 2
-4.8753691219523776e-05 0 3 1 3 1 3 0 1 2 2 3 1
0.00011419384319015246 0 3 1 3 1 3 0 2 0 0 3 2
-4.8753691219523776e-05 0 3 1 3 1 3 0 2 1 1 3 2
3.076212608776414e-05 0 3 1 3 1 3 0 2 1 2 3 1
-1.799156513175964e-05 0 3 1 3 1 3 0 2 2 2 3 2
0.0006442752597706512 0 3 1 3 1 3 1 0 0 0 3 1
5.828976156112443e-05 0 3 1 3 1 3 1 0 1 1 3 1
5.833357899435163e-05 0 3 1 3 1 3 1 0 2 1 3 2
-4.3817433227199155e-08 0 3 1 3 1 3 1 0 2 2 3 1
0.0005575231259105115 0 3 1 3 1 3 1 3 0 0 0 1
0.004896355640562406 0 3 1 3 1 3 1 3 0 0 3 1
0.0006143962269488663 0 3 1 3 1 3 1 3 0 3 3 1
5.716028711737276e-05 0 3 1 3 1 3 1 3 1 1 0 1
5.6988907879347564e-05 0 3 1 3 1 3 1 3 2 1 0 2
1.713792380251941e-07 0 3 1 3 1 3 1 3 2 2 0 1
0.000553965139986736 0 3 1 3 1 3 1 3 3 0 3 1
0.0006442752597706512 0 3 1 3 1 3 2 0 0 0 3 2
-4.3817433227199155e-08 0 3 1 3 1 3 2 0 1 1 3 2
5.833357899435163e-05 0 3 1 3 1 3 2 0 1 2 3 1
5.828976156112443e-05 0 3 1 3 1 3 2 0 2 2 3 2
0.0005575231259105115 0 3 1 3 1 3 2 3 0 0 0 2
0.004896355640562406 0 3 1 3 1 3 2 3 0 0 3 2
0.0006143962269488663 0 3 1 3 1 3 2 3 0 3 3 2
1.713792380251941e-07 0 3 1 3 1 3 2 3 1 1 0 2
5.6988907879347564e-05 0 3 1 3 1 3 2 3 1 2 0 1
5.716028711737276e-05 0 3 1 3 1 3 2 3 2 2 0 2
0.000553965139986736 0 3 1 3 1 3 2 3 3 0 3 2
1.286768104571725e-05 0 3 1 3 2 0 0 0 0 1 2 0
-1.286768104571725e-05 0 3 1 3 2 0 0 0 0 2 1 0
-0.0002754248059523259 0 3 1 3 2 0 0 0 1 0 2 0
0.0002754248059523259 0 3 1 3 2 0 0 0 2 0 1 0
-6.371617659741399e-05 0 3 1 3 2 0 0 0 3 1 2 3
6.371617659741399e-05 0 3 1 3 2 0 0 0 3 2 1 3
-7.153672294738204e-05 0 3 1 3 2 0 0 3 3 1 2 0
7.153672294738204e-05 0 3 1 3 2 0 0 3 3 2 1 0
-1.2628587695299818e-05 0 3 1 3 2 0 1 1 0 1 2 0
-0.00026158831222338407 0 3 1 3 2 0 1 1 0 2 1 0
-1.2867681045716857e-05 0 3 1 3 2 0 1 1 1 0 2 0
1.2867681045716857e-05 0 3 1 3 2 0 1 1 2 0 1 0
-1.1392497045576749e-05 0 3 1 3 2 0 1 1 3 1 2 3
-0.00025581166052620605 0 3 1 3 2 0 1 1 3 2 1 3
0.00027421689991868393 0 3 1 3 2 0 1 2 0 1 1 0
0.0002672041575717828 0 3 1 3 2 0 1 2 3 1 1 3
-0.00027421689991868393 0 3 1 3 2 0 2 1 0 2 2 0
-0.0002672041575717828 0 3 1 3 2 0 2 1 3 2 2 3
0.00026158831222338407 0 3 1 3 2 0 2 2 0 1 2 0
1.2628587695299818e-05 0 3 1 3 2 0 2 2 0 2 1 0
-1.2867681045716857e-05 0 3 1 3 2 0 2 2 1 0 2 0
1.2867681045716857e-05 0 3 1 3 2 0 2 2 2 0 1 0
0.00025581166052620605 0 3 1 3 2 0 2 2 3 1 2 3
1.1392497045576749e-05 0 3 1 3 2 0 2 2 3 2 1 3
-5.5943634798970614e-05 0 3 1 3 2 3 0 0 3 1 2 0
5.5943634798970614e-05 0 3 1 3 2 3 0 0 3 2 1 0
-1.3890503816365704e-05 0 3 1 3 2 3 1 1 3 1 2 0
-0.00029226810012533016 0 3 1 3 2 3 1 1 3 2 1 0
0.00030615860394169587 0 3 1 3 2 3 1 2 3 1 1 0
-0.00030615860394169587 0 3 1 3 2 3 2 1 3 2 2 0
0.00029226810012533016 0 3 1 3 2 3 2 2 3 1 2 0
1.3890503816365704e-05 0 3 1 3 2 3 2 2 3 2 1 0
-5.6916072710021565e-05 0 3 1 3 3 2 0 0 3 1 0 2
5.6916072710021565e-05 0 3 1 3 3 2 0 0 3 2 0 1
-1.353073933269812e-05 0 3 1 3 3 2 1 1 3 1 0 2
-0.0002846983471830205 0 3 1 3 3 2 1 1 3 2 0 1
0.00029822908651571864 0 3 1 3 3 2 1 2 3 1 0 1
0.0005419947675598424 0 3 1 3 3 2 1 3 0 0 2 0
6.360585887897518e-05 0 3 1 3 3 2 1 3 1 1 2 0
-6.360585887897518e-05 0 3 1 3 3 2 1 3 2 1 1 0
-0.00029822908651571864 0 3 1 3 3 2 2 1 3 2 0 2
0.0002846983471830205 0 3 1 3 3 2 2 2 3 1 0 2
1.353073933269812e-05 0 3 1 3 3 2 2 2 3 2 0 1
-0.0005419947675598424 0 3 1 3 3 2 2 3 0 0 1 0
6.360585887897518e-05 0 3 1 3 3 2 2 3 1 2 2 0
-6.360585887897518e-05 0 3 1 3 3 2 2 3 2 2 1 0
0.005238921210132734 0 3 2 0 0 1 0 0 1 0 0 2
0.0006089887021386659 0 3 2 0 0 1 0 0 1 0 3 2
0.0006530759991791369 0 3 2 0 0 1 0 0 1 3 0 2
-0.005238921210132734 0 3 2 0 0 1 0 0 2 0 0 1
-0.0006089887021386659 0 3 2 0 0 1 0 0 2 0 3 1
-0.0006530759991791369 0 3 2 0 0 1 0 0 2 3 0 1
5.939626319911009e-05 0 3 2 0 0 1 0 0 3 1 0 2
-5.939626319911009e-05 0 3 2 0 0 1 0 0 3 2 0 1
-0.00109761022029029 0 3 2 0 0 1 0 1 0 0 2 0
-0.0001901329394972635 0 3 2 0 0 1 0 1 0 0 2 3
-0.00020498588720609971 0 3 2 0 0 1 0 1 0 3 2 0
-0.000134321067451971 0 3 2 0 0 1 0 1 3 0 2 0
0.00109761022029029 0 3 2 0 0 1 0 2 0 0 1 0
0.0001901329394972635 0 3 2 0 0 1 0 2 0 0 1 3
0.00020498588720609971 0 3 2 0 0 1 0 2 0 3 1 0
0.000134321067451971 0 3 2 0 0 1 0 2 3 0 1 0
0.0007022402594247562 0 3 2 0 0 1 0 3 1 0 0 2
-0.0007022402594247562 0 3 2 0 0 1 0 3 2 0 0 1
-0.005034772500385831 0 3 2 0 0 1 1 0 0 0 2 0
-0.0005457670501958542 0 3 2 0 0 1 1 0 0 0 2 3
-0.0002634583468983332 0 3 2 0 0 1 1 0 0 3 2 0
-0.0005377381752864124 0 3 2 0 0 1 1 0 3 0 2 0
-5.691607271002177e-05 0 3 2 0 0 1 1 1 1 0 3 2
-5.9396263199110264e-05 0 3 2 0 0 1 1 1 1 3 0 2
5.691607271002154e-05 0 3 2 0 0 1 1 1 2 0 3 1
5.9396263199110264e-05 0 3 2 0 0 1 1 1 2 3 0 1
2.930012455194934e-05 0 3 2 0 0 1 1 1 3 1 0 2
-2.930012455194934e-05 0 3 2 0 0 1 1 1 3 2 0 1
39.660735854085615 0 3 2 0 0 1 1 3 0 0 2 0
-0.00504948249382634 0 3 2 0 0 1 1 3 0 0 2 3
-0.005026543268567547 0 3 2 0 0 1 1 3 0 3 2 0
-0.0005449671632168606 0 3 2 0 0 1 1 3 0 3 2 3
6.762311490304237e-06 0 3 2 0 0 1 1 3 1 1 2 0
6.762311490304237e-06 0 3 2 0 0 1 1 3 2 2 2 0
-0.005026543268567536 0 3 2 0 0 1 1 3 3 0 2 0
-0.0008166290109346496 0 3 2 0 0 1 1 3 3 0 2 3
-0.0005376754063616503 0 3 2 0 0 1 1 3 3 3 2 0
0.005034772500385831 0 3 2 0 0 1 2 0 0 0 1 0
0.0005457670501958542 0 3 2 0 0 1 2 0 0 0 1 3
0.0002634583468983332 0 3 2 0 0 1 2 0 0 3 1 0
0.0005377381752864124 0 3 2 0 0 1 2 0 3 0 1 0
-5.691607271002154e-05 0 3 2 0 0 1 2 2 1 0 3 2
-5.9396263199110264e-05 0 3 2 0 0 1 2 2 1 3 0 2
5.691607271002177e-05 0 3 2 0 0 1 2 2 2 0 3 1
5.9396263199110264e-05 0 3 2 0 0 1 2 2 2 3 0 1
2.930012455194934e-05 0 3 2 0 0 1 2 2 3 1 0 2
-2.930012455194934e-05 0 3 2 0 0 1 2 2 3 2 0 1
-39.660735854085615 0 3 2 0 0 1 2 3 0 0 1 0
0.00504948249382634 0 3 2 0 0 1 2 3 0 0 1 3
0.005026543268567547 0 3 2 0 0 1 2 3 0 3 1 0
0.0005449671632168606 0 3 2 0 0 1 2 3 0 3 1 3
-6.762311490304237e-06 0 3 2 0 0 1 2 3 1 1 1 0
-6.762311490304237e-06 0 3 2 0 0 1 2 3 2 2 1 0
0.005026543268567536 0 3 2 0 0 1 2 3 3 0 1 0
0.0008166290109346496 0 3 2 0 0 1 2 3 3 0 1 3
0.0005376754063616503 0 3 2 0 0 1 2 3 3 3 1 0
0.0005913515022361873 0 3 2 0 0 1 3 0 1 0 0 2
-0.0005913515022361873 0 3 2 0 0 1 3 0 2 0 0 1
-0.00012389448640362554 0 3 2 0 0 1 3 1 0 0 2 0
0.00012389448640362554 0 3 2 0 0 1 3 2 0 0 1 0
-0.0002994269290253222 0 3 2 0 0 2 1 3 0 0 1 0
-0.00029942692902532226 0 3 2 0 0 2 2 3 0 0 2 0
0.005026055332395511 0 3 2 0 1 0 0 0 1 0 2 0
0.0005894133641377744 0 3 2 0 1 0 0 0 1 0 2 3
0.0006265404606172087 0 3 2 0 1 0 0 0 1 3 2 0
-0.005026055332395511 0 3 2 0 1 0 0 0 2 0 1 0
-0.0005894133641377744 0 3 2 0 1 0 0 0 2 0 1 3
-0.0006265404606172087 0 3 2 0 1 0 0 0 2 3 1 0
5.6982896554897974e-05 0 3 2 0 1 0 0 0 3 1 2 0
-5.6982896554897974e-05 0 3 2 0 1 0 0 0 3 2 1 0
0.0006760990145128623 0 3 2 0 1 0 0 3 1 0 2 0
-0.0006760990145128623 0 3 2 0 1 0 0 3 2 0 1 0
-5.594363479897082e-05 0 3 2 0 1 0 1 1 1 0 2 3
-5.698289655489814e-05 0 3 2 0 1 0 1 1 1 3 2 0
5.5943634798970574e-05 0 3 2 0 1 0 1 1 2 0 1 3
5.698289655489814e-05 0 3 2 0 1 0 1 1 2 3 1 0
2.8109612902623993e-05 0 3 2 0 1 0 1 1 3 1 2 0
-2.8109612902623993e-05 0 3 2 0 1 0 1 1 3 2 1 0
-5.5943634798970574e-05 0 3 2 0 1 0 2 2 1 0 2 3
-5.698289655489814e-05 0 3 2 0 1 0 2 2 1 3 2 0
5.594363479897082e-05 0 3 2 0 1 0 2 2 2 0 1 3
5.698289655489814e-05 0 3 2 0 1 0 2 2 2 3 1 0
2.8109612902623993e-05 0 3 2 0 1 0 2 2 3 1 2 0
-2.8109612902623993e-05 0 3 2 0 1 0 2 2 3 2 1 0
0.0005673239302369622 0 3 2 0 1 0 3 0 1 0 2 0
-0.0005673239302369622 0 3 2 0 1 0 3 0 2 0 1 0
0.0005570181568250131 0 3 2 0 1 3 0 0 1 0 2 0
-0.0005570181568250131 0 3 2 0 1 3 0 0 2 0 1 0
-6.371617659741418e-05 0 3 2 0 1 3 1 1 1 0 2 0
6.371617659741396e-05 0 3 2 0 1 3 1 1 2 0 1 0
0.00029930226193481145 0 3 2 0 1 3 1 3 0 0 3 2
-6.371617659741396e-05 0 3 2 0 1 3 2 2 1 0 2 0
6.371617659741418e-05 0 3 2 0 1 3 2 2 2 0 1 0
-0.00029930226193481145 0 3 2 0 1 3 2 3 0 0 3 1
0.00017398953260120727 0 3 2 0 2 0 0 1 0 0 3 1
0.00017398953260120727 0 3 2 0 2 0 0 2 0 0 3 2
0.0005615891315053046 0 3 2 0 2 0 1 0 0 0 3 1
0.0009793135806377715 0 3 2 0 2 0 1 3 0 0 0 1
0.004918700739168913 0 3 2 0 2 0 1 3 0 0 3 1
0.000561670731358449 0 3 2 0 2 0 1 3 0 3 3 1
0.0008657896461007632 0 3 2 0 2 0 1 3 3 0 3 1
0.0005615891315053046 0 3 2 0 2 0 2 0 0 0 3 2
0.0009793135806377715 0 3 2 0 2 0 2 3 0 0 0 2
0.004918700739168913 0 3 2 0 2 0 2 3 0 0 3 2
0.000561670731358449 0 3 2 0 2 0 2 3 0 3 3 2
0.0008657896461007632 0 3 2 0 2 0 2 3 3 0 3 2
0.00018666494083160743 0 3 2 0 2 3 0 1 0 0 0 1
0.0010691820812255462 0 3 2 0 2 3 0 1 0 0 3 1
0.00020325434825793404 0 3 2 0 2 3 0 1 0 3 3 1
0.00013135506820007012 0 3 2 0 2 3 0 1 3 0 3 1
0.00018666494083160743 0 3 2 0 2 3 0 2 0 0 0 2
0.0010691820812255462 0 3 2 0 2 3 0 2 0 0 3 2
0.00020325434825793404 0 3 2 0 2 3 0 2 0 3 3 2
0.00013135506820007012 0 3 2 0 2 3 0 2 3 0 3 2
0.0005271531865256706 0 3 2 0 2 3 1 0 0 0 0 1
0.00490437173501899 0 3 2 0 2 3 1 0 0 0 3 1
0.00025663476746645367 0 3 2 0 2 3 1 0 0 3 3 1
0.000523810739713317 0 3 2 0 2 3 1 0 3 0 3 1
0.00498210651910712 0 3 2 0 2 3 1 3 0 0 0 1
-38.63352795517986 0 3 2 0 2 3 1 3 0 0 3 1
0.0005279570861136182 0 3 2 0 2 3 1 3 0 3 0 1
0.004896355640562406 0 3 2 0 2 3 1 3 0 3 3 1
-6.5871674110202024e-06 0 3 2 0 2 3 1 3 1 1 3 1
-6.5871674110202024e-06 0 3 2 0 2 3 1 3 2 2 3 1
0.0007909392375472239 0 3 2 0 2 3 1 3 3 0 0 1
0.004896355640562395 0 3 2 0 2 3 1 3 3 0 3 1
0.000523749596505671 0 3 2 0 2 3 1 3 3 3 3 1
0.0005271531865256706 0 3 2 0 2 3 2 0 0 0 0 2
0.00490437173501899 0 3 2 0 2 3 2 0 0 0 3 2
0.00025663476746645367 0 3 2 0 2 3 2 0 0 3 3 2
0.000523810739713317 0 3 2 0 2 3 2 0 3 0 3 2
0.00498210651910712 0 3 2 0 2 3 2 3 0 0 0 2
-38.63352795517986 0 3 2 0 2 3 2 3 0 0 3 2
0.0005279570861136182 0 3 2 0 2 3 2 3 0 3 0 2
0.004896355640562406 0 3 2 0 2 3 2 3 0 3 3 2
-6.5871674110202024e-06 0 3 2 0 2 3 2 3 1 1 3 2
-6.5871674110202024e-06 0 3 2 0 2 3 2 3 2 2 3 2
0.0007909392375472239 0 3 2 0 2 3 2 3 3 0 0 2
0.004896355640562395 0 3 2 0 2 3 2 3 3 0 3 2
0.000523749596505671 0 3 2 0 2 3 2 3 3 3 3 2
0.00012068561532741984 0 3 2 0 2 3 3 1 0 0 3 1
0.00012068561532741984 0 3 2 0 2 3 3 2 0 0 3 2
0.0005755207409747354 0 3 2 0 3 1 0 0 1 0 0 2
-0.0005755207409747354 0 3 2 0 3 1 0 0 2 0 0 1
-0.00017616721934467398 0 3 2 0 3 1 0 1 0 0 2 0
0.00017616721934467398 0 3 2 0 3 1 0 2 0 0 1 0
-0.0005722543355820574 0 3 2 0 3 1 1 0 0 0 2 0
-6.206592562899115e-05 0 3 2 0 3 1 1 1 1 0 0 2
6.20659256289909e-05 0 3 2 0 3 1 1 1 2 0 0 1
-0.005114574149688995 0 3 2 0 3 1 1 3 0 0 2 0
-0.0009868364953049024 0 3 2 0 3 1 1 3 0 0 2 3
-0.0005723469292958319 0 3 2 0 3 1 1 3 0 3 2 0
-0.0008641089985872345 0 3 2 0 3 1 1 3 3 0 2 0
0.0005722543355820574 0 3 2 0 3 1 2 0 0 0 1 0
-6.20659256289909e-05 0 3 2 0 3 1 2 2 1 0 0 2
6.206592562899115e-05 0 3 2 0 3 1 2 2 2 0 0 1
0.005114574149688995 0 3 2 0 3 1 2 3 0 0 1 0
0.0009868364953049024 0 3 2 0 3 1 2 3 0 0 1 3
0.0005723469292958319 0 3 2 0 3 1 2 3 0 3 1 0
0.0008641089985872345 0 3 2 0 3 1 2 3 3 0 1 0
0.005136467192680711 0 3 2 1 0 0 0 0 1 2 0 0
0.0005881658865999236 0 3 2 1 0 0 0 0 1 2 0 3
0.0005838129965874887 0 3 2 1 0 0 0 0 1 2 3 0
-0.005136467192680711 0 3 2 1 0 0 0 0 2 1 0 0
-0.0005881658865999236 0 3 2 1 0 0 0 0 2 1 0 3
-0.0005838129965874887 0 3 2 1 0 0 0 0 2 1 3 0
0.0014488506628091572 0 3 2 1 0 0 0 3 1 2 0 0
-0.0014488506628091572 0 3 2 1 0 0 0 3 2 1 0 0
0.0003127360883538721 0 3 2 1 0 0 1 2 3 0 0 0
-6.897195244731969e-06 0 3 2 1 0 0 1 3 1 0 2 1
-6.897195244731969e-06 0 3 2 1 0 0 1 3 2 0 2 2
-0.0003127360883538721 0 3 2 1 0 0 2 1 3 0 0 0
6.897195244731969e-06 0 3 2 1 0 0 2 3 1 0 1 1
6.897195244731969e-06 0 3 2 1 0 0 2 3 2 0 1 2
0.0004541446321512933 0 3 2 1 0 0 3 0 1 2 0 0
-0.0004541446321512933 0 3 2 1 0 0 3 0 2 1 0 0
0.0005567907086094365 0 3 2 1 0 3 0 0 1 2 0 0
-0.0005567907086094365 0 3 2 1 0 3 0 0 2 1 0 0
3.223039939758227e-07 0 3 2 1 0 3 0 1 1 0 2 1
-0.0006964661414287642 0 3 2 1 0 3 0 1 2 0 1 1
-0.0006961438374347883 0 3 2 1 0 3 0 1 2 0 2 2
0.0006961438374347883 0 3 2 1 0 3 0 2 1 0 1 1
0.0006964661414287642 0 3 2 1 0 3 0 2 1 0 2 2
-3.223039939758227e-07 0 3 2 1 0 3 0 2 2 0 1 2
-1.748590920878523e-07 0 3 2 1 0 3 1 0 1 0 2 1
5.8320926291873544e-05 0 3 2 1 0 3 1 0 2 0 1 1
5.81460671997857e-05 0 3 2 1 0 3 1 0 2 0 2 2
-1.7514407928403536e-07 0 3 2 1 0 3 1 3 1 3 2 1
5.841597835387518e-05 0 3 2 1 0 3 1 3 2 3 1 1
5.824083427459114e-05 0 3 2 1 0 3 1 3 2 3 2 2
-5.81460671997857e-05 0 3 2 1 0 3 2 0 1 0 1 1
-5.8320926291873544e-05 0 3 2 1 0 3 2 0 1 0 2 2
1.748590920878523e-07 0 3 2 1 0 3 2 0 2 0 1 2
-5.824083427459114e-05 0 3 2 1 0 3 2 3 1 3 1 1
-5.841597835387518e-05 0 3 2 1 0 3 2 3 1 3 2 2
1.7514407928403536e-07 0 3 2 1 0 3 2 3 2 3 1 2
-0.0006485091902378808 0 3 2 1 1 1 0 1 2 0 3 0
0.0006485091902378808 0 3 2 1 1 1 0 2 1 0 3 0
6.489737533674098e-05 0 3 2 1 1 1 1 0 2 0 3 0
3.102492894393583e-05 0 3 2 1 1 1 1 1 3 0 1 2
3.102492894393582e-05 0 3 2 1 1 1 1 1 3 0 2 1
-6.204985788787165e-05 0 3 2 1 1 1 1 2 3 0 1 1
-6.7185576719859e-06 0 3 2 1 1 1 1 3 2 0 3 3
6.500314576489538e-05 0 3 2 1 1 1 1 3 2 3 3 0
-6.489737533674098e-05 0 3 2 1 1 1 2 0 1 0 3 0
6.204985788787165e-05 0 3 2 1 1 1 2 1 3 0 2 2
-3.102492894393582e-05 0 3 2 1 1 1 2 2 3 0 1 2
-3.102492894393583e-05 0 3 2 1 1 1 2 2 3 0 2 1
6.7185576719859e-06 0 3 2 1 1 1 2 3 1 0 3 3
-6.500314576489538e-05 0 3 2 1 1 1 2 3 1 3 3 0
1.7369404442467576e-07 0 3 2 1 2 1 0 1 0 1 3 0
1.7369404442467576e-07 0 3 2 1 2 1 0 2 0 2 3 0
3.0352161735989378e-05 0 3 2 1 2 1 1 3 0 1 0 0
-3.081823472837637e-05 0 3 2 1 2 1 1 3 0 1 3 3
3.0352161735989378e-05 0 3 2 1 2 1 2 3 0 2 0 0
-3.081823472837637e-05 0 3 2 1 2 1 2 3 0 2 3 3
-0.0006477124502092405 0 3 2 1 2 2 0 1 2 0 3 0
0.0006477124502092405 0 3 2 1 2 2 0 2 1 0 3 0
6.489737533674098e-05 0 3 2 1 2 2 1 0 2 0 3 0
-6.616950999627608e-06 0 3 2 1 2 2 1 3 2 0 0 0
6.500314576489538e-05 0 3 2 1 2 2 1 3 2 3 3 0
-6.489737533674098e-05 0 3 2 1 2 2 2 0 1 0 3 0
6.616950999627608e-06 0 3 2 1 2 2 2 3 1 0 0 0
-6.500314576489538e-05 0 3 2 1 2 2 2 3 1 3 3 0
0.0005521002881515296 0 3 2 1 3 0 0 0 1 2 0 0
-0.0005521002881515296 0 3 2 1 3 0 0 0 2 1 0 0
6.445571761602415e-06 0 3 2 1 3 3 1 3 1 0 2 1
-6.445571761602415e-06 0 3 2 1 3 3 1 3 2 0 1 1
6.445571761602415e-06 0 3 2 1 3 3 2 3 1 0 2 2
-6.445571761602415e-06 0 3 2 1 3 3 2 3 2 0 1 2
0.009436790617845135 0 3 2 2 0 0 0 0 0 0 0 0
0.0010231168296188013 0 3 2 2 0 0 0 0 0 0 0 3
0.0010175364786798025 0 3 2 2 0 0 0 0 0 0 3 0
0.0010357280596586572 0 3 2 2 0 0 0 0 0 3 0 0
-74.4514193076277 0 3 2 2 0 0 0 0 3 0 0 0
0.009479856528976665 0 3 2 2 0 0 0 0 3 0 0 3
0.009602059063506875 0 3 2 2 0 0 0 0 3 0 3 0
-0.0006796449506807822 0 3 2 2 0 0 0 0 3 0 3 3
0.009436790617845156 0 3 2 2 0 0 0 0 3 3 0 0
0.0010231168296188022 0 3 2 2 0 0 0 0 3 3 0 3
0.0010175364786798025 0 3 2 2 0 0 0 0 3 3 3 0
0.0005321793557797446 0 3 2 2 0 0 0 3 0 0 0 0
0.007317767868601451 0 3 2 2 0 0 0 3 3 0 0 0
0.0007802046737957794 0 3 2 2 0 0 0 3 3 0 0 3
0.0007733821134310774 0 3 2 2 0 0 0 3 3 0 3 0
-0.001366977391423595 0 3 2 2 0 0 0 3 3 3 0 0
0.004655160536726695 0 3 2 2 0 0 1 1 0 0 0 0
0.0005047026348868955 0 3 2 2 0 0 1 1 0 0 0 3
0.0005019498526620585 0 3 2 2 0 0 1 1 0 0 3 0
0.0007523784703668576 0 3 2 2 0 0 1 1 0 3 0 0
-36.730428344875655 0 3 2 2 0 0 1 1 3 0 0 0
0.0046764049129236806 0 3 2 2 0 0 1 1 3 0 0 3
0.004736687316048877 0 3 2 2 0 0 1 1 3 0 3 0
0.00026899925911705986 0 3 2 2 0 0 1 1 3 0 3 3
0.004655160536726706 0 3 2 2 0 0 1 1 3 3 0 0
0.000504702634886896 0 3 2 2 0 0 1 1 3 3 0 3
0.0005019498526620585 0 3 2 2 0 0 1 1 3 3 3 0
-3.163765087645098e-05 0 3 2 2 0 0 1 3 0 1 2 2
3.163765087645098e-05 0 3 2 2 0 0 1 3 0 2 2 1
0.004655160536726695 0 3 2 2 0 0 2 2 0 0 0 0
0.0005047026348868955 0 3 2 2 0 0 2 2 0 0 0 3
0.0005019498526620585 0 3 2 2 0 0 2 2 0 0 3 0
0.0007523784703668576 0 3 2 2 0 0 2 2 0 3 0 0
-36.730428344875655 0 3 2 2 0 0 2 2 3 0 0 0
0.0046764049129236806 0 3 2 2 0 0 2 2 3 0 0 3
0.004736687316048877 0 3 2 2 0 0 2 2 3 0 3 0
0.00026899925911705986 0 3 2 2 0 0 2 2 3 0 3 3
0.004655160536726706 0 3 2 2 0 0 2 2 3 3 0 0
0.000504702634886896 0 3 2 2 0 0 2 2 3 3 0 3
0.0005019498526620585 0 3 2 2 0 0 2 2 3 3 3 0
3.163765087645098e-05 0 3 2 2 0 0 2 3 0 1 1 2
-3.163765087645098e-05 0 3 2 2 0 0 2 3 0 2 1 1
-0.0005755163086097036 0 3 2 2 0 0 3 0 0 0 0 0
0.011586712350133643 0 3 2 2 0 0 3 0 3 0 0 0
0.001269032387794239 0 3 2 2 0 0 3 0 3 0 0 3
0.001258592118000033 0 3 2 2 0 0 3 0 3 0 3 0
0.0013236404385936337 0 3 2 2 0 0 3 0 3 3 0 0
0.0010351061702788267 0 3 2 2 0 0 3 3 3 0 0 0
0.0010825130928179111 0 3 2 2 0 3 0 0 0 0 0 0
0.009479856528976663 0 3 2 2 0 3 0 0 3 0 0 0
0.0012171511760355857 0 3 2 2 0 3 0 0 3 0 0 3
0.0012075689223960628 0 3 2 2 0 3 0 0 3 0 3 0
0.001082513092817912 0 3 2 2 0 3 0 0 3 3 0 0
0.0019027786376386705 0 3 2 2 0 3 0 1 0 1 1 1
0.0019013002191111857 0 3 2 2 0 3 0 1 0 1 2 2
1.478418527484944e-06 0 3 2 2 0 3 0 1 0 2 2 1
1.478418527484944e-06 0 3 2 2 0 3 0 2 0 1 1 2
0.0019013002191111857 0 3 2 2 0 3 0 2 0 2 1 1
0.0019027786376386705 0 3 2 2 0 3 0 2 0 2 2 2
0.0008509800041294464 0 3 2 2 0 3 0 3 3 0 0 0
0.00026751991778436443 0 3 2 2 0 3 1 0 0 1 1 1
0.00026671783364555843 0 3 2 2 0 3 1 0 0 1 2 2
8.020841388060735e-07 0 3 2 2 0 3 1 0 0 2 2 1
0.0005340027594388447 0 3 2 2 0 3 1 1 0 0 0 0
0.00467640491292368 0 3 2 2 0 3 1 1 3 0 0 0
0.0006004196078269213 0 3 2 2 0 3 1 1 3 0 0 3
0.0006246524584713404 0 3 2 2 0 3 1 1 3 0 3 0
0.0005340027594388451 0 3 2 2 0 3 1 1 3 3 0 0
0.00026795592457351666 0 3 2 2 0 3 1 3 3 1 1 1
0.00026715253318950475 0 3 2 2 0 3 1 3 3 1 2 2
8.033913840119238e-07 0 3 2 2 0 3 1 3 3 2 2 1
8.020841388060735e-07 0 3 2 2 0 3 2 0 0 1 1 2
0.00026671783364555843 0 3 2 2 0 3 2 0 0 2 1 1
0.00026751991778436443 0 3 2 2 0 3 2 0 0 2 2 2
0.0005340027594388447 0 3 2 2 0 3 2 2 0 0 0 0
0.00467640491292368 0 3 2 2 0 3 2 2 3 0 0 0
0.0006004196078269213 0 3 2 2 0 3 2 2 3 0 0 3
0.0006246524584713404 0 3 2 2 0 3 2 2 3 0 3 0
0.0005340027594388451 0 3 2 2 0 3 2 2 3 3 0 0
8.033913840119238e-07 0 3 2 2 0 3 2 3 3 1 1 2
0.00026715253318950475 0 3 2 2 0 3 2 3 3 2 1 1
0.00026795592457351666 0 3 2 2 0 3 2 3 3 2 2 2
0.0013137316452328165 0 3 2 2 0 3 3 0 3 0 0 0
0.0018135444385264645 0 3 2 2 1 1 0 1 0 1 3 0
0.0018135444385264645 0 3 2 2 1 1 0 2 0 2 3 0
0.000297686295783768 0 3 2 2 1 1 1 0 0 1 3 0
-3.0352161735989378e-05 0 3 2 2 1 1 1 3 0 1 0 0
0.00029817146805458154 0 3 2 2 1 1 1 3 3 1 3 0
0.000297686295783768 0 3 2 2 1 1 2 0 0 2 3 0
-3.0352161735989378e-05 0 3 2 2 1 1 2 3 0 2 0 0
0.00029817146805458154 0 3 2 2 1 1 2 3 3 2 3 0
-0.0017614317708504398 0 3 2 2 1 2 0 0 3 0 1 2
0.0017614317708504398 0 3 2 2 1 2 0 0 3 0 2 1
-0.0003252858214528369 0 3 2 2 1 2 1 1 3 0 1 2
0.0003563107503967727 0 3 2 2 1 2 1 1 3 0 2 1
-3.102492894393582e-05 0 3 2 2 1 2 1 2 3 0 1 1
3.102492894393582e-05 0 3 2 2 1 2 2 1 3 0 2 2
-0.0003563107503967727 0 3 2 2 1 2 2 2 3 0 1 2
0.0003252858214528369 0 3 2 2 1 2 2 2 3 0 2 1
0.0017614317708504396 0 3 2 2 2 1 0 0 3 0 1 2
-0.0017614317708504396 0 3 2 2 2 1 0 0 3 0 2 1
-7.967400286404599e-07 0 3 2 2 2 1 0 1 2 0 3 0
7.967400286404599e-07 0 3 2 2 2 1 0 2 1 0 3 0
0.0003563107503967727 0 3 2 2 2 1 1 1 3 0 1 2
-0.0003252858214528369 0 3 2 2 2 1 1 1 3 0 2 1
-3.102492894393583e-05 0 3 2 2 2 1 1 2 3 0 1 1
6.616950999627608e-06 0 3 2 2 2 1 1 3 2 0 0 0
-6.7185576719859e-06 0 3 2 2 2 1 1 3 2 0 3 3
3.102492894393583e-05 0 3 2 2 2 1 2 1 3 0 2 2
0.0003252858214528369 0 3 2 2 2 1 2 2 3 0 1 2
-0.0003563107503967727 0 3 2 2 2 1 2 2 3 0 2 1
-6.616950999627608e-06 0 3 2 2 2 1 2 3 1 0 0 0
6.7185576719859e-06 0 3 2 2 2 1 2 3 1 0 3 3
0.0018137181325708893 0 3 2 2 2 2 0 1 0 1 3 0
0.0018137181325708893 0 3 2 2 2 2 0 2 0 2 3 0
0.000297686295783768 0 3 2 2 2 2 1 0 0 1 3 0
-3.081823472837637e-05 0 3 2 2 2 2 1 3 0 1 3 3
0.00029817146805458154 0 3 2 2 2 2 1 3 3 1 3 0
0.000297686295783768 0 3 2 2 2 2 2 0 0 2 3 0
-3.081823472837637e-05 0 3 2 2 2 2 2 3 0 2 3 3
0.00029817146805458154 0 3 2 2 2 2 2 3 3 2 3 0
0.0010745193752347002 0 3 2 2 3 0 0 0 0 0 0 0
0.009602059063506871 0 3 2 2 3 0 0 0 3 0 0 0
0.0012075689223960628 0 3 2 2 3 0 0 0 3 0 0 3
0.0012009688138674398 0 3 2 2 3 0 0 0 3 0 3 0
0.0010745193752347006 0 3 2 2 3 0 0 0 3 3 0 0
0.0008449188363784596 0 3 2 2 3 0 0 3 3 0 0 0
0.0005300594655646823 0 3 2 2 3 0 1 1 0 0 0 0
0.004736687316048875 0 3 2 2 3 0 1 1 3 0 0 0
0.0006231717672267111 0 3 2 2 3 0 1 1 3 0 0 3
0.0005924368627595761 0 3 2 2 3 0 1 1 3 0 3 0
0.0005300594655646826 0 3 2 2 3 0 1 1 3 3 0 0
0.0005300594655646823 0 3 2 2 3 0 2 2 0 0 0 0
0.004736687316048875 0 3 2 2 3 0 2 2 3 0 0 0
0.0006231717672267111 0 3 2 2 3 0 2 2 3 0 0 3
0.0005924368627595761 0 3 2 2 3 0 2 2 3 0 3 0
0.0005300594655646826 0 3 2 2 3 0 2 2 3 3 0 0
0.001303772244751291 0 3 2 2 3 0 3 0 3 0 0 0
-0.0004410031409453847 0 3 2 2 3 3 0 0 3 0 0 0
0.00026899925911705986 0 3 2 2 3 3 1 1 3 0 0 0
-2.9566039796893257e-05 0 3 2 2 3 3 1 3 0 1 1 1
-2.9566039796893257e-05 0 3 2 2 3 3 1 3 0 2 2 1
0.00026899925911705986 0 3 2 2 3 3 2 2 3 0 0 0
-2.9566039796893257e-05 0 3 2 2 3 3 2 3 0 1 1 2
-2.9566039796893257e-05 0 3 2 2 3 3 2 3 0 2 2 2
-1.3412659172516688e-05 0 3 2 3 0 1 0 0 0 1 0 2
1.3412659172516688e-05 0 3 2 3 0 1 0 0 0 2 0 1
0.0002870897278826029 0 3 2 3 0 1 0 0 1 0 0 2
-0.0002870897278826029 0 3 2 3 0 1 0 0 2 0 0 1
6.206592562899095e-05 0 3 2 3 0 1 0 0 3 1 3 2
-6.206592562899095e-05 0 3 2 3 0 1 0 0 3 2 3 1
-0.00011723010662137843 0 3 2 3 0 1 0 1 0 0 2 0
1.766926113778382e-05 0 3 2 3 0 1 0 1 1 1 2 0
2.9965386059123677e-05 0 3 2 3 0 1 0 1 2 1 1 0
4.76346471969075e-05 0 3 2 3 0 1 0 1 2 2 2 0
0.00011723010662137843 0 3 2 3 0 1 0 2 0 0 1 0
-4.76346471969075e-05 0 3 2 3 0 1 0 2 1 1 1 0
-2.9965386059123677e-05 0 3 2 3 0 1 0 2 1 2 2 0
-1.766926113778382e-05 0 3 2 3 0 1 0 2 2 2 1 0
7.077533033366672e-05 0 3 2 3 0 1 0 3 3 1 0 2
-7.077533033366672e-05 0 3 2 3 0 1 0 3 3 2 0 1
-0.0006614056877888054 0 3 2 3 0 1 1 0 0 0 2 0
-5.983960931559767e-05 0 3 2 3 0 1 1 0 1 1 2 0
5.988459179648801e-05 0 3 2 3 0 1 1 0 2 1 1 0
4.498248089033959e-08 0 3 2 3 0 1 1 0 2 2 2 0
1.3163439627194536e-05 0 3 2 3 0 1 1 1 0 1 0 2
0.0002726672244128943 0 3 2 3 0 1 1 1 0 2 0 1
1.3412659172516278e-05 0 3 2 3 0 1 1 1 1 0 0 2
-1.3412659172516278e-05 0 3 2 3 0 1 1 1 2 0 0 1
1.3232952773873482e-05 0 3 2 3 0 1 1 1 3 1 3 2
0.00026190072222388657 0 3 2 3 0 1 1 1 3 2 3 1
-0.00028583066404008886 0 3 2 3 0 1 1 2 0 1 0 1
-0.00027513367499776 0 3 2 3 0 1 1 2 3 1 3 1
-0.005026543268567547 0 3 2 3 0 1 1 3 0 0 2 0
-0.0005766048140933115 0 3 2 3 0 1 1 3 0 0 2 3
-0.0006307322109568813 0 3 2 3 0 1 1 3 0 3 2 0
-5.940252911802207e-05 0 3 2 3 0 1 1 3 1 1 2 3
5.958116669076815e-05 0 3 2 3 0 1 1 3 2 1 1 3
1.7863757274606995e-07 0 3 2 3 0 1 1 3 2 2 2 3
-0.0005686943412267271 0 3 2 3 0 1 1 3 3 0 2 0
0.0006614056877888054 0 3 2 3 0 1 2 0 0 0 1 0
-4.498248089033959e-08 0 3 2 3 0 1 2 0 1 1 1 0
-5.988459179648801e-05 0 3 2 3 0 1 2 0 1 2 2 0
5.983960931559767e-05 0 3 2 3 0 1 2 0 2 2 1 0
0.00028583066404008886 0 3 2 3 0 1 2 1 0 2 0 2
0.00027513367499776 0 3 2 3 0 1 2 1 3 2 3 2
-0.0002726672244128943 0 3 2 3 0 1 2 2 0 1 0 2
-1.3163439627194536e-05 0 3 2 3 0 1 2 2 0 2 0 1
1.3412659172516278e-05 0 3 2 3 0 1 2 2 1 0 0 2
-1.3412659172516278e-05 0 3 2 3 0 1 2 2 2 0 0 1
-0.00026190072222388657 0 3 2 3 0 1 2 2 3 1 3 2
-1.3232952773873482e-05 0 3 2 3 0 1 2 2 3 2 3 1
0.005026543268567547 0 3 2 3 0 1 2 3 0 0 1 0
0.0005766048140933115 0 3 2 3 0 1 2 3 0 0 1 3
0.0006307322109568813 0 3 2 3 0 1 2 3 0 3 1 0
-1.7863757274606995e-07 0 3 2 3 0 1 2 3 1 1 1 3
-5.958116669076815e-05 0 3 2 3 0 1 2 3 1 2 2 3
5.940252911802207e-05 0 3 2 3 0 1 2 3 2 2 1 3
0.0005686943412267271 0 3 2 3 0 1 2 3 3 0 1 0
-1.286768104571725e-05 0 3 2 3 1 0 0 0 0 1 2 0
1.286768104571725e-05 0 3 2 3 1 0 0 0 0 2 1 0
0.0002754248059523259 0 3 2 3 1 0 0 0 1 0 2 0
-0.0002754248059523259 0 3 2 3 1 0 0 0 2 0 1 0
6.371617659741399e-05 0 3 2 3 1 0 0 0 3 1 2 3
-6.371617659741399e-05 0 3 2 3 1 0 0 0 3 2 1 3
7.153672294738204e-05 0 3 2 3 1 0 0 3 3 1 2 0
-7.153672294738204e-05 0 3 2 3 1 0 0 3 3 2 1 0
1.2628587695299818e-05 0 3 2 3 1 0 1 1 0 1 2 0
0.00026158831222338407 0 3 2 3 1 0 1 1 0 2 1 0
1.2867681045716857e-05 0 3 2 3 1 0 1 1 1 0 2 0
-1.2867681045716857e-05 0 3 2 3 1 0 1 1 2 0 1 0
1.1392497045576749e-05 0 3 2 3 1 0 1 1 3 1 2 3
0.00025581166052620605 0 3 2 3 1 0 1 1 3 2 1 3
-0.00027421689991868393 0 3 2 3 1 0 1 2 0 1 1 0
-0.0002672041575717828 0 3 2 3 1 0 1 2 3 1 1 3
0.00027421689991868393 0 3 2 3 1 0 2 1 0 2 2 0
0.0002672041575717828 0 3 2 3 1 0 2 1 3 2 2 3
-0.00026158831222338407 0 3 2 3 1 0 2 2 0 1 2 0
-1.2628587695299818e-05 0 3 2 3 1 0 2 2 0 2 1 0
1.2867681045716857e-05 0 3 2 3 1 0 2 2 1 0 2 0
-1.2867681045716857e-05 0 3 2 3 1 0 2 2 2 0 1 0
-0.00025581166052620605 0 3 2 3 1 0 2 2 3 1 2 3
-1.1392497045576749e-05 0 3 2 3 1 0 2 2 3 2 1 3
5.5943634798970614e-05 0 3 2 3 1 3 0 0 3 1 2 0
-5.5943634798970614e-05 0 3 2 3 1 3 0 0 3 2 1 0
1.3890503816365704e-05 0 3 2 3 1 3 1 1 3 1 2 0
0.00029226810012533016 0 3 2 3 1 3 1 1 3 2 1 0
-0.00030615860394169587 0 3 2 3 1 3 1 2 3 1 1 0
0.00030615860394169587 0 3 2 3 1 3 2 1 3 2 2 0
-0.00029226810012533016 0 3 2 3 1 3 2 2 3 1 2 0
-1.3890503816365704e-05 0 3 2 3 1 3 2 2 3 2 1 0
0.0005308524966300727 0 3 2 3 2 0 1 3 0 0 3 1
6.629972436275405e-05 0 3 2 3 2 0 1 3 1 1 3 1
6.629972436275405e-05 0 3 2 3 2 0 1 3 2 1 3 2
0.0005308524966300727 0 3 2 3 2 0 2 3 0 0 3 2
6.629972436275405e-05 0 3 2 3 2 0 2 3 1 2 3 1
6.629972436275405e-05 0 3 2 3 2 0 2 3 2 2 3 2
0.00011419384319015246 0 3 2 3 2 3 0 1 0 0 3 1
-1.799156513175964e-05 0 3 2 3 2 3 0 1 1 1 3 1
3.076212608776414e-05 0 3 2 3 2 3 0 1 2 1 3 2
-4.8753691219523776e-05 0 3 2 3 2 3 0 1 2 2 3 1
0.00011419384319015246 0 3 2 3 2 3 0 2 0 0 3 2
-4.8753691219523776e-05 0 3 2 3 2 3 0 2 1 1 3 2
3.076212608776414e-05 0 3 2 3 2 3 0 2 1 2 3 1
-1.799156513175964e-05 0 3 2 3 2 3 0 2 2 2 3 2
0.0006442752597706512 0 3 2 3 2 3 1 0 0 0 3 1
5.828976156112443e-05 0 3 2 3 2 3 1 0 1 1 3 1
5.833357899435163e-05 0 3 2 3 2 3 1 0 2 1 3 2
-4.3817433227199155e-08 0 3 2 3 2 3 1 0 2 2 3 1
0.0005575231259105115 0 3 2 3 2 3 1 3 0 0 0 1
0.004896355640562406 0 3 2 3 2 3 1 3 0 0 3 1
0.0006143962269488663 0 3 2 3 2 3 1 3 0 3 3 1
5.716028711737276e-05 0 3 2 3 2 3 1 3 1 1 0 1
5.6988907879347564e-05 0 3 2 3 2 3 1 3 2 1 0 2
1.713792380251941e-07 0 3 2 3 2 3 1 3 2 2 0 1
0.000553965139986736 0 3 2 3 2 3 1 3 3 0 3 1
0.0006442752597706512 0 3 2 3 2 3 2 0 0 0 3 2
-4.3817433227199155e-08 0 3 2 3 2 3 2 0 1 1 3 2
5.833357899435163e-05 0 3 2 3 2 3 2 0 1 2 3 1
5.828976156112443e-05 0 3 2 3 2 3 2 0 2 2 3 2
0.0005575231259105115 0 3 2 3 2 3 2 3 0 0 0 2
0.004896355640562406 0 3 2 3 2 3 2 3 0 0 3 2
0.0006143962269488663 0 3 2 3 2 3 2 3 0 3 3 2
1.713792380251941e-07 0 3 2 3 2 3 2 3 1 1 0 2
5.6988907879347564e-05 0 3 2 3 2 3 2 3 1 2 0 1
5.716028711737276e-05 0 3 2 3 2 3 2 3 2 2 0 2
0.000553965139986736 0 3 2 3 2 3 2 3 3 0 3 2
5.691607271002156e-05 0 3 2 3 3 1 0 0 3 1 0 2
-5.691607271002156e-05 0 3 2 3 3 1 0 0 3 2 0 1
1.353073933269812e-05 0 3 2 3 3 1 1 1 3 1 0 2
0.0002846983471830205 0 3 2 3 3 1 1 1 3 2 0 1
-0.00029822908651571864 0 3 2 3 3 1 1 2 3 1 0 1
-0.0005419947675598424 0 3 2 3 3 1 1 3 0 0 2 0
-6.360585887897518e-05 0 3 2 3 3 1 1 3 1 1 2 0
6.360585887897518e-05 0 3 2 3 3 1 1 3 2 1 1 0
0.00029822908651571864 0 3 2 3 3 1 2 1 3 2 0 2
-0.0002846983471830205 0 3 2 3 3 1 2 2 3 1 0 2
-1.353073933269812e-05 0 3 2 3 3 1 2 2 3 2 0 1
0.0005419947675598424 0 3 2 3 3 1 2 3 0 0 1 0
-6.360585887897518e-05 0 3 2 3 3 1 2 3 1 2 2 0
6.360585887897518e-05 0 3 2 3 3 1 2 3 2 2 1 0
-684.2488054980877 0 3 3 0 0 0 0 0 0 0 0 0
0.27802990904275465 0 3 3 0 0 0 0 0 0 0 0 3
0.27774403247243507 0 3 3 0 0 0 0 0 0 0 3 0
0.026990171569403174 0 3 3 0 0 0 0 0 0 0 3 3
0.2847725828570839 0 3 3 0 0 0 0 0 0 3 0 0
0.03210101468927494 0 3 3 0 0 0 0 0 0 3 0 3
0.03188196381585017 0 3 3 0 0 0 0 0 0 3 3 0
-0.0003444147813732963 0 3 3 0 0 0 0 0 1 1 0 0
-0.0003444147813732963 0 3 3 0 0 0 0 0 2 2 0 0
0.2857351961689916 0 3 3 0 0 0 0 0 3 0 0 0
0.03220934094359708 0 3 3 0 0 0 0 0 3 0 0 3
0.031989470877895776 0 3 3 0 0 0 0 0 3 0 3 0
0.03299489450289759 0 3 3 0 0 0 0 0 3 3 0 0
-0.0010408700282726012 0 3 3 0 0 0 0 1 1 0 1 1
-0.001024726621376545 0 3 3 0 0 0 0 1 1 0 2 2
-1.6143406896056153e-05 0 3 3 0 0 0 0 1 2 0 2 1
-1.6143406896056153e-05 0 3 3 0 0 0 0 2 1 0 1 2
-0.001024726621376545 0 3 3 0 0 0 0 2 2 0 1 1
-0.0010408700282726012 0 3 3 0 0 0 0 2 2 0 2 2
0.28576411920425177 0 3 3 0 0 0 0 3 0 0 0 0
0.032212177724472435 0 3 3 0 0 0 0 3 0 0 0 3
0.03196432982649328 0 3 3 0 0 0 0 3 0 0 3 0
0.02866821636829032 0 3 3 0 0 0 0 3 0 3 0 0
0.03302164966633228 0 3 3 0 0 0 0 3 3 0 0 0
-0.004980255776542432 0 3 3 0 0 0 1 0 1 0 1 1
-0.004965323863439865 0 3 3 0 0 0 1 0 1 0 2 2
-1.4931913102567203e-05 0 3 3 0 0 0 1 0 2 0 2 1
16.814014417476915 0 3 3 0 0 0 1 1 0 0 0 0
-0.0021407084853348403 0 3 3 0 0 0 1 1 0 0 0 3
-0.0021683038399479214 0 3 3 0 0 0 1 1 0 0 3 0
-0.00012313925061306456 0 3 3 0 0 0 1 1 0 0 3 3
-0.011567774107753543 0 3 3 0 0 0 1 1 0 3 0 0
-0.001313549804392524 0 3 3 0 0 0 1 1 0 3 0 3
-0.0013042959512186798 0 3 3 0 0 0 1 1 0 3 3 0
0.00016625572047616644 0 3 3 0 0 0 1 1 1 1 0 0
-0.004691377959044832 0 3 3 0 0 0 1 1 2 2 0 0
0.00730580712793684 0 3 3 0 0 0 1 1 3 0 0 0
0.0008514763812433111 0 3 3 0 0 0 1 1 3 0 0 3
0.0008447427992507334 0 3 3 0 0 0 1 1 3 0 3 0
-0.0003444147813732839 0 3 3 0 0 0 1 1 3 3 0 0
0.004857633679520999 0 3 3 0 0 0 1 2 2 1 0 0
-0.04361976825240274 0 3 3 0 0 0 1 3 1 0 1 1
-0.04348898649774532 0 3 3 0 0 0 1 3 1 0 2 2
-0.004980979416152227 0 3 3 0 0 0 1 3 1 3 1 1
-0.0049660453334173646 0 3 3 0 0 0 1 3 1 3 2 2
-0.0001307817546574253 0 3 3 0 0 0 1 3 2 0 2 1
-1.493408273486238e-05 0 3 3 0 0 0 1 3 2 3 2 1
0.0010263018426816027 0 3 3 0 0 0 1 3 3 1 1 1
0.0010370191522701003 0 3 3 0 0 0 1 3 3 1 2 2
-1.0717309588497517e-05 0 3 3 0 0 0 1 3 3 2 2 1
-1.4931913102567203e-05 0 3 3 0 0 0 2 0 1 0 1 2
-0.004965323863439865 0 3 3 0 0 0 2 0 2 0 1 1
-0.004980255776542432 0 3 3 0 0 0 2 0 2 0 2 2
0.004857633679520999 0 3 3 0 0 0 2 1 1 2 0 0
16.814014417476915 0 3 3 0 0 0 2 2 0 0 0 0
-0.0021407084853348403 0 3 3 0 0 0 2 2 0 0 0 3
-0.0021683038399479214 0 3 3 0 0 0 2 2 0 0 3 0
-0.00012313925061306456 0 3 3 0 0 0 2 2 0 0 3 3
-0.011567774107753543 0 3 3 0 0 0 2 2 0 3 0 0
-0.001313549804392524 0 3 3 0 0 0 2 2 0 3 0 3
-0.0013042959512186798 0 3 3 0 0 0 2 2 0 3 3 0
-0.004691377959044832 0 3 3 0 0 0 2 2 1 1 0 0
0.00016625572047616644 0 3 3 0 0 0 2 2 2 2 0 0
0.00730580712793684 0 3 3 0 0 0 2 2 3 0 0 0
0.0008514763812433111 0 3 3 0 0 0 2 2 3 0 0 3
0.0008447427992507334 0 3 3 0 0 0 2 2 3 0 3 0
-0.0003444147813732839 0 3 3 0 0 0 2 2 3 3 0 0
-0.0001307817546574253 0 3 3 0 0 0 2 3 1 0 1 2
-1.493408273486238e-05 0 3 3 0 0 0 2 3 1 3 1 2
-0.04348898649774532 0 3 3 0 0 0 2 3 2 0 1 1
-0.04361976825240274 0 3 3 0 0 0 2 3 2 0 2 2
-0.0049660453334173646 0 3 3 0 0 0 2 3 2 3 1 1
-0.004980979416152227 0 3 3 0 0 0 2 3 2 3 2 2
-1.0717309588497517e-05 0 3 3 0 0 0 2 3 3 1 1 2
0.0010370191522701003 0 3 3 0 0 0 2 3 3 2 1 1
0.0010263018426816027 0 3 3 0 0 0 2 3 3 2 2 2
0.284866819471472 0 3 3 0 0 0 3 0 0 0 0 0
0.03210734302928447 0 3 3 0 0 0 3 0 0 0 0 3
0.031860251783113046 0 3 3 0 0 0 3 0 0 0 3 0
0.032676549442805194 0 3 3 0 0 0 3 0 0 3 0 0
0.02867119313139419 0 3 3 0 0 0 3 0 3 0 0 0
0.03297056291956093 0 3 3 0 0 0 3 3 0 0 0 0
0.26770671622838477 0 3 3 0 0 3 0 0 0 0 0 0
0.031884294284408254 0 3 3 0 0 3 0 0 0 0 0 3
0.03164320925358967 0 3 3 0 0 3 0 0 0 0 3 0
0.031419306578293685 0 3 3 0 0 3 0 0 0 3 0 0
0.031523482725738745 0 3 3 0 0 3 0 0 3 0 0 0
-0.009481665398200226 0 3 3 0 0 3 0 1 1 0 1 1
-0.009453237259135482 0 3 3 0 0 3 0 1 1 0 2 2
-0.0010706202983338045 0 3 3 0 0 3 0 1 1 3 1 1
-0.0010674103408581537 0 3 3 0 0 3 0 1 1 3 2 2
-2.8428139064743912e-05 0 3 3 0 0 3 0 1 2 0 2 1
-3.2099574756506604e-06 0 3 3 0 0 3 0 1 2 3 2 1
0.004378576766918338 0 3 3 0 0 3 0 1 3 1 1 1
0.004385722650344192 0 3 3 0 0 3 0 1 3 1 2 2
-7.14588342585516e-06 0 3 3 0 0 3 0 1 3 2 2 1
-2.8428139064743912e-05 0 3 3 0 0 3 0 2 1 0 1 2
-3.2099574756506604e-06 0 3 3 0 0 3 0 2 1 3 1 2
-0.009453237259135482 0 3 3 0 0 3 0 2 2 0 1 1
-0.009481665398200226 0 3 3 0 0 3 0 2 2 0 2 2
-0.0010674103408581537 0 3 3 0 0 3 0 2 2 3 1 1
-0.0010706202983338045 0 3 3 0 0 3 0 2 2 3 2 2
-7.14588342585516e-06 0 3 3 0 0 3 0 2 3 1 1 2
0.004385722650344192 0 3 3 0 0 3 0 2 3 2 1 1
0.004378576766918338 0 3 3 0 0 3 0 2 3 2 2 2
0.031509937465047676 0 3 3 0 0 3 0 3 0 0 0 0
-0.04349269651670431 0 3 3 0 0 3 1 0 1 0 1 1
-0.043362295751337473 0 3 3 0 0 3 1 0 1 0 2 2
0.002461069882987701 0 3 3 0 0 3 1 0 1 3 1 1
0.0024678988065297454 0 3 3 0 0 3 1 0 1 3 2 2
-0.00013040076536683935 0 3 3 0 0 3 1 0 2 0 2 1
-6.8289235420450325e-06 0 3 3 0 0 3 1 0 2 3 2 1
0.0010706202983338073 0 3 3 0 0 3 1 0 3 1 1 1
0.0010674103408581563 0 3 3 0 0 3 1 0 3 1 2 2
3.209957475650758e-06 0 3 3 0 0 3 1 0 3 2 2 1
-0.00214070848533484 0 3 3 0 0 3 1 1 0 0 0 0
-0.0002748528780483479 0 3 3 0 0 3 1 1 0 0 0 3
-0.000285945901420853 0 3 3 0 0 3 1 1 0 0 3 0
-0.0012675662003659304 0 3 3 0 0 3 1 1 0 3 0 0
0.0007786674588716848 0 3 3 0 0 3 1 1 3 0 0 0
0.001070985721191674 0 3 3 0 0 3 1 3 0 1 1 1
0.0010677746680971226 0 3 3 0 0 3 1 3 0 1 2 2
3.211053094551501e-06 0 3 3 0 0 3 1 3 0 2 2 1
342.57424011531856 0 3 3 0 0 3 1 3 1 0 1 1
341.5470323410799 0 3 3 0 0 3 1 3 1 0 2 2
-0.04342160860121045 0 3 3 0 0 3 1 3 1 3 1 1
-0.04329142097320531 0 3 3 0 0 3 1 3 1 3 2 2
-2.1766811049144872e-07 0 3 3 0 0 3 1 3 2 0 1 2
1.027207991906776 0 3 3 0 0 3 1 3 2 0 2 1
-0.00013018762800514068 0 3 3 0 0 3 1 3 2 3 2 1
0.009466167811650042 0 3 3 0 0 3 1 3 3 1 1 1
0.009437786137792316 0 3 3 0 0 3 1 3 3 1 2 2
2.8381673857725172e-05 0 3 3 0 0 3 1 3 3 2 2 1
-0.00013040076536683935 0 3 3 0 0 3 2 0 1 0 1 2
-6.8289235420450325e-06 0 3 3 0 0 3 2 0 1 3 1 2
-0.043362295751337473 0 3 3 0 0 3 2 0 2 0 1 1
-0.04349269651670431 0 3 3 0 0 3 2 0 2 0 2 2
0.0024678988065297454 0 3 3 0 0 3 2 0 2 3 1 1
0.002461069882987701 0 3 3 0 0 3 2 0 2 3 2 2
3.209957475650758e-06 0 3 3 0 0 3 2 0 3 1 1 2
0.0010674103408581563 0 3 3 0 0 3 2 0 3 2 1 1
0.0010706202983338073 0 3 3 0 0 3 2 0 3 2 2 2
-0.00214070848533484 0 3 3 0 0 3 2 2 0 0 0 0
-0.0002748528780483479 0 3 3 0 0 3 2 2 0 0 0 3
-0.000285945901420853 0 3 3 0 0 3 2 2 0 0 3 0
-0.0012675662003659304 0 3 3 0 0 3 2 2 0 3 0 0
0.0007786674588716848 0 3 3 0 0 3 2 2 3 0 0 0
3.211053094551501e-06 0 3 3 0 0 3 2 3 0 1 1 2
0.0010677746680971226 0 3 3 0 0 3 2 3 0 2 1 1
0.001070985721191674 0 3 3 0 0 3 2 3 0 2 2 2
1.0272079919067756 0 3 3 0 0 3 2 3 1 0 1 2
-2.1766811049144872e-07 0 3 3 0 0 3 2 3 1 0 2 1
-0.00013018762800514068 0 3 3 0 0 3 2 3 1 3 1 2
341.5470323410799 0 3 3 0 0 3 2 3 2 0 1 1
342.5742401153186 0 3 3 0 0 3 2 3 2 0 2 2
-0.04329142097320531 0 3 3 0 0 3 2 3 2 3 1 1
-0.04342160860121045 0 3 3 0 0 3 2 3 2 3 2 2
2.8381673857725172e-05 0 3 3 0 0 3 2 3 3 1 1 2
0.009437786137792316 0 3 3 0 0 3 2 3 3 2 1 1
0.009466167811650042 0 3 3 0 0 3 2 3 3 2 2 2
0.03141248315318322 0 3 3 0 0 3 3 0 0 0 0 0
-0.0010702579504501693 0 3 3 0 0 3 3 1 1 0 1 1
-0.0010670490793739636 0 3 3 0 0 3 3 1 1 0 2 2
-3.208871076205711e-06 0 3 3 0 0 3 3 1 2 0 2 1
-3.208871076205711e-06 0 3 3 0 0 3 3 2 1 0 1 2
-0.0010670490793739636 0 3 3 0 0 3 3 2 2 0 1 1
-0.0010702579504501693 0 3 3 0 0 3 3 2 2 0 2 2
-0.001205814874459566 0 3 3 0 1 1 0 1 1 0 0 0
-0.010550847479425774 0 3 3 0 1 1 0 1 1 0 3 0
-0.0012148595608738088 0 3 3 0 1 1 0 1 1 0 3 3
-0.0011913467731355975 0 3 3 0 1 1 0 1 1 3 3 0
0.0034154805715265846 0 3 3 0 1 1 0 1 3 1 3 0
-0.001205814874459566 0 3 3 0 1 1 0 2 2 0 0 0
-0.010550847479425774 0 3 3 0 1 1 0 2 2 0 3 0
-0.0012148595608738088 0 3 3 0 1 1 0 2 2 0 3 3
-0.0011913467731355975 0 3 3 0 1 1 0 2 2 3 3 0
0.0034154805715265846 0 3 3 0 1 1 0 2 3 2 3 0
-0.005202025891558466 0 3 3 0 1 1 1 0 1 0 0 0
-0.0483970682517233 0 3 3 0 1 1 1 0 1 0 3 0
-0.00524622019681054 0 3 3 0 1 1 1 0 1 0 3 3
0.0027465045801973605 0 3 3 0 1 1 1 0 1 3 3 0
0.0011913467731356 0 3 3 0 1 1 1 0 3 1 3 0
0.0011917534022114985 0 3 3 0 1 1 1 3 0 1 3 0
-0.049164166639511314 0 3 3 0 1 1 1 3 1 0 0 0
0.0032933516414814894 0 3 3 0 1 1 1 3 1 0 0 3
381.2080674974271 0 3 3 0 1 1 1 3 1 0 3 0
-0.048538468991571666 0 3 3 0 1 1 1 3 1 0 3 3
-0.005209958892017551 0 3 3 0 1 1 1 3 1 3 0 0
-0.048317964241772864 0 3 3 0 1 1 1 3 1 3 3 0
-0.005238531232768362 0 3 3 0 1 1 1 3 1 3 3 3
0.001206024700973481 0 3 3 0 1 1 1 3 3 1 0 0
0.010533602336813877 0 3 3 0 1 1 1 3 3 1 3 0
0.0012150491126146298 0 3 3 0 1 1 1 3 3 1 3 3
-0.005202025891558466 0 3 3 0 1 1 2 0 2 0 0 0
-0.0483970682517233 0 3 3 0 1 1 2 0 2 0 3 0
-0.00524622019681054 0 3 3 0 1 1 2 0 2 0 3 3
0.0027465045801973605 0 3 3 0 1 1 2 0 2 3 3 0
0.0011913467731356 0 3 3 0 1 1 2 0 3 2 3 0
0.0011917534022114985 0 3 3 0 1 1 2 3 0 2 3 0
-0.049164166639511314 0 3 3 0 1 1 2 3 2 0 0 0
0.0032933516414814894 0 3 3 0 1 1 2 3 2 0 0 3
381.2080674974271 0 3 3 0 1 1 2 3 2 0 3 0
-0.048538468991571666 0 3 3 0 1 1 2 3 2 0 3 3
-0.005209958892017551 0 3 3 0 1 1 2 3 2 3 0 0
-0.048317964241772864 0 3 3 0 1 1 2 3 2 3 3 0
-0.005238531232768362 0 3 3 0 1 1 2 3 2 3 3 3
0.001206024700973481 0 3 3 0 1 1 2 3 3 2 0 0
0.010533602336813877 0 3 3 0 1 1 2 3 3 2 3 0
0.0012150491126146298 0 3 3 0 1 1 2 3 3 2 3 3
-0.0011909435657775894 0 3 3 0 1 1 3 1 1 0 3 0
-0.0011909435657775894 0 3 3 0 1 1 3 2 2 0 3 0
-0.00585483705155503 0 3 3 0 1 2 0 0 0 0 1 2
0.00585483705155503 0 3 3 0 1 2 0 0 0 0 2 1
0.00015600654692039605 0 3 3 0 1 2 1 1 0 0 1 2
-0.00015600654692039605 0 3 3 0 1 2 1 1 0 0 2 1
-9.300101998059584e-08 0 3 3 0 1 2 1 3 2 0 3 0
0.00015600654692039605 0 3 3 0 1 2 2 2 0 0 1 2
-0.00015600654692039605 0 3 3 0 1 2 2 2 0 0 2 1
9.300101998059584e-08 0 3 3 0 1 2 2 3 1 0 3 0
0.00585483705155503 0 3 3 0 2 1 0 0 0 0 1 2
-0.00585483705155503 0 3 3 0 2 1 0 0 0 0 2 1
-0.00015600654692039605 0 3 3 0 2 1 1 1 0 0 1 2
0.00015600654692039605 0 3 3 0 2 1 1 1 0 0 2 1
9.300101998059584e-08 0 3 3 0 2 1 1 3 2 0 3 0
-0.00015600654692039605 0 3 3 0 2 1 2 2 0 0 1 2
0.00015600654692039605 0 3 3 0 2 1 2 2 0 0 2 1
-9.300101998059584e-08 0 3 3 0 2 1 2 3 1 0 3 0
-0.001205814874459566 0 3 3 0 2 2 0 1 1 0 0 0
-0.010550847479425774 0 3 3 0 2 2 0 1 1 0 3 0
-0.0012148595608738088 0 3 3 0 2 2 0 1 1 0 3 3
-0.0011913467731355975 0 3 3 0 2 2 0 1 1 3 3 0
0.0034154805715265846 0 3 3 0 2 2 0 1 3 1 3 0
-0.001205814874459566 0 3 3 0 2 2 0 2 2 0 0 0
-0.010550847479425774 0 3 3 0 2 2 0 2 2 0 3 0
-0.0012148595608738088 0 3 3 0 2 2 0 2 2 0 3 3
-0.0011913467731355975 0 3 3 0 2 2 0 2 2 3 3 0
0.0034154805715265846 0 3 3 0 2 2 0 2 3 2 3 0
-0.005202025891558466 0 3 3 0 2 2 1 0 1 0 0 0
-0.0483970682517233 0 3 3 0 2 2 1 0 1 0 3 0
-0.00524622019681054 0 3 3 0 2 2 1 0 1 0 3 3
0.0027465045801973605 0 3 3 0 2 2 1 0 1 3 3 0
0.0011913467731356 0 3 3 0 2 2 1 0 3 1 3 0
0.0011917534022114985 0 3 3 0 2 2 1 3 0 1 3 0
-0.049164166639511314 0 3 3 0 2 2 1 3 1 0 0 0
0.0032933516414814894 0 3 3 0 2 2 1 3 1 0 0 3
381.2080674974271 0 3 3 0 2 2 1 3 1 0 3 0
-0.048538468991571666 0 3 3 0 2 2 1 3 1 0 3 3
-0.005209958892017551 0 3 3 0 2 2 1 3 1 3 0 0
-0.048317964241772864 0 3 3 0 2 2 1 3 1 3 3 0
-0.005238531232768362 0 3 3 0 2 2 1 3 1 3 3 3
0.001206024700973481 0 3 3 0 2 2 1 3 3 1 0 0
0.010533602336813877 0 3 3 0 2 2 1 3 3 1 3 0
0.0012150491126146298 0 3 3 0 2 2 1 3 3 1 3 3
-0.005202025891558466 0 3 3 0 2 2 2 0 2 0 0 0
-0.0483970682517233 0 3 3 0 2 2 2 0 2 0 3 0
-0.00524622019681054 0 3 3 0 2 2 2 0 2 0 3 3
0.0027465045801973605 0 3 3 0 2 2 2 0 2 3 3 0
0.0011913467731356 0 3 3 0 2 2 2 0 3 2 3 0
0.0011917534022114985 0 3 3 0 2 2 2 3 0 2 3 0
-0.049164166639511314 0 3 3 0 2 2 2 3 2 0 0 0
0.0032933516414814894 0 3 3 0 2 2 2 3 2 0 0 3
381.20806749742707 0 3 3 0 2 2 2 3 2 0 3 0
-0.048538468991571666 0 3 3 0 2 2 2 3 2 0 3 3
-0.005209958892017551 0 3 3 0 2 2 2 3 2 3 0 0
-0.048317964241772864 0 3 3 0 2 2 2 3 2 3 3 0
-0.005238531232768362 0 3 3 0 2 2 2 3 2 3 3 3
0.001206024700973481 0 3 3 0 2 2 2 3 3 2 0 0
0.010533602336813877 0 3 3 0 2 2 2 3 3 2 3 0
0.0012150491126146298 0 3 3 0 2 2 2 3 3 2 3 3
-0.0011909435657775894 0 3 3 0 2 2 3 1 1 0 3 0
-0.0011909435657775894 0 3 3 0 2 2 3 2 2 0 3 0
0.2675790095445956 0 3 3 0 3 0 0 0 0 0 0 0
0.031652563284397396 0 3 3 0 3 0 0 0 0 0 0 3
0.03143998237168043 0 3 3 0 3 0 0 0 0 0 3 0
0.031198394052164635 0 3 3 0 3 0 0 0 0 3 0 0
0.031298694923143563 0 3 3 0 3 0 0 0 3 0 0 0
0.03128823081198043 0 3 3 0 3 0 0 3 0 0 0 0
-0.0021683038399479206 0 3 3 0 3 0 1 1 0 0 0 0
-0.00028526808836348095 0 3 3 0 3 0 1 1 0 0 0 3
-0.0002711986328706679 0 3 3 0 3 0 1 1 0 0 3 0
-0.0012601807357094984 0 3 3 0 3 0 1 1 0 3 0 0
0.0007748922216501185 0 3 3 0 3 0 1 1 3 0 0 0
0.0042726652221192615 0 3 3 0 3 0 1 3 1 0 1 1
0.004280188136786392 0 3 3 0 3 0 1 3 1 0 2 2
-7.522914667130888e-06 0 3 3 0 3 0 1 3 2 0 2 1
-0.0021683038399479206 0 3 3 0 3 0 2 2 0 0 0 0
-0.00028526808836348095 0 3 3 0 3 0 2 2 0 0 0 3
-0.0002711986328706679 0 3 3 0 3 0 2 2 0 0 3 0
-0.0012601807357094984 0 3 3 0 3 0 2 2 0 3 0 0
0.0007748922216501185 0 3 3 0 3 0 2 2 3 0 0 0
-7.522914667130888e-06 0 3 3 0 3 0 2 3 1 0 1 2
0.004280188136786392 0 3 3 0 3 0 2 3 2 0 1 1
0.0042726652221192615 0 3 3 0 3 0 2 3 2 0 2 2
0.031188305948195313 0 3 3 0 3 0 3 0 0 0 0 0
0.02466179003395052 0 3 3 0 3 3 0 0 0 0 0 0
-0.0010191499336279584 0 3 3 0 3 3 0 1 1 0 1 1
-0.0010296476551148917 0 3 3 0 3 3 0 1 1 0 2 2
1.04977214869334e-05 0 3 3 0 3 3 0 1 2 0 2 1
1.04977214869334e-05 0 3 3 0 3 3 0 2 1 0 1 2
-0.0010296476551148917 0 3 3 0 3 3 0 2 2 0 1 1
-0.0010191499336279584 0 3 3 0 3 3 0 2 2 0 2 2
-0.004943397968017695 0 3 3 0 3 3 1 0 1 0 1 1
-0.00492857656281246 0 3 3 0 3 3 1 0 1 0 2 2
-1.4821405205234965e-05 0 3 3 0 3 3 1 0 2 0 2 1
-0.00012313925061306456 0 3 3 0 3 3 1 1 0 0 0 0
-0.04418206012040418 0 3 3 0 3 3 1 3 1 0 1 1
-0.044049592489822306 0 3 3 0 3 3 1 3 1 0 2 2
-0.004944197835398443 0 3 3 0 3 3 1 3 1 3 1 1
-0.004929374032013123 0 3 3 0 3 3 1 3 1 3 2 2
-0.00013246763058187563 0 3 3 0 3 3 1 3 2 0 2 1
-1.4823803385320246e-05 0 3 3 0 3 3 1 3 2 3 2 1
0.0010335952633585914 0 3 3 0 3 3 1 3 3 1 1 1
0.0010176438221509581 0 3 3 0 3 3 1 3 3 1 2 2
1.5951441207633362e-05 0 3 3 0 3 3 1 3 3 2 2 1
-1.4821405205234965e-05 0 3 3 0 3 3 2 0 1 0 1 2
-0.00492857656281246 0 3 3 0 3 3 2 0 2 0 1 1
-0.004943397968017695 0 3 3 0 3 3 2 0 2 0 2 2
-0.00012313925061306456 0 3 3 0 3 3 2 2 0 0 0 0
-0.00013246763058187563 0 3 3 0 3 3 2 3 1 0 1 2
-1.4823803385320246e-05 0 3 3 0 3 3 2 3 1 3 1 2
-0.044049592489822306 0 3 3 0 3 3 2 3 2 0 1 1
-0.04418206012040418 0 3 3 0 3 3 2 3 2 0 2 2
-0.004929374032013123 0 3 3 0 3 3 2 3 2 3 1 1
-0.004944197835398443 0 3 3 0 3 3 2 3 2 3 2 2
1.5951441207633362e-05 0 3 3 0 3 3 2 3 3 1 1 2
0.0010176438221509581 0 3 3 0 3 3 2 3 3 2 1 1
0.0010335952633585914 0 3 3 0 3 3 2 3 3 2 2 2
-5.9396263199110014e-05 0 3 3 1 0 1 0 0 1 0 0 1
-5.9396263199110014e-05 0 3 3 1 0 1 0 0 2 0 0 2
-6.532631611640564e-06 0 3 3 1 0 1 0 1 1 1 1 0
8.104945492865603e-05 0 3 3 1 0 1 0 1 1 2 2 0
-8.758208654029659e-05 0 3 3 1 0 1 0 1 2 1 2 0
-8.758208654029659e-05 0 3 3 1 0 1 0 2 1 2 1 0
8.104945492865603e-05 0 3 3 1 0 1 0 2 2 1 1 0
-6.532631611640564e-06 0 3 3 1 0 1 0 2 2 2 2 0
0.00027469250048897 0 3 3 1 0 1 1 0 1 1 1 0
0.00027448616443852465 0 3 3 1 0 1 1 0 1 2 2 0
2.063360504453777e-07 0 3 3 1 0 1 1 0 2 1 2 0
-2.93001245519493e-05 0 3 3 1 0 1 1 1 1 0 0 1
-2.93001245519493e-05 0 3 3 1 0 1 1 1 2 0 0 2
0.0002733006800139388 0 3 3 1 0 1 1 3 1 1 1 3
0.0002724812638658642 0 3 3 1 0 1 1 3 1 2 2 3
8.194161480745967e-07 0 3 3 1 0 1 1 3 2 1 2 3
6.527684369117735e-05 0 3 3 1 0 1 1 3 3 0 1 0
2.063360504453777e-07 0 3 3 1 0 1 2 0 1 2 1 0
0.00027448616443852465 0 3 3 1 0 1 2 0 2 1 1 0
0.00027469250048897 0 3 3 1 0 1 2 0 2 2 2 0
-2.93001245519493e-05 0 3 3 1 0 1 2 2 1 0 0 1
-2.93001245519493e-05 0 3 3 1 0 1 2 2 2 0 0 2
8.194161480745967e-07 0 3 3 1 0 1 2 3 1 2 1 3
0.0002724812638658642 0 3 3 1 0 1 2 3 2 1 1 3
0.0002733006800139388 0 3 3 1 0 1 2 3 2 2 2 3
6.527684369117735e-05 0 3 3 1 0 1 2 3 3 0 2 0
-0.0005465935126683032 0 3 3 1 0 2 0 0 0 1 0 2
0.0005465935126683032 0 3 3 1 0 2 0 0 0 2 0 1
0.0005861695625119605 0 3 3 1 0 2 0 1 0 0 2 0
0.005034772500385833 0 3 3 1 0 2 0 1 3 0 2 0
0.0008721457558450679 0 3 3 1 0 2 0 1 3 0 2 3
0.0009702420788176066 0 3 3 1 0 2 0 1 3 3 2 0
-0.0005861695625119605 0 3 3 1 0 2 0 2 0 0 1 0
-0.005034772500385833 0 3 3 1 0 2 0 2 3 0 1 0
-0.0008721457558450679 0 3 3 1 0 2 0 2 3 0 1 3
-0.0009702420788176066 0 3 3 1 0 2 0 2 3 3 1 0
-5.743547978667008e-05 0 3 3 1 0 2 1 0 0 0 2 0
-0.0010976102202902849 0 3 3 1 0 2 1 0 3 0 2 0
-0.00011898044889749122 0 3 3 1 0 2 1 0 3 0 2 3
-0.00011723010662137841 0 3 3 1 0 2 1 0 3 3 2 0
1.3412659172516202e-05 0 3 3 1 0 2 1 1 0 1 0 2
-1.3412659172516202e-05 0 3 3 1 0 2 1 1 0 2 0 1
-0.0010958161990215572 0 3 3 1 0 2 1 3 0 0 2 0
-0.0001188060687992537 0 3 3 1 0 2 1 3 0 0 2 3
-0.00011721642262407164 0 3 3 1 0 2 1 3 0 3 2 0
8.646275281423678 0 3 3 1 0 2 1 3 3 0 2 0
-0.0011008170859708036 0 3 3 1 0 2 1 3 3 0 2 3
-0.0010958161990215595 0 3 3 1 0 2 1 3 3 3 2 0
-0.00017802996034452988 0 3 3 1 0 2 1 3 3 3 2 3
5.743547978667008e-05 0 3 3 1 0 2 2 0 0 0 1 0
0.0010976102202902849 0 3 3 1 0 2 2 0 3 0 1 0
0.00011898044889749122 0 3 3 1 0 2 2 0 3 0 1 3
0.00011723010662137841 0 3 3 1 0 2 2 0 3 3 1 0
1.3412659172516202e-05 0 3 3 1 0 2 2 2 0 1 0 2
-1.3412659172516202e-05 0 3 3 1 0 2 2 2 0 2 0 1
0.0010958161990215572 0 3 3 1 0 2 2 3 0 0 1 0
0.0001188060687992537 0 3 3 1 0 2 2 3 0 0 1 3
0.00011721642262407164 0 3 3 1 0 2 2 3 0 3 1 0
-8.646275281423677 0 3 3 1 0 2 2 3 3 0 1 0
0.0011008170859708036 0 3 3 1 0 2 2 3 3 0 1 3
0.0010958161990215595 0 3 3 1 0 2 2 3 3 3 1 0
0.00017802996034452988 0 3 3 1 0 2 2 3 3 3 1 3
0.0005683078943355923 0 3 3 1 0 2 3 1 3 0 2 0
-0.0005683078943355923 0 3 3 1 0 2 3 2 3 0 1 0
-5.6982896554897906e-05 0 3 3 1 1 0 0 0 1 0 1 0
-5.6982896554897906e-05 0 3 3 1 1 0 0 0 2 0 2 0
0.0007980954421724176 0 3 3 1 1 0 0 1 3 0 3 1
0.0007980954421724176 0 3 3 1 1 0 0 2 3 0 3 2
-0.00012242975631906504 0 3 3 1 1 0 1 0 3 0 3 1
-2.810961290262396e-05 0 3 3 1 1 0 1 1 1 0 1 0
-2.810961290262396e-05 0 3 3 1 1 0 1 1 2 0 2 0
-0.00012244754557027315 0 3 3 1 1 0 1 3 0 0 3 1
-0.000213496159934678 0 3 3 1 1 0 1 3 3 0 0 1
-0.0010723058889845467 0 3 3 1 1 0 1 3 3 0 3 1
-0.00018874726993302736 0 3 3 1 1 0 1 3 3 3 3 1
-0.00012242975631906504 0 3 3 1 1 0 2 0 3 0 3 2
-2.810961290262396e-05 0 3 3 1 1 0 2 2 1 0 1 0
-2.810961290262396e-05 0 3 3 1 1 0 2 2 2 0 2 0
-0.00012244754557027315 0 3 3 1 1 0 2 3 0 0 3 2
-0.000213496159934678 0 3 3 1 1 0 2 3 3 0 0 2
-0.0010723058889845467 0 3 3 1 1 0 2 3 3 0 3 2
-0.00018874726993302736 0 3 3 1 1 0 2 3 3 3 3 2
0.0005717676909042006 0 3 3 1 1 3 0 1 0 0 3 1
0.0008562379372128744 0 3 3 1 1 3 0 1 3 0 0 1
0.004904371735018996 0 3 3 1 1 3 0 1 3 0 3 1
0.0009630961953917515 0 3 3 1 1 3 0 1 3 3 3 1
0.0005717676909042006 0 3 3 1 1 3 0 2 0 0 3 2
0.0008562379372128744 0 3 3 1 1 3 0 2 3 0 0 2
0.004904371735018996 0 3 3 1 1 3 0 2 3 0 3 2
0.0009630961953917515 0 3 3 1 1 3 0 2 3 3 3 2
-5.594789906225409e-05 0 3 3 1 1 3 1 0 0 0 3 1
-0.00011492251638873976 0 3 3 1 1 3 1 0 3 0 0 1
-0.0010691820812255405 0 3 3 1 1 3 1 0 3 0 3 1
-0.00011419384319015238 0 3 3 1 1 3 1 0 3 3 3 1
-0.00011509777125949128 0 3 3 1 1 3 1 3 0 0 0 1
-0.001067434525163832 0 3 3 1 1 3 1 3 0 0 3 1
-0.00011418051360880418 0 3 3 1 1 3 1 3 0 3 3 1
-0.0010861287244910804 0 3 3 1 1 3 1 3 3 0 0 1
8.422337876483244 0 3 3 1 1 3 1 3 3 0 3 1
-0.0001724294376148893 0 3 3 1 1 3 1 3 3 3 0 1
-0.0010674345251638344 0 3 3 1 1 3 1 3 3 3 3 1
-5.594789906225409e-05 0 3 3 1 1 3 2 0 0 0 3 2
-0.00011492251638873976 0 3 3 1 1 3 2 0 3 0 0 2
-0.0010691820812255405 0 3 3 1 1 3 2 0 3 0 3 2
-0.00011419384319015238 0 3 3 1 1 3 2 0 3 3 3 2
-0.00011509777125949128 0 3 3 1 1 3 2 3 0 0 0 2
-0.001067434525163832 0 3 3 1 1 3 2 3 0 0 3 2
-0.00011418051360880418 0 3 3 1 1 3 2 3 0 3 3 2
-0.0010861287244910804 0 3 3 1 1 3 2 3 3 0 0 2
8.422337876483244 0 3 3 1 1 3 2 3 3 0 3 2
-0.0001724294376148893 0 3 3 1 1 3 2 3 3 3 0 2
-0.0010674345251638344 0 3 3 1 1 3 2 3 3 3 3 2
0.0005535887020821791 0 3 3 1 1 3 3 1 3 0 3 1
0.0005535887020821791 0 3 3 1 1 3 3 2 3 0 3 2
-0.0005243845304804106 0 3 3 1 2 0 0 0 0 1 2 0
0.0005243845304804106 0 3 3 1 2 0 0 0 0 2 1 0
1.2867681045716782e-05 0 3 3 1 2 0 1 1 0 1 2 0
-1.2867681045716782e-05 0 3 3 1 2 0 1 1 0 2 1 0
0.0003041189147423152 0 3 3 1 2 0 1 3 1 1 3 2
-0.0003041189147423152 0 3 3 1 2 0 1 3 1 2 3 1
1.2867681045716782e-05 0 3 3 1 2 0 2 2 0 1 2 0
-1.2867681045716782e-05 0 3 3 1 2 0 2 2 0 2 1 0
0.0003041189147423152 0 3 3 1 2 0 2 3 2 1 3 2
-0.0003041189147423152 0 3 3 1 2 0 2 3 2 2 3 1
-6.7063256560652245e-06 0 3 3 1 2 3 0 1 1 1 3 2
-8.252787345614098e-05 0 3 3 1 2 3 0 1 1 2 3 1
8.923419911220621e-05 0 3 3 1 2 3 0 1 2 1 3 1
-8.923419911220621e-05 0 3 3 1 2 3 0 2 1 2 3 2
8.252787345614098e-05 0 3 3 1 2 3 0 2 2 1 3 2
6.7063256560652245e-06 0 3 3 1 2 3 0 2 2 2 3 1
0.0002675779561274229 0 3 3 1 2 3 1 0 1 1 3 2
-0.00026737696418714315 0 3 3 1 2 3 1 0 1 2 3 1
-2.009919402797744e-07 0 3 3 1 2 3 1 0 2 1 3 1
0.00026140990755541384 0 3 3 1 2 3 1 3 1 1 0 2
-0.00026219602949451 0 3 3 1 2 3 1 3 1 2 0 1
7.86121939096116e-07 0 3 3 1 2 3 1 3 2 1 0 1
6.52496655271852e-05 0 3 3 1 2 3 1 3 3 0 3 2
2.009919402797744e-07 0 3 3 1 2 3 2 0 1 2 3 2
0.00026737696418714315 0 3 3 1 2 3 2 0 2 1 3 2
-0.0002675779561274229 0 3 3 1 2 3 2 0 2 2 3 1
-7.86121939096116e-07 0 3 3 1 2 3 2 3 1 2 0 2
0.00026219602949451 0 3 3 1 2 3 2 3 2 1 0 2
-0.00026140990755541384 0 3 3 1 2 3 2 3 2 2 0 1
-6.52496655271852e-05 0 3 3 1 2 3 2 3 3 0 3 1
0.0002917620692914032 0 3 3 1 3 1 1 3 1 1 1 0
0.0002917620692914032 0 3 3 1 3 1 1 3 1 2 2 0
0.0002917620692914032 0 3 3 1 3 1 2 3 2 1 1 0
0.0002917620692914032 0 3 3 1 3 1 2 3 2 2 2 0
0.0008080845595546896 0 3 3 1 3 2 0 1 3 0 2 0
-0.0008080845595546896 0 3 3 1 3 2 0 2 3 0 1 0
-0.0001247548339656178 0 3 3 1 3 2 1 0 3 0 2 0
-0.00012477501994354737 0 3 3 1 3 2 1 3 0 0 2 0
-0.0011150074524123841 0 3 3 1 3 2 1 3 3 0 2 0
-0.00021513619988174253 0 3 3 1 3 2 1 3 3 0 2 3
-0.00018838087882252266 0 3 3 1 3 2 1 3 3 3 2 0
0.0001247548339656178 0 3 3 1 3 2 2 0 3 0 1 0
0.00012477501994354737 0 3 3 1 3 2 2 3 0 0 1 0
0.0011150074524123841 0 3 3 1 3 2 2 3 3 0 1 0
0.00021513619988174253 0 3 3 1 3 2 2 3 3 0 1 3
0.00018838087882252266 0 3 3 1 3 2 2 3 3 3 1 0
0.0005465935126683032 0 3 3 2 0 1 0 0 0 1 0 2
-0.0005465935126683032 0 3 3 2 0 1 0 0 0 2 0 1
-0.0005861695625119605 0 3 3 2 0 1 0 1 0 0 2 0
-0.005034772500385833 0 3 3 2 0 1 0 1 3 0 2 0
-0.0008721457558450679 0 3 3 2 0 1 0 1 3 0 2 3
-0.0009702420788176066 0 3 3 2 0 1 0 1 3 3 2 0
0.0005861695625119605 0 3 3 2 0 1 0 2 0 0 1 0
0.005034772500385833 0 3 3 2 0 1 0 2 3 0 1 0
0.0008721457558450679 0 3 3 2 0 1 0 2 3 0 1 3
0.0009702420788176066 0 3 3 2 0 1 0 2 3 3 1 0
5.743547978667008e-05 0 3 3 2 0 1 1 0 0 0 2 0
0.0010976102202902849 0 3 3 2 0 1 1 0 3 0 2 0
0.00011898044889749122 0 3 3 2 0 1 1 0 3 0 2 3
0.00011723010662137841 0 3 3 2 0 1 1 0 3 3 2 0
-1.3412659172516202e-05 0 3 3 2 0 1 1 1 0 1 0 2
1.3412659172516202e-05 0 3 3 2 0 1 1 1 0 2 0 1
0.0010958161990215572 0 3 3 2 0 1 1 3 0 0 2 0
0.0001188060687992537 0 3 3 2 0 1 1 3 0 0 2 3
0.00011721642262407164 0 3 3 2 0 1 1 3 0 3 2 0
-8.64627528142368 0 3 3 2 0 1 1 3 3 0 2 0
0.0011008170859708036 0 3 3 2 0 1 1 3 3 0 2 3
0.0010958161990215595 0 3 3 2 0 1 1 3 3 3 2 0
0.00017802996034452988 0 3 3 2 0 1 1 3 3 3 2 3
-5.743547978667008e-05 0 3 3 2 0 1 2 0 0 0 1 0
-0.0010976102202902849 0 3 3 2 0 1 2 0 3 0 1 0
-0.00011898044889749122 0 3 3 2 0 1 2 0 3 0 1 3
-0.00011723010662137841 0 3 3 2 0 1 2 0 3 3 1 0
-1.3412659172516202e-05 0 3 3 2 0 1 2 2 0 1 0 2
1.3412659172516202e-05 0 3 3 2 0 1 2 2 0 2 0 1
-0.0010958161990215572 0 3 3 2 0 1 2 3 0 0 1 0
-0.0001188060687992537 0 3 3 2 0 1 2 3 0 0 1 3
-0.00011721642262407164 0 3 3 2 0 1 2 3 0 3 1 0
8.646275281423678 0 3 3 2 0 1 2 3 3 0 1 0
-0.0011008170859708036 0 3 3 2 0 1 2 3 3 0 1 3
-0.0010958161990215595 0 3 3 2 0 1 2 3 3 3 1 0
-0.00017802996034452988 0 3 3 2 0 1 2 3 3 3 1 3
-0.0005683078943355923 0 3 3 2 0 1 3 1 3 0 2 0
0.0005683078943355923 0 3 3 2 0 1 3 2 3 0 1 0
-5.9396263199110014e-05 0 3 3 2 0 2 0 0 1 0 0 1
-5.9396263199110014e-05 0 3 3 2 0 2 0 0 2 0 0 2
-6.532631611640564e-06 0 3 3 2 0 2 0 1 1 1 1 0
8.104945492865603e-05 0 3 3 2 0 2 0 1 1 2 2 0
-8.758208654029659e-05 0 3 3 2 0 2 0 1 2 1 2 0
-8.758208654029659e-05 0 3 3 2 0 2 0 2 1 2 1 0
8.104945492865603e-05 0 3 3 2 0 2 0 2 2 1 1 0
-6.532631611640564e-06 0 3 3 2 0 2 0 2 2 2 2 0
0.00027469250048897 0 3 3 2 0 2 1 0 1 1 1 0
0.00027448616443852465 0 3 3 2 0 2 1 0 1 2 2 0
2.063360504453777e-07 0 3 3 2 0 2 1 0 2 1 2 0
-2.93001245519493e-05 0 3 3 2 0 2 1 1 1 0 0 1
-2.93001245519493e-05 0 3 3 2 0 2 1 1 2 0 0 2
0.0002733006800139388 0 3 3 2 0 2 1 3 1 1 1 3
0.0002724812638658642 0 3 3 2 0 2 1 3 1 2 2 3
8.194161480745967e-07 0 3 3 2 0 2 1 3 2 1 2 3
6.527684369117738e-05 0 3 3 2 0 2 1 3 3 0 1 0
2.063360504453777e-07 0 3 3 2 0 2 2 0 1 2 1 0
0.00027448616443852465 0 3 3 2 0 2 2 0 2 1 1 0
0.00027469250048897 0 3 3 2 0 2 2 0 2 2 2 0
-2.93001245519493e-05 0 3 3 2 0 2 2 2 1 0 0 1
-2.93001245519493e-05 0 3 3 2 0 2 2 2 2 0 0 2
8.194161480745967e-07 0 3 3 2 0 2 2 3 1 2 1 3
0.0002724812638658642 0 3 3 2 0 2 2 3 2 1 1 3
0.0002733006800139388 0 3 3 2 0 2 2 3 2 2 2 3
6.527684369117735e-05 0 3 3 2 0 2 2 3 3 0 2 0
0.0005243845304804106 0 3 3 2 1 0 0 0 0 1 2 0
-0.0005243845304804106 0 3 3 2 1 0 0 0 0 2 1 0
-1.2867681045716782e-05 0 3 3 2 1 0 1 1 0 1 2 0
1.2867681045716782e-05 0 3 3 2 1 0 1 1 0 2 1 0
-0.0003041189147423152 0 3 3 2 1 0 1 3 1 1 3 2
0.0003041189147423152 0 3 3 2 1 0 1 3 1 2 3 1
-1.2867681045716782e-05 0 3 3 2 1 0 2 2 0 1 2 0
1.2867681045716782e-05 0 3 3 2 1 0 2 2 0 2 1 0
-0.0003041189147423152 0 3 3 2 1 0 2 3 2 1 3 2
0.0003041189147423152 0 3 3 2 1 0 2 3 2 2 3 1
6.7063256560652245e-06 0 3 3 2 1 3 0 1 1 1 3 2
8.252787345614098e-05 0 3 3 2 1 3 0 1 1 2 3 1
-8.923419911220621e-05 0 3 3 2 1 3 0 1 2 1 3 1
8.923419911220621e-05 0 3 3 2 1 3 0 2 1 2 3 2
-8.252787345614098e-05 0 3 3 2 1 3 0 2 2 1 3 2
-6.7063256560652245e-06 0 3 3 2 1 3 0 2 2 2 3 1
-0.0002675779561274229 0 3 3 2 1 3 1 0 1 1 3 2
0.00026737696418714315 0 3 3 2 1 3 1 0 1 2 3 1
2.009919402797744e-07 0 3 3 2 1 3 1 0 2 1 3 1
-0.00026140990755541384 0 3 3 2 1 3 1 3 1 1 0 2
0.00026219602949451 0 3 3 2 1 3 1 3 1 2 0 1
-7.86121939096116e-07 0 3 3 2 1 3 1 3 2 1 0 1
-6.52496655271852e-05 0 3 3 2 1 3 1 3 3 0 3 2
-2.009919402797744e-07 0 3 3 2 1 3 2 0 1 2 3 2
-0.00026737696418714315 0 3 3 2 1 3 2 0 2 1 3 2
0.0002675779561274229 0 3 3 2 1 3 2 0 2 2 3 1
7.86121939096116e-07 0 3 3 2 1 3 2 3 1 2 0 2
-0.00026219602949451 0 3 3 2 1 3 2 3 2 1 0 2
0.00026140990755541384 0 3 3 2 1 3 2 3 2 2 0 1
6.52496655271852e-05 0 3 3 2 1 3 2 3 3 0 3 1
-5.6982896554897906e-05 0 3 3 2 2 0 0 0 1 0 1 0
-5.6982896554897906e-05 0 3 3 2 2 0 0 0 2 0 2 0
0.0007980954421724176 0 3 3 2 2 0 0 1 3 0 3 1
0.0007980954421724176 0 3 3 2 2 0 0 2 3 0 3 2
-0.00012242975631906504 0 3 3 2 2 0 1 0 3 0 3 1
-2.810961290262396e-05 0 3 3 2 2 0 1 1 1 0 1 0
-2.810961290262396e-05 0 3 3 2 2 0 1 1 2 0 2 0
-0.00012244754557027315 0 3 3 2 2 0 1 3 0 0 3 1
-0.000213496159934678 0 3 3 2 2 0 1 3 3 0 0 1
-0.0010723058889845467 0 3 3 2 2 0 1 3 3 0 3 1
-0.00018874726993302736 0 3 3 2 2 0 1 3 3 3 3 1
-0.00012242975631906504 0 3 3 2 2 0 2 0 3 0 3 2
-2.810961290262396e-05 0 3 3 2 2 0 2 2 1 0 1 0
-2.810961290262396e-05 0 3 3 2 2 0 2 2 2 0 2 0
-0.00012244754557027315 0 3 3 2 2 0 2 3 0 0 3 2
-0.000213496159934678 0 3 3 2 2 0 2 3 3 0 0 2
-0.0010723058889845467 0 3 3 2 2 0 2 3 3 0 3 2
-0.00018874726993302736 0 3 3 2 2 0 2 3 3 3 3 2
0.0005717676909042006 0 3 3 2 2 3 0 1 0 0 3 1
0.0008562379372128744 0 3 3 2 2 3 0 1 3 0 0 1
0.004904371735018996 0 3 3 2 2 3 0 1 3 0 3 1
0.0009630961953917515 0 3 3 2 2 3 0 1 3 3 3 1
0.0005717676909042006 0 3 3 2 2 3 0 2 0 0 3 2
0.0008562379372128744 0 3 3 2 2 3 0 2 3 0 0 2
0.004904371735018996 0 3 3 2 2 3 0 2 3 0 3 2
0.0009630961953917515 0 3 3 2 2 3 0 2 3 3 3 2
-5.594789906225409e-05 0 3 3 2 2 3 1 0 0 0 3 1
-0.00011492251638873976 0 3 3 2 2 3 1 0 3 0 0 1
-0.0010691820812255405 0 3 3 2 2 3 1 0 3 0 3 1
-0.00011419384319015238 0 3 3 2 2 3 1 0 3 3 3 1
-0.00011509777125949128 0 3 3 2 2 3 1 3 0 0 0 1
-0.001067434525163832 0 3 3 2 2 3 1 3 0 0 3 1
-0.00011418051360880418 0 3 3 2 2 3 1 3 0 3 3 1
-0.0010861287244910804 0 3 3 2 2 3 1 3 3 0 0 1
8.422337876483242 0 3 3 2 2 3 1 3 3 0 3 1
-0.0001724294376148893 0 3 3 2 2 3 1 3 3 3 0 1
-0.0010674345251638344 0 3 3 2 2 3 1 3 3 3 3 1
-5.594789906225409e-05 0 3 3 2 2 3 2 0 0 0 3 2
-0.00011492251638873976 0 3 3 2 2 3 2 0 3 0 0 2
-0.0010691820812255405 0 3 3 2 2 3 2 0 3 0 3 2
-0.00011419384319015238 0 3 3 2 2 3 2 0 3 3 3 2
-0.00011509777125949128 0 3 3 2 2 3 2 3 0 0 0 2
-0.001067434525163832 0 3 3 2 2 3 2 3 0 0 3 2
-0.00011418051360880418 0 3 3 2 2 3 2 3 0 3 3 2
-0.0010861287244910804 0 3 3 2 2 3 2 3 3 0 0 2
8.422337876483242 0 3 3 2 2 3 2 3 3 0 3 2
-0.0001724294376148893 0 3 3 2 2 3 2 3 3 3 0 2
-0.0010674345251638344 0 3 3 2 2 3 2 3 3 3 3 2
0.0005535887020821791 0 3 3 2 2 3 3 1 3 0 3 1
0.0005535887020821791 0 3 3 2 2 3 3 2 3 0 3 2
-0.0008080845595546896 0 3 3 2 3 1 0 1 3 0 2 0
0.0008080845595546896 0 3 3 2 3 1 0 2 3 0 1 0
0.0001247548339656178 0 3 3 2 3 1 1 0 3 0 2 0
0.00012477501994354737 0 3 3 2 3 1 1 3 0 0 2 0
0.0011150074524123841 0 3 3 2 3 1 1 3 3 0 2 0
0.00021513619988174253 0 3 3 2 3 1 1 3 3 0 2 3
0.00018838087882252266 0 3 3 2 3 1 1 3 3 3 2 0
-0.0001247548339656178 0 3 3 2 3 1 2 0 3 0 1 0
-0.00012477501994354737 0 3 3 2 3 1 2 3 0 0 1 0
-0.0011150074524123841 0 3 3 2 3 1 2 3 3 0 1 0
-0.00021513619988174253 0 3 3 2 3 1 2 3 3 0 1 3
-0.00018838087882252266 0 3 3 2 3 1 2 3 3 3 1 0
0.0002917620692914032 0 3 3 2 3 2 1 3 1 1 1 0
0.0002917620692914032 0 3 3 2 3 2 1 3 1 2 2 0
0.0002917620692914032 0 3 3 2 3 2 2 3 2 1 1 0
0.0002917620692914032 0 3 3 2 3 2 2 3 2 2 2 0
0.2214887571402897 0 3 3 3 0 0 0 0 0 0 0 0
0.02538924272480675 0 3 3 3 0 0 0 0 0 0 0 3
0.02520159122974462 0 3 3 3 0 0 0 0 0 0 3 0
0.027156356994074857 0 3 3 3 0 0 0 0 0 3 0 0
-0.002130983489908444 0 3 3 3 0 0 0 0 1 1 0 0
-0.0002444493707471335 0 3 3 3 0 0 0 0 1 1 0 3
-0.0002426442570297007 0 3 3 3 0 0 0 0 1 1 3 0
-0.002130983489908444 0 3 3 3 0 0 0 0 2 2 0 0
-0.0002444493707471335 0 3 3 3 0 0 0 0 2 2 0 3
-0.0002426442570297007 0 3 3 3 0 0 0 0 2 2 3 0
0.025651600053341127 0 3 3 3 0 0 0 0 3 0 0 0
-0.004774503460287335 0 3 3 3 0 0 0 1 3 1 1 1
-0.004700453146614686 0 3 3 3 0 0 0 1 3 1 2 2
-7.405031367265012e-05 0 3 3 3 0 0 0 1 3 2 2 1
-7.405031367265012e-05 0 3 3 3 0 0 0 2 3 1 1 2
-0.004700453146614686 0 3 3 3 0 0 0 2 3 2 1 1
-0.004774503460287335 0 3 3 3 0 0 0 2 3 2 2 2
0.027219365705481155 0 3 3 3 0 0 0 3 0 0 0 0
0.0005321793557797446 0 3 3 3 0 0 0 3 1 1 0 0
0.0005321793557797446 0 3 3 3 0 0 0 3 2 2 0 0
0.0010857252516521447 0 3 3 3 0 0 1 0 3 1 1 1
0.0010824700061711208 0 3 3 3 0 0 1 0 3 1 2 2
3.2552454810239066e-06 0 3 3 3 0 0 1 0 3 2 2 1
-0.0010357280596586592 0 3 3 3 0 0 1 1 0 3 0 0
0.002091387856439116 0 3 3 3 0 0 1 1 1 1 0 0
0.00023990727657711847 0 3 3 3 0 0 1 1 1 1 0 3
0.00023813570353302472 0 3 3 3 0 0 1 1 1 1 3 0
-0.043320966110407255 0 3 3 3 0 0 1 1 2 2 0 0
-0.0049694345150942155 0 3 3 3 0 0 1 1 2 2 0 3
-0.0049327381865920655 0 3 3 3 0 0 1 1 2 2 3 0
0.0010357280596586657 0 3 3 3 0 0 1 1 3 0 0 0
0.04541235396684637 0 3 3 3 0 0 1 2 2 1 0 0
0.005209341791671334 0 3 3 3 0 0 1 2 2 1 0 3
0.00517087389012509 0 3 3 3 0 0 1 2 2 1 3 0
0.00108588300937237 0 3 3 3 0 0 1 3 0 1 1 1
0.0010826272908986574 0 3 3 3 0 0 1 3 0 1 2 2
3.2557184737125063e-06 0 3 3 3 0 0 1 3 0 2 2 1
-0.004707678736138289 0 3 3 3 0 0 1 3 1 0 1 1
-0.004693564069551502 0 3 3 3 0 0 1 3 1 0 2 2
-1.4114666586787788e-05 0 3 3 3 0 0 1 3 2 0 2 1
0.009509367789083211 0 3 3 3 0 0 1 3 3 1 1 1
0.009480856592096954 0 3 3 3 0 0 1 3 3 1 2 2
2.8511196986256695e-05 0 3 3 3 0 0 1 3 3 2 2 1
3.2552454810239066e-06 0 3 3 3 0 0 2 0 3 1 1 2
0.0010824700061711208 0 3 3 3 0 0 2 0 3 2 1 1
0.0010857252516521447 0 3 3 3 0 0 2 0 3 2 2 2
0.04541235396684637 0 3 3 3 0 0 2 1 1 2 0 0
0.005209341791671334 0 3 3 3 0 0 2 1 1 2 0 3
0.00517087389012509 0 3 3 3 0 0 2 1 1 2 3 0
-0.0010357280596586592 0 3 3 3 0 0 2 2 0 3 0 0
-0.043320966110407255 0 3 3 3 0 0 2 2 1 1 0 0
-0.0049694345150942155 0 3 3 3 0 0 2 2 1 1 0 3
-0.0049327381865920655 0 3 3 3 0 0 2 2 1 1 3 0
0.002091387856439116 0 3 3 3 0 0 2 2 2 2 0 0
0.00023990727657711847 0 3 3 3 0 0 2 2 2 2 0 3
0.00023813570353302472 0 3 3 3 0 0 2 2 2 2 3 0
0.0010357280596586657 0 3 3 3 0 0 2 2 3 0 0 0
3.2557184737125063e-06 0 3 3 3 0 0 2 3 0 1 1 2
0.0010826272908986574 0 3 3 3 0 0 2 3 0 2 1 1
0.00108588300937237 0 3 3 3 0 0 2 3 0 2 2 2
-1.4114666586787788e-05 0 3 3 3 0 0 2 3 1 0 1 2
-0.004693564069551502 0 3 3 3 0 0 2 3 2 0 1 1
-0.004707678736138289 0 3 3 3 0 0 2 3 2 0 2 2
2.8511196986256695e-05 0 3 3 3 0 0 2 3 3 1 1 2
0.009480856592096954 0 3 3 3 0 0 2 3 3 2 1 1
0.009509367789083211 0 3 3 3 0 0 2 3 3 2 2 2
0.025567125249479482 0 3 3 3 0 0 3 0 0 0 0 0
-0.0013236404385936601 0 3 3 3 0 0 3 0 1 1 0 0
-0.0013236404385936601 0 3 3 3 0 0 3 0 2 2 0 0
0.0240117090377759 0 3 3 3 0 3 0 0 0 0 0 0
-0.00023103671157461686 0 3 3 3 0 3 0 0 1 1 0 0
-0.00023103671157461686 0 3 3 3 0 3 0 0 2 2 0 0
-0.004910968881995598 0 3 3 3 0 3 0 1 0 1 1 1
-0.004896244706393864 0 3 3 3 0 3 0 1 0 1 2 2
-1.4724175601735611e-05 0 3 3 3 0 3 0 1 0 2 2 1
0.000825625707693226 0 3 3 3 0 3 0 1 1 0 1 1
0.0008271835525969669 0 3 3 3 0 3 0 1 1 0 2 2
-1.5578449037410402e-06 0 3 3 3 0 3 0 1 2 0 2 1
-0.04349269651670431 0 3 3 3 0 3 0 1 3 1 1 1
-0.04336229575133748 0 3 3 3 0 3 0 1 3 1 2 2
-0.00013040076536683761 0 3 3 3 0 3 0 1 3 2 2 1
-1.4724175601735611e-05 0 3 3 3 0 3 0 2 0 1 1 2
-0.004896244706393864 0 3 3 3 0 3 0 2 0 2 1 1
-0.004910968881995598 0 3 3 3 0 3 0 2 0 2 2 2
-1.5578449037410402e-06 0 3 3 3 0 3 0 2 1 0 1 2
0.0008271835525969669 0 3 3 3 0 3 0 2 2 0 1 1
0.000825625707693226 0 3 3 3 0 3 0 2 2 0 2 2
-0.00013040076536683761 0 3 3 3 0 3 0 2 3 1 1 2
-0.04336229575133748 0 3 3 3 0 3 0 2 3 2 1 1
-0.04349269651670431 0 3 3 3 0 3 0 2 3 2 2 2
-0.0005365278085968938 0 3 3 3 0 3 1 0 0 1 1 1
-0.0005380165543689731 0 3 3 3 0 3 1 0 0 1 2 2
1.4887457720791568e-06 0 3 3 3 0 3 1 0 0 2 2 1
-0.0054460087175643304 0 3 3 3 0 3 1 0 1 0 1 1
-0.005429680373684983 0 3 3 3 0 3 1 0 1 0 2 2
-1.6328343879347978e-05 0 3 3 3 0 3 1 0 2 0 2 1
0.00948166539820022 0 3 3 3 0 3 1 0 3 1 1 1
0.009453237259135475 0 3 3 3 0 3 1 0 3 1 2 2
2.8428139064744606e-05 0 3 3 3 0 3 1 0 3 2 2 1
0.00022674383694992398 0 3 3 3 0 3 1 1 1 1 0 0
-0.004696767290681322 0 3 3 3 0 3 1 1 2 2 0 0
0.004923511127631246 0 3 3 3 0 3 1 2 2 1 0 0
0.00946616781165002 0 3 3 3 0 3 1 3 0 1 1 1
0.009437786137792295 0 3 3 3 0 3 1 3 0 1 2 2
2.8381673857725108e-05 0 3 3 3 0 3 1 3 0 2 2 1
-0.04342160860121045 0 3 3 3 0 3 1 3 1 0 1 1
-0.04329142097320531 0 3 3 3 0 3 1 3 1 0 2 2
-0.005448556937250955 0 3 3 3 0 3 1 3 1 3 1 1
-0.005432220953242941 0 3 3 3 0 3 1 3 1 3 2 2
-0.00013018762800514068 0 3 3 3 0 3 1 3 2 0 2 1
-1.6335984008014894e-05 0 3 3 3 0 3 1 3 2 3 2 1
-74.68321302103253 0 3 3 3 0 3 1 3 3 1 1 1
-74.45927564327027 0 3 3 3 0 3 1 3 3 1 2 2
4.745293708569499e-08 0 3 3 3 0 3 1 3 3 2 1 2
-0.22393742521521107 0 3 3 3 0 3 1 3 3 2 2 1
1.4887457720791568e-06 0 3 3 3 0 3 2 0 0 1 1 2
-0.0005380165543689731 0 3 3 3 0 3 2 0 0 2 1 1
-0.0005365278085968938 0 3 3 3 0 3 2 0 0 2 2 2
-1.6328343879347978e-05 0 3 3 3 0 3 2 0 1 0 1 2
-0.005429680373684983 0 3 3 3 0 3 2 0 2 0 1 1
-0.0054460087175643304 0 3 3 3 0 3 2 0 2 0 2 2
2.8428139064744606e-05 0 3 3 3 0 3 2 0 3 1 1 2
0.009453237259135475 0 3 3 3 0 3 2 0 3 2 1 1
0.00948166539820022 0 3 3 3 0 3 2 0 3 2 2 2
0.004923511127631246 0 3 3 3 0 3 2 1 1 2 0 0
-0.004696767290681322 0 3 3 3 0 3 2 2 1 1 0 0
0.00022674383694992398 0 3 3 3 0 3 2 2 2 2 0 0
2.8381673857725108e-05 0 3 3 3 0 3 2 3 0 1 1 2
0.009437786137792295 0 3 3 3 0 3 2 3 0 2 1 1
0.00946616781165002 0 3 3 3 0 3 2 3 0 2 2 2
-0.00013018762800514068 0 3 3 3 0 3 2 3 1 0 1 2
-1.6335984008014894e-05 0 3 3 3 0 3 2 3 1 3 1 2
-0.04329142097320531 0 3 3 3 0 3 2 3 2 0 1 1
-0.04342160860121045 0 3 3 3 0 3 2 3 2 0 2 2
-0.005432220953242941 0 3 3 3 0 3 2 3 2 3 1 1
-0.005448556937250955 0 3 3 3 0 3 2 3 2 3 2 2
-0.2239374252152111 0 3 3 3 0 3 2 3 3 1 1 2
4.745293708569499e-08 0 3 3 3 0 3 2 3 3 1 2 1
-74.45927564327026 0 3 3 3 0 3 2 3 3 2 1 1
-74.68321302103254 0 3 3 3 0 3 2 3 3 2 2 2
-0.004909306780890498 0 3 3 3 0 3 3 1 3 1 1 1
-0.004894587588637085 0 3 3 3 0 3 3 1 3 1 2 2
-1.4719192253413233e-05 0 3 3 3 0 3 3 1 3 2 2 1
-1.4719192253413233e-05 0 3 3 3 0 3 3 2 3 1 1 2
-0.004894587588637085 0 3 3 3 0 3 3 2 3 2 1 1
-0.004909306780890498 0 3 3 3 0 3 3 2 3 2 2 2
-0.005464745007768041 0 3 3 3 1 1 0 1 0 1 3 0
0.0006289039910469323 0 3 3 3 1 1 0 1 1 0 3 0
-0.0055311106422456695 0 3 3 3 1 1 0 1 3 1 0 0
-0.04839706825172331 0 3 3 3 1 1 0 1 3 1 3 0
-0.005572598902459755 0 3 3 3 1 1 0 1 3 1 3 3
-0.005464745007768041 0 3 3 3 1 1 0 2 0 2 3 0
0.0006289039910469323 0 3 3 3 1 1 0 2 2 0 3 0
-0.0055311106422456695 0 3 3 3 1 1 0 2 3 2 0 0
-0.04839706825172331 0 3 3 3 1 1 0 2 3 2 3 0
-0.005572598902459755 0 3 3 3 1 1 0 2 3 2 3 3
-0.0005987542628922524 0 3 3 3 1 1 1 0 0 1 3 0
-0.006060117599335579 0 3 3 3 1 1 1 0 1 0 3 0
0.0011340724500166976 0 3 3 3 1 1 1 0 3 1 0 0
0.01055084747942576 0 3 3 3 1 1 1 0 3 1 3 0
0.0011437070702740358 0 3 3 3 1 1 1 0 3 1 3 3
0.001135801891094878 0 3 3 3 1 1 1 3 0 1 0 0
0.010533602336813852 0 3 3 3 1 1 1 3 0 1 3 0
0.0011420308305798894 0 3 3 3 1 1 1 3 0 1 3 3
-0.005501720961308955 0 3 3 3 1 1 1 3 1 0 0 0
-0.048317964241772864 0 3 3 3 1 1 1 3 1 0 3 0
-0.005542650147510676 0 3 3 3 1 1 1 3 1 0 3 3
-0.006062953164199822 0 3 3 3 1 1 1 3 1 3 3 0
0.010718079470611023 0 3 3 3 1 1 1 3 3 1 0 0
-0.0007179701606026598 0 3 3 3 1 1 1 3 3 1 0 3
-83.10561617435947 0 3 3 3 1 1 1 3 3 1 3 0
0.01058167367806776 0 3 3 3 1 1 1 3 3 1 3 3
-0.0005987542628922524 0 3 3 3 1 1 2 0 0 2 3 0
-0.006060117599335579 0 3 3 3 1 1 2 0 2 0 3 0
0.0011340724500166976 0 3 3 3 1 1 2 0 3 2 0 0
0.01055084747942576 0 3 3 3 1 1 2 0 3 2 3 0
0.0011437070702740358 0 3 3 3 1 1 2 0 3 2 3 3
0.001135801891094878 0 3 3 3 1 1 2 3 0 2 0 0
0.010533602336813852 0 3 3 3 1 1 2 3 0 2 3 0
0.0011420308305798894 0 3 3 3 1 1 2 3 0 2 3 3
-0.005501720961308955 0 3 3 3 1 1 2 3 2 0 0 0
-0.048317964241772864 0 3 3 3 1 1 2 3 2 0 3 0
-0.005542650147510676 0 3 3 3 1 1 2 3 2 0 3 3
-0.006062953164199822 0 3 3 3 1 1 2 3 2 3 3 0
0.010718079470611023 0 3 3 3 1 1 2 3 3 2 0 0
-0.0007179701606026598 0 3 3 3 1 1 2 3 3 2 0 3
-83.10561617435947 0 3 3 3 1 1 2 3 3 2 3 0
0.01058167367806776 0 3 3 3 1 1 2 3 3 2 3 3
-0.005462895482972677 0 3 3 3 1 1 3 1 3 1 3 0
-0.005462895482972677 0 3 3 3 1 1 3 2 3 2 3 0
2.0274773093915954e-08 0 3 3 3 1 2 1 3 3 2 3 0
-2.0274773093915954e-08 0 3 3 3 1 2 2 3 3 1 3 0
-2.0274773093915954e-08 0 3 3 3 2 1 1 3 3 2 3 0
2.0274773093915954e-08 0 3 3 3 2 1 2 3 3 1 3 0
-0.005464745007768041 0 3 3 3 2 2 0 1 0 1 3 0
0.0006289039910469323 0 3 3 3 2 2 0 1 1 0 3 0
-0.0055311106422456695 0 3 3 3 2 2 0 1 3 1 0 0
-0.04839706825172331 0 3 3 3 2 2 0 1 3 1 3 0
-0.005572598902459755 0 3 3 3 2 2 0 1 3 1 3 3
-0.005464745007768041 0 3 3 3 2 2 0 2 0 2 3 0
0.0006289039910469323 0 3 3 3 2 2 0 2 2 0 3 0
-0.0055311106422456695 0 3 3 3 2 2 0 2 3 2 0 0
-0.04839706825172331 0 3 3 3 2 2 0 2 3 2 3 0
-0.005572598902459755 0 3 3 3 2 2 0 2 3 2 3 3
-0.0005987542628922524 0 3 3 3 2 2 1 0 0 1 3 0
-0.006060117599335579 0 3 3 3 2 2 1 0 1 0 3 0
0.0011340724500166976 0 3 3 3 2 2 1 0 3 1 0 0
0.01055084747942576 0 3 3 3 2 2 1 0 3 1 3 0
0.0011437070702740358 0 3 3 3 2 2 1 0 3 1 3 3
0.001135801891094878 0 3 3 3 2 2 1 3 0 1 0 0
0.010533602336813852 0 3 3 3 2 2 1 3 0 1 3 0
0.0011420308305798894 0 3 3 3 2 2 1 3 0 1 3 3
-0.005501720961308955 0 3 3 3 2 2 1 3 1 0 0 0
-0.048317964241772864 0 3 3 3 2 2 1 3 1 0 3 0
-0.005542650147510676 0 3 3 3 2 2 1 3 1 0 3 3
-0.006062953164199822 0 3 3 3 2 2 1 3 1 3 3 0
0.010718079470611023 0 3 3 3 2 2 1 3 3 1 0 0
-0.0007179701606026598 0 3 3 3 2 2 1 3 3 1 0 3
-83.10561617435948 0 3 3 3 2 2 1 3 3 1 3 0
0.01058167367806776 0 3 3 3 2 2 1 3 3 1 3 3
-0.0005987542628922524 0 3 3 3 2 2 2 0 0 2 3 0
-0.006060117599335579 0 3 3 3 2 2 2 0 2 0 3 0
0.0011340724500166976 0 3 3 3 2 2 2 0 3 2 0 0
0.01055084747942576 0 3 3 3 2 2 2 0 3 2 3 0
0.0011437070702740358 0 3 3 3 2 2 2 0 3 2 3 3
0.001135801891094878 0 3 3 3 2 2 2 3 0 2 0 0
0.010533602336813852 0 3 3 3 2 2 2 3 0 2 3 0
0.0011420308305798894 0 3 3 3 2 2 2 3 0 2 3 3
-0.005501720961308955 0 3 3 3 2 2 2 3 2 0 0 0
-0.048317964241772864 0 3 3 3 2 2 2 3 2 0 3 0
-0.005542650147510676 0 3 3 3 2 2 2 3 2 0 3 3
-0.006062953164199822 0 3 3 3 2 2 2 3 2 3 3 0
0.010718079470611023 0 3 3 3 2 2 2 3 3 2 0 0
-0.0007179701606026598 0 3 3 3 2 2 2 3 3 2 0 3
-83.10561617435948 0 3 3 3 2 2 2 3 3 2 3 0
0.01058167367806776 0 3 3 3 2 2 2 3 3 2 3 3
-0.005462895482972677 0 3 3 3 2 2 3 1 3 1 3 0
-0.005462895482972677 0 3 3 3 2 2 3 2 3 2 3 0
0.023852080768199103 0 3 3 3 3 0 0 0 0 0 0 0
-0.0002297765759839835 0 3 3 3 3 0 0 0 1 1 0 0
-0.0002297765759839835 0 3 3 3 3 0 0 0 2 2 0 0
0.00022550711583772495 0 3 3 3 3 0 1 1 1 1 0 0
-0.004671149874368683 0 3 3 3 3 0 1 1 2 2 0 0
0.004896656990206407 0 3 3 3 3 0 1 2 2 1 0 0
-0.0009314663205373379 0 3 3 3 3 0 1 3 3 1 1 1
-0.0009331063604844025 0 3 3 3 3 0 1 3 3 1 2 2
1.6400399470645174e-06 0 3 3 3 3 0 1 3 3 2 2 1
0.004896656990206407 0 3 3 3 3 0 2 1 1 2 0 0
-0.004671149874368683 0 3 3 3 3 0 2 2 1 1 0 0
0.00022550711583772495 0 3 3 3 3 0 2 2 2 2 0 0
1.6400399470645174e-06 0 3 3 3 3 0 2 3 3 1 1 2
-0.0009331063604844025 0 3 3 3 3 0 2 3 3 2 1 1
-0.0009314663205373379 0 3 3 3 3 0 2 3 3 2 2 2
-0.0046748727050327935 0 3 3 3 3 3 0 1 3 1 1 1
-0.00472302608269098 0 3 3 3 3 3 0 1 3 1 2 2
4.815337765818479e-05 0 3 3 3 3 3 0 1 3 2 2 1
4.815337765818479e-05 0 3 3 3 3 3 0 2 3 1 1 2
-0.00472302608269098 0 3 3 3 3 3 0 2 3 2 1 1
-0.0046748727050327935 0 3 3 3 3 3 0 2 3 2 2 2
0.0010776900311270556 0 3 3 3 3 3 1 0 3 1 1 1
0.0010744588770220623 0 3 3 3 3 3 1 0 3 1 2 2
3.2311541049934384e-06 0 3 3 3 3 3 1 0 3 2 2 1
0.0010778644069527592 0 3 3 3 3 3 1 3 0 1 1 1
0.0010746327300303056 0 3 3 3 3 3 1 3 0 1 2 2
3.2316769224537096e-06 0 3 3 3 3 3 1 3 0 2 2 1
-0.004682001805903933 0 3 3 3 3 3 1 3 1 0 1 1
-0.004667964124457709 0 3 3 3 3 3 1 3 1 0 2 2
-1.4037681446224128e-05 0 3 3 3 3 3 1 3 2 0 2 1
0.009631950746119939 0 3 3 3 3 3 1 3 3 1 1 1
0.009603072018198634 0 3 3 3 3 3 1 3 3 1 2 2
2.8878727921304156e-05 0 3 3 3 3 3 1 3 3 2 2 1
3.2311541049934384e-06 0 3 3 3 3 3 2 0 3 1 1 2
0.0010744588770220623 0 3 3 3 3 3 2 0 3 2 1 1
0.0010776900311270556 0 3 3 3 3 3 2 0 3 2 2 2
3.2316769224537096e-06 0 3 3 3 3 3 2 3 0 1 1 2
0.0010746327300303056 0 3 3 3 3 3 2 3 0 2 1 1
0.0010778644069527592 0 3 3 3 3 3 2 3 0 2 2 2
-1.4037681446224128e-05 0 3 3 3 3 3 2 3 1 0 1 2
-0.004667964124457709 0 3 3 3 3 3 2 3 2 0 1 1
-0.004682001805903933 0 3 3 3 3 3 2 3 2 0 2 2
2.8878727921304156e-05 0 3 3 3 3 3 2 3 3 1 1 2
0.009603072018198634 0 3 3 3 3 3 2 3 3 2 1 1
0.009631950746119939 0 3 3 3 3 3 2 3 3 2 2 2
0.00032033420678588803 1 0 0 0 0 1 1 0 0 0 0 1
8.252787345614041e-05 1 0 0 0 0 1 1 1 1 0 1 0
8.92341991122057e-05 1 0 0 0 0 1 1 1 2 0 2 0
-6.706325656065292e-06 1 0 0 0 0 1 1 2 2 0 1 0
0.00032033420678588803 1 0 0 0 0 1 2 0 0 0 0 2
-6.706325656065292e-06 1 0 0 0 0 1 2 1 1 0 2 0
8.92341991122057e-05 1 0 0 0 0 1 2 2 1 0 1 0
8.252787345614041e-05 1 0 0 0 0 1 2 2 2 0 2 0
0.000523810739713317 1 0 0 0 0 1 3 3 1 0 1 0
0.000523810739713317 1 0 0 0 0 1 3 3 2 0 2 0
40.11622578095678 1 0 0 0 0 2 1 0 0 0 0 2
-0.0051733134935173074 1 0 0 0 0 2 1 0 0 0 3 2
-0.00508427160423714 1 0 0 0 0 2 1 0 0 3 0 2
-0.0005604154579171149 1 0 0 0 0 2 1 0 0 3 3 2
-7.280892237162659e-05 1 0 0 0 0 2 1 0 1 1 0 2
7.280892237162659e-05 1 0 0 0 0 2 1 0 1 2 0 1
-0.005084271604237129 1 0 0 0 0 2 1 0 3 0 0 2
-0.0008048346213977444 1 0 0 0 0 2 1 0 3 0 3 2
-0.0005438504464799413 1 0 0 0 0 2 1 0 3 3 0 2
-0.005092595346304581 1 0 0 0 0 2 1 3 0 0 0 2
-0.000547384661998886 1 0 0 0 0 2 1 3 0 0 3 2
-0.0002790711586498072 1 0 0 0 0 2 1 3 0 3 0 2
-0.0005313268643076895 1 0 0 0 0 2 1 3 3 0 0 2
-40.11622578095678 1 0 0 0 0 2 2 0 0 0 0 1
0.0051733134935173074 1 0 0 0 0 2 2 0 0 0 3 1
0.00508427160423714 1 0 0 0 0 2 2 0 0 3 0 1
0.0005604154579171149 1 0 0 0 0 2 2 0 0 3 3 1
-7.280892237162659e-05 1 0 0 0 0 2 2 0 2 1 0 2
7.280892237162659e-05 1 0 0 0 0 2 2 0 2 2 0 1
0.005084271604237129 1 0 0 0 0 2 2 0 3 0 0 1
0.0008048346213977444 1 0 0 0 0 2 2 0 3 0 3 1
0.0005438504464799413 1 0 0 0 0 2 2 0 3 3 0 1
0.005092595346304581 1 0 0 0 0 2 2 3 0 0 0 1
0.000547384661998886 1 0 0 0 0 2 2 3 0 0 3 1
0.0002790711586498072 1 0 0 0 0 2 2 3 0 3 0 1
0.0005313268643076895 1 0 0 0 0 2 2 3 3 0 0 1
-1.3038036447544736e-05 1 0 0 0 0 2 3 1 0 3 0 2
1.3038036447544647e-05 1 0 0 0 0 2 3 1 3 0 0 2
1.3038036447544736e-05 1 0 0 0 0 2 3 2 0 3 0 1
-1.3038036447544647e-05 1 0 0 0 0 2 3 2 3 0 0 1
0.0003171517005921023 1 0 0 0 1 0 1 0 0 0 1 0
0.0003171517005921023 1 0 0 0 1 0 2 0 0 0 2 0
40.54778554310599 1 0 0 0 2 0 1 0 0 0 2 0
-0.005162419882427459 1 0 0 0 2 0 1 0 0 0 2 3
-0.0051389675954439384 1 0 0 0 2 0 1 0 0 3 2 0
-0.000569564011259105 1 0 0 0 2 0 1 0 0 3 2 3
-6.985057760061503e-05 1 0 0 0 2 0 1 0 1 1 2 0
6.985057760061503e-05 1 0 0 0 2 0 1 0 1 2 1 0
-0.005138967595443927 1 0 0 0 2 0 1 0 3 0 2 0
-0.0008182317807091178 1 0 0 0 2 0 1 0 3 0 2 3
-0.0005497011251127842 1 0 0 0 2 0 1 0 3 3 2 0
-0.005147380883341808 1 0 0 0 2 0 1 3 0 0 2 0
-0.0005579737477156525 1 0 0 0 2 0 1 3 0 0 2 3
-0.00028207337309225754 1 0 0 0 2 0 1 3 0 3 2 0
-0.000537042815728123 1 0 0 0 2 0 1 3 3 0 2 0
-40.54778554310599 1 0 0 0 2 0 2 0 0 0 1 0
0.005162419882427459 1 0 0 0 2 0 2 0 0 0 1 3
0.0051389675954439384 1 0 0 0 2 0 2 0 0 3 1 0
0.000569564011259105 1 0 0 0 2 0 2 0 0 3 1 3
-6.985057760061503e-05 1 0 0 0 2 0 2 0 2 1 2 0
6.985057760061503e-05 1 0 0 0 2 0 2 0 2 2 1 0
0.005138967595443927 1 0 0 0 2 0 2 0 3 0 1 0
0.0008182317807091178 1 0 0 0 2 0 2 0 3 0 1 3
0.0005497011251127842 1 0 0 0 2 0 2 0 3 3 1 0
0.005147380883341808 1 0 0 0 2 0 2 3 0 0 1 0
0.0005579737477156525 1 0 0 0 2 0 2 3 0 0 1 3
0.00028207337309225754 1 0 0 0 2 0 2 3 0 3 1 0
0.000537042815728123 1 0 0 0 2 0 2 3 3 0 1 0
-1.31782980980621e-05 1 0 0 0 2 0 3 1 0 3 2 0
1.3178298098062009e-05 1 0 0 0 2 0 3 1 3 0 2 0
1.31782980980621e-05 1 0 0 0 2 0 3 2 0 3 1 0
-1.3178298098062009e-05 1 0 0 0 2 0 3 2 3 0 1 0
-0.005162419882427458 1 0 0 0 2 3 1 0 0 0 2 0
-0.0010196286481125058 1 0 0 0 2 3 1 0 0 0 2 3
-0.0006030319724230354 1 0 0 0 2 3 1 0 0 3 2 0
-0.0008741995802733576 1 0 0 0 2 3 1 0 3 0 2 0
8.104945492865543e-05 1 0 0 0 2 3 1 1 1 0 3 2
-8.758208654029609e-05 1 0 0 0 2 3 1 1 2 0 3 1
-6.532631611640659e-06 1 0 0 0 2 3 1 2 2 0 3 2
-0.0005894155900055851 1 0 0 0 2 3 1 3 0 0 2 0
0.005162419882427458 1 0 0 0 2 3 2 0 0 0 1 0
0.0010196286481125058 1 0 0 0 2 3 2 0 0 0 1 3
0.0006030319724230354 1 0 0 0 2 3 2 0 0 3 1 0
0.0008741995802733576 1 0 0 0 2 3 2 0 3 0 1 0
6.532631611640659e-06 1 0 0 0 2 3 2 1 1 0 3 1
8.758208654029609e-05 1 0 0 0 2 3 2 2 1 0 3 2
-8.104945492865543e-05 1 0 0 0 2 3 2 2 2 0 3 1
0.0005894155900055851 1 0 0 0 2 3 2 3 0 0 1 0
0.0005377381752864124 1 0 0 0 2 3 3 3 1 0 3 2
-0.0005377381752864124 1 0 0 0 2 3 3 3 2 0 3 1
-0.005173313493517306 1 0 0 0 3 2 1 0 0 0 0 2
-0.0010076938999613318 1 0 0 0 3 2 1 0 0 0 3 2
-0.0005928106652298763 1 0 0 0 3 2 1 0 0 3 0 2
-0.0008711882615388407 1 0 0 0 3 2 1 0 3 0 0 2
-0.0005788265042888187 1 0 0 0 3 2 1 3 0 0 0 2
0.005173313493517306 1 0 0 0 3 2 2 0 0 0 0 1
0.0010076938999613318 1 0 0 0 3 2 2 0 0 0 3 1
0.0005928106652298763 1 0 0 0 3 2 2 0 0 3 0 1
0.0008711882615388407 1 0 0 0 3 2 2 0 3 0 0 1
0.0005788265042888187 1 0 0 0 3 2 2 3 0 0 0 1
-0.0005849649500803765 1 0 0 1 0 0 0 1 1 0 0 0
-0.0005849649500803765 1 0 0 1 0 0 0 2 2 0 0 0
0.0002995103145223706 1 0 0 1 0 0 1 0 0 1 0 0
-91.26549880011284 1 0 0 1 0 0 1 0 1 0 0 0
0.011620565014311551 1 0 0 1 0 0 1 0 1 0 0 3
0.011770362903454843 1 0 0 1 0 0 1 0 1 0 3 0
-0.00043072359784130905 1 0 0 1 0 0 1 0 1 0 3 3
0.011567774107753571 1 0 0 1 0 0 1 0 1 3 0 0
0.0012541535411934156 1 0 0 1 0 0 1 0 1 3 0 3
0.0012473130546637823 1 0 0 1 0 0 1 0 1 3 3 0
0.011586712350133681 1 0 0 1 0 0 1 3 1 0 0 0
0.0012559943513467055 1 0 0 1 0 0 1 3 1 0 0 3
0.001245413819901982 1 0 0 1 0 0 1 3 1 0 3 0
-0.0006575389726822633 1 0 0 1 0 0 1 3 1 3 0 0
0.0002995103145223706 1 0 0 1 0 0 2 0 0 2 0 0
-91.26549880011284 1 0 0 1 0 0 2 0 2 0 0 0
0.011620565014311551 1 0 0 1 0 0 2 0 2 0 0 3
0.011770362903454843 1 0 0 1 0 0 2 0 2 0 3 0
-0.00043072359784130905 1 0 0 1 0 0 2 0 2 0 3 3
0.011567774107753571 1 0 0 1 0 0 2 0 2 3 0 0
0.0012541535411934156 1 0 0 1 0 0 2 0 2 3 0 3
0.0012473130546637823 1 0 0 1 0 0 2 0 2 3 3 0
0.011586712350133681 1 0 0 1 0 0 2 3 2 0 0 0
0.0012559943513467055 1 0 0 1 0 0 2 3 2 0 0 3
0.001245413819901982 1 0 0 1 0 0 2 3 2 0 3 0
-0.0006575389726822633 1 0 0 1 0 0 2 3 2 3 0 0
-0.002567969974250497 1 0 0 1 0 0 3 1 1 0 0 0
-0.00029405275649755605 1 0 0 1 0 0 3 1 1 0 0 3
-0.00029187653489741114 1 0 0 1 0 0 3 1 1 0 3 0
-0.0007051854313548105 1 0 0 1 0 0 3 1 1 3 0 0
-0.002567969974250497 1 0 0 1 0 0 3 2 2 0 0 0
-0.00029405275649755605 1 0 0 1 0 0 3 2 2 0 0 3
-0.00029187653489741114 1 0 0 1 0 0 3 2 2 0 3 0
-0.0007051854313548105 1 0 0 1 0 0 3 2 2 3 0 0
0.01162056501431155 1 0 0 1 0 3 1 0 1 0 0 0
0.0014920040540839397 1 0 0 1 0 3 1 0 1 0 0 3
0.0014867147199295293 1 0 0 1 0 3 1 0 1 0 3 0
0.0013269624635650417 1 0 0 1 0 3 1 0 1 3 0 0
0.00029768629578376697 1 0 0 1 0 3 1 1 3 0 1 1
0.00029768629578376697 1 0 0 1 0 3 1 1 3 0 2 2
0.001326769681680372 1 0 0 1 0 3 1 3 1 0 0 0
0.01162056501431155 1 0 0 1 0 3 2 0 2 0 0 0
0.0014920040540839397 1 0 0 1 0 3 2 0 2 0 0 3
0.0014867147199295293 1 0 0 1 0 3 2 0 2 0 3 0
0.0013269624635650417 1 0 0 1 0 3 2 0 2 3 0 0
0.00029768629578376697 1 0 0 1 0 3 2 2 3 0 1 1
0.00029768629578376697 1 0 0 1 0 3 2 2 3 0 2 2
0.001326769681680372 1 0 0 1 0 3 2 3 2 0 0 0
-0.00027836677779002216 1 0 0 1 0 3 3 1 1 0 0 0
-0.00027836677779002216 1 0 0 1 0 3 3 2 2 0 0 0
-0.0005987542628922524 1 0 0 1 0 3 3 3 3 0 1 1
-0.0005987542628922524 1 0 0 1 0 3 3 3 3 0 2 2
0.0002675199177843635 1 0 0 1 1 1 1 1 3 0 3 0
0.0002675199177843635 1 0 0 1 1 1 2 2 3 0 3 0
-0.0005365278085968938 1 0 0 1 1 1 3 3 3 0 3 0
-0.001925210859569282 1 0 0 1 1 2 1 0 1 0 1 2
0.0019174383177708385 1 0 0 1 1 2 1 0 1 0 2 1
-7.772541798443342e-06 1 0 0 1 1 2 1 0 2 0 2 2
7.772541798443342e-06 1 0 0 1 1 2 2 0 1 0 1 1
-0.0019174383177708385 1 0 0 1 1 2 2 0 2 0 1 2
0.001925210859569282 1 0 0 1 1 2 2 0 2 0 2 1
0.0019174383177708383 1 0 0 1 2 1 1 0 1 0 1 2
-0.0019225881706898076 1 0 0 1 2 1 1 0 1 0 2 1
-5.149852918969331e-06 1 0 0 1 2 1 1 0 2 0 2 2
5.149852918969331e-06 1 0 0 1 2 1 2 0 1 0 1 1
0.0019225881706898076 1 0 0 1 2 1 2 0 2 0 1 2
-0.0019174383177708383 1 0 0 1 2 1 2 0 2 0 2 1
6.586316847669179e-05 1 0 0 1 2 2 1 0 0 1 2 2
-3.2395207312761254e-05 1 0 0 1 2 2 1 0 0 2 1 2
-3.3467961163930534e-05 1 0 0 1 2 2 1 0 0 2 2 1
0.0002667178336455575 1 0 0 1 2 2 1 1 3 0 3 0
-3.3467961163930534e-05 1 0 0 1 2 2 2 0 0 1 1 2
-3.2395207312761254e-05 1 0 0 1 2 2 2 0 0 1 2 1
6.586316847669179e-05 1 0 0 1 2 2 2 0 0 2 1 1
0.0002667178336455575 1 0 0 1 2 2 2 2 3 0 3 0
-0.0005380165543689731 1 0 0 1 2 2 3 3 3 0 3 0
0.01177036290345484 1 0 0 1 3 0 1 0 1 0 0 0
0.0014867147199295293 1 0 0 1 3 0 1 0 1 0 0 3
0.0014721674467381137 1 0 0 1 3 0 1 0 1 0 3 0
0.0013171636322643976 1 0 0 1 3 0 1 0 1 3 0 0
0.0013169505428493639 1 0 0 1 3 0 1 3 1 0 0 0
0.01177036290345484 1 0 0 1 3 0 2 0 2 0 0 0
0.0014867147199295293 1 0 0 1 3 0 2 0 2 0 0 3
0.0014721674467381137 1 0 0 1 3 0 2 0 2 0 3 0
0.0013171636322643976 1 0 0 1 3 0 2 0 2 3 0 0
0.0013169505428493639 1 0 0 1 3 0 2 3 2 0 0 0
-0.0002760218082904255 1 0 0 1 3 0 3 1 1 0 0 0
-0.0002760218082904255 1 0 0 1 3 0 3 2 2 0 0 0
-0.00043072359784130905 1 0 0 1 3 3 1 0 1 0 0 0
-0.00043072359784130905 1 0 0 1 3 3 2 0 2 0 0 0
0.0013790218582994784 1 0 0 2 0 0 0 1 0 2 0 0
-0.0013790218582994784 1 0 0 2 0 0 0 2 0 1 0 0
60.023254375555496 1 0 0 2 0 0 1 0 0 2 0 0
-0.007642176737322929 1 0 0 2 0 0 1 0 0 2 0 3
-0.007740690186737916 1 0 0 2 0 0 1 0 0 2 3 0
-0.00019997290416316223 1 0 0 2 0 0 1 0 0 2 3 3
6.507500786613477e-05 1 0 0 2 0 0 1 0 2 0 0 0
-0.007607459196691908 1 0 0 2 0 0 1 0 3 2 0 0
-0.0008247845957348493 1 0 0 2 0 0 1 0 3 2 0 3
-0.0008202860014785164 1 0 0 2 0 0 1 0 3 2 3 0
-0.007619913788631716 1 0 0 2 0 0 1 3 0 2 0 0
-0.0008259951906167661 1 0 0 2 0 0 1 3 0 2 0 3
-0.0008190369840944674 1 0 0 2 0 0 1 3 0 2 3 0
-0.0006788398506648698 1 0 0 2 0 0 1 3 3 2 0 0
-60.02325437555549 1 0 0 2 0 0 2 0 0 1 0 0
0.007642176737322929 1 0 0 2 0 0 2 0 0 1 0 3
0.007740690186737916 1 0 0 2 0 0 2 0 0 1 3 0
0.00019997290416316223 1 0 0 2 0 0 2 0 0 1 3 3
-6.507500786613477e-05 1 0 0 2 0 0 2 0 1 0 0 0
0.007607459196691908 1 0 0 2 0 0 2 0 3 1 0 0
0.0008247845957348493 1 0 0 2 0 0 2 0 3 1 0 3
0.0008202860014785164 1 0 0 2 0 0 2 0 3 1 3 0
0.007619913788631716 1 0 0 2 0 0 2 3 0 1 0 0
0.0008259951906167661 1 0 0 2 0 0 2 3 0 1 0 3
0.0008190369840944674 1 0 0 2 0 0 2 3 0 1 3 0
0.0006788398506648698 1 0 0 2 0 0 2 3 3 1 0 0
0.011586712350133692 1 0 0 2 0 0 3 1 0 2 0 0
0.0013267696816803732 1 0 0 2 0 0 3 1 0 2 0 3
0.0013169505428493647 1 0 0 2 0 0 3 1 0 2 3 0
0.0014056631026662164 1 0 0 2 0 0 3 1 3 2 0 0
-0.011586712350133692 1 0 0 2 0 0 3 2 0 1 0 0
-0.0013267696816803732 1 0 0 2 0 0 3 2 0 1 0 3
-0.0013169505428493647 1 0 0 2 0 0 3 2 0 1 3 0
-0.0014056631026662164 1 0 0 2 0 0 3 2 3 1 0 0
-0.007642176737322928 1 0 0 2 0 3 1 0 0 2 0 0
-0.0010132061873023353 1 0 0 2 0 3 1 0 0 2 0 3
-0.0009748880734084158 1 0 0 2 0 3 1 0 0 2 3 0
-0.0008726668331417846 1 0 0 2 0 3 1 0 3 2 0 0
-0.0008725400515926451 1 0 0 2 0 3 1 3 0 2 0 0
0.007642176737322928 1 0 0 2 0 3 2 0 0 1 0 0
0.0010132061873023353 1 0 0 2 0 3 2 0 0 1 0 3
0.0009748880734084158 1 0 0 2 0 3 2 0 0 1 3 0
0.0008726668331417846 1 0 0 2 0 3 2 0 3 1 0 0
0.0008725400515926451 1 0 0 2 0 3 2 3 0 1 0 0
0.0012559943513467064 1 0 0 2 0 3 3 1 0 2 0 0
-0.0012559943513467064 1 0 0 2 0 3 3 2 0 1 0 0
-3.2395207312761254e-05 1 0 0 2 1 2 1 0 0 1 2 2
0.0008073103765580148 1 0 0 2 1 2 1 0 0 2 1 2
-0.0007749151692452535 1 0 0 2 1 2 1 0 0 2 2 1
-0.0007749151692452535 1 0 0 2 1 2 2 0 0 1 1 2
0.0008073103765580148 1 0 0 2 1 2 2 0 0 1 2 1
-3.2395207312761254e-05 1 0 0 2 1 2 2 0 0 2 1 1
-3.3467961163930534e-05 1 0 0 2 2 1 1 0 0 1 2 2
-0.0007749151692452535 1 0 0 2 2 1 1 0 0 2 1 2
0.0008083831304091841 1 0 0 2 2 1 1 0 0 2 2 1
8.020841388060804e-07 1 0 0 2 2 1 1 1 3 0 3 0
0.0008083831304091841 1 0 0 2 2 1 2 0 0 1 1 2
-0.0007749151692452535 1 0 0 2 2 1 2 0 0 1 2 1
-3.3467961163930534e-05 1 0 0 2 2 1 2 0 0 2 1 1
8.020841388060804e-07 1 0 0 2 2 1 2 2 3 0 3 0
1.4887457720791568e-06 1 0 0 2 2 1 3 3 3 0 3 0
-7.772541798443362e-06 1 0 0 2 2 2 1 0 1 0 1 2
-5.149852918969311e-06 1 0 0 2 2 2 1 0 1 0 2 1
-1.2922394717412673e-05 1 0 0 2 2 2 1 0 2 0 2 2
1.2922394717412673e-05 1 0 0 2 2 2 2 0 1 0 1 1
5.149852918969311e-06 1 0 0 2 2 2 2 0 2 0 1 2
7.772541798443362e-06 1 0 0 2 2 2 2 0 2 0 2 1
-0.007740690186737913 1 0 0 2 3 0 1 0 0 2 0 0
-0.0009748880734084158 1 0 0 2 3 0 1 0 0 2 0 3
-0.0009991908148365067 1 0 0 2 3 0 1 0 0 2 3 0
-0.0008662227058100667 1 0 0 2 3 0 1 0 3 2 0 0
-0.0008660825691670952 1 0 0 2 3 0 1 3 0 2 0 0
0.007740690186737913 1 0 0 2 3 0 2 0 0 1 0 0
0.0009748880734084158 1 0 0 2 3 0 2 0 0 1 0 3
0.0009991908148365067 1 0 0 2 3 0 2 0 0 1 3 0
0.0008662227058100667 1 0 0 2 3 0 2 0 3 1 0 0
0.0008660825691670952 1 0 0 2 3 0 2 3 0 1 0 0
0.0012454138199019828 1 0 0 2 3 0 3 1 0 2 0 0
-0.0012454138199019828 1 0 0 2 3 0 3 2 0 1 0 0
-0.00019997290416316223 1 0 0 2 3 3 1 0 0 2 0 0
0.00019997290416316223 1 0 0 2 3 3 2 0 0 1 0 0
0.00028746306144497466 1 0 0 3 0 1 1 1 3 1 1 0
-1.7991565131759478e-05 1 0 0 3 0 1 1 1 3 2 2 0
0.00030545462657673416 1 0 0 3 0 1 1 2 3 2 1 0
0.00030545462657673416 1 0 0 3 0 1 2 1 3 1 2 0
-1.7991565131759478e-05 1 0 0 3 0 1 2 2 3 1 1 0
0.00028746306144497466 1 0 0 3 0 1 2 2 3 2 2 0
-5.594789906225409e-05 1 0 0 3 0 1 3 3 3 1 1 0
-5.594789906225409e-05 1 0 0 3 0 1 3 3 3 2 2 0
-0.00508427160423714 1 0 0 3 0 2 1 0 0 0 0 2
-0.0005928106652298763 1 0 0 3 0 2 1 0 0 0 3 2
-0.0006858582178583387 1 0 0 3 0 2 1 0 0 3 0 2
-5.594363479897053e-05 1 0 0 3 0 2 1 0 1 1 3 2
-5.594363479897055e-05 1 0 0 3 0 2 1 0 2 2 3 2
-0.0005752256244704283 1 0 0 3 0 2 1 0 3 0 0 2
-0.0006348352381727503 1 0 0 3 0 2 1 3 0 0 0 2
-5.773729388612164e-05 1 0 0 3 0 2 1 3 1 1 0 2
-5.773729388612164e-05 1 0 0 3 0 2 1 3 2 2 0 2
0.00508427160423714 1 0 0 3 0 2 2 0 0 0 0 1
0.0005928106652298763 1 0 0 3 0 2 2 0 0 0 3 1
0.0006858582178583387 1 0 0 3 0 2 2 0 0 3 0 1
5.594363479897055e-05 1 0 0 3 0 2 2 0 1 1 3 1
5.594363479897053e-05 1 0 0 3 0 2 2 0 2 2 3 1
0.0005752256244704283 1 0 0 3 0 2 2 0 3 0 0 1
0.0006348352381727503 1 0 0 3 0 2 2 3 0 0 0 1
5.773729388612164e-05 1 0 0 3 0 2 2 3 1 1 0 1
5.773729388612164e-05 1 0 0 3 0 2 2 3 2 2 0 1
5.773729388612181e-05 1 0 0 3 0 2 3 1 0 0 0 2
-2.8481756444590798e-05 1 0 0 3 0 2 3 1 1 1 0 2
-2.8481756444590798e-05 1 0 0 3 0 2 3 1 2 2 0 2
-5.773729388612181e-05 1 0 0 3 0 2 3 2 0 0 0 1
2.8481756444590798e-05 1 0 0 3 0 2 3 2 1 1 0 1
2.8481756444590798e-05 1 0 0 3 0 2 3 2 2 2 0 1
-0.0051389675954439384 1 0 0 3 2 0 1 0 0 0 2 0
-0.0006030319724230354 1 0 0 3 2 0 1 0 0 0 2 3
-0.0006907759547522129 1 0 0 3 2 0 1 0 0 3 2 0
-5.6916072710021504e-05 1 0 0 3 2 0 1 0 1 1 2 3
-5.691607271002151e-05 1 0 0 3 2 0 1 0 2 2 2 3
-0.0005814138335487434 1 0 0 3 2 0 1 0 3 0 2 0
-0.000641664720408893 1 0 0 3 2 0 1 3 0 0 2 0
-5.835842484931956e-05 1 0 0 3 2 0 1 3 1 1 2 0
-5.835842484931956e-05 1 0 0 3 2 0 1 3 2 2 2 0
0.0051389675954439384 1 0 0 3 2 0 2 0 0 0 1 0
0.0006030319724230354 1 0 0 3 2 0 2 0 0 0 1 3
0.0006907759547522129 1 0 0 3 2 0 2 0 0 3 1 0
5.691607271002151e-05 1 0 0 3 2 0 2 0 1 1 1 3
5.6916072710021504e-05 1 0 0 3 2 0 2 0 2 2 1 3
0.0005814138335487434 1 0 0 3 2 0 2 0 3 0 1 0
0.000641664720408893 1 0 0 3 2 0 2 3 0 0 1 0
5.835842484931956e-05 1 0 0 3 2 0 2 3 1 1 1 0
5.835842484931956e-05 1 0 0 3 2 0 2 3 2 2 1 0
5.835842484931977e-05 1 0 0 3 2 0 3 1 0 0 2 0
-2.8788159804070912e-05 1 0 0 3 2 0 3 1 1 1 2 0
-2.8788159804070912e-05 1 0 0 3 2 0 3 1 2 2 2 0
-5.835842484931977e-05 1 0 0 3 2 0 3 2 0 0 1 0
2.8788159804070912e-05 1 0 0 3 2 0 3 2 1 1 1 0
2.8788159804070912e-05 1 0 0 3 2 0 3 2 2 2 1 0
-0.000569564011259105 1 0 0 3 2 3 1 0 0 0 2 0
-6.206592562899082e-05 1 0 0 3 2 3 1 0 1 1 2 0
-6.206592562899084e-05 1 0 0 3 2 3 1 0 2 2 2 0
0.0002798740810487628 1 0 0 3 2 3 1 1 3 1 3 2
1.7669261137783658e-05 1 0 0 3 2 3 1 1 3 2 3 1
0.00029754334218654645 1 0 0 3 2 3 1 2 3 2 3 2
0.000569564011259105 1 0 0 3 2 3 2 0 0 0 1 0
6.206592562899084e-05 1 0 0 3 2 3 2 0 1 1 1 0
6.206592562899082e-05 1 0 0 3 2 3 2 0 2 2 1 0
-0.00029754334218654645 1 0 0 3 2 3 2 1 3 1 3 1
-1.7669261137783658e-05 1 0 0 3 2 3 2 2 3 1 3 2
-0.0002798740810487628 1 0 0 3 2 3 2 2 3 2 3 1
-5.743547978667008e-05 1 0 0 3 2 3 3 3 3 1 3 2
5.743547978667008e-05 1 0 0 3 2 3 3 3 3 2 3 1
-0.0005604154579171149 1 0 0 3 3 2 1 0 0 0 0 2
-6.37161765974139e-05 1 0 0 3 3 2 1 0 1 1 0 2
-6.37161765974139e-05 1 0 0 3 3 2 1 0 2 2 0 2
0.0005604154579171149 1 0 0 3 3 2 2 0 0 0 0 1
6.37161765974139e-05 1 0 0 3 3 2 2 0 1 1 0 1
6.37161765974139e-05 1 0 0 3 3 2 2 0 2 2 0 1
1.5195949835612906e-05 1 0 1 0 0 0 1 0 1 0 0 0
-6.7045529025977365e-06 1 0 1 0 0 0 1 1 0 0 2 2
6.7045529025977365e-06 1 0 1 0 0 0 1 2 0 0 1 2
1.5195949835612906e-05 1 0 1 0 0 0 2 0 2 0 0 0
6.7045529025977365e-06 1 0 1 0 0 0 2 1 0 0 2 1
-6.7045529025977365e-06 1 0 1 0 0 0 2 2 0 0 1 1
-0.00524622019681054 1 0 1 0 0 0 3 3 0 0 1 1
-0.00524622019681054 1 0 1 0 0 0 3 3 0 0 2 2
-0.005462895482972677 1 0 1 0 0 3 0 3 0 0 1 1
-0.005462895482972677 1 0 1 0 0 3 0 3 0 0 2 2
-0.001698027133035187 1 0 1 0 0 3 1 1 0 3 1 1
-0.0016978534389907626 1 0 1 0 0 3 1 1 0 3 2 2
0.0018137181325708928 1 0 1 0 0 3 1 1 3 0 1 1
0.001813544438526468 1 0 1 0 0 3 1 1 3 0 2 2
-1.7369404442462833e-07 1 0 1 0 0 3 1 2 0 3 1 2
1.7369404442465247e-07 1 0 1 0 0 3 1 2 3 0 1 2
-1.7369404442462833e-07 1 0 1 0 0 3 2 1 0 3 2 1
1.7369404442465247e-07 1 0 1 0 0 3 2 1 3 0 2 1
-0.0016978534389907626 1 0 1 0 0 3 2 2 0 3 1 1
-0.001698027133035187 1 0 1 0 0 3 2 2 0 3 2 2
0.001813544438526468 1 0 1 0 0 3 2 2 3 0 1 1
0.0018137181325708928 1 0 1 0 0 3 2 2 3 0 2 2
-0.0060573033413242 1 0 1 0 0 3 3 0 0 0 1 1
-0.0060573033413242 1 0 1 0 0 3 3 0 0 0 2 2
-0.04839706825172331 1 0 1 0 0 3 3 3 0 0 1 1
-0.04839706825172331 1 0 1 0 0 3 3 3 0 0 2 2
-0.006060117599335579 1 0 1 0 0 3 3 3 0 3 1 1
-0.006060117599335579 1 0 1 0 0 3 3 3 0 3 2 2
-0.0054647450077680414 1 0 1 0 0 3 3 3 3 0 1 1
-0.0054647450077680414 1 0 1 0 0 3 3 3 3 0 2 2
-0.0049093067808904985 1 0 1 0 1 1 0 3 0 0 3 0
-6.530904772543361e-06 1 0 1 0 1 1 1 1 0 0 3 3
-0.0017738486808352625 1 0 1 0 1 1 1 1 0 3 3 0
0.0019027786376386738 1 0 1 0 1 1 1 1 3 0 3 0
-6.530904772543361e-06 1 0 1 0 1 1 2 2 0 0 3 3
-0.0017738486808352625 1 0 1 0 1 1 2 2 0 3 3 0
0.0019027786376386738 1 0 1 0 1 1 2 2 3 0 3 0
-0.005443479645576499 1 0 1 0 1 1 3 0 0 0 3 0
-0.004943397968017695 1 0 1 0 1 1 3 3 0 0 0 0
-0.043492696516704316 1 0 1 0 1 1 3 3 0 0 3 0
-0.004980255776542432 1 0 1 0 1 1 3 3 0 0 3 3
-0.0054460087175643304 1 0 1 0 1 1 3 3 0 3 3 0
-0.0049109688819956 1 0 1 0 1 1 3 3 3 0 3 0
-0.004894587588637085 1 0 1 0 2 2 0 3 0 0 3 0
0.00012232143970533616 1 0 1 0 2 2 1 0 1 0 2 2
-6.635364014109627e-05 1 0 1 0 2 2 1 0 2 0 1 2
-5.596779956423989e-05 1 0 1 0 2 2 1 0 2 0 2 1
-6.776679687937133e-06 1 0 1 0 2 2 1 1 0 0 0 0
-0.0017723702623077776 1 0 1 0 2 2 1 1 0 3 3 0
0.0019013002191111891 1 0 1 0 2 2 1 1 3 0 3 0
-5.596779956423989e-05 1 0 1 0 2 2 2 0 1 0 1 2
-6.635364014109627e-05 1 0 1 0 2 2 2 0 1 0 2 1
0.00012232143970533616 1 0 1 0 2 2 2 0 2 0 1 1
-6.776679687937133e-06 1 0 1 0 2 2 2 2 0 0 0 0
-0.0017723702623077776 1 0 1 0 2 2 2 2 0 3 3 0
0.0019013002191111891 1 0 1 0 2 2 2 2 3 0 3 0
-0.005427158884416763 1 0 1 0 2 2 3 0 0 0 3 0
-0.00492857656281246 1 0 1 0 2 2 3 3 0 0 0 0
-0.04336229575133748 1 0 1 0 2 2 3 3 0 0 3 0
-0.004965323863439865 1 0 1 0 2 2 3 3 0 0 3 3
-0.005429680373684983 1 0 1 0 2 2 3 3 0 3 3 0
-0.0048962447063938645 1 0 1 0 2 2 3 3 3 0 3 0
-6.601163471884634e-06 1 0 1 0 3 3 1 1 0 0 1 1
-6.601163471884634e-06 1 0 1 0 3 3 1 2 0 0 1 2
-6.601163471884634e-06 1 0 1 0 3 3 2 1 0 0 2 1
-6.601163471884634e-06 1 0 1 0 3 3 2 2 0 0 2 2
-0.005202025891558466 1 0 1 0 3 3 3 3 0 0 1 1
-0.005202025891558466 1 0 1 0 3 3 3 3 0 0 2 2
-6.924509875520821e-05 1 0 1 1 0 1 1 1 0 1 1 0
-7.595142441127327e-05 1 0 1 1 0 1 1 1 0 2 2 0
6.706325656065062e-06 1 0 1 1 0 1 1 2 0 2 1 0
6.706325656065062e-06 1 0 1 1 0 1 2 1 0 1 2 0
-7.595142441127327e-05 1 0 1 1 0 1 2 2 0 1 1 0
-6.924509875520821e-05 1 0 1 1 0 1 2 2 0 2 2 0
0.00026737696418714315 1 0 1 1 0 1 3 3 0 1 1 0
0.00026737696418714315 1 0 1 1 0 1 3 3 0 2 2 0
-7.280892237162649e-05 1 0 1 1 0 2 1 0 0 0 0 2
-6.37161765974139e-05 1 0 1 1 0 2 1 0 3 0 3 2
0.00036697887875226264 1 0 1 1 0 2 1 1 1 0 2 0
3.076212608776419e-05 1 0 1 1 0 2 1 1 2 0 1 0
-0.0003977410048400269 1 0 1 1 0 2 1 2 1 0 1 0
1.3038036447545153e-05 1 0 1 1 0 2 1 3 3 0 0 2
7.280892237162649e-05 1 0 1 1 0 2 2 0 0 0 0 1
6.37161765974139e-05 1 0 1 1 0 2 2 0 3 0 3 1
0.0003977410048400269 1 0 1 1 0 2 2 1 2 0 2 0
-3.076212608776419e-05 1 0 1 1 0 2 2 2 1 0 2 0
-0.00036697887875226264 1 0 1 1 0 2 2 2 2 0 1 0
-1.3038036447545153e-05 1 0 1 1 0 2 2 3 3 0 0 1
-1.2795777737056994e-05 1 0 1 1 0 2 3 1 3 0 0 2
1.2795777737056994e-05 1 0 1 1 0 2 3 2 3 0 0 1
5.833357899435163e-05 1 0 1 1 0 2 3 3 1 0 2 0
-5.833357899435163e-05 1 0 1 1 0 2 3 3 2 0 1 0
0.00035747411430479424 1 0 1 1 1 3 1 1 1 0 3 1
-2.9965386059123714e-05 1 0 1 1 1 3 1 1 2 0 3 2
0.00038743950036391794 1 0 1 1 1 3 1 2 1 0 3 2
0.00038743950036391794 1 0 1 1 1 3 2 1 2 0 3 1
-2.9965386059123714e-05 1 0 1 1 1 3 2 2 1 0 3 1
0.00035747411430479424 1 0 1 1 1 3 2 2 2 0 3 2
5.988459179648801e-05 1 0 1 1 1 3 3 3 1 0 3 1
5.988459179648801e-05 1 0 1 1 1 3 3 3 2 0 3 2
-6.985057760061495e-05 1 0 1 1 2 0 1 0 0 0 2 0
-6.206592562899084e-05 1 0 1 1 2 0 1 0 3 0 2 3
1.3178298098062512e-05 1 0 1 1 2 0 1 3 3 0 2 0
6.985057760061495e-05 1 0 1 1 2 0 2 0 0 0 1 0
6.206592562899084e-05 1 0 1 1 2 0 2 0 3 0 1 3
-1.3178298098062512e-05 1 0 1 1 2 0 2 3 3 0 1 0
-1.2933433197085328e-05 1 0 1 1 2 0 3 1 3 0 2 0
1.2933433197085328e-05 1 0 1 1 2 0 3 2 3 0 1 0
-5.691607271002151e-05 1 0 1 1 2 3 1 0 3 0 2 0
-6.776551518006007e-05 1 0 1 1 2 3 1 1 0 1 3 2
7.429814679170048e-05 1 0 1 1 2 3 1 1 0 2 3 1
6.532631611640415e-06 1 0 1 1 2 3 1 2 0 2 3 2
5.691607271002151e-05 1 0 1 1 2 3 2 0 3 0 1 0
-6.532631611640415e-06 1 0 1 1 2 3 2 1 0 1 3 1
-7.429814679170048e-05 1 0 1 1 2 3 2 2 0 1 3 2
6.776551518006007e-05 1 0 1 1 2 3 2 2 0 2 3 1
0.00027448616443852465 1 0 1 1 2 3 3 3 0 1 3 2
-0.00027448616443852465 1 0 1 1 2 3 3 3 0 2 3 1
-5.594363479897055e-05 1 0 1 1 3 2 1 0 3 0 0 2
5.594363479897055e-05 1 0 1 1 3 2 2 0 3 0 0 1
-0.00037915369161990655 1 0 1 2 0 1 1 1 1 0 2 0
1.2174812867643932e-05 1 0 1 2 0 1 1 1 2 0 1 0
0.0003669788787522626 1 0 1 2 0 1 1 2 1 0 1 0
-0.0003669788787522626 1 0 1 2 0 1 2 1 2 0 2 0
-1.2174812867643932e-05 1 0 1 2 0 1 2 2 1 0 2 0
0.00037915369161990655 1 0 1 2 0 1 2 2 2 0 1 0
-4.3817433227199155e-08 1 0 1 2 0 1 3 3 1 0 2 0
4.3817433227199155e-08 1 0 1 2 0 1 3 3 2 0 1 0
7.925741539742255e-05 1 0 1 2 0 2 1 0 1 2 0 2
-3.137517799048701e-05 1 0 1 2 0 2 1 0 2 1 0 2
-4.7882237406935534e-05 1 0 1 2 0 2 1 0 2 2 0 1
6.706325656065089e-06 1 0 1 2 0 2 1 1 0 1 1 0
-8.0003568764683e-05 1 0 1 2 0 2 1 1 0 2 2 0
8.67098944207481e-05 1 0 1 2 0 2 1 2 0 2 1 0
-4.7882237406935534e-05 1 0 1 2 0 2 2 0 1 1 0 2
-3.137517799048701e-05 1 0 1 2 0 2 2 0 1 2 0 1
7.925741539742255e-05 1 0 1 2 0 2 2 0 2 1 0 1
8.67098944207481e-05 1 0 1 2 0 2 2 1 0 1 2 0
-8.0003568764683e-05 1 0 1 2 0 2 2 2 0 1 1 0
6.706325656065089e-06 1 0 1 2 0 2 2 2 0 2 2 0
0.0002675779561274229 1 0 1 2 0 2 3 3 0 1 1 0
0.0002675779561274229 1 0 1 2 0 2 3 3 0 2 2 0
-6.532631611640415e-06 1 0 1 2 1 3 1 1 0 1 3 2
-7.793147382927258e-05 1 0 1 2 1 3 1 1 0 2 3 1
-8.4464105440913e-05 1 0 1 2 1 3 1 2 0 2 3 2
8.4464105440913e-05 1 0 1 2 1 3 2 1 0 1 3 1
7.793147382927258e-05 1 0 1 2 1 3 2 2 0 1 3 2
6.532631611640415e-06 1 0 1 2 1 3 2 2 0 2 3 1
-0.00027469250048897 1 0 1 2 1 3 3 3 0 1 3 2
0.00027469250048897 1 0 1 2 1 3 3 3 0 2 3 1
7.764941276750964e-05 1 0 1 2 2 0 1 0 1 2 2 0
-3.171270843595914e-05 1 0 1 2 2 0 1 0 2 1 2 0
-4.59367043315505e-05 1 0 1 2 2 0 1 0 2 2 1 0
-4.59367043315505e-05 1 0 1 2 2 0 2 0 1 1 2 0
-3.171270843595914e-05 1 0 1 2 2 0 2 0 1 2 1 0
7.764941276750964e-05 1 0 1 2 2 0 2 0 2 1 1 0
0.00037077331530522005 1 0 1 2 2 3 1 1 1 0 3 1
1.3299201000425853e-05 1 0 1 2 2 3 1 1 2 0 3 2
0.0003574741143047942 1 0 1 2 2 3 1 2 1 0 3 2
0.0003574741143047942 1 0 1 2 2 3 2 1 2 0 3 1
1.3299201000425853e-05 1 0 1 2 2 3 2 2 1 0 3 1
0.00037077331530522005 1 0 1 2 2 3 2 2 2 0 3 2
4.498248089033959e-08 1 0 1 2 2 3 3 3 1 0 3 1
4.498248089033959e-08 1 0 1 2 2 3 3 3 2 0 3 2
6.507500786613477e-05 1 0 1 3 0 0 1 0 3 1 0 0
6.507500786613488e-05 1 0 1 3 0 0 2 0 3 2 0 0
6.489737533673725e-05 1 0 1 3 0 3 1 1 0 0 1 1
6.489737533673725e-05 1 0 1 3 0 3 1 1 0 0 2 2
-0.008056624617320911 1 0 1 3 0 3 1 1 1 1 1 1
-0.00805503113726363 1 0 1 3 0 3 1 1 1 1 2 2
-9.50476444746842e-06 1 0 1 3 0 3 1 1 1 2 2 1
7.911284390187609e-06 1 0 1 3 0 3 1 1 2 1 1 2
0.0003847551171142664 1 0 1 3 0 3 1 1 2 2 1 1
0.0003847551171142664 1 0 1 3 0 3 1 1 2 2 2 2
-9.504764447468432e-06 1 0 1 3 0 3 1 2 1 1 1 2
-0.008431874969987709 1 0 1 3 0 3 1 2 1 2 1 1
-0.008449291018825364 1 0 1 3 0 3 1 2 1 2 2 2
7.911284390187597e-06 1 0 1 3 0 3 1 2 2 2 1 2
7.911284390187597e-06 1 0 1 3 0 3 2 1 1 1 2 1
-0.008449291018825364 1 0 1 3 0 3 2 1 2 1 1 1
-0.008431874969987709 1 0 1 3 0 3 2 1 2 1 2 2
-9.504764447468432e-06 1 0 1 3 0 3 2 1 2 2 2 1
6.489737533673725e-05 1 0 1 3 0 3 2 2 0 0 1 1
6.489737533673725e-05 1 0 1 3 0 3 2 2 0 0 2 2
0.0003847551171142664 1 0 1 3 0 3 2 2 1 1 1 1
0.0003847551171142664 1 0 1 3 0 3 2 2 1 1 2 2
7.911284390187609e-06 1 0 1 3 0 3 2 2 1 2 2 1
-9.50476444746842e-06 1 0 1 3 0 3 2 2 2 1 1 2
-0.00805503113726363 1 0 1 3 0 3 2 2 2 2 1 1
-0.008056624617320911 1 0 1 3 0 3 2 2 2 2 2 2
0.0027465045801973605 1 0 1 3 0 3 3 3 0 0 1 1
0.0027465045801973605 1 0 1 3 0 3 3 3 0 0 2 2
6.489737533674098e-05 1 0 1 3 0 3 3 3 1 1 1 1
6.489737533674098e-05 1 0 1 3 0 3 3 3 1 1 2 2
6.489737533674098e-05 1 0 1 3 0 3 3 3 2 2 1 1
6.489737533674098e-05 1 0 1 3 0 3 3 3 2 2 2 2
5.832092629187017e-05 1 0 1 3 1 1 1 1 0 0 3 0
-0.008434184828883537 1 0 1 3 1 1 1 1 1 1 3 0
0.0004025456903057462 1 0 1 3 1 1 1 1 2 2 3 0
-0.008836730519189285 1 0 1 3 1 1 1 2 1 2 3 0
-0.008836730519189285 1 0 1 3 1 1 2 1 2 1 3 0
5.832092629187017e-05 1 0 1 3 1 1 2 2 0 0 3 0
0.0004025456903057462 1 0 1 3 1 1 2 2 1 1 3 0
-0.008434184828883537 1 0 1 3 1 1 2 2 2 2 3 0
0.002461069882987701 1 0 1 3 1 1 3 3 0 0 3 0
5.832092629187355e-05 1 0 1 3 1 1 3 3 1 1 3 0
5.832092629187355e-05 1 0 1 3 1 1 3 3 2 2 3 0
-1.2922394717412673e-05 1 0 1 3 2 2 1 0 3 1 2 2
7.772541798443342e-06 1 0 1 3 2 2 1 0 3 2 1 2
5.149852918969331e-06 1 0 1 3 2 2 1 0 3 2 2 1
5.814606719978234e-05 1 0 1 3 2 2 1 1 0 0 3 0
-0.00842739793262613 1 0 1 3 2 2 1 1 1 1 3 0
0.0004022180422016048 1 0 1 3 2 2 1 1 2 2 3 0
-0.008829615974827737 1 0 1 3 2 2 1 2 1 2 3 0
5.149852918969331e-06 1 0 1 3 2 2 2 0 3 1 1 2
7.772541798443342e-06 1 0 1 3 2 2 2 0 3 1 2 1
-1.2922394717412673e-05 1 0 1 3 2 2 2 0 3 2 1 1
-0.008829615974827737 1 0 1 3 2 2 2 1 2 1 3 0
5.814606719978234e-05 1 0 1 3 2 2 2 2 0 0 3 0
0.0004022180422016048 1 0 1 3 2 2 2 2 1 1 3 0
-0.00842739793262613 1 0 1 3 2 2 2 2 2 2 3 0
0.0024678988065297454 1 0 1 3 2 2 3 3 0 0 3 0
5.81460671997857e-05 1 0 1 3 2 2 3 3 1 1 3 0
5.81460671997857e-05 1 0 1 3 2 2 3 3 2 2 3 0
-0.0013790218582994803 1 0 2 0 0 0 0 1 2 0 0 0
0.0013790218582994803 1 0 2 0 0 0 0 2 1 0 0 0
0.0013801428410319498 1 0 2 0 0 0 1 0 0 2 0 0
458.7645401630225 1 0 2 0 0 0 1 0 2 0 0 0
-0.05841272087834406 1 0 2 0 0 0 1 0 2 0 0 3
-0.059165705115850224 1 0 2 0 0 0 1 0 2 0 3 0
0.0016818694511654723 1 0 2 0 0 0 1 0 2 0 3 3
-0.05814735852411358 1 0 2 0 0 0 1 0 2 3 0 0
-0.0063042133192400445 1 0 2 0 0 0 1 0 2 3 0 3
-0.006269828465333592 1 0 2 0 0 0 1 0 2 3 3 0
0.011567774107753571 1 0 2 0 0 0 1 0 3 2 0 0
0.0013269624635650417 1 0 2 0 0 0 1 0 3 2 0 3
0.0013171636322643976 1 0 2 0 0 0 1 0 3 2 3 0
-0.05824255477874607 1 0 2 0 0 0 1 3 2 0 0 0
-0.0063134664605065585 1 0 2 0 0 0 1 3 2 0 0 3
-0.006260281642964208 1 0 2 0 0 0 1 3 2 0 3 0
0.0021939646468696478 1 0 2 0 0 0 1 3 2 3 0 0
0.0014056631026662164 1 0 2 0 0 0 1 3 3 2 0 0
-0.0013801428410319498 1 0 2 0 0 0 2 0 0 1 0 0
-458.76454016302245 1 0 2 0 0 0 2 0 1 0 0 0
0.05841272087834406 1 0 2 0 0 0 2 0 1 0 0 3
0.059165705115850224 1 0 2 0 0 0 2 0 1 0 3 0
-0.0016818694511654723 1 0 2 0 0 0 2 0 1 0 3 3
0.05814735852411358 1 0 2 0 0 0 2 0 1 3 0 0
0.0063042133192400445 1 0 2 0 0 0 2 0 1 3 0 3
0.006269828465333592 1 0 2 0 0 0 2 0 1 3 3 0
-0.011567774107753571 1 0 2 0 0 0 2 0 3 1 0 0
-0.0013269624635650417 1 0 2 0 0 0 2 0 3 1 0 3
-0.0013171636322643976 1 0 2 0 0 0 2 0 3 1 3 0
0.05824255477874607 1 0 2 0 0 0 2 3 1 0 0 0
0.0063134664605065585 1 0 2 0 0 0 2 3 1 0 0 3
0.006260281642964208 1 0 2 0 0 0 2 3 1 0 3 0
-0.0021939646468696478 1 0 2 0 0 0 2 3 1 3 0 0
-0.0014056631026662164 1 0 2 0 0 0 2 3 3 1 0 0
-0.011586712350133711 1 0 2 0 0 0 3 1 2 0 0 0
-0.0013267696816803753 1 0 2 0 0 0 3 1 2 0 0 3
-0.001316950542849367 1 0 2 0 0 0 3 1 2 0 3 0
-0.0014056631026662153 1 0 2 0 0 0 3 1 2 3 0 0
0.0038383391279932797 1 0 2 0 0 0 3 1 3 2 0 0
0.011586712350133711 1 0 2 0 0 0 3 2 1 0 0 0
0.0013267696816803753 1 0 2 0 0 0 3 2 1 0 0 3
0.001316950542849367 1 0 2 0 0 0 3 2 1 0 3 0
0.0014056631026662153 1 0 2 0 0 0 3 2 1 3 0 0
-0.0038383391279932797 1 0 2 0 0 0 3 2 3 1 0 0
-0.058412720878344045 1 0 2 0 0 3 1 0 2 0 0 0
-0.0075318098518539125 1 0 2 0 0 3 1 0 2 0 0 3
-0.007470382502494043 1 0 2 0 0 3 1 0 2 0 3 0
-0.006670199590536577 1 0 2 0 0 3 1 0 2 3 0 0
0.0012541535411934156 1 0 2 0 0 3 1 0 3 2 0 0
-0.006669230540029503 1 0 2 0 0 3 1 3 2 0 0 0
0.058412720878344045 1 0 2 0 0 3 2 0 1 0 0 0
0.0075318098518539125 1 0 2 0 0 3 2 0 1 0 0 3
0.007470382502494043 1 0 2 0 0 3 2 0 1 0 3 0
0.006670199590536577 1 0 2 0 0 3 2 0 1 3 0 0
-0.0012541535411934156 1 0 2 0 0 3 2 0 3 1 0 0
0.006669230540029503 1 0 2 0 0 3 2 3 1 0 0 0
-0.0012559943513467083 1 0 2 0 0 3 3 1 2 0 0 0
0.0012559943513467083 1 0 2 0 0 3 3 2 1 0 0 0
-6.635364014109627e-05 1 0 2 0 1 2 1 0 1 0 2 2
0.00921860559380061 1 0 2 0 1 2 1 0 2 0 1 2
-0.009152251953659516 1 0 2 0 1 2 1 0 2 0 2 1
-0.009152251953659516 1 0 2 0 1 2 2 0 1 0 1 2
0.00921860559380061 1 0 2 0 1 2 2 0 1 0 2 1
-6.635364014109627e-05 1 0 2 0 1 2 2 0 2 0 1 1
-1.471919225341343e-05 1 0 2 0 2 1 0 3 0 0 3 0
-5.596779956423989e-05 1 0 2 0 2 1 1 0 1 0 2 2
-0.009152251953659516 1 0 2 0 2 1 1 0 2 0 1 2
0.009208219753223756 1 0 2 0 2 1 1 0 2 0 2 1
6.776679687937133e-06 1 0 2 0 2 1 1 1 0 0 0 0
-6.530904772543361e-06 1 0 2 0 2 1 1 1 0 0 3 3
-1.47841852748497e-06 1 0 2 0 2 1 1 1 0 3 3 0
1.478418527484975e-06 1 0 2 0 2 1 1 1 3 0 3 0
0.009208219753223756 1 0 2 0 2 1 2 0 1 0 1 2
-0.009152251953659516 1 0 2 0 2 1 2 0 1 0 2 1
-5.596779956423989e-05 1 0 2 0 2 1 2 0 2 0 1 1
6.776679687937133e-06 1 0 2 0 2 1 2 2 0 0 0 0
-6.530904772543361e-06 1 0 2 0 2 1 2 2 0 0 3 3
-1.47841852748497e-06 1 0 2 0 2 1 2 2 0 3 3 0
1.478418527484975e-06 1 0 2 0 2 1 2 2 3 0 3 0
-1.6320761159735402e-05 1 0 2 0 2 1 3 0 0 0 3 0
-1.4821405205234965e-05 1 0 2 0 2 1 3 3 0 0 0 0
-0.00013040076536683938 1 0 2 0 2 1 3 3 0 0 3 0
-1.4931913102567203e-05 1 0 2 0 2 1 3 3 0 0 3 3
-1.6328343879347978e-05 1 0 2 0 2 1 3 3 0 3 3 0
-1.4724175601735811e-05 1 0 2 0 2 1 3 3 3 0 3 0
-0.0591657051158502 1 0 2 0 3 0 1 0 2 0 0 0
-0.007470382502494043 1 0 2 0 3 0 1 0 2 0 0 3
-0.007431127837308371 1 0 2 0 3 0 1 0 2 0 3 0
-0.006620944119998476 1 0 2 0 3 0 1 0 2 3 0 0
0.0012473130546637823 1 0 2 0 3 0 1 0 3 2 0 0
-0.006619872990280844 1 0 2 0 3 0 1 3 2 0 0 0
0.0591657051158502 1 0 2 0 3 0 2 0 1 0 0 0
0.007470382502494043 1 0 2 0 3 0 2 0 1 0 0 3
0.007431127837308371 1 0 2 0 3 0 2 0 1 0 3 0
0.006620944119998476 1 0 2 0 3 0 2 0 1 3 0 0
-0.0012473130546637823 1 0 2 0 3 0 2 0 3 1 0 0
0.006619872990280844 1 0 2 0 3 0 2 3 1 0 0 0
-0.0012454138199019847 1 0 2 0 3 0 3 1 2 0 0 0
0.0012454138199019847 1 0 2 0 3 0 3 2 1 0 0 0
0.0016818694511654723 1 0 2 0 3 3 1 0 2 0 0 0
-0.0016818694511654723 1 0 2 0 3 3 2 0 1 0 0 0
7.280892237162649e-05 1 0 2 1 0 1 1 0 0 0 0 2
-7.280892237162659e-05 1 0 2 1 0 1 1 0 3 3 0 2
1.2174812867643898e-05 1 0 2 1 0 1 1 1 1 0 2 0
-4.293693895540812e-05 1 0 2 1 0 1 1 1 2 0 1 0
3.076212608776423e-05 1 0 2 1 0 1 1 2 1 0 1 0
-7.280892237162649e-05 1 0 2 1 0 1 2 0 0 0 0 1
7.280892237162659e-05 1 0 2 1 0 1 2 0 3 3 0 1
-3.076212608776423e-05 1 0 2 1 0 1 2 1 2 0 2 0
4.293693895540812e-05 1 0 2 1 0 1 2 2 1 0 2 0
-1.2174812867643898e-05 1 0 2 1 0 1 2 2 2 0 1 0
0.0002778472611319961 1 0 2 1 0 1 3 1 3 0 0 2
-0.0002778472611319961 1 0 2 1 0 1 3 2 3 0 0 1
-5.828976156112443e-05 1 0 2 1 0 1 3 3 1 0 2 0
5.828976156112443e-05 1 0 2 1 0 1 3 3 2 0 1 0
-3.137517799048701e-05 1 0 2 1 0 2 1 0 1 2 0 2
0.0003973614492870214 1 0 2 1 0 2 1 0 2 1 0 2
-0.0003659862712965344 1 0 2 1 0 2 1 0 2 2 0 1
-0.0003659862712965344 1 0 2 1 0 2 2 0 1 1 0 2
0.0003973614492870214 1 0 2 1 0 2 2 0 1 2 0 1
-3.137517799048701e-05 1 0 2 1 0 2 2 0 2 1 0 1
6.985057760061495e-05 1 0 2 1 1 0 1 0 0 0 2 0
-6.985057760061503e-05 1 0 2 1 1 0 1 0 3 3 2 0
-6.985057760061495e-05 1 0 2 1 1 0 2 0 0 0 1 0
6.985057760061503e-05 1 0 2 1 1 0 2 0 3 3 1 0
0.0002808363090300361 1 0 2 1 1 0 3 1 3 0 2 0
-0.0002808363090300361 1 0 2 1 1 0 3 2 3 0 1 0
-3.171270843595914e-05 1 0 2 1 2 0 1 0 1 2 2 0
0.0003828283631008423 1 0 2 1 2 0 1 0 2 1 2 0
-0.00035111565466488316 1 0 2 1 2 0 1 0 2 2 1 0
-0.00035111565466488316 1 0 2 1 2 0 2 0 1 1 2 0
0.0003828283631008423 1 0 2 1 2 0 2 0 1 2 1 0
-3.171270843595914e-05 1 0 2 1 2 0 2 0 2 1 1 0
-1.3299201000425808e-05 1 0 2 1 2 3 1 1 1 0 3 1
-4.3264587059549564e-05 1 0 2 1 2 3 1 1 2 0 3 2
2.9965386059123758e-05 1 0 2 1 2 3 1 2 1 0 3 2
2.9965386059123758e-05 1 0 2 1 2 3 2 1 2 0 3 1
-4.3264587059549564e-05 1 0 2 1 2 3 2 2 1 0 3 1
-1.3299201000425808e-05 1 0 2 1 2 3 2 2 2 0 3 2
5.983960931559767e-05 1 0 2 1 2 3 3 3 1 0 3 1
5.983960931559767e-05 1 0 2 1 2 3 3 3 2 0 3 2
-4.7882237406935534e-05 1 0 2 2 0 1 1 0 1 2 0 2
-0.0003659862712965344 1 0 2 2 0 1 1 0 2 1 0 2
0.00041386850870346993 1 0 2 2 0 1 1 0 2 2 0 1
-7.59514244112733e-05 1 0 2 2 0 1 1 1 0 1 1 0
4.0521443534097174e-06 1 0 2 2 0 1 1 1 0 2 2 0
-8.000356876468301e-05 1 0 2 2 0 1 1 2 0 2 1 0
0.00041386850870346993 1 0 2 2 0 1 2 0 1 1 0 2
-0.0003659862712965344 1 0 2 2 0 1 2 0 1 2 0 1
-4.7882237406935534e-05 1 0 2 2 0 1 2 0 2 1 0 1
-8.000356876468301e-05 1 0 2 2 0 1 2 1 0 1 2 0
4.0521443534097174e-06 1 0 2 2 0 1 2 2 0 1 1 0
-7.59514244112733e-05 1 0 2 2 0 1 2 2 0 2 2 0
-2.009919402797744e-07 1 0 2 2 0 1 3 3 0 1 1 0
-2.009919402797744e-07 1 0 2 2 0 1 3 3 0 2 2 0
-6.37161765974139e-05 1 0 2 2 0 2 1 0 3 0 3 2
-7.280892237162659e-05 1 0 2 2 0 2 1 0 3 3 0 2
1.3038036447545153e-05 1 0 2 2 0 2 1 3 3 0 0 2
6.37161765974139e-05 1 0 2 2 0 2 2 0 3 0 3 1
7.280892237162659e-05 1 0 2 2 0 2 2 0 3 3 0 1
-1.3038036447545153e-05 1 0 2 2 0 2 2 3 3 0 0 1
0.00026505148339493913 1 0 2 2 0 2 3 1 3 0 0 2
-0.00026505148339493913 1 0 2 2 0 2 3 2 3 0 0 1
-4.59367043315505e-05 1 0 2 2 1 0 1 0 1 2 2 0
-0.00035111565466488316 1 0 2 2 1 0 1 0 2 1 2 0
0.00039705235899643366 1 0 2 2 1 0 1 0 2 2 1 0
0.00039705235899643366 1 0 2 2 1 0 2 0 1 1 2 0
-0.00035111565466488316 1 0 2 2 1 0 2 0 1 2 1 0
-4.59367043315505e-05 1 0 2 2 1 0 2 0 2 1 1 0
-6.206592562899082e-05 1 0 2 2 2 0 1 0 3 0 2 3
-6.985057760061503e-05 1 0 2 2 2 0 1 0 3 3 2 0
1.3178298098062512e-05 1 0 2 2 2 0 1 3 3 0 2 0
6.206592562899082e-05 1 0 2 2 2 0 2 0 3 0 1 3
6.985057760061503e-05 1 0 2 2 2 0 2 0 3 3 1 0
-1.3178298098062512e-05 1 0 2 2 2 0 2 3 3 0 1 0
0.0002679028758329508 1 0 2 2 2 0 3 1 3 0 2 0
-0.0002679028758329508 1 0 2 2 2 0 3 2 3 0 1 0
-5.6916072710021504e-05 1 0 2 2 2 3 1 0 3 0 2 0
-7.429814679170048e-05 1 0 2 2 2 3 1 1 0 1 3 2
-3.633327037572094e-06 1 0 2 2 2 3 1 1 0 2 3 1
-7.793147382927258e-05 1 0 2 2 2 3 1 2 0 2 3 2
5.6916072710021504e-05 1 0 2 2 2 3 2 0 3 0 1 0
7.793147382927258e-05 1 0 2 2 2 3 2 1 0 1 3 1
3.633327037572094e-06 1 0 2 2 2 3 2 2 0 1 3 2
7.429814679170048e-05 1 0 2 2 2 3 2 2 0 2 3 1
-2.063360504453777e-07 1 0 2 2 2 3 3 3 0 1 3 2
2.063360504453777e-07 1 0 2 2 2 3 3 3 0 2 3 1
-5.594363479897053e-05 1 0 2 2 3 2 1 0 3 0 0 2
5.594363479897053e-05 1 0 2 2 3 2 2 0 3 0 0 1
-0.005440016627149279 1 0 2 3 0 0 0 1 3 2 0 0
0.005440016627149279 1 0 2 3 0 0 0 2 3 1 0 0
0.011567774107753545 1 0 2 3 0 0 1 0 0 2 0 0
0.0012541535411934146 1 0 2 3 0 0 1 0 0 2 0 3
0.0012473130546637823 1 0 2 3 0 0 1 0 0 2 3 0
-0.05814735852411358 1 0 2 3 0 0 1 0 2 0 0 0
-0.006670199590536577 1 0 2 3 0 0 1 0 2 0 0 3
-0.006620944119998476 1 0 2 3 0 0 1 0 2 0 3 0
-0.007343294449556476 1 0 2 3 0 0 1 0 2 3 0 0
-91.26549880011284 1 0 2 3 0 0 1 0 3 2 0 0
0.011620565014311551 1 0 2 3 0 0 1 0 3 2 0 3
0.011770362903454843 1 0 2 3 0 0 1 0 3 2 3 0
-0.00043072359784130905 1 0 2 3 0 0 1 0 3 2 3 3
-0.0006575389726822634 1 0 2 3 0 0 1 3 0 2 0 0
-0.007334119411839292 1 0 2 3 0 0 1 3 2 0 0 0
0.011586712350133681 1 0 2 3 0 0 1 3 3 2 0 0
0.0012559943513467055 1 0 2 3 0 0 1 3 3 2 0 3
0.001245413819901982 1 0 2 3 0 0 1 3 3 2 3 0
-0.011567774107753545 1 0 2 3 0 0 2 0 0 1 0 0
-0.0012541535411934146 1 0 2 3 0 0 2 0 0 1 0 3
-0.0012473130546637823 1 0 2 3 0 0 2 0 0 1 3 0
0.05814735852411358 1 0 2 3 0 0 2 0 1 0 0 0
0.006670199590536577 1 0 2 3 0 0 2 0 1 0 0 3
0.006620944119998476 1 0 2 3 0 0 2 0 1 0 3 0
0.007343294449556476 1 0 2 3 0 0 2 0 1 3 0 0
91.26549880011284 1 0 2 3 0 0 2 0 3 1 0 0
-0.011620565014311551 1 0 2 3 0 0 2 0 3 1 0 3
-0.011770362903454843 1 0 2 3 0 0 2 0 3 1 3 0
0.00043072359784130905 1 0 2 3 0 0 2 0 3 1 3 3
0.0006575389726822634 1 0 2 3 0 0 2 3 0 1 0 0
0.007334119411839292 1 0 2 3 0 0 2 3 1 0 0 0
-0.011586712350133681 1 0 2 3 0 0 2 3 3 1 0 0
-0.0012559943513467055 1 0 2 3 0 0 2 3 3 1 0 3
-0.001245413819901982 1 0 2 3 0 0 2 3 3 1 3 0
-0.005436192420189168 1 0 2 3 0 0 3 1 0 2 0 0
0.0006575389726822651 1 0 2 3 0 0 3 1 2 0 0 0
-0.04805467101586386 1 0 2 3 0 0 3 1 3 2 0 0
-0.0055026377319393 1 0 2 3 0 0 3 1 3 2 0 3
-0.005461913886216337 1 0 2 3 0 0 3 1 3 2 3 0
0.005436192420189168 1 0 2 3 0 0 3 2 0 1 0 0
-0.0006575389726822651 1 0 2 3 0 0 3 2 1 0 0 0
0.04805467101586386 1 0 2 3 0 0 3 2 3 1 0 0
0.0055026377319393 1 0 2 3 0 0 3 2 3 1 0 3
0.005461913886216337 1 0 2 3 0 0 3 2 3 1 3 0
0.0013269624635650408 1 0 2 3 0 3 1 0 0 2 0 0
-0.0063042133192400445 1 0 2 3 0 3 1 0 2 0 0 0
0.01162056501431155 1 0 2 3 0 3 1 0 3 2 0 0
0.0014920040540839397 1 0 2 3 0 3 1 0 3 2 0 3
0.0014867147199295293 1 0 2 3 0 3 1 0 3 2 3 0
0.001326769681680372 1 0 2 3 0 3 1 3 3 2 0 0
-0.0013269624635650408 1 0 2 3 0 3 2 0 0 1 0 0
0.0063042133192400445 1 0 2 3 0 3 2 0 1 0 0 0
-0.01162056501431155 1 0 2 3 0 3 2 0 3 1 0 0
-0.0014920040540839397 1 0 2 3 0 3 2 0 3 1 0 3
-0.0014867147199295293 1 0 2 3 0 3 2 0 3 1 3 0
-0.001326769681680372 1 0 2 3 0 3 2 3 3 1 0 0
-0.00520910449209977 1 0 2 3 0 3 3 1 3 2 0 0
0.00520910449209977 1 0 2 3 0 3 3 2 3 1 0 0
7.772541798443362e-06 1 0 2 3 1 2 1 0 3 1 2 2
-0.001925210859569282 1 0 2 3 1 2 1 0 3 2 1 2
0.0019174383177708383 1 0 2 3 1 2 1 0 3 2 2 1
0.0019174383177708383 1 0 2 3 1 2 2 0 3 1 1 2
-0.001925210859569282 1 0 2 3 1 2 2 0 3 1 2 1
7.772541798443362e-06 1 0 2 3 1 2 2 0 3 2 1 1
5.149852918969311e-06 1 0 2 3 2 1 1 0 3 1 2 2
0.0019174383177708385 1 0 2 3 2 1 1 0 3 2 1 2
-0.0019225881706898076 1 0 2 3 2 1 1 0 3 2 2 1
1.748590920878382e-07 1 0 2 3 2 1 1 1 0 0 3 0
-6.786896257405695e-06 1 0 2 3 2 1 1 1 1 1 3 0
3.2764810414143645e-07 1 0 2 3 2 1 1 1 2 2 3 0
-7.114544361547131e-06 1 0 2 3 2 1 1 2 1 2 3 0
-0.0019225881706898076 1 0 2 3 2 1 2 0 3 1 1 2
0.0019174383177708385 1 0 2 3 2 1 2 0 3 1 2 1
5.149852918969311e-06 1 0 2 3 2 1 2 0 3 2 1 1
-7.114544361547131e-06 1 0 2 3 2 1 2 1 2 1 3 0
1.748590920878382e-07 1 0 2 3 2 1 2 2 0 0 3 0
3.2764810414143645e-07 1 0 2 3 2 1 2 2 1 1 3 0
-6.786896257405695e-06 1 0 2 3 2 1 2 2 2 2 3 0
-6.8289235420450325e-06 1 0 2 3 2 1 3 3 0 0 3 0
1.7485909208785233e-07 1 0 2 3 2 1 3 3 1 1 3 0
1.7485909208785233e-07 1 0 2 3 2 1 3 3 2 2 3 0
0.001317163632264397 1 0 2 3 3 0 1 0 0 2 0 0
-0.006269828465333592 1 0 2 3 3 0 1 0 2 0 0 0
0.01177036290345484 1 0 2 3 3 0 1 0 3 2 0 0
0.0014867147199295293 1 0 2 3 3 0 1 0 3 2 0 3
0.0014721674467381137 1 0 2 3 3 0 1 0 3 2 3 0
0.0013169505428493639 1 0 2 3 3 0 1 3 3 2 0 0
-0.001317163632264397 1 0 2 3 3 0 2 0 0 1 0 0
0.006269828465333592 1 0 2 3 3 0 2 0 1 0 0 0
-0.01177036290345484 1 0 2 3 3 0 2 0 3 1 0 0
-0.0014867147199295293 1 0 2 3 3 0 2 0 3 1 0 3
-0.0014721674467381137 1 0 2 3 3 0 2 0 3 1 3 0
-0.0013169505428493639 1 0 2 3 3 0 2 3 3 1 0 0
-0.005165222850579315 1 0 2 3 3 0 3 1 3 2 0 0
0.005165222850579315 1 0 2 3 3 0 3 2 3 1 0 0
-0.00043072359784130905 1 0 2 3 3 3 1 0 3 2 0 0
0.00043072359784130905 1 0 2 3 3 3 2 0 3 1 0 0
0.0005535887020821787 1 0 3 0 0 1 0 3 1 0 1 0
0.0005535887020821787 1 0 3 0 0 1 0 3 2 0 2 0
5.7917032924630675e-05 1 0 3 0 0 1 1 1 1 0 1 3
5.828976156112465e-05 1 0 3 0 0 1 1 1 1 3 1 0
1.736481300543763e-07 1 0 3 0 0 1 1 1 2 0 2 3
-4.3817433226670606e-08 1 0 3 0 0 1 1 1 2 3 2 0
1.799156513175944e-05 1 0 3 0 0 1 1 1 3 1 1 0
4.875369121952369e-05 1 0 3 0 0 1 1 1 3 2 2 0
5.7743384794576295e-05 1 0 3 0 0 1 1 2 2 0 1 3
5.833357899435132e-05 1 0 3 0 0 1 1 2 2 3 1 0
-3.0762126087764254e-05 1 0 3 0 0 1 1 2 3 2 1 0
5.7743384794576295e-05 1 0 3 0 0 1 2 1 1 0 2 3
5.833357899435132e-05 1 0 3 0 0 1 2 1 1 3 2 0
-3.0762126087764254e-05 1 0 3 0 0 1 2 1 3 1 2 0
1.736481300543763e-07 1 0 3 0 0 1 2 2 1 0 1 3
-4.3817433226670606e-08 1 0 3 0 0 1 2 2 1 3 1 0
5.7917032924630675e-05 1 0 3 0 0 1 2 2 2 0 2 3
5.828976156112465e-05 1 0 3 0 0 1 2 2 2 3 2 0
4.875369121952369e-05 1 0 3 0 0 1 2 2 3 1 1 0
1.799156513175944e-05 1 0 3 0 0 1 2 2 3 2 2 0
0.0006138236957477003 1 0 3 0 0 1 3 0 1 0 1 0
0.0006138236957477003 1 0 3 0 0 1 3 0 2 0 2 0
0.004904371735018991 1 0 3 0 0 1 3 3 1 0 1 0
0.0005615891315053046 1 0 3 0 0 1 3 3 1 0 1 3
0.0006442752597706512 1 0 3 0 0 1 3 3 1 3 1 0
0.004904371735018991 1 0 3 0 0 1 3 3 2 0 2 0
0.0005615891315053046 1 0 3 0 0 1 3 3 2 0 2 3
0.0006442752597706512 1 0 3 0 0 1 3 3 2 3 2 0
-0.00011419384319015238 1 0 3 0 0 1 3 3 3 1 1 0
-0.00011419384319015238 1 0 3 0 0 1 3 3 3 2 2 0
-0.005084271604237128 1 0 3 0 0 2 1 0 0 0 0 2
-0.0008711882615388407 1 0 3 0 0 2 1 0 0 0 3 2
-0.0005752256244704283 1 0 3 0 0 2 1 0 0 3 0 2
-0.001003962251747936 1 0 3 0 0 2 1 0 3 0 0 2
-0.0005778717252835683 1 0 3 0 0 2 1 3 0 0 0 2
0.005084271604237128 1 0 3 0 0 2 2 0 0 0 0 1
0.0008711882615388407 1 0 3 0 0 2 2 0 0 0 3 1
0.0005752256244704283 1 0 3 0 0 2 2 0 0 3 0 1
0.001003962251747936 1 0 3 0 0 2 2 0 3 0 0 1
0.0005778717252835683 1 0 3 0 0 2 2 3 0 0 0 1
-5.773729388612201e-05 1 0 3 0 0 2 3 1 0 0 0 2
5.773729388612201e-05 1 0 3 0 0 2 3 2 0 0 0 1
-0.005138967595443926 1 0 3 0 2 0 1 0 0 0 2 0
-0.0008741995802733576 1 0 3 0 2 0 1 0 0 0 2 3
-0.0005814138335487434 1 0 3 0 2 0 1 0 0 3 2 0
-0.0009959549050855441 1 0 3 0 2 0 1 0 3 0 2 0
6.444793769717405e-05 1 0 3 0 2 0 1 1 1 0 3 2
6.444793769717405e-05 1 0 3 0 2 0 1 2 2 0 3 2
-0.0005840884008007508 1 0 3 0 2 0 1 3 0 0 2 0
0.005138967595443926 1 0 3 0 2 0 2 0 0 0 1 0
0.0008741995802733576 1 0 3 0 2 0 2 0 0 0 1 3
0.0005814138335487434 1 0 3 0 2 0 2 0 0 3 1 0
0.0009959549050855441 1 0 3 0 2 0 2 0 3 0 1 0
-6.444793769717405e-05 1 0 3 0 2 0 2 1 1 0 3 1
-6.444793769717405e-05 1 0 3 0 2 0 2 2 2 0 3 1
0.0005840884008007508 1 0 3 0 2 0 2 3 0 0 1 0
-5.835842484931997e-05 1 0 3 0 2 0 3 1 0 0 2 0
5.835842484931997e-05 1 0 3 0 2 0 3 2 0 0 1 0
0.0005457670501958542 1 0 3 0 2 0 3 3 1 0 3 2
-0.0005457670501958542 1 0 3 0 2 0 3 3 2 0 3 1
0.0005683078943355921 1 0 3 0 2 3 0 3 1 0 3 2
-0.0005683078943355921 1 0 3 0 2 3 0 3 2 0 3 1
-0.0008182317807091178 1 0 3 0 2 3 1 0 0 0 2 0
5.8364581283045324e-05 1 0 3 0 2 3 1 1 1 0 0 2
5.98396093155979e-05 1 0 3 0 2 3 1 1 1 3 3 2
1.755162160524996e-07 1 0 3 0 2 3 1 1 2 0 0 1
4.498248088983815e-08 1 0 3 0 2 3 1 1 2 3 3 1
1.766926113778361e-05 1 0 3 0 2 3 1 1 3 1 3 2
-4.7634647196907406e-05 1 0 3 0 2 3 1 1 3 2 3 1
5.854009749909783e-05 1 0 3 0 2 3 1 2 2 0 0 2
5.988459179648775e-05 1 0 3 0 2 3 1 2 2 3 3 2
-2.9965386059123792e-05 1 0 3 0 2 3 1 2 3 2 3 2
0.0008182317807091178 1 0 3 0 2 3 2 0 0 0 1 0
-5.854009749909783e-05 1 0 3 0 2 3 2 1 1 0 0 1
-5.988459179648775e-05 1 0 3 0 2 3 2 1 1 3 3 1
2.9965386059123792e-05 1 0 3 0 2 3 2 1 3 1 3 1
-1.755162160524996e-07 1 0 3 0 2 3 2 2 1 0 0 2
-4.498248088983815e-08 1 0 3 0 2 3 2 2 1 3 3 2
-5.8364581283045324e-05 1 0 3 0 2 3 2 2 2 0 0 1
-5.98396093155979e-05 1 0 3 0 2 3 2 2 2 3 3 1
4.7634647196907406e-05 1 0 3 0 2 3 2 2 3 1 3 2
-1.766926113778361e-05 1 0 3 0 2 3 2 2 3 2 3 1
0.0006301444569074358 1 0 3 0 2 3 3 0 1 0 3 2
-0.0006301444569074358 1 0 3 0 2 3 3 0 2 0 3 1
0.0005722543355820574 1 0 3 0 2 3 3 3 1 0 0 2
0.005034772500385832 1 0 3 0 2 3 3 3 1 0 3 2
0.0006614056877888054 1 0 3 0 2 3 3 3 1 3 3 2
-0.0005722543355820574 1 0 3 0 2 3 3 3 2 0 0 1
-0.005034772500385832 1 0 3 0 2 3 3 3 2 0 3 1
-0.0006614056877888054 1 0 3 0 2 3 3 3 2 3 3 1
-0.00011723010662137841 1 0 3 0 2 3 3 3 3 1 3 2
0.00011723010662137841 1 0 3 0 2 3 3 3 3 2 3 1
6.514126097098247e-05 1 0 3 0 3 1 1 1 1 0 1 0
6.514126097098247e-05 1 0 3 0 3 1 1 2 2 0 1 0
6.514126097098247e-05 1 0 3 0 3 1 2 1 1 0 2 0
6.514126097098247e-05 1 0 3 0 3 1 2 2 2 0 2 0
0.0005271531865256706 1 0 3 0 3 1 3 3 1 0 1 0
0.0005271531865256706 1 0 3 0 3 1 3 3 2 0 2 0
-0.0008048346213977444 1 0 3 0 3 2 1 0 0 0 0 2
0.0008048346213977444 1 0 3 0 3 2 2 0 0 0 0 1
0.011567774107753543 1 0 3 1 0 0 1 0 1 0 0 0
0.0013269624635650408 1 0 3 1 0 0 1 0 1 0 0 3
0.001317163632264397 1 0 3 1 0 0 1 0 1 0 3 0
0.0013801428410319498 1 0 3 1 0 0 1 0 1 3 0 0
-3.075399441201771e-05 1 0 3 1 0 0 1 1 3 0 2 2
3.075399441201771e-05 1 0 3 1 0 0 1 2 3 0 1 2
0.0014056631026662207 1 0 3 1 0 0 1 3 1 0 0 0
0.011567774107753543 1 0 3 1 0 0 2 0 2 0 0 0
0.0013269624635650408 1 0 3 1 0 0 2 0 2 0 0 3
0.001317163632264397 1 0 3 1 0 0 2 0 2 0 3 0
0.0013801428410319498 1 0 3 1 0 0 2 0 2 3 0 0
3.075399441201771e-05 1 0 3 1 0 0 2 1 3 0 2 1
-3.075399441201771e-05 1 0 3 1 0 0 2 2 3 0 1 1
0.0014056631026662207 1 0 3 1 0 0 2 3 2 0 0 0
-0.00096553463045876 1 0 3 1 0 0 3 1 1 0 0 0
-0.00096553463045876 1 0 3 1 0 0 3 2 2 0 0 0
0.0011437070702740358 1 0 3 1 0 0 3 3 3 0 1 1
0.0011437070702740358 1 0 3 1 0 0 3 3 3 0 2 2
0.001190943565777588 1 0 3 1 0 3 0 3 3 0 1 1
0.001190943565777588 1 0 3 1 0 3 0 3 3 0 2 2
0.0012541535411934146 1 0 3 1 0 3 1 0 1 0 0 0
-0.00011783094741826353 1 0 3 1 0 3 1 1 0 0 1 1
-0.00011703420738962307 1 0 3 1 0 3 1 1 0 0 2 2
0.0006485091902378808 1 0 3 1 0 3 1 1 3 3 1 1
0.0006477124502092405 1 0 3 1 0 3 1 1 3 3 2 2
-7.967400286404667e-07 1 0 3 1 0 3 1 2 0 0 1 2
7.967400286404512e-07 1 0 3 1 0 3 1 2 3 3 1 2
0.0012541535411934146 1 0 3 1 0 3 2 0 2 0 0 0
-7.967400286404667e-07 1 0 3 1 0 3 2 1 0 0 2 1
7.967400286404512e-07 1 0 3 1 0 3 2 1 3 3 2 1
-0.00011703420738962307 1 0 3 1 0 3 2 2 0 0 1 1
-0.00011783094741826353 1 0 3 1 0 3 2 2 0 0 2 2
0.0006477124502092405 1 0 3 1 0 3 2 2 3 3 1 1
0.0006485091902378808 1 0 3 1 0 3 2 2 3 3 2 2
0.001320527998896958 1 0 3 1 0 3 3 0 3 0 1 1
0.001320527998896958 1 0 3 1 0 3 3 0 3 0 2 2
0.001321141523809073 1 0 3 1 0 3 3 3 0 0 1 1
0.001321141523809073 1 0 3 1 0 3 3 3 0 0 2 2
0.010550847479425762 1 0 3 1 0 3 3 3 3 0 1 1
0.010550847479425762 1 0 3 1 0 3 3 3 3 0 2 2
0.0011913467731356 1 0 3 1 0 3 3 3 3 3 1 1
0.0011913467731356 1 0 3 1 0 3 3 3 3 3 2 2
0.0010702579504501687 1 0 3 1 1 1 0 3 3 0 3 0
-0.00010506038646225886 1 0 3 1 1 1 1 1 0 0 3 0
-2.995746499403363e-05 1 0 3 1 1 1 1 1 3 0 3 3
0.0006964661414287642 1 0 3 1 1 1 1 1 3 3 3 0
-0.00010506038646225886 1 0 3 1 1 1 2 2 0 0 3 0
-2.995746499403363e-05 1 0 3 1 1 1 2 2 3 0 3 3
0.0006964661414287642 1 0 3 1 1 1 2 2 3 3 3 0
0.0011867107982473954 1 0 3 1 1 1 3 0 3 0 3 0
0.0011872621509175462 1 0 3 1 1 1 3 3 0 0 3 0
0.0010776900311270556 1 0 3 1 1 1 3 3 3 0 0 0
0.009481665398200221 1 0 3 1 1 1 3 3 3 0 3 0
0.0010857252516521447 1 0 3 1 1 1 3 3 3 0 3 3
0.0010706202983338073 1 0 3 1 1 1 3 3 3 3 3 0
-7.142922698827439e-08 1 0 3 1 2 1 1 1 1 2 3 0
-1.4795835751481543e-06 1 0 3 1 2 1 1 1 2 1 3 0
-1.5510128021364288e-06 1 0 3 1 2 1 1 2 2 2 3 0
1.5510128021364288e-06 1 0 3 1 2 1 2 1 1 1 3 0
1.4795835751481543e-06 1 0 3 1 2 1 2 2 1 2 3 0
7.142922698827439e-08 1 0 3 1 2 1 2 2 2 1 3 0
-8.020841388060735e-07 1 0 3 1 2 1 3 3 1 2 3 0
8.020841388060735e-07 1 0 3 1 2 1 3 3 2 1 3 0
0.001067049079373963 1 0 3 1 2 2 0 3 3 0 3 0
-0.00010473808246828302 1 0 3 1 2 2 1 1 0 0 3 0
-3.108484223819045e-05 1 0 3 1 2 2 1 1 3 0 0 0
0.0006961438374347884 1 0 3 1 2 2 1 1 3 3 3 0
-0.00010473808246828302 1 0 3 1 2 2 2 2 0 0 3 0
-3.108484223819045e-05 1 0 3 1 2 2 2 2 3 0 0 0
0.0006961438374347884 1 0 3 1 2 2 2 2 3 3 3 0
0.0011831527756653484 1 0 3 1 2 2 3 0 3 0 3 0
0.0011837024752577197 1 0 3 1 2 2 3 3 0 0 3 0
0.0010744588770220623 1 0 3 1 2 2 3 3 3 0 0 0
0.009453237259135477 1 0 3 1 2 2 3 3 3 0 3 0
0.0010824700061711208 1 0 3 1 2 2 3 3 3 0 3 3
0.0010674103408581563 1 0 3 1 2 2 3 3 3 3 3 0
0.0012473130546637823 1 0 3 1 3 0 1 0 1 0 0 0
0.0012473130546637823 1 0 3 1 3 0 2 0 2 0 0 0
-3.0279743851151745e-05 1 0 3 1 3 3 1 1 3 0 1 1
-3.0279743851151745e-05 1 0 3 1 3 3 1 2 3 0 1 2
-3.0279743851151745e-05 1 0 3 1 3 3 2 1 3 0 2 1
-3.0279743851151745e-05 1 0 3 1 3 3 2 2 3 0 2 2
0.0011340724500166976 1 0 3 1 3 3 3 3 3 0 1 1
0.0011340724500166976 1 0 3 1 3 3 3 3 3 0 2 2
-0.007607459196691907 1 0 3 2 0 0 1 0 0 2 0 0
-0.0008726668331417846 1 0 3 2 0 0 1 0 0 2 0 3
-0.0008662227058100667 1 0 3 2 0 0 1 0 0 2 3 0
-0.0013134152702540848 1 0 3 2 0 0 1 0 3 2 0 0
-0.0011927415602953095 1 0 3 2 0 0 1 3 0 2 0 0
0.007607459196691907 1 0 3 2 0 0 2 0 0 1 0 0
0.0008726668331417846 1 0 3 2 0 0 2 0 0 1 0 3
0.0008662227058100667 1 0 3 2 0 0 2 0 0 1 3 0
0.0013134152702540848 1 0 3 2 0 0 2 0 3 1 0 0
0.0011927415602953095 1 0 3 2 0 0 2 3 0 1 0 0
-0.0006575389726822639 1 0 3 2 0 0 3 1 0 2 0 0
0.0006575389726822639 1 0 3 2 0 0 3 2 0 1 0 0
-0.0008247845957348493 1 0 3 2 0 3 1 0 0 2 0 0
1.7247068465610827e-06 1 0 3 2 0 3 1 1 1 1 1 2
8.40525880403782e-05 1 0 3 2 0 3 1 1 1 2 1 1
8.370519995152884e-05 1 0 3 2 0 3 1 1 1 2 2 2
0.001756218182715859 1 0 3 2 0 3 1 1 2 1 1 1
0.0017562181827158593 1 0 3 2 0 3 1 1 2 1 2 2
2.0720949354104086e-06 1 0 3 2 0 3 1 1 2 2 2 1
2.0720949354104344e-06 1 0 3 2 0 3 1 2 1 2 1 2
1.724706846561057e-06 1 0 3 2 0 3 1 2 2 1 1 2
0.0018381986758208271 1 0 3 2 0 3 1 2 2 2 1 1
0.0018419954776027984 1 0 3 2 0 3 1 2 2 2 2 2
0.0008247845957348493 1 0 3 2 0 3 2 0 0 1 0 0
-0.0018419954776027984 1 0 3 2 0 3 2 1 1 1 1 1
-0.0018381986758208271 1 0 3 2 0 3 2 1 1 1 2 2
-1.724706846561057e-06 1 0 3 2 0 3 2 1 1 2 2 1
-2.0720949354104344e-06 1 0 3 2 0 3 2 1 2 1 2 1
-2.0720949354104086e-06 1 0 3 2 0 3 2 2 1 1 1 2
-0.0017562181827158593 1 0 3 2 0 3 2 2 1 2 1 1
-0.001756218182715859 1 0 3 2 0 3 2 2 1 2 2 2
-8.370519995152884e-05 1 0 3 2 0 3 2 2 2 1 1 1
-8.40525880403782e-05 1 0 3 2 0 3 2 2 2 1 2 2
-1.7247068465610827e-06 1 0 3 2 0 3 2 2 2 2 2 1
0.000297686295783768 1 0 3 2 0 3 3 3 1 2 1 1
0.000297686295783768 1 0 3 2 0 3 3 3 1 2 2 2
-0.000297686295783768 1 0 3 2 0 3 3 3 2 1 1 1
-0.000297686295783768 1 0 3 2 0 3 3 3 2 1 2 2
8.775734430493857e-05 1 0 3 2 1 1 1 1 1 2 3 0
0.0018387022387387733 1 0 3 2 1 1 1 1 2 1 3 0
0.0019264595830437118 1 0 3 2 1 1 1 2 2 2 3 0
-0.0019264595830437118 1 0 3 2 1 1 2 1 1 1 3 0
-0.0018387022387387733 1 0 3 2 1 1 2 2 1 2 3 0
-8.775734430493857e-05 1 0 3 2 1 1 2 2 2 1 3 0
0.00026751991778436443 1 0 3 2 1 1 3 3 1 2 3 0
-0.00026751991778436443 1 0 3 2 1 1 3 3 2 1 3 0
3.20887107620579e-06 1 0 3 2 2 1 0 3 3 0 3 0
-3.223039939758331e-07 1 0 3 2 2 1 1 1 0 0 3 0
3.108484223819045e-05 1 0 3 2 2 1 1 1 3 0 0 0
-2.995746499403363e-05 1 0 3 2 2 1 1 1 3 0 3 3
3.22303993975832e-07 1 0 3 2 2 1 1 1 3 3 3 0
-3.223039939758331e-07 1 0 3 2 2 1 2 2 0 0 3 0
3.108484223819045e-05 1 0 3 2 2 1 2 2 3 0 0 0
-2.995746499403363e-05 1 0 3 2 2 1 2 2 3 0 3 3
3.22303993975832e-07 1 0 3 2 2 1 2 2 3 3 3 0
3.558022582047105e-06 1 0 3 2 2 1 3 0 3 0 3 0
3.559675659826421e-06 1 0 3 2 2 1 3 3 0 0 3 0
3.2311541049934384e-06 1 0 3 2 2 1 3 3 3 0 0 0
2.842813906474461e-05 1 0 3 2 2 1 3 3 3 0 3 0
3.2552454810239066e-06 1 0 3 2 2 1 3 3 3 0 3 3
3.209957475650758e-06 1 0 3 2 2 1 3 3 3 3 3 0
8.76859150779503e-05 1 0 3 2 2 2 1 1 1 2 3 0
0.001837222655163625 1 0 3 2 2 2 1 1 2 1 3 0
0.0019249085702415752 1 0 3 2 2 2 1 2 2 2 3 0
-0.0019249085702415752 1 0 3 2 2 2 2 1 1 1 3 0
-0.001837222655163625 1 0 3 2 2 2 2 2 1 2 3 0
-8.76859150779503e-05 1 0 3 2 2 2 2 2 2 1 3 0
0.0002667178336455584 1 0 3 2 2 2 3 3 1 2 3 0
-0.0002667178336455584 1 0 3 2 2 2 3 3 2 1 3 0
-0.0008202860014785164 1 0 3 2 3 0 1 0 0 2 0 0
0.0008202860014785164 1 0 3 2 3 0 2 0 0 1 0 0
-0.00012068561532741921 1 0 3 3 0 1 0 3 3 1 1 0
-0.00012068561532741921 1 0 3 3 0 1 0 3 3 2 2 0
0.000267376964187143 1 0 3 3 0 1 1 1 0 1 1 0
-2.0099194027967275e-07 1 0 3 3 0 1 1 1 0 2 2 0
-1.5936956003587554e-05 1 0 3 3 0 1 1 1 1 0 1 0
-8.252787345614036e-05 1 0 3 3 0 1 1 1 2 0 2 0
0.0002656672462431625 1 0 3 3 0 1 1 1 3 1 1 3
7.965294179840756e-07 1 0 3 3 0 1 1 1 3 2 2 3
0.0002675779561274227 1 0 3 3 0 1 1 2 0 2 1 0
6.659091745255281e-05 1 0 3 3 0 1 1 2 2 0 1 0
0.0002648707168251785 1 0 3 3 0 1 1 2 3 2 1 3
0.0002675779561274227 1 0 3 3 0 1 2 1 0 1 2 0
6.659091745255281e-05 1 0 3 3 0 1 2 1 1 0 2 0
0.0002648707168251785 1 0 3 3 0 1 2 1 3 1 2 3
-2.0099194027967275e-07 1 0 3 3 0 1 2 2 0 1 1 0
0.000267376964187143 1 0 3 3 0 1 2 2 0 2 2 0
-8.252787345614036e-05 1 0 3 3 0 1 2 2 1 0 1 0
-1.5936956003587554e-05 1 0 3 3 0 1 2 2 2 0 2 0
7.965294179840756e-07 1 0 3 3 0 1 2 2 3 1 1 3
0.0002656672462431625 1 0 3 3 0 1 2 2 3 2 2 3
-0.0001338172006495625 1 0 3 3 0 1 3 0 3 1 1 0
-0.0001338172006495625 1 0 3 3 0 1 3 0 3 2 2 0
-0.0001404558219363942 1 0 3 3 0 1 3 3 0 1 1 0
-0.0001404558219363942 1 0 3 3 0 1 3 3 0 2 2 0
0.00025663476746645367 1 0 3 3 0 1 3 3 1 0 1 0
0.00025663476746645367 1 0 3 3 0 1 3 3 2 0 2 0
-0.0010691820812255405 1 0 3 3 0 1 3 3 3 1 1 0
-0.00012242975631906504 1 0 3 3 0 1 3 3 3 1 1 3
-0.0010691820812255405 1 0 3 3 0 1 3 3 3 2 2 0
-0.00012242975631906504 1 0 3 3 0 1 3 3 3 2 2 3
-0.0005438504464799413 1 0 3 3 0 2 1 0 0 0 0 2
-7.280892237162649e-05 1 0 3 3 0 2 1 0 1 2 0 1
-7.280892237162649e-05 1 0 3 3 0 2 1 0 2 2 0 2
0.0005438504464799413 1 0 3 3 0 2 2 0 0 0 0 1
7.280892237162649e-05 1 0 3 3 0 2 2 0 1 1 0 1
7.280892237162649e-05 1 0 3 3 0 2 2 0 2 1 0 2
-0.0005497011251127842 1 0 3 3 2 0 1 0 0 0 2 0
-6.985057760061495e-05 1 0 3 3 2 0 1 0 1 2 1 0
-6.985057760061495e-05 1 0 3 3 2 0 1 0 2 2 2 0
0.00029562471123719623 1 0 3 3 2 0 1 1 3 1 3 2
0.00029562471123719623 1 0 3 3 2 0 1 2 3 2 3 2
0.0005497011251127842 1 0 3 3 2 0 2 0 0 0 1 0
6.985057760061495e-05 1 0 3 3 2 0 2 0 1 1 1 0
6.985057760061495e-05 1 0 3 3 2 0 2 0 2 1 2 0
-0.00029562471123719623 1 0 3 3 2 0 2 1 3 1 3 1
-0.00029562471123719623 1 0 3 3 2 0 2 2 3 2 3 1
-0.00011898044889749122 1 0 3 3 2 0 3 3 3 1 3 2
0.00011898044889749122 1 0 3 3 2 0 3 3 3 2 3 1
-0.000123894486403625 1 0 3 3 2 3 0 3 3 1 3 2
0.000123894486403625 1 0 3 3 2 3 0 3 3 2 3 1
0.00027448616443852454 1 0 3 3 2 3 1 1 0 1 3 2
2.0633605044527945e-07 1 0 3 3 2 3 1 1 0 2 3 1
-1.618324432266367e-05 1 0 3 3 2 3 1 1 1 0 3 2
8.10494549286554e-05 1 0 3 3 2 3 1 1 2 0 3 1
0.0002677201645978614 1 0 3 3 2 3 1 1 3 1 0 2
8.050983870386999e-07 1 0 3 3 2 3 1 1 3 2 0 1
0.00027469250048896987 1 0 3 3 2 3 1 2 0 2 3 2
6.486621060599174e-05 1 0 3 3 2 3 1 2 2 0 3 2
0.00026852526298490006 1 0 3 3 2 3 1 2 3 2 0 2
-0.00027469250048896987 1 0 3 3 2 3 2 1 0 1 3 1
-6.486621060599174e-05 1 0 3 3 2 3 2 1 1 0 3 1
-0.00026852526298490006 1 0 3 3 2 3 2 1 3 1 0 1
-2.0633605044527945e-07 1 0 3 3 2 3 2 2 0 1 3 2
-0.00027448616443852454 1 0 3 3 2 3 2 2 0 2 3 1
-8.10494549286554e-05 1 0 3 3 2 3 2 2 1 0 3 2
1.618324432266367e-05 1 0 3 3 2 3 2 2 2 0 3 1
-8.050983870386999e-07 1 0 3 3 2 3 2 2 3 1 0 2
-0.0002677201645978614 1 0 3 3 2 3 2 2 3 2 0 1
-0.00013737522323160957 1 0 3 3 2 3 3 0 3 1 3 2
0.00013737522323160957 1 0 3 3 2 3 3 0 3 2 3 1
-0.0001441903566883085 1 0 3 3 2 3 3 3 0 1 3 2
0.0001441903566883085 1 0 3 3 2 3 3 3 0 2 3 1
0.0002634583468983332 1 0 3 3 2 3 3 3 1 0 3 2
-0.0002634583468983332 1 0 3 3 2 3 3 3 2 0 3 1
-0.0001247548339656178 1 0 3 3 2 3 3 3 3 1 0 2
-0.001097610220290285 1 0 3 3 2 3 3 3 3 1 3 2
0.0001247548339656178 1 0 3 3 2 3 3 3 3 2 0 1
0.001097610220290285 1 0 3 3 2 3 3 3 3 2 3 1
0.0002988050068360518 1 0 3 3 3 1 1 1 3 1 1 0
0.0002988050068360518 1 0 3 3 3 1 1 2 3 2 1 0
0.0002988050068360518 1 0 3 3 3 1 2 1 3 1 2 0
0.0002988050068360518 1 0 3 3 3 1 2 2 3 2 2 0
-0.00011492251638873976 1 0 3 3 3 1 3 3 3 1 1 0
-0.00011492251638873976 1 0 3 3 3 1 3 3 3 2 2 0
0.002134472240766081 1 1 0 0 0 0 0 0 0 3 0 0
0.0002313758205516852 1 1 0 0 0 0 0 0 0 3 0 3
0.00022942670418641577 1 1 0 0 0 0 0 0 0 3 3 0
0.0012364987695560681 1 1 0 0 0 0 0 0 1 1 0 0
0.0012364987695560681 1 1 0 0 0 0 0 0 2 2 0 0
-0.002134472240766066 1 1 0 0 0 0 0 0 3 0 0 0
-0.0002313758205516836 1 1 0 0 0 0 0 0 3 0 0 3
-0.00022942670418641417 1 1 0 0 0 0 0 0 3 0 3 0
0.0003439156880206308 1 1 0 0 0 0 0 3 0 3 0 0
-0.0003439156880206296 1 1 0 0 0 0 0 3 3 0 0 0
0.00031314359216228144 1 1 0 0 0 0 1 1 0 0 0 0
0.00031314359216228133 1 1 0 0 0 0 2 2 0 0 0 0
-16.814014417477033 1 1 0 0 0 0 3 0 0 3 0 0
0.002140708485334855 1 1 0 0 0 0 3 0 0 3 0 3
0.0021683038399479366 1 1 0 0 0 0 3 0 0 3 3 0
0.0001231392506130654 1 1 0 0 0 0 3 0 0 3 3 3
0.004655160536726706 1 1 0 0 0 0 3 0 1 1 0 0
0.0005340027594388451 1 1 0 0 0 0 3 0 1 1 0 3
0.0005300594655646826 1 1 0 0 0 0 3 0 1 1 3 0
0.004655160536726706 1 1 0 0 0 0 3 0 2 2 0 0
0.0005340027594388451 1 1 0 0 0 0 3 0 2 2 0 3
0.0005300594655646826 1 1 0 0 0 0 3 0 2 2 3 0
16.814014417476915 1 1 0 0 0 0 3 0 3 0 0 0
-0.0021407084853348403 1 1 0 0 0 0 3 0 3 0 0 3
-0.0021683038399479214 1 1 0 0 0 0 3 0 3 0 3 0
-0.00012313925061306456 1 1 0 0 0 0 3 0 3 0 3 3
0.002134472240766066 1 1 0 0 0 0 3 3 0 3 0 0
0.0002313758205516851 1 1 0 0 0 0 3 3 0 3 0 3
0.00022942670418641566 1 1 0 0 0 0 3 3 0 3 3 0
0.0004924580320888902 1 1 0 0 0 0 3 3 1 1 0 0
0.0004924580320888902 1 1 0 0 0 0 3 3 2 2 0 0
-0.0021344722407660513 1 1 0 0 0 0 3 3 3 0 0 0
-0.00023137582055168348 1 1 0 0 0 0 3 3 3 0 0 3
-0.00022942670418641406 1 1 0 0 0 0 3 3 3 0 3 0
0.00024441385699922996 1 1 0 0 0 3 0 0 0 3 0 0
-0.0002444138569992283 1 1 0 0 0 3 0 0 3 0 0 0
0.0021407084853348546 1 1 0 0 0 3 3 0 0 3 0 0
0.00027485287804834987 1 1 0 0 0 3 3 0 0 3 0 3
0.00028526808836348274 1 1 0 0 0 3 3 0 0 3 3 0
0.000504702634886896 1 1 0 0 0 3 3 0 1 1 0 0
0.000504702634886896 1 1 0 0 0 3 3 0 2 2 0 0
-0.00214070848533484 1 1 0 0 0 3 3 0 3 0 0 0
-0.0002748528780483479 1 1 0 0 0 3 3 0 3 0 0 3
-0.00028526808836348095 1 1 0 0 0 3 3 0 3 0 3 0
-0.0006964661414287649 1 1 0 0 0 3 3 1 1 0 1 1
-0.0006961438374347891 1 1 0 0 0 3 3 1 1 0 2 2
-3.2230399397582515e-07 1 1 0 0 0 3 3 1 2 0 2 1
-3.2230399397582515e-07 1 1 0 0 0 3 3 2 1 0 1 2
-0.0006961438374347891 1 1 0 0 0 3 3 2 2 0 1 1
-0.0006964661414287649 1 1 0 0 0 3 3 2 2 0 2 2
0.0002444138569992299 1 1 0 0 0 3 3 3 0 3 0 0
-0.00024441385699922817 1 1 0 0 0 3 3 3 3 0 0 0
-0.0006485091902378817 1 1 0 0 1 1 3 1 1 0 3 0
-0.0006485091902378817 1 1 0 0 1 1 3 2 2 0 3 0
-0.00015600654692039708 1 1 0 0 1 2 3 0 0 3 1 2
0.00015600654692039708 1 1 0 0 1 2 3 0 0 3 2 1
0.00015600654692039605 1 1 0 0 1 2 3 0 3 0 1 2
-0.00015600654692039605 1 1 0 0 1 2 3 0 3 0 2 1
1.736940444246528e-07 1 1 0 0 2 1 1 3 2 0 3 0
-1.736940444246528e-07 1 1 0 0 2 1 2 3 1 0 3 0
0.00015600654692039708 1 1 0 0 2 1 3 0 0 3 1 2
-0.00015600654692039708 1 1 0 0 2 1 3 0 0 3 2 1
-0.00015600654692039605 1 1 0 0 2 1 3 0 3 0 1 2
0.00015600654692039605 1 1 0 0 2 1 3 0 3 0 2 1
6.288368457986506e-05 1 1 0 0 2 2 1 1 0 0 2 2
-3.1441842289932536e-05 1 1 0 0 2 2 1 2 0 0 1 2
-3.1441842289932516e-05 1 1 0 0 2 2 1 2 0 0 2 1
-3.1441842289932516e-05 1 1 0 0 2 2 2 1 0 0 1 2
-3.1441842289932536e-05 1 1 0 0 2 2 2 1 0 0 2 1
6.288368457986506e-05 1 1 0 0 2 2 2 2 0 0 1 1
-0.0006477124502092411 1 1 0 0 2 2 3 1 1 0 3 0
-0.0006477124502092411 1 1 0 0 2 2 3 2 2 0 3 0
0.00024260500228447788 1 1 0 0 3 0 0 0 0 3 0 0
-0.0002426050022844762 1 1 0 0 3 0 0 0 3 0 0 0
0.0021683038399479358 1 1 0 0 3 0 3 0 0 3 0 0
0.00028594590142085486 1 1 0 0 3 0 3 0 0 3 0 3
0.00027119863287066977 1 1 0 0 3 0 3 0 0 3 3 0
0.0005019498526620585 1 1 0 0 3 0 3 0 1 1 0 0
0.0005019498526620585 1 1 0 0 3 0 3 0 2 2 0 0
-0.0021683038399479206 1 1 0 0 3 0 3 0 3 0 0 0
-0.00028594590142085307 1 1 0 0 3 0 3 0 3 0 0 3
-0.0002711986328706679 1 1 0 0 3 0 3 0 3 0 3 0
0.0002426050022844778 1 1 0 0 3 0 3 3 0 3 0 0
-0.00024260500228447611 1 1 0 0 3 0 3 3 3 0 0 0
0.0001231392506130654 1 1 0 0 3 3 3 0 0 3 0 0
-0.00012313925061306456 1 1 0 0 3 3 3 0 3 0 0 0
0.00027469250048896987 1 1 0 1 0 1 1 3 3 0 1 0
0.00027469250048896987 1 1 0 1 0 1 2 3 3 0 2 0
-1.353073933269812e-05 1 1 0 1 0 1 3 0 1 0 3 1
-2.930012455194934e-05 1 1 0 1 0 1 3 0 1 3 0 1
-1.353073933269812e-05 1 1 0 1 0 1 3 0 2 0 3 2
-2.930012455194934e-05 1 1 0 1 0 1 3 0 2 3 0 2
1.568597870753381e-05 1 1 0 1 0 1 3 3 1 0 0 1
1.568597870753381e-05 1 1 0 1 0 1 3 3 2 0 0 2
-7.077533033366666e-05 1 1 0 1 0 2 0 0 0 1 0 2
7.077533033366666e-05 1 1 0 1 0 2 0 0 0 2 0 1
7.07753303336665e-05 1 1 0 1 0 2 1 2 1 0 0 1
7.077533033366682e-05 1 1 0 1 0 2 1 2 2 0 0 2
-7.077533033366682e-05 1 1 0 1 0 2 2 1 1 0 0 1
-7.07753303336665e-05 1 1 0 1 0 2 2 1 2 0 0 2
-6.206592562899082e-05 1 1 0 1 0 2 3 0 0 1 3 2
6.206592562899082e-05 1 1 0 1 0 2 3 0 0 2 3 1
1.3412659172516202e-05 1 1 0 1 0 2 3 0 3 1 0 2
-1.3412659172516202e-05 1 1 0 1 0 2 3 0 3 2 0 1
5.9839609315598134e-05 1 1 0 1 0 2 3 1 3 0 2 0
-5.9839609315598134e-05 1 1 0 1 0 2 3 2 3 0 1 0
-1.3890503816365704e-05 1 1 0 1 1 0 3 0 1 0 1 3
-2.8109612902623993e-05 1 1 0 1 1 0 3 0 1 3 1 0
-1.3890503816365704e-05 1 1 0 1 1 0 3 0 2 0 2 3
-2.8109612902623993e-05 1 1 0 1 1 0 3 0 2 3 2 0
1.585472660698559e-05 1 1 0 1 1 0 3 3 1 0 1 0
1.585472660698559e-05 1 1 0 1 1 0 3 3 2 0 2 0
-1.139249704557675e-05 1 1 0 1 1 3 3 0 1 0 1 0
-1.139249704557675e-05 1 1 0 1 1 3 3 0 2 0 2 0
5.8289761561124896e-05 1 1 0 1 1 3 3 1 3 0 3 1
5.8289761561124896e-05 1 1 0 1 1 3 3 2 3 0 3 2
-7.153672294738195e-05 1 1 0 1 2 0 0 0 0 1 2 0
7.153672294738195e-05 1 1 0 1 2 0 0 0 0 2 1 0
7.153672294738182e-05 1 1 0 1 2 0 1 2 1 0 1 0
7.15367229473821e-05 1 1 0 1 2 0 1 2 2 0 2 0
-7.15367229473821e-05 1 1 0 1 2 0 2 1 1 0 1 0
-7.153672294738182e-05 1 1 0 1 2 0 2 1 2 0 2 0
-6.37161765974139e-05 1 1 0 1 2 0 3 0 0 1 2 3
6.37161765974139e-05 1 1 0 1 2 0 3 0 0 2 1 3
1.2867681045716782e-05 1 1 0 1 2 0 3 0 3 1 2 0
-1.2867681045716782e-05 1 1 0 1 2 0 3 0 3 2 1 0
0.0002675779561274227 1 1 0 1 2 3 1 3 3 0 3 2
-0.0002675779561274227 1 1 0 1 2 3 2 3 3 0 3 1
-5.594363479897052e-05 1 1 0 1 2 3 3 0 0 1 2 0
5.594363479897052e-05 1 1 0 1 2 3 3 0 0 2 1 0
-1.3232952773873482e-05 1 1 0 1 3 1 3 0 1 0 0 1
-1.3232952773873482e-05 1 1 0 1 3 1 3 0 2 0 0 2
-5.6916072710021504e-05 1 1 0 1 3 2 3 0 0 1 0 2
5.6916072710021504e-05 1 1 0 1 3 2 3 0 0 2 0 1
6.206592562899089e-05 1 1 0 2 0 1 3 0 0 1 3 2
-6.206592562899089e-05 1 1 0 2 0 1 3 0 0 2 3 1
-1.3412659172516202e-05 1 1 0 2 0 1 3 0 3 1 0 2
1.3412659172516202e-05 1 1 0 2 0 1 3 0 3 2 0 1
4.498248088988558e-08 1 1 0 2 0 1 3 1 3 0 2 0
-4.498248088988558e-08 1 1 0 2 0 1 3 2 3 0 1 0
7.077533033366655e-05 1 1 0 2 0 1 3 3 0 1 0 2
-7.077533033366655e-05 1 1 0 2 0 1 3 3 0 2 0 1
0.0002935332398395303 1 1 0 2 0 2 0 0 1 0 0 1
0.0002935332398395303 1 1 0 2 0 2 0 0 2 0 0 2
0.00040230894049882176 1 1 0 2 0 2 1 1 0 2 0 2
-0.00035576407952294303 1 1 0 2 0 2 1 2 0 1 0 2
-4.654486097587878e-05 1 1 0 2 0 2 1 2 0 2 0 1
-4.654486097587878e-05 1 1 0 2 0 2 2 1 0 1 0 2
-0.00035576407952294303 1 1 0 2 0 2 2 1 0 2 0 1
0.00040230894049882176 1 1 0 2 0 2 2 2 0 1 0 1
0.0002846983471830205 1 1 0 2 0 2 3 0 1 0 3 1
-2.930012455194934e-05 1 1 0 2 0 2 3 0 1 3 0 1
0.0002846983471830205 1 1 0 2 0 2 3 0 2 0 3 2
-2.930012455194934e-05 1 1 0 2 0 2 3 0 2 3 0 2
6.371617659741392e-05 1 1 0 2 1 0 3 0 0 1 2 3
-6.371617659741392e-05 1 1 0 2 1 0 3 0 0 2 1 3
-1.2867681045716782e-05 1 1 0 2 1 0 3 0 3 1 2 0
1.2867681045716782e-05 1 1 0 2 1 0 3 0 3 2 1 0
7.153672294738188e-05 1 1 0 2 1 0 3 3 0 1 2 0
-7.153672294738188e-05 1 1 0 2 1 0 3 3 0 2 1 0
5.594363479897059e-05 1 1 0 2 1 3 3 0 0 1 2 0
-5.594363479897059e-05 1 1 0 2 1 3 3 0 0 2 1 0
0.0002966910356370219 1 1 0 2 2 0 0 0 1 0 1 0
0.0002966910356370219 1 1 0 2 2 0 0 0 2 0 2 0
0.0004066369323892633 1 1 0 2 2 0 1 1 0 2 2 0
-0.00035959134731663545 1 1 0 2 2 0 1 2 0 1 2 0
-4.704558507262783e-05 1 1 0 2 2 0 1 2 0 2 1 0
-4.704558507262783e-05 1 1 0 2 2 0 2 1 0 1 2 0
-0.00035959134731663545 1 1 0 2 2 0 2 1 0 2 1 0
0.0004066369323892633 1 1 0 2 2 0 2 2 0 1 1 0
0.00029226810012533016 1 1 0 2 2 0 3 0 1 0 1 3
-2.8109612902623993e-05 1 1 0 2 2 0 3 0 1 3 1 0
0.00029226810012533016 1 1 0 2 2 0 3 0 2 0 2 3
-2.8109612902623993e-05 1 1 0 2 2 0 3 0 2 3 2 0
0.00025581166052620605 1 1 0 2 2 3 3 0 1 0 1 0
0.00025581166052620605 1 1 0 2 2 3 3 0 2 0 2 0
-4.381743322673159e-08 1 1 0 2 2 3 3 1 3 0 3 1
-4.381743322673159e-08 1 1 0 2 2 3 3 2 3 0 3 2
5.691607271002153e-05 1 1 0 2 3 1 3 0 0 1 0 2
-5.691607271002153e-05 1 1 0 2 3 1 3 0 0 2 0 1
0.00026190072222388657 1 1 0 2 3 2 3 0 1 0 0 1
0.00026190072222388657 1 1 0 2 3 2 3 0 2 0 0 2
-0.00945224010936769 1 1 0 3 0 0 0 0 0 0 0 0
-0.0010246185307950216 1 1 0 3 0 0 0 0 0 0 0 3
-0.0010159871157155674 1 1 0 3 0 0 0 0 0 0 3 0
-0.0005321793557797577 1 1 0 3 0 0 0 0 0 3 0 0
0.0046627817573472 1 1 0 3 0 0 0 0 1 1 0 0
0.0005054434227602916 1 1 0 3 0 0 0 0 1 1 0 3
0.0005011855532704249 1 1 0 3 0 0 0 0 1 1 3 0
0.0046627817573472 1 1 0 3 0 0 0 0 2 2 0 0
0.0005054434227602916 1 1 0 3 0 0 0 0 2 2 0 3
0.0005011855532704249 1 1 0 3 0 0 0 0 2 2 3 0
0.0005755163086096919 1 1 0 3 0 0 0 0 3 0 0 0
-0.0010351061702788475 1 1 0 3 0 0 0 3 0 0 0 0
0.0007512881945902298 1 1 0 3 0 0 0 3 1 1 0 0
0.0007512881945902298 1 1 0 3 0 0 0 3 2 2 0 0
74.45141930762796 1 1 0 3 0 0 3 0 0 0 0 0
-0.009479856528976704 1 1 0 3 0 0 3 0 0 0 0 3
-0.009602059063506916 1 1 0 3 0 0 3 0 0 0 3 0
0.0006796449506807788 1 1 0 3 0 0 3 0 0 0 3 3
-0.007305807127936811 1 1 0 3 0 0 3 0 0 3 0 0
-0.0007786674588716803 1 1 0 3 0 0 3 0 0 3 0 3
-0.0007748922216501134 1 1 0 3 0 0 3 0 0 3 3 0
-36.73042834487566 1 1 0 3 0 0 3 0 1 1 0 0
0.0046764049129236806 1 1 0 3 0 0 3 0 1 1 0 3
0.004736687316048877 1 1 0 3 0 0 3 0 1 1 3 0
0.00026899925911705986 1 1 0 3 0 0 3 0 1 1 3 3
-36.73042834487566 1 1 0 3 0 0 3 0 2 2 0 0
0.0046764049129236806 1 1 0 3 0 0 3 0 2 2 0 3
0.004736687316048877 1 1 0 3 0 0 3 0 2 2 3 0
0.00026899925911705986 1 1 0 3 0 0 3 0 2 2 3 3
-0.011567774107753545 1 1 0 3 0 0 3 0 3 0 0 0
-0.0012675662003659301 1 1 0 3 0 0 3 0 3 0 0 3
-0.0012601807357094986 1 1 0 3 0 0 3 0 3 0 3 0
-0.0010357280596586592 1 1 0 3 0 0 3 0 3 3 0 0
-0.009452240109367623 1 1 0 3 0 0 3 3 0 0 0 0
-0.0010246185307950214 1 1 0 3 0 0 3 3 0 0 0 3
-0.001015987115715567 1 1 0 3 0 0 3 3 0 0 3 0
0.0013669773914235812 1 1 0 3 0 0 3 3 0 3 0 0
0.004662781757347168 1 1 0 3 0 0 3 3 1 1 0 0
0.0005054434227602914 1 1 0 3 0 0 3 3 1 1 0 3
0.0005011855532704247 1 1 0 3 0 0 3 3 1 1 3 0
0.004662781757347168 1 1 0 3 0 0 3 3 2 2 0 0
0.0005054434227602914 1 1 0 3 0 0 3 3 2 2 0 3
0.0005011855532704247 1 1 0 3 0 0 3 3 2 2 3 0
-0.001323640438593644 1 1 0 3 0 0 3 3 3 0 0 0
-0.0010823558246811436 1 1 0 3 0 3 0 0 0 0 0 0
0.0005339251792048825 1 1 0 3 0 3 0 0 1 1 0 0
0.0005339251792048825 1 1 0 3 0 3 0 0 2 2 0 0
-0.009479856528976703 1 1 0 3 0 3 3 0 0 0 0 0
-0.001217151176035591 1 1 0 3 0 3 3 0 0 0 0 3
-0.001207568922396068 1 1 0 3 0 3 3 0 0 0 3 0
-0.0008514763812433066 1 1 0 3 0 3 3 0 0 3 0 0
0.00467640491292368 1 1 0 3 0 3 3 0 1 1 0 0
0.0006004196078269213 1 1 0 3 0 3 3 0 1 1 0 3
0.0006231717672267111 1 1 0 3 0 3 3 0 1 1 3 0
0.00467640491292368 1 1 0 3 0 3 3 0 2 2 0 0
0.0006004196078269213 1 1 0 3 0 3 3 0 2 2 0 3
0.0006231717672267111 1 1 0 3 0 3 3 0 2 2 3 0
-0.0013135498043925242 1 1 0 3 0 3 3 0 3 0 0 0
-0.0017738486808352666 1 1 0 3 0 3 3 1 3 1 1 1
-0.0017723702623077817 1 1 0 3 0 3 3 1 3 1 2 2
-1.478418527484955e-06 1 1 0 3 0 3 3 1 3 2 2 1
-1.478418527484955e-06 1 1 0 3 0 3 3 2 3 1 1 2
-0.0017723702623077817 1 1 0 3 0 3 3 2 3 2 1 1
-0.0017738486808352666 1 1 0 3 0 3 3 2 3 2 2 2
-0.0010823558246811432 1 1 0 3 0 3 3 3 0 0 0 0
0.0005339251792048823 1 1 0 3 0 3 3 3 1 1 0 0
0.0005339251792048823 1 1 0 3 0 3 3 3 2 2 0 0
-0.0016980271330351911 1 1 0 3 1 1 3 1 3 1 3 0
-0.0016980271330351911 1 1 0 3 1 1 3 2 3 2 3 0
0.001761431770850442 1 1 0 3 1 2 3 0 0 0 1 2
-0.001761431770850442 1 1 0 3 1 2 3 0 0 0 2 1
-0.0003563107503967727 1 1 0 3 1 2 3 0 1 1 1 2
0.0003252858214528369 1 1 0 3 1 2 3 0 1 1 2 1
3.102492894393582e-05 1 1 0 3 1 2 3 0 1 2 1 1
-3.102492894393582e-05 1 1 0 3 1 2 3 0 2 1 2 2
-0.0003252858214528369 1 1 0 3 1 2 3 0 2 2 1 2
0.0003563107503967727 1 1 0 3 1 2 3 0 2 2 2 1
-7.967400286404667e-07 1 1 0 3 2 1 1 3 3 2 3 0
7.967400286404667e-07 1 1 0 3 2 1 2 3 3 1 3 0
-0.001761431770850442 1 1 0 3 2 1 3 0 0 0 1 2
0.001761431770850442 1 1 0 3 2 1 3 0 0 0 2 1
0.0003252858214528369 1 1 0 3 2 1 3 0 1 1 1 2
-0.0003563107503967727 1 1 0 3 2 1 3 0 1 1 2 1
3.102492894393583e-05 1 1 0 3 2 1 3 0 1 2 1 1
-3.102492894393583e-05 1 1 0 3 2 1 3 0 2 1 2 2
0.0003563107503967727 1 1 0 3 2 1 3 0 2 2 1 2
-0.0003252858214528369 1 1 0 3 2 1 3 0 2 2 2 1
-0.0016978534389907665 1 1 0 3 2 2 3 1 3 1 3 0
-0.0016978534389907665 1 1 0 3 2 2 3 2 3 2 3 0
-0.0010743455405648873 1 1 0 3 3 0 0 0 0 0 0 0
0.0005299737130744958 1 1 0 3 3 0 0 0 1 1 0 0
0.0005299737130744958 1 1 0 3 3 0 0 0 2 2 0 0
-0.009602059063506913 1 1 0 3 3 0 3 0 0 0 0 0
-0.001207568922396068 1 1 0 3 3 0 3 0 0 0 0 3
-0.0012009688138674447 1 1 0 3 3 0 3 0 0 0 3 0
-0.0008447427992507287 1 1 0 3 3 0 3 0 0 3 0 0
0.004736687316048875 1 1 0 3 3 0 3 0 1 1 0 0
0.0006246524584713404 1 1 0 3 3 0 3 0 1 1 0 3
0.0005924368627595761 1 1 0 3 3 0 3 0 1 1 3 0
0.004736687316048875 1 1 0 3 3 0 3 0 2 2 0 0
0.0006246524584713404 1 1 0 3 3 0 3 0 2 2 0 3
0.0005924368627595761 1 1 0 3 3 0 3 0 2 2 3 0
-0.0013042959512186796 1 1 0 3 3 0 3 0 3 0 0 0
-0.001074345540564887 1 1 0 3 3 0 3 3 0 0 0 0
0.0005299737130744956 1 1 0 3 3 0 3 3 1 1 0 0
0.0005299737130744956 1 1 0 3 3 0 3 3 2 2 0 0
0.00044100314094538176 1 1 0 3 3 3 3 0 0 0 0 0
0.00026899925911705986 1 1 0 3 3 3 3 0 1 1 0 0
0.00026899925911705986 1 1 0 3 3 3 3 0 2 2 0 0
6.444793769717405e-05 1 1 1 0 0 1 1 3 0 0 1 3
6.486621060599172e-05 1 1 1 0 0 1 1 3 0 3 1 0
-6.532631611640672e-06 1 1 1 0 0 1 1 3 3 0 1 0
6.444793769717405e-05 1 1 1 0 0 1 2 3 0 0 2 3
6.486621060599172e-05 1 1 1 0 0 1 2 3 0 3 2 0
-6.532631611640672e-06 1 1 1 0 0 1 2 3 3 0 2 0
7.077533033366674e-05 1 1 1 0 0 2 0 0 1 0 0 2
-7.077533033366674e-05 1 1 1 0 0 2 0 0 2 0 0 1
3.091828128592207e-05 1 1 1 0 0 2 0 1 0 0 2 0
-3.091828128592207e-05 1 1 1 0 0 2 0 2 0 0 1 0
6.20659256289909e-05 1 1 1 0 0 2 3 0 1 0 3 2
-1.3412659172516278e-05 1 1 1 0 0 2 3 0 1 3 0 2
-6.20659256289909e-05 1 1 1 0 0 2 3 0 2 0 3 1
1.3412659172516278e-05 1 1 1 0 0 2 3 0 2 3 0 1
-1.3163439627194553e-05 1 1 1 0 0 2 3 0 3 1 0 2
1.3163439627194553e-05 1 1 1 0 0 2 3 0 3 2 0 1
-0.0002956247112371958 1 1 1 0 0 2 3 1 0 0 2 3
-0.00027987408104876297 1 1 1 0 0 2 3 1 0 3 2 0
-1.7669261137783702e-05 1 1 1 0 0 2 3 1 3 0 2 0
0.0002956247112371958 1 1 1 0 0 2 3 2 0 0 1 3
0.00027987408104876297 1 1 1 0 0 2 3 2 0 3 1 0
1.7669261137783702e-05 1 1 1 0 0 2 3 2 3 0 1 0
-0.00026566724624316223 1 1 1 0 1 0 3 1 0 0 3 1
-0.00026566724624316223 1 1 1 0 1 0 3 2 0 0 3 2
3.0117496832761076e-05 1 1 1 0 1 3 0 1 0 0 3 1
3.0117496832761076e-05 1 1 1 0 1 3 0 2 0 0 3 2
-0.00029880500683605166 1 1 1 0 1 3 3 1 0 0 0 1
-0.0002874630614449746 1 1 1 0 1 3 3 1 0 3 3 1
-1.799156513175953e-05 1 1 1 0 1 3 3 1 3 0 3 1
-0.00029880500683605166 1 1 1 0 1 3 3 2 0 0 0 2
-0.0002874630614449746 1 1 1 0 1 3 3 2 0 3 3 2
-1.799156513175953e-05 1 1 1 0 1 3 3 2 3 0 3 2
7.153672294738203e-05 1 1 1 0 2 0 0 0 1 0 2 0
-7.153672294738203e-05 1 1 1 0 2 0 0 0 2 0 1 0
5.7743384794576295e-05 1 1 1 0 2 0 1 3 0 0 3 2
-5.7743384794576295e-05 1 1 1 0 2 0 2 3 0 0 3 1
6.371617659741396e-05 1 1 1 0 2 0 3 0 1 0 2 3
-1.2867681045716857e-05 1 1 1 0 2 0 3 0 1 3 2 0
-6.371617659741396e-05 1 1 1 0 2 0 3 0 2 0 1 3
1.2867681045716857e-05 1 1 1 0 2 0 3 0 2 3 1 0
-1.2628587695299833e-05 1 1 1 0 2 0 3 0 3 1 2 0
1.2628587695299833e-05 1 1 1 0 2 0 3 0 3 2 1 0
6.514126097098247e-05 1 1 1 0 2 3 1 3 0 0 0 2
6.659091745255281e-05 1 1 1 0 2 3 1 3 0 3 3 2
-6.706325656065306e-06 1 1 1 0 2 3 1 3 3 0 3 2
-6.514126097098247e-05 1 1 1 0 2 3 2 3 0 0 0 1
-6.659091745255281e-05 1 1 1 0 2 3 2 3 0 3 3 1
6.706325656065306e-06 1 1 1 0 2 3 2 3 3 0 3 1
5.5943634798970574e-05 1 1 1 0 2 3 3 0 1 0 2 0
-5.5943634798970574e-05 1 1 1 0 2 3 3 0 2 0 1 0
5.854009749909783e-05 1 1 1 0 3 1 1 3 0 0 1 0
5.854009749909783e-05 1 1 1 0 3 1 2 3 0 0 2 0
5.691607271002153e-05 1 1 1 0 3 2 3 0 1 0 0 2
-5.691607271002153e-05 1 1 1 0 3 2 3 0 2 0 0 1
-0.0002677201645978612 1 1 1 0 3 2 3 1 0 0 2 0
0.0002677201645978612 1 1 1 0 3 2 3 2 0 0 1 0
-0.00021272739926591938 1 1 1 1 0 0 0 0 0 0 0 0
0.0020948117830966863 1 1 1 1 0 0 0 0 3 0 0 0
0.0002270766449702693 1 1 1 1 0 0 0 0 3 0 0 3
0.00022516374497999933 1 1 1 1 0 0 0 0 3 0 3 0
0.0002709641390973076 1 1 1 1 0 0 0 0 3 3 0 0
0.0001663232445098534 1 1 1 1 0 0 0 3 3 0 0 0
0.0020913878564391163 1 1 1 1 0 0 3 0 0 0 0 0
0.00022674383694992398 1 1 1 1 0 0 3 0 0 0 0 3
0.00022550711583772495 1 1 1 1 0 0 3 0 0 0 3 0
0.00016625572047616644 1 1 1 1 0 0 3 0 0 3 0 0
-16.49999816532249 1 1 1 1 0 0 3 0 3 0 0 0
0.002100932152504841 1 1 1 1 0 0 3 0 3 0 0 3
0.002128014760045086 1 1 1 1 0 0 3 0 3 0 3 0
-0.00014619547822166372 1 1 1 1 0 0 3 0 3 0 3 3
0.002091387856439121 1 1 1 1 0 0 3 0 3 3 0 0
0.00022674383694992417 1 1 1 1 0 0 3 0 3 3 0 3
0.00022550711583772495 1 1 1 1 0 0 3 0 3 3 3 0
0.00027096413909730773 1 1 1 1 0 0 3 3 0 0 0 0
0.002094811783096672 1 1 1 1 0 0 3 3 3 0 0 0
0.00022707664497026921 1 1 1 1 0 0 3 3 3 0 0 3
0.00022516374497999922 1 1 1 1 0 0 3 3 3 0 3 0
-0.00021272739926592025 1 1 1 1 0 0 3 3 3 3 0 0
0.00023987242270732633 1 1 1 1 0 3 0 0 3 0 0 0
-0.008829615974827735 1 1 1 1 0 3 1 3 1 0 1 1
-0.008836730519189283 1 1 1 1 0 3 1 3 1 0 2 2
7.114544361547131e-06 1 1 1 1 0 3 1 3 2 0 1 2
7.114544361547131e-06 1 1 1 1 0 3 2 3 1 0 2 1
-0.008836730519189283 1 1 1 1 0 3 2 3 2 0 1 1
-0.008829615974827735 1 1 1 1 0 3 2 3 2 0 2 2
0.00023990727657711847 1 1 1 1 0 3 3 0 0 0 0 0
0.002100932152504841 1 1 1 1 0 3 3 0 3 0 0 0
0.0002697458587454258 1 1 1 1 0 3 3 0 3 0 0 3
0.0002676222332767075 1 1 1 1 0 3 3 0 3 0 3 0
0.00023990727657711866 1 1 1 1 0 3 3 0 3 3 0 0
-0.008434184828883537 1 1 1 1 0 3 3 1 0 1 1 1
-0.008427397932626132 1 1 1 1 0 3 3 1 0 1 2 2
-6.786896257405604e-06 1 1 1 1 0 3 3 1 0 2 2 1
-6.786896257405604e-06 1 1 1 1 0 3 3 2 0 1 1 2
-0.008427397932626132 1 1 1 1 0 3 3 2 0 2 1 1
-0.008434184828883537 1 1 1 1 0 3 3 2 0 2 2 2
0.00023987242270732625 1 1 1 1 0 3 3 3 3 0 0 0
-0.008449291018825364 1 1 1 1 1 1 1 3 1 0 3 0
-0.008449291018825364 1 1 1 1 1 1 2 3 2 0 3 0
-0.008056624617320911 1 1 1 1 1 1 3 1 0 1 3 0
-0.008056624617320911 1 1 1 1 1 1 3 2 0 2 3 0
-0.0003863964683493075 1 1 1 1 1 2 3 0 3 0 1 2
0.0003863964683493075 1 1 1 1 1 2 3 0 3 0 2 1
-1.7247068465610634e-06 1 1 1 1 1 2 3 1 2 0 3 0
1.7247068465610634e-06 1 1 1 1 1 2 3 2 1 0 3 0
-1.724706846561057e-06 1 1 1 1 2 1 1 3 0 2 3 0
1.724706846561057e-06 1 1 1 1 2 1 2 3 0 1 3 0
0.0003863964683493075 1 1 1 1 2 1 3 0 3 0 1 2
-0.0003863964683493075 1 1 1 1 2 1 3 0 3 0 2 1
-0.008431874969987709 1 1 1 1 2 2 1 3 1 0 3 0
-0.008431874969987709 1 1 1 1 2 2 2 3 2 0 3 0
-0.00805503113726363 1 1 1 1 2 2 3 1 0 1 3 0
-0.00805503113726363 1 1 1 1 2 2 3 2 0 2 3 0
0.00023809717817708468 1 1 1 1 3 0 0 0 3 0 0 0
0.00023813570353302472 1 1 1 1 3 0 3 0 0 0 0 0
0.002128014760045085 1 1 1 1 3 0 3 0 3 0 0 0
0.0002676222332767075 1 1 1 1 3 0 3 0 3 0 0 3
0.0002661595128045758 1 1 1 1 3 0 3 0 3 0 3 0
0.0002381357035330248 1 1 1 1 3 0 3 0 3 3 0 0
0.00023809717817708457 1 1 1 1 3 0 3 3 3 0 0 0
-9.414878525314973e-05 1 1 1 1 3 3 3 0 3 0 0 0
8.202266407257173e-05 1 1 1 2 0 0 0 0 1 2 0 0
-8.202266407257173e-05 1 1 1 2 0 0 0 0 2 1 0 0
-8.202266407257046e-05 1 1 1 2 0 0 3 3 1 2 0 0
8.202266407257046e-05 1 1 1 2 0 0 3 3 2 1 0 0
1.5510128021364288e-06 1 1 1 2 0 3 1 3 0 1 1 2
0.0019249085702415754 1 1 1 2 0 3 1 3 0 2 1 1
0.001926459583043712 1 1 1 2 0 3 1 3 0 2 2 2
-0.001926459583043712 1 1 1 2 0 3 2 3 0 1 1 1
-0.0019249085702415754 1 1 1 2 0 3 2 3 0 1 2 2
-1.5510128021364288e-06 1 1 1 2 0 3 2 3 0 2 2 1
1.479583575148118e-06 1 1 1 2 0 3 3 1 1 0 2 1
-0.0018387022387387764 1 1 1 2 0 3 3 1 2 0 1 1
-0.0018372226551636285 1 1 1 2 0 3 3 1 2 0 2 2
0.0018372226551636285 1 1 1 2 0 3 3 2 1 0 1 1
0.0018387022387387764 1 1 1 2 0 3 3 2 1 0 2 2
-1.479583575148118e-06 1 1 1 2 0 3 3 2 2 0 1 2
0.0018419954776027986 1 1 1 2 1 1 1 3 0 2 3 0
-0.0018419954776027986 1 1 1 2 1 1 2 3 0 1 3 0
-0.0017562181827158628 1 1 1 2 1 1 3 1 2 0 3 0
0.0017562181827158628 1 1 1 2 1 1 3 2 1 0 3 0
7.911284390187497e-06 1 1 1 2 1 2 3 1 0 1 3 0
7.911284390187497e-06 1 1 1 2 1 2 3 2 0 2 3 0
-9.50476444746843e-06 1 1 1 2 2 1 1 3 1 0 3 0
-9.50476444746843e-06 1 1 1 2 2 1 2 3 2 0 3 0
0.0018381986758208271 1 1 1 2 2 2 1 3 0 2 3 0
-0.0018381986758208271 1 1 1 2 2 2 2 3 0 1 3 0
-7.929517425977191e-06 1 1 1 2 2 2 3 0 3 0 1 2
7.929517425977191e-06 1 1 1 2 2 2 3 0 3 0 2 1
-0.0017562181827158626 1 1 1 2 2 2 3 1 2 0 3 0
0.0017562181827158626 1 1 1 2 2 2 3 2 1 0 3 0
5.988459179648775e-05 1 1 1 3 0 1 1 3 0 0 1 0
0.00035747411430479413 1 1 1 3 0 1 1 3 1 1 1 0
0.0003874395003639179 1 1 1 3 0 1 1 3 1 2 2 0
-2.9965386059123758e-05 1 1 1 3 0 1 1 3 2 2 1 0
5.988459179648775e-05 1 1 1 3 0 1 2 3 0 0 2 0
-2.9965386059123758e-05 1 1 1 3 0 1 2 3 1 1 2 0
0.0003874395003639179 1 1 1 3 0 1 2 3 2 1 1 0
0.00035747411430479413 1 1 1 3 0 1 2 3 2 2 2 0
1.568597870753383e-05 1 1 1 3 0 2 0 0 3 1 0 2
-1.568597870753383e-05 1 1 1 3 0 2 0 0 3 2 0 1
-2.93001245519493e-05 1 1 1 3 0 2 3 0 0 1 0 2
2.93001245519493e-05 1 1 1 3 0 2 3 0 0 2 0 1
5.9396263199110264e-05 1 1 1 3 0 2 3 0 1 0 0 2
-5.9396263199110264e-05 1 1 1 3 0 2 3 0 2 0 0 1
-1.3530739332698064e-05 1 1 1 3 0 2 3 0 3 1 3 2
1.3530739332698064e-05 1 1 1 3 0 2 3 0 3 2 3 1
-0.0002744861644385247 1 1 1 3 0 2 3 1 0 0 2 0
6.776551518006041e-05 1 1 1 3 0 2 3 1 1 1 2 0
6.532631611640252e-06 1 1 1 3 0 2 3 1 2 1 1 0
7.429814679170066e-05 1 1 1 3 0 2 3 1 2 2 2 0
0.0002744861644385247 1 1 1 3 0 2 3 2 0 0 1 0
-7.429814679170066e-05 1 1 1 3 0 2 3 2 1 1 1 0
-6.532631611640252e-06 1 1 1 3 0 2 3 2 1 2 2 0
-6.776551518006041e-05 1 1 1 3 0 2 3 2 2 2 1 0
-0.00026737696418714326 1 1 1 3 1 3 3 1 0 0 3 1
6.924509875520852e-05 1 1 1 3 1 3 3 1 1 1 3 1
-6.706325656064953e-06 1 1 1 3 1 3 3 1 2 1 3 2
7.595142441127348e-05 1 1 1 3 1 3 3 1 2 2 3 1
-0.00026737696418714326 1 1 1 3 1 3 3 2 0 0 3 2
7.595142441127348e-05 1 1 1 3 1 3 3 2 1 1 3 2
-6.706325656064953e-06 1 1 1 3 1 3 3 2 1 2 3 1
6.924509875520852e-05 1 1 1 3 1 3 3 2 2 2 3 2
1.58547266069856e-05 1 1 1 3 2 0 0 0 3 1 2 0
-1.58547266069856e-05 1 1 1 3 2 0 0 0 3 2 1 0
-2.810961290262396e-05 1 1 1 3 2 0 3 0 0 1 2 0
2.810961290262396e-05 1 1 1 3 2 0 3 0 0 2 1 0
5.698289655489814e-05 1 1 1 3 2 0 3 0 1 0 2 0
-5.698289655489814e-05 1 1 1 3 2 0 3 0 2 0 1 0
-1.3890503816365657e-05 1 1 1 3 2 0 3 0 3 1 2 3
1.3890503816365657e-05 1 1 1 3 2 0 3 0 3 2 1 3
5.833357899435132e-05 1 1 1 3 2 3 1 3 0 0 3 2
0.0003669788787522626 1 1 1 3 2 3 1 3 1 1 3 2
-0.0003977410048400269 1 1 1 3 2 3 1 3 1 2 3 1
-3.076212608776423e-05 1 1 1 3 2 3 1 3 2 2 3 2
-5.833357899435132e-05 1 1 1 3 2 3 2 3 0 0 3 1
3.076212608776423e-05 1 1 1 3 2 3 2 3 1 1 3 1
0.0003977410048400269 1 1 1 3 2 3 2 3 2 1 3 2
-0.0003669788787522626 1 1 1 3 2 3 2 3 2 2 3 1
-1.1392497045576681e-05 1 1 1 3 2 3 3 0 3 1 2 0
1.1392497045576681e-05 1 1 1 3 2 3 3 0 3 2 1 0
-1.3232952773873442e-05 1 1 1 3 3 2 3 0 3 1 0 2
1.3232952773873442e-05 1 1 1 3 3 2 3 0 3 2 0 1
-3.091828128592207e-05 1 1 2 0 0 1 0 1 0 0 2 0
3.091828128592207e-05 1 1 2 0 0 1 0 2 0 0 1 0
-6.206592562899115e-05 1 1 2 0 0 1 3 0 1 0 3 2
1.3412659172516278e-05 1 1 2 0 0 1 3 0 1 3 0 2
6.206592562899115e-05 1 1 2 0 0 1 3 0 2 0 3 1
-1.3412659172516278e-05 1 1 2 0 0 1 3 0 2 3 0 1
-0.00027266722441289466 1 1 2 0 0 1 3 0 3 1 0 2
0.00027266722441289466 1 1 2 0 0 1 3 0 3 2 0 1
-1.7669261137783658e-05 1 1 2 0 0 1 3 1 0 3 2 0
4.763464719690735e-05 1 1 2 0 0 1 3 1 3 0 2 0
1.7669261137783658e-05 1 1 2 0 0 1 3 2 0 3 1 0
-4.763464719690735e-05 1 1 2 0 0 1 3 2 3 0 1 0
-7.077533033366667e-05 1 1 2 0 0 1 3 3 1 0 0 2
7.077533033366667e-05 1 1 2 0 0 1 3 3 2 0 0 1
0.0004023089404988214 1 1 2 0 0 2 1 1 2 0 0 2
-4.6544860975878835e-05 1 1 2 0 0 2 1 2 1 0 0 2
-0.00035576407952294254 1 1 2 0 0 2 1 2 2 0 0 1
-0.00035576407952294254 1 1 2 0 0 2 2 1 1 0 0 2
-4.6544860975878835e-05 1 1 2 0 0 2 2 1 2 0 0 1
0.0004023089404988214 1 1 2 0 0 2 2 2 1 0 0 1
-6.371617659741418e-05 1 1 2 0 1 0 3 0 1 0 2 3
1.2867681045716857e-05 1 1 2 0 1 0 3 0 1 3 2 0
6.371617659741418e-05 1 1 2 0 1 0 3 0 2 0 1 3
-1.2867681045716857e-05 1 1 2 0 1 0 3 0 2 3 1 0
-0.0002615883122233844 1 1 2 0 1 0 3 0 3 1 2 0
0.0002615883122233844 1 1 2 0 1 0 3 0 3 2 1 0
-7.153672294738199e-05 1 1 2 0 1 0 3 3 1 0 2 0
7.153672294738199e-05 1 1 2 0 1 0 3 3 2 0 1 0
-5.594363479897082e-05 1 1 2 0 1 3 3 0 1 0 2 0
5.594363479897082e-05 1 1 2 0 1 3 3 0 2 0 1 0
0.000406636932389263 1 1 2 0 2 0 1 1 2 0 2 0
-4.704558507262785e-05 1 1 2 0 2 0 1 2 1 0 2 0
-0.0003595913473166352 1 1 2 0 2 0 1 2 2 0 1 0
-0.0003595913473166352 1 1 2 0 2 0 2 1 1 0 2 0
-4.704558507262785e-05 1 1 2 0 2 0 2 1 2 0 1 0
0.000406636932389263 1 1 2 0 2 0 2 2 1 0 1 0
-7.965294179840852e-07 1 1 2 0 2 0 3 1 0 0 3 1
-7.965294179840852e-07 1 1 2 0 2 0 3 2 0 0 3 2
3.0117496832761076e-05 1 1 2 0 2 3 0 1 0 0 3 1
3.0117496832761076e-05 1 1 2 0 2 3 0 2 0 0 3 2
1.7991565131759492e-05 1 1 2 0 2 3 3 1 0 3 3 1
-4.875369121952366e-05 1 1 2 0 2 3 3 1 3 0 3 1
1.7991565131759492e-05 1 1 2 0 2 3 3 2 0 3 3 2
-4.875369121952366e-05 1 1 2 0 2 3 3 2 3 0 3 2
-5.691607271002176e-05 1 1 2 0 3 1 3 0 1 0 0 2
5.691607271002176e-05 1 1 2 0 3 1 3 0 2 0 0 1
-8.050983870387101e-07 1 1 2 0 3 1 3 1 0 0 2 0
8.050983870387101e-07 1 1 2 0 3 1 3 2 0 0 1 0
0.0019811794112759113 1 1 2 1 0 0 0 0 1 2 0 0
-0.0019811794112759113 1 1 2 1 0 0 0 0 2 1 0 0
0.0020632020753484845 1 1 2 1 0 0 1 2 0 0 0 0
-0.0020632020753484797 1 1 2 1 0 0 1 2 3 3 0 0
-0.0020632020753484845 1 1 2 1 0 0 2 1 0 0 0 0
0.0020632020753484797 1 1 2 1 0 0 2 1 3 3 0 0
-0.0019811794112759096 1 1 2 1 0 0 3 3 1 2 0 0
0.0019811794112759096 1 1 2 1 0 0 3 3 2 1 0 0
7.142922698827263e-08 1 1 2 1 0 3 3 1 1 0 2 1
-8.775734430493842e-05 1 1 2 1 0 3 3 1 2 0 1 1
-8.768591507795015e-05 1 1 2 1 0 3 3 1 2 0 2 2
8.768591507795015e-05 1 1 2 1 0 3 3 2 1 0 1 1
8.775734430493842e-05 1 1 2 1 0 3 3 2 1 0 2 2
-7.142922698827263e-08 1 1 2 1 0 3 3 2 2 0 1 2
-7.92951742597708e-06 1 1 2 1 1 1 3 0 3 0 1 2
7.92951742597708e-06 1 1 2 1 1 1 3 0 3 0 2 1
-8.405258804037817e-05 1 1 2 1 1 1 3 1 2 0 3 0
8.405258804037817e-05 1 1 2 1 1 1 3 2 1 0 3 0
-7.911284390187597e-06 1 1 2 1 2 1 1 3 1 0 3 0
-7.911284390187597e-06 1 1 2 1 2 1 2 3 2 0 3 0
-9.504764447468555e-06 1 1 2 1 2 1 3 1 0 1 3 0
-9.504764447468555e-06 1 1 2 1 2 1 3 2 0 2 3 0
-8.37051999515288e-05 1 1 2 1 2 2 3 1 2 0 3 0
8.37051999515288e-05 1 1 2 1 2 2 3 2 1 0 3 0
0.004330797160082168 1 1 2 2 0 0 0 0 0 0 0 0
-0.04339188925851698 1 1 2 2 0 0 0 0 3 0 0 0
-0.004703661069339481 1 1 2 2 0 0 0 0 3 0 0 3
-0.004664037297308892 1 1 2 2 0 0 0 0 3 0 3 0
-0.004199693650633106 1 1 2 2 0 0 0 0 3 3 0 0
-0.004688728432559052 1 1 2 2 0 0 0 3 3 0 0 0
0.01004198576833938 1 1 2 2 0 0 1 1 2 2 0 0
-0.0005139017096304398 1 1 2 2 0 0 1 2 1 2 0 0
-0.009528084058708938 1 1 2 2 0 0 1 2 2 1 0 0
-0.009528084058708938 1 1 2 2 0 0 2 1 1 2 0 0
-0.0005139017096304398 1 1 2 2 0 0 2 1 2 1 0 0
0.01004198576833938 1 1 2 2 0 0 2 2 1 1 0 0
-0.04332096611040726 1 1 2 2 0 0 3 0 0 0 0 0
-0.004696767290681322 1 1 2 2 0 0 3 0 0 0 0 3
-0.004671149874368683 1 1 2 2 0 0 3 0 0 0 3 0
-0.004691377959044832 1 1 2 2 0 0 3 0 0 3 0 0
341.7801429486729 1 1 2 2 0 0 3 0 3 0 0 0
-0.0435186664676786 1 1 2 2 0 0 3 0 3 0 0 3
-0.04407965505705964 1 1 2 2 0 0 3 0 3 0 3 0
0.003115581555943705 1 1 2 2 0 0 3 0 3 0 3 3
-0.04332096611040736 1 1 2 2 0 0 3 0 3 3 0 0
-0.0046967672906813255 1 1 2 2 0 0 3 0 3 3 0 3
-0.004671149874368683 1 1 2 2 0 0 3 0 3 3 3 0
-0.0041996936506331 1 1 2 2 0 0 3 3 0 0 0 0
-0.04339188925851668 1 1 2 2 0 0 3 3 3 0 0 0
-0.004703661069339479 1 1 2 2 0 0 3 3 3 0 0 3
-0.00466403729730889 1 1 2 2 0 0 3 3 3 0 3 0
0.004330797160082169 1 1 2 2 0 0 3 3 3 3 0 0
-0.004968712552734421 1 1 2 2 0 3 0 0 3 0 0 0
-0.0049694345150942155 1 1 2 2 0 3 3 0 0 0 0 0
-0.043518666467678595 1 1 2 2 0 3 3 0 3 0 0 0
-0.00558751030764316 1 1 2 2 0 3 3 0 3 0 0 3
-0.005543521572278606 1 1 2 2 0 3 3 0 3 0 3 0
-0.004969434515094219 1 1 2 2 0 3 3 0 3 3 0 0
0.00040254569030574635 1 1 2 2 0 3 3 1 0 1 1 1
0.000402218042201605 1 1 2 2 0 3 3 1 0 1 2 2
3.2764810414143206e-07 1 1 2 2 0 3 3 1 0 2 2 1
3.2764810414143206e-07 1 1 2 2 0 3 3 2 0 1 1 2
0.000402218042201605 1 1 2 2 0 3 3 2 0 2 1 1
0.00040254569030574635 1 1 2 2 0 3 3 2 0 2 2 2
-0.004968712552734418 1 1 2 2 0 3 3 3 3 0 0 0
0.0003847551171142666 1 1 2 2 1 1 3 1 0 1 3 0
0.0003847551171142666 1 1 2 2 1 1 3 2 0 2 3 0
0.008082136680913959 1 1 2 2 1 2 3 0 3 0 1 2
-0.008082136680913959 1 1 2 2 1 2 3 0 3 0 2 1
2.072094935410435e-06 1 1 2 2 2 1 1 3 0 2 3 0
-2.072094935410435e-06 1 1 2 2 2 1 2 3 0 1 3 0
-0.008082136680913959 1 1 2 2 2 1 3 0 3 0 1 2
0.008082136680913959 1 1 2 2 2 1 3 0 3 0 2 1
-2.072094935410445e-06 1 1 2 2 2 1 3 1 2 0 3 0
2.072094935410445e-06 1 1 2 2 2 1 3 2 1 0 3 0
0.00038475511711426655 1 1 2 2 2 2 3 1 0 1 3 0
0.00038475511711426655 1 1 2 2 2 2 3 2 0 2 3 0
-0.004931940173141843 1 1 2 2 3 0 0 0 3 0 0 0
-0.0049327381865920655 1 1 2 2 3 0 3 0 0 0 0 0
-0.04407965505705962 1 1 2 2 3 0 3 0 3 0 0 0
-0.005543521572278606 1 1 2 2 3 0 3 0 3 0 0 3
-0.005513222809757287 1 1 2 2 3 0 3 0 3 0 3 0
-0.004932738186592067 1 1 2 2 3 0 3 0 3 3 0 0
-0.004931940173141841 1 1 2 2 3 0 3 3 3 0 0 0
0.0020209027258852614 1 1 2 2 3 3 3 0 3 0 0 0
2.93001245519493e-05 1 1 2 3 0 1 3 0 0 1 0 2
-2.93001245519493e-05 1 1 2 3 0 1 3 0 0 2 0 1
-5.9396263199110264e-05 1 1 2 3 0 1 3 0 1 0 0 2
5.9396263199110264e-05 1 1 2 3 0 1 3 0 2 0 0 1
-0.0002846983471830207 1 1 2 3 0 1 3 0 3 1 3 2
0.0002846983471830207 1 1 2 3 0 1 3 0 3 2 3 1
-2.0633605044526928e-07 1 1 2 3 0 1 3 1 0 0 2 0
-7.429814679170066e-05 1 1 2 3 0 1 3 1 1 1 2 0
7.793147382927269e-05 1 1 2 3 0 1 3 1 2 1 1 0
3.6333270375720134e-06 1 1 2 3 0 1 3 1 2 2 2 0
2.0633605044526928e-07 1 1 2 3 0 1 3 2 0 0 1 0
-3.6333270375720134e-06 1 1 2 3 0 1 3 2 1 1 1 0
-7.793147382927269e-05 1 1 2 3 0 1 3 2 1 2 2 0
7.429814679170066e-05 1 1 2 3 0 1 3 2 2 2 1 0
-0.00029353323983952987 1 1 2 3 0 1 3 3 3 1 0 2
0.00029353323983952987 1 1 2 3 0 1 3 3 3 2 0 1
-7.077533033366682e-05 1 1 2 3 0 2 1 2 3 1 0 2
7.07753303336665e-05 1 1 2 3 0 2 1 2 3 2 0 1
7.07753303336665e-05 1 1 2 3 0 2 2 1 3 1 0 2
-7.077533033366682e-05 1 1 2 3 0 2 2 1 3 2 0 1
2.810961290262396e-05 1 1 2 3 1 0 3 0 0 1 2 0
-2.810961290262396e-05 1 1 2 3 1 0 3 0 0 2 1 0
-5.698289655489814e-05 1 1 2 3 1 0 3 0 1 0 2 0
5.698289655489814e-05 1 1 2 3 1 0 3 0 2 0 1 0
-0.00029226810012533027 1 1 2 3 1 0 3 0 3 1 2 3
0.00029226810012533027 1 1 2 3 1 0 3 0 3 2 1 3
-0.0002966910356370217 1 1 2 3 1 0 3 3 3 1 2 0
0.0002966910356370217 1 1 2 3 1 0 3 3 3 2 1 0
-0.0002558116605262063 1 1 2 3 1 3 3 0 3 1 2 0
0.0002558116605262063 1 1 2 3 1 3 3 0 3 2 1 0
-7.15367229473821e-05 1 1 2 3 2 0 1 2 3 1 2 0
7.153672294738182e-05 1 1 2 3 2 0 1 2 3 2 1 0
7.153672294738182e-05 1 1 2 3 2 0 2 1 3 1 2 0
-7.15367229473821e-05 1 1 2 3 2 0 2 1 3 2 1 0
2.009919402796592e-07 1 1 2 3 2 3 3 1 0 0 3 1
7.59514244112735e-05 1 1 2 3 2 3 3 1 1 1 3 1
8.000356876468314e-05 1 1 2 3 2 3 3 1 2 1 3 2
-4.05214435340964e-06 1 1 2 3 2 3 3 1 2 2 3 1
2.009919402796592e-07 1 1 2 3 2 3 3 2 0 0 3 2
-4.05214435340964e-06 1 1 2 3 2 3 3 2 1 1 3 2
8.000356876468314e-05 1 1 2 3 2 3 3 2 1 2 3 1
7.59514244112735e-05 1 1 2 3 2 3 3 2 2 2 3 2
-0.0002619007222238866 1 1 2 3 3 1 3 0 3 1 0 2
0.0002619007222238866 1 1 2 3 3 1 3 0 3 2 0 1
0.00945224010936772 1 1 3 0 0 0 0 0 0 0 0 0
0.001024618530795025 1 1 3 0 0 0 0 0 0 0 0 3
0.001015987115715571 1 1 3 0 0 0 0 0 0 0 3 0
0.0013236404385936502 1 1 3 0 0 0 0 0 0 3 0 0
-0.0013669773914235794 1 1 3 0 0 0 0 0 3 0 0 0
0.0010351061702788505 1 1 3 0 0 0 0 3 0 0 0 0
-74.45141930762821 1 1 3 0 0 0 3 0 0 0 0 0
0.009479856528976737 1 1 3 0 0 0 3 0 0 0 0 3
0.009602059063506948 1 1 3 0 0 0 3 0 0 0 3 0
-0.000679644950680778 1 1 3 0 0 0 3 0 0 0 3 3
0.011567774107753606 1 1 3 0 0 0 3 0 0 3 0 0
0.001267566200365936 1 1 3 0 0 0 3 0 0 3 0 3
0.0012601807357095034 1 1 3 0 0 0 3 0 0 3 3 0
0.0007523784703668576 1 1 3 0 0 0 3 0 1 1 0 0
0.0007523784703668576 1 1 3 0 0 0 3 0 2 2 0 0
0.007305807127936842 1 1 3 0 0 0 3 0 3 0 0 0
0.0007786674588716848 1 1 3 0 0 0 3 0 3 0 0 3
0.0007748922216501185 1 1 3 0 0 0 3 0 3 0 3 0
0.0010357280596586657 1 1 3 0 0 0 3 0 3 3 0 0
2.9957464994033568e-05 1 1 3 0 0 0 3 1 1 0 1 1
2.9957464994033568e-05 1 1 3 0 0 0 3 1 2 0 2 1
2.9957464994033568e-05 1 1 3 0 0 0 3 2 1 0 1 2
2.9957464994033568e-05 1 1 3 0 0 0 3 2 2 0 2 2
0.009452240109367654 1 1 3 0 0 0 3 3 0 0 0 0
0.0010246185307950246 1 1 3 0 0 0 3 3 0 0 0 3
0.0010159871157155705 1 1 3 0 0 0 3 3 0 0 3 0
-0.000575516308609693 1 1 3 0 0 0 3 3 0 3 0 0
0.0005321793557797614 1 1 3 0 0 0 3 3 3 0 0 0
0.0010823558246811473 1 1 3 0 0 3 0 0 0 0 0 0
-0.00026708643234300193 1 1 3 0 0 3 0 1 1 0 1 1
-0.00026628564788984095 1 1 3 0 0 3 0 1 1 0 2 2
-8.007844531609913e-07 1 1 3 0 0 3 0 1 2 0 2 1
-8.007844531609913e-07 1 1 3 0 0 3 0 2 1 0 1 2
-0.00026628564788984095 1 1 3 0 0 3 0 2 2 0 1 1
-0.00026708643234300193 1 1 3 0 0 3 0 2 2 0 2 2
0.009479856528976736 1 1 3 0 0 3 3 0 0 0 0 0
0.001217151176035595 1 1 3 0 0 3 3 0 0 0 0 3
0.0012075689223960719 1 1 3 0 0 3 3 0 0 0 3 0
0.00131354980439253 1 1 3 0 0 3 3 0 0 3 0 0
0.0008514763812433112 1 1 3 0 0 3 3 0 3 0 0 0
-0.0002675199177843637 1 1 3 0 0 3 3 1 1 3 1 1
-0.0002667178336455577 1 1 3 0 0 3 3 1 1 3 2 2
-8.020841388060693e-07 1 1 3 0 0 3 3 1 2 3 2 1
0.0019027786376386705 1 1 3 0 0 3 3 1 3 1 1 1
0.0019013002191111857 1 1 3 0 0 3 3 1 3 1 2 2
1.4784185274849502e-06 1 1 3 0 0 3 3 1 3 2 2 1
-8.020841388060693e-07 1 1 3 0 0 3 3 2 1 3 1 2
-0.0002667178336455577 1 1 3 0 0 3 3 2 2 3 1 1
-0.0002675199177843637 1 1 3 0 0 3 3 2 2 3 2 2
1.4784185274849502e-06 1 1 3 0 0 3 3 2 3 1 1 2
0.0019013002191111857 1 1 3 0 0 3 3 2 3 2 1 1
0.0019027786376386705 1 1 3 0 0 3 3 2 3 2 2 2
0.0010823558246811468 1 1 3 0 0 3 3 3 0 0 0 0
-0.00029720392917576303 1 1 3 0 1 1 0 1 1 0 3 0
-0.00029720392917576303 1 1 3 0 1 1 0 2 2 0 3 0
3.02797438511517e-05 1 1 3 0 1 1 3 1 1 0 0 0
-0.0002976862957837672 1 1 3 0 1 1 3 1 1 3 3 0
0.0018137181325708898 1 1 3 0 1 1 3 1 3 1 3 0
3.02797438511517e-05 1 1 3 0 1 1 3 2 2 0 0 0
-0.0002976862957837672 1 1 3 0 1 1 3 2 2 3 3 0
0.0018137181325708898 1 1 3 0 1 1 3 2 3 2 3 0
-0.0017614317708504446 1 1 3 0 1 2 3 0 0 0 1 2
0.0017614317708504446 1 1 3 0 1 2 3 0 0 0 2 1
-6.601163471884634e-06 1 1 3 0 2 1 1 3 2 0 0 0
6.7045529025977365e-06 1 1 3 0 2 1 1 3 2 0 3 3
7.967400286404512e-07 1 1 3 0 2 1 1 3 3 2 3 0
6.601163471884634e-06 1 1 3 0 2 1 2 3 1 0 0 0
-6.7045529025977365e-06 1 1 3 0 2 1 2 3 1 0 3 3
-7.967400286404512e-07 1 1 3 0 2 1 2 3 3 1 3 0
0.001761431770850445 1 1 3 0 2 1 3 0 0 0 1 2
-0.001761431770850445 1 1 3 0 2 1 3 0 0 0 2 1
-0.00029720392917576303 1 1 3 0 2 2 0 1 1 0 3 0
-0.00029720392917576303 1 1 3 0 2 2 0 2 2 0 3 0
3.075399441201766e-05 1 1 3 0 2 2 3 1 1 0 3 3
-0.0002976862957837672 1 1 3 0 2 2 3 1 1 3 3 0
0.001813544438526465 1 1 3 0 2 2 3 1 3 1 3 0
3.075399441201766e-05 1 1 3 0 2 2 3 2 2 0 3 3
-0.0002976862957837672 1 1 3 0 2 2 3 2 2 3 3 0
0.001813544438526465 1 1 3 0 2 2 3 2 3 2 3 0
0.001074345540564891 1 1 3 0 3 0 0 0 0 0 0 0
0.009602059063506944 1 1 3 0 3 0 3 0 0 0 0 0
0.0012075689223960719 1 1 3 0 3 0 3 0 0 0 0 3
0.0012009688138674489 1 1 3 0 3 0 3 0 0 0 3 0
0.001304295951218685 1 1 3 0 3 0 3 0 0 3 0 0
0.0008447427992507334 1 1 3 0 3 0 3 0 3 0 0 0
0.0010743455405648906 1 1 3 0 3 0 3 3 0 0 0 0
-0.0004410031409453805 1 1 3 0 3 3 3 0 0 0 0 0
3.108484223819042e-05 1 1 3 0 3 3 3 1 1 0 2 2
-3.108484223819042e-05 1 1 3 0 3 3 3 1 2 0 2 1
-3.108484223819042e-05 1 1 3 0 3 3 3 2 1 0 1 2
3.108484223819042e-05 1 1 3 0 3 3 3 2 2 0 1 1
0.00029754334218654645 1 1 3 1 0 1 1 3 0 0 1 0
0.00029562471123719623 1 1 3 1 0 1 1 3 3 0 1 3
-2.9965386059123792e-05 1 1 3 1 0 1 1 3 3 3 1 0
0.00029754334218654645 1 1 3 1 0 1 2 3 0 0 2 0
0.00029562471123719623 1 1 3 1 0 1 2 3 3 0 2 3
-2.9965386059123792e-05 1 1 3 1 0 1 2 3 3 3 2 0
-1.3163439627194536e-05 1 1 3 1 0 1 3 0 1 0 0 1
-1.3163439627194536e-05 1 1 3 1 0 1 3 0 2 0 0 2
0.00035747411430479397 1 1 3 1 0 1 3 1 1 1 1 0
-1.3299201000425848e-05 1 1 3 1 0 1 3 1 1 2 2 0
0.00037077331530521973 1 1 3 1 0 1 3 1 2 1 2 0
0.00037077331530521973 1 1 3 1 0 1 3 2 1 2 1 0
-1.3299201000425848e-05 1 1 3 1 0 1 3 2 2 1 1 0
0.00035747411430479397 1 1 3 1 0 1 3 2 2 2 2 0
-6.740368413992346e-06 1 1 3 1 0 2 0 1 3 0 2 0
6.740368413992346e-06 1 1 3 1 0 2 0 2 3 0 1 0
-5.939626319911054e-05 1 1 3 1 0 2 3 0 0 1 0 2
5.939626319911054e-05 1 1 3 1 0 2 3 0 0 2 0 1
-1.6183244322663603e-05 1 1 3 1 0 2 3 1 0 0 2 0
6.444793769717388e-05 1 1 3 1 0 2 3 1 3 0 2 3
8.104945492865546e-05 1 1 3 1 0 2 3 1 3 3 2 0
1.6183244322663603e-05 1 1 3 1 0 2 3 2 0 0 1 0
-6.444793769717388e-05 1 1 3 1 0 2 3 2 3 0 1 3
-8.104945492865546e-05 1 1 3 1 0 2 3 2 3 3 1 0
-1.2628587695299818e-05 1 1 3 1 1 0 3 0 1 0 1 0
-1.2628587695299818e-05 1 1 3 1 1 0 3 0 2 0 2 0
5.7917032924630566e-05 1 1 3 1 1 0 3 1 3 0 3 1
5.7917032924630566e-05 1 1 3 1 1 0 3 2 3 0 3 2
-6.565792661071688e-06 1 1 3 1 1 3 0 1 3 0 3 1
-6.565792661071688e-06 1 1 3 1 1 3 0 2 3 0 3 2
-1.5936956003587493e-05 1 1 3 1 1 3 3 1 0 0 3 1
6.514126097098236e-05 1 1 3 1 1 3 3 1 3 0 0 1
8.252787345614044e-05 1 1 3 1 1 3 3 1 3 3 3 1
-1.5936956003587493e-05 1 1 3 1 1 3 3 2 0 0 3 2
6.514126097098236e-05 1 1 3 1 1 3 3 2 3 0 0 2
8.252787345614044e-05 1 1 3 1 1 3 3 2 3 3 3 2
0.0002648707168251785 1 1 3 1 2 0 1 3 3 0 3 2
-0.0002648707168251785 1 1 3 1 2 0 2 3 3 0 3 1
-5.698289655489841e-05 1 1 3 1 2 0 3 0 0 1 2 0
5.698289655489841e-05 1 1 3 1 2 0 3 0 0 2 1 0
0.0003054546265767341 1 1 3 1 2 3 1 3 0 0 3 2
0.0002988050068360518 1 1 3 1 2 3 1 3 3 0 0 2
-3.0762126087764254e-05 1 1 3 1 2 3 1 3 3 3 3 2
-0.0003054546265767341 1 1 3 1 2 3 2 3 0 0 3 1
-0.0002988050068360518 1 1 3 1 2 3 2 3 3 0 0 1
3.0762126087764254e-05 1 1 3 1 2 3 2 3 3 3 3 1
0.0003669788787522626 1 1 3 1 2 3 3 1 1 1 3 2
1.2174812867643944e-05 1 1 3 1 2 3 3 1 1 2 3 1
-0.0003791536916199065 1 1 3 1 2 3 3 1 2 1 3 1
0.0003791536916199065 1 1 3 1 2 3 3 2 1 2 3 2
-1.2174812867643944e-05 1 1 3 1 2 3 3 2 2 1 3 2
-0.0003669788787522626 1 1 3 1 2 3 3 2 2 2 3 1
0.00026852526298490006 1 1 3 1 3 1 1 3 3 0 1 0
0.00026852526298490006 1 1 3 1 3 1 2 3 3 0 2 0
5.8364581283045256e-05 1 1 3 1 3 2 3 1 3 0 2 0
-5.8364581283045256e-05 1 1 3 1 3 2 3 2 3 0 1 0
6.740368413992346e-06 1 1 3 2 0 1 0 1 3 0 2 0
-6.740368413992346e-06 1 1 3 2 0 1 0 2 3 0 1 0
-7.793147382927258e-05 1 1 3 2 0 1 1 3 1 2 1 0
-6.532631611640415e-06 1 1 3 2 0 1 1 3 2 1 1 0
-8.4464105440913e-05 1 1 3 2 0 1 1 3 2 2 2 0
8.4464105440913e-05 1 1 3 2 0 1 2 3 1 1 1 0
6.532631611640415e-06 1 1 3 2 0 1 2 3 1 2 2 0
7.793147382927258e-05 1 1 3 2 0 1 2 3 2 1 2 0
5.939626319911054e-05 1 1 3 2 0 1 3 0 0 1 0 2
-5.939626319911054e-05 1 1 3 2 0 1 3 0 0 2 0 1
8.104945492865549e-05 1 1 3 2 0 1 3 1 0 0 2 0
-8.758208654029579e-05 1 1 3 2 0 1 3 1 3 3 2 0
-8.104945492865549e-05 1 1 3 2 0 1 3 2 0 0 1 0
8.758208654029579e-05 1 1 3 2 0 1 3 2 3 3 1 0
0.0002726672244128943 1 1 3 2 0 2 3 0 1 0 0 1
0.0002726672244128943 1 1 3 2 0 2 3 0 2 0 0 2
-2.996538605912378e-05 1 1 3 2 0 2 3 1 1 1 1 0
-4.3264587059549584e-05 1 1 3 2 0 2 3 1 1 2 2 0
1.3299201000425804e-05 1 1 3 2 0 2 3 1 2 1 2 0
1.3299201000425804e-05 1 1 3 2 0 2 3 2 1 2 1 0
-4.3264587059549584e-05 1 1 3 2 0 2 3 2 2 1 1 0
-2.996538605912378e-05 1 1 3 2 0 2 3 2 2 2 2 0
5.698289655489841e-05 1 1 3 2 1 0 3 0 0 1 2 0
-5.698289655489841e-05 1 1 3 2 1 0 3 0 0 2 1 0
3.076212608776424e-05 1 1 3 2 1 3 3 1 1 1 3 2
-4.293693895540815e-05 1 1 3 2 1 3 3 1 1 2 3 1
1.2174812867643912e-05 1 1 3 2 1 3 3 1 2 1 3 1
-1.2174812867643912e-05 1 1 3 2 1 3 3 2 1 2 3 2
4.293693895540815e-05 1 1 3 2 1 3 3 2 2 1 3 2
-3.076212608776424e-05 1 1 3 2 1 3 3 2 2 2 3 1
0.00026158831222338407 1 1 3 2 2 0 3 0 1 0 1 0
0.00026158831222338407 1 1 3 2 2 0 3 0 2 0 2 0
1.7364813005438035e-07 1 1 3 2 2 0 3 1 3 0 3 1
1.7364813005438035e-07 1 1 3 2 2 0 3 2 3 0 3 2
-6.565792661071688e-06 1 1 3 2 2 3 0 1 3 0 3 1
-6.565792661071688e-06 1 1 3 2 2 3 0 2 3 0 3 2
-8.000356876468304e-05 1 1 3 2 2 3 1 3 1 2 3 2
-6.706325656065062e-06 1 1 3 2 2 3 1 3 2 1 3 2
8.67098944207481e-05 1 1 3 2 2 3 1 3 2 2 3 1
8.67098944207481e-05 1 1 3 2 2 3 2 3 1 1 3 2
-6.706325656065062e-06 1 1 3 2 2 3 2 3 1 2 3 1
-8.000356876468304e-05 1 1 3 2 2 3 2 3 2 1 3 1
-8.252787345614047e-05 1 1 3 2 2 3 3 1 0 0 3 1
8.923419911220548e-05 1 1 3 2 2 3 3 1 3 3 3 1
-8.252787345614047e-05 1 1 3 2 2 3 3 2 0 0 3 2
8.923419911220548e-05 1 1 3 2 2 3 3 2 3 3 3 2
1.7551621605250377e-07 1 1 3 2 3 1 3 1 3 0 2 0
-1.7551621605250377e-07 1 1 3 2 3 1 3 2 3 0 1 0
0.0004924580320888888 1 1 3 3 0 0 0 0 1 1 0 0
0.0004924580320888888 1 1 3 3 0 0 0 0 2 2 0 0
0.0003444147813732951 1 1 3 3 0 0 3 0 0 3 0 0
0.0046551605367266945 1 1 3 3 0 0 3 0 1 1 0 0
0.0005340027594388447 1 1 3 3 0 0 3 0 1 1 0 3
0.0005300594655646823 1 1 3 3 0 0 3 0 1 1 3 0
0.0046551605367266945 1 1 3 3 0 0 3 0 2 2 0 0
0.0005340027594388447 1 1 3 3 0 0 3 0 2 2 0 3
0.0005300594655646823 1 1 3 3 0 0 3 0 2 2 3 0
-0.0003444147813732839 1 1 3 3 0 0 3 0 3 0 0 0
-6.530904772543319e-06 1 1 3 3 0 0 3 1 3 1 1 1
-6.530904772543319e-06 1 1 3 3 0 0 3 1 3 2 2 1
-6.530904772543319e-06 1 1 3 3 0 0 3 2 3 1 1 2
-6.530904772543319e-06 1 1 3 3 0 0 3 2 3 2 2 2
0.0012364987695560677 1 1 3 3 0 0 3 3 1 1 0 0
0.0012364987695560677 1 1 3 3 0 0 3 3 2 2 0 0
5.822642389861372e-05 1 1 3 3 0 3 0 1 3 1 1 1
5.8051848145693065e-05 1 1 3 3 0 3 0 1 3 1 2 2
1.745757529206586e-07 1 1 3 3 0 3 0 1 3 2 2 1
1.745757529206586e-07 1 1 3 3 0 3 0 2 3 1 1 2
5.8051848145693065e-05 1 1 3 3 0 3 0 2 3 2 1 1
5.822642389861372e-05 1 1 3 3 0 3 0 2 3 2 2 2
0.0005047026348868955 1 1 3 3 0 3 3 0 1 1 0 0
0.0005047026348868955 1 1 3 3 0 3 3 0 2 2 0 0
5.832092629186934e-05 1 1 3 3 0 3 3 1 0 1 1 1
5.814606719978154e-05 1 1 3 3 0 3 3 1 0 1 2 2
1.748590920878353e-07 1 1 3 3 0 3 3 1 0 2 2 1
0.00010506038646225884 1 1 3 3 0 3 3 1 1 0 1 1
0.000104738082468283 1 1 3 3 0 3 3 1 1 0 2 2
3.2230399397582404e-07 1 1 3 3 0 3 3 1 2 0 2 1
1.748590920878353e-07 1 1 3 3 0 3 3 2 0 1 1 2
5.814606719978154e-05 1 1 3 3 0 3 3 2 0 2 1 1
5.832092629186934e-05 1 1 3 3 0 3 3 2 0 2 2 2
3.2230399397582404e-07 1 1 3 3 0 3 3 2 1 0 1 2
0.000104738082468283 1 1 3 3 0 3 3 2 2 0 1 1
0.00010506038646225884 1 1 3 3 0 3 3 2 2 0 2 2
6.479221655968541e-05 1 1 3 3 1 1 0 1 3 1 3 0
6.479221655968541e-05 1 1 3 3 1 1 0 2 3 2 3 0
6.489737533673634e-05 1 1 3 3 1 1 3 1 0 1 3 0
0.00011783094741826361 1 1 3 3 1 1 3 1 1 0 3 0
-6.601163471884596e-06 1 1 3 3 1 1 3 1 3 1 0 0
6.489737533673634e-05 1 1 3 3 1 1 3 2 0 2 3 0
0.00011783094741826361 1 1 3 3 1 1 3 2 2 0 3 0
-6.601163471884596e-06 1 1 3 3 1 1 3 2 3 2 0 0
-1.7369404442462833e-07 1 1 3 3 2 1 1 3 2 0 3 0
-3.0279743851151745e-05 1 1 3 3 2 1 1 3 3 2 0 0
3.075399441201771e-05 1 1 3 3 2 1 1 3 3 2 3 3
1.7369404442462833e-07 1 1 3 3 2 1 2 3 1 0 3 0
3.0279743851151745e-05 1 1 3 3 2 1 2 3 3 1 0 0
-3.075399441201771e-05 1 1 3 3 2 1 2 3 3 1 3 3
6.479221655968541e-05 1 1 3 3 2 2 0 1 3 1 3 0
6.479221655968541e-05 1 1 3 3 2 2 0 2 3 2 3 0
6.489737533673634e-05 1 1 3 3 2 2 3 1 0 1 3 0
0.00011703420738962319 1 1 3 3 2 2 3 1 1 0 3 0
-6.704552902597698e-06 1 1 3 3 2 2 3 1 3 1 3 3
6.489737533673634e-05 1 1 3 3 2 2 3 2 0 2 3 0
0.00011703420738962319 1 1 3 3 2 2 3 2 2 0 3 0
-6.704552902597698e-06 1 1 3 3 2 2 3 2 3 2 3 3
0.0005019498526620585 1 1 3 3 3 0 3 0 1 1 0 0
0.0005019498526620585 1 1 3 3 3 0 3 0 2 2 0 0
-6.776679687937098e-06 1 1 3 3 3 3 3 1 3 1 2 2
6.776679687937098e-06 1 1 3 3 3 3 3 1 3 2 2 1
6.776679687937098e-06 1 1 3 3 3 3 3 2 3 1 1 2
-6.776679687937098e-06 1 1 3 3 3 3 3 2 3 2 1 1
0.0020632020753484797 1 2 0 0 0 0 1 1 1 2 0 0
40.33052659809938 1 2 0 0 0 0 1 2 0 0 0 0
-0.005134758247054259 1 2 0 0 0 0 1 2 0 0 0 3
-0.0052009491719983165 1 2 0 0 0 0 1 2 0 0 3 0
-0.0002953649630265348 1 2 0 0 0 0 1 2 0 0 3 3
-0.005111431623737388 1 2 0 0 0 0 1 2 0 3 0 0
-0.0005541705786925294 1 2 0 0 0 0 1 2 0 3 0 3
-0.0005511479851629859 1 2 0 0 0 0 1 2 0 3 3 0
-0.001981179411275908 1 2 0 0 0 0 1 2 1 1 0 0
8.202266407257127e-05 1 2 0 0 0 0 1 2 2 2 0 0
-0.0051114316237373765 1 2 0 0 0 0 1 2 3 0 0 0
-0.000554170578692529 1 2 0 0 0 0 1 2 3 0 0 3
-0.0005511479851629859 1 2 0 0 0 0 1 2 3 0 3 0
-0.0008261202280008472 1 2 0 0 0 0 1 2 3 3 0 0
-40.33052659809938 1 2 0 0 0 0 2 1 0 0 0 0
0.005134758247054259 1 2 0 0 0 0 2 1 0 0 0 3
0.0052009491719983165 1 2 0 0 0 0 2 1 0 0 3 0
0.0002953649630265348 1 2 0 0 0 0 2 1 0 0 3 3
0.005111431623737388 1 2 0 0 0 0 2 1 0 3 0 0
0.0005541705786925294 1 2 0 0 0 0 2 1 0 3 0 3
0.0005511479851629859 1 2 0 0 0 0 2 1 0 3 3 0
-8.202266407257127e-05 1 2 0 0 0 0 2 1 1 1 0 0
0.001981179411275908 1 2 0 0 0 0 2 1 2 2 0 0
0.0051114316237373765 1 2 0 0 0 0 2 1 3 0 0 0
0.000554170578692529 1 2 0 0 0 0 2 1 3 0 0 3
0.0005511479851629859 1 2 0 0 0 0 2 1 3 0 3 0
0.0008261202280008472 1 2 0 0 0 0 2 1 3 3 0 0
-0.0020632020753484797 1 2 0 0 0 0 2 2 2 1 0 0
-0.005134758247054258 1 2 0 0 0 3 1 2 0 0 0 0
-0.0006903763535399709 1 2 0 0 0 3 1 2 0 0 0 3
-0.000654078937187138 1 2 0 0 0 3 1 2 0 0 3 0
-0.0005863425267988746 1 2 0 0 0 3 1 2 0 3 0 0
-0.0005863425267988742 1 2 0 0 0 3 1 2 3 0 0 0
1.478418527484975e-06 1 2 0 0 0 3 1 3 1 0 1 2
0.0019013002191111887 1 2 0 0 0 3 1 3 2 0 1 1
0.0019027786376386736 1 2 0 0 0 3 1 3 2 0 2 2
0.005134758247054258 1 2 0 0 0 3 2 1 0 0 0 0
0.0006903763535399709 1 2 0 0 0 3 2 1 0 0 0 3
0.000654078937187138 1 2 0 0 0 3 2 1 0 0 3 0
0.0005863425267988746 1 2 0 0 0 3 2 1 0 3 0 0
0.0005863425267988742 1 2 0 0 0 3 2 1 3 0 0 0
-0.0019027786376386736 1 2 0 0 0 3 2 3 1 0 1 1
-0.0019013002191111887 1 2 0 0 0 3 2 3 1 0 2 2
-1.478418527484975e-06 1 2 0 0 0 3 2 3 2 0 2 1
0.001813544438526468 1 2 0 0 1 1 1 3 2 0 3 0
-0.001813544438526468 1 2 0 0 1 1 2 3 1 0 3 0
-3.1441842289932536e-05 1 2 0 0 1 2 1 1 0 0 2 2
0.00039015581645053565 1 2 0 0 1 2 1 2 0 0 1 2
-0.00035871397416060313 1 2 0 0 1 2 1 2 0 0 2 1
-0.00035871397416060313 1 2 0 0 1 2 2 1 0 0 1 2
0.00039015581645053565 1 2 0 0 1 2 2 1 0 0 2 1
-3.1441842289932536e-05 1 2 0 0 1 2 2 2 0 0 1 1
-3.1441842289932516e-05 1 2 0 0 2 1 1 1 0 0 2 2
-0.00035871397416060313 1 2 0 0 2 1 1 2 0 0 1 2
0.00039015581645053565 1 2 0 0 2 1 1 2 0 0 2 1
0.00039015581645053565 1 2 0 0 2 1 2 1 0 0 1 2
-0.00035871397416060313 1 2 0 0 2 1 2 1 0 0 2 1
-3.1441842289932516e-05 1 2 0 0 2 1 2 2 0 0 1 1
-7.967400286404762e-07 1 2 0 0 2 1 3 1 1 0 3 0
-7.967400286404762e-07 1 2 0 0 2 1 3 2 2 0 3 0
0.0018137181325708924 1 2 0 0 2 2 1 3 2 0 3 0
-0.0018137181325708924 1 2 0 0 2 2 2 3 1 0 3 0
-0.005200949171998315 1 2 0 0 3 0 1 2 0 0 0 0
-0.000654078937187138 1 2 0 0 3 0 1 2 0 0 0 3
-0.0006822840825111399 1 2 0 0 3 0 1 2 0 0 3 0
-0.0005820127347646223 1 2 0 0 3 0 1 2 0 3 0 0
-0.0005820127347646221 1 2 0 0 3 0 1 2 3 0 0 0
0.005200949171998315 1 2 0 0 3 0 2 1 0 0 0 0
0.000654078937187138 1 2 0 0 3 0 2 1 0 0 0 3
0.0006822840825111399 1 2 0 0 3 0 2 1 0 0 3 0
0.0005820127347646223 1 2 0 0 3 0 2 1 0 3 0 0
0.0005820127347646221 1 2 0 0 3 0 2 1 3 0 0 0
-0.0002953649630265348 1 2 0 0 3 3 1 2 0 0 0 0
0.0002953649630265348 1 2 0 0 3 3 2 1 0 0 0 0
7.07753303336665e-05 1 2 0 1 0 1 1 1 1 0 0 2
-7.07753303336665e-05 1 2 0 1 0 1 1 2 1 0 0 1
7.07753303336665e-05 1 2 0 1 0 1 2 1 2 0 0 2
-7.07753303336665e-05 1 2 0 1 0 1 2 2 2 0 0 1
-5.988459179648801e-05 1 2 0 1 0 1 3 1 3 0 2 0
5.988459179648801e-05 1 2 0 1 0 1 3 2 3 0 1 0
-0.0002935332398395303 1 2 0 1 0 2 0 0 1 0 0 1
-0.0002935332398395303 1 2 0 1 0 2 0 0 2 0 0 2
-0.00035576407952294303 1 2 0 1 0 2 1 1 0 2 0 2
0.0003879360276292883 1 2 0 1 0 2 1 2 0 1 0 2
-3.21719481063453e-05 1 2 0 1 0 2 1 2 0 2 0 1
2.0633605044527945e-07 1 2 0 1 0 2 1 3 3 0 1 0
-3.21719481063453e-05 1 2 0 1 0 2 2 1 0 1 0 2
0.0003879360276292883 1 2 0 1 0 2 2 1 0 2 0 1
-0.00035576407952294303 1 2 0 1 0 2 2 2 0 1 0 1
2.0633605044527945e-07 1 2 0 1 0 2 2 3 3 0 2 0
-0.00029822908651571864 1 2 0 1 0 2 3 0 1 0 3 1
-0.00029822908651571864 1 2 0 1 0 2 3 0 2 0 3 2
1.568597870753381e-05 1 2 0 1 0 2 3 3 1 0 0 1
1.568597870753381e-05 1 2 0 1 0 2 3 3 2 0 0 2
7.153672294738182e-05 1 2 0 1 1 0 1 1 1 0 2 0
-7.153672294738182e-05 1 2 0 1 1 0 1 2 1 0 1 0
7.153672294738182e-05 1 2 0 1 1 0 2 1 2 0 2 0
-7.153672294738182e-05 1 2 0 1 1 0 2 2 2 0 1 0
-2.0099194027967275e-07 1 2 0 1 1 3 1 3 3 0 3 2
2.0099194027967275e-07 1 2 0 1 1 3 2 3 3 0 3 1
-0.0002966910356370219 1 2 0 1 2 0 0 0 1 0 1 0
-0.0002966910356370219 1 2 0 1 2 0 0 0 2 0 2 0
-0.00035959134731663545 1 2 0 1 2 0 1 1 0 2 2 0
0.00039045609691827176 1 2 0 1 2 0 1 2 0 1 2 0
-3.086474960163633e-05 1 2 0 1 2 0 1 2 0 2 1 0
-3.086474960163633e-05 1 2 0 1 2 0 2 1 0 1 2 0
0.00039045609691827176 1 2 0 1 2 0 2 1 0 2 1 0
-0.00035959134731663545 1 2 0 1 2 0 2 2 0 1 1 0
-0.00030615860394169587 1 2 0 1 2 0 3 0 1 0 1 3
-0.00030615860394169587 1 2 0 1 2 0 3 0 2 0 2 3
1.585472660698559e-05 1 2 0 1 2 0 3 3 1 0 1 0
1.585472660698559e-05 1 2 0 1 2 0 3 3 2 0 2 0
-0.0002672041575717828 1 2 0 1 2 3 3 0 1 0 1 0
-0.0002672041575717828 1 2 0 1 2 3 3 0 2 0 2 0
5.833357899435163e-05 1 2 0 1 2 3 3 1 3 0 3 1
5.833357899435163e-05 1 2 0 1 2 3 3 2 3 0 3 2
-0.00027513367499776 1 2 0 1 3 2 3 0 1 0 0 1
-0.00027513367499776 1 2 0 1 3 2 3 0 2 0 0 2
-4.654486097587878e-05 1 2 0 2 0 1 1 1 0 2 0 2
-3.21719481063453e-05 1 2 0 2 0 1 1 2 0 1 0 2
7.871680908222408e-05 1 2 0 2 0 1 1 2 0 2 0 1
0.00027448616443852454 1 2 0 2 0 1 1 3 3 0 1 0
7.871680908222408e-05 1 2 0 2 0 1 2 1 0 1 0 2
-3.21719481063453e-05 1 2 0 2 0 1 2 1 0 2 0 1
-4.654486097587878e-05 1 2 0 2 0 1 2 2 0 1 0 1
0.00027448616443852454 1 2 0 2 0 1 2 3 3 0 2 0
-7.077533033366666e-05 1 2 0 2 0 2 0 0 0 1 0 2
7.077533033366666e-05 1 2 0 2 0 2 0 0 0 2 0 1
7.077533033366682e-05 1 2 0 2 0 2 1 1 1 0 0 2
7.077533033366682e-05 1 2 0 2 0 2 1 2 2 0 0 2
-7.077533033366682e-05 1 2 0 2 0 2 2 1 1 0 0 1
-7.077533033366682e-05 1 2 0 2 0 2 2 2 2 0 0 1
7.077533033366655e-05 1 2 0 2 0 2 3 3 0 1 0 2
-7.077533033366655e-05 1 2 0 2 0 2 3 3 0 2 0 1
-4.704558507262783e-05 1 2 0 2 1 0 1 1 0 2 2 0
-3.086474960163633e-05 1 2 0 2 1 0 1 2 0 1 2 0
7.791033467426415e-05 1 2 0 2 1 0 1 2 0 2 1 0
7.791033467426415e-05 1 2 0 2 1 0 2 1 0 1 2 0
-3.086474960163633e-05 1 2 0 2 1 0 2 1 0 2 1 0
-4.704558507262783e-05 1 2 0 2 1 0 2 2 0 1 1 0
-7.153672294738195e-05 1 2 0 2 2 0 0 0 0 1 2 0
7.153672294738195e-05 1 2 0 2 2 0 0 0 0 2 1 0
7.15367229473821e-05 1 2 0 2 2 0 1 1 1 0 2 0
7.15367229473821e-05 1 2 0 2 2 0 1 2 2 0 2 0
-7.15367229473821e-05 1 2 0 2 2 0 2 1 1 0 1 0
-7.15367229473821e-05 1 2 0 2 2 0 2 2 2 0 1 0
7.153672294738188e-05 1 2 0 2 2 0 3 3 0 1 2 0
-7.153672294738188e-05 1 2 0 2 2 0 3 3 0 2 1 0
0.000267376964187143 1 2 0 2 2 3 1 3 3 0 3 2
-0.000267376964187143 1 2 0 2 2 3 2 3 3 0 3 1
-0.005111431623737388 1 2 0 3 0 0 1 2 0 0 0 0
-0.0005863425267988746 1 2 0 3 0 0 1 2 0 0 0 3
-0.0005820127347646223 1 2 0 3 0 0 1 2 0 0 3 0
-0.0014473622812572215 1 2 0 3 0 0 1 2 0 3 0 0
-0.00045265625059935665 1 2 0 3 0 0 1 2 3 0 0 0
0.005111431623737388 1 2 0 3 0 0 2 1 0 0 0 0
0.0005863425267988746 1 2 0 3 0 0 2 1 0 0 0 3
0.0005820127347646223 1 2 0 3 0 0 2 1 0 0 3 0
0.0014473622812572215 1 2 0 3 0 0 2 1 0 3 0 0
0.00045265625059935665 1 2 0 3 0 0 2 1 3 0 0 0
-0.000312736088353872 1 2 0 3 0 0 3 0 1 2 0 0
0.000312736088353872 1 2 0 3 0 0 3 0 2 1 0 0
-0.0005541705786925294 1 2 0 3 0 3 1 2 0 0 0 0
-3.223039939758331e-07 1 2 0 3 0 3 1 3 3 1 1 2
-0.00010473808246828302 1 2 0 3 0 3 1 3 3 2 1 1
-0.00010506038646225886 1 2 0 3 0 3 1 3 3 2 2 2
0.0005541705786925294 1 2 0 3 0 3 2 1 0 0 0 0
0.00010506038646225886 1 2 0 3 0 3 2 3 3 1 1 1
0.00010473808246828302 1 2 0 3 0 3 2 3 3 1 2 2
3.223039939758331e-07 1 2 0 3 0 3 2 3 3 2 2 1
-0.00011703420738962307 1 2 0 3 1 1 1 3 3 2 3 0
0.00011703420738962307 1 2 0 3 1 1 2 3 3 1 3 0
-1.7369404442469853e-07 1 2 0 3 2 1 3 1 3 1 3 0
-1.7369404442469853e-07 1 2 0 3 2 1 3 2 3 2 3 0
-0.00011783094741826353 1 2 0 3 2 2 1 3 3 2 3 0
0.00011783094741826353 1 2 0 3 2 2 2 3 3 1 3 0
-3.102492894393582e-05 1 2 0 3 2 2 3 0 1 1 1 2
-3.102492894393583e-05 1 2 0 3 2 2 3 0 1 1 2 1
6.204985788787164e-05 1 2 0 3 2 2 3 0 1 2 1 1
-6.204985788787164e-05 1 2 0 3 2 2 3 0 2 1 2 2
3.102492894393583e-05 1 2 0 3 2 2 3 0 2 2 1 2
3.102492894393582e-05 1 2 0 3 2 2 3 0 2 2 2 1
-0.0005511479851629859 1 2 0 3 3 0 1 2 0 0 0 0
0.0005511479851629859 1 2 0 3 3 0 2 1 0 0 0 0
0.0002956247112371958 1 2 1 0 0 1 3 1 0 0 2 3
0.0002975433421865466 1 2 1 0 0 1 3 1 0 3 2 0
-2.996538605912365e-05 1 2 1 0 0 1 3 1 3 0 2 0
-0.0002956247112371958 1 2 1 0 0 1 3 2 0 0 1 3
-0.0002975433421865466 1 2 1 0 0 1 3 2 0 3 1 0
2.996538605912365e-05 1 2 1 0 0 1 3 2 3 0 1 0
6.740368413992376e-06 1 2 1 0 0 2 1 0 0 0 1 0
-4.6544860975878835e-05 1 2 1 0 0 2 1 1 2 0 0 2
7.871680908222409e-05 1 2 1 0 0 2 1 2 1 0 0 2
-3.217194810634526e-05 1 2 1 0 0 2 1 2 2 0 0 1
8.10494549286554e-05 1 2 1 0 0 2 1 3 0 3 1 0
-8.758208654029609e-05 1 2 1 0 0 2 1 3 3 0 1 0
6.740368413992376e-06 1 2 1 0 0 2 2 0 0 0 2 0
-3.217194810634526e-05 1 2 1 0 0 2 2 1 1 0 0 2
7.871680908222409e-05 1 2 1 0 0 2 2 1 2 0 0 1
-4.6544860975878835e-05 1 2 1 0 0 2 2 2 1 0 0 1
8.10494549286554e-05 1 2 1 0 0 2 2 3 0 3 2 0
-8.758208654029609e-05 1 2 1 0 0 2 2 3 3 0 2 0
1.736481300543763e-07 1 2 1 0 1 0 1 3 0 0 3 2
-1.736481300543763e-07 1 2 1 0 1 0 2 3 0 0 3 1
-6.565792661071722e-06 1 2 1 0 1 3 1 0 0 0 3 2
-8.252787345614036e-05 1 2 1 0 1 3 1 3 0 3 3 2
8.92341991122057e-05 1 2 1 0 1 3 1 3 3 0 3 2
6.565792661071722e-06 1 2 1 0 1 3 2 0 0 0 3 1
8.252787345614036e-05 1 2 1 0 1 3 2 3 0 3 3 1
-8.92341991122057e-05 1 2 1 0 1 3 2 3 3 0 3 1
-4.704558507262785e-05 1 2 1 0 2 0 1 1 2 0 2 0
7.791033467426415e-05 1 2 1 0 2 0 1 2 1 0 2 0
-3.086474960163629e-05 1 2 1 0 2 0 1 2 2 0 1 0
-3.086474960163629e-05 1 2 1 0 2 0 2 1 1 0 2 0
7.791033467426415e-05 1 2 1 0 2 0 2 1 2 0 1 0
-4.704558507262785e-05 1 2 1 0 2 0 2 2 1 0 1 0
-0.00026487071682517816 1 2 1 0 2 0 3 1 0 0 3 1
-0.00026487071682517816 1 2 1 0 2 0 3 2 0 0 3 2
-0.00029880500683605166 1 2 1 0 2 3 3 1 0 0 0 1
-0.00030545462657673416 1 2 1 0 2 3 3 1 0 3 3 1
3.076212608776413e-05 1 2 1 0 2 3 3 1 3 0 3 1
-0.00029880500683605166 1 2 1 0 2 3 3 2 0 0 0 2
-0.00030545462657673416 1 2 1 0 2 3 3 2 0 3 3 2
3.076212608776413e-05 1 2 1 0 2 3 3 2 3 0 3 2
0.0002685252629848999 1 2 1 0 3 1 3 1 0 0 2 0
-0.0002685252629848999 1 2 1 0 3 1 3 2 0 0 1 0
1.755162160524996e-07 1 2 1 0 3 2 1 3 0 0 1 0
1.755162160524996e-07 1 2 1 0 3 2 2 3 0 0 2 0
-8.202266407257104e-05 1 2 1 1 0 0 1 2 0 0 0 0
8.202266407257127e-05 1 2 1 1 0 0 1 2 3 3 0 0
8.202266407257104e-05 1 2 1 1 0 0 2 1 0 0 0 0
-8.202266407257127e-05 1 2 1 1 0 0 2 1 3 3 0 0
-1.4795835751481543e-06 1 2 1 1 0 3 1 3 0 1 1 2
-0.001837222655163625 1 2 1 1 0 3 1 3 0 2 1 1
-0.0018387022387387733 1 2 1 1 0 3 1 3 0 2 2 2
0.0018387022387387733 1 2 1 1 0 3 2 3 0 1 1 1
0.001837222655163625 1 2 1 1 0 3 2 3 0 1 2 2
1.4795835751481543e-06 1 2 1 1 0 3 2 3 0 2 2 1
-1.5510128021363906e-06 1 2 1 1 0 3 3 1 1 0 2 1
0.0019264595830437146 1 2 1 1 0 3 3 1 2 0 1 1
0.0019249085702415785 1 2 1 1 0 3 3 1 2 0 2 2
-0.0019249085702415785 1 2 1 1 0 3 3 2 1 0 1 1
-0.0019264595830437146 1 2 1 1 0 3 3 2 1 0 2 2
1.5510128021363906e-06 1 2 1 1 0 3 3 2 2 0 1 2
-0.0017562181827158593 1 2 1 1 1 1 1 3 0 2 3 0
0.0017562181827158593 1 2 1 1 1 1 2 3 0 1 3 0
0.0018419954776028018 1 2 1 1 1 1 3 1 2 0 3 0
-0.0018419954776028018 1 2 1 1 1 1 3 2 1 0 3 0
-9.50476444746842e-06 1 2 1 1 1 2 1 3 1 0 3 0
-9.50476444746842e-06 1 2 1 1 1 2 2 3 2 0 3 0
7.911284390187507e-06 1 2 1 1 2 1 3 1 0 1 3 0
7.911284390187507e-06 1 2 1 1 2 1 3 2 0 2 3 0
-0.001756218182715859 1 2 1 1 2 2 1 3 0 2 3 0
0.001756218182715859 1 2 1 1 2 2 2 3 0 1 3 0
7.929517425977181e-06 1 2 1 1 2 2 3 0 3 0 1 2
-7.929517425977181e-06 1 2 1 1 2 2 3 0 3 0 2 1
0.0018381986758208306 1 2 1 1 2 2 3 1 2 0 3 0
-0.0018381986758208306 1 2 1 1 2 2 3 2 1 0 3 0
-0.0005139017096304398 1 2 1 2 0 0 1 1 2 2 0 0
0.00014043773222894912 1 2 1 2 0 0 1 2 1 2 0 0
0.0003734639774014907 1 2 1 2 0 0 1 2 2 1 0 0
0.0003734639774014907 1 2 1 2 0 0 2 1 1 2 0 0
0.00014043773222894912 1 2 1 2 0 0 2 1 2 1 0 0
-0.0005139017096304398 1 2 1 2 0 0 2 2 1 1 0 0
-1.4851544821205265e-08 1 2 1 2 0 0 3 0 3 0 0 0
-0.00842739793262613 1 2 1 2 0 3 1 3 1 0 1 1
-0.008434184828883537 1 2 1 2 0 3 1 3 1 0 2 2
6.786896257405695e-06 1 2 1 2 0 3 1 3 2 0 1 2
6.786896257405695e-06 1 2 1 2 0 3 2 3 1 0 2 1
-0.008434184828883537 1 2 1 2 0 3 2 3 2 0 1 1
-0.00842739793262613 1 2 1 2 0 3 2 3 2 0 2 2
-0.008836730519189283 1 2 1 2 0 3 3 1 0 1 1 1
-0.008829615974827737 1 2 1 2 0 3 3 1 0 1 2 2
-7.1145443615470364e-06 1 2 1 2 0 3 3 1 0 2 2 1
-7.1145443615470364e-06 1 2 1 2 0 3 3 2 0 1 1 2
-0.008829615974827737 1 2 1 2 0 3 3 2 0 2 1 1
-0.008836730519189283 1 2 1 2 0 3 3 2 0 2 2 2
-0.008055031137263632 1 2 1 2 1 1 1 3 1 0 3 0
-0.008055031137263632 1 2 1 2 1 1 2 3 2 0 3 0
-0.008449291018825364 1 2 1 2 1 1 3 1 0 1 3 0
-0.008449291018825364 1 2 1 2 1 1 3 2 0 2 3 0
2.0720949354104086e-06 1 2 1 2 1 2 1 3 0 2 3 0
-2.0720949354104086e-06 1 2 1 2 1 2 2 3 0 1 3 0
2.072094935410419e-06 1 2 1 2 2 1 3 1 2 0 3 0
-2.072094935410419e-06 1 2 1 2 2 1 3 2 1 0 3 0
-0.008056624617320911 1 2 1 2 2 2 1 3 1 0 3 0
-0.008056624617320911 1 2 1 2 2 2 2 3 2 0 3 0
-0.00843187496998771 1 2 1 2 2 2 3 1 0 1 3 0
-0.00843187496998771 1 2 1 2 2 2 3 2 0 2 3 0
0.00027469250048897 1 2 1 3 0 1 3 1 0 0 2 0
6.532631611640252e-06 1 2 1 3 0 1 3 1 1 1 2 0
-8.446410544091294e-05 1 2 1 3 0 1 3 1 2 1 1 0
-7.793147382927269e-05 1 2 1 3 0 1 3 1 2 2 2 0
-0.00027469250048897 1 2 1 3 0 1 3 2 0 0 1 0
7.793147382927269e-05 1 2 1 3 0 1 3 2 1 1 1 0
8.446410544091294e-05 1 2 1 3 0 1 3 2 1 2 2 0
-6.532631611640252e-06 1 2 1 3 0 1 3 2 2 2 1 0
-7.077533033366682e-05 1 2 1 3 0 2 1 1 3 2 0 2
7.077533033366682e-05 1 2 1 3 0 2 1 2 3 1 0 2
4.498248088983815e-08 1 2 1 3 0 2 1 3 0 0 1 0
0.00037077331530522005 1 2 1 3 0 2 1 3 1 1 1 0
0.00035747411430479424 1 2 1 3 0 2 1 3 1 2 2 0
1.329920100042581e-05 1 2 1 3 0 2 1 3 2 2 1 0
7.077533033366682e-05 1 2 1 3 0 2 2 1 3 2 0 1
-7.077533033366682e-05 1 2 1 3 0 2 2 2 3 1 0 1
4.498248088983815e-08 1 2 1 3 0 2 2 3 0 0 2 0
1.329920100042581e-05 1 2 1 3 0 2 2 3 1 1 2 0
0.00035747411430479424 1 2 1 3 0 2 2 3 2 1 1 0
0.00037077331530522005 1 2 1 3 0 2 2 3 2 2 2 0
-4.3817433226670606e-08 1 2 1 3 1 3 1 3 0 0 3 2
-0.00037915369161990655 1 2 1 3 1 3 1 3 1 1 3 2
0.00036697887875226264 1 2 1 3 1 3 1 3 1 2 3 1
-1.21748128676439e-05 1 2 1 3 1 3 1 3 2 2 3 2
4.3817433226670606e-08 1 2 1 3 1 3 2 3 0 0 3 1
1.21748128676439e-05 1 2 1 3 1 3 2 3 1 1 3 1
-0.00036697887875226264 1 2 1 3 1 3 2 3 2 1 3 2
0.00037915369161990655 1 2 1 3 1 3 2 3 2 2 3 1
-7.15367229473821e-05 1 2 1 3 2 0 1 1 3 2 2 0
7.15367229473821e-05 1 2 1 3 2 0 1 2 3 1 2 0
7.15367229473821e-05 1 2 1 3 2 0 2 1 3 2 1 0
-7.15367229473821e-05 1 2 1 3 2 0 2 2 3 1 1 0
-0.0002675779561274229 1 2 1 3 2 3 3 1 0 0 3 1
-6.7063256560649805e-06 1 2 1 3 2 3 3 1 1 1 3 1
-8.67098944207481e-05 1 2 1 3 2 3 3 1 2 1 3 2
8.000356876468311e-05 1 2 1 3 2 3 3 1 2 2 3 1
-0.0002675779561274229 1 2 1 3 2 3 3 2 0 0 3 2
8.000356876468311e-05 1 2 1 3 2 3 3 2 1 1 3 2
-8.67098944207481e-05 1 2 1 3 2 3 3 2 1 2 3 1
-6.7063256560649805e-06 1 2 1 3 2 3 3 2 2 2 3 2
-6.740368413992376e-06 1 2 2 0 0 1 1 0 0 0 1 0
-0.00035576407952294254 1 2 2 0 0 1 1 1 2 0 0 2
-3.217194810634526e-05 1 2 2 0 0 1 1 2 1 0 0 2
0.0003879360276292878 1 2 2 0 0 1 1 2 2 0 0 1
6.444793769717405e-05 1 2 2 0 0 1 1 3 0 0 1 3
-1.618324432266367e-05 1 2 2 0 0 1 1 3 0 3 1 0
8.104945492865542e-05 1 2 2 0 0 1 1 3 3 0 1 0
-6.740368413992376e-06 1 2 2 0 0 1 2 0 0 0 2 0
0.0003879360276292878 1 2 2 0 0 1 2 1 1 0 0 2
-3.217194810634526e-05 1 2 2 0 0 1 2 1 2 0 0 1
-0.00035576407952294254 1 2 2 0 0 1 2 2 1 0 0 1
6.444793769717405e-05 1 2 2 0 0 1 2 3 0 0 2 3
-1.618324432266367e-05 1 2 2 0 0 1 2 3 0 3 2 0
8.104945492865542e-05 1 2 2 0 0 1 2 3 3 0 2 0
7.077533033366674e-05 1 2 2 0 0 2 0 0 1 0 0 2
-7.077533033366674e-05 1 2 2 0 0 2 0 0 2 0 0 1
-0.00028583066404008924 1 2 2 0 0 2 3 0 3 1 0 2
0.00028583066404008924 1 2 2 0 0 2 3 0 3 2 0 1
-7.077533033366667e-05 1 2 2 0 0 2 3 3 1 0 0 2
7.077533033366667e-05 1 2 2 0 0 2 3 3 2 0 0 1
-0.0003595913473166352 1 2 2 0 1 0 1 1 2 0 2 0
-3.086474960163629e-05 1 2 2 0 1 0 1 2 1 0 2 0
0.0003904560969182715 1 2 2 0 1 0 1 2 2 0 1 0
0.0003904560969182715 1 2 2 0 1 0 2 1 1 0 2 0
-3.086474960163629e-05 1 2 2 0 1 0 2 1 2 0 1 0
-0.0003595913473166352 1 2 2 0 1 0 2 2 1 0 1 0
7.153672294738203e-05 1 2 2 0 2 0 0 0 1 0 2 0
-7.153672294738203e-05 1 2 2 0 2 0 0 0 2 0 1 0
5.7917032924630675e-05 1 2 2 0 2 0 1 3 0 0 3 2
-5.7917032924630675e-05 1 2 2 0 2 0 2 3 0 0 3 1
-0.00027421689991868425 1 2 2 0 2 0 3 0 3 1 2 0
0.00027421689991868425 1 2 2 0 2 0 3 0 3 2 1 0
-7.153672294738199e-05 1 2 2 0 2 0 3 3 1 0 2 0
7.153672294738199e-05 1 2 2 0 2 0 3 3 2 0 1 0
-6.565792661071722e-06 1 2 2 0 2 3 1 0 0 0 3 2
6.514126097098247e-05 1 2 2 0 2 3 1 3 0 0 0 2
-1.5936956003587554e-05 1 2 2 0 2 3 1 3 0 3 3 2
8.25278734561404e-05 1 2 2 0 2 3 1 3 3 0 3 2
6.565792661071722e-06 1 2 2 0 2 3 2 0 0 0 3 1
-6.514126097098247e-05 1 2 2 0 2 3 2 3 0 0 0 1
1.5936956003587554e-05 1 2 2 0 2 3 2 3 0 3 3 1
-8.25278734561404e-05 1 2 2 0 2 3 2 3 3 0 3 1
5.8364581283045324e-05 1 2 2 0 3 1 1 3 0 0 1 0
5.8364581283045324e-05 1 2 2 0 3 1 2 3 0 0 2 0
-0.004543524559348088 1 2 2 1 0 0 0 0 0 0 0 0
0.04548670104161367 1 2 2 1 0 0 0 0 3 0 0 0
0.0049307377143097495 1 2 2 1 0 0 0 0 3 0 0 3
0.004889201042288891 1 2 2 1 0 0 0 0 3 0 3 0
0.004470657789730413 1 2 2 1 0 0 0 0 3 3 0 0
0.004855051677068904 1 2 2 1 0 0 0 3 3 0 0 0
-0.00952808405870894 1 2 2 1 0 0 1 1 2 2 0 0
0.0003734639774014908 1 2 2 1 0 0 1 2 1 2 0 0
0.009154620081307449 1 2 2 1 0 0 1 2 2 1 0 0
0.009154620081307449 1 2 2 1 0 0 2 1 1 2 0 0
0.0003734639774014908 1 2 2 1 0 0 2 1 2 1 0 0
-0.00952808405870894 1 2 2 1 0 0 2 2 1 1 0 0
0.045412353966846376 1 2 2 1 0 0 3 0 0 0 0 0
0.004923511127631246 1 2 2 1 0 0 3 0 0 0 0 3
0.004896656990206407 1 2 2 1 0 0 3 0 0 0 3 0
0.004857633679520999 1 2 2 1 0 0 3 0 0 3 0 0
-358.28014109914307 1 2 2 1 0 0 3 0 3 0 0 0
0.045619598620183444 1 2 2 1 0 0 3 0 3 0 0 3
0.046207669817104724 1 2 2 1 0 0 3 0 3 0 3 0
-0.0032617770341653693 1 2 2 1 0 0 3 0 3 0 3 3
0.04541235396684648 1 2 2 1 0 0 3 0 3 3 0 0
0.0049235111276312495 1 2 2 1 0 0 3 0 3 3 0 3
0.004896656990206407 1 2 2 1 0 0 3 0 3 3 3 0
0.004470657789730408 1 2 2 1 0 0 3 3 0 0 0 0
0.045486701041613356 1 2 2 1 0 0 3 3 3 0 0 0
0.004930737714309748 1 2 2 1 0 0 3 3 3 0 0 3
0.0048892010422888895 1 2 2 1 0 0 3 3 3 0 3 0
-0.004543524559348089 1 2 2 1 0 0 3 3 3 3 0 0
0.005208584975441747 1 2 2 1 0 3 0 0 3 0 0 0
-0.00040221804220160476 1 2 2 1 0 3 1 3 1 0 1 1
-0.00040254569030574613 1 2 2 1 0 3 1 3 1 0 2 2
3.2764810414143645e-07 1 2 2 1 0 3 1 3 2 0 1 2
3.2764810414143645e-07 1 2 2 1 0 3 2 3 1 0 2 1
-0.00040254569030574613 1 2 2 1 0 3 2 3 2 0 1 1
-0.00040221804220160476 1 2 2 1 0 3 2 3 2 0 2 2
0.005209341791671334 1 2 2 1 0 3 3 0 0 0 0 0
0.04561959862018344 1 2 2 1 0 3 3 0 3 0 0 0
0.005857256166388586 1 2 2 1 0 3 3 0 3 0 0 3
0.005811143805555313 1 2 2 1 0 3 3 0 3 0 3 0
0.005209341791671338 1 2 2 1 0 3 3 0 3 3 0 0
0.005208584975441745 1 2 2 1 0 3 3 3 3 0 0 0
-0.00038475511711426634 1 2 2 1 1 1 1 3 1 0 3 0
-0.00038475511711426634 1 2 2 1 1 1 2 3 2 0 3 0
-0.008476462666689243 1 2 2 1 1 2 3 0 3 0 1 2
0.008476462666689243 1 2 2 1 1 2 3 0 3 0 2 1
-1.7247068465610831e-06 1 2 2 1 2 1 1 3 0 2 3 0
1.7247068465610831e-06 1 2 2 1 2 1 2 3 0 1 3 0
0.00846060363183729 1 2 2 1 2 1 3 0 3 0 1 2
-0.00846060363183729 1 2 2 1 2 1 3 0 3 0 2 1
1.724706846561089e-06 1 2 2 1 2 1 3 1 2 0 3 0
-1.724706846561089e-06 1 2 2 1 2 1 3 2 1 0 3 0
-0.00038475511711426634 1 2 2 1 2 2 1 3 1 0 3 0
-0.00038475511711426634 1 2 2 1 2 2 2 3 2 0 3 0
0.005170037351318928 1 2 2 1 3 0 0 0 3 0 0 0
0.00517087389012509 1 2 2 1 3 0 3 0 0 0 0 0
0.0462076698171047 1 2 2 1 3 0 3 0 3 0 0 0
0.005811143805555313 1 2 2 1 3 0 3 0 3 0 0 3
0.005779382322561863 1 2 2 1 3 0 3 0 3 0 3 0
0.005170873890125092 1 2 2 1 3 0 3 0 3 3 0 0
0.005170037351318926 1 2 2 1 3 0 3 3 3 0 0 0
-0.0021150515111384104 1 2 2 1 3 3 3 0 3 0 0 0
0.0020632020753484828 1 2 2 2 0 0 0 0 1 2 0 0
-0.0020632020753484828 1 2 2 2 0 0 0 0 2 1 0 0
0.001981179411275913 1 2 2 2 0 0 1 2 0 0 0 0
-0.0019811794112759083 1 2 2 2 0 0 1 2 3 3 0 0
-0.001981179411275913 1 2 2 2 0 0 2 1 0 0 0 0
0.0019811794112759083 1 2 2 2 0 0 2 1 3 3 0 0
-0.00206320207534848 1 2 2 2 0 0 3 3 1 2 0 0
0.00206320207534848 1 2 2 2 0 0 3 3 2 1 0 0
7.142922698827439e-08 1 2 2 2 0 3 1 3 0 1 1 2
8.76859150779503e-05 1 2 2 2 0 3 1 3 0 2 1 1
8.775734430493857e-05 1 2 2 2 0 3 1 3 0 2 2 2
-8.775734430493857e-05 1 2 2 2 0 3 2 3 0 1 1 1
-8.76859150779503e-05 1 2 2 2 0 3 2 3 0 1 2 2
-7.142922698827439e-08 1 2 2 2 0 3 2 3 0 2 2 1
8.370519995152884e-05 1 2 2 2 1 1 1 3 0 2 3 0
-8.370519995152884e-05 1 2 2 2 1 1 2 3 0 1 3 0
-7.911284390187609e-06 1 2 2 2 2 1 1 3 1 0 3 0
-7.911284390187609e-06 1 2 2 2 2 1 2 3 2 0 3 0
-9.504764447468545e-06 1 2 2 2 2 1 3 1 0 1 3 0
-9.504764447468545e-06 1 2 2 2 2 1 3 2 0 2 3 0
8.40525880403782e-05 1 2 2 2 2 2 1 3 0 2 3 0
-8.40525880403782e-05 1 2 2 2 2 2 2 3 0 1 3 0
-7.92951742597709e-06 1 2 2 2 2 2 3 0 3 0 1 2
7.92951742597709e-06 1 2 2 2 2 2 3 0 3 0 2 1
7.07753303336665e-05 1 2 2 3 0 1 1 1 3 2 0 2
-7.07753303336665e-05 1 2 2 3 0 1 1 2 3 2 0 1
5.983960931559791e-05 1 2 2 3 0 1 1 3 0 0 1 0
-1.3299201000425855e-05 1 2 2 3 0 1 1 3 1 1 1 0
2.996538605912371e-05 1 2 2 3 0 1 1 3 1 2 2 0
-4.3264587059549564e-05 1 2 2 3 0 1 1 3 2 2 1 0
-7.07753303336665e-05 1 2 2 3 0 1 2 1 3 1 0 2
7.07753303336665e-05 1 2 2 3 0 1 2 2 3 1 0 1
5.983960931559791e-05 1 2 2 3 0 1 2 3 0 0 2 0
-4.3264587059549564e-05 1 2 2 3 0 1 2 3 1 1 2 0
2.996538605912371e-05 1 2 2 3 0 1 2 3 2 1 1 0
-1.3299201000425855e-05 1 2 2 3 0 1 2 3 2 2 2 0
1.568597870753383e-05 1 2 2 3 0 2 0 0 3 1 0 2
-1.568597870753383e-05 1 2 2 3 0 2 0 0 3 2 0 1
-0.0002982290865157188 1 2 2 3 0 2 3 0 3 1 3 2
0.0002982290865157188 1 2 2 3 0 2 3 0 3 2 3 1
-0.00029353323983952987 1 2 2 3 0 2 3 3 3 1 0 2
0.00029353323983952987 1 2 2 3 0 2 3 3 3 2 0 1
7.153672294738182e-05 1 2 2 3 1 0 1 1 3 2 2 0
-7.153672294738182e-05 1 2 2 3 1 0 1 2 3 2 1 0
-7.153672294738182e-05 1 2 2 3 1 0 2 1 3 1 2 0
7.153672294738182e-05 1 2 2 3 1 0 2 2 3 1 1 0
1.58547266069856e-05 1 2 2 3 2 0 0 0 3 1 2 0
-1.58547266069856e-05 1 2 2 3 2 0 0 0 3 2 1 0
-0.0003061586039416959 1 2 2 3 2 0 3 0 3 1 2 3
0.0003061586039416959 1 2 2 3 2 0 3 0 3 2 1 3
-0.0002966910356370217 1 2 2 3 2 0 3 3 3 1 2 0
0.0002966910356370217 1 2 2 3 2 0 3 3 3 2 1 0
5.828976156112465e-05 1 2 2 3 2 3 1 3 0 0 3 2
-1.2174812867643936e-05 1 2 2 3 2 3 1 3 1 1 3 2
-3.0762126087764186e-05 1 2 2 3 2 3 1 3 1 2 3 1
-4.2936938955408126e-05 1 2 2 3 2 3 1 3 2 2 3 2
-5.828976156112465e-05 1 2 2 3 2 3 2 3 0 0 3 1
4.2936938955408126e-05 1 2 2 3 2 3 2 3 1 1 3 1
3.0762126087764186e-05 1 2 2 3 2 3 2 3 2 1 3 2
1.2174812867643936e-05 1 2 2 3 2 3 2 3 2 2 3 1
-0.000267204157571783 1 2 2 3 2 3 3 0 3 1 2 0
0.000267204157571783 1 2 2 3 2 3 3 0 3 2 1 0
-0.0002751336749977601 1 2 2 3 3 2 3 0 3 1 0 2
0.0002751336749977601 1 2 2 3 3 2 3 0 3 2 0 1
-0.005111431623737376 1 2 3 0 0 0 1 2 0 0 0 0
-0.0005863425267988742 1 2 3 0 0 0 1 2 0 0 0 3
-0.0005820127347646221 1 2 3 0 0 0 1 2 0 0 3 0
-0.00045265625059935665 1 2 3 0 0 0 1 2 0 3 0 0
-0.0014473622812572213 1 2 3 0 0 0 1 2 3 0 0 0
-6.530904772543361e-06 1 2 3 0 0 0 1 3 1 0 1 2
-6.530904772543361e-06 1 2 3 0 0 0 1 3 2 0 2 2
0.005111431623737376 1 2 3 0 0 0 2 1 0 0 0 0
0.0005863425267988742 1 2 3 0 0 0 2 1 0 0 0 3
0.0005820127347646221 1 2 3 0 0 0 2 1 0 0 3 0
0.00045265625059935665 1 2 3 0 0 0 2 1 0 3 0 0
0.0014473622812572213 1 2 3 0 0 0 2 1 3 0 0 0
6.530904772543361e-06 1 2 3 0 0 0 2 3 1 0 1 1
6.530904772543361e-06 1 2 3 0 0 0 2 3 2 0 2 1
1.745757529206543e-07 1 2 3 0 0 3 1 0 1 0 1 2
5.805184814569309e-05 1 2 3 0 0 3 1 0 2 0 1 1
5.822642389861375e-05 1 2 3 0 0 3 1 0 2 0 2 2
-0.000554170578692529 1 2 3 0 0 3 1 2 0 0 0 0
1.748590920878382e-07 1 2 3 0 0 3 1 3 1 3 1 2
5.814606719978234e-05 1 2 3 0 0 3 1 3 2 3 1 1
5.832092629187017e-05 1 2 3 0 0 3 1 3 2 3 2 2
3.22303993975832e-07 1 2 3 0 0 3 1 3 3 1 1 2
0.0006961438374347884 1 2 3 0 0 3 1 3 3 2 1 1
0.0006964661414287643 1 2 3 0 0 3 1 3 3 2 2 2
-5.822642389861375e-05 1 2 3 0 0 3 2 0 1 0 1 1
-5.805184814569309e-05 1 2 3 0 0 3 2 0 1 0 2 2
-1.745757529206543e-07 1 2 3 0 0 3 2 0 2 0 2 1
0.000554170578692529 1 2 3 0 0 3 2 1 0 0 0 0
-5.832092629187017e-05 1 2 3 0 0 3 2 3 1 3 1 1
-5.814606719978234e-05 1 2 3 0 0 3 2 3 1 3 2 2
-1.748590920878382e-07 1 2 3 0 0 3 2 3 2 3 2 1
-0.0006964661414287643 1 2 3 0 0 3 2 3 3 1 1 1
-0.0006961438374347884 1 2 3 0 0 3 2 3 3 1 2 2
-3.22303993975832e-07 1 2 3 0 0 3 2 3 3 2 2 1
6.479221655968548e-05 1 2 3 0 1 1 1 0 2 0 3 0
-6.7045529025977365e-06 1 2 3 0 1 1 1 3 2 0 3 3
6.489737533673725e-05 1 2 3 0 1 1 1 3 2 3 3 0
0.0006477124502092405 1 2 3 0 1 1 1 3 3 2 3 0
-6.479221655968548e-05 1 2 3 0 1 1 2 0 1 0 3 0
6.7045529025977365e-06 1 2 3 0 1 1 2 3 1 0 3 3
-6.489737533673725e-05 1 2 3 0 1 1 2 3 1 3 3 0
-0.0006477124502092405 1 2 3 0 1 1 2 3 3 1 3 0
3.02797438511517e-05 1 2 3 0 2 1 3 1 1 0 0 0
-3.075399441201766e-05 1 2 3 0 2 1 3 1 1 0 3 3
1.736940444247287e-07 1 2 3 0 2 1 3 1 3 1 3 0
3.02797438511517e-05 1 2 3 0 2 1 3 2 2 0 0 0
-3.075399441201766e-05 1 2 3 0 2 1 3 2 2 0 3 3
1.736940444247287e-07 1 2 3 0 2 1 3 2 3 2 3 0
6.479221655968548e-05 1 2 3 0 2 2 1 0 2 0 3 0
-6.601163471884634e-06 1 2 3 0 2 2 1 3 2 0 0 0
6.489737533673725e-05 1 2 3 0 2 2 1 3 2 3 3 0
0.0006485091902378808 1 2 3 0 2 2 1 3 3 2 3 0
-6.479221655968548e-05 1 2 3 0 2 2 2 0 1 0 3 0
6.601163471884634e-06 1 2 3 0 2 2 2 3 1 0 0 0
-6.489737533673725e-05 1 2 3 0 2 2 2 3 1 3 3 0
-0.0006485091902378808 1 2 3 0 2 2 2 3 3 1 3 0
-0.0005511479851629859 1 2 3 0 3 0 1 2 0 0 0 0
0.0005511479851629859 1 2 3 0 3 0 2 1 0 0 0 0
6.776679687937133e-06 1 2 3 0 3 3 1 3 1 0 1 2
-6.776679687937133e-06 1 2 3 0 3 3 1 3 2 0 1 1
6.776679687937133e-06 1 2 3 0 3 3 2 3 1 0 2 2
-6.776679687937133e-06 1 2 3 0 3 3 2 3 2 0 2 1
7.429814679170048e-05 1 2 3 1 0 1 1 3 1 2 1 0
-6.776551518006007e-05 1 2 3 1 0 1 1 3 2 1 1 0
6.532631611640428e-06 1 2 3 1 0 1 1 3 2 2 2 0
-6.532631611640428e-06 1 2 3 1 0 1 2 3 1 1 1 0
6.776551518006007e-05 1 2 3 1 0 1 2 3 1 2 2 0
-7.429814679170048e-05 1 2 3 1 0 1 2 3 2 1 2 0
-6.486621060599189e-05 1 2 3 1 0 1 3 1 0 0 2 0
-6.444793769717388e-05 1 2 3 1 0 1 3 1 3 0 2 3
6.5326316116403335e-06 1 2 3 1 0 1 3 1 3 3 2 0
6.486621060599189e-05 1 2 3 1 0 1 3 2 0 0 1 0
6.444793769717388e-05 1 2 3 1 0 1 3 2 3 0 1 3
-6.5326316116403335e-06 1 2 3 1 0 1 3 2 3 3 1 0
3.091828128592208e-05 1 2 3 1 0 2 1 0 3 0 1 0
1.7669261137783658e-05 1 2 3 1 0 2 1 3 0 0 1 0
-4.76346471969074e-05 1 2 3 1 0 2 1 3 3 3 1 0
3.091828128592208e-05 1 2 3 1 0 2 2 0 3 0 2 0
1.7669261137783658e-05 1 2 3 1 0 2 2 3 0 0 2 0
-4.76346471969074e-05 1 2 3 1 0 2 2 3 3 3 2 0
-0.00028583066404008886 1 2 3 1 0 2 3 0 1 0 0 1
-0.00028583066404008886 1 2 3 1 0 2 3 0 2 0 0 2
7.965294179840756e-07 1 2 3 1 1 0 1 3 3 0 3 2
-7.965294179840756e-07 1 2 3 1 1 0 2 3 3 0 3 1
-3.01174968327611e-05 1 2 3 1 1 3 1 0 3 0 3 2
-1.7991565131759478e-05 1 2 3 1 1 3 1 3 0 0 3 2
4.875369121952369e-05 1 2 3 1 1 3 1 3 3 3 3 2
3.01174968327611e-05 1 2 3 1 1 3 2 0 3 0 3 1
1.7991565131759478e-05 1 2 3 1 1 3 2 3 0 0 3 1
-4.875369121952369e-05 1 2 3 1 1 3 2 3 3 3 3 1
-0.00027421689991868393 1 2 3 1 2 0 3 0 1 0 1 0
-0.00027421689991868393 1 2 3 1 2 0 3 0 2 0 2 0
5.7743384794576186e-05 1 2 3 1 2 0 3 1 3 0 3 1
5.7743384794576186e-05 1 2 3 1 2 0 3 2 3 0 3 2
7.595142441127332e-05 1 2 3 1 2 3 1 3 1 2 3 2
-6.924509875520823e-05 1 2 3 1 2 3 1 3 2 1 3 2
-6.7063256560651025e-06 1 2 3 1 2 3 1 3 2 2 3 1
-6.7063256560651025e-06 1 2 3 1 2 3 2 3 1 1 3 2
-6.924509875520823e-05 1 2 3 1 2 3 2 3 1 2 3 1
7.595142441127332e-05 1 2 3 1 2 3 2 3 2 1 3 1
6.659091745255299e-05 1 2 3 1 2 3 3 1 0 0 3 1
6.514126097098236e-05 1 2 3 1 2 3 3 1 3 0 0 1
-6.706325656065035e-06 1 2 3 1 2 3 3 1 3 3 3 1
6.659091745255299e-05 1 2 3 1 2 3 3 2 0 0 3 2
6.514126097098236e-05 1 2 3 1 2 3 3 2 3 0 0 2
-6.706325656065035e-06 1 2 3 1 2 3 3 2 3 3 3 2
-5.854009749909776e-05 1 2 3 1 3 1 3 1 3 0 2 0
5.854009749909776e-05 1 2 3 1 3 1 3 2 3 0 1 0
8.050983870386999e-07 1 2 3 1 3 2 1 3 3 0 1 0
8.050983870386999e-07 1 2 3 1 3 2 2 3 3 0 2 0
-3.091828128592208e-05 1 2 3 2 0 1 1 0 3 0 1 0
0.0002798740810487628 1 2 3 2 0 1 1 3 0 0 1 0
0.00029562471123719623 1 2 3 2 0 1 1 3 3 0 1 3
1.7669261137783614e-05 1 2 3 2 0 1 1 3 3 3 1 0
-3.091828128592208e-05 1 2 3 2 0 1 2 0 3 0 2 0
0.0002798740810487628 1 2 3 2 0 1 2 3 0 0 2 0
0.00029562471123719623 1 2 3 2 0 1 2 3 3 0 2 3
1.7669261137783614e-05 1 2 3 2 0 1 2 3 3 3 2 0
0.0003874395003639177 1 2 3 2 0 1 3 1 1 1 1 0
2.9965386059123738e-05 1 2 3 2 0 1 3 1 1 2 2 0
0.00035747411430479397 1 2 3 2 0 1 3 1 2 1 2 0
0.00035747411430479397 1 2 3 2 0 1 3 2 1 2 1 0
2.9965386059123738e-05 1 2 3 2 0 1 3 2 2 1 1 0
0.0003874395003639177 1 2 3 2 0 1 3 2 2 2 2 0
-3.6333270375720934e-06 1 2 3 2 0 2 1 3 1 2 1 0
-7.429814679170048e-05 1 2 3 2 0 2 1 3 2 1 1 0
-7.793147382927258e-05 1 2 3 2 0 2 1 3 2 2 2 0
7.793147382927258e-05 1 2 3 2 0 2 2 3 1 1 1 0
7.429814679170048e-05 1 2 3 2 0 2 2 3 1 2 2 0
3.6333270375720934e-06 1 2 3 2 0 2 2 3 2 1 2 0
4.052144353409717e-06 1 2 3 2 1 3 1 3 1 2 3 2
7.595142441127329e-05 1 2 3 2 1 3 1 3 2 1 3 2
-8.000356876468299e-05 1 2 3 2 1 3 1 3 2 2 3 1
-8.000356876468299e-05 1 2 3 2 1 3 2 3 1 1 3 2
7.595142441127329e-05 1 2 3 2 1 3 2 3 1 2 3 1
4.052144353409717e-06 1 2 3 2 1 3 2 3 2 1 3 1
0.0002656672462431625 1 2 3 2 2 0 1 3 3 0 3 2
-0.0002656672462431625 1 2 3 2 2 0 2 3 3 0 3 1
-3.01174968327611e-05 1 2 3 2 2 3 1 0 3 0 3 2
0.00028746306144497466 1 2 3 2 2 3 1 3 0 0 3 2
0.0002988050068360518 1 2 3 2 2 3 1 3 3 0 0 2
1.799156513175944e-05 1 2 3 2 2 3 1 3 3 3 3 2
3.01174968327611e-05 1 2 3 2 2 3 2 0 3 0 3 1
-0.00028746306144497466 1 2 3 2 2 3 2 3 0 0 3 1
-0.0002988050068360518 1 2 3 2 2 3 2 3 3 0 0 1
-1.799156513175944e-05 1 2 3 2 2 3 2 3 3 3 3 1
0.00039774100484002683 1 2 3 2 2 3 3 1 1 1 3 2
-3.076212608776421e-05 1 2 3 2 2 3 3 1 1 2 3 1
-0.0003669788787522626 1 2 3 2 2 3 3 1 2 1 3 1
0.0003669788787522626 1 2 3 2 2 3 3 2 1 2 3 2
3.076212608776421e-05 1 2 3 2 2 3 3 2 2 1 3 2
-0.00039774100484002683 1 2 3 2 2 3 3 2 2 2 3 1
0.0002677201645978614 1 2 3 2 3 1 1 3 3 0 1 0
0.0002677201645978614 1 2 3 2 3 1 2 3 3 0 2 0
-0.0020632020753484845 1 2 3 3 0 0 1 1 1 2 0 0
-0.0008261202280008471 1 2 3 3 0 0 1 2 0 0 0 0
0.001981179411275913 1 2 3 3 0 0 1 2 1 1 0 0
-8.202266407257103e-05 1 2 3 3 0 0 1 2 2 2 0 0
-2.995746499403363e-05 1 2 3 3 0 0 1 3 3 1 1 2
-2.995746499403363e-05 1 2 3 3 0 0 1 3 3 2 2 2
0.0008261202280008471 1 2 3 3 0 0 2 1 0 0 0 0
8.202266407257103e-05 1 2 3 3 0 0 2 1 1 1 0 0
-0.001981179411275913 1 2 3 3 0 0 2 1 2 2 0 0
0.0020632020753484845 1 2 3 3 0 0 2 2 2 1 0 0
2.995746499403363e-05 1 2 3 3 0 0 2 3 3 1 1 1
2.995746499403363e-05 1 2 3 3 0 0 2 3 3 2 2 1
8.007844531609806e-07 1 2 3 3 0 3 1 0 3 1 1 2
0.00026628564788984095 1 2 3 3 0 3 1 0 3 2 1 1
0.0002670864323430019 1 2 3 3 0 3 1 0 3 2 2 2
8.020841388060805e-07 1 2 3 3 0 3 1 3 0 1 1 2
0.0002667178336455575 1 2 3 3 0 3 1 3 0 2 1 1
0.00026751991778436356 1 2 3 3 0 3 1 3 0 2 2 2
-1.47841852748497e-06 1 2 3 3 0 3 1 3 1 0 1 2
-0.0017723702623077776 1 2 3 3 0 3 1 3 2 0 1 1
-0.0017738486808352625 1 2 3 3 0 3 1 3 2 0 2 2
-0.0002670864323430019 1 2 3 3 0 3 2 0 3 1 1 1
-0.00026628564788984095 1 2 3 3 0 3 2 0 3 1 2 2
-8.007844531609806e-07 1 2 3 3 0 3 2 0 3 2 2 1
-0.00026751991778436356 1 2 3 3 0 3 2 3 0 1 1 1
-0.0002667178336455575 1 2 3 3 0 3 2 3 0 1 2 2
-8.020841388060805e-07 1 2 3 3 0 3 2 3 0 2 2 1
0.0017738486808352625 1 2 3 3 0 3 2 3 1 0 1 1
0.0017723702623077776 1 2 3 3 0 3 2 3 1 0 2 2
1.47841852748497e-06 1 2 3 3 0 3 2 3 2 0 2 1
0.00029720392917576303 1 2 3 3 1 1 1 0 3 2 3 0
0.00029768629578376697 1 2 3 3 1 1 1 3 0 2 3 0
-0.0016978534389907626 1 2 3 3 1 1 1 3 2 0 3 0
-3.075399441201771e-05 1 2 3 3 1 1 1 3 3 2 3 3
-0.00029720392917576303 1 2 3 3 1 1 2 0 3 1 3 0
-0.00029768629578376697 1 2 3 3 1 1 2 3 0 1 3 0
0.0016978534389907626 1 2 3 3 1 1 2 3 1 0 3 0
3.075399441201771e-05 1 2 3 3 1 1 2 3 3 1 3 3
7.967400286404722e-07 1 2 3 3 2 1 3 1 1 0 3 0
-6.601163471884596e-06 1 2 3 3 2 1 3 1 3 1 0 0
6.704552902597698e-06 1 2 3 3 2 1 3 1 3 1 3 3
7.967400286404722e-07 1 2 3 3 2 1 3 2 2 0 3 0
-6.601163471884596e-06 1 2 3 3 2 1 3 2 3 2 0 0
6.704552902597698e-06 1 2 3 3 2 1 3 2 3 2 3 3
0.00029720392917576303 1 2 3 3 2 2 1 0 3 2 3 0
0.00029768629578376697 1 2 3 3 2 2 1 3 0 2 3 0
-0.001698027133035187 1 2 3 3 2 2 1 3 2 0 3 0
-3.0279743851151745e-05 1 2 3 3 2 2 1 3 3 2 0 0
-0.00029720392917576303 1 2 3 3 2 2 2 0 3 1 3 0
-0.00029768629578376697 1 2 3 3 2 2 2 3 0 1 3 0
0.001698027133035187 1 2 3 3 2 2 2 3 1 0 3 0
3.0279743851151745e-05 1 2 3 3 2 2 2 3 3 1 0 0
3.108484223819045e-05 1 2 3 3 3 3 1 3 3 1 1 2
-3.108484223819045e-05 1 2 3 3 3 3 1 3 3 2 1 1
3.108484223819045e-05 1 2 3 3 3 3 2 3 3 1 2 2
-3.108484223819045e-05 1 2 3 3 3 3 2 3 3 2 2 1
0.0009630961953917506 1 3 0 0 0 1 0 3 1 0 1 0
0.0009630961953917506 1 3 0 0 0 1 0 3 2 0 2 0
0.0005717676909042001 1 3 0 0 0 1 3 0 1 0 1 0
0.0005717676909042001 1 3 0 0 0 1 3 0 2 0 2 0
0.004896355640562394 1 3 0 0 0 1 3 3 1 0 1 0
0.0008657896461007632 1 3 0 0 0 1 3 3 1 0 1 3
0.000553965139986736 1 3 0 0 0 1 3 3 1 3 1 0
0.004896355640562394 1 3 0 0 0 1 3 3 2 0 2 0
0.0008657896461007632 1 3 0 0 0 1 3 3 2 0 2 3
0.000553965139986736 1 3 0 0 0 1 3 3 2 3 2 0
-0.00011418051360880418 1 3 0 0 0 1 3 3 3 1 1 0
-0.00011418051360880418 1 3 0 0 0 1 3 3 3 2 2 0
5.773729388612189e-05 1 3 0 0 0 2 0 1 0 3 0 2
-5.773729388612208e-05 1 3 0 0 0 2 0 1 3 0 0 2
-5.773729388612189e-05 1 3 0 0 0 2 0 2 0 3 0 1
5.773729388612208e-05 1 3 0 0 0 2 0 2 3 0 0 1
-0.0050925953463045815 1 3 0 0 0 2 1 0 0 0 0 2
-0.0005788265042888187 1 3 0 0 0 2 1 0 0 0 3 2
-0.0006348352381727503 1 3 0 0 0 2 1 0 0 3 0 2
-0.0005778717252835683 1 3 0 0 0 2 1 0 3 0 0 2
-0.0006686548446589931 1 3 0 0 0 2 1 3 0 0 0 2
0.0050925953463045815 1 3 0 0 0 2 2 0 0 0 0 1
0.0005788265042888187 1 3 0 0 0 2 2 0 0 0 3 1
0.0006348352381727503 1 3 0 0 0 2 2 0 0 3 0 1
0.0005778717252835683 1 3 0 0 0 2 2 0 3 0 0 1
0.0006686548446589931 1 3 0 0 0 2 2 3 0 0 0 1
5.594363479897051e-05 1 3 0 0 0 2 3 1 0 3 3 2
1.613668492475479e-05 1 3 0 0 0 2 3 1 1 1 0 2
-1.613668492475479e-05 1 3 0 0 0 2 3 1 1 2 0 1
-5.594363479897057e-05 1 3 0 0 0 2 3 1 3 0 3 2
-5.594363479897052e-05 1 3 0 0 0 2 3 2 0 3 3 1
1.613668492475479e-05 1 3 0 0 0 2 3 2 2 1 0 2
-1.613668492475479e-05 1 3 0 0 0 2 3 2 2 2 0 1
5.5943634798970574e-05 1 3 0 0 0 2 3 2 3 0 3 1
5.835842484931981e-05 1 3 0 0 2 0 0 1 0 3 2 0
-5.835842484932001e-05 1 3 0 0 2 0 0 1 3 0 2 0
-5.835842484931981e-05 1 3 0 0 2 0 0 2 0 3 1 0
5.835842484932001e-05 1 3 0 0 2 0 0 2 3 0 1 0
-0.0051473808833418086 1 3 0 0 2 0 1 0 0 0 2 0
-0.0005894155900055851 1 3 0 0 2 0 1 0 0 0 2 3
-0.000641664720408893 1 3 0 0 2 0 1 0 0 3 2 0
-0.0005840884008007508 1 3 0 0 2 0 1 0 3 0 2 0
-0.0006758481542125921 1 3 0 0 2 0 1 3 0 0 2 0
0.0051473808833418086 1 3 0 0 2 0 2 0 0 0 1 0
0.0005894155900055851 1 3 0 0 2 0 2 0 0 0 1 3
0.000641664720408893 1 3 0 0 2 0 2 0 0 3 1 0
0.0005840884008007508 1 3 0 0 2 0 2 0 3 0 1 0
0.0006758481542125921 1 3 0 0 2 0 2 3 0 0 1 0
5.6916072710021504e-05 1 3 0 0 2 0 3 1 0 3 2 3
1.5481025207324163e-05 1 3 0 0 2 0 3 1 1 1 2 0
-1.5481025207324163e-05 1 3 0 0 2 0 3 1 1 2 1 0
-5.691607271002154e-05 1 3 0 0 2 0 3 1 3 0 2 3
-5.691607271002151e-05 1 3 0 0 2 0 3 2 0 3 1 3
1.5481025207324163e-05 1 3 0 0 2 0 3 2 2 1 2 0
-1.5481025207324163e-05 1 3 0 0 2 0 3 2 2 2 1 0
5.691607271002154e-05 1 3 0 0 2 0 3 2 3 0 1 3
0.0008166290109346496 1 3 0 0 2 0 3 3 1 0 3 2
-0.0008166290109346496 1 3 0 0 2 0 3 3 2 0 3 1
0.0009702420788176059 1 3 0 0 2 3 0 3 1 0 3 2
-0.0009702420788176059 1 3 0 0 2 3 0 3 2 0 3 1
-0.0005579737477156525 1 3 0 0 2 3 1 0 0 0 2 0
0.0005579737477156525 1 3 0 0 2 3 2 0 0 0 1 0
0.0005861695625119602 1 3 0 0 2 3 3 0 1 0 3 2
-0.0005861695625119602 1 3 0 0 2 3 3 0 2 0 3 1
6.206592562899082e-05 1 3 0 0 2 3 3 1 0 3 2 0
-6.20659256289909e-05 1 3 0 0 2 3 3 1 3 0 2 0
-6.206592562899082e-05 1 3 0 0 2 3 3 2 0 3 1 0
6.20659256289909e-05 1 3 0 0 2 3 3 2 3 0 1 0
0.0008641089985872345 1 3 0 0 2 3 3 3 1 0 0 2
0.005026543268567535 1 3 0 0 2 3 3 3 1 0 3 2
0.0005686943412267271 1 3 0 0 2 3 3 3 1 3 3 2
-0.0008641089985872345 1 3 0 0 2 3 3 3 2 0 0 1
-0.005026543268567535 1 3 0 0 2 3 3 3 2 0 3 1
-0.0005686943412267271 1 3 0 0 2 3 3 3 2 3 3 1
-0.00011721642262407164 1 3 0 0 2 3 3 3 3 1 3 2
0.00011721642262407164 1 3 0 0 2 3 3 3 3 2 3 1
0.0007909392375472239 1 3 0 0 3 1 3 3 1 0 1 0
0.0007909392375472239 1 3 0 0 3 1 3 3 2 0 2 0
-0.000547384661998886 1 3 0 0 3 2 1 0 0 0 0 2
0.000547384661998886 1 3 0 0 3 2 2 0 0 0 0 1
6.37161765974139e-05 1 3 0 0 3 2 3 1 0 3 0 2
-6.371617659741396e-05 1 3 0 0 3 2 3 1 3 0 0 2
-6.37161765974139e-05 1 3 0 0 3 2 3 2 0 3 0 1
6.371617659741396e-05 1 3 0 0 3 2 3 2 3 0 0 1
-0.0025679699742505143 1 3 0 1 0 0 0 1 1 0 0 0
-0.0002783667777900223 1 3 0 1 0 0 0 1 1 0 0 3
-0.00027602180829042563 1 3 0 1 0 0 0 1 1 0 3 0
-0.0009655346304587608 1 3 0 1 0 0 0 1 1 3 0 0
-0.0025679699742505143 1 3 0 1 0 0 0 2 2 0 0 0
-0.0002783667777900223 1 3 0 1 0 0 0 2 2 0 0 3
-0.00027602180829042563 1 3 0 1 0 0 0 2 2 0 3 0
-0.0009655346304587608 1 3 0 1 0 0 0 2 2 3 0 0
0.011586712350133683 1 3 0 1 0 0 1 0 1 0 0 0
0.001326769681680372 1 3 0 1 0 0 1 0 1 0 0 3
0.0013169505428493639 1 3 0 1 0 0 1 0 1 0 3 0
0.0014056631026662164 1 3 0 1 0 0 1 0 1 3 0 0
0.001379021858299476 1 3 0 1 0 0 1 3 1 0 0 0
0.011586712350133683 1 3 0 1 0 0 2 0 2 0 0 0
0.001326769681680372 1 3 0 1 0 0 2 0 2 0 0 3
0.0013169505428493639 1 3 0 1 0 0 2 0 2 0 3 0
0.0014056631026662164 1 3 0 1 0 0 2 0 2 3 0 0
0.001379021858299476 1 3 0 1 0 0 2 3 2 0 0 0
6.507500786613477e-05 1 3 0 1 0 0 3 1 0 1 0 0
20.230415976117094 1 3 0 1 0 0 3 1 1 0 0 0
-0.00257547276041884 1 3 0 1 0 0 3 1 1 0 0 3
-0.002608672556003792 1 3 0 1 0 0 3 1 1 0 3 0
-0.0003877734941896598 1 3 0 1 0 0 3 1 1 0 3 3
-0.0025637726802875856 1 3 0 1 0 0 3 1 1 3 0 0
-0.00027795879793697184 1 3 0 1 0 0 3 1 1 3 0 3
-0.0002764427368243336 1 3 0 1 0 0 3 1 1 3 3 0
6.507500786613477e-05 1 3 0 1 0 0 3 2 0 2 0 0
20.230415976117094 1 3 0 1 0 0 3 2 2 0 0 0
-0.00257547276041884 1 3 0 1 0 0 3 2 2 0 0 3
-0.002608672556003792 1 3 0 1 0 0 3 2 2 0 3 0
-0.0003877734941896598 1 3 0 1 0 0 3 2 2 0 3 3
-0.0025637726802875856 1 3 0 1 0 0 3 2 2 3 0 0
-0.00027795879793697184 1 3 0 1 0 0 3 2 2 3 0 3
-0.0002764427368243336 1 3 0 1 0 0 3 2 2 3 3 0
0.0011420308305798894 1 3 0 1 0 0 3 3 3 0 1 1
0.0011420308305798894 1 3 0 1 0 0 3 3 3 0 2 2
-0.00029405275649755616 1 3 0 1 0 3 0 1 1 0 0 0
-0.00029405275649755616 1 3 0 1 0 3 0 2 2 0 0 0
0.001191346773135604 1 3 0 1 0 3 0 3 3 0 1 1
0.001191346773135604 1 3 0 1 0 3 0 3 3 0 2 2
0.0012559943513467055 1 3 0 1 0 3 1 0 1 0 0 0
0.0012559943513467055 1 3 0 1 0 3 2 0 2 0 0 0
0.0013211415238090778 1 3 0 1 0 3 3 0 3 0 1 1
0.0013211415238090778 1 3 0 1 0 3 3 0 3 0 2 2
-0.0025754727604188395 1 3 0 1 0 3 3 1 1 0 0 0
-0.0003306737490814956 1 3 0 1 0 3 3 1 1 0 0 3
-0.0003576877762371251 1 3 0 1 0 3 3 1 1 0 3 0
-0.0002940954828617266 1 3 0 1 0 3 3 1 1 3 0 0
-0.0025754727604188395 1 3 0 1 0 3 3 2 2 0 0 0
-0.0003306737490814956 1 3 0 1 0 3 3 2 2 0 0 3
-0.0003576877762371251 1 3 0 1 0 3 3 2 2 0 3 0
-0.0002940954828617266 1 3 0 1 0 3 3 2 2 3 0 0
0.0013217596937412886 1 3 0 1 0 3 3 3 0 0 1 1
0.0013217596937412886 1 3 0 1 0 3 3 3 0 0 2 2
0.01053360233681385 1 3 0 1 0 3 3 3 3 0 1 1
0.01053360233681385 1 3 0 1 0 3 3 3 3 0 2 2
0.0011917534022114985 1 3 0 1 0 3 3 3 3 3 1 1
0.0011917534022114985 1 3 0 1 0 3 3 3 3 3 2 2
0.0010706202983338108 1 3 0 1 1 1 0 3 3 0 3 0
0.0011872621509175505 1 3 0 1 1 1 3 0 3 0 3 0
0.0011878176778994237 1 3 0 1 1 1 3 3 0 0 3 0
0.0010778644069527592 1 3 0 1 1 1 3 3 3 0 0 0
0.009466167811650019 1 3 0 1 1 1 3 3 3 0 3 0
0.00108588300937237 1 3 0 1 1 1 3 3 3 0 3 3
0.001070985721191674 1 3 0 1 1 1 3 3 3 3 3 0
-3.258372472332371e-05 1 3 0 1 1 2 3 1 1 0 1 2
6.111064689647054e-05 1 3 0 1 1 2 3 1 1 0 2 1
2.8526922173146853e-05 1 3 0 1 1 2 3 1 2 0 2 2
-2.8526922173146853e-05 1 3 0 1 1 2 3 2 1 0 1 1
-6.111064689647054e-05 1 3 0 1 1 2 3 2 2 0 1 2
3.258372472332371e-05 1 3 0 1 1 2 3 2 2 0 2 1
6.111064689647054e-05 1 3 0 1 2 1 3 1 1 0 1 2
-3.038350451135935e-05 1 3 0 1 2 1 3 1 1 0 2 1
3.0727142385111194e-05 1 3 0 1 2 1 3 1 2 0 2 2
-3.0727142385111194e-05 1 3 0 1 2 1 3 2 1 0 1 1
3.038350451135935e-05 1 3 0 1 2 1 3 2 2 0 1 2
-6.111064689647054e-05 1 3 0 1 2 1 3 2 2 0 2 1
-8.033913840119238e-07 1 3 0 1 2 1 3 3 1 2 3 0
8.033913840119238e-07 1 3 0 1 2 1 3 3 2 1 3 0
0.00106741034085816 1 3 0 1 2 2 0 3 3 0 3 0
0.0011837024752577238 1 3 0 1 2 2 3 0 3 0 3 0
-1.2922394717412682e-05 1 3 0 1 2 2 3 1 0 1 2 2
7.772541798443366e-06 1 3 0 1 2 2 3 1 0 2 1 2
5.149852918969313e-06 1 3 0 1 2 2 3 1 0 2 2 1
5.149852918969313e-06 1 3 0 1 2 2 3 2 0 1 1 2
7.772541798443366e-06 1 3 0 1 2 2 3 2 0 1 2 1
-1.2922394717412682e-05 1 3 0 1 2 2 3 2 0 2 1 1
0.0011842563366463042 1 3 0 1 2 2 3 3 0 0 3 0
0.0010746327300303056 1 3 0 1 2 2 3 3 3 0 0 0
0.009437786137792293 1 3 0 1 2 2 3 3 3 0 3 0
0.0010826272908986574 1 3 0 1 2 2 3 3 3 0 3 3
0.0010677746680971226 1 3 0 1 2 2 3 3 3 3 3 0
-0.00029187653489741124 1 3 0 1 3 0 0 1 1 0 0 0
-0.00029187653489741124 1 3 0 1 3 0 0 2 2 0 0 0
0.001245413819901982 1 3 0 1 3 0 1 0 1 0 0 0
0.001245413819901982 1 3 0 1 3 0 2 0 2 0 0 0
-0.002608672556003791 1 3 0 1 3 0 3 1 1 0 0 0
-0.0003576877762371251 1 3 0 1 3 0 3 1 1 0 0 3
-0.00032627734995500045 1 3 0 1 3 0 3 1 1 0 3 0
-0.0002919237620316578 1 3 0 1 3 0 3 1 1 3 0 0
-0.002608672556003791 1 3 0 1 3 0 3 2 2 0 0 0
-0.0003576877762371251 1 3 0 1 3 0 3 2 2 0 0 3
-0.00032627734995500045 1 3 0 1 3 0 3 2 2 0 3 0
-0.0002919237620316578 1 3 0 1 3 0 3 2 2 3 0 0
-0.0003877734941896599 1 3 0 1 3 3 3 1 1 0 0 0
-0.0003877734941896599 1 3 0 1 3 3 3 2 2 0 0 0
0.001135801891094878 1 3 0 1 3 3 3 3 3 0 1 1
0.001135801891094878 1 3 0 1 3 3 3 3 3 0 2 2
0.01158671235013377 1 3 0 2 0 0 0 1 0 2 0 0
0.001255994351346707 1 3 0 2 0 0 0 1 0 2 0 3
0.0012454138199019832 1 3 0 2 0 0 0 1 0 2 3 0
-0.0006575389726822623 1 3 0 2 0 0 0 1 3 2 0 0
-0.01158671235013377 1 3 0 2 0 0 0 2 0 1 0 0
-0.001255994351346707 1 3 0 2 0 0 0 2 0 1 0 3
-0.0012454138199019832 1 3 0 2 0 0 0 2 0 1 3 0
0.0006575389726822623 1 3 0 2 0 0 0 2 3 1 0 0
-0.007619913788631717 1 3 0 2 0 0 1 0 0 2 0 0
-0.0008725400515926451 1 3 0 2 0 0 1 0 0 2 0 3
-0.0008660825691670952 1 3 0 2 0 0 1 0 0 2 3 0
-0.0011927415602953095 1 3 0 2 0 0 1 0 3 2 0 0
-0.0013113613627969978 1 3 0 2 0 0 1 3 0 2 0 0
0.007619913788631717 1 3 0 2 0 0 2 0 0 1 0 0
0.0008725400515926451 1 3 0 2 0 0 2 0 0 1 0 3
0.0008660825691670952 1 3 0 2 0 0 2 0 0 1 3 0
0.0011927415602953095 1 3 0 2 0 0 2 0 3 1 0 0
0.0013113613627969978 1 3 0 2 0 0 2 3 0 1 0 0
-91.26549880011292 1 3 0 2 0 0 3 1 0 2 0 0
0.011620565014311562 1 3 0 2 0 0 3 1 0 2 0 3
0.011770362903454852 1 3 0 2 0 0 3 1 0 2 3 0
-0.00043072359784130846 1 3 0 2 0 0 3 1 0 2 3 3
-0.0002985178007479033 1 3 0 2 0 0 3 1 2 0 0 0
0.011567774107753555 1 3 0 2 0 0 3 1 3 2 0 0
0.0012541535411934156 1 3 0 2 0 0 3 1 3 2 0 3
0.0012473130546637834 1 3 0 2 0 0 3 1 3 2 3 0
91.26549880011291 1 3 0 2 0 0 3 2 0 1 0 0
-0.011620565014311562 1 3 0 2 0 0 3 2 0 1 0 3
-0.011770362903454852 1 3 0 2 0 0 3 2 0 1 3 0
0.00043072359784130857 1 3 0 2 0 0 3 2 0 1 3 3
0.0002985178007479033 1 3 0 2 0 0 3 2 1 0 0 0
-0.011567774107753555 1 3 0 2 0 0 3 2 3 1 0 0
-0.0012541535411934156 1 3 0 2 0 0 3 2 3 1 0 3
-0.0012473130546637834 1 3 0 2 0 0 3 2 3 1 3 0
0.0013267696816803736 1 3 0 2 0 3 0 1 0 2 0 0
-0.0013267696816803736 1 3 0 2 0 3 0 2 0 1 0 0
-0.0008259951906167661 1 3 0 2 0 3 1 0 0 2 0 0
0.0008259951906167661 1 3 0 2 0 3 2 0 0 1 0 0
0.011620565014311558 1 3 0 2 0 3 3 1 0 2 0 0
0.0014920040540839408 1 3 0 2 0 3 3 1 0 2 0 3
0.0014867147199295304 1 3 0 2 0 3 3 1 0 2 3 0
0.001326962463565042 1 3 0 2 0 3 3 1 3 2 0 0
-0.011620565014311558 1 3 0 2 0 3 3 2 0 1 0 0
-0.0014920040540839408 1 3 0 2 0 3 3 2 0 1 0 3
-0.0014867147199295304 1 3 0 2 0 3 3 2 0 1 3 0
-0.001326962463565042 1 3 0 2 0 3 3 2 3 1 0 0
0.00029817146805458154 1 3 0 2 0 3 3 3 1 2 1 1
0.00029817146805458154 1 3 0 2 0 3 3 3 1 2 2 2
-0.00029817146805458154 1 3 0 2 0 3 3 3 2 1 1 1
-0.00029817146805458154 1 3 0 2 0 3 3 3 2 1 2 2
0.00026795592457351666 1 3 0 2 1 1 3 3 1 2 3 0
-0.00026795592457351666 1 3 0 2 1 1 3 3 2 1 3 0
7.772541798443327e-06 1 3 0 2 1 2 3 1 0 1 2 2
-0.0019252108595692822 1 3 0 2 1 2 3 1 0 2 1 2
0.0019174383177708388 1 3 0 2 1 2 3 1 0 2 2 1
0.0019174383177708388 1 3 0 2 1 2 3 2 0 1 1 2
-0.0019252108595692822 1 3 0 2 1 2 3 2 0 1 2 1
7.772541798443327e-06 1 3 0 2 1 2 3 2 0 2 1 1
3.209957475650764e-06 1 3 0 2 2 1 0 3 3 0 3 0
3.559675659826438e-06 1 3 0 2 2 1 3 0 3 0 3 0
5.149852918969354e-06 1 3 0 2 2 1 3 1 0 1 2 2
0.0019174383177708388 1 3 0 2 2 1 3 1 0 2 1 2
-0.0019225881706898082 1 3 0 2 2 1 3 1 0 2 2 1
-0.0019225881706898082 1 3 0 2 2 1 3 2 0 1 1 2
0.0019174383177708388 1 3 0 2 2 1 3 2 0 1 2 1
5.149852918969354e-06 1 3 0 2 2 1 3 2 0 2 1 1
3.56134125311957e-06 1 3 0 2 2 1 3 3 0 0 3 0
3.2316769224537096e-06 1 3 0 2 2 1 3 3 3 0 0 0
2.83816738577251e-05 1 3 0 2 2 1 3 3 3 0 3 0
3.2557184737125063e-06 1 3 0 2 2 1 3 3 3 0 3 3
3.211053094551501e-06 1 3 0 2 2 1 3 3 3 3 3 0
2.852692217314685e-05 1 3 0 2 2 2 3 1 1 0 1 2
3.07271423851112e-05 1 3 0 2 2 2 3 1 1 0 2 1
5.925406455825805e-05 1 3 0 2 2 2 3 1 2 0 2 2
-5.925406455825805e-05 1 3 0 2 2 2 3 2 1 0 1 1
-3.07271423851112e-05 1 3 0 2 2 2 3 2 2 0 1 2
-2.852692217314685e-05 1 3 0 2 2 2 3 2 2 0 2 1
0.00026715253318950475 1 3 0 2 2 2 3 3 1 2 3 0
-0.00026715253318950475 1 3 0 2 2 2 3 3 2 1 3 0
0.0013169505428493654 1 3 0 2 3 0 0 1 0 2 0 0
-0.0013169505428493654 1 3 0 2 3 0 0 2 0 1 0 0
-0.0008190369840944674 1 3 0 2 3 0 1 0 0 2 0 0
0.0008190369840944674 1 3 0 2 3 0 2 0 0 1 0 0
0.011770362903454849 1 3 0 2 3 0 3 1 0 2 0 0
0.0014867147199295304 1 3 0 2 3 0 3 1 0 2 0 3
0.0014721674467381147 1 3 0 2 3 0 3 1 0 2 3 0
0.001317163632264398 1 3 0 2 3 0 3 1 3 2 0 0
-0.011770362903454849 1 3 0 2 3 0 3 2 0 1 0 0
-0.0014867147199295304 1 3 0 2 3 0 3 2 0 1 0 3
-0.0014721674467381147 1 3 0 2 3 0 3 2 0 1 3 0
-0.001317163632264398 1 3 0 2 3 0 3 2 3 1 0 0
-0.00043072359784130857 1 3 0 2 3 3 3 1 0 2 0 0
0.00043072359784130857 1 3 0 2 3 3 3 2 0 1 0 0
-0.00020325434825793306 1 3 0 3 0 1 0 3 3 1 1 0
-0.00020325434825793306 1 3 0 3 0 1 0 3 3 2 2 0
-5.8057825091451274e-05 1 3 0 3 0 1 3 0 3 1 1 0
-5.8057825091451274e-05 1 3 0 3 0 1 3 0 3 2 2 0
-0.00013394201584186475 1 3 0 3 0 1 3 3 0 1 1 0
-0.00013394201584186475 1 3 0 3 0 1 3 3 0 2 2 0
0.000523749596505671 1 3 0 3 0 1 3 3 1 0 1 0
0.000523749596505671 1 3 0 3 0 1 3 3 2 0 2 0
-0.0010674345251638318 1 3 0 3 0 1 3 3 3 1 1 0
-0.00012244754557027315 1 3 0 3 0 1 3 3 3 1 1 3
-0.0010674345251638318 1 3 0 3 0 1 3 3 3 2 2 0
-0.00012244754557027315 1 3 0 3 0 1 3 3 3 2 2 3
-1.3038036447544753e-05 1 3 0 3 0 2 0 1 0 0 0 2
-1.279577773705701e-05 1 3 0 3 0 2 0 1 1 1 0 2
0.00027784726113199646 1 3 0 3 0 2 0 1 1 2 0 1
0.00026505148339493945 1 3 0 3 0 2 0 1 2 2 0 2
1.3038036447544753e-05 1 3 0 3 0 2 0 2 0 0 0 1
-0.00026505148339493945 1 3 0 3 0 2 0 2 1 1 0 1
-0.00027784726113199646 1 3 0 3 0 2 0 2 2 1 0 2
1.279577773705701e-05 1 3 0 3 0 2 0 2 2 2 0 1
-0.0002790711586498072 1 3 0 3 0 2 1 0 0 0 0 2
1.3038036447545153e-05 1 3 0 3 0 2 1 0 1 1 0 2
1.3038036447545153e-05 1 3 0 3 0 2 1 0 2 2 0 2
0.0002790711586498072 1 3 0 3 0 2 2 0 0 0 0 1
-1.3038036447545153e-05 1 3 0 3 0 2 2 0 1 1 0 1
-1.3038036447545153e-05 1 3 0 3 0 2 2 0 2 2 0 1
6.371617659741392e-05 1 3 0 3 0 2 3 1 0 0 3 2
7.280892237162664e-05 1 3 0 3 0 2 3 1 0 3 0 2
-1.1392497045576693e-05 1 3 0 3 0 2 3 1 1 1 3 2
0.00026720415757178277 1 3 0 3 0 2 3 1 1 2 3 1
0.00025581166052620605 1 3 0 3 0 2 3 1 2 2 3 2
-6.371617659741392e-05 1 3 0 3 0 2 3 2 0 0 3 1
-7.280892237162664e-05 1 3 0 3 0 2 3 2 0 3 0 1
-0.00025581166052620605 1 3 0 3 0 2 3 2 1 1 3 1
-0.00026720415757178277 1 3 0 3 0 2 3 2 2 1 3 2
1.1392497045576693e-05 1 3 0 3 0 2 3 2 2 2 3 1
-1.3178298098062109e-05 1 3 0 3 2 0 0 1 0 0 2 0
-1.2933433197085337e-05 1 3 0 3 2 0 0 1 1 1 2 0
0.00028083630903003634 1 3 0 3 2 0 0 1 1 2 1 0
0.00026790287583295096 1 3 0 3 2 0 0 1 2 2 2 0
1.3178298098062109e-05 1 3 0 3 2 0 0 2 0 0 1 0
-0.00026790287583295096 1 3 0 3 2 0 0 2 1 1 1 0
-0.00028083630903003634 1 3 0 3 2 0 0 2 2 1 2 0
1.2933433197085337e-05 1 3 0 3 2 0 0 2 2 2 1 0
-0.00028207337309225754 1 3 0 3 2 0 1 0 0 0 2 0
1.3178298098062512e-05 1 3 0 3 2 0 1 0 1 1 2 0
1.3178298098062512e-05 1 3 0 3 2 0 1 0 2 2 2 0
0.00028207337309225754 1 3 0 3 2 0 2 0 0 0 1 0
-1.3178298098062512e-05 1 3 0 3 2 0 2 0 1 1 1 0
-1.3178298098062512e-05 1 3 0 3 2 0 2 0 2 2 1 0
6.206592562899089e-05 1 3 0 3 2 0 3 1 0 0 2 3
6.985057760061509e-05 1 3 0 3 2 0 3 1 0 3 2 0
-1.3232952773873431e-05 1 3 0 3 2 0 3 1 1 1 2 3
0.00027513367499775994 1 3 0 3 2 0 3 1 1 2 1 3
0.00026190072222388657 1 3 0 3 2 0 3 1 2 2 2 3
-6.206592562899089e-05 1 3 0 3 2 0 3 2 0 0 1 3
-6.985057760061509e-05 1 3 0 3 2 0 3 2 0 3 1 0
-0.00026190072222388657 1 3 0 3 2 0 3 2 1 1 1 3
-0.00027513367499775994 1 3 0 3 2 0 3 2 2 1 2 3
1.3232952773873431e-05 1 3 0 3 2 0 3 2 2 2 1 3
-0.0001188060687992537 1 3 0 3 2 0 3 3 3 1 3 2
0.0001188060687992537 1 3 0 3 2 0 3 3 3 2 3 1
-0.00020498588720609882 1 3 0 3 2 3 0 3 3 1 3 2
0.00020498588720609882 1 3 0 3 2 3 0 3 3 2 3 1
-6.292222523433794e-05 1 3 0 3 2 3 3 0 3 1 3 2
6.292222523433794e-05 1 3 0 3 2 3 3 0 3 2 3 1
5.691607271002153e-05 1 3 0 3 2 3 3 1 0 0 2 0
-1.3530739332698064e-05 1 3 0 3 2 3 3 1 1 1 2 0
0.00029822908651571853 1 3 0 3 2 3 3 1 1 2 1 0
0.0002846983471830205 1 3 0 3 2 3 3 1 2 2 2 0
-5.691607271002153e-05 1 3 0 3 2 3 3 2 0 0 1 0
-0.0002846983471830205 1 3 0 3 2 3 3 2 1 1 1 0
-0.00029822908651571853 1 3 0 3 2 3 3 2 2 1 2 0
1.3530739332698064e-05 1 3 0 3 2 3 3 2 2 2 1 0
-0.0001375033570949843 1 3 0 3 2 3 3 3 0 1 3 2
0.0001375033570949843 1 3 0 3 2 3 3 3 0 2 3 1
0.0005376754063616503 1 3 0 3 2 3 3 3 1 0 3 2
-0.0005376754063616503 1 3 0 3 2 3 3 3 2 0 3 1
-0.00012477501994354737 1 3 0 3 2 3 3 3 3 1 0 2
-0.001095816199021557 1 3 0 3 2 3 3 3 3 1 3 2
0.00012477501994354737 1 3 0 3 2 3 3 3 3 2 0 1
0.001095816199021557 1 3 0 3 2 3 3 3 3 2 3 1
-0.00011509777125949128 1 3 0 3 3 1 3 3 3 1 1 0
-0.00011509777125949128 1 3 0 3 3 1 3 3 3 2 2 0
5.5943634798970594e-05 1 3 0 3 3 2 3 1 0 0 0 2
-1.3890503816365657e-05 1 3 0 3 3 2 3 1 1 1 0 2
0.00030615860394169587 1 3 0 3 3 2 3 1 1 2 0 1
0.00029226810012533016 1 3 0 3 3 2 3 1 2 2 0 2
-5.5943634798970594e-05 1 3 0 3 3 2 3 2 0 0 0 1
-0.00029226810012533016 1 3 0 3 3 2 3 2 1 1 0 1
-0.00030615860394169587 1 3 0 3 3 2 3 2 2 1 0 2
1.3890503816365657e-05 1 3 0 3 3 2 3 2 2 2 0 1
-0.005572598902459757 1 3 1 0 0 0 0 3 0 0 1 1
-0.005572598902459757 1 3 1 0 0 0 0 3 0 0 2 2
-0.0055418449080477375 1 3 1 0 0 0 3 0 0 0 1 1
-0.0055418449080477375 1 3 1 0 0 0 3 0 0 0 2 2
-6.507500786614323e-05 1 3 1 0 0 0 3 1 1 0 0 0
-6.507500786614323e-05 1 3 1 0 0 0 3 2 2 0 0 0
-0.04853846899157165 1 3 1 0 0 0 3 3 0 0 1 1
-0.04853846899157165 1 3 1 0 0 0 3 3 0 0 2 2
-0.005542650147510676 1 3 1 0 0 0 3 3 0 3 1 1
-0.005542650147510676 1 3 1 0 0 0 3 3 0 3 2 2
-0.005573468382239048 1 3 1 0 0 0 3 3 3 0 1 1
-0.005573468382239048 1 3 1 0 0 0 3 3 3 0 2 2
-0.005165691553796915 1 3 1 0 0 3 0 0 0 0 1 1
-0.005165691553796915 1 3 1 0 0 3 0 0 0 0 2 2
-0.048397068251723636 1 3 1 0 0 3 0 3 0 0 1 1
-0.048397068251723636 1 3 1 0 0 3 0 3 0 0 2 2
-0.004786270431471042 1 3 1 0 0 3 0 3 0 3 1 1
-0.004786270431471042 1 3 1 0 0 3 0 3 0 3 2 2
0.0034154805715265846 1 3 1 0 0 3 0 3 3 0 1 1
0.0034154805715265846 1 3 1 0 0 3 0 3 3 0 2 2
6.479221655968548e-05 1 3 1 0 0 3 1 1 0 0 1 1
6.479221655968548e-05 1 3 1 0 0 3 1 1 0 0 2 2
6.479221655968548e-05 1 3 1 0 0 3 2 2 0 0 1 1
6.479221655968548e-05 1 3 1 0 0 3 2 2 0 0 2 2
-0.0483970682517233 1 3 1 0 0 3 3 0 0 0 1 1
-0.0483970682517233 1 3 1 0 0 3 3 0 0 0 2 2
0.002354124085887348 1 3 1 0 0 3 3 0 0 3 1 1
0.002354124085887348 1 3 1 0 0 3 3 0 0 3 2 2
-0.004786270431471036 1 3 1 0 0 3 3 0 3 0 1 1
-0.004786270431471036 1 3 1 0 0 3 3 0 3 0 2 2
381.20806749742735 1 3 1 0 0 3 3 3 0 0 1 1
381.20806749742735 1 3 1 0 0 3 3 3 0 0 2 2
-0.048317964241772864 1 3 1 0 0 3 3 3 0 3 1 1
-0.048317964241772864 1 3 1 0 0 3 3 3 0 3 2 2
6.500314576489538e-05 1 3 1 0 0 3 3 3 1 1 1 1
6.500314576489538e-05 1 3 1 0 0 3 3 3 1 1 2 2
6.500314576489538e-05 1 3 1 0 0 3 3 3 2 2 1 1
6.500314576489538e-05 1 3 1 0 0 3 3 3 2 2 2 2
-0.04831796424177275 1 3 1 0 0 3 3 3 3 0 1 1
-0.04831796424177275 1 3 1 0 0 3 3 3 3 0 2 2
-0.0051684387600360706 1 3 1 0 0 3 3 3 3 3 1 1
-0.0051684387600360706 1 3 1 0 0 3 3 3 3 3 2 2
-0.004642220348547497 1 3 1 0 1 1 0 0 0 0 3 0
-0.004674872705032796 1 3 1 0 1 1 0 3 0 0 0 0
-0.04349269651670461 1 3 1 0 1 1 0 3 0 0 3 0
-0.004774503460287338 1 3 1 0 1 1 0 3 0 0 3 3
-0.004244468126625965 1 3 1 0 1 1 0 3 0 3 3 0
0.004378576766918336 1 3 1 0 1 1 0 3 3 0 3 0
5.822642389861375e-05 1 3 1 0 1 1 1 1 0 0 3 0
5.822642389861375e-05 1 3 1 0 1 1 2 2 0 0 3 0
-0.004674872705032794 1 3 1 0 1 1 3 0 0 0 0 0
-0.04349269651670431 1 3 1 0 1 1 3 0 0 0 3 0
-0.004714588530299269 1 3 1 0 1 1 3 0 0 0 3 3
0.0031957652569853234 1 3 1 0 1 1 3 0 0 3 3 0
-0.004244468126625958 1 3 1 0 1 1 3 0 3 0 3 0
-0.044182060120404196 1 3 1 0 1 1 3 3 0 0 0 0
0.0042726652221192615 1 3 1 0 1 1 3 3 0 0 0 3
342.57424011531833 1 3 1 0 1 1 3 3 0 0 3 0
-0.04361976825240275 1 3 1 0 1 1 3 3 0 0 3 3
-0.004682001805903933 1 3 1 0 1 1 3 3 0 3 0 0
-0.04342160860121045 1 3 1 0 1 1 3 3 0 3 3 0
-0.004707678736138289 1 3 1 0 1 1 3 3 0 3 3 3
5.841597835387518e-05 1 3 1 0 1 1 3 3 1 1 3 0
5.841597835387518e-05 1 3 1 0 1 1 3 3 2 2 3 0
-0.004741133885497719 1 3 1 0 1 1 3 3 3 0 0 0
-0.04342160860121035 1 3 1 0 1 1 3 3 3 0 3 0
-0.004707678736138286 1 3 1 0 1 1 3 3 3 0 3 3
-0.004644689163530399 1 3 1 0 1 1 3 3 3 3 3 0
-0.0046283019407472445 1 3 1 0 2 2 0 0 0 0 3 0
-0.004723026082690982 1 3 1 0 2 2 0 3 0 0 0 0
-0.04336229575133777 1 3 1 0 2 2 0 3 0 0 3 0
-0.004700453146614688 1 3 1 0 2 2 0 3 0 0 3 3
-0.004230862995046845 1 3 1 0 2 2 0 3 0 3 3 0
0.004385722650344191 1 3 1 0 2 2 0 3 3 0 3 0
5.805184814569309e-05 1 3 1 0 2 2 1 1 0 0 3 0
5.805184814569309e-05 1 3 1 0 2 2 2 2 0 0 3 0
-0.004660856398214599 1 3 1 0 2 2 3 0 0 0 0 0
-0.043362295751337473 1 3 1 0 2 2 3 0 0 0 3 0
-0.004700453146614686 1 3 1 0 2 2 3 0 0 0 3 3
0.0032029111404111785 1 3 1 0 2 2 3 0 0 3 3 0
-0.004230862995046839 1 3 1 0 2 2 3 0 3 0 3 0
1.2922394717412736e-05 1 3 1 0 2 2 3 1 1 0 2 2
-7.772541798443376e-06 1 3 1 0 2 2 3 1 2 0 1 2
-5.149852918969361e-06 1 3 1 0 2 2 3 1 2 0 2 1
-5.149852918969361e-06 1 3 1 0 2 2 3 2 1 0 1 2
-7.772541798443376e-06 1 3 1 0 2 2 3 2 1 0 2 1
1.2922394717412736e-05 1 3 1 0 2 2 3 2 2 0 1 1
-0.04404959248982232 1 3 1 0 2 2 3 3 0 0 0 0
0.004280188136786392 1 3 1 0 2 2 3 3 0 0 0 3
341.5470323410797 1 3 1 0 2 2 3 3 0 0 3 0
-0.043488986497745324 1 3 1 0 2 2 3 3 0 0 3 3
-0.004667964124457709 1 3 1 0 2 2 3 3 0 3 0 0
-0.04329142097320531 1 3 1 0 2 2 3 3 0 3 3 0
-0.004693564069551502 1 3 1 0 2 2 3 3 0 3 3 3
5.824083427459114e-05 1 3 1 0 2 2 3 3 1 1 3 0
5.824083427459114e-05 1 3 1 0 2 2 3 3 2 2 3 0
-0.004667964124457709 1 3 1 0 2 2 3 3 3 0 0 0
-0.043291420973205215 1 3 1 0 2 2 3 3 3 0 3 0
-0.0047568393713044 1 3 1 0 2 2 3 3 3 0 3 3
-0.00463076335367442 1 3 1 0 2 2 3 3 3 3 3 0
0.0032933516414814894 1 3 1 0 3 0 3 3 0 0 1 1
0.0032933516414814894 1 3 1 0 3 0 3 3 0 0 2 2
-0.005531110642245671 1 3 1 0 3 3 0 3 0 0 1 1
-0.005531110642245671 1 3 1 0 3 3 0 3 0 0 2 2
-0.005500830898394518 1 3 1 0 3 3 3 0 0 0 1 1
-0.005500830898394518 1 3 1 0 3 3 3 0 0 0 2 2
-0.0491641666395113 1 3 1 0 3 3 3 3 0 0 1 1
-0.0491641666395113 1 3 1 0 3 3 3 3 0 0 2 2
-0.005501720961308955 1 3 1 0 3 3 3 3 0 3 1 1
-0.005501720961308955 1 3 1 0 3 3 3 3 0 3 2 2
-0.0055320731230449425 1 3 1 0 3 3 3 3 3 0 1 1
-0.0055320731230449425 1 3 1 0 3 3 3 3 3 0 2 2
1.799156513175934e-05 1 3 1 1 0 1 0 3 0 1 1 0
1.799156513175934e-05 1 3 1 1 0 1 0 3 0 2 2 0
0.0002874630614449746 1 3 1 1 0 1 3 0 0 1 1 0
0.0002874630614449746 1 3 1 1 0 1 3 0 0 2 2 0
0.0003041189147423152 1 3 1 1 0 1 3 3 0 1 1 3
0.0003041189147423152 1 3 1 1 0 1 3 3 0 2 2 3
-3.0215543481064827e-05 1 3 1 1 0 1 3 3 3 1 1 0
-3.0215543481064827e-05 1 3 1 1 0 1 3 3 3 2 2 0
-2.8481756444590835e-05 1 3 1 1 0 2 0 1 3 0 0 2
2.8481756444590835e-05 1 3 1 1 0 2 0 2 3 0 0 1
-6.706325656065116e-06 1 3 1 1 0 2 0 3 1 0 2 0
6.706325656065116e-06 1 3 1 1 0 2 0 3 2 0 1 0
-5.773729388612164e-05 1 3 1 1 0 2 1 0 3 0 0 2
5.773729388612164e-05 1 3 1 1 0 2 2 0 3 0 0 1
6.659091745255296e-05 1 3 1 1 0 2 3 0 1 0 2 0
-6.659091745255296e-05 1 3 1 1 0 2 3 0 2 0 1 0
1.613668492475477e-05 1 3 1 1 0 2 3 1 0 0 0 2
-1.3890503816365704e-05 1 3 1 1 0 2 3 1 3 0 3 2
-1.613668492475477e-05 1 3 1 1 0 2 3 2 0 0 0 1
1.3890503816365704e-05 1 3 1 1 0 2 3 2 3 0 3 1
6.629972436275405e-05 1 3 1 1 0 2 3 3 1 0 2 3
-6.629972436275405e-05 1 3 1 1 0 2 3 3 2 0 1 3
5.958116669076815e-05 1 3 1 1 1 0 3 3 1 0 3 1
5.958116669076815e-05 1 3 1 1 1 0 3 3 2 0 3 2
-6.532631611640428e-06 1 3 1 1 1 3 0 3 1 0 3 1
-6.532631611640428e-06 1 3 1 1 1 3 0 3 2 0 3 2
6.486621060599189e-05 1 3 1 1 1 3 3 0 1 0 3 1
6.486621060599189e-05 1 3 1 1 1 3 3 0 2 0 3 2
6.360585887897518e-05 1 3 1 1 1 3 3 3 1 0 0 1
6.360585887897518e-05 1 3 1 1 1 3 3 3 2 0 0 2
-2.8788159804070932e-05 1 3 1 1 2 0 0 1 3 0 2 0
2.8788159804070932e-05 1 3 1 1 2 0 0 2 3 0 1 0
-5.835842484931956e-05 1 3 1 1 2 0 1 0 3 0 2 0
5.835842484931956e-05 1 3 1 1 2 0 2 0 3 0 1 0
1.5481025207324143e-05 1 3 1 1 2 0 3 1 0 0 2 0
-1.353073933269812e-05 1 3 1 1 2 0 3 1 3 0 2 3
-1.5481025207324143e-05 1 3 1 1 2 0 3 2 0 0 1 0
1.353073933269812e-05 1 3 1 1 2 0 3 2 3 0 1 3
0.0002724812638658642 1 3 1 1 2 0 3 3 0 1 3 2
-0.0002724812638658642 1 3 1 1 2 0 3 3 0 2 3 1
1.7669261137783506e-05 1 3 1 1 2 3 0 3 0 1 3 2
-1.7669261137783506e-05 1 3 1 1 2 3 0 3 0 2 3 1
0.0002798740810487629 1 3 1 1 2 3 3 0 0 1 3 2
-0.0002798740810487629 1 3 1 1 2 3 3 0 0 2 3 1
-1.3232952773873492e-05 1 3 1 1 2 3 3 1 3 0 2 0
1.3232952773873492e-05 1 3 1 1 2 3 3 2 3 0 1 0
0.0002917620692914032 1 3 1 1 2 3 3 3 0 1 0 2
-0.0002917620692914032 1 3 1 1 2 3 3 3 0 2 0 1
-3.1018934865076757e-05 1 3 1 1 2 3 3 3 3 1 3 2
3.1018934865076757e-05 1 3 1 1 2 3 3 3 3 2 3 1
0.00026219602949451 1 3 1 1 3 1 3 3 0 1 1 0
0.00026219602949451 1 3 1 1 3 1 3 3 0 2 2 0
-1.1392497045576739e-05 1 3 1 1 3 2 3 1 3 0 0 2
1.1392497045576739e-05 1 3 1 1 3 2 3 2 3 0 0 1
5.6988907879347564e-05 1 3 1 1 3 2 3 3 1 0 2 0
-5.6988907879347564e-05 1 3 1 1 3 2 3 3 2 0 1 0
8.923419911220504e-05 1 3 1 2 0 1 0 3 1 0 2 0
-8.923419911220504e-05 1 3 1 2 0 1 0 3 2 0 1 0
-8.252787345614092e-05 1 3 1 2 0 1 3 0 1 0 2 0
8.252787345614092e-05 1 3 1 2 0 1 3 0 2 0 1 0
-6.5871674110202024e-06 1 3 1 2 0 1 3 3 1 3 2 0
6.5871674110202024e-06 1 3 1 2 0 1 3 3 2 3 1 0
-3.076212608776425e-05 1 3 1 2 0 2 0 3 0 1 1 0
-3.076212608776425e-05 1 3 1 2 0 2 0 3 0 2 2 0
0.00030545462657673416 1 3 1 2 0 2 3 0 0 1 1 0
0.00030545462657673416 1 3 1 2 0 2 3 0 0 2 2 0
-7.280892237162654e-05 1 3 1 2 0 2 3 1 1 2 0 2
7.280892237162654e-05 1 3 1 2 0 2 3 1 2 2 0 1
7.280892237162654e-05 1 3 1 2 0 2 3 2 1 1 0 2
-7.280892237162654e-05 1 3 1 2 0 2 3 2 2 1 0 1
0.0003041189147423152 1 3 1 2 0 2 3 3 0 1 1 3
0.0003041189147423152 1 3 1 2 0 2 3 3 0 2 2 3
-0.0002733006800139388 1 3 1 2 1 0 3 3 0 1 3 2
0.0002733006800139388 1 3 1 2 1 0 3 3 0 2 3 1
2.9965386059123765e-05 1 3 1 2 1 3 0 3 0 1 3 2
-2.9965386059123765e-05 1 3 1 2 1 3 0 3 0 2 3 1
-0.00029754334218654667 1 3 1 2 1 3 3 0 0 1 3 2
0.00029754334218654667 1 3 1 2 1 3 3 0 0 2 3 1
-0.0002917620692914032 1 3 1 2 1 3 3 3 0 1 0 2
0.0002917620692914032 1 3 1 2 1 3 3 3 0 2 0 1
-6.9850577600615e-05 1 3 1 2 2 0 3 1 1 2 2 0
6.9850577600615e-05 1 3 1 2 2 0 3 1 2 2 1 0
6.9850577600615e-05 1 3 1 2 2 0 3 2 1 1 2 0
-6.9850577600615e-05 1 3 1 2 2 0 3 2 2 1 1 0
1.7863757274606995e-07 1 3 1 2 2 0 3 3 1 0 3 1
1.7863757274606995e-07 1 3 1 2 2 0 3 3 2 0 3 2
-8.758208654029536e-05 1 3 1 2 2 3 0 3 1 0 3 1
-8.758208654029536e-05 1 3 1 2 2 3 0 3 2 0 3 2
8.104945492865596e-05 1 3 1 2 2 3 3 0 1 0 3 1
8.104945492865596e-05 1 3 1 2 2 3 3 0 2 0 3 2
6.762311490304237e-06 1 3 1 2 2 3 3 3 1 3 3 1
6.762311490304237e-06 1 3 1 2 2 3 3 3 2 3 3 2
1.713792380251941e-07 1 3 1 2 3 1 3 3 1 0 2 0
-1.713792380251941e-07 1 3 1 2 3 1 3 3 2 0 1 0
0.00026140990755541384 1 3 1 2 3 2 3 3 0 1 1 0
0.00026140990755541384 1 3 1 2 3 2 3 3 0 2 2 0
1.4203436061148086e-05 1 3 1 3 0 0 3 1 3 1 0 0
1.4203436061148086e-05 1 3 1 3 0 0 3 2 3 2 0 0
-0.005238531232768362 1 3 1 3 0 0 3 3 0 0 1 1
-0.005238531232768362 1 3 1 3 0 0 3 3 0 0 2 2
-6.7185576719859e-06 1 3 1 3 0 0 3 3 1 1 1 1
-6.7185576719859e-06 1 3 1 3 0 0 3 3 1 2 2 1
-6.7185576719859e-06 1 3 1 3 0 0 3 3 2 1 1 2
-6.7185576719859e-06 1 3 1 3 0 0 3 3 2 2 2 2
-0.005464745007768047 1 3 1 3 0 3 0 3 0 0 1 1
-0.005464745007768047 1 3 1 3 0 3 0 3 0 0 2 2
0.0018137181325708926 1 3 1 3 0 3 0 3 1 1 1 1
0.0018135444385264678 1 3 1 3 0 3 0 3 1 1 2 2
1.7369404442470552e-07 1 3 1 3 0 3 0 3 1 2 2 1
1.7369404442470552e-07 1 3 1 3 0 3 0 3 2 1 1 2
0.0018135444385264678 1 3 1 3 0 3 0 3 2 2 1 1
0.0018137181325708926 1 3 1 3 0 3 0 3 2 2 2 2
-0.00606011759933558 1 3 1 3 0 3 3 0 0 0 1 1
-0.00606011759933558 1 3 1 3 0 3 3 0 0 0 2 2
-0.0016980271330351866 1 3 1 3 0 3 3 0 1 1 1 1
-0.0016978534389907617 1 3 1 3 0 3 3 0 1 1 2 2
-1.7369404442467312e-07 1 3 1 3 0 3 3 0 1 2 2 1
-1.7369404442467312e-07 1 3 1 3 0 3 3 0 2 1 1 2
-0.0016978534389907617 1 3 1 3 0 3 3 0 2 2 1 1
-0.0016980271330351866 1 3 1 3 0 3 3 0 2 2 2 2
-0.048317964241772864 1 3 1 3 0 3 3 3 0 0 1 1
-0.048317964241772864 1 3 1 3 0 3 3 3 0 0 2 2
-0.006062953164199822 1 3 1 3 0 3 3 3 0 3 1 1
-0.006062953164199822 1 3 1 3 0 3 3 3 0 3 2 2
-0.005466610228090653 1 3 1 3 0 3 3 3 3 0 1 1
-0.005466610228090653 1 3 1 3 0 3 3 3 3 0 2 2
-0.004910968881995605 1 3 1 3 1 1 0 3 0 0 3 0
0.0019027786376386731 1 3 1 3 1 1 0 3 1 1 3 0
0.0019027786376386731 1 3 1 3 1 1 0 3 2 2 3 0
-0.005446008717564331 1 3 1 3 1 1 3 0 0 0 3 0
-0.0017738486808352627 1 3 1 3 1 1 3 0 1 1 3 0
-0.0017738486808352627 1 3 1 3 1 1 3 0 2 2 3 0
-0.004944197835398443 1 3 1 3 1 1 3 3 0 0 0 0
-0.04342160860121045 1 3 1 3 1 1 3 3 0 0 3 0
-0.004980979416152227 1 3 1 3 1 1 3 3 0 0 3 3
-0.005448556937250955 1 3 1 3 1 1 3 3 0 3 3 0
-6.445571761602415e-06 1 3 1 3 1 1 3 3 1 1 0 0
-6.445571761602415e-06 1 3 1 3 1 1 3 3 2 2 0 0
-0.004912645088103917 1 3 1 3 1 1 3 3 3 0 3 0
-0.004896244706393869 1 3 1 3 2 2 0 3 0 0 3 0
0.0019013002191111883 1 3 1 3 2 2 0 3 1 1 3 0
0.0019013002191111883 1 3 1 3 2 2 0 3 2 2 3 0
-0.005429680373684984 1 3 1 3 2 2 3 0 0 0 3 0
-0.0017723702623077776 1 3 1 3 2 2 3 0 1 1 3 0
-0.0017723702623077776 1 3 1 3 2 2 3 0 2 2 3 0
-2.795793329613592e-06 1 3 1 3 2 2 3 1 3 1 2 2
-5.431510655188215e-06 1 3 1 3 2 2 3 1 3 2 1 2
8.227303984801809e-06 1 3 1 3 2 2 3 1 3 2 2 1
8.227303984801809e-06 1 3 1 3 2 2 3 2 3 1 1 2
-5.431510655188215e-06 1 3 1 3 2 2 3 2 3 1 2 1
-2.795793329613592e-06 1 3 1 3 2 2 3 2 3 2 1 1
-0.004929374032013123 1 3 1 3 2 2 3 3 0 0 0 0
-0.04329142097320531 1 3 1 3 2 2 3 3 0 0 3 0
-0.0049660453334173646 1 3 1 3 2 2 3 3 0 0 3 3
-0.005432220953242941 1 3 1 3 2 2 3 3 0 3 3 0
-6.897195244731969e-06 1 3 1 3 2 2 3 3 1 1 3 3
-6.897195244731969e-06 1 3 1 3 2 2 3 3 2 2 3 3
-0.004897915886863926 1 3 1 3 2 2 3 3 3 0 3 0
-0.005209958892017551 1 3 1 3 3 3 3 3 0 0 1 1
-0.005209958892017551 1 3 1 3 3 3 3 3 0 0 2 2
-6.616950999627608e-06 1 3 1 3 3 3 3 3 1 1 2 2
6.616950999627608e-06 1 3 1 3 3 3 3 3 1 2 2 1
6.616950999627608e-06 1 3 1 3 3 3 3 3 2 1 1 2
-6.616950999627608e-06 1 3 1 3 3 3 3 3 2 2 1 1
-0.011586712350133787 1 3 2 0 0 0 0 1 2 0 0 0
-0.0012559943513467087 1 3 2 0 0 0 0 1 2 0 0 3
-0.0012454138199019852 1 3 2 0 0 0 0 1 2 0 3 0
0.000657538972682262 1 3 2 0 0 0 0 1 2 3 0 0
-0.005436192420189174 1 3 2 0 0 0 0 1 3 2 0 0
0.011586712350133787 1 3 2 0 0 0 0 2 1 0 0 0
0.0012559943513467087 1 3 2 0 0 0 0 2 1 0 0 3
0.0012454138199019852 1 3 2 0 0 0 0 2 1 0 3 0
-0.000657538972682262 1 3 2 0 0 0 0 2 1 3 0 0
0.005436192420189174 1 3 2 0 0 0 0 2 3 1 0 0
-0.058242554778746077 1 3 2 0 0 0 1 0 2 0 0 0
-0.006669230540029503 1 3 2 0 0 0 1 0 2 0 0 3
-0.006619872990280844 1 3 2 0 0 0 1 0 2 0 3 0
-0.007334119411839292 1 3 2 0 0 0 1 0 2 3 0 0
-0.0006575389726822636 1 3 2 0 0 0 1 0 3 2 0 0
-0.00733634294002665 1 3 2 0 0 0 1 3 2 0 0 0
0.058242554778746077 1 3 2 0 0 0 2 0 1 0 0 0
0.006669230540029503 1 3 2 0 0 0 2 0 1 0 0 3
0.006619872990280844 1 3 2 0 0 0 2 0 1 0 3 0
0.007334119411839292 1 3 2 0 0 0 2 0 1 3 0 0
0.0006575389726822636 1 3 2 0 0 0 2 0 3 1 0 0
0.00733634294002665 1 3 2 0 0 0 2 3 1 0 0 0
-0.00544375642941169 1 3 2 0 0 0 3 1 0 2 0 0
91.26549880011304 1 3 2 0 0 0 3 1 2 0 0 0
-0.011620565014311579 1 3 2 0 0 0 3 1 2 0 0 3
-0.011770362903454871 1 3 2 0 0 0 3 1 2 0 3 0
0.0004307235978413081 1 3 2 0 0 0 3 1 2 0 3 3
-0.011567774107753599 1 3 2 0 0 0 3 1 2 3 0 0
-0.0012541535411934185 1 3 2 0 0 0 3 1 2 3 0 3
-0.0012473130546637853 1 3 2 0 0 0 3 1 2 3 3 0
-0.04797612664713406 1 3 2 0 0 0 3 1 3 2 0 0
-0.005503437274533064 1 3 2 0 0 0 3 1 3 2 0 3
-0.00546279765215675 1 3 2 0 0 0 3 1 3 2 3 0
0.00544375642941169 1 3 2 0 0 0 3 2 0 1 0 0
-91.26549880011304 1 3 2 0 0 0 3 2 1 0 0 0
0.011620565014311579 1 3 2 0 0 0 3 2 1 0 0 3
0.011770362903454871 1 3 2 0 0 0 3 2 1 0 3 0
-0.00043072359784130786 1 3 2 0 0 0 3 2 1 0 3 3
0.011567774107753599 1 3 2 0 0 0 3 2 1 3 0 0
0.0012541535411934185 1 3 2 0 0 0 3 2 1 3 0 3
0.0012473130546637853 1 3 2 0 0 0 3 2 1 3 3 0
0.04797612664713406 1 3 2 0 0 0 3 2 3 1 0 0
0.005503437274533064 1 3 2 0 0 0 3 2 3 1 0 3
0.00546279765215675 1 3 2 0 0 0 3 2 3 1 3 0
-0.0013267696816803758 1 3 2 0 0 3 0 1 2 0 0 0
0.0013267696816803758 1 3 2 0 0 3 0 2 1 0 0 0
-0.0063134664605065585 1 3 2 0 0 3 1 0 2 0 0 0
0.0063134664605065585 1 3 2 0 0 3 2 0 1 0 0 0
-0.011620565014311577 1 3 2 0 0 3 3 1 2 0 0 0
-0.0014920040540839432 1 3 2 0 0 3 3 1 2 0 0 3
-0.001486714719929533 1 3 2 0 0 3 3 1 2 0 3 0
-0.001326962463565045 1 3 2 0 0 3 3 1 2 3 0 0
-0.005201469925568221 1 3 2 0 0 3 3 1 3 2 0 0
0.011620565014311577 1 3 2 0 0 3 3 2 1 0 0 0
0.0014920040540839432 1 3 2 0 0 3 3 2 1 0 0 3
0.001486714719929533 1 3 2 0 0 3 3 2 1 0 3 0
0.001326962463565045 1 3 2 0 0 3 3 2 1 3 0 0
0.005201469925568221 1 3 2 0 0 3 3 2 3 1 0 0
-9.300101998059584e-08 1 3 2 0 0 3 3 3 0 0 1 2
9.300101998059584e-08 1 3 2 0 0 3 3 3 0 0 2 1
-7.772541798443359e-06 1 3 2 0 1 2 3 1 1 0 2 2
0.0019252108595692844 1 3 2 0 1 2 3 1 2 0 1 2
-0.001917438317770841 1 3 2 0 1 2 3 1 2 0 2 1
-0.001917438317770841 1 3 2 0 1 2 3 2 1 0 1 2
0.0019252108595692844 1 3 2 0 1 2 3 2 1 0 2 1
-7.772541798443359e-06 1 3 2 0 1 2 3 2 2 0 1 1
-2.1766811049101504e-07 1 3 2 0 1 2 3 3 0 0 3 0
-1.391840780025244e-05 1 3 2 0 2 1 0 0 0 0 3 0
4.815337765818463e-05 1 3 2 0 2 1 0 3 0 0 0 0
-0.00013040076536684024 1 3 2 0 2 1 0 3 0 0 3 0
-7.405031367265034e-05 1 3 2 0 2 1 0 3 0 0 3 3
-1.3605131579119524e-05 1 3 2 0 2 1 0 3 0 3 3 0
-7.145883425855256e-06 1 3 2 0 2 1 0 3 3 0 3 0
1.745757529206543e-07 1 3 2 0 2 1 1 1 0 0 3 0
1.745757529206543e-07 1 3 2 0 2 1 2 2 0 0 3 0
-1.4016306818196254e-05 1 3 2 0 2 1 3 0 0 0 0 0
-0.00013040076536683935 1 3 2 0 2 1 3 0 0 0 3 0
-1.4135383684583116e-05 1 3 2 0 2 1 3 0 0 0 3 3
-7.145883425855256e-06 1 3 2 0 2 1 3 0 0 3 3 0
-1.360513157911951e-05 1 3 2 0 2 1 3 0 3 0 3 0
-5.149852918969377e-06 1 3 2 0 2 1 3 1 1 0 2 2
-0.001917438317770841 1 3 2 0 2 1 3 1 2 0 1 2
0.0019225881706898104 1 3 2 0 2 1 3 1 2 0 2 1
0.0019225881706898104 1 3 2 0 2 1 3 2 1 0 1 2
-0.001917438317770841 1 3 2 0 2 1 3 2 1 0 2 1
-5.149852918969377e-06 1 3 2 0 2 1 3 2 2 0 1 1
-0.0001324676305818757 1 3 2 0 2 1 3 3 0 0 0 0
-7.522914667130888e-06 1 3 2 0 2 1 3 3 0 0 0 3
1.0272079919067765 1 3 2 0 2 1 3 3 0 0 3 0
-0.0001307817546574253 1 3 2 0 2 1 3 3 0 0 3 3
-1.4037681446224128e-05 1 3 2 0 2 1 3 3 0 3 0 0
-0.00013018762800514068 1 3 2 0 2 1 3 3 0 3 3 0
-1.4114666586787788e-05 1 3 2 0 2 1 3 3 0 3 3 3
1.7514407928403536e-07 1 3 2 0 2 1 3 3 1 1 3 0
1.7514407928403536e-07 1 3 2 0 2 1 3 3 2 2 3 0
-7.316976104001057e-05 1 3 2 0 2 1 3 3 3 0 0 0
-0.00013018762800514038 1 3 2 0 2 1 3 3 3 0 3 0
4.9160635166114105e-05 1 3 2 0 2 1 3 3 3 0 3 3
-1.3925809855979104e-05 1 3 2 0 2 1 3 3 3 3 3 0
-0.0013169505428493673 1 3 2 0 3 0 0 1 2 0 0 0
0.0013169505428493673 1 3 2 0 3 0 0 2 1 0 0 0
-0.006260281642964208 1 3 2 0 3 0 1 0 2 0 0 0
0.006260281642964208 1 3 2 0 3 0 2 0 1 0 0 0
-0.011770362903454868 1 3 2 0 3 0 3 1 2 0 0 0
-0.001486714719929533 1 3 2 0 3 0 3 1 2 0 0 3
-0.001472167446738117 1 3 2 0 3 0 3 1 2 0 3 0
-0.0013171636322644007 1 3 2 0 3 0 3 1 2 3 0 0
-0.005173099727030741 1 3 2 0 3 0 3 1 3 2 0 0
0.011770362903454868 1 3 2 0 3 0 3 2 1 0 0 0
0.001486714719929533 1 3 2 0 3 0 3 2 1 0 0 3
0.001472167446738117 1 3 2 0 3 0 3 2 1 0 3 0
0.0013171636322644007 1 3 2 0 3 0 3 2 1 3 0 0
0.005173099727030741 1 3 2 0 3 0 3 2 3 1 0 0
0.0004307235978413086 1 3 2 0 3 3 3 1 2 0 0 0
-0.0004307235978413086 1 3 2 0 3 3 3 2 1 0 0 0
-8.252787345613993e-05 1 3 2 1 0 1 0 3 1 0 2 0
8.252787345613993e-05 1 3 2 1 0 1 0 3 2 0 1 0
1.5936956003587953e-05 1 3 2 1 0 1 3 0 1 0 2 0
-1.5936956003587953e-05 1 3 2 1 0 1 3 0 2 0 1 0
-1.613668492475477e-05 1 3 2 1 0 1 3 1 0 0 0 2
0.000306158603941696 1 3 2 1 0 1 3 1 3 0 3 2
0.000301967348964844 1 3 2 1 0 1 3 1 3 3 0 2
1.613668492475477e-05 1 3 2 1 0 1 3 2 0 0 0 1
-0.000306158603941696 1 3 2 1 0 1 3 2 3 0 3 1
-0.000301967348964844 1 3 2 1 0 1 3 2 3 3 0 1
-6.629972436275405e-05 1 3 2 1 0 1 3 3 1 0 2 3
6.5871674110202024e-06 1 3 2 1 0 1 3 3 1 3 2 0
6.629972436275405e-05 1 3 2 1 0 1 3 3 2 0 1 3
-6.5871674110202024e-06 1 3 2 1 0 1 3 3 2 3 1 0
7.280892237162675e-05 1 3 2 1 0 2 3 1 2 1 0 2
-7.280892237162675e-05 1 3 2 1 0 2 3 1 2 2 0 1
-7.280892237162675e-05 1 3 2 1 0 2 3 2 1 1 0 2
7.280892237162675e-05 1 3 2 1 0 2 3 2 1 2 0 1
-1.5481025207324143e-05 1 3 2 1 1 0 3 1 0 0 2 0
0.00029822908651571886 1 3 2 1 1 0 3 1 3 0 2 3
0.0002896979251260084 1 3 2 1 1 0 3 1 3 3 2 0
1.5481025207324143e-05 1 3 2 1 1 0 3 2 0 0 1 0
-0.00029822908651571886 1 3 2 1 1 0 3 2 3 0 1 3
-0.0002896979251260084 1 3 2 1 1 0 3 2 3 3 1 0
0.00027513367499776016 1 3 2 1 1 3 3 1 3 0 2 0
-0.00027513367499776016 1 3 2 1 1 3 3 2 3 0 1 0
6.98505776006152e-05 1 3 2 1 2 0 3 1 2 1 2 0
-6.98505776006152e-05 1 3 2 1 2 0 3 1 2 2 1 0
-6.98505776006152e-05 1 3 2 1 2 0 3 2 1 1 2 0
6.98505776006152e-05 1 3 2 1 2 0 3 2 1 2 1 0
5.940252911802207e-05 1 3 2 1 2 0 3 3 1 0 3 1
5.940252911802207e-05 1 3 2 1 2 0 3 3 2 0 3 2
8.104945492865492e-05 1 3 2 1 2 3 0 3 1 0 3 1
8.104945492865492e-05 1 3 2 1 2 3 0 3 2 0 3 2
-1.618324432266408e-05 1 3 2 1 2 3 3 0 1 0 3 1
-1.618324432266408e-05 1 3 2 1 2 3 3 0 2 0 3 2
6.360585887897518e-05 1 3 2 1 2 3 3 3 1 0 0 1
-6.762311490304237e-06 1 3 2 1 2 3 3 3 1 3 3 1
6.360585887897518e-05 1 3 2 1 2 3 3 3 2 0 0 2
-6.762311490304237e-06 1 3 2 1 2 3 3 3 2 3 3 2
0.00026720415757178304 1 3 2 1 3 1 3 1 3 0 0 2
-0.00026720415757178304 1 3 2 1 3 1 3 2 3 0 0 1
-5.716028711737276e-05 1 3 2 1 3 1 3 3 1 0 2 0
5.716028711737276e-05 1 3 2 1 3 1 3 3 2 0 1 0
4.875369121952359e-05 1 3 2 2 0 1 0 3 0 1 1 0
4.875369121952359e-05 1 3 2 2 0 1 0 3 0 2 2 0
-1.7991565131759593e-05 1 3 2 2 0 1 3 0 0 1 1 0
-1.7991565131759593e-05 1 3 2 2 0 1 3 0 0 2 2 0
7.280892237162654e-05 1 3 2 2 0 1 3 1 1 2 0 2
-7.280892237162675e-05 1 3 2 2 0 1 3 1 2 1 0 2
-7.280892237162675e-05 1 3 2 2 0 1 3 2 1 2 0 1
7.280892237162654e-05 1 3 2 2 0 1 3 2 2 1 0 1
-3.0215543481064827e-05 1 3 2 2 0 1 3 3 3 1 1 0
-3.0215543481064827e-05 1 3 2 2 0 1 3 3 3 2 2 0
-2.8481756444590835e-05 1 3 2 2 0 2 0 1 3 0 0 2
2.8481756444590835e-05 1 3 2 2 0 2 0 2 3 0 0 1
-5.773729388612164e-05 1 3 2 2 0 2 1 0 3 0 0 2
5.773729388612164e-05 1 3 2 2 0 2 2 0 3 0 0 1
0.00029226810012533027 1 3 2 2 0 2 3 1 3 0 3 2
0.000301967348964844 1 3 2 2 0 2 3 1 3 3 0 2
-0.00029226810012533027 1 3 2 2 0 2 3 2 3 0 3 1
-0.000301967348964844 1 3 2 2 0 2 3 2 3 3 0 1
6.9850577600615e-05 1 3 2 2 1 0 3 1 1 2 2 0
-6.98505776006152e-05 1 3 2 2 1 0 3 1 2 1 2 0
-6.98505776006152e-05 1 3 2 2 1 0 3 2 1 2 1 0
6.9850577600615e-05 1 3 2 2 1 0 3 2 2 1 1 0
-2.8788159804070932e-05 1 3 2 2 2 0 0 1 3 0 2 0
2.8788159804070932e-05 1 3 2 2 2 0 0 2 3 0 1 0
-5.835842484931956e-05 1 3 2 2 2 0 1 0 3 0 2 0
5.835842484931956e-05 1 3 2 2 2 0 2 0 3 0 1 0
0.0002846983471830207 1 3 2 2 2 0 3 1 3 0 2 3
0.0002896979251260084 1 3 2 2 2 0 3 1 3 3 2 0
-0.0002846983471830207 1 3 2 2 2 0 3 2 3 0 1 3
-0.0002896979251260084 1 3 2 2 2 0 3 2 3 3 1 0
-8.194161480745967e-07 1 3 2 2 2 0 3 3 0 1 3 2
8.194161480745967e-07 1 3 2 2 2 0 3 3 0 2 3 1
4.763464719690727e-05 1 3 2 2 2 3 0 3 0 1 3 2
-4.763464719690727e-05 1 3 2 2 2 3 0 3 0 2 3 1
-1.7669261137783773e-05 1 3 2 2 2 3 3 0 0 1 3 2
1.7669261137783773e-05 1 3 2 2 2 3 3 0 0 2 3 1
0.0002619007222238866 1 3 2 2 2 3 3 1 3 0 2 0
-0.0002619007222238866 1 3 2 2 2 3 3 2 3 0 1 0
-3.1018934865076757e-05 1 3 2 2 2 3 3 3 3 1 3 2
3.1018934865076757e-05 1 3 2 2 2 3 3 3 3 2 3 1
7.86121939096116e-07 1 3 2 2 3 1 3 3 0 1 1 0
7.86121939096116e-07 1 3 2 2 3 1 3 3 0 2 2 0
0.0002558116605262063 1 3 2 2 3 2 3 1 3 0 0 2
-0.0002558116605262063 1 3 2 2 3 2 3 2 3 0 0 1
0.0038383391279932805 1 3 2 3 0 0 0 1 0 2 0 0
-0.0014056631026662203 1 3 2 3 0 0 0 1 2 0 0 0
-0.04805467101586418 1 3 2 3 0 0 0 1 3 2 0 0
-0.0052091044920997715 1 3 2 3 0 0 0 1 3 2 0 3
-0.005165222850579317 1 3 2 3 0 0 0 1 3 2 3 0
-0.0038383391279932805 1 3 2 3 0 0 0 2 0 1 0 0
0.0014056631026662203 1 3 2 3 0 0 0 2 1 0 0 0
0.04805467101586418 1 3 2 3 0 0 0 2 3 1 0 0
0.0052091044920997715 1 3 2 3 0 0 0 2 3 1 0 3
0.005165222850579317 1 3 2 3 0 0 0 2 3 1 3 0
0.0014056631026662207 1 3 2 3 0 0 1 0 0 2 0 0
0.0021939646468696486 1 3 2 3 0 0 1 0 2 0 0 0
0.011586712350133683 1 3 2 3 0 0 1 0 3 2 0 0
0.001326769681680372 1 3 2 3 0 0 1 0 3 2 0 3
0.0013169505428493639 1 3 2 3 0 0 1 0 3 2 3 0
0.001379021858299476 1 3 2 3 0 0 1 3 3 2 0 0
-0.0014056631026662207 1 3 2 3 0 0 2 0 0 1 0 0
-0.0021939646468696486 1 3 2 3 0 0 2 0 1 0 0 0
-0.011586712350133683 1 3 2 3 0 0 2 0 3 1 0 0
-0.001326769681680372 1 3 2 3 0 0 2 0 3 1 0 3
-0.0013169505428493639 1 3 2 3 0 0 2 0 3 1 3 0
-0.001379021858299476 1 3 2 3 0 0 2 3 3 1 0 0
-0.04797612664713395 1 3 2 3 0 0 3 1 0 2 0 0
-0.005201469925568218 1 3 2 3 0 0 3 1 0 2 0 3
-0.005173099727030741 1 3 2 3 0 0 3 1 0 2 3 0
-0.011567774107753599 1 3 2 3 0 0 3 1 2 0 0 0
-0.001326962463565045 1 3 2 3 0 0 3 1 2 0 0 3
-0.0013171636322644007 1 3 2 3 0 0 3 1 2 0 3 0
-0.0013801428410319548 1 3 2 3 0 0 3 1 2 3 0 0
378.51086981134995 1 3 2 3 0 0 3 1 3 2 0 0
-0.04819507138060228 1 3 2 3 0 0 3 1 3 2 0 3
-0.04881634237310851 1 3 2 3 0 0 3 1 3 2 3 0
0.0022696158495182943 1 3 2 3 0 0 3 1 3 2 3 3
0.04797612664713395 1 3 2 3 0 0 3 2 0 1 0 0
0.005201469925568218 1 3 2 3 0 0 3 2 0 1 0 3
0.005173099727030741 1 3 2 3 0 0 3 2 0 1 3 0
0.011567774107753599 1 3 2 3 0 0 3 2 1 0 0 0
0.001326962463565045 1 3 2 3 0 0 3 2 1 0 0 3
0.0013171636322644007 1 3 2 3 0 0 3 2 1 0 3 0
0.0013801428410319548 1 3 2 3 0 0 3 2 1 3 0 0
-378.5108698113499 1 3 2 3 0 0 3 2 3 1 0 0
0.04819507138060228 1 3 2 3 0 0 3 2 3 1 0 3
0.04881634237310851 1 3 2 3 0 0 3 2 3 1 3 0
-0.0022696158495182943 1 3 2 3 0 0 3 2 3 1 3 3
-0.005502637731939303 1 3 2 3 0 3 0 1 3 2 0 0
0.005502637731939303 1 3 2 3 0 3 0 2 3 1 0 0
0.0012559943513467055 1 3 2 3 0 3 1 0 3 2 0 0
-0.0012559943513467055 1 3 2 3 0 3 2 0 3 1 0 0
-0.00550343727453306 1 3 2 3 0 3 3 1 0 2 0 0
-0.0012541535411934185 1 3 2 3 0 3 3 1 2 0 0 0
-0.04819507138060227 1 3 2 3 0 3 3 1 3 2 0 0
-0.006187929915470081 1 3 2 3 0 3 3 1 3 2 0 3
-0.006137806652848502 1 3 2 3 0 3 3 1 3 2 3 0
0.00550343727453306 1 3 2 3 0 3 3 2 0 1 0 0
0.0012541535411934185 1 3 2 3 0 3 3 2 1 0 0 0
0.04819507138060227 1 3 2 3 0 3 3 2 3 1 0 0
0.006187929915470081 1 3 2 3 0 3 3 2 3 1 0 3
0.006137806652848502 1 3 2 3 0 3 3 2 3 1 3 0
-5.431510655188125e-06 1 3 2 3 1 2 3 1 3 1 2 2
0.008443878941965919 1 3 2 3 1 2 3 1 3 2 1 2
-0.008438447431310732 1 3 2 3 1 2 3 1 3 2 2 1
-0.008438447431310732 1 3 2 3 1 2 3 2 3 1 1 2
0.008443878941965919 1 3 2 3 1 2 3 2 3 1 2 1
-5.431510655188125e-06 1 3 2 3 1 2 3 2 3 2 1 1
-1.4724175601735823e-05 1 3 2 3 2 1 0 3 0 0 3 0
1.4784185274849796e-06 1 3 2 3 2 1 0 3 1 1 3 0
1.4784185274849796e-06 1 3 2 3 2 1 0 3 2 2 3 0
-1.632834387934798e-05 1 3 2 3 2 1 3 0 0 0 3 0
-1.4784185274849637e-06 1 3 2 3 2 1 3 0 1 1 3 0
-1.4784185274849637e-06 1 3 2 3 2 1 3 0 2 2 3 0
8.227303984801718e-06 1 3 2 3 2 1 3 1 3 1 2 2
-0.00843844743131073 1 3 2 3 2 1 3 1 3 2 1 2
0.00843022012732593 1 3 2 3 2 1 3 1 3 2 2 1
0.00843022012732593 1 3 2 3 2 1 3 2 3 1 1 2
-0.00843844743131073 1 3 2 3 2 1 3 2 3 1 2 1
8.227303984801718e-06 1 3 2 3 2 1 3 2 3 2 1 1
-1.4823803385320246e-05 1 3 2 3 2 1 3 3 0 0 0 0
-0.00013018762800514068 1 3 2 3 2 1 3 3 0 0 3 0
-1.493408273486238e-05 1 3 2 3 2 1 3 3 0 0 3 3
-1.6335984008014894e-05 1 3 2 3 2 1 3 3 0 3 3 0
-6.445571761602415e-06 1 3 2 3 2 1 3 3 1 1 0 0
6.897195244731969e-06 1 3 2 3 2 1 3 3 1 1 3 3
-6.445571761602415e-06 1 3 2 3 2 1 3 3 2 2 0 0
6.897195244731969e-06 1 3 2 3 2 1 3 3 2 2 3 3
-1.472920123999103e-05 1 3 2 3 2 1 3 3 3 0 3 0
-0.005461913886216339 1 3 2 3 3 0 0 1 3 2 0 0
0.005461913886216339 1 3 2 3 3 0 0 2 3 1 0 0
0.001245413819901982 1 3 2 3 3 0 1 0 3 2 0 0
-0.001245413819901982 1 3 2 3 3 0 2 0 3 1 0 0
-0.005462797652156748 1 3 2 3 3 0 3 1 0 2 0 0
-0.0012473130546637853 1 3 2 3 3 0 3 1 2 0 0 0
-0.048816342373108494 1 3 2 3 3 0 3 1 3 2 0 0
-0.006137806652848502 1 3 2 3 3 0 3 1 3 2 0 3
-0.006105659672516864 1 3 2 3 3 0 3 1 3 2 3 0
0.005462797652156748 1 3 2 3 3 0 3 2 0 1 0 0
0.0012473130546637853 1 3 2 3 3 0 3 2 1 0 0 0
0.048816342373108494 1 3 2 3 3 0 3 2 3 1 0 0
0.006137806652848502 1 3 2 3 3 0 3 2 3 1 0 3
0.006105659672516864 1 3 2 3 3 0 3 2 3 1 3 0
0.002269615849518295 1 3 2 3 3 3 3 1 3 2 0 0
-0.002269615849518295 1 3 2 3 3 3 3 2 3 1 0 0
0.0005234712052494176 1 3 3 0 0 1 0 0 1 0 1 0
0.0005234712052494176 1 3 3 0 0 1 0 0 2 0 2 0
0.004904371735019024 1 3 3 0 0 1 0 3 1 0 1 0
0.0007980954421724178 1 3 3 0 0 1 0 3 1 0 1 3
0.0005238107397133175 1 3 3 0 0 1 0 3 1 3 1 0
0.004904371735019024 1 3 3 0 0 1 0 3 2 0 2 0
0.0007980954421724178 1 3 3 0 0 1 0 3 2 0 2 3
0.0005238107397133175 1 3 3 0 0 1 0 3 2 3 2 0
-0.00013135506820006953 1 3 3 0 0 1 0 3 3 1 1 0
-0.00013135506820006953 1 3 3 0 0 1 0 3 3 2 2 0
-6.565792661071722e-06 1 3 3 0 0 1 1 1 1 0 1 0
-6.565792661071722e-06 1 3 3 0 0 1 1 1 2 0 2 0
-6.565792661071722e-06 1 3 3 0 0 1 2 2 1 0 1 0
-6.565792661071722e-06 1 3 3 0 0 1 2 2 2 0 2 0
0.00490437173501899 1 3 3 0 0 1 3 0 1 0 1 0
0.0005316316665112709 1 3 3 0 0 1 3 0 1 0 1 3
0.0002566347674664538 1 3 3 0 0 1 3 0 1 3 1 0
0.00490437173501899 1 3 3 0 0 1 3 0 2 0 2 0
0.0005316316665112709 1 3 3 0 0 1 3 0 2 0 2 3
0.0002566347674664538 1 3 3 0 0 1 3 0 2 3 2 0
-0.00020325434825793317 1 3 3 0 0 1 3 0 3 1 1 0
-0.00020325434825793317 1 3 3 0 0 1 3 0 3 2 2 0
-0.0001207676810198244 1 3 3 0 0 1 3 3 0 1 1 0
-0.0001207676810198244 1 3 3 0 0 1 3 3 0 2 2 0
-38.633527955179844 1 3 3 0 0 1 3 3 1 0 1 0
0.004918700739168914 1 3 3 0 0 1 3 3 1 0 1 3
0.004896355640562406 1 3 3 0 0 1 3 3 1 3 1 0
0.0005308524966300727 1 3 3 0 0 1 3 3 1 3 1 3
-38.633527955179844 1 3 3 0 0 1 3 3 2 0 2 0
0.004918700739168914 1 3 3 0 0 1 3 3 2 0 2 3
0.004896355640562406 1 3 3 0 0 1 3 3 2 3 2 0
0.0005308524966300727 1 3 3 0 0 1 3 3 2 3 2 3
-0.0010674345251638344 1 3 3 0 0 1 3 3 3 1 1 0
-0.00018874726993302736 1 3 3 0 0 1 3 3 3 1 1 3
-0.0010674345251638344 1 3 3 0 0 1 3 3 3 2 2 0
-0.00018874726993302736 1 3 3 0 0 1 3 3 3 2 2 3
1.3038036447544663e-05 1 3 3 0 0 2 0 1 0 0 0 2
-1.3038036447544663e-05 1 3 3 0 0 2 0 2 0 0 0 1
-0.0005313268643076895 1 3 3 0 0 2 1 0 0 0 0 2
0.0005313268643076895 1 3 3 0 0 2 2 0 0 0 0 1
-6.371617659741418e-05 1 3 3 0 0 2 3 1 0 0 3 2
-7.280892237162667e-05 1 3 3 0 0 2 3 1 3 0 0 2
6.371617659741418e-05 1 3 3 0 0 2 3 2 0 0 3 1
7.280892237162667e-05 1 3 3 0 0 2 3 2 3 0 0 1
-0.0002993022619348115 1 3 3 0 0 2 3 3 1 0 2 0
0.0002993022619348114 1 3 3 0 0 2 3 3 2 0 1 0
-0.0002994269290253222 1 3 3 0 1 3 3 3 1 0 3 1
-0.0002994269290253222 1 3 3 0 1 3 3 3 2 0 3 2
1.3178298098062017e-05 1 3 3 0 2 0 0 1 0 0 2 0
-1.3178298098062017e-05 1 3 3 0 2 0 0 2 0 0 1 0
0.0008721457558450683 1 3 3 0 2 0 0 3 1 0 3 2
-0.0008721457558450683 1 3 3 0 2 0 0 3 2 0 3 1
-0.000537042815728123 1 3 3 0 2 0 1 0 0 0 2 0
0.000537042815728123 1 3 3 0 2 0 2 0 0 0 1 0
0.0005765210446078718 1 3 3 0 2 0 3 0 1 0 3 2
-0.0005765210446078718 1 3 3 0 2 0 3 0 2 0 3 1
-6.206592562899115e-05 1 3 3 0 2 0 3 1 0 0 2 3
-6.985057760061511e-05 1 3 3 0 2 0 3 1 3 0 2 0
6.206592562899115e-05 1 3 3 0 2 0 3 2 0 0 1 3
6.985057760061511e-05 1 3 3 0 2 0 3 2 3 0 1 0
0.0009868364953049024 1 3 3 0 2 0 3 3 1 0 0 2
0.005049482493826339 1 3 3 0 2 0 3 3 1 0 3 2
0.0005766048140933115 1 3 3 0 2 0 3 3 1 3 3 2
-0.0009868364953049024 1 3 3 0 2 0 3 3 2 0 0 1
-0.005049482493826339 1 3 3 0 2 0 3 3 2 0 3 1
-0.0005766048140933115 1 3 3 0 2 0 3 3 2 3 3 1
-0.00017802996034452988 1 3 3 0 2 0 3 3 3 1 3 2
0.00017802996034452988 1 3 3 0 2 0 3 3 3 2 3 1
0.0005373896130496702 1 3 3 0 2 3 0 0 1 0 3 2
-0.0005373896130496702 1 3 3 0 2 3 0 0 2 0 3 1
0.0008080845595546898 1 3 3 0 2 3 0 3 1 0 0 2
0.005034772500385865 1 3 3 0 2 3 0 3 1 0 3 2
0.0005377381752864129 1 3 3 0 2 3 0 3 1 3 3 2
-0.0008080845595546898 1 3 3 0 2 3 0 3 2 0 0 1
-0.005034772500385865 1 3 3 0 2 3 0 3 2 0 3 1
-0.0005377381752864129 1 3 3 0 2 3 0 3 2 3 3 1
-0.00013432106745197049 1 3 3 0 2 3 0 3 3 1 3 2
0.00013432106745197049 1 3 3 0 2 3 0 3 3 2 3 1
-6.740368413992376e-06 1 3 3 0 2 3 1 1 1 0 3 2
6.740368413992376e-06 1 3 3 0 2 3 1 1 2 0 3 1
-6.740368413992376e-06 1 3 3 0 2 3 2 2 1 0 3 2
6.740368413992376e-06 1 3 3 0 2 3 2 2 2 0 3 1
0.0005411694933438669 1 3 3 0 2 3 3 0 1 0 0 2
0.005034772500385831 1 3 3 0 2 3 3 0 1 0 3 2
0.0002634583468983333 1 3 3 0 2 3 3 0 1 3 3 2
-0.0005411694933438669 1 3 3 0 2 3 3 0 2 0 0 1
-0.005034772500385831 1 3 3 0 2 3 3 0 2 0 3 1
-0.0002634583468983333 1 3 3 0 2 3 3 0 2 3 3 1
-0.00020498588720609893 1 3 3 0 2 3 3 0 3 1 3 2
0.00020498588720609893 1 3 3 0 2 3 3 0 3 2 3 1
-5.691607271002176e-05 1 3 3 0 2 3 3 1 0 0 2 0
5.691607271002176e-05 1 3 3 0 2 3 3 2 0 0 1 0
-0.00012397873411437588 1 3 3 0 2 3 3 3 0 1 3 2
0.00012397873411437588 1 3 3 0 2 3 3 3 0 2 3 1
0.005114574149688997 1 3 3 0 2 3 3 3 1 0 0 2
-39.66073585408562 1 3 3 0 2 3 3 3 1 0 3 2
0.0005419947675598424 1 3 3 0 2 3 3 3 1 3 0 2
0.005026543268567547 1 3 3 0 2 3 3 3 1 3 3 2
-0.005114574149688997 1 3 3 0 2 3 3 3 2 0 0 1
39.660735854085615 1 3 3 0 2 3 3 3 2 0 3 1
-0.0005419947675598424 1 3 3 0 2 3 3 3 2 3 0 1
-0.005026543268567547 1 3 3 0 2 3 3 3 2 3 3 1
-0.00018838087882252266 1 3 3 0 2 3 3 3 3 1 0 2
-0.0010958161990215595 1 3 3 0 2 3 3 3 3 1 3 2
0.00018838087882252266 1 3 3 0 2 3 3 3 3 2 0 1
0.0010958161990215595 1 3 3 0 2 3 3 3 3 2 3 1
0.0008562379372128743 1 3 3 0 3 1 0 3 1 0 1 0
0.0008562379372128743 1 3 3 0 3 1 0 3 2 0 2 0
0.0005574329303768223 1 3 3 0 3 1 3 0 1 0 1 0
0.0005574329303768223 1 3 3 0 3 1 3 0 2 0 2 0
0.0049821065191071184 1 3 3 0 3 1 3 3 1 0 1 0
0.0009793135806377715 1 3 3 0 3 1 3 3 1 0 1 3
0.0005575231259105115 1 3 3 0 3 1 3 3 1 3 1 0
0.0049821065191071184 1 3 3 0 3 1 3 3 2 0 2 0
0.0009793135806377715 1 3 3 0 3 1 3 3 2 0 2 3
0.0005575231259105115 1 3 3 0 3 1 3 3 2 3 2 0
-0.0001724294376148893 1 3 3 0 3 1 3 3 3 1 1 0
-0.0001724294376148893 1 3 3 0 3 1 3 3 3 2 2 0
-5.5943634798970825e-05 1 3 3 0 3 2 3 1 0 0 0 2
5.5943634798970825e-05 1 3 3 0 3 2 3 2 0 0 0 1
-0.0007051854313548083 1 3 3 1 0 0 0 1 1 0 0 0
-0.0007051854313548083 1 3 3 1 0 0 0 2 2 0 0 0
0.0012148595608738081 1 3 3 1 0 0 0 3 3 0 1 1
0.0012148595608738081 1 3 3 1 0 0 0 3 3 0 2 2
-0.0006575389726822632 1 3 3 1 0 0 1 0 1 0 0 0
-0.0006575389726822632 1 3 3 1 0 0 2 0 2 0 0 0
0.0012081550079712099 1 3 3 1 0 0 3 0 3 0 1 1
0.0012081550079712099 1 3 3 1 0 0 3 0 3 0 2 2
-0.0025637726802875795 1 3 3 1 0 0 3 1 1 0 0 0
-0.0002940954828617264 1 3 3 1 0 0 3 1 1 0 0 3
-0.0002919237620316577 1 3 3 1 0 0 3 1 1 0 3 0
-0.0005861227498906912 1 3 3 1 0 0 3 1 1 3 0 0
-0.0025637726802875795 1 3 3 1 0 0 3 2 2 0 0 0
-0.0002940954828617264 1 3 3 1 0 0 3 2 2 0 0 3
-0.0002919237620316577 1 3 3 1 0 0 3 2 2 0 3 0
-0.0005861227498906912 1 3 3 1 0 0 3 2 2 3 0 0
0.0012083305549426431 1 3 3 1 0 0 3 3 0 0 1 1
0.0012083305549426431 1 3 3 1 0 0 3 3 0 0 2 2
0.010581673678067758 1 3 3 1 0 0 3 3 3 0 1 1
0.010581673678067758 1 3 3 1 0 0 3 3 3 0 2 2
0.0012150491126146298 1 3 3 1 0 0 3 3 3 3 1 1
0.0012150491126146298 1 3 3 1 0 0 3 3 3 3 2 2
0.0011261513492179028 1 3 3 1 0 3 0 0 3 0 1 1
0.0011261513492179028 1 3 3 1 0 3 0 0 3 0 2 2
-0.0006289039910469293 1 3 3 1 0 3 0 3 0 0 1 1
-0.0006289039910469293 1 3 3 1 0 3 0 3 0 0 2 2
0.010550847479425833 1 3 3 1 0 3 0 3 3 0 1 1
0.010550847479425833 1 3 3 1 0 3 0 3 3 0 2 2
0.0009277442981372749 1 3 3 1 0 3 0 3 3 3 1 1
0.0009277442981372749 1 3 3 1 0 3 0 3 3 3 2 2
0.00029720392917576303 1 3 3 1 0 3 1 1 3 0 1 1
0.00029720392917576303 1 3 3 1 0 3 1 1 3 0 2 2
0.00029720392917576303 1 3 3 1 0 3 2 2 3 0 1 1
0.00029720392917576303 1 3 3 1 0 3 2 2 3 0 2 2
0.001159126297208678 1 3 3 1 0 3 3 0 0 0 1 1
0.001159126297208678 1 3 3 1 0 3 3 0 0 0 2 2
0.01055084747942576 1 3 3 1 0 3 3 0 3 0 1 1
0.01055084747942576 1 3 3 1 0 3 3 0 3 0 2 2
-0.0006289039910469302 1 3 3 1 0 3 3 0 3 3 1 1
-0.0006289039910469302 1 3 3 1 0 3 3 0 3 3 2 2
-0.0002779587979369716 1 3 3 1 0 3 3 1 1 0 0 0
-0.0002779587979369716 1 3 3 1 0 3 3 2 2 0 0 0
0.010533602336813852 1 3 3 1 0 3 3 3 0 0 1 1
0.010533602336813852 1 3 3 1 0 3 3 3 0 0 2 2
0.001126750256446603 1 3 3 1 0 3 3 3 0 3 1 1
0.001126750256446603 1 3 3 1 0 3 3 3 0 3 2 2
-83.10561617435943 1 3 3 1 0 3 3 3 3 0 1 1
-83.10561617435943 1 3 3 1 0 3 3 3 3 0 2 2
0.010533602336813877 1 3 3 1 0 3 3 3 3 3 1 1
0.010533602336813877 1 3 3 1 0 3 3 3 3 3 2 2
0.0010120315265515552 1 3 3 1 1 1 0 0 3 0 3 0
-0.0008256257076932219 1 3 3 1 1 1 0 3 0 0 3 0
0.0010191499336279584 1 3 3 1 1 1 0 3 3 0 0 0
0.009481665398200285 1 3 3 1 1 1 0 3 3 0 3 0
0.0010408700282726012 1 3 3 1 1 1 0 3 3 0 3 3
0.0007963892299372053 1 3 3 1 1 1 0 3 3 3 3 0
0.0002670864323430019 1 3 3 1 1 1 1 1 3 0 3 0
0.0002670864323430019 1 3 3 1 1 1 2 2 3 0 3 0
0.0010542491435440193 1 3 3 1 1 1 3 0 0 0 3 0
0.001019149933627958 1 3 3 1 1 1 3 0 3 0 0 0
0.00948166539820022 1 3 3 1 1 1 3 0 3 0 3 0
0.001027808218727514 1 3 3 1 1 1 3 0 3 0 3 3
-0.000825625707693223 1 3 3 1 1 1 3 0 3 3 3 0
0.0010207041198353867 1 3 3 1 1 1 3 3 0 0 0 0
0.00946616781165002 1 3 3 1 1 1 3 3 0 0 3 0
0.001026301842681602 1 3 3 1 1 1 3 3 0 0 3 3
0.0010125697428377987 1 3 3 1 1 1 3 3 0 3 3 0
0.009631950746119942 1 3 3 1 1 1 3 3 3 0 0 0
-0.0009314663205373379 1 3 3 1 1 1 3 3 3 0 0 3
-74.68321302103256 1 3 3 1 1 1 3 3 3 0 3 0
0.009509367789083213 1 3 3 1 1 1 3 3 3 0 3 3
0.0010335952633585914 1 3 3 1 1 1 3 3 3 3 0 0
0.009466167811650042 1 3 3 1 1 1 3 3 3 3 3 0
0.0010263018426816027 1 3 3 1 1 1 3 3 3 3 3 3
-3.2230399397583405e-07 1 3 3 1 2 1 0 3 1 2 3 0
3.2230399397583405e-07 1 3 3 1 2 1 0 3 2 1 3 0
3.223039939758306e-07 1 3 3 1 2 1 3 0 1 2 3 0
-3.223039939758306e-07 1 3 3 1 2 1 3 0 2 1 3 0
2.9566039796893257e-05 1 3 3 1 2 1 3 3 1 2 0 0
-3.163765087645098e-05 1 3 3 1 2 1 3 3 1 2 3 3
-2.9566039796893257e-05 1 3 3 1 2 1 3 3 2 1 0 0
3.163765087645098e-05 1 3 3 1 2 1 3 3 2 1 3 3
0.00100899723122827 1 3 3 1 2 2 0 0 3 0 3 0
-0.0008271835525969632 1 3 3 1 2 2 0 3 0 0 3 0
0.0010296476551148914 1 3 3 1 2 2 0 3 3 0 0 0
0.009453237259135541 1 3 3 1 2 2 0 3 3 0 3 0
0.001024726621376545 1 3 3 1 2 2 0 3 3 0 3 3
0.0007934232306853043 1 3 3 1 2 2 0 3 3 3 3 0
0.00026628564788984095 1 3 3 1 2 2 1 1 3 0 3 0
0.00026628564788984095 1 3 3 1 2 2 2 2 3 0 3 0
0.0010512831442921183 1 3 3 1 2 2 3 0 0 0 3 0
0.001016094295739017 1 3 3 1 2 2 3 0 3 0 0 0
0.009453237259135475 1 3 3 1 2 2 3 0 3 0 3 0
0.0010247266213765445 1 3 3 1 2 2 3 0 3 0 3 3
-0.0008271835525969643 1 3 3 1 2 2 3 0 3 3 3 0
0.0010176438221509581 1 3 3 1 2 2 3 3 0 0 0 0
0.009437786137792295 1 3 3 1 2 2 3 3 0 0 3 0
0.0010232247617806356 1 3 3 1 2 2 3 3 0 0 3 3
0.0010095338338225314 1 3 3 1 2 2 3 3 0 3 3 0
0.009603072018198638 1 3 3 1 2 2 3 3 3 0 0 0
-0.0009331063604844025 1 3 3 1 2 2 3 3 3 0 0 3
-74.45927564327032 1 3 3 1 2 2 3 3 3 0 3 0
0.009480856592096956 1 3 3 1 2 2 3 3 3 0 3 3
0.0010176438221509581 1 3 3 1 2 2 3 3 3 3 0 0
0.009437786137792316 1 3 3 1 2 2 3 3 3 3 3 0
0.0010370191522701003 1 3 3 1 2 2 3 3 3 3 3 3
-0.0002764427368243336 1 3 3 1 3 0 3 1 1 0 0 0
-0.0002764427368243336 1 3 3 1 3 0 3 2 2 0 0 0
-0.0007179701606026598 1 3 3 1 3 0 3 3 3 0 1 1
-0.0007179701606026598 1 3 3 1 3 0 3 3 3 0 2 2
0.0012058148744595652 1 3 3 1 3 3 0 3 3 0 1 1
0.0012058148744595652 1 3 3 1 3 3 0 3 3 0 2 2
0.0011992137109876802 1 3 3 1 3 3 3 0 3 0 1 1
0.0011992137109876802 1 3 3 1 3 3 3 0 3 0 2 2
0.001199407749973853 1 3 3 1 3 3 3 3 0 0 1 1
0.001199407749973853 1 3 3 1 3 3 3 3 0 0 2 2
0.010718079470611019 1 3 3 1 3 3 3 3 3 0 1 1
0.010718079470611019 1 3 3 1 3 3 3 3 3 0 2 2
0.001206024700973481 1 3 3 1 3 3 3 3 3 3 1 1
0.001206024700973481 1 3 3 1 3 3 3 3 3 3 2 2
0.0014056631026662203 1 3 3 2 0 0 0 1 0 2 0 0
-0.0014056631026662203 1 3 3 2 0 0 0 2 0 1 0 0
-0.0006788398506648698 1 3 3 2 0 0 1 0 0 2 0 0
0.0006788398506648698 1 3 3 2 0 0 2 0 0 1 0 0
0.011567774107753552 1 3 3 2 0 0 3 1 0 2 0 0
0.001326962463565042 1 3 3 2 0 0 3 1 0 2 0 3
0.001317163632264398 1 3 3 2 0 0 3 1 0 2 3 0
0.00138014284103195 1 3 3 2 0 0 3 1 3 2 0 0
-0.011567774107753552 1 3 3 2 0 0 3 2 0 1 0 0
-0.001326962463565042 1 3 3 2 0 0 3 2 0 1 0 3
-0.001317163632264398 1 3 3 2 0 0 3 2 0 1 3 0
-0.00138014284103195 1 3 3 2 0 0 3 2 3 1 0 0
3.081823472837637e-05 1 3 3 2 0 0 3 3 1 1 1 2
-3.081823472837637e-05 1 3 3 2 0 0 3 3 1 2 1 1
3.081823472837637e-05 1 3 3 2 0 0 3 3 2 1 2 2
-3.081823472837637e-05 1 3 3 2 0 0 3 3 2 2 2 1
-7.967400286404675e-07 1 3 3 2 0 3 0 3 1 1 1 2
0.0006485091902378817 1 3 3 2 0 3 0 3 1 2 1 1
0.0006477124502092411 1 3 3 2 0 3 0 3 1 2 2 2
-0.0006477124502092411 1 3 3 2 0 3 0 3 2 1 1 1
-0.0006485091902378817 1 3 3 2 0 3 0 3 2 1 2 2
7.967400286404675e-07 1 3 3 2 0 3 0 3 2 2 2 1
7.967400286404616e-07 1 3 3 2 0 3 3 0 1 1 1 2
-0.00011783094741826273 1 3 3 2 0 3 3 0 1 2 1 1
-0.0001170342073896223 1 3 3 2 0 3 3 0 1 2 2 2
0.0001170342073896223 1 3 3 2 0 3 3 0 2 1 1 1
0.00011783094741826273 1 3 3 2 0 3 3 0 2 1 2 2
-7.967400286404616e-07 1 3 3 2 0 3 3 0 2 2 2 1
0.0012541535411934156 1 3 3 2 0 3 3 1 0 2 0 0
-0.0012541535411934156 1 3 3 2 0 3 3 2 0 1 0 0
2.0274773093915954e-08 1 3 3 2 0 3 3 3 3 0 1 2
-2.0274773093915954e-08 1 3 3 2 0 3 3 3 3 0 2 1
0.0006964661414287647 1 3 3 2 1 1 0 3 1 2 3 0
-0.0006964661414287647 1 3 3 2 1 1 0 3 2 1 3 0
-0.00010506038646225814 1 3 3 2 1 1 3 0 1 2 3 0
0.00010506038646225814 1 3 3 2 1 1 3 0 2 1 3 0
-2.9566039796893257e-05 1 3 3 2 1 1 3 3 1 2 0 0
2.9566039796893257e-05 1 3 3 2 1 1 3 3 2 1 0 0
4.745293708558657e-08 1 3 3 2 1 2 3 3 3 0 3 0
3.0342953232851316e-06 1 3 3 2 2 1 0 0 3 0 3 0
1.5578449037410785e-06 1 3 3 2 2 1 0 3 0 0 3 0
-1.049772148693327e-05 1 3 3 2 2 1 0 3 3 0 0 0
2.84281390647448e-05 1 3 3 2 2 1 0 3 3 0 3 0
1.614340689605618e-05 1 3 3 2 2 1 0 3 3 0 3 3
2.9659992519009606e-06 1 3 3 2 2 1 0 3 3 3 3 0
8.007844531609806e-07 1 3 3 2 2 1 1 1 3 0 3 0
8.007844531609806e-07 1 3 3 2 2 1 2 2 3 0 3 0
2.9659992519009576e-06 1 3 3 2 2 1 3 0 0 0 3 0
3.0556378889409344e-06 1 3 3 2 2 1 3 0 3 0 0 0
2.8428139064744606e-05 1 3 3 2 2 1 3 0 3 0 3 0
3.0815973509695255e-06 1 3 3 2 2 1 3 0 3 0 3 3
1.5578449037410785e-06 1 3 3 2 2 1 3 0 3 3 3 0
3.060297684428516e-06 1 3 3 2 2 1 3 3 0 0 0 0
2.8381673857725108e-05 1 3 3 2 2 1 3 3 0 0 3 0
3.077080900966437e-06 1 3 3 2 2 1 3 3 0 0 3 3
3.035909015267465e-06 1 3 3 2 2 1 3 3 0 3 3 0
2.8878727921304166e-05 1 3 3 2 2 1 3 3 3 0 0 0
1.6400399470645174e-06 1 3 3 2 2 1 3 3 3 0 0 3
-0.22393742521521107 1 3 3 2 2 1 3 3 3 0 3 0
2.8511196986256698e-05 1 3 3 2 2 1 3 3 3 0 3 3
1.595144120763336e-05 1 3 3 2 2 1 3 3 3 3 0 0
2.8381673857725172e-05 1 3 3 2 2 1 3 3 3 3 3 0
-1.0717309588497517e-05 1 3 3 2 2 1 3 3 3 3 3 3
0.0006961438374347889 1 3 3 2 2 2 0 3 1 2 3 0
-0.0006961438374347889 1 3 3 2 2 2 0 3 2 1 3 0
-0.00010473808246828231 1 3 3 2 2 2 3 0 1 2 3 0
0.00010473808246828231 1 3 3 2 2 2 3 0 2 1 3 0
-3.163765087645098e-05 1 3 3 2 2 2 3 3 1 2 3 3
3.163765087645098e-05 1 3 3 2 2 2 3 3 2 1 3 3
0.0012473130546637834 1 3 3 2 3 0 3 1 0 2 0 0
-0.0012473130546637834 1 3 3 2 3 0 3 2 0 1 0 0
-3.0352161735989378e-05 1 3 3 2 3 3 3 3 1 1 1 2
-3.0352161735989378e-05 1 3 3 2 3 3 3 3 1 2 2 2
3.0352161735989378e-05 1 3 3 2 3 3 3 3 2 1 1 1
3.0352161735989378e-05 1 3 3 2 3 3 3 3 2 2 2 1
-0.00011411982266634753 1 3 3 3 0 1 0 0 3 1 1 0
-0.00011411982266634753 1 3 3 3 0 1 0 0 3 2 2 0
-0.00011419384319015269 1 3 3 3 0 1 0 3 0 1 1 0
-0.00011419384319015269 1 3 3 3 0 1 0 3 0 2 2 0
0.0005717676909042004 1 3 3 3 0 1 0 3 1 0 1 0
0.0005717676909042004 1 3 3 3 0 1 0 3 2 0 2 0
-0.0010691820812255477 1 3 3 3 0 1 0 3 3 1 1 0
-0.00017398953260120678 1 3 3 3 0 1 0 3 3 1 1 3
-0.0010691820812255477 1 3 3 3 0 1 0 3 3 2 2 0
-0.00017398953260120678 1 3 3 3 0 1 0 3 3 2 2 3
-3.01174968327611e-05 1 3 3 3 0 1 1 1 3 1 1 0
-3.01174968327611e-05 1 3 3 3 0 1 1 1 3 2 2 0
-3.01174968327611e-05 1 3 3 3 0 1 2 2 3 1 1 0
-3.01174968327611e-05 1 3 3 3 0 1 2 2 3 2 2 0
-5.594789906225456e-05 1 3 3 3 0 1 3 0 0 1 1 0
-5.594789906225456e-05 1 3 3 3 0 1 3 0 0 2 2 0
0.0006268794427272524 1 3 3 3 0 1 3 0 1 0 1 0
0.0006268794427272524 1 3 3 3 0 1 3 0 2 0 2 0
-0.0010691820812255405 1 3 3 3 0 1 3 0 3 1 1 0
-0.00011589885154652171 1 3 3 3 0 1 3 0 3 1 1 3
-0.0010691820812255405 1 3 3 3 0 1 3 0 3 2 2 0
-0.00011589885154652171 1 3 3 3 0 1 3 0 3 2 2 3
-0.001067434525163832 1 3 3 3 0 1 3 3 0 1 1 0
-0.00011572898789828728 1 3 3 3 0 1 3 3 0 1 1 3
-0.001067434525163832 1 3 3 3 0 1 3 3 0 2 2 0
-0.00011572898789828728 1 3 3 3 0 1 3 3 0 2 2 3
0.004896355640562406 1 3 3 3 0 1 3 3 1 0 1 0
0.000561670731358449 1 3 3 3 0 1 3 3 1 0 1 3
0.0006143962269488663 1 3 3 3 0 1 3 3 1 3 1 0
0.004896355640562406 1 3 3 3 0 1 3 3 2 0 2 0
0.000561670731358449 1 3 3 3 0 1 3 3 2 0 2 3
0.0006143962269488663 1 3 3 3 0 1 3 3 2 3 2 0
8.422337876483244 1 3 3 3 0 1 3 3 3 1 1 0
-0.001072305888984547 1 3 3 3 0 1 3 3 3 1 1 3
8.422337876483242 1 3 3 3 0 1 3 3 3 2 2 0
-0.001072305888984547 1 3 3 3 0 1 3 3 3 2 2 3
0.0003019673489648436 1 3 3 3 0 2 3 1 1 2 0 1
0.0003019673489648436 1 3 3 3 0 2 3 1 2 2 0 2
-0.0003019673489648436 1 3 3 3 0 2 3 2 1 1 0 1
-0.0003019673489648436 1 3 3 3 0 2 3 2 2 1 0 2
6.524966552718521e-05 1 3 3 3 0 2 3 3 3 1 2 0
-6.524966552718519e-05 1 3 3 3 0 2 3 3 3 2 1 0
6.527684369117735e-05 1 3 3 3 1 3 3 3 3 1 3 1
6.527684369117735e-05 1 3 3 3 1 3 3 3 3 2 3 2
-0.00019013293949726297 1 3 3 3 2 0 0 3 3 1 3 2
0.00019013293949726297 1 3 3 3 2 0 0 3 3 2 3 1
-0.00012568500180008894 1 3 3 3 2 0 3 0 3 1 3 2
0.00012568500180008894 1 3 3 3 2 0 3 0 3 2 3 1
0.00028969792512600803 1 3 3 3 2 0 3 1 1 2 1 0
0.00028969792512600803 1 3 3 3 2 0 3 1 2 2 2 0
-0.00028969792512600803 1 3 3 3 2 0 3 2 1 1 1 0
-0.00028969792512600803 1 3 3 3 2 0 3 2 2 1 2 0
-0.00012570326404398564 1 3 3 3 2 0 3 3 0 1 3 2
0.00012570326404398564 1 3 3 3 2 0 3 3 0 2 3 1
0.0005449671632168606 1 3 3 3 2 0 3 3 1 0 3 2
-0.0005449671632168606 1 3 3 3 2 0 3 3 2 0 3 1
-0.00021513619988174253 1 3 3 3 2 0 3 3 3 1 0 2
-0.0011008170859708034 1 3 3 3 2 0 3 3 3 1 3 2
0.00021513619988174253 1 3 3 3 2 0 3 3 3 2 0 1
0.0011008170859708034 1 3 3 3 2 0 3 3 3 2 3 1
-0.00011715411798963266 1 3 3 3 2 3 0 0 3 1 3 2
0.00011715411798963266 1 3 3 3 2 3 0 0 3 2 3 1
-0.00011723010662137876 1 3 3 3 2 3 0 3 0 1 3 2
0.00011723010662137876 1 3 3 3 2 3 0 3 0 2 3 1
0.0005861695625119605 1 3 3 3 2 3 0 3 1 0 3 2
-0.0005861695625119605 1 3 3 3 2 3 0 3 2 0 3 1
-0.00017616721934467352 1 3 3 3 2 3 0 3 3 1 0 2
-0.0010976102202902925 1 3 3 3 2 3 0 3 3 1 3 2
0.00017616721934467352 1 3 3 3 2 3 0 3 3 2 0 1
0.0010976102202902925 1 3 3 3 2 3 0 3 3 2 3 1
-3.091828128592208e-05 1 3 3 3 2 3 1 1 3 1 3 2
3.091828128592208e-05 1 3 3 3 2 3 1 1 3 2 3 1
-3.091828128592208e-05 1 3 3 3 2 3 2 2 3 1 3 2
3.091828128592208e-05 1 3 3 3 2 3 2 2 3 2 3 1
-5.743547978667053e-05 1 3 3 3 2 3 3 0 0 1 3 2
5.743547978667053e-05 1 3 3 3 2 3 3 0 0 2 3 1
0.0006427333505719359 1 3 3 3 2 3 3 0 1 0 3 2
-0.0006427333505719359 1 3 3 3 2 3 3 0 2 0 3 1
-0.00011797815427768068 1 3 3 3 2 3 3 0 3 1 0 2
-0.0010976102202902849 1 3 3 3 2 3 3 0 3 1 3 2
0.00011797815427768068 1 3 3 3 2 3 3 0 3 2 0 1
0.0010976102202902849 1 3 3 3 2 3 3 0 3 2 3 1
-0.00011815806894391978 1 3 3 3 2 3 3 3 0 1 0 2
-0.0010958161990215572 1 3 3 3 2 3 3 3 0 1 3 2
0.00011815806894391978 1 3 3 3 2 3 3 3 0 2 0 1
0.0010958161990215572 1 3 3 3 2 3 3 3 0 2 3 1
0.0005723469292958319 1 3 3 3 2 3 3 3 1 0 0 2
0.005026543268567547 1 3 3 3 2 3 3 3 1 0 3 2
0.0006307322109568813 1 3 3 3 2 3 3 3 1 3 3 2
-0.0005723469292958319 1 3 3 3 2 3 3 3 2 0 0 1
-0.005026543268567547 1 3 3 3 2 3 3 3 2 0 3 1
-0.0006307322109568813 1 3 3 3 2 3 3 3 2 3 3 1
-0.0011150074524123846 1 3 3 3 2 3 3 3 3 1 0 2
8.646275281423678 1 3 3 3 2 3 3 3 3 1 3 2
0.0011150074524123846 1 3 3 3 2 3 3 3 3 2 0 1
-8.646275281423678 1 3 3 3 2 3 3 3 3 2 3 1
-0.0001866649408316068 1 3 3 3 3 1 0 3 3 1 1 0
-0.0001866649408316068 1 3 3 3 3 1 0 3 3 2 2 0
-0.00012152367986062436 1 3 3 3 3 1 3 0 3 1 1 0
-0.00012152367986062436 1 3 3 3 3 1 3 0 3 2 2 0
-0.00012154334302109366 1 3 3 3 3 1 3 3 0 1 1 0
-0.00012154334302109366 1 3 3 3 3 1 3 3 0 2 2 0
0.0005279570861136182 1 3 3 3 3 1 3 3 1 0 1 0
0.0005279570861136182 1 3 3 3 3 1 3 3 2 0 2 0
-0.00108612872449108 1 3 3 3 3 1 3 3 3 1 1 0
-0.000213496159934678 1 3 3 3 3 1 3 3 3 1 1 3
-0.00108612872449108 1 3 3 3 3 1 3 3 3 2 2 0
-0.000213496159934678 1 3 3 3 3 1 3 3 3 2 2 3
-40.11622578095678 2 0 0 0 0 1 1 0 0 0 0 2
0.0051733134935173074 2 0 0 0 0 1 1 0 0 0 3 2
0.00508427160423714 2 0 0 0 0 1 1 0 0 3 0 2
0.0005604154579171149 2 0 0 0 0 1 1 0 0 3 3 2
7.280892237162659e-05 2 0 0 0 0 1 1 0 1 1 0 2
-7.280892237162659e-05 2 0 0 0 0 1 1 0 1 2 0 1
0.005084271604237129 2 0 0 0 0 1 1 0 3 0 0 2
0.0008048346213977444 2 0 0 0 0 1 1 0 3 0 3 2
0.0005438504464799413 2 0 0 0 0 1 1 0 3 3 0 2
0.005092595346304581 2 0 0 0 0 1 1 3 0 0 0 2
0.000547384661998886 2 0 0 0 0 1 1 3 0 0 3 2
0.0002790711586498072 2 0 0 0 0 1 1 3 0 3 0 2
0.0005313268643076895 2 0 0 0 0 1 1 3 3 0 0 2
40.11622578095678 2 0 0 0 0 1 2 0 0 0 0 1
-0.0051733134935173074 2 0 0 0 0 1 2 0 0 0 3 1
-0.00508427160423714 2 0 0 0 0 1 2 0 0 3 0 1
-0.0005604154579171149 2 0 0 0 0 1 2 0 0 3 3 1
7.280892237162659e-05 2 0 0 0 0 1 2 0 2 1 0 2
-7.280892237162659e-05 2 0 0 0 0 1 2 0 2 2 0 1
-0.005084271604237129 2 0 0 0 0 1 2 0 3 0 0 1
-0.0008048346213977444 2 0 0 0 0 1 2 0 3 0 3 1
-0.0005438504464799413 2 0 0 0 0 1 2 0 3 3 0 1
-0.005092595346304581 2 0 0 0 0 1 2 3 0 0 0 1
-0.000547384661998886 2 0 0 0 0 1 2 3 0 0 3 1
-0.0002790711586498072 2 0 0 0 0 1 2 3 0 3 0 1
-0.0005313268643076895 2 0 0 0 0 1 2 3 3 0 0 1
1.3038036447544736e-05 2 0 0 0 0 1 3 1 0 3 0 2
-1.3038036447544647e-05 2 0 0 0 0 1 3 1 3 0 0 2
-1.3038036447544736e-05 2 0 0 0 0 1 3 2 0 3 0 1
1.3038036447544647e-05 2 0 0 0 0 1 3 2 3 0 0 1
0.000320334206785888 2 0 0 0 0 2 1 0 0 0 0 1
8.252787345614041e-05 2 0 0 0 0 2 1 1 1 0 1 0
8.92341991122057e-05 2 0 0 0 0 2 1 1 2 0 2 0
-6.706325656065292e-06 2 0 0 0 0 2 1 2 2 0 1 0
0.000320334206785888 2 0 0 0 0 2 2 0 0 0 0 2
-6.706325656065292e-06 2 0 0 0 0 2 2 1 1 0 2 0
8.92341991122057e-05 2 0 0 0 0 2 2 2 1 0 1 0
8.252787345614041e-05 2 0 0 0 0 2 2 2 2 0 2 0
0.000523810739713317 2 0 0 0 0 2 3 3 1 0 1 0
0.000523810739713317 2 0 0 0 0 2 3 3 2 0 2 0
-40.54778554310599 2 0 0 0 1 0 1 0 0 0 2 0
0.005162419882427459 2 0 0 0 1 0 1 0 0 0 2 3
0.0051389675954439384 2 0 0 0 1 0 1 0 0 3 2 0
0.000569564011259105 2 0 0 0 1 0 1 0 0 3 2 3
6.985057760061503e-05 2 0 0 0 1 0 1 0 1 1 2 0
-6.985057760061503e-05 2 0 0 0 1 0 1 0 1 2 1 0
0.005138967595443927 2 0 0 0 1 0 1 0 3 0 2 0
0.0008182317807091178 2 0 0 0 1 0 1 0 3 0 2 3
0.0005497011251127842 2 0 0 0 1 0 1 0 3 3 2 0
0.005147380883341808 2 0 0 0 1 0 1 3 0 0 2 0
0.0005579737477156525 2 0 0 0 1 0 1 3 0 0 2 3
0.00028207337309225754 2 0 0 0 1 0 1 3 0 3 2 0
0.000537042815728123 2 0 0 0 1 0 1 3 3 0 2 0
40.54778554310599 2 0 0 0 1 0 2 0 0 0 1 0
-0.005162419882427459 2 0 0 0 1 0 2 0 0 0 1 3
-0.0051389675954439384 2 0 0 0 1 0 2 0 0 3 1 0
-0.000569564011259105 2 0 0 0 1 0 2 0 0 3 1 3
6.985057760061503e-05 2 0 0 0 1 0 2 0 2 1 2 0
-6.985057760061503e-05 2 0 0 0 1 0 2 0 2 2 1 0
-0.005138967595443927 2 0 0 0 1 0 2 0 3 0 1 0
-0.0008182317807091178 2 0 0 0 1 0 2 0 3 0 1 3
-0.0005497011251127842 2 0 0 0 1 0 2 0 3 3 1 0
-0.005147380883341808 2 0 0 0 1 0 2 3 0 0 1 0
-0.0005579737477156525 2 0 0 0 1 0 2 3 0 0 1 3
-0.00028207337309225754 2 0 0 0 1 0 2 3 0 3 1 0
-0.000537042815728123 2 0 0 0 1 0 2 3 3 0 1 0
1.31782980980621e-05 2 0 0 0 1 0 3 1 0 3 2 0
-1.3178298098062009e-05 2 0 0 0 1 0 3 1 3 0 2 0
-1.31782980980621e-05 2 0 0 0 1 0 3 2 0 3 1 0
1.3178298098062009e-05 2 0 0 0 1 0 3 2 3 0 1 0
0.005162419882427458 2 0 0 0 1 3 1 0 0 0 2 0
0.0010196286481125058 2 0 0 0 1 3 1 0 0 0 2 3
0.0006030319724230354 2 0 0 0 1 3 1 0 0 3 2 0
0.0008741995802733576 2 0 0 0 1 3 1 0 3 0 2 0
-8.104945492865543e-05 2 0 0 0 1 3 1 1 1 0 3 2
8.758208654029609e-05 2 0 0 0 1 3 1 1 2 0 3 1
6.532631611640659e-06 2 0 0 0 1 3 1 2 2 0 3 2
0.0005894155900055851 2 0 0 0 1 3 1 3 0 0 2 0
-0.005162419882427458 2 0 0 0 1 3 2 0 0 0 1 0
-0.0010196286481125058 2 0 0 0 1 3 2 0 0 0 1 3
-0.0006030319724230354 2 0 0 0 1 3 2 0 0 3 1 0
-0.0008741995802733576 2 0 0 0 1 3 2 0 3 0 1 0
-6.532631611640659e-06 2 0 0 0 1 3 2 1 1 0 3 1
-8.758208654029609e-05 2 0 0 0 1 3 2 2 1 0 3 2
8.104945492865543e-05 2 0 0 0 1 3 2 2 2 0 3 1
-0.0005894155900055851 2 0 0 0 1 3 2 3 0 0 1 0
-0.0005377381752864124 2 0 0 0 1 3 3 3 1 0 3 2
0.0005377381752864124 2 0 0 0 1 3 3 3 2 0 3 1
0.00031715170059210224 2 0 0 0 2 0 1 0 0 0 1 0
0.0003171517005921023 2 0 0 0 2 0 2 0 0 0 2 0
0.005173313493517306 2 0 0 0 3 1 1 0 0 0 0 2
0.0010076938999613318 2 0 0 0 3 1 1 0 0 0 3 2
0.0005928106652298763 2 0 0 0 3 1 1 0 0 3 0 2
0.0008711882615388407 2 0 0 0 3 1 1 0 3 0 0 2
0.0005788265042888187 2 0 0 0 3 1 1 3 0 0 0 2
-0.005173313493517306 2 0 0 0 3 1 2 0 0 0 0 1
-0.0010076938999613318 2 0 0 0 3 1 2 0 0 0 3 1
-0.0005928106652298763 2 0 0 0 3 1 2 0 0 3 0 1
-0.0008711882615388407 2 0 0 0 3 1 2 0 3 0 0 1
-0.0005788265042888187 2 0 0 0 3 1 2 3 0 0 0 1
-0.0013790218582994784 2 0 0 1 0 0 0 1 0 2 0 0
0.0013790218582994784 2 0 0 1 0 0 0 2 0 1 0 0
-60.02325437555549 2 0 0 1 0 0 1 0 0 2 0 0
0.007642176737322929 2 0 0 1 0 0 1 0 0 2 0 3
0.007740690186737916 2 0 0 1 0 0 1 0 0 2 3 0
0.00019997290416316223 2 0 0 1 0 0 1 0 0 2 3 3
-6.507500786613477e-05 2 0 0 1 0 0 1 0 2 0 0 0
0.007607459196691908 2 0 0 1 0 0 1 0 3 2 0 0
0.0008247845957348493 2 0 0 1 0 0 1 0 3 2 0 3
0.0008202860014785164 2 0 0 1 0 0 1 0 3 2 3 0
0.007619913788631716 2 0 0 1 0 0 1 3 0 2 0 0
0.0008259951906167661 2 0 0 1 0 0 1 3 0 2 0 3
0.0008190369840944674 2 0 0 1 0 0 1 3 0 2 3 0
0.0006788398506648698 2 0 0 1 0 0 1 3 3 2 0 0
60.023254375555496 2 0 0 1 0 0 2 0 0 1 0 0
-0.007642176737322929 2 0 0 1 0 0 2 0 0 1 0 3
-0.007740690186737916 2 0 0 1 0 0 2 0 0 1 3 0
-0.00019997290416316223 2 0 0 1 0 0 2 0 0 1 3 3
6.507500786613477e-05 2 0 0 1 0 0 2 0 1 0 0 0
-0.007607459196691908 2 0 0 1 0 0 2 0 3 1 0 0
-0.0008247845957348493 2 0 0 1 0 0 2 0 3 1 0 3
-0.0008202860014785164 2 0 0 1 0 0 2 0 3 1 3 0
-0.007619913788631716 2 0 0 1 0 0 2 3 0 1 0 0
-0.0008259951906167661 2 0 0 1 0 0 2 3 0 1 0 3
-0.0008190369840944674 2 0 0 1 0 0 2 3 0 1 3 0
-0.0006788398506648698 2 0 0 1 0 0 2 3 3 1 0 0
-0.011586712350133692 2 0 0 1 0 0 3 1 0 2 0 0
-0.0013267696816803732 2 0 0 1 0 0 3 1 0 2 0 3
-0.0013169505428493647 2 0 0 1 0 0 3 1 0 2 3 0
-0.0014056631026662164 2 0 0 1 0 0 3 1 3 2 0 0
0.011586712350133692 2 0 0 1 0 0 3 2 0 1 0 0
0.0013267696816803732 2 0 0 1 0 0 3 2 0 1 0 3
0.0013169505428493647 2 0 0 1 0 0 3 2 0 1 3 0
0.0014056631026662164 2 0 0 1 0 0 3 2 3 1 0 0
0.007642176737322928 2 0 0 1 0 3 1 0 0 2 0 0
0.0010132061873023353 2 0 0 1 0 3 1 0 0 2 0 3
0.0009748880734084158 2 0 0 1 0 3 1 0 0 2 3 0
0.0008726668331417846 2 0 0 1 0 3 1 0 3 2 0 0
0.0008725400515926451 2 0 0 1 0 3 1 3 0 2 0 0
-0.007642176737322928 2 0 0 1 0 3 2 0 0 1 0 0
-0.0010132061873023353 2 0 0 1 0 3 2 0 0 1 0 3
-0.0009748880734084158 2 0 0 1 0 3 2 0 0 1 3 0
-0.0008726668331417846 2 0 0 1 0 3 2 0 3 1 0 0
-0.0008725400515926451 2 0 0 1 0 3 2 3 0 1 0 0
-0.0012559943513467064 2 0 0 1 0 3 3 1 0 2 0 0
0.0012559943513467064 2 0 0 1 0 3 3 2 0 1 0 0
7.772541798443362e-06 2 0 0 1 1 1 1 0 1 0 1 2
5.149852918969311e-06 2 0 0 1 1 1 1 0 1 0 2 1
1.2922394717412673e-05 2 0 0 1 1 1 1 0 2 0 2 2
-1.2922394717412673e-05 2 0 0 1 1 1 2 0 1 0 1 1
-5.149852918969311e-06 2 0 0 1 1 1 2 0 2 0 1 2
-7.772541798443362e-06 2 0 0 1 1 1 2 0 2 0 2 1
-3.3467961163930534e-05 2 0 0 1 1 2 1 0 0 1 2 2
-0.0007749151692452535 2 0 0 1 1 2 1 0 0 2 1 2
0.0008083831304091841 2 0 0 1 1 2 1 0 0 2 2 1
8.020841388060804e-07 2 0 0 1 1 2 1 1 3 0 3 0
0.0008083831304091841 2 0 0 1 1 2 2 0 0 1 1 2
-0.0007749151692452535 2 0 0 1 1 2 2 0 0 1 2 1
-3.3467961163930534e-05 2 0 0 1 1 2 2 0 0 2 1 1
8.020841388060804e-07 2 0 0 1 1 2 2 2 3 0 3 0
1.4887457720791568e-06 2 0 0 1 1 2 3 3 3 0 3 0
-3.2395207312761254e-05 2 0 0 1 2 1 1 0 0 1 2 2
0.0008073103765580148 2 0 0 1 2 1 1 0 0 2 1 2
-0.0007749151692452535 2 0 0 1 2 1 1 0 0 2 2 1
-0.0007749151692452535 2 0 0 1 2 1 2 0 0 1 1 2
0.0008073103765580148 2 0 0 1 2 1 2 0 0 1 2 1
-3.2395207312761254e-05 2 0 0 1 2 1 2 0 0 2 1 1
0.007740690186737913 2 0 0 1 3 0 1 0 0 2 0 0
0.0009748880734084158 2 0 0 1 3 0 1 0 0 2 0 3
0.0009991908148365067 2 0 0 1 3 0 1 0 0 2 3 0
0.0008662227058100667 2 0 0 1 3 0 1 0 3 2 0 0
0.0008660825691670952 2 0 0 1 3 0 1 3 0 2 0 0
-0.007740690186737913 2 0 0 1 3 0 2 0 0 1 0 0
-0.0009748880734084158 2 0 0 1 3 0 2 0 0 1 0 3
-0.0009991908148365067 2 0 0 1 3 0 2 0 0 1 3 0
-0.0008662227058100667 2 0 0 1 3 0 2 0 3 1 0 0
-0.0008660825691670952 2 0 0 1 3 0 2 3 0 1 0 0
-0.0012454138199019828 2 0 0 1 3 0 3 1 0 2 0 0
0.0012454138199019828 2 0 0 1 3 0 3 2 0 1 0 0
0.00019997290416316223 2 0 0 1 3 3 1 0 0 2 0 0
-0.00019997290416316223 2 0 0 1 3 3 2 0 0 1 0 0
-0.0005849649500803765 2 0 0 2 0 0 0 1 1 0 0 0
-0.0005849649500803765 2 0 0 2 0 0 0 2 2 0 0 0
0.0002995103145223706 2 0 0 2 0 0 1 0 0 1 0 0
-91.26549880011282 2 0 0 2 0 0 1 0 1 0 0 0
0.011620565014311551 2 0 0 2 0 0 1 0 1 0 0 3
0.011770362903454843 2 0 0 2 0 0 1 0 1 0 3 0
-0.00043072359784130905 2 0 0 2 0 0 1 0 1 0 3 3
0.011567774107753571 2 0 0 2 0 0 1 0 1 3 0 0
0.0012541535411934156 2 0 0 2 0 0 1 0 1 3 0 3
0.0012473130546637823 2 0 0 2 0 0 1 0 1 3 3 0
0.011586712350133681 2 0 0 2 0 0 1 3 1 0 0 0
0.0012559943513467055 2 0 0 2 0 0 1 3 1 0 0 3
0.001245413819901982 2 0 0 2 0 0 1 3 1 0 3 0
-0.0006575389726822633 2 0 0 2 0 0 1 3 1 3 0 0
0.0002995103145223706 2 0 0 2 0 0 2 0 0 2 0 0
-91.26549880011284 2 0 0 2 0 0 2 0 2 0 0 0
0.011620565014311551 2 0 0 2 0 0 2 0 2 0 0 3
0.011770362903454843 2 0 0 2 0 0 2 0 2 0 3 0
-0.00043072359784130905 2 0 0 2 0 0 2 0 2 0 3 3
0.011567774107753571 2 0 0 2 0 0 2 0 2 3 0 0
0.0012541535411934156 2 0 0 2 0 0 2 0 2 3 0 3
0.0012473130546637823 2 0 0 2 0 0 2 0 2 3 3 0
0.011586712350133681 2 0 0 2 0 0 2 3 2 0 0 0
0.0012559943513467055 2 0 0 2 0 0 2 3 2 0 0 3
0.001245413819901982 2 0 0 2 0 0 2 3 2 0 3 0
-0.0006575389726822633 2 0 0 2 0 0 2 3 2 3 0 0
-0.002567969974250497 2 0 0 2 0 0 3 1 1 0 0 0
-0.00029405275649755605 2 0 0 2 0 0 3 1 1 0 0 3
-0.00029187653489741114 2 0 0 2 0 0 3 1 1 0 3 0
-0.0007051854313548105 2 0 0 2 0 0 3 1 1 3 0 0
-0.002567969974250497 2 0 0 2 0 0 3 2 2 0 0 0
-0.00029405275649755605 2 0 0 2 0 0 3 2 2 0 0 3
-0.00029187653489741114 2 0 0 2 0 0 3 2 2 0 3 0
-0.0007051854313548105 2 0 0 2 0 0 3 2 2 3 0 0
0.01162056501431155 2 0 0 2 0 3 1 0 1 0 0 0
0.0014920040540839397 2 0 0 2 0 3 1 0 1 0 0 3
0.0014867147199295293 2 0 0 2 0 3 1 0 1 0 3 0
0.0013269624635650417 2 0 0 2 0 3 1 0 1 3 0 0
0.00029768629578376697 2 0 0 2 0 3 1 1 3 0 1 1
0.00029768629578376697 2 0 0 2 0 3 1 1 3 0 2 2
0.001326769681680372 2 0 0 2 0 3 1 3 1 0 0 0
0.01162056501431155 2 0 0 2 0 3 2 0 2 0 0 0
0.0014920040540839397 2 0 0 2 0 3 2 0 2 0 0 3
0.0014867147199295293 2 0 0 2 0 3 2 0 2 0 3 0
0.0013269624635650417 2 0 0 2 0 3 2 0 2 3 0 0
0.00029768629578376697 2 0 0 2 0 3 2 2 3 0 1 1
0.00029768629578376697 2 0 0 2 0 3 2 2 3 0 2 2
0.001326769681680372 2 0 0 2 0 3 2 3 2 0 0 0
-0.00027836677779002216 2 0 0 2 0 3 3 1 1 0 0 0
-0.00027836677779002216 2 0 0 2 0 3 3 2 2 0 0 0
-0.0005987542628922524 2 0 0 2 0 3 3 3 3 0 1 1
-0.0005987542628922524 2 0 0 2 0 3 3 3 3 0 2 2
6.586316847669179e-05 2 0 0 2 1 1 1 0 0 1 2 2
-3.2395207312761254e-05 2 0 0 2 1 1 1 0 0 2 1 2
-3.3467961163930534e-05 2 0 0 2 1 1 1 0 0 2 2 1
0.0002667178336455575 2 0 0 2 1 1 1 1 3 0 3 0
-3.3467961163930534e-05 2 0 0 2 1 1 2 0 0 1 1 2
-3.2395207312761254e-05 2 0 0 2 1 1 2 0 0 1 2 1
6.586316847669179e-05 2 0 0 2 1 1 2 0 0 2 1 1
0.0002667178336455575 2 0 0 2 1 1 2 2 3 0 3 0
-0.0005380165543689734 2 0 0 2 1 1 3 3 3 0 3 0
-0.0019174383177708383 2 0 0 2 1 2 1 0 1 0 1 2
0.0019225881706898076 2 0 0 2 1 2 1 0 1 0 2 1
5.149852918969331e-06 2 0 0 2 1 2 1 0 2 0 2 2
-5.149852918969331e-06 2 0 0 2 1 2 2 0 1 0 1 1
-0.0019225881706898076 2 0 0 2 1 2 2 0 2 0 1 2
0.0019174383177708383 2 0 0 2 1 2 2 0 2 0 2 1
0.001925210859569282 2 0 0 2 2 1 1 0 1 0 1 2
-0.0019174383177708385 2 0 0 2 2 1 1 0 1 0 2 1
7.772541798443342e-06 2 0 0 2 2 1 1 0 2 0 2 2
-7.772541798443342e-06 2 0 0 2 2 1 2 0 1 0 1 1
0.0019174383177708385 2 0 0 2 2 1 2 0 2 0 1 2
-0.001925210859569282 2 0 0 2 2 1 2 0 2 0 2 1
0.0002675199177843635 2 0 0 2 2 2 1 1 3 0 3 0
0.0002675199177843635 2 0 0 2 2 2 2 2 3 0 3 0
-0.0005365278085968938 2 0 0 2 2 2 3 3 3 0 3 0
0.01177036290345484 2 0 0 2 3 0 1 0 1 0 0 0
0.0014867147199295293 2 0 0 2 3 0 1 0 1 0 0 3
0.0014721674467381137 2 0 0 2 3 0 1 0 1 0 3 0
0.0013171636322643976 2 0 0 2 3 0 1 0 1 3 0 0
0.0013169505428493639 2 0 0 2 3 0 1 3 1 0 0 0
0.01177036290345484 2 0 0 2 3 0 2 0 2 0 0 0
0.0014867147199295293 2 0 0 2 3 0 2 0 2 0 0 3
0.0014721674467381137 2 0 0 2 3 0 2 0 2 0 3 0
0.0013171636322643976 2 0 0 2 3 0 2 0 2 3 0 0
0.0013169505428493639 2 0 0 2 3 0 2 3 2 0 0 0
-0.0002760218082904255 2 0 0 2 3 0 3 1 1 0 0 0
-0.0002760218082904255 2 0 0 2 3 0 3 2 2 0 0 0
-0.00043072359784130905 2 0 0 2 3 3 1 0 1 0 0 0
-0.00043072359784130905 2 0 0 2 3 3 2 0 2 0 0 0
0.00508427160423714 2 0 0 3 0 1 1 0 0 0 0 2
0.0005928106652298763 2 0 0 3 0 1 1 0 0 0 3 2
0.0006858582178583387 2 0 0 3 0 1 1 0 0 3 0 2
5.594363479897053e-05 2 0 0 3 0 1 1 0 1 1 3 2
5.594363479897055e-05 2 0 0 3 0 1 1 0 2 2 3 2
0.0005752256244704283 2 0 0 3 0 1 1 0 3 0 0 2
0.0006348352381727503 2 0 0 3 0 1 1 3 0 0 0 2
5.773729388612164e-05 2 0 0 3 0 1 1 3 1 1 0 2
5.773729388612164e-05 2 0 0 3 0 1 1 3 2 2 0 2
-0.00508427160423714 2 0 0 3 0 1 2 0 0 0 0 1
-0.0005928106652298763 2 0 0 3 0 1 2 0 0 0 3 1
-0.0006858582178583387 2 0 0 3 0 1 2 0 0 3 0 1
-5.594363479897055e-05 2 0 0 3 0 1 2 0 1 1 3 1
-5.594363479897053e-05 2 0 0 3 0 1 2 0 2 2 3 1
-0.0005752256244704283 2 0 0 3 0 1 2 0 3 0 0 1
-0.0006348352381727503 2 0 0 3 0 1 2 3 0 0 0 1
-5.773729388612164e-05 2 0 0 3 0 1 2 3 1 1 0 1
-5.773729388612164e-05 2 0 0 3 0 1 2 3 2 2 0 1
-5.773729388612181e-05 2 0 0 3 0 1 3 1 0 0 0 2
2.8481756444590798e-05 2 0 0 3 0 1 3 1 1 1 0 2
2.8481756444590798e-05 2 0 0 3 0 1 3 1 2 2 0 2
5.773729388612181e-05 2 0 0 3 0 1 3 2 0 0 0 1
-2.8481756444590798e-05 2 0 0 3 0 1 3 2 1 1 0 1
-2.8481756444590798e-05 2 0 0 3 0 1 3 2 2 2 0 1
0.00028746306144497466 2 0 0 3 0 2 1 1 3 1 1 0
-1.7991565131759478e-05 2 0 0 3 0 2 1 1 3 2 2 0
0.00030545462657673416 2 0 0 3 0 2 1 2 3 2 1 0
0.00030545462657673416 2 0 0 3 0 2 2 1 3 1 2 0
-1.7991565131759478e-05 2 0 0 3 0 2 2 2 3 1 1 0
0.00028746306144497466 2 0 0 3 0 2 2 2 3 2 2 0
-5.594789906225409e-05 2 0 0 3 0 2 3 3 3 1 1 0
-5.594789906225409e-05 2 0 0 3 0 2 3 3 3 2 2 0
0.0051389675954439384 2 0 0 3 1 0 1 0 0 0 2 0
0.0006030319724230354 2 0 0 3 1 0 1 0 0 0 2 3
0.0006907759547522129 2 0 0 3 1 0 1 0 0 3 2 0
5.6916072710021504e-05 2 0 0 3 1 0 1 0 1 1 2 3
5.691607271002151e-05 2 0 0 3 1 0 1 0 2 2 2 3
0.0005814138335487434 2 0 0 3 1 0 1 0 3 0 2 0
0.000641664720408893 2 0 0 3 1 0 1 3 0 0 2 0
5.835842484931956e-05 2 0 0 3 1 0 1 3 1 1 2 0
5.835842484931956e-05 2 0 0 3 1 0 1 3 2 2 2 0
-0.0051389675954439384 2 0 0 3 1 0 2 0 0 0 1 0
-0.0006030319724230354 2 0 0 3 1 0 2 0 0 0 1 3
-0.0006907759547522129 2 0 0 3 1 0 2 0 0 3 1 0
-5.691607271002151e-05 2 0 0 3 1 0 2 0 1 1 1 3
-5.6916072710021504e-05 2 0 0 3 1 0 2 0 2 2 1 3
-0.0005814138335487434 2 0 0 3 1 0 2 0 3 0 1 0
-0.000641664720408893 2 0 0 3 1 0 2 3 0 0 1 0
-5.835842484931956e-05 2 0 0 3 1 0 2 3 1 1 1 0
-5.835842484931956e-05 2 0 0 3 1 0 2 3 2 2 1 0
-5.835842484931977e-05 2 0 0 3 1 0 3 1 0 0 2 0
2.8788159804070912e-05 2 0 0 3 1 0 3 1 1 1 2 0
2.8788159804070912e-05 2 0 0 3 1 0 3 1 2 2 2 0
5.835842484931977e-05 2 0 0 3 1 0 3 2 0 0 1 0
-2.8788159804070912e-05 2 0 0 3 1 0 3 2 1 1 1 0
-2.8788159804070912e-05 2 0 0 3 1 0 3 2 2 2 1 0
0.000569564011259105 2 0 0 3 1 3 1 0 0 0 2 0
6.206592562899082e-05 2 0 0 3 1 3 1 0 1 1 2 0
6.206592562899084e-05 2 0 0 3 1 3 1 0 2 2 2 0
-0.0002798740810487628 2 0 0 3 1 3 1 1 3 1 3 2
-1.7669261137783658e-05 2 0 0 3 1 3 1 1 3 2 3 1
-0.00029754334218654645 2 0 0 3 1 3 1 2 3 2 3 2
-0.000569564011259105 2 0 0 3 1 3 2 0 0 0 1 0
-6.206592562899084e-05 2 0 0 3 1 3 2 0 1 1 1 0
-6.206592562899082e-05 2 0 0 3 1 3 2 0 2 2 1 0
0.00029754334218654645 2 0 0 3 1 3 2 1 3 1 3 1
1.7669261137783658e-05 2 0 0 3 1 3 2 2 3 1 3 2
0.0002798740810487628 2 0 0 3 1 3 2 2 3 2 3 1
5.743547978667008e-05 2 0 0 3 1 3 3 3 3 1 3 2
-5.743547978667008e-05 2 0 0 3 1 3 3 3 3 2 3 1
0.0005604154579171149 2 0 0 3 3 1 1 0 0 0 0 2
6.37161765974139e-05 2 0 0 3 3 1 1 0 1 1 0 2
6.37161765974139e-05 2 0 0 3 3 1 1 0 2 2 0 2
-0.0005604154579171149 2 0 0 3 3 1 2 0 0 0 0 1
-6.37161765974139e-05 2 0 0 3 3 1 2 0 1 1 0 1
-6.37161765974139e-05 2 0 0 3 3 1 2 0 2 2 0 1
0.0013790218582994803 2 0 1 0 0 0 0 1 2 0 0 0
-0.0013790218582994803 2 0 1 0 0 0 0 2 1 0 0 0
-0.0013801428410319498 2 0 1 0 0 0 1 0 0 2 0 0
-458.76454016302245 2 0 1 0 0 0 1 0 2 0 0 0
0.05841272087834406 2 0 1 0 0 0 1 0 2 0 0 3
0.059165705115850224 2 0 1 0 0 0 1 0 2 0 3 0
-0.0016818694511654723 2 0 1 0 0 0 1 0 2 0 3 3
0.05814735852411358 2 0 1 0 0 0 1 0 2 3 0 0
0.0063042133192400445 2 0 1 0 0 0 1 0 2 3 0 3
0.006269828465333592 2 0 1 0 0 0 1 0 2 3 3 0
-0.011567774107753571 2 0 1 0 0 0 1 0 3 2 0 0
-0.0013269624635650417 2 0 1 0 0 0 1 0 3 2 0 3
-0.0013171636322643976 2 0 1 0 0 0 1 0 3 2 3 0
0.05824255477874607 2 0 1 0 0 0 1 3 2 0 0 0
0.0063134664605065585 2 0 1 0 0 0 1 3 2 0 0 3
0.006260281642964208 2 0 1 0 0 0 1 3 2 0 3 0
-0.0021939646468696478 2 0 1 0 0 0 1 3 2 3 0 0
-0.0014056631026662164 2 0 1 0 0 0 1 3 3 2 0 0
0.0013801428410319498 2 0 1 0 0 0 2 0 0 1 0 0
458.76454016302245 2 0 1 0 0 0 2 0 1 0 0 0
-0.05841272087834406 2 0 1 0 0 0 2 0 1 0 0 3
-0.059165705115850224 2 0 1 0 0 0 2 0 1 0 3 0
0.0016818694511654723 2 0 1 0 0 0 2 0 1 0 3 3
-0.05814735852411358 2 0 1 0 0 0 2 0 1 3 0 0
-0.0063042133192400445 2 0 1 0 0 0 2 0 1 3 0 3
-0.006269828465333592 2 0 1 0 0 0 2 0 1 3 3 0
0.011567774107753571 2 0 1 0 0 0 2 0 3 1 0 0
0.0013269624635650417 2 0 1 0 0 0 2 0 3 1 0 3
0.0013171636322643976 2 0 1 0 0 0 2 0 3 1 3 0
-0.05824255477874607 2 0 1 0 0 0 2 3 1 0 0 0
-0.0063134664605065585 2 0 1 0 0 0 2 3 1 0 0 3
-0.006260281642964208 2 0 1 0 0 0 2 3 1 0 3 0
0.0021939646468696478 2 0 1 0 0 0 2 3 1 3 0 0
0.0014056631026662164 2 0 1 0 0 0 2 3 3 1 0 0
0.011586712350133711 2 0 1 0 0 0 3 1 2 0 0 0
0.0013267696816803753 2 0 1 0 0 0 3 1 2 0 0 3
0.001316950542849367 2 0 1 0 0 0 3 1 2 0 3 0
0.0014056631026662153 2 0 1 0 0 0 3 1 2 3 0 0
-0.0038383391279932797 2 0 1 0 0 0 3 1 3 2 0 0
-0.011586712350133711 2 0 1 0 0 0 3 2 1 0 0 0
-0.0013267696816803753 2 0 1 0 0 0 3 2 1 0 0 3
-0.001316950542849367 2 0 1 0 0 0 3 2 1 0 3 0
-0.0014056631026662153 2 0 1 0 0 0 3 2 1 3 0 0
0.0038383391279932797 2 0 1 0 0 0 3 2 3 1 0 0
0.058412720878344045 2 0 1 0 0 3 1 0 2 0 0 0
0.0075318098518539125 2 0 1 0 0 3 1 0 2 0 0 3
0.007470382502494043 2 0 1 0 0 3 1 0 2 0 3 0
0.006670199590536577 2 0 1 0 0 3 1 0 2 3 0 0
-0.0012541535411934156 2 0 1 0 0 3 1 0 3 2 0 0
0.006669230540029503 2 0 1 0 0 3 1 3 2 0 0 0
-0.058412720878344045 2 0 1 0 0 3 2 0 1 0 0 0
-0.0075318098518539125 2 0 1 0 0 3 2 0 1 0 0 3
-0.007470382502494043 2 0 1 0 0 3 2 0 1 0 3 0
-0.006670199590536577 2 0 1 0 0 3 2 0 1 3 0 0
0.0012541535411934156 2 0 1 0 0 3 2 0 3 1 0 0
-0.006669230540029503 2 0 1 0 0 3 2 3 1 0 0 0
0.0012559943513467083 2 0 1 0 0 3 3 1 2 0 0 0
-0.0012559943513467083 2 0 1 0 0 3 3 2 1 0 0 0
-1.471919225341343e-05 2 0 1 0 1 2 0 3 0 0 3 0
-5.596779956423989e-05 2 0 1 0 1 2 1 0 1 0 2 2
-0.009152251953659516 2 0 1 0 1 2 1 0 2 0 1 2
0.009208219753223756 2 0 1 0 1 2 1 0 2 0 2 1
6.776679687937133e-06 2 0 1 0 1 2 1 1 0 0 0 0
-6.530904772543361e-06 2 0 1 0 1 2 1 1 0 0 3 3
-1.47841852748497e-06 2 0 1 0 1 2 1 1 0 3 3 0
1.478418527484975e-06 2 0 1 0 1 2 1 1 3 0 3 0
0.009208219753223756 2 0 1 0 1 2 2 0 1 0 1 2
-0.009152251953659516 2 0 1 0 1 2 2 0 1 0 2 1
-5.596779956423989e-05 2 0 1 0 1 2 2 0 2 0 1 1
6.776679687937133e-06 2 0 1 0 1 2 2 2 0 0 0 0
-6.530904772543361e-06 2 0 1 0 1 2 2 2 0 0 3 3
-1.47841852748497e-06 2 0 1 0 1 2 2 2 0 3 3 0
1.478418527484975e-06 2 0 1 0 1 2 2 2 3 0 3 0
-1.6320761159735402e-05 2 0 1 0 1 2 3 0 0 0 3 0
-1.4821405205234965e-05 2 0 1 0 1 2 3 3 0 0 0 0
-0.00013040076536683938 2 0 1 0 1 2 3 3 0 0 3 0
-1.4931913102567203e-05 2 0 1 0 1 2 3 3 0 0 3 3
-1.6328343879347978e-05 2 0 1 0 1 2 3 3 0 3 3 0
-1.4724175601735811e-05 2 0 1 0 1 2 3 3 3 0 3 0
-6.635364014109627e-05 2 0 1 0 2 1 1 0 1 0 2 2
0.00921860559380061 2 0 1 0 2 1 1 0 2 0 1 2
-0.009152251953659516 2 0 1 0 2 1 1 0 2 0 2 1
-0.009152251953659516 2 0 1 0 2 1 2 0 1 0 1 2
0.00921860559380061 2 0 1 0 2 1 2 0 1 0 2 1
-6.635364014109627e-05 2 0 1 0 2 1 2 0 2 0 1 1
0.0591657051158502 2 0 1 0 3 0 1 0 2 0 0 0
0.007470382502494043 2 0 1 0 3 0 1 0 2 0 0 3
0.007431127837308371 2 0 1 0 3 0 1 0 2 0 3 0
0.006620944119998476 2 0 1 0 3 0 1 0 2 3 0 0
-0.0012473130546637823 2 0 1 0 3 0 1 0 3 2 0 0
0.006619872990280844 2 0 1 0 3 0 1 3 2 0 0 0
-0.0591657051158502 2 0 1 0 3 0 2 0 1 0 0 0
-0.007470382502494043 2 0 1 0 3 0 2 0 1 0 0 3
-0.007431127837308371 2 0 1 0 3 0 2 0 1 0 3 0
-0.006620944119998476 2 0 1 0 3 0 2 0 1 3 0 0
0.0012473130546637823 2 0 1 0 3 0 2 0 3 1 0 0
-0.006619872990280844 2 0 1 0 3 0 2 3 1 0 0 0
0.0012454138199019847 2 0 1 0 3 0 3 1 2 0 0 0
-0.0012454138199019847 2 0 1 0 3 0 3 2 1 0 0 0
-0.0016818694511654723 2 0 1 0 3 3 1 0 2 0 0 0
0.0016818694511654723 2 0 1 0 3 3 2 0 1 0 0 0
6.37161765974139e-05 2 0 1 1 0 1 1 0 3 0 3 2
7.280892237162659e-05 2 0 1 1 0 1 1 0 3 3 0 2
-1.3038036447545153e-05 2 0 1 1 0 1 1 3 3 0 0 2
-6.37161765974139e-05 2 0 1 1 0 1 2 0 3 0 3 1
-7.280892237162659e-05 2 0 1 1 0 1 2 0 3 3 0 1
1.3038036447545153e-05 2 0 1 1 0 1 2 3 3 0 0 1
-0.00026505148339493913 2 0 1 1 0 1 3 1 3 0 0 2
0.00026505148339493913 2 0 1 1 0 1 3 2 3 0 0 1
-4.7882237406935534e-05 2 0 1 1 0 2 1 0 1 2 0 2
-0.0003659862712965344 2 0 1 1 0 2 1 0 2 1 0 2
0.00041386850870346993 2 0 1 1 0 2 1 0 2 2 0 1
-7.595142441127332e-05 2 0 1 1 0 2 1 1 0 1 1 0
4.0521443534097174e-06 2 0 1 1 0 2 1 1 0 2 2 0
-8.000356876468301e-05 2 0 1 1 0 2 1 2 0 2 1 0
0.00041386850870346993 2 0 1 1 0 2 2 0 1 1 0 2
-0.0003659862712965344 2 0 1 1 0 2 2 0 1 2 0 1
-4.7882237406935534e-05 2 0 1 1 0 2 2 0 2 1 0 1
-8.000356876468301e-05 2 0 1 1 0 2 2 1 0 1 2 0
4.0521443534097174e-06 2 0 1 1 0 2 2 2 0 1 1 0
-7.595142441127332e-05 2 0 1 1 0 2 2 2 0 2 2 0
-2.009919402797744e-07 2 0 1 1 0 2 3 3 0 1 1 0
-2.009919402797744e-07 2 0 1 1 0 2 3 3 0 2 2 0
6.206592562899082e-05 2 0 1 1 1 0 1 0 3 0 2 3
6.985057760061503e-05 2 0 1 1 1 0 1 0 3 3 2 0
-1.3178298098062512e-05 2 0 1 1 1 0 1 3 3 0 2 0
-6.206592562899082e-05 2 0 1 1 1 0 2 0 3 0 1 3
-6.985057760061503e-05 2 0 1 1 1 0 2 0 3 3 1 0
1.3178298098062512e-05 2 0 1 1 1 0 2 3 3 0 1 0
-0.0002679028758329508 2 0 1 1 1 0 3 1 3 0 2 0
0.0002679028758329508 2 0 1 1 1 0 3 2 3 0 1 0
5.6916072710021504e-05 2 0 1 1 1 3 1 0 3 0 2 0
7.429814679170048e-05 2 0 1 1 1 3 1 1 0 1 3 2
3.633327037572094e-06 2 0 1 1 1 3 1 1 0 2 3 1
7.793147382927258e-05 2 0 1 1 1 3 1 2 0 2 3 2
-5.6916072710021504e-05 2 0 1 1 1 3 2 0 3 0 1 0
-7.793147382927258e-05 2 0 1 1 1 3 2 1 0 1 3 1
-3.633327037572094e-06 2 0 1 1 1 3 2 2 0 1 3 2
-7.429814679170048e-05 2 0 1 1 1 3 2 2 0 2 3 1
2.063360504453777e-07 2 0 1 1 1 3 3 3 0 1 3 2
-2.063360504453777e-07 2 0 1 1 1 3 3 3 0 2 3 1
-4.59367043315505e-05 2 0 1 1 2 0 1 0 1 2 2 0
-0.00035111565466488316 2 0 1 1 2 0 1 0 2 1 2 0
0.00039705235899643366 2 0 1 1 2 0 1 0 2 2 1 0
0.00039705235899643366 2 0 1 1 2 0 2 0 1 1 2 0
-0.00035111565466488316 2 0 1 1 2 0 2 0 1 2 1 0
-4.59367043315505e-05 2 0 1 1 2 0 2 0 2 1 1 0
5.594363479897053e-05 2 0 1 1 3 1 1 0 3 0 0 2
-5.594363479897053e-05 2 0 1 1 3 1 2 0 3 0 0 1
-3.137517799048701e-05 2 0 1 2 0 1 1 0 1 2 0 2
0.0003973614492870214 2 0 1 2 0 1 1 0 2 1 0 2
-0.0003659862712965344 2 0 1 2 0 1 1 0 2 2 0 1
-0.0003659862712965344 2 0 1 2 0 1 2 0 1 1 0 2
0.0003973614492870214 2 0 1 2 0 1 2 0 1 2 0 1
-3.137517799048701e-05 2 0 1 2 0 1 2 0 2 1 0 1
-7.280892237162649e-05 2 0 1 2 0 2 1 0 0 0 0 2
7.280892237162659e-05 2 0 1 2 0 2 1 0 3 3 0 2
-1.2174812867643898e-05 2 0 1 2 0 2 1 1 1 0 2 0
4.2936938955408126e-05 2 0 1 2 0 2 1 1 2 0 1 0
-3.076212608776423e-05 2 0 1 2 0 2 1 2 1 0 1 0
7.280892237162649e-05 2 0 1 2 0 2 2 0 0 0 0 1
-7.280892237162659e-05 2 0 1 2 0 2 2 0 3 3 0 1
3.076212608776423e-05 2 0 1 2 0 2 2 1 2 0 2 0
-4.2936938955408126e-05 2 0 1 2 0 2 2 2 1 0 2 0
1.2174812867643898e-05 2 0 1 2 0 2 2 2 2 0 1 0
-0.0002778472611319961 2 0 1 2 0 2 3 1 3 0 0 2
0.0002778472611319961 2 0 1 2 0 2 3 2 3 0 0 1
5.828976156112443e-05 2 0 1 2 0 2 3 3 1 0 2 0
-5.828976156112443e-05 2 0 1 2 0 2 3 3 2 0 1 0
-3.171270843595914e-05 2 0 1 2 1 0 1 0 1 2 2 0
0.0003828283631008423 2 0 1 2 1 0 1 0 2 1 2 0
-0.00035111565466488316 2 0 1 2 1 0 1 0 2 2 1 0
-0.00035111565466488316 2 0 1 2 1 0 2 0 1 1 2 0
0.0003828283631008423 2 0 1 2 1 0 2 0 1 2 1 0
-3.171270843595914e-05 2 0 1 2 1 0 2 0 2 1 1 0
-1.3299201000425808e-05 2 0 1 2 1 3 1 1 1 0 3 1
-4.3264587059549564e-05 2 0 1 2 1 3 1 1 2 0 3 2
2.9965386059123758e-05 2 0 1 2 1 3 1 2 1 0 3 2
2.9965386059123758e-05 2 0 1 2 1 3 2 1 2 0 3 1
-4.3264587059549564e-05 2 0 1 2 1 3 2 2 1 0 3 1
-1.3299201000425808e-05 2 0 1 2 1 3 2 2 2 0 3 2
5.983960931559767e-05 2 0 1 2 1 3 3 3 1 0 3 1
5.983960931559767e-05 2 0 1 2 1 3 3 3 2 0 3 2
-6.985057760061495e-05 2 0 1 2 2 0 1 0 0 0 2 0
6.985057760061503e-05 2 0 1 2 2 0 1 0 3 3 2 0
6.985057760061495e-05 2 0 1 2 2 0 2 0 0 0 1 0
-6.985057760061503e-05 2 0 1 2 2 0 2 0 3 3 1 0
-0.0002808363090300361 2 0 1 2 2 0 3 1 3 0 2 0
0.0002808363090300361 2 0 1 2 2 0 3 2 3 0 1 0
0.005440016627149279 2 0 1 3 0 0 0 1 3 2 0 0
-0.005440016627149279 2 0 1 3 0 0 0 2 3 1 0 0
-0.011567774107753545 2 0 1 3 0 0 1 0 0 2 0 0
-0.0012541535411934146 2 0 1 3 0 0 1 0 0 2 0 3
-0.0012473130546637823 2 0 1 3 0 0 1 0 0 2 3 0
0.05814735852411358 2 0 1 3 0 0 1 0 2 0 0 0
0.006670199590536577 2 0 1 3 0 0 1 0 2 0 0 3
0.006620944119998476 2 0 1 3 0 0 1 0 2 0 3 0
0.007343294449556476 2 0 1 3 0 0 1 0 2 3 0 0
91.26549880011284 2 0 1 3 0 0 1 0 3 2 0 0
-0.011620565014311551 2 0 1 3 0 0 1 0 3 2 0 3
-0.011770362903454843 2 0 1 3 0 0 1 0 3 2 3 0
0.00043072359784130905 2 0 1 3 0 0 1 0 3 2 3 3
0.0006575389726822634 2 0 1 3 0 0 1 3 0 2 0 0
0.007334119411839292 2 0 1 3 0 0 1 3 2 0 0 0
-0.011586712350133681 2 0 1 3 0 0 1 3 3 2 0 0
-0.0012559943513467055 2 0 1 3 0 0 1 3 3 2 0 3
-0.001245413819901982 2 0 1 3 0 0 1 3 3 2 3 0
0.011567774107753545 2 0 1 3 0 0 2 0 0 1 0 0
0.0012541535411934146 2 0 1 3 0 0 2 0 0 1 0 3
0.0012473130546637823 2 0 1 3 0 0 2 0 0 1 3 0
-0.05814735852411358 2 0 1 3 0 0 2 0 1 0 0 0
-0.006670199590536577 2 0 1 3 0 0 2 0 1 0 0 3
-0.006620944119998476 2 0 1 3 0 0 2 0 1 0 3 0
-0.007343294449556476 2 0 1 3 0 0 2 0 1 3 0 0
-91.26549880011284 2 0 1 3 0 0 2 0 3 1 0 0
0.011620565014311551 2 0 1 3 0 0 2 0 3 1 0 3
0.011770362903454843 2 0 1 3 0 0 2 0 3 1 3 0
-0.00043072359784130905 2 0 1 3 0 0 2 0 3 1 3 3
-0.0006575389726822634 2 0 1 3 0 0 2 3 0 1 0 0
-0.007334119411839292 2 0 1 3 0 0 2 3 1 0 0 0
0.011586712350133681 2 0 1 3 0 0 2 3 3 1 0 0
0.0012559943513467055 2 0 1 3 0 0 2 3 3 1 0 3
0.001245413819901982 2 0 1 3 0 0 2 3 3 1 3 0
0.005436192420189168 2 0 1 3 0 0 3 1 0 2 0 0
-0.0006575389726822651 2 0 1 3 0 0 3 1 2 0 0 0
0.04805467101586386 2 0 1 3 0 0 3 1 3 2 0 0
0.0055026377319393 2 0 1 3 0 0 3 1 3 2 0 3
0.005461913886216337 2 0 1 3 0 0 3 1 3 2 3 0
-0.005436192420189168 2 0 1 3 0 0 3 2 0 1 0 0
0.0006575389726822651 2 0 1 3 0 0 3 2 1 0 0 0
-0.04805467101586386 2 0 1 3 0 0 3 2 3 1 0 0
-0.0055026377319393 2 0 1 3 0 0 3 2 3 1 0 3
-0.005461913886216337 2 0 1 3 0 0 3 2 3 1 3 0
-0.0013269624635650408 2 0 1 3 0 3 1 0 0 2 0 0
0.0063042133192400445 2 0 1 3 0 3 1 0 2 0 0 0
-0.01162056501431155 2 0 1 3 0 3 1 0 3 2 0 0
-0.0014920040540839397 2 0 1 3 0 3 1 0 3 2 0 3
-0.0014867147199295293 2 0 1 3 0 3 1 0 3 2 3 0
-0.001326769681680372 2 0 1 3 0 3 1 3 3 2 0 0
0.0013269624635650408 2 0 1 3 0 3 2 0 0 1 0 0
-0.0063042133192400445 2 0 1 3 0 3 2 0 1 0 0 0
0.01162056501431155 2 0 1 3 0 3 2 0 3 1 0 0
0.0014920040540839397 2 0 1 3 0 3 2 0 3 1 0 3
0.0014867147199295293 2 0 1 3 0 3 2 0 3 1 3 0
0.001326769681680372 2 0 1 3 0 3 2 3 3 1 0 0
0.00520910449209977 2 0 1 3 0 3 3 1 3 2 0 0
-0.00520910449209977 2 0 1 3 0 3 3 2 3 1 0 0
5.149852918969311e-06 2 0 1 3 1 2 1 0 3 1 2 2
0.0019174383177708385 2 0 1 3 1 2 1 0 3 2 1 2
-0.0019225881706898076 2 0 1 3 1 2 1 0 3 2 2 1
1.748590920878382e-07 2 0 1 3 1 2 1 1 0 0 3 0
-6.786896257405695e-06 2 0 1 3 1 2 1 1 1 1 3 0
3.2764810414143645e-07 2 0 1 3 1 2 1 1 2 2 3 0
-7.114544361547131e-06 2 0 1 3 1 2 1 2 1 2 3 0
-0.0019225881706898076 2 0 1 3 1 2 2 0 3 1 1 2
0.0019174383177708385 2 0 1 3 1 2 2 0 3 1 2 1
5.149852918969311e-06 2 0 1 3 1 2 2 0 3 2 1 1
-7.114544361547131e-06 2 0 1 3 1 2 2 1 2 1 3 0
1.748590920878382e-07 2 0 1 3 1 2 2 2 0 0 3 0
3.2764810414143645e-07 2 0 1 3 1 2 2 2 1 1 3 0
-6.786896257405695e-06 2 0 1 3 1 2 2 2 2 2 3 0
-6.8289235420450325e-06 2 0 1 3 1 2 3 3 0 0 3 0
1.7485909208785233e-07 2 0 1 3 1 2 3 3 1 1 3 0
1.7485909208785233e-07 2 0 1 3 1 2 3 3 2 2 3 0
7.772541798443362e-06 2 0 1 3 2 1 1 0 3 1 2 2
-0.001925210859569282 2 0 1 3 2 1 1 0 3 2 1 2
0.0019174383177708383 2 0 1 3 2 1 1 0 3 2 2 1
0.0019174383177708383 2 0 1 3 2 1 2 0 3 1 1 2
-0.001925210859569282 2 0 1 3 2 1 2 0 3 1 2 1
7.772541798443362e-06 2 0 1 3 2 1 2 0 3 2 1 1
-0.001317163632264397 2 0 1 3 3 0 1 0 0 2 0 0
0.006269828465333592 2 0 1 3 3 0 1 0 2 0 0 0
-0.01177036290345484 2 0 1 3 3 0 1 0 3 2 0 0
-0.0014867147199295293 2 0 1 3 3 0 1 0 3 2 0 3
-0.0014721674467381137 2 0 1 3 3 0 1 0 3 2 3 0
-0.0013169505428493639 2 0 1 3 3 0 1 3 3 2 0 0
0.001317163632264397 2 0 1 3 3 0 2 0 0 1 0 0
-0.006269828465333592 2 0 1 3 3 0 2 0 1 0 0 0
0.01177036290345484 2 0 1 3 3 0 2 0 3 1 0 0
0.0014867147199295293 2 0 1 3 3 0 2 0 3 1 0 3
0.0014721674467381137 2 0 1 3 3 0 2 0 3 1 3 0
0.0013169505428493639 2 0 1 3 3 0 2 3 3 1 0 0
0.005165222850579315 2 0 1 3 3 0 3 1 3 2 0 0
-0.005165222850579315 2 0 1 3 3 0 3 2 3 1 0 0
0.00043072359784130905 2 0 1 3 3 3 1 0 3 2 0 0
-0.00043072359784130905 2 0 1 3 3 3 2 0 3 1 0 0
1.5195949835612906e-05 2 0 2 0 0 0 1 0 1 0 0 0
-6.7045529025977365e-06 2 0 2 0 0 0 1 1 0 0 2 2
6.7045529025977365e-06 2 0 2 0 0 0 1 2 0 0 1 2
1.5195949835612906e-05 2 0 2 0 0 0 2 0 2 0 0 0
6.7045529025977365e-06 2 0 2 0 0 0 2 1 0 0 2 1
-6.7045529025977365e-06 2 0 2 0 0 0 2 2 0 0 1 1
-0.00524622019681054 2 0 2 0 0 0 3 3 0 0 1 1
-0.00524622019681054 2 0 2 0 0 0 3 3 0 0 2 2
-0.005462895482972677 2 0 2 0 0 3 0 3 0 0 1 1
-0.005462895482972677 2 0 2 0 0 3 0 3 0 0 2 2
-0.001698027133035187 2 0 2 0 0 3 1 1 0 3 1 1
-0.0016978534389907626 2 0 2 0 0 3 1 1 0 3 2 2
0.0018137181325708928 2 0 2 0 0 3 1 1 3 0 1 1
0.001813544438526468 2 0 2 0 0 3 1 1 3 0 2 2
-1.7369404442462833e-07 2 0 2 0 0 3 1 2 0 3 1 2
1.7369404442465247e-07 2 0 2 0 0 3 1 2 3 0 1 2
-1.7369404442462833e-07 2 0 2 0 0 3 2 1 0 3 2 1
1.7369404442465247e-07 2 0 2 0 0 3 2 1 3 0 2 1
-0.0016978534389907626 2 0 2 0 0 3 2 2 0 3 1 1
-0.001698027133035187 2 0 2 0 0 3 2 2 0 3 2 2
0.001813544438526468 2 0 2 0 0 3 2 2 3 0 1 1
0.0018137181325708928 2 0 2 0 0 3 2 2 3 0 2 2
-0.0060573033413242 2 0 2 0 0 3 3 0 0 0 1 1
-0.0060573033413242 2 0 2 0 0 3 3 0 0 0 2 2
-0.04839706825172331 2 0 2 0 0 3 3 3 0 0 1 1
-0.04839706825172331 2 0 2 0 0 3 3 3 0 0 2 2
-0.006060117599335579 2 0 2 0 0 3 3 3 0 3 1 1
-0.006060117599335579 2 0 2 0 0 3 3 3 0 3 2 2
-0.0054647450077680414 2 0 2 0 0 3 3 3 3 0 1 1
-0.0054647450077680414 2 0 2 0 0 3 3 3 3 0 2 2
-0.004894587588637085 2 0 2 0 1 1 0 3 0 0 3 0
0.00012232143970533616 2 0 2 0 1 1 1 0 1 0 2 2
-6.635364014109627e-05 2 0 2 0 1 1 1 0 2 0 1 2
-5.596779956423989e-05 2 0 2 0 1 1 1 0 2 0 2 1
-6.776679687937133e-06 2 0 2 0 1 1 1 1 0 0 0 0
-0.0017723702623077776 2 0 2 0 1 1 1 1 0 3 3 0
0.0019013002191111891 2 0 2 0 1 1 1 1 3 0 3 0
-5.596779956423989e-05 2 0 2 0 1 1 2 0 1 0 1 2
-6.635364014109627e-05 2 0 2 0 1 1 2 0 1 0 2 1
0.00012232143970533616 2 0 2 0 1 1 2 0 2 0 1 1
-6.776679687937133e-06 2 0 2 0 1 1 2 2 0 0 0 0
-0.0017723702623077776 2 0 2 0 1 1 2 2 0 3 3 0
0.0019013002191111891 2 0 2 0 1 1 2 2 3 0 3 0
-0.005427158884416763 2 0 2 0 1 1 3 0 0 0 3 0
-0.00492857656281246 2 0 2 0 1 1 3 3 0 0 0 0
-0.04336229575133748 2 0 2 0 1 1 3 3 0 0 3 0
-0.004965323863439865 2 0 2 0 1 1 3 3 0 0 3 3
-0.005429680373684983 2 0 2 0 1 1 3 3 0 3 3 0
-0.0048962447063938645 2 0 2 0 1 1 3 3 3 0 3 0
-0.0049093067808904985 2 0 2 0 2 2 0 3 0 0 3 0
-6.530904772543361e-06 2 0 2 0 2 2 1 1 0 0 3 3
-0.0017738486808352625 2 0 2 0 2 2 1 1 0 3 3 0
0.0019027786376386738 2 0 2 0 2 2 1 1 3 0 3 0
-6.530904772543361e-06 2 0 2 0 2 2 2 2 0 0 3 3
-0.0017738486808352625 2 0 2 0 2 2 2 2 0 3 3 0
0.0019027786376386738 2 0 2 0 2 2 2 2 3 0 3 0
-0.005443479645576499 2 0 2 0 2 2 3 0 0 0 3 0
-0.004943397968017695 2 0 2 0 2 2 3 3 0 0 0 0
-0.043492696516704316 2 0 2 0 2 2 3 3 0 0 3 0
-0.004980255776542432 2 0 2 0 2 2 3 3 0 0 3 3
-0.0054460087175643304 2 0 2 0 2 2 3 3 0 3 3 0
-0.0049109688819956 2 0 2 0 2 2 3 3 3 0 3 0
-6.601163471884634e-06 2 0 2 0 3 3 1 1 0 0 1 1
-6.601163471884634e-06 2 0 2 0 3 3 1 2 0 0 1 2
-6.601163471884634e-06 2 0 2 0 3 3 2 1 0 0 2 1
-6.601163471884634e-06 2 0 2 0 3 3 2 2 0 0 2 2
-0.005202025891558466 2 0 2 0 3 3 3 3 0 0 1 1
-0.005202025891558466 2 0 2 0 3 3 3 3 0 0 2 2
7.925741539742255e-05 2 0 2 1 0 1 1 0 1 2 0 2
-3.137517799048701e-05 2 0 2 1 0 1 1 0 2 1 0 2
-4.7882237406935534e-05 2 0 2 1 0 1 1 0 2 2 0 1
6.706325656065089e-06 2 0 2 1 0 1 1 1 0 1 1 0
-8.0003568764683e-05 2 0 2 1 0 1 1 1 0 2 2 0
8.67098944207481e-05 2 0 2 1 0 1 1 2 0 2 1 0
-4.7882237406935534e-05 2 0 2 1 0 1 2 0 1 1 0 2
-3.137517799048701e-05 2 0 2 1 0 1 2 0 1 2 0 1
7.925741539742255e-05 2 0 2 1 0 1 2 0 2 1 0 1
8.67098944207481e-05 2 0 2 1 0 1 2 1 0 1 2 0
-8.0003568764683e-05 2 0 2 1 0 1 2 2 0 1 1 0
6.706325656065089e-06 2 0 2 1 0 1 2 2 0 2 2 0
0.0002675779561274229 2 0 2 1 0 1 3 3 0 1 1 0
0.0002675779561274229 2 0 2 1 0 1 3 3 0 2 2 0
0.00037915369161990655 2 0 2 1 0 2 1 1 1 0 2 0
-1.2174812867643932e-05 2 0 2 1 0 2 1 1 2 0 1 0
-0.0003669788787522626 2 0 2 1 0 2 1 2 1 0 1 0
0.0003669788787522626 2 0 2 1 0 2 2 1 2 0 2 0
1.2174812867643932e-05 2 0 2 1 0 2 2 2 1 0 2 0
-0.00037915369161990655 2 0 2 1 0 2 2 2 2 0 1 0
4.3817433227199155e-08 2 0 2 1 0 2 3 3 1 0 2 0
-4.3817433227199155e-08 2 0 2 1 0 2 3 3 2 0 1 0
7.764941276750964e-05 2 0 2 1 1 0 1 0 1 2 2 0
-3.171270843595914e-05 2 0 2 1 1 0 1 0 2 1 2 0
-4.59367043315505e-05 2 0 2 1 1 0 1 0 2 2 1 0
-4.59367043315505e-05 2 0 2 1 1 0 2 0 1 1 2 0
-3.171270843595914e-05 2 0 2 1 1 0 2 0 1 2 1 0
7.764941276750964e-05 2 0 2 1 1 0 2 0 2 1 1 0
0.00037077331530522005 2 0 2 1 1 3 1 1 1 0 3 1
1.3299201000425853e-05 2 0 2 1 1 3 1 1 2 0 3 2
0.0003574741143047942 2 0 2 1 1 3 1 2 1 0 3 2
0.0003574741143047942 2 0 2 1 1 3 2 1 2 0 3 1
1.3299201000425853e-05 2 0 2 1 1 3 2 2 1 0 3 1
0.00037077331530522005 2 0 2 1 1 3 2 2 2 0 3 2
4.498248089033959e-08 2 0 2 1 1 3 3 3 1 0 3 1
4.498248089033959e-08 2 0 2 1 1 3 3 3 2 0 3 2
6.532631611640415e-06 2 0 2 1 2 3 1 1 0 1 3 2
7.793147382927258e-05 2 0 2 1 2 3 1 1 0 2 3 1
8.4464105440913e-05 2 0 2 1 2 3 1 2 0 2 3 2
-8.4464105440913e-05 2 0 2 1 2 3 2 1 0 1 3 1
-7.793147382927258e-05 2 0 2 1 2 3 2 2 0 1 3 2
-6.532631611640415e-06 2 0 2 1 2 3 2 2 0 2 3 1
0.00027469250048897 2 0 2 1 2 3 3 3 0 1 3 2
-0.00027469250048897 2 0 2 1 2 3 3 3 0 2 3 1
7.280892237162649e-05 2 0 2 2 0 1 1 0 0 0 0 2
6.37161765974139e-05 2 0 2 2 0 1 1 0 3 0 3 2
-0.00036697887875226264 2 0 2 2 0 1 1 1 1 0 2 0
-3.076212608776419e-05 2 0 2 2 0 1 1 1 2 0 1 0
0.0003977410048400269 2 0 2 2 0 1 1 2 1 0 1 0
-1.3038036447545153e-05 2 0 2 2 0 1 1 3 3 0 0 2
-7.280892237162649e-05 2 0 2 2 0 1 2 0 0 0 0 1
-6.37161765974139e-05 2 0 2 2 0 1 2 0 3 0 3 1
-0.0003977410048400269 2 0 2 2 0 1 2 1 2 0 2 0
3.076212608776419e-05 2 0 2 2 0 1 2 2 1 0 2 0
0.00036697887875226264 2 0 2 2 0 1 2 2 2 0 1 0
1.3038036447545153e-05 2 0 2 2 0 1 2 3 3 0 0 1
1.2795777737056994e-05 2 0 2 2 0 1 3 1 3 0 0 2
-1.2795777737056994e-05 2 0 2 2 0 1 3 2 3 0 0 1
-5.833357899435163e-05 2 0 2 2 0 1 3 3 1 0 2 0
5.833357899435163e-05 2 0 2 2 0 1 3 3 2 0 1 0
-6.924509875520821e-05 2 0 2 2 0 2 1 1 0 1 1 0
-7.595142441127327e-05 2 0 2 2 0 2 1 1 0 2 2 0
6.706325656065062e-06 2 0 2 2 0 2 1 2 0 2 1 0
6.706325656065062e-06 2 0 2 2 0 2 2 1 0 1 2 0
-7.595142441127327e-05 2 0 2 2 0 2 2 2 0 1 1 0
-6.924509875520821e-05 2 0 2 2 0 2 2 2 0 2 2 0
0.00026737696418714315 2 0 2 2 0 2 3 3 0 1 1 0
0.00026737696418714315 2 0 2 2 0 2 3 3 0 2 2 0
6.985057760061495e-05 2 0 2 2 1 0 1 0 0 0 2 0
6.206592562899084e-05 2 0 2 2 1 0 1 0 3 0 2 3
-1.3178298098062512e-05 2 0 2 2 1 0 1 3 3 0 2 0
-6.985057760061495e-05 2 0 2 2 1 0 2 0 0 0 1 0
-6.206592562899084e-05 2 0 2 2 1 0 2 0 3 0 1 3
1.3178298098062512e-05 2 0 2 2 1 0 2 3 3 0 1 0
1.2933433197085328e-05 2 0 2 2 1 0 3 1 3 0 2 0
-1.2933433197085328e-05 2 0 2 2 1 0 3 2 3 0 1 0
5.691607271002151e-05 2 0 2 2 1 3 1 0 3 0 2 0
6.776551518006007e-05 2 0 2 2 1 3 1 1 0 1 3 2
-7.429814679170048e-05 2 0 2 2 1 3 1 1 0 2 3 1
-6.532631611640415e-06 2 0 2 2 1 3 1 2 0 2 3 2
-5.691607271002151e-05 2 0 2 2 1 3 2 0 3 0 1 0
6.532631611640415e-06 2 0 2 2 1 3 2 1 0 1 3 1
7.429814679170048e-05 2 0 2 2 1 3 2 2 0 1 3 2
-6.776551518006007e-05 2 0 2 2 1 3 2 2 0 2 3 1
-0.00027448616443852465 2 0 2 2 1 3 3 3 0 1 3 2
0.00027448616443852465 2 0 2 2 1 3 3 3 0 2 3 1
0.00035747411430479424 2 0 2 2 2 3 1 1 1 0 3 1
-2.9965386059123714e-05 2 0 2 2 2 3 1 1 2 0 3 2
0.00038743950036391794 2 0 2 2 2 3 1 2 1 0 3 2
0.00038743950036391794 2 0 2 2 2 3 2 1 2 0 3 1
-2.9965386059123714e-05 2 0 2 2 2 3 2 2 1 0 3 1
0.00035747411430479424 2 0 2 2 2 3 2 2 2 0 3 2
5.988459179648801e-05 2 0 2 2 2 3 3 3 1 0 3 1
5.988459179648801e-05 2 0 2 2 2 3 3 3 2 0 3 2
5.594363479897055e-05 2 0 2 2 3 1 1 0 3 0 0 2
-5.594363479897055e-05 2 0 2 2 3 1 2 0 3 0 0 1
6.507500786613466e-05 2 0 2 3 0 0 1 0 3 1 0 0
6.507500786613466e-05 2 0 2 3 0 0 2 0 3 2 0 0
6.489737533673725e-05 2 0 2 3 0 3 1 1 0 0 1 1
6.489737533673725e-05 2 0 2 3 0 3 1 1 0 0 2 2
-0.008056624617320911 2 0 2 3 0 3 1 1 1 1 1 1
-0.00805503113726363 2 0 2 3 0 3 1 1 1 1 2 2
-9.50476444746842e-06 2 0 2 3 0 3 1 1 1 2 2 1
7.911284390187609e-06 2 0 2 3 0 3 1 1 2 1 1 2
0.0003847551171142664 2 0 2 3 0 3 1 1 2 2 1 1
0.0003847551171142664 2 0 2 3 0 3 1 1 2 2 2 2
-9.504764447468432e-06 2 0 2 3 0 3 1 2 1 1 1 2
-0.008431874969987709 2 0 2 3 0 3 1 2 1 2 1 1
-0.008449291018825364 2 0 2 3 0 3 1 2 1 2 2 2
7.911284390187597e-06 2 0 2 3 0 3 1 2 2 2 1 2
7.911284390187597e-06 2 0 2 3 0 3 2 1 1 1 2 1
-0.008449291018825364 2 0 2 3 0 3 2 1 2 1 1 1
-0.008431874969987709 2 0 2 3 0 3 2 1 2 1 2 2
-9.504764447468432e-06 2 0 2 3 0 3 2 1 2 2 2 1
6.489737533673725e-05 2 0 2 3 0 3 2 2 0 0 1 1
6.489737533673725e-05 2 0 2 3 0 3 2 2 0 0 2 2
0.0003847551171142664 2 0 2 3 0 3 2 2 1 1 1 1
0.0003847551171142664 2 0 2 3 0 3 2 2 1 1 2 2
7.911284390187609e-06 2 0 2 3 0 3 2 2 1 2 2 1
-9.50476444746842e-06 2 0 2 3 0 3 2 2 2 1 1 2
-0.00805503113726363 2 0 2 3 0 3 2 2 2 2 1 1
-0.008056624617320911 2 0 2 3 0 3 2 2 2 2 2 2
0.0027465045801973605 2 0 2 3 0 3 3 3 0 0 1 1
0.0027465045801973605 2 0 2 3 0 3 3 3 0 0 2 2
6.489737533674098e-05 2 0 2 3 0 3 3 3 1 1 1 1
6.489737533674098e-05 2 0 2 3 0 3 3 3 1 1 2 2
6.489737533674098e-05 2 0 2 3 0 3 3 3 2 2 1 1
6.489737533674098e-05 2 0 2 3 0 3 3 3 2 2 2 2
-1.2922394717412673e-05 2 0 2 3 1 1 1 0 3 1 2 2
7.772541798443342e-06 2 0 2 3 1 1 1 0 3 2 1 2
5.149852918969331e-06 2 0 2 3 1 1 1 0 3 2 2 1
5.814606719978234e-05 2 0 2 3 1 1 1 1 0 0 3 0
-0.00842739793262613 2 0 2 3 1 1 1 1 1 1 3 0
0.0004022180422016048 2 0 2 3 1 1 1 1 2 2 3 0
-0.008829615974827737 2 0 2 3 1 1 1 2 1 2 3 0
5.149852918969331e-06 2 0 2 3 1 1 2 0 3 1 1 2
7.772541798443342e-06 2 0 2 3 1 1 2 0 3 1 2 1
-1.2922394717412673e-05 2 0 2 3 1 1 2 0 3 2 1 1
-0.008829615974827737 2 0 2 3 1 1 2 1 2 1 3 0
5.814606719978234e-05 2 0 2 3 1 1 2 2 0 0 3 0
0.0004022180422016048 2 0 2 3 1 1 2 2 1 1 3 0
-0.00842739793262613 2 0 2 3 1 1 2 2 2 2 3 0
0.0024678988065297463 2 0 2 3 1 1 3 3 0 0 3 0
5.81460671997857e-05 2 0 2 3 1 1 3 3 1 1 3 0
5.81460671997857e-05 2 0 2 3 1 1 3 3 2 2 3 0
5.832092629187017e-05 2 0 2 3 2 2 1 1 0 0 3 0
-0.008434184828883537 2 0 2 3 2 2 1 1 1 1 3 0
0.0004025456903057462 2 0 2 3 2 2 1 1 2 2 3 0
-0.008836730519189285 2 0 2 3 2 2 1 2 1 2 3 0
-0.008836730519189285 2 0 2 3 2 2 2 1 2 1 3 0
5.832092629187017e-05 2 0 2 3 2 2 2 2 0 0 3 0
0.0004025456903057462 2 0 2 3 2 2 2 2 1 1 3 0
-0.008434184828883537 2 0 2 3 2 2 2 2 2 2 3 0
0.002461069882987701 2 0 2 3 2 2 3 3 0 0 3 0
5.832092629187355e-05 2 0 2 3 2 2 3 3 1 1 3 0
5.832092629187355e-05 2 0 2 3 2 2 3 3 2 2 3 0
0.005084271604237128 2 0 3 0 0 1 1 0 0 0 0 2
0.0008711882615388407 2 0 3 0 0 1 1 0 0 0 3 2
0.0005752256244704283 2 0 3 0 0 1 1 0 0 3 0 2
0.001003962251747936 2 0 3 0 0 1 1 0 3 0 0 2
0.0005778717252835683 2 0 3 0 0 1 1 3 0 0 0 2
-0.005084271604237128 2 0 3 0 0 1 2 0 0 0 0 1
-0.0008711882615388407 2 0 3 0 0 1 2 0 0 0 3 1
-0.0005752256244704283 2 0 3 0 0 1 2 0 0 3 0 1
-0.001003962251747936 2 0 3 0 0 1 2 0 3 0 0 1
-0.0005778717252835683 2 0 3 0 0 1 2 3 0 0 0 1
5.773729388612201e-05 2 0 3 0 0 1 3 1 0 0 0 2
-5.773729388612201e-05 2 0 3 0 0 1 3 2 0 0 0 1
0.0005535887020821787 2 0 3 0 0 2 0 3 1 0 1 0
0.0005535887020821787 2 0 3 0 0 2 0 3 2 0 2 0
5.7917032924630675e-05 2 0 3 0 0 2 1 1 1 0 1 3
5.828976156112465e-05 2 0 3 0 0 2 1 1 1 3 1 0
1.736481300543763e-07 2 0 3 0 0 2 1 1 2 0 2 3
-4.3817433226670606e-08 2 0 3 0 0 2 1 1 2 3 2 0
1.799156513175944e-05 2 0 3 0 0 2 1 1 3 1 1 0
4.875369121952369e-05 2 0 3 0 0 2 1 1 3 2 2 0
5.7743384794576295e-05 2 0 3 0 0 2 1 2 2 0 1 3
5.833357899435132e-05 2 0 3 0 0 2 1 2 2 3 1 0
-3.0762126087764254e-05 2 0 3 0 0 2 1 2 3 2 1 0
5.7743384794576295e-05 2 0 3 0 0 2 2 1 1 0 2 3
5.833357899435132e-05 2 0 3 0 0 2 2 1 1 3 2 0
-3.0762126087764254e-05 2 0 3 0 0 2 2 1 3 1 2 0
1.736481300543763e-07 2 0 3 0 0 2 2 2 1 0 1 3
-4.3817433226670606e-08 2 0 3 0 0 2 2 2 1 3 1 0
5.7917032924630675e-05 2 0 3 0 0 2 2 2 2 0 2 3
5.828976156112465e-05 2 0 3 0 0 2 2 2 2 3 2 0
4.875369121952369e-05 2 0 3 0 0 2 2 2 3 1 1 0
1.799156513175944e-05 2 0 3 0 0 2 2 2 3 2 2 0
0.0006138236957477003 2 0 3 0 0 2 3 0 1 0 1 0
0.0006138236957477003 2 0 3 0 0 2 3 0 2 0 2 0
0.004904371735018991 2 0 3 0 0 2 3 3 1 0 1 0
0.0005615891315053046 2 0 3 0 0 2 3 3 1 0 1 3
0.0006442752597706512 2 0 3 0 0 2 3 3 1 3 1 0
0.004904371735018991 2 0 3 0 0 2 3 3 2 0 2 0
0.0005615891315053046 2 0 3 0 0 2 3 3 2 0 2 3
0.0006442752597706512 2 0 3 0 0 2 3 3 2 3 2 0
-0.00011419384319015238 2 0 3 0 0 2 3 3 3 1 1 0
-0.00011419384319015238 2 0 3 0 0 2 3 3 3 2 2 0
0.005138967595443926 2 0 3 0 1 0 1 0 0 0 2 0
0.0008741995802733576 2 0 3 0 1 0 1 0 0 0 2 3
0.0005814138335487434 2 0 3 0 1 0 1 0 0 3 2 0
0.0009959549050855441 2 0 3 0 1 0 1 0 3 0 2 0
-6.444793769717405e-05 2 0 3 0 1 0 1 1 1 0 3 2
-6.444793769717405e-05 2 0 3 0 1 0 1 2 2 0 3 2
0.0005840884008007508 2 0 3 0 1 0 1 3 0 0 2 0
-0.005138967595443926 2 0 3 0 1 0 2 0 0 0 1 0
-0.0008741995802733576 2 0 3 0 1 0 2 0 0 0 1 3
-0.0005814138335487434 2 0 3 0 1 0 2 0 0 3 1 0
-0.0009959549050855441 2 0 3 0 1 0 2 0 3 0 1 0
6.444793769717405e-05 2 0 3 0 1 0 2 1 1 0 3 1
6.444793769717405e-05 2 0 3 0 1 0 2 2 2 0 3 1
-0.0005840884008007508 2 0 3 0 1 0 2 3 0 0 1 0
5.835842484931997e-05 2 0 3 0 1 0 3 1 0 0 2 0
-5.835842484931997e-05 2 0 3 0 1 0 3 2 0 0 1 0
-0.0005457670501958542 2 0 3 0 1 0 3 3 1 0 3 2
0.0005457670501958542 2 0 3 0 1 0 3 3 2 0 3 1
-0.0005683078943355921 2 0 3 0 1 3 0 3 1 0 3 2
0.0005683078943355921 2 0 3 0 1 3 0 3 2 0 3 1
0.0008182317807091178 2 0 3 0 1 3 1 0 0 0 2 0
-5.8364581283045324e-05 2 0 3 0 1 3 1 1 1 0 0 2
-5.98396093155979e-05 2 0 3 0 1 3 1 1 1 3 3 2
-1.755162160524996e-07 2 0 3 0 1 3 1 1 2 0 0 1
-4.498248088983815e-08 2 0 3 0 1 3 1 1 2 3 3 1
-1.766926113778361e-05 2 0 3 0 1 3 1 1 3 1 3 2
4.7634647196907406e-05 2 0 3 0 1 3 1 1 3 2 3 1
-5.854009749909783e-05 2 0 3 0 1 3 1 2 2 0 0 2
-5.988459179648775e-05 2 0 3 0 1 3 1 2 2 3 3 2
2.9965386059123792e-05 2 0 3 0 1 3 1 2 3 2 3 2
-0.0008182317807091178 2 0 3 0 1 3 2 0 0 0 1 0
5.854009749909783e-05 2 0 3 0 1 3 2 1 1 0 0 1
5.988459179648775e-05 2 0 3 0 1 3 2 1 1 3 3 1
-2.9965386059123792e-05 2 0 3 0 1 3 2 1 3 1 3 1
1.755162160524996e-07 2 0 3 0 1 3 2 2 1 0 0 2
4.498248088983815e-08 2 0 3 0 1 3 2 2 1 3 3 2
5.8364581283045324e-05 2 0 3 0 1 3 2 2 2 0 0 1
5.98396093155979e-05 2 0 3 0 1 3 2 2 2 3 3 1
-4.7634647196907406e-05 2 0 3 0 1 3 2 2 3 1 3 2
1.766926113778361e-05 2 0 3 0 1 3 2 2 3 2 3 1
-0.0006301444569074358 2 0 3 0 1 3 3 0 1 0 3 2
0.0006301444569074358 2 0 3 0 1 3 3 0 2 0 3 1
-0.0005722543355820574 2 0 3 0 1 3 3 3 1 0 0 2
-0.005034772500385832 2 0 3 0 1 3 3 3 1 0 3 2
-0.0006614056877888054 2 0 3 0 1 3 3 3 1 3 3 2
0.0005722543355820574 2 0 3 0 1 3 3 3 2 0 0 1
0.005034772500385832 2 0 3 0 1 3 3 3 2 0 3 1
0.0006614056877888054 2 0 3 0 1 3 3 3 2 3 3 1
0.00011723010662137841 2 0 3 0 1 3 3 3 3 1 3 2
-0.00011723010662137841 2 0 3 0 1 3 3 3 3 2 3 1
0.0008048346213977444 2 0 3 0 3 1 1 0 0 0 0 2
-0.0008048346213977444 2 0 3 0 3 1 2 0 0 0 0 1
6.514126097098247e-05 2 0 3 0 3 2 1 1 1 0 1 0
6.514126097098247e-05 2 0 3 0 3 2 1 2 2 0 1 0
6.514126097098247e-05 2 0 3 0 3 2 2 1 1 0 2 0
6.514126097098247e-05 2 0 3 0 3 2 2 2 2 0 2 0
0.0005271531865256706 2 0 3 0 3 2 3 3 1 0 1 0
0.0005271531865256706 2 0 3 0 3 2 3 3 2 0 2 0
0.007607459196691907 2 0 3 1 0 0 1 0 0 2 0 0
0.0008726668331417846 2 0 3 1 0 0 1 0 0 2 0 3
0.0008662227058100667 2 0 3 1 0 0 1 0 0 2 3 0
0.0013134152702540848 2 0 3 1 0 0 1 0 3 2 0 0
0.0011927415602953095 2 0 3 1 0 0 1 3 0 2 0 0
-0.007607459196691907 2 0 3 1 0 0 2 0 0 1 0 0
-0.0008726668331417846 2 0 3 1 0 0 2 0 0 1 0 3
-0.0008662227058100667 2 0 3 1 0 0 2 0 0 1 3 0
-0.0013134152702540848 2 0 3 1 0 0 2 0 3 1 0 0
-0.0011927415602953095 2 0 3 1 0 0 2 3 0 1 0 0
0.0006575389726822639 2 0 3 1 0 0 3 1 0 2 0 0
-0.0006575389726822639 2 0 3 1 0 0 3 2 0 1 0 0
0.0008247845957348493 2 0 3 1 0 3 1 0 0 2 0 0
-1.7247068465610827e-06 2 0 3 1 0 3 1 1 1 1 1 2
-8.40525880403782e-05 2 0 3 1 0 3 1 1 1 2 1 1
-8.370519995152884e-05 2 0 3 1 0 3 1 1 1 2 2 2
-0.001756218182715859 2 0 3 1 0 3 1 1 2 1 1 1
-0.0017562181827158593 2 0 3 1 0 3 1 1 2 1 2 2
-2.0720949354104086e-06 2 0 3 1 0 3 1 1 2 2 2 1
-2.0720949354104344e-06 2 0 3 1 0 3 1 2 1 2 1 2
-1.724706846561057e-06 2 0 3 1 0 3 1 2 2 1 1 2
-0.001838198675820827 2 0 3 1 0 3 1 2 2 2 1 1
-0.0018419954776027984 2 0 3 1 0 3 1 2 2 2 2 2
-0.0008247845957348493 2 0 3 1 0 3 2 0 0 1 0 0
0.0018419954776027984 2 0 3 1 0 3 2 1 1 1 1 1
0.001838198675820827 2 0 3 1 0 3 2 1 1 1 2 2
1.724706846561057e-06 2 0 3 1 0 3 2 1 1 2 2 1
2.0720949354104344e-06 2 0 3 1 0 3 2 1 2 1 2 1
2.0720949354104086e-06 2 0 3 1 0 3 2 2 1 1 1 2
0.0017562181827158593 2 0 3 1 0 3 2 2 1 2 1 1
0.001756218182715859 2 0 3 1 0 3 2 2 1 2 2 2
8.370519995152884e-05 2 0 3 1 0 3 2 2 2 1 1 1
8.40525880403782e-05 2 0 3 1 0 3 2 2 2 1 2 2
1.7247068465610827e-06 2 0 3 1 0 3 2 2 2 2 2 1
-0.000297686295783768 2 0 3 1 0 3 3 3 1 2 1 1
-0.000297686295783768 2 0 3 1 0 3 3 3 1 2 2 2
0.000297686295783768 2 0 3 1 0 3 3 3 2 1 1 1
0.000297686295783768 2 0 3 1 0 3 3 3 2 1 2 2
-8.76859150779503e-05 2 0 3 1 1 1 1 1 1 2 3 0
-0.001837222655163625 2 0 3 1 1 1 1 1 2 1 3 0
-0.001924908570241575 2 0 3 1 1 1 1 2 2 2 3 0
0.001924908570241575 2 0 3 1 1 1 2 1 1 1 3 0
0.001837222655163625 2 0 3 1 1 1 2 2 1 2 3 0
8.76859150779503e-05 2 0 3 1 1 1 2 2 2 1 3 0
-0.0002667178336455584 2 0 3 1 1 1 3 3 1 2 3 0
0.0002667178336455584 2 0 3 1 1 1 3 3 2 1 3 0
3.20887107620579e-06 2 0 3 1 1 2 0 3 3 0 3 0
-3.223039939758331e-07 2 0 3 1 1 2 1 1 0 0 3 0
3.108484223819045e-05 2 0 3 1 1 2 1 1 3 0 0 0
-2.995746499403363e-05 2 0 3 1 1 2 1 1 3 0 3 3
3.22303993975832e-07 2 0 3 1 1 2 1 1 3 3 3 0
-3.223039939758331e-07 2 0 3 1 1 2 2 2 0 0 3 0
3.108484223819045e-05 2 0 3 1 1 2 2 2 3 0 0 0
-2.995746499403363e-05 2 0 3 1 1 2 2 2 3 0 3 3
3.22303993975832e-07 2 0 3 1 1 2 2 2 3 3 3 0
3.558022582047105e-06 2 0 3 1 1 2 3 0 3 0 3 0
3.559675659826421e-06 2 0 3 1 1 2 3 3 0 0 3 0
3.2311541049934384e-06 2 0 3 1 1 2 3 3 3 0 0 0
2.842813906474461e-05 2 0 3 1 1 2 3 3 3 0 3 0
3.2552454810239066e-06 2 0 3 1 1 2 3 3 3 0 3 3
3.209957475650758e-06 2 0 3 1 1 2 3 3 3 3 3 0
-8.775734430493857e-05 2 0 3 1 2 2 1 1 1 2 3 0
-0.0018387022387387733 2 0 3 1 2 2 1 1 2 1 3 0
-0.0019264595830437118 2 0 3 1 2 2 1 2 2 2 3 0
0.0019264595830437118 2 0 3 1 2 2 2 1 1 1 3 0
0.0018387022387387733 2 0 3 1 2 2 2 2 1 2 3 0
8.775734430493857e-05 2 0 3 1 2 2 2 2 2 1 3 0
-0.00026751991778436443 2 0 3 1 2 2 3 3 1 2 3 0
0.00026751991778436443 2 0 3 1 2 2 3 3 2 1 3 0
0.0008202860014785164 2 0 3 1 3 0 1 0 0 2 0 0
-0.0008202860014785164 2 0 3 1 3 0 2 0 0 1 0 0
0.011567774107753543 2 0 3 2 0 0 1 0 1 0 0 0
0.0013269624635650408 2 0 3 2 0 0 1 0 1 0 0 3
0.001317163632264397 2 0 3 2 0 0 1 0 1 0 3 0
0.0013801428410319498 2 0 3 2 0 0 1 0 1 3 0 0
-3.075399441201771e-05 2 0 3 2 0 0 1 1 3 0 2 2
3.075399441201771e-05 2 0 3 2 0 0 1 2 3 0 1 2
0.0014056631026662207 2 0 3 2 0 0 1 3 1 0 0 0
0.011567774107753543 2 0 3 2 0 0 2 0 2 0 0 0
0.0013269624635650408 2 0 3 2 0 0 2 0 2 0 0 3
0.001317163632264397 2 0 3 2 0 0 2 0 2 0 3 0
0.0013801428410319498 2 0 3 2 0 0 2 0 2 3 0 0
3.075399441201771e-05 2 0 3 2 0 0 2 1 3 0 2 1
-3.075399441201771e-05 2 0 3 2 0 0 2 2 3 0 1 1
0.0014056631026662207 2 0 3 2 0 0 2 3 2 0 0 0
-0.00096553463045876 2 0 3 2 0 0 3 1 1 0 0 0
-0.00096553463045876 2 0 3 2 0 0 3 2 2 0 0 0
0.0011437070702740358 2 0 3 2 0 0 3 3 3 0 1 1
0.0011437070702740358 2 0 3 2 0 0 3 3 3 0 2 2
0.001190943565777588 2 0 3 2 0 3 0 3 3 0 1 1
0.001190943565777588 2 0 3 2 0 3 0 3 3 0 2 2
0.0012541535411934146 2 0 3 2 0 3 1 0 1 0 0 0
-0.00011783094741826353 2 0 3 2 0 3 1 1 0 0 1 1
-0.00011703420738962307 2 0 3 2 0 3 1 1 0 0 2 2
0.0006485091902378808 2 0 3 2 0 3 1 1 3 3 1 1
0.0006477124502092405 2 0 3 2 0 3 1 1 3 3 2 2
-7.967400286404667e-07 2 0 3 2 0 3 1 2 0 0 1 2
7.967400286404512e-07 2 0 3 2 0 3 1 2 3 3 1 2
0.0012541535411934146 2 0 3 2 0 3 2 0 2 0 0 0
-7.967400286404667e-07 2 0 3 2 0 3 2 1 0 0 2 1
7.967400286404512e-07 2 0 3 2 0 3 2 1 3 3 2 1
-0.00011703420738962307 2 0 3 2 0 3 2 2 0 0 1 1
-0.00011783094741826353 2 0 3 2 0 3 2 2 0 0 2 2
0.0006477124502092405 2 0 3 2 0 3 2 2 3 3 1 1
0.0006485091902378808 2 0 3 2 0 3 2 2 3 3 2 2
0.001320527998896958 2 0 3 2 0 3 3 0 3 0 1 1
0.001320527998896958 2 0 3 2 0 3 3 0 3 0 2 2
0.001321141523809073 2 0 3 2 0 3 3 3 0 0 1 1
0.001321141523809073 2 0 3 2 0 3 3 3 0 0 2 2
0.010550847479425762 2 0 3 2 0 3 3 3 3 0 1 1
0.010550847479425762 2 0 3 2 0 3 3 3 3 0 2 2
0.0011913467731356 2 0 3 2 0 3 3 3 3 3 1 1
0.0011913467731356 2 0 3 2 0 3 3 3 3 3 2 2
0.001067049079373963 2 0 3 2 1 1 0 3 3 0 3 0
-0.00010473808246828302 2 0 3 2 1 1 1 1 0 0 3 0
-3.108484223819045e-05 2 0 3 2 1 1 1 1 3 0 0 0
0.0006961438374347884 2 0 3 2 1 1 1 1 3 3 3 0
-0.00010473808246828302 2 0 3 2 1 1 2 2 0 0 3 0
-3.108484223819045e-05 2 0 3 2 1 1 2 2 3 0 0 0
0.0006961438374347884 2 0 3 2 1 1 2 2 3 3 3 0
0.0011831527756653484 2 0 3 2 1 1 3 0 3 0 3 0
0.0011837024752577197 2 0 3 2 1 1 3 3 0 0 3 0
0.0010744588770220623 2 0 3 2 1 1 3 3 3 0 0 0
0.009453237259135477 2 0 3 2 1 1 3 3 3 0 3 0
0.0010824700061711208 2 0 3 2 1 1 3 3 3 0 3 3
0.0010674103408581563 2 0 3 2 1 1 3 3 3 3 3 0
7.142922698827439e-08 2 0 3 2 1 2 1 1 1 2 3 0
1.4795835751481543e-06 2 0 3 2 1 2 1 1 2 1 3 0
1.5510128021364288e-06 2 0 3 2 1 2 1 2 2 2 3 0
-1.5510128021364288e-06 2 0 3 2 1 2 2 1 1 1 3 0
-1.4795835751481543e-06 2 0 3 2 1 2 2 2 1 2 3 0
-7.142922698827439e-08 2 0 3 2 1 2 2 2 2 1 3 0
8.020841388060735e-07 2 0 3 2 1 2 3 3 1 2 3 0
-8.020841388060735e-07 2 0 3 2 1 2 3 3 2 1 3 0
0.0010702579504501687 2 0 3 2 2 2 0 3 3 0 3 0
-0.00010506038646225886 2 0 3 2 2 2 1 1 0 0 3 0
-2.995746499403363e-05 2 0 3 2 2 2 1 1 3 0 3 3
0.0006964661414287642 2 0 3 2 2 2 1 1 3 3 3 0
-0.00010506038646225886 2 0 3 2 2 2 2 2 0 0 3 0
-2.995746499403363e-05 2 0 3 2 2 2 2 2 3 0 3 3
0.0006964661414287642 2 0 3 2 2 2 2 2 3 3 3 0
0.0011867107982473954 2 0 3 2 2 2 3 0 3 0 3 0
0.0011872621509175462 2 0 3 2 2 2 3 3 0 0 3 0
0.0010776900311270556 2 0 3 2 2 2 3 3 3 0 0 0
0.009481665398200221 2 0 3 2 2 2 3 3 3 0 3 0
0.0010857252516521447 2 0 3 2 2 2 3 3 3 0 3 3
0.0010706202983338073 2 0 3 2 2 2 3 3 3 3 3 0
0.0012473130546637823 2 0 3 2 3 0 1 0 1 0 0 0
0.0012473130546637823 2 0 3 2 3 0 2 0 2 0 0 0
-3.0279743851151745e-05 2 0 3 2 3 3 1 1 3 0 1 1
-3.0279743851151745e-05 2 0 3 2 3 3 1 2 3 0 1 2
-3.0279743851151745e-05 2 0 3 2 3 3 2 1 3 0 2 1
-3.0279743851151745e-05 2 0 3 2 3 3 2 2 3 0 2 2
0.0011340724500166976 2 0 3 2 3 3 3 3 3 0 1 1
0.0011340724500166976 2 0 3 2 3 3 3 3 3 0 2 2
0.0005438504464799413 2 0 3 3 0 1 1 0 0 0 0 2
7.280892237162649e-05 2 0 3 3 0 1 1 0 1 2 0 1
7.280892237162649e-05 2 0 3 3 0 1 1 0 2 2 0 2
-0.0005438504464799413 2 0 3 3 0 1 2 0 0 0 0 1
-7.280892237162649e-05 2 0 3 3 0 1 2 0 1 1 0 1
-7.280892237162649e-05 2 0 3 3 0 1 2 0 2 1 0 2
-0.00012068561532741921 2 0 3 3 0 2 0 3 3 1 1 0
-0.00012068561532741921 2 0 3 3 0 2 0 3 3 2 2 0
0.000267376964187143 2 0 3 3 0 2 1 1 0 1 1 0
-2.0099194027967275e-07 2 0 3 3 0 2 1 1 0 2 2 0
-1.5936956003587554e-05 2 0 3 3 0 2 1 1 1 0 1 0
-8.252787345614036e-05 2 0 3 3 0 2 1 1 2 0 2 0
0.0002656672462431625 2 0 3 3 0 2 1 1 3 1 1 3
7.965294179840756e-07 2 0 3 3 0 2 1 1 3 2 2 3
0.0002675779561274227 2 0 3 3 0 2 1 2 0 2 1 0
6.659091745255281e-05 2 0 3 3 0 2 1 2 2 0 1 0
0.0002648707168251785 2 0 3 3 0 2 1 2 3 2 1 3
0.0002675779561274227 2 0 3 3 0 2 2 1 0 1 2 0
6.659091745255281e-05 2 0 3 3 0 2 2 1 1 0 2 0
0.0002648707168251785 2 0 3 3 0 2 2 1 3 1 2 3
-2.0099194027967275e-07 2 0 3 3 0 2 2 2 0 1 1 0
0.000267376964187143 2 0 3 3 0 2 2 2 0 2 2 0
-8.252787345614036e-05 2 0 3 3 0 2 2 2 1 0 1 0
-1.5936956003587554e-05 2 0 3 3 0 2 2 2 2 0 2 0
7.965294179840756e-07 2 0 3 3 0 2 2 2 3 1 1 3
0.0002656672462431625 2 0 3 3 0 2 2 2 3 2 2 3
-0.0001338172006495625 2 0 3 3 0 2 3 0 3 1 1 0
-0.0001338172006495625 2 0 3 3 0 2 3 0 3 2 2 0
-0.0001404558219363942 2 0 3 3 0 2 3 3 0 1 1 0
-0.0001404558219363942 2 0 3 3 0 2 3 3 0 2 2 0
0.00025663476746645367 2 0 3 3 0 2 3 3 1 0 1 0
0.00025663476746645367 2 0 3 3 0 2 3 3 2 0 2 0
-0.0010691820812255405 2 0 3 3 0 2 3 3 3 1 1 0
-0.00012242975631906504 2 0 3 3 0 2 3 3 3 1 1 3
-0.0010691820812255405 2 0 3 3 0 2 3 3 3 2 2 0
-0.00012242975631906504 2 0 3 3 0 2 3 3 3 2 2 3
0.0005497011251127842 2 0 3 3 1 0 1 0 0 0 2 0
6.985057760061495e-05 2 0 3 3 1 0 1 0 1 2 1 0
6.985057760061495e-05 2 0 3 3 1 0 1 0 2 2 2 0
-0.00029562471123719623 2 0 3 3 1 0 1 1 3 1 3 2
-0.00029562471123719623 2 0 3 3 1 0 1 2 3 2 3 2
-0.0005497011251127842 2 0 3 3 1 0 2 0 0 0 1 0
-6.985057760061495e-05 2 0 3 3 1 0 2 0 1 1 1 0
-6.985057760061495e-05 2 0 3 3 1 0 2 0 2 1 2 0
0.00029562471123719623 2 0 3 3 1 0 2 1 3 1 3 1
0.00029562471123719623 2 0 3 3 1 0 2 2 3 2 3 1
0.00011898044889749122 2 0 3 3 1 0 3 3 3 1 3 2
-0.00011898044889749122 2 0 3 3 1 0 3 3 3 2 3 1
0.000123894486403625 2 0 3 3 1 3 0 3 3 1 3 2
-0.000123894486403625 2 0 3 3 1 3 0 3 3 2 3 1
-0.00027448616443852454 2 0 3 3 1 3 1 1 0 1 3 2
-2.0633605044527945e-07 2 0 3 3 1 3 1 1 0 2 3 1
1.618324432266367e-05 2 0 3 3 1 3 1 1 1 0 3 2
-8.10494549286554e-05 2 0 3 3 1 3 1 1 2 0 3 1
-0.0002677201645978614 2 0 3 3 1 3 1 1 3 1 0 2
-8.050983870386999e-07 2 0 3 3 1 3 1 1 3 2 0 1
-0.00027469250048896987 2 0 3 3 1 3 1 2 0 2 3 2
-6.486621060599174e-05 2 0 3 3 1 3 1 2 2 0 3 2
-0.00026852526298490006 2 0 3 3 1 3 1 2 3 2 0 2
0.00027469250048896987 2 0 3 3 1 3 2 1 0 1 3 1
6.486621060599174e-05 2 0 3 3 1 3 2 1 1 0 3 1
0.00026852526298490006 2 0 3 3 1 3 2 1 3 1 0 1
2.0633605044527945e-07 2 0 3 3 1 3 2 2 0 1 3 2
0.00027448616443852454 2 0 3 3 1 3 2 2 0 2 3 1
8.10494549286554e-05 2 0 3 3 1 3 2 2 1 0 3 2
-1.618324432266367e-05 2 0 3 3 1 3 2 2 2 0 3 1
8.050983870386999e-07 2 0 3 3 1 3 2 2 3 1 0 2
0.0002677201645978614 2 0 3 3 1 3 2 2 3 2 0 1
0.00013737522323160957 2 0 3 3 1 3 3 0 3 1 3 2
-0.00013737522323160957 2 0 3 3 1 3 3 0 3 2 3 1
0.0001441903566883085 2 0 3 3 1 3 3 3 0 1 3 2
-0.0001441903566883085 2 0 3 3 1 3 3 3 0 2 3 1
-0.0002634583468983332 2 0 3 3 1 3 3 3 1 0 3 2
0.0002634583468983332 2 0 3 3 1 3 3 3 2 0 3 1
0.0001247548339656178 2 0 3 3 1 3 3 3 3 1 0 2
0.001097610220290285 2 0 3 3 1 3 3 3 3 1 3 2
-0.0001247548339656178 2 0 3 3 1 3 3 3 3 2 0 1
-0.001097610220290285 2 0 3 3 1 3 3 3 3 2 3 1
0.0002988050068360518 2 0 3 3 3 2 1 1 3 1 1 0
0.0002988050068360518 2 0 3 3 3 2 1 2 3 2 1 0
0.0002988050068360518 2 0 3 3 3 2 2 1 3 1 2 0
0.0002988050068360518 2 0 3 3 3 2 2 2 3 2 2 0
-0.00011492251638873976 2 0 3 3 3 2 3 3 3 1 1 0
-0.00011492251638873976 2 0 3 3 3 2 3 3 3 2 2 0
-0.0020632020753484793 2 1 0 0 0 0 1 1 1 2 0 0
-40.33052659809936 2 1 0 0 0 0 1 2 0 0 0 0
0.005134758247054259 2 1 0 0 0 0 1 2 0 0 0 3
0.0052009491719983165 2 1 0 0 0 0 1 2 0 0 3 0
0.0002953649630265348 2 1 0 0 0 0 1 2 0 0 3 3
0.005111431623737388 2 1 0 0 0 0 1 2 0 3 0 0
0.0005541705786925294 2 1 0 0 0 0 1 2 0 3 0 3
0.0005511479851629859 2 1 0 0 0 0 1 2 0 3 3 0
0.001981179411275908 2 1 0 0 0 0 1 2 1 1 0 0
-8.202266407257126e-05 2 1 0 0 0 0 1 2 2 2 0 0
0.0051114316237373765 2 1 0 0 0 0 1 2 3 0 0 0
0.000554170578692529 2 1 0 0 0 0 1 2 3 0 0 3
0.0005511479851629859 2 1 0 0 0 0 1 2 3 0 3 0
0.0008261202280008472 2 1 0 0 0 0 1 2 3 3 0 0
40.33052659809936 2 1 0 0 0 0 2 1 0 0 0 0
-0.005134758247054259 2 1 0 0 0 0 2 1 0 0 0 3
-0.0052009491719983165 2 1 0 0 0 0 2 1 0 0 3 0
-0.0002953649630265348 2 1 0 0 0 0 2 1 0 0 3 3
-0.005111431623737388 2 1 0 0 0 0 2 1 0 3 0 0
-0.0005541705786925294 2 1 0 0 0 0 2 1 0 3 0 3
-0.0005511479851629859 2 1 0 0 0 0 2 1 0 3 3 0
8.202266407257126e-05 2 1 0 0 0 0 2 1 1 1 0 0
-0.001981179411275908 2 1 0 0 0 0 2 1 2 2 0 0
-0.0051114316237373765 2 1 0 0 0 0 2 1 3 0 0 0
-0.000554170578692529 2 1 0 0 0 0 2 1 3 0 0 3
-0.0005511479851629859 2 1 0 0 0 0 2 1 3 0 3 0
-0.0008261202280008472 2 1 0 0 0 0 2 1 3 3 0 0
0.0020632020753484793 2 1 0 0 0 0 2 2 2 1 0 0
0.005134758247054258 2 1 0 0 0 3 1 2 0 0 0 0
0.0006903763535399709 2 1 0 0 0 3 1 2 0 0 0 3
0.000654078937187138 2 1 0 0 0 3 1 2 0 0 3 0
0.0005863425267988746 2 1 0 0 0 3 1 2 0 3 0 0
0.0005863425267988742 2 1 0 0 0 3 1 2 3 0 0 0
-1.478418527484975e-06 2 1 0 0 0 3 1 3 1 0 1 2
-0.0019013002191111887 2 1 0 0 0 3 1 3 2 0 1 1
-0.0019027786376386736 2 1 0 0 0 3 1 3 2 0 2 2
-0.005134758247054258 2 1 0 0 0 3 2 1 0 0 0 0
-0.0006903763535399709 2 1 0 0 0 3 2 1 0 0 0 3
-0.000654078937187138 2 1 0 0 0 3 2 1 0 0 3 0
-0.0005863425267988746 2 1 0 0 0 3 2 1 0 3 0 0
-0.0005863425267988742 2 1 0 0 0 3 2 1 3 0 0 0
0.0019027786376386736 2 1 0 0 0 3 2 3 1 0 1 1
0.0019013002191111887 2 1 0 0 0 3 2 3 1 0 2 2
1.478418527484975e-06 2 1 0 0 0 3 2 3 2 0 2 1
-0.0018137181325708924 2 1 0 0 1 1 1 3 2 0 3 0
0.0018137181325708924 2 1 0 0 1 1 2 3 1 0 3 0
-3.1441842289932516e-05 2 1 0 0 1 2 1 1 0 0 2 2
-0.00035871397416060313 2 1 0 0 1 2 1 2 0 0 1 2
0.00039015581645053565 2 1 0 0 1 2 1 2 0 0 2 1
0.00039015581645053565 2 1 0 0 1 2 2 1 0 0 1 2
-0.00035871397416060313 2 1 0 0 1 2 2 1 0 0 2 1
-3.1441842289932516e-05 2 1 0 0 1 2 2 2 0 0 1 1
-7.967400286404762e-07 2 1 0 0 1 2 3 1 1 0 3 0
-7.967400286404762e-07 2 1 0 0 1 2 3 2 2 0 3 0
-3.1441842289932536e-05 2 1 0 0 2 1 1 1 0 0 2 2
0.00039015581645053565 2 1 0 0 2 1 1 2 0 0 1 2
-0.00035871397416060313 2 1 0 0 2 1 1 2 0 0 2 1
-0.00035871397416060313 2 1 0 0 2 1 2 1 0 0 1 2
0.00039015581645053565 2 1 0 0 2 1 2 1 0 0 2 1
-3.1441842289932536e-05 2 1 0 0 2 1 2 2 0 0 1 1
-0.0018135444385264678 2 1 0 0 2 2 1 3 2 0 3 0
0.0018135444385264678 2 1 0 0 2 2 2 3 1 0 3 0
0.005200949171998315 2 1 0 0 3 0 1 2 0 0 0 0
0.000654078937187138 2 1 0 0 3 0 1 2 0 0 0 3
0.0006822840825111399 2 1 0 0 3 0 1 2 0 0 3 0
0.0005820127347646223 2 1 0 0 3 0 1 2 0 3 0 0
0.0005820127347646221 2 1 0 0 3 0 1 2 3 0 0 0
-0.005200949171998315 2 1 0 0 3 0 2 1 0 0 0 0
-0.000654078937187138 2 1 0 0 3 0 2 1 0 0 0 3
-0.0006822840825111399 2 1 0 0 3 0 2 1 0 0 3 0
-0.0005820127347646223 2 1 0 0 3 0 2 1 0 3 0 0
-0.0005820127347646221 2 1 0 0 3 0 2 1 3 0 0 0
0.0002953649630265348 2 1 0 0 3 3 1 2 0 0 0 0
-0.0002953649630265348 2 1 0 0 3 3 2 1 0 0 0 0
7.077533033366666e-05 2 1 0 1 0 1 0 0 0 1 0 2
-7.077533033366666e-05 2 1 0 1 0 1 0 0 0 2 0 1
-7.077533033366682e-05 2 1 0 1 0 1 1 1 1 0 0 2
-7.077533033366682e-05 2 1 0 1 0 1 1 2 2 0 0 2
7.077533033366682e-05 2 1 0 1 0 1 2 1 1 0 0 1
7.077533033366682e-05 2 1 0 1 0 1 2 2 2 0 0 1
-7.077533033366655e-05 2 1 0 1 0 1 3 3 0 1 0 2
7.077533033366655e-05 2 1 0 1 0 1 3 3 0 2 0 1
-4.654486097587878e-05 2 1 0 1 0 2 1 1 0 2 0 2
-3.21719481063453e-05 2 1 0 1 0 2 1 2 0 1 0 2
7.871680908222408e-05 2 1 0 1 0 2 1 2 0 2 0 1
0.00027448616443852454 2 1 0 1 0 2 1 3 3 0 1 0
7.871680908222408e-05 2 1 0 1 0 2 2 1 0 1 0 2
-3.21719481063453e-05 2 1 0 1 0 2 2 1 0 2 0 1
-4.654486097587878e-05 2 1 0 1 0 2 2 2 0 1 0 1
0.00027448616443852454 2 1 0 1 0 2 2 3 3 0 2 0
7.153672294738195e-05 2 1 0 1 1 0 0 0 0 1 2 0
-7.153672294738195e-05 2 1 0 1 1 0 0 0 0 2 1 0
-7.15367229473821e-05 2 1 0 1 1 0 1 1 1 0 2 0
-7.15367229473821e-05 2 1 0 1 1 0 1 2 2 0 2 0
7.15367229473821e-05 2 1 0 1 1 0 2 1 1 0 1 0
7.15367229473821e-05 2 1 0 1 1 0 2 2 2 0 1 0
-7.153672294738188e-05 2 1 0 1 1 0 3 3 0 1 2 0
7.153672294738188e-05 2 1 0 1 1 0 3 3 0 2 1 0
-0.000267376964187143 2 1 0 1 1 3 1 3 3 0 3 2
0.000267376964187143 2 1 0 1 1 3 2 3 3 0 3 1
-4.704558507262783e-05 2 1 0 1 2 0 1 1 0 2 2 0
-3.086474960163633e-05 2 1 0 1 2 0 1 2 0 1 2 0
7.791033467426415e-05 2 1 0 1 2 0 1 2 0 2 1 0
7.791033467426415e-05 2 1 0 1 2 0 2 1 0 1 2 0
-3.086474960163633e-05 2 1 0 1 2 0 2 1 0 2 1 0
-4.704558507262783e-05 2 1 0 1 2 0 2 2 0 1 1 0
-0.0002935332398395303 2 1 0 2 0 1 0 0 1 0 0 1
-0.0002935332398395303 2 1 0 2 0 1 0 0 2 0 0 2
-0.00035576407952294303 2 1 0 2 0 1 1 1 0 2 0 2
0.0003879360276292883 2 1 0 2 0 1 1 2 0 1 0 2
-3.21719481063453e-05 2 1 0 2 0 1 1 2 0 2 0 1
2.0633605044527945e-07 2 1 0 2 0 1 1 3 3 0 1 0
-3.21719481063453e-05 2 1 0 2 0 1 2 1 0 1 0 2
0.0003879360276292883 2 1 0 2 0 1 2 1 0 2 0 1
-0.00035576407952294303 2 1 0 2 0 1 2 2 0 1 0 1
2.0633605044527945e-07 2 1 0 2 0 1 2 3 3 0 2 0
-0.00029822908651571864 2 1 0 2 0 1 3 0 1 0 3 1
-0.00029822908651571864 2 1 0 2 0 1 3 0 2 0 3 2
1.568597870753381e-05 2 1 0 2 0 1 3 3 1 0 0 1
1.568597870753381e-05 2 1 0 2 0 1 3 3 2 0 0 2
-7.07753303336665e-05 2 1 0 2 0 2 1 1 1 0 0 2
7.07753303336665e-05 2 1 0 2 0 2 1 2 1 0 0 1
-7.07753303336665e-05 2 1 0 2 0 2 2 1 2 0 0 2
7.07753303336665e-05 2 1 0 2 0 2 2 2 2 0 0 1
5.988459179648801e-05 2 1 0 2 0 2 3 1 3 0 2 0
-5.988459179648801e-05 2 1 0 2 0 2 3 2 3 0 1 0
-0.0002966910356370219 2 1 0 2 1 0 0 0 1 0 1 0
-0.0002966910356370219 2 1 0 2 1 0 0 0 2 0 2 0
-0.00035959134731663545 2 1 0 2 1 0 1 1 0 2 2 0
0.00039045609691827176 2 1 0 2 1 0 1 2 0 1 2 0
-3.086474960163633e-05 2 1 0 2 1 0 1 2 0 2 1 0
-3.086474960163633e-05 2 1 0 2 1 0 2 1 0 1 2 0
0.00039045609691827176 2 1 0 2 1 0 2 1 0 2 1 0
-0.00035959134731663545 2 1 0 2 1 0 2 2 0 1 1 0
-0.00030615860394169587 2 1 0 2 1 0 3 0 1 0 1 3
-0.00030615860394169587 2 1 0 2 1 0 3 0 2 0 2 3
1.585472660698559e-05 2 1 0 2 1 0 3 3 1 0 1 0
1.585472660698559e-05 2 1 0 2 1 0 3 3 2 0 2 0
-0.0002672041575717828 2 1 0 2 1 3 3 0 1 0 1 0
-0.0002672041575717828 2 1 0 2 1 3 3 0 2 0 2 0
5.833357899435163e-05 2 1 0 2 1 3 3 1 3 0 3 1
5.833357899435163e-05 2 1 0 2 1 3 3 2 3 0 3 2
-7.153672294738182e-05 2 1 0 2 2 0 1 1 1 0 2 0
7.153672294738182e-05 2 1 0 2 2 0 1 2 1 0 1 0
-7.153672294738182e-05 2 1 0 2 2 0 2 1 2 0 2 0
7.153672294738182e-05 2 1 0 2 2 0 2 2 2 0 1 0
2.0099194027967275e-07 2 1 0 2 2 3 1 3 3 0 3 2
-2.0099194027967275e-07 2 1 0 2 2 3 2 3 3 0 3 1
-0.00027513367499776 2 1 0 2 3 1 3 0 1 0 0 1
-0.00027513367499776 2 1 0 2 3 1 3 0 2 0 0 2
0.005111431623737388 2 1 0 3 0 0 1 2 0 0 0 0
0.0005863425267988746 2 1 0 3 0 0 1 2 0 0 0 3
0.0005820127347646223 2 1 0 3 0 0 1 2 0 0 3 0
0.0014473622812572215 2 1 0 3 0 0 1 2 0 3 0 0
0.00045265625059935665 2 1 0 3 0 0 1 2 3 0 0 0
-0.005111431623737388 2 1 0 3 0 0 2 1 0 0 0 0
-0.0005863425267988746 2 1 0 3 0 0 2 1 0 0 0 3
-0.0005820127347646223 2 1 0 3 0 0 2 1 0 0 3 0
-0.0014473622812572215 2 1 0 3 0 0 2 1 0 3 0 0
-0.00045265625059935665 2 1 0 3 0 0 2 1 3 0 0 0
0.0003127360883538721 2 1 0 3 0 0 3 0 1 2 0 0
-0.0003127360883538721 2 1 0 3 0 0 3 0 2 1 0 0
0.0005541705786925294 2 1 0 3 0 3 1 2 0 0 0 0
3.223039939758331e-07 2 1 0 3 0 3 1 3 3 1 1 2
0.00010473808246828302 2 1 0 3 0 3 1 3 3 2 1 1
0.00010506038646225887 2 1 0 3 0 3 1 3 3 2 2 2
-0.0005541705786925294 2 1 0 3 0 3 2 1 0 0 0 0
-0.00010506038646225887 2 1 0 3 0 3 2 3 3 1 1 1
-0.00010473808246828302 2 1 0 3 0 3 2 3 3 1 2 2
-3.223039939758331e-07 2 1 0 3 0 3 2 3 3 2 2 1
0.00011783094741826354 2 1 0 3 1 1 1 3 3 2 3 0
-0.00011783094741826354 2 1 0 3 1 1 2 3 3 1 3 0
3.102492894393582e-05 2 1 0 3 1 1 3 0 1 1 1 2
3.102492894393583e-05 2 1 0 3 1 1 3 0 1 1 2 1
-6.204985788787164e-05 2 1 0 3 1 1 3 0 1 2 1 1
6.204985788787164e-05 2 1 0 3 1 1 3 0 2 1 2 2
-3.102492894393583e-05 2 1 0 3 1 1 3 0 2 2 1 2
-3.102492894393582e-05 2 1 0 3 1 1 3 0 2 2 2 1
-1.7369404442469853e-07 2 1 0 3 1 2 3 1 3 1 3 0
-1.7369404442469853e-07 2 1 0 3 1 2 3 2 3 2 3 0
0.00011703420738962308 2 1 0 3 2 2 1 3 3 2 3 0
-0.00011703420738962308 2 1 0 3 2 2 2 3 3 1 3 0
0.0005511479851629859 2 1 0 3 3 0 1 2 0 0 0 0
-0.0005511479851629859 2 1 0 3 3 0 2 1 0 0 0 0
-7.077533033366674e-05 2 1 1 0 0 1 0 0 1 0 0 2
7.077533033366674e-05 2 1 1 0 0 1 0 0 2 0 0 1
0.00028583066404008924 2 1 1 0 0 1 3 0 3 1 0 2
-0.00028583066404008924 2 1 1 0 0 1 3 0 3 2 0 1
7.077533033366667e-05 2 1 1 0 0 1 3 3 1 0 0 2
-7.077533033366667e-05 2 1 1 0 0 1 3 3 2 0 0 1
-6.740368413992376e-06 2 1 1 0 0 2 1 0 0 0 1 0
-0.00035576407952294254 2 1 1 0 0 2 1 1 2 0 0 2
-3.217194810634526e-05 2 1 1 0 0 2 1 2 1 0 0 2
0.0003879360276292878 2 1 1 0 0 2 1 2 2 0 0 1
6.444793769717405e-05 2 1 1 0 0 2 1 3 0 0 1 3
-1.618324432266367e-05 2 1 1 0 0 2 1 3 0 3 1 0
8.104945492865542e-05 2 1 1 0 0 2 1 3 3 0 1 0
-6.740368413992376e-06 2 1 1 0 0 2 2 0 0 0 2 0
0.0003879360276292878 2 1 1 0 0 2 2 1 1 0 0 2
-3.217194810634526e-05 2 1 1 0 0 2 2 1 2 0 0 1
-0.00035576407952294254 2 1 1 0 0 2 2 2 1 0 0 1
6.444793769717405e-05 2 1 1 0 0 2 2 3 0 0 2 3
-1.618324432266367e-05 2 1 1 0 0 2 2 3 0 3 2 0
8.104945492865542e-05 2 1 1 0 0 2 2 3 3 0 2 0
-7.153672294738203e-05 2 1 1 0 1 0 0 0 1 0 2 0
7.153672294738203e-05 2 1 1 0 1 0 0 0 2 0 1 0
-5.7917032924630675e-05 2 1 1 0 1 0 1 3 0 0 3 2
5.7917032924630675e-05 2 1 1 0 1 0 2 3 0 0 3 1
0.00027421689991868425 2 1 1 0 1 0 3 0 3 1 2 0
-0.00027421689991868425 2 1 1 0 1 0 3 0 3 2 1 0
7.153672294738199e-05 2 1 1 0 1 0 3 3 1 0 2 0
-7.153672294738199e-05 2 1 1 0 1 0 3 3 2 0 1 0
6.565792661071722e-06 2 1 1 0 1 3 1 0 0 0 3 2
-6.514126097098247e-05 2 1 1 0 1 3 1 3 0 0 0 2
1.5936956003587554e-05 2 1 1 0 1 3 1 3 0 3 3 2
-8.25278734561404e-05 2 1 1 0 1 3 1 3 3 0 3 2
-6.565792661071722e-06 2 1 1 0 1 3 2 0 0 0 3 1
6.514126097098247e-05 2 1 1 0 1 3 2 3 0 0 0 1
-1.5936956003587554e-05 2 1 1 0 1 3 2 3 0 3 3 1
8.25278734561404e-05 2 1 1 0 1 3 2 3 3 0 3 1
-0.0003595913473166352 2 1 1 0 2 0 1 1 2 0 2 0
-3.086474960163629e-05 2 1 1 0 2 0 1 2 1 0 2 0
0.0003904560969182715 2 1 1 0 2 0 1 2 2 0 1 0
0.0003904560969182715 2 1 1 0 2 0 2 1 1 0 2 0
-3.086474960163629e-05 2 1 1 0 2 0 2 1 2 0 1 0
-0.0003595913473166352 2 1 1 0 2 0 2 2 1 0 1 0
5.8364581283045324e-05 2 1 1 0 3 2 1 3 0 0 1 0
5.8364581283045324e-05 2 1 1 0 3 2 2 3 0 0 2 0
-0.0020632020753484828 2 1 1 1 0 0 0 0 1 2 0 0
0.0020632020753484828 2 1 1 1 0 0 0 0 2 1 0 0
-0.001981179411275913 2 1 1 1 0 0 1 2 0 0 0 0
0.0019811794112759083 2 1 1 1 0 0 1 2 3 3 0 0
0.001981179411275913 2 1 1 1 0 0 2 1 0 0 0 0
-0.0019811794112759083 2 1 1 1 0 0 2 1 3 3 0 0
0.0020632020753484797 2 1 1 1 0 0 3 3 1 2 0 0
-0.0020632020753484797 2 1 1 1 0 0 3 3 2 1 0 0
-7.142922698827439e-08 2 1 1 1 0 3 1 3 0 1 1 2
-8.76859150779503e-05 2 1 1 1 0 3 1 3 0 2 1 1
-8.775734430493857e-05 2 1 1 1 0 3 1 3 0 2 2 2
8.775734430493857e-05 2 1 1 1 0 3 2 3 0 1 1 1
8.76859150779503e-05 2 1 1 1 0 3 2 3 0 1 2 2
7.142922698827439e-08 2 1 1 1 0 3 2 3 0 2 2 1
-8.40525880403782e-05 2 1 1 1 1 1 1 3 0 2 3 0
8.40525880403782e-05 2 1 1 1 1 1 2 3 0 1 3 0
7.92951742597709e-06 2 1 1 1 1 1 3 0 3 0 1 2
-7.92951742597709e-06 2 1 1 1 1 1 3 0 3 0 2 1
-7.911284390187609e-06 2 1 1 1 1 2 1 3 1 0 3 0
-7.911284390187609e-06 2 1 1 1 1 2 2 3 2 0 3 0
-9.504764447468545e-06 2 1 1 1 1 2 3 1 0 1 3 0
-9.504764447468545e-06 2 1 1 1 1 2 3 2 0 2 3 0
-8.370519995152884e-05 2 1 1 1 2 2 1 3 0 2 3 0
8.370519995152884e-05 2 1 1 1 2 2 2 3 0 1 3 0
-0.004543524559348088 2 1 1 2 0 0 0 0 0 0 0 0
0.04548670104161367 2 1 1 2 0 0 0 0 3 0 0 0
0.0049307377143097495 2 1 1 2 0 0 0 0 3 0 0 3
0.004889201042288891 2 1 1 2 0 0 0 0 3 0 3 0
0.004470657789730413 2 1 1 2 0 0 0 0 3 3 0 0
0.004855051677068904 2 1 1 2 0 0 0 3 3 0 0 0
-0.009528084058708938 2 1 1 2 0 0 1 1 2 2 0 0
0.0003734639774014908 2 1 1 2 0 0 1 2 1 2 0 0
0.009154620081307449 2 1 1 2 0 0 1 2 2 1 0 0
0.009154620081307449 2 1 1 2 0 0 2 1 1 2 0 0
0.0003734639774014908 2 1 1 2 0 0 2 1 2 1 0 0
-0.009528084058708938 2 1 1 2 0 0 2 2 1 1 0 0
0.045412353966846376 2 1 1 2 0 0 3 0 0 0 0 0
0.004923511127631246 2 1 1 2 0 0 3 0 0 0 0 3
0.004896656990206407 2 1 1 2 0 0 3 0 0 0 3 0
0.004857633679520999 2 1 1 2 0 0 3 0 0 3 0 0
-358.28014109914307 2 1 1 2 0 0 3 0 3 0 0 0
0.045619598620183444 2 1 1 2 0 0 3 0 3 0 0 3
0.046207669817104724 2 1 1 2 0 0 3 0 3 0 3 0
-0.0032617770341653693 2 1 1 2 0 0 3 0 3 0 3 3
0.04541235396684648 2 1 1 2 0 0 3 0 3 3 0 0
0.0049235111276312495 2 1 1 2 0 0 3 0 3 3 0 3
0.004896656990206407 2 1 1 2 0 0 3 0 3 3 3 0
0.004470657789730408 2 1 1 2 0 0 3 3 0 0 0 0
0.045486701041613356 2 1 1 2 0 0 3 3 3 0 0 0
0.004930737714309748 2 1 1 2 0 0 3 3 3 0 0 3
0.0048892010422888895 2 1 1 2 0 0 3 3 3 0 3 0
-0.004543524559348089 2 1 1 2 0 0 3 3 3 3 0 0
0.005208584975441747 2 1 1 2 0 3 0 0 3 0 0 0
-0.00040221804220160476 2 1 1 2 0 3 1 3 1 0 1 1
-0.00040254569030574613 2 1 1 2 0 3 1 3 1 0 2 2
3.2764810414143645e-07 2 1 1 2 0 3 1 3 2 0 1 2
3.2764810414143645e-07 2 1 1 2 0 3 2 3 1 0 2 1
-0.00040254569030574613 2 1 1 2 0 3 2 3 2 0 1 1
-0.00040221804220160476 2 1 1 2 0 3 2 3 2 0 2 2
0.005209341791671334 2 1 1 2 0 3 3 0 0 0 0 0
0.04561959862018344 2 1 1 2 0 3 3 0 3 0 0 0
0.005857256166388586 2 1 1 2 0 3 3 0 3 0 0 3
0.005811143805555313 2 1 1 2 0 3 3 0 3 0 3 0
0.005209341791671338 2 1 1 2 0 3 3 0 3 3 0 0
0.005208584975441745 2 1 1 2 0 3 3 3 3 0 0 0
-0.00038475511711426634 2 1 1 2 1 1 1 3 1 0 3 0
-0.00038475511711426634 2 1 1 2 1 1 2 3 2 0 3 0
1.7247068465610831e-06 2 1 1 2 1 2 1 3 0 2 3 0
-1.7247068465610831e-06 2 1 1 2 1 2 2 3 0 1 3 0
-0.00846060363183729 2 1 1 2 1 2 3 0 3 0 1 2
0.00846060363183729 2 1 1 2 1 2 3 0 3 0 2 1
-1.724706846561089e-06 2 1 1 2 1 2 3 1 2 0 3 0
1.724706846561089e-06 2 1 1 2 1 2 3 2 1 0 3 0
0.008476462666689243 2 1 1 2 2 1 3 0 3 0 1 2
-0.008476462666689243 2 1 1 2 2 1 3 0 3 0 2 1
-0.00038475511711426634 2 1 1 2 2 2 1 3 1 0 3 0
-0.00038475511711426634 2 1 1 2 2 2 2 3 2 0 3 0
0.005170037351318928 2 1 1 2 3 0 0 0 3 0 0 0
0.00517087389012509 2 1 1 2 3 0 3 0 0 0 0 0
0.0462076698171047 2 1 1 2 3 0 3 0 3 0 0 0
0.005811143805555313 2 1 1 2 3 0 3 0 3 0 0 3
0.005779382322561863 2 1 1 2 3 0 3 0 3 0 3 0
0.005170873890125092 2 1 1 2 3 0 3 0 3 3 0 0
0.005170037351318926 2 1 1 2 3 0 3 3 3 0 0 0
-0.0021150515111384104 2 1 1 2 3 3 3 0 3 0 0 0
-1.568597870753383e-05 2 1 1 3 0 1 0 0 3 1 0 2
1.568597870753383e-05 2 1 1 3 0 1 0 0 3 2 0 1
0.0002982290865157188 2 1 1 3 0 1 3 0 3 1 3 2
-0.0002982290865157188 2 1 1 3 0 1 3 0 3 2 3 1
0.00029353323983952987 2 1 1 3 0 1 3 3 3 1 0 2
-0.00029353323983952987 2 1 1 3 0 1 3 3 3 2 0 1
7.07753303336665e-05 2 1 1 3 0 2 1 1 3 2 0 2
-7.07753303336665e-05 2 1 1 3 0 2 1 2 3 2 0 1
5.983960931559791e-05 2 1 1 3 0 2 1 3 0 0 1 0
-1.3299201000425855e-05 2 1 1 3 0 2 1 3 1 1 1 0
2.996538605912371e-05 2 1 1 3 0 2 1 3 1 2 2 0
-4.3264587059549564e-05 2 1 1 3 0 2 1 3 2 2 1 0
-7.07753303336665e-05 2 1 1 3 0 2 2 1 3 1 0 2
7.07753303336665e-05 2 1 1 3 0 2 2 2 3 1 0 1
5.983960931559791e-05 2 1 1 3 0 2 2 3 0 0 2 0
-4.3264587059549564e-05 2 1 1 3 0 2 2 3 1 1 2 0
2.996538605912371e-05 2 1 1 3 0 2 2 3 2 1 1 0
-1.3299201000425855e-05 2 1 1 3 0 2 2 3 2 2 2 0
-1.58547266069856e-05 2 1 1 3 1 0 0 0 3 1 2 0
1.58547266069856e-05 2 1 1 3 1 0 0 0 3 2 1 0
0.0003061586039416959 2 1 1 3 1 0 3 0 3 1 2 3
-0.0003061586039416959 2 1 1 3 1 0 3 0 3 2 1 3
0.0002966910356370217 2 1 1 3 1 0 3 3 3 1 2 0
-0.0002966910356370217 2 1 1 3 1 0 3 3 3 2 1 0
-5.828976156112465e-05 2 1 1 3 1 3 1 3 0 0 3 2
1.2174812867643936e-05 2 1 1 3 1 3 1 3 1 1 3 2
3.0762126087764186e-05 2 1 1 3 1 3 1 3 1 2 3 1
4.2936938955408126e-05 2 1 1 3 1 3 1 3 2 2 3 2
5.828976156112465e-05 2 1 1 3 1 3 2 3 0 0 3 1
-4.2936938955408126e-05 2 1 1 3 1 3 2 3 1 1 3 1
-3.0762126087764186e-05 2 1 1 3 1 3 2 3 2 1 3 2
-1.2174812867643936e-05 2 1 1 3 1 3 2 3 2 2 3 1
0.000267204157571783 2 1 1 3 1 3 3 0 3 1 2 0
-0.000267204157571783 2 1 1 3 1 3 3 0 3 2 1 0
7.153672294738182e-05 2 1 1 3 2 0 1 1 3 2 2 0
-7.153672294738182e-05 2 1 1 3 2 0 1 2 3 2 1 0
-7.153672294738182e-05 2 1 1 3 2 0 2 1 3 1 2 0
7.153672294738182e-05 2 1 1 3 2 0 2 2 3 1 1 0
0.0002751336749977601 2 1 1 3 3 1 3 0 3 1 0 2
-0.0002751336749977601 2 1 1 3 3 1 3 0 3 2 0 1
6.740368413992376e-06 2 1 2 0 0 1 1 0 0 0 1 0
-4.6544860975878835e-05 2 1 2 0 0 1 1 1 2 0 0 2
7.871680908222409e-05 2 1 2 0 0 1 1 2 1 0 0 2
-3.217194810634526e-05 2 1 2 0 0 1 1 2 2 0 0 1
8.10494549286554e-05 2 1 2 0 0 1 1 3 0 3 1 0
-8.758208654029609e-05 2 1 2 0 0 1 1 3 3 0 1 0
6.740368413992376e-06 2 1 2 0 0 1 2 0 0 0 2 0
-3.217194810634526e-05 2 1 2 0 0 1 2 1 1 0 0 2
7.871680908222409e-05 2 1 2 0 0 1 2 1 2 0 0 1
-4.6544860975878835e-05 2 1 2 0 0 1 2 2 1 0 0 1
8.10494549286554e-05 2 1 2 0 0 1 2 3 0 3 2 0
-8.758208654029609e-05 2 1 2 0 0 1 2 3 3 0 2 0
-0.0002956247112371958 2 1 2 0 0 2 3 1 0 0 2 3
-0.0002975433421865466 2 1 2 0 0 2 3 1 0 3 2 0
2.996538605912365e-05 2 1 2 0 0 2 3 1 3 0 2 0
0.0002956247112371958 2 1 2 0 0 2 3 2 0 0 1 3
0.0002975433421865466 2 1 2 0 0 2 3 2 0 3 1 0
-2.996538605912365e-05 2 1 2 0 0 2 3 2 3 0 1 0
-4.704558507262785e-05 2 1 2 0 1 0 1 1 2 0 2 0
7.791033467426415e-05 2 1 2 0 1 0 1 2 1 0 2 0
-3.086474960163629e-05 2 1 2 0 1 0 1 2 2 0 1 0
-3.086474960163629e-05 2 1 2 0 1 0 2 1 1 0 2 0
7.791033467426415e-05 2 1 2 0 1 0 2 1 2 0 1 0
-4.704558507262785e-05 2 1 2 0 1 0 2 2 1 0 1 0
-0.00026487071682517816 2 1 2 0 1 0 3 1 0 0 3 1
-0.00026487071682517816 2 1 2 0 1 0 3 2 0 0 3 2
-0.00029880500683605166 2 1 2 0 1 3 3 1 0 0 0 1
-0.00030545462657673416 2 1 2 0 1 3 3 1 0 3 3 1
3.076212608776413e-05 2 1 2 0 1 3 3 1 3 0 3 1
-0.00029880500683605166 2 1 2 0 1 3 3 2 0 0 0 2
-0.00030545462657673416 2 1 2 0 1 3 3 2 0 3 3 2
3.076212608776413e-05 2 1 2 0 1 3 3 2 3 0 3 2
-1.736481300543763e-07 2 1 2 0 2 0 1 3 0 0 3 2
1.736481300543763e-07 2 1 2 0 2 0 2 3 0 0 3 1
6.565792661071722e-06 2 1 2 0 2 3 1 0 0 0 3 2
8.252787345614036e-05 2 1 2 0 2 3 1 3 0 3 3 2
-8.92341991122057e-05 2 1 2 0 2 3 1 3 3 0 3 2
-6.565792661071722e-06 2 1 2 0 2 3 2 0 0 0 3 1
-8.252787345614036e-05 2 1 2 0 2 3 2 3 0 3 3 1
8.92341991122057e-05 2 1 2 0 2 3 2 3 3 0 3 1
1.755162160524996e-07 2 1 2 0 3 1 1 3 0 0 1 0
1.755162160524996e-07 2 1 2 0 3 1 2 3 0 0 2 0
-0.0002685252629848999 2 1 2 0 3 2 3 1 0 0 2 0
0.0002685252629848999 2 1 2 0 3 2 3 2 0 0 1 0
-0.0005139017096304398 2 1 2 1 0 0 1 1 2 2 0 0
0.00014043773222894912 2 1 2 1 0 0 1 2 1 2 0 0
0.0003734639774014907 2 1 2 1 0 0 1 2 2 1 0 0
0.0003734639774014907 2 1 2 1 0 0 2 1 1 2 0 0
0.00014043773222894912 2 1 2 1 0 0 2 1 2 1 0 0
-0.0005139017096304398 2 1 2 1 0 0 2 2 1 1 0 0
-1.4851544821638946e-08 2 1 2 1 0 0 3 0 3 0 0 0
-0.00842739793262613 2 1 2 1 0 3 1 3 1 0 1 1
-0.008434184828883537 2 1 2 1 0 3 1 3 1 0 2 2
6.786896257405695e-06 2 1 2 1 0 3 1 3 2 0 1 2
6.786896257405695e-06 2 1 2 1 0 3 2 3 1 0 2 1
-0.008434184828883537 2 1 2 1 0 3 2 3 2 0 1 1
-0.00842739793262613 2 1 2 1 0 3 2 3 2 0 2 2
-0.008836730519189283 2 1 2 1 0 3 3 1 0 1 1 1
-0.008829615974827735 2 1 2 1 0 3 3 1 0 1 2 2
-7.1145443615470364e-06 2 1 2 1 0 3 3 1 0 2 2 1
-7.1145443615470364e-06 2 1 2 1 0 3 3 2 0 1 1 2
-0.008829615974827735 2 1 2 1 0 3 3 2 0 2 1 1
-0.008836730519189283 2 1 2 1 0 3 3 2 0 2 2 2
-0.008056624617320911 2 1 2 1 1 1 1 3 1 0 3 0
-0.008056624617320911 2 1 2 1 1 1 2 3 2 0 3 0
-0.00843187496998771 2 1 2 1 1 1 3 1 0 1 3 0
-0.00843187496998771 2 1 2 1 1 1 3 2 0 2 3 0
-2.072094935410419e-06 2 1 2 1 1 2 3 1 2 0 3 0
2.072094935410419e-06 2 1 2 1 1 2 3 2 1 0 3 0
-2.0720949354104086e-06 2 1 2 1 2 1 1 3 0 2 3 0
2.0720949354104086e-06 2 1 2 1 2 1 2 3 0 1 3 0
-0.008055031137263628 2 1 2 1 2 2 1 3 1 0 3 0
-0.008055031137263628 2 1 2 1 2 2 2 3 2 0 3 0
-0.008449291018825366 2 1 2 1 2 2 3 1 0 1 3 0
-0.008449291018825366 2 1 2 1 2 2 3 2 0 2 3 0
8.202266407257103e-05 2 1 2 2 0 0 1 2 0 0 0 0
-8.202266407257127e-05 2 1 2 2 0 0 1 2 3 3 0 0
-8.202266407257103e-05 2 1 2 2 0 0 2 1 0 0 0 0
8.202266407257127e-05 2 1 2 2 0 0 2 1 3 3 0 0
1.4795835751481543e-06 2 1 2 2 0 3 1 3 0 1 1 2
0.001837222655163625 2 1 2 2 0 3 1 3 0 2 1 1
0.0018387022387387733 2 1 2 2 0 3 1 3 0 2 2 2
-0.0018387022387387733 2 1 2 2 0 3 2 3 0 1 1 1
-0.001837222655163625 2 1 2 2 0 3 2 3 0 1 2 2
-1.4795835751481543e-06 2 1 2 2 0 3 2 3 0 2 2 1
1.5510128021363906e-06 2 1 2 2 0 3 3 1 1 0 2 1
-0.001926459583043715 2 1 2 2 0 3 3 1 2 0 1 1
-0.0019249085702415785 2 1 2 2 0 3 3 1 2 0 2 2
0.0019249085702415785 2 1 2 2 0 3 3 2 1 0 1 1
0.001926459583043715 2 1 2 2 0 3 3 2 1 0 2 2
-1.5510128021363906e-06 2 1 2 2 0 3 3 2 2 0 1 2
0.001756218182715859 2 1 2 2 1 1 1 3 0 2 3 0
-0.001756218182715859 2 1 2 2 1 1 2 3 0 1 3 0
-7.929517425977181e-06 2 1 2 2 1 1 3 0 3 0 1 2
7.929517425977181e-06 2 1 2 2 1 1 3 0 3 0 2 1
-0.0018381986758208306 2 1 2 2 1 1 3 1 2 0 3 0
0.0018381986758208306 2 1 2 2 1 1 3 2 1 0 3 0
7.911284390187507e-06 2 1 2 2 1 2 3 1 0 1 3 0
7.911284390187507e-06 2 1 2 2 1 2 3 2 0 2 3 0
-9.50476444746842e-06 2 1 2 2 2 1 1 3 1 0 3 0
-9.50476444746842e-06 2 1 2 2 2 1 2 3 2 0 3 0
0.0017562181827158593 2 1 2 2 2 2 1 3 0 2 3 0
-0.0017562181827158593 2 1 2 2 2 2 2 3 0 1 3 0
-0.0018419954776028018 2 1 2 2 2 2 3 1 2 0 3 0
0.0018419954776028018 2 1 2 2 2 2 3 2 1 0 3 0
-7.077533033366682e-05 2 1 2 3 0 1 1 1 3 2 0 2
7.077533033366682e-05 2 1 2 3 0 1 1 2 3 1 0 2
4.498248088983815e-08 2 1 2 3 0 1 1 3 0 0 1 0
0.00037077331530522005 2 1 2 3 0 1 1 3 1 1 1 0
0.00035747411430479424 2 1 2 3 0 1 1 3 1 2 2 0
1.329920100042581e-05 2 1 2 3 0 1 1 3 2 2 1 0
7.077533033366682e-05 2 1 2 3 0 1 2 1 3 2 0 1
-7.077533033366682e-05 2 1 2 3 0 1 2 2 3 1 0 1
4.498248088983815e-08 2 1 2 3 0 1 2 3 0 0 2 0
1.329920100042581e-05 2 1 2 3 0 1 2 3 1 1 2 0
0.00035747411430479424 2 1 2 3 0 1 2 3 2 1 1 0
0.00037077331530522005 2 1 2 3 0 1 2 3 2 2 2 0
-0.00027469250048897 2 1 2 3 0 2 3 1 0 0 2 0
-6.532631611640252e-06 2 1 2 3 0 2 3 1 1 1 2 0
8.446410544091294e-05 2 1 2 3 0 2 3 1 2 1 1 0
7.793147382927269e-05 2 1 2 3 0 2 3 1 2 2 2 0
0.00027469250048897 2 1 2 3 0 2 3 2 0 0 1 0
-7.793147382927269e-05 2 1 2 3 0 2 3 2 1 1 1 0
-8.446410544091294e-05 2 1 2 3 0 2 3 2 1 2 2 0
6.532631611640252e-06 2 1 2 3 0 2 3 2 2 2 1 0
-7.15367229473821e-05 2 1 2 3 1 0 1 1 3 2 2 0
7.15367229473821e-05 2 1 2 3 1 0 1 2 3 1 2 0
7.15367229473821e-05 2 1 2 3 1 0 2 1 3 2 1 0
-7.15367229473821e-05 2 1 2 3 1 0 2 2 3 1 1 0
-0.0002675779561274229 2 1 2 3 1 3 3 1 0 0 3 1
-6.7063256560649805e-06 2 1 2 3 1 3 3 1 1 1 3 1
-8.67098944207481e-05 2 1 2 3 1 3 3 1 2 1 3 2
8.000356876468311e-05 2 1 2 3 1 3 3 1 2 2 3 1
-0.0002675779561274229 2 1 2 3 1 3 3 2 0 0 3 2
8.000356876468311e-05 2 1 2 3 1 3 3 2 1 1 3 2
-8.67098944207481e-05 2 1 2 3 1 3 3 2 1 2 3 1
-6.7063256560649805e-06 2 1 2 3 1 3 3 2 2 2 3 2
4.3817433226670606e-08 2 1 2 3 2 3 1 3 0 0 3 2
0.00037915369161990655 2 1 2 3 2 3 1 3 1 1 3 2
-0.00036697887875226264 2 1 2 3 2 3 1 3 1 2 3 1
1.21748128676439e-05 2 1 2 3 2 3 1 3 2 2 3 2
-4.3817433226670606e-08 2 1 2 3 2 3 2 3 0 0 3 1
-1.21748128676439e-05 2 1 2 3 2 3 2 3 1 1 3 1
0.00036697887875226264 2 1 2 3 2 3 2 3 2 1 3 2
-0.00037915369161990655 2 1 2 3 2 3 2 3 2 2 3 1
0.005111431623737376 2 1 3 0 0 0 1 2 0 0 0 0
0.0005863425267988742 2 1 3 0 0 0 1 2 0 0 0 3
0.0005820127347646221 2 1 3 0 0 0 1 2 0 0 3 0
0.00045265625059935665 2 1 3 0 0 0 1 2 0 3 0 0
0.0014473622812572213 2 1 3 0 0 0 1 2 3 0 0 0
6.530904772543361e-06 2 1 3 0 0 0 1 3 1 0 1 2
6.530904772543361e-06 2 1 3 0 0 0 1 3 2 0 2 2
-0.005111431623737376 2 1 3 0 0 0 2 1 0 0 0 0
-0.0005863425267988742 2 1 3 0 0 0 2 1 0 0 0 3
-0.0005820127347646221 2 1 3 0 0 0 2 1 0 0 3 0
-0.00045265625059935665 2 1 3 0 0 0 2 1 0 3 0 0
-0.0014473622812572213 2 1 3 0 0 0 2 1 3 0 0 0
-6.530904772543361e-06 2 1 3 0 0 0 2 3 1 0 1 1
-6.530904772543361e-06 2 1 3 0 0 0 2 3 2 0 2 1
-1.745757529206543e-07 2 1 3 0 0 3 1 0 1 0 1 2
-5.805184814569309e-05 2 1 3 0 0 3 1 0 2 0 1 1
-5.822642389861375e-05 2 1 3 0 0 3 1 0 2 0 2 2
0.000554170578692529 2 1 3 0 0 3 1 2 0 0 0 0
-1.748590920878382e-07 2 1 3 0 0 3 1 3 1 3 1 2
-5.814606719978234e-05 2 1 3 0 0 3 1 3 2 3 1 1
-5.832092629187017e-05 2 1 3 0 0 3 1 3 2 3 2 2
-3.22303993975832e-07 2 1 3 0 0 3 1 3 3 1 1 2
-0.0006961438374347883 2 1 3 0 0 3 1 3 3 2 1 1
-0.0006964661414287642 2 1 3 0 0 3 1 3 3 2 2 2
5.822642389861375e-05 2 1 3 0 0 3 2 0 1 0 1 1
5.805184814569309e-05 2 1 3 0 0 3 2 0 1 0 2 2
1.745757529206543e-07 2 1 3 0 0 3 2 0 2 0 2 1
-0.000554170578692529 2 1 3 0 0 3 2 1 0 0 0 0
5.832092629187017e-05 2 1 3 0 0 3 2 3 1 3 1 1
5.814606719978234e-05 2 1 3 0 0 3 2 3 1 3 2 2
1.748590920878382e-07 2 1 3 0 0 3 2 3 2 3 2 1
0.0006964661414287642 2 1 3 0 0 3 2 3 3 1 1 1
0.0006961438374347883 2 1 3 0 0 3 2 3 3 1 2 2
3.22303993975832e-07 2 1 3 0 0 3 2 3 3 2 2 1
-6.479221655968548e-05 2 1 3 0 1 1 1 0 2 0 3 0
6.601163471884634e-06 2 1 3 0 1 1 1 3 2 0 0 0
-6.489737533673725e-05 2 1 3 0 1 1 1 3 2 3 3 0
-0.0006485091902378808 2 1 3 0 1 1 1 3 3 2 3 0
6.479221655968548e-05 2 1 3 0 1 1 2 0 1 0 3 0
-6.601163471884634e-06 2 1 3 0 1 1 2 3 1 0 0 0
6.489737533673725e-05 2 1 3 0 1 1 2 3 1 3 3 0
0.0006485091902378808 2 1 3 0 1 1 2 3 3 1 3 0
3.02797438511517e-05 2 1 3 0 1 2 3 1 1 0 0 0
-3.075399441201766e-05 2 1 3 0 1 2 3 1 1 0 3 3
1.736940444247287e-07 2 1 3 0 1 2 3 1 3 1 3 0
3.02797438511517e-05 2 1 3 0 1 2 3 2 2 0 0 0
-3.075399441201766e-05 2 1 3 0 1 2 3 2 2 0 3 3
1.736940444247287e-07 2 1 3 0 1 2 3 2 3 2 3 0
-6.479221655968548e-05 2 1 3 0 2 2 1 0 2 0 3 0
6.7045529025977365e-06 2 1 3 0 2 2 1 3 2 0 3 3
-6.489737533673725e-05 2 1 3 0 2 2 1 3 2 3 3 0
-0.0006477124502092405 2 1 3 0 2 2 1 3 3 2 3 0
6.479221655968548e-05 2 1 3 0 2 2 2 0 1 0 3 0
-6.7045529025977365e-06 2 1 3 0 2 2 2 3 1 0 3 3
6.489737533673725e-05 2 1 3 0 2 2 2 3 1 3 3 0
0.0006477124502092405 2 1 3 0 2 2 2 3 3 1 3 0
0.0005511479851629859 2 1 3 0 3 0 1 2 0 0 0 0
-0.0005511479851629859 2 1 3 0 3 0 2 1 0 0 0 0
-6.776679687937133e-06 2 1 3 0 3 3 1 3 1 0 1 2
6.776679687937133e-06 2 1 3 0 3 3 1 3 2 0 1 1
-6.776679687937133e-06 2 1 3 0 3 3 2 3 1 0 2 2
6.776679687937133e-06 2 1 3 0 3 3 2 3 2 0 2 1
3.6333270375720934e-06 2 1 3 1 0 1 1 3 1 2 1 0
7.429814679170048e-05 2 1 3 1 0 1 1 3 2 1 1 0
7.793147382927258e-05 2 1 3 1 0 1 1 3 2 2 2 0
-7.793147382927258e-05 2 1 3 1 0 1 2 3 1 1 1 0
-7.429814679170048e-05 2 1 3 1 0 1 2 3 1 2 2 0
-3.6333270375720934e-06 2 1 3 1 0 1 2 3 2 1 2 0
-3.091828128592208e-05 2 1 3 1 0 2 1 0 3 0 1 0
0.0002798740810487628 2 1 3 1 0 2 1 3 0 0 1 0
0.00029562471123719623 2 1 3 1 0 2 1 3 3 0 1 3
1.7669261137783614e-05 2 1 3 1 0 2 1 3 3 3 1 0
-3.091828128592208e-05 2 1 3 1 0 2 2 0 3 0 2 0
0.0002798740810487628 2 1 3 1 0 2 2 3 0 0 2 0
0.00029562471123719623 2 1 3 1 0 2 2 3 3 0 2 3
1.7669261137783614e-05 2 1 3 1 0 2 2 3 3 3 2 0
0.00038743950036391773 2 1 3 1 0 2 3 1 1 1 1 0
2.9965386059123738e-05 2 1 3 1 0 2 3 1 1 2 2 0
0.00035747411430479397 2 1 3 1 0 2 3 1 2 1 2 0
0.00035747411430479397 2 1 3 1 0 2 3 2 1 2 1 0
2.9965386059123738e-05 2 1 3 1 0 2 3 2 2 1 1 0
0.00038743950036391773 2 1 3 1 0 2 3 2 2 2 2 0
-0.0002656672462431625 2 1 3 1 1 0 1 3 3 0 3 2
0.0002656672462431625 2 1 3 1 1 0 2 3 3 0 3 1
3.01174968327611e-05 2 1 3 1 1 3 1 0 3 0 3 2
-0.00028746306144497466 2 1 3 1 1 3 1 3 0 0 3 2
-0.0002988050068360518 2 1 3 1 1 3 1 3 3 0 0 2
-1.799156513175944e-05 2 1 3 1 1 3 1 3 3 3 3 2
-3.01174968327611e-05 2 1 3 1 1 3 2 0 3 0 3 1
0.00028746306144497466 2 1 3 1 1 3 2 3 0 0 3 1
0.0002988050068360518 2 1 3 1 1 3 2 3 3 0 0 1
1.799156513175944e-05 2 1 3 1 1 3 2 3 3 3 3 1
-0.0003977410048400268 2 1 3 1 1 3 3 1 1 1 3 2
3.076212608776421e-05 2 1 3 1 1 3 3 1 1 2 3 1
0.0003669788787522626 2 1 3 1 1 3 3 1 2 1 3 1
-0.0003669788787522626 2 1 3 1 1 3 3 2 1 2 3 2
-3.076212608776421e-05 2 1 3 1 1 3 3 2 2 1 3 2
0.0003977410048400268 2 1 3 1 1 3 3 2 2 2 3 1
4.052144353409717e-06 2 1 3 1 2 3 1 3 1 2 3 2
7.595142441127329e-05 2 1 3 1 2 3 1 3 2 1 3 2
-8.000356876468299e-05 2 1 3 1 2 3 1 3 2 2 3 1
-8.000356876468299e-05 2 1 3 1 2 3 2 3 1 1 3 2
7.595142441127329e-05 2 1 3 1 2 3 2 3 1 2 3 1
4.052144353409717e-06 2 1 3 1 2 3 2 3 2 1 3 1
0.0002677201645978614 2 1 3 1 3 2 1 3 3 0 1 0
0.0002677201645978614 2 1 3 1 3 2 2 3 3 0 2 0
3.091828128592208e-05 2 1 3 2 0 1 1 0 3 0 1 0
1.7669261137783658e-05 2 1 3 2 0 1 1 3 0 0 1 0
-4.76346471969074e-05 2 1 3 2 0 1 1 3 3 3 1 0
3.091828128592208e-05 2 1 3 2 0 1 2 0 3 0 2 0
1.7669261137783658e-05 2 1 3 2 0 1 2 3 0 0 2 0
-4.76346471969074e-05 2 1 3 2 0 1 2 3 3 3 2 0
-0.00028583066404008886 2 1 3 2 0 1 3 0 1 0 0 1
-0.00028583066404008886 2 1 3 2 0 1 3 0 2 0 0 2
-7.429814679170048e-05 2 1 3 2 0 2 1 3 1 2 1 0
6.776551518006007e-05 2 1 3 2 0 2 1 3 2 1 1 0
-6.532631611640428e-06 2 1 3 2 0 2 1 3 2 2 2 0
6.532631611640428e-06 2 1 3 2 0 2 2 3 1 1 1 0
-6.776551518006007e-05 2 1 3 2 0 2 2 3 1 2 2 0
7.429814679170048e-05 2 1 3 2 0 2 2 3 2 1 2 0
6.486621060599189e-05 2 1 3 2 0 2 3 1 0 0 2 0
6.444793769717388e-05 2 1 3 2 0 2 3 1 3 0 2 3
-6.5326316116403335e-06 2 1 3 2 0 2 3 1 3 3 2 0
-6.486621060599189e-05 2 1 3 2 0 2 3 2 0 0 1 0
-6.444793769717388e-05 2 1 3 2 0 2 3 2 3 0 1 3
6.5326316116403335e-06 2 1 3 2 0 2 3 2 3 3 1 0
-0.00027421689991868393 2 1 3 2 1 0 3 0 1 0 1 0
-0.00027421689991868393 2 1 3 2 1 0 3 0 2 0 2 0
5.7743384794576186e-05 2 1 3 2 1 0 3 1 3 0 3 1
5.7743384794576186e-05 2 1 3 2 1 0 3 2 3 0 3 2
7.595142441127332e-05 2 1 3 2 1 3 1 3 1 2 3 2
-6.924509875520823e-05 2 1 3 2 1 3 1 3 2 1 3 2
-6.7063256560651025e-06 2 1 3 2 1 3 1 3 2 2 3 1
-6.7063256560651025e-06 2 1 3 2 1 3 2 3 1 1 3 2
-6.924509875520823e-05 2 1 3 2 1 3 2 3 1 2 3 1
7.595142441127332e-05 2 1 3 2 1 3 2 3 2 1 3 1
6.659091745255299e-05 2 1 3 2 1 3 3 1 0 0 3 1
6.514126097098236e-05 2 1 3 2 1 3 3 1 3 0 0 1
-6.706325656065035e-06 2 1 3 2 1 3 3 1 3 3 3 1
6.659091745255299e-05 2 1 3 2 1 3 3 2 0 0 3 2
6.514126097098236e-05 2 1 3 2 1 3 3 2 3 0 0 2
-6.706325656065035e-06 2 1 3 2 1 3 3 2 3 3 3 2
-7.965294179840756e-07 2 1 3 2 2 0 1 3 3 0 3 2
7.965294179840756e-07 2 1 3 2 2 0 2 3 3 0 3 1
3.01174968327611e-05 2 1 3 2 2 3 1 0 3 0 3 2
1.7991565131759478e-05 2 1 3 2 2 3 1 3 0 0 3 2
-4.875369121952369e-05 2 1 3 2 2 3 1 3 3 3 3 2
-3.01174968327611e-05 2 1 3 2 2 3 2 0 3 0 3 1
-1.7991565131759478e-05 2 1 3 2 2 3 2 3 0 0 3 1
4.875369121952369e-05 2 1 3 2 2 3 2 3 3 3 3 1
8.050983870386999e-07 2 1 3 2 3 1 1 3 3 0 1 0
8.050983870386999e-07 2 1 3 2 3 1 2 3 3 0 2 0
5.854009749909776e-05 2 1 3 2 3 2 3 1 3 0 2 0
-5.854009749909776e-05 2 1 3 2 3 2 3 2 3 0 1 0
0.0020632020753484845 2 1 3 3 0 0 1 1 1 2 0 0
0.0008261202280008472 2 1 3 3 0 0 1 2 0 0 0 0
-0.001981179411275913 2 1 3 3 0 0 1 2 1 1 0 0
8.202266407257103e-05 2 1 3 3 0 0 1 2 2 2 0 0
2.995746499403363e-05 2 1 3 3 0 0 1 3 3 1 1 2
2.995746499403363e-05 2 1 3 3 0 0 1 3 3 2 2 2
-0.0008261202280008472 2 1 3 3 0 0 2 1 0 0 0 0
-8.202266407257103e-05 2 1 3 3 0 0 2 1 1 1 0 0
0.001981179411275913 2 1 3 3 0 0 2 1 2 2 0 0
-0.0020632020753484845 2 1 3 3 0 0 2 2 2 1 0 0
-2.995746499403363e-05 2 1 3 3 0 0 2 3 3 1 1 1
-2.995746499403363e-05 2 1 3 3 0 0 2 3 3 2 2 1
-8.007844531609806e-07 2 1 3 3 0 3 1 0 3 1 1 2
-0.00026628564788984095 2 1 3 3 0 3 1 0 3 2 1 1
-0.0002670864323430019 2 1 3 3 0 3 1 0 3 2 2 2
-8.020841388060805e-07 2 1 3 3 0 3 1 3 0 1 1 2
-0.0002667178336455575 2 1 3 3 0 3 1 3 0 2 1 1
-0.00026751991778436356 2 1 3 3 0 3 1 3 0 2 2 2
1.47841852748497e-06 2 1 3 3 0 3 1 3 1 0 1 2
0.0017723702623077776 2 1 3 3 0 3 1 3 2 0 1 1
0.0017738486808352625 2 1 3 3 0 3 1 3 2 0 2 2
0.0002670864323430019 2 1 3 3 0 3 2 0 3 1 1 1
0.00026628564788984095 2 1 3 3 0 3 2 0 3 1 2 2
8.007844531609806e-07 2 1 3 3 0 3 2 0 3 2 2 1
0.00026751991778436356 2 1 3 3 0 3 2 3 0 1 1 1
0.0002667178336455575 2 1 3 3 0 3 2 3 0 1 2 2
8.020841388060805e-07 2 1 3 3 0 3 2 3 0 2 2 1
-0.0017738486808352625 2 1 3 3 0 3 2 3 1 0 1 1
-0.0017723702623077776 2 1 3 3 0 3 2 3 1 0 2 2
-1.47841852748497e-06 2 1 3 3 0 3 2 3 2 0 2 1
-0.00029720392917576303 2 1 3 3 1 1 1 0 3 2 3 0
-0.00029768629578376697 2 1 3 3 1 1 1 3 0 2 3 0
0.001698027133035187 2 1 3 3 1 1 1 3 2 0 3 0
3.0279743851151745e-05 2 1 3 3 1 1 1 3 3 2 0 0
0.00029720392917576303 2 1 3 3 1 1 2 0 3 1 3 0
0.00029768629578376697 2 1 3 3 1 1 2 3 0 1 3 0
-0.001698027133035187 2 1 3 3 1 1 2 3 1 0 3 0
-3.0279743851151745e-05 2 1 3 3 1 1 2 3 3 1 0 0
7.967400286404722e-07 2 1 3 3 1 2 3 1 1 0 3 0
-6.601163471884596e-06 2 1 3 3 1 2 3 1 3 1 0 0
6.704552902597698e-06 2 1 3 3 1 2 3 1 3 1 3 3
7.967400286404722e-07 2 1 3 3 1 2 3 2 2 0 3 0
-6.601163471884596e-06 2 1 3 3 1 2 3 2 3 2 0 0
6.704552902597698e-06 2 1 3 3 1 2 3 2 3 2 3 3
-0.00029720392917576303 2 1 3 3 2 2 1 0 3 2 3 0
-0.00029768629578376697 2 1 3 3 2 2 1 3 0 2 3 0
0.0016978534389907624 2 1 3 3 2 2 1 3 2 0 3 0
3.075399441201771e-05 2 1 3 3 2 2 1 3 3 2 3 3
0.00029720392917576303 2 1 3 3 2 2 2 0 3 1 3 0
0.00029768629578376697 2 1 3 3 2 2 2 3 0 1 3 0
-0.0016978534389907624 2 1 3 3 2 2 2 3 1 0 3 0
-3.075399441201771e-05 2 1 3 3 2 2 2 3 3 1 3 3
-3.108484223819045e-05 2 1 3 3 3 3 1 3 3 1 1 2
3.108484223819045e-05 2 1 3 3 3 3 1 3 3 2 1 1
-3.108484223819045e-05 2 1 3 3 3 3 2 3 3 1 2 2
3.108484223819045e-05 2 1 3 3 3 3 2 3 3 2 2 1
0.002134472240766081 2 2 0 0 0 0 0 0 0 3 0 0
0.0002313758205516852 2 2 0 0 0 0 0 0 0 3 0 3
0.00022942670418641577 2 2 0 0 0 0 0 0 0 3 3 0
0.0012364987695560681 2 2 0 0 0 0 0 0 1 1 0 0
0.0012364987695560681 2 2 0 0 0 0 0 0 2 2 0 0
-0.002134472240766066 2 2 0 0 0 0 0 0 3 0 0 0
-0.0002313758205516836 2 2 0 0 0 0 0 0 3 0 0 3
-0.00022942670418641417 2 2 0 0 0 0 0 0 3 0 3 0
0.0003439156880206308 2 2 0 0 0 0 0 3 0 3 0 0
-0.0003439156880206296 2 2 0 0 0 0 0 3 3 0 0 0
0.0003131435921622812 2 2 0 0 0 0 1 1 0 0 0 0
0.0003131435921622812 2 2 0 0 0 0 2 2 0 0 0 0
-16.814014417477033 2 2 0 0 0 0 3 0 0 3 0 0
0.002140708485334855 2 2 0 0 0 0 3 0 0 3 0 3
0.0021683038399479366 2 2 0 0 0 0 3 0 0 3 3 0
0.0001231392506130654 2 2 0 0 0 0 3 0 0 3 3 3
0.004655160536726706 2 2 0 0 0 0 3 0 1 1 0 0
0.0005340027594388451 2 2 0 0 0 0 3 0 1 1 0 3
0.0005300594655646826 2 2 0 0 0 0 3 0 1 1 3 0
0.004655160536726706 2 2 0 0 0 0 3 0 2 2 0 0
0.0005340027594388451 2 2 0 0 0 0 3 0 2 2 0 3
0.0005300594655646826 2 2 0 0 0 0 3 0 2 2 3 0
16.814014417476915 2 2 0 0 0 0 3 0 3 0 0 0
-0.0021407084853348403 2 2 0 0 0 0 3 0 3 0 0 3
-0.0021683038399479214 2 2 0 0 0 0 3 0 3 0 3 0
-0.00012313925061306456 2 2 0 0 0 0 3 0 3 0 3 3
0.002134472240766066 2 2 0 0 0 0 3 3 0 3 0 0
0.0002313758205516851 2 2 0 0 0 0 3 3 0 3 0 3
0.00022942670418641566 2 2 0 0 0 0 3 3 0 3 3 0
0.0004924580320888902 2 2 0 0 0 0 3 3 1 1 0 0
0.0004924580320888902 2 2 0 0 0 0 3 3 2 2 0 0
-0.0021344722407660513 2 2 0 0 0 0 3 3 3 0 0 0
-0.00023137582055168348 2 2 0 0 0 0 3 3 3 0 0 3
-0.00022942670418641406 2 2 0 0 0 0 3 3 3 0 3 0
0.00024441385699922996 2 2 0 0 0 3 0 0 0 3 0 0
-0.0002444138569992283 2 2 0 0 0 3 0 0 3 0 0 0
0.0021407084853348546 2 2 0 0 0 3 3 0 0 3 0 0
0.00027485287804834987 2 2 0 0 0 3 3 0 0 3 0 3
0.00028526808836348274 2 2 0 0 0 3 3 0 0 3 3 0
0.000504702634886896 2 2 0 0 0 3 3 0 1 1 0 0
0.000504702634886896 2 2 0 0 0 3 3 0 2 2 0 0
-0.00214070848533484 2 2 0 0 0 3 3 0 3 0 0 0
-0.0002748528780483479 2 2 0 0 0 3 3 0 3 0 0 3
-0.00028526808836348095 2 2 0 0 0 3 3 0 3 0 3 0
-0.0006964661414287649 2 2 0 0 0 3 3 1 1 0 1 1
-0.000696143837434789 2 2 0 0 0 3 3 1 1 0 2 2
-3.2230399397582515e-07 2 2 0 0 0 3 3 1 2 0 2 1
-3.2230399397582515e-07 2 2 0 0 0 3 3 2 1 0 1 2
-0.000696143837434789 2 2 0 0 0 3 3 2 2 0 1 1
-0.0006964661414287649 2 2 0 0 0 3 3 2 2 0 2 2
0.0002444138569992299 2 2 0 0 0 3 3 3 0 3 0 0
-0.00024441385699922817 2 2 0 0 0 3 3 3 3 0 0 0
6.288368457986506e-05 2 2 0 0 1 1 1 1 0 0 2 2
-3.1441842289932536e-05 2 2 0 0 1 1 1 2 0 0 1 2
-3.1441842289932516e-05 2 2 0 0 1 1 1 2 0 0 2 1
-3.1441842289932516e-05 2 2 0 0 1 1 2 1 0 0 1 2
-3.1441842289932536e-05 2 2 0 0 1 1 2 1 0 0 2 1
6.288368457986506e-05 2 2 0 0 1 1 2 2 0 0 1 1
-0.0006477124502092412 2 2 0 0 1 1 3 1 1 0 3 0
-0.0006477124502092412 2 2 0 0 1 1 3 2 2 0 3 0
-1.7369404442465268e-07 2 2 0 0 1 2 1 3 2 0 3 0
1.7369404442465268e-07 2 2 0 0 1 2 2 3 1 0 3 0
-0.00015600654692039708 2 2 0 0 1 2 3 0 0 3 1 2
0.00015600654692039708 2 2 0 0 1 2 3 0 0 3 2 1
0.00015600654692039605 2 2 0 0 1 2 3 0 3 0 1 2
-0.00015600654692039605 2 2 0 0 1 2 3 0 3 0 2 1
0.00015600654692039708 2 2 0 0 2 1 3 0 0 3 1 2
-0.00015600654692039708 2 2 0 0 2 1 3 0 0 3 2 1
-0.00015600654692039605 2 2 0 0 2 1 3 0 3 0 1 2
0.00015600654692039605 2 2 0 0 2 1 3 0 3 0 2 1
-0.0006485091902378817 2 2 0 0 2 2 3 1 1 0 3 0
-0.0006485091902378817 2 2 0 0 2 2 3 2 2 0 3 0
0.00024260500228447788 2 2 0 0 3 0 0 0 0 3 0 0
-0.0002426050022844762 2 2 0 0 3 0 0 0 3 0 0 0
0.0021683038399479358 2 2 0 0 3 0 3 0 0 3 0 0
0.00028594590142085486 2 2 0 0 3 0 3 0 0 3 0 3
0.00027119863287066977 2 2 0 0 3 0 3 0 0 3 3 0
0.0005019498526620585 2 2 0 0 3 0 3 0 1 1 0 0
0.0005019498526620585 2 2 0 0 3 0 3 0 2 2 0 0
-0.0021683038399479206 2 2 0 0 3 0 3 0 3 0 0 0
-0.00028594590142085307 2 2 0 0 3 0 3 0 3 0 0 3
-0.0002711986328706679 2 2 0 0 3 0 3 0 3 0 3 0
0.0002426050022844778 2 2 0 0 3 0 3 3 0 3 0 0
-0.00024260500228447611 2 2 0 0 3 0 3 3 3 0 0 0
0.0001231392506130654 2 2 0 0 3 3 3 0 0 3 0 0
-0.00012313925061306456 2 2 0 0 3 3 3 0 3 0 0 0
0.0002935332398395303 2 2 0 1 0 1 0 0 1 0 0 1
0.0002935332398395303 2 2 0 1 0 1 0 0 2 0 0 2
0.00040230894049882176 2 2 0 1 0 1 1 1 0 2 0 2
-0.00035576407952294303 2 2 0 1 0 1 1 2 0 1 0 2
-4.654486097587878e-05 2 2 0 1 0 1 1 2 0 2 0 1
-4.654486097587878e-05 2 2 0 1 0 1 2 1 0 1 0 2
-0.00035576407952294303 2 2 0 1 0 1 2 1 0 2 0 1
0.00040230894049882176 2 2 0 1 0 1 2 2 0 1 0 1
0.0002846983471830205 2 2 0 1 0 1 3 0 1 0 3 1
-2.930012455194934e-05 2 2 0 1 0 1 3 0 1 3 0 1
0.0002846983471830205 2 2 0 1 0 1 3 0 2 0 3 2
-2.930012455194934e-05 2 2 0 1 0 1 3 0 2 3 0 2
-6.206592562899089e-05 2 2 0 1 0 2 3 0 0 1 3 2
6.206592562899089e-05 2 2 0 1 0 2 3 0 0 2 3 1
1.3412659172516202e-05 2 2 0 1 0 2 3 0 3 1 0 2
-1.3412659172516202e-05 2 2 0 1 0 2 3 0 3 2 0 1
-4.498248088988558e-08 2 2 0 1 0 2 3 1 3 0 2 0
4.498248088988558e-08 2 2 0 1 0 2 3 2 3 0 1 0
-7.077533033366655e-05 2 2 0 1 0 2 3 3 0 1 0 2
7.077533033366655e-05 2 2 0 1 0 2 3 3 0 2 0 1
0.0002966910356370219 2 2 0 1 1 0 0 0 1 0 1 0
0.0002966910356370219 2 2 0 1 1 0 0 0 2 0 2 0
0.0004066369323892633 2 2 0 1 1 0 1 1 0 2 2 0
-0.00035959134731663545 2 2 0 1 1 0 1 2 0 1 2 0
-4.704558507262783e-05 2 2 0 1 1 0 1 2 0 2 1 0
-4.704558507262783e-05 2 2 0 1 1 0 2 1 0 1 2 0
-0.00035959134731663545 2 2 0 1 1 0 2 1 0 2 1 0
0.0004066369323892633 2 2 0 1 1 0 2 2 0 1 1 0
0.00029226810012533016 2 2 0 1 1 0 3 0 1 0 1 3
-2.8109612902623993e-05 2 2 0 1 1 0 3 0 1 3 1 0
0.00029226810012533016 2 2 0 1 1 0 3 0 2 0 2 3
-2.8109612902623993e-05 2 2 0 1 1 0 3 0 2 3 2 0
0.00025581166052620605 2 2 0 1 1 3 3 0 1 0 1 0
0.00025581166052620605 2 2 0 1 1 3 3 0 2 0 2 0
-4.381743322673159e-08 2 2 0 1 1 3 3 1 3 0 3 1
-4.381743322673159e-08 2 2 0 1 1 3 3 2 3 0 3 2
-6.371617659741392e-05 2 2 0 1 2 0 3 0 0 1 2 3
6.371617659741392e-05 2 2 0 1 2 0 3 0 0 2 1 3
1.2867681045716782e-05 2 2 0 1 2 0 3 0 3 1 2 0
-1.2867681045716782e-05 2 2 0 1 2 0 3 0 3 2 1 0
-7.153672294738188e-05 2 2 0 1 2 0 3 3 0 1 2 0
7.153672294738188e-05 2 2 0 1 2 0 3 3 0 2 1 0
-5.594363479897059e-05 2 2 0 1 2 3 3 0 0 1 2 0
5.594363479897059e-05 2 2 0 1 2 3 3 0 0 2 1 0
0.00026190072222388657 2 2 0 1 3 1 3 0 1 0 0 1
0.00026190072222388657 2 2 0 1 3 1 3 0 2 0 0 2
-5.691607271002153e-05 2 2 0 1 3 2 3 0 0 1 0 2
5.691607271002153e-05 2 2 0 1 3 2 3 0 0 2 0 1
7.077533033366666e-05 2 2 0 2 0 1 0 0 0 1 0 2
-7.077533033366666e-05 2 2 0 2 0 1 0 0 0 2 0 1
-7.07753303336665e-05 2 2 0 2 0 1 1 2 1 0 0 1
-7.077533033366682e-05 2 2 0 2 0 1 1 2 2 0 0 2
7.077533033366682e-05 2 2 0 2 0 1 2 1 1 0 0 1
7.07753303336665e-05 2 2 0 2 0 1 2 1 2 0 0 2
6.206592562899082e-05 2 2 0 2 0 1 3 0 0 1 3 2
-6.206592562899082e-05 2 2 0 2 0 1 3 0 0 2 3 1
-1.3412659172516202e-05 2 2 0 2 0 1 3 0 3 1 0 2
1.3412659172516202e-05 2 2 0 2 0 1 3 0 3 2 0 1
-5.9839609315598134e-05 2 2 0 2 0 1 3 1 3 0 2 0
5.9839609315598134e-05 2 2 0 2 0 1 3 2 3 0 1 0
0.00027469250048896987 2 2 0 2 0 2 1 3 3 0 1 0
0.00027469250048896987 2 2 0 2 0 2 2 3 3 0 2 0
-1.353073933269812e-05 2 2 0 2 0 2 3 0 1 0 3 1
-2.930012455194934e-05 2 2 0 2 0 2 3 0 1 3 0 1
-1.353073933269812e-05 2 2 0 2 0 2 3 0 2 0 3 2
-2.930012455194934e-05 2 2 0 2 0 2 3 0 2 3 0 2
1.568597870753381e-05 2 2 0 2 0 2 3 3 1 0 0 1
1.568597870753381e-05 2 2 0 2 0 2 3 3 2 0 0 2
7.153672294738195e-05 2 2 0 2 1 0 0 0 0 1 2 0
-7.153672294738195e-05 2 2 0 2 1 0 0 0 0 2 1 0
-7.153672294738182e-05 2 2 0 2 1 0 1 2 1 0 1 0
-7.15367229473821e-05 2 2 0 2 1 0 1 2 2 0 2 0
7.15367229473821e-05 2 2 0 2 1 0 2 1 1 0 1 0
7.153672294738182e-05 2 2 0 2 1 0 2 1 2 0 2 0
6.37161765974139e-05 2 2 0 2 1 0 3 0 0 1 2 3
-6.37161765974139e-05 2 2 0 2 1 0 3 0 0 2 1 3
-1.2867681045716782e-05 2 2 0 2 1 0 3 0 3 1 2 0
1.2867681045716782e-05 2 2 0 2 1 0 3 0 3 2 1 0
-0.0002675779561274227 2 2 0 2 1 3 1 3 3 0 3 2
0.0002675779561274227 2 2 0 2 1 3 2 3 3 0 3 1
5.594363479897052e-05 2 2 0 2 1 3 3 0 0 1 2 0
-5.594363479897052e-05 2 2 0 2 1 3 3 0 0 2 1 0
-1.3890503816365704e-05 2 2 0 2 2 0 3 0 1 0 1 3
-2.8109612902623993e-05 2 2 0 2 2 0 3 0 1 3 1 0
-1.3890503816365704e-05 2 2 0 2 2 0 3 0 2 0 2 3
-2.8109612902623993e-05 2 2 0 2 2 0 3 0 2 3 2 0
1.585472660698559e-05 2 2 0 2 2 0 3 3 1 0 1 0
1.585472660698559e-05 2 2 0 2 2 0 3 3 2 0 2 0
-1.139249704557675e-05 2 2 0 2 2 3 3 0 1 0 1 0
-1.139249704557675e-05 2 2 0 2 2 3 3 0 2 0 2 0
5.8289761561124896e-05 2 2 0 2 2 3 3 1 3 0 3 1
5.8289761561124896e-05 2 2 0 2 2 3 3 2 3 0 3 2
5.6916072710021504e-05 2 2 0 2 3 1 3 0 0 1 0 2
-5.6916072710021504e-05 2 2 0 2 3 1 3 0 0 2 0 1
-1.3232952773873482e-05 2 2 0 2 3 2 3 0 1 0 0 1
-1.3232952773873482e-05 2 2 0 2 3 2 3 0 2 0 0 2
-0.00945224010936769 2 2 0 3 0 0 0 0 0 0 0 0
-0.0010246185307950216 2 2 0 3 0 0 0 0 0 0 0 3
-0.0010159871157155674 2 2 0 3 0 0 0 0 0 0 3 0
-0.0005321793557797577 2 2 0 3 0 0 0 0 0 3 0 0
0.0046627817573472 2 2 0 3 0 0 0 0 1 1 0 0
0.0005054434227602916 2 2 0 3 0 0 0 0 1 1 0 3
0.0005011855532704249 2 2 0 3 0 0 0 0 1 1 3 0
0.0046627817573472 2 2 0 3 0 0 0 0 2 2 0 0
0.0005054434227602916 2 2 0 3 0 0 0 0 2 2 0 3
0.0005011855532704249 2 2 0 3 0 0 0 0 2 2 3 0
0.0005755163086096919 2 2 0 3 0 0 0 0 3 0 0 0
-0.0010351061702788475 2 2 0 3 0 0 0 3 0 0 0 0
0.0007512881945902298 2 2 0 3 0 0 0 3 1 1 0 0
0.0007512881945902298 2 2 0 3 0 0 0 3 2 2 0 0
74.45141930762799 2 2 0 3 0 0 3 0 0 0 0 0
-0.009479856528976704 2 2 0 3 0 0 3 0 0 0 0 3
-0.009602059063506916 2 2 0 3 0 0 3 0 0 0 3 0
0.0006796449506807788 2 2 0 3 0 0 3 0 0 0 3 3
-0.007305807127936811 2 2 0 3 0 0 3 0 0 3 0 0
-0.0007786674588716803 2 2 0 3 0 0 3 0 0 3 0 3
-0.0007748922216501134 2 2 0 3 0 0 3 0 0 3 3 0
-36.730428344875655 2 2 0 3 0 0 3 0 1 1 0 0
0.0046764049129236806 2 2 0 3 0 0 3 0 1 1 0 3
0.004736687316048877 2 2 0 3 0 0 3 0 1 1 3 0
0.00026899925911705986 2 2 0 3 0 0 3 0 1 1 3 3
-36.730428344875655 2 2 0 3 0 0 3 0 2 2 0 0
0.0046764049129236806 2 2 0 3 0 0 3 0 2 2 0 3
0.004736687316048877 2 2 0 3 0 0 3 0 2 2 3 0
0.00026899925911705986 2 2 0 3 0 0 3 0 2 2 3 3
-0.011567774107753545 2 2 0 3 0 0 3 0 3 0 0 0
-0.0012675662003659301 2 2 0 3 0 0 3 0 3 0 0 3
-0.0012601807357094986 2 2 0 3 0 0 3 0 3 0 3 0
-0.0010357280596586592 2 2 0 3 0 0 3 0 3 3 0 0
-0.009452240109367623 2 2 0 3 0 0 3 3 0 0 0 0
-0.0010246185307950214 2 2 0 3 0 0 3 3 0 0 0 3
-0.001015987115715567 2 2 0 3 0 0 3 3 0 0 3 0
0.0013669773914235812 2 2 0 3 0 0 3 3 0 3 0 0
0.004662781757347168 2 2 0 3 0 0 3 3 1 1 0 0
0.0005054434227602914 2 2 0 3 0 0 3 3 1 1 0 3
0.0005011855532704247 2 2 0 3 0 0 3 3 1 1 3 0
0.004662781757347168 2 2 0 3 0 0 3 3 2 2 0 0
0.0005054434227602914 2 2 0 3 0 0 3 3 2 2 0 3
0.0005011855532704247 2 2 0 3 0 0 3 3 2 2 3 0
-0.001323640438593644 2 2 0 3 0 0 3 3 3 0 0 0
-0.0010823558246811436 2 2 0 3 0 3 0 0 0 0 0 0
0.0005339251792048825 2 2 0 3 0 3 0 0 1 1 0 0
0.0005339251792048825 2 2 0 3 0 3 0 0 2 2 0 0
-0.009479856528976703 2 2 0 3 0 3 3 0 0 0 0 0
-0.001217151176035591 2 2 0 3 0 3 3 0 0 0 0 3
-0.001207568922396068 2 2 0 3 0 3 3 0 0 0 3 0
-0.0008514763812433066 2 2 0 3 0 3 3 0 0 3 0 0
0.00467640491292368 2 2 0 3 0 3 3 0 1 1 0 0
0.0006004196078269213 2 2 0 3 0 3 3 0 1 1 0 3
0.0006231717672267111 2 2 0 3 0 3 3 0 1 1 3 0
0.00467640491292368 2 2 0 3 0 3 3 0 2 2 0 0
0.0006004196078269213 2 2 0 3 0 3 3 0 2 2 0 3
0.0006231717672267111 2 2 0 3 0 3 3 0 2 2 3 0
-0.0013135498043925242 2 2 0 3 0 3 3 0 3 0 0 0
-0.0017738486808352664 2 2 0 3 0 3 3 1 3 1 1 1
-0.0017723702623077817 2 2 0 3 0 3 3 1 3 1 2 2
-1.478418527484955e-06 2 2 0 3 0 3 3 1 3 2 2 1
-1.478418527484955e-06 2 2 0 3 0 3 3 2 3 1 1 2
-0.0017723702623077817 2 2 0 3 0 3 3 2 3 2 1 1
-0.0017738486808352664 2 2 0 3 0 3 3 2 3 2 2 2
-0.0010823558246811432 2 2 0 3 0 3 3 3 0 0 0 0
0.0005339251792048823 2 2 0 3 0 3 3 3 1 1 0 0
0.0005339251792048823 2 2 0 3 0 3 3 3 2 2 0 0
-0.0016978534389907663 2 2 0 3 1 1 3 1 3 1 3 0
-0.0016978534389907663 2 2 0 3 1 1 3 2 3 2 3 0
7.967400286404667e-07 2 2 0 3 1 2 1 3 3 2 3 0
-7.967400286404667e-07 2 2 0 3 1 2 2 3 3 1 3 0
0.001761431770850442 2 2 0 3 1 2 3 0 0 0 1 2
-0.001761431770850442 2 2 0 3 1 2 3 0 0 0 2 1
-0.0003252858214528369 2 2 0 3 1 2 3 0 1 1 1 2
0.0003563107503967727 2 2 0 3 1 2 3 0 1 1 2 1
-3.102492894393583e-05 2 2 0 3 1 2 3 0 1 2 1 1
3.102492894393583e-05 2 2 0 3 1 2 3 0 2 1 2 2
-0.0003563107503967727 2 2 0 3 1 2 3 0 2 2 1 2
0.0003252858214528369 2 2 0 3 1 2 3 0 2 2 2 1
-0.001761431770850442 2 2 0 3 2 1 3 0 0 0 1 2
0.001761431770850442 2 2 0 3 2 1 3 0 0 0 2 1
0.0003563107503967727 2 2 0 3 2 1 3 0 1 1 1 2
-0.0003252858214528369 2 2 0 3 2 1 3 0 1 1 2 1
-3.102492894393582e-05 2 2 0 3 2 1 3 0 1 2 1 1
3.102492894393582e-05 2 2 0 3 2 1 3 0 2 1 2 2
0.0003252858214528369 2 2 0 3 2 1 3 0 2 2 1 2
-0.0003563107503967727 2 2 0 3 2 1 3 0 2 2 2 1
-0.001698027133035191 2 2 0 3 2 2 3 1 3 1 3 0
-0.001698027133035191 2 2 0 3 2 2 3 2 3 2 3 0
-0.0010743455405648873 2 2 0 3 3 0 0 0 0 0 0 0
0.0005299737130744958 2 2 0 3 3 0 0 0 1 1 0 0
0.0005299737130744958 2 2 0 3 3 0 0 0 2 2 0 0
-0.009602059063506913 2 2 0 3 3 0 3 0 0 0 0 0
-0.001207568922396068 2 2 0 3 3 0 3 0 0 0 0 3
-0.0012009688138674447 2 2 0 3 3 0 3 0 0 0 3 0
-0.0008447427992507287 2 2 0 3 3 0 3 0 0 3 0 0
0.004736687316048875 2 2 0 3 3 0 3 0 1 1 0 0
0.0006246524584713404 2 2 0 3 3 0 3 0 1 1 0 3
0.0005924368627595761 2 2 0 3 3 0 3 0 1 1 3 0
0.004736687316048875 2 2 0 3 3 0 3 0 2 2 0 0
0.0006246524584713404 2 2 0 3 3 0 3 0 2 2 0 3
0.0005924368627595761 2 2 0 3 3 0 3 0 2 2 3 0
-0.0013042959512186796 2 2 0 3 3 0 3 0 3 0 0 0
-0.001074345540564887 2 2 0 3 3 0 3 3 0 0 0 0
0.0005299737130744956 2 2 0 3 3 0 3 3 1 1 0 0
0.0005299737130744956 2 2 0 3 3 0 3 3 2 2 0 0
0.00044100314094538186 2 2 0 3 3 3 3 0 0 0 0 0
0.00026899925911705986 2 2 0 3 3 3 3 0 1 1 0 0
0.00026899925911705986 2 2 0 3 3 3 3 0 2 2 0 0
0.0004023089404988214 2 2 1 0 0 1 1 1 2 0 0 2
-4.6544860975878835e-05 2 2 1 0 0 1 1 2 1 0 0 2
-0.00035576407952294254 2 2 1 0 0 1 1 2 2 0 0 1
-0.00035576407952294254 2 2 1 0 0 1 2 1 1 0 0 2
-4.6544860975878835e-05 2 2 1 0 0 1 2 1 2 0 0 1
0.0004023089404988214 2 2 1 0 0 1 2 2 1 0 0 1
3.091828128592207e-05 2 2 1 0 0 2 0 1 0 0 2 0
-3.091828128592207e-05 2 2 1 0 0 2 0 2 0 0 1 0
6.206592562899115e-05 2 2 1 0 0 2 3 0 1 0 3 2
-1.3412659172516278e-05 2 2 1 0 0 2 3 0 1 3 0 2
-6.206592562899115e-05 2 2 1 0 0 2 3 0 2 0 3 1
1.3412659172516278e-05 2 2 1 0 0 2 3 0 2 3 0 1
0.00027266722441289466 2 2 1 0 0 2 3 0 3 1 0 2
-0.00027266722441289466 2 2 1 0 0 2 3 0 3 2 0 1
1.7669261137783658e-05 2 2 1 0 0 2 3 1 0 3 2 0
-4.763464719690735e-05 2 2 1 0 0 2 3 1 3 0 2 0
-1.7669261137783658e-05 2 2 1 0 0 2 3 2 0 3 1 0
4.763464719690735e-05 2 2 1 0 0 2 3 2 3 0 1 0
7.077533033366667e-05 2 2 1 0 0 2 3 3 1 0 0 2
-7.077533033366667e-05 2 2 1 0 0 2 3 3 2 0 0 1
0.000406636932389263 2 2 1 0 1 0 1 1 2 0 2 0
-4.704558507262785e-05 2 2 1 0 1 0 1 2 1 0 2 0
-0.0003595913473166352 2 2 1 0 1 0 1 2 2 0 1 0
-0.0003595913473166352 2 2 1 0 1 0 2 1 1 0 2 0
-4.704558507262785e-05 2 2 1 0 1 0 2 1 2 0 1 0
0.000406636932389263 2 2 1 0 1 0 2 2 1 0 1 0
-7.965294179840852e-07 2 2 1 0 1 0 3 1 0 0 3 1
-7.965294179840852e-07 2 2 1 0 1 0 3 2 0 0 3 2
3.0117496832761076e-05 2 2 1 0 1 3 0 1 0 0 3 1
3.0117496832761076e-05 2 2 1 0 1 3 0 2 0 0 3 2
1.7991565131759492e-05 2 2 1 0 1 3 3 1 0 3 3 1
-4.875369121952366e-05 2 2 1 0 1 3 3 1 3 0 3 1
1.7991565131759492e-05 2 2 1 0 1 3 3 2 0 3 3 2
-4.875369121952366e-05 2 2 1 0 1 3 3 2 3 0 3 2
6.371617659741418e-05 2 2 1 0 2 0 3 0 1 0 2 3
-1.2867681045716857e-05 2 2 1 0 2 0 3 0 1 3 2 0
-6.371617659741418e-05 2 2 1 0 2 0 3 0 2 0 1 3
1.2867681045716857e-05 2 2 1 0 2 0 3 0 2 3 1 0
0.0002615883122233844 2 2 1 0 2 0 3 0 3 1 2 0
-0.0002615883122233844 2 2 1 0 2 0 3 0 3 2 1 0
7.153672294738199e-05 2 2 1 0 2 0 3 3 1 0 2 0
-7.153672294738199e-05 2 2 1 0 2 0 3 3 2 0 1 0
5.594363479897082e-05 2 2 1 0 2 3 3 0 1 0 2 0
-5.594363479897082e-05 2 2 1 0 2 3 3 0 2 0 1 0
5.691607271002176e-05 2 2 1 0 3 2 3 0 1 0 0 2
-5.691607271002176e-05 2 2 1 0 3 2 3 0 2 0 0 1
8.050983870387101e-07 2 2 1 0 3 2 3 1 0 0 2 0
-8.050983870387101e-07 2 2 1 0 3 2 3 2 0 0 1 0
0.004330797160082168 2 2 1 1 0 0 0 0 0 0 0 0
-0.04339188925851698 2 2 1 1 0 0 0 0 3 0 0 0
-0.004703661069339481 2 2 1 1 0 0 0 0 3 0 0 3
-0.004664037297308892 2 2 1 1 0 0 0 0 3 0 3 0
-0.004199693650633106 2 2 1 1 0 0 0 0 3 3 0 0
-0.004688728432559052 2 2 1 1 0 0 0 3 3 0 0 0
0.010041985768339382 2 2 1 1 0 0 1 1 2 2 0 0
-0.0005139017096304398 2 2 1 1 0 0 1 2 1 2 0 0
-0.009528084058708938 2 2 1 1 0 0 1 2 2 1 0 0
-0.009528084058708938 2 2 1 1 0 0 2 1 1 2 0 0
-0.0005139017096304398 2 2 1 1 0 0 2 1 2 1 0 0
0.010041985768339382 2 2 1 1 0 0 2 2 1 1 0 0
-0.04332096611040726 2 2 1 1 0 0 3 0 0 0 0 0
-0.004696767290681322 2 2 1 1 0 0 3 0 0 0 0 3
-0.004671149874368683 2 2 1 1 0 0 3 0 0 0 3 0
-0.004691377959044832 2 2 1 1 0 0 3 0 0 3 0 0
341.7801429486729 2 2 1 1 0 0 3 0 3 0 0 0
-0.0435186664676786 2 2 1 1 0 0 3 0 3 0 0 3
-0.04407965505705964 2 2 1 1 0 0 3 0 3 0 3 0
0.003115581555943705 2 2 1 1 0 0 3 0 3 0 3 3
-0.04332096611040736 2 2 1 1 0 0 3 0 3 3 0 0
-0.0046967672906813255 2 2 1 1 0 0 3 0 3 3 0 3
-0.004671149874368683 2 2 1 1 0 0 3 0 3 3 3 0
-0.0041996936506331 2 2 1 1 0 0 3 3 0 0 0 0
-0.04339188925851668 2 2 1 1 0 0 3 3 3 0 0 0
-0.004703661069339479 2 2 1 1 0 0 3 3 3 0 0 3
-0.00466403729730889 2 2 1 1 0 0 3 3 3 0 3 0
0.004330797160082169 2 2 1 1 0 0 3 3 3 3 0 0
-0.004968712552734421 2 2 1 1 0 3 0 0 3 0 0 0
-0.0049694345150942155 2 2 1 1 0 3 3 0 0 0 0 0
-0.043518666467678595 2 2 1 1 0 3 3 0 3 0 0 0
-0.00558751030764316 2 2 1 1 0 3 3 0 3 0 0 3
-0.005543521572278606 2 2 1 1 0 3 3 0 3 0 3 0
-0.004969434515094219 2 2 1 1 0 3 3 0 3 3 0 0
0.0004025456903057464 2 2 1 1 0 3 3 1 0 1 1 1
0.000402218042201605 2 2 1 1 0 3 3 1 0 1 2 2
3.2764810414143206e-07 2 2 1 1 0 3 3 1 0 2 2 1
3.2764810414143206e-07 2 2 1 1 0 3 3 2 0 1 1 2
0.000402218042201605 2 2 1 1 0 3 3 2 0 2 1 1
0.0004025456903057464 2 2 1 1 0 3 3 2 0 2 2 2
-0.004968712552734418 2 2 1 1 0 3 3 3 3 0 0 0
0.0003847551171142666 2 2 1 1 1 1 3 1 0 1 3 0
0.0003847551171142666 2 2 1 1 1 1 3 2 0 2 3 0
-2.072094935410435e-06 2 2 1 1 1 2 1 3 0 2 3 0
2.072094935410435e-06 2 2 1 1 1 2 2 3 0 1 3 0
0.008082136680913959 2 2 1 1 1 2 3 0 3 0 1 2
-0.008082136680913959 2 2 1 1 1 2 3 0 3 0 2 1
2.072094935410445e-06 2 2 1 1 1 2 3 1 2 0 3 0
-2.072094935410445e-06 2 2 1 1 1 2 3 2 1 0 3 0
-0.008082136680913959 2 2 1 1 2 1 3 0 3 0 1 2
0.008082136680913959 2 2 1 1 2 1 3 0 3 0 2 1
0.0003847551171142666 2 2 1 1 2 2 3 1 0 1 3 0
0.0003847551171142666 2 2 1 1 2 2 3 2 0 2 3 0
-0.004931940173141843 2 2 1 1 3 0 0 0 3 0 0 0
-0.0049327381865920655 2 2 1 1 3 0 3 0 0 0 0 0
-0.04407965505705962 2 2 1 1 3 0 3 0 3 0 0 0
-0.005543521572278606 2 2 1 1 3 0 3 0 3 0 0 3
-0.005513222809757287 2 2 1 1 3 0 3 0 3 0 3 0
-0.004932738186592067 2 2 1 1 3 0 3 0 3 3 0 0
-0.004931940173141841 2 2 1 1 3 0 3 3 3 0 0 0
0.0020209027258852614 2 2 1 1 3 3 3 0 3 0 0 0
-0.0019811794112759113 2 2 1 2 0 0 0 0 1 2 0 0
0.0019811794112759113 2 2 1 2 0 0 0 0 2 1 0 0
-0.0020632020753484845 2 2 1 2 0 0 1 2 0 0 0 0
0.0020632020753484797 2 2 1 2 0 0 1 2 3 3 0 0
0.0020632020753484845 2 2 1 2 0 0 2 1 0 0 0 0
-0.0020632020753484797 2 2 1 2 0 0 2 1 3 3 0 0
0.0019811794112759096 2 2 1 2 0 0 3 3 1 2 0 0
-0.0019811794112759096 2 2 1 2 0 0 3 3 2 1 0 0
-7.142922698827263e-08 2 2 1 2 0 3 3 1 1 0 2 1
8.775734430493842e-05 2 2 1 2 0 3 3 1 2 0 1 1
8.768591507795015e-05 2 2 1 2 0 3 3 1 2 0 2 2
-8.768591507795015e-05 2 2 1 2 0 3 3 2 1 0 1 1
-8.775734430493842e-05 2 2 1 2 0 3 3 2 1 0 2 2
7.142922698827263e-08 2 2 1 2 0 3 3 2 2 0 1 2
8.37051999515288e-05 2 2 1 2 1 1 3 1 2 0 3 0
-8.37051999515288e-05 2 2 1 2 1 1 3 2 1 0 3 0
-7.911284390187597e-06 2 2 1 2 1 2 1 3 1 0 3 0
-7.911284390187597e-06 2 2 1 2 1 2 2 3 2 0 3 0
-9.504764447468555e-06 2 2 1 2 1 2 3 1 0 1 3 0
-9.504764447468555e-06 2 2 1 2 1 2 3 2 0 2 3 0
7.92951742597708e-06 2 2 1 2 2 2 3 0 3 0 1 2
-7.92951742597708e-06 2 2 1 2 2 2 3 0 3 0 2 1
8.405258804037817e-05 2 2 1 2 2 2 3 1 2 0 3 0
-8.405258804037817e-05 2 2 1 2 2 2 3 2 1 0 3 0
-7.077533033366682e-05 2 2 1 3 0 1 1 2 3 1 0 2
7.07753303336665e-05 2 2 1 3 0 1 1 2 3 2 0 1
7.07753303336665e-05 2 2 1 3 0 1 2 1 3 1 0 2
-7.077533033366682e-05 2 2 1 3 0 1 2 1 3 2 0 1
-2.93001245519493e-05 2 2 1 3 0 2 3 0 0 1 0 2
2.93001245519493e-05 2 2 1 3 0 2 3 0 0 2 0 1
5.9396263199110264e-05 2 2 1 3 0 2 3 0 1 0 0 2
-5.9396263199110264e-05 2 2 1 3 0 2 3 0 2 0 0 1
0.0002846983471830207 2 2 1 3 0 2 3 0 3 1 3 2
-0.0002846983471830207 2 2 1 3 0 2 3 0 3 2 3 1
2.0633605044526928e-07 2 2 1 3 0 2 3 1 0 0 2 0
7.429814679170066e-05 2 2 1 3 0 2 3 1 1 1 2 0
-7.793147382927269e-05 2 2 1 3 0 2 3 1 2 1 1 0
-3.6333270375720134e-06 2 2 1 3 0 2 3 1 2 2 2 0
-2.0633605044526928e-07 2 2 1 3 0 2 3 2 0 0 1 0
3.6333270375720134e-06 2 2 1 3 0 2 3 2 1 1 1 0
7.793147382927269e-05 2 2 1 3 0 2 3 2 1 2 2 0
-7.429814679170066e-05 2 2 1 3 0 2 3 2 2 2 1 0
0.00029353323983952987 2 2 1 3 0 2 3 3 3 1 0 2
-0.00029353323983952987 2 2 1 3 0 2 3 3 3 2 0 1
-7.15367229473821e-05 2 2 1 3 1 0 1 2 3 1 2 0
7.153672294738182e-05 2 2 1 3 1 0 1 2 3 2 1 0
7.153672294738182e-05 2 2 1 3 1 0 2 1 3 1 2 0
-7.15367229473821e-05 2 2 1 3 1 0 2 1 3 2 1 0
2.009919402796592e-07 2 2 1 3 1 3 3 1 0 0 3 1
7.59514244112735e-05 2 2 1 3 1 3 3 1 1 1 3 1
8.000356876468314e-05 2 2 1 3 1 3 3 1 2 1 3 2
-4.05214435340964e-06 2 2 1 3 1 3 3 1 2 2 3 1
2.009919402796592e-07 2 2 1 3 1 3 3 2 0 0 3 2
-4.05214435340964e-06 2 2 1 3 1 3 3 2 1 1 3 2
8.000356876468314e-05 2 2 1 3 1 3 3 2 1 2 3 1
7.59514244112735e-05 2 2 1 3 1 3 3 2 2 2 3 2
-2.810961290262396e-05 2 2 1 3 2 0 3 0 0 1 2 0
2.810961290262396e-05 2 2 1 3 2 0 3 0 0 2 1 0
5.698289655489814e-05 2 2 1 3 2 0 3 0 1 0 2 0
-5.698289655489814e-05 2 2 1 3 2 0 3 0 2 0 1 0
0.00029226810012533027 2 2 1 3 2 0 3 0 3 1 2 3
-0.00029226810012533027 2 2 1 3 2 0 3 0 3 2 1 3
0.0002966910356370217 2 2 1 3 2 0 3 3 3 1 2 0
-0.0002966910356370217 2 2 1 3 2 0 3 3 3 2 1 0
0.0002558116605262063 2 2 1 3 2 3 3 0 3 1 2 0
-0.0002558116605262063 2 2 1 3 2 3 3 0 3 2 1 0
0.0002619007222238866 2 2 1 3 3 2 3 0 3 1 0 2
-0.0002619007222238866 2 2 1 3 3 2 3 0 3 2 0 1
-7.077533033366674e-05 2 2 2 0 0 1 0 0 1 0 0 2
7.077533033366674e-05 2 2 2 0 0 1 0 0 2 0 0 1
-3.091828128592207e-05 2 2 2 0 0 1 0 1 0 0 2 0
3.091828128592207e-05 2 2 2 0 0 1 0 2 0 0 1 0
-6.20659256289909e-05 2 2 2 0 0 1 3 0 1 0 3 2
1.3412659172516278e-05 2 2 2 0 0 1 3 0 1 3 0 2
6.20659256289909e-05 2 2 2 0 0 1 3 0 2 0 3 1
-1.3412659172516278e-05 2 2 2 0 0 1 3 0 2 3 0 1
1.3163439627194553e-05 2 2 2 0 0 1 3 0 3 1 0 2
-1.3163439627194553e-05 2 2 2 0 0 1 3 0 3 2 0 1
0.0002956247112371958 2 2 2 0 0 1 3 1 0 0 2 3
0.00027987408104876297 2 2 2 0 0 1 3 1 0 3 2 0
1.7669261137783702e-05 2 2 2 0 0 1 3 1 3 0 2 0
-0.0002956247112371958 2 2 2 0 0 1 3 2 0 0 1 3
-0.00027987408104876297 2 2 2 0 0 1 3 2 0 3 1 0
-1.7669261137783702e-05 2 2 2 0 0 1 3 2 3 0 1 0
6.444793769717405e-05 2 2 2 0 0 2 1 3 0 0 1 3
6.486621060599174e-05 2 2 2 0 0 2 1 3 0 3 1 0
-6.532631611640672e-06 2 2 2 0 0 2 1 3 3 0 1 0
6.444793769717405e-05 2 2 2 0 0 2 2 3 0 0 2 3
6.486621060599174e-05 2 2 2 0 0 2 2 3 0 3 2 0
-6.532631611640672e-06 2 2 2 0 0 2 2 3 3 0 2 0
-7.153672294738203e-05 2 2 2 0 1 0 0 0 1 0 2 0
7.153672294738203e-05 2 2 2 0 1 0 0 0 2 0 1 0
-5.7743384794576295e-05 2 2 2 0 1 0 1 3 0 0 3 2
5.7743384794576295e-05 2 2 2 0 1 0 2 3 0 0 3 1
-6.371617659741396e-05 2 2 2 0 1 0 3 0 1 0 2 3
1.2867681045716857e-05 2 2 2 0 1 0 3 0 1 3 2 0
6.371617659741396e-05 2 2 2 0 1 0 3 0 2 0 1 3
-1.2867681045716857e-05 2 2 2 0 1 0 3 0 2 3 1 0
1.2628587695299833e-05 2 2 2 0 1 0 3 0 3 1 2 0
-1.2628587695299833e-05 2 2 2 0 1 0 3 0 3 2 1 0
-6.514126097098247e-05 2 2 2 0 1 3 1 3 0 0 0 2
-6.659091745255281e-05 2 2 2 0 1 3 1 3 0 3 3 2
6.706325656065306e-06 2 2 2 0 1 3 1 3 3 0 3 2
6.514126097098247e-05 2 2 2 0 1 3 2 3 0 0 0 1
6.659091745255281e-05 2 2 2 0 1 3 2 3 0 3 3 1
-6.706325656065306e-06 2 2 2 0 1 3 2 3 3 0 3 1
-5.5943634798970574e-05 2 2 2 0 1 3 3 0 1 0 2 0
5.5943634798970574e-05 2 2 2 0 1 3 3 0 2 0 1 0
-0.00026566724624316223 2 2 2 0 2 0 3 1 0 0 3 1
-0.00026566724624316223 2 2 2 0 2 0 3 2 0 0 3 2
3.0117496832761076e-05 2 2 2 0 2 3 0 1 0 0 3 1
3.0117496832761076e-05 2 2 2 0 2 3 0 2 0 0 3 2
-0.00029880500683605166 2 2 2 0 2 3 3 1 0 0 0 1
-0.0002874630614449746 2 2 2 0 2 3 3 1 0 3 3 1
-1.799156513175953e-05 2 2 2 0 2 3 3 1 3 0 3 1
-0.00029880500683605166 2 2 2 0 2 3 3 2 0 0 0 2
-0.0002874630614449746 2 2 2 0 2 3 3 2 0 3 3 2
-1.799156513175953e-05 2 2 2 0 2 3 3 2 3 0 3 2
-5.691607271002153e-05 2 2 2 0 3 1 3 0 1 0 0 2
5.691607271002153e-05 2 2 2 0 3 1 3 0 2 0 0 1
0.0002677201645978612 2 2 2 0 3 1 3 1 0 0 2 0
-0.0002677201645978612 2 2 2 0 3 1 3 2 0 0 1 0
5.854009749909783e-05 2 2 2 0 3 2 1 3 0 0 1 0
5.854009749909783e-05 2 2 2 0 3 2 2 3 0 0 2 0
-8.202266407257173e-05 2 2 2 1 0 0 0 0 1 2 0 0
8.202266407257173e-05 2 2 2 1 0 0 0 0 2 1 0 0
8.202266407257046e-05 2 2 2 1 0 0 3 3 1 2 0 0
-8.202266407257046e-05 2 2 2 1 0 0 3 3 2 1 0 0
-1.5510128021364288e-06 2 2 2 1 0 3 1 3 0 1 1 2
-0.0019249085702415752 2 2 2 1 0 3 1 3 0 2 1 1
-0.0019264595830437116 2 2 2 1 0 3 1 3 0 2 2 2
0.0019264595830437116 2 2 2 1 0 3 2 3 0 1 1 1
0.0019249085702415752 2 2 2 1 0 3 2 3 0 1 2 2
1.5510128021364288e-06 2 2 2 1 0 3 2 3 0 2 2 1
-1.479583575148118e-06 2 2 2 1 0 3 3 1 1 0 2 1
0.0018387022387387764 2 2 2 1 0 3 3 1 2 0 1 1
0.0018372226551636285 2 2 2 1 0 3 3 1 2 0 2 2
-0.0018372226551636285 2 2 2 1 0 3 3 2 1 0 1 1
-0.0018387022387387764 2 2 2 1 0 3 3 2 1 0 2 2
1.479583575148118e-06 2 2 2 1 0 3 3 2 2 0 1 2
-0.0018381986758208271 2 2 2 1 1 1 1 3 0 2 3 0
0.0018381986758208271 2 2 2 1 1 1 2 3 0 1 3 0
7.929517425977191e-06 2 2 2 1 1 1 3 0 3 0 1 2
-7.929517425977191e-06 2 2 2 1 1 1 3 0 3 0 2 1
0.0017562181827158626 2 2 2 1 1 1 3 1 2 0 3 0
-0.0017562181827158626 2 2 2 1 1 1 3 2 1 0 3 0
-9.504764447468432e-06 2 2 2 1 1 2 1 3 1 0 3 0
-9.504764447468432e-06 2 2 2 1 1 2 2 3 2 0 3 0
7.911284390187497e-06 2 2 2 1 2 1 3 1 0 1 3 0
7.911284390187497e-06 2 2 2 1 2 1 3 2 0 2 3 0
-0.0018419954776027986 2 2 2 1 2 2 1 3 0 2 3 0
0.0018419954776027986 2 2 2 1 2 2 2 3 0 1 3 0
0.0017562181827158628 2 2 2 1 2 2 3 1 2 0 3 0
-0.0017562181827158628 2 2 2 1 2 2 3 2 1 0 3 0
-0.00021272739926591938 2 2 2 2 0 0 0 0 0 0 0 0
0.0020948117830966863 2 2 2 2 0 0 0 0 3 0 0 0
0.0002270766449702693 2 2 2 2 0 0 0 0 3 0 0 3
0.00022516374497999933 2 2 2 2 0 0 0 0 3 0 3 0
0.0002709641390973076 2 2 2 2 0 0 0 0 3 3 0 0
0.0001663232445098534 2 2 2 2 0 0 0 3 3 0 0 0
0.0020913878564391163 2 2 2 2 0 0 3 0 0 0 0 0
0.00022674383694992398 2 2 2 2 0 0 3 0 0 0 0 3
0.00022550711583772495 2 2 2 2 0 0 3 0 0 0 3 0
0.00016625572047616644 2 2 2 2 0 0 3 0 0 3 0 0
-16.49999816532249 2 2 2 2 0 0 3 0 3 0 0 0
0.002100932152504841 2 2 2 2 0 0 3 0 3 0 0 3
0.002128014760045086 2 2 2 2 0 0 3 0 3 0 3 0
-0.00014619547822166372 2 2 2 2 0 0 3 0 3 0 3 3
0.002091387856439121 2 2 2 2 0 0 3 0 3 3 0 0
0.00022674383694992417 2 2 2 2 0 0 3 0 3 3 0 3
0.00022550711583772495 2 2 2 2 0 0 3 0 3 3 3 0
0.00027096413909730773 2 2 2 2 0 0 3 3 0 0 0 0
0.002094811783096672 2 2 2 2 0 0 3 3 3 0 0 0
0.00022707664497026921 2 2 2 2 0 0 3 3 3 0 0 3
0.00022516374497999922 2 2 2 2 0 0 3 3 3 0 3 0
-0.00021272739926592025 2 2 2 2 0 0 3 3 3 3 0 0
0.00023987242270732633 2 2 2 2 0 3 0 0 3 0 0 0
-0.008829615974827735 2 2 2 2 0 3 1 3 1 0 1 1
-0.008836730519189283 2 2 2 2 0 3 1 3 1 0 2 2
7.114544361547131e-06 2 2 2 2 0 3 1 3 2 0 1 2
7.114544361547131e-06 2 2 2 2 0 3 2 3 1 0 2 1
-0.008836730519189283 2 2 2 2 0 3 2 3 2 0 1 1
-0.008829615974827735 2 2 2 2 0 3 2 3 2 0 2 2
0.00023990727657711847 2 2 2 2 0 3 3 0 0 0 0 0
0.002100932152504841 2 2 2 2 0 3 3 0 3 0 0 0
0.0002697458587454258 2 2 2 2 0 3 3 0 3 0 0 3
0.0002676222332767075 2 2 2 2 0 3 3 0 3 0 3 0
0.00023990727657711866 2 2 2 2 0 3 3 0 3 3 0 0
-0.008434184828883537 2 2 2 2 0 3 3 1 0 1 1 1
-0.008427397932626132 2 2 2 2 0 3 3 1 0 1 2 2
-6.786896257405604e-06 2 2 2 2 0 3 3 1 0 2 2 1
-6.786896257405604e-06 2 2 2 2 0 3 3 2 0 1 1 2
-0.008427397932626132 2 2 2 2 0 3 3 2 0 2 1 1
-0.008434184828883537 2 2 2 2 0 3 3 2 0 2 2 2
0.00023987242270732625 2 2 2 2 0 3 3 3 3 0 0 0
-0.008431874969987709 2 2 2 2 1 1 1 3 1 0 3 0
-0.008431874969987709 2 2 2 2 1 1 2 3 2 0 3 0
-0.00805503113726363 2 2 2 2 1 1 3 1 0 1 3 0
-0.00805503113726363 2 2 2 2 1 1 3 2 0 2 3 0
1.724706846561057e-06 2 2 2 2 1 2 1 3 0 2 3 0
-1.724706846561057e-06 2 2 2 2 1 2 2 3 0 1 3 0
-0.0003863964683493075 2 2 2 2 1 2 3 0 3 0 1 2
0.0003863964683493075 2 2 2 2 1 2 3 0 3 0 2 1
0.0003863964683493075 2 2 2 2 2 1 3 0 3 0 1 2
-0.0003863964683493075 2 2 2 2 2 1 3 0 3 0 2 1
1.7247068465610634e-06 2 2 2 2 2 1 3 1 2 0 3 0
-1.7247068465610634e-06 2 2 2 2 2 1 3 2 1 0 3 0
-0.008449291018825364 2 2 2 2 2 2 1 3 1 0 3 0
-0.008449291018825364 2 2 2 2 2 2 2 3 2 0 3 0
-0.008056624617320911 2 2 2 2 2 2 3 1 0 1 3 0
-0.008056624617320911 2 2 2 2 2 2 3 2 0 2 3 0
0.00023809717817708468 2 2 2 2 3 0 0 0 3 0 0 0
0.00023813570353302472 2 2 2 2 3 0 3 0 0 0 0 0
0.002128014760045085 2 2 2 2 3 0 3 0 3 0 0 0
0.0002676222332767075 2 2 2 2 3 0 3 0 3 0 0 3
0.0002661595128045758 2 2 2 2 3 0 3 0 3 0 3 0
0.0002381357035330248 2 2 2 2 3 0 3 0 3 3 0 0
0.00023809717817708457 2 2 2 2 3 0 3 3 3 0 0 0
-9.414878525314973e-05 2 2 2 2 3 3 3 0 3 0 0 0
-1.568597870753383e-05 2 2 2 3 0 1 0 0 3 1 0 2
1.568597870753383e-05 2 2 2 3 0 1 0 0 3 2 0 1
2.93001245519493e-05 2 2 2 3 0 1 3 0 0 1 0 2
-2.93001245519493e-05 2 2 2 3 0 1 3 0 0 2 0 1
-5.9396263199110264e-05 2 2 2 3 0 1 3 0 1 0 0 2
5.9396263199110264e-05 2 2 2 3 0 1 3 0 2 0 0 1
1.3530739332698064e-05 2 2 2 3 0 1 3 0 3 1 3 2
-1.3530739332698064e-05 2 2 2 3 0 1 3 0 3 2 3 1
0.0002744861644385247 2 2 2 3 0 1 3 1 0 0 2 0
-6.776551518006041e-05 2 2 2 3 0 1 3 1 1 1 2 0
-6.532631611640252e-06 2 2 2 3 0 1 3 1 2 1 1 0
-7.429814679170066e-05 2 2 2 3 0 1 3 1 2 2 2 0
-0.0002744861644385247 2 2 2 3 0 1 3 2 0 0 1 0
7.429814679170066e-05 2 2 2 3 0 1 3 2 1 1 1 0
6.532631611640252e-06 2 2 2 3 0 1 3 2 1 2 2 0
6.776551518006041e-05 2 2 2 3 0 1 3 2 2 2 1 0
5.988459179648775e-05 2 2 2 3 0 2 1 3 0 0 1 0
0.0003574741143047942 2 2 2 3 0 2 1 3 1 1 1 0
0.00038743950036391794 2 2 2 3 0 2 1 3 1 2 2 0
-2.9965386059123758e-05 2 2 2 3 0 2 1 3 2 2 1 0
5.988459179648775e-05 2 2 2 3 0 2 2 3 0 0 2 0
-2.9965386059123758e-05 2 2 2 3 0 2 2 3 1 1 2 0
0.00038743950036391794 2 2 2 3 0 2 2 3 2 1 1 0
0.0003574741143047942 2 2 2 3 0 2 2 3 2 2 2 0
-1.58547266069856e-05 2 2 2 3 1 0 0 0 3 1 2 0
1.58547266069856e-05 2 2 2 3 1 0 0 0 3 2 1 0
2.810961290262396e-05 2 2 2 3 1 0 3 0 0 1 2 0
-2.810961290262396e-05 2 2 2 3 1 0 3 0 0 2 1 0
-5.698289655489814e-05 2 2 2 3 1 0 3 0 1 0 2 0
5.698289655489814e-05 2 2 2 3 1 0 3 0 2 0 1 0
1.3890503816365657e-05 2 2 2 3 1 0 3 0 3 1 2 3
-1.3890503816365657e-05 2 2 2 3 1 0 3 0 3 2 1 3
-5.833357899435132e-05 2 2 2 3 1 3 1 3 0 0 3 2
-0.0003669788787522626 2 2 2 3 1 3 1 3 1 1 3 2
0.00039774100484002683 2 2 2 3 1 3 1 3 1 2 3 1
3.076212608776423e-05 2 2 2 3 1 3 1 3 2 2 3 2
5.833357899435132e-05 2 2 2 3 1 3 2 3 0 0 3 1
-3.076212608776423e-05 2 2 2 3 1 3 2 3 1 1 3 1
-0.00039774100484002683 2 2 2 3 1 3 2 3 2 1 3 2
0.0003669788787522626 2 2 2 3 1 3 2 3 2 2 3 1
1.1392497045576681e-05 2 2 2 3 1 3 3 0 3 1 2 0
-1.1392497045576681e-05 2 2 2 3 1 3 3 0 3 2 1 0
-0.00026737696418714326 2 2 2 3 2 3 3 1 0 0 3 1
6.924509875520852e-05 2 2 2 3 2 3 3 1 1 1 3 1
-6.706325656064953e-06 2 2 2 3 2 3 3 1 2 1 3 2
7.595142441127348e-05 2 2 2 3 2 3 3 1 2 2 3 1
-0.00026737696418714326 2 2 2 3 2 3 3 2 0 0 3 2
7.595142441127348e-05 2 2 2 3 2 3 3 2 1 1 3 2
-6.706325656064953e-06 2 2 2 3 2 3 3 2 1 2 3 1
6.924509875520852e-05 2 2 2 3 2 3 3 2 2 2 3 2
1.3232952773873442e-05 2 2 2 3 3 1 3 0 3 1 0 2
-1.3232952773873442e-05 2 2 2 3 3 1 3 0 3 2 0 1
0.00945224010936772 2 2 3 0 0 0 0 0 0 0 0 0
0.001024618530795025 2 2 3 0 0 0 0 0 0 0 0 3
0.001015987115715571 2 2 3 0 0 0 0 0 0 0 3 0
0.0013236404385936502 2 2 3 0 0 0 0 0 0 3 0 0
-0.0013669773914235794 2 2 3 0 0 0 0 0 3 0 0 0
0.0010351061702788505 2 2 3 0 0 0 0 3 0 0 0 0
-74.45141930762823 2 2 3 0 0 0 3 0 0 0 0 0
0.009479856528976737 2 2 3 0 0 0 3 0 0 0 0 3
0.009602059063506948 2 2 3 0 0 0 3 0 0 0 3 0
-0.000679644950680778 2 2 3 0 0 0 3 0 0 0 3 3
0.011567774107753606 2 2 3 0 0 0 3 0 0 3 0 0
0.001267566200365936 2 2 3 0 0 0 3 0 0 3 0 3
0.0012601807357095034 2 2 3 0 0 0 3 0 0 3 3 0
0.0007523784703668576 2 2 3 0 0 0 3 0 1 1 0 0
0.0007523784703668576 2 2 3 0 0 0 3 0 2 2 0 0
0.007305807127936842 2 2 3 0 0 0 3 0 3 0 0 0
0.0007786674588716848 2 2 3 0 0 0 3 0 3 0 0 3
0.0007748922216501185 2 2 3 0 0 0 3 0 3 0 3 0
0.0010357280596586657 2 2 3 0 0 0 3 0 3 3 0 0
2.9957464994033568e-05 2 2 3 0 0 0 3 1 1 0 1 1
2.9957464994033568e-05 2 2 3 0 0 0 3 1 2 0 2 1
2.9957464994033568e-05 2 2 3 0 0 0 3 2 1 0 1 2
2.9957464994033568e-05 2 2 3 0 0 0 3 2 2 0 2 2
0.009452240109367654 2 2 3 0 0 0 3 3 0 0 0 0
0.0010246185307950246 2 2 3 0 0 0 3 3 0 0 0 3
0.0010159871157155705 2 2 3 0 0 0 3 3 0 0 3 0
-0.000575516308609693 2 2 3 0 0 0 3 3 0 3 0 0
0.0005321793557797614 2 2 3 0 0 0 3 3 3 0 0 0
0.0010823558246811473 2 2 3 0 0 3 0 0 0 0 0 0
-0.00026708643234300193 2 2 3 0 0 3 0 1 1 0 1 1
-0.00026628564788984095 2 2 3 0 0 3 0 1 1 0 2 2
-8.007844531609913e-07 2 2 3 0 0 3 0 1 2 0 2 1
-8.007844531609913e-07 2 2 3 0 0 3 0 2 1 0 1 2
-0.00026628564788984095 2 2 3 0 0 3 0 2 2 0 1 1
-0.00026708643234300193 2 2 3 0 0 3 0 2 2 0 2 2
0.009479856528976736 2 2 3 0 0 3 3 0 0 0 0 0
0.001217151176035595 2 2 3 0 0 3 3 0 0 0 0 3
0.0012075689223960719 2 2 3 0 0 3 3 0 0 0 3 0
0.00131354980439253 2 2 3 0 0 3 3 0 0 3 0 0
0.0008514763812433112 2 2 3 0 0 3 3 0 3 0 0 0
-0.0002675199177843637 2 2 3 0 0 3 3 1 1 3 1 1
-0.0002667178336455577 2 2 3 0 0 3 3 1 1 3 2 2
-8.020841388060693e-07 2 2 3 0 0 3 3 1 2 3 2 1
0.0019027786376386705 2 2 3 0 0 3 3 1 3 1 1 1
0.0019013002191111857 2 2 3 0 0 3 3 1 3 1 2 2
1.4784185274849502e-06 2 2 3 0 0 3 3 1 3 2 2 1
-8.020841388060693e-07 2 2 3 0 0 3 3 2 1 3 1 2
-0.0002667178336455577 2 2 3 0 0 3 3 2 2 3 1 1
-0.0002675199177843637 2 2 3 0 0 3 3 2 2 3 2 2
1.4784185274849502e-06 2 2 3 0 0 3 3 2 3 1 1 2
0.0019013002191111857 2 2 3 0 0 3 3 2 3 2 1 1
0.0019027786376386705 2 2 3 0 0 3 3 2 3 2 2 2
0.0010823558246811468 2 2 3 0 0 3 3 3 0 0 0 0
-0.00029720392917576303 2 2 3 0 1 1 0 1 1 0 3 0
-0.00029720392917576303 2 2 3 0 1 1 0 2 2 0 3 0
3.075399441201766e-05 2 2 3 0 1 1 3 1 1 0 3 3
-0.0002976862957837672 2 2 3 0 1 1 3 1 1 3 3 0
0.001813544438526465 2 2 3 0 1 1 3 1 3 1 3 0
3.075399441201766e-05 2 2 3 0 1 1 3 2 2 0 3 3
-0.0002976862957837672 2 2 3 0 1 1 3 2 2 3 3 0
0.001813544438526465 2 2 3 0 1 1 3 2 3 2 3 0
6.601163471884634e-06 2 2 3 0 1 2 1 3 2 0 0 0
-6.7045529025977365e-06 2 2 3 0 1 2 1 3 2 0 3 3
-7.967400286404511e-07 2 2 3 0 1 2 1 3 3 2 3 0
-6.601163471884634e-06 2 2 3 0 1 2 2 3 1 0 0 0
6.7045529025977365e-06 2 2 3 0 1 2 2 3 1 0 3 3
7.967400286404511e-07 2 2 3 0 1 2 2 3 3 1 3 0
-0.001761431770850445 2 2 3 0 1 2 3 0 0 0 1 2
0.001761431770850445 2 2 3 0 1 2 3 0 0 0 2 1
0.0017614317708504446 2 2 3 0 2 1 3 0 0 0 1 2
-0.0017614317708504446 2 2 3 0 2 1 3 0 0 0 2 1
-0.00029720392917576303 2 2 3 0 2 2 0 1 1 0 3 0
-0.00029720392917576303 2 2 3 0 2 2 0 2 2 0 3 0
3.02797438511517e-05 2 2 3 0 2 2 3 1 1 0 0 0
-0.0002976862957837672 2 2 3 0 2 2 3 1 1 3 3 0
0.0018137181325708898 2 2 3 0 2 2 3 1 3 1 3 0
3.02797438511517e-05 2 2 3 0 2 2 3 2 2 0 0 0
-0.0002976862957837672 2 2 3 0 2 2 3 2 2 3 3 0
0.0018137181325708898 2 2 3 0 2 2 3 2 3 2 3 0
0.001074345540564891 2 2 3 0 3 0 0 0 0 0 0 0
0.009602059063506944 2 2 3 0 3 0 3 0 0 0 0 0
0.0012075689223960719 2 2 3 0 3 0 3 0 0 0 0 3
0.0012009688138674489 2 2 3 0 3 0 3 0 0 0 3 0
0.001304295951218685 2 2 3 0 3 0 3 0 0 3 0 0
0.0008447427992507334 2 2 3 0 3 0 3 0 3 0 0 0
0.0010743455405648906 2 2 3 0 3 0 3 3 0 0 0 0
-0.0004410031409453806 2 2 3 0 3 3 3 0 0 0 0 0
3.108484223819042e-05 2 2 3 0 3 3 3 1 1 0 2 2
-3.108484223819042e-05 2 2 3 0 3 3 3 1 2 0 2 1
-3.108484223819042e-05 2 2 3 0 3 3 3 2 1 0 1 2
3.108484223819042e-05 2 2 3 0 3 3 3 2 2 0 1 1
0.0002726672244128943 2 2 3 1 0 1 3 0 1 0 0 1
0.0002726672244128943 2 2 3 1 0 1 3 0 2 0 0 2
-2.996538605912378e-05 2 2 3 1 0 1 3 1 1 1 1 0
-4.3264587059549584e-05 2 2 3 1 0 1 3 1 1 2 2 0
1.3299201000425804e-05 2 2 3 1 0 1 3 1 2 1 2 0
1.3299201000425804e-05 2 2 3 1 0 1 3 2 1 2 1 0
-4.3264587059549584e-05 2 2 3 1 0 1 3 2 2 1 1 0
-2.996538605912378e-05 2 2 3 1 0 1 3 2 2 2 2 0
-6.740368413992346e-06 2 2 3 1 0 2 0 1 3 0 2 0
6.740368413992346e-06 2 2 3 1 0 2 0 2 3 0 1 0
7.79314738292726e-05 2 2 3 1 0 2 1 3 1 2 1 0
6.532631611640415e-06 2 2 3 1 0 2 1 3 2 1 1 0
8.4464105440913e-05 2 2 3 1 0 2 1 3 2 2 2 0
-8.4464105440913e-05 2 2 3 1 0 2 2 3 1 1 1 0
-6.532631611640415e-06 2 2 3 1 0 2 2 3 1 2 2 0
-7.79314738292726e-05 2 2 3 1 0 2 2 3 2 1 2 0
-5.939626319911054e-05 2 2 3 1 0 2 3 0 0 1 0 2
5.939626319911054e-05 2 2 3 1 0 2 3 0 0 2 0 1
-8.104945492865549e-05 2 2 3 1 0 2 3 1 0 0 2 0
8.758208654029579e-05 2 2 3 1 0 2 3 1 3 3 2 0
8.104945492865549e-05 2 2 3 1 0 2 3 2 0 0 1 0
-8.758208654029579e-05 2 2 3 1 0 2 3 2 3 3 1 0
0.00026158831222338407 2 2 3 1 1 0 3 0 1 0 1 0
0.00026158831222338407 2 2 3 1 1 0 3 0 2 0 2 0
1.7364813005438035e-07 2 2 3 1 1 0 3 1 3 0 3 1
1.7364813005438035e-07 2 2 3 1 1 0 3 2 3 0 3 2
-6.565792661071688e-06 2 2 3 1 1 3 0 1 3 0 3 1
-6.565792661071688e-06 2 2 3 1 1 3 0 2 3 0 3 2
-8.000356876468304e-05 2 2 3 1 1 3 1 3 1 2 3 2
-6.706325656065062e-06 2 2 3 1 1 3 1 3 2 1 3 2
8.670989442074809e-05 2 2 3 1 1 3 1 3 2 2 3 1
8.670989442074809e-05 2 2 3 1 1 3 2 3 1 1 3 2
-6.706325656065062e-06 2 2 3 1 1 3 2 3 1 2 3 1
-8.000356876468304e-05 2 2 3 1 1 3 2 3 2 1 3 1
-8.252787345614047e-05 2 2 3 1 1 3 3 1 0 0 3 1
8.923419911220548e-05 2 2 3 1 1 3 3 1 3 3 3 1
-8.252787345614047e-05 2 2 3 1 1 3 3 2 0 0 3 2
8.923419911220548e-05 2 2 3 1 1 3 3 2 3 3 3 2
-5.698289655489841e-05 2 2 3 1 2 0 3 0 0 1 2 0
5.698289655489841e-05 2 2 3 1 2 0 3 0 0 2 1 0
-3.076212608776424e-05 2 2 3 1 2 3 3 1 1 1 3 2
4.293693895540815e-05 2 2 3 1 2 3 3 1 1 2 3 1
-1.2174812867643912e-05 2 2 3 1 2 3 3 1 2 1 3 1
1.2174812867643912e-05 2 2 3 1 2 3 3 2 1 2 3 2
-4.293693895540815e-05 2 2 3 1 2 3 3 2 2 1 3 2
3.076212608776424e-05 2 2 3 1 2 3 3 2 2 2 3 1
-1.7551621605250377e-07 2 2 3 1 3 2 3 1 3 0 2 0
1.7551621605250377e-07 2 2 3 1 3 2 3 2 3 0 1 0
6.740368413992346e-06 2 2 3 2 0 1 0 1 3 0 2 0
-6.740368413992346e-06 2 2 3 2 0 1 0 2 3 0 1 0
5.939626319911054e-05 2 2 3 2 0 1 3 0 0 1 0 2
-5.939626319911054e-05 2 2 3 2 0 1 3 0 0 2 0 1
1.6183244322663603e-05 2 2 3 2 0 1 3 1 0 0 2 0
-6.444793769717388e-05 2 2 3 2 0 1 3 1 3 0 2 3
-8.104945492865546e-05 2 2 3 2 0 1 3 1 3 3 2 0
-1.6183244322663603e-05 2 2 3 2 0 1 3 2 0 0 1 0
6.444793769717388e-05 2 2 3 2 0 1 3 2 3 0 1 3
8.104945492865546e-05 2 2 3 2 0 1 3 2 3 3 1 0
0.00029754334218654645 2 2 3 2 0 2 1 3 0 0 1 0
0.00029562471123719623 2 2 3 2 0 2 1 3 3 0 1 3
-2.9965386059123792e-05 2 2 3 2 0 2 1 3 3 3 1 0
0.00029754334218654645 2 2 3 2 0 2 2 3 0 0 2 0
0.00029562471123719623 2 2 3 2 0 2 2 3 3 0 2 3
-2.9965386059123792e-05 2 2 3 2 0 2 2 3 3 3 2 0
-1.3163439627194536e-05 2 2 3 2 0 2 3 0 1 0 0 1
-1.3163439627194536e-05 2 2 3 2 0 2 3 0 2 0 0 2
0.0003574741143047939 2 2 3 2 0 2 3 1 1 1 1 0
-1.3299201000425848e-05 2 2 3 2 0 2 3 1 1 2 2 0
0.00037077331530521973 2 2 3 2 0 2 3 1 2 1 2 0
0.00037077331530521973 2 2 3 2 0 2 3 2 1 2 1 0
-1.3299201000425848e-05 2 2 3 2 0 2 3 2 2 1 1 0
0.0003574741143047939 2 2 3 2 0 2 3 2 2 2 2 0
-0.0002648707168251785 2 2 3 2 1 0 1 3 3 0 3 2
0.0002648707168251785 2 2 3 2 1 0 2 3 3 0 3 1
5.698289655489841e-05 2 2 3 2 1 0 3 0 0 1 2 0
-5.698289655489841e-05 2 2 3 2 1 0 3 0 0 2 1 0
-0.00030545462657673416 2 2 3 2 1 3 1 3 0 0 3 2
-0.0002988050068360518 2 2 3 2 1 3 1 3 3 0 0 2
3.076212608776425e-05 2 2 3 2 1 3 1 3 3 3 3 2
0.00030545462657673416 2 2 3 2 1 3 2 3 0 0 3 1
0.0002988050068360518 2 2 3 2 1 3 2 3 3 0 0 1
-3.076212608776425e-05 2 2 3 2 1 3 2 3 3 3 3 1
-0.0003669788787522626 2 2 3 2 1 3 3 1 1 1 3 2
-1.2174812867643944e-05 2 2 3 2 1 3 3 1 1 2 3 1
0.0003791536916199065 2 2 3 2 1 3 3 1 2 1 3 1
-0.0003791536916199065 2 2 3 2 1 3 3 2 1 2 3 2
1.2174812867643944e-05 2 2 3 2 1 3 3 2 2 1 3 2
0.0003669788787522626 2 2 3 2 1 3 3 2 2 2 3 1
-1.2628587695299818e-05 2 2 3 2 2 0 3 0 1 0 1 0
-1.2628587695299818e-05 2 2 3 2 2 0 3 0 2 0 2 0
5.7917032924630566e-05 2 2 3 2 2 0 3 1 3 0 3 1
5.7917032924630566e-05 2 2 3 2 2 0 3 2 3 0 3 2
-6.565792661071688e-06 2 2 3 2 2 3 0 1 3 0 3 1
-6.565792661071688e-06 2 2 3 2 2 3 0 2 3 0 3 2
-1.5936956003587493e-05 2 2 3 2 2 3 3 1 0 0 3 1
6.514126097098236e-05 2 2 3 2 2 3 3 1 3 0 0 1
8.252787345614044e-05 2 2 3 2 2 3 3 1 3 3 3 1
-1.5936956003587493e-05 2 2 3 2 2 3 3 2 0 0 3 2
6.514126097098236e-05 2 2 3 2 2 3 3 2 3 0 0 2
8.252787345614044e-05 2 2 3 2 2 3 3 2 3 3 3 2
-5.8364581283045256e-05 2 2 3 2 3 1 3 1 3 0 2 0
5.8364581283045256e-05 2 2 3 2 3 1 3 2 3 0 1 0
0.00026852526298490006 2 2 3 2 3 2 1 3 3 0 1 0
0.00026852526298490006 2 2 3 2 3 2 2 3 3 0 2 0
0.0004924580320888888 2 2 3 3 0 0 0 0 1 1 0 0
0.0004924580320888888 2 2 3 3 0 0 0 0 2 2 0 0
0.0003444147813732951 2 2 3 3 0 0 3 0 0 3 0 0
0.0046551605367266945 2 2 3 3 0 0 3 0 1 1 0 0
0.0005340027594388447 2 2 3 3 0 0 3 0 1 1 0 3
0.0005300594655646823 2 2 3 3 0 0 3 0 1 1 3 0
0.0046551605367266945 2 2 3 3 0 0 3 0 2 2 0 0
0.0005340027594388447 2 2 3 3 0 0 3 0 2 2 0 3
0.0005300594655646823 2 2 3 3 0 0 3 0 2 2 3 0
-0.0003444147813732839 2 2 3 3 0 0 3 0 3 0 0 0
-6.530904772543319e-06 2 2 3 3 0 0 3 1 3 1 1 1
-6.530904772543319e-06 2 2 3 3 0 0 3 1 3 2 2 1
-6.530904772543319e-06 2 2 3 3 0 0 3 2 3 1 1 2
-6.530904772543319e-06 2 2 3 3 0 0 3 2 3 2 2 2
0.0012364987695560677 2 2 3 3 0 0 3 3 1 1 0 0
0.0012364987695560677 2 2 3 3 0 0 3 3 2 2 0 0
5.822642389861372e-05 2 2 3 3 0 3 0 1 3 1 1 1
5.8051848145693065e-05 2 2 3 3 0 3 0 1 3 1 2 2
1.745757529206586e-07 2 2 3 3 0 3 0 1 3 2 2 1
1.745757529206586e-07 2 2 3 3 0 3 0 2 3 1 1 2
5.8051848145693065e-05 2 2 3 3 0 3 0 2 3 2 1 1
5.822642389861372e-05 2 2 3 3 0 3 0 2 3 2 2 2
0.0005047026348868955 2 2 3 3 0 3 3 0 1 1 0 0
0.0005047026348868955 2 2 3 3 0 3 3 0 2 2 0 0
5.832092629186934e-05 2 2 3 3 0 3 3 1 0 1 1 1
5.814606719978154e-05 2 2 3 3 0 3 3 1 0 1 2 2
1.748590920878353e-07 2 2 3 3 0 3 3 1 0 2 2 1
0.00010506038646225884 2 2 3 3 0 3 3 1 1 0 1 1
0.000104738082468283 2 2 3 3 0 3 3 1 1 0 2 2
3.2230399397582404e-07 2 2 3 3 0 3 3 1 2 0 2 1
1.748590920878353e-07 2 2 3 3 0 3 3 2 0 1 1 2
5.814606719978154e-05 2 2 3 3 0 3 3 2 0 2 1 1
5.832092629186934e-05 2 2 3 3 0 3 3 2 0 2 2 2
3.2230399397582404e-07 2 2 3 3 0 3 3 2 1 0 1 2
0.000104738082468283 2 2 3 3 0 3 3 2 2 0 1 1
0.00010506038646225884 2 2 3 3 0 3 3 2 2 0 2 2
6.479221655968541e-05 2 2 3 3 1 1 0 1 3 1 3 0
6.479221655968541e-05 2 2 3 3 1 1 0 2 3 2 3 0
6.489737533673634e-05 2 2 3 3 1 1 3 1 0 1 3 0
0.00011703420738962319 2 2 3 3 1 1 3 1 1 0 3 0
-6.704552902597698e-06 2 2 3 3 1 1 3 1 3 1 3 3
6.489737533673634e-05 2 2 3 3 1 1 3 2 0 2 3 0
0.00011703420738962319 2 2 3 3 1 1 3 2 2 0 3 0
-6.704552902597698e-06 2 2 3 3 1 1 3 2 3 2 3 3
1.7369404442462833e-07 2 2 3 3 1 2 1 3 2 0 3 0
3.0279743851151745e-05 2 2 3 3 1 2 1 3 3 2 0 0
-3.075399441201771e-05 2 2 3 3 1 2 1 3 3 2 3 3
-1.7369404442462833e-07 2 2 3 3 1 2 2 3 1 0 3 0
-3.0279743851151745e-05 2 2 3 3 1 2 2 3 3 1 0 0
3.075399441201771e-05 2 2 3 3 1 2 2 3 3 1 3 3
6.479221655968541e-05 2 2 3 3 2 2 0 1 3 1 3 0
6.479221655968541e-05 2 2 3 3 2 2 0 2 3 2 3 0
6.489737533673634e-05 2 2 3 3 2 2 3 1 0 1 3 0
0.00011783094741826361 2 2 3 3 2 2 3 1 1 0 3 0
-6.601163471884596e-06 2 2 3 3 2 2 3 1 3 1 0 0
6.489737533673634e-05 2 2 3 3 2 2 3 2 0 2 3 0
0.00011783094741826361 2 2 3 3 2 2 3 2 2 0 3 0
-6.601163471884596e-06 2 2 3 3 2 2 3 2 3 2 0 0
0.0005019498526620585 2 2 3 3 3 0 3 0 1 1 0 0
0.0005019498526620585 2 2 3 3 3 0 3 0 2 2 0 0
-6.776679687937098e-06 2 2 3 3 3 3 3 1 3 1 2 2
6.776679687937098e-06 2 2 3 3 3 3 3 1 3 2 2 1
6.776679687937098e-06 2 2 3 3 3 3 3 2 3 1 1 2
-6.776679687937098e-06 2 2 3 3 3 3 3 2 3 2 1 1
-5.773729388612189e-05 2 3 0 0 0 1 0 1 0 3 0 2
5.773729388612208e-05 2 3 0 0 0 1 0 1 3 0 0 2
5.773729388612189e-05 2 3 0 0 0 1 0 2 0 3 0 1
-5.773729388612208e-05 2 3 0 0 0 1 0 2 3 0 0 1
0.0050925953463045815 2 3 0 0 0 1 1 0 0 0 0 2
0.0005788265042888187 2 3 0 0 0 1 1 0 0 0 3 2
0.0006348352381727503 2 3 0 0 0 1 1 0 0 3 0 2
0.0005778717252835683 2 3 0 0 0 1 1 0 3 0 0 2
0.0006686548446589931 2 3 0 0 0 1 1 3 0 0 0 2
-0.0050925953463045815 2 3 0 0 0 1 2 0 0 0 0 1
-0.0005788265042888187 2 3 0 0 0 1 2 0 0 0 3 1
-0.0006348352381727503 2 3 0 0 0 1 2 0 0 3 0 1
-0.0005778717252835683 2 3 0 0 0 1 2 0 3 0 0 1
-0.0006686548446589931 2 3 0 0 0 1 2 3 0 0 0 1
-5.594363479897051e-05 2 3 0 0 0 1 3 1 0 3 3 2
-1.613668492475479e-05 2 3 0 0 0 1 3 1 1 1 0 2
1.613668492475479e-05 2 3 0 0 0 1 3 1 1 2 0 1
5.594363479897057e-05 2 3 0 0 0 1 3 1 3 0 3 2
5.594363479897052e-05 2 3 0 0 0 1 3 2 0 3 3 1
-1.613668492475479e-05 2 3 0 0 0 1 3 2 2 1 0 2
1.613668492475479e-05 2 3 0 0 0 1 3 2 2 2 0 1
-5.5943634798970574e-05 2 3 0 0 0 1 3 2 3 0 3 1
0.0009630961953917506 2 3 0 0 0 2 0 3 1 0 1 0
0.0009630961953917506 2 3 0 0 0 2 0 3 2 0 2 0
0.0005717676909042001 2 3 0 0 0 2 3 0 1 0 1 0
0.0005717676909042001 2 3 0 0 0 2 3 0 2 0 2 0
0.004896355640562394 2 3 0 0 0 2 3 3 1 0 1 0
0.0008657896461007632 2 3 0 0 0 2 3 3 1 0 1 3
0.000553965139986736 2 3 0 0 0 2 3 3 1 3 1 0
0.004896355640562394 2 3 0 0 0 2 3 3 2 0 2 0
0.0008657896461007632 2 3 0 0 0 2 3 3 2 0 2 3
0.000553965139986736 2 3 0 0 0 2 3 3 2 3 2 0
-0.00011418051360880418 2 3 0 0 0 2 3 3 3 1 1 0
-0.00011418051360880418 2 3 0 0 0 2 3 3 3 2 2 0
-5.835842484931981e-05 2 3 0 0 1 0 0 1 0 3 2 0
5.835842484932001e-05 2 3 0 0 1 0 0 1 3 0 2 0
5.835842484931981e-05 2 3 0 0 1 0 0 2 0 3 1 0
-5.835842484932001e-05 2 3 0 0 1 0 0 2 3 0 1 0
0.0051473808833418086 2 3 0 0 1 0 1 0 0 0 2 0
0.0005894155900055851 2 3 0 0 1 0 1 0 0 0 2 3
0.000641664720408893 2 3 0 0 1 0 1 0 0 3 2 0
0.0005840884008007508 2 3 0 0 1 0 1 0 3 0 2 0
0.0006758481542125921 2 3 0 0 1 0 1 3 0 0 2 0
-0.0051473808833418086 2 3 0 0 1 0 2 0 0 0 1 0
-0.0005894155900055851 2 3 0 0 1 0 2 0 0 0 1 3
-0.000641664720408893 2 3 0 0 1 0 2 0 0 3 1 0
-0.0005840884008007508 2 3 0 0 1 0 2 0 3 0 1 0
-0.0006758481542125921 2 3 0 0 1 0 2 3 0 0 1 0
-5.6916072710021504e-05 2 3 0 0 1 0 3 1 0 3 2 3
-1.5481025207324163e-05 2 3 0 0 1 0 3 1 1 1 2 0
1.5481025207324163e-05 2 3 0 0 1 0 3 1 1 2 1 0
5.691607271002154e-05 2 3 0 0 1 0 3 1 3 0 2 3
5.691607271002151e-05 2 3 0 0 1 0 3 2 0 3 1 3
-1.5481025207324163e-05 2 3 0 0 1 0 3 2 2 1 2 0
1.5481025207324163e-05 2 3 0 0 1 0 3 2 2 2 1 0
-5.691607271002154e-05 2 3 0 0 1 0 3 2 3 0 1 3
-0.0008166290109346496 2 3 0 0 1 0 3 3 1 0 3 2
0.0008166290109346496 2 3 0 0 1 0 3 3 2 0 3 1
-0.0009702420788176059 2 3 0 0 1 3 0 3 1 0 3 2
0.0009702420788176059 2 3 0 0 1 3 0 3 2 0 3 1
0.0005579737477156525 2 3 0 0 1 3 1 0 0 0 2 0
-0.0005579737477156525 2 3 0 0 1 3 2 0 0 0 1 0
-0.0005861695625119602 2 3 0 0 1 3 3 0 1 0 3 2
0.0005861695625119602 2 3 0 0 1 3 3 0 2 0 3 1
-6.206592562899082e-05 2 3 0 0 1 3 3 1 0 3 2 0
6.20659256289909e-05 2 3 0 0 1 3 3 1 3 0 2 0
6.206592562899082e-05 2 3 0 0 1 3 3 2 0 3 1 0
-6.20659256289909e-05 2 3 0 0 1 3 3 2 3 0 1 0
-0.0008641089985872345 2 3 0 0 1 3 3 3 1 0 0 2
-0.005026543268567535 2 3 0 0 1 3 3 3 1 0 3 2
-0.0005686943412267271 2 3 0 0 1 3 3 3 1 3 3 2
0.0008641089985872345 2 3 0 0 1 3 3 3 2 0 0 1
0.005026543268567535 2 3 0 0 1 3 3 3 2 0 3 1
0.0005686943412267271 2 3 0 0 1 3 3 3 2 3 3 1
0.00011721642262407164 2 3 0 0 1 3 3 3 3 1 3 2
-0.00011721642262407164 2 3 0 0 1 3 3 3 3 2 3 1
0.000547384661998886 2 3 0 0 3 1 1 0 0 0 0 2
-0.000547384661998886 2 3 0 0 3 1 2 0 0 0 0 1
-6.37161765974139e-05 2 3 0 0 3 1 3 1 0 3 0 2
6.371617659741396e-05 2 3 0 0 3 1 3 1 3 0 0 2
6.37161765974139e-05 2 3 0 0 3 1 3 2 0 3 0 1
-6.371617659741396e-05 2 3 0 0 3 1 3 2 3 0 0 1
0.0007909392375472239 2 3 0 0 3 2 3 3 1 0 1 0
0.0007909392375472239 2 3 0 0 3 2 3 3 2 0 2 0
-0.01158671235013377 2 3 0 1 0 0 0 1 0 2 0 0
-0.001255994351346707 2 3 0 1 0 0 0 1 0 2 0 3
-0.0012454138199019832 2 3 0 1 0 0 0 1 0 2 3 0
0.0006575389726822623 2 3 0 1 0 0 0 1 3 2 0 0
0.01158671235013377 2 3 0 1 0 0 0 2 0 1 0 0
0.001255994351346707 2 3 0 1 0 0 0 2 0 1 0 3
0.0012454138199019832 2 3 0 1 0 0 0 2 0 1 3 0
-0.0006575389726822623 2 3 0 1 0 0 0 2 3 1 0 0
0.007619913788631717 2 3 0 1 0 0 1 0 0 2 0 0
0.0008725400515926451 2 3 0 1 0 0 1 0 0 2 0 3
0.0008660825691670952 2 3 0 1 0 0 1 0 0 2 3 0
0.0011927415602953095 2 3 0 1 0 0 1 0 3 2 0 0
0.0013113613627969978 2 3 0 1 0 0 1 3 0 2 0 0
-0.007619913788631717 2 3 0 1 0 0 2 0 0 1 0 0
-0.0008725400515926451 2 3 0 1 0 0 2 0 0 1 0 3
-0.0008660825691670952 2 3 0 1 0 0 2 0 0 1 3 0
-0.0011927415602953095 2 3 0 1 0 0 2 0 3 1 0 0
-0.0013113613627969978 2 3 0 1 0 0 2 3 0 1 0 0
91.26549880011291 2 3 0 1 0 0 3 1 0 2 0 0
-0.011620565014311562 2 3 0 1 0 0 3 1 0 2 0 3
-0.011770362903454852 2 3 0 1 0 0 3 1 0 2 3 0
0.00043072359784130846 2 3 0 1 0 0 3 1 0 2 3 3
0.0002985178007479034 2 3 0 1 0 0 3 1 2 0 0 0
-0.011567774107753555 2 3 0 1 0 0 3 1 3 2 0 0
-0.0012541535411934156 2 3 0 1 0 0 3 1 3 2 0 3
-0.0012473130546637834 2 3 0 1 0 0 3 1 3 2 3 0
-91.26549880011292 2 3 0 1 0 0 3 2 0 1 0 0
0.011620565014311562 2 3 0 1 0 0 3 2 0 1 0 3
0.011770362903454852 2 3 0 1 0 0 3 2 0 1 3 0
-0.00043072359784130857 2 3 0 1 0 0 3 2 0 1 3 3
-0.0002985178007479034 2 3 0 1 0 0 3 2 1 0 0 0
0.011567774107753555 2 3 0 1 0 0 3 2 3 1 0 0
0.0012541535411934156 2 3 0 1 0 0 3 2 3 1 0 3
0.0012473130546637834 2 3 0 1 0 0 3 2 3 1 3 0
-0.0013267696816803736 2 3 0 1 0 3 0 1 0 2 0 0
0.0013267696816803736 2 3 0 1 0 3 0 2 0 1 0 0
0.0008259951906167661 2 3 0 1 0 3 1 0 0 2 0 0
-0.0008259951906167661 2 3 0 1 0 3 2 0 0 1 0 0
-0.011620565014311558 2 3 0 1 0 3 3 1 0 2 0 0
-0.0014920040540839408 2 3 0 1 0 3 3 1 0 2 0 3
-0.0014867147199295304 2 3 0 1 0 3 3 1 0 2 3 0
-0.001326962463565042 2 3 0 1 0 3 3 1 3 2 0 0
0.011620565014311558 2 3 0 1 0 3 3 2 0 1 0 0
0.0014920040540839408 2 3 0 1 0 3 3 2 0 1 0 3
0.0014867147199295304 2 3 0 1 0 3 3 2 0 1 3 0
0.001326962463565042 2 3 0 1 0 3 3 2 3 1 0 0
-0.00029817146805458154 2 3 0 1 0 3 3 3 1 2 1 1
-0.00029817146805458154 2 3 0 1 0 3 3 3 1 2 2 2
0.00029817146805458154 2 3 0 1 0 3 3 3 2 1 1 1
0.00029817146805458154 2 3 0 1 0 3 3 3 2 1 2 2
-2.852692217314685e-05 2 3 0 1 1 1 3 1 1 0 1 2
-3.07271423851112e-05 2 3 0 1 1 1 3 1 1 0 2 1
-5.925406455825805e-05 2 3 0 1 1 1 3 1 2 0 2 2
5.925406455825805e-05 2 3 0 1 1 1 3 2 1 0 1 1
3.07271423851112e-05 2 3 0 1 1 1 3 2 2 0 1 2
2.852692217314685e-05 2 3 0 1 1 1 3 2 2 0 2 1
-0.00026715253318950475 2 3 0 1 1 1 3 3 1 2 3 0
0.00026715253318950475 2 3 0 1 1 1 3 3 2 1 3 0
3.209957475650764e-06 2 3 0 1 1 2 0 3 3 0 3 0
3.559675659826438e-06 2 3 0 1 1 2 3 0 3 0 3 0
5.149852918969354e-06 2 3 0 1 1 2 3 1 0 1 2 2
0.0019174383177708388 2 3 0 1 1 2 3 1 0 2 1 2
-0.0019225881706898082 2 3 0 1 1 2 3 1 0 2 2 1
-0.0019225881706898082 2 3 0 1 1 2 3 2 0 1 1 2
0.0019174383177708388 2 3 0 1 1 2 3 2 0 1 2 1
5.149852918969354e-06 2 3 0 1 1 2 3 2 0 2 1 1
3.56134125311957e-06 2 3 0 1 1 2 3 3 0 0 3 0
3.2316769224537096e-06 2 3 0 1 1 2 3 3 3 0 0 0
2.83816738577251e-05 2 3 0 1 1 2 3 3 3 0 3 0
3.2557184737125063e-06 2 3 0 1 1 2 3 3 3 0 3 3
3.211053094551501e-06 2 3 0 1 1 2 3 3 3 3 3 0
7.772541798443327e-06 2 3 0 1 2 1 3 1 0 1 2 2
-0.0019252108595692822 2 3 0 1 2 1 3 1 0 2 1 2
0.0019174383177708388 2 3 0 1 2 1 3 1 0 2 2 1
0.0019174383177708388 2 3 0 1 2 1 3 2 0 1 1 2
-0.0019252108595692822 2 3 0 1 2 1 3 2 0 1 2 1
7.772541798443327e-06 2 3 0 1 2 1 3 2 0 2 1 1
-0.00026795592457351666 2 3 0 1 2 2 3 3 1 2 3 0
0.00026795592457351666 2 3 0 1 2 2 3 3 2 1 3 0
-0.0013169505428493654 2 3 0 1 3 0 0 1 0 2 0 0
0.0013169505428493654 2 3 0 1 3 0 0 2 0 1 0 0
0.0008190369840944674 2 3 0 1 3 0 1 0 0 2 0 0
-0.0008190369840944674 2 3 0 1 3 0 2 0 0 1 0 0
-0.011770362903454849 2 3 0 1 3 0 3 1 0 2 0 0
-0.0014867147199295304 2 3 0 1 3 0 3 1 0 2 0 3
-0.0014721674467381147 2 3 0 1 3 0 3 1 0 2 3 0
-0.001317163632264398 2 3 0 1 3 0 3 1 3 2 0 0
0.011770362903454849 2 3 0 1 3 0 3 2 0 1 0 0
0.0014867147199295304 2 3 0 1 3 0 3 2 0 1 0 3
0.0014721674467381147 2 3 0 1 3 0 3 2 0 1 3 0
0.001317163632264398 2 3 0 1 3 0 3 2 3 1 0 0
0.00043072359784130857 2 3 0 1 3 3 3 1 0 2 0 0
-0.00043072359784130857 2 3 0 1 3 3 3 2 0 1 0 0
-0.0025679699742505143 2 3 0 2 0 0 0 1 1 0 0 0
-0.0002783667777900223 2 3 0 2 0 0 0 1 1 0 0 3
-0.00027602180829042563 2 3 0 2 0 0 0 1 1 0 3 0
-0.0009655346304587608 2 3 0 2 0 0 0 1 1 3 0 0
-0.0025679699742505143 2 3 0 2 0 0 0 2 2 0 0 0
-0.0002783667777900223 2 3 0 2 0 0 0 2 2 0 0 3
-0.00027602180829042563 2 3 0 2 0 0 0 2 2 0 3 0
-0.0009655346304587607 2 3 0 2 0 0 0 2 2 3 0 0
0.011586712350133683 2 3 0 2 0 0 1 0 1 0 0 0
0.001326769681680372 2 3 0 2 0 0 1 0 1 0 0 3
0.0013169505428493639 2 3 0 2 0 0 1 0 1 0 3 0
0.0014056631026662164 2 3 0 2 0 0 1 0 1 3 0 0
0.001379021858299476 2 3 0 2 0 0 1 3 1 0 0 0
0.011586712350133683 2 3 0 2 0 0 2 0 2 0 0 0
0.001326769681680372 2 3 0 2 0 0 2 0 2 0 0 3
0.0013169505428493639 2 3 0 2 0 0 2 0 2 0 3 0
0.0014056631026662164 2 3 0 2 0 0 2 0 2 3 0 0
0.001379021858299476 2 3 0 2 0 0 2 3 2 0 0 0
6.507500786613477e-05 2 3 0 2 0 0 3 1 0 1 0 0
20.230415976117094 2 3 0 2 0 0 3 1 1 0 0 0
-0.00257547276041884 2 3 0 2 0 0 3 1 1 0 0 3
-0.002608672556003792 2 3 0 2 0 0 3 1 1 0 3 0
-0.0003877734941896598 2 3 0 2 0 0 3 1 1 0 3 3
-0.0025637726802875856 2 3 0 2 0 0 3 1 1 3 0 0
-0.00027795879793697184 2 3 0 2 0 0 3 1 1 3 0 3
-0.0002764427368243336 2 3 0 2 0 0 3 1 1 3 3 0
6.507500786613477e-05 2 3 0 2 0 0 3 2 0 2 0 0
20.23041597611709 2 3 0 2 0 0 3 2 2 0 0 0
-0.00257547276041884 2 3 0 2 0 0 3 2 2 0 0 3
-0.002608672556003792 2 3 0 2 0 0 3 2 2 0 3 0
-0.0003877734941896598 2 3 0 2 0 0 3 2 2 0 3 3
-0.0025637726802875856 2 3 0 2 0 0 3 2 2 3 0 0
-0.00027795879793697184 2 3 0 2 0 0 3 2 2 3 0 3
-0.0002764427368243336 2 3 0 2 0 0 3 2 2 3 3 0
0.0011420308305798894 2 3 0 2 0 0 3 3 3 0 1 1
0.0011420308305798894 2 3 0 2 0 0 3 3 3 0 2 2
-0.00029405275649755616 2 3 0 2 0 3 0 1 1 0 0 0
-0.00029405275649755616 2 3 0 2 0 3 0 2 2 0 0 0
0.001191346773135604 2 3 0 2 0 3 0 3 3 0 1 1
0.001191346773135604 2 3 0 2 0 3 0 3 3 0 2 2
0.0012559943513467055 2 3 0 2 0 3 1 0 1 0 0 0
0.0012559943513467055 2 3 0 2 0 3 2 0 2 0 0 0
0.0013211415238090778 2 3 0 2 0 3 3 0 3 0 1 1
0.0013211415238090778 2 3 0 2 0 3 3 0 3 0 2 2
-0.0025754727604188395 2 3 0 2 0 3 3 1 1 0 0 0
-0.0003306737490814956 2 3 0 2 0 3 3 1 1 0 0 3
-0.0003576877762371251 2 3 0 2 0 3 3 1 1 0 3 0
-0.0002940954828617266 2 3 0 2 0 3 3 1 1 3 0 0
-0.0025754727604188395 2 3 0 2 0 3 3 2 2 0 0 0
-0.0003306737490814956 2 3 0 2 0 3 3 2 2 0 0 3
-0.0003576877762371251 2 3 0 2 0 3 3 2 2 0 3 0
-0.0002940954828617266 2 3 0 2 0 3 3 2 2 3 0 0
0.0013217596937412886 2 3 0 2 0 3 3 3 0 0 1 1
0.0013217596937412886 2 3 0 2 0 3 3 3 0 0 2 2
0.01053360233681385 2 3 0 2 0 3 3 3 3 0 1 1
0.01053360233681385 2 3 0 2 0 3 3 3 3 0 2 2
0.0011917534022114985 2 3 0 2 0 3 3 3 3 3 1 1
0.0011917534022114985 2 3 0 2 0 3 3 3 3 3 2 2
0.00106741034085816 2 3 0 2 1 1 0 3 3 0 3 0
0.0011837024752577238 2 3 0 2 1 1 3 0 3 0 3 0
-1.2922394717412682e-05 2 3 0 2 1 1 3 1 0 1 2 2
7.772541798443366e-06 2 3 0 2 1 1 3 1 0 2 1 2
5.149852918969313e-06 2 3 0 2 1 1 3 1 0 2 2 1
5.149852918969313e-06 2 3 0 2 1 1 3 2 0 1 1 2
7.772541798443366e-06 2 3 0 2 1 1 3 2 0 1 2 1
-1.2922394717412682e-05 2 3 0 2 1 1 3 2 0 2 1 1
0.0011842563366463042 2 3 0 2 1 1 3 3 0 0 3 0
0.0010746327300303056 2 3 0 2 1 1 3 3 3 0 0 0
0.009437786137792293 2 3 0 2 1 1 3 3 3 0 3 0
0.0010826272908986574 2 3 0 2 1 1 3 3 3 0 3 3
0.0010677746680971226 2 3 0 2 1 1 3 3 3 3 3 0
-6.111064689647054e-05 2 3 0 2 1 2 3 1 1 0 1 2
3.038350451135935e-05 2 3 0 2 1 2 3 1 1 0 2 1
-3.0727142385111194e-05 2 3 0 2 1 2 3 1 2 0 2 2
3.0727142385111194e-05 2 3 0 2 1 2 3 2 1 0 1 1
-3.038350451135935e-05 2 3 0 2 1 2 3 2 2 0 1 2
6.111064689647054e-05 2 3 0 2 1 2 3 2 2 0 2 1
8.033913840119238e-07 2 3 0 2 1 2 3 3 1 2 3 0
-8.033913840119238e-07 2 3 0 2 1 2 3 3 2 1 3 0
3.258372472332371e-05 2 3 0 2 2 1 3 1 1 0 1 2
-6.111064689647054e-05 2 3 0 2 2 1 3 1 1 0 2 1
-2.8526922173146853e-05 2 3 0 2 2 1 3 1 2 0 2 2
2.8526922173146853e-05 2 3 0 2 2 1 3 2 1 0 1 1
6.111064689647054e-05 2 3 0 2 2 1 3 2 2 0 1 2
-3.258372472332371e-05 2 3 0 2 2 1 3 2 2 0 2 1
0.0010706202983338108 2 3 0 2 2 2 0 3 3 0 3 0
0.0011872621509175505 2 3 0 2 2 2 3 0 3 0 3 0
0.0011878176778994237 2 3 0 2 2 2 3 3 0 0 3 0
0.0010778644069527592 2 3 0 2 2 2 3 3 3 0 0 0
0.009466167811650019 2 3 0 2 2 2 3 3 3 0 3 0
0.00108588300937237 2 3 0 2 2 2 3 3 3 0 3 3
0.001070985721191674 2 3 0 2 2 2 3 3 3 3 3 0
-0.00029187653489741124 2 3 0 2 3 0 0 1 1 0 0 0
-0.00029187653489741124 2 3 0 2 3 0 0 2 2 0 0 0
0.001245413819901982 2 3 0 2 3 0 1 0 1 0 0 0
0.001245413819901982 2 3 0 2 3 0 2 0 2 0 0 0
-0.002608672556003791 2 3 0 2 3 0 3 1 1 0 0 0
-0.0003576877762371251 2 3 0 2 3 0 3 1 1 0 0 3
-0.00032627734995500045 2 3 0 2 3 0 3 1 1 0 3 0
-0.0002919237620316578 2 3 0 2 3 0 3 1 1 3 0 0
-0.002608672556003791 2 3 0 2 3 0 3 2 2 0 0 0
-0.0003576877762371251 2 3 0 2 3 0 3 2 2 0 0 3
-0.00032627734995500045 2 3 0 2 3 0 3 2 2 0 3 0
-0.0002919237620316578 2 3 0 2 3 0 3 2 2 3 0 0
-0.0003877734941896599 2 3 0 2 3 3 3 1 1 0 0 0
-0.0003877734941896599 2 3 0 2 3 3 3 2 2 0 0 0
0.001135801891094878 2 3 0 2 3 3 3 3 3 0 1 1
0.001135801891094878 2 3 0 2 3 3 3 3 3 0 2 2
1.3038036447544753e-05 2 3 0 3 0 1 0 1 0 0 0 2
1.279577773705701e-05 2 3 0 3 0 1 0 1 1 1 0 2
-0.00027784726113199646 2 3 0 3 0 1 0 1 1 2 0 1
-0.00026505148339493945 2 3 0 3 0 1 0 1 2 2 0 2
-1.3038036447544753e-05 2 3 0 3 0 1 0 2 0 0 0 1
0.00026505148339493945 2 3 0 3 0 1 0 2 1 1 0 1
0.00027784726113199646 2 3 0 3 0 1 0 2 2 1 0 2
-1.279577773705701e-05 2 3 0 3 0 1 0 2 2 2 0 1
0.0002790711586498072 2 3 0 3 0 1 1 0 0 0 0 2
-1.3038036447545153e-05 2 3 0 3 0 1 1 0 1 1 0 2
-1.3038036447545153e-05 2 3 0 3 0 1 1 0 2 2 0 2
-0.0002790711586498072 2 3 0 3 0 1 2 0 0 0 0 1
1.3038036447545153e-05 2 3 0 3 0 1 2 0 1 1 0 1
1.3038036447545153e-05 2 3 0 3 0 1 2 0 2 2 0 1
-6.371617659741392e-05 2 3 0 3 0 1 3 1 0 0 3 2
-7.280892237162664e-05 2 3 0 3 0 1 3 1 0 3 0 2
1.1392497045576693e-05 2 3 0 3 0 1 3 1 1 1 3 2
-0.00026720415757178277 2 3 0 3 0 1 3 1 1 2 3 1
-0.00025581166052620605 2 3 0 3 0 1 3 1 2 2 3 2
6.371617659741392e-05 2 3 0 3 0 1 3 2 0 0 3 1
7.280892237162664e-05 2 3 0 3 0 1 3 2 0 3 0 1
0.00025581166052620605 2 3 0 3 0 1 3 2 1 1 3 1
0.00026720415757178277 2 3 0 3 0 1 3 2 2 1 3 2
-1.1392497045576693e-05 2 3 0 3 0 1 3 2 2 2 3 1
-0.00020325434825793306 2 3 0 3 0 2 0 3 3 1 1 0
-0.00020325434825793306 2 3 0 3 0 2 0 3 3 2 2 0
-5.8057825091451274e-05 2 3 0 3 0 2 3 0 3 1 1 0
-5.8057825091451274e-05 2 3 0 3 0 2 3 0 3 2 2 0
-0.00013394201584186475 2 3 0 3 0 2 3 3 0 1 1 0
-0.00013394201584186475 2 3 0 3 0 2 3 3 0 2 2 0
0.000523749596505671 2 3 0 3 0 2 3 3 1 0 1 0
0.000523749596505671 2 3 0 3 0 2 3 3 2 0 2 0
-0.0010674345251638318 2 3 0 3 0 2 3 3 3 1 1 0
-0.00012244754557027315 2 3 0 3 0 2 3 3 3 1 1 3
-0.0010674345251638318 2 3 0 3 0 2 3 3 3 2 2 0
-0.00012244754557027315 2 3 0 3 0 2 3 3 3 2 2 3
1.3178298098062109e-05 2 3 0 3 1 0 0 1 0 0 2 0
1.2933433197085337e-05 2 3 0 3 1 0 0 1 1 1 2 0
-0.00028083630903003634 2 3 0 3 1 0 0 1 1 2 1 0
-0.00026790287583295096 2 3 0 3 1 0 0 1 2 2 2 0
-1.3178298098062109e-05 2 3 0 3 1 0 0 2 0 0 1 0
0.00026790287583295096 2 3 0 3 1 0 0 2 1 1 1 0
0.00028083630903003634 2 3 0 3 1 0 0 2 2 1 2 0
-1.2933433197085337e-05 2 3 0 3 1 0 0 2 2 2 1 0
0.00028207337309225754 2 3 0 3 1 0 1 0 0 0 2 0
-1.3178298098062512e-05 2 3 0 3 1 0 1 0 1 1 2 0
-1.3178298098062512e-05 2 3 0 3 1 0 1 0 2 2 2 0
-0.00028207337309225754 2 3 0 3 1 0 2 0 0 0 1 0
1.3178298098062512e-05 2 3 0 3 1 0 2 0 1 1 1 0
1.3178298098062512e-05 2 3 0 3 1 0 2 0 2 2 1 0
-6.206592562899089e-05 2 3 0 3 1 0 3 1 0 0 2 3
-6.985057760061509e-05 2 3 0 3 1 0 3 1 0 3 2 0
1.3232952773873431e-05 2 3 0 3 1 0 3 1 1 1 2 3
-0.00027513367499775994 2 3 0 3 1 0 3 1 1 2 1 3
-0.00026190072222388657 2 3 0 3 1 0 3 1 2 2 2 3
6.206592562899089e-05 2 3 0 3 1 0 3 2 0 0 1 3
6.985057760061509e-05 2 3 0 3 1 0 3 2 0 3 1 0
0.00026190072222388657 2 3 0 3 1 0 3 2 1 1 1 3
0.00027513367499775994 2 3 0 3 1 0 3 2 2 1 2 3
-1.3232952773873431e-05 2 3 0 3 1 0 3 2 2 2 1 3
0.0001188060687992537 2 3 0 3 1 0 3 3 3 1 3 2
-0.0001188060687992537 2 3 0 3 1 0 3 3 3 2 3 1
0.00020498588720609882 2 3 0 3 1 3 0 3 3 1 3 2
-0.00020498588720609882 2 3 0 3 1 3 0 3 3 2 3 1
6.292222523433794e-05 2 3 0 3 1 3 3 0 3 1 3 2
-6.292222523433794e-05 2 3 0 3 1 3 3 0 3 2 3 1
-5.691607271002153e-05 2 3 0 3 1 3 3 1 0 0 2 0
1.3530739332698064e-05 2 3 0 3 1 3 3 1 1 1 2 0
-0.00029822908651571853 2 3 0 3 1 3 3 1 1 2 1 0
-0.0002846983471830205 2 3 0 3 1 3 3 1 2 2 2 0
5.691607271002153e-05 2 3 0 3 1 3 3 2 0 0 1 0
0.0002846983471830205 2 3 0 3 1 3 3 2 1 1 1 0
0.00029822908651571853 2 3 0 3 1 3 3 2 2 1 2 0
-1.3530739332698064e-05 2 3 0 3 1 3 3 2 2 2 1 0
0.0001375033570949843 2 3 0 3 1 3 3 3 0 1 3 2
-0.0001375033570949843 2 3 0 3 1 3 3 3 0 2 3 1
-0.0005376754063616503 2 3 0 3 1 3 3 3 1 0 3 2
0.0005376754063616503 2 3 0 3 1 3 3 3 2 0 3 1
0.00012477501994354737 2 3 0 3 1 3 3 3 3 1 0 2
0.001095816199021557 2 3 0 3 1 3 3 3 3 1 3 2
-0.00012477501994354737 2 3 0 3 1 3 3 3 3 2 0 1
-0.001095816199021557 2 3 0 3 1 3 3 3 3 2 3 1
-5.5943634798970594e-05 2 3 0 3 3 1 3 1 0 0 0 2
1.3890503816365657e-05 2 3 0 3 3 1 3 1 1 1 0 2
-0.00030615860394169587 2 3 0 3 3 1 3 1 1 2 0 1
-0.00029226810012533016 2 3 0 3 3 1 3 1 2 2 0 2
5.5943634798970594e-05 2 3 0 3 3 1 3 2 0 0 0 1
0.00029226810012533016 2 3 0 3 3 1 3 2 1 1 0 1
0.00030615860394169587 2 3 0 3 3 1 3 2 2 1 0 2
-1.3890503816365657e-05 2 3 0 3 3 1 3 2 2 2 0 1
-0.00011509777125949128 2 3 0 3 3 2 3 3 3 1 1 0
-0.00011509777125949128 2 3 0 3 3 2 3 3 3 2 2 0
0.011586712350133787 2 3 1 0 0 0 0 1 2 0 0 0
0.0012559943513467087 2 3 1 0 0 0 0 1 2 0 0 3
0.0012454138199019852 2 3 1 0 0 0 0 1 2 0 3 0
-0.000657538972682262 2 3 1 0 0 0 0 1 2 3 0 0
0.005436192420189174 2 3 1 0 0 0 0 1 3 2 0 0
-0.011586712350133787 2 3 1 0 0 0 0 2 1 0 0 0
-0.0012559943513467087 2 3 1 0 0 0 0 2 1 0 0 3
-0.0012454138199019852 2 3 1 0 0 0 0 2 1 0 3 0
0.000657538972682262 2 3 1 0 0 0 0 2 1 3 0 0
-0.005436192420189174 2 3 1 0 0 0 0 2 3 1 0 0
0.058242554778746077 2 3 1 0 0 0 1 0 2 0 0 0
0.006669230540029503 2 3 1 0 0 0 1 0 2 0 0 3
0.006619872990280844 2 3 1 0 0 0 1 0 2 0 3 0
0.007334119411839292 2 3 1 0 0 0 1 0 2 3 0 0
0.0006575389726822636 2 3 1 0 0 0 1 0 3 2 0 0
0.00733634294002665 2 3 1 0 0 0 1 3 2 0 0 0
-0.058242554778746077 2 3 1 0 0 0 2 0 1 0 0 0
-0.006669230540029503 2 3 1 0 0 0 2 0 1 0 0 3
-0.006619872990280844 2 3 1 0 0 0 2 0 1 0 3 0
-0.007334119411839292 2 3 1 0 0 0 2 0 1 3 0 0
-0.0006575389726822636 2 3 1 0 0 0 2 0 3 1 0 0
-0.00733634294002665 2 3 1 0 0 0 2 3 1 0 0 0
0.00544375642941169 2 3 1 0 0 0 3 1 0 2 0 0
-91.26549880011304 2 3 1 0 0 0 3 1 2 0 0 0
0.011620565014311579 2 3 1 0 0 0 3 1 2 0 0 3
0.011770362903454871 2 3 1 0 0 0 3 1 2 0 3 0
-0.0004307235978413081 2 3 1 0 0 0 3 1 2 0 3 3
0.011567774107753599 2 3 1 0 0 0 3 1 2 3 0 0
0.0012541535411934185 2 3 1 0 0 0 3 1 2 3 0 3
0.0012473130546637853 2 3 1 0 0 0 3 1 2 3 3 0
0.04797612664713406 2 3 1 0 0 0 3 1 3 2 0 0
0.005503437274533064 2 3 1 0 0 0 3 1 3 2 0 3
0.00546279765215675 2 3 1 0 0 0 3 1 3 2 3 0
-0.00544375642941169 2 3 1 0 0 0 3 2 0 1 0 0
91.26549880011304 2 3 1 0 0 0 3 2 1 0 0 0
-0.011620565014311579 2 3 1 0 0 0 3 2 1 0 0 3
-0.011770362903454871 2 3 1 0 0 0 3 2 1 0 3 0
0.00043072359784130786 2 3 1 0 0 0 3 2 1 0 3 3
-0.011567774107753599 2 3 1 0 0 0 3 2 1 3 0 0
-0.0012541535411934185 2 3 1 0 0 0 3 2 1 3 0 3
-0.0012473130546637853 2 3 1 0 0 0 3 2 1 3 3 0
-0.04797612664713406 2 3 1 0 0 0 3 2 3 1 0 0
-0.005503437274533064 2 3 1 0 0 0 3 2 3 1 0 3
-0.00546279765215675 2 3 1 0 0 0 3 2 3 1 3 0
0.0013267696816803758 2 3 1 0 0 3 0 1 2 0 0 0
-0.0013267696816803758 2 3 1 0 0 3 0 2 1 0 0 0
0.0063134664605065585 2 3 1 0 0 3 1 0 2 0 0 0
-0.0063134664605065585 2 3 1 0 0 3 2 0 1 0 0 0
0.011620565014311577 2 3 1 0 0 3 3 1 2 0 0 0
0.0014920040540839432 2 3 1 0 0 3 3 1 2 0 0 3
0.001486714719929533 2 3 1 0 0 3 3 1 2 0 3 0
0.001326962463565045 2 3 1 0 0 3 3 1 2 3 0 0
0.005201469925568221 2 3 1 0 0 3 3 1 3 2 0 0
-0.011620565014311577 2 3 1 0 0 3 3 2 1 0 0 0
-0.0014920040540839432 2 3 1 0 0 3 3 2 1 0 0 3
-0.001486714719929533 2 3 1 0 0 3 3 2 1 0 3 0
-0.001326962463565045 2 3 1 0 0 3 3 2 1 3 0 0
-0.005201469925568221 2 3 1 0 0 3 3 2 3 1 0 0
9.300101998059584e-08 2 3 1 0 0 3 3 3 0 0 1 2
-9.300101998059584e-08 2 3 1 0 0 3 3 3 0 0 2 1
-1.391840780025244e-05 2 3 1 0 1 2 0 0 0 0 3 0
4.815337765818463e-05 2 3 1 0 1 2 0 3 0 0 0 0
-0.00013040076536684024 2 3 1 0 1 2 0 3 0 0 3 0
-7.405031367265034e-05 2 3 1 0 1 2 0 3 0 0 3 3
-1.3605131579119524e-05 2 3 1 0 1 2 0 3 0 3 3 0
-7.145883425855256e-06 2 3 1 0 1 2 0 3 3 0 3 0
1.745757529206543e-07 2 3 1 0 1 2 1 1 0 0 3 0
1.745757529206543e-07 2 3 1 0 1 2 2 2 0 0 3 0
-1.4016306818196254e-05 2 3 1 0 1 2 3 0 0 0 0 0
-0.00013040076536683935 2 3 1 0 1 2 3 0 0 0 3 0
-1.4135383684583116e-05 2 3 1 0 1 2 3 0 0 0 3 3
-7.145883425855256e-06 2 3 1 0 1 2 3 0 0 3 3 0
-1.360513157911951e-05 2 3 1 0 1 2 3 0 3 0 3 0
-5.149852918969377e-06 2 3 1 0 1 2 3 1 1 0 2 2
-0.001917438317770841 2 3 1 0 1 2 3 1 2 0 1 2
0.0019225881706898104 2 3 1 0 1 2 3 1 2 0 2 1
0.0019225881706898104 2 3 1 0 1 2 3 2 1 0 1 2
-0.001917438317770841 2 3 1 0 1 2 3 2 1 0 2 1
-5.149852918969377e-06 2 3 1 0 1 2 3 2 2 0 1 1
-0.0001324676305818757 2 3 1 0 1 2 3 3 0 0 0 0
-7.522914667130888e-06 2 3 1 0 1 2 3 3 0 0 0 3
1.027207991906776 2 3 1 0 1 2 3 3 0 0 3 0
-0.0001307817546574253 2 3 1 0 1 2 3 3 0 0 3 3
-1.4037681446224128e-05 2 3 1 0 1 2 3 3 0 3 0 0
-0.00013018762800514068 2 3 1 0 1 2 3 3 0 3 3 0
-1.4114666586787788e-05 2 3 1 0 1 2 3 3 0 3 3 3
1.7514407928403536e-07 2 3 1 0 1 2 3 3 1 1 3 0
1.7514407928403536e-07 2 3 1 0 1 2 3 3 2 2 3 0
-7.316976104001057e-05 2 3 1 0 1 2 3 3 3 0 0 0
-0.00013018762800514038 2 3 1 0 1 2 3 3 3 0 3 0
4.9160635166114105e-05 2 3 1 0 1 2 3 3 3 0 3 3
-1.3925809855979104e-05 2 3 1 0 1 2 3 3 3 3 3 0
-7.772541798443359e-06 2 3 1 0 2 1 3 1 1 0 2 2
0.0019252108595692844 2 3 1 0 2 1 3 1 2 0 1 2
-0.001917438317770841 2 3 1 0 2 1 3 1 2 0 2 1
-0.001917438317770841 2 3 1 0 2 1 3 2 1 0 1 2
0.0019252108595692844 2 3 1 0 2 1 3 2 1 0 2 1
-7.772541798443359e-06 2 3 1 0 2 1 3 2 2 0 1 1
-2.1766811049101504e-07 2 3 1 0 2 1 3 3 0 0 3 0
0.0013169505428493673 2 3 1 0 3 0 0 1 2 0 0 0
-0.0013169505428493673 2 3 1 0 3 0 0 2 1 0 0 0
0.006260281642964208 2 3 1 0 3 0 1 0 2 0 0 0
-0.006260281642964208 2 3 1 0 3 0 2 0 1 0 0 0
0.011770362903454868 2 3 1 0 3 0 3 1 2 0 0 0
0.001486714719929533 2 3 1 0 3 0 3 1 2 0 0 3
0.001472167446738117 2 3 1 0 3 0 3 1 2 0 3 0
0.0013171636322644007 2 3 1 0 3 0 3 1 2 3 0 0
0.005173099727030741 2 3 1 0 3 0 3 1 3 2 0 0
-0.011770362903454868 2 3 1 0 3 0 3 2 1 0 0 0
-0.001486714719929533 2 3 1 0 3 0 3 2 1 0 0 3
-0.001472167446738117 2 3 1 0 3 0 3 2 1 0 3 0
-0.0013171636322644007 2 3 1 0 3 0 3 2 1 3 0 0
-0.005173099727030741 2 3 1 0 3 0 3 2 3 1 0 0
-0.0004307235978413086 2 3 1 0 3 3 3 1 2 0 0 0
0.0004307235978413086 2 3 1 0 3 3 3 2 1 0 0 0
2.8481756444590835e-05 2 3 1 1 0 1 0 1 3 0 0 2
-2.8481756444590835e-05 2 3 1 1 0 1 0 2 3 0 0 1
5.773729388612164e-05 2 3 1 1 0 1 1 0 3 0 0 2
-5.773729388612164e-05 2 3 1 1 0 1 2 0 3 0 0 1
-0.00029226810012533027 2 3 1 1 0 1 3 1 3 0 3 2
-0.000301967348964844 2 3 1 1 0 1 3 1 3 3 0 2
0.00029226810012533027 2 3 1 1 0 1 3 2 3 0 3 1
0.000301967348964844 2 3 1 1 0 1 3 2 3 3 0 1
4.875369121952359e-05 2 3 1 1 0 2 0 3 0 1 1 0
4.875369121952359e-05 2 3 1 1 0 2 0 3 0 2 2 0
-1.7991565131759593e-05 2 3 1 1 0 2 3 0 0 1 1 0
-1.7991565131759593e-05 2 3 1 1 0 2 3 0 0 2 2 0
7.280892237162654e-05 2 3 1 1 0 2 3 1 1 2 0 2
-7.280892237162675e-05 2 3 1 1 0 2 3 1 2 1 0 2
-7.280892237162675e-05 2 3 1 1 0 2 3 2 1 2 0 1
7.280892237162654e-05 2 3 1 1 0 2 3 2 2 1 0 1
-3.0215543481064827e-05 2 3 1 1 0 2 3 3 3 1 1 0
-3.0215543481064827e-05 2 3 1 1 0 2 3 3 3 2 2 0
2.8788159804070932e-05 2 3 1 1 1 0 0 1 3 0 2 0
-2.8788159804070932e-05 2 3 1 1 1 0 0 2 3 0 1 0
5.835842484931956e-05 2 3 1 1 1 0 1 0 3 0 2 0
-5.835842484931956e-05 2 3 1 1 1 0 2 0 3 0 1 0
-0.0002846983471830207 2 3 1 1 1 0 3 1 3 0 2 3
-0.0002896979251260084 2 3 1 1 1 0 3 1 3 3 2 0
0.0002846983471830207 2 3 1 1 1 0 3 2 3 0 1 3
0.0002896979251260084 2 3 1 1 1 0 3 2 3 3 1 0
8.194161480745967e-07 2 3 1 1 1 0 3 3 0 1 3 2
-8.194161480745967e-07 2 3 1 1 1 0 3 3 0 2 3 1
-4.763464719690727e-05 2 3 1 1 1 3 0 3 0 1 3 2
4.763464719690727e-05 2 3 1 1 1 3 0 3 0 2 3 1
1.7669261137783773e-05 2 3 1 1 1 3 3 0 0 1 3 2
-1.7669261137783773e-05 2 3 1 1 1 3 3 0 0 2 3 1
-0.0002619007222238866 2 3 1 1 1 3 3 1 3 0 2 0
0.0002619007222238866 2 3 1 1 1 3 3 2 3 0 1 0
3.1018934865076757e-05 2 3 1 1 1 3 3 3 3 1 3 2
-3.1018934865076757e-05 2 3 1 1 1 3 3 3 3 2 3 1
6.9850577600615e-05 2 3 1 1 2 0 3 1 1 2 2 0
-6.98505776006152e-05 2 3 1 1 2 0 3 1 2 1 2 0
-6.98505776006152e-05 2 3 1 1 2 0 3 2 1 2 1 0
6.9850577600615e-05 2 3 1 1 2 0 3 2 2 1 1 0
-0.0002558116605262063 2 3 1 1 3 1 3 1 3 0 0 2
0.0002558116605262063 2 3 1 1 3 1 3 2 3 0 0 1
7.86121939096116e-07 2 3 1 1 3 2 3 3 0 1 1 0
7.86121939096116e-07 2 3 1 1 3 2 3 3 0 2 2 0
7.280892237162675e-05 2 3 1 2 0 1 3 1 2 1 0 2
-7.280892237162675e-05 2 3 1 2 0 1 3 1 2 2 0 1
-7.280892237162675e-05 2 3 1 2 0 1 3 2 1 1 0 2
7.280892237162675e-05 2 3 1 2 0 1 3 2 1 2 0 1
8.252787345613993e-05 2 3 1 2 0 2 0 3 1 0 2 0
-8.252787345613993e-05 2 3 1 2 0 2 0 3 2 0 1 0
-1.5936956003587953e-05 2 3 1 2 0 2 3 0 1 0 2 0
1.5936956003587953e-05 2 3 1 2 0 2 3 0 2 0 1 0
1.613668492475477e-05 2 3 1 2 0 2 3 1 0 0 0 2
-0.000306158603941696 2 3 1 2 0 2 3 1 3 0 3 2
-0.000301967348964844 2 3 1 2 0 2 3 1 3 3 0 2
-1.613668492475477e-05 2 3 1 2 0 2 3 2 0 0 0 1
0.000306158603941696 2 3 1 2 0 2 3 2 3 0 3 1
0.000301967348964844 2 3 1 2 0 2 3 2 3 3 0 1
6.629972436275405e-05 2 3 1 2 0 2 3 3 1 0 2 3
-6.5871674110202024e-06 2 3 1 2 0 2 3 3 1 3 2 0
-6.629972436275405e-05 2 3 1 2 0 2 3 3 2 0 1 3
6.5871674110202024e-06 2 3 1 2 0 2 3 3 2 3 1 0
6.98505776006152e-05 2 3 1 2 1 0 3 1 2 1 2 0
-6.98505776006152e-05 2 3 1 2 1 0 3 1 2 2 1 0
-6.98505776006152e-05 2 3 1 2 1 0 3 2 1 1 2 0
6.98505776006152e-05 2 3 1 2 1 0 3 2 1 2 1 0
5.940252911802207e-05 2 3 1 2 1 0 3 3 1 0 3 1
5.940252911802207e-05 2 3 1 2 1 0 3 3 2 0 3 2
8.104945492865492e-05 2 3 1 2 1 3 0 3 1 0 3 1
8.104945492865492e-05 2 3 1 2 1 3 0 3 2 0 3 2
-1.618324432266408e-05 2 3 1 2 1 3 3 0 1 0 3 1
-1.618324432266408e-05 2 3 1 2 1 3 3 0 2 0 3 2
6.360585887897518e-05 2 3 1 2 1 3 3 3 1 0 0 1
-6.762311490304237e-06 2 3 1 2 1 3 3 3 1 3 3 1
6.360585887897518e-05 2 3 1 2 1 3 3 3 2 0 0 2
-6.762311490304237e-06 2 3 1 2 1 3 3 3 2 3 3 2
1.5481025207324143e-05 2 3 1 2 2 0 3 1 0 0 2 0
-0.00029822908651571886 2 3 1 2 2 0 3 1 3 0 2 3
-0.0002896979251260084 2 3 1 2 2 0 3 1 3 3 2 0
-1.5481025207324143e-05 2 3 1 2 2 0 3 2 0 0 1 0
0.00029822908651571886 2 3 1 2 2 0 3 2 3 0 1 3
0.0002896979251260084 2 3 1 2 2 0 3 2 3 3 1 0
-0.00027513367499776016 2 3 1 2 2 3 3 1 3 0 2 0
0.00027513367499776016 2 3 1 2 2 3 3 2 3 0 1 0
-0.00026720415757178304 2 3 1 2 3 2 3 1 3 0 0 2
0.00026720415757178304 2 3 1 2 3 2 3 2 3 0 0 1
5.716028711737276e-05 2 3 1 2 3 2 3 3 1 0 2 0
-5.716028711737276e-05 2 3 1 2 3 2 3 3 2 0 1 0
-0.0038383391279932805 2 3 1 3 0 0 0 1 0 2 0 0
0.0014056631026662203 2 3 1 3 0 0 0 1 2 0 0 0
0.04805467101586418 2 3 1 3 0 0 0 1 3 2 0 0
0.0052091044920997715 2 3 1 3 0 0 0 1 3 2 0 3
0.005165222850579317 2 3 1 3 0 0 0 1 3 2 3 0
0.0038383391279932805 2 3 1 3 0 0 0 2 0 1 0 0
-0.0014056631026662203 2 3 1 3 0 0 0 2 1 0 0 0
-0.04805467101586418 2 3 1 3 0 0 0 2 3 1 0 0
-0.0052091044920997715 2 3 1 3 0 0 0 2 3 1 0 3
-0.005165222850579317 2 3 1 3 0 0 0 2 3 1 3 0
-0.0014056631026662207 2 3 1 3 0 0 1 0 0 2 0 0
-0.0021939646468696486 2 3 1 3 0 0 1 0 2 0 0 0
-0.011586712350133683 2 3 1 3 0 0 1 0 3 2 0 0
-0.001326769681680372 2 3 1 3 0 0 1 0 3 2 0 3
-0.0013169505428493639 2 3 1 3 0 0 1 0 3 2 3 0
-0.001379021858299476 2 3 1 3 0 0 1 3 3 2 0 0
0.0014056631026662207 2 3 1 3 0 0 2 0 0 1 0 0
0.0021939646468696486 2 3 1 3 0 0 2 0 1 0 0 0
0.011586712350133683 2 3 1 3 0 0 2 0 3 1 0 0
0.001326769681680372 2 3 1 3 0 0 2 0 3 1 0 3
0.0013169505428493639 2 3 1 3 0 0 2 0 3 1 3 0
0.001379021858299476 2 3 1 3 0 0 2 3 3 1 0 0
0.04797612664713395 2 3 1 3 0 0 3 1 0 2 0 0
0.005201469925568218 2 3 1 3 0 0 3 1 0 2 0 3
0.005173099727030741 2 3 1 3 0 0 3 1 0 2 3 0
0.011567774107753599 2 3 1 3 0 0 3 1 2 0 0 0
0.001326962463565045 2 3 1 3 0 0 3 1 2 0 0 3
0.0013171636322644007 2 3 1 3 0 0 3 1 2 0 3 0
0.0013801428410319548 2 3 1 3 0 0 3 1 2 3 0 0
-378.51086981135 2 3 1 3 0 0 3 1 3 2 0 0
0.04819507138060228 2 3 1 3 0 0 3 1 3 2 0 3
0.04881634237310851 2 3 1 3 0 0 3 1 3 2 3 0
-0.0022696158495182943 2 3 1 3 0 0 3 1 3 2 3 3
-0.04797612664713395 2 3 1 3 0 0 3 2 0 1 0 0
-0.005201469925568218 2 3 1 3 0 0 3 2 0 1 0 3
-0.005173099727030741 2 3 1 3 0 0 3 2 0 1 3 0
-0.011567774107753599 2 3 1 3 0 0 3 2 1 0 0 0
-0.001326962463565045 2 3 1 3 0 0 3 2 1 0 0 3
-0.0013171636322644007 2 3 1 3 0 0 3 2 1 0 3 0
-0.0013801428410319548 2 3 1 3 0 0 3 2 1 3 0 0
378.51086981135 2 3 1 3 0 0 3 2 3 1 0 0
-0.04819507138060228 2 3 1 3 0 0 3 2 3 1 0 3
-0.04881634237310851 2 3 1 3 0 0 3 2 3 1 3 0
0.0022696158495182943 2 3 1 3 0 0 3 2 3 1 3 3
0.005502637731939303 2 3 1 3 0 3 0 1 3 2 0 0
-0.005502637731939303 2 3 1 3 0 3 0 2 3 1 0 0
-0.0012559943513467055 2 3 1 3 0 3 1 0 3 2 0 0
0.0012559943513467055 2 3 1 3 0 3 2 0 3 1 0 0
0.00550343727453306 2 3 1 3 0 3 3 1 0 2 0 0
0.0012541535411934185 2 3 1 3 0 3 3 1 2 0 0 0
0.04819507138060227 2 3 1 3 0 3 3 1 3 2 0 0
0.006187929915470081 2 3 1 3 0 3 3 1 3 2 0 3
0.006137806652848502 2 3 1 3 0 3 3 1 3 2 3 0
-0.00550343727453306 2 3 1 3 0 3 3 2 0 1 0 0
-0.0012541535411934185 2 3 1 3 0 3 3 2 1 0 0 0
-0.04819507138060227 2 3 1 3 0 3 3 2 3 1 0 0
-0.006187929915470081 2 3 1 3 0 3 3 2 3 1 0 3
-0.006137806652848502 2 3 1 3 0 3 3 2 3 1 3 0
-1.4724175601735823e-05 2 3 1 3 1 2 0 3 0 0 3 0
1.4784185274849796e-06 2 3 1 3 1 2 0 3 1 1 3 0
1.4784185274849796e-06 2 3 1 3 1 2 0 3 2 2 3 0
-1.632834387934798e-05 2 3 1 3 1 2 3 0 0 0 3 0
-1.4784185274849637e-06 2 3 1 3 1 2 3 0 1 1 3 0
-1.4784185274849637e-06 2 3 1 3 1 2 3 0 2 2 3 0
8.227303984801718e-06 2 3 1 3 1 2 3 1 3 1 2 2
-0.008438447431310732 2 3 1 3 1 2 3 1 3 2 1 2
0.00843022012732593 2 3 1 3 1 2 3 1 3 2 2 1
0.00843022012732593 2 3 1 3 1 2 3 2 3 1 1 2
-0.008438447431310732 2 3 1 3 1 2 3 2 3 1 2 1
8.227303984801718e-06 2 3 1 3 1 2 3 2 3 2 1 1
-1.4823803385320246e-05 2 3 1 3 1 2 3 3 0 0 0 0
-0.00013018762800514068 2 3 1 3 1 2 3 3 0 0 3 0
-1.493408273486238e-05 2 3 1 3 1 2 3 3 0 0 3 3
-1.6335984008014894e-05 2 3 1 3 1 2 3 3 0 3 3 0
-6.445571761602415e-06 2 3 1 3 1 2 3 3 1 1 0 0
6.897195244731969e-06 2 3 1 3 1 2 3 3 1 1 3 3
-6.445571761602415e-06 2 3 1 3 1 2 3 3 2 2 0 0
6.897195244731969e-06 2 3 1 3 1 2 3 3 2 2 3 3
-1.472920123999103e-05 2 3 1 3 1 2 3 3 3 0 3 0
-5.431510655188125e-06 2 3 1 3 2 1 3 1 3 1 2 2
0.008443878941965919 2 3 1 3 2 1 3 1 3 2 1 2
-0.008438447431310732 2 3 1 3 2 1 3 1 3 2 2 1
-0.008438447431310732 2 3 1 3 2 1 3 2 3 1 1 2
0.008443878941965919 2 3 1 3 2 1 3 2 3 1 2 1
-5.431510655188125e-06 2 3 1 3 2 1 3 2 3 2 1 1
0.005461913886216339 2 3 1 3 3 0 0 1 3 2 0 0
-0.005461913886216339 2 3 1 3 3 0 0 2 3 1 0 0
-0.001245413819901982 2 3 1 3 3 0 1 0 3 2 0 0
0.001245413819901982 2 3 1 3 3 0 2 0 3 1 0 0
0.005462797652156748 2 3 1 3 3 0 3 1 0 2 0 0
0.0012473130546637853 2 3 1 3 3 0 3 1 2 0 0 0
0.048816342373108494 2 3 1 3 3 0 3 1 3 2 0 0
0.006137806652848502 2 3 1 3 3 0 3 1 3 2 0 3
0.006105659672516864 2 3 1 3 3 0 3 1 3 2 3 0
-0.005462797652156748 2 3 1 3 3 0 3 2 0 1 0 0
-0.0012473130546637853 2 3 1 3 3 0 3 2 1 0 0 0
-0.048816342373108494 2 3 1 3 3 0 3 2 3 1 0 0
-0.006137806652848502 2 3 1 3 3 0 3 2 3 1 0 3
-0.006105659672516864 2 3 1 3 3 0 3 2 3 1 3 0
-0.0022696158495182947 2 3 1 3 3 3 3 1 3 2 0 0
0.0022696158495182947 2 3 1 3 3 3 3 2 3 1 0 0
-0.005572598902459757 2 3 2 0 0 0 0 3 0 0 1 1
-0.005572598902459757 2 3 2 0 0 0 0 3 0 0 2 2
-0.0055418449080477375 2 3 2 0 0 0 3 0 0 0 1 1
-0.0055418449080477375 2 3 2 0 0 0 3 0 0 0 2 2
-6.507500786614323e-05 2 3 2 0 0 0 3 1 1 0 0 0
-6.507500786614323e-05 2 3 2 0 0 0 3 2 2 0 0 0
-0.04853846899157165 2 3 2 0 0 0 3 3 0 0 1 1
-0.04853846899157165 2 3 2 0 0 0 3 3 0 0 2 2
-0.005542650147510676 2 3 2 0 0 0 3 3 0 3 1 1
-0.005542650147510676 2 3 2 0 0 0 3 3 0 3 2 2
-0.005573468382239048 2 3 2 0 0 0 3 3 3 0 1 1
-0.005573468382239048 2 3 2 0 0 0 3 3 3 0 2 2
-0.005165691553796915 2 3 2 0 0 3 0 0 0 0 1 1
-0.005165691553796915 2 3 2 0 0 3 0 0 0 0 2 2
-0.048397068251723636 2 3 2 0 0 3 0 3 0 0 1 1
-0.048397068251723636 2 3 2 0 0 3 0 3 0 0 2 2
-0.004786270431471042 2 3 2 0 0 3 0 3 0 3 1 1
-0.004786270431471042 2 3 2 0 0 3 0 3 0 3 2 2
0.0034154805715265846 2 3 2 0 0 3 0 3 3 0 1 1
0.0034154805715265846 2 3 2 0 0 3 0 3 3 0 2 2
6.479221655968548e-05 2 3 2 0 0 3 1 1 0 0 1 1
6.479221655968548e-05 2 3 2 0 0 3 1 1 0 0 2 2
6.479221655968548e-05 2 3 2 0 0 3 2 2 0 0 1 1
6.479221655968548e-05 2 3 2 0 0 3 2 2 0 0 2 2
-0.0483970682517233 2 3 2 0 0 3 3 0 0 0 1 1
-0.0483970682517233 2 3 2 0 0 3 3 0 0 0 2 2
0.002354124085887348 2 3 2 0 0 3 3 0 0 3 1 1
0.002354124085887348 2 3 2 0 0 3 3 0 0 3 2 2
-0.004786270431471036 2 3 2 0 0 3 3 0 3 0 1 1
-0.004786270431471036 2 3 2 0 0 3 3 0 3 0 2 2
381.2080674974273 2 3 2 0 0 3 3 3 0 0 1 1
381.2080674974273 2 3 2 0 0 3 3 3 0 0 2 2
-0.048317964241772864 2 3 2 0 0 3 3 3 0 3 1 1
-0.048317964241772864 2 3 2 0 0 3 3 3 0 3 2 2
6.500314576489538e-05 2 3 2 0 0 3 3 3 1 1 1 1
6.500314576489538e-05 2 3 2 0 0 3 3 3 1 1 2 2
6.500314576489538e-05 2 3 2 0 0 3 3 3 2 2 1 1
6.500314576489538e-05 2 3 2 0 0 3 3 3 2 2 2 2
-0.04831796424177275 2 3 2 0 0 3 3 3 3 0 1 1
-0.04831796424177275 2 3 2 0 0 3 3 3 3 0 2 2
-0.0051684387600360706 2 3 2 0 0 3 3 3 3 3 1 1
-0.0051684387600360706 2 3 2 0 0 3 3 3 3 3 2 2
-0.0046283019407472445 2 3 2 0 1 1 0 0 0 0 3 0
-0.004723026082690982 2 3 2 0 1 1 0 3 0 0 0 0
-0.04336229575133777 2 3 2 0 1 1 0 3 0 0 3 0
-0.004700453146614688 2 3 2 0 1 1 0 3 0 0 3 3
-0.004230862995046845 2 3 2 0 1 1 0 3 0 3 3 0
0.004385722650344191 2 3 2 0 1 1 0 3 3 0 3 0
5.805184814569309e-05 2 3 2 0 1 1 1 1 0 0 3 0
5.805184814569309e-05 2 3 2 0 1 1 2 2 0 0 3 0
-0.004660856398214599 2 3 2 0 1 1 3 0 0 0 0 0
-0.043362295751337473 2 3 2 0 1 1 3 0 0 0 3 0
-0.004700453146614686 2 3 2 0 1 1 3 0 0 0 3 3
0.0032029111404111785 2 3 2 0 1 1 3 0 0 3 3 0
-0.00423086299504684 2 3 2 0 1 1 3 0 3 0 3 0
1.2922394717412736e-05 2 3 2 0 1 1 3 1 1 0 2 2
-7.772541798443376e-06 2 3 2 0 1 1 3 1 2 0 1 2
-5.149852918969361e-06 2 3 2 0 1 1 3 1 2 0 2 1
-5.149852918969361e-06 2 3 2 0 1 1 3 2 1 0 1 2
-7.772541798443376e-06 2 3 2 0 1 1 3 2 1 0 2 1
1.2922394717412736e-05 2 3 2 0 1 1 3 2 2 0 1 1
-0.04404959248982232 2 3 2 0 1 1 3 3 0 0 0 0
0.004280188136786392 2 3 2 0 1 1 3 3 0 0 0 3
341.5470323410798 2 3 2 0 1 1 3 3 0 0 3 0
-0.043488986497745324 2 3 2 0 1 1 3 3 0 0 3 3
-0.004667964124457709 2 3 2 0 1 1 3 3 0 3 0 0
-0.04329142097320531 2 3 2 0 1 1 3 3 0 3 3 0
-0.004693564069551502 2 3 2 0 1 1 3 3 0 3 3 3
5.824083427459114e-05 2 3 2 0 1 1 3 3 1 1 3 0
5.824083427459114e-05 2 3 2 0 1 1 3 3 2 2 3 0
-0.004667964124457709 2 3 2 0 1 1 3 3 3 0 0 0
-0.043291420973205215 2 3 2 0 1 1 3 3 3 0 3 0
-0.0047568393713044 2 3 2 0 1 1 3 3 3 0 3 3
-0.00463076335367442 2 3 2 0 1 1 3 3 3 3 3 0
-0.004642220348547497 2 3 2 0 2 2 0 0 0 0 3 0
-0.004674872705032796 2 3 2 0 2 2 0 3 0 0 0 0
-0.04349269651670461 2 3 2 0 2 2 0 3 0 0 3 0
-0.004774503460287338 2 3 2 0 2 2 0 3 0 0 3 3
-0.004244468126625965 2 3 2 0 2 2 0 3 0 3 3 0
0.004378576766918336 2 3 2 0 2 2 0 3 3 0 3 0
5.822642389861375e-05 2 3 2 0 2 2 1 1 0 0 3 0
5.822642389861375e-05 2 3 2 0 2 2 2 2 0 0 3 0
-0.004674872705032794 2 3 2 0 2 2 3 0 0 0 0 0
-0.04349269651670431 2 3 2 0 2 2 3 0 0 0 3 0
-0.004714588530299269 2 3 2 0 2 2 3 0 0 0 3 3
0.0031957652569853234 2 3 2 0 2 2 3 0 0 3 3 0
-0.004244468126625959 2 3 2 0 2 2 3 0 3 0 3 0
-0.044182060120404196 2 3 2 0 2 2 3 3 0 0 0 0
0.0042726652221192615 2 3 2 0 2 2 3 3 0 0 0 3
342.57424011531845 2 3 2 0 2 2 3 3 0 0 3 0
-0.04361976825240275 2 3 2 0 2 2 3 3 0 0 3 3
-0.004682001805903933 2 3 2 0 2 2 3 3 0 3 0 0
-0.04342160860121045 2 3 2 0 2 2 3 3 0 3 3 0
-0.004707678736138289 2 3 2 0 2 2 3 3 0 3 3 3
5.841597835387518e-05 2 3 2 0 2 2 3 3 1 1 3 0
5.841597835387518e-05 2 3 2 0 2 2 3 3 2 2 3 0
-0.004741133885497719 2 3 2 0 2 2 3 3 3 0 0 0
-0.04342160860121035 2 3 2 0 2 2 3 3 3 0 3 0
-0.004707678736138286 2 3 2 0 2 2 3 3 3 0 3 3
-0.004644689163530399 2 3 2 0 2 2 3 3 3 3 3 0
0.0032933516414814894 2 3 2 0 3 0 3 3 0 0 1 1
0.0032933516414814894 2 3 2 0 3 0 3 3 0 0 2 2
-0.005531110642245671 2 3 2 0 3 3 0 3 0 0 1 1
-0.005531110642245671 2 3 2 0 3 3 0 3 0 0 2 2
-0.005500830898394518 2 3 2 0 3 3 3 0 0 0 1 1
-0.005500830898394518 2 3 2 0 3 3 3 0 0 0 2 2
-0.0491641666395113 2 3 2 0 3 3 3 3 0 0 1 1
-0.0491641666395113 2 3 2 0 3 3 3 3 0 0 2 2
-0.005501720961308955 2 3 2 0 3 3 3 3 0 3 1 1
-0.005501720961308955 2 3 2 0 3 3 3 3 0 3 2 2
-0.0055320731230449425 2 3 2 0 3 3 3 3 3 0 1 1
-0.0055320731230449425 2 3 2 0 3 3 3 3 3 0 2 2
-3.076212608776425e-05 2 3 2 1 0 1 0 3 0 1 1 0
-3.076212608776425e-05 2 3 2 1 0 1 0 3 0 2 2 0
0.00030545462657673416 2 3 2 1 0 1 3 0 0 1 1 0
0.00030545462657673416 2 3 2 1 0 1 3 0 0 2 2 0
-7.280892237162654e-05 2 3 2 1 0 1 3 1 1 2 0 2
7.280892237162654e-05 2 3 2 1 0 1 3 1 2 2 0 1
7.280892237162654e-05 2 3 2 1 0 1 3 2 1 1 0 2
-7.280892237162654e-05 2 3 2 1 0 1 3 2 2 1 0 1
0.0003041189147423152 2 3 2 1 0 1 3 3 0 1 1 3
0.0003041189147423152 2 3 2 1 0 1 3 3 0 2 2 3
-8.923419911220504e-05 2 3 2 1 0 2 0 3 1 0 2 0
8.923419911220504e-05 2 3 2 1 0 2 0 3 2 0 1 0
8.252787345614092e-05 2 3 2 1 0 2 3 0 1 0 2 0
-8.252787345614092e-05 2 3 2 1 0 2 3 0 2 0 1 0
6.5871674110202024e-06 2 3 2 1 0 2 3 3 1 3 2 0
-6.5871674110202024e-06 2 3 2 1 0 2 3 3 2 3 1 0
-6.9850577600615e-05 2 3 2 1 1 0 3 1 1 2 2 0
6.9850577600615e-05 2 3 2 1 1 0 3 1 2 2 1 0
6.9850577600615e-05 2 3 2 1 1 0 3 2 1 1 2 0
-6.9850577600615e-05 2 3 2 1 1 0 3 2 2 1 1 0
1.7863757274606995e-07 2 3 2 1 1 0 3 3 1 0 3 1
1.7863757274606995e-07 2 3 2 1 1 0 3 3 2 0 3 2
-8.758208654029536e-05 2 3 2 1 1 3 0 3 1 0 3 1
-8.758208654029536e-05 2 3 2 1 1 3 0 3 2 0 3 2
8.104945492865596e-05 2 3 2 1 1 3 3 0 1 0 3 1
8.104945492865596e-05 2 3 2 1 1 3 3 0 2 0 3 2
6.762311490304237e-06 2 3 2 1 1 3 3 3 1 3 3 1
6.762311490304237e-06 2 3 2 1 1 3 3 3 2 3 3 2
0.0002733006800139388 2 3 2 1 2 0 3 3 0 1 3 2
-0.0002733006800139388 2 3 2 1 2 0 3 3 0 2 3 1
-2.9965386059123765e-05 2 3 2 1 2 3 0 3 0 1 3 2
2.9965386059123765e-05 2 3 2 1 2 3 0 3 0 2 3 1
0.00029754334218654667 2 3 2 1 2 3 3 0 0 1 3 2
-0.00029754334218654667 2 3 2 1 2 3 3 0 0 2 3 1
0.0002917620692914032 2 3 2 1 2 3 3 3 0 1 0 2
-0.0002917620692914032 2 3 2 1 2 3 3 3 0 2 0 1
0.00026140990755541384 2 3 2 1 3 1 3 3 0 1 1 0
0.00026140990755541384 2 3 2 1 3 1 3 3 0 2 2 0
-1.713792380251941e-07 2 3 2 1 3 2 3 3 1 0 2 0
1.713792380251941e-07 2 3 2 1 3 2 3 3 2 0 1 0
2.8481756444590835e-05 2 3 2 2 0 1 0 1 3 0 0 2
-2.8481756444590835e-05 2 3 2 2 0 1 0 2 3 0 0 1
6.706325656065116e-06 2 3 2 2 0 1 0 3 1 0 2 0
-6.706325656065116e-06 2 3 2 2 0 1 0 3 2 0 1 0
5.773729388612164e-05 2 3 2 2 0 1 1 0 3 0 0 2
-5.773729388612164e-05 2 3 2 2 0 1 2 0 3 0 0 1
-6.659091745255296e-05 2 3 2 2 0 1 3 0 1 0 2 0
6.659091745255296e-05 2 3 2 2 0 1 3 0 2 0 1 0
-1.613668492475477e-05 2 3 2 2 0 1 3 1 0 0 0 2
1.3890503816365704e-05 2 3 2 2 0 1 3 1 3 0 3 2
1.613668492475477e-05 2 3 2 2 0 1 3 2 0 0 0 1
-1.3890503816365704e-05 2 3 2 2 0 1 3 2 3 0 3 1
-6.629972436275405e-05 2 3 2 2 0 1 3 3 1 0 2 3
6.629972436275405e-05 2 3 2 2 0 1 3 3 2 0 1 3
1.799156513175934e-05 2 3 2 2 0 2 0 3 0 1 1 0
1.799156513175934e-05 2 3 2 2 0 2 0 3 0 2 2 0
0.0002874630614449746 2 3 2 2 0 2 3 0 0 1 1 0
0.0002874630614449746 2 3 2 2 0 2 3 0 0 2 2 0
0.0003041189147423152 2 3 2 2 0 2 3 3 0 1 1 3
0.0003041189147423152 2 3 2 2 0 2 3 3 0 2 2 3
-3.0215543481064827e-05 2 3 2 2 0 2 3 3 3 1 1 0
-3.0215543481064827e-05 2 3 2 2 0 2 3 3 3 2 2 0
2.8788159804070932e-05 2 3 2 2 1 0 0 1 3 0 2 0
-2.8788159804070932e-05 2 3 2 2 1 0 0 2 3 0 1 0
5.835842484931956e-05 2 3 2 2 1 0 1 0 3 0 2 0
-5.835842484931956e-05 2 3 2 2 1 0 2 0 3 0 1 0
-1.5481025207324143e-05 2 3 2 2 1 0 3 1 0 0 2 0
1.353073933269812e-05 2 3 2 2 1 0 3 1 3 0 2 3
1.5481025207324143e-05 2 3 2 2 1 0 3 2 0 0 1 0
-1.353073933269812e-05 2 3 2 2 1 0 3 2 3 0 1 3
-0.0002724812638658642 2 3 2 2 1 0 3 3 0 1 3 2
0.0002724812638658642 2 3 2 2 1 0 3 3 0 2 3 1
-1.7669261137783506e-05 2 3 2 2 1 3 0 3 0 1 3 2
1.7669261137783506e-05 2 3 2 2 1 3 0 3 0 2 3 1
-0.0002798740810487629 2 3 2 2 1 3 3 0 0 1 3 2
0.0002798740810487629 2 3 2 2 1 3 3 0 0 2 3 1
1.3232952773873492e-05 2 3 2 2 1 3 3 1 3 0 2 0
-1.3232952773873492e-05 2 3 2 2 1 3 3 2 3 0 1 0
-0.0002917620692914032 2 3 2 2 1 3 3 3 0 1 0 2
0.0002917620692914032 2 3 2 2 1 3 3 3 0 2 0 1
3.1018934865076757e-05 2 3 2 2 1 3 3 3 3 1 3 2
-3.1018934865076757e-05 2 3 2 2 1 3 3 3 3 2 3 1
5.958116669076815e-05 2 3 2 2 2 0 3 3 1 0 3 1
5.958116669076815e-05 2 3 2 2 2 0 3 3 2 0 3 2
-6.532631611640428e-06 2 3 2 2 2 3 0 3 1 0 3 1
-6.532631611640428e-06 2 3 2 2 2 3 0 3 2 0 3 2
6.486621060599189e-05 2 3 2 2 2 3 3 0 1 0 3 1
6.486621060599189e-05 2 3 2 2 2 3 3 0 2 0 3 2
6.360585887897518e-05 2 3 2 2 2 3 3 3 1 0 0 1
6.360585887897518e-05 2 3 2 2 2 3 3 3 2 0 0 2
1.1392497045576739e-05 2 3 2 2 3 1 3 1 3 0 0 2
-1.1392497045576739e-05 2 3 2 2 3 1 3 2 3 0 0 1
-5.6988907879347564e-05 2 3 2 2 3 1 3 3 1 0 2 0
5.6988907879347564e-05 2 3 2 2 3 1 3 3 2 0 1 0
0.00026219602949451 2 3 2 2 3 2 3 3 0 1 1 0
0.00026219602949451 2 3 2 2 3 2 3 3 0 2 2 0
1.4203436061147653e-05 2 3 2 3 0 0 3 1 3 1 0 0
1.4203436061147653e-05 2 3 2 3 0 0 3 2 3 2 0 0
-0.005238531232768362 2 3 2 3 0 0 3 3 0 0 1 1
-0.005238531232768362 2 3 2 3 0 0 3 3 0 0 2 2
-6.7185576719859e-06 2 3 2 3 0 0 3 3 1 1 1 1
-6.7185576719859e-06 2 3 2 3 0 0 3 3 1 2 2 1
-6.7185576719859e-06 2 3 2 3 0 0 3 3 2 1 1 2
-6.7185576719859e-06 2 3 2 3 0 0 3 3 2 2 2 2
-0.005464745007768047 2 3 2 3 0 3 0 3 0 0 1 1
-0.005464745007768047 2 3 2 3 0 3 0 3 0 0 2 2
0.0018137181325708926 2 3 2 3 0 3 0 3 1 1 1 1
0.0018135444385264678 2 3 2 3 0 3 0 3 1 1 2 2
1.7369404442470552e-07 2 3 2 3 0 3 0 3 1 2 2 1
1.7369404442470552e-07 2 3 2 3 0 3 0 3 2 1 1 2
0.0018135444385264678 2 3 2 3 0 3 0 3 2 2 1 1
0.0018137181325708926 2 3 2 3 0 3 0 3 2 2 2 2
-0.00606011759933558 2 3 2 3 0 3 3 0 0 0 1 1
-0.00606011759933558 2 3 2 3 0 3 3 0 0 0 2 2
-0.0016980271330351866 2 3 2 3 0 3 3 0 1 1 1 1
-0.0016978534389907617 2 3 2 3 0 3 3 0 1 1 2 2
-1.7369404442467312e-07 2 3 2 3 0 3 3 0 1 2 2 1
-1.7369404442467312e-07 2 3 2 3 0 3 3 0 2 1 1 2
-0.0016978534389907617 2 3 2 3 0 3 3 0 2 2 1 1
-0.0016980271330351866 2 3 2 3 0 3 3 0 2 2 2 2
-0.048317964241772864 2 3 2 3 0 3 3 3 0 0 1 1
-0.048317964241772864 2 3 2 3 0 3 3 3 0 0 2 2
-0.006062953164199822 2 3 2 3 0 3 3 3 0 3 1 1
-0.006062953164199822 2 3 2 3 0 3 3 3 0 3 2 2
-0.005466610228090653 2 3 2 3 0 3 3 3 3 0 1 1
-0.005466610228090653 2 3 2 3 0 3 3 3 3 0 2 2
-0.004896244706393869 2 3 2 3 1 1 0 3 0 0 3 0
0.0019013002191111883 2 3 2 3 1 1 0 3 1 1 3 0
0.0019013002191111883 2 3 2 3 1 1 0 3 2 2 3 0
-0.005429680373684984 2 3 2 3 1 1 3 0 0 0 3 0
-0.0017723702623077776 2 3 2 3 1 1 3 0 1 1 3 0
-0.0017723702623077776 2 3 2 3 1 1 3 0 2 2 3 0
-2.795793329613592e-06 2 3 2 3 1 1 3 1 3 1 2 2
-5.431510655188215e-06 2 3 2 3 1 1 3 1 3 2 1 2
8.227303984801809e-06 2 3 2 3 1 1 3 1 3 2 2 1
8.227303984801809e-06 2 3 2 3 1 1 3 2 3 1 1 2
-5.431510655188215e-06 2 3 2 3 1 1 3 2 3 1 2 1
-2.795793329613592e-06 2 3 2 3 1 1 3 2 3 2 1 1
-0.004929374032013123 2 3 2 3 1 1 3 3 0 0 0 0
-0.04329142097320531 2 3 2 3 1 1 3 3 0 0 3 0
-0.0049660453334173646 2 3 2 3 1 1 3 3 0 0 3 3
-0.005432220953242941 2 3 2 3 1 1 3 3 0 3 3 0
-6.897195244731969e-06 2 3 2 3 1 1 3 3 1 1 3 3
-6.897195244731969e-06 2 3 2 3 1 1 3 3 2 2 3 3
-0.004897915886863926 2 3 2 3 1 1 3 3 3 0 3 0
-0.004910968881995605 2 3 2 3 2 2 0 3 0 0 3 0
0.0019027786376386731 2 3 2 3 2 2 0 3 1 1 3 0
0.0019027786376386731 2 3 2 3 2 2 0 3 2 2 3 0
-0.005446008717564331 2 3 2 3 2 2 3 0 0 0 3 0
-0.0017738486808352625 2 3 2 3 2 2 3 0 1 1 3 0
-0.0017738486808352625 2 3 2 3 2 2 3 0 2 2 3 0
-0.004944197835398443 2 3 2 3 2 2 3 3 0 0 0 0
-0.04342160860121045 2 3 2 3 2 2 3 3 0 0 3 0
-0.004980979416152227 2 3 2 3 2 2 3 3 0 0 3 3
-0.005448556937250955 2 3 2 3 2 2 3 3 0 3 3 0
-6.445571761602415e-06 2 3 2 3 2 2 3 3 1 1 0 0
-6.445571761602415e-06 2 3 2 3 2 2 3 3 2 2 0 0
-0.004912645088103917 2 3 2 3 2 2 3 3 3 0 3 0
-0.005209958892017551 2 3 2 3 3 3 3 3 0 0 1 1
-0.005209958892017551 2 3 2 3 3 3 3 3 0 0 2 2
-6.616950999627608e-06 2 3 2 3 3 3 3 3 1 1 2 2
6.616950999627608e-06 2 3 2 3 3 3 3 3 1 2 2 1
6.616950999627608e-06 2 3 2 3 3 3 3 3 2 1 1 2
-6.616950999627608e-06 2 3 2 3 3 3 3 3 2 2 1 1
-1.3038036447544663e-05 2 3 3 0 0 1 0 1 0 0 0 2
1.3038036447544663e-05 2 3 3 0 0 1 0 2 0 0 0 1
0.0005313268643076895 2 3 3 0 0 1 1 0 0 0 0 2
-0.0005313268643076895 2 3 3 0 0 1 2 0 0 0 0 1
6.371617659741418e-05 2 3 3 0 0 1 3 1 0 0 3 2
7.280892237162667e-05 2 3 3 0 0 1 3 1 3 0 0 2
-6.371617659741418e-05 2 3 3 0 0 1 3 2 0 0 3 1
-7.280892237162667e-05 2 3 3 0 0 1 3 2 3 0 0 1
0.0002993022619348115 2 3 3 0 0 1 3 3 1 0 2 0
-0.0002993022619348114 2 3 3 0 0 1 3 3 2 0 1 0
0.0005234712052494176 2 3 3 0 0 2 0 0 1 0 1 0
0.0005234712052494176 2 3 3 0 0 2 0 0 2 0 2 0
0.004904371735019024 2 3 3 0 0 2 0 3 1 0 1 0
0.0007980954421724178 2 3 3 0 0 2 0 3 1 0 1 3
0.0005238107397133175 2 3 3 0 0 2 0 3 1 3 1 0
0.004904371735019024 2 3 3 0 0 2 0 3 2 0 2 0
0.0007980954421724178 2 3 3 0 0 2 0 3 2 0 2 3
0.0005238107397133175 2 3 3 0 0 2 0 3 2 3 2 0
-0.00013135506820006953 2 3 3 0 0 2 0 3 3 1 1 0
-0.00013135506820006953 2 3 3 0 0 2 0 3 3 2 2 0
-6.565792661071722e-06 2 3 3 0 0 2 1 1 1 0 1 0
-6.565792661071722e-06 2 3 3 0 0 2 1 1 2 0 2 0
-6.565792661071722e-06 2 3 3 0 0 2 2 2 1 0 1 0
-6.565792661071722e-06 2 3 3 0 0 2 2 2 2 0 2 0
0.00490437173501899 2 3 3 0 0 2 3 0 1 0 1 0
0.0005316316665112709 2 3 3 0 0 2 3 0 1 0 1 3
0.0002566347674664538 2 3 3 0 0 2 3 0 1 3 1 0
0.00490437173501899 2 3 3 0 0 2 3 0 2 0 2 0
0.0005316316665112709 2 3 3 0 0 2 3 0 2 0 2 3
0.0002566347674664538 2 3 3 0 0 2 3 0 2 3 2 0
-0.00020325434825793317 2 3 3 0 0 2 3 0 3 1 1 0
-0.00020325434825793317 2 3 3 0 0 2 3 0 3 2 2 0
-0.0001207676810198244 2 3 3 0 0 2 3 3 0 1 1 0
-0.0001207676810198244 2 3 3 0 0 2 3 3 0 2 2 0
-38.63352795517985 2 3 3 0 0 2 3 3 1 0 1 0
0.004918700739168914 2 3 3 0 0 2 3 3 1 0 1 3
0.004896355640562406 2 3 3 0 0 2 3 3 1 3 1 0
0.0005308524966300727 2 3 3 0 0 2 3 3 1 3 1 3
-38.63352795517985 2 3 3 0 0 2 3 3 2 0 2 0
0.004918700739168914 2 3 3 0 0 2 3 3 2 0 2 3
0.004896355640562406 2 3 3 0 0 2 3 3 2 3 2 0
0.0005308524966300727 2 3 3 0 0 2 3 3 2 3 2 3
-0.0010674345251638344 2 3 3 0 0 2 3 3 3 1 1 0
-0.00018874726993302736 2 3 3 0 0 2 3 3 3 1 1 3
-0.0010674345251638344 2 3 3 0 0 2 3 3 3 2 2 0
-0.00018874726993302736 2 3 3 0 0 2 3 3 3 2 2 3
-1.3178298098062017e-05 2 3 3 0 1 0 0 1 0 0 2 0
1.3178298098062017e-05 2 3 3 0 1 0 0 2 0 0 1 0
-0.0008721457558450683 2 3 3 0 1 0 0 3 1 0 3 2
0.0008721457558450683 2 3 3 0 1 0 0 3 2 0 3 1
0.000537042815728123 2 3 3 0 1 0 1 0 0 0 2 0
-0.000537042815728123 2 3 3 0 1 0 2 0 0 0 1 0
-0.0005765210446078718 2 3 3 0 1 0 3 0 1 0 3 2
0.0005765210446078718 2 3 3 0 1 0 3 0 2 0 3 1
6.206592562899115e-05 2 3 3 0 1 0 3 1 0 0 2 3
6.985057760061511e-05 2 3 3 0 1 0 3 1 3 0 2 0
-6.206592562899115e-05 2 3 3 0 1 0 3 2 0 0 1 3
-6.985057760061511e-05 2 3 3 0 1 0 3 2 3 0 1 0
-0.0009868364953049024 2 3 3 0 1 0 3 3 1 0 0 2
-0.005049482493826339 2 3 3 0 1 0 3 3 1 0 3 2
-0.0005766048140933115 2 3 3 0 1 0 3 3 1 3 3 2
0.0009868364953049024 2 3 3 0 1 0 3 3 2 0 0 1
0.005049482493826339 2 3 3 0 1 0 3 3 2 0 3 1
0.0005766048140933115 2 3 3 0 1 0 3 3 2 3 3 1
0.00017802996034452988 2 3 3 0 1 0 3 3 3 1 3 2
-0.00017802996034452988 2 3 3 0 1 0 3 3 3 2 3 1
-0.0005373896130496702 2 3 3 0 1 3 0 0 1 0 3 2
0.0005373896130496702 2 3 3 0 1 3 0 0 2 0 3 1
-0.0008080845595546898 2 3 3 0 1 3 0 3 1 0 0 2
-0.005034772500385865 2 3 3 0 1 3 0 3 1 0 3 2
-0.0005377381752864129 2 3 3 0 1 3 0 3 1 3 3 2
0.0008080845595546898 2 3 3 0 1 3 0 3 2 0 0 1
0.005034772500385865 2 3 3 0 1 3 0 3 2 0 3 1
0.0005377381752864129 2 3 3 0 1 3 0 3 2 3 3 1
0.00013432106745197049 2 3 3 0 1 3 0 3 3 1 3 2
-0.00013432106745197049 2 3 3 0 1 3 0 3 3 2 3 1
6.740368413992376e-06 2 3 3 0 1 3 1 1 1 0 3 2
-6.740368413992376e-06 2 3 3 0 1 3 1 1 2 0 3 1
6.740368413992376e-06 2 3 3 0 1 3 2 2 1 0 3 2
-6.740368413992376e-06 2 3 3 0 1 3 2 2 2 0 3 1
-0.0005411694933438669 2 3 3 0 1 3 3 0 1 0 0 2
-0.005034772500385831 2 3 3 0 1 3 3 0 1 0 3 2
-0.0002634583468983333 2 3 3 0 1 3 3 0 1 3 3 2
0.0005411694933438669 2 3 3 0 1 3 3 0 2 0 0 1
0.005034772500385831 2 3 3 0 1 3 3 0 2 0 3 1
0.0002634583468983333 2 3 3 0 1 3 3 0 2 3 3 1
0.00020498588720609893 2 3 3 0 1 3 3 0 3 1 3 2
-0.00020498588720609893 2 3 3 0 1 3 3 0 3 2 3 1
5.691607271002176e-05 2 3 3 0 1 3 3 1 0 0 2 0
-5.691607271002176e-05 2 3 3 0 1 3 3 2 0 0 1 0
0.00012397873411437588 2 3 3 0 1 3 3 3 0 1 3 2
-0.00012397873411437588 2 3 3 0 1 3 3 3 0 2 3 1
-0.005114574149688997 2 3 3 0 1 3 3 3 1 0 0 2
39.66073585408562 2 3 3 0 1 3 3 3 1 0 3 2
-0.0005419947675598424 2 3 3 0 1 3 3 3 1 3 0 2
-0.005026543268567547 2 3 3 0 1 3 3 3 1 3 3 2
0.005114574149688997 2 3 3 0 1 3 3 3 2 0 0 1
-39.660735854085615 2 3 3 0 1 3 3 3 2 0 3 1
0.0005419947675598424 2 3 3 0 1 3 3 3 2 3 0 1
0.005026543268567547 2 3 3 0 1 3 3 3 2 3 3 1
0.00018838087882252266 2 3 3 0 1 3 3 3 3 1 0 2
0.0010958161990215595 2 3 3 0 1 3 3 3 3 1 3 2
-0.00018838087882252266 2 3 3 0 1 3 3 3 3 2 0 1
-0.0010958161990215595 2 3 3 0 1 3 3 3 3 2 3 1
-0.0002994269290253223 2 3 3 0 2 3 3 3 1 0 3 1
-0.0002994269290253222 2 3 3 0 2 3 3 3 2 0 3 2
5.5943634798970825e-05 2 3 3 0 3 1 3 1 0 0 0 2
-5.5943634798970825e-05 2 3 3 0 3 1 3 2 0 0 0 1
0.0008562379372128743 2 3 3 0 3 2 0 3 1 0 1 0
0.0008562379372128743 2 3 3 0 3 2 0 3 2 0 2 0
0.0005574329303768223 2 3 3 0 3 2 3 0 1 0 1 0
0.0005574329303768223 2 3 3 0 3 2 3 0 2 0 2 0
0.0049821065191071184 2 3 3 0 3 2 3 3 1 0 1 0
0.0009793135806377715 2 3 3 0 3 2 3 3 1 0 1 3
0.0005575231259105115 2 3 3 0 3 2 3 3 1 3 1 0
0.0049821065191071184 2 3 3 0 3 2 3 3 2 0 2 0
0.0009793135806377715 2 3 3 0 3 2 3 3 2 0 2 3
0.0005575231259105115 2 3 3 0 3 2 3 3 2 3 2 0
-0.0001724294376148893 2 3 3 0 3 2 3 3 3 1 1 0
-0.0001724294376148893 2 3 3 0 3 2 3 3 3 2 2 0
-0.0014056631026662203 2 3 3 1 0 0 0 1 0 2 0 0
0.0014056631026662203 2 3 3 1 0 0 0 2 0 1 0 0
0.0006788398506648698 2 3 3 1 0 0 1 0 0 2 0 0
-0.0006788398506648698 2 3 3 1 0 0 2 0 0 1 0 0
-0.011567774107753552 2 3 3 1 0 0 3 1 0 2 0 0
-0.001326962463565042 2 3 3 1 0 0 3 1 0 2 0 3
-0.001317163632264398 2 3 3 1 0 0 3 1 0 2 3 0
-0.00138014284103195 2 3 3 1 0 0 3 1 3 2 0 0
0.011567774107753552 2 3 3 1 0 0 3 2 0 1 0 0
0.001326962463565042 2 3 3 1 0 0 3 2 0 1 0 3
0.001317163632264398 2 3 3 1 0 0 3 2 0 1 3 0
0.00138014284103195 2 3 3 1 0 0 3 2 3 1 0 0
-3.081823472837637e-05 2 3 3 1 0 0 3 3 1 1 1 2
3.081823472837637e-05 2 3 3 1 0 0 3 3 1 2 1 1
-3.081823472837637e-05 2 3 3 1 0 0 3 3 2 1 2 2
3.081823472837637e-05 2 3 3 1 0 0 3 3 2 2 2 1
7.967400286404675e-07 2 3 3 1 0 3 0 3 1 1 1 2
-0.0006485091902378816 2 3 3 1 0 3 0 3 1 2 1 1
-0.0006477124502092411 2 3 3 1 0 3 0 3 1 2 2 2
0.0006477124502092411 2 3 3 1 0 3 0 3 2 1 1 1
0.0006485091902378816 2 3 3 1 0 3 0 3 2 1 2 2
-7.967400286404675e-07 2 3 3 1 0 3 0 3 2 2 2 1
-7.967400286404616e-07 2 3 3 1 0 3 3 0 1 1 1 2
0.00011783094741826274 2 3 3 1 0 3 3 0 1 2 1 1
0.00011703420738962229 2 3 3 1 0 3 3 0 1 2 2 2
-0.00011703420738962229 2 3 3 1 0 3 3 0 2 1 1 1
-0.00011783094741826274 2 3 3 1 0 3 3 0 2 1 2 2
7.967400286404616e-07 2 3 3 1 0 3 3 0 2 2 2 1
-0.0012541535411934156 2 3 3 1 0 3 3 1 0 2 0 0
0.0012541535411934156 2 3 3 1 0 3 3 2 0 1 0 0
-2.0274773093915954e-08 2 3 3 1 0 3 3 3 3 0 1 2
2.0274773093915954e-08 2 3 3 1 0 3 3 3 3 0 2 1
-0.0006961438374347889 2 3 3 1 1 1 0 3 1 2 3 0
0.0006961438374347889 2 3 3 1 1 1 0 3 2 1 3 0
0.00010473808246828232 2 3 3 1 1 1 3 0 1 2 3 0
-0.00010473808246828232 2 3 3 1 1 1 3 0 2 1 3 0
3.163765087645098e-05 2 3 3 1 1 1 3 3 1 2 3 3
-3.163765087645098e-05 2 3 3 1 1 1 3 3 2 1 3 3
3.0342953232851316e-06 2 3 3 1 1 2 0 0 3 0 3 0
1.5578449037410785e-06 2 3 3 1 1 2 0 3 0 0 3 0
-1.049772148693327e-05 2 3 3 1 1 2 0 3 3 0 0 0
2.84281390647448e-05 2 3 3 1 1 2 0 3 3 0 3 0
1.614340689605618e-05 2 3 3 1 1 2 0 3 3 0 3 3
2.9659992519009606e-06 2 3 3 1 1 2 0 3 3 3 3 0
8.007844531609806e-07 2 3 3 1 1 2 1 1 3 0 3 0
8.007844531609806e-07 2 3 3 1 1 2 2 2 3 0 3 0
2.9659992519009576e-06 2 3 3 1 1 2 3 0 0 0 3 0
3.0556378889409344e-06 2 3 3 1 1 2 3 0 3 0 0 0
2.8428139064744606e-05 2 3 3 1 1 2 3 0 3 0 3 0
3.0815973509695255e-06 2 3 3 1 1 2 3 0 3 0 3 3
1.5578449037410785e-06 2 3 3 1 1 2 3 0 3 3 3 0
3.060297684428516e-06 2 3 3 1 1 2 3 3 0 0 0 0
2.8381673857725108e-05 2 3 3 1 1 2 3 3 0 0 3 0
3.077080900966437e-06 2 3 3 1 1 2 3 3 0 0 3 3
3.035909015267465e-06 2 3 3 1 1 2 3 3 0 3 3 0
2.8878727921304166e-05 2 3 3 1 1 2 3 3 3 0 0 0
1.6400399470645174e-06 2 3 3 1 1 2 3 3 3 0 0 3
-0.2239374252152111 2 3 3 1 1 2 3 3 3 0 3 0
2.8511196986256698e-05 2 3 3 1 1 2 3 3 3 0 3 3
1.595144120763336e-05 2 3 3 1 1 2 3 3 3 3 0 0
2.8381673857725172e-05 2 3 3 1 1 2 3 3 3 3 3 0
-1.0717309588497517e-05 2 3 3 1 1 2 3 3 3 3 3 3
4.745293708569499e-08 2 3 3 1 2 1 3 3 3 0 3 0
-0.0006964661414287647 2 3 3 1 2 2 0 3 1 2 3 0
0.0006964661414287647 2 3 3 1 2 2 0 3 2 1 3 0
0.00010506038646225814 2 3 3 1 2 2 3 0 1 2 3 0
-0.00010506038646225814 2 3 3 1 2 2 3 0 2 1 3 0
2.9566039796893257e-05 2 3 3 1 2 2 3 3 1 2 0 0
-2.9566039796893257e-05 2 3 3 1 2 2 3 3 2 1 0 0
-0.0012473130546637834 2 3 3 1 3 0 3 1 0 2 0 0
0.0012473130546637834 2 3 3 1 3 0 3 2 0 1 0 0
3.0352161735989378e-05 2 3 3 1 3 3 3 3 1 1 1 2
3.0352161735989378e-05 2 3 3 1 3 3 3 3 1 2 2 2
-3.0352161735989378e-05 2 3 3 1 3 3 3 3 2 1 1 1
-3.0352161735989378e-05 2 3 3 1 3 3 3 3 2 2 2 1
-0.0007051854313548083 2 3 3 2 0 0 0 1 1 0 0 0
-0.0007051854313548083 2 3 3 2 0 0 0 2 2 0 0 0
0.0012148595608738081 2 3 3 2 0 0 0 3 3 0 1 1
0.0012148595608738081 2 3 3 2 0 0 0 3 3 0 2 2
-0.0006575389726822632 2 3 3 2 0 0 1 0 1 0 0 0
-0.0006575389726822632 2 3 3 2 0 0 2 0 2 0 0 0
0.0012081550079712099 2 3 3 2 0 0 3 0 3 0 1 1
0.0012081550079712099 2 3 3 2 0 0 3 0 3 0 2 2
-0.0025637726802875795 2 3 3 2 0 0 3 1 1 0 0 0
-0.0002940954828617264 2 3 3 2 0 0 3 1 1 0 0 3
-0.0002919237620316577 2 3 3 2 0 0 3 1 1 0 3 0
-0.0005861227498906912 2 3 3 2 0 0 3 1 1 3 0 0
-0.0025637726802875795 2 3 3 2 0 0 3 2 2 0 0 0
-0.0002940954828617264 2 3 3 2 0 0 3 2 2 0 0 3
-0.0002919237620316577 2 3 3 2 0 0 3 2 2 0 3 0
-0.0005861227498906912 2 3 3 2 0 0 3 2 2 3 0 0
0.0012083305549426431 2 3 3 2 0 0 3 3 0 0 1 1
0.0012083305549426431 2 3 3 2 0 0 3 3 0 0 2 2
0.010581673678067758 2 3 3 2 0 0 3 3 3 0 1 1
0.010581673678067758 2 3 3 2 0 0 3 3 3 0 2 2
0.0012150491126146298 2 3 3 2 0 0 3 3 3 3 1 1
0.0012150491126146298 2 3 3 2 0 0 3 3 3 3 2 2
0.0011261513492179028 2 3 3 2 0 3 0 0 3 0 1 1
0.0011261513492179028 2 3 3 2 0 3 0 0 3 0 2 2
-0.0006289039910469293 2 3 3 2 0 3 0 3 0 0 1 1
-0.0006289039910469293 2 3 3 2 0 3 0 3 0 0 2 2
0.010550847479425833 2 3 3 2 0 3 0 3 3 0 1 1
0.010550847479425833 2 3 3 2 0 3 0 3 3 0 2 2
0.0009277442981372749 2 3 3 2 0 3 0 3 3 3 1 1
0.0009277442981372749 2 3 3 2 0 3 0 3 3 3 2 2
0.00029720392917576303 2 3 3 2 0 3 1 1 3 0 1 1
0.00029720392917576303 2 3 3 2 0 3 1 1 3 0 2 2
0.00029720392917576303 2 3 3 2 0 3 2 2 3 0 1 1
0.00029720392917576303 2 3 3 2 0 3 2 2 3 0 2 2
0.001159126297208678 2 3 3 2 0 3 3 0 0 0 1 1
0.001159126297208678 2 3 3 2 0 3 3 0 0 0 2 2
0.01055084747942576 2 3 3 2 0 3 3 0 3 0 1 1
0.01055084747942576 2 3 3 2 0 3 3 0 3 0 2 2
-0.0006289039910469302 2 3 3 2 0 3 3 0 3 3 1 1
-0.0006289039910469302 2 3 3 2 0 3 3 0 3 3 2 2
-0.0002779587979369716 2 3 3 2 0 3 3 1 1 0 0 0
-0.0002779587979369716 2 3 3 2 0 3 3 2 2 0 0 0
0.010533602336813852 2 3 3 2 0 3 3 3 0 0 1 1
0.010533602336813852 2 3 3 2 0 3 3 3 0 0 2 2
0.001126750256446603 2 3 3 2 0 3 3 3 0 3 1 1
0.001126750256446603 2 3 3 2 0 3 3 3 0 3 2 2
-83.10561617435943 2 3 3 2 0 3 3 3 3 0 1 1
-83.10561617435944 2 3 3 2 0 3 3 3 3 0 2 2
0.010533602336813877 2 3 3 2 0 3 3 3 3 3 1 1
0.010533602336813877 2 3 3 2 0 3 3 3 3 3 2 2
0.00100899723122827 2 3 3 2 1 1 0 0 3 0 3 0
-0.0008271835525969632 2 3 3 2 1 1 0 3 0 0 3 0
0.0010296476551148914 2 3 3 2 1 1 0 3 3 0 0 0
0.009453237259135541 2 3 3 2 1 1 0 3 3 0 3 0
0.001024726621376545 2 3 3 2 1 1 0 3 3 0 3 3
0.0007934232306853043 2 3 3 2 1 1 0 3 3 3 3 0
0.00026628564788984095 2 3 3 2 1 1 1 1 3 0 3 0
0.00026628564788984095 2 3 3 2 1 1 2 2 3 0 3 0
0.0010512831442921183 2 3 3 2 1 1 3 0 0 0 3 0
0.001016094295739017 2 3 3 2 1 1 3 0 3 0 0 0
0.009453237259135475 2 3 3 2 1 1 3 0 3 0 3 0
0.0010247266213765445 2 3 3 2 1 1 3 0 3 0 3 3
-0.0008271835525969643 2 3 3 2 1 1 3 0 3 3 3 0
0.0010176438221509581 2 3 3 2 1 1 3 3 0 0 0 0
0.009437786137792295 2 3 3 2 1 1 3 3 0 0 3 0
0.0010232247617806356 2 3 3 2 1 1 3 3 0 0 3 3
0.0010095338338225314 2 3 3 2 1 1 3 3 0 3 3 0
0.009603072018198638 2 3 3 2 1 1 3 3 3 0 0 0
-0.0009331063604844025 2 3 3 2 1 1 3 3 3 0 0 3
-74.4592756432703 2 3 3 2 1 1 3 3 3 0 3 0
0.009480856592096956 2 3 3 2 1 1 3 3 3 0 3 3
0.0010176438221509581 2 3 3 2 1 1 3 3 3 3 0 0
0.009437786137792316 2 3 3 2 1 1 3 3 3 3 3 0
0.0010370191522701003 2 3 3 2 1 1 3 3 3 3 3 3
3.2230399397583405e-07 2 3 3 2 1 2 0 3 1 2 3 0
-3.2230399397583405e-07 2 3 3 2 1 2 0 3 2 1 3 0
-3.223039939758306e-07 2 3 3 2 1 2 3 0 1 2 3 0
3.223039939758306e-07 2 3 3 2 1 2 3 0 2 1 3 0
-2.9566039796893257e-05 2 3 3 2 1 2 3 3 1 2 0 0
3.163765087645098e-05 2 3 3 2 1 2 3 3 1 2 3 3
2.9566039796893257e-05 2 3 3 2 1 2 3 3 2 1 0 0
-3.163765087645098e-05 2 3 3 2 1 2 3 3 2 1 3 3
0.0010120315265515552 2 3 3 2 2 2 0 0 3 0 3 0
-0.0008256257076932219 2 3 3 2 2 2 0 3 0 0 3 0
0.0010191499336279584 2 3 3 2 2 2 0 3 3 0 0 0
0.009481665398200285 2 3 3 2 2 2 0 3 3 0 3 0
0.0010408700282726012 2 3 3 2 2 2 0 3 3 0 3 3
0.0007963892299372053 2 3 3 2 2 2 0 3 3 3 3 0
0.0002670864323430019 2 3 3 2 2 2 1 1 3 0 3 0
0.0002670864323430019 2 3 3 2 2 2 2 2 3 0 3 0
0.0010542491435440193 2 3 3 2 2 2 3 0 0 0 3 0
0.001019149933627958 2 3 3 2 2 2 3 0 3 0 0 0
0.00948166539820022 2 3 3 2 2 2 3 0 3 0 3 0
0.001027808218727514 2 3 3 2 2 2 3 0 3 0 3 3
-0.000825625707693223 2 3 3 2 2 2 3 0 3 3 3 0
0.0010207041198353867 2 3 3 2 2 2 3 3 0 0 0 0
0.00946616781165002 2 3 3 2 2 2 3 3 0 0 3 0
0.001026301842681602 2 3 3 2 2 2 3 3 0 0 3 3
0.0010125697428377987 2 3 3 2 2 2 3 3 0 3 3 0
0.009631950746119942 2 3 3 2 2 2 3 3 3 0 0 0
-0.0009314663205373379 2 3 3 2 2 2 3 3 3 0 0 3
-74.68321302103256 2 3 3 2 2 2 3 3 3 0 3 0
0.009509367789083213 2 3 3 2 2 2 3 3 3 0 3 3
0.0010335952633585914 2 3 3 2 2 2 3 3 3 3 0 0
0.009466167811650042 2 3 3 2 2 2 3 3 3 3 3 0
0.0010263018426816027 2 3 3 2 2 2 3 3 3 3 3 3
-0.0002764427368243336 2 3 3 2 3 0 3 1 1 0 0 0
-0.0002764427368243336 2 3 3 2 3 0 3 2 2 0 0 0
-0.0007179701606026598 2 3 3 2 3 0 3 3 3 0 1 1
-0.0007179701606026598 2 3 3 2 3 0 3 3 3 0 2 2
0.0012058148744595652 2 3 3 2 3 3 0 3 3 0 1 1
0.0012058148744595652 2 3 3 2 3 3 0 3 3 0 2 2
0.0011992137109876802 2 3 3 2 3 3 3 0 3 0 1 1
0.0011992137109876802 2 3 3 2 3 3 3 0 3 0 2 2
0.001199407749973853 2 3 3 2 3 3 3 3 0 0 1 1
0.001199407749973853 2 3 3 2 3 3 3 3 0 0 2 2
0.010718079470611019 2 3 3 2 3 3 3 3 3 0 1 1
0.010718079470611019 2 3 3 2 3 3 3 3 3 0 2 2
0.001206024700973481 2 3 3 2 3 3 3 3 3 3 1 1
0.001206024700973481 2 3 3 2 3 3 3 3 3 3 2 2
-0.0003019673489648436 2 3 3 3 0 1 3 1 1 2 0 1
-0.0003019673489648436 2 3 3 3 0 1 3 1 2 2 0 2
0.0003019673489648436 2 3 3 3 0 1 3 2 1 1 0 1
0.0003019673489648436 2 3 3 3 0 1 3 2 2 1 0 2
-6.524966552718519e-05 2 3 3 3 0 1 3 3 3 1 2 0
6.524966552718519e-05 2 3 3 3 0 1 3 3 3 2 1 0
-0.00011411982266634753 2 3 3 3 0 2 0 0 3 1 1 0
-0.00011411982266634753 2 3 3 3 0 2 0 0 3 2 2 0
-0.00011419384319015269 2 3 3 3 0 2 0 3 0 1 1 0
-0.00011419384319015269 2 3 3 3 0 2 0 3 0 2 2 0
0.0005717676909042004 2 3 3 3 0 2 0 3 1 0 1 0
0.0005717676909042004 2 3 3 3 0 2 0 3 2 0 2 0
-0.0010691820812255477 2 3 3 3 0 2 0 3 3 1 1 0
-0.00017398953260120678 2 3 3 3 0 2 0 3 3 1 1 3
-0.0010691820812255477 2 3 3 3 0 2 0 3 3 2 2 0
-0.00017398953260120678 2 3 3 3 0 2 0 3 3 2 2 3
-3.01174968327611e-05 2 3 3 3 0 2 1 1 3 1 1 0
-3.01174968327611e-05 2 3 3 3 0 2 1 1 3 2 2 0
-3.01174968327611e-05 2 3 3 3 0 2 2 2 3 1 1 0
-3.01174968327611e-05 2 3 3 3 0 2 2 2 3 2 2 0
-5.594789906225456e-05 2 3 3 3 0 2 3 0 0 1 1 0
-5.594789906225456e-05 2 3 3 3 0 2 3 0 0 2 2 0
0.0006268794427272524 2 3 3 3 0 2 3 0 1 0 1 0
0.0006268794427272524 2 3 3 3 0 2 3 0 2 0 2 0
-0.0010691820812255405 2 3 3 3 0 2 3 0 3 1 1 0
-0.00011589885154652171 2 3 3 3 0 2 3 0 3 1 1 3
-0.0010691820812255405 2 3 3 3 0 2 3 0 3 2 2 0
-0.00011589885154652171 2 3 3 3 0 2 3 0 3 2 2 3
-0.001067434525163832 2 3 3 3 0 2 3 3 0 1 1 0
-0.00011572898789828728 2 3 3 3 0 2 3 3 0 1 1 3
-0.001067434525163832 2 3 3 3 0 2 3 3 0 2 2 0
-0.00011572898789828728 2 3 3 3 0 2 3 3 0 2 2 3
0.004896355640562406 2 3 3 3 0 2 3 3 1 0 1 0
0.000561670731358449 2 3 3 3 0 2 3 3 1 0 1 3
0.0006143962269488663 2 3 3 3 0 2 3 3 1 3 1 0
0.004896355640562406 2 3 3 3 0 2 3 3 2 0 2 0
0.000561670731358449 2 3 3 3 0 2 3 3 2 0 2 3
0.0006143962269488663 2 3 3 3 0 2 3 3 2 3 2 0
8.422337876483244 2 3 3 3 0 2 3 3 3 1 1 0
-0.001072305888984547 2 3 3 3 0 2 3 3 3 1 1 3
8.422337876483242 2 3 3 3 0 2 3 3 3 2 2 0
-0.001072305888984547 2 3 3 3 0 2 3 3 3 2 2 3
0.00019013293949726297 2 3 3 3 1 0 0 3 3 1 3 2
-0.00019013293949726297 2 3 3 3 1 0 0 3 3 2 3 1
0.00012568500180008894 2 3 3 3 1 0 3 0 3 1 3 2
-0.00012568500180008894 2 3 3 3 1 0 3 0 3 2 3 1
-0.00028969792512600803 2 3 3 3 1 0 3 1 1 2 1 0
-0.00028969792512600803 2 3 3 3 1 0 3 1 2 2 2 0
0.00028969792512600803 2 3 3 3 1 0 3 2 1 1 1 0
0.00028969792512600803 2 3 3 3 1 0 3 2 2 1 2 0
0.00012570326404398564 2 3 3 3 1 0 3 3 0 1 3 2
-0.00012570326404398564 2 3 3 3 1 0 3 3 0 2 3 1
-0.0005449671632168606 2 3 3 3 1 0 3 3 1 0 3 2
0.0005449671632168606 2 3 3 3 1 0 3 3 2 0 3 1
0.00021513619988174253 2 3 3 3 1 0 3 3 3 1 0 2
0.0011008170859708034 2 3 3 3 1 0 3 3 3 1 3 2
-0.00021513619988174253 2 3 3 3 1 0 3 3 3 2 0 1
-0.0011008170859708034 2 3 3 3 1 0 3 3 3 2 3 1
0.00011715411798963266 2 3 3 3 1 3 0 0 3 1 3 2
-0.00011715411798963266 2 3 3 3 1 3 0 0 3 2 3 1
0.00011723010662137876 2 3 3 3 1 3 0 3 0 1 3 2
-0.00011723010662137876 2 3 3 3 1 3 0 3 0 2 3 1
-0.0005861695625119605 2 3 3 3 1 3 0 3 1 0 3 2
0.0005861695625119605 2 3 3 3 1 3 0 3 2 0 3 1
0.00017616721934467352 2 3 3 3 1 3 0 3 3 1 0 2
0.0010976102202902925 2 3 3 3 1 3 0 3 3 1 3 2
-0.00017616721934467352 2 3 3 3 1 3 0 3 3 2 0 1
-0.0010976102202902925 2 3 3 3 1 3 0 3 3 2 3 1
3.091828128592208e-05 2 3 3 3 1 3 1 1 3 1 3 2
-3.091828128592208e-05 2 3 3 3 1 3 1 1 3 2 3 1
3.091828128592208e-05 2 3 3 3 1 3 2 2 3 1 3 2
-3.091828128592208e-05 2 3 3 3 1 3 2 2 3 2 3 1
5.743547978667053e-05 2 3 3 3 1 3 3 0 0 1 3 2
-5.743547978667053e-05 2 3 3 3 1 3 3 0 0 2 3 1
-0.0006427333505719359 2 3 3 3 1 3 3 0 1 0 3 2
0.0006427333505719359 2 3 3 3 1 3 3 0 2 0 3 1
0.00011797815427768068 2 3 3 3 1 3 3 0 3 1 0 2
0.0010976102202902849 2 3 3 3 1 3 3 0 3 1 3 2
-0.00011797815427768068 2 3 3 3 1 3 3 0 3 2 0 1
-0.0010976102202902849 2 3 3 3 1 3 3 0 3 2 3 1
0.00011815806894391978 2 3 3 3 1 3 3 3 0 1 0 2
0.0010958161990215572 2 3 3 3 1 3 3 3 0 1 3 2
-0.00011815806894391978 2 3 3 3 1 3 3 3 0 2 0 1
-0.0010958161990215572 2 3 3 3 1 3 3 3 0 2 3 1
-0.0005723469292958319 2 3 3 3 1 3 3 3 1 0 0 2
-0.005026543268567547 2 3 3 3 1 3 3 3 1 0 3 2
-0.0006307322109568813 2 3 3 3 1 3 3 3 1 3 3 2
0.0005723469292958319 2 3 3 3 1 3 3 3 2 0 0 1
0.005026543268567547 2 3 3 3 1 3 3 3 2 0 3 1
0.0006307322109568813 2 3 3 3 1 3 3 3 2 3 3 1
0.0011150074524123846 2 3 3 3 1 3 3 3 3 1 0 2
-8.646275281423677 2 3 3 3 1 3 3 3 3 1 3 2
-0.0011150074524123846 2 3 3 3 1 3 3 3 3 2 0 1
8.646275281423678 2 3 3 3 1 3 3 3 3 2 3 1
6.527684369117735e-05 2 3 3 3 2 3 3 3 3 1 3 1
6.527684369117735e-05 2 3 3 3 2 3 3 3 3 2 3 2
-0.0001866649408316068 2 3 3 3 3 2 0 3 3 1 1 0
-0.0001866649408316068 2 3 3 3 3 2 0 3 3 2 2 0
-0.00012152367986062436 2 3 3 3 3 2 3 0 3 1 1 0
-0.00012152367986062436 2 3 3 3 3 2 3 0 3 2 2 0
-0.00012154334302109366 2 3 3 3 3 2 3 3 0 1 1 0
-0.00012154334302109366 2 3 3 3 3 2 3 3 0 2 2 0
0.0005279570861136182 2 3 3 3 3 2 3 3 1 0 1 0
0.0005279570861136182 2 3 3 3 3 2 3 3 2 0 2 0
-0.00108612872449108 2 3 3 3 3 2 3 3 3 1 1 0
-0.000213496159934678 2 3 3 3 3 2 3 3 3 1 1 3
-0.00108612872449108 2 3 3 3 3 2 3 3 3 2 2 0
-0.000213496159934678 2 3 3 3 3 2 3 3 3 2 2 3
-6566.213832707756 3 0 0 0 0 0 0 0 0 0 0 0
-751.0635986676461 3 0 0 0 0 0 0 0 0 0 0 3
-745.4880527709277 3 0 0 0 0 0 0 0 0 0 3 0
0.24011489006794334 3 0 0 0 0 0 0 0 0 0 3 3
-744.2723593839582 3 0 0 0 0 0 0 0 0 3 0 0
0.2804331645699458 3 0 0 0 0 0 0 0 0 3 0 3
0.28045866732677843 3 0 0 0 0 0 0 0 0 3 3 0
0.02599174240728992 3 0 0 0 0 0 0 0 0 3 3 3
0.002130983489908314 3 0 0 0 0 0 0 0 1 1 0 0
0.00024444937074711816 3 0 0 0 0 0 0 0 1 1 0 3
0.00024264425702968538 3 0 0 0 0 0 0 0 1 1 3 0
0.002130983489908314 3 0 0 0 0 0 0 0 2 2 0 0
0.00024444937074711816 3 0 0 0 0 0 0 0 2 2 0 3
0.00024264425702968538 3 0 0 0 0 0 0 0 2 2 3 0
-817.7332160737093 3 0 0 0 0 0 0 0 3 0 0 0
0.2897859743957929 3 0 0 0 0 0 0 0 3 0 0 3
0.2899320419588759 3 0 0 0 0 0 0 0 3 0 3 0
0.02652974092552403 3 0 0 0 0 0 0 0 3 0 3 3
0.28724357486109575 3 0 0 0 0 0 0 0 3 3 0 0
0.03168455739923075 3 0 0 0 0 0 0 0 3 3 0 3
0.031491896360124 3 0 0 0 0 0 0 0 3 3 3 0
-740.354491880379 3 0 0 0 0 0 0 3 0 0 0 0
0.28022301644984776 3 0 0 0 0 0 0 3 0 0 0 3
0.2799718239048297 3 0 0 0 0 0 0 3 0 0 3 0
0.025962465612090063 3 0 0 0 0 0 0 3 0 0 3 3
0.23424417848135767 3 0 0 0 0 0 0 3 0 3 0 0
0.025672756177635554 3 0 0 0 0 0 0 3 0 3 0 3
0.025492091846689716 3 0 0 0 0 0 0 3 0 3 3 0
0.0013236404385936337 3 0 0 0 0 0 0 3 1 1 0 0
0.0013236404385936337 3 0 0 0 0 0 0 3 2 2 0 0
0.284866819471472 3 0 0 0 0 0 0 3 3 0 0 0
0.031412483153183214 3 0 0 0 0 0 0 3 3 0 0 3
0.031188305948195313 3 0 0 0 0 0 0 3 3 0 3 0
0.02556712524947948 3 0 0 0 0 0 0 3 3 3 0 0
-0.0010351061702788475 3 0 0 0 0 0 1 1 0 3 0 0
0.0010351061702788507 3 0 0 0 0 0 1 1 3 0 0 0
-0.0010351061702788475 3 0 0 0 0 0 2 2 0 3 0 0
0.0010351061702788507 3 0 0 0 0 0 2 2 3 0 0 0
-821.0155450765776 3 0 0 0 0 0 3 0 0 0 0 0
0.29049253294395705 3 0 0 0 0 0 3 0 0 0 0 3
0.29037372224882707 3 0 0 0 0 0 3 0 0 0 3 0
0.02655319553814315 3 0 0 0 0 0 3 0 0 0 3 3
0.2857641192042535 3 0 0 0 0 0 3 0 0 3 0 0
0.031509937465047724 3 0 0 0 0 0 3 0 0 3 0 3
0.031288230811980455 3 0 0 0 0 0 3 0 0 3 3 0
-0.000532179355779772 3 0 0 0 0 0 3 0 1 1 0 0
-0.000532179355779772 3 0 0 0 0 0 3 0 2 2 0 0
0.25379260524352726 3 0 0 0 0 0 3 0 3 0 0 0
0.027791984180541192 3 0 0 0 0 0 3 0 3 0 0 3
0.02759675892355654 3 0 0 0 0 0 3 0 3 0 3 0
0.027219365705481183 3 0 0 0 0 0 3 0 3 3 0 0
0.28744040825548395 3 0 0 0 0 0 3 3 0 0 0 0
0.031701970953210784 3 0 0 0 0 0 3 3 0 0 0 3
0.03144533921069117 3 0 0 0 0 0 3 3 0 0 3 0
0.025634219979534304 3 0 0 0 0 0 3 3 0 3 0 0
0.027136796368714747 3 0 0 0 0 0 3 3 3 0 0 0
-710.9470525524827 3 0 0 0 0 3 0 0 0 0 0 0
0.2937403989980613 3 0 0 0 0 3 0 0 0 0 0 3
0.293355019285107 3 0 0 0 0 3 0 0 0 0 3 0
0.029612266046637206 3 0 0 0 0 3 0 0 0 0 3 3
0.28058781417584144 3 0 0 0 0 3 0 0 0 3 0 0
0.032897500471710625 3 0 0 0 0 3 0 0 0 3 0 3
0.032670067872311755 3 0 0 0 0 3 0 0 0 3 3 0
0.00023103671157460236 3 0 0 0 0 3 0 0 1 1 0 0
0.00023103671157460236 3 0 0 0 0 3 0 0 2 2 0 0
0.2899406240016885 3 0 0 0 0 3 0 0 3 0 0 0
0.03409833968736445 3 0 0 0 0 3 0 0 3 0 0 3
0.03391641140676517 3 0 0 0 0 3 0 0 3 0 3 0
0.03238825870200518 3 0 0 0 0 3 0 0 3 3 0 0
0.0008256257076932252 3 0 0 0 0 3 0 1 1 0 1 1
0.000827183552596966 3 0 0 0 0 3 0 1 1 0 2 2
-1.5578449037410402e-06 3 0 0 0 0 3 0 1 2 0 2 1
-1.5578449037410402e-06 3 0 0 0 0 3 0 2 1 0 1 2
0.000827183552596966 3 0 0 0 0 3 0 2 2 0 1 1
0.0008256257076932252 3 0 0 0 0 3 0 2 2 0 2 2
0.28022301644984776 3 0 0 0 0 3 0 3 0 0 0 0
0.032846247826360225 3 0 0 0 0 3 0 3 0 0 0 3
0.03258741701717666 3 0 0 0 0 3 0 3 0 0 3 0
0.0265629082465055 3 0 0 0 0 3 0 3 0 3 0 0
0.03210734302928447 3 0 0 0 0 3 0 3 3 0 0 0
0.290492532943957 3 0 0 0 0 3 3 0 0 0 0 0
0.03422700053344018 3 0 0 0 0 3 3 0 0 0 0 3
0.033895574891550956 3 0 0 0 0 3 3 0 0 0 3 0
0.03221217772447248 3 0 0 0 0 3 3 0 0 3 0 0
0.028803443658513006 3 0 0 0 0 3 3 0 3 0 0 0
0.03237062579786978 3 0 0 0 0 3 3 3 0 0 0 0
0.0006289039910469315 3 0 0 0 1 1 0 1 1 0 3 0
0.0006289039910469315 3 0 0 0 1 1 0 2 2 0 3 0
-0.05841344271068103 3 0 0 0 1 2 0 0 0 0 1 2
0.05841344271068103 3 0 0 0 1 2 0 0 0 0 2 1
-0.0066297522208002896 3 0 0 0 1 2 0 0 0 3 1 2
0.0066297522208002896 3 0 0 0 1 2 0 0 0 3 2 1
-0.007311348792649896 3 0 0 0 1 2 0 0 3 0 1 2
0.007311348792649896 3 0 0 0 1 2 0 0 3 0 2 1
-0.006593509562796666 3 0 0 0 1 2 0 3 0 0 1 2
0.006593509562796666 3 0 0 0 1 2 0 3 0 0 2 1
-0.007342379353407808 3 0 0 0 1 2 3 0 0 0 1 2
0.007342379353407808 3 0 0 0 1 2 3 0 0 0 2 1
0.05841344271068103 3 0 0 0 2 1 0 0 0 0 1 2
-0.05841344271068103 3 0 0 0 2 1 0 0 0 0 2 1
0.0066297522208002896 3 0 0 0 2 1 0 0 0 3 1 2
-0.0066297522208002896 3 0 0 0 2 1 0 0 0 3 2 1
0.007311348792649896 3 0 0 0 2 1 0 0 3 0 1 2
-0.007311348792649896 3 0 0 0 2 1 0 0 3 0 2 1
0.006593509562796666 3 0 0 0 2 1 0 3 0 0 1 2
-0.006593509562796666 3 0 0 0 2 1 0 3 0 0 2 1
0.007342379353407808 3 0 0 0 2 1 3 0 0 0 1 2
-0.007342379353407808 3 0 0 0 2 1 3 0 0 0 2 1
0.0006289039910469315 3 0 0 0 2 2 0 1 1 0 3 0
0.0006289039910469315 3 0 0 0 2 2 0 2 2 0 3 0
-704.9399500761214 3 0 0 0 3 0 0 0 0 0 0 0
0.2933659128961969 3 0 0 0 3 0 0 0 0 0 0 3
0.29322459003059154 3 0 0 0 3 0 0 0 0 0 3 0
0.02940562083460333 3 0 0 0 3 0 0 0 0 0 3 3
0.28034575506373 3 0 0 0 3 0 0 0 0 3 0 0
0.03264134398096888 3 0 0 0 3 0 0 0 0 3 0 3
0.032439173186516956 3 0 0 0 3 0 0 0 0 3 3 0
0.00022977657598396888 3 0 0 0 3 0 0 0 1 1 0 0
0.00022977657598396888 3 0 0 0 3 0 0 0 2 2 0 0
0.28981912969582746 3 0 0 0 3 0 0 0 3 0 0 0
0.033890648897911546 3 0 0 0 3 0 0 0 3 0 0 3
0.0336240469120361 3 0 0 0 3 0 0 0 3 0 3 0
0.03213905693044039 3 0 0 0 3 0 0 0 3 3 0 0
0.2799718239048297 3 0 0 0 3 0 0 3 0 0 0 0
0.03258741701717666 3 0 0 0 3 0 0 3 0 0 0 3
0.032359570511746184 3 0 0 0 3 0 0 3 0 0 3 0
0.026361430804635176 3 0 0 0 3 0 0 3 0 3 0 0
0.031860251783113046 3 0 0 0 3 0 0 3 3 0 0 0
0.29037372224882707 3 0 0 0 3 0 3 0 0 0 0 0
0.033895574891550956 3 0 0 0 3 0 3 0 0 0 0 3
0.03372413867676848 3 0 0 0 3 0 3 0 0 0 3 0
0.031964329826493325 3 0 0 0 3 0 3 0 0 3 0 0
0.028585403700313407 3 0 0 0 3 0 3 0 3 0 0 0
0.03212118736490376 3 0 0 0 3 0 3 3 0 0 0 0
0.2297791566919985 3 0 0 0 3 3 0 0 0 0 0 0
0.0285926373985247 3 0 0 0 3 3 0 0 0 0 0 3
0.028397926934642 3 0 0 0 3 3 0 0 0 0 3 0
0.02599430183591345 3 0 0 0 3 3 0 0 0 3 0 0
0.026532300354147553 3 0 0 0 3 3 0 0 3 0 0 0
0.02596246561209007 3 0 0 0 3 3 0 3 0 0 0 0
0.02655319553814315 3 0 0 0 3 3 3 0 0 0 0 0
6.206592562899084e-05 3 0 0 1 0 1 0 0 1 0 3 1
-1.3412659172515853e-05 3 0 0 1 0 1 0 0 1 3 0 1
6.206592562899084e-05 3 0 0 1 0 1 0 0 2 0 3 2
-1.3412659172515853e-05 3 0 0 1 0 1 0 0 2 3 0 2
7.077533033366659e-05 3 0 0 1 0 1 3 0 1 0 0 1
7.077533033366659e-05 3 0 0 1 0 1 3 0 2 0 0 2
-0.0052389212101327754 3 0 0 1 0 2 0 0 0 1 0 2
-0.0006089887021386667 3 0 0 1 0 2 0 0 0 1 3 2
0.0052389212101327754 3 0 0 1 0 2 0 0 0 2 0 1
0.0006089887021386667 3 0 0 1 0 2 0 0 0 2 3 1
-0.0006530759991791377 3 0 0 1 0 2 0 0 3 1 0 2
0.0006530759991791377 3 0 0 1 0 2 0 0 3 2 0 1
0.00026345834689833314 3 0 0 1 0 2 0 1 3 0 2 0
-0.00026345834689833314 3 0 0 1 0 2 0 2 3 0 1 0
-0.000591351502236188 3 0 0 1 0 2 0 3 0 1 0 2
0.000591351502236188 3 0 0 1 0 2 0 3 0 2 0 1
-0.0007022402594247577 3 0 0 1 0 2 3 0 0 1 0 2
0.0007022402594247577 3 0 0 1 0 2 3 0 0 2 0 1
6.37161765974139e-05 3 0 0 1 1 0 0 0 1 0 1 3
-1.2867681045716449e-05 3 0 0 1 1 0 0 0 1 3 1 0
6.37161765974139e-05 3 0 0 1 1 0 0 0 2 0 2 3
-1.2867681045716449e-05 3 0 0 1 1 0 0 0 2 3 2 0
7.153672294738188e-05 3 0 0 1 1 0 3 0 1 0 1 0
7.153672294738188e-05 3 0 0 1 1 0 3 0 2 0 2 0
5.594363479897055e-05 3 0 0 1 1 3 0 0 1 0 1 0
5.594363479897055e-05 3 0 0 1 1 3 0 0 2 0 2 0
0.00025663476746645383 3 0 0 1 1 3 0 1 3 0 3 1
0.00025663476746645383 3 0 0 1 1 3 0 2 3 0 3 2
-0.00502605533239555 3 0 0 1 2 0 0 0 0 1 2 0
-0.0005894133641377753 3 0 0 1 2 0 0 0 0 1 2 3
0.00502605533239555 3 0 0 1 2 0 0 0 0 2 1 0
0.0005894133641377753 3 0 0 1 2 0 0 0 0 2 1 3
-0.0006265404606172094 3 0 0 1 2 0 0 0 3 1 2 0
0.0006265404606172094 3 0 0 1 2 0 0 0 3 2 1 0
-0.000567323930236963 3 0 0 1 2 0 0 3 0 1 2 0
0.000567323930236963 3 0 0 1 2 0 0 3 0 2 1 0
-0.0006760990145128637 3 0 0 1 2 0 3 0 0 1 2 0
0.0006760990145128637 3 0 0 1 2 0 3 0 0 2 1 0
-0.000557018156825014 3 0 0 1 2 3 0 0 0 1 2 0
0.000557018156825014 3 0 0 1 2 3 0 0 0 2 1 0
5.691607271002151e-05 3 0 0 1 3 1 0 0 1 0 0 1
5.691607271002151e-05 3 0 0 1 3 1 0 0 2 0 0 2
-0.0005755207409747362 3 0 0 1 3 2 0 0 0 1 0 2
0.0005755207409747362 3 0 0 1 3 2 0 0 0 2 0 1
0.0052389212101327754 3 0 0 2 0 1 0 0 0 1 0 2
0.0006089887021386667 3 0 0 2 0 1 0 0 0 1 3 2
-0.0052389212101327754 3 0 0 2 0 1 0 0 0 2 0 1
-0.0006089887021386667 3 0 0 2 0 1 0 0 0 2 3 1
0.0006530759991791377 3 0 0 2 0 1 0 0 3 1 0 2
-0.0006530759991791377 3 0 0 2 0 1 0 0 3 2 0 1
-0.00026345834689833314 3 0 0 2 0 1 0 1 3 0 2 0
0.00026345834689833314 3 0 0 2 0 1 0 2 3 0 1 0
0.000591351502236188 3 0 0 2 0 1 0 3 0 1 0 2
-0.000591351502236188 3 0 0 2 0 1 0 3 0 2 0 1
0.0007022402594247577 3 0 0 2 0 1 3 0 0 1 0 2
-0.0007022402594247577 3 0 0 2 0 1 3 0 0 2 0 1
6.206592562899084e-05 3 0 0 2 0 2 0 0 1 0 3 1
-1.3412659172515853e-05 3 0 0 2 0 2 0 0 1 3 0 1
6.206592562899084e-05 3 0 0 2 0 2 0 0 2 0 3 2
-1.3412659172515853e-05 3 0 0 2 0 2 0 0 2 3 0 2
7.077533033366659e-05 3 0 0 2 0 2 3 0 1 0 0 1
7.077533033366659e-05 3 0 0 2 0 2 3 0 2 0 0 2
0.00502605533239555 3 0 0 2 1 0 0 0 0 1 2 0
0.0005894133641377753 3 0 0 2 1 0 0 0 0 1 2 3
-0.00502605533239555 3 0 0 2 1 0 0 0 0 2 1 0
-0.0005894133641377753 3 0 0 2 1 0 0 0 0 2 1 3
0.0006265404606172094 3 0 0 2 1 0 0 0 3 1 2 0
-0.0006265404606172094 3 0 0 2 1 0 0 0 3 2 1 0
0.000567323930236963 3 0 0 2 1 0 0 3 0 1 2 0
-0.000567323930236963 3 0 0 2 1 0 0 3 0 2 1 0
0.0006760990145128637 3 0 0 2 1 0 3 0 0 1 2 0
-0.0006760990145128637 3 0 0 2 1 0 3 0 0 2 1 0
0.000557018156825014 3 0 0 2 1 3 0 0 0 1 2 0
-0.000557018156825014 3 0 0 2 1 3 0 0 0 2 1 0
6.37161765974139e-05 3 0 0 2 2 0 0 0 1 0 1 3
-1.2867681045716449e-05 3 0 0 2 2 0 0 0 1 3 1 0
6.37161765974139e-05 3 0 0 2 2 0 0 0 2 0 2 3
-1.2867681045716449e-05 3 0 0 2 2 0 0 0 2 3 2 0
7.153672294738188e-05 3 0 0 2 2 0 3 0 1 0 1 0
7.153672294738188e-05 3 0 0 2 2 0 3 0 2 0 2 0
5.594363479897055e-05 3 0 0 2 2 3 0 0 1 0 1 0
5.594363479897055e-05 3 0 0 2 2 3 0 0 2 0 2 0
0.00025663476746645383 3 0 0 2 2 3 0 1 3 0 3 1
0.00025663476746645383 3 0 0 2 2 3 0 2 3 0 3 2
0.0005755207409747362 3 0 0 2 3 1 0 0 0 1 0 2
-0.0005755207409747362 3 0 0 2 3 1 0 0 0 2 0 1
5.6916072710021504e-05 3 0 0 2 3 2 0 0 1 0 0 1
5.6916072710021504e-05 3 0 0 2 3 2 0 0 2 0 0 2
-684.2488054980885 3 0 0 3 0 0 0 0 0 0 0 0
0.2780299090427557 3 0 0 3 0 0 0 0 0 0 0 3
0.27774403247243606 3 0 0 3 0 0 0 0 0 0 3 0
0.026990171569403202 3 0 0 3 0 0 0 0 0 0 3 3
0.28573519616899307 3 0 0 3 0 0 0 0 0 3 0 0
0.03220934094359714 3 0 0 3 0 0 0 0 0 3 0 3
0.03198947087789582 3 0 0 3 0 0 0 0 0 3 3 0
-16.814014417476482 3 0 0 3 0 0 0 0 1 1 0 0
0.002140708485334785 3 0 0 3 0 0 0 0 1 1 0 3
0.002168303839947865 3 0 0 3 0 0 0 0 1 1 3 0
0.00012313925061306136 3 0 0 3 0 0 0 0 1 1 3 3
-16.814014417476482 3 0 0 3 0 0 0 0 2 2 0 0
0.002140708485334785 3 0 0 3 0 0 0 0 2 2 0 3
0.002168303839947865 3 0 0 3 0 0 0 0 2 2 3 0
0.00012313925061306136 3 0 0 3 0 0 0 0 2 2 3 3
0.2847725828570846 3 0 0 3 0 0 0 0 3 0 0 0
0.03210101468927496 3 0 0 3 0 0 0 0 3 0 0 3
0.03188196381585019 3 0 0 3 0 0 0 0 3 0 3 0
0.03299489450289762 3 0 0 3 0 0 0 0 3 3 0 0
0.28486681947147247 3 0 0 3 0 0 0 3 0 0 0 0
0.03210734302928448 3 0 0 3 0 0 0 3 0 0 0 3
0.03186025178311307 3 0 0 3 0 0 0 3 0 0 3 0
0.028671193131394226 3 0 0 3 0 0 0 3 0 3 0 0
0.011586712350133643 3 0 0 3 0 0 0 3 1 1 0 0
0.0013137316452328167 3 0 0 3 0 0 0 3 1 1 0 3
0.001303772244751291 3 0 0 3 0 0 0 3 1 1 3 0
0.011586712350133643 3 0 0 3 0 0 0 3 2 2 0 0
0.0013137316452328167 3 0 0 3 0 0 0 3 2 2 0 3
0.001303772244751291 3 0 0 3 0 0 0 3 2 2 3 0
0.032676549442805194 3 0 0 3 0 0 0 3 3 0 0 0
0.0003439156880206308 3 0 0 3 0 0 1 1 0 0 0 0
0.0001663232445098534 3 0 0 3 0 0 1 1 1 1 0 0
-0.004688728432559051 3 0 0 3 0 0 1 1 2 2 0 0
0.004855051677068904 3 0 0 3 0 0 1 2 2 1 0 0
0.004855051677068904 3 0 0 3 0 0 2 1 1 2 0 0
0.0003439156880206308 3 0 0 3 0 0 2 2 0 0 0 0
-0.004688728432559051 3 0 0 3 0 0 2 2 1 1 0 0
0.0001663232445098534 3 0 0 3 0 0 2 2 2 2 0 0
0.2857641192042535 3 0 0 3 0 0 3 0 0 0 0 0
0.03221217772447248 3 0 0 3 0 0 3 0 0 0 0 3
0.031964329826493325 3 0 0 3 0 0 3 0 0 0 3 0
0.033021649666332344 3 0 0 3 0 0 3 0 0 3 0 0
-0.0073177678686017385 3 0 0 3 0 0 3 0 1 1 0 0
-0.0008509800041294729 3 0 0 3 0 0 3 0 1 1 0 3
-0.0008449188363784861 3 0 0 3 0 0 3 0 1 1 3 0
-0.0073177678686017385 3 0 0 3 0 0 3 0 2 2 0 0
-0.0008509800041294729 3 0 0 3 0 0 3 0 2 2 0 3
-0.0008449188363784861 3 0 0 3 0 0 3 0 2 2 3 0
0.02866821636829034 3 0 0 3 0 0 3 0 3 0 0 0
0.03297056291956096 3 0 0 3 0 0 3 3 0 0 0 0
0.00034391568802061176 3 0 0 3 0 0 3 3 1 1 0 0
0.00034391568802061176 3 0 0 3 0 0 3 3 2 2 0 0
0.26770671622838577 3 0 0 3 0 3 0 0 0 0 0 0
0.031884294284408296 3 0 0 3 0 3 0 0 0 0 0 3
0.031643209253589696 3 0 0 3 0 3 0 0 0 0 3 0
0.0315234827257388 3 0 0 3 0 3 0 0 0 3 0 0
0.0021407084853347844 3 0 0 3 0 3 0 0 1 1 0 0
0.0002748528780483408 3 0 0 3 0 3 0 0 1 1 0 3
0.00028526808836347374 3 0 0 3 0 3 0 0 1 1 3 0
0.0021407084853347844 3 0 0 3 0 3 0 0 2 2 0 0
0.0002748528780483408 3 0 0 3 0 3 0 0 2 2 0 3
0.00028526808836347374 3 0 0 3 0 3 0 0 2 2 3 0
0.0314193065782937 3 0 0 3 0 3 0 0 3 0 0 0
0.0031957652569853247 3 0 0 3 0 3 0 1 3 1 1 1
0.0032029111404111785 3 0 0 3 0 3 0 1 3 1 2 2
-7.14588342585516e-06 3 0 0 3 0 3 0 1 3 2 2 1
-7.14588342585516e-06 3 0 0 3 0 3 0 2 3 1 1 2
0.0032029111404111785 3 0 0 3 0 3 0 2 3 2 1 1
0.0031957652569853247 3 0 0 3 0 3 0 2 3 2 2 2
0.031412483153183235 3 0 0 3 0 3 0 3 0 0 0 0
0.001269032387794239 3 0 0 3 0 3 0 3 1 1 0 0
0.001269032387794239 3 0 0 3 0 3 0 3 2 2 0 0
0.031509937465047724 3 0 0 3 0 3 3 0 0 0 0 0
-0.0007802046737958063 3 0 0 3 0 3 3 0 1 1 0 0
-0.0007802046737958063 3 0 0 3 0 3 3 0 2 2 0 0
0.0023541240858873484 3 0 0 3 1 1 0 1 3 1 3 0
0.0023541240858873484 3 0 0 3 1 1 0 2 3 2 3 0
-0.005854837051555036 3 0 0 3 1 2 0 0 0 0 1 2
0.005854837051555036 3 0 0 3 1 2 0 0 0 0 2 1
-0.00015600654692039215 3 0 0 3 1 2 0 0 1 1 1 2
0.00015600654692039215 3 0 0 3 1 2 0 0 1 1 2 1
-0.00015600654692039215 3 0 0 3 1 2 0 0 2 2 1 2
0.00015600654692039215 3 0 0 3 1 2 0 0 2 2 2 1
0.005854837051555036 3 0 0 3 2 1 0 0 0 0 1 2
-0.005854837051555036 3 0 0 3 2 1 0 0 0 0 2 1
0.00015600654692039215 3 0 0 3 2 1 0 0 1 1 1 2
-0.00015600654692039215 3 0 0 3 2 1 0 0 1 1 2 1
0.00015600654692039215 3 0 0 3 2 1 0 0 2 2 1 2
-0.00015600654692039215 3 0 0 3 2 1 0 0 2 2 2 1
0.0023541240858873484 3 0 0 3 2 2 0 1 3 1 3 0
0.0023541240858873484 3 0 0 3 2 2 0 2 3 2 3 0
0.2675790095445965 3 0 0 3 3 0 0 0 0 0 0 0
0.031652563284397424 3 0 0 3 3 0 0 0 0 0 0 3
0.03143998237168045 3 0 0 3 3 0 0 0 0 0 3 0
0.031298694923143605 3 0 0 3 3 0 0 0 0 3 0 0
0.002168303839947864 3 0 0 3 3 0 0 0 1 1 0 0
0.00028594590142084586 3 0 0 3 3 0 0 0 1 1 0 3
0.0002711986328706608 3 0 0 3 3 0 0 0 1 1 3 0
0.002168303839947864 3 0 0 3 3 0 0 0 2 2 0 0
0.00028594590142084586 3 0 0 3 3 0 0 0 2 2 0 3
0.0002711986328706608 3 0 0 3 3 0 0 0 2 2 3 0
0.031198394052164645 3 0 0 3 3 0 0 0 3 0 0 0
0.031188305948195327 3 0 0 3 3 0 0 3 0 0 0 0
0.001258592118000033 3 0 0 3 3 0 0 3 1 1 0 0
0.001258592118000033 3 0 0 3 3 0 0 3 2 2 0 0
0.03128823081198046 3 0 0 3 3 0 3 0 0 0 0 0
-0.0007733821134311041 3 0 0 3 3 0 3 0 1 1 0 0
-0.0007733821134311041 3 0 0 3 3 0 3 0 2 2 0 0
0.024661790033950543 3 0 0 3 3 3 0 0 0 0 0 0
0.00012313925061306136 3 0 0 3 3 3 0 0 1 1 0 0
0.00012313925061306136 3 0 0 3 3 3 0 0 2 2 0 0
-0.0052389212101327685 3 0 1 0 0 2 0 0 1 0 0 2
-0.0008801563099889885 3 0 1 0 0 2 0 0 1 0 3 2
-0.0005944757500752385 3 0 1 0 0 2 0 0 1 3 0 2
0.0052389212101327685 3 0 1 0 0 2 0 0 2 0 0 1
0.0008801563099889885 3 0 1 0 0 2 0 0 2 0 3 1
0.0005944757500752385 3 0 1 0 0 2 0 0 2 3 0 1
5.9396263199110725e-05 3 0 1 0 0 2 0 0 3 1 0 2
-5.9396263199110725e-05 3 0 1 0 0 2 0 0 3 2 0 1
0.0010976102202902972 3 0 1 0 0 2 0 1 0 0 2 0
0.00012568500180008954 3 0 1 0 0 2 0 1 0 0 2 3
6.292222523433892e-05 3 0 1 0 0 2 0 1 0 3 2 0
0.00020498588720609958 3 0 1 0 0 2 0 1 3 0 2 0
-0.0010976102202902972 3 0 1 0 0 2 0 2 0 0 1 0
-0.00012568500180008954 3 0 1 0 0 2 0 2 0 0 1 3
-6.292222523433892e-05 3 0 1 0 0 2 0 2 0 3 1 0
-0.00020498588720609958 3 0 1 0 0 2 0 2 3 0 1 0
-0.0005913515022361873 3 0 1 0 0 2 0 3 1 0 0 2
0.0005913515022361873 3 0 1 0 0 2 0 3 2 0 0 1
0.0005373896130496702 3 0 1 0 0 2 1 3 0 0 2 0
-0.0005373896130496702 3 0 1 0 0 2 2 3 0 0 1 0
-0.0010114594779718211 3 0 1 0 0 2 3 0 1 0 0 2
0.0010114594779718211 3 0 1 0 0 2 3 0 2 0 0 1
0.00013737522323161033 3 0 1 0 0 2 3 1 0 0 2 0
-0.00013737522323161033 3 0 1 0 0 2 3 2 0 0 1 0
0.00011589885154652236 3 0 1 0 1 0 0 1 0 0 3 1
0.00011589885154652236 3 0 1 0 1 0 0 2 0 0 3 2
0.00012152367986062504 3 0 1 0 1 3 0 1 0 0 0 1
0.001069182081225553 3 0 1 0 1 3 0 1 0 0 3 1
5.805782509145228e-05 3 0 1 0 1 3 0 1 0 3 3 1
0.00020325434825793393 3 0 1 0 1 3 0 1 3 0 3 1
0.00012152367986062504 3 0 1 0 1 3 0 2 0 0 0 2
0.001069182081225553 3 0 1 0 1 3 0 2 0 0 3 2
5.805782509145228e-05 3 0 1 0 1 3 0 2 0 3 3 2
0.00020325434825793393 3 0 1 0 1 3 0 2 3 0 3 2
0.0005234712052494176 3 0 1 0 1 3 1 3 0 0 3 1
0.0005234712052494176 3 0 1 0 1 3 2 3 0 0 3 2
0.00013381720064956334 3 0 1 0 1 3 3 1 0 0 3 1
0.00013381720064956334 3 0 1 0 1 3 3 2 0 0 3 2
-0.005026055332395544 3 0 1 0 2 0 0 0 1 0 2 0
-0.0008677909604467391 3 0 1 0 2 0 0 0 1 0 2 3
-0.0005703212348119609 3 0 1 0 2 0 0 0 1 3 2 0
0.005026055332395544 3 0 1 0 2 0 0 0 2 0 1 0
0.0008677909604467391 3 0 1 0 2 0 0 0 2 0 1 3
0.0005703212348119609 3 0 1 0 2 0 0 0 2 3 1 0
5.6982896554898584e-05 3 0 1 0 2 0 0 0 3 1 2 0
-5.6982896554898584e-05 3 0 1 0 2 0 0 0 3 2 1 0
-0.0005673239302369622 3 0 1 0 2 0 0 3 1 0 2 0
0.0005673239302369622 3 0 1 0 2 0 0 3 2 0 1 0
-0.0009886447767568705 3 0 1 0 2 0 3 0 1 0 2 0
0.0009886447767568705 3 0 1 0 2 0 3 0 2 0 1 0
-0.0008014373203056427 3 0 1 0 2 3 0 0 1 0 2 0
0.0008014373203056427 3 0 1 0 2 3 0 0 2 0 1 0
-0.0008241885104247487 3 0 1 0 3 2 0 0 1 0 0 2
0.0008241885104247487 3 0 1 0 3 2 0 0 2 0 0 1
0.00011797815427768125 3 0 1 0 3 2 0 1 0 0 2 0
-0.00011797815427768125 3 0 1 0 3 2 0 2 0 0 1 0
-0.009436790617845235 3 0 1 1 0 0 0 0 0 0 0 0
-0.0010231168296188121 3 0 1 1 0 0 0 0 0 0 0 3
-0.0010175364786798133 3 0 1 1 0 0 0 0 0 0 3 0
-0.0010357280596586665 3 0 1 1 0 0 0 0 0 3 0 0
74.4514193076285 3 0 1 1 0 0 0 0 3 0 0 0
-0.009479856528976765 3 0 1 1 0 0 0 0 3 0 0 3
-0.009602059063506977 3 0 1 1 0 0 0 0 3 0 3 0
0.0006796449506807753 3 0 1 1 0 0 0 0 3 0 3 3
-0.009436790617845256 3 0 1 1 0 0 0 0 3 3 0 0
-0.001023116829618813 3 0 1 1 0 0 0 0 3 3 0 3
-0.0010175364786798133 3 0 1 1 0 0 0 0 3 3 3 0
-0.0013236404385936601 3 0 1 1 0 0 0 3 0 0 0 0
-0.01158671235013383 3 0 1 1 0 0 0 3 3 0 0 0
-0.0012690323877942652 3 0 1 1 0 0 0 3 3 0 0 3
-0.0012585921180000587 3 0 1 1 0 0 0 3 3 0 3 0
0.0005755163086096807 3 0 1 1 0 0 0 3 3 3 0 0
0.0007512881945902298 3 0 1 1 0 0 1 1 3 0 0 0
0.0007512881945902298 3 0 1 1 0 0 2 2 3 0 0 0
0.0013669773914235673 3 0 1 1 0 0 3 0 0 0 0 0
-0.00731776786860174 3 0 1 1 0 0 3 0 3 0 0 0
-0.0007802046737958063 3 0 1 1 0 0 3 0 3 0 0 3
-0.000773382113431104 3 0 1 1 0 0 3 0 3 0 3 0
-0.000532179355779772 3 0 1 1 0 0 3 0 3 3 0 0
-0.0010351061702788703 3 0 1 1 0 0 3 3 3 0 0 0
-0.0010825130928179226 3 0 1 1 0 3 0 0 0 0 0 0
-0.009479856528976763 3 0 1 1 0 3 0 0 3 0 0 0
-0.0012171511760355987 3 0 1 1 0 3 0 0 3 0 0 3
-0.0012075689223960755 3 0 1 1 0 3 0 0 3 0 3 0
-0.0010825130928179235 3 0 1 1 0 3 0 0 3 3 0 0
-0.001773848680835266 3 0 1 1 0 3 0 1 0 1 1 1
-0.0017723702623077813 3 0 1 1 0 3 0 1 0 1 2 2
-1.4784185274849597e-06 3 0 1 1 0 3 0 1 0 2 2 1
-1.4784185274849597e-06 3 0 1 1 0 3 0 2 0 1 1 2
-0.0017723702623077813 3 0 1 1 0 3 0 2 0 2 1 1
-0.001773848680835266 3 0 1 1 0 3 0 2 0 2 2 2
-0.0013137316452328423 3 0 1 1 0 3 0 3 3 0 0 0
-0.0008509800041294729 3 0 1 1 0 3 3 0 3 0 0 0
-0.0016980271330351911 3 0 1 1 1 1 0 1 0 1 3 0
-0.0016980271330351911 3 0 1 1 1 1 0 2 0 2 3 0
0.001761431770850446 3 0 1 1 1 2 0 0 3 0 1 2
-0.001761431770850446 3 0 1 1 1 2 0 0 3 0 2 1
-7.967400286404773e-07 3 0 1 1 1 2 0 1 2 0 3 0
7.967400286404773e-07 3 0 1 1 1 2 0 2 1 0 3 0
-0.001761431770850446 3 0 1 1 2 1 0 0 3 0 1 2
0.001761431770850446 3 0 1 1 2 1 0 0 3 0 2 1
-0.0016978534389907665 3 0 1 1 2 2 0 1 0 1 3 0
-0.0016978534389907665 3 0 1 1 2 2 0 2 0 2 3 0
-0.0010745193752347117 3 0 1 1 3 0 0 0 0 0 0 0
-0.009602059063506974 3 0 1 1 3 0 0 0 3 0 0 0
-0.0012075689223960755 3 0 1 1 3 0 0 0 3 0 0 3
-0.0012009688138674526 3 0 1 1 3 0 0 0 3 0 3 0
-0.001074519375234712 3 0 1 1 3 0 0 0 3 3 0 0
-0.0013037722447513166 3 0 1 1 3 0 0 3 3 0 0 0
-0.0008449188363784861 3 0 1 1 3 0 3 0 3 0 0 0
0.0004410031409453785 3 0 1 1 3 3 0 0 3 0 0 0
-0.005136467192680744 3 0 1 2 0 0 0 0 1 2 0 0
-0.0005881658865999238 3 0 1 2 0 0 0 0 1 2 0 3
-0.0005838129965874889 3 0 1 2 0 0 0 0 1 2 3 0
0.005136467192680744 3 0 1 2 0 0 0 0 2 1 0 0
0.0005881658865999238 3 0 1 2 0 0 0 0 2 1 0 3
0.0005838129965874889 3 0 1 2 0 0 0 0 2 1 3 0
-0.0004541446321512932 3 0 1 2 0 0 0 3 1 2 0 0
0.0004541446321512932 3 0 1 2 0 0 0 3 2 1 0 0
-0.0014488506628091583 3 0 1 2 0 0 3 0 1 2 0 0
0.0014488506628091583 3 0 1 2 0 0 3 0 2 1 0 0
-0.0005567907086094367 3 0 1 2 0 3 0 0 1 2 0 0
0.0005567907086094367 3 0 1 2 0 3 0 0 2 1 0 0
3.223039939758261e-07 3 0 1 2 0 3 0 1 1 0 2 1
-0.00010506038646225942 3 0 1 2 0 3 0 1 2 0 1 1
-0.00010473808246828358 3 0 1 2 0 3 0 1 2 0 2 2
0.00010473808246828358 3 0 1 2 0 3 0 2 1 0 1 1
0.00010506038646225942 3 0 1 2 0 3 0 2 1 0 2 2
-3.223039939758261e-07 3 0 1 2 0 3 0 2 2 0 1 2
-0.00011703420738962382 3 0 1 2 1 1 0 1 2 0 3 0
0.00011703420738962382 3 0 1 2 1 1 0 2 1 0 3 0
-1.7369404442465395e-07 3 0 1 2 1 2 0 1 0 1 3 0
-1.7369404442465395e-07 3 0 1 2 1 2 0 2 0 2 3 0
-0.00011783094741826427 3 0 1 2 2 2 0 1 2 0 3 0
0.00011783094741826427 3 0 1 2 2 2 0 2 1 0 3 0
-0.0005521002881515298 3 0 1 2 3 0 0 0 1 2 0 0
0.0005521002881515298 3 0 1 2 3 0 0 0 2 1 0 0
-1.3412659172515836e-05 3 0 1 3 0 2 0 0 0 1 0 2
1.3412659172515836e-05 3 0 1 3 0 2 0 0 0 2 0 1
-0.000546593512668303 3 0 1 3 0 2 0 0 1 0 0 2
0.000546593512668303 3 0 1 3 0 2 0 0 2 0 0 1
6.206592562899082e-05 3 0 1 3 0 2 0 0 3 1 3 2
-6.206592562899082e-05 3 0 1 3 0 2 0 0 3 2 3 1
5.743547978667054e-05 3 0 1 3 0 2 0 1 0 0 2 0
-0.00027987408104876286 3 0 1 3 0 2 0 1 1 1 2 0
0.0002975433421865464 3 0 1 3 0 2 0 1 2 1 1 0
1.7669261137783553e-05 3 0 1 3 0 2 0 1 2 2 2 0
-5.743547978667054e-05 3 0 1 3 0 2 0 2 0 0 1 0
-1.7669261137783553e-05 3 0 1 3 0 2 0 2 1 1 1 0
-0.0002975433421865464 3 0 1 3 0 2 0 2 1 2 2 0
0.00027987408104876286 3 0 1 3 0 2 0 2 2 2 1 0
7.077533033366659e-05 3 0 1 3 0 2 3 0 3 1 0 2
-7.077533033366659e-05 3 0 1 3 0 2 3 0 3 2 0 1
5.5947899062254635e-05 3 0 1 3 1 3 0 1 0 0 3 1
-0.00028746306144497466 3 0 1 3 1 3 0 1 1 1 3 1
-0.0003054546265767341 3 0 1 3 1 3 0 1 2 1 3 2
1.7991565131759387e-05 3 0 1 3 1 3 0 1 2 2 3 1
5.5947899062254635e-05 3 0 1 3 1 3 0 2 0 0 3 2
1.7991565131759387e-05 3 0 1 3 1 3 0 2 1 1 3 2
-0.0003054546265767341 3 0 1 3 1 3 0 2 1 2 3 1
-0.00028746306144497466 3 0 1 3 1 3 0 2 2 2 3 2
-1.2867681045716433e-05 3 0 1 3 2 0 0 0 0 1 2 0
1.2867681045716433e-05 3 0 1 3 2 0 0 0 0 2 1 0
-0.0005243845304804105 3 0 1 3 2 0 0 0 1 0 2 0
0.0005243845304804105 3 0 1 3 2 0 0 0 2 0 1 0
6.37161765974139e-05 3 0 1 3 2 0 0 0 3 1 2 3
-6.37161765974139e-05 3 0 1 3 2 0 0 0 3 2 1 3
7.153672294738188e-05 3 0 1 3 2 0 3 0 3 1 2 0
-7.153672294738188e-05 3 0 1 3 2 0 3 0 3 2 1 0
5.594363479897053e-05 3 0 1 3 2 3 0 0 3 1 2 0
-5.594363479897053e-05 3 0 1 3 2 3 0 0 3 2 1 0
5.691607271002151e-05 3 0 1 3 3 2 0 0 3 1 0 2
-5.691607271002151e-05 3 0 1 3 3 2 0 0 3 2 0 1
0.0052389212101327685 3 0 2 0 0 1 0 0 1 0 0 2
0.0008801563099889885 3 0 2 0 0 1 0 0 1 0 3 2
0.0005944757500752385 3 0 2 0 0 1 0 0 1 3 0 2
-0.0052389212101327685 3 0 2 0 0 1 0 0 2 0 0 1
-0.0008801563099889885 3 0 2 0 0 1 0 0 2 0 3 1
-0.0005944757500752385 3 0 2 0 0 1 0 0 2 3 0 1
-5.9396263199110725e-05 3 0 2 0 0 1 0 0 3 1 0 2
5.9396263199110725e-05 3 0 2 0 0 1 0 0 3 2 0 1
-0.0010976102202902972 3 0 2 0 0 1 0 1 0 0 2 0
-0.00012568500180008954 3 0 2 0 0 1 0 1 0 0 2 3
-6.292222523433892e-05 3 0 2 0 0 1 0 1 0 3 2 0
-0.00020498588720609958 3 0 2 0 0 1 0 1 3 0 2 0
0.0010976102202902972 3 0 2 0 0 1 0 2 0 0 1 0
0.00012568500180008954 3 0 2 0 0 1 0 2 0 0 1 3
6.292222523433892e-05 3 0 2 0 0 1 0 2 0 3 1 0
0.00020498588720609958 3 0 2 0 0 1 0 2 3 0 1 0
0.0005913515022361873 3 0 2 0 0 1 0 3 1 0 0 2
-0.0005913515022361873 3 0 2 0 0 1 0 3 2 0 0 1
-0.0005373896130496702 3 0 2 0 0 1 1 3 0 0 2 0
0.0005373896130496702 3 0 2 0 0 1 2 3 0 0 1 0
0.0010114594779718211 3 0 2 0 0 1 3 0 1 0 0 2
-0.0010114594779718211 3 0 2 0 0 1 3 0 2 0 0 1
-0.00013737522323161033 3 0 2 0 0 1 3 1 0 0 2 0
0.00013737522323161033 3 0 2 0 0 1 3 2 0 0 1 0
0.005026055332395544 3 0 2 0 1 0 0 0 1 0 2 0
0.0008677909604467391 3 0 2 0 1 0 0 0 1 0 2 3
0.0005703212348119609 3 0 2 0 1 0 0 0 1 3 2 0
-0.005026055332395544 3 0 2 0 1 0 0 0 2 0 1 0
-0.0008677909604467391 3 0 2 0 1 0 0 0 2 0 1 3
-0.0005703212348119609 3 0 2 0 1 0 0 0 2 3 1 0
-5.6982896554898584e-05 3 0 2 0 1 0 0 0 3 1 2 0
5.6982896554898584e-05 3 0 2 0 1 0 0 0 3 2 1 0
0.0005673239302369622 3 0 2 0 1 0 0 3 1 0 2 0
-0.0005673239302369622 3 0 2 0 1 0 0 3 2 0 1 0
0.0009886447767568705 3 0 2 0 1 0 3 0 1 0 2 0
-0.0009886447767568705 3 0 2 0 1 0 3 0 2 0 1 0
0.0008014373203056427 3 0 2 0 1 3 0 0 1 0 2 0
-0.0008014373203056427 3 0 2 0 1 3 0 0 2 0 1 0
0.00011589885154652236 3 0 2 0 2 0 0 1 0 0 3 1
0.00011589885154652236 3 0 2 0 2 0 0 2 0 0 3 2
0.00012152367986062504 3 0 2 0 2 3 0 1 0 0 0 1
0.001069182081225553 3 0 2 0 2 3 0 1 0 0 3 1
5.805782509145228e-05 3 0 2 0 2 3 0 1 0 3 3 1
0.00020325434825793393 3 0 2 0 2 3 0 1 3 0 3 1
0.00012152367986062504 3 0 2 0 2 3 0 2 0 0 0 2
0.001069182081225553 3 0 2 0 2 3 0 2 0 0 3 2
5.805782509145228e-05 3 0 2 0 2 3 0 2 0 3 3 2
0.00020325434825793393 3 0 2 0 2 3 0 2 3 0 3 2
0.0005234712052494176 3 0 2 0 2 3 1 3 0 0 3 1
0.0005234712052494176 3 0 2 0 2 3 2 3 0 0 3 2
0.00013381720064956334 3 0 2 0 2 3 3 1 0 0 3 1
0.00013381720064956334 3 0 2 0 2 3 3 2 0 0 3 2
0.0008241885104247487 3 0 2 0 3 1 0 0 1 0 0 2
-0.0008241885104247487 3 0 2 0 3 1 0 0 2 0 0 1
-0.00011797815427768125 3 0 2 0 3 1 0 1 0 0 2 0
0.00011797815427768125 3 0 2 0 3 1 0 2 0 0 1 0
0.005136467192680744 3 0 2 1 0 0 0 0 1 2 0 0
0.0005881658865999238 3 0 2 1 0 0 0 0 1 2 0 3
0.0005838129965874889 3 0 2 1 0 0 0 0 1 2 3 0
-0.005136467192680744 3 0 2 1 0 0 0 0 2 1 0 0
-0.0005881658865999238 3 0 2 1 0 0 0 0 2 1 0 3
-0.0005838129965874889 3 0 2 1 0 0 0 0 2 1 3 0
0.0004541446321512933 3 0 2 1 0 0 0 3 1 2 0 0
-0.0004541446321512933 3 0 2 1 0 0 0 3 2 1 0 0
0.0014488506628091583 3 0 2 1 0 0 3 0 1 2 0 0
-0.0014488506628091583 3 0 2 1 0 0 3 0 2 1 0 0
0.0005567907086094367 3 0 2 1 0 3 0 0 1 2 0 0
-0.0005567907086094367 3 0 2 1 0 3 0 0 2 1 0 0
-3.223039939758261e-07 3 0 2 1 0 3 0 1 1 0 2 1
0.00010506038646225942 3 0 2 1 0 3 0 1 2 0 1 1
0.00010473808246828358 3 0 2 1 0 3 0 1 2 0 2 2
-0.00010473808246828358 3 0 2 1 0 3 0 2 1 0 1 1
-0.00010506038646225942 3 0 2 1 0 3 0 2 1 0 2 2
3.223039939758261e-07 3 0 2 1 0 3 0 2 2 0 1 2
0.00011783094741826427 3 0 2 1 1 1 0 1 2 0 3 0
-0.00011783094741826427 3 0 2 1 1 1 0 2 1 0 3 0
-1.7369404442465395e-07 3 0 2 1 2 1 0 1 0 1 3 0
-1.7369404442465395e-07 3 0 2 1 2 1 0 2 0 2 3 0
0.00011703420738962382 3 0 2 1 2 2 0 1 2 0 3 0
-0.00011703420738962382 3 0 2 1 2 2 0 2 1 0 3 0
0.0005521002881515298 3 0 2 1 3 0 0 0 1 2 0 0
-0.0005521002881515298 3 0 2 1 3 0 0 0 2 1 0 0
-0.009436790617845235 3 0 2 2 0 0 0 0 0 0 0 0
-0.0010231168296188121 3 0 2 2 0 0 0 0 0 0 0 3
-0.0010175364786798133 3 0 2 2 0 0 0 0 0 0 3 0
-0.0010357280596586665 3 0 2 2 0 0 0 0 0 3 0 0
74.4514193076285 3 0 2 2 0 0 0 0 3 0 0 0
-0.009479856528976765 3 0 2 2 0 0 0 0 3 0 0 3
-0.009602059063506977 3 0 2 2 0 0 0 0 3 0 3 0
0.0006796449506807753 3 0 2 2 0 0 0 0 3 0 3 3
-0.009436790617845256 3 0 2 2 0 0 0 0 3 3 0 0
-0.001023116829618813 3 0 2 2 0 0 0 0 3 3 0 3
-0.0010175364786798133 3 0 2 2 0 0 0 0 3 3 3 0
-0.0013236404385936601 3 0 2 2 0 0 0 3 0 0 0 0
-0.01158671235013383 3 0 2 2 0 0 0 3 3 0 0 0
-0.0012690323877942652 3 0 2 2 0 0 0 3 3 0 0 3
-0.0012585921180000587 3 0 2 2 0 0 0 3 3 0 3 0
0.0005755163086096807 3 0 2 2 0 0 0 3 3 3 0 0
0.0007512881945902298 3 0 2 2 0 0 1 1 3 0 0 0
0.0007512881945902298 3 0 2 2 0 0 2 2 3 0 0 0
0.0013669773914235673 3 0 2 2 0 0 3 0 0 0 0 0
-0.00731776786860174 3 0 2 2 0 0 3 0 3 0 0 0
-0.0007802046737958063 3 0 2 2 0 0 3 0 3 0 0 3
-0.000773382113431104 3 0 2 2 0 0 3 0 3 0 3 0
-0.000532179355779772 3 0 2 2 0 0 3 0 3 3 0 0
-0.0010351061702788703 3 0 2 2 0 0 3 3 3 0 0 0
-0.0010825130928179226 3 0 2 2 0 3 0 0 0 0 0 0
-0.009479856528976763 3 0 2 2 0 3 0 0 3 0 0 0
-0.0012171511760355987 3 0 2 2 0 3 0 0 3 0 0 3
-0.0012075689223960755 3 0 2 2 0 3 0 0 3 0 3 0
-0.0010825130928179235 3 0 2 2 0 3 0 0 3 3 0 0
-0.001773848680835266 3 0 2 2 0 3 0 1 0 1 1 1
-0.0017723702623077813 3 0 2 2 0 3 0 1 0 1 2 2
-1.4784185274849597e-06 3 0 2 2 0 3 0 1 0 2 2 1
-1.4784185274849597e-06 3 0 2 2 0 3 0 2 0 1 1 2
-0.0017723702623077813 3 0 2 2 0 3 0 2 0 2 1 1
-0.001773848680835266 3 0 2 2 0 3 0 2 0 2 2 2
-0.0013137316452328423 3 0 2 2 0 3 0 3 3 0 0 0
-0.0008509800041294729 3 0 2 2 0 3 3 0 3 0 0 0
-0.0016978534389907665 3 0 2 2 1 1 0 1 0 1 3 0
-0.0016978534389907665 3 0 2 2 1 1 0 2 0 2 3 0
0.001761431770850446 3 0 2 2 1 2 0 0 3 0 1 2
-0.001761431770850446 3 0 2 2 1 2 0 0 3 0 2 1
-0.001761431770850446 3 0 2 2 2 1 0 0 3 0 1 2
0.001761431770850446 3 0 2 2 2 1 0 0 3 0 2 1
7.967400286404773e-07 3 0 2 2 2 1 0 1 2 0 3 0
-7.967400286404773e-07 3 0 2 2 2 1 0 2 1 0 3 0
-0.0016980271330351911 3 0 2 2 2 2 0 1 0 1 3 0
-0.0016980271330351911 3 0 2 2 2 2 0 2 0 2 3 0
-0.0010745193752347117 3 0 2 2 3 0 0 0 0 0 0 0
-0.009602059063506974 3 0 2 2 3 0 0 0 3 0 0 0
-0.0012075689223960755 3 0 2 2 3 0 0 0 3 0 0 3
-0.0012009688138674526 3 0 2 2 3 0 0 0 3 0 3 0
-0.001074519375234712 3 0 2 2 3 0 0 0 3 3 0 0
-0.0013037722447513166 3 0 2 2 3 0 0 3 3 0 0 0
-0.0008449188363784861 3 0 2 2 3 0 3 0 3 0 0 0
0.0004410031409453787 3 0 2 2 3 3 0 0 3 0 0 0
1.3412659172515836e-05 3 0 2 3 0 1 0 0 0 1 0 2
-1.3412659172515836e-05 3 0 2 3 0 1 0 0 0 2 0 1
0.000546593512668303 3 0 2 3 0 1 0 0 1 0 0 2
-0.000546593512668303 3 0 2 3 0 1 0 0 2 0 0 1
-6.206592562899082e-05 3 0 2 3 0 1 0 0 3 1 3 2
6.206592562899082e-05 3 0 2 3 0 1 0 0 3 2 3 1
-5.743547978667054e-05 3 0 2 3 0 1 0 1 0 0 2 0
0.00027987408104876286 3 0 2 3 0 1 0 1 1 1 2 0
-0.0002975433421865464 3 0 2 3 0 1 0 1 2 1 1 0
-1.7669261137783553e-05 3 0 2 3 0 1 0 1 2 2 2 0
5.743547978667054e-05 3 0 2 3 0 1 0 2 0 0 1 0
1.7669261137783553e-05 3 0 2 3 0 1 0 2 1 1 1 0
0.0002975433421865464 3 0 2 3 0 1 0 2 1 2 2 0
-0.00027987408104876286 3 0 2 3 0 1 0 2 2 2 1 0
-7.077533033366659e-05 3 0 2 3 0 1 3 0 3 1 0 2
7.077533033366659e-05 3 0 2 3 0 1 3 0 3 2 0 1
1.2867681045716433e-05 3 0 2 3 1 0 0 0 0 1 2 0
-1.2867681045716433e-05 3 0 2 3 1 0 0 0 0 2 1 0
0.0005243845304804105 3 0 2 3 1 0 0 0 1 0 2 0
-0.0005243845304804105 3 0 2 3 1 0 0 0 2 0 1 0
-6.37161765974139e-05 3 0 2 3 1 0 0 0 3 1 2 3
6.37161765974139e-05 3 0 2 3 1 0 0 0 3 2 1 3
-7.153672294738188e-05 3 0 2 3 1 0 3 0 3 1 2 0
7.153672294738188e-05 3 0 2 3 1 0 3 0 3 2 1 0
-5.5943634798970526e-05 3 0 2 3 1 3 0 0 3 1 2 0
5.5943634798970526e-05 3 0 2 3 1 3 0 0 3 2 1 0
5.5947899062254635e-05 3 0 2 3 2 3 0 1 0 0 3 1
-0.00028746306144497466 3 0 2 3 2 3 0 1 1 1 3 1
-0.0003054546265767341 3 0 2 3 2 3 0 1 2 1 3 2
1.7991565131759387e-05 3 0 2 3 2 3 0 1 2 2 3 1
5.5947899062254635e-05 3 0 2 3 2 3 0 2 0 0 3 2
1.7991565131759387e-05 3 0 2 3 2 3 0 2 1 1 3 2
-0.0003054546265767341 3 0 2 3 2 3 0 2 1 2 3 1
-0.00028746306144497466 3 0 2 3 2 3 0 2 2 2 3 2
-5.6916072710021504e-05 3 0 2 3 3 1 0 0 3 1 0 2
5.6916072710021504e-05 3 0 2 3 3 1 0 0 3 2 0 1
-358.968660714737 3 0 3 0 0 0 0 0 0 0 0 0
0.2366121747275816 3 0 3 0 0 0 0 0 0 0 0 3
0.2357923921754212 3 0 3 0 0 0 0 0 0 0 3 0
0.029959557647125226 3 0 3 0 0 0 0 0 0 0 3 3
0.23423268352966295 3 0 3 0 0 0 0 0 0 3 0 0
0.026562985716665863 3 0 3 0 0 0 0 0 0 3 0 3
0.02637620212618986 3 0 3 0 0 0 0 0 0 3 3 0
0.00034441478137328305 3 0 3 0 0 0 0 0 1 1 0 0
0.00034441478137328305 3 0 3 0 0 0 0 0 2 2 0 0
0.2538159389884776 3 0 3 0 0 0 0 0 3 0 0 0
0.028807323008743384 3 0 3 0 0 0 0 0 3 0 0 3
0.02860394705049419 3 0 3 0 0 0 0 0 3 0 3 0
0.028469772264328935 3 0 3 0 0 0 0 0 3 3 0 0
-0.001027808218727515 3 0 3 0 0 0 0 1 1 0 1 1
-0.0010247266213765454 3 0 3 0 0 0 0 1 1 0 2 2
-3.081597350969451e-06 3 0 3 0 0 0 0 1 2 0 2 1
-3.081597350969451e-06 3 0 3 0 0 0 0 2 1 0 1 2
-0.0010247266213765454 3 0 3 0 0 0 0 2 2 0 1 1
-0.001027808218727515 3 0 3 0 0 0 0 2 2 0 2 2
0.2342441784813577 3 0 3 0 0 0 0 3 0 0 0 0
0.026562908246505486 3 0 3 0 0 0 0 3 0 0 0 3
0.026361430804635162 3 0 3 0 0 0 0 3 0 0 3 0
0.02940797608879573 3 0 3 0 0 0 0 3 0 3 0 0
0.02867119313139419 3 0 3 0 0 0 0 3 3 0 0 0
-0.00034391568802062965 3 0 3 0 0 0 1 1 0 0 0 0
-0.00034391568802062965 3 0 3 0 0 0 2 2 0 0 0 0
0.25379260524352726 3 0 3 0 0 0 3 0 0 0 0 0
0.028803443658513006 3 0 3 0 0 0 3 0 0 0 0 3
0.028585403700313407 3 0 3 0 0 0 3 0 0 0 3 0
0.02866821636829034 3 0 3 0 0 0 3 0 0 3 0 0
0.03666890351890267 3 0 3 0 0 0 3 0 3 0 0 0
0.028448157731511745 3 0 3 0 0 0 3 3 0 0 0 0
0.22628898191321167 3 0 3 0 0 3 0 0 0 0 0 0
0.026566529835510538 3 0 3 0 0 3 0 0 0 0 0 3
0.02636730991458778 3 0 3 0 0 3 0 0 0 0 3 0
0.0256803740700028 3 0 3 0 0 3 0 0 0 3 0 0
0.027803360756995448 3 0 3 0 0 3 0 0 3 0 0 0
-0.009481665398200287 3 0 3 0 0 3 0 1 1 0 1 1
-0.009453237259135543 3 0 3 0 0 3 0 1 1 0 2 2
-0.0011872621509175446 3 0 3 0 0 3 0 1 1 3 1 1
-0.0011837024752577182 3 0 3 0 0 3 0 1 1 3 2 2
-2.8428139064744095e-05 3 0 3 0 0 3 0 1 2 0 2 1
-3.5596756598263356e-06 3 0 3 0 0 3 0 1 2 3 2 1
-0.004244468126625964 3 0 3 0 0 3 0 1 3 1 1 1
-0.004230862995046845 3 0 3 0 0 3 0 1 3 1 2 2
-1.3605131579119343e-05 3 0 3 0 0 3 0 1 3 2 2 1
-2.8428139064744095e-05 3 0 3 0 0 3 0 2 1 0 1 2
-3.5596756598263356e-06 3 0 3 0 0 3 0 2 1 3 1 2
-0.009453237259135543 3 0 3 0 0 3 0 2 2 0 1 1
-0.009481665398200287 3 0 3 0 0 3 0 2 2 0 2 2
-0.0011837024752577182 3 0 3 0 0 3 0 2 2 3 1 1
-0.0011872621509175446 3 0 3 0 0 3 0 2 2 3 2 2
-1.3605131579119343e-05 3 0 3 0 0 3 0 2 3 1 1 2
-0.004230862995046845 3 0 3 0 0 3 0 2 3 2 1 1
-0.004244468126625964 3 0 3 0 0 3 0 2 3 2 2 2
0.025672756177635543 3 0 3 0 0 3 0 3 0 0 0 0
-0.004642220348547497 3 0 3 0 0 3 1 3 1 0 1 1
-0.0046283019407472445 3 0 3 0 0 3 1 3 1 0 2 2
-1.391840780025244e-05 3 0 3 0 0 3 1 3 2 0 2 1
-1.391840780025244e-05 3 0 3 0 0 3 2 3 1 0 1 2
-0.0046283019407472445 3 0 3 0 0 3 2 3 2 0 1 1
-0.004642220348547497 3 0 3 0 0 3 2 3 2 0 2 2
0.02779198418054119 3 0 3 0 0 3 3 0 0 0 0 0
-0.0011867107982473971 3 0 3 0 0 3 3 1 1 0 1 1
-0.0011831527756653501 3 0 3 0 0 3 3 1 1 0 2 2
-3.558022582047021e-06 3 0 3 0 0 3 3 1 2 0 2 1
-3.558022582047021e-06 3 0 3 0 0 3 3 2 1 0 1 2
-0.0011831527756653501 3 0 3 0 0 3 3 2 2 0 1 1
-0.0011867107982473971 3 0 3 0 0 3 3 2 2 0 2 2
-0.001199213710987682 3 0 3 0 1 1 0 1 1 0 0 0
-0.010550847479425843 3 0 3 0 1 1 0 1 1 0 3 0
-0.0012081550079712116 3 0 3 0 1 1 0 1 1 0 3 3
-0.001321141523809072 3 0 3 0 1 1 0 1 1 3 3 0
-0.004786270431471042 3 0 3 0 1 1 0 1 3 1 3 0
-0.001199213710987682 3 0 3 0 1 1 0 2 2 0 0 0
-0.010550847479425843 3 0 3 0 1 1 0 2 2 0 3 0
-0.0012081550079712116 3 0 3 0 1 1 0 2 2 0 3 3
-0.001321141523809072 3 0 3 0 1 1 0 2 2 3 3 0
-0.004786270431471042 3 0 3 0 1 1 0 2 3 2 3 0
-0.005165691553796915 3 0 3 0 1 1 1 3 1 0 3 0
-0.005165691553796915 3 0 3 0 1 1 2 3 2 0 3 0
-0.0013205279988969607 3 0 3 0 1 1 3 1 1 0 3 0
-0.0013205279988969607 3 0 3 0 1 1 3 2 2 0 3 0
0.0018409031610096202 3 0 3 0 1 2 0 0 0 0 1 2
-0.0018409031610096202 3 0 3 0 1 2 0 0 0 0 2 1
-0.0018409031610096202 3 0 3 0 2 1 0 0 0 0 1 2
0.0018409031610096202 3 0 3 0 2 1 0 0 0 0 2 1
-0.001199213710987682 3 0 3 0 2 2 0 1 1 0 0 0
-0.010550847479425843 3 0 3 0 2 2 0 1 1 0 3 0
-0.0012081550079712116 3 0 3 0 2 2 0 1 1 0 3 3
-0.001321141523809072 3 0 3 0 2 2 0 1 1 3 3 0
-0.004786270431471042 3 0 3 0 2 2 0 1 3 1 3 0
-0.001199213710987682 3 0 3 0 2 2 0 2 2 0 0 0
-0.010550847479425843 3 0 3 0 2 2 0 2 2 0 3 0
-0.0012081550079712116 3 0 3 0 2 2 0 2 2 0 3 3
-0.001321141523809072 3 0 3 0 2 2 0 2 2 3 3 0
-0.004786270431471042 3 0 3 0 2 2 0 2 3 2 3 0
-0.005165691553796915 3 0 3 0 2 2 1 3 1 0 3 0
-0.005165691553796915 3 0 3 0 2 2 2 3 2 0 3 0
-0.0013205279988969607 3 0 3 0 2 2 3 1 1 0 3 0
-0.0013205279988969607 3 0 3 0 2 2 3 2 2 0 3 0
0.22562736924758173 3 0 3 0 3 0 0 0 0 0 0 0
0.026376663945395513 3 0 3 0 3 0 0 0 0 0 0 3
0.026192919074727726 3 0 3 0 3 0 0 0 0 0 3 0
0.025499891863781484 3 0 3 0 3 0 0 0 0 3 0 0
0.02760799214540865 3 0 3 0 3 0 0 0 3 0 0 0
0.02549209184668971 3 0 3 0 3 0 0 3 0 0 0 0
0.02759675892355654 3 0 3 0 3 0 3 0 0 0 0 0
0.02658854397458264 3 0 3 0 3 3 0 0 0 0 0 0
-0.0010191499336279588 3 0 3 0 3 3 0 1 1 0 1 1
-0.0010160942957390178 3 0 3 0 3 3 0 1 1 0 2 2
-3.0556378889408603e-06 3 0 3 0 3 3 0 1 2 0 2 1
-3.0556378889408603e-06 3 0 3 0 3 3 0 2 1 0 1 2
-0.0010160942957390178 3 0 3 0 3 3 0 2 2 0 1 1
-0.0010191499336279588 3 0 3 0 3 3 0 2 2 0 2 2
5.9396263199110644e-05 3 0 3 1 0 1 0 0 1 0 0 1
5.9396263199110644e-05 3 0 3 1 0 1 0 0 2 0 0 2
6.486621060599172e-05 3 0 3 1 0 1 0 1 1 1 1 0
-1.618324432266325e-05 3 0 3 1 0 1 0 1 1 2 2 0
8.1049454928655e-05 3 0 3 1 0 1 0 1 2 1 2 0
8.1049454928655e-05 3 0 3 1 0 1 0 2 1 2 1 0
-1.618324432266325e-05 3 0 3 1 0 1 0 2 2 1 1 0
6.486621060599172e-05 3 0 3 1 0 1 0 2 2 2 2 0
-0.0002870897278826033 3 0 3 1 0 2 0 0 0 1 0 2
0.0002870897278826033 3 0 3 1 0 2 0 0 0 2 0 1
0.000642733350571936 3 0 3 1 0 2 0 1 0 0 2 0
0.005034772500385866 3 0 3 1 0 2 0 1 3 0 2 0
0.0005765210446078723 3 0 3 1 0 2 0 1 3 0 2 3
0.0005861695625119607 3 0 3 1 0 2 0 1 3 3 2 0
-0.000642733350571936 3 0 3 1 0 2 0 2 0 0 1 0
-0.005034772500385866 3 0 3 1 0 2 0 2 3 0 1 0
-0.0005765210446078723 3 0 3 1 0 2 0 2 3 0 1 3
-0.0005861695625119607 3 0 3 1 0 2 0 2 3 3 1 0
-0.00011715411798963266 3 0 3 1 0 2 1 3 3 0 2 0
0.00011715411798963266 3 0 3 1 0 2 2 3 3 0 1 0
0.0006301444569074367 3 0 3 1 0 2 3 1 3 0 2 0
-0.0006301444569074367 3 0 3 1 0 2 3 2 3 0 1 0
5.698289655489851e-05 3 0 3 1 1 0 0 0 1 0 1 0
5.698289655489851e-05 3 0 3 1 1 0 0 0 2 0 2 0
0.0005316316665112715 3 0 3 1 1 0 0 1 3 0 3 1
0.0005316316665112715 3 0 3 1 1 0 0 2 3 0 3 2
0.0006268794427272529 3 0 3 1 1 3 0 1 0 0 3 1
0.000557432930376823 3 0 3 1 1 3 0 1 3 0 0 1
0.004904371735019028 3 0 3 1 1 3 0 1 3 0 3 1
0.0005717676909042009 3 0 3 1 1 3 0 1 3 3 3 1
0.0006268794427272529 3 0 3 1 1 3 0 2 0 0 3 2
0.000557432930376823 3 0 3 1 1 3 0 2 3 0 0 2
0.004904371735019028 3 0 3 1 1 3 0 2 3 0 3 2
0.0005717676909042009 3 0 3 1 1 3 0 2 3 3 3 2
-0.00011411982266634753 3 0 3 1 1 3 1 3 3 0 3 1
-0.00011411982266634753 3 0 3 1 1 3 2 3 3 0 3 2
0.0006138236957477015 3 0 3 1 1 3 3 1 3 0 3 1
0.0006138236957477015 3 0 3 1 1 3 3 2 3 0 3 2
-0.0002754248059523262 3 0 3 1 2 0 0 0 0 1 2 0
0.0002754248059523262 3 0 3 1 2 0 0 0 0 2 1 0
6.659091745255284e-05 3 0 3 1 2 3 0 1 1 1 3 2
1.593695600358715e-05 3 0 3 1 2 3 0 1 1 2 3 1
-8.252787345613998e-05 3 0 3 1 2 3 0 1 2 1 3 1
8.252787345613998e-05 3 0 3 1 2 3 0 2 1 2 3 2
-1.593695600358715e-05 3 0 3 1 2 3 0 2 2 1 3 2
-6.659091745255284e-05 3 0 3 1 2 3 0 2 2 2 3 1
0.0005411694933438674 3 0 3 1 3 2 0 1 3 0 2 0
-0.0005411694933438674 3 0 3 1 3 2 0 2 3 0 1 0
0.0002870897278826033 3 0 3 2 0 1 0 0 0 1 0 2
-0.0002870897278826033 3 0 3 2 0 1 0 0 0 2 0 1
-0.000642733350571936 3 0 3 2 0 1 0 1 0 0 2 0
-0.005034772500385866 3 0 3 2 0 1 0 1 3 0 2 0
-0.0005765210446078723 3 0 3 2 0 1 0 1 3 0 2 3
-0.0005861695625119607 3 0 3 2 0 1 0 1 3 3 2 0
0.000642733350571936 3 0 3 2 0 1 0 2 0 0 1 0
0.005034772500385866 3 0 3 2 0 1 0 2 3 0 1 0
0.0005765210446078723 3 0 3 2 0 1 0 2 3 0 1 3
0.0005861695625119607 3 0 3 2 0 1 0 2 3 3 1 0
0.00011715411798963266 3 0 3 2 0 1 1 3 3 0 2 0
-0.00011715411798963266 3 0 3 2 0 1 2 3 3 0 1 0
-0.0006301444569074367 3 0 3 2 0 1 3 1 3 0 2 0
0.0006301444569074367 3 0 3 2 0 1 3 2 3 0 1 0
5.9396263199110644e-05 3 0 3 2 0 2 0 0 1 0 0 1
5.9396263199110644e-05 3 0 3 2 0 2 0 0 2 0 0 2
6.486621060599174e-05 3 0 3 2 0 2 0 1 1 1 1 0
-1.618324432266325e-05 3 0 3 2 0 2 0 1 1 2 2 0
8.1049454928655e-05 3 0 3 2 0 2 0 1 2 1 2 0
8.1049454928655e-05 3 0 3 2 0 2 0 2 1 2 1 0
-1.618324432266325e-05 3 0 3 2 0 2 0 2 2 1 1 0
6.486621060599174e-05 3 0 3 2 0 2 0 2 2 2 2 0
0.0002754248059523262 3 0 3 2 1 0 0 0 0 1 2 0
-0.0002754248059523262 3 0 3 2 1 0 0 0 0 2 1 0
-6.659091745255284e-05 3 0 3 2 1 3 0 1 1 1 3 2
-1.593695600358715e-05 3 0 3 2 1 3 0 1 1 2 3 1
8.252787345613998e-05 3 0 3 2 1 3 0 1 2 1 3 1
-8.252787345613998e-05 3 0 3 2 1 3 0 2 1 2 3 2
1.593695600358715e-05 3 0 3 2 1 3 0 2 2 1 3 2
6.659091745255284e-05 3 0 3 2 1 3 0 2 2 2 3 1
5.698289655489851e-05 3 0 3 2 2 0 0 0 1 0 1 0
5.698289655489851e-05 3 0 3 2 2 0 0 0 2 0 2 0
0.0005316316665112715 3 0 3 2 2 0 0 1 3 0 3 1
0.0005316316665112715 3 0 3 2 2 0 0 2 3 0 3 2
0.0006268794427272529 3 0 3 2 2 3 0 1 0 0 3 1
0.000557432930376823 3 0 3 2 2 3 0 1 3 0 0 1
0.004904371735019028 3 0 3 2 2 3 0 1 3 0 3 1
0.0005717676909042009 3 0 3 2 2 3 0 1 3 3 3 1
0.0006268794427272529 3 0 3 2 2 3 0 2 0 0 3 2
0.000557432930376823 3 0 3 2 2 3 0 2 3 0 0 2
0.004904371735019028 3 0 3 2 2 3 0 2 3 0 3 2
0.0005717676909042009 3 0 3 2 2 3 0 2 3 3 3 2
-0.00011411982266634753 3 0 3 2 2 3 1 3 3 0 3 1
-0.00011411982266634753 3 0 3 2 2 3 2 3 3 0 3 2
0.0006138236957477015 3 0 3 2 2 3 3 1 3 0 3 1
0.0006138236957477015 3 0 3 2 2 3 3 2 3 0 3 2
-0.0005411694933438674 3 0 3 2 3 1 0 1 3 0 2 0
0.0005411694933438674 3 0 3 2 3 1 0 2 3 0 1 0
0.22148875714029032 3 0 3 3 0 0 0 0 0 0 0 0
0.025389242724806756 3 0 3 3 0 0 0 0 0 0 0 3
0.025201591229744632 3 0 3 3 0 0 0 0 0 0 3 0
0.025651600053341148 3 0 3 3 0 0 0 0 0 3 0 0
0.0021309834899083087 3 0 3 3 0 0 0 0 1 1 0 0
0.000244449370747118 3 0 3 3 0 0 0 0 1 1 0 3
0.00024264425702968527 3 0 3 3 0 0 0 0 1 1 3 0
0.0021309834899083087 3 0 3 3 0 0 0 0 2 2 0 0
0.000244449370747118 3 0 3 3 0 0 0 0 2 2 0 3
0.00024264425702968527 3 0 3 3 0 0 0 0 2 2 3 0
0.027156356994074853 3 0 3 3 0 0 0 0 3 0 0 0
-0.00471458853029927 3 0 3 3 0 0 0 1 3 1 1 1
-0.004700453146614688 3 0 3 3 0 0 0 1 3 1 2 2
-1.4135383684582931e-05 3 0 3 3 0 0 0 1 3 2 2 1
-1.4135383684582931e-05 3 0 3 3 0 0 0 2 3 1 1 2
-0.004700453146614688 3 0 3 3 0 0 0 2 3 2 1 1
-0.00471458853029927 3 0 3 3 0 0 0 2 3 2 2 2
0.02556712524947948 3 0 3 3 0 0 0 3 0 0 0 0
-0.0005755163086097039 3 0 3 3 0 0 0 3 1 1 0 0
-0.0005755163086097039 3 0 3 3 0 0 0 3 2 2 0 0
0.027219365705481183 3 0 3 3 0 0 3 0 0 0 0 0
0.0013669773914235673 3 0 3 3 0 0 3 0 1 1 0 0
0.0013669773914235673 3 0 3 3 0 0 3 0 2 2 0 0
0.024011709037775913 3 0 3 3 0 3 0 0 0 0 0 0
0.0002310367115746022 3 0 3 3 0 3 0 0 1 1 0 0
0.0002310367115746022 3 0 3 3 0 3 0 0 2 2 0 0
-0.005446008717564328 3 0 3 3 0 3 0 1 0 1 1 1
-0.0054296803736849815 3 0 3 3 0 3 0 1 0 1 2 2
-1.6328343879347757e-05 3 0 3 3 0 3 0 1 0 2 2 1
-0.0010542491435440206 3 0 3 3 0 3 0 1 1 0 1 1
-0.0010512831442921196 3 0 3 3 0 3 0 1 1 0 2 2
-2.9659992519008877e-06 3 0 3 3 0 3 0 1 2 0 2 1
-0.04349269651670459 3 0 3 3 0 3 0 1 3 1 1 1
-0.04336229575133776 3 0 3 3 0 3 0 1 3 1 2 2
-0.00013040076536683848 3 0 3 3 0 3 0 1 3 2 2 1
-1.6328343879347757e-05 3 0 3 3 0 3 0 2 0 1 1 2
-0.0054296803736849815 3 0 3 3 0 3 0 2 0 2 1 1
-0.005446008717564328 3 0 3 3 0 3 0 2 0 2 2 2
-2.9659992519008877e-06 3 0 3 3 0 3 0 2 1 0 1 2
-0.0010512831442921196 3 0 3 3 0 3 0 2 2 0 1 1
-0.0010542491435440206 3 0 3 3 0 3 0 2 2 0 2 2
-0.00013040076536683848 3 0 3 3 0 3 0 2 3 1 1 2
-0.04336229575133776 3 0 3 3 0 3 0 2 3 2 1 1
-0.04349269651670459 3 0 3 3 0 3 0 2 3 2 2 2
0.0010120315265515552 3 0 3 3 0 3 1 3 3 1 1 1
0.00100899723122827 3 0 3 3 0 3 1 3 3 1 2 2
3.0342953232851316e-06 3 0 3 3 0 3 1 3 3 2 2 1
3.0342953232851316e-06 3 0 3 3 0 3 2 3 3 1 1 2
0.00100899723122827 3 0 3 3 0 3 2 3 3 2 1 1
0.0010120315265515552 3 0 3 3 0 3 2 3 3 2 2 2
-0.005443479645576503 3 0 3 3 0 3 3 1 3 1 1 1
-0.0054271588844167695 3 0 3 3 0 3 3 1 3 1 2 2
-1.63207611597352e-05 3 0 3 3 0 3 3 1 3 2 2 1
-1.63207611597352e-05 3 0 3 3 0 3 3 2 3 1 1 2
-0.0054271588844167695 3 0 3 3 0 3 3 2 3 2 1 1
-0.005443479645576503 3 0 3 3 0 3 3 2 3 2 2 2
-0.006060117599335576 3 0 3 3 1 1 0 1 0 1 3 0
-0.0011591262972086799 3 0 3 3 1 1 0 1 1 0 3 0
-0.005500830898394519 3 0 3 3 1 1 0 1 3 1 0 0
-0.04839706825172363 3 0 3 3 1 1 0 1 3 1 3 0
-0.005541844908047739 3 0 3 3 1 1 0 1 3 1 3 3
-0.006060117599335576 3 0 3 3 1 1 0 2 0 2 3 0
-0.0011591262972086799 3 0 3 3 1 1 0 2 2 0 3 0
-0.005500830898394519 3 0 3 3 1 1 0 2 3 2 0 0
-0.04839706825172363 3 0 3 3 1 1 0 2 3 2 3 0
-0.005541844908047739 3 0 3 3 1 1 0 2 3 2 3 3
0.0011261513492179028 3 0 3 3 1 1 1 3 3 1 3 0
0.0011261513492179028 3 0 3 3 1 1 2 3 3 2 3 0
-0.006057303341324206 3 0 3 3 1 1 3 1 3 1 3 0
-0.006057303341324206 3 0 3 3 1 1 3 2 3 2 3 0
-0.006060117599335576 3 0 3 3 2 2 0 1 0 1 3 0
-0.0011591262972086799 3 0 3 3 2 2 0 1 1 0 3 0
-0.005500830898394519 3 0 3 3 2 2 0 1 3 1 0 0
-0.04839706825172363 3 0 3 3 2 2 0 1 3 1 3 0
-0.005541844908047739 3 0 3 3 2 2 0 1 3 1 3 3
-0.006060117599335576 3 0 3 3 2 2 0 2 0 2 3 0
-0.0011591262972086799 3 0 3 3 2 2 0 2 2 0 3 0
-0.005500830898394519 3 0 3 3 2 2 0 2 3 2 0 0
-0.04839706825172363 3 0 3 3 2 2 0 2 3 2 3 0
-0.005541844908047739 3 0 3 3 2 2 0 2 3 2 3 3
0.0011261513492179028 3 0 3 3 2 2 1 3 3 1 3 0
0.0011261513492179028 3 0 3 3 2 2 2 3 3 2 3 0
-0.006057303341324206 3 0 3 3 2 2 3 1 3 1 3 0
-0.006057303341324206 3 0 3 3 2 2 3 2 3 2 3 0
0.023852080768199113 3 0 3 3 3 0 0 0 0 0 0 0
0.00022977657598396888 3 0 3 3 3 0 0 0 1 1 0 0
0.00022977657598396888 3 0 3 3 3 0 0 0 2 2 0 0
-0.004674872705032795 3 0 3 3 3 3 0 1 3 1 1 1
-0.004660856398214601 3 0 3 3 3 3 0 1 3 1 2 2
-1.4016306818196071e-05 3 0 3 3 3 3 0 1 3 2 2 1
-1.4016306818196071e-05 3 0 3 3 3 3 0 2 3 1 1 2
-0.004660856398214601 3 0 3 3 3 3 0 2 3 2 1 1
-0.004674872705032795 3 0 3 3 3 3 0 2 3 2 2 2
0.00011419384319015283 3 1 0 0 0 1 0 3 1 0 1 0
0.00011419384319015283 3 1 0 0 0 1 0 3 2 0 2 0
-1.3038036447544753e-05 3 1 0 0 0 1 1 0 0 3 0 1
1.3038036447544663e-05 3 1 0 0 0 1 1 0 3 0 0 1
-1.3038036447544753e-05 3 1 0 0 0 1 2 0 0 3 0 2
1.3038036447544663e-05 3 1 0 0 0 1 2 0 3 0 0 2
-0.0050925953463046075 3 1 0 0 0 2 0 1 0 0 0 2
-0.0005788265042888181 3 1 0 0 0 2 0 1 0 0 3 2
-0.000577871725283568 3 1 0 0 0 2 0 1 0 3 0 2
-0.0006348352381727494 3 1 0 0 0 2 0 1 3 0 0 2
0.0050925953463046075 3 1 0 0 0 2 0 2 0 0 0 1
0.0005788265042888181 3 1 0 0 0 2 0 2 0 0 3 1
0.000577871725283568 3 1 0 0 0 2 0 2 0 3 0 1
0.0006348352381727494 3 1 0 0 0 2 0 2 3 0 0 1
-0.0006686548446589929 3 1 0 0 0 2 3 1 0 0 0 2
0.0006686548446589929 3 1 0 0 0 2 3 2 0 0 0 1
-1.3178298098062109e-05 3 1 0 0 1 0 1 0 0 3 1 0
1.3178298098062017e-05 3 1 0 0 1 0 1 0 3 0 1 0
-1.3178298098062109e-05 3 1 0 0 1 0 2 0 0 3 2 0
1.3178298098062017e-05 3 1 0 0 1 0 2 0 3 0 2 0
-0.005147380883341839 3 1 0 0 2 0 0 1 0 0 2 0
-0.000589415590005585 3 1 0 0 2 0 0 1 0 0 2 3
-0.000584088400800751 3 1 0 0 2 0 0 1 0 3 2 0
-0.0006416647204088925 3 1 0 0 2 0 0 1 3 0 2 0
0.005147380883341839 3 1 0 0 2 0 0 2 0 0 1 0
0.000589415590005585 3 1 0 0 2 0 0 2 0 0 1 3
0.000584088400800751 3 1 0 0 2 0 0 2 0 3 1 0
0.0006416647204088925 3 1 0 0 2 0 0 2 3 0 1 0
-0.0006758481542125925 3 1 0 0 2 0 3 1 0 0 2 0
0.0006758481542125925 3 1 0 0 2 0 3 2 0 0 1 0
-0.0005579737477156523 3 1 0 0 2 3 0 1 0 0 2 0
0.0005579737477156523 3 1 0 0 2 3 0 2 0 0 1 0
0.00011723010662137885 3 1 0 0 2 3 0 3 1 0 3 2
-0.00011723010662137885 3 1 0 0 2 3 0 3 2 0 3 1
-0.0005473846619988855 3 1 0 0 3 2 0 1 0 0 0 2
0.0005473846619988855 3 1 0 0 3 2 0 2 0 0 0 1
-0.011586712350133794 3 1 0 1 0 0 0 1 1 0 0 0
-0.0013267696816803769 3 1 0 1 0 0 0 1 1 0 0 3
-0.0013169505428493684 3 1 0 1 0 0 0 1 1 0 3 0
-0.0014056631026662164 3 1 0 1 0 0 0 1 1 3 0 0
-0.011586712350133794 3 1 0 1 0 0 0 2 2 0 0 0
-0.0013267696816803769 3 1 0 1 0 0 0 2 2 0 0 3
-0.0013169505428493684 3 1 0 1 0 0 0 2 2 0 3 0
-0.0014056631026662164 3 1 0 1 0 0 0 2 2 3 0 0
0.01158671235013377 3 1 0 1 0 0 1 0 0 1 0 0
0.001326769681680374 3 1 0 1 0 0 1 0 0 1 0 3
0.0013169505428493656 3 1 0 1 0 0 1 0 0 1 3 0
0.0014056631026662207 3 1 0 1 0 0 1 0 3 1 0 0
0.0013790218582994786 3 1 0 1 0 0 1 3 0 1 0 0
0.01158671235013377 3 1 0 1 0 0 2 0 0 2 0 0
0.001326769681680374 3 1 0 1 0 0 2 0 0 2 0 3
0.0013169505428493656 3 1 0 1 0 0 2 0 0 2 3 0
0.0014056631026662207 3 1 0 1 0 0 2 0 3 2 0 0
0.0013790218582994786 3 1 0 1 0 0 2 3 0 2 0 0
-0.001379021858299482 3 1 0 1 0 0 3 1 1 0 0 0
-0.001379021858299482 3 1 0 1 0 0 3 2 2 0 0 0
-0.0012559943513467098 3 1 0 1 0 3 0 1 1 0 0 0
-0.0012559943513467098 3 1 0 1 0 3 0 2 2 0 0 0
0.002746504580197363 3 1 0 1 0 3 0 3 3 0 1 1
0.002746504580197363 3 1 0 1 0 3 0 3 3 0 2 2
0.0012559943513467072 3 1 0 1 0 3 1 0 0 1 0 0
0.0012559943513467072 3 1 0 1 0 3 2 0 0 2 0 0
0.0024610698829877035 3 1 0 1 1 1 0 3 3 0 3 0
0.002467898806529747 3 1 0 1 2 2 0 3 3 0 3 0
-0.0012454138199019863 3 1 0 1 3 0 0 1 1 0 0 0
-0.0012454138199019863 3 1 0 1 3 0 0 2 2 0 0 0
0.0012454138199019837 3 1 0 1 3 0 1 0 0 1 0 0
0.0012454138199019837 3 1 0 1 3 0 2 0 0 2 0 0
-0.058242554778746465 3 1 0 2 0 0 0 1 0 2 0 0
-0.006669230540029506 3 1 0 2 0 0 0 1 0 2 0 3
-0.0066198729902808475 3 1 0 2 0 0 0 1 0 2 3 0
-0.00733411941183929 3 1 0 2 0 0 0 1 3 2 0 0
0.058242554778746465 3 1 0 2 0 0 0 2 0 1 0 0
0.006669230540029506 3 1 0 2 0 0 0 2 0 1 0 3
0.0066198729902808475 3 1 0 2 0 0 0 2 0 1 3 0
0.00733411941183929 3 1 0 2 0 0 0 2 3 1 0 0
-0.04805467101586417 3 1 0 2 0 0 1 0 2 0 0 0
-0.005502637731939303 3 1 0 2 0 0 1 0 2 0 0 3
-0.005461913886216339 3 1 0 2 0 0 1 0 2 0 3 0
-0.005436192420189174 3 1 0 2 0 0 1 0 2 3 0 0
-0.005440016627149279 3 1 0 2 0 0 1 3 2 0 0 0
0.04805467101586417 3 1 0 2 0 0 2 0 1 0 0 0
0.005502637731939303 3 1 0 2 0 0 2 0 1 0 0 3
0.005461913886216339 3 1 0 2 0 0 2 0 1 0 3 0
0.005436192420189174 3 1 0 2 0 0 2 0 1 3 0 0
0.005440016627149279 3 1 0 2 0 0 2 3 1 0 0 0
-0.00733634294002666 3 1 0 2 0 0 3 1 0 2 0 0
0.00733634294002666 3 1 0 2 0 0 3 2 0 1 0 0
-0.006313466460506562 3 1 0 2 0 3 0 1 0 2 0 0
0.006313466460506562 3 1 0 2 0 3 0 2 0 1 0 0
-0.0052091044920997715 3 1 0 2 0 3 1 0 2 0 0 0
0.0052091044920997715 3 1 0 2 0 3 2 0 1 0 0 0
-6.828923542044938e-06 3 1 0 2 2 1 0 3 3 0 3 0
-0.006260281642964212 3 1 0 2 3 0 0 1 0 2 0 0
0.006260281642964212 3 1 0 2 3 0 0 2 0 1 0 0
-0.005165222850579317 3 1 0 2 3 0 1 0 2 0 0 0
0.005165222850579317 3 1 0 2 3 0 2 0 1 0 0 0
0.00025663476746645394 3 1 0 3 0 1 0 3 3 1 1 0
0.00025663476746645394 3 1 0 3 0 1 0 3 3 2 2 0
5.773729388612189e-05 3 1 0 3 0 1 1 0 0 0 0 1
-2.8481756444590835e-05 3 1 0 3 0 1 1 0 1 1 0 1
-2.8481756444590835e-05 3 1 0 3 0 1 1 0 2 2 0 1
5.773729388612189e-05 3 1 0 3 0 1 2 0 0 0 0 2
-2.8481756444590835e-05 3 1 0 3 0 1 2 0 1 1 0 2
-2.8481756444590835e-05 3 1 0 3 0 1 2 0 2 2 0 2
-0.0005313268643076894 3 1 0 3 0 2 0 1 0 0 0 2
-1.3038036447544308e-05 3 1 0 3 0 2 0 1 1 1 0 2
-1.3038036447544308e-05 3 1 0 3 0 2 0 1 2 2 0 2
0.0005313268643076894 3 1 0 3 0 2 0 2 0 0 0 1
1.3038036447544308e-05 3 1 0 3 0 2 0 2 1 1 0 1
1.3038036447544308e-05 3 1 0 3 0 2 0 2 2 2 0 1
5.835842484931981e-05 3 1 0 3 1 0 1 0 0 0 1 0
-2.8788159804070932e-05 3 1 0 3 1 0 1 0 1 1 1 0
-2.8788159804070932e-05 3 1 0 3 1 0 1 0 2 2 1 0
5.835842484931981e-05 3 1 0 3 1 0 2 0 0 0 2 0
-2.8788159804070932e-05 3 1 0 3 1 0 2 0 1 1 2 0
-2.8788159804070932e-05 3 1 0 3 1 0 2 0 2 2 2 0
-0.0005370428157281232 3 1 0 3 2 0 0 1 0 0 2 0
-1.3178298098061667e-05 3 1 0 3 2 0 0 1 1 1 2 0
-1.3178298098061667e-05 3 1 0 3 2 0 0 1 2 2 2 0
0.0005370428157281232 3 1 0 3 2 0 0 2 0 0 1 0
1.3178298098061667e-05 3 1 0 3 2 0 0 2 1 1 1 0
1.3178298098061667e-05 3 1 0 3 2 0 0 2 2 2 1 0
0.00026345834689833324 3 1 0 3 2 3 0 3 3 1 3 2
-0.00026345834689833324 3 1 0 3 2 3 0 3 3 2 3 1
-0.0011437070702740373 3 1 1 0 0 0 0 3 0 0 1 1
-0.0011437070702740373 3 1 1 0 0 0 0 3 0 0 2 2
-0.011586712350133784 3 1 1 0 0 0 1 0 1 0 0 0
-0.0013267696816803756 3 1 1 0 0 0 1 0 1 0 0 3
-0.0013169505428493671 3 1 1 0 0 0 1 0 1 0 3 0
-0.0014056631026662198 3 1 1 0 0 0 1 0 1 3 0 0
-0.0009655346304587608 3 1 1 0 0 0 1 0 3 1 0 0
-0.0013790218582994801 3 1 1 0 0 0 1 3 1 0 0 0
-0.011586712350133784 3 1 1 0 0 0 2 0 2 0 0 0
-0.0013267696816803756 3 1 1 0 0 0 2 0 2 0 0 3
-0.0013169505428493671 3 1 1 0 0 0 2 0 2 0 3 0
-0.0014056631026662198 3 1 1 0 0 0 2 0 2 3 0 0
-0.0009655346304587608 3 1 1 0 0 0 2 0 3 2 0 0
-0.0013790218582994801 3 1 1 0 0 0 2 3 2 0 0 0
-0.0011909435657775894 3 1 1 0 0 3 0 0 0 0 1 1
-0.0011909435657775894 3 1 1 0 0 3 0 0 0 0 2 2
-0.010550847479425843 3 1 1 0 0 3 0 3 0 0 1 1
-0.010550847479425843 3 1 1 0 0 3 0 3 0 0 2 2
-0.001321141523809076 3 1 1 0 0 3 0 3 0 3 1 1
-0.001321141523809076 3 1 1 0 0 3 0 3 0 3 2 2
-0.001191346773135602 3 1 1 0 0 3 0 3 3 0 1 1
-0.001191346773135602 3 1 1 0 0 3 0 3 3 0 2 2
-0.0012559943513467085 3 1 1 0 0 3 1 0 1 0 0 0
-0.0012559943513467085 3 1 1 0 0 3 2 0 2 0 0 0
-0.0013205279988969607 3 1 1 0 0 3 3 3 0 0 1 1
-0.0013205279988969607 3 1 1 0 0 3 3 3 0 0 2 2
-0.0010702579504501693 3 1 1 0 1 1 0 0 0 0 3 0
-0.0010776900311270567 3 1 1 0 1 1 0 3 0 0 0 0
-0.009481665398200287 3 1 1 0 1 1 0 3 0 0 3 0
-0.0010857252516521456 3 1 1 0 1 1 0 3 0 0 3 3
-0.0011872621509175483 3 1 1 0 1 1 0 3 0 3 3 0
-0.0010706202983338084 3 1 1 0 1 1 0 3 3 0 3 0
-0.0011867107982473971 3 1 1 0 1 1 3 3 0 0 3 0
8.007844531609913e-07 3 1 1 0 1 2 1 2 0 0 3 0
-8.007844531609913e-07 3 1 1 0 1 2 2 1 0 0 3 0
-0.0010670490793739636 3 1 1 0 2 2 0 0 0 0 3 0
-0.0010744588770220632 3 1 1 0 2 2 0 3 0 0 0 0
-0.009453237259135543 3 1 1 0 2 2 0 3 0 0 3 0
-0.0010824700061711219 3 1 1 0 2 2 0 3 0 0 3 3
-0.0011837024752577219 3 1 1 0 2 2 0 3 0 3 3 0
-0.0010674103408581576 3 1 1 0 2 2 0 3 3 0 3 0
-0.0011831527756653501 3 1 1 0 2 2 3 3 0 0 3 0
-0.001245413819901985 3 1 1 0 3 0 1 0 1 0 0 0
-0.001245413819901985 3 1 1 0 3 0 2 0 2 0 0 0
-0.0011340724500166993 3 1 1 0 3 3 0 3 0 0 1 1
-0.0011340724500166993 3 1 1 0 3 3 0 3 0 0 2 2
5.828976156112505e-05 3 1 1 1 0 1 0 3 0 1 1 0
5.828976156112505e-05 3 1 1 1 0 1 0 3 0 2 2 0
-1.279577773705701e-05 3 1 1 1 0 1 1 0 3 0 0 1
-1.279577773705701e-05 3 1 1 1 0 1 2 0 3 0 0 2
5.7737293886122184e-05 3 1 1 1 0 2 0 1 3 0 0 2
-5.7737293886122184e-05 3 1 1 1 0 2 0 2 3 0 0 1
-0.0002675779561274227 3 1 1 1 0 2 0 3 1 0 2 0
0.0002675779561274227 3 1 1 1 0 2 0 3 2 0 1 0
-1.2933433197085337e-05 3 1 1 1 1 0 1 0 3 0 1 0
-1.2933433197085337e-05 3 1 1 1 1 0 2 0 3 0 2 0
-0.00027469250048896987 3 1 1 1 1 3 0 3 1 0 3 1
-0.00027469250048896987 3 1 1 1 1 3 0 3 2 0 3 2
5.835842484932015e-05 3 1 1 1 2 0 0 1 3 0 2 0
-5.835842484932015e-05 3 1 1 1 2 0 0 2 3 0 1 0
5.9839609315598296e-05 3 1 1 1 2 3 0 3 0 1 3 2
-5.9839609315598296e-05 3 1 1 1 2 3 0 3 0 2 3 1
2.009919402795711e-07 3 1 1 2 0 1 0 3 1 0 2 0
-2.009919402795711e-07 3 1 1 2 0 1 0 3 2 0 1 0
5.833357899435132e-05 3 1 1 2 0 2 0 3 0 1 1 0
5.833357899435132e-05 3 1 1 2 0 2 0 3 0 2 2 0
-0.00027784726113199646 3 1 1 2 0 2 1 0 3 0 0 1
-0.00027784726113199646 3 1 1 2 0 2 2 0 3 0 0 2
-5.988459179648775e-05 3 1 1 2 1 3 0 3 0 1 3 2
5.988459179648775e-05 3 1 1 2 1 3 0 3 0 2 3 1
-0.00028083630903003634 3 1 1 2 2 0 1 0 3 0 1 0
-0.00028083630903003634 3 1 1 2 2 0 2 0 3 0 2 0
-2.0633605044518458e-07 3 1 1 2 2 3 0 3 1 0 3 1
-2.0633605044518458e-07 3 1 1 2 2 3 0 3 2 0 3 2
-0.0007051854313548083 3 1 1 3 0 0 1 0 0 1 0 0
0.0006575389726822623 3 1 1 3 0 0 1 0 1 0 0 0
-0.002567969974250514 3 1 1 3 0 0 1 0 3 1 0 0
-0.00029405275649755616 3 1 1 3 0 0 1 0 3 1 0 3
-0.00029187653489741124 3 1 1 3 0 0 1 0 3 1 3 0
-0.0005849649500803765 3 1 1 3 0 0 1 3 3 1 0 0
-0.0007051854313548083 3 1 1 3 0 0 2 0 0 2 0 0
0.0006575389726822623 3 1 1 3 0 0 2 0 2 0 0 0
-0.002567969974250514 3 1 1 3 0 0 2 0 3 2 0 0
-0.00029405275649755616 3 1 1 3 0 0 2 0 3 2 0 3
-0.00029187653489741124 3 1 1 3 0 0 2 0 3 2 3 0
-0.0005849649500803765 3 1 1 3 0 0 2 3 3 2 0 0
0.0005987542628922535 3 1 1 3 0 3 0 3 0 0 1 1
0.0005987542628922535 3 1 1 3 0 3 0 3 0 0 2 2
-0.00029768629578376637 3 1 1 3 0 3 0 3 1 1 1 1
-0.00029768629578376637 3 1 1 3 0 3 0 3 1 1 2 2
-0.00029768629578376637 3 1 1 3 0 3 0 3 2 2 1 1
-0.00029768629578376637 3 1 1 3 0 3 0 3 2 2 2 2
-0.0002783667777900223 3 1 1 3 0 3 1 0 3 1 0 0
-0.0002783667777900223 3 1 1 3 0 3 2 0 3 2 0 0
0.0005365278085968955 3 1 1 3 1 1 0 3 0 0 3 0
-0.00026751991778436296 3 1 1 3 1 1 0 3 1 1 3 0
-0.00026751991778436296 3 1 1 3 1 1 0 3 2 2 3 0
0.0005380165543689753 3 1 1 3 2 2 0 3 0 0 3 0
-0.00026671783364555686 3 1 1 3 2 2 0 3 1 1 3 0
-0.00026671783364555686 3 1 1 3 2 2 0 3 2 2 3 0
-0.00027602180829042563 3 1 1 3 3 0 1 0 3 1 0 0
-0.00027602180829042563 3 1 1 3 3 0 2 0 3 2 0 0
-0.007619913788631766 3 1 2 0 0 0 0 1 2 0 0 0
-0.0008725400515926453 3 1 2 0 0 0 0 1 2 0 0 3
-0.0008660825691670954 3 1 2 0 0 0 0 1 2 0 3 0
-0.0011927415602953084 3 1 2 0 0 0 0 1 2 3 0 0
0.0006575389726822626 3 1 2 0 0 0 0 1 3 2 0 0
0.007619913788631766 3 1 2 0 0 0 0 2 1 0 0 0
0.0008725400515926453 3 1 2 0 0 0 0 2 1 0 0 3
0.0008660825691670954 3 1 2 0 0 0 0 2 1 0 3 0
0.0011927415602953084 3 1 2 0 0 0 0 2 1 3 0 0
-0.0006575389726822626 3 1 2 0 0 0 0 2 3 1 0 0
-0.0013113613627969986 3 1 2 0 0 0 3 1 2 0 0 0
0.0013113613627969986 3 1 2 0 0 0 3 2 1 0 0 0
-0.0008259951906167663 3 1 2 0 0 3 0 1 2 0 0 0
0.0008259951906167663 3 1 2 0 0 3 0 2 1 0 0 0
0.00029720392917576303 3 1 2 0 0 3 1 2 0 0 1 1
0.00029720392917576303 3 1 2 0 0 3 1 2 0 0 2 2
-0.00029720392917576303 3 1 2 0 0 3 2 1 0 0 1 1
-0.00029720392917576303 3 1 2 0 0 3 2 1 0 0 2 2
0.00026628564788984095 3 1 2 0 1 1 1 2 0 0 3 0
-0.00026628564788984095 3 1 2 0 1 1 2 1 0 0 3 0
-3.208871076205711e-06 3 1 2 0 2 1 0 0 0 0 3 0
-3.23115410499336e-06 3 1 2 0 2 1 0 3 0 0 0 0
-2.8428139064744095e-05 3 1 2 0 2 1 0 3 0 0 3 0
-3.2552454810238274e-06 3 1 2 0 2 1 0 3 0 0 3 3
-3.559675659826351e-06 3 1 2 0 2 1 0 3 0 3 3 0
-3.209957475650668e-06 3 1 2 0 2 1 0 3 3 0 3 0
-3.558022582047021e-06 3 1 2 0 2 1 3 3 0 0 3 0
0.00026708643234300193 3 1 2 0 2 2 1 2 0 0 3 0
-0.00026708643234300193 3 1 2 0 2 2 2 1 0 0 3 0
-0.0008190369840944675 3 1 2 0 3 0 0 1 2 0 0 0
0.0008190369840944675 3 1 2 0 3 0 0 2 1 0 0 0
0.0002673769641871431 3 1 2 1 0 1 0 3 1 0 2 0
-0.0002673769641871431 3 1 2 1 0 1 0 3 2 0 1 0
-0.00027448616443852465 3 1 2 1 2 3 0 3 1 0 3 1
-0.00027448616443852465 3 1 2 1 2 3 0 3 2 0 3 2
-4.3817433226270807e-08 3 1 2 2 0 1 0 3 0 1 1 0
-4.3817433226270807e-08 3 1 2 2 0 1 0 3 0 2 2 0
0.00026505148339493945 3 1 2 2 0 1 1 0 3 0 0 1
0.00026505148339493945 3 1 2 2 0 1 2 0 3 0 0 2
5.7737293886122184e-05 3 1 2 2 0 2 0 1 3 0 0 2
-5.7737293886122184e-05 3 1 2 2 0 2 0 2 3 0 0 1
0.00026790287583295096 3 1 2 2 1 0 1 0 3 0 1 0
0.00026790287583295096 3 1 2 2 1 0 2 0 3 0 2 0
5.835842484932015e-05 3 1 2 2 2 0 0 1 3 0 2 0
-5.835842484932015e-05 3 1 2 2 2 0 0 2 3 0 1 0
-4.49824808894519e-08 3 1 2 2 2 3 0 3 0 1 3 2
4.49824808894519e-08 3 1 2 2 2 3 0 3 0 2 3 1
-0.00140566310266622 3 1 2 3 0 0 0 1 0 2 0 0
-0.0006788398506648689 3 1 2 3 0 0 0 1 2 0 0 0
-0.011586712350133794 3 1 2 3 0 0 0 1 3 2 0 0
-0.0013267696816803769 3 1 2 3 0 0 0 1 3 2 0 3
-0.0013169505428493684 3 1 2 3 0 0 0 1 3 2 3 0
0.00140566310266622 3 1 2 3 0 0 0 2 0 1 0 0
0.0006788398506648689 3 1 2 3 0 0 0 2 1 0 0 0
0.011586712350133794 3 1 2 3 0 0 0 2 3 1 0 0
0.0013267696816803769 3 1 2 3 0 0 0 2 3 1 0 3
0.0013169505428493684 3 1 2 3 0 0 0 2 3 1 3 0
-0.001379021858299482 3 1 2 3 0 0 3 1 3 2 0 0
0.001379021858299482 3 1 2 3 0 0 3 2 3 1 0 0
-0.0012559943513467098 3 1 2 3 0 3 0 1 3 2 0 0
0.0012559943513467098 3 1 2 3 0 3 0 2 3 1 0 0
-1.4887457720791123e-06 3 1 2 3 2 1 0 3 0 0 3 0
-8.020841388060768e-07 3 1 2 3 2 1 0 3 1 1 3 0
-8.020841388060768e-07 3 1 2 3 2 1 0 3 2 2 3 0
-0.0012454138199019863 3 1 2 3 3 0 0 1 3 2 0 0
0.0012454138199019863 3 1 2 3 3 0 0 2 3 1 0 0
0.00012068561532741984 3 1 3 0 0 1 0 0 1 0 1 0
0.00012068561532741984 3 1 3 0 0 1 0 0 2 0 2 0
0.001069182081225553 3 1 3 0 0 1 0 3 1 0 1 0
0.00012242975631906574 3 1 3 0 0 1 0 3 1 0 1 3
0.00014045582193639427 3 1 3 0 0 1 0 3 1 3 1 0
0.001069182081225553 3 1 3 0 0 1 0 3 2 0 2 0
0.00012242975631906574 3 1 3 0 0 1 0 3 2 0 2 3
0.00014045582193639427 3 1 3 0 0 1 0 3 2 3 2 0
0.0005238107397133178 3 1 3 0 0 1 0 3 3 1 1 0
0.0005238107397133178 3 1 3 0 0 1 0 3 3 2 2 0
-5.773729388612208e-05 3 1 3 0 0 1 1 0 0 0 0 1
-5.773729388612208e-05 3 1 3 0 0 1 2 0 0 0 0 2
0.00013381720064956334 3 1 3 0 0 1 3 3 1 0 1 0
0.00013381720064956334 3 1 3 0 0 1 3 3 2 0 2 0
-0.0002790711586498068 3 1 3 0 0 2 0 1 0 0 0 2
0.0002790711586498068 3 1 3 0 0 2 0 2 0 0 0 1
-3.0117496832761076e-05 3 1 3 0 0 2 1 2 1 0 1 0
-3.0117496832761076e-05 3 1 3 0 0 2 1 2 2 0 2 0
3.0117496832761076e-05 3 1 3 0 0 2 2 1 1 0 1 0
3.0117496832761076e-05 3 1 3 0 0 2 2 1 2 0 2 0
-5.835842484932001e-05 3 1 3 0 1 0 1 0 0 0 1 0
-5.835842484932001e-05 3 1 3 0 1 0 2 0 0 0 2 0
3.091828128592207e-05 3 1 3 0 1 3 1 2 1 0 3 2
-3.091828128592207e-05 3 1 3 0 1 3 1 2 2 0 3 1
-3.091828128592207e-05 3 1 3 0 1 3 2 1 1 0 3 2
3.091828128592207e-05 3 1 3 0 1 3 2 1 2 0 3 1
-0.0002820733730922574 3 1 3 0 2 0 0 1 0 0 2 0
0.0002820733730922574 3 1 3 0 2 0 0 2 0 0 1 0
0.0001189804488974918 3 1 3 0 2 0 0 3 1 0 3 2
-0.0001189804488974918 3 1 3 0 2 0 0 3 2 0 3 1
0.00012389448640362554 3 1 3 0 2 3 0 0 1 0 3 2
-0.00012389448640362554 3 1 3 0 2 3 0 0 2 0 3 1
0.00012475483396561838 3 1 3 0 2 3 0 3 1 0 0 2
0.0010976102202902972 3 1 3 0 2 3 0 3 1 0 3 2
0.00014419035668830843 3 1 3 0 2 3 0 3 1 3 3 2
-0.00012475483396561838 3 1 3 0 2 3 0 3 2 0 0 1
-0.0010976102202902972 3 1 3 0 2 3 0 3 2 0 3 1
-0.00014419035668830843 3 1 3 0 2 3 0 3 2 3 3 1
0.0005377381752864129 3 1 3 0 2 3 0 3 3 1 3 2
-0.0005377381752864129 3 1 3 0 2 3 0 3 3 2 3 1
0.00013737522323161033 3 1 3 0 2 3 3 3 1 0 3 2
-0.00013737522323161033 3 1 3 0 2 3 3 3 2 0 3 1
0.0001149225163887404 3 1 3 0 3 1 0 3 1 0 1 0
0.0001149225163887404 3 1 3 0 3 1 0 3 2 0 2 0
0.000657538972682264 3 1 3 1 0 0 0 1 1 0 0 0
0.000657538972682264 3 1 3 1 0 0 0 2 2 0 0 0
-0.005246220196810542 3 1 3 1 0 0 0 3 3 0 1 1
-0.005246220196810542 3 1 3 1 0 0 0 3 3 0 2 2
-0.0006575389726822627 3 1 3 1 0 0 1 0 0 1 0 0
-0.0006575389726822627 3 1 3 1 0 0 2 0 0 2 0 0
-0.005462895482972677 3 1 3 1 0 3 0 0 3 0 1 1
-0.005462895482972677 3 1 3 1 0 3 0 0 3 0 2 2
-0.006060117599335576 3 1 3 1 0 3 0 3 0 0 1 1
-0.006060117599335576 3 1 3 1 0 3 0 3 0 0 2 2
-0.04839706825172363 3 1 3 1 0 3 0 3 3 0 1 1
-0.04839706825172363 3 1 3 1 0 3 0 3 3 0 2 2
-0.005464745007768046 3 1 3 1 0 3 0 3 3 3 1 1
-0.005464745007768046 3 1 3 1 0 3 0 3 3 3 2 2
-0.006057303341324206 3 1 3 1 0 3 3 3 3 0 1 1
-0.006057303341324206 3 1 3 1 0 3 3 3 3 0 2 2
-0.004909306780890498 3 1 3 1 1 1 0 0 3 0 3 0
-0.005446008717564328 3 1 3 1 1 1 0 3 0 0 3 0
-0.004943397968017696 3 1 3 1 1 1 0 3 3 0 0 0
-0.04349269651670459 3 1 3 1 1 1 0 3 3 0 3 0
-0.004980255776542433 3 1 3 1 1 1 0 3 3 0 3 3
-0.004910968881995603 3 1 3 1 1 1 0 3 3 3 3 0
-0.005443479645576503 3 1 3 1 1 1 3 3 3 0 3 0
-1.745757529206586e-07 3 1 3 1 1 2 1 2 3 0 3 0
1.745757529206586e-07 3 1 3 1 1 2 2 1 3 0 3 0
-1.7485909208782274e-07 3 1 3 1 2 1 0 3 1 2 3 0
1.7485909208782274e-07 3 1 3 1 2 1 0 3 2 1 3 0
-0.004894587588637085 3 1 3 1 2 2 0 0 3 0 3 0
-0.0054296803736849815 3 1 3 1 2 2 0 3 0 0 3 0
-0.004928576562812462 3 1 3 1 2 2 0 3 3 0 0 0
-0.04336229575133776 3 1 3 1 2 2 0 3 3 0 3 0
-0.004965323863439867 3 1 3 1 2 2 0 3 3 0 3 3
-0.004896244706393868 3 1 3 1 2 2 0 3 3 3 3 0
-0.0054271588844167695 3 1 3 1 2 2 3 3 3 0 3 0
-0.0052020258915584676 3 1 3 1 3 3 0 3 3 0 1 1
-0.0052020258915584676 3 1 3 1 3 3 0 3 3 0 2 2
0.0021939646468696495 3 1 3 2 0 0 0 1 0 2 0 0
-0.0021939646468696495 3 1 3 2 0 0 0 2 0 1 0 0
0.0038383391279932805 3 1 3 2 0 0 1 0 2 0 0 0
-0.0038383391279932805 3 1 3 2 0 0 2 0 1 0 0 0
6.489737533673318e-05 3 1 3 2 0 3 0 3 1 2 1 1
6.489737533673318e-05 3 1 3 2 0 3 0 3 1 2 2 2
-6.489737533673318e-05 3 1 3 2 0 3 0 3 2 1 1 1
-6.489737533673318e-05 3 1 3 2 0 3 0 3 2 1 2 2
-6.479221655968541e-05 3 1 3 2 0 3 1 2 3 0 1 1
-6.479221655968541e-05 3 1 3 2 0 3 1 2 3 0 2 2
6.479221655968541e-05 3 1 3 2 0 3 2 1 3 0 1 1
6.479221655968541e-05 3 1 3 2 0 3 2 1 3 0 2 2
5.832092629186648e-05 3 1 3 2 1 1 0 3 1 2 3 0
-5.832092629186648e-05 3 1 3 2 1 1 0 3 2 1 3 0
-5.8051848145693065e-05 3 1 3 2 1 1 1 2 3 0 3 0
5.8051848145693065e-05 3 1 3 2 1 1 2 1 3 0 3 0
-1.4719192253413233e-05 3 1 3 2 2 1 0 0 3 0 3 0
-1.6328343879347757e-05 3 1 3 2 2 1 0 3 0 0 3 0
-1.4821405205234772e-05 3 1 3 2 2 1 0 3 3 0 0 0
-0.00013040076536683848 3 1 3 2 2 1 0 3 3 0 3 0
-1.4931913102567009e-05 3 1 3 2 2 1 0 3 3 0 3 3
-1.4724175601735623e-05 3 1 3 2 2 1 0 3 3 3 3 0
-1.63207611597352e-05 3 1 3 2 2 1 3 3 3 0 3 0
5.814606719977868e-05 3 1 3 2 2 2 0 3 1 2 3 0
-5.814606719977868e-05 3 1 3 2 2 2 0 3 2 1 3 0
-5.822642389861372e-05 3 1 3 2 2 2 1 2 3 0 3 0
5.822642389861372e-05 3 1 3 2 2 2 2 1 3 0 3 0
0.0005535887020821791 3 1 3 3 0 1 0 0 3 1 1 0
0.0005535887020821791 3 1 3 3 0 1 0 0 3 2 2 0
0.0006442752597706513 3 1 3 3 0 1 0 3 0 1 1 0
0.0006442752597706513 3 1 3 3 0 1 0 3 0 2 2 0
5.594789906225503e-05 3 1 3 3 0 1 0 3 1 0 1 0
5.594789906225503e-05 3 1 3 3 0 1 0 3 2 0 2 0
0.004904371735019028 3 1 3 3 0 1 0 3 3 1 1 0
0.0005615891315053053 3 1 3 3 0 1 0 3 3 1 1 3
0.004904371735019028 3 1 3 3 0 1 0 3 3 2 2 0
0.0005615891315053053 3 1 3 3 0 1 0 3 3 2 2 3
0.0006138236957477015 3 1 3 3 0 1 3 3 3 1 1 0
0.0006138236957477015 3 1 3 3 0 1 3 3 3 2 2 0
6.565792661071688e-06 3 1 3 3 0 2 1 2 3 1 1 0
6.565792661071688e-06 3 1 3 3 0 2 1 2 3 2 2 0
-6.565792661071688e-06 3 1 3 3 0 2 2 1 3 1 1 0
-6.565792661071688e-06 3 1 3 3 0 2 2 1 3 2 2 0
-6.740368413992346e-06 3 1 3 3 1 3 1 2 3 1 3 2
6.740368413992346e-06 3 1 3 3 1 3 1 2 3 2 3 1
6.740368413992346e-06 3 1 3 3 1 3 2 1 3 1 3 2
-6.740368413992346e-06 3 1 3 3 1 3 2 1 3 2 3 1
0.0005457670501958545 3 1 3 3 2 0 0 3 3 1 3 2
-0.0005457670501958545 3 1 3 3 2 0 0 3 3 2 3 1
0.0005683078943355923 3 1 3 3 2 3 0 0 3 1 3 2
-0.0005683078943355923 3 1 3 3 2 3 0 0 3 2 3 1
0.0006614056877888053 3 1 3 3 2 3 0 3 0 1 3 2
-0.0006614056877888053 3 1 3 3 2 3 0 3 0 2 3 1
5.7435479786670925e-05 3 1 3 3 2 3 0 3 1 0 3 2
-5.7435479786670925e-05 3 1 3 3 2 3 0 3 2 0 3 1
0.0005722543355820578 3 1 3 3 2 3 0 3 3 1 0 2
0.005034772500385866 3 1 3 3 2 3 0 3 3 1 3 2
-0.0005722543355820578 3 1 3 3 2 3 0 3 3 2 0 1
-0.005034772500385866 3 1 3 3 2 3 0 3 3 2 3 1
0.0006301444569074367 3 1 3 3 2 3 3 3 3 1 3 2
-0.0006301444569074367 3 1 3 3 2 3 3 3 3 2 3 1
0.0005271531865256711 3 1 3 3 3 1 0 3 3 1 1 0
0.0005271531865256711 3 1 3 3 3 1 0 3 3 2 2 0
0.0050925953463046075 3 2 0 0 0 1 0 1 0 0 0 2
0.0005788265042888181 3 2 0 0 0 1 0 1 0 0 3 2
0.000577871725283568 3 2 0 0 0 1 0 1 0 3 0 2
0.0006348352381727494 3 2 0 0 0 1 0 1 3 0 0 2
-0.0050925953463046075 3 2 0 0 0 1 0 2 0 0 0 1
-0.0005788265042888181 3 2 0 0 0 1 0 2 0 0 3 1
-0.000577871725283568 3 2 0 0 0 1 0 2 0 3 0 1
-0.0006348352381727494 3 2 0 0 0 1 0 2 3 0 0 1
0.0006686548446589929 3 2 0 0 0 1 3 1 0 0 0 2
-0.0006686548446589929 3 2 0 0 0 1 3 2 0 0 0 1
0.00011419384319015283 3 2 0 0 0 2 0 3 1 0 1 0
0.00011419384319015283 3 2 0 0 0 2 0 3 2 0 2 0
-1.3038036447544753e-05 3 2 0 0 0 2 1 0 0 3 0 1
1.3038036447544663e-05 3 2 0 0 0 2 1 0 3 0 0 1
-1.3038036447544753e-05 3 2 0 0 0 2 2 0 0 3 0 2
1.3038036447544663e-05 3 2 0 0 0 2 2 0 3 0 0 2
0.005147380883341839 3 2 0 0 1 0 0 1 0 0 2 0
0.000589415590005585 3 2 0 0 1 0 0 1 0 0 2 3
0.000584088400800751 3 2 0 0 1 0 0 1 0 3 2 0
0.0006416647204088925 3 2 0 0 1 0 0 1 3 0 2 0
-0.005147380883341839 3 2 0 0 1 0 0 2 0 0 1 0
-0.000589415590005585 3 2 0 0 1 0 0 2 0 0 1 3
-0.000584088400800751 3 2 0 0 1 0 0 2 0 3 1 0
-0.0006416647204088925 3 2 0 0 1 0 0 2 3 0 1 0
0.0006758481542125925 3 2 0 0 1 0 3 1 0 0 2 0
-0.0006758481542125925 3 2 0 0 1 0 3 2 0 0 1 0
0.0005579737477156523 3 2 0 0 1 3 0 1 0 0 2 0
-0.0005579737477156523 3 2 0 0 1 3 0 2 0 0 1 0
-0.00011723010662137885 3 2 0 0 1 3 0 3 1 0 3 2
0.00011723010662137885 3 2 0 0 1 3 0 3 2 0 3 1
-1.3178298098062109e-05 3 2 0 0 2 0 1 0 0 3 1 0
1.3178298098062017e-05 3 2 0 0 2 0 1 0 3 0 1 0
-1.3178298098062109e-05 3 2 0 0 2 0 2 0 0 3 2 0
1.3178298098062017e-05 3 2 0 0 2 0 2 0 3 0 2 0
0.0005473846619988855 3 2 0 0 3 1 0 1 0 0 0 2
-0.0005473846619988855 3 2 0 0 3 1 0 2 0 0 0 1
0.058242554778746465 3 2 0 1 0 0 0 1 0 2 0 0
0.006669230540029506 3 2 0 1 0 0 0 1 0 2 0 3
0.0066198729902808475 3 2 0 1 0 0 0 1 0 2 3 0
0.00733411941183929 3 2 0 1 0 0 0 1 3 2 0 0
-0.058242554778746465 3 2 0 1 0 0 0 2 0 1 0 0
-0.006669230540029506 3 2 0 1 0 0 0 2 0 1 0 3
-0.0066198729902808475 3 2 0 1 0 0 0 2 0 1 3 0
-0.00733411941183929 3 2 0 1 0 0 0 2 3 1 0 0
0.04805467101586417 3 2 0 1 0 0 1 0 2 0 0 0
0.005502637731939303 3 2 0 1 0 0 1 0 2 0 0 3
0.005461913886216339 3 2 0 1 0 0 1 0 2 0 3 0
0.0054361924201891745 3 2 0 1 0 0 1 0 2 3 0 0
0.005440016627149279 3 2 0 1 0 0 1 3 2 0 0 0
-0.04805467101586417 3 2 0 1 0 0 2 0 1 0 0 0
-0.005502637731939303 3 2 0 1 0 0 2 0 1 0 0 3
-0.005461913886216339 3 2 0 1 0 0 2 0 1 0 3 0
-0.0054361924201891745 3 2 0 1 0 0 2 0 1 3 0 0
-0.005440016627149279 3 2 0 1 0 0 2 3 1 0 0 0
0.00733634294002666 3 2 0 1 0 0 3 1 0 2 0 0
-0.00733634294002666 3 2 0 1 0 0 3 2 0 1 0 0
0.006313466460506562 3 2 0 1 0 3 0 1 0 2 0 0
-0.006313466460506562 3 2 0 1 0 3 0 2 0 1 0 0
0.0052091044920997715 3 2 0 1 0 3 1 0 2 0 0 0
-0.0052091044920997715 3 2 0 1 0 3 2 0 1 0 0 0
-6.828923542044938e-06 3 2 0 1 1 2 0 3 3 0 3 0
0.006260281642964212 3 2 0 1 3 0 0 1 0 2 0 0
-0.006260281642964212 3 2 0 1 3 0 0 2 0 1 0 0
0.005165222850579317 3 2 0 1 3 0 1 0 2 0 0 0
-0.005165222850579317 3 2 0 1 3 0 2 0 1 0 0 0
-0.011586712350133794 3 2 0 2 0 0 0 1 1 0 0 0
-0.0013267696816803769 3 2 0 2 0 0 0 1 1 0 0 3
-0.0013169505428493684 3 2 0 2 0 0 0 1 1 0 3 0
-0.0014056631026662164 3 2 0 2 0 0 0 1 1 3 0 0
-0.011586712350133794 3 2 0 2 0 0 0 2 2 0 0 0
-0.0013267696816803769 3 2 0 2 0 0 0 2 2 0 0 3
-0.0013169505428493684 3 2 0 2 0 0 0 2 2 0 3 0
-0.0014056631026662164 3 2 0 2 0 0 0 2 2 3 0 0
0.01158671235013377 3 2 0 2 0 0 1 0 0 1 0 0
0.001326769681680374 3 2 0 2 0 0 1 0 0 1 0 3
0.0013169505428493656 3 2 0 2 0 0 1 0 0 1 3 0
0.0014056631026662207 3 2 0 2 0 0 1 0 3 1 0 0
0.0013790218582994786 3 2 0 2 0 0 1 3 0 1 0 0
0.01158671235013377 3 2 0 2 0 0 2 0 0 2 0 0
0.001326769681680374 3 2 0 2 0 0 2 0 0 2 0 3
0.0013169505428493656 3 2 0 2 0 0 2 0 0 2 3 0
0.0014056631026662207 3 2 0 2 0 0 2 0 3 2 0 0
0.0013790218582994786 3 2 0 2 0 0 2 3 0 2 0 0
-0.001379021858299482 3 2 0 2 0 0 3 1 1 0 0 0
-0.001379021858299482 3 2 0 2 0 0 3 2 2 0 0 0
-0.0012559943513467098 3 2 0 2 0 3 0 1 1 0 0 0
-0.0012559943513467098 3 2 0 2 0 3 0 2 2 0 0 0
0.002746504580197363 3 2 0 2 0 3 0 3 3 0 1 1
0.002746504580197363 3 2 0 2 0 3 0 3 3 0 2 2
0.0012559943513467072 3 2 0 2 0 3 1 0 0 1 0 0
0.0012559943513467072 3 2 0 2 0 3 2 0 0 2 0 0
0.002467898806529747 3 2 0 2 1 1 0 3 3 0 3 0
0.0024610698829877044 3 2 0 2 2 2 0 3 3 0 3 0
-0.0012454138199019863 3 2 0 2 3 0 0 1 1 0 0 0
-0.0012454138199019863 3 2 0 2 3 0 0 2 2 0 0 0
0.0012454138199019837 3 2 0 2 3 0 1 0 0 1 0 0
0.0012454138199019837 3 2 0 2 3 0 2 0 0 2 0 0
0.0005313268643076894 3 2 0 3 0 1 0 1 0 0 0 2
1.3038036447544308e-05 3 2 0 3 0 1 0 1 1 1 0 2
1.3038036447544308e-05 3 2 0 3 0 1 0 1 2 2 0 2
-0.0005313268643076894 3 2 0 3 0 1 0 2 0 0 0 1
-1.3038036447544308e-05 3 2 0 3 0 1 0 2 1 1 0 1
-1.3038036447544308e-05 3 2 0 3 0 1 0 2 2 2 0 1
0.00025663476746645394 3 2 0 3 0 2 0 3 3 1 1 0
0.00025663476746645394 3 2 0 3 0 2 0 3 3 2 2 0
5.773729388612189e-05 3 2 0 3 0 2 1 0 0 0 0 1
-2.8481756444590835e-05 3 2 0 3 0 2 1 0 1 1 0 1
-2.8481756444590835e-05 3 2 0 3 0 2 1 0 2 2 0 1
5.773729388612189e-05 3 2 0 3 0 2 2 0 0 0 0 2
-2.8481756444590835e-05 3 2 0 3 0 2 2 0 1 1 0 2
-2.8481756444590835e-05 3 2 0 3 0 2 2 0 2 2 0 2
0.0005370428157281232 3 2 0 3 1 0 0 1 0 0 2 0
1.3178298098061667e-05 3 2 0 3 1 0 0 1 1 1 2 0
1.3178298098061667e-05 3 2 0 3 1 0 0 1 2 2 2 0
-0.0005370428157281232 3 2 0 3 1 0 0 2 0 0 1 0
-1.3178298098061667e-05 3 2 0 3 1 0 0 2 1 1 1 0
-1.3178298098061667e-05 3 2 0 3 1 0 0 2 2 2 1 0
-0.00026345834689833324 3 2 0 3 1 3 0 3 3 1 3 2
0.00026345834689833324 3 2 0 3 1 3 0 3 3 2 3 1
5.835842484931981e-05 3 2 0 3 2 0 1 0 0 0 1 0
-2.8788159804070932e-05 3 2 0 3 2 0 1 0 1 1 1 0
-2.8788159804070932e-05 3 2 0 3 2 0 1 0 2 2 1 0
5.835842484931981e-05 3 2 0 3 2 0 2 0 0 0 2 0
-2.8788159804070932e-05 3 2 0 3 2 0 2 0 1 1 2 0
-2.8788159804070932e-05 3 2 0 3 2 0 2 0 2 2 2 0
0.007619913788631766 3 2 1 0 0 0 0 1 2 0 0 0
0.0008725400515926453 3 2 1 0 0 0 0 1 2 0 0 3
0.0008660825691670954 3 2 1 0 0 0 0 1 2 0 3 0
0.0011927415602953084 3 2 1 0 0 0 0 1 2 3 0 0
-0.0006575389726822626 3 2 1 0 0 0 0 1 3 2 0 0
-0.007619913788631766 3 2 1 0 0 0 0 2 1 0 0 0
-0.0008725400515926453 3 2 1 0 0 0 0 2 1 0 0 3
-0.0008660825691670954 3 2 1 0 0 0 0 2 1 0 3 0
-0.0011927415602953084 3 2 1 0 0 0 0 2 1 3 0 0
0.0006575389726822626 3 2 1 0 0 0 0 2 3 1 0 0
0.0013113613627969986 3 2 1 0 0 0 3 1 2 0 0 0
-0.0013113613627969986 3 2 1 0 0 0 3 2 1 0 0 0
0.0008259951906167663 3 2 1 0 0 3 0 1 2 0 0 0
-0.0008259951906167663 3 2 1 0 0 3 0 2 1 0 0 0
-0.00029720392917576303 3 2 1 0 0 3 1 2 0 0 1 1
-0.00029720392917576303 3 2 1 0 0 3 1 2 0 0 2 2
0.00029720392917576303 3 2 1 0 0 3 2 1 0 0 1 1
0.00029720392917576303 3 2 1 0 0 3 2 1 0 0 2 2
-0.00026708643234300193 3 2 1 0 1 1 1 2 0 0 3 0
0.00026708643234300193 3 2 1 0 1 1 2 1 0 0 3 0
-3.208871076205711e-06 3 2 1 0 1 2 0 0 0 0 3 0
-3.23115410499336e-06 3 2 1 0 1 2 0 3 0 0 0 0
-2.8428139064744095e-05 3 2 1 0 1 2 0 3 0 0 3 0
-3.2552454810238274e-06 3 2 1 0 1 2 0 3 0 0 3 3
-3.559675659826351e-06 3 2 1 0 1 2 0 3 0 3 3 0
-3.209957475650668e-06 3 2 1 0 1 2 0 3 3 0 3 0
-3.558022582047021e-06 3 2 1 0 1 2 3 3 0 0 3 0
-0.00026628564788984095 3 2 1 0 2 2 1 2 0 0 3 0
0.00026628564788984095 3 2 1 0 2 2 2 1 0 0 3 0
0.0008190369840944675 3 2 1 0 3 0 0 1 2 0 0 0
-0.0008190369840944675 3 2 1 0 3 0 0 2 1 0 0 0
-5.7737293886122184e-05 3 2 1 1 0 1 0 1 3 0 0 2
5.7737293886122184e-05 3 2 1 1 0 1 0 2 3 0 0 1
-4.3817433226270807e-08 3 2 1 1 0 2 0 3 0 1 1 0
-4.3817433226270807e-08 3 2 1 1 0 2 0 3 0 2 2 0
0.00026505148339493945 3 2 1 1 0 2 1 0 3 0 0 1
0.00026505148339493945 3 2 1 1 0 2 2 0 3 0 0 2
-5.835842484932015e-05 3 2 1 1 1 0 0 1 3 0 2 0
5.835842484932015e-05 3 2 1 1 1 0 0 2 3 0 1 0
4.49824808894519e-08 3 2 1 1 1 3 0 3 0 1 3 2
-4.49824808894519e-08 3 2 1 1 1 3 0 3 0 2 3 1
0.00026790287583295096 3 2 1 1 2 0 1 0 3 0 1 0
0.00026790287583295096 3 2 1 1 2 0 2 0 3 0 2 0
-0.0002673769641871431 3 2 1 2 0 2 0 3 1 0 2 0
0.0002673769641871431 3 2 1 2 0 2 0 3 2 0 1 0
-0.00027448616443852465 3 2 1 2 1 3 0 3 1 0 3 1
-0.00027448616443852465 3 2 1 2 1 3 0 3 2 0 3 2
0.00140566310266622 3 2 1 3 0 0 0 1 0 2 0 0
0.0006788398506648689 3 2 1 3 0 0 0 1 2 0 0 0
0.011586712350133794 3 2 1 3 0 0 0 1 3 2 0 0
0.0013267696816803769 3 2 1 3 0 0 0 1 3 2 0 3
0.0013169505428493684 3 2 1 3 0 0 0 1 3 2 3 0
-0.00140566310266622 3 2 1 3 0 0 0 2 0 1 0 0
-0.0006788398506648689 3 2 1 3 0 0 0 2 1 0 0 0
-0.011586712350133794 3 2 1 3 0 0 0 2 3 1 0 0
-0.0013267696816803769 3 2 1 3 0 0 0 2 3 1 0 3
-0.0013169505428493684 3 2 1 3 0 0 0 2 3 1 3 0
0.001379021858299482 3 2 1 3 0 0 3 1 3 2 0 0
-0.001379021858299482 3 2 1 3 0 0 3 2 3 1 0 0
0.0012559943513467098 3 2 1 3 0 3 0 1 3 2 0 0
-0.0012559943513467098 3 2 1 3 0 3 0 2 3 1 0 0
-1.4887457720791123e-06 3 2 1 3 1 2 0 3 0 0 3 0
-8.020841388060768e-07 3 2 1 3 1 2 0 3 1 1 3 0
-8.020841388060768e-07 3 2 1 3 1 2 0 3 2 2 3 0
0.0012454138199019863 3 2 1 3 3 0 0 1 3 2 0 0
-0.0012454138199019863 3 2 1 3 3 0 0 2 3 1 0 0
-0.0011437070702740373 3 2 2 0 0 0 0 3 0 0 1 1
-0.0011437070702740373 3 2 2 0 0 0 0 3 0 0 2 2
-0.011586712350133784 3 2 2 0 0 0 1 0 1 0 0 0
-0.0013267696816803756 3 2 2 0 0 0 1 0 1 0 0 3
-0.0013169505428493671 3 2 2 0 0 0 1 0 1 0 3 0
-0.0014056631026662198 3 2 2 0 0 0 1 0 1 3 0 0
-0.0009655346304587608 3 2 2 0 0 0 1 0 3 1 0 0
-0.0013790218582994801 3 2 2 0 0 0 1 3 1 0 0 0
-0.011586712350133784 3 2 2 0 0 0 2 0 2 0 0 0
-0.0013267696816803756 3 2 2 0 0 0 2 0 2 0 0 3
-0.0013169505428493671 3 2 2 0 0 0 2 0 2 0 3 0
-0.0014056631026662198 3 2 2 0 0 0 2 0 2 3 0 0
-0.0009655346304587608 3 2 2 0 0 0 2 0 3 2 0 0
-0.0013790218582994801 3 2 2 0 0 0 2 3 2 0 0 0
-0.0011909435657775894 3 2 2 0 0 3 0 0 0 0 1 1
-0.0011909435657775894 3 2 2 0 0 3 0 0 0 0 2 2
-0.010550847479425843 3 2 2 0 0 3 0 3 0 0 1 1
-0.010550847479425843 3 2 2 0 0 3 0 3 0 0 2 2
-0.001321141523809076 3 2 2 0 0 3 0 3 0 3 1 1
-0.001321141523809076 3 2 2 0 0 3 0 3 0 3 2 2
-0.001191346773135602 3 2 2 0 0 3 0 3 3 0 1 1
-0.001191346773135602 3 2 2 0 0 3 0 3 3 0 2 2
-0.0012559943513467085 3 2 2 0 0 3 1 0 1 0 0 0
-0.0012559943513467085 3 2 2 0 0 3 2 0 2 0 0 0
-0.0013205279988969607 3 2 2 0 0 3 3 3 0 0 1 1
-0.0013205279988969607 3 2 2 0 0 3 3 3 0 0 2 2
-0.0010670490793739636 3 2 2 0 1 1 0 0 0 0 3 0
-0.0010744588770220632 3 2 2 0 1 1 0 3 0 0 0 0
-0.009453237259135543 3 2 2 0 1 1 0 3 0 0 3 0
-0.0010824700061711219 3 2 2 0 1 1 0 3 0 0 3 3
-0.0011837024752577219 3 2 2 0 1 1 0 3 0 3 3 0
-0.0010674103408581576 3 2 2 0 1 1 0 3 3 0 3 0
-0.0011831527756653501 3 2 2 0 1 1 3 3 0 0 3 0
-8.007844531609913e-07 3 2 2 0 2 1 1 2 0 0 3 0
8.007844531609913e-07 3 2 2 0 2 1 2 1 0 0 3 0
-0.0010702579504501693 3 2 2 0 2 2 0 0 0 0 3 0
-0.0010776900311270567 3 2 2 0 2 2 0 3 0 0 0 0
-0.009481665398200287 3 2 2 0 2 2 0 3 0 0 3 0
-0.0010857252516521456 3 2 2 0 2 2 0 3 0 0 3 3
-0.0011872621509175483 3 2 2 0 2 2 0 3 0 3 3 0
-0.0010706202983338084 3 2 2 0 2 2 0 3 3 0 3 0
-0.0011867107982473971 3 2 2 0 2 2 3 3 0 0 3 0
-0.001245413819901985 3 2 2 0 3 0 1 0 1 0 0 0
-0.001245413819901985 3 2 2 0 3 0 2 0 2 0 0 0
-0.0011340724500166993 3 2 2 0 3 3 0 3 0 0 1 1
-0.0011340724500166993 3 2 2 0 3 3 0 3 0 0 2 2
5.833357899435132e-05 3 2 2 1 0 1 0 3 0 1 1 0
5.833357899435132e-05 3 2 2 1 0 1 0 3 0 2 2 0
-0.00027784726113199646 3 2 2 1 0 1 1 0 3 0 0 1
-0.00027784726113199646 3 2 2 1 0 1 2 0 3 0 0 2
-2.009919402795711e-07 3 2 2 1 0 2 0 3 1 0 2 0
2.009919402795711e-07 3 2 2 1 0 2 0 3 2 0 1 0
-0.00028083630903003634 3 2 2 1 1 0 1 0 3 0 1 0
-0.00028083630903003634 3 2 2 1 1 0 2 0 3 0 2 0
-2.0633605044518458e-07 3 2 2 1 1 3 0 3 1 0 3 1
-2.0633605044518458e-07 3 2 2 1 1 3 0 3 2 0 3 2
5.988459179648775e-05 3 2 2 1 2 3 0 3 0 1 3 2
-5.988459179648775e-05 3 2 2 1 2 3 0 3 0 2 3 1
-5.7737293886122184e-05 3 2 2 2 0 1 0 1 3 0 0 2
5.7737293886122184e-05 3 2 2 2 0 1 0 2 3 0 0 1
0.0002675779561274227 3 2 2 2 0 1 0 3 1 0 2 0
-0.0002675779561274227 3 2 2 2 0 1 0 3 2 0 1 0
5.828976156112505e-05 3 2 2 2 0 2 0 3 0 1 1 0
5.828976156112505e-05 3 2 2 2 0 2 0 3 0 2 2 0
-1.279577773705701e-05 3 2 2 2 0 2 1 0 3 0 0 1
-1.279577773705701e-05 3 2 2 2 0 2 2 0 3 0 0 2
-5.835842484932015e-05 3 2 2 2 1 0 0 1 3 0 2 0
5.835842484932015e-05 3 2 2 2 1 0 0 2 3 0 1 0
-5.9839609315598296e-05 3 2 2 2 1 3 0 3 0 1 3 2
5.9839609315598296e-05 3 2 2 2 1 3 0 3 0 2 3 1
-1.2933433197085337e-05 3 2 2 2 2 0 1 0 3 0 1 0
-1.2933433197085337e-05 3 2 2 2 2 0 2 0 3 0 2 0
-0.00027469250048896987 3 2 2 2 2 3 0 3 1 0 3 1
-0.00027469250048896987 3 2 2 2 2 3 0 3 2 0 3 2
-0.0007051854313548083 3 2 2 3 0 0 1 0 0 1 0 0
0.0006575389726822623 3 2 2 3 0 0 1 0 1 0 0 0
-0.002567969974250514 3 2 2 3 0 0 1 0 3 1 0 0
-0.00029405275649755616 3 2 2 3 0 0 1 0 3 1 0 3
-0.00029187653489741124 3 2 2 3 0 0 1 0 3 1 3 0
-0.0005849649500803765 3 2 2 3 0 0 1 3 3 1 0 0
-0.0007051854313548083 3 2 2 3 0 0 2 0 0 2 0 0
0.0006575389726822623 3 2 2 3 0 0 2 0 2 0 0 0
-0.002567969974250514 3 2 2 3 0 0 2 0 3 2 0 0
-0.00029405275649755616 3 2 2 3 0 0 2 0 3 2 0 3
-0.00029187653489741124 3 2 2 3 0 0 2 0 3 2 3 0
-0.0005849649500803765 3 2 2 3 0 0 2 3 3 2 0 0
0.0005987542628922535 3 2 2 3 0 3 0 3 0 0 1 1
0.0005987542628922535 3 2 2 3 0 3 0 3 0 0 2 2
-0.00029768629578376637 3 2 2 3 0 3 0 3 1 1 1 1
-0.00029768629578376637 3 2 2 3 0 3 0 3 1 1 2 2
-0.00029768629578376637 3 2 2 3 0 3 0 3 2 2 1 1
-0.00029768629578376637 3 2 2 3 0 3 0 3 2 2 2 2
-0.0002783667777900223 3 2 2 3 0 3 1 0 3 1 0 0
-0.0002783667777900223 3 2 2 3 0 3 2 0 3 2 0 0
0.0005380165543689751 3 2 2 3 1 1 0 3 0 0 3 0
-0.00026671783364555686 3 2 2 3 1 1 0 3 1 1 3 0
-0.00026671783364555686 3 2 2 3 1 1 0 3 2 2 3 0
0.0005365278085968959 3 2 2 3 2 2 0 3 0 0 3 0
-0.00026751991778436296 3 2 2 3 2 2 0 3 1 1 3 0
-0.00026751991778436296 3 2 2 3 2 2 0 3 2 2 3 0
-0.00027602180829042563 3 2 2 3 3 0 1 0 3 1 0 0
-0.00027602180829042563 3 2 2 3 3 0 2 0 3 2 0 0
0.0002790711586498068 3 2 3 0 0 1 0 1 0 0 0 2
-0.0002790711586498068 3 2 3 0 0 1 0 2 0 0 0 1
3.0117496832761076e-05 3 2 3 0 0 1 1 2 1 0 1 0
3.0117496832761076e-05 3 2 3 0 0 1 1 2 2 0 2 0
-3.0117496832761076e-05 3 2 3 0 0 1 2 1 1 0 1 0
-3.0117496832761076e-05 3 2 3 0 0 1 2 1 2 0 2 0
0.00012068561532741984 3 2 3 0 0 2 0 0 1 0 1 0
0.00012068561532741984 3 2 3 0 0 2 0 0 2 0 2 0
0.001069182081225553 3 2 3 0 0 2 0 3 1 0 1 0
0.00012242975631906574 3 2 3 0 0 2 0 3 1 0 1 3
0.00014045582193639427 3 2 3 0 0 2 0 3 1 3 1 0
0.001069182081225553 3 2 3 0 0 2 0 3 2 0 2 0
0.00012242975631906574 3 2 3 0 0 2 0 3 2 0 2 3
0.00014045582193639427 3 2 3 0 0 2 0 3 2 3 2 0
0.0005238107397133178 3 2 3 0 0 2 0 3 3 1 1 0
0.0005238107397133178 3 2 3 0 0 2 0 3 3 2 2 0
-5.773729388612208e-05 3 2 3 0 0 2 1 0 0 0 0 1
-5.773729388612208e-05 3 2 3 0 0 2 2 0 0 0 0 2
0.00013381720064956334 3 2 3 0 0 2 3 3 1 0 1 0
0.00013381720064956334 3 2 3 0 0 2 3 3 2 0 2 0
0.0002820733730922574 3 2 3 0 1 0 0 1 0 0 2 0
-0.0002820733730922574 3 2 3 0 1 0 0 2 0 0 1 0
-0.0001189804488974918 3 2 3 0 1 0 0 3 1 0 3 2
0.0001189804488974918 3 2 3 0 1 0 0 3 2 0 3 1
-0.00012389448640362554 3 2 3 0 1 3 0 0 1 0 3 2
0.00012389448640362554 3 2 3 0 1 3 0 0 2 0 3 1
-0.00012475483396561838 3 2 3 0 1 3 0 3 1 0 0 2
-0.0010976102202902972 3 2 3 0 1 3 0 3 1 0 3 2
-0.00014419035668830843 3 2 3 0 1 3 0 3 1 3 3 2
0.00012475483396561838 3 2 3 0 1 3 0 3 2 0 0 1
0.0010976102202902972 3 2 3 0 1 3 0 3 2 0 3 1
0.00014419035668830843 3 2 3 0 1 3 0 3 2 3 3 1
-0.0005377381752864129 3 2 3 0 1 3 0 3 3 1 3 2
0.0005377381752864129 3 2 3 0 1 3 0 3 3 2 3 1
-0.00013737522323161033 3 2 3 0 1 3 3 3 1 0 3 2
0.00013737522323161033 3 2 3 0 1 3 3 3 2 0 3 1
-5.835842484932001e-05 3 2 3 0 2 0 1 0 0 0 1 0
-5.835842484932001e-05 3 2 3 0 2 0 2 0 0 0 2 0
3.091828128592207e-05 3 2 3 0 2 3 1 2 1 0 3 2
-3.091828128592207e-05 3 2 3 0 2 3 1 2 2 0 3 1
-3.091828128592207e-05 3 2 3 0 2 3 2 1 1 0 3 2
3.091828128592207e-05 3 2 3 0 2 3 2 1 2 0 3 1
0.0001149225163887404 3 2 3 0 3 2 0 3 1 0 1 0
0.0001149225163887404 3 2 3 0 3 2 0 3 2 0 2 0
-0.0021939646468696504 3 2 3 1 0 0 0 1 0 2 0 0
0.0021939646468696504 3 2 3 1 0 0 0 2 0 1 0 0
-0.0038383391279932805 3 2 3 1 0 0 1 0 2 0 0 0
0.0038383391279932805 3 2 3 1 0 0 2 0 1 0 0 0
-6.489737533673318e-05 3 2 3 1 0 3 0 3 1 2 1 1
-6.489737533673318e-05 3 2 3 1 0 3 0 3 1 2 2 2
6.489737533673318e-05 3 2 3 1 0 3 0 3 2 1 1 1
6.489737533673318e-05 3 2 3 1 0 3 0 3 2 1 2 2
6.479221655968541e-05 3 2 3 1 0 3 1 2 3 0 1 1
6.479221655968541e-05 3 2 3 1 0 3 1 2 3 0 2 2
-6.479221655968541e-05 3 2 3 1 0 3 2 1 3 0 1 1
-6.479221655968541e-05 3 2 3 1 0 3 2 1 3 0 2 2
-5.814606719977868e-05 3 2 3 1 1 1 0 3 1 2 3 0
5.814606719977868e-05 3 2 3 1 1 1 0 3 2 1 3 0
5.822642389861372e-05 3 2 3 1 1 1 1 2 3 0 3 0
-5.822642389861372e-05 3 2 3 1 1 1 2 1 3 0 3 0
-1.4719192253413233e-05 3 2 3 1 1 2 0 0 3 0 3 0
-1.6328343879347757e-05 3 2 3 1 1 2 0 3 0 0 3 0
-1.4821405205234772e-05 3 2 3 1 1 2 0 3 3 0 0 0
-0.00013040076536683848 3 2 3 1 1 2 0 3 3 0 3 0
-1.4931913102567009e-05 3 2 3 1 1 2 0 3 3 0 3 3
-1.4724175601735623e-05 3 2 3 1 1 2 0 3 3 3 3 0
-1.63207611597352e-05 3 2 3 1 1 2 3 3 3 0 3 0
-5.832092629186648e-05 3 2 3 1 2 2 0 3 1 2 3 0
5.832092629186648e-05 3 2 3 1 2 2 0 3 2 1 3 0
5.8051848145693065e-05 3 2 3 1 2 2 1 2 3 0 3 0
-5.8051848145693065e-05 3 2 3 1 2 2 2 1 3 0 3 0
0.000657538972682264 3 2 3 2 0 0 0 1 1 0 0 0
0.000657538972682264 3 2 3 2 0 0 0 2 2 0 0 0
-0.005246220196810542 3 2 3 2 0 0 0 3 3 0 1 1
-0.005246220196810542 3 2 3 2 0 0 0 3 3 0 2 2
-0.0006575389726822625 3 2 3 2 0 0 1 0 0 1 0 0
-0.0006575389726822625 3 2 3 2 0 0 2 0 0 2 0 0
-0.005462895482972677 3 2 3 2 0 3 0 0 3 0 1 1
-0.005462895482972677 3 2 3 2 0 3 0 0 3 0 2 2
-0.006060117599335576 3 2 3 2 0 3 0 3 0 0 1 1
-0.006060117599335576 3 2 3 2 0 3 0 3 0 0 2 2
-0.04839706825172363 3 2 3 2 0 3 0 3 3 0 1 1
-0.04839706825172363 3 2 3 2 0 3 0 3 3 0 2 2
-0.005464745007768046 3 2 3 2 0 3 0 3 3 3 1 1
-0.005464745007768046 3 2 3 2 0 3 0 3 3 3 2 2
-0.006057303341324206 3 2 3 2 0 3 3 3 3 0 1 1
-0.006057303341324206 3 2 3 2 0 3 3 3 3 0 2 2
-0.004894587588637085 3 2 3 2 1 1 0 0 3 0 3 0
-0.0054296803736849815 3 2 3 2 1 1 0 3 0 0 3 0
-0.004928576562812462 3 2 3 2 1 1 0 3 3 0 0 0
-0.04336229575133776 3 2 3 2 1 1 0 3 3 0 3 0
-0.004965323863439867 3 2 3 2 1 1 0 3 3 0 3 3
-0.004896244706393868 3 2 3 2 1 1 0 3 3 3 3 0
-0.0054271588844167695 3 2 3 2 1 1 3 3 3 0 3 0
1.7485909208782274e-07 3 2 3 2 1 2 0 3 1 2 3 0
-1.7485909208782274e-07 3 2 3 2 1 2 0 3 2 1 3 0
1.745757529206586e-07 3 2 3 2 2 1 1 2 3 0 3 0
-1.745757529206586e-07 3 2 3 2 2 1 2 1 3 0 3 0
-0.004909306780890498 3 2 3 2 2 2 0 0 3 0 3 0
-0.005446008717564328 3 2 3 2 2 2 0 3 0 0 3 0
-0.004943397968017696 3 2 3 2 2 2 0 3 3 0 0 0
-0.04349269651670459 3 2 3 2 2 2 0 3 3 0 3 0
-0.004980255776542433 3 2 3 2 2 2 0 3 3 0 3 3
-0.004910968881995603 3 2 3 2 2 2 0 3 3 3 3 0
-0.005443479645576503 3 2 3 2 2 2 3 3 3 0 3 0
-0.0052020258915584676 3 2 3 2 3 3 0 3 3 0 1 1
-0.0052020258915584676 3 2 3 2 3 3 0 3 3 0 2 2
-6.565792661071688e-06 3 2 3 3 0 1 1 2 3 1 1 0
-6.565792661071688e-06 3 2 3 3 0 1 1 2 3 2 2 0
6.565792661071688e-06 3 2 3 3 0 1 2 1 3 1 1 0
6.565792661071688e-06 3 2 3 3 0 1 2 1 3 2 2 0
0.0005535887020821791 3 2 3 3 0 2 0 0 3 1 1 0
0.0005535887020821791 3 2 3 3 0 2 0 0 3 2 2 0
0.0006442752597706513 3 2 3 3 0 2 0 3 0 1 1 0
0.0006442752597706513 3 2 3 3 0 2 0 3 0 2 2 0
5.594789906225503e-05 3 2 3 3 0 2 0 3 1 0 1 0
5.594789906225503e-05 3 2 3 3 0 2 0 3 2 0 2 0
0.004904371735019028 3 2 3 3 0 2 0 3 3 1 1 0
0.0005615891315053053 3 2 3 3 0 2 0 3 3 1 1 3
0.004904371735019028 3 2 3 3 0 2 0 3 3 2 2 0
0.0005615891315053053 3 2 3 3 0 2 0 3 3 2 2 3
0.0006138236957477015 3 2 3 3 0 2 3 3 3 1 1 0
0.0006138236957477015 3 2 3 3 0 2 3 3 3 2 2 0
-0.0005457670501958545 3 2 3 3 1 0 0 3 3 1 3 2
0.0005457670501958545 3 2 3 3 1 0 0 3 3 2 3 1
-0.0005683078943355923 3 2 3 3 1 3 0 0 3 1 3 2
0.0005683078943355923 3 2 3 3 1 3 0 0 3 2 3 1
-0.0006614056877888053 3 2 3 3 1 3 0 3 0 1 3 2
0.0006614056877888053 3 2 3 3 1 3 0 3 0 2 3 1
-5.7435479786670925e-05 3 2 3 3 1 3 0 3 1 0 3 2
5.7435479786670925e-05 3 2 3 3 1 3 0 3 2 0 3 1
-0.0005722543355820578 3 2 3 3 1 3 0 3 3 1 0 2
-0.005034772500385866 3 2 3 3 1 3 0 3 3 1 3 2
0.0005722543355820578 3 2 3 3 1 3 0 3 3 2 0 1
0.005034772500385866 3 2 3 3 1 3 0 3 3 2 3 1
-0.0006301444569074367 3 2 3 3 1 3 3 3 3 1 3 2
0.0006301444569074367 3 2 3 3 1 3 3 3 3 2 3 1
-6.740368413992346e-06 3 2 3 3 2 3 1 2 3 1 3 2
6.740368413992346e-06 3 2 3 3 2 3 1 2 3 2 3 1
6.740368413992346e-06 3 2 3 3 2 3 2 1 3 1 3 2
-6.740368413992346e-06 3 2 3 3 2 3 2 1 3 2 3 1
0.0005271531865256711 3 2 3 3 3 2 0 3 3 1 1 0
0.0005271531865256711 3 2 3 3 3 2 0 3 3 2 2 0
-700.0236521386873 3 3 0 0 0 0 0 0 0 0 0 0
0.28018085354909816 3 3 0 0 0 0 0 0 0 0 0 3
0.2799182556161733 3 3 0 0 0 0 0 0 0 0 3 0
0.02683534274335794 3 3 0 0 0 0 0 0 0 0 3 3
0.28737530163636676 3 3 0 0 0 0 0 0 0 3 0 0
0.0323656878642561 3 3 0 0 0 0 0 0 0 3 0 3
0.03214490525260833 3 3 0 0 0 0 0 0 0 3 3 0
0.28737530163636643 3 3 0 0 0 0 0 0 3 0 0 0
0.03236568786425609 3 3 0 0 0 0 0 0 3 0 0 3
0.032144905252608325 3 3 0 0 0 0 0 0 3 0 3 0
0.03326786599361323 3 3 0 0 0 0 0 0 3 3 0 0
0.2874404082554833 3 3 0 0 0 0 0 3 0 0 0 0
0.032370625797869756 3 3 0 0 0 0 0 3 0 0 0 3
0.03212118736490375 3 3 0 0 0 0 0 3 0 0 3 0
0.02844815773151175 3 3 0 0 0 0 0 3 0 3 0 0
0.03297056291956093 3 3 0 0 0 0 0 3 3 0 0 0
-0.009452240109367687 3 3 0 0 0 0 1 1 0 3 0 0
-0.0010823558246811436 3 3 0 0 0 0 1 1 0 3 0 3
-0.0010743455405648873 3 3 0 0 0 0 1 1 0 3 3 0
0.0002709641390973077 3 3 0 0 0 0 1 1 1 1 0 0
-0.004199693650633107 3 3 0 0 0 0 1 1 2 2 0 0
0.009452240109367719 3 3 0 0 0 0 1 1 3 0 0 0
0.0010823558246811473 3 3 0 0 0 0 1 1 3 0 0 3
0.001074345540564891 3 3 0 0 0 0 1 1 3 0 3 0
0.004470657789730414 3 3 0 0 0 0 1 2 2 1 0 0
0.004470657789730414 3 3 0 0 0 0 2 1 1 2 0 0
-0.009452240109367687 3 3 0 0 0 0 2 2 0 3 0 0
-0.0010823558246811436 3 3 0 0 0 0 2 2 0 3 0 3
-0.0010743455405648873 3 3 0 0 0 0 2 2 0 3 3 0
-0.004199693650633107 3 3 0 0 0 0 2 2 1 1 0 0
0.0002709641390973077 3 3 0 0 0 0 2 2 2 2 0 0
0.009452240109367719 3 3 0 0 0 0 2 2 3 0 0 0
0.0010823558246811473 3 3 0 0 0 0 2 2 3 0 0 3
0.001074345540564891 3 3 0 0 0 0 2 2 3 0 3 0
0.2874404082554839 3 3 0 0 0 0 3 0 0 0 0 0
0.03237062579786978 3 3 0 0 0 0 3 0 0 0 0 3
0.03212118736490376 3 3 0 0 0 0 3 0 0 0 3 0
0.03297056291956096 3 3 0 0 0 0 3 0 0 3 0 0
0.028448157731511745 3 3 0 0 0 0 3 0 3 0 0 0
0.033243278358710784 3 3 0 0 0 0 3 3 0 0 0 0
0.26999566285648896 3 3 0 0 0 3 0 0 0 0 0 0
0.03215587147282026 3 3 0 0 0 3 0 0 0 0 0 3
0.03191248532341636 3 3 0 0 0 3 0 0 0 0 3 0
0.031712160454929625 3 3 0 0 0 3 0 0 0 3 0 0
0.031712160454929604 3 3 0 0 0 3 0 0 3 0 0 0
0.03170197095321077 3 3 0 0 0 3 0 3 0 0 0 0
-0.0010246185307950216 3 3 0 0 0 3 1 1 0 3 0 0
0.001024618530795025 3 3 0 0 0 3 1 1 3 0 0 0
0.004378576766918336 3 3 0 0 0 3 1 3 1 0 1 1
0.004385722650344191 3 3 0 0 0 3 1 3 1 0 2 2
-7.145883425855256e-06 3 3 0 0 0 3 1 3 2 0 2 1
-0.0010246185307950216 3 3 0 0 0 3 2 2 0 3 0 0
0.001024618530795025 3 3 0 0 0 3 2 2 3 0 0 0
-7.145883425855256e-06 3 3 0 0 0 3 2 3 1 0 1 2
0.004385722650344191 3 3 0 0 0 3 2 3 2 0 1 1
0.004378576766918336 3 3 0 0 0 3 2 3 2 0 2 2
0.031701970953210784 3 3 0 0 0 3 3 0 0 0 0 0
0.0034154805715265846 3 3 0 0 1 1 1 3 1 0 3 0
0.0034154805715265846 3 3 0 0 1 1 2 3 2 0 3 0
-0.006234795588636064 3 3 0 0 1 2 0 0 0 0 1 2
0.006234795588636064 3 3 0 0 1 2 0 0 0 0 2 1
0.006234795588636064 3 3 0 0 2 1 0 0 0 0 1 2
-0.006234795588636064 3 3 0 0 2 1 0 0 0 0 2 1
0.0034154805715265846 3 3 0 0 2 2 1 3 1 0 3 0
0.0034154805715265846 3 3 0 0 2 2 2 3 2 0 3 0
0.2696234938494896 3 3 0 0 3 0 0 0 0 0 0 0
0.03189130715198283 3 3 0 0 3 0 0 0 0 0 0 3
0.03167728642923505 3 3 0 0 3 0 0 0 0 0 3 0
0.03145561131203401 3 3 0 0 3 0 0 0 0 3 0 0
0.031455611312034 3 3 0 0 3 0 0 0 3 0 0 0
0.03144533921069115 3 3 0 0 3 0 0 3 0 0 0 0
-0.0010159871157155674 3 3 0 0 3 0 1 1 0 3 0 0
0.001015987115715571 3 3 0 0 3 0 1 1 3 0 0 0
-0.0010159871157155674 3 3 0 0 3 0 2 2 0 3 0 0
0.001015987115715571 3 3 0 0 3 0 2 2 3 0 0 0
0.03144533921069117 3 3 0 0 3 0 3 0 0 0 0 0
0.024561742239348993 3 3 0 0 3 3 0 0 0 0 0 0
1.568597870753383e-05 3 3 0 1 0 1 1 1 1 0 0 1
1.568597870753383e-05 3 3 0 1 0 1 1 2 2 0 0 1
1.568597870753383e-05 3 3 0 1 0 1 2 1 1 0 0 2
1.568597870753383e-05 3 3 0 1 0 1 2 2 2 0 0 2
-0.0005591795541298428 3 3 0 1 0 2 0 0 0 1 0 2
0.0005591795541298428 3 3 0 1 0 2 0 0 0 2 0 1
7.077533033366664e-05 3 3 0 1 0 2 1 1 0 2 0 1
-7.077533033366664e-05 3 3 0 1 0 2 1 2 0 1 0 1
-0.00011723010662137876 3 3 0 1 0 2 1 3 3 0 2 0
7.077533033366664e-05 3 3 0 1 0 2 2 1 0 2 0 2
-7.077533033366664e-05 3 3 0 1 0 2 2 2 0 1 0 2
0.00011723010662137876 3 3 0 1 0 2 2 3 3 0 1 0
1.58547266069856e-05 3 3 0 1 1 0 1 1 1 0 1 0
1.58547266069856e-05 3 3 0 1 1 0 1 2 2 0 1 0
1.58547266069856e-05 3 3 0 1 1 0 2 1 1 0 2 0
1.58547266069856e-05 3 3 0 1 1 0 2 2 2 0 2 0
-0.00011419384319015269 3 3 0 1 1 3 1 3 3 0 3 1
-0.00011419384319015269 3 3 0 1 1 3 2 3 3 0 3 2
-0.0005364591806353267 3 3 0 1 2 0 0 0 0 1 2 0
0.0005364591806353267 3 3 0 1 2 0 0 0 0 2 1 0
7.153672294738193e-05 3 3 0 1 2 0 1 1 0 2 1 0
-7.153672294738193e-05 3 3 0 1 2 0 1 2 0 1 1 0
7.153672294738193e-05 3 3 0 1 2 0 2 1 0 2 2 0
-7.153672294738193e-05 3 3 0 1 2 0 2 2 0 1 2 0
0.0005591795541298428 3 3 0 2 0 1 0 0 0 1 0 2
-0.0005591795541298428 3 3 0 2 0 1 0 0 0 2 0 1
-7.077533033366664e-05 3 3 0 2 0 1 1 1 0 2 0 1
7.077533033366664e-05 3 3 0 2 0 1 1 2 0 1 0 1
0.00011723010662137876 3 3 0 2 0 1 1 3 3 0 2 0
-7.077533033366664e-05 3 3 0 2 0 1 2 1 0 2 0 2
7.077533033366664e-05 3 3 0 2 0 1 2 2 0 1 0 2
-0.00011723010662137876 3 3 0 2 0 1 2 3 3 0 1 0
1.568597870753383e-05 3 3 0 2 0 2 1 1 1 0 0 1
1.568597870753383e-05 3 3 0 2 0 2 1 2 2 0 0 1
1.568597870753383e-05 3 3 0 2 0 2 2 1 1 0 0 2
1.568597870753383e-05 3 3 0 2 0 2 2 2 2 0 0 2
0.0005364591806353267 3 3 0 2 1 0 0 0 0 1 2 0
-0.0005364591806353267 3 3 0 2 1 0 0 0 0 2 1 0
-7.153672294738193e-05 3 3 0 2 1 0 1 1 0 2 1 0
7.153672294738193e-05 3 3 0 2 1 0 1 2 0 1 1 0
-7.153672294738193e-05 3 3 0 2 1 0 2 1 0 2 2 0
7.153672294738193e-05 3 3 0 2 1 0 2 2 0 1 2 0
1.58547266069856e-05 3 3 0 2 2 0 1 1 1 0 1 0
1.58547266069856e-05 3 3 0 2 2 0 1 2 2 0 1 0
1.58547266069856e-05 3 3 0 2 2 0 2 1 1 0 2 0
1.58547266069856e-05 3 3 0 2 2 0 2 2 2 0 2 0
-0.00011419384319015269 3 3 0 2 2 3 1 3 3 0 3 1
-0.00011419384319015269 3 3 0 2 2 3 2 3 3 0 3 2
0.2215128330689886 3 3 0 3 0 0 0 0 0 0 0 0
0.02538309682676379 3 3 0 3 0 0 0 0 0 0 0 3
0.025195408873795715 3 3 0 3 0 0 0 0 0 0 3 0
0.027223830850137007 3 3 0 3 0 0 0 0 0 3 0 0
0.02556861363103142 3 3 0 3 0 0 0 0 3 0 0 0
0.02713679636871475 3 3 0 3 0 0 0 3 0 0 0 0
0.0010351061702788267 3 3 0 3 0 0 0 3 1 1 0 0
0.0010351061702788267 3 3 0 3 0 0 0 3 2 2 0 0
0.0021344722407660804 3 3 0 3 0 0 1 1 0 0 0 0
0.00024441385699922996 3 3 0 3 0 0 1 1 0 0 0 3
0.00024260500228447788 3 3 0 3 0 0 1 1 0 0 3 0
-0.0005321793557797577 3 3 0 3 0 0 1 1 0 3 0 0
0.002094811783096686 3 3 0 3 0 0 1 1 1 1 0 0
0.00023987242270732633 3 3 0 3 0 0 1 1 1 1 0 3
0.00023809717817708468 3 3 0 3 0 0 1 1 1 1 3 0
-0.043391889258516975 3 3 0 3 0 0 1 1 2 2 0 0
-0.004968712552734421 3 3 0 3 0 0 1 1 2 2 0 3
-0.004931940173141843 3 3 0 3 0 0 1 1 2 2 3 0
0.00132364043859365 3 3 0 3 0 0 1 1 3 0 0 0
0.04548670104161366 3 3 0 3 0 0 1 2 2 1 0 0
0.005208584975441747 3 3 0 3 0 0 1 2 2 1 0 3
0.005170037351318928 3 3 0 3 0 0 1 2 2 1 3 0
0.04548670104161366 3 3 0 3 0 0 2 1 1 2 0 0
0.005208584975441747 3 3 0 3 0 0 2 1 1 2 0 3
0.005170037351318928 3 3 0 3 0 0 2 1 1 2 3 0
0.0021344722407660804 3 3 0 3 0 0 2 2 0 0 0 0
0.00024441385699922996 3 3 0 3 0 0 2 2 0 0 0 3
0.00024260500228447788 3 3 0 3 0 0 2 2 0 0 3 0
-0.0005321793557797577 3 3 0 3 0 0 2 2 0 3 0 0
-0.043391889258516975 3 3 0 3 0 0 2 2 1 1 0 0
-0.004968712552734421 3 3 0 3 0 0 2 2 1 1 0 3
-0.004931940173141843 3 3 0 3 0 0 2 2 1 1 3 0
0.002094811783096686 3 3 0 3 0 0 2 2 2 2 0 0
0.00023987242270732633 3 3 0 3 0 0 2 2 2 2 0 3
0.00023809717817708468 3 3 0 3 0 0 2 2 2 2 3 0
0.00132364043859365 3 3 0 3 0 0 2 2 3 0 0 0
0.0256342199795343 3 3 0 3 0 0 3 0 0 0 0 0
-0.0010351061702788703 3 3 0 3 0 0 3 0 1 1 0 0
-0.0010351061702788703 3 3 0 3 0 0 3 0 2 2 0 0
0.024013519249676454 3 3 0 3 0 3 0 0 0 0 0 0
0.0002313758205516852 3 3 0 3 0 3 1 1 0 0 0 0
0.0002270766449702693 3 3 0 3 0 3 1 1 1 1 0 0
-0.004703661069339481 3 3 0 3 0 3 1 1 2 2 0 0
0.0049307377143097495 3 3 0 3 0 3 1 2 2 1 0 0
-0.0008256257076932219 3 3 0 3 0 3 1 3 3 1 1 1
-0.0008271835525969632 3 3 0 3 0 3 1 3 3 1 2 2
1.5578449037410785e-06 3 3 0 3 0 3 1 3 3 2 2 1
0.0049307377143097495 3 3 0 3 0 3 2 1 1 2 0 0
0.0002313758205516852 3 3 0 3 0 3 2 2 0 0 0 0
-0.004703661069339481 3 3 0 3 0 3 2 2 1 1 0 0
0.0002270766449702693 3 3 0 3 0 3 2 2 2 2 0 0
1.5578449037410785e-06 3 3 0 3 0 3 2 3 3 1 1 2
-0.0008271835525969632 3 3 0 3 0 3 2 3 3 2 1 1
-0.0008256257076932219 3 3 0 3 0 3 2 3 3 2 2 2
-0.0006289039910469295 3 3 0 3 1 1 1 3 3 1 3 0
-0.0006289039910469295 3 3 0 3 1 1 2 3 3 2 3 0
-0.0006289039910469295 3 3 0 3 2 2 1 3 3 1 3 0
-0.0006289039910469295 3 3 0 3 2 2 2 3 3 2 3 0
0.023839833504340005 3 3 0 3 3 0 0 0 0 0 0 0
0.00022942670418641577 3 3 0 3 3 0 1 1 0 0 0 0
0.00022516374497999933 3 3 0 3 3 0 1 1 1 1 0 0
-0.004664037297308892 3 3 0 3 3 0 1 1 2 2 0 0
0.004889201042288891 3 3 0 3 3 0 1 2 2 1 0 0
0.004889201042288891 3 3 0 3 3 0 2 1 1 2 0 0
0.00022942670418641577 3 3 0 3 3 0 2 2 0 0 0 0
-0.004664037297308892 3 3 0 3 3 0 2 2 1 1 0 0
0.00022516374497999933 3 3 0 3 3 0 2 2 2 2 0 0
-0.0005591795541298421 3 3 1 0 0 2 0 0 1 0 0 2
0.0005591795541298421 3 3 1 0 0 2 0 0 2 0 0 1
0.00011715411798963317 3 3 1 0 0 2 0 1 0 0 2 0
-0.00011715411798963317 3 3 1 0 0 2 0 2 0 0 1 0
0.0005683078943355921 3 3 1 0 0 2 1 0 0 0 2 0
-7.077533033366675e-05 3 3 1 0 0 2 1 1 2 0 0 1
7.077533033366675e-05 3 3 1 0 0 2 1 2 1 0 0 1
0.0050347725003858645 3 3 1 0 0 2 1 3 0 0 2 0
0.0008721457558450683 3 3 1 0 0 2 1 3 0 0 2 3
0.0005861695625119605 3 3 1 0 0 2 1 3 0 3 2 0
0.0009702420788176059 3 3 1 0 0 2 1 3 3 0 2 0
-0.0005683078943355921 3 3 1 0 0 2 2 0 0 0 1 0
-7.077533033366675e-05 3 3 1 0 0 2 2 1 2 0 0 2
7.077533033366675e-05 3 3 1 0 0 2 2 2 1 0 0 2
-0.0050347725003858645 3 3 1 0 0 2 2 3 0 0 1 0
-0.0008721457558450683 3 3 1 0 0 2 2 3 0 0 1 3
-0.0005861695625119605 3 3 1 0 0 2 2 3 0 3 1 0
-0.0009702420788176059 3 3 1 0 0 2 2 3 3 0 1 0
0.0007980954421724178 3 3 1 0 1 0 1 3 0 0 3 1
0.0007980954421724178 3 3 1 0 1 0 2 3 0 0 3 2
0.00011411982266634813 3 3 1 0 1 3 0 1 0 0 3 1
0.00011411982266634813 3 3 1 0 1 3 0 2 0 0 3 2
0.0005535887020821787 3 3 1 0 1 3 1 0 0 0 3 1
0.0008562379372128743 3 3 1 0 1 3 1 3 0 0 0 1
0.004904371735019023 3 3 1 0 1 3 1 3 0 0 3 1
0.0005717676909042004 3 3 1 0 1 3 1 3 0 3 3 1
0.0009630961953917506 3 3 1 0 1 3 1 3 3 0 3 1
0.0005535887020821787 3 3 1 0 1 3 2 0 0 0 3 2
0.0008562379372128743 3 3 1 0 1 3 2 3 0 0 0 2
0.004904371735019023 3 3 1 0 1 3 2 3 0 0 3 2
0.0005717676909042004 3 3 1 0 1 3 2 3 0 3 3 2
0.0009630961953917506 3 3 1 0 1 3 2 3 3 0 3 2
-0.000536459180635326 3 3 1 0 2 0 0 0 1 0 2 0
0.000536459180635326 3 3 1 0 2 0 0 0 2 0 1 0
-7.153672294738204e-05 3 3 1 0 2 0 1 1 2 0 1 0
7.153672294738204e-05 3 3 1 0 2 0 1 2 1 0 1 0
-7.153672294738204e-05 3 3 1 0 2 0 2 1 2 0 2 0
7.153672294738204e-05 3 3 1 0 2 0 2 2 1 0 2 0
0.0008080845595546898 3 3 1 0 3 2 1 3 0 0 2 0
-0.0008080845595546898 3 3 1 0 3 2 2 3 0 0 1 0
-0.0003439156880206491 3 3 1 1 0 0 0 3 3 0 0 0
0.0004924580320888888 3 3 1 1 0 0 1 1 0 0 0 0
0.004662781757347199 3 3 1 1 0 0 1 1 3 0 0 0
0.0005339251792048825 3 3 1 1 0 0 1 1 3 0 0 3
0.0005299737130744958 3 3 1 1 0 0 1 1 3 0 3 0
0.0012364987695560681 3 3 1 1 0 0 1 1 3 3 0 0
0.0004924580320888888 3 3 1 1 0 0 2 2 0 0 0 0
0.004662781757347199 3 3 1 1 0 0 2 2 3 0 0 0
0.0005339251792048825 3 3 1 1 0 0 2 2 3 0 0 3
0.0005299737130744958 3 3 1 1 0 0 2 2 3 0 3 0
0.0012364987695560681 3 3 1 1 0 0 2 2 3 3 0 0
0.00034391568802061176 3 3 1 1 0 0 3 0 3 0 0 0
0.0005054434227602916 3 3 1 1 0 3 1 1 3 0 0 0
0.0006964661414287647 3 3 1 1 0 3 1 3 0 1 1 1
0.0006961438374347888 3 3 1 1 0 3 1 3 0 1 2 2
3.2230399397583405e-07 3 3 1 1 0 3 1 3 0 2 2 1
0.0005054434227602916 3 3 1 1 0 3 2 2 3 0 0 0
3.2230399397583405e-07 3 3 1 1 0 3 2 3 0 1 1 2
0.0006961438374347888 3 3 1 1 0 3 2 3 0 2 1 1
0.0006964661414287647 3 3 1 1 0 3 2 3 0 2 2 2
0.0006485091902378817 3 3 1 1 1 1 1 3 0 1 3 0
0.0006485091902378817 3 3 1 1 1 1 2 3 0 2 3 0
-1.7369404442470562e-07 3 3 1 1 1 2 1 3 2 0 3 0
1.7369404442470562e-07 3 3 1 1 1 2 2 3 1 0 3 0
0.0006477124502092411 3 3 1 1 2 2 1 3 0 1 3 0
0.0006477124502092411 3 3 1 1 2 2 2 3 0 2 3 0
0.0005011855532704249 3 3 1 1 3 0 1 1 3 0 0 0
0.0005011855532704249 3 3 1 1 3 0 2 2 3 0 0 0
-0.000827608609552784 3 3 1 2 0 0 0 0 1 2 0 0
0.000827608609552784 3 3 1 2 0 0 0 0 2 1 0 0
-0.001981179411275911 3 3 1 2 0 0 1 1 1 2 0 0
-8.202266407257176e-05 3 3 1 2 0 0 1 1 2 1 0 0
0.0020632020753484823 3 3 1 2 0 0 1 2 1 1 0 0
-0.0020632020753484823 3 3 1 2 0 0 2 1 2 2 0 0
8.202266407257176e-05 3 3 1 2 0 0 2 2 1 2 0 0
0.001981179411275911 3 3 1 2 0 0 2 2 2 1 0 0
1.4784185274849796e-06 3 3 1 2 0 3 1 3 1 0 2 1
-0.0019027786376386731 3 3 1 2 0 3 1 3 2 0 1 1
-0.0019013002191111883 3 3 1 2 0 3 1 3 2 0 2 2
0.0019013002191111883 3 3 1 2 0 3 2 3 1 0 1 1
0.0019027786376386731 3 3 1 2 0 3 2 3 1 0 2 2
-1.4784185274849796e-06 3 3 1 2 0 3 2 3 2 0 1 2
-0.001813544438526468 3 3 1 2 1 1 1 3 2 0 3 0
0.001813544438526468 3 3 1 2 1 1 2 3 1 0 3 0
7.967400286404676e-07 3 3 1 2 1 2 1 3 0 1 3 0
7.967400286404676e-07 3 3 1 2 1 2 2 3 0 2 3 0
-0.0018137181325708928 3 3 1 2 2 2 1 3 2 0 3 0
0.0018137181325708928 3 3 1 2 2 2 2 3 1 0 3 0
-0.0002935332398395303 3 3 1 3 0 2 1 1 3 2 0 1
0.0002935332398395303 3 3 1 3 0 2 1 2 3 1 0 1
0.0005377381752864129 3 3 1 3 0 2 1 3 0 0 2 0
8.104945492865492e-05 3 3 1 3 0 2 1 3 1 1 2 0
6.532631611640428e-06 3 3 1 3 0 2 1 3 2 1 1 0
8.758208654029535e-05 3 3 1 3 0 2 1 3 2 2 2 0
-0.0002935332398395303 3 3 1 3 0 2 2 1 3 2 0 2
0.0002935332398395303 3 3 1 3 0 2 2 2 3 1 0 2
-0.0005377381752864129 3 3 1 3 0 2 2 3 0 0 1 0
-8.758208654029535e-05 3 3 1 3 0 2 2 3 1 1 1 0
-6.532631611640428e-06 3 3 1 3 0 2 2 3 1 2 2 0
-8.104945492865492e-05 3 3 1 3 0 2 2 3 2 2 1 0
0.0005238107397133175 3 3 1 3 1 3 1 3 0 0 3 1
8.252787345613993e-05 3 3 1 3 1 3 1 3 1 1 3 1
-6.706325656065116e-06 3 3 1 3 1 3 1 3 2 1 3 2
8.923419911220504e-05 3 3 1 3 1 3 1 3 2 2 3 1
0.0005238107397133175 3 3 1 3 1 3 2 3 0 0 3 2
8.923419911220504e-05 3 3 1 3 1 3 2 3 1 1 3 2
-6.706325656065116e-06 3 3 1 3 1 3 2 3 1 2 3 1
8.252787345613993e-05 3 3 1 3 1 3 2 3 2 2 3 2
-0.0002966910356370219 3 3 1 3 2 0 1 1 3 2 1 0
0.0002966910356370219 3 3 1 3 2 0 1 2 3 1 1 0
-0.0002966910356370219 3 3 1 3 2 0 2 1 3 2 2 0
0.0002966910356370219 3 3 1 3 2 0 2 2 3 1 2 0
0.0005591795541298421 3 3 2 0 0 1 0 0 1 0 0 2
-0.0005591795541298421 3 3 2 0 0 1 0 0 2 0 0 1
-0.00011715411798963317 3 3 2 0 0 1 0 1 0 0 2 0
0.00011715411798963317 3 3 2 0 0 1 0 2 0 0 1 0
-0.0005683078943355921 3 3 2 0 0 1 1 0 0 0 2 0
7.077533033366675e-05 3 3 2 0 0 1 1 1 2 0 0 1
-7.077533033366675e-05 3 3 2 0 0 1 1 2 1 0 0 1
-0.0050347725003858645 3 3 2 0 0 1 1 3 0 0 2 0
-0.0008721457558450683 3 3 2 0 0 1 1 3 0 0 2 3
-0.0005861695625119605 3 3 2 0 0 1 1 3 0 3 2 0
-0.0009702420788176059 3 3 2 0 0 1 1 3 3 0 2 0
0.0005683078943355921 3 3 2 0 0 1 2 0 0 0 1 0
7.077533033366675e-05 3 3 2 0 0 1 2 1 2 0 0 2
-7.077533033366675e-05 3 3 2 0 0 1 2 2 1 0 0 2
0.0050347725003858645 3 3 2 0 0 1 2 3 0 0 1 0
0.0008721457558450683 3 3 2 0 0 1 2 3 0 0 1 3
0.0005861695625119605 3 3 2 0 0 1 2 3 0 3 1 0
0.0009702420788176059 3 3 2 0 0 1 2 3 3 0 1 0
0.000536459180635326 3 3 2 0 1 0 0 0 1 0 2 0
-0.000536459180635326 3 3 2 0 1 0 0 0 2 0 1 0
7.153672294738204e-05 3 3 2 0 1 0 1 1 2 0 1 0
-7.153672294738204e-05 3 3 2 0 1 0 1 2 1 0 1 0
7.153672294738204e-05 3 3 2 0 1 0 2 1 2 0 2 0
-7.153672294738204e-05 3 3 2 0 1 0 2 2 1 0 2 0
0.0007980954421724179 3 3 2 0 2 0 1 3 0 0 3 1
0.0007980954421724179 3 3 2 0 2 0 2 3 0 0 3 2
0.00011411982266634813 3 3 2 0 2 3 0 1 0 0 3 1
0.00011411982266634813 3 3 2 0 2 3 0 2 0 0 3 2
0.0005535887020821787 3 3 2 0 2 3 1 0 0 0 3 1
0.0008562379372128743 3 3 2 0 2 3 1 3 0 0 0 1
0.004904371735019023 3 3 2 0 2 3 1 3 0 0 3 1
0.0005717676909042004 3 3 2 0 2 3 1 3 0 3 3 1
0.0009630961953917506 3 3 2 0 2 3 1 3 3 0 3 1
0.0005535887020821787 3 3 2 0 2 3 2 0 0 0 3 2
0.0008562379372128743 3 3 2 0 2 3 2 3 0 0 0 2
0.004904371735019023 3 3 2 0 2 3 2 3 0 0 3 2
0.0005717676909042004 3 3 2 0 2 3 2 3 0 3 3 2
0.0009630961953917506 3 3 2 0 2 3 2 3 3 0 3 2
-0.0008080845595546898 3 3 2 0 3 1 1 3 0 0 2 0
0.0008080845595546898 3 3 2 0 3 1 2 3 0 0 1 0
0.000827608609552784 3 3 2 1 0 0 0 0 1 2 0 0
-0.000827608609552784 3 3 2 1 0 0 0 0 2 1 0 0
0.001981179411275911 3 3 2 1 0 0 1 1 1 2 0 0
8.202266407257176e-05 3 3 2 1 0 0 1 1 2 1 0 0
-0.0020632020753484823 3 3 2 1 0 0 1 2 1 1 0 0
0.0020632020753484823 3 3 2 1 0 0 2 1 2 2 0 0
-8.202266407257176e-05 3 3 2 1 0 0 2 2 1 2 0 0
-0.001981179411275911 3 3 2 1 0 0 2 2 2 1 0 0
-1.4784185274849796e-06 3 3 2 1 0 3 1 3 1 0 2 1
0.0019027786376386731 3 3 2 1 0 3 1 3 2 0 1 1
0.0019013002191111883 3 3 2 1 0 3 1 3 2 0 2 2
-0.0019013002191111883 3 3 2 1 0 3 2 3 1 0 1 1
-0.0019027786376386731 3 3 2 1 0 3 2 3 1 0 2 2
1.4784185274849796e-06 3 3 2 1 0 3 2 3 2 0 1 2
0.0018137181325708928 3 3 2 1 1 1 1 3 2 0 3 0
-0.0018137181325708928 3 3 2 1 1 1 2 3 1 0 3 0
7.967400286404675e-07 3 3 2 1 2 1 1 3 0 1 3 0
7.967400286404675e-07 3 3 2 1 2 1 2 3 0 2 3 0
0.001813544438526468 3 3 2 1 2 2 1 3 2 0 3 0
-0.001813544438526468 3 3 2 1 2 2 2 3 1 0 3 0
-0.0003439156880206491 3 3 2 2 0 0 0 3 3 0 0 0
0.0004924580320888888 3 3 2 2 0 0 1 1 0 0 0 0
0.004662781757347199 3 3 2 2 0 0 1 1 3 0 0 0
0.0005339251792048825 3 3 2 2 0 0 1 1 3 0 0 3
0.0005299737130744958 3 3 2 2 0 0 1 1 3 0 3 0
0.0012364987695560681 3 3 2 2 0 0 1 1 3 3 0 0
0.0004924580320888888 3 3 2 2 0 0 2 2 0 0 0 0
0.004662781757347199 3 3 2 2 0 0 2 2 3 0 0 0
0.0005339251792048825 3 3 2 2 0 0 2 2 3 0 0 3
0.0005299737130744958 3 3 2 2 0 0 2 2 3 0 3 0
0.0012364987695560681 3 3 2 2 0 0 2 2 3 3 0 0
0.00034391568802061176 3 3 2 2 0 0 3 0 3 0 0 0
0.0005054434227602916 3 3 2 2 0 3 1 1 3 0 0 0
0.0006964661414287647 3 3 2 2 0 3 1 3 0 1 1 1
0.0006961438374347888 3 3 2 2 0 3 1 3 0 1 2 2
3.2230399397583405e-07 3 3 2 2 0 3 1 3 0 2 2 1
0.0005054434227602916 3 3 2 2 0 3 2 2 3 0 0 0
3.2230399397583405e-07 3 3 2 2 0 3 2 3 0 1 1 2
0.0006961438374347888 3 3 2 2 0 3 2 3 0 2 1 1
0.0006964661414287647 3 3 2 2 0 3 2 3 0 2 2 2
0.0006477124502092411 3 3 2 2 1 1 1 3 0 1 3 0
0.0006477124502092411 3 3 2 2 1 1 2 3 0 2 3 0
1.7369404442470552e-07 3 3 2 2 2 1 1 3 2 0 3 0
-1.7369404442470552e-07 3 3 2 2 2 1 2 3 1 0 3 0
0.0006485091902378817 3 3 2 2 2 2 1 3 0 1 3 0
0.0006485091902378817 3 3 2 2 2 2 2 3 0 2 3 0
0.0005011855532704249 3 3 2 2 3 0 1 1 3 0 0 0
0.0005011855532704249 3 3 2 2 3 0 2 2 3 0 0 0
0.0002935332398395303 3 3 2 3 0 1 1 1 3 2 0 1
-0.0002935332398395303 3 3 2 3 0 1 1 2 3 1 0 1
-0.0005377381752864129 3 3 2 3 0 1 1 3 0 0 2 0
-8.104945492865492e-05 3 3 2 3 0 1 1 3 1 1 2 0
-6.532631611640428e-06 3 3 2 3 0 1 1 3 2 1 1 0
-8.758208654029535e-05 3 3 2 3 0 1 1 3 2 2 2 0
0.0002935332398395303 3 3 2 3 0 1 2 1 3 2 0 2
-0.0002935332398395303 3 3 2 3 0 1 2 2 3 1 0 2
0.0005377381752864129 3 3 2 3 0 1 2 3 0 0 1 0
8.758208654029535e-05 3 3 2 3 0 1 2 3 1 1 1 0
6.532631611640428e-06 3 3 2 3 0 1 2 3 1 2 2 0
8.104945492865492e-05 3 3 2 3 0 1 2 3 2 2 1 0
0.0002966910356370219 3 3 2 3 1 0 1 1 3 2 1 0
-0.0002966910356370219 3 3 2 3 1 0 1 2 3 1 1 0
0.0002966910356370219 3 3 2 3 1 0 2 1 3 2 2 0
-0.0002966910356370219 3 3 2 3 1 0 2 2 3 1 2 0
0.0005238107397133175 3 3 2 3 2 3 1 3 0 0 3 1
8.252787345613993e-05 3 3 2 3 2 3 1 3 1 1 3 1
-6.706325656065116e-06 3 3 2 3 2 3 1 3 2 1 3 2
8.923419911220504e-05 3 3 2 3 2 3 1 3 2 2 3 1
0.0005238107397133175 3 3 2 3 2 3 2 3 0 0 3 2
8.923419911220504e-05 3 3 2 3 2 3 2 3 1 1 3 2
-6.706325656065116e-06 3 3 2 3 2 3 2 3 1 2 3 1
8.252787345613993e-05 3 3 2 3 2 3 2 3 2 2 3 2
0.22151283306898856 3 3 3 0 0 0 0 0 0 0 0 0
0.025383096826763776 3 3 3 0 0 0 0 0 0 0 0 3
0.025195408873795705 3 3 3 0 0 0 0 0 0 0 3 0
0.02556861363103142 3 3 3 0 0 0 0 0 0 3 0 0
0.02722383085013697 3 3 3 0 0 0 0 0 3 0 0 0
0.02563421997953428 3 3 3 0 0 0 0 3 0 0 0 0
-0.0021344722407660656 3 3 3 0 0 0 1 1 0 0 0 0
-0.0002444138569992283 3 3 3 0 0 0 1 1 0 0 0 3
-0.0002426050022844762 3 3 3 0 0 0 1 1 0 0 3 0
0.0005755163086096921 3 3 3 0 0 0 1 1 0 3 0 0
-0.0013669773914235797 3 3 3 0 0 0 1 1 3 0 0 0
-0.004774503460287339 3 3 3 0 0 0 1 3 1 0 1 1
-0.004700453146614688 3 3 3 0 0 0 1 3 1 0 2 2
-7.405031367265034e-05 3 3 3 0 0 0 1 3 2 0 2 1
-0.0021344722407660656 3 3 3 0 0 0 2 2 0 0 0 0
-0.0002444138569992283 3 3 3 0 0 0 2 2 0 0 0 3
-0.0002426050022844762 3 3 3 0 0 0 2 2 0 0 3 0
0.0005755163086096921 3 3 3 0 0 0 2 2 0 3 0 0
-0.0013669773914235797 3 3 3 0 0 0 2 2 3 0 0 0
-7.405031367265034e-05 3 3 3 0 0 0 2 3 1 0 1 2
-0.004700453146614688 3 3 3 0 0 0 2 3 2 0 1 1
-0.004774503460287339 3 3 3 0 0 0 2 3 2 0 2 2
0.027136796368714747 3 3 3 0 0 0 3 0 0 0 0 0
0.024013519249676436 3 3 3 0 0 3 0 0 0 0 0 0
-0.0010120315265515557 3 3 3 0 0 3 0 1 1 0 1 1
-0.0010089972312282704 3 3 3 0 0 3 0 1 1 0 2 2
-3.034295323285057e-06 3 3 3 0 0 3 0 1 2 0 2 1
-3.034295323285057e-06 3 3 3 0 0 3 0 2 1 0 1 2
-0.0010089972312282704 3 3 3 0 0 3 0 2 2 0 1 1
-0.0010120315265515557 3 3 3 0 0 3 0 2 2 0 2 2
-0.0049093067808904985 3 3 3 0 0 3 1 0 1 0 1 1
-0.004894587588637085 3 3 3 0 0 3 1 0 1 0 2 2
-1.471919225341343e-05 3 3 3 0 0 3 1 0 2 0 2 1
-0.0002313758205516836 3 3 3 0 0 3 1 1 0 0 0 0
-0.0434926965167046 3 3 3 0 0 3 1 3 1 0 1 1
-0.04336229575133776 3 3 3 0 0 3 1 3 1 0 2 2
-0.004910968881995605 3 3 3 0 0 3 1 3 1 3 1 1
-0.004896244706393869 3 3 3 0 0 3 1 3 1 3 2 2
-0.00013040076536684022 3 3 3 0 0 3 1 3 2 0 2 1
-1.4724175601735823e-05 3 3 3 0 0 3 1 3 2 3 2 1
0.0007963892299372054 3 3 3 0 0 3 1 3 3 1 1 1
0.0007934232306853044 3 3 3 0 0 3 1 3 3 1 2 2
2.9659992519009606e-06 3 3 3 0 0 3 1 3 3 2 2 1
-1.471919225341343e-05 3 3 3 0 0 3 2 0 1 0 1 2
-0.004894587588637085 3 3 3 0 0 3 2 0 2 0 1 1
-0.0049093067808904985 3 3 3 0 0 3 2 0 2 0 2 2
-0.0002313758205516836 3 3 3 0 0 3 2 2 0 0 0 0
-0.00013040076536684022 3 3 3 0 0 3 2 3 1 0 1 2
-1.4724175601735823e-05 3 3 3 0 0 3 2 3 1 3 1 2
-0.04336229575133776 3 3 3 0 0 3 2 3 2 0 1 1
-0.0434926965167046 3 3 3 0 0 3 2 3 2 0 2 2
-0.004896244706393869 3 3 3 0 0 3 2 3 2 3 1 1
-0.004910968881995605 3 3 3 0 0 3 2 3 2 3 2 2
2.9659992519009606e-06 3 3 3 0 0 3 2 3 3 1 1 2
0.0007934232306853044 3 3 3 0 0 3 2 3 3 2 1 1
0.0007963892299372054 3 3 3 0 0 3 2 3 3 2 2 2
-0.0011261513492179039 3 3 3 0 1 1 0 1 1 0 3 0
-0.0011261513492179039 3 3 3 0 1 1 0 2 2 0 3 0
-0.005462895482972677 3 3 3 0 1 1 1 0 1 0 3 0
-0.005531110642245671 3 3 3 0 1 1 1 3 1 0 0 0
-0.04839706825172363 3 3 3 0 1 1 1 3 1 0 3 0
-0.005572598902459757 3 3 3 0 1 1 1 3 1 0 3 3
-0.005464745007768047 3 3 3 0 1 1 1 3 1 3 3 0
0.0009277442981372749 3 3 3 0 1 1 1 3 3 1 3 0
-0.005462895482972677 3 3 3 0 1 1 2 0 2 0 3 0
-0.005531110642245671 3 3 3 0 1 1 2 3 2 0 0 0
-0.04839706825172363 3 3 3 0 1 1 2 3 2 0 3 0
-0.005572598902459757 3 3 3 0 1 1 2 3 2 0 3 3
-0.005464745007768047 3 3 3 0 1 1 2 3 2 3 3 0
0.0009277442981372749 3 3 3 0 1 1 2 3 3 2 3 0
-0.0011261513492179039 3 3 3 0 2 2 0 1 1 0 3 0
-0.0011261513492179039 3 3 3 0 2 2 0 2 2 0 3 0
-0.005462895482972677 3 3 3 0 2 2 1 0 1 0 3 0
-0.005531110642245671 3 3 3 0 2 2 1 3 1 0 0 0
-0.04839706825172363 3 3 3 0 2 2 1 3 1 0 3 0
-0.005572598902459757 3 3 3 0 2 2 1 3 1 0 3 3
-0.005464745007768047 3 3 3 0 2 2 1 3 1 3 3 0
0.0009277442981372749 3 3 3 0 2 2 1 3 3 1 3 0
-0.005462895482972677 3 3 3 0 2 2 2 0 2 0 3 0
-0.005531110642245671 3 3 3 0 2 2 2 3 2 0 0 0
-0.04839706825172363 3 3 3 0 2 2 2 3 2 0 3 0
-0.005572598902459757 3 3 3 0 2 2 2 3 2 0 3 3
-0.005464745007768047 3 3 3 0 2 2 2 3 2 3 3 0
0.0009277442981372749 3 3 3 0 2 2 2 3 3 2 3 0
0.023839833504339998 3 3 3 0 3 0 0 0 0 0 0 0
-0.00022942670418641417 3 3 3 0 3 0 1 1 0 0 0 0
-0.00022942670418641417 3 3 3 0 3 0 2 2 0 0 0 0
-0.004674872705032796 3 3 3 0 3 3 1 3 1 0 1 1
-0.004723026082690982 3 3 3 0 3 3 1 3 1 0 2 2
4.815337765818463e-05 3 3 3 0 3 3 1 3 2 0 2 1
4.815337765818463e-05 3 3 3 0 3 3 2 3 1 0 1 2
-0.004723026082690982 3 3 3 0 3 3 2 3 2 0 1 1
-0.004674872705032796 3 3 3 0 3 3 2 3 2 0 2 2
-2.9965386059123765e-05 3 3 3 1 0 1 1 3 1 1 1 0
1.7669261137783506e-05 3 3 3 1 0 1 1 3 1 2 2 0
-4.763464719690727e-05 3 3 3 1 0 1 1 3 2 1 2 0
-4.763464719690727e-05 3 3 3 1 0 1 2 3 1 2 1 0
1.7669261137783506e-05 3 3 3 1 0 1 2 3 2 1 1 0
-2.9965386059123765e-05 3 3 3 1 0 1 2 3 2 2 2 0
0.0005373896130496704 3 3 3 1 0 2 0 1 3 0 2 0
-0.0005373896130496704 3 3 3 1 0 2 0 2 3 0 1 0
-0.000123894486403625 3 3 3 1 0 2 1 0 3 0 2 0
-0.00020498588720609882 3 3 3 1 0 2 1 3 0 0 2 0
-0.0010976102202902922 3 3 3 1 0 2 1 3 3 0 2 0
-0.00019013293949726297 3 3 3 1 0 2 1 3 3 0 2 3
-0.00013432106745197049 3 3 3 1 0 2 1 3 3 3 2 0
0.000123894486403625 3 3 3 1 0 2 2 0 3 0 1 0
0.00020498588720609882 3 3 3 1 0 2 2 3 0 0 1 0
0.0010976102202902922 3 3 3 1 0 2 2 3 3 0 1 0
0.00019013293949726297 3 3 3 1 0 2 2 3 3 0 1 3
0.00013432106745197049 3 3 3 1 0 2 2 3 3 3 1 0
-0.00017398953260120678 3 3 3 1 1 0 1 3 3 0 3 1
-0.00017398953260120678 3 3 3 1 1 0 2 3 3 0 3 2
0.000523471205249418 3 3 3 1 1 3 0 1 3 0 3 1
0.000523471205249418 3 3 3 1 1 3 0 2 3 0 3 2
-0.00012068561532741921 3 3 3 1 1 3 1 0 3 0 3 1
-0.00020325434825793306 3 3 3 1 1 3 1 3 0 0 3 1
-0.0001866649408316068 3 3 3 1 1 3 1 3 3 0 0 1
-0.0010691820812255477 3 3 3 1 1 3 1 3 3 0 3 1
-0.00013135506820006953 3 3 3 1 1 3 1 3 3 3 3 1
-0.00012068561532741921 3 3 3 1 1 3 2 0 3 0 3 2
-0.00020325434825793306 3 3 3 1 1 3 2 3 0 0 3 2
-0.0001866649408316068 3 3 3 1 1 3 2 3 3 0 0 2
-0.0010691820812255477 3 3 3 1 1 3 2 3 3 0 3 2
-0.00013135506820006953 3 3 3 1 1 3 2 3 3 3 3 2
-3.076212608776425e-05 3 3 3 1 2 3 1 3 1 1 3 2
-1.799156513175934e-05 3 3 3 1 2 3 1 3 1 2 3 1
4.875369121952359e-05 3 3 3 1 2 3 1 3 2 1 3 1
-4.875369121952359e-05 3 3 3 1 2 3 2 3 1 2 3 2
1.799156513175934e-05 3 3 3 1 2 3 2 3 2 1 3 2
3.076212608776425e-05 3 3 3 1 2 3 2 3 2 2 3 1
-0.00017616721934467352 3 3 3 1 3 2 1 3 3 0 2 0
0.00017616721934467352 3 3 3 1 3 2 2 3 3 0 1 0
-0.0005373896130496704 3 3 3 2 0 1 0 1 3 0 2 0
0.0005373896130496704 3 3 3 2 0 1 0 2 3 0 1 0
0.000123894486403625 3 3 3 2 0 1 1 0 3 0 2 0
0.00020498588720609882 3 3 3 2 0 1 1 3 0 0 2 0
0.0010976102202902922 3 3 3 2 0 1 1 3 3 0 2 0
0.00019013293949726297 3 3 3 2 0 1 1 3 3 0 2 3
0.00013432106745197049 3 3 3 2 0 1 1 3 3 3 2 0
-0.000123894486403625 3 3 3 2 0 1 2 0 3 0 1 0
-0.00020498588720609882 3 3 3 2 0 1 2 3 0 0 1 0
-0.0010976102202902922 3 3 3 2 0 1 2 3 3 0 1 0
-0.00019013293949726297 3 3 3 2 0 1 2 3 3 0 1 3
-0.00013432106745197049 3 3 3 2 0 1 2 3 3 3 1 0
-2.9965386059123765e-05 3 3 3 2 0 2 1 3 1 1 1 0
1.7669261137783506e-05 3 3 3 2 0 2 1 3 1 2 2 0
-4.763464719690727e-05 3 3 3 2 0 2 1 3 2 1 2 0
-4.763464719690727e-05 3 3 3 2 0 2 2 3 1 2 1 0
1.7669261137783506e-05 3 3 3 2 0 2 2 3 2 1 1 0
-2.9965386059123765e-05 3 3 3 2 0 2 2 3 2 2 2 0
3.076212608776424e-05 3 3 3 2 1 3 1 3 1 1 3 2
1.799156513175934e-05 3 3 3 2 1 3 1 3 1 2 3 1
-4.875369121952359e-05 3 3 3 2 1 3 1 3 2 1 3 1
4.875369121952359e-05 3 3 3 2 1 3 2 3 1 2 3 2
-1.799156513175934e-05 3 3 3 2 1 3 2 3 2 1 3 2
-3.076212608776424e-05 3 3 3 2 1 3 2 3 2 2 3 1
-0.00017398953260120678 3 3 3 2 2 0 1 3 3 0 3 1
-0.00017398953260120678 3 3 3 2 2 0 2 3 3 0 3 2
0.000523471205249418 3 3 3 2 2 3 0 1 3 0 3 1
0.000523471205249418 3 3 3 2 2 3 0 2 3 0 3 2
-0.00012068561532741921 3 3 3 2 2 3 1 0 3 0 3 1
-0.00020325434825793306 3 3 3 2 2 3 1 3 0 0 3 1
-0.0001866649408316068 3 3 3 2 2 3 1 3 3 0 0 1
-0.0010691820812255477 3 3 3 2 2 3 1 3 3 0 3 1
-0.00013135506820006953 3 3 3 2 2 3 1 3 3 3 3 1
-0.00012068561532741921 3 3 3 2 2 3 2 0 3 0 3 2
-0.00020325434825793306 3 3 3 2 2 3 2 3 0 0 3 2
-0.0001866649408316068 3 3 3 2 2 3 2 3 3 0 0 2
-0.0010691820812255477 3 3 3 2 2 3 2 3 3 0 3 2
-0.00013135506820006953 3 3 3 2 2 3 2 3 3 3 3 2
0.00017616721934467352 3 3 3 2 3 1 1 3 3 0 2 0
-0.00017616721934467352 3 3 3 2 3 1 2 3 3 0 1 0
0.026256129817683414 3 3 3 3 0 0 0 0 0 0 0 0
-0.00021272739926591944 3 3 3 3 0 0 1 1 1 1 0 0
0.004330797160082168 3 3 3 3 0 0 1 1 2 2 0 0
-0.004543524559348087 3 3 3 3 0 0 1 2 2 1 0 0
0.001040870028272601 3 3 3 3 0 0 1 3 3 1 1 1
0.001024726621376545 3 3 3 3 0 0 1 3 3 1 2 2
1.614340689605618e-05 3 3 3 3 0 0 1 3 3 2 2 1
-0.004543524559348087 3 3 3 3 0 0 2 1 1 2 0 0
0.004330797160082168 3 3 3 3 0 0 2 2 1 1 0 0
-0.00021272739926591944 3 3 3 3 0 0 2 2 2 2 0 0
1.614340689605618e-05 3 3 3 3 0 0 2 3 3 1 1 2
0.001024726621376545 3 3 3 3 0 0 2 3 3 2 1 1
0.001040870028272601 3 3 3 3 0 0 2 3 3 2 2 2
-0.004642220348547496 3 3 3 3 0 3 0 1 3 1 1 1
-0.0046283019407472445 3 3 3 3 0 3 0 1 3 1 2 2
-1.3918407800252254e-05 3 3 3 3 0 3 0 1 3 2 2 1
-1.3918407800252254e-05 3 3 3 3 0 3 0 2 3 1 1 2
-0.0046283019407472445 3 3 3 3 0 3 0 2 3 2 1 1
-0.004642220348547496 3 3 3 3 0 3 0 2 3 2 2 2
0.0010702579504501687 3 3 3 3 0 3 1 0 3 1 1 1
0.001067049079373963 3 3 3 3 0 3 1 0 3 1 2 2
3.20887107620579e-06 3 3 3 3 0 3 1 0 3 2 2 1
0.0010706202983338108 3 3 3 3 0 3 1 3 0 1 1 1
0.0010674103408581602 3 3 3 3 0 3 1 3 0 1 2 2
3.209957475650764e-06 3 3 3 3 0 3 1 3 0 2 2 1
-0.004244468126625964 3 3 3 3 0 3 1 3 1 0 1 1
-0.004230862995046845 3 3 3 3 0 3 1 3 1 0 2 2
-1.3605131579119524e-05 3 3 3 3 0 3 1 3 2 0 2 1
0.009481665398200284 3 3 3 3 0 3 1 3 3 1 1 1
0.00945323725913554 3 3 3 3 0 3 1 3 3 1 2 2
2.8428139064744796e-05 3 3 3 3 0 3 1 3 3 2 2 1
3.20887107620579e-06 3 3 3 3 0 3 2 0 3 1 1 2
0.001067049079373963 3 3 3 3 0 3 2 0 3 2 1 1
0.0010702579504501687 3 3 3 3 0 3 2 0 3 2 2 2
3.209957475650764e-06 3 3 3 3 0 3 2 3 0 1 1 2
0.0010674103408581602 3 3 3 3 0 3 2 3 0 2 1 1
0.0010706202983338108 3 3 3 3 0 3 2 3 0 2 2 2
-1.3605131579119524e-05 3 3 3 3 0 3 2 3 1 0 1 2
-0.004230862995046845 3 3 3 3 0 3 2 3 2 0 1 1
-0.004244468126625964 3 3 3 3 0 3 2 3 2 0 2 2
2.8428139064744796e-05 3 3 3 3 0 3 2 3 3 1 1 2
0.00945323725913554 3 3 3 3 0 3 2 3 3 2 1 1
0.009481665398200284 3 3 3 3 0 3 2 3 3 2 2 2
-0.005165691553796915 3 3 3 3 1 1 0 1 3 1 3 0
-0.005165691553796915 3 3 3 3 1 1 0 2 3 2 3 0
0.001190943565777588 3 3 3 3 1 1 1 0 3 1 3 0
0.0011913467731356037 3 3 3 3 1 1 1 3 0 1 3 0
-0.004786270431471042 3 3 3 3 1 1 1 3 1 0 3 0
0.0012058148744595652 3 3 3 3 1 1 1 3 3 1 0 0
0.010550847479425831 3 3 3 3 1 1 1 3 3 1 3 0
0.001214859560873808 3 3 3 3 1 1 1 3 3 1 3 3
0.001190943565777588 3 3 3 3 1 1 2 0 3 2 3 0
0.0011913467731356037 3 3 3 3 1 1 2 3 0 2 3 0
-0.004786270431471042 3 3 3 3 1 1 2 3 2 0 3 0
0.0012058148744595652 3 3 3 3 1 1 2 3 3 2 0 0
0.010550847479425831 3 3 3 3 1 1 2 3 3 2 3 0
0.001214859560873808 3 3 3 3 1 1 2 3 3 2 3 3
-0.005165691553796915 3 3 3 3 2 2 0 1 3 1 3 0
-0.005165691553796915 3 3 3 3 2 2 0 2 3 2 3 0
0.001190943565777588 3 3 3 3 2 2 1 0 3 1 3 0
0.0011913467731356037 3 3 3 3 2 2 1 3 0 1 3 0
-0.004786270431471042 3 3 3 3 2 2 1 3 1 0 3 0
0.0012058148744595652 3 3 3 3 2 2 1 3 3 1 0 0
0.010550847479425831 3 3 3 3 2 2 1 3 3 1 3 0
0.001214859560873808 3 3 3 3 2 2 1 3 3 1 3 3
0.001190943565777588 3 3 3 3 2 2 2 0 3 2 3 0
0.0011913467731356037 3 3 3 3 2 2 2 3 0 2 3 0
-0.004786270431471042 3 3 3 3 2 2 2 3 2 0 3 0
0.0012058148744595652 3 3 3 3 2 2 2 3 3 2 0 0
0.010550847479425831 3 3 3 3 2 2 2 3 3 2 3 0
0.001214859560873808 3 3 3 3 2 2 2 3 3 2 3 3
0.0010191499336279584 3 3 3 3 3 3 1 3 3 1 1 1
0.0010296476551148917 3 3 3 3 3 3 1 3 3 1 2 2
-1.0497721486933272e-05 3 3 3 3 3 3 1 3 3 2 2 1
-1.0497721486933272e-05 3 3 3 3 3 3 2 3 3 1 1 2
0.0010296476551148917 3 3 3 3 3 3 2 3 3 2 1 1
0.0010191499336279584 3 3 3 3 3 3 2 3 3 2 2 2
