820292.268026823 0 0 0 0 0 0 0 0 0 0
-1085.5829598184614 0 0 0 0 0 0 0 0 0 3
-1155.580066677837 0 0 0 0 0 0 0 0 3 0
-151.44721577790432 0 0 0 0 0 0 0 0 3 3
-1155.5800666778368 0 0 0 0 0 0 0 3 0 0
-151.4472157779043 0 0 0 0 0 0 0 3 0 3
-147.5103693226762 0 0 0 0 0 0 0 3 3 0
0.3131123270998894 0 0 0 0 0 0 0 3 3 3
-1169.289290960712 0 0 0 0 0 0 3 0 0 0
-93.41121827300978 0 0 0 0 0 0 3 0 0 3
-148.4328743578438 0 0 0 0 0 0 3 0 3 0
0.27408781253076847 0 0 0 0 0 0 3 0 3 3
-148.43287435784376 0 0 0 0 0 0 3 3 0 0
0.2740878125307684 0 0 0 0 0 0 3 3 0 3
0.3165144736870393 0 0 0 0 0 0 3 3 3 0
0.03627164079836526 0 0 0 0 0 0 3 3 3 3
-1624.4939050206358 0 0 0 0 0 3 0 0 0 0
-134.58835465723257 0 0 0 0 0 3 0 0 0 3
-130.81061280535624 0 0 0 0 0 3 0 0 3 0
0.3337742840082503 0 0 0 0 0 3 0 0 3 3
-130.81061280535624 0 0 0 0 0 3 0 3 0 0
0.3337742840082503 0 0 0 0 0 3 0 3 0 3
0.3333048592454298 0 0 0 0 0 3 0 3 3 0
0.036771057139158236 0 0 0 0 0 3 0 3 3 3
-133.0437519269151 0 0 0 0 0 3 3 0 0 0
0.27772085294689414 0 0 0 0 0 3 3 0 0 3
0.3369086871537089 0 0 0 0 0 3 3 0 3 0
0.03225075989065861 0 0 0 0 0 3 3 0 3 3
0.3369086871537089 0 0 0 0 0 3 3 3 0 0
0.03225075989065861 0 0 0 0 0 3 3 3 0 3
0.036203393674439546 0 0 0 0 0 3 3 3 3 0
-1085.5829598184623 0 0 0 0 3 0 0 0 0 0
-180.72474456061707 0 0 0 0 3 0 0 0 0 3
-159.80029306568886 0 0 0 0 3 0 0 0 3 0
0.3353200173042871 0 0 0 0 3 0 0 0 3 3
-159.8002930656889 0 0 0 0 3 0 0 3 0 0
0.3353200173042871 0 0 0 0 3 0 0 3 0 3
0.3248866630524119 0 0 0 0 3 0 0 3 3 0
0.04626610837729442 0 0 0 0 3 0 0 3 3 3
-175.91700213697914 0 0 0 0 3 0 3 0 0 0
0.30907573866452304 0 0 0 0 3 0 3 0 0 3
0.3382060452520994 0 0 0 0 3 0 3 0 3 0
0.042182174654900394 0 0 0 0 3 0 3 0 3 3
0.3382060452520994 0 0 0 0 3 0 3 3 0 0
0.042182174654900394 0 0 0 0 3 0 3 3 0 3
0.04525672664737884 0 0 0 0 3 0 3 3 3 0
-0.001883868118438193 0 0 0 0 3 1 3 3 3 1
-0.001883868118438193 0 0 0 0 3 2 3 3 3 2
-164.47813236764821 0 0 0 0 3 3 0 0 0 0
0.37886087115702466 0 0 0 0 3 3 0 0 0 3
0.36347567841621214 0 0 0 0 3 3 0 0 3 0
0.043218535898121156 0 0 0 0 3 3 0 0 3 3
0.3634756784162121 0 0 0 0 3 3 0 3 0 0
0.043218535898121156 0 0 0 0 3 3 0 3 0 3
0.040860375983490495 0 0 0 0 3 3 0 3 3 0
0.3823135468931189 0 0 0 0 3 3 3 0 0 0
0.03868666555451434 0 0 0 0 3 3 3 0 0 3
0.04247146839715578 0 0 0 0 3 3 3 0 3 0
0.04247146839715578 0 0 0 0 3 3 3 3 0 0
0.0011266066143061756 0 0 0 1 1 0 0 0 1 1
0.0011266066143061756 0 0 0 1 1 0 0 0 2 2
8.351950681170315 0 0 0 1 2 0 0 0 1 2
-8.351950681170315 0 0 0 1 2 0 0 0 2 1
-0.0058871679762612285 0 0 0 1 2 0 0 3 1 2
0.0058871679762612285 0 0 0 1 2 0 0 3 2 1
-0.0059568335022874815 0 0 0 1 2 0 3 0 1 2
0.0059568335022874815 0 0 0 1 2 0 3 0 2 1
-0.0007602937331043177 0 0 0 1 2 0 3 3 1 2
0.0007602937331043177 0 0 0 1 2 0 3 3 2 1
-0.00021444448750500468 0 0 0 1 2 1 3 3 2 0
0.00021444448750500468 0 0 0 1 2 2 3 3 1 0
-0.008200575601814922 0 0 0 1 2 3 0 0 1 2
0.008200575601814922 0 0 0 1 2 3 0 0 2 1
-0.0006639357460951918 0 0 0 1 2 3 0 3 1 2
0.0006639357460951918 0 0 0 1 2 3 0 3 2 1
-0.0006480628833310928 0 0 0 1 2 3 3 0 1 2
0.0006480628833310928 0 0 0 1 2 3 3 0 2 1
-8.351950681170315 0 0 0 2 1 0 0 0 1 2
8.351950681170315 0 0 0 2 1 0 0 0 2 1
0.0058871679762612285 0 0 0 2 1 0 0 3 1 2
-0.0058871679762612285 0 0 0 2 1 0 0 3 2 1
0.0059568335022874815 0 0 0 2 1 0 3 0 1 2
-0.0059568335022874815 0 0 0 2 1 0 3 0 2 1
0.0007602937331043177 0 0 0 2 1 0 3 3 1 2
-0.0007602937331043177 0 0 0 2 1 0 3 3 2 1
0.00021444448750500468 0 0 0 2 1 1 3 3 2 0
-0.00021444448750500468 0 0 0 2 1 2 3 3 1 0
0.008200575601814922 0 0 0 2 1 3 0 0 1 2
-0.008200575601814922 0 0 0 2 1 3 0 0 2 1
0.0006639357460951918 0 0 0 2 1 3 0 3 1 2
-0.0006639357460951918 0 0 0 2 1 3 0 3 2 1
0.0006480628833310928 0 0 0 2 1 3 3 0 1 2
-0.0006480628833310928 0 0 0 2 1 3 3 0 2 1
0.0011266066143061756 0 0 0 2 2 0 0 0 1 1
0.0011266066143061756 0 0 0 2 2 0 0 0 2 2
-1155.5800666778373 0 0 0 3 0 0 0 0 0 0
-159.8002930656889 0 0 0 3 0 0 0 0 0 3
-170.96951110814615 0 0 0 3 0 0 0 0 3 0
0.334534377454557 0 0 0 3 0 0 0 0 3 3
-155.3305975989867 0 0 0 3 0 0 0 3 0 0
0.32417778920228607 0 0 0 3 0 0 0 3 0 3
0.3360136734366186 0 0 0 3 0 0 0 3 3 0
0.04500888921309423 0 0 0 3 0 0 0 3 3 3
-155.85901024958608 0 0 0 3 0 0 3 0 0 0
0.28496176618203123 0 0 0 3 0 0 3 0 0 3
0.3384795803441749 0 0 0 3 0 0 3 0 3 0
0.03906940736989326 0 0 0 3 0 0 3 0 3 3
0.32732541601183246 0 0 0 3 0 0 3 3 0 0
0.03817062841785768 0 0 0 3 0 0 3 3 0 3
0.04406594413289204 0 0 0 3 0 0 3 3 3 0
-0.0018802789437934108 0 0 0 3 0 1 3 3 3 1
-0.0018802789437934108 0 0 0 3 0 2 3 3 3 2
-160.57029030374713 0 0 0 3 0 3 0 0 0 0
0.3616096678231123 0 0 0 3 0 3 0 0 0 3
0.3775204891782963 0 0 0 3 0 3 0 0 3 0
0.04213054075985766 0 0 0 3 0 3 0 0 3 3
0.362028258585523 0 0 0 3 0 3 0 3 0 0
0.04083645982419977 0 0 0 3 0 3 0 3 0 3
0.04106062315354915 0 0 0 3 0 3 0 3 3 0
0.3654896348336072 0 0 0 3 0 3 3 0 0 0
0.03518794283766177 0 0 0 3 0 3 3 0 0 3
0.04143034563383827 0 0 0 3 0 3 3 0 3 0
0.04015020003047659 0 0 0 3 0 3 3 3 0 0
-151.44721577790432 0 0 0 3 3 0 0 0 0 0
0.3353200173042872 0 0 0 3 3 0 0 0 0 3
0.334534377454557 0 0 0 3 3 0 0 0 3 0
0.04898913533357598 0 0 0 3 3 0 0 0 3 3
0.3241777892022861 0 0 0 3 3 0 0 3 0 0
0.04717378402938828 0 0 0 3 3 0 0 3 0 3
0.04592362754375458 0 0 0 3 3 0 0 3 3 0
0.3371663318987872 0 0 0 3 3 0 3 0 0 0
0.043423610947098804 0 0 0 3 3 0 3 0 0 3
0.04775108394011795 0 0 0 3 3 0 3 0 3 0
0.046066043628654164 0 0 0 3 3 0 3 3 0 0
-0.0035472108826024268 0 0 0 3 3 1 0 3 3 1
-0.0017697561618178898 0 0 0 3 3 1 3 0 3 1
-0.0017274180665075149 0 0 0 3 3 1 3 3 0 1
-0.013565877572398966 0 0 0 3 3 1 3 3 3 1
-0.0035472108826024268 0 0 0 3 3 2 0 3 3 2
-0.0017697561618178898 0 0 0 3 3 2 3 0 3 2
-0.0017274180665075149 0 0 0 3 3 2 3 3 0 2
-0.013565877572398966 0 0 0 3 3 2 3 3 3 2
0.3749099110274443 0 0 0 3 3 3 0 0 0 0
0.04663182678227801 0 0 0 3 3 3 0 0 0 3
0.045477441913036945 0 0 0 3 3 3 0 0 3 0
0.043891768698367827 0 0 0 3 3 3 0 3 0 0
0.04574395249713064 0 0 0 3 3 3 3 0 0 0
0.0011266066143061756 0 0 1 0 1 0 0 1 0 1
0.0011266066143061756 0 0 1 0 1 0 0 2 0 2
8.351950681170315 0 0 1 0 2 0 0 1 0 2
-0.005887167976261229 0 0 1 0 2 0 0 1 3 2
-8.351950681170315 0 0 1 0 2 0 0 2 0 1
0.005887167976261229 0 0 1 0 2 0 0 2 3 1
-0.0059568335022874815 0 0 1 0 2 0 3 1 0 2
-0.0007602937331043177 0 0 1 0 2 0 3 1 3 2
0.0059568335022874815 0 0 1 0 2 0 3 2 0 1
0.0007602937331043177 0 0 1 0 2 0 3 2 3 1
-0.00021444448750500468 0 0 1 0 2 1 3 2 3 0
0.00021444448750500468 0 0 1 0 2 2 3 1 3 0
-0.008200575601814922 0 0 1 0 2 3 0 1 0 2
-0.0006639357460951918 0 0 1 0 2 3 0 1 3 2
0.008200575601814922 0 0 1 0 2 3 0 2 0 1
0.0006639357460951918 0 0 1 0 2 3 0 2 3 1
-0.0006480628833310928 0 0 1 0 2 3 3 1 0 2
0.0006480628833310928 0 0 1 0 2 3 3 2 0 1
0.0007715217307407028 0 0 1 1 0 0 0 1 1 0
0.0007715217307407028 0 0 1 1 0 0 0 2 2 0
7.8194567545797415 0 0 1 2 0 0 0 1 2 0
-0.005178294126135465 0 0 1 2 0 0 0 1 2 3
-7.819456754579742 0 0 1 2 0 0 0 2 1 0
0.005178294126135465 0 0 1 2 0 0 0 2 1 3
-0.005577082166171217 0 0 1 2 0 0 3 1 2 0
-0.0004493894760177934 0 0 1 2 0 0 3 1 2 3
0.005577082166171217 0 0 1 2 0 0 3 2 1 0
0.0004493894760177934 0 0 1 2 0 0 3 2 1 3
-0.007746115296386649 0 0 1 2 0 3 0 1 2 0
-0.0006470404678289431 0 0 1 2 0 3 0 1 2 3
0.007746115296386649 0 0 1 2 0 3 0 2 1 0
0.0006470404678289431 0 0 1 2 0 3 0 2 1 3
-0.000640072801680839 0 0 1 2 0 3 3 1 2 0
0.000640072801680839 0 0 1 2 0 3 3 2 1 0
-0.005178294126135465 0 0 1 2 3 0 0 1 2 0
-0.0009076756520938551 0 0 1 2 3 0 0 1 2 3
0.005178294126135465 0 0 1 2 3 0 0 2 1 0
0.0009076756520938551 0 0 1 2 3 0 0 2 1 3
-0.0008425201557318982 0 0 1 2 3 0 3 1 2 0
0.0008425201557318982 0 0 1 2 3 0 3 2 1 0
2.1169047655187627e-05 0 0 1 2 3 1 3 1 2 1
-2.1169047655187627e-05 0 0 1 2 3 1 3 2 1 1
2.1169047655187627e-05 0 0 1 2 3 2 3 1 2 2
-2.1169047655187627e-05 0 0 1 2 3 2 3 2 1 2
-0.000792836607334559 0 0 1 2 3 3 0 1 2 0
0.000792836607334559 0 0 1 2 3 3 0 2 1 0
-0.005887167976261229 0 0 1 3 2 0 0 1 0 2
-0.0009147383306603455 0 0 1 3 2 0 0 1 3 2
0.005887167976261229 0 0 1 3 2 0 0 2 0 1
0.0009147383306603455 0 0 1 3 2 0 0 2 3 1
-0.0007980798813817496 0 0 1 3 2 0 3 1 0 2
0.0007980798813817496 0 0 1 3 2 0 3 2 0 1
-0.00015833995794786265 0 0 1 3 2 1 0 2 3 0
-0.00022510225153662034 0 0 1 3 2 1 3 2 0 0
-0.0016801534090448843 0 0 1 3 2 1 3 2 3 0
-0.00023120739145273826 0 0 1 3 2 1 3 2 3 3
0.00015833995794786265 0 0 1 3 2 2 0 1 3 0
0.00022510225153662034 0 0 1 3 2 2 3 1 0 0
0.0016801534090448843 0 0 1 3 2 2 3 1 3 0
0.00023120739145273826 0 0 1 3 2 2 3 1 3 3
-0.0008120011286157532 0 0 1 3 2 3 0 1 0 2
0.0008120011286157532 0 0 1 3 2 3 0 2 0 1
-8.351950681170315 0 0 2 0 1 0 0 1 0 2
0.005887167976261229 0 0 2 0 1 0 0 1 3 2
8.351950681170315 0 0 2 0 1 0 0 2 0 1
-0.005887167976261229 0 0 2 0 1 0 0 2 3 1
0.0059568335022874815 0 0 2 0 1 0 3 1 0 2
0.0007602937331043177 0 0 2 0 1 0 3 1 3 2
-0.0059568335022874815 0 0 2 0 1 0 3 2 0 1
-0.0007602937331043177 0 0 2 0 1 0 3 2 3 1
0.00021444448750500468 0 0 2 0 1 1 3 2 3 0
-0.00021444448750500468 0 0 2 0 1 2 3 1 3 0
0.008200575601814922 0 0 2 0 1 3 0 1 0 2
0.0006639357460951918 0 0 2 0 1 3 0 1 3 2
-0.008200575601814922 0 0 2 0 1 3 0 2 0 1
-0.0006639357460951918 0 0 2 0 1 3 0 2 3 1
0.0006480628833310928 0 0 2 0 1 3 3 1 0 2
-0.0006480628833310928 0 0 2 0 1 3 3 2 0 1
0.0011266066143061756 0 0 2 0 2 0 0 1 0 1
0.0011266066143061756 0 0 2 0 2 0 0 2 0 2
-7.819456754579742 0 0 2 1 0 0 0 1 2 0
0.005178294126135465 0 0 2 1 0 0 0 1 2 3
7.819456754579742 0 0 2 1 0 0 0 2 1 0
-0.005178294126135465 0 0 2 1 0 0 0 2 1 3
0.005577082166171217 0 0 2 1 0 0 3 1 2 0
0.0004493894760177934 0 0 2 1 0 0 3 1 2 3
-0.005577082166171217 0 0 2 1 0 0 3 2 1 0
-0.0004493894760177934 0 0 2 1 0 0 3 2 1 3
0.007746115296386649 0 0 2 1 0 3 0 1 2 0
0.0006470404678289431 0 0 2 1 0 3 0 1 2 3
-0.007746115296386649 0 0 2 1 0 3 0 2 1 0
-0.0006470404678289431 0 0 2 1 0 3 0 2 1 3
0.000640072801680839 0 0 2 1 0 3 3 1 2 0
-0.000640072801680839 0 0 2 1 0 3 3 2 1 0
0.005178294126135465 0 0 2 1 3 0 0 1 2 0
0.0009076756520938551 0 0 2 1 3 0 0 1 2 3
-0.005178294126135465 0 0 2 1 3 0 0 2 1 0
-0.0009076756520938551 0 0 2 1 3 0 0 2 1 3
0.0008425201557318982 0 0 2 1 3 0 3 1 2 0
-0.0008425201557318982 0 0 2 1 3 0 3 2 1 0
-2.1169047655187627e-05 0 0 2 1 3 1 3 1 2 1
2.1169047655187627e-05 0 0 2 1 3 1 3 2 1 1
-2.1169047655187627e-05 0 0 2 1 3 2 3 1 2 2
2.1169047655187627e-05 0 0 2 1 3 2 3 2 1 2
0.000792836607334559 0 0 2 1 3 3 0 1 2 0
-0.000792836607334559 0 0 2 1 3 3 0 2 1 0
0.0007715217307407028 0 0 2 2 0 0 0 1 1 0
0.0007715217307407028 0 0 2 2 0 0 0 2 2 0
0.005887167976261229 0 0 2 3 1 0 0 1 0 2
0.0009147383306603455 0 0 2 3 1 0 0 1 3 2
-0.005887167976261229 0 0 2 3 1 0 0 2 0 1
-0.0009147383306603455 0 0 2 3 1 0 0 2 3 1
0.0007980798813817496 0 0 2 3 1 0 3 1 0 2
-0.0007980798813817496 0 0 2 3 1 0 3 2 0 1
0.00015833995794786265 0 0 2 3 1 1 0 2 3 0
0.00022510225153662034 0 0 2 3 1 1 3 2 0 0
0.0016801534090448843 0 0 2 3 1 1 3 2 3 0
0.00023120739145273826 0 0 2 3 1 1 3 2 3 3
-0.00015833995794786265 0 0 2 3 1 2 0 1 3 0
-0.00022510225153662034 0 0 2 3 1 2 3 1 0 0
-0.0016801534090448843 0 0 2 3 1 2 3 1 3 0
-0.00023120739145273826 0 0 2 3 1 2 3 1 3 3
0.0008120011286157532 0 0 2 3 1 3 0 1 0 2
-0.0008120011286157532 0 0 2 3 1 3 0 2 0 1
-1155.580066677837 0 0 3 0 0 0 0 0 0 0
-159.8002930656889 0 0 3 0 0 0 0 0 0 3
-155.3305975989867 0 0 3 0 0 0 0 0 3 0
0.32417778920228607 0 0 3 0 0 0 0 0 3 3
-170.96951110814615 0 0 3 0 0 0 0 3 0 0
0.334534377454557 0 0 3 0 0 0 0 3 0 3
0.33601367343661853 0 0 3 0 0 0 0 3 3 0
0.04500888921309423 0 0 3 0 0 0 0 3 3 3
-155.85901024958608 0 0 3 0 0 0 3 0 0 0
0.2849617661820312 0 0 3 0 0 0 3 0 0 3
0.3273254160118325 0 0 3 0 0 0 3 0 3 0
0.03817062841785768 0 0 3 0 0 0 3 0 3 3
0.33847958034417486 0 0 3 0 0 0 3 3 0 0
0.03906940736989326 0 0 3 0 0 0 3 3 0 3
0.04406594413289203 0 0 3 0 0 0 3 3 3 0
-0.0018802789437934108 0 0 3 0 0 1 3 3 3 1
-0.0018802789437934108 0 0 3 0 0 2 3 3 3 2
-160.57029030374713 0 0 3 0 0 3 0 0 0 0
0.3616096678231123 0 0 3 0 0 3 0 0 0 3
0.362028258585523 0 0 3 0 0 3 0 0 3 0
0.04083645982419977 0 0 3 0 0 3 0 0 3 3
0.3775204891782962 0 0 3 0 0 3 0 3 0 0
0.04213054075985766 0 0 3 0 0 3 0 3 0 3
0.04106062315354915 0 0 3 0 0 3 0 3 3 0
0.3654896348336072 0 0 3 0 0 3 3 0 0 0
0.03518794283766177 0 0 3 0 0 3 3 0 0 3
0.04015020003047659 0 0 3 0 0 3 3 0 3 0
0.04143034563383827 0 0 3 0 0 3 3 3 0 0
-151.4472157779043 0 0 3 0 3 0 0 0 0 0
0.3353200173042871 0 0 3 0 3 0 0 0 0 3
0.32417778920228607 0 0 3 0 3 0 0 0 3 0
0.04717378402938828 0 0 3 0 3 0 0 0 3 3
0.33453437745455694 0 0 3 0 3 0 0 3 0 0
0.04898913533357598 0 0 3 0 3 0 0 3 0 3
0.04592362754375457 0 0 3 0 3 0 0 3 3 0
0.3371663318987872 0 0 3 0 3 0 3 0 0 0
0.043423610947098804 0 0 3 0 3 0 3 0 0 3
0.046066043628654164 0 0 3 0 3 0 3 0 3 0
0.04775108394011795 0 0 3 0 3 0 3 3 0 0
-0.0035472108826024268 0 0 3 0 3 1 0 3 3 1
-0.0017274180665075149 0 0 3 0 3 1 3 0 3 1
-0.0017697561618178898 0 0 3 0 3 1 3 3 0 1
-0.013565877572398969 0 0 3 0 3 1 3 3 3 1
-0.0035472108826024268 0 0 3 0 3 2 0 3 3 2
-0.0017274180665075149 0 0 3 0 3 2 3 0 3 2
-0.0017697561618178898 0 0 3 0 3 2 3 3 0 2
-0.013565877572398969 0 0 3 0 3 2 3 3 3 2
0.37490991102744425 0 0 3 0 3 3 0 0 0 0
0.04663182678227801 0 0 3 0 3 3 0 0 0 3
0.043891768698367827 0 0 3 0 3 3 0 0 3 0
0.045477441913036945 0 0 3 0 3 3 0 3 0 0
0.04574395249713064 0 0 3 0 3 3 3 0 0 0
-0.0058871679762612285 0 0 3 1 2 0 0 0 1 2
0.0058871679762612285 0 0 3 1 2 0 0 0 2 1
-0.0009147383306603455 0 0 3 1 2 0 0 3 1 2
0.0009147383306603455 0 0 3 1 2 0 0 3 2 1
-0.0007980798813817496 0 0 3 1 2 0 3 0 1 2
0.0007980798813817496 0 0 3 1 2 0 3 0 2 1
-0.00015833995794786265 0 0 3 1 2 1 0 3 2 0
-0.00022510225153662034 0 0 3 1 2 1 3 0 2 0
-0.0016801534090448843 0 0 3 1 2 1 3 3 2 0
-0.00023120739145273826 0 0 3 1 2 1 3 3 2 3
0.00015833995794786265 0 0 3 1 2 2 0 3 1 0
0.00022510225153662034 0 0 3 1 2 2 3 0 1 0
0.0016801534090448843 0 0 3 1 2 2 3 3 1 0
0.00023120739145273826 0 0 3 1 2 2 3 3 1 3
-0.0008120011286157532 0 0 3 1 2 3 0 0 1 2
0.0008120011286157532 0 0 3 1 2 3 0 0 2 1
0.0058871679762612285 0 0 3 2 1 0 0 0 1 2
-0.0058871679762612285 0 0 3 2 1 0 0 0 2 1
0.0009147383306603455 0 0 3 2 1 0 0 3 1 2
-0.0009147383306603455 0 0 3 2 1 0 0 3 2 1
0.0007980798813817496 0 0 3 2 1 0 3 0 1 2
-0.0007980798813817496 0 0 3 2 1 0 3 0 2 1
0.00015833995794786265 0 0 3 2 1 1 0 3 2 0
0.00022510225153662034 0 0 3 2 1 1 3 0 2 0
0.0016801534090448843 0 0 3 2 1 1 3 3 2 0
0.00023120739145273826 0 0 3 2 1 1 3 3 2 3
-0.00015833995794786265 0 0 3 2 1 2 0 3 1 0
-0.00022510225153662034 0 0 3 2 1 2 3 0 1 0
-0.0016801534090448843 0 0 3 2 1 2 3 3 1 0
-0.00023120739145273826 0 0 3 2 1 2 3 3 1 3
0.0008120011286157532 0 0 3 2 1 3 0 0 1 2
-0.0008120011286157532 0 0 3 2 1 3 0 0 2 1
-147.51036932267627 0 0 3 3 0 0 0 0 0 0
0.3248866630524119 0 0 3 3 0 0 0 0 0 3
0.3360136734366186 0 0 3 3 0 0 0 0 3 0
0.04592362754375458 0 0 3 3 0 0 0 0 3 3
0.3360136734366185 0 0 3 3 0 0 0 3 0 0
0.04592362754375457 0 0 3 3 0 0 0 3 0 3
0.04640103469792894 0 0 3 3 0 0 0 3 3 0
0.3269821940042833 0 0 3 3 0 0 3 0 0 0
0.03924640938186938 0 0 3 3 0 0 3 0 0 3
0.0448791725856409 0 0 3 3 0 0 3 0 3 0
0.044879172585640906 0 0 3 3 0 0 3 3 0 0
-0.0010250079949080445 0 0 3 3 0 1 0 3 3 1
-0.0018172070264117267 0 0 3 3 0 1 3 0 3 1
-0.0018172070264117267 0 0 3 3 0 1 3 3 0 1
-0.013699610577323162 0 0 3 3 0 1 3 3 3 1
-0.0010250079949080445 0 0 3 3 0 2 0 3 3 2
-0.0018172070264117267 0 0 3 3 0 2 3 0 3 2
-0.0018172070264117267 0 0 3 3 0 2 3 3 0 2
-0.013699610577323162 0 0 3 3 0 2 3 3 3 2
0.3752594273328429 0 0 3 3 0 3 0 0 0 0
0.04390391233862455 0 0 3 3 0 3 0 0 0 3
0.044320038523605276 0 0 3 3 0 3 0 0 3 0
0.044320038523605276 0 0 3 3 0 3 0 3 0 0
0.0430861416219286 0 0 3 3 0 3 3 0 0 0
0.3131123270998894 0 0 3 3 3 0 0 0 0 0
0.04626610837729442 0 0 3 3 3 0 0 0 0 3
0.04500888921309423 0 0 3 3 3 0 0 0 3 0
0.04500888921309423 0 0 3 3 3 0 0 3 0 0
0.045114748001910815 0 0 3 3 3 0 3 0 0 0
-0.0033888709246545634 0 0 3 3 3 1 0 0 3 1
-0.0033888709246545634 0 0 3 3 3 1 0 3 0 1
-0.02626043185156432 0 0 3 3 3 1 0 3 3 1
-0.0015073143912032302 0 0 3 3 3 1 3 0 0 1
-0.012115766146658439 0 0 3 3 3 1 3 0 3 1
-0.01211576614665844 0 0 3 3 3 1 3 3 0 1
4.399167396485223 0 0 3 3 3 1 3 3 3 1
-0.0033888709246545634 0 0 3 3 3 2 0 0 3 2
-0.0033888709246545634 0 0 3 3 3 2 0 3 0 2
-0.02626043185156432 0 0 3 3 3 2 0 3 3 2
-0.0015073143912032302 0 0 3 3 3 2 3 0 0 2
-0.012115766146658439 0 0 3 3 3 2 3 0 3 2
-0.01211576614665844 0 0 3 3 3 2 3 3 0 2
4.399167396485223 0 0 3 3 3 2 3 3 3 2
0.04504135743353492 0 0 3 3 3 3 0 0 0 0
0.0005459891458163332 0 1 0 0 1 0 1 0 0 1
0.0005459891458163332 0 1 0 0 1 0 2 0 0 2
82.50523787482358 0 1 0 0 2 0 1 0 0 2
-0.05816139921904344 0 1 0 0 2 0 1 0 3 2
-0.058161399219043425 0 1 0 0 2 0 1 3 0 2
-0.00746449838280494 0 1 0 0 2 0 1 3 3 2
-82.50523787482358 0 1 0 0 2 0 2 0 0 1
0.05816139921904344 0 1 0 0 2 0 2 0 3 1
0.058161399219043425 0 1 0 0 2 0 2 3 0 1
0.00746449838280494 0 1 0 0 2 0 2 3 3 1
0.0018413749531543248 0 1 0 0 2 1 2 3 3 0
-0.0018413749531543248 0 1 0 0 2 2 1 3 3 0
-0.08236800611763559 0 1 0 0 2 3 1 0 0 2
-0.006713005508936903 0 1 0 0 2 3 1 0 3 2
-0.006713005508936903 0 1 0 0 2 3 1 3 0 2
0.08236800611763559 0 1 0 0 2 3 2 0 0 1
0.006713005508936903 0 1 0 0 2 3 2 0 3 1
0.006713005508936903 0 1 0 0 2 3 2 3 0 1
0.001055168585203918 0 1 0 1 0 0 1 0 1 0
0.0010551685852039183 0 1 0 1 0 0 2 0 2 0
7.425080723157183 0 1 0 2 0 0 1 0 2 0
-0.00491712014897529 0 1 0 2 0 0 1 0 2 3
-0.005233860158622031 0 1 0 2 0 0 1 3 2 0
-0.0006893044103703101 0 1 0 2 0 0 1 3 2 3
-7.4250807231571825 0 1 0 2 0 0 2 0 1 0
0.00491712014897529 0 1 0 2 0 0 2 0 1 3
0.005233860158622031 0 1 0 2 0 0 2 3 1 0
0.0006893044103703101 0 1 0 2 0 0 2 3 1 3
-0.007355429929696522 0 1 0 2 0 3 1 0 2 0
-0.0006144061430397134 0 1 0 2 0 3 1 0 2 3
-0.0005976385089472961 0 1 0 2 0 3 1 3 2 0
0.007355429929696522 0 1 0 2 0 3 2 0 1 0
0.0006144061430397134 0 1 0 2 0 3 2 0 1 3
0.0005976385089472961 0 1 0 2 0 3 2 3 1 0
-0.00491712014897529 0 1 0 2 3 0 1 0 2 0
-0.0012414362921984129 0 1 0 2 3 0 1 0 2 3
-0.0007270905586477421 0 1 0 2 3 0 1 3 2 0
0.00491712014897529 0 1 0 2 3 0 2 0 1 0
0.0012414362921984129 0 1 0 2 3 0 2 0 1 3
0.0007270905586477421 0 1 0 2 3 0 2 3 1 0
3.6825387919138896e-05 0 1 0 2 3 1 1 3 2 1
-3.6825387919138896e-05 0 1 0 2 3 1 2 3 1 1
3.6825387919138896e-05 0 1 0 2 3 2 1 3 2 2
-3.6825387919138896e-05 0 1 0 2 3 2 2 3 1 2
-0.0007204221257124316 0 1 0 2 3 3 1 0 2 0
0.0007204221257124316 0 1 0 2 3 3 2 0 1 0
-0.05816139921904344 0 1 0 3 2 0 1 0 0 2
-0.008681676570224683 0 1 0 3 2 0 1 0 3 2
-0.007857629062519045 0 1 0 3 2 0 1 3 0 2
0.05816139921904344 0 1 0 3 2 0 2 0 0 1
0.008681676570224683 0 1 0 3 2 0 2 0 3 1
0.007857629062519045 0 1 0 3 2 0 2 3 0 1
0.0021216547510932425 0 1 0 3 2 1 2 0 3 0
0.001938354140477836 0 1 0 3 2 1 2 3 0 0
0.01434750712908751 0 1 0 3 2 1 2 3 3 0
0.0024023861319906357 0 1 0 3 2 1 2 3 3 3
-0.0021216547510932425 0 1 0 3 2 2 1 0 3 0
-0.001938354140477836 0 1 0 3 2 2 1 3 0 0
-0.01434750712908751 0 1 0 3 2 2 1 3 3 0
-0.0024023861319906357 0 1 0 3 2 2 1 3 3 3
-0.00823841644589806 0 1 0 3 2 3 1 0 0 2
0.00823841644589806 0 1 0 3 2 3 2 0 0 1
0.0010551685852039183 0 1 1 0 0 0 1 1 0 0
0.001055168585203918 0 1 1 0 0 0 2 2 0 0
0.0004309168279915366 0 1 1 2 2 0 1 1 2 2
-0.00039313067971410466 0 1 1 2 2 0 1 2 1 2
-3.778614827743198e-05 0 1 1 2 2 0 1 2 2 1
-3.778614827743198e-05 0 1 1 2 2 0 2 1 1 2
-0.00039313067971410466 0 1 1 2 2 0 2 1 2 1
0.0004309168279915366 0 1 1 2 2 0 2 2 1 1
1.0657764031615689e-05 0 1 1 2 2 1 1 2 2 0
-9.697918732351128e-05 0 1 1 2 2 1 2 1 2 0
8.63214232918956e-05 0 1 1 2 2 1 2 2 1 0
8.63214232918956e-05 0 1 1 2 2 2 1 1 2 0
-9.697918732351128e-05 0 1 1 2 2 2 1 2 1 0
1.0657764031615689e-05 0 1 1 2 2 2 2 1 1 0
7.425080723157183 0 1 2 0 0 0 1 2 0 0
-0.00491712014897529 0 1 2 0 0 0 1 2 0 3
-0.005233860158622032 0 1 2 0 0 0 1 2 3 0
-0.0006893044103703101 0 1 2 0 0 0 1 2 3 3
-7.4250807231571825 0 1 2 0 0 0 2 1 0 0
0.00491712014897529 0 1 2 0 0 0 2 1 0 3
0.005233860158622032 0 1 2 0 0 0 2 1 3 0
0.0006893044103703101 0 1 2 0 0 0 2 1 3 3
-0.007355429929696522 0 1 2 0 0 3 1 2 0 0
-0.0006144061430397134 0 1 2 0 0 3 1 2 0 3
-0.0005976385089472961 0 1 2 0 0 3 1 2 3 0
0.007355429929696522 0 1 2 0 0 3 2 1 0 0
0.0006144061430397134 0 1 2 0 0 3 2 1 0 3
0.0005976385089472961 0 1 2 0 0 3 2 1 3 0
-0.00491712014897529 0 1 2 0 3 0 1 2 0 0
-0.0012414362921984129 0 1 2 0 3 0 1 2 0 3
-0.0007270905586477421 0 1 2 0 3 0 1 2 3 0
0.00491712014897529 0 1 2 0 3 0 2 1 0 0
0.0012414362921984129 0 1 2 0 3 0 2 1 0 3
0.0007270905586477421 0 1 2 0 3 0 2 1 3 0
3.6825387919138896e-05 0 1 2 0 3 1 1 2 3 1
-3.6825387919138896e-05 0 1 2 0 3 1 2 1 3 1
3.6825387919138896e-05 0 1 2 0 3 2 1 2 3 2
-3.6825387919138896e-05 0 1 2 0 3 2 2 1 3 2
-0.0007204221257124316 0 1 2 0 3 3 1 2 0 0
0.0007204221257124316 0 1 2 0 3 3 2 1 0 0
-0.00039313067971410466 0 1 2 1 2 0 1 1 2 2
0.0004309168279915366 0 1 2 1 2 0 1 2 1 2
-3.778614827743198e-05 0 1 2 1 2 0 1 2 2 1
-3.778614827743198e-05 0 1 2 1 2 0 2 1 1 2
0.0004309168279915366 0 1 2 1 2 0 2 1 2 1
-0.00039313067971410466 0 1 2 1 2 0 2 2 1 1
1.0657764031615689e-05 0 1 2 1 2 1 1 2 2 0
8.63214232918956e-05 0 1 2 1 2 1 2 1 2 0
-9.697918732351128e-05 0 1 2 1 2 1 2 2 1 0
-9.697918732351128e-05 0 1 2 1 2 2 1 1 2 0
8.63214232918956e-05 0 1 2 1 2 2 1 2 1 0
1.0657764031615689e-05 0 1 2 1 2 2 2 1 1 0
-3.778614827743198e-05 0 1 2 2 1 0 1 1 2 2
-3.778614827743198e-05 0 1 2 2 1 0 1 2 1 2
7.557229655486396e-05 0 1 2 2 1 0 1 2 2 1
7.557229655486396e-05 0 1 2 2 1 0 2 1 1 2
-3.778614827743198e-05 0 1 2 2 1 0 2 1 2 1
-3.778614827743198e-05 0 1 2 2 1 0 2 2 1 1
-2.1315528063231378e-05 0 1 2 2 1 1 1 2 2 0
1.0657764031615689e-05 0 1 2 2 1 1 2 1 2 0
1.0657764031615689e-05 0 1 2 2 1 1 2 2 1 0
1.0657764031615689e-05 0 1 2 2 1 2 1 1 2 0
1.0657764031615689e-05 0 1 2 2 1 2 1 2 1 0
-2.1315528063231378e-05 0 1 2 2 1 2 2 1 1 0
-0.005233860158622032 0 1 2 3 0 0 1 2 0 0
-0.0007270905586477421 0 1 2 3 0 0 1 2 0 3
-0.0008132284527488687 0 1 2 3 0 0 1 2 3 0
0.005233860158622032 0 1 2 3 0 0 2 1 0 0
0.0007270905586477421 0 1 2 3 0 0 2 1 0 3
0.0008132284527488687 0 1 2 3 0 0 2 1 3 0
0.00016813547407105404 0 1 2 3 0 1 1 2 3 1
5.388182581842333e-05 0 1 2 3 0 1 2 1 3 1
0.00022201729988947737 0 1 2 3 0 1 2 2 3 2
-0.00022201729988947737 0 1 2 3 0 2 1 1 3 1
-5.388182581842333e-05 0 1 2 3 0 2 1 2 3 2
-0.00016813547407105404 0 1 2 3 0 2 2 1 3 2
-0.0007322789283356171 0 1 2 3 0 3 1 2 0 0
0.0007322789283356171 0 1 2 3 0 3 2 1 0 0
-0.0006893044103703101 0 1 2 3 3 0 1 2 0 0
0.0006893044103703101 0 1 2 3 3 0 2 1 0 0
2.6167623887523212e-05 0 1 2 3 3 1 1 2 0 1
0.00023004198330435702 0 1 2 3 3 1 1 2 3 1
-2.6167623887523212e-05 0 1 2 3 3 1 2 1 0 1
-0.00023004198330435702 0 1 2 3 3 1 2 1 3 1
2.6167623887523212e-05 0 1 2 3 3 2 1 2 0 2
0.00023004198330435702 0 1 2 3 3 2 1 2 3 2
-2.6167623887523212e-05 0 1 2 3 3 2 2 1 0 2
-0.00023004198330435702 0 1 2 3 3 2 2 1 3 2
-0.058161399219043425 0 1 3 0 2 0 1 0 0 2
-0.007857629062519045 0 1 3 0 2 0 1 0 3 2
-0.008681676570224683 0 1 3 0 2 0 1 3 0 2
0.058161399219043425 0 1 3 0 2 0 2 0 0 1
0.007857629062519045 0 1 3 0 2 0 2 0 3 1
0.008681676570224683 0 1 3 0 2 0 2 3 0 1
0.001938354140477836 0 1 3 0 2 1 2 0 3 0
0.0021216547510932425 0 1 3 0 2 1 2 3 0 0
0.014347507129087512 0 1 3 0 2 1 2 3 3 0
0.0024023861319906357 0 1 3 0 2 1 2 3 3 3
-0.001938354140477836 0 1 3 0 2 2 1 0 3 0
-0.0021216547510932425 0 1 3 0 2 2 1 3 0 0
-0.014347507129087512 0 1 3 0 2 2 1 3 3 0
-0.0024023861319906357 0 1 3 0 2 2 1 3 3 3
-0.00823841644589806 0 1 3 0 2 3 1 0 0 2
0.00823841644589806 0 1 3 0 2 3 2 0 0 1
-0.005233860158622031 0 1 3 2 0 0 1 0 2 0
-0.0007270905586477421 0 1 3 2 0 0 1 0 2 3
-0.0008132284527488687 0 1 3 2 0 0 1 3 2 0
0.005233860158622031 0 1 3 2 0 0 2 0 1 0
0.0007270905586477421 0 1 3 2 0 0 2 0 1 3
0.0008132284527488687 0 1 3 2 0 0 2 3 1 0
0.00016813547407105404 0 1 3 2 0 1 1 3 2 1
5.388182581842333e-05 0 1 3 2 0 1 2 3 1 1
0.00022201729988947737 0 1 3 2 0 1 2 3 2 2
-0.00022201729988947737 0 1 3 2 0 2 1 3 1 1
-5.388182581842333e-05 0 1 3 2 0 2 1 3 2 2
-0.00016813547407105404 0 1 3 2 0 2 2 3 1 2
-0.0007322789283356171 0 1 3 2 0 3 1 0 2 0
0.0007322789283356171 0 1 3 2 0 3 2 0 1 0
-0.0006893044103703101 0 1 3 2 3 0 1 0 2 0
0.0006893044103703101 0 1 3 2 3 0 2 0 1 0
2.6167623887523212e-05 0 1 3 2 3 1 1 0 2 1
0.00023004198330435702 0 1 3 2 3 1 1 3 2 1
-2.6167623887523212e-05 0 1 3 2 3 1 2 0 1 1
-0.00023004198330435702 0 1 3 2 3 1 2 3 1 1
2.6167623887523212e-05 0 1 3 2 3 2 1 0 2 2
0.00023004198330435702 0 1 3 2 3 2 1 3 2 2
-2.6167623887523212e-05 0 1 3 2 3 2 2 0 1 2
-0.00023004198330435702 0 1 3 2 3 2 2 3 1 2
2.5925398344751925e-05 0 1 3 3 1 1 1 3 3 0
2.5925398344751925e-05 0 1 3 3 1 2 2 3 3 0
-0.00746449838280494 0 1 3 3 2 0 1 0 0 2
0.00746449838280494 0 1 3 3 2 0 2 0 0 1
0.0018413749531543248 0 1 3 3 2 1 2 0 0 0
0.01434750712908751 0 1 3 3 2 1 2 0 3 0
0.0021803688321011586 0 1 3 3 2 1 2 0 3 3
0.014347507129087512 0 1 3 3 2 1 2 3 0 0
0.0021803688321011586 0 1 3 3 2 1 2 3 0 3
-20.351727500455215 0 1 3 3 2 1 2 3 3 0
0.016035579376695572 0 1 3 3 2 1 2 3 3 3
-0.0018413749531543248 0 1 3 3 2 2 1 0 0 0
-0.01434750712908751 0 1 3 3 2 2 1 0 3 0
-0.0021803688321011586 0 1 3 3 2 2 1 0 3 3
-0.014347507129087512 0 1 3 3 2 2 1 3 0 0
-0.0021803688321011586 0 1 3 3 2 2 1 3 0 3
20.351727500455215 0 1 3 3 2 2 1 3 3 0
-0.016035579376695572 0 1 3 3 2 2 1 3 3 3
-82.50523787482358 0 2 0 0 1 0 1 0 0 2
0.05816139921904344 0 2 0 0 1 0 1 0 3 2
0.058161399219043425 0 2 0 0 1 0 1 3 0 2
0.00746449838280494 0 2 0 0 1 0 1 3 3 2
82.50523787482358 0 2 0 0 1 0 2 0 0 1
-0.05816139921904344 0 2 0 0 1 0 2 0 3 1
-0.058161399219043425 0 2 0 0 1 0 2 3 0 1
-0.00746449838280494 0 2 0 0 1 0 2 3 3 1
-0.0018413749531543248 0 2 0 0 1 1 2 3 3 0
0.0018413749531543248 0 2 0 0 1 2 1 3 3 0
0.08236800611763559 0 2 0 0 1 3 1 0 0 2
0.006713005508936903 0 2 0 0 1 3 1 0 3 2
0.006713005508936903 0 2 0 0 1 3 1 3 0 2
-0.08236800611763559 0 2 0 0 1 3 2 0 0 1
-0.006713005508936903 0 2 0 0 1 3 2 0 3 1
-0.006713005508936903 0 2 0 0 1 3 2 3 0 1
0.0005459891458163332 0 2 0 0 2 0 1 0 0 1
0.0005459891458163332 0 2 0 0 2 0 2 0 0 2
-7.4250807231571825 0 2 0 1 0 0 1 0 2 0
0.00491712014897529 0 2 0 1 0 0 1 0 2 3
0.005233860158622031 0 2 0 1 0 0 1 3 2 0
0.0006893044103703101 0 2 0 1 0 0 1 3 2 3
7.4250807231571825 0 2 0 1 0 0 2 0 1 0
-0.00491712014897529 0 2 0 1 0 0 2 0 1 3
-0.005233860158622031 0 2 0 1 0 0 2 3 1 0
-0.0006893044103703101 0 2 0 1 0 0 2 3 1 3
0.007355429929696522 0 2 0 1 0 3 1 0 2 0
0.0006144061430397134 0 2 0 1 0 3 1 0 2 3
0.0005976385089472961 0 2 0 1 0 3 1 3 2 0
-0.007355429929696522 0 2 0 1 0 3 2 0 1 0
-0.0006144061430397134 0 2 0 1 0 3 2 0 1 3
-0.0005976385089472961 0 2 0 1 0 3 2 3 1 0
0.00491712014897529 0 2 0 1 3 0 1 0 2 0
0.0012414362921984129 0 2 0 1 3 0 1 0 2 3
0.0007270905586477421 0 2 0 1 3 0 1 3 2 0
-0.00491712014897529 0 2 0 1 3 0 2 0 1 0
-0.0012414362921984129 0 2 0 1 3 0 2 0 1 3
-0.0007270905586477421 0 2 0 1 3 0 2 3 1 0
-3.6825387919138896e-05 0 2 0 1 3 1 1 3 2 1
3.6825387919138896e-05 0 2 0 1 3 1 2 3 1 1
-3.6825387919138896e-05 0 2 0 1 3 2 1 3 2 2
3.6825387919138896e-05 0 2 0 1 3 2 2 3 1 2
0.0007204221257124316 0 2 0 1 3 3 1 0 2 0
-0.0007204221257124316 0 2 0 1 3 3 2 0 1 0
0.001055168585203918 0 2 0 2 0 0 1 0 1 0
0.001055168585203918 0 2 0 2 0 0 2 0 2 0
0.05816139921904344 0 2 0 3 1 0 1 0 0 2
0.008681676570224683 0 2 0 3 1 0 1 0 3 2
0.007857629062519045 0 2 0 3 1 0 1 3 0 2
-0.05816139921904344 0 2 0 3 1 0 2 0 0 1
-0.008681676570224683 0 2 0 3 1 0 2 0 3 1
-0.007857629062519045 0 2 0 3 1 0 2 3 0 1
-0.0021216547510932425 0 2 0 3 1 1 2 0 3 0
-0.001938354140477836 0 2 0 3 1 1 2 3 0 0
-0.01434750712908751 0 2 0 3 1 1 2 3 3 0
-0.0024023861319906357 0 2 0 3 1 1 2 3 3 3
0.0021216547510932425 0 2 0 3 1 2 1 0 3 0
0.001938354140477836 0 2 0 3 1 2 1 3 0 0
0.01434750712908751 0 2 0 3 1 2 1 3 3 0
0.0024023861319906357 0 2 0 3 1 2 1 3 3 3
0.00823841644589806 0 2 0 3 1 3 1 0 0 2
-0.00823841644589806 0 2 0 3 1 3 2 0 0 1
-7.4250807231571825 0 2 1 0 0 0 1 2 0 0
0.00491712014897529 0 2 1 0 0 0 1 2 0 3
0.005233860158622032 0 2 1 0 0 0 1 2 3 0
0.0006893044103703101 0 2 1 0 0 0 1 2 3 3
7.4250807231571825 0 2 1 0 0 0 2 1 0 0
-0.00491712014897529 0 2 1 0 0 0 2 1 0 3
-0.005233860158622032 0 2 1 0 0 0 2 1 3 0
-0.0006893044103703101 0 2 1 0 0 0 2 1 3 3
0.007355429929696522 0 2 1 0 0 3 1 2 0 0
0.0006144061430397134 0 2 1 0 0 3 1 2 0 3
0.0005976385089472961 0 2 1 0 0 3 1 2 3 0
-0.007355429929696522 0 2 1 0 0 3 2 1 0 0
-0.0006144061430397134 0 2 1 0 0 3 2 1 0 3
-0.0005976385089472961 0 2 1 0 0 3 2 1 3 0
0.00491712014897529 0 2 1 0 3 0 1 2 0 0
0.0012414362921984129 0 2 1 0 3 0 1 2 0 3
0.0007270905586477421 0 2 1 0 3 0 1 2 3 0
-0.00491712014897529 0 2 1 0 3 0 2 1 0 0
-0.0012414362921984129 0 2 1 0 3 0 2 1 0 3
-0.0007270905586477421 0 2 1 0 3 0 2 1 3 0
-3.6825387919138896e-05 0 2 1 0 3 1 1 2 3 1
3.6825387919138896e-05 0 2 1 0 3 1 2 1 3 1
-3.6825387919138896e-05 0 2 1 0 3 2 1 2 3 2
3.6825387919138896e-05 0 2 1 0 3 2 2 1 3 2
0.0007204221257124316 0 2 1 0 3 3 1 2 0 0
-0.0007204221257124316 0 2 1 0 3 3 2 1 0 0
-3.778614827743198e-05 0 2 1 1 2 0 1 1 2 2
-3.778614827743198e-05 0 2 1 1 2 0 1 2 1 2
7.557229655486396e-05 0 2 1 1 2 0 1 2 2 1
7.557229655486396e-05 0 2 1 1 2 0 2 1 1 2
-3.778614827743198e-05 0 2 1 1 2 0 2 1 2 1
-3.778614827743198e-05 0 2 1 1 2 0 2 2 1 1
-2.1315528063231378e-05 0 2 1 1 2 1 1 2 2 0
1.0657764031615689e-05 0 2 1 1 2 1 2 1 2 0
1.0657764031615689e-05 0 2 1 1 2 1 2 2 1 0
1.0657764031615689e-05 0 2 1 1 2 2 1 1 2 0
1.0657764031615689e-05 0 2 1 1 2 2 1 2 1 0
-2.1315528063231378e-05 0 2 1 1 2 2 2 1 1 0
-0.00039313067971410466 0 2 1 2 1 0 1 1 2 2
0.0004309168279915366 0 2 1 2 1 0 1 2 1 2
-3.778614827743198e-05 0 2 1 2 1 0 1 2 2 1
-3.778614827743198e-05 0 2 1 2 1 0 2 1 1 2
0.0004309168279915366 0 2 1 2 1 0 2 1 2 1
-0.00039313067971410466 0 2 1 2 1 0 2 2 1 1
1.0657764031615689e-05 0 2 1 2 1 1 1 2 2 0
8.63214232918956e-05 0 2 1 2 1 1 2 1 2 0
-9.697918732351128e-05 0 2 1 2 1 1 2 2 1 0
-9.697918732351128e-05 0 2 1 2 1 2 1 1 2 0
8.63214232918956e-05 0 2 1 2 1 2 1 2 1 0
1.0657764031615689e-05 0 2 1 2 1 2 2 1 1 0
0.005233860158622032 0 2 1 3 0 0 1 2 0 0
0.0007270905586477421 0 2 1 3 0 0 1 2 0 3
0.0008132284527488687 0 2 1 3 0 0 1 2 3 0
-0.005233860158622032 0 2 1 3 0 0 2 1 0 0
-0.0007270905586477421 0 2 1 3 0 0 2 1 0 3
-0.0008132284527488687 0 2 1 3 0 0 2 1 3 0
-0.00016813547407105404 0 2 1 3 0 1 1 2 3 1
-5.388182581842333e-05 0 2 1 3 0 1 2 1 3 1
-0.00022201729988947737 0 2 1 3 0 1 2 2 3 2
0.00022201729988947737 0 2 1 3 0 2 1 1 3 1
5.388182581842333e-05 0 2 1 3 0 2 1 2 3 2
0.00016813547407105404 0 2 1 3 0 2 2 1 3 2
0.0007322789283356171 0 2 1 3 0 3 1 2 0 0
-0.0007322789283356171 0 2 1 3 0 3 2 1 0 0
0.0006893044103703101 0 2 1 3 3 0 1 2 0 0
-0.0006893044103703101 0 2 1 3 3 0 2 1 0 0
-2.6167623887523212e-05 0 2 1 3 3 1 1 2 0 1
-0.00023004198330435702 0 2 1 3 3 1 1 2 3 1
2.6167623887523212e-05 0 2 1 3 3 1 2 1 0 1
0.00023004198330435702 0 2 1 3 3 1 2 1 3 1
-2.6167623887523212e-05 0 2 1 3 3 2 1 2 0 2
-0.00023004198330435702 0 2 1 3 3 2 1 2 3 2
2.6167623887523212e-05 0 2 1 3 3 2 2 1 0 2
0.00023004198330435702 0 2 1 3 3 2 2 1 3 2
0.001055168585203918 0 2 2 0 0 0 1 1 0 0
0.0010551685852039183 0 2 2 0 0 0 2 2 0 0
0.0004309168279915366 0 2 2 1 1 0 1 1 2 2
-0.00039313067971410466 0 2 2 1 1 0 1 2 1 2
-3.778614827743198e-05 0 2 2 1 1 0 1 2 2 1
-3.778614827743198e-05 0 2 2 1 1 0 2 1 1 2
-0.00039313067971410466 0 2 2 1 1 0 2 1 2 1
0.0004309168279915366 0 2 2 1 1 0 2 2 1 1
1.0657764031615689e-05 0 2 2 1 1 1 1 2 2 0
-9.697918732351128e-05 0 2 2 1 1 1 2 1 2 0
8.63214232918956e-05 0 2 2 1 1 1 2 2 1 0
8.63214232918956e-05 0 2 2 1 1 2 1 1 2 0
-9.697918732351128e-05 0 2 2 1 1 2 1 2 1 0
1.0657764031615689e-05 0 2 2 1 1 2 2 1 1 0
0.058161399219043425 0 2 3 0 1 0 1 0 0 2
0.007857629062519045 0 2 3 0 1 0 1 0 3 2
0.008681676570224683 0 2 3 0 1 0 1 3 0 2
-0.058161399219043425 0 2 3 0 1 0 2 0 0 1
-0.007857629062519045 0 2 3 0 1 0 2 0 3 1
-0.008681676570224683 0 2 3 0 1 0 2 3 0 1
-0.001938354140477836 0 2 3 0 1 1 2 0 3 0
-0.0021216547510932425 0 2 3 0 1 1 2 3 0 0
-0.014347507129087512 0 2 3 0 1 1 2 3 3 0
-0.0024023861319906357 0 2 3 0 1 1 2 3 3 3
0.001938354140477836 0 2 3 0 1 2 1 0 3 0
0.0021216547510932425 0 2 3 0 1 2 1 3 0 0
0.014347507129087512 0 2 3 0 1 2 1 3 3 0
0.0024023861319906357 0 2 3 0 1 2 1 3 3 3
0.00823841644589806 0 2 3 0 1 3 1 0 0 2
-0.00823841644589806 0 2 3 0 1 3 2 0 0 1
0.005233860158622031 0 2 3 1 0 0 1 0 2 0
0.0007270905586477421 0 2 3 1 0 0 1 0 2 3
0.0008132284527488687 0 2 3 1 0 0 1 3 2 0
-0.005233860158622031 0 2 3 1 0 0 2 0 1 0
-0.0007270905586477421 0 2 3 1 0 0 2 0 1 3
-0.0008132284527488687 0 2 3 1 0 0 2 3 1 0
-0.00016813547407105404 0 2 3 1 0 1 1 3 2 1
-5.388182581842333e-05 0 2 3 1 0 1 2 3 1 1
-0.00022201729988947737 0 2 3 1 0 1 2 3 2 2
0.00022201729988947737 0 2 3 1 0 2 1 3 1 1
5.388182581842333e-05 0 2 3 1 0 2 1 3 2 2
0.00016813547407105404 0 2 3 1 0 2 2 3 1 2
0.0007322789283356171 0 2 3 1 0 3 1 0 2 0
-0.0007322789283356171 0 2 3 1 0 3 2 0 1 0
0.0006893044103703101 0 2 3 1 3 0 1 0 2 0
-0.0006893044103703101 0 2 3 1 3 0 2 0 1 0
-2.6167623887523212e-05 0 2 3 1 3 1 1 0 2 1
-0.00023004198330435702 0 2 3 1 3 1 1 3 2 1
2.6167623887523212e-05 0 2 3 1 3 1 2 0 1 1
0.00023004198330435702 0 2 3 1 3 1 2 3 1 1
-2.6167623887523212e-05 0 2 3 1 3 2 1 0 2 2
-0.00023004198330435702 0 2 3 1 3 2 1 3 2 2
2.6167623887523212e-05 0 2 3 1 3 2 2 0 1 2
0.00023004198330435702 0 2 3 1 3 2 2 3 1 2
0.00746449838280494 0 2 3 3 1 0 1 0 0 2
-0.00746449838280494 0 2 3 3 1 0 2 0 0 1
-0.0018413749531543248 0 2 3 3 1 1 2 0 0 0
-0.01434750712908751 0 2 3 3 1 1 2 0 3 0
-0.0021803688321011586 0 2 3 3 1 1 2 0 3 3
-0.014347507129087512 0 2 3 3 1 1 2 3 0 0
-0.0021803688321011586 0 2 3 3 1 1 2 3 0 3
20.351727500455215 0 2 3 3 1 1 2 3 3 0
-0.016035579376695572 0 2 3 3 1 1 2 3 3 3
0.0018413749531543248 0 2 3 3 1 2 1 0 0 0
0.01434750712908751 0 2 3 3 1 2 1 0 3 0
0.0021803688321011586 0 2 3 3 1 2 1 0 3 3
0.014347507129087512 0 2 3 3 1 2 1 3 0 0
0.0021803688321011586 0 2 3 3 1 2 1 3 0 3
-20.351727500455215 0 2 3 3 1 2 1 3 3 0
0.016035579376695572 0 2 3 3 1 2 1 3 3 3
2.592539834475171e-05 0 2 3 3 2 1 1 3 3 0
2.592539834475171e-05 0 2 3 3 2 2 2 3 3 0
-1169.2892909607115 0 3 0 0 0 0 0 0 0 0
-175.91700213697916 0 3 0 0 0 0 0 0 0 3
-155.8590102495861 0 3 0 0 0 0 0 0 3 0
0.33716633189878714 0 3 0 0 0 0 0 0 3 3
-155.8590102495861 0 3 0 0 0 0 0 3 0 0
0.33716633189878714 0 3 0 0 0 0 0 3 0 3
0.3269821940042833 0 3 0 0 0 0 0 3 3 0
0.045114748001910815 0 3 0 0 0 0 0 3 3 3
-173.49786616256642 0 3 0 0 0 0 3 0 0 0
0.30893093168840446 0 3 0 0 0 0 3 0 0 3
0.3413899760359411 0 3 0 0 0 0 3 0 3 0
0.04130686709025145 0 3 0 0 0 0 3 0 3 3
0.3413899760359411 0 3 0 0 0 0 3 3 0 0
0.04130686709025145 0 3 0 0 0 0 3 3 0 3
0.044335824259471655 0 3 0 0 0 0 3 3 3 0
-0.002505072370191527 0 3 0 0 0 1 3 3 3 1
-0.002505072370191527 0 3 0 0 0 2 3 3 3 2
-161.17878156969775 0 3 0 0 0 3 0 0 0 0
0.3793508099222892 0 3 0 0 0 3 0 0 0 3
0.36409560893674886 0 3 0 0 0 3 0 0 3 0
0.042261731007989356 0 3 0 0 0 3 0 0 3 3
0.36409560893674875 0 3 0 0 0 3 0 3 0 0
0.042261731007989356 0 3 0 0 0 3 0 3 0 3
0.039943866317879224 0 3 0 0 0 3 0 3 3 0
0.3845295961133915 0 3 0 0 0 3 3 0 0 0
0.038114784600202206 0 3 0 0 0 3 3 0 0 3
0.04167039625250846 0 3 0 0 0 3 3 0 3 0
0.04167039625250846 0 3 0 0 0 3 3 3 0 0
-93.41121827300975 0 3 0 0 3 0 0 0 0 0
0.309075738664523 0 3 0 0 3 0 0 0 0 3
0.2849617661820312 0 3 0 0 3 0 0 0 3 0
0.043423610947098804 0 3 0 0 3 0 0 0 3 3
0.2849617661820312 0 3 0 0 3 0 0 3 0 0
0.043423610947098804 0 3 0 0 3 0 0 3 0 3
0.03924640938186938 0 3 0 0 3 0 0 3 3 0
0.30893093168840446 0 3 0 0 3 0 3 0 0 0
0.05207395694698485 0 3 0 0 3 0 3 0 0 3
0.04256803932398893 0 3 0 0 3 0 3 0 3 0
0.04256803932398893 0 3 0 0 3 0 3 3 0 0
-0.003798893847430795 0 3 0 0 3 1 0 3 3 1
-0.002151077946702026 0 3 0 0 3 1 3 0 3 1
-0.002151077946702026 0 3 0 0 3 1 3 3 0 1
-0.016074840622403525 0 3 0 0 3 1 3 3 3 1
-0.003798893847430795 0 3 0 0 3 2 0 3 3 2
-0.002151077946702026 0 3 0 0 3 2 3 0 3 2
-0.002151077946702026 0 3 0 0 3 2 3 3 0 2
-0.016074840622403525 0 3 0 0 3 2 3 3 3 2
0.31920749163324275 0 3 0 0 3 3 0 0 0 0
0.043574787321803664 0 3 0 0 3 3 0 0 0 3
0.03933483503039147 0 3 0 0 3 3 0 0 3 0
0.03933483503039147 0 3 0 0 3 3 0 3 0 0
0.043345974485255456 0 3 0 0 3 3 3 0 0 0
-0.005956833502287481 0 3 0 1 2 0 0 0 1 2
0.005956833502287481 0 3 0 1 2 0 0 0 2 1
-0.0007980798813817496 0 3 0 1 2 0 0 3 1 2
0.0007980798813817496 0 3 0 1 2 0 0 3 2 1
-0.0012611722337374826 0 3 0 1 2 0 3 0 1 2
0.0012611722337374826 0 3 0 1 2 0 3 0 2 1
-0.00022510225153662034 0 3 0 1 2 1 0 3 2 0
-0.0002580063256850845 0 3 0 1 2 1 3 0 2 0
-0.0016605039138892846 0 3 0 1 2 1 3 3 2 0
-0.00018925600682773294 0 3 0 1 2 1 3 3 2 3
0.00022510225153662034 0 3 0 1 2 2 0 3 1 0
0.0002580063256850845 0 3 0 1 2 2 3 0 1 0
0.0016605039138892846 0 3 0 1 2 2 3 3 1 0
0.00018925600682773294 0 3 0 1 2 2 3 3 1 3
-0.0008204534344371438 0 3 0 1 2 3 0 0 1 2
0.0008204534344371438 0 3 0 1 2 3 0 0 2 1
0.005956833502287481 0 3 0 2 1 0 0 0 1 2
-0.005956833502287481 0 3 0 2 1 0 0 0 2 1
0.0007980798813817496 0 3 0 2 1 0 0 3 1 2
-0.0007980798813817496 0 3 0 2 1 0 0 3 2 1
0.0012611722337374826 0 3 0 2 1 0 3 0 1 2
-0.0012611722337374826 0 3 0 2 1 0 3 0 2 1
0.00022510225153662034 0 3 0 2 1 1 0 3 2 0
0.0002580063256850845 0 3 0 2 1 1 3 0 2 0
0.0016605039138892846 0 3 0 2 1 1 3 3 2 0
0.00018925600682773294 0 3 0 2 1 1 3 3 2 3
-0.00022510225153662034 0 3 0 2 1 2 0 3 1 0
-0.0002580063256850845 0 3 0 2 1 2 3 0 1 0
-0.0016605039138892846 0 3 0 2 1 2 3 3 1 0
-0.00018925600682773294 0 3 0 2 1 2 3 3 1 3
0.0008204534344371438 0 3 0 2 1 3 0 0 1 2
-0.0008204534344371438 0 3 0 2 1 3 0 0 2 1
-148.4328743578438 0 3 0 3 0 0 0 0 0 0
0.33820604525209935 0 3 0 3 0 0 0 0 0 3
0.3384795803441749 0 3 0 3 0 0 0 0 3 0
0.04775108394011795 0 3 0 3 0 0 0 0 3 3
0.3273254160118325 0 3 0 3 0 0 0 3 0 0
0.046066043628654164 0 3 0 3 0 0 0 3 0 3
0.0448791725856409 0 3 0 3 0 0 0 3 3 0
0.34138997603594123 0 3 0 3 0 0 3 0 0 0
0.04256803932398893 0 3 0 3 0 0 3 0 0 3
0.04693040548309941 0 3 0 3 0 0 3 0 3 0
0.04520068466734757 0 3 0 3 0 0 3 3 0 0
-0.004228783249965624 0 3 0 3 0 1 0 3 3 1
-0.002508802708817243 0 3 0 3 0 1 3 0 3 1
-0.00238014514518161 0 3 0 3 0 1 3 3 0 1
-0.017854063689224882 0 3 0 3 0 1 3 3 3 1
-0.004228783249965624 0 3 0 3 0 2 0 3 3 2
-0.002508802708817243 0 3 0 3 0 2 3 0 3 2
-0.00238014514518161 0 3 0 3 0 2 3 3 0 2
-0.017854063689224882 0 3 0 3 0 2 3 3 3 2
0.377965696757254 0 3 0 3 0 3 0 0 0 0
0.045667903156980307 0 3 0 3 0 3 0 0 0 3
0.04451232302905217 0 3 0 3 0 3 0 0 3 0
0.04296408319217017 0 3 0 3 0 3 0 3 0 0
0.04496135869182393 0 3 0 3 0 3 3 0 0 0
0.2740878125307684 0 3 0 3 3 0 0 0 0 0
0.042182174654900394 0 3 0 3 3 0 0 0 0 3
0.03906940736989327 0 3 0 3 3 0 0 0 3 0
0.038170628417857684 0 3 0 3 3 0 0 3 0 0
0.04130686709025145 0 3 0 3 3 0 3 0 0 0
-0.0038914109129111326 0 3 0 3 3 1 0 0 3 1
-0.0036551144429537354 0 3 0 3 3 1 0 3 0 1
-0.028143426684790834 0 3 0 3 3 1 0 3 3 1
-0.001893071621016942 0 3 0 3 3 1 3 0 0 1
-0.015141118858320616 0 3 0 3 3 1 3 0 3 1
-0.014656597425116366 0 3 0 3 3 1 3 3 0 1
8.09661736562152 0 3 0 3 3 1 3 3 3 1
-0.0038914109129111326 0 3 0 3 3 2 0 0 3 2
-0.0036551144429537354 0 3 0 3 3 2 0 3 0 2
-0.028143426684790834 0 3 0 3 3 2 0 3 3 2
-0.001893071621016942 0 3 0 3 3 2 3 0 0 2
-0.015141118858320616 0 3 0 3 3 2 3 0 3 2
-0.014656597425116366 0 3 0 3 3 2 3 3 0 2
8.09661736562152 0 3 0 3 3 2 3 3 3 2
0.039468673390874266 0 3 0 3 3 3 0 0 0 0
-0.005956833502287481 0 3 1 0 2 0 0 1 0 2
-0.0007980798813817496 0 3 1 0 2 0 0 1 3 2
0.005956833502287481 0 3 1 0 2 0 0 2 0 1
0.0007980798813817496 0 3 1 0 2 0 0 2 3 1
-0.0012611722337374826 0 3 1 0 2 0 3 1 0 2
0.0012611722337374826 0 3 1 0 2 0 3 2 0 1
-0.00022510225153662034 0 3 1 0 2 1 0 2 3 0
-0.0002580063256850845 0 3 1 0 2 1 3 2 0 0
-0.0016605039138892848 0 3 1 0 2 1 3 2 3 0
-0.00018925600682773294 0 3 1 0 2 1 3 2 3 3
0.00022510225153662034 0 3 1 0 2 2 0 1 3 0
0.0002580063256850845 0 3 1 0 2 2 3 1 0 0
0.0016605039138892848 0 3 1 0 2 2 3 1 3 0
0.00018925600682773294 0 3 1 0 2 2 3 1 3 3
-0.0008204534344371438 0 3 1 0 2 3 0 1 0 2
0.0008204534344371438 0 3 1 0 2 3 0 2 0 1
-0.005577082166171216 0 3 1 2 0 0 0 1 2 0
-0.0008425201557318982 0 3 1 2 0 0 0 1 2 3
0.005577082166171216 0 3 1 2 0 0 0 2 1 0
0.0008425201557318982 0 3 1 2 0 0 0 2 1 3
-0.0008648604078759204 0 3 1 2 0 0 3 1 2 0
0.0008648604078759204 0 3 1 2 0 0 3 2 1 0
6.432878181781627e-05 0 3 1 2 0 1 3 1 2 1
-6.432878181781627e-05 0 3 1 2 0 1 3 2 1 1
6.432878181781627e-05 0 3 1 2 0 2 3 1 2 2
-6.432878181781627e-05 0 3 1 2 0 2 3 2 1 2
-0.0007741199184410027 0 3 1 2 0 3 0 1 2 0
0.0007741199184410027 0 3 1 2 0 3 0 2 1 0
-0.0004493894760177934 0 3 1 2 3 0 0 1 2 0
0.0004493894760177934 0 3 1 2 3 0 0 2 1 0
0.0001181482349786989 0 3 1 2 3 1 0 1 2 1
-0.0001181482349786989 0 3 1 2 3 1 0 2 1 1
0.00024226071660212565 0 3 1 2 3 1 3 1 2 1
-0.00024226071660212565 0 3 1 2 3 1 3 2 1 1
0.0001181482349786989 0 3 1 2 3 2 0 1 2 2
-0.0001181482349786989 0 3 1 2 3 2 0 2 1 2
0.00024226071660212565 0 3 1 2 3 2 3 1 2 2
-0.00024226071660212565 0 3 1 2 3 2 3 2 1 2
6.342554973427713e-05 0 3 1 3 1 1 3 1 3 0
6.342554973427713e-05 0 3 1 3 1 2 3 2 3 0
-0.0007602937331043177 0 3 1 3 2 0 0 1 0 2
0.0007602937331043177 0 3 1 3 2 0 0 2 0 1
-0.00021444448750500468 0 3 1 3 2 1 0 2 0 0
-0.0016801534090448848 0 3 1 3 2 1 0 2 3 0
-9.190091563260864e-06 0 3 1 3 2 1 0 2 3 3
-0.0016605039138892848 0 3 1 3 2 1 3 2 0 0
-0.00018925600682773294 0 3 1 3 2 1 3 2 0 3
2.3558082248618413 0 3 1 3 2 1 3 2 3 0
-0.001301257819033016 0 3 1 3 2 1 3 2 3 3
0.00021444448750500468 0 3 1 3 2 2 0 1 0 0
0.0016801534090448848 0 3 1 3 2 2 0 1 3 0
9.190091563260864e-06 0 3 1 3 2 2 0 1 3 3
0.0016605039138892848 0 3 1 3 2 2 3 1 0 0
0.00018925600682773294 0 3 1 3 2 2 3 1 0 3
-2.3558082248618413 0 3 1 3 2 2 3 1 3 0
0.001301257819033016 0 3 1 3 2 2 3 1 3 3
0.005956833502287481 0 3 2 0 1 0 0 1 0 2
0.0007980798813817496 0 3 2 0 1 0 0 1 3 2
-0.005956833502287481 0 3 2 0 1 0 0 2 0 1
-0.0007980798813817496 0 3 2 0 1 0 0 2 3 1
0.0012611722337374826 0 3 2 0 1 0 3 1 0 2
-0.0012611722337374826 0 3 2 0 1 0 3 2 0 1
0.00022510225153662034 0 3 2 0 1 1 0 2 3 0
0.0002580063256850845 0 3 2 0 1 1 3 2 0 0
0.0016605039138892848 0 3 2 0 1 1 3 2 3 0
0.00018925600682773294 0 3 2 0 1 1 3 2 3 3
-0.00022510225153662034 0 3 2 0 1 2 0 1 3 0
-0.0002580063256850845 0 3 2 0 1 2 3 1 0 0
-0.0016605039138892848 0 3 2 0 1 2 3 1 3 0
-0.00018925600682773294 0 3 2 0 1 2 3 1 3 3
0.0008204534344371438 0 3 2 0 1 3 0 1 0 2
-0.0008204534344371438 0 3 2 0 1 3 0 2 0 1
0.005577082166171216 0 3 2 1 0 0 0 1 2 0
0.0008425201557318982 0 3 2 1 0 0 0 1 2 3
-0.005577082166171216 0 3 2 1 0 0 0 2 1 0
-0.0008425201557318982 0 3 2 1 0 0 0 2 1 3
0.0008648604078759204 0 3 2 1 0 0 3 1 2 0
-0.0008648604078759204 0 3 2 1 0 0 3 2 1 0
-6.432878181781627e-05 0 3 2 1 0 1 3 1 2 1
6.432878181781627e-05 0 3 2 1 0 1 3 2 1 1
-6.432878181781627e-05 0 3 2 1 0 2 3 1 2 2
6.432878181781627e-05 0 3 2 1 0 2 3 2 1 2
0.0007741199184410027 0 3 2 1 0 3 0 1 2 0
-0.0007741199184410027 0 3 2 1 0 3 0 2 1 0
0.0004493894760177934 0 3 2 1 3 0 0 1 2 0
-0.0004493894760177934 0 3 2 1 3 0 0 2 1 0
-0.0001181482349786989 0 3 2 1 3 1 0 1 2 1
0.0001181482349786989 0 3 2 1 3 1 0 2 1 1
-0.00024226071660212565 0 3 2 1 3 1 3 1 2 1
0.00024226071660212565 0 3 2 1 3 1 3 2 1 1
-0.0001181482349786989 0 3 2 1 3 2 0 1 2 2
0.0001181482349786989 0 3 2 1 3 2 0 2 1 2
-0.00024226071660212565 0 3 2 1 3 2 3 1 2 2
0.00024226071660212565 0 3 2 1 3 2 3 2 1 2
0.0007602937331043177 0 3 2 3 1 0 0 1 0 2
-0.0007602937331043177 0 3 2 3 1 0 0 2 0 1
0.00021444448750500468 0 3 2 3 1 1 0 2 0 0
0.0016801534090448848 0 3 2 3 1 1 0 2 3 0
9.190091563260864e-06 0 3 2 3 1 1 0 2 3 3
0.0016605039138892848 0 3 2 3 1 1 3 2 0 0
0.00018925600682773294 0 3 2 3 1 1 3 2 0 3
-2.3558082248618413 0 3 2 3 1 1 3 2 3 0
0.001301257819033016 0 3 2 3 1 1 3 2 3 3
-0.00021444448750500468 0 3 2 3 1 2 0 1 0 0
-0.0016801534090448848 0 3 2 3 1 2 0 1 3 0
-9.190091563260864e-06 0 3 2 3 1 2 0 1 3 3
-0.0016605039138892848 0 3 2 3 1 2 3 1 0 0
-0.00018925600682773294 0 3 2 3 1 2 3 1 0 3
2.3558082248618413 0 3 2 3 1 2 3 1 3 0
-0.001301257819033016 0 3 2 3 1 2 3 1 3 3
6.342554973427713e-05 0 3 2 3 2 1 3 1 3 0
6.342554973427713e-05 0 3 2 3 2 2 3 2 3 0
-148.43287435784382 0 3 3 0 0 0 0 0 0 0
0.33820604525209935 0 3 3 0 0 0 0 0 0 3
0.3273254160118325 0 3 3 0 0 0 0 0 3 0
0.046066043628654164 0 3 3 0 0 0 0 0 3 3
0.3384795803441749 0 3 3 0 0 0 0 3 0 0
0.04775108394011795 0 3 3 0 0 0 0 3 0 3
0.044879172585640906 0 3 3 0 0 0 0 3 3 0
0.3413899760359411 0 3 3 0 0 0 3 0 0 0
0.04256803932398893 0 3 3 0 0 0 3 0 0 3
0.04520068466734757 0 3 3 0 0 0 3 0 3 0
0.04693040548309941 0 3 3 0 0 0 3 3 0 0
-0.004228783249965624 0 3 3 0 0 1 0 3 3 1
-0.00238014514518161 0 3 3 0 0 1 3 0 3 1
-0.002508802708817243 0 3 3 0 0 1 3 3 0 1
-0.017854063689224882 0 3 3 0 0 1 3 3 3 1
-0.004228783249965624 0 3 3 0 0 2 0 3 3 2
-0.00238014514518161 0 3 3 0 0 2 3 0 3 2
-0.002508802708817243 0 3 3 0 0 2 3 3 0 2
-0.017854063689224882 0 3 3 0 0 2 3 3 3 2
0.377965696757254 0 3 3 0 0 3 0 0 0 0
0.045667903156980307 0 3 3 0 0 3 0 0 0 3
0.04296408319217017 0 3 3 0 0 3 0 0 3 0
0.04451232302905217 0 3 3 0 0 3 0 3 0 0
0.04496135869182393 0 3 3 0 0 3 3 0 0 0
0.2740878125307684 0 3 3 0 3 0 0 0 0 0
0.042182174654900394 0 3 3 0 3 0 0 0 0 3
0.038170628417857684 0 3 3 0 3 0 0 0 3 0
0.03906940736989327 0 3 3 0 3 0 0 3 0 0
0.04130686709025145 0 3 3 0 3 0 3 0 0 0
-0.0036551144429537354 0 3 3 0 3 1 0 0 3 1
-0.0038914109129111326 0 3 3 0 3 1 0 3 0 1
-0.028143426684790834 0 3 3 0 3 1 0 3 3 1
-0.0018930716210169424 0 3 3 0 3 1 3 0 0 1
-0.014656597425116366 0 3 3 0 3 1 3 0 3 1
-0.015141118858320616 0 3 3 0 3 1 3 3 0 1
8.096617365621519 0 3 3 0 3 1 3 3 3 1
-0.0036551144429537354 0 3 3 0 3 2 0 0 3 2
-0.0038914109129111326 0 3 3 0 3 2 0 3 0 2
-0.028143426684790834 0 3 3 0 3 2 0 3 3 2
-0.0018930716210169424 0 3 3 0 3 2 3 0 0 2
-0.014656597425116366 0 3 3 0 3 2 3 0 3 2
-0.015141118858320616 0 3 3 0 3 2 3 3 0 2
8.096617365621519 0 3 3 0 3 2 3 3 3 2
0.039468673390874266 0 3 3 0 3 3 0 0 0 0
6.342554973427713e-05 0 3 3 1 1 1 3 3 1 0
6.342554973427713e-05 0 3 3 1 1 2 3 3 2 0
-0.0007602937331043177 0 3 3 1 2 0 0 0 1 2
0.0007602937331043177 0 3 3 1 2 0 0 0 2 1
-0.00021444448750500468 0 3 3 1 2 1 0 0 2 0
-0.0016801534090448848 0 3 3 1 2 1 0 3 2 0
-9.190091563260864e-06 0 3 3 1 2 1 0 3 2 3
-0.0016605039138892846 0 3 3 1 2 1 3 0 2 0
-0.00018925600682773294 0 3 3 1 2 1 3 0 2 3
2.3558082248618413 0 3 3 1 2 1 3 3 2 0
-0.001301257819033016 0 3 3 1 2 1 3 3 2 3
0.00021444448750500468 0 3 3 1 2 2 0 0 1 0
0.0016801534090448848 0 3 3 1 2 2 0 3 1 0
9.190091563260864e-06 0 3 3 1 2 2 0 3 1 3
0.0016605039138892846 0 3 3 1 2 2 3 0 1 0
0.00018925600682773294 0 3 3 1 2 2 3 0 1 3
-2.3558082248618413 0 3 3 1 2 2 3 3 1 0
0.001301257819033016 0 3 3 1 2 2 3 3 1 3
0.0007602937331043177 0 3 3 2 1 0 0 0 1 2
-0.0007602937331043177 0 3 3 2 1 0 0 0 2 1
0.00021444448750500468 0 3 3 2 1 1 0 0 2 0
0.0016801534090448848 0 3 3 2 1 1 0 3 2 0
9.190091563260864e-06 0 3 3 2 1 1 0 3 2 3
0.0016605039138892846 0 3 3 2 1 1 3 0 2 0
0.00018925600682773294 0 3 3 2 1 1 3 0 2 3
-2.3558082248618413 0 3 3 2 1 1 3 3 2 0
0.001301257819033016 0 3 3 2 1 1 3 3 2 3
-0.00021444448750500468 0 3 3 2 1 2 0 0 1 0
-0.0016801534090448848 0 3 3 2 1 2 0 3 1 0
-9.190091563260864e-06 0 3 3 2 1 2 0 3 1 3
-0.0016605039138892846 0 3 3 2 1 2 3 0 1 0
-0.00018925600682773294 0 3 3 2 1 2 3 0 1 3
2.3558082248618413 0 3 3 2 1 2 3 3 1 0
-0.001301257819033016 0 3 3 2 1 2 3 3 1 3
6.342554973427713e-05 0 3 3 2 2 1 3 3 1 0
6.342554973427713e-05 0 3 3 2 2 2 3 3 2 0
0.3165144736870392 0 3 3 3 0 0 0 0 0 0
0.04525672664737884 0 3 3 3 0 0 0 0 0 3
0.04406594413289204 0 3 3 3 0 0 0 0 3 0
0.04406594413289204 0 3 3 3 0 0 0 3 0 0
0.044335824259471655 0 3 3 3 0 0 3 0 0 0
-0.004051457684331308 0 3 3 3 0 1 0 0 3 1
-0.004051457684331308 0 3 3 3 0 1 0 3 0 1
-0.029735189954018734 0 3 3 3 0 1 0 3 3 1
-0.0021265603565360615 0 3 3 3 0 1 3 0 0 1
-0.01655280587019187 0 3 3 3 0 1 3 0 3 1
-0.01655280587019187 0 3 3 3 0 1 3 3 0 1
10.944684783856026 0 3 3 3 0 1 3 3 3 1
-0.004051457684331308 0 3 3 3 0 2 0 0 3 2
-0.004051457684331308 0 3 3 3 0 2 0 3 0 2
-0.029735189954018734 0 3 3 3 0 2 0 3 3 2
-0.0021265603565360615 0 3 3 3 0 2 3 0 0 2
-0.01655280587019187 0 3 3 3 0 2 3 0 3 2
-0.01655280587019187 0 3 3 3 0 2 3 3 0 2
10.944684783856026 0 3 3 3 0 2 3 3 3 2
0.04416677939080246 0 3 3 3 0 3 0 0 0 0
0.03627164079836526 0 3 3 3 3 0 0 0 0 0
-0.003296354096582508 0 3 3 3 3 1 0 0 0 1
-0.02623323129244159 0 3 3 3 3 1 0 0 3 1
-0.026233231292441594 0 3 3 3 3 1 0 3 0 1
24.75092082233878 0 3 3 3 3 1 0 3 3 1
-0.012753832794624956 0 3 3 3 3 1 3 0 0 1
5.740872566309413 0 3 3 3 3 1 3 0 3 1
5.740872566309412 0 3 3 3 3 1 3 3 0 1
50.78701098026051 0 3 3 3 3 1 3 3 3 1
-0.003296354096582508 0 3 3 3 3 2 0 0 0 2
-0.02623323129244159 0 3 3 3 3 2 0 0 3 2
-0.026233231292441594 0 3 3 3 3 2 0 3 0 2
24.75092082233878 0 3 3 3 3 2 0 3 3 2
-0.012753832794624956 0 3 3 3 3 2 3 0 0 2
5.740872566309412 0 3 3 3 3 2 3 0 3 2
5.740872566309411 0 3 3 3 3 2 3 3 0 2
50.787010980260504 0 3 3 3 3 2 3 3 3 2
0.0016637874467786418 1 0 0 0 1 1 0 0 0 1
0.0016637874467786418 1 0 0 0 1 2 0 0 0 2
-0.003296354096582508 1 0 0 0 1 3 3 3 3 0
29.88811392296885 1 0 0 0 2 1 0 0 0 2
-0.021500818806146873 1 0 0 0 2 1 0 0 3 2
-0.02150081880614687 1 0 0 0 2 1 0 3 0 2
-0.00276144735214188 1 0 0 0 2 1 0 3 3 2
-0.02222468782858919 1 0 0 0 2 1 3 0 0 2
-0.0028596401142291727 1 0 0 0 2 1 3 0 3 2
-0.0028596401142291727 1 0 0 0 2 1 3 3 0 2
-29.88811392296885 1 0 0 0 2 2 0 0 0 1
0.021500818806146873 1 0 0 0 2 2 0 0 3 1
0.02150081880614687 1 0 0 0 2 2 0 3 0 1
0.00276144735214188 1 0 0 0 2 2 0 3 3 1
0.02222468782858919 1 0 0 0 2 2 3 0 0 1
0.0028596401142291727 1 0 0 0 2 2 3 0 3 1
0.0028596401142291727 1 0 0 0 2 2 3 3 0 1
0.0006038556445264492 1 0 0 1 0 1 0 0 1 0
0.0006038556445264492 1 0 0 1 0 2 0 0 2 0
0.00021444448750500468 1 0 0 1 3 3 3 3 1 1
0.00021444448750500468 1 0 0 1 3 3 3 3 2 2
29.75907364274635 1 0 0 2 0 1 0 0 2 0
-0.019634808213047045 1 0 0 2 0 1 0 0 2 3
-0.020977284043706548 1 0 0 2 0 1 0 3 2 0
-0.002754426471117401 1 0 0 2 0 1 0 3 2 3
-0.02122551775020171 1 0 0 2 0 1 3 0 2 0
-0.0016747139206323613 1 0 0 2 0 1 3 0 2 3
-0.002709095045408909 1 0 0 2 0 1 3 3 2 0
-29.75907364274635 1 0 0 2 0 2 0 0 1 0
0.019634808213047045 1 0 0 2 0 2 0 0 1 3
0.020977284043706548 1 0 0 2 0 2 0 3 1 0
0.002754426471117401 1 0 0 2 0 2 0 3 1 3
0.02122551775020171 1 0 0 2 0 2 3 0 1 0
0.0016747139206323613 1 0 0 2 0 2 3 0 1 3
0.002709095045408909 1 0 0 2 0 2 3 3 1 0
-0.019634808213047045 1 0 0 2 3 1 0 0 2 0
-0.003413290884156851 1 0 0 2 3 1 0 0 2 3
-0.0029024918536379625 1 0 0 2 3 1 0 3 2 0
-0.0032001248575935183 1 0 0 2 3 1 3 0 2 0
0.019634808213047045 1 0 0 2 3 2 0 0 1 0
0.003413290884156851 1 0 0 2 3 2 0 0 1 3
0.0029024918536379625 1 0 0 2 3 2 0 3 1 0
0.0032001248575935183 1 0 0 2 3 2 3 0 1 0
-0.0034500823411225574 1 0 0 3 1 0 3 3 3 0
-0.003388870924654564 1 0 0 3 1 3 0 3 3 0
-0.0038914109129111318 1 0 0 3 1 3 3 0 3 0
-0.0036551144429537346 1 0 0 3 1 3 3 3 0 0
-0.026233231292441594 1 0 0 3 1 3 3 3 3 0
-0.004051457684331308 1 0 0 3 1 3 3 3 3 3
-0.021500818806146873 1 0 0 3 2 1 0 0 0 2
-0.003346901153179289 1 0 0 3 2 1 0 0 3 2
-0.002907243491647496 1 0 0 3 2 1 0 3 0 2
-0.00296565609690189 1 0 0 3 2 1 3 0 0 2
0.021500818806146873 1 0 0 3 2 2 0 0 0 1
0.003346901153179289 1 0 0 3 2 2 0 0 3 1
0.002907243491647496 1 0 0 3 2 2 0 3 0 1
0.00296565609690189 1 0 0 3 2 2 3 0 0 1
0.0006038556445264494 1 0 1 0 0 1 0 1 0 0
0.0006038556445264494 1 0 1 0 0 2 0 2 0 0
0.00021444448750500468 1 0 1 0 3 3 3 1 3 1
0.00021444448750500468 1 0 1 0 3 3 3 2 3 2
0.0001181482349786989 1 0 1 2 1 3 3 1 2 0
-0.0001181482349786989 1 0 1 2 1 3 3 2 1 0
0.00029386152202617757 1 0 1 2 2 1 0 1 2 2
-0.00014579613950561616 1 0 1 2 2 1 0 2 1 2
-0.0001480653825205614 1 0 1 2 2 1 0 2 2 1
-0.0001480653825205614 1 0 1 2 2 2 0 1 1 2
-0.00014579613950561616 1 0 1 2 2 2 0 1 2 1
0.00029386152202617757 1 0 1 2 2 2 0 2 1 1
9.190091563260864e-06 1 0 1 3 0 3 3 1 3 1
9.190091563260864e-06 1 0 1 3 0 3 3 2 3 2
0.00015264545112531384 1 0 1 3 3 0 3 1 3 1
0.00015264545112531384 1 0 1 3 3 0 3 2 3 2
0.00015833995794786265 1 0 1 3 3 3 0 1 3 1
0.00015833995794786265 1 0 1 3 3 3 0 2 3 2
0.00022510225153662034 1 0 1 3 3 3 3 1 0 1
0.0016801534090448843 1 0 1 3 3 3 3 1 3 1
0.00022510225153662034 1 0 1 3 3 3 3 2 0 2
0.0016801534090448843 1 0 1 3 3 3 3 2 3 2
29.75907364274635 1 0 2 0 0 1 0 2 0 0
-0.019634808213047045 1 0 2 0 0 1 0 2 0 3
-0.02097728404370655 1 0 2 0 0 1 0 2 3 0
-0.002754426471117401 1 0 2 0 0 1 0 2 3 3
-0.02122551775020171 1 0 2 0 0 1 3 2 0 0
-0.0016747139206323613 1 0 2 0 0 1 3 2 0 3
-0.002709095045408909 1 0 2 0 0 1 3 2 3 0
-29.75907364274635 1 0 2 0 0 2 0 1 0 0
0.019634808213047045 1 0 2 0 0 2 0 1 0 3
0.02097728404370655 1 0 2 0 0 2 0 1 3 0
0.002754426471117401 1 0 2 0 0 2 0 1 3 3
0.02122551775020171 1 0 2 0 0 2 3 1 0 0
0.0016747139206323613 1 0 2 0 0 2 3 1 0 3
0.002709095045408909 1 0 2 0 0 2 3 1 3 0
-0.019634808213047045 1 0 2 0 3 1 0 2 0 0
-0.003413290884156851 1 0 2 0 3 1 0 2 0 3
-0.0029024918536379625 1 0 2 0 3 1 0 2 3 0
-0.0032001248575935183 1 0 2 0 3 1 3 2 0 0
0.019634808213047045 1 0 2 0 3 2 0 1 0 0
0.003413290884156851 1 0 2 0 3 2 0 1 0 3
0.0029024918536379625 1 0 2 0 3 2 0 1 3 0
0.0032001248575935183 1 0 2 0 3 2 3 1 0 0
-0.0001181482349786989 1 0 2 1 1 3 3 1 2 0
0.0001181482349786989 1 0 2 1 1 3 3 2 1 0
-0.00014579613950561616 1 0 2 1 2 1 0 1 2 2
0.00029386152202617757 1 0 2 1 2 1 0 2 1 2
-0.0001480653825205614 1 0 2 1 2 1 0 2 2 1
-0.0001480653825205614 1 0 2 1 2 2 0 1 1 2
0.00029386152202617757 1 0 2 1 2 2 0 1 2 1
-0.00014579613950561616 1 0 2 1 2 2 0 2 1 1
-0.0001480653825205614 1 0 2 2 1 1 0 1 2 2
-0.0001480653825205614 1 0 2 2 1 1 0 2 1 2
0.0002961307650411228 1 0 2 2 1 1 0 2 2 1
0.0002961307650411228 1 0 2 2 1 2 0 1 1 2
-0.0001480653825205614 1 0 2 2 1 2 0 1 2 1
-0.0001480653825205614 1 0 2 2 1 2 0 2 1 1
-0.02097728404370655 1 0 2 3 0 1 0 2 0 0
-0.0029024918536379625 1 0 2 3 0 1 0 2 0 3
-0.0032594153700561197 1 0 2 3 0 1 0 2 3 0
-0.00284373546479723 1 0 2 3 0 1 3 2 0 0
0.02097728404370655 1 0 2 3 0 2 0 1 0 0
0.0029024918536379625 1 0 2 3 0 2 0 1 0 3
0.0032594153700561197 1 0 2 3 0 2 0 1 3 0
0.00284373546479723 1 0 2 3 0 2 3 1 0 0
-0.002754426471117401 1 0 2 3 3 1 0 2 0 0
0.002754426471117401 1 0 2 3 3 2 0 1 0 0
-0.0034500823411225574 1 0 3 0 1 0 3 3 3 0
-0.003388870924654564 1 0 3 0 1 3 0 3 3 0
-0.0036551144429537346 1 0 3 0 1 3 3 0 3 0
-0.0038914109129111318 1 0 3 0 1 3 3 3 0 0
-0.026233231292441594 1 0 3 0 1 3 3 3 3 0
-0.004051457684331308 1 0 3 0 1 3 3 3 3 3
-0.02150081880614687 1 0 3 0 2 1 0 0 0 2
-0.002907243491647496 1 0 3 0 2 1 0 0 3 2
-0.003346901153179289 1 0 3 0 2 1 0 3 0 2
-0.00296565609690189 1 0 3 0 2 1 3 0 0 2
0.02150081880614687 1 0 3 0 2 2 0 0 0 1
0.002907243491647496 1 0 3 0 2 2 0 0 3 1
0.003346901153179289 1 0 3 0 2 2 0 3 0 1
0.00296565609690189 1 0 3 0 2 2 3 0 0 1
9.190091563260864e-06 1 0 3 1 0 3 3 3 1 1
9.190091563260864e-06 1 0 3 1 0 3 3 3 2 2
0.00015264545112531384 1 0 3 1 3 0 3 3 1 1
0.00015264545112531384 1 0 3 1 3 0 3 3 2 2
0.00015833995794786265 1 0 3 1 3 3 0 3 1 1
0.00015833995794786265 1 0 3 1 3 3 0 3 2 2
0.00022510225153662034 1 0 3 1 3 3 3 0 1 1
0.00022510225153662034 1 0 3 1 3 3 3 0 2 2
0.0016801534090448843 1 0 3 1 3 3 3 3 1 1
0.0016801534090448843 1 0 3 1 3 3 3 3 2 2
-0.020977284043706548 1 0 3 2 0 1 0 0 2 0
-0.0029024918536379625 1 0 3 2 0 1 0 0 2 3
-0.0032594153700561197 1 0 3 2 0 1 0 3 2 0
-0.00284373546479723 1 0 3 2 0 1 3 0 2 0
0.020977284043706548 1 0 3 2 0 2 0 0 1 0
0.0029024918536379625 1 0 3 2 0 2 0 0 1 3
0.0032594153700561197 1 0 3 2 0 2 0 3 1 0
0.00284373546479723 1 0 3 2 0 2 3 0 1 0
-0.002754426471117401 1 0 3 2 3 1 0 0 2 0
0.002754426471117401 1 0 3 2 3 2 0 0 1 0
-0.0022762085792025965 1 0 3 3 1 0 0 3 3 0
-0.0032551060404689665 1 0 3 3 1 0 3 0 3 0
-0.0032551060404689665 1 0 3 3 1 0 3 3 0 0
-0.03298247237920052 1 0 3 3 1 0 3 3 3 0
-0.0034888391946767006 1 0 3 3 1 0 3 3 3 3
-0.003547210882602427 1 0 3 3 1 3 0 0 3 0
-0.003547210882602427 1 0 3 3 1 3 0 3 0 0
-0.026260431851564327 1 0 3 3 1 3 0 3 3 0
-0.0010250079949080445 1 0 3 3 1 3 0 3 3 3
-0.003798893847430795 1 0 3 3 1 3 3 0 0 0
-0.028143426684790834 1 0 3 3 1 3 3 0 3 0
-0.004228783249965623 1 0 3 3 1 3 3 0 3 3
-0.028143426684790834 1 0 3 3 1 3 3 3 0 0
-0.004228783249965623 1 0 3 3 1 3 3 3 0 3
24.75092082233879 1 0 3 3 1 3 3 3 3 0
-0.029735189954018734 1 0 3 3 1 3 3 3 3 3
-0.00276144735214188 1 0 3 3 2 1 0 0 0 2
0.00276144735214188 1 0 3 3 2 2 0 0 0 1
0.001968807735753495 1 1 0 0 0 1 1 0 0 0
0.001968807735753495 1 1 0 0 0 2 2 0 0 0
-0.0018413749531543248 1 1 0 0 3 3 1 3 3 1
-0.0018413749531543248 1 1 0 0 3 3 2 3 3 2
2.6167623887523212e-05 1 1 0 2 1 3 1 3 2 0
-2.6167623887523212e-05 1 1 0 2 1 3 2 3 1 0
0.0016314269196338745 1 1 0 2 2 1 1 0 2 2
-0.00010601598267271828 1 1 0 2 2 1 2 0 1 2
-0.0015254109369611563 1 1 0 2 2 1 2 0 2 1
-0.0015254109369611563 1 1 0 2 2 2 1 0 1 2
-0.00010601598267271828 1 1 0 2 2 2 1 0 2 1
0.0016314269196338745 1 1 0 2 2 2 2 0 1 1
-0.0021803688321011586 1 1 0 3 0 3 1 3 3 1
-0.0021803688321011586 1 1 0 3 0 3 2 3 3 2
-0.002146920090476554 1 1 0 3 3 0 1 3 3 1
-0.002146920090476554 1 1 0 3 3 0 2 3 3 2
-0.0021216547510932425 1 1 0 3 3 3 1 0 3 1
-0.001938354140477836 1 1 0 3 3 3 1 3 0 1
-0.01434750712908751 1 1 0 3 3 3 1 3 3 1
-0.0021216547510932425 1 1 0 3 3 3 2 0 3 2
-0.001938354140477836 1 1 0 3 3 3 2 3 0 2
-0.01434750712908751 1 1 0 3 3 3 2 3 3 2
8.63214232918956e-05 1 1 1 2 3 3 1 1 2 1
-9.697918732351128e-05 1 1 1 2 3 3 1 2 1 1
-1.0657764031615689e-05 1 1 1 2 3 3 1 2 2 2
1.0657764031615689e-05 1 1 1 2 3 3 2 1 1 1
9.697918732351128e-05 1 1 1 2 3 3 2 1 2 2
-8.63214232918956e-05 1 1 1 2 3 3 2 2 1 2
-0.0004094709588437581 1 1 1 3 2 0 1 2 3 0
0.0004094709588437581 1 1 1 3 2 0 2 1 3 0
0.00022201729988947737 1 1 1 3 2 3 1 2 3 3
-0.00022201729988947737 1 1 1 3 2 3 2 1 3 3
2.6167623887523212e-05 1 1 2 0 1 3 1 2 3 0
-2.6167623887523212e-05 1 1 2 0 1 3 2 1 3 0
0.0016314269196338745 1 1 2 0 2 1 1 2 0 2
-0.00010601598267271828 1 1 2 0 2 1 2 1 0 2
-0.0015254109369611563 1 1 2 0 2 1 2 2 0 1
-0.0015254109369611563 1 1 2 0 2 2 1 1 0 2
-0.00010601598267271828 1 1 2 0 2 2 1 2 0 1
0.0016314269196338745 1 1 2 0 2 2 2 1 0 1
-9.697918732351128e-05 1 1 2 1 3 3 1 1 2 1
8.63214232918956e-05 1 1 2 1 3 3 1 2 1 1
-1.0657764031615689e-05 1 1 2 1 3 3 1 2 2 2
1.0657764031615689e-05 1 1 2 1 3 3 2 1 1 1
-8.63214232918956e-05 1 1 2 1 3 3 2 1 2 2
9.697918732351128e-05 1 1 2 1 3 3 2 2 1 2
0.00026928083877664156 1 1 2 2 0 1 1 2 2 0
-0.00013464041938832078 1 1 2 2 0 1 2 1 2 0
-0.00013464041938832078 1 1 2 2 0 1 2 2 1 0
-0.00013464041938832078 1 1 2 2 0 2 1 1 2 0
-0.00013464041938832078 1 1 2 2 0 2 1 2 1 0
0.00026928083877664156 1 1 2 2 0 2 2 1 1 0
6.184920706485418e-05 1 1 2 3 1 0 1 2 3 0
-6.184920706485418e-05 1 1 2 3 1 0 2 1 3 0
3.6825387919138896e-05 1 1 2 3 1 3 1 2 0 0
0.0002300419833043571 1 1 2 3 1 3 1 2 3 0
-5.388182581842333e-05 1 1 2 3 1 3 1 2 3 3
-3.6825387919138896e-05 1 1 2 3 1 3 2 1 0 0
-0.0002300419833043571 1 1 2 3 1 3 2 1 3 0
5.388182581842333e-05 1 1 2 3 1 3 2 1 3 3
-0.0021803688321011586 1 1 3 0 0 3 1 3 3 1
-0.0021803688321011586 1 1 3 0 0 3 2 3 3 2
-0.002146920090476554 1 1 3 0 3 0 1 3 3 1
-0.002146920090476554 1 1 3 0 3 0 2 3 3 2
-0.001938354140477836 1 1 3 0 3 3 1 0 3 1
-0.0021216547510932425 1 1 3 0 3 3 1 3 0 1
-0.014347507129087512 1 1 3 0 3 3 1 3 3 1
-0.001938354140477836 1 1 3 0 3 3 2 0 3 2
-0.0021216547510932425 1 1 3 0 3 3 2 3 0 2
-0.014347507129087512 1 1 3 0 3 3 2 3 3 2
-0.0004094709588437581 1 1 3 1 2 0 1 3 2 0
0.0004094709588437581 1 1 3 1 2 0 2 3 1 0
0.00022201729988947737 1 1 3 1 2 3 1 3 2 3
-0.00022201729988947737 1 1 3 1 2 3 2 3 1 3
6.184920706485418e-05 1 1 3 2 1 0 1 3 2 0
-6.184920706485418e-05 1 1 3 2 1 0 2 3 1 0
3.6825387919138896e-05 1 1 3 2 1 3 1 0 2 0
0.0002300419833043571 1 1 3 2 1 3 1 3 2 0
-5.388182581842333e-05 1 1 3 2 1 3 1 3 2 3
-3.6825387919138896e-05 1 1 3 2 1 3 2 0 1 0
-0.0002300419833043571 1 1 3 2 1 3 2 3 1 0
5.388182581842333e-05 1 1 3 2 1 3 2 3 1 3
-0.002852544905853677 1 1 3 3 0 0 1 3 3 1
-0.002852544905853677 1 1 3 3 0 0 2 3 3 2
-0.0024023861319906357 1 1 3 3 0 3 1 0 3 1
-0.0024023861319906357 1 1 3 3 0 3 1 3 0 1
-0.016035579376695572 1 1 3 3 0 3 1 3 3 1
-0.0024023861319906357 1 1 3 3 0 3 2 0 3 2
-0.0024023861319906357 1 1 3 3 0 3 2 3 0 2
-0.016035579376695572 1 1 3 3 0 3 2 3 3 2
-0.0017374491316327952 1 1 3 3 3 0 1 0 3 1
-0.0017374491316327952 1 1 3 3 3 0 1 3 0 1
-0.021034982925611324 1 1 3 3 3 0 1 3 3 1
-0.0017374491316327952 1 1 3 3 3 0 2 0 3 2
-0.0017374491316327952 1 1 3 3 3 0 2 3 0 2
-0.021034982925611324 1 1 3 3 3 0 2 3 3 2
-0.0018413749531543248 1 1 3 3 3 3 1 0 0 1
-0.01434750712908751 1 1 3 3 3 3 1 0 3 1
-0.014347507129087512 1 1 3 3 3 3 1 3 0 1
20.351727500455215 1 1 3 3 3 3 1 3 3 1
-0.0018413749531543248 1 1 3 3 3 3 2 0 0 2
-0.01434750712908751 1 1 3 3 3 3 2 0 3 2
-0.014347507129087512 1 1 3 3 3 3 2 3 0 2
20.351727500455215 1 1 3 3 3 3 2 3 3 2
28.133060835046983 1 2 0 0 0 1 2 0 0 0
-0.019261950857759436 1 2 0 0 0 1 2 0 0 3
-0.019831491853343347 1 2 0 0 0 1 2 0 3 0
-0.0026835594653541192 1 2 0 0 0 1 2 0 3 3
-0.019831491853343344 1 2 0 0 0 1 2 3 0 0
-0.0026835594653541192 1 2 0 0 0 1 2 3 0 3
-0.0025451956255450863 1 2 0 0 0 1 2 3 3 0
-28.133060835046987 1 2 0 0 0 2 1 0 0 0
0.019261950857759436 1 2 0 0 0 2 1 0 0 3
0.019831491853343347 1 2 0 0 0 2 1 0 3 0
0.0026835594653541192 1 2 0 0 0 2 1 0 3 3
0.019831491853343344 1 2 0 0 0 2 1 3 0 0
0.0026835594653541192 1 2 0 0 0 2 1 3 0 3
0.0025451956255450863 1 2 0 0 0 2 1 3 3 0
-0.019261950857759436 1 2 0 0 3 1 2 0 0 0
-0.00488812176728933 1 2 0 0 3 1 2 0 0 3
-0.00285595001646017 1 2 0 0 3 1 2 0 3 0
-0.00285595001646017 1 2 0 0 3 1 2 3 0 0
0.019261950857759436 1 2 0 0 3 2 1 0 0 0
0.00488812176728933 1 2 0 0 3 2 1 0 0 3
0.00285595001646017 1 2 0 0 3 2 1 0 3 0
0.00285595001646017 1 2 0 0 3 2 1 3 0 0
-2.6167623887523212e-05 1 2 0 1 1 3 1 3 2 0
2.6167623887523212e-05 1 2 0 1 1 3 2 3 1 0
-0.00010601598267271828 1 2 0 1 2 1 1 0 2 2
0.00027840653377876915 1 2 0 1 2 1 2 0 1 2
-0.00017239055110605084 1 2 0 1 2 1 2 0 2 1
-0.00017239055110605084 1 2 0 1 2 2 1 0 1 2
0.00027840653377876915 1 2 0 1 2 2 1 0 2 1
-0.00010601598267271828 1 2 0 1 2 2 2 0 1 1
-0.0015254109369611563 1 2 0 2 1 1 1 0 2 2
-0.00017239055110605084 1 2 0 2 1 1 2 0 1 2
0.0016978014880672072 1 2 0 2 1 1 2 0 2 1
0.0016978014880672072 1 2 0 2 1 2 1 0 1 2
-0.00017239055110605084 1 2 0 2 1 2 1 0 2 1
-0.0015254109369611563 1 2 0 2 1 2 2 0 1 1
-0.019831491853343347 1 2 0 3 0 1 2 0 0 0
-0.00285595001646017 1 2 0 3 0 1 2 0 0 3
-0.003081977395213897 1 2 0 3 0 1 2 0 3 0
-0.00267924274230525 1 2 0 3 0 1 2 3 0 0
0.019831491853343347 1 2 0 3 0 2 1 0 0 0
0.00285595001646017 1 2 0 3 0 2 1 0 0 3
0.003081977395213897 1 2 0 3 0 2 1 0 3 0
0.00267924274230525 1 2 0 3 0 2 1 3 0 0
-0.0026835594653541192 1 2 0 3 3 1 2 0 0 0
0.0026835594653541192 1 2 0 3 3 2 1 0 0 0
-2.6167623887523212e-05 1 2 1 0 1 3 1 2 3 0
2.6167623887523212e-05 1 2 1 0 1 3 2 1 3 0
-0.00010601598267271828 1 2 1 0 2 1 1 2 0 2
0.00027840653377876915 1 2 1 0 2 1 2 1 0 2
-0.00017239055110605084 1 2 1 0 2 1 2 2 0 1
-0.00017239055110605084 1 2 1 0 2 2 1 1 0 2
0.00027840653377876915 1 2 1 0 2 2 1 2 0 1
-0.00010601598267271828 1 2 1 0 2 2 2 1 0 1
1.0657764031615689e-05 1 2 1 1 3 3 1 1 2 1
1.0657764031615689e-05 1 2 1 1 3 3 1 2 1 1
2.1315528063231378e-05 1 2 1 1 3 3 1 2 2 2
-2.1315528063231378e-05 1 2 1 1 3 3 2 1 1 1
-1.0657764031615689e-05 1 2 1 1 3 3 2 1 2 2
-1.0657764031615689e-05 1 2 1 1 3 3 2 2 1 2
-0.00013464041938832078 1 2 1 2 0 1 1 2 2 0
0.0002686875361484843 1 2 1 2 0 1 2 1 2 0
-0.00013404711676016353 1 2 1 2 0 1 2 2 1 0
-0.00013404711676016353 1 2 1 2 0 2 1 1 2 0
0.0002686875361484843 1 2 1 2 0 2 1 2 1 0
-0.00013464041938832078 1 2 1 2 0 2 2 1 1 0
0.00034762175177890394 1 2 1 3 1 0 1 2 3 0
-0.00034762175177890394 1 2 1 3 1 0 2 1 3 0
-3.6825387919138896e-05 1 2 1 3 1 3 1 2 0 0
-0.0002300419833043571 1 2 1 3 1 3 1 2 3 0
-0.00016813547407105404 1 2 1 3 1 3 1 2 3 3
3.6825387919138896e-05 1 2 1 3 1 3 2 1 0 0
0.0002300419833043571 1 2 1 3 1 3 2 1 3 0
0.00016813547407105404 1 2 1 3 1 3 2 1 3 3
-0.0015254109369611563 1 2 2 0 1 1 1 2 0 2
-0.00017239055110605084 1 2 2 0 1 1 2 1 0 2
0.0016978014880672072 1 2 2 0 1 1 2 2 0 1
0.0016978014880672072 1 2 2 0 1 2 1 1 0 2
-0.00017239055110605084 1 2 2 0 1 2 1 2 0 1
-0.0015254109369611563 1 2 2 0 1 2 2 1 0 1
-0.00013464041938832078 1 2 2 1 0 1 1 2 2 0
-0.00013404711676016353 1 2 2 1 0 1 2 1 2 0
0.0002686875361484843 1 2 2 1 0 1 2 2 1 0
0.0002686875361484843 1 2 2 1 0 2 1 1 2 0
-0.00013404711676016353 1 2 2 1 0 2 1 2 1 0
-0.00013464041938832078 1 2 2 1 0 2 2 1 1 0
-0.019831491853343344 1 2 3 0 0 1 2 0 0 0
-0.00285595001646017 1 2 3 0 0 1 2 0 0 3
-0.00267924274230525 1 2 3 0 0 1 2 0 3 0
-0.003081977395213897 1 2 3 0 0 1 2 3 0 0
0.019831491853343344 1 2 3 0 0 2 1 0 0 0
0.00285595001646017 1 2 3 0 0 2 1 0 0 3
0.00267924274230525 1 2 3 0 0 2 1 0 3 0
0.003081977395213897 1 2 3 0 0 2 1 3 0 0
-0.0026835594653541192 1 2 3 0 3 1 2 0 0 0
0.0026835594653541192 1 2 3 0 3 2 1 0 0 0
0.00034762175177890394 1 2 3 1 1 0 1 3 2 0
-0.00034762175177890394 1 2 3 1 1 0 2 3 1 0
-3.6825387919138896e-05 1 2 3 1 1 3 1 0 2 0
-0.0002300419833043571 1 2 3 1 1 3 1 3 2 0
-0.00016813547407105404 1 2 3 1 1 3 1 3 2 3
3.6825387919138896e-05 1 2 3 1 1 3 2 0 1 0
0.0002300419833043571 1 2 3 1 1 3 2 3 1 0
0.00016813547407105404 1 2 3 1 1 3 2 3 1 3
-0.0025451956255450863 1 2 3 3 0 1 2 0 0 0
0.0025451956255450863 1 2 3 3 0 2 1 0 0 0
-2.5925398344751912e-05 1 2 3 3 3 3 1 3 3 2
2.5925398344751912e-05 1 2 3 3 3 3 2 3 3 1
-0.0015700674440244245 1 3 0 0 1 0 3 3 3 0
-0.00150731439120323 1 3 0 0 1 3 0 3 3 0
-0.001893071621016942 1 3 0 0 1 3 3 0 3 0
-0.001893071621016942 1 3 0 0 1 3 3 3 0 0
-0.012753832794624958 1 3 0 0 1 3 3 3 3 0
-0.0021265603565360615 1 3 0 0 1 3 3 3 3 3
-0.02222468782858919 1 3 0 0 2 1 0 0 0 2
-0.0029656560969018903 1 3 0 0 2 1 0 0 3 2
-0.0029656560969018903 1 3 0 0 2 1 0 3 0 2
-0.005231189885053248 1 3 0 0 2 1 3 0 0 2
0.02222468782858919 1 3 0 0 2 2 0 0 0 1
0.0029656560969018903 1 3 0 0 2 2 0 0 3 1
0.0029656560969018903 1 3 0 0 2 2 0 3 0 1
0.005231189885053248 1 3 0 0 2 2 3 0 0 1
0.00018925600682773294 1 3 0 1 0 3 3 3 1 1
0.00018925600682773294 1 3 0 1 0 3 3 3 2 2
8.47281720796376e-05 1 3 0 1 3 0 3 3 1 1
8.47281720796376e-05 1 3 0 1 3 0 3 3 2 2
0.00022510225153662034 1 3 0 1 3 3 0 3 1 1
0.00022510225153662034 1 3 0 1 3 3 0 3 2 2
0.0002580063256850845 1 3 0 1 3 3 3 0 1 1
0.0002580063256850845 1 3 0 1 3 3 3 0 2 2
0.0016605039138892846 1 3 0 1 3 3 3 3 1 1
0.0016605039138892846 1 3 0 1 3 3 3 3 2 2
-0.021225517750201706 1 3 0 2 0 1 0 0 2 0
-0.0032001248575935183 1 3 0 2 0 1 0 0 2 3
-0.00284373546479723 1 3 0 2 0 1 0 3 2 0
-0.003290962439315474 1 3 0 2 0 1 3 0 2 0
0.021225517750201706 1 3 0 2 0 2 0 0 1 0
0.0032001248575935183 1 3 0 2 0 2 0 0 1 3
0.00284373546479723 1 3 0 2 0 2 0 3 1 0
0.003290962439315474 1 3 0 2 0 2 3 0 1 0
-0.0016747139206323613 1 3 0 2 3 1 0 0 2 0
0.0016747139206323613 1 3 0 2 3 2 0 0 1 0
-0.0013650114577108579 1 3 0 3 1 0 0 3 3 0
-0.0018507633390189046 1 3 0 3 1 0 3 0 3 0
-0.0017201181904090098 1 3 0 3 1 0 3 3 0 0
-0.014088657824893776 1 3 0 3 1 0 3 3 3 0
-0.0017301328535413766 1 3 0 3 1 0 3 3 3 3
-0.0017697561618178902 1 3 0 3 1 3 0 0 3 0
-0.001727418066507515 1 3 0 3 1 3 0 3 0 0
-0.012115766146658442 1 3 0 3 1 3 0 3 3 0
-0.001817207026411727 1 3 0 3 1 3 0 3 3 3
-0.002151077946702026 1 3 0 3 1 3 3 0 0 0
-0.015141118858320618 1 3 0 3 1 3 3 0 3 0
-0.002508802708817243 1 3 0 3 1 3 3 0 3 3
-0.014656597425116366 1 3 0 3 1 3 3 3 0 0
-0.00238014514518161 1 3 0 3 1 3 3 3 0 3
5.7408725663094105 1 3 0 3 1 3 3 3 3 0
-0.01655280587019187 1 3 0 3 1 3 3 3 3 3
-0.0028596401142291727 1 3 0 3 2 1 0 0 0 2
0.0028596401142291727 1 3 0 3 2 2 0 0 0 1
0.00018925600682773294 1 3 1 0 0 3 3 1 3 1
0.00018925600682773294 1 3 1 0 0 3 3 2 3 2
8.47281720796376e-05 1 3 1 0 3 0 3 1 3 1
8.47281720796376e-05 1 3 1 0 3 0 3 2 3 2
0.00022510225153662034 1 3 1 0 3 3 0 1 3 1
0.00022510225153662034 1 3 1 0 3 3 0 2 3 2
0.0002580063256850845 1 3 1 0 3 3 3 1 0 1
0.0016605039138892848 1 3 1 0 3 3 3 1 3 1
0.0002580063256850845 1 3 1 0 3 3 3 2 0 2
0.0016605039138892848 1 3 1 0 3 3 3 2 3 2
6.532257430494757e-05 1 3 1 2 1 0 3 1 2 0
-6.532257430494757e-05 1 3 1 2 1 0 3 2 1 0
2.1169047655187627e-05 1 3 1 2 1 3 0 1 2 0
-2.1169047655187627e-05 1 3 1 2 1 3 0 2 1 0
0.00024226071660212573 1 3 1 2 1 3 3 1 2 0
6.432878181781627e-05 1 3 1 2 1 3 3 1 2 3
-0.00024226071660212573 1 3 1 2 1 3 3 2 1 0
-6.432878181781627e-05 1 3 1 2 1 3 3 2 1 3
5.7389279002328336e-05 1 3 1 3 0 0 3 1 3 1
5.7389279002328336e-05 1 3 1 3 0 0 3 2 3 2
0.00023120739145273824 1 3 1 3 0 3 0 1 3 1
0.00023120739145273824 1 3 1 3 0 3 0 2 3 2
0.00018925600682773294 1 3 1 3 0 3 3 1 0 1
0.001301257819033016 1 3 1 3 0 3 3 1 3 1
0.00018925600682773294 1 3 1 3 0 3 3 2 0 2
0.001301257819033016 1 3 1 3 0 3 3 2 3 2
-0.0002568255077184443 1 3 1 3 3 0 0 1 3 1
-0.0002568255077184443 1 3 1 3 3 0 0 2 3 2
8.472817207963756e-05 1 3 1 3 3 0 3 1 0 1
0.0014115899043797703 1 3 1 3 3 0 3 1 3 1
8.472817207963756e-05 1 3 1 3 3 0 3 2 0 2
0.0014115899043797703 1 3 1 3 3 0 3 2 3 2
0.00021444448750500468 1 3 1 3 3 3 0 1 0 1
0.0016801534090448848 1 3 1 3 3 3 0 1 3 1
0.00021444448750500468 1 3 1 3 3 3 0 2 0 2
0.0016801534090448848 1 3 1 3 3 3 0 2 3 2
0.0016605039138892848 1 3 1 3 3 3 3 1 0 1
-2.355808224861841 1 3 1 3 3 3 3 1 3 1
0.0016605039138892848 1 3 1 3 3 3 3 2 0 2
-2.355808224861841 1 3 1 3 3 3 3 2 3 2
-0.021225517750201706 1 3 2 0 0 1 0 2 0 0
-0.0032001248575935183 1 3 2 0 0 1 0 2 0 3
-0.00284373546479723 1 3 2 0 0 1 0 2 3 0
-0.003290962439315474 1 3 2 0 0 1 3 2 0 0
0.021225517750201706 1 3 2 0 0 2 0 1 0 0
0.0032001248575935183 1 3 2 0 0 2 0 1 0 3
0.00284373546479723 1 3 2 0 0 2 0 1 3 0
0.003290962439315474 1 3 2 0 0 2 3 1 0 0
-0.0016747139206323613 1 3 2 0 3 1 0 2 0 0
0.0016747139206323613 1 3 2 0 3 2 0 1 0 0
-6.532257430494757e-05 1 3 2 1 1 0 3 1 2 0
6.532257430494757e-05 1 3 2 1 1 0 3 2 1 0
-2.1169047655187627e-05 1 3 2 1 1 3 0 1 2 0
2.1169047655187627e-05 1 3 2 1 1 3 0 2 1 0
-0.00024226071660212573 1 3 2 1 1 3 3 1 2 0
-6.432878181781627e-05 1 3 2 1 1 3 3 1 2 3
0.00024226071660212573 1 3 2 1 1 3 3 2 1 0
6.432878181781627e-05 1 3 2 1 1 3 3 2 1 3
-0.002709095045408909 1 3 2 3 0 1 0 2 0 0
0.002709095045408909 1 3 2 3 0 2 0 1 0 0
-6.342554973427711e-05 1 3 2 3 3 3 3 1 3 2
6.342554973427713e-05 1 3 2 3 3 3 3 2 3 1
-0.0013650114577108579 1 3 3 0 1 0 0 3 3 0
-0.0017201181904090098 1 3 3 0 1 0 3 0 3 0
-0.0018507633390189046 1 3 3 0 1 0 3 3 0 0
-0.014088657824893776 1 3 3 0 1 0 3 3 3 0
-0.0017301328535413766 1 3 3 0 1 0 3 3 3 3
-0.001727418066507515 1 3 3 0 1 3 0 0 3 0
-0.0017697561618178902 1 3 3 0 1 3 0 3 0 0
-0.012115766146658442 1 3 3 0 1 3 0 3 3 0
-0.001817207026411727 1 3 3 0 1 3 0 3 3 3
-0.002151077946702026 1 3 3 0 1 3 3 0 0 0
-0.014656597425116368 1 3 3 0 1 3 3 0 3 0
-0.00238014514518161 1 3 3 0 1 3 3 0 3 3
-0.015141118858320618 1 3 3 0 1 3 3 3 0 0
-0.002508802708817243 1 3 3 0 1 3 3 3 0 3
5.7408725663094105 1 3 3 0 1 3 3 3 3 0
-0.016552805870191874 1 3 3 0 1 3 3 3 3 3
-0.0028596401142291727 1 3 3 0 2 1 0 0 0 2
0.0028596401142291727 1 3 3 0 2 2 0 0 0 1
5.7389279002328336e-05 1 3 3 1 0 0 3 3 1 1
5.7389279002328336e-05 1 3 3 1 0 0 3 3 2 2
0.00023120739145273824 1 3 3 1 0 3 0 3 1 1
0.00023120739145273824 1 3 3 1 0 3 0 3 2 2
0.00018925600682773294 1 3 3 1 0 3 3 0 1 1
0.00018925600682773294 1 3 3 1 0 3 3 0 2 2
0.001301257819033016 1 3 3 1 0 3 3 3 1 1
0.001301257819033016 1 3 3 1 0 3 3 3 2 2
-0.0002568255077184443 1 3 3 1 3 0 0 3 1 1
-0.0002568255077184443 1 3 3 1 3 0 0 3 2 2
8.472817207963756e-05 1 3 3 1 3 0 3 0 1 1
8.472817207963756e-05 1 3 3 1 3 0 3 0 2 2
0.0014115899043797703 1 3 3 1 3 0 3 3 1 1
0.0014115899043797703 1 3 3 1 3 0 3 3 2 2
0.00021444448750500468 1 3 3 1 3 3 0 0 1 1
0.00021444448750500468 1 3 3 1 3 3 0 0 2 2
0.0016801534090448848 1 3 3 1 3 3 0 3 1 1
0.0016801534090448848 1 3 3 1 3 3 0 3 2 2
0.0016605039138892846 1 3 3 1 3 3 3 0 1 1
0.0016605039138892846 1 3 3 1 3 3 3 0 2 2
-2.355808224861841 1 3 3 1 3 3 3 3 1 1
-2.355808224861841 1 3 3 1 3 3 3 3 2 2
-0.002709095045408909 1 3 3 2 0 1 0 0 2 0
0.002709095045408909 1 3 3 2 0 2 0 0 1 0
-6.342554973427714e-05 1 3 3 2 3 3 3 3 1 2
6.342554973427713e-05 1 3 3 2 3 3 3 3 2 1
-0.0014558077017713172 1 3 3 3 1 0 0 0 3 0
-0.0014558077017713172 1 3 3 3 1 0 0 3 0 0
-0.01194748945358919 1 3 3 3 1 0 0 3 3 0
-0.0006362942888230227 1 3 3 3 1 0 0 3 3 3
-0.0017395237881836995 1 3 3 3 1 0 3 0 0 0
-0.015500247729273546 1 3 3 3 1 0 3 0 3 0
-0.001787522132543705 1 3 3 3 1 0 3 0 3 3
-0.015500247729273546 1 3 3 3 1 0 3 3 0 0
-0.001787522132543705 1 3 3 3 1 0 3 3 0 3
4.687658043660722 1 3 3 3 1 0 3 3 3 0
-0.016379726144407608 1 3 3 3 1 0 3 3 3 3
-0.001883868118438193 1 3 3 3 1 3 0 0 0 0
-0.013565877572398969 1 3 3 3 1 3 0 0 3 0
-0.0018802789437934108 1 3 3 3 1 3 0 0 3 3
-0.013565877572398969 1 3 3 3 1 3 0 3 0 0
-0.0018802789437934108 1 3 3 3 1 3 0 3 0 3
4.399167396485219 1 3 3 3 1 3 0 3 3 0
-0.013699610577323166 1 3 3 3 1 3 0 3 3 3
-0.016074840622403525 1 3 3 3 1 3 3 0 0 0
-0.002505072370191527 1 3 3 3 1 3 3 0 0 3
8.096617365621514 1 3 3 3 1 3 3 0 3 0
-0.017854063689224885 1 3 3 3 1 3 3 0 3 3
8.096617365621515 1 3 3 3 1 3 3 3 0 0
-0.017854063689224885 1 3 3 3 1 3 3 3 0 3
50.78701098026051 1 3 3 3 1 3 3 3 3 0
10.944684783856026 1 3 3 3 1 3 3 3 3 3
-29.88811392296885 2 0 0 0 1 1 0 0 0 2
0.021500818806146873 2 0 0 0 1 1 0 0 3 2
0.02150081880614687 2 0 0 0 1 1 0 3 0 2
0.00276144735214188 2 0 0 0 1 1 0 3 3 2
0.02222468782858919 2 0 0 0 1 1 3 0 0 2
0.0028596401142291727 2 0 0 0 1 1 3 0 3 2
0.0028596401142291727 2 0 0 0 1 1 3 3 0 2
29.88811392296885 2 0 0 0 1 2 0 0 0 1
-0.021500818806146873 2 0 0 0 1 2 0 0 3 1
-0.02150081880614687 2 0 0 0 1 2 0 3 0 1
-0.00276144735214188 2 0 0 0 1 2 0 3 3 1
-0.02222468782858919 2 0 0 0 1 2 3 0 0 1
-0.0028596401142291727 2 0 0 0 1 2 3 0 3 1
-0.0028596401142291727 2 0 0 0 1 2 3 3 0 1
0.0016637874467786418 2 0 0 0 2 1 0 0 0 1
0.0016637874467786418 2 0 0 0 2 2 0 0 0 2
-0.003296354096582508 2 0 0 0 2 3 3 3 3 0
-29.75907364274635 2 0 0 1 0 1 0 0 2 0
0.019634808213047045 2 0 0 1 0 1 0 0 2 3
0.020977284043706548 2 0 0 1 0 1 0 3 2 0
0.002754426471117401 2 0 0 1 0 1 0 3 2 3
0.02122551775020171 2 0 0 1 0 1 3 0 2 0
0.0016747139206323613 2 0 0 1 0 1 3 0 2 3
0.002709095045408909 2 0 0 1 0 1 3 3 2 0
29.75907364274635 2 0 0 1 0 2 0 0 1 0
-0.019634808213047045 2 0 0 1 0 2 0 0 1 3
-0.020977284043706548 2 0 0 1 0 2 0 3 1 0
-0.002754426471117401 2 0 0 1 0 2 0 3 1 3
-0.02122551775020171 2 0 0 1 0 2 3 0 1 0
-0.0016747139206323613 2 0 0 1 0 2 3 0 1 3
-0.002709095045408909 2 0 0 1 0 2 3 3 1 0
0.019634808213047045 2 0 0 1 3 1 0 0 2 0
0.003413290884156851 2 0 0 1 3 1 0 0 2 3
0.0029024918536379625 2 0 0 1 3 1 0 3 2 0
0.0032001248575935183 2 0 0 1 3 1 3 0 2 0
-0.019634808213047045 2 0 0 1 3 2 0 0 1 0
-0.003413290884156851 2 0 0 1 3 2 0 0 1 3
-0.0029024918536379625 2 0 0 1 3 2 0 3 1 0
-0.0032001248575935183 2 0 0 1 3 2 3 0 1 0
0.0006038556445264492 2 0 0 2 0 1 0 0 1 0
0.0006038556445264492 2 0 0 2 0 2 0 0 2 0
0.00021444448750500468 2 0 0 2 3 3 3 3 1 1
0.00021444448750500468 2 0 0 2 3 3 3 3 2 2
0.021500818806146873 2 0 0 3 1 1 0 0 0 2
0.003346901153179289 2 0 0 3 1 1 0 0 3 2
0.002907243491647496 2 0 0 3 1 1 0 3 0 2
0.00296565609690189 2 0 0 3 1 1 3 0 0 2
-0.021500818806146873 2 0 0 3 1 2 0 0 0 1
-0.003346901153179289 2 0 0 3 1 2 0 0 3 1
-0.002907243491647496 2 0 0 3 1 2 0 3 0 1
-0.00296565609690189 2 0 0 3 1 2 3 0 0 1
-0.0034500823411225574 2 0 0 3 2 0 3 3 3 0
-0.003388870924654564 2 0 0 3 2 3 0 3 3 0
-0.0038914109129111318 2 0 0 3 2 3 3 0 3 0
-0.0036551144429537346 2 0 0 3 2 3 3 3 0 0
-0.026233231292441594 2 0 0 3 2 3 3 3 3 0
-0.004051457684331308 2 0 0 3 2 3 3 3 3 3
-29.75907364274635 2 0 1 0 0 1 0 2 0 0
0.019634808213047045 2 0 1 0 0 1 0 2 0 3
0.02097728404370655 2 0 1 0 0 1 0 2 3 0
0.002754426471117401 2 0 1 0 0 1 0 2 3 3
0.02122551775020171 2 0 1 0 0 1 3 2 0 0
0.0016747139206323613 2 0 1 0 0 1 3 2 0 3
0.002709095045408909 2 0 1 0 0 1 3 2 3 0
29.75907364274635 2 0 1 0 0 2 0 1 0 0
-0.019634808213047045 2 0 1 0 0 2 0 1 0 3
-0.02097728404370655 2 0 1 0 0 2 0 1 3 0
-0.002754426471117401 2 0 1 0 0 2 0 1 3 3
-0.02122551775020171 2 0 1 0 0 2 3 1 0 0
-0.0016747139206323613 2 0 1 0 0 2 3 1 0 3
-0.002709095045408909 2 0 1 0 0 2 3 1 3 0
0.019634808213047045 2 0 1 0 3 1 0 2 0 0
0.003413290884156851 2 0 1 0 3 1 0 2 0 3
0.0029024918536379625 2 0 1 0 3 1 0 2 3 0
0.0032001248575935183 2 0 1 0 3 1 3 2 0 0
-0.019634808213047045 2 0 1 0 3 2 0 1 0 0
-0.003413290884156851 2 0 1 0 3 2 0 1 0 3
-0.0029024918536379625 2 0 1 0 3 2 0 1 3 0
-0.0032001248575935183 2 0 1 0 3 2 3 1 0 0
-0.0001480653825205614 2 0 1 1 2 1 0 1 2 2
-0.0001480653825205614 2 0 1 1 2 1 0 2 1 2
0.0002961307650411228 2 0 1 1 2 1 0 2 2 1
0.0002961307650411228 2 0 1 1 2 2 0 1 1 2
-0.0001480653825205614 2 0 1 1 2 2 0 1 2 1
-0.0001480653825205614 2 0 1 1 2 2 0 2 1 1
-0.00014579613950561616 2 0 1 2 1 1 0 1 2 2
0.00029386152202617757 2 0 1 2 1 1 0 2 1 2
-0.0001480653825205614 2 0 1 2 1 1 0 2 2 1
-0.0001480653825205614 2 0 1 2 1 2 0 1 1 2
0.00029386152202617757 2 0 1 2 1 2 0 1 2 1
-0.00014579613950561616 2 0 1 2 1 2 0 2 1 1
0.0001181482349786989 2 0 1 2 2 3 3 1 2 0
-0.0001181482349786989 2 0 1 2 2 3 3 2 1 0
0.02097728404370655 2 0 1 3 0 1 0 2 0 0
0.0029024918536379625 2 0 1 3 0 1 0 2 0 3
0.0032594153700561197 2 0 1 3 0 1 0 2 3 0
0.00284373546479723 2 0 1 3 0 1 3 2 0 0
-0.02097728404370655 2 0 1 3 0 2 0 1 0 0
-0.0029024918536379625 2 0 1 3 0 2 0 1 0 3
-0.0032594153700561197 2 0 1 3 0 2 0 1 3 0
-0.00284373546479723 2 0 1 3 0 2 3 1 0 0
0.002754426471117401 2 0 1 3 3 1 0 2 0 0
-0.002754426471117401 2 0 1 3 3 2 0 1 0 0
0.0006038556445264494 2 0 2 0 0 1 0 1 0 0
0.0006038556445264494 2 0 2 0 0 2 0 2 0 0
0.00021444448750500468 2 0 2 0 3 3 3 1 3 1
0.00021444448750500468 2 0 2 0 3 3 3 2 3 2
0.00029386152202617757 2 0 2 1 1 1 0 1 2 2
-0.00014579613950561616 2 0 2 1 1 1 0 2 1 2
-0.0001480653825205614 2 0 2 1 1 1 0 2 2 1
-0.0001480653825205614 2 0 2 1 1 2 0 1 1 2
-0.00014579613950561616 2 0 2 1 1 2 0 1 2 1
0.00029386152202617757 2 0 2 1 1 2 0 2 1 1
-0.0001181482349786989 2 0 2 1 2 3 3 1 2 0
0.0001181482349786989 2 0 2 1 2 3 3 2 1 0
9.190091563260864e-06 2 0 2 3 0 3 3 1 3 1
9.190091563260864e-06 2 0 2 3 0 3 3 2 3 2
0.00015264545112531384 2 0 2 3 3 0 3 1 3 1
0.00015264545112531384 2 0 2 3 3 0 3 2 3 2
0.00015833995794786265 2 0 2 3 3 3 0 1 3 1
0.00015833995794786265 2 0 2 3 3 3 0 2 3 2
0.00022510225153662034 2 0 2 3 3 3 3 1 0 1
0.0016801534090448843 2 0 2 3 3 3 3 1 3 1
0.00022510225153662034 2 0 2 3 3 3 3 2 0 2
0.0016801534090448843 2 0 2 3 3 3 3 2 3 2
0.02150081880614687 2 0 3 0 1 1 0 0 0 2
0.002907243491647496 2 0 3 0 1 1 0 0 3 2
0.003346901153179289 2 0 3 0 1 1 0 3 0 2
0.00296565609690189 2 0 3 0 1 1 3 0 0 2
-0.02150081880614687 2 0 3 0 1 2 0 0 0 1
-0.002907243491647496 2 0 3 0 1 2 0 0 3 1
-0.003346901153179289 2 0 3 0 1 2 0 3 0 1
-0.00296565609690189 2 0 3 0 1 2 3 0 0 1
-0.0034500823411225574 2 0 3 0 2 0 3 3 3 0
-0.003388870924654564 2 0 3 0 2 3 0 3 3 0
-0.0036551144429537346 2 0 3 0 2 3 3 0 3 0
-0.0038914109129111318 2 0 3 0 2 3 3 3 0 0
-0.026233231292441594 2 0 3 0 2 3 3 3 3 0
-0.004051457684331308 2 0 3 0 2 3 3 3 3 3
0.020977284043706548 2 0 3 1 0 1 0 0 2 0
0.0029024918536379625 2 0 3 1 0 1 0 0 2 3
0.0032594153700561197 2 0 3 1 0 1 0 3 2 0
0.00284373546479723 2 0 3 1 0 1 3 0 2 0
-0.020977284043706548 2 0 3 1 0 2 0 0 1 0
-0.0029024918536379625 2 0 3 1 0 2 0 0 1 3
-0.0032594153700561197 2 0 3 1 0 2 0 3 1 0
-0.00284373546479723 2 0 3 1 0 2 3 0 1 0
0.002754426471117401 2 0 3 1 3 1 0 0 2 0
-0.002754426471117401 2 0 3 1 3 2 0 0 1 0
9.190091563260864e-06 2 0 3 2 0 3 3 3 1 1
9.190091563260864e-06 2 0 3 2 0 3 3 3 2 2
0.00015264545112531384 2 0 3 2 3 0 3 3 1 1
0.00015264545112531384 2 0 3 2 3 0 3 3 2 2
0.00015833995794786265 2 0 3 2 3 3 0 3 1 1
0.00015833995794786265 2 0 3 2 3 3 0 3 2 2
0.00022510225153662034 2 0 3 2 3 3 3 0 1 1
0.00022510225153662034 2 0 3 2 3 3 3 0 2 2
0.0016801534090448843 2 0 3 2 3 3 3 3 1 1
0.0016801534090448843 2 0 3 2 3 3 3 3 2 2
0.00276144735214188 2 0 3 3 1 1 0 0 0 2
-0.00276144735214188 2 0 3 3 1 2 0 0 0 1
-0.0022762085792025965 2 0 3 3 2 0 0 3 3 0
-0.0032551060404689665 2 0 3 3 2 0 3 0 3 0
-0.0032551060404689665 2 0 3 3 2 0 3 3 0 0
-0.03298247237920052 2 0 3 3 2 0 3 3 3 0
-0.0034888391946767006 2 0 3 3 2 0 3 3 3 3
-0.003547210882602427 2 0 3 3 2 3 0 0 3 0
-0.003547210882602427 2 0 3 3 2 3 0 3 0 0
-0.026260431851564327 2 0 3 3 2 3 0 3 3 0
-0.0010250079949080445 2 0 3 3 2 3 0 3 3 3
-0.003798893847430795 2 0 3 3 2 3 3 0 0 0
-0.028143426684790834 2 0 3 3 2 3 3 0 3 0
-0.004228783249965623 2 0 3 3 2 3 3 0 3 3
-0.028143426684790834 2 0 3 3 2 3 3 3 0 0
-0.004228783249965623 2 0 3 3 2 3 3 3 0 3
24.750920822338795 2 0 3 3 2 3 3 3 3 0
-0.029735189954018734 2 0 3 3 2 3 3 3 3 3
-28.133060835046987 2 1 0 0 0 1 2 0 0 0
0.019261950857759436 2 1 0 0 0 1 2 0 0 3
0.019831491853343347 2 1 0 0 0 1 2 0 3 0
0.0026835594653541192 2 1 0 0 0 1 2 0 3 3
0.019831491853343344 2 1 0 0 0 1 2 3 0 0
0.0026835594653541192 2 1 0 0 0 1 2 3 0 3
0.0025451956255450863 2 1 0 0 0 1 2 3 3 0
28.133060835046987 2 1 0 0 0 2 1 0 0 0
-0.019261950857759436 2 1 0 0 0 2 1 0 0 3
-0.019831491853343347 2 1 0 0 0 2 1 0 3 0
-0.0026835594653541192 2 1 0 0 0 2 1 0 3 3
-0.019831491853343344 2 1 0 0 0 2 1 3 0 0
-0.0026835594653541192 2 1 0 0 0 2 1 3 0 3
-0.0025451956255450863 2 1 0 0 0 2 1 3 3 0
0.019261950857759436 2 1 0 0 3 1 2 0 0 0
0.00488812176728933 2 1 0 0 3 1 2 0 0 3
0.00285595001646017 2 1 0 0 3 1 2 0 3 0
0.00285595001646017 2 1 0 0 3 1 2 3 0 0
-0.019261950857759436 2 1 0 0 3 2 1 0 0 0
-0.00488812176728933 2 1 0 0 3 2 1 0 0 3
-0.00285595001646017 2 1 0 0 3 2 1 0 3 0
-0.00285595001646017 2 1 0 0 3 2 1 3 0 0
-0.0015254109369611563 2 1 0 1 2 1 1 0 2 2
-0.00017239055110605084 2 1 0 1 2 1 2 0 1 2
0.001697801488067207 2 1 0 1 2 1 2 0 2 1
0.001697801488067207 2 1 0 1 2 2 1 0 1 2
-0.00017239055110605084 2 1 0 1 2 2 1 0 2 1
-0.0015254109369611563 2 1 0 1 2 2 2 0 1 1
-0.00010601598267271828 2 1 0 2 1 1 1 0 2 2
0.00027840653377876915 2 1 0 2 1 1 2 0 1 2
-0.00017239055110605084 2 1 0 2 1 1 2 0 2 1
-0.00017239055110605084 2 1 0 2 1 2 1 0 1 2
0.00027840653377876915 2 1 0 2 1 2 1 0 2 1
-0.00010601598267271828 2 1 0 2 1 2 2 0 1 1
2.6167623887523212e-05 2 1 0 2 2 3 1 3 2 0
-2.6167623887523212e-05 2 1 0 2 2 3 2 3 1 0
0.019831491853343347 2 1 0 3 0 1 2 0 0 0
0.00285595001646017 2 1 0 3 0 1 2 0 0 3
0.003081977395213897 2 1 0 3 0 1 2 0 3 0
0.00267924274230525 2 1 0 3 0 1 2 3 0 0
-0.019831491853343347 2 1 0 3 0 2 1 0 0 0
-0.00285595001646017 2 1 0 3 0 2 1 0 0 3
-0.003081977395213897 2 1 0 3 0 2 1 0 3 0
-0.00267924274230525 2 1 0 3 0 2 1 3 0 0
0.0026835594653541192 2 1 0 3 3 1 2 0 0 0
-0.0026835594653541192 2 1 0 3 3 2 1 0 0 0
-0.0015254109369611563 2 1 1 0 2 1 1 2 0 2
-0.00017239055110605084 2 1 1 0 2 1 2 1 0 2
0.001697801488067207 2 1 1 0 2 1 2 2 0 1
0.001697801488067207 2 1 1 0 2 2 1 1 0 2
-0.00017239055110605084 2 1 1 0 2 2 1 2 0 1
-0.0015254109369611563 2 1 1 0 2 2 2 1 0 1
-0.00013464041938832078 2 1 1 2 0 1 1 2 2 0
-0.00013404711676016353 2 1 1 2 0 1 2 1 2 0
0.0002686875361484843 2 1 1 2 0 1 2 2 1 0
0.0002686875361484843 2 1 1 2 0 2 1 1 2 0
-0.00013404711676016353 2 1 1 2 0 2 1 2 1 0
-0.00013464041938832078 2 1 1 2 0 2 2 1 1 0
-0.00010601598267271828 2 1 2 0 1 1 1 2 0 2
0.00027840653377876915 2 1 2 0 1 1 2 1 0 2
-0.00017239055110605084 2 1 2 0 1 1 2 2 0 1
-0.00017239055110605084 2 1 2 0 1 2 1 1 0 2
0.00027840653377876915 2 1 2 0 1 2 1 2 0 1
-0.00010601598267271828 2 1 2 0 1 2 2 1 0 1
2.6167623887523212e-05 2 1 2 0 2 3 1 2 3 0
-2.6167623887523212e-05 2 1 2 0 2 3 2 1 3 0
-0.00013464041938832078 2 1 2 1 0 1 1 2 2 0
0.0002686875361484843 2 1 2 1 0 1 2 1 2 0
-0.00013404711676016353 2 1 2 1 0 1 2 2 1 0
-0.00013404711676016353 2 1 2 1 0 2 1 1 2 0
0.0002686875361484843 2 1 2 1 0 2 1 2 1 0
-0.00013464041938832078 2 1 2 1 0 2 2 1 1 0
-1.0657764031615689e-05 2 1 2 2 3 3 1 1 2 1
-1.0657764031615689e-05 2 1 2 2 3 3 1 2 1 1
-2.1315528063231378e-05 2 1 2 2 3 3 1 2 2 2
2.1315528063231378e-05 2 1 2 2 3 3 2 1 1 1
1.0657764031615689e-05 2 1 2 2 3 3 2 1 2 2
1.0657764031615689e-05 2 1 2 2 3 3 2 2 1 2
-0.0003476217517789039 2 1 2 3 2 0 1 2 3 0
0.0003476217517789039 2 1 2 3 2 0 2 1 3 0
3.6825387919138896e-05 2 1 2 3 2 3 1 2 0 0
0.0002300419833043571 2 1 2 3 2 3 1 2 3 0
0.00016813547407105404 2 1 2 3 2 3 1 2 3 3
-3.6825387919138896e-05 2 1 2 3 2 3 2 1 0 0
-0.0002300419833043571 2 1 2 3 2 3 2 1 3 0
-0.00016813547407105404 2 1 2 3 2 3 2 1 3 3
0.019831491853343344 2 1 3 0 0 1 2 0 0 0
0.00285595001646017 2 1 3 0 0 1 2 0 0 3
0.00267924274230525 2 1 3 0 0 1 2 0 3 0
0.003081977395213897 2 1 3 0 0 1 2 3 0 0
-0.019831491853343344 2 1 3 0 0 2 1 0 0 0
-0.00285595001646017 2 1 3 0 0 2 1 0 0 3
-0.00267924274230525 2 1 3 0 0 2 1 0 3 0
-0.003081977395213897 2 1 3 0 0 2 1 3 0 0
0.0026835594653541192 2 1 3 0 3 1 2 0 0 0
-0.0026835594653541192 2 1 3 0 3 2 1 0 0 0
-0.0003476217517789039 2 1 3 2 2 0 1 3 2 0
0.0003476217517789039 2 1 3 2 2 0 2 3 1 0
3.6825387919138896e-05 2 1 3 2 2 3 1 0 2 0
0.0002300419833043571 2 1 3 2 2 3 1 3 2 0
0.00016813547407105404 2 1 3 2 2 3 1 3 2 3
-3.6825387919138896e-05 2 1 3 2 2 3 2 0 1 0
-0.0002300419833043571 2 1 3 2 2 3 2 3 1 0
-0.00016813547407105404 2 1 3 2 2 3 2 3 1 3
0.0025451956255450863 2 1 3 3 0 1 2 0 0 0
-0.0025451956255450863 2 1 3 3 0 2 1 0 0 0
2.5925398344751695e-05 2 1 3 3 3 3 1 3 3 2
-2.5925398344751695e-05 2 1 3 3 3 3 2 3 3 1
0.001968807735753495 2 2 0 0 0 1 1 0 0 0
0.001968807735753495 2 2 0 0 0 2 2 0 0 0
-0.0018413749531543248 2 2 0 0 3 3 1 3 3 1
-0.0018413749531543248 2 2 0 0 3 3 2 3 3 2
0.0016314269196338745 2 2 0 1 1 1 1 0 2 2
-0.00010601598267271828 2 2 0 1 1 1 2 0 1 2
-0.0015254109369611563 2 2 0 1 1 1 2 0 2 1
-0.0015254109369611563 2 2 0 1 1 2 1 0 1 2
-0.00010601598267271828 2 2 0 1 1 2 1 0 2 1
0.0016314269196338745 2 2 0 1 1 2 2 0 1 1
-2.6167623887523212e-05 2 2 0 1 2 3 1 3 2 0
2.6167623887523212e-05 2 2 0 1 2 3 2 3 1 0
-0.0021803688321011586 2 2 0 3 0 3 1 3 3 1
-0.0021803688321011586 2 2 0 3 0 3 2 3 3 2
-0.002146920090476554 2 2 0 3 3 0 1 3 3 1
-0.002146920090476554 2 2 0 3 3 0 2 3 3 2
-0.0021216547510932425 2 2 0 3 3 3 1 0 3 1
-0.001938354140477836 2 2 0 3 3 3 1 3 0 1
-0.01434750712908751 2 2 0 3 3 3 1 3 3 1
-0.0021216547510932425 2 2 0 3 3 3 2 0 3 2
-0.001938354140477836 2 2 0 3 3 3 2 3 0 2
-0.01434750712908751 2 2 0 3 3 3 2 3 3 2
0.0016314269196338745 2 2 1 0 1 1 1 2 0 2
-0.00010601598267271828 2 2 1 0 1 1 2 1 0 2
-0.0015254109369611563 2 2 1 0 1 1 2 2 0 1
-0.0015254109369611563 2 2 1 0 1 2 1 1 0 2
-0.00010601598267271828 2 2 1 0 1 2 1 2 0 1
0.0016314269196338745 2 2 1 0 1 2 2 1 0 1
-2.6167623887523212e-05 2 2 1 0 2 3 1 2 3 0
2.6167623887523212e-05 2 2 1 0 2 3 2 1 3 0
0.00026928083877664156 2 2 1 1 0 1 1 2 2 0
-0.00013464041938832078 2 2 1 1 0 1 2 1 2 0
-0.00013464041938832078 2 2 1 1 0 1 2 2 1 0
-0.00013464041938832078 2 2 1 1 0 2 1 1 2 0
-0.00013464041938832078 2 2 1 1 0 2 1 2 1 0
0.00026928083877664156 2 2 1 1 0 2 2 1 1 0
9.697918732351128e-05 2 2 1 2 3 3 1 1 2 1
-8.63214232918956e-05 2 2 1 2 3 3 1 2 1 1
1.0657764031615689e-05 2 2 1 2 3 3 1 2 2 2
-1.0657764031615689e-05 2 2 1 2 3 3 2 1 1 1
8.63214232918956e-05 2 2 1 2 3 3 2 1 2 2
-9.697918732351128e-05 2 2 1 2 3 3 2 2 1 2
-6.184920706485418e-05 2 2 1 3 2 0 1 2 3 0
6.184920706485418e-05 2 2 1 3 2 0 2 1 3 0
-3.6825387919138896e-05 2 2 1 3 2 3 1 2 0 0
-0.0002300419833043571 2 2 1 3 2 3 1 2 3 0
5.388182581842333e-05 2 2 1 3 2 3 1 2 3 3
3.6825387919138896e-05 2 2 1 3 2 3 2 1 0 0
0.0002300419833043571 2 2 1 3 2 3 2 1 3 0
-5.388182581842333e-05 2 2 1 3 2 3 2 1 3 3
-8.63214232918956e-05 2 2 2 1 3 3 1 1 2 1
9.697918732351128e-05 2 2 2 1 3 3 1 2 1 1
1.0657764031615689e-05 2 2 2 1 3 3 1 2 2 2
-1.0657764031615689e-05 2 2 2 1 3 3 2 1 1 1
-9.697918732351128e-05 2 2 2 1 3 3 2 1 2 2
8.63214232918956e-05 2 2 2 1 3 3 2 2 1 2
0.0004094709588437581 2 2 2 3 1 0 1 2 3 0
-0.0004094709588437581 2 2 2 3 1 0 2 1 3 0
-0.00022201729988947737 2 2 2 3 1 3 1 2 3 3
0.00022201729988947737 2 2 2 3 1 3 2 1 3 3
-0.0021803688321011586 2 2 3 0 0 3 1 3 3 1
-0.0021803688321011586 2 2 3 0 0 3 2 3 3 2
-0.002146920090476554 2 2 3 0 3 0 1 3 3 1
-0.002146920090476554 2 2 3 0 3 0 2 3 3 2
-0.001938354140477836 2 2 3 0 3 3 1 0 3 1
-0.0021216547510932425 2 2 3 0 3 3 1 3 0 1
-0.014347507129087512 2 2 3 0 3 3 1 3 3 1
-0.001938354140477836 2 2 3 0 3 3 2 0 3 2
-0.0021216547510932425 2 2 3 0 3 3 2 3 0 2
-0.014347507129087512 2 2 3 0 3 3 2 3 3 2
-6.184920706485418e-05 2 2 3 1 2 0 1 3 2 0
6.184920706485418e-05 2 2 3 1 2 0 2 3 1 0
-3.6825387919138896e-05 2 2 3 1 2 3 1 0 2 0
-0.0002300419833043571 2 2 3 1 2 3 1 3 2 0
5.388182581842333e-05 2 2 3 1 2 3 1 3 2 3
3.6825387919138896e-05 2 2 3 1 2 3 2 0 1 0
0.0002300419833043571 2 2 3 1 2 3 2 3 1 0
-5.388182581842333e-05 2 2 3 1 2 3 2 3 1 3
0.0004094709588437581 2 2 3 2 1 0 1 3 2 0
-0.0004094709588437581 2 2 3 2 1 0 2 3 1 0
-0.00022201729988947737 2 2 3 2 1 3 1 3 2 3
0.00022201729988947737 2 2 3 2 1 3 2 3 1 3
-0.002852544905853677 2 2 3 3 0 0 1 3 3 1
-0.002852544905853677 2 2 3 3 0 0 2 3 3 2
-0.0024023861319906357 2 2 3 3 0 3 1 0 3 1
-0.0024023861319906357 2 2 3 3 0 3 1 3 0 1
-0.016035579376695572 2 2 3 3 0 3 1 3 3 1
-0.0024023861319906357 2 2 3 3 0 3 2 0 3 2
-0.0024023861319906357 2 2 3 3 0 3 2 3 0 2
-0.016035579376695572 2 2 3 3 0 3 2 3 3 2
-0.0017374491316327952 2 2 3 3 3 0 1 0 3 1
-0.0017374491316327952 2 2 3 3 3 0 1 3 0 1
-0.021034982925611324 2 2 3 3 3 0 1 3 3 1
-0.0017374491316327952 2 2 3 3 3 0 2 0 3 2
-0.0017374491316327952 2 2 3 3 3 0 2 3 0 2
-0.021034982925611324 2 2 3 3 3 0 2 3 3 2
-0.0018413749531543248 2 2 3 3 3 3 1 0 0 1
-0.01434750712908751 2 2 3 3 3 3 1 0 3 1
-0.014347507129087512 2 2 3 3 3 3 1 3 0 1
20.351727500455215 2 2 3 3 3 3 1 3 3 1
-0.0018413749531543248 2 2 3 3 3 3 2 0 0 2
-0.01434750712908751 2 2 3 3 3 3 2 0 3 2
-0.014347507129087512 2 2 3 3 3 3 2 3 0 2
20.351727500455215 2 2 3 3 3 3 2 3 3 2
0.02222468782858919 2 3 0 0 1 1 0 0 0 2
0.0029656560969018903 2 3 0 0 1 1 0 0 3 2
0.0029656560969018903 2 3 0 0 1 1 0 3 0 2
0.005231189885053248 2 3 0 0 1 1 3 0 0 2
-0.02222468782858919 2 3 0 0 1 2 0 0 0 1
-0.0029656560969018903 2 3 0 0 1 2 0 0 3 1
-0.0029656560969018903 2 3 0 0 1 2 0 3 0 1
-0.005231189885053248 2 3 0 0 1 2 3 0 0 1
-0.0015700674440244245 2 3 0 0 2 0 3 3 3 0
-0.00150731439120323 2 3 0 0 2 3 0 3 3 0
-0.001893071621016942 2 3 0 0 2 3 3 0 3 0
-0.001893071621016942 2 3 0 0 2 3 3 3 0 0
-0.012753832794624958 2 3 0 0 2 3 3 3 3 0
-0.0021265603565360615 2 3 0 0 2 3 3 3 3 3
0.021225517750201706 2 3 0 1 0 1 0 0 2 0
0.0032001248575935183 2 3 0 1 0 1 0 0 2 3
0.00284373546479723 2 3 0 1 0 1 0 3 2 0
0.003290962439315474 2 3 0 1 0 1 3 0 2 0
-0.021225517750201706 2 3 0 1 0 2 0 0 1 0
-0.0032001248575935183 2 3 0 1 0 2 0 0 1 3
-0.00284373546479723 2 3 0 1 0 2 0 3 1 0
-0.003290962439315474 2 3 0 1 0 2 3 0 1 0
0.0016747139206323613 2 3 0 1 3 1 0 0 2 0
-0.0016747139206323613 2 3 0 1 3 2 0 0 1 0
0.00018925600682773294 2 3 0 2 0 3 3 3 1 1
0.00018925600682773294 2 3 0 2 0 3 3 3 2 2
8.47281720796376e-05 2 3 0 2 3 0 3 3 1 1
8.47281720796376e-05 2 3 0 2 3 0 3 3 2 2
0.00022510225153662034 2 3 0 2 3 3 0 3 1 1
0.00022510225153662034 2 3 0 2 3 3 0 3 2 2
0.0002580063256850845 2 3 0 2 3 3 3 0 1 1
0.0002580063256850845 2 3 0 2 3 3 3 0 2 2
0.0016605039138892846 2 3 0 2 3 3 3 3 1 1
0.0016605039138892846 2 3 0 2 3 3 3 3 2 2
0.0028596401142291727 2 3 0 3 1 1 0 0 0 2
-0.0028596401142291727 2 3 0 3 1 2 0 0 0 1
-0.0013650114577108579 2 3 0 3 2 0 0 3 3 0
-0.0018507633390189046 2 3 0 3 2 0 3 0 3 0
-0.0017201181904090098 2 3 0 3 2 0 3 3 0 0
-0.014088657824893776 2 3 0 3 2 0 3 3 3 0
-0.0017301328535413766 2 3 0 3 2 0 3 3 3 3
-0.0017697561618178902 2 3 0 3 2 3 0 0 3 0
-0.001727418066507515 2 3 0 3 2 3 0 3 0 0
-0.012115766146658442 2 3 0 3 2 3 0 3 3 0
-0.001817207026411727 2 3 0 3 2 3 0 3 3 3
-0.002151077946702026 2 3 0 3 2 3 3 0 0 0
-0.015141118858320618 2 3 0 3 2 3 3 0 3 0
-0.002508802708817243 2 3 0 3 2 3 3 0 3 3
-0.014656597425116366 2 3 0 3 2 3 3 3 0 0
-0.00238014514518161 2 3 0 3 2 3 3 3 0 3
5.7408725663094105 2 3 0 3 2 3 3 3 3 0
-0.01655280587019187 2 3 0 3 2 3 3 3 3 3
0.021225517750201706 2 3 1 0 0 1 0 2 0 0
0.0032001248575935183 2 3 1 0 0 1 0 2 0 3
0.00284373546479723 2 3 1 0 0 1 0 2 3 0
0.003290962439315474 2 3 1 0 0 1 3 2 0 0
-0.021225517750201706 2 3 1 0 0 2 0 1 0 0
-0.0032001248575935183 2 3 1 0 0 2 0 1 0 3
-0.00284373546479723 2 3 1 0 0 2 0 1 3 0
-0.003290962439315474 2 3 1 0 0 2 3 1 0 0
0.0016747139206323613 2 3 1 0 3 1 0 2 0 0
-0.0016747139206323613 2 3 1 0 3 2 0 1 0 0
6.532257430494757e-05 2 3 1 2 2 0 3 1 2 0
-6.532257430494757e-05 2 3 1 2 2 0 3 2 1 0
2.1169047655187627e-05 2 3 1 2 2 3 0 1 2 0
-2.1169047655187627e-05 2 3 1 2 2 3 0 2 1 0
0.00024226071660212573 2 3 1 2 2 3 3 1 2 0
6.432878181781627e-05 2 3 1 2 2 3 3 1 2 3
-0.00024226071660212573 2 3 1 2 2 3 3 2 1 0
-6.432878181781627e-05 2 3 1 2 2 3 3 2 1 3
0.002709095045408909 2 3 1 3 0 1 0 2 0 0
-0.002709095045408909 2 3 1 3 0 2 0 1 0 0
6.342554973427714e-05 2 3 1 3 3 3 3 1 3 2
-6.342554973427714e-05 2 3 1 3 3 3 3 2 3 1
0.00018925600682773294 2 3 2 0 0 3 3 1 3 1
0.00018925600682773294 2 3 2 0 0 3 3 2 3 2
8.47281720796376e-05 2 3 2 0 3 0 3 1 3 1
8.47281720796376e-05 2 3 2 0 3 0 3 2 3 2
0.00022510225153662034 2 3 2 0 3 3 0 1 3 1
0.00022510225153662034 2 3 2 0 3 3 0 2 3 2
0.0002580063256850845 2 3 2 0 3 3 3 1 0 1
0.0016605039138892848 2 3 2 0 3 3 3 1 3 1
0.0002580063256850845 2 3 2 0 3 3 3 2 0 2
0.0016605039138892848 2 3 2 0 3 3 3 2 3 2
-6.532257430494757e-05 2 3 2 1 2 0 3 1 2 0
6.532257430494757e-05 2 3 2 1 2 0 3 2 1 0
-2.1169047655187627e-05 2 3 2 1 2 3 0 1 2 0
2.1169047655187627e-05 2 3 2 1 2 3 0 2 1 0
-0.00024226071660212573 2 3 2 1 2 3 3 1 2 0
-6.432878181781627e-05 2 3 2 1 2 3 3 1 2 3
0.00024226071660212573 2 3 2 1 2 3 3 2 1 0
6.432878181781627e-05 2 3 2 1 2 3 3 2 1 3
5.7389279002328336e-05 2 3 2 3 0 0 3 1 3 1
5.7389279002328336e-05 2 3 2 3 0 0 3 2 3 2
0.00023120739145273824 2 3 2 3 0 3 0 1 3 1
0.00023120739145273824 2 3 2 3 0 3 0 2 3 2
0.00018925600682773294 2 3 2 3 0 3 3 1 0 1
0.001301257819033016 2 3 2 3 0 3 3 1 3 1
0.00018925600682773294 2 3 2 3 0 3 3 2 0 2
0.001301257819033016 2 3 2 3 0 3 3 2 3 2
-0.0002568255077184443 2 3 2 3 3 0 0 1 3 1
-0.0002568255077184443 2 3 2 3 3 0 0 2 3 2
8.472817207963756e-05 2 3 2 3 3 0 3 1 0 1
0.0014115899043797703 2 3 2 3 3 0 3 1 3 1
8.472817207963756e-05 2 3 2 3 3 0 3 2 0 2
0.0014115899043797703 2 3 2 3 3 0 3 2 3 2
0.00021444448750500468 2 3 2 3 3 3 0 1 0 1
0.0016801534090448848 2 3 2 3 3 3 0 1 3 1
0.00021444448750500468 2 3 2 3 3 3 0 2 0 2
0.0016801534090448848 2 3 2 3 3 3 0 2 3 2
0.0016605039138892848 2 3 2 3 3 3 3 1 0 1
-2.355808224861841 2 3 2 3 3 3 3 1 3 1
0.0016605039138892848 2 3 2 3 3 3 3 2 0 2
-2.355808224861841 2 3 2 3 3 3 3 2 3 2
0.0028596401142291727 2 3 3 0 1 1 0 0 0 2
-0.0028596401142291727 2 3 3 0 1 2 0 0 0 1
-0.0013650114577108579 2 3 3 0 2 0 0 3 3 0
-0.0017201181904090098 2 3 3 0 2 0 3 0 3 0
-0.0018507633390189046 2 3 3 0 2 0 3 3 0 0
-0.014088657824893776 2 3 3 0 2 0 3 3 3 0
-0.0017301328535413766 2 3 3 0 2 0 3 3 3 3
-0.001727418066507515 2 3 3 0 2 3 0 0 3 0
-0.0017697561618178902 2 3 3 0 2 3 0 3 0 0
-0.012115766146658442 2 3 3 0 2 3 0 3 3 0
-0.001817207026411727 2 3 3 0 2 3 0 3 3 3
-0.002151077946702026 2 3 3 0 2 3 3 0 0 0
-0.014656597425116368 2 3 3 0 2 3 3 0 3 0
-0.00238014514518161 2 3 3 0 2 3 3 0 3 3
-0.015141118858320618 2 3 3 0 2 3 3 3 0 0
-0.002508802708817243 2 3 3 0 2 3 3 3 0 3
5.74087256630941 2 3 3 0 2 3 3 3 3 0
-0.016552805870191874 2 3 3 0 2 3 3 3 3 3
0.002709095045408909 2 3 3 1 0 1 0 0 2 0
-0.002709095045408909 2 3 3 1 0 2 0 0 1 0
6.342554973427711e-05 2 3 3 1 3 3 3 3 1 2
-6.342554973427711e-05 2 3 3 1 3 3 3 3 2 1
5.7389279002328336e-05 2 3 3 2 0 0 3 3 1 1
5.7389279002328336e-05 2 3 3 2 0 0 3 3 2 2
0.00023120739145273824 2 3 3 2 0 3 0 3 1 1
0.00023120739145273824 2 3 3 2 0 3 0 3 2 2
0.00018925600682773294 2 3 3 2 0 3 3 0 1 1
0.00018925600682773294 2 3 3 2 0 3 3 0 2 2
0.001301257819033016 2 3 3 2 0 3 3 3 1 1
0.001301257819033016 2 3 3 2 0 3 3 3 2 2
-0.0002568255077184443 2 3 3 2 3 0 0 3 1 1
-0.0002568255077184443 2 3 3 2 3 0 0 3 2 2
8.472817207963756e-05 2 3 3 2 3 0 3 0 1 1
8.472817207963756e-05 2 3 3 2 3 0 3 0 2 2
0.0014115899043797703 2 3 3 2 3 0 3 3 1 1
0.0014115899043797703 2 3 3 2 3 0 3 3 2 2
0.00021444448750500468 2 3 3 2 3 3 0 0 1 1
0.00021444448750500468 2 3 3 2 3 3 0 0 2 2
0.0016801534090448848 2 3 3 2 3 3 0 3 1 1
0.0016801534090448848 2 3 3 2 3 3 0 3 2 2
0.0016605039138892846 2 3 3 2 3 3 3 0 1 1
0.0016605039138892846 2 3 3 2 3 3 3 0 2 2
-2.355808224861841 2 3 3 2 3 3 3 3 1 1
-2.355808224861841 2 3 3 2 3 3 3 3 2 2
-0.0014558077017713172 2 3 3 3 2 0 0 0 3 0
-0.0014558077017713172 2 3 3 3 2 0 0 3 0 0
-0.01194748945358919 2 3 3 3 2 0 0 3 3 0
-0.0006362942888230227 2 3 3 3 2 0 0 3 3 3
-0.0017395237881836995 2 3 3 3 2 0 3 0 0 0
-0.015500247729273546 2 3 3 3 2 0 3 0 3 0
-0.001787522132543705 2 3 3 3 2 0 3 0 3 3
-0.015500247729273546 2 3 3 3 2 0 3 3 0 0
-0.001787522132543705 2 3 3 3 2 0 3 3 0 3
4.687658043660722 2 3 3 3 2 0 3 3 3 0
-0.016379726144407608 2 3 3 3 2 0 3 3 3 3
-0.001883868118438193 2 3 3 3 2 3 0 0 0 0
-0.013565877572398969 2 3 3 3 2 3 0 0 3 0
-0.0018802789437934108 2 3 3 3 2 3 0 0 3 3
-0.013565877572398969 2 3 3 3 2 3 0 3 0 0
-0.0018802789437934108 2 3 3 3 2 3 0 3 0 3
4.399167396485219 2 3 3 3 2 3 0 3 3 0
-0.013699610577323166 2 3 3 3 2 3 0 3 3 3
-0.016074840622403525 2 3 3 3 2 3 3 0 0 0
-0.002505072370191527 2 3 3 3 2 3 3 0 0 3
8.096617365621514 2 3 3 3 2 3 3 0 3 0
-0.017854063689224885 2 3 3 3 2 3 3 0 3 3
8.096617365621517 2 3 3 3 2 3 3 3 0 0
-0.017854063689224885 2 3 3 3 2 3 3 3 0 3
50.787010980260504 2 3 3 3 2 3 3 3 3 0
10.944684783856026 2 3 3 3 2 3 3 3 3 3
-1624.493905020636 3 0 0 0 0 0 0 0 0 0
-164.47813236764824 3 0 0 0 0 0 0 0 0 3
-160.57029030374716 3 0 0 0 0 0 0 0 3 0
0.3749099110274443 3 0 0 0 0 0 0 0 3 3
-160.57029030374719 3 0 0 0 0 0 0 3 0 0
0.37490991102744425 3 0 0 0 0 0 0 3 0 3
0.3752594273328429 3 0 0 0 0 0 0 3 3 0
0.04504135743353492 3 0 0 0 0 0 0 3 3 3
-161.1787815696978 3 0 0 0 0 0 3 0 0 0
0.31920749163324275 3 0 0 0 0 0 3 0 0 3
0.377965696757254 3 0 0 0 0 0 3 0 3 0
0.039468673390874266 3 0 0 0 0 0 3 0 3 3
0.377965696757254 3 0 0 0 0 0 3 3 0 0
0.039468673390874266 3 0 0 0 0 0 3 3 0 3
0.04416677939080246 3 0 0 0 0 0 3 3 3 0
-160.64812117647415 3 0 0 0 0 3 0 0 0 0
0.4059162725939431 3 0 0 0 0 3 0 0 0 3
0.4056653877129478 3 0 0 0 0 3 0 0 3 0
0.04177205527783295 3 0 0 0 0 3 0 0 3 3
0.4056653877129478 3 0 0 0 0 3 0 3 0 0
0.04177205527783295 3 0 0 0 0 3 0 3 0 3
0.040746554781711256 3 0 0 0 0 3 0 3 3 0
0.40985516485703566 3 0 0 0 0 3 3 0 0 0
0.036196899128137595 3 0 0 0 0 3 3 0 0 3
0.041109538057532 3 0 0 0 0 3 3 0 3 0
0.041109538057532 3 0 0 0 0 3 3 3 0 0
-134.58835465723268 3 0 0 0 3 0 0 0 0 0
0.3788608711570247 3 0 0 0 3 0 0 0 0 3
0.3616096678231123 3 0 0 0 3 0 0 0 3 0
0.04663182678227801 3 0 0 0 3 0 0 0 3 3
0.3616096678231123 3 0 0 0 3 0 0 3 0 0
0.04663182678227801 3 0 0 0 3 0 0 3 0 3
0.04390391233862455 3 0 0 0 3 0 0 3 3 0
0.3793508099222892 3 0 0 0 3 0 3 0 0 0
0.043574787321803664 3 0 0 0 3 0 3 0 0 3
0.045667903156980307 3 0 0 0 3 0 3 0 3 0
0.045667903156980307 3 0 0 0 3 0 3 3 0 0
0.4059162725939431 3 0 0 0 3 3 0 0 0 0
0.04689536370692485 3 0 0 0 3 3 0 0 0 3
0.0431268664067215 3 0 0 0 3 3 0 0 3 0
0.0431268664067215 3 0 0 0 3 3 0 3 0 0
0.04499151489827516 3 0 0 0 3 3 3 0 0 0
-0.008200575601814922 3 0 0 1 2 0 0 0 1 2
0.008200575601814922 3 0 0 1 2 0 0 0 2 1
-0.0008120011286157532 3 0 0 1 2 0 0 3 1 2
0.0008120011286157532 3 0 0 1 2 0 0 3 2 1
-0.0008204534344371438 3 0 0 1 2 0 3 0 1 2
0.0008204534344371438 3 0 0 1 2 0 3 0 2 1
-0.0013548111288885435 3 0 0 1 2 3 0 0 1 2
0.0013548111288885435 3 0 0 1 2 3 0 0 2 1
0.008200575601814922 3 0 0 2 1 0 0 0 1 2
-0.008200575601814922 3 0 0 2 1 0 0 0 2 1
0.0008120011286157532 3 0 0 2 1 0 0 3 1 2
-0.0008120011286157532 3 0 0 2 1 0 0 3 2 1
0.0008204534344371438 3 0 0 2 1 0 3 0 1 2
-0.0008204534344371438 3 0 0 2 1 0 3 0 2 1
0.0013548111288885435 3 0 0 2 1 3 0 0 1 2
-0.0013548111288885435 3 0 0 2 1 3 0 0 2 1
-130.81061280535621 3 0 0 3 0 0 0 0 0 0
0.3634756784162121 3 0 0 3 0 0 0 0 0 3
0.3775204891782962 3 0 0 3 0 0 0 0 3 0
0.045477441913036945 3 0 0 3 0 0 0 0 3 3
0.362028258585523 3 0 0 3 0 0 0 3 0 0
0.043891768698367827 3 0 0 3 0 0 0 3 0 3
0.044320038523605276 3 0 0 3 0 0 0 3 3 0
0.3640956089367488 3 0 0 3 0 0 3 0 0 0
0.03933483503039147 3 0 0 3 0 0 3 0 0 3
0.04451232302905217 3 0 0 3 0 0 3 0 3 0
0.04296408319217017 3 0 0 3 0 0 3 3 0 0
0.4056653877129478 3 0 0 3 0 3 0 0 0 0
0.0431268664067215 3 0 0 3 0 3 0 0 0 3
0.04468668307243261 3 0 0 3 0 3 0 0 3 0
0.042059930878618375 3 0 0 3 0 3 0 3 0 0
0.04235441430975377 3 0 0 3 0 3 3 0 0 0
0.3337742840082503 3 0 0 3 3 0 0 0 0 0
0.04321853589812116 3 0 0 3 3 0 0 0 0 3
0.04213054075985766 3 0 0 3 3 0 0 0 3 0
0.04083645982419977 3 0 0 3 3 0 0 3 0 0
0.04226173100798934 3 0 0 3 3 0 3 0 0 0
-0.0014558077017713174 3 0 0 3 3 1 3 3 3 1
-0.0014558077017713174 3 0 0 3 3 2 3 3 3 2
0.04177205527783295 3 0 0 3 3 3 0 0 0 0
-0.008200575601814922 3 0 1 0 2 0 0 1 0 2
-0.0008120011286157532 3 0 1 0 2 0 0 1 3 2
0.008200575601814922 3 0 1 0 2 0 0 2 0 1
0.0008120011286157532 3 0 1 0 2 0 0 2 3 1
-0.0008204534344371438 3 0 1 0 2 0 3 1 0 2
0.0008204534344371438 3 0 1 0 2 0 3 2 0 1
-0.0013548111288885435 3 0 1 0 2 3 0 1 0 2
0.0013548111288885435 3 0 1 0 2 3 0 2 0 1
-0.007746115296386649 3 0 1 2 0 0 0 1 2 0
-0.000792836607334559 3 0 1 2 0 0 0 1 2 3
0.007746115296386649 3 0 1 2 0 0 0 2 1 0
0.000792836607334559 3 0 1 2 0 0 0 2 1 3
-0.0007741199184410027 3 0 1 2 0 0 3 1 2 0
0.0007741199184410027 3 0 1 2 0 0 3 2 1 0
-0.0013133760969071232 3 0 1 2 0 3 0 1 2 0
0.0013133760969071232 3 0 1 2 0 3 0 2 1 0
-0.0006470404678289431 3 0 1 2 3 0 0 1 2 0
0.0006470404678289431 3 0 1 2 3 0 0 2 1 0
-0.0006639357460951918 3 0 1 3 2 0 0 1 0 2
0.0006639357460951918 3 0 1 3 2 0 0 2 0 1
0.0002568255077184443 3 0 1 3 2 1 3 2 3 0
-0.0002568255077184443 3 0 1 3 2 2 3 1 3 0
0.008200575601814922 3 0 2 0 1 0 0 1 0 2
0.0008120011286157532 3 0 2 0 1 0 0 1 3 2
-0.008200575601814922 3 0 2 0 1 0 0 2 0 1
-0.0008120011286157532 3 0 2 0 1 0 0 2 3 1
0.0008204534344371438 3 0 2 0 1 0 3 1 0 2
-0.0008204534344371438 3 0 2 0 1 0 3 2 0 1
0.0013548111288885435 3 0 2 0 1 3 0 1 0 2
-0.0013548111288885435 3 0 2 0 1 3 0 2 0 1
0.007746115296386649 3 0 2 1 0 0 0 1 2 0
0.000792836607334559 3 0 2 1 0 0 0 1 2 3
-0.007746115296386649 3 0 2 1 0 0 0 2 1 0
-0.000792836607334559 3 0 2 1 0 0 0 2 1 3
0.0007741199184410027 3 0 2 1 0 0 3 1 2 0
-0.0007741199184410027 3 0 2 1 0 0 3 2 1 0
0.0013133760969071232 3 0 2 1 0 3 0 1 2 0
-0.0013133760969071232 3 0 2 1 0 3 0 2 1 0
0.0006470404678289431 3 0 2 1 3 0 0 1 2 0
-0.0006470404678289431 3 0 2 1 3 0 0 2 1 0
0.0006639357460951918 3 0 2 3 1 0 0 1 0 2
-0.0006639357460951918 3 0 2 3 1 0 0 2 0 1
-0.0002568255077184443 3 0 2 3 1 1 3 2 3 0
0.0002568255077184443 3 0 2 3 1 2 3 1 3 0
-130.8106128053562 3 0 3 0 0 0 0 0 0 0
0.3634756784162121 3 0 3 0 0 0 0 0 0 3
0.362028258585523 3 0 3 0 0 0 0 0 3 0
0.043891768698367827 3 0 3 0 0 0 0 0 3 3
0.3775204891782962 3 0 3 0 0 0 0 3 0 0
0.045477441913036945 3 0 3 0 0 0 0 3 0 3
0.044320038523605276 3 0 3 0 0 0 0 3 3 0
0.3640956089367488 3 0 3 0 0 0 3 0 0 0
0.03933483503039147 3 0 3 0 0 0 3 0 0 3
0.04296408319217017 3 0 3 0 0 0 3 0 3 0
0.04451232302905217 3 0 3 0 0 0 3 3 0 0
0.4056653877129478 3 0 3 0 0 3 0 0 0 0
0.0431268664067215 3 0 3 0 0 3 0 0 0 3
0.042059930878618375 3 0 3 0 0 3 0 0 3 0
0.04468668307243261 3 0 3 0 0 3 0 3 0 0
0.04235441430975377 3 0 3 0 0 3 3 0 0 0
0.3337742840082503 3 0 3 0 3 0 0 0 0 0
0.04321853589812116 3 0 3 0 3 0 0 0 0 3
0.04083645982419977 3 0 3 0 3 0 0 0 3 0
0.04213054075985766 3 0 3 0 3 0 0 3 0 0
0.04226173100798934 3 0 3 0 3 0 3 0 0 0
-0.0014558077017713172 3 0 3 0 3 1 3 3 3 1
-0.0014558077017713172 3 0 3 0 3 2 3 3 3 2
0.04177205527783295 3 0 3 0 3 3 0 0 0 0
-0.0006639357460951918 3 0 3 1 2 0 0 0 1 2
0.0006639357460951918 3 0 3 1 2 0 0 0 2 1
0.0002568255077184443 3 0 3 1 2 1 3 3 2 0
-0.0002568255077184443 3 0 3 1 2 2 3 3 1 0
0.0006639357460951918 3 0 3 2 1 0 0 0 1 2
-0.0006639357460951918 3 0 3 2 1 0 0 0 2 1
-0.0002568255077184443 3 0 3 2 1 1 3 3 2 0
0.0002568255077184443 3 0 3 2 1 2 3 3 1 0
0.3333048592454298 3 0 3 3 0 0 0 0 0 0
0.040860375983490495 3 0 3 3 0 0 0 0 0 3
0.04106062315354915 3 0 3 3 0 0 0 0 3 0
0.04106062315354915 3 0 3 3 0 0 0 3 0 0
0.039943866317879224 3 0 3 3 0 0 3 0 0 0
-0.0006362942888230226 3 0 3 3 0 1 3 3 3 1
-0.0006362942888230226 3 0 3 3 0 2 3 3 3 2
0.040746554781711256 3 0 3 3 0 3 0 0 0 0
0.036771057139158236 3 0 3 3 3 0 0 0 0 0
-0.0022762085792025965 3 0 3 3 3 1 0 3 3 1
-0.0013650114577108577 3 0 3 3 3 1 3 0 3 1
-0.0013650114577108577 3 0 3 3 3 1 3 3 0 1
-0.01194748945358919 3 0 3 3 3 1 3 3 3 1
-0.0022762085792025965 3 0 3 3 3 2 0 3 3 2
-0.0013650114577108577 3 0 3 3 3 2 3 0 3 2
-0.0013650114577108577 3 0 3 3 3 2 3 3 0 2
-0.01194748945358919 3 0 3 3 3 2 3 3 3 2
-0.08236800611763559 3 1 0 0 2 0 1 0 0 2
-0.00823841644589806 3 1 0 0 2 0 1 0 3 2
-0.00823841644589806 3 1 0 0 2 0 1 3 0 2
0.08236800611763559 3 1 0 0 2 0 2 0 0 1
0.00823841644589806 3 1 0 0 2 0 2 0 3 1
0.00823841644589806 3 1 0 0 2 0 2 3 0 1
-0.008794615770137558 3 1 0 0 2 3 1 0 0 2
0.008794615770137558 3 1 0 0 2 3 2 0 0 1
-0.007355429929696522 3 1 0 2 0 0 1 0 2 0
-0.0007204221257124316 3 1 0 2 0 0 1 0 2 3
-0.0007322789283356171 3 1 0 2 0 0 1 3 2 0
0.007355429929696522 3 1 0 2 0 0 2 0 1 0
0.0007204221257124316 3 1 0 2 0 0 2 0 1 3
0.0007322789283356171 3 1 0 2 0 0 2 3 1 0
-0.0012448762522217702 3 1 0 2 0 3 1 0 2 0
0.0012448762522217702 3 1 0 2 0 3 2 0 1 0
-0.0006144061430397134 3 1 0 2 3 0 1 0 2 0
0.0006144061430397134 3 1 0 2 3 0 2 0 1 0
-0.006713005508936904 3 1 0 3 2 0 1 0 0 2
0.006713005508936904 3 1 0 3 2 0 2 0 0 1
0.0017374491316327952 3 1 0 3 2 1 2 3 3 0
-0.0017374491316327952 3 1 0 3 2 2 1 3 3 0
-0.007355429929696522 3 1 2 0 0 0 1 2 0 0
-0.0007204221257124316 3 1 2 0 0 0 1 2 0 3
-0.0007322789283356171 3 1 2 0 0 0 1 2 3 0
0.007355429929696522 3 1 2 0 0 0 2 1 0 0
0.0007204221257124316 3 1 2 0 0 0 2 1 0 3
0.0007322789283356171 3 1 2 0 0 0 2 1 3 0
-0.0012448762522217702 3 1 2 0 0 3 1 2 0 0
0.0012448762522217702 3 1 2 0 0 3 2 1 0 0
-0.0006144061430397134 3 1 2 0 3 0 1 2 0 0
0.0006144061430397134 3 1 2 0 3 0 2 1 0 0
-0.0005976385089472961 3 1 2 3 0 0 1 2 0 0
0.0005976385089472961 3 1 2 3 0 0 2 1 0 0
-0.0003476217517789039 3 1 2 3 3 1 1 2 3 1
-6.184920706485418e-05 3 1 2 3 3 1 2 1 3 1
-0.0004094709588437581 3 1 2 3 3 1 2 2 3 2
0.0004094709588437581 3 1 2 3 3 2 1 1 3 1
6.184920706485418e-05 3 1 2 3 3 2 1 2 3 2
0.0003476217517789039 3 1 2 3 3 2 2 1 3 2
-0.006713005508936904 3 1 3 0 2 0 1 0 0 2
0.006713005508936904 3 1 3 0 2 0 2 0 0 1
0.0017374491316327952 3 1 3 0 2 1 2 3 3 0
-0.0017374491316327952 3 1 3 0 2 2 1 3 3 0
-0.0005976385089472961 3 1 3 2 0 0 1 0 2 0
0.0005976385089472961 3 1 3 2 0 0 2 0 1 0
-0.0003476217517789039 3 1 3 2 3 1 1 3 2 1
-6.184920706485418e-05 3 1 3 2 3 1 2 3 1 1
-0.0004094709588437581 3 1 3 2 3 1 2 3 2 2
0.0004094709588437581 3 1 3 2 3 2 1 3 1 1
6.184920706485418e-05 3 1 3 2 3 2 1 3 2 2
0.0003476217517789039 3 1 3 2 3 2 2 3 1 2
0.0021469200904765534 3 1 3 3 2 1 2 0 3 0
0.0021469200904765534 3 1 3 3 2 1 2 3 0 0
0.021034982925611324 3 1 3 3 2 1 2 3 3 0
0.002852544905853677 3 1 3 3 2 1 2 3 3 3
-0.0021469200904765534 3 1 3 3 2 2 1 0 3 0
-0.0021469200904765534 3 1 3 3 2 2 1 3 0 0
-0.021034982925611324 3 1 3 3 2 2 1 3 3 0
-0.002852544905853677 3 1 3 3 2 2 1 3 3 3
0.08236800611763559 3 2 0 0 1 0 1 0 0 2
0.00823841644589806 3 2 0 0 1 0 1 0 3 2
0.00823841644589806 3 2 0 0 1 0 1 3 0 2
-0.08236800611763559 3 2 0 0 1 0 2 0 0 1
-0.00823841644589806 3 2 0 0 1 0 2 0 3 1
-0.00823841644589806 3 2 0 0 1 0 2 3 0 1
0.008794615770137557 3 2 0 0 1 3 1 0 0 2
-0.008794615770137557 3 2 0 0 1 3 2 0 0 1
0.007355429929696522 3 2 0 1 0 0 1 0 2 0
0.0007204221257124316 3 2 0 1 0 0 1 0 2 3
0.0007322789283356171 3 2 0 1 0 0 1 3 2 0
-0.007355429929696522 3 2 0 1 0 0 2 0 1 0
-0.0007204221257124316 3 2 0 1 0 0 2 0 1 3
-0.0007322789283356171 3 2 0 1 0 0 2 3 1 0
0.0012448762522217702 3 2 0 1 0 3 1 0 2 0
-0.0012448762522217702 3 2 0 1 0 3 2 0 1 0
0.0006144061430397134 3 2 0 1 3 0 1 0 2 0
-0.0006144061430397134 3 2 0 1 3 0 2 0 1 0
0.006713005508936904 3 2 0 3 1 0 1 0 0 2
-0.006713005508936904 3 2 0 3 1 0 2 0 0 1
-0.0017374491316327952 3 2 0 3 1 1 2 3 3 0
0.0017374491316327952 3 2 0 3 1 2 1 3 3 0
0.007355429929696522 3 2 1 0 0 0 1 2 0 0
0.0007204221257124316 3 2 1 0 0 0 1 2 0 3
0.0007322789283356171 3 2 1 0 0 0 1 2 3 0
-0.007355429929696522 3 2 1 0 0 0 2 1 0 0
-0.0007204221257124316 3 2 1 0 0 0 2 1 0 3
-0.0007322789283356171 3 2 1 0 0 0 2 1 3 0
0.0012448762522217702 3 2 1 0 0 3 1 2 0 0
-0.0012448762522217702 3 2 1 0 0 3 2 1 0 0
0.0006144061430397134 3 2 1 0 3 0 1 2 0 0
-0.0006144061430397134 3 2 1 0 3 0 2 1 0 0
0.0005976385089472961 3 2 1 3 0 0 1 2 0 0
-0.0005976385089472961 3 2 1 3 0 0 2 1 0 0
0.0003476217517789039 3 2 1 3 3 1 1 2 3 1
6.184920706485418e-05 3 2 1 3 3 1 2 1 3 1
0.0004094709588437581 3 2 1 3 3 1 2 2 3 2
-0.0004094709588437581 3 2 1 3 3 2 1 1 3 1
-6.184920706485418e-05 3 2 1 3 3 2 1 2 3 2
-0.0003476217517789039 3 2 1 3 3 2 2 1 3 2
0.006713005508936904 3 2 3 0 1 0 1 0 0 2
-0.006713005508936904 3 2 3 0 1 0 2 0 0 1
-0.0017374491316327952 3 2 3 0 1 1 2 3 3 0
0.0017374491316327952 3 2 3 0 1 2 1 3 3 0
0.0005976385089472961 3 2 3 1 0 0 1 0 2 0
-0.0005976385089472961 3 2 3 1 0 0 2 0 1 0
0.0003476217517789039 3 2 3 1 3 1 1 3 2 1
6.184920706485418e-05 3 2 3 1 3 1 2 3 1 1
0.0004094709588437581 3 2 3 1 3 1 2 3 2 2
-0.0004094709588437581 3 2 3 1 3 2 1 3 1 1
-6.184920706485418e-05 3 2 3 1 3 2 1 3 2 2
-0.0003476217517789039 3 2 3 1 3 2 2 3 1 2
-0.0021469200904765534 3 2 3 3 1 1 2 0 3 0
-0.0021469200904765534 3 2 3 3 1 1 2 3 0 0
-0.021034982925611324 3 2 3 3 1 1 2 3 3 0
-0.002852544905853677 3 2 3 3 1 1 2 3 3 3
0.0021469200904765534 3 2 3 3 1 2 1 0 3 0
0.0021469200904765534 3 2 3 3 1 2 1 3 0 0
0.021034982925611324 3 2 3 3 1 2 1 3 3 0
0.002852544905853677 3 2 3 3 1 2 1 3 3 3
-133.04375192691498 3 3 0 0 0 0 0 0 0 0
0.3823135468931189 3 3 0 0 0 0 0 0 0 3
0.36548963483360714 3 3 0 0 0 0 0 0 3 0
0.04574395249713064 3 3 0 0 0 0 0 0 3 3
0.36548963483360714 3 3 0 0 0 0 0 3 0 0
0.04574395249713064 3 3 0 0 0 0 0 3 0 3
0.0430861416219286 3 3 0 0 0 0 0 3 3 0
0.38452959611339155 3 3 0 0 0 0 3 0 0 0
0.043345974485255456 3 3 0 0 0 0 3 0 0 3
0.04496135869182393 3 3 0 0 0 0 3 0 3 0
0.04496135869182393 3 3 0 0 0 0 3 3 0 0
0.40985516485703566 3 3 0 0 0 3 0 0 0 0
0.04499151489827515 3 3 0 0 0 3 0 0 0 3
0.04235441430975377 3 3 0 0 0 3 0 0 3 0
0.04235441430975377 3 3 0 0 0 3 0 3 0 0
0.04530975542099655 3 3 0 0 0 3 3 0 0 0
0.27772085294689414 3 3 0 0 3 0 0 0 0 0
0.03868666555451434 3 3 0 0 3 0 0 0 0 3
0.03518794283766177 3 3 0 0 3 0 0 0 3 0
0.03518794283766177 3 3 0 0 3 0 0 3 0 0
0.038114784600202206 3 3 0 0 3 0 3 0 0 0
-0.0017395237881836995 3 3 0 0 3 1 3 3 3 1
-0.0017395237881836995 3 3 0 0 3 2 3 3 3 2
0.036196899128137595 3 3 0 0 3 3 0 0 0 0
-0.0006480628833310928 3 3 0 1 2 0 0 0 1 2
0.0006480628833310928 3 3 0 1 2 0 0 0 2 1
-8.472817207963756e-05 3 3 0 1 2 1 3 3 2 0
8.472817207963756e-05 3 3 0 1 2 2 3 3 1 0
0.0006480628833310928 3 3 0 2 1 0 0 0 1 2
-0.0006480628833310928 3 3 0 2 1 0 0 0 2 1
8.472817207963756e-05 3 3 0 2 1 1 3 3 2 0
-8.472817207963756e-05 3 3 0 2 1 2 3 3 1 0
0.3369086871537089 3 3 0 3 0 0 0 0 0 0
0.04247146839715578 3 3 0 3 0 0 0 0 0 3
0.04143034563383827 3 3 0 3 0 0 0 0 3 0
0.04015020003047659 3 3 0 3 0 0 0 3 0 0
0.04167039625250846 3 3 0 3 0 0 3 0 0 0
-0.001787522132543705 3 3 0 3 0 1 3 3 3 1
-0.001787522132543705 3 3 0 3 0 2 3 3 3 2
0.041109538057532 3 3 0 3 0 3 0 0 0 0
0.03225075989065861 3 3 0 3 3 0 0 0 0 0
-0.0032551060404689665 3 3 0 3 3 1 0 3 3 1
-0.0018507633390189046 3 3 0 3 3 1 3 0 3 1
-0.0017201181904090098 3 3 0 3 3 1 3 3 0 1
-0.015500247729273543 3 3 0 3 3 1 3 3 3 1
-0.0032551060404689665 3 3 0 3 3 2 0 3 3 2
-0.0018507633390189046 3 3 0 3 3 2 3 0 3 2
-0.0017201181904090098 3 3 0 3 3 2 3 3 0 2
-0.015500247729273543 3 3 0 3 3 2 3 3 3 2
-0.0006480628833310928 3 3 1 0 2 0 0 1 0 2
0.0006480628833310928 3 3 1 0 2 0 0 2 0 1
-8.472817207963756e-05 3 3 1 0 2 1 3 2 3 0
8.472817207963756e-05 3 3 1 0 2 2 3 1 3 0
-0.000640072801680839 3 3 1 2 0 0 0 1 2 0
0.000640072801680839 3 3 1 2 0 0 0 2 1 0
6.532257430494757e-05 3 3 1 2 3 1 3 1 2 1
-6.532257430494757e-05 3 3 1 2 3 1 3 2 1 1
6.532257430494757e-05 3 3 1 2 3 2 3 1 2 2
-6.532257430494757e-05 3 3 1 2 3 2 3 2 1 2
-0.00015264545112531384 3 3 1 3 2 1 0 2 3 0
-8.47281720796376e-05 3 3 1 3 2 1 3 2 0 0
-0.00141158990437977 3 3 1 3 2 1 3 2 3 0
-5.7389279002328364e-05 3 3 1 3 2 1 3 2 3 3
0.00015264545112531384 3 3 1 3 2 2 0 1 3 0
8.47281720796376e-05 3 3 1 3 2 2 3 1 0 0
0.00141158990437977 3 3 1 3 2 2 3 1 3 0
5.7389279002328364e-05 3 3 1 3 2 2 3 1 3 3
0.0006480628833310928 3 3 2 0 1 0 0 1 0 2
-0.0006480628833310928 3 3 2 0 1 0 0 2 0 1
8.472817207963756e-05 3 3 2 0 1 1 3 2 3 0
-8.472817207963756e-05 3 3 2 0 1 2 3 1 3 0
0.000640072801680839 3 3 2 1 0 0 0 1 2 0
-0.000640072801680839 3 3 2 1 0 0 0 2 1 0
-6.532257430494757e-05 3 3 2 1 3 1 3 1 2 1
6.532257430494757e-05 3 3 2 1 3 1 3 2 1 1
-6.532257430494757e-05 3 3 2 1 3 2 3 1 2 2
6.532257430494757e-05 3 3 2 1 3 2 3 2 1 2
0.00015264545112531384 3 3 2 3 1 1 0 2 3 0
8.47281720796376e-05 3 3 2 3 1 1 3 2 0 0
0.00141158990437977 3 3 2 3 1 1 3 2 3 0
5.7389279002328364e-05 3 3 2 3 1 1 3 2 3 3
-0.00015264545112531384 3 3 2 3 1 2 0 1 3 0
-8.47281720796376e-05 3 3 2 3 1 2 3 1 0 0
-0.00141158990437977 3 3 2 3 1 2 3 1 3 0
-5.7389279002328364e-05 3 3 2 3 1 2 3 1 3 3
0.3369086871537089 3 3 3 0 0 0 0 0 0 0
0.04247146839715578 3 3 3 0 0 0 0 0 0 3
0.04015020003047659 3 3 3 0 0 0 0 0 3 0
0.04143034563383827 3 3 3 0 0 0 0 3 0 0
0.04167039625250846 3 3 3 0 0 0 3 0 0 0
-0.001787522132543705 3 3 3 0 0 1 3 3 3 1
-0.001787522132543705 3 3 3 0 0 2 3 3 3 2
0.041109538057532 3 3 3 0 0 3 0 0 0 0
0.03225075989065861 3 3 3 0 3 0 0 0 0 0
-0.0032551060404689665 3 3 3 0 3 1 0 3 3 1
-0.0017201181904090098 3 3 3 0 3 1 3 0 3 1
-0.0018507633390189046 3 3 3 0 3 1 3 3 0 1
-0.015500247729273543 3 3 3 0 3 1 3 3 3 1
-0.0032551060404689665 3 3 3 0 3 2 0 3 3 2
-0.0017201181904090098 3 3 3 0 3 2 3 0 3 2
-0.0018507633390189046 3 3 3 0 3 2 3 3 0 2
-0.015500247729273543 3 3 3 0 3 2 3 3 3 2
-0.00015264545112531384 3 3 3 1 2 1 0 3 2 0
-8.47281720796376e-05 3 3 3 1 2 1 3 0 2 0
-0.00141158990437977 3 3 3 1 2 1 3 3 2 0
-5.7389279002328364e-05 3 3 3 1 2 1 3 3 2 3
0.00015264545112531384 3 3 3 1 2 2 0 3 1 0
8.47281720796376e-05 3 3 3 1 2 2 3 0 1 0
0.00141158990437977 3 3 3 1 2 2 3 3 1 0
5.7389279002328364e-05 3 3 3 1 2 2 3 3 1 3
0.00015264545112531384 3 3 3 2 1 1 0 3 2 0
8.47281720796376e-05 3 3 3 2 1 1 3 0 2 0
0.00141158990437977 3 3 3 2 1 1 3 3 2 0
5.7389279002328364e-05 3 3 3 2 1 1 3 3 2 3
-0.00015264545112531384 3 3 3 2 1 2 0 3 1 0
-8.47281720796376e-05 3 3 3 2 1 2 3 0 1 0
-0.00141158990437977 3 3 3 2 1 2 3 3 1 0
-5.7389279002328364e-05 3 3 3 2 1 2 3 3 1 3
0.036203393674439546 3 3 3 3 0 0 0 0 0 0
-0.0034888391946767 3 3 3 3 0 1 0 3 3 1
-0.0017301328535413766 3 3 3 3 0 1 3 0 3 1
-0.0017301328535413766 3 3 3 3 0 1 3 3 0 1
-0.016379726144407605 3 3 3 3 0 1 3 3 3 1
-0.0034888391946767 3 3 3 3 0 2 0 3 3 2
-0.0017301328535413766 3 3 3 3 0 2 3 0 3 2
-0.0017301328535413766 3 3 3 3 0 2 3 3 0 2
-0.016379726144407605 3 3 3 3 0 2 3 3 3 2
-0.003450082341122558 3 3 3 3 3 1 0 0 3 1
-0.003450082341122558 3 3 3 3 3 1 0 3 0 1
-0.03298247237920051 3 3 3 3 3 1 0 3 3 1
-0.0015700674440244245 3 3 3 3 3 1 3 0 0 1
-0.014088657824893772 3 3 3 3 3 1 3 0 3 1
-0.014088657824893772 3 3 3 3 3 1 3 3 0 1
4.687658043660723 3 3 3 3 3 1 3 3 3 1
-0.003450082341122558 3 3 3 3 3 2 0 0 3 2
-0.003450082341122558 3 3 3 3 3 2 0 3 0 2
-0.03298247237920051 3 3 3 3 3 2 0 3 3 2
-0.0015700674440244245 3 3 3 3 3 2 3 0 0 2
-0.014088657824893772 3 3 3 3 3 2 3 0 3 2
-0.014088657824893772 3 3 3 3 3 2 3 3 0 2
4.687658043660723 3 3 3 3 3 2 3 3 3 2
