-742945575.2725722 0 0 0 0 0 0 0 0 0 0
1473392.4524027538 0 0 0 0 0 0 0 0 0 3
1568487.9814457663 0 0 0 0 0 0 0 0 3 0
204553.9454667247 0 0 0 0 0 0 0 0 3 3
1568487.9814457658 0 0 0 0 0 0 0 3 0 0
204553.9454667247 0 0 0 0 0 0 0 3 0 3
199136.72728500864 0 0 0 0 0 0 0 3 3 0
-847.9946898301598 0 0 0 0 0 0 0 3 3 3
1587142.84733222 0 0 0 0 0 0 3 0 0 0
125697.93198080875 0 0 0 0 0 0 3 0 0 3
200381.26451329337 0 0 0 0 0 0 3 0 3 0
-742.0162770748204 0 0 0 0 0 0 3 0 3 3
200381.26451329337 0 0 0 0 0 0 3 3 0 0
-742.0162770748202 0 0 0 0 0 0 3 3 0 3
-857.1318617987272 0 0 0 0 0 0 3 3 3 0
-97.3001648880922 0 0 0 0 0 0 3 3 3 3
-0.0032380775958576026 0 0 0 0 0 1 0 3 3 1
-0.0025270880374569796 0 0 0 0 0 1 3 0 3 1
-0.00252708803745698 0 0 0 0 0 1 3 3 0 1
-0.018503462192793994 0 0 0 0 0 1 3 3 3 1
-0.0032380775958576026 0 0 0 0 0 2 0 3 3 2
-0.0025270880374569796 0 0 0 0 0 2 3 0 3 2
-0.00252708803745698 0 0 0 0 0 2 3 3 0 2
-0.018503462192793994 0 0 0 0 0 2 3 3 3 2
2205622.5532258027 0 0 0 0 0 3 0 0 0 0
181233.68687680873 0 0 0 0 0 3 0 0 0 3
176003.38317029024 0 0 0 0 0 3 0 0 3 0
-903.530877321694 0 0 0 0 0 3 0 0 3 3
176003.38317029024 0 0 0 0 0 3 0 3 0 0
-903.5308773216939 0 0 0 0 0 3 0 3 0 3
-902.1085926520491 0 0 0 0 0 3 0 3 3 0
-98.40996605332887 0 0 0 0 0 3 0 3 3 3
179023.27334304914 0 0 0 0 0 3 3 0 0 0
-751.274839359677 0 0 0 0 0 3 3 0 0 3
-911.8899421045456 0 0 0 0 0 3 3 0 3 0
-86.23626965937498 0 0 0 0 0 3 3 0 3 3
-911.8899421045456 0 0 0 0 0 3 3 3 0 0
-86.23626965937498 0 0 0 0 0 3 3 3 0 3
-96.83481108064585 0 0 0 0 0 3 3 3 3 0
0.3570767510730728 0 0 0 0 0 3 3 3 3 3
1473392.452402755 0 0 0 0 3 0 0 0 0 0
244404.15754036332 0 0 0 0 3 0 0 0 0 3
215905.68907712604 0 0 0 0 3 0 0 0 3 0
-908.4153735951472 0 0 0 0 3 0 0 0 3 3
215905.68907712607 0 0 0 0 3 0 0 3 0 0
-908.4153735951471 0 0 0 0 3 0 0 3 0 3
-879.9795106626968 0 0 0 0 3 0 0 3 3 0
-124.34427600764072 0 0 0 0 3 0 0 3 3 3
237799.0537191946 0 0 0 0 3 0 3 0 0 0
-837.1348530031339 0 0 0 0 3 0 3 0 0 3
-916.1587169123101 0 0 0 0 3 0 3 0 3 0
-113.29648886679384 0 0 0 0 3 0 3 0 3 3
-916.1587169123101 0 0 0 0 3 0 3 3 0 0
-113.29648886679384 0 0 0 0 3 0 3 3 0 3
-121.57281828763966 0 0 0 0 3 0 3 3 3 0
0.3980082899670217 0 0 0 0 3 0 3 3 3 3
-0.003805964222388095 0 0 0 0 3 1 0 0 3 1
-0.003805964222388095 0 0 0 0 3 1 0 3 0 1
-0.02833763589815376 0 0 0 0 3 1 0 3 3 1
-0.002395223740434728 0 0 0 0 3 1 3 0 0 1
-0.018187427164942243 0 0 0 0 3 1 3 0 3 1
-0.018187427164942243 0 0 0 0 3 1 3 3 0 1
5.057415953380416 0 0 0 0 3 1 3 3 3 1
-0.003805964222388095 0 0 0 0 3 2 0 0 3 2
-0.003805964222388095 0 0 0 0 3 2 0 3 0 2
-0.02833763589815376 0 0 0 0 3 2 0 3 3 2
-0.002395223740434728 0 0 0 0 3 2 3 0 0 2
-0.018187427164942243 0 0 0 0 3 2 3 0 3 2
-0.018187427164942243 0 0 0 0 3 2 3 3 0 2
5.057415953380416 0 0 0 0 3 2 3 3 3 2
221846.9512323071 0 0 0 0 3 3 0 0 0 0
-1026.146206746133 0 0 0 0 3 3 0 0 0 3
-984.2101110315189 0 0 0 0 3 3 0 0 3 0
-115.84469839222936 0 0 0 0 3 3 0 0 3 3
-984.2101110315186 0 0 0 0 3 3 0 3 0 0
-115.84469839222938 0 0 0 0 3 3 0 3 0 3
-109.44474914377211 0 0 0 0 3 3 0 3 3 0
0.42948419935247706 0 0 0 0 3 3 0 3 3 3
-1035.383356948411 0 0 0 0 3 3 3 0 0 0
-103.60074837906734 0 0 0 0 3 3 3 0 0 3
-113.78042037573262 0 0 0 0 3 3 3 0 3 0
0.40522856732173995 0 0 0 0 3 3 3 0 3 3
-113.78042037573263 0 0 0 0 3 3 3 3 0 0
0.40522856732173995 0 0 0 0 3 3 3 3 0 3
0.42890422895094965 0 0 0 0 3 3 3 3 3 0
0.04864943015455148 0 0 0 0 3 3 3 3 3 3
-3.061580159834457 0 0 0 1 1 0 0 0 1 1
-3.061580159834457 0 0 0 1 1 0 0 0 2 2
0.002161916586560556 0 0 0 1 1 0 0 3 1 1
0.002161916586560555 0 0 0 1 1 0 0 3 2 2
0.0021797549358288744 0 0 0 1 1 0 3 0 1 1
0.0021797549358288744 0 0 0 1 1 0 3 0 2 2
0.0002794261838858503 0 0 0 1 1 0 3 3 1 1
0.0002794261838858503 0 0 0 1 1 0 3 3 2 2
1.3335553809733006e-05 0 0 0 1 1 1 3 3 1 0
1.3335553809733006e-05 0 0 0 1 1 2 3 3 2 0
0.0027325967328029064 0 0 0 1 1 3 0 0 1 1
0.0027325967328029064 0 0 0 1 1 3 0 0 2 2
0.00025848453808616754 0 0 0 1 1 3 0 3 1 1
0.00025848453808616754 0 0 0 1 1 3 0 3 2 2
0.00024166132478969918 0 0 0 1 1 3 3 0 1 1
0.00024166132478969918 0 0 0 1 1 3 3 0 2 2
-11348.682030241669 0 0 0 1 2 0 0 0 1 2
11348.68203024167 0 0 0 1 2 0 0 0 2 1
15.990248499681602 0 0 0 1 2 0 0 3 1 2
-15.990248499681602 0 0 0 1 2 0 0 3 2 1
16.178925097778624 0 0 0 1 2 0 3 0 1 2
-16.178925097778624 0 0 0 1 2 0 3 0 2 1
2.0538434086208306 0 0 0 1 2 0 3 3 1 2
-2.0538434086208306 0 0 0 1 2 0 3 3 2 1
-0.00015902815955088278 0 0 0 1 2 1 0 0 2 0
-0.0011552738442180907 0 0 0 1 2 1 0 3 2 0
-8.745276189066222e-05 0 0 0 1 2 1 0 3 2 3
-0.0013420792871317643 0 0 0 1 2 1 3 0 2 0
-0.00016478346751353987 0 0 0 1 2 1 3 0 2 3
0.5795076660257619 0 0 0 1 2 1 3 3 2 0
-0.0011316446209653917 0 0 0 1 2 1 3 3 2 3
0.00015902815955088278 0 0 0 1 2 2 0 0 1 0
0.0011552738442180907 0 0 0 1 2 2 0 3 1 0
8.745276189066222e-05 0 0 0 1 2 2 0 3 1 3
0.0013420792871317643 0 0 0 1 2 2 3 0 1 0
0.00016478346751353987 0 0 0 1 2 2 3 0 1 3
-0.5795076660257619 0 0 0 1 2 2 3 3 1 0
0.0011316446209653917 0 0 0 1 2 2 3 3 1 3
22.276866187821202 0 0 0 1 2 3 0 0 1 2
-22.276866187821206 0 0 0 1 2 3 0 0 2 1
1.7876470621171732 0 0 0 1 2 3 0 3 1 2
-1.7876470621171732 0 0 0 1 2 3 0 3 2 1
1.7442529369975357 0 0 0 1 2 3 3 0 1 2
-1.7442529369975357 0 0 0 1 2 3 3 0 2 1
-0.0045570378686750805 0 0 0 1 2 3 3 3 1 2
0.0045570378686750805 0 0 0 1 2 3 3 3 2 1
11348.68203024167 0 0 0 2 1 0 0 0 1 2
-11348.68203024167 0 0 0 2 1 0 0 0 2 1
-15.990248499681602 0 0 0 2 1 0 0 3 1 2
15.990248499681602 0 0 0 2 1 0 0 3 2 1
-16.178925097778624 0 0 0 2 1 0 3 0 1 2
16.178925097778624 0 0 0 2 1 0 3 0 2 1
-2.0538434086208306 0 0 0 2 1 0 3 3 1 2
2.0538434086208306 0 0 0 2 1 0 3 3 2 1
0.00015902815955088278 0 0 0 2 1 1 0 0 2 0
0.0011552738442180907 0 0 0 2 1 1 0 3 2 0
8.745276189066222e-05 0 0 0 2 1 1 0 3 2 3
0.0013420792871317643 0 0 0 2 1 1 3 0 2 0
0.00016478346751353987 0 0 0 2 1 1 3 0 2 3
-0.5795076660257619 0 0 0 2 1 1 3 3 2 0
0.0011316446209653917 0 0 0 2 1 1 3 3 2 3
-0.00015902815955088278 0 0 0 2 1 2 0 0 1 0
-0.0011552738442180907 0 0 0 2 1 2 0 3 1 0
-8.745276189066222e-05 0 0 0 2 1 2 0 3 1 3
-0.0013420792871317643 0 0 0 2 1 2 3 0 1 0
-0.00016478346751353987 0 0 0 2 1 2 3 0 1 3
0.5795076660257619 0 0 0 2 1 2 3 3 1 0
-0.0011316446209653917 0 0 0 2 1 2 3 3 1 3
-22.276866187821202 0 0 0 2 1 3 0 0 1 2
22.276866187821206 0 0 0 2 1 3 0 0 2 1
-1.7876470621171732 0 0 0 2 1 3 0 3 1 2
1.7876470621171732 0 0 0 2 1 3 0 3 2 1
-1.7442529369975357 0 0 0 2 1 3 3 0 1 2
1.7442529369975357 0 0 0 2 1 3 3 0 2 1
0.0045570378686750805 0 0 0 2 1 3 3 3 1 2
-0.0045570378686750805 0 0 0 2 1 3 3 3 2 1
-3.061580159834457 0 0 0 2 2 0 0 0 1 1
-3.061580159834457 0 0 0 2 2 0 0 0 2 2
0.002161916586560556 0 0 0 2 2 0 0 3 1 1
0.002161916586560555 0 0 0 2 2 0 0 3 2 2
0.0021797549358288744 0 0 0 2 2 0 3 0 1 1
0.0021797549358288744 0 0 0 2 2 0 3 0 2 2
0.0002794261838858503 0 0 0 2 2 0 3 3 1 1
0.0002794261838858504 0 0 0 2 2 0 3 3 2 2
1.3335553809733006e-05 0 0 0 2 2 1 3 3 1 0
1.3335553809733006e-05 0 0 0 2 2 2 3 3 2 0
0.0027325967328029064 0 0 0 2 2 3 0 0 1 1
0.0027325967328029064 0 0 0 2 2 3 0 0 2 2
0.00025848453808616754 0 0 0 2 2 3 0 3 1 1
0.00025848453808616743 0 0 0 2 2 3 0 3 2 2
0.00024166132478969907 0 0 0 2 2 3 3 0 1 1
0.00024166132478969918 0 0 0 2 2 3 3 0 2 2
1568487.9814457665 0 0 0 3 0 0 0 0 0 0
215905.68907712607 0 0 0 3 0 0 0 0 0 3
231013.9844609241 0 0 0 3 0 0 0 0 3 0
-906.1817440638922 0 0 0 3 0 0 0 0 3 3
209763.8774479352 0 0 0 3 0 0 0 3 0 0
-878.0529074923925 0 0 0 3 0 0 0 3 0 3
-910.09874168866 0 0 0 3 0 0 0 3 3 0
-120.91101320458468 0 0 0 3 0 0 0 3 3 3
210473.31993668893 0 0 0 3 0 0 3 0 0 0
-771.5534190088526 0 0 0 3 0 0 3 0 0 3
-916.7961986242511 0 0 0 3 0 0 3 0 3 0
-104.84900339232962 0 0 0 3 0 0 3 0 3 3
-886.4994960894513 0 0 0 3 0 0 3 3 0 0
-102.4280876901784 0 0 0 3 0 0 3 3 0 3
-118.31789102999292 0 0 0 3 0 0 3 3 3 0
0.3839860006667302 0 0 0 3 0 0 3 3 3 3
-0.003203211691952027 0 0 0 3 0 1 0 0 3 1
-0.003168153786628636 0 0 0 3 0 1 0 3 0 1
-0.023666151179243238 0 0 0 3 0 1 0 3 3 1
-0.0024291925254586707 0 0 0 3 0 1 3 0 0 1
-0.01842006782983783 0 0 0 3 0 1 3 0 3 1
-0.018018827514649553 0 0 0 3 0 1 3 3 0 1
5.049297854926064 0 0 0 3 0 1 3 3 3 1
-0.003203211691952027 0 0 0 3 0 2 0 0 3 2
-0.003168153786628636 0 0 0 3 0 2 0 3 0 2
-0.023666151179243238 0 0 0 3 0 2 0 3 3 2
-0.0024291925254586707 0 0 0 3 0 2 3 0 0 2
-0.01842006782983783 0 0 0 3 0 2 3 0 3 2
-0.018018827514649553 0 0 0 3 0 2 3 3 0 2
5.049297854926064 0 0 0 3 0 2 3 3 3 2
216440.73638638138 0 0 0 3 0 3 0 0 0 0
-979.1433221931799 0 0 0 3 0 3 0 0 0 3
-1022.2171218898593 0 0 0 3 0 3 0 0 3 0
-112.87347936633282 0 0 0 3 0 3 0 0 3 3
-980.1328925970028 0 0 0 3 0 3 0 3 0 0
-109.38636621182333 0 0 0 3 0 3 0 3 0 3
-109.94108206957358 0 0 0 3 0 3 0 3 3 0
0.4241148474345539 0 0 0 3 0 3 0 3 3 3
-989.5298957033672 0 0 0 3 0 3 3 0 0 0
-94.14669908992148 0 0 0 3 0 3 3 0 0 3
-110.9335852246596 0 0 0 3 0 3 3 0 3 0
0.3899297495341146 0 0 0 3 0 3 3 0 3 3
-107.48649826823838 0 0 0 3 0 3 3 3 0 0
0.38273783044063553 0 0 0 3 0 3 3 3 0 3
0.42384263067748085 0 0 0 3 0 3 3 3 3 0
0.04634363837212691 0 0 0 3 0 3 3 3 3 3
204553.9454667247 0 0 0 3 3 0 0 0 0 0
-908.4153735951472 0 0 0 3 3 0 0 0 0 3
-906.1817440638923 0 0 0 3 3 0 0 0 3 0
-131.71477113850767 0 0 0 3 3 0 0 0 3 3
-878.0529074923927 0 0 0 3 3 0 0 3 0 0
-126.80128045878317 0 0 0 3 3 0 0 3 0 3
-123.38522889043661 0 0 0 3 3 0 0 3 3 0
0.43648519980240036 0 0 0 3 3 0 0 3 3 3
-913.3336491409134 0 0 0 3 3 0 3 0 0 0
-116.66112721777654 0 0 0 3 3 0 3 0 0 3
-128.3217026167311 0 0 0 3 3 0 3 0 3 0
0.41518840851011213 0 0 0 3 3 0 3 0 3 3
-123.76381323270313 0 0 0 3 3 0 3 3 0 0
0.40701975334844437 0 0 0 3 3 0 3 3 0 3
0.43472584474869036 0 0 0 3 3 0 3 3 3 0
0.0561556069040769 0 0 0 3 3 0 3 3 3 3
-0.003646936062837213 0 0 0 3 3 1 0 0 0 1
-0.028210915897948857 0 0 0 3 3 1 0 0 3 1
-0.027525213335273396 0 0 0 3 3 1 0 3 0 1
9.55095424712794 0 0 0 3 3 1 0 3 3 1
-0.017034487348280874 0 0 0 3 3 1 3 0 0 1
4.748574299574441 0 0 0 3 3 1 3 0 3 1
4.634595907511554 0 0 0 3 3 1 3 3 0 1
36.73565188758243 0 0 0 3 3 1 3 3 3 1
-0.003646936062837213 0 0 0 3 3 2 0 0 0 2
-0.028210915897948857 0 0 0 3 3 2 0 0 3 2
-0.027525213335273396 0 0 0 3 3 2 0 3 0 2
9.55095424712794 0 0 0 3 3 2 0 3 3 2
-0.017034487348280874 0 0 0 3 3 2 3 0 0 2
4.74857429957444 0 0 0 3 3 2 3 0 3 2
4.634595907511554 0 0 0 3 3 2 3 3 0 2
36.73565188758242 0 0 0 3 3 2 3 3 3 2
-1015.2633583338966 0 0 0 3 3 3 0 0 0 0
-125.0830188317497 0 0 0 3 3 3 0 0 0 3
-121.92382685977874 0 0 0 3 3 3 0 0 3 0
0.4612434662642413 0 0 0 3 3 3 0 0 3 3
-117.64414310199653 0 0 0 3 3 3 0 3 0 0
0.45119542765757426 0 0 0 3 3 3 0 3 0 3
0.4469937295057541 0 0 0 3 3 3 0 3 3 0
0.05600186438833693 0 0 0 3 3 3 0 3 3 3
-122.63593643510147 0 0 0 3 3 3 3 0 0 0
0.42633198638158565 0 0 0 3 3 3 3 0 0 3
0.4602439229444398 0 0 0 3 3 3 3 0 3 0
0.05288997569294409 0 0 0 3 3 3 3 0 3 3
0.45033034117560555 0 0 0 3 3 3 3 3 0 0
0.05187014065146998 0 0 0 3 3 3 3 3 0 3
0.05495842293709108 0 0 0 3 3 3 3 3 3 0
-3.0615801598344565 0 0 1 0 1 0 0 1 0 1
0.002161916586560555 0 0 1 0 1 0 0 1 3 1
-3.0615801598344565 0 0 1 0 1 0 0 2 0 2
0.002161916586560555 0 0 1 0 1 0 0 2 3 2
0.0021797549358288744 0 0 1 0 1 0 3 1 0 1
0.0002794261838858503 0 0 1 0 1 0 3 1 3 1
0.0021797549358288744 0 0 1 0 1 0 3 2 0 2
0.0002794261838858503 0 0 1 0 1 0 3 2 3 2
1.3335553809733012e-05 0 0 1 0 1 1 3 1 3 0
1.3335553809733012e-05 0 0 1 0 1 2 3 2 3 0
0.0027325967328029055 0 0 1 0 1 3 0 1 0 1
0.00025848453808616743 0 0 1 0 1 3 0 1 3 1
0.0027325967328029055 0 0 1 0 1 3 0 2 0 2
0.00025848453808616754 0 0 1 0 1 3 0 2 3 2
0.00024166132478969907 0 0 1 0 1 3 3 1 0 1
0.00024166132478969918 0 0 1 0 1 3 3 2 0 2
-11348.682030241669 0 0 1 0 2 0 0 1 0 2
15.990248499681602 0 0 1 0 2 0 0 1 3 2
11348.68203024167 0 0 1 0 2 0 0 2 0 1
-15.990248499681602 0 0 1 0 2 0 0 2 3 1
16.178925097778624 0 0 1 0 2 0 3 1 0 2
2.053843408620831 0 0 1 0 2 0 3 1 3 2
-16.178925097778624 0 0 1 0 2 0 3 2 0 1
-2.053843408620831 0 0 1 0 2 0 3 2 3 1
-0.00015902815955088278 0 0 1 0 2 1 0 2 0 0
-0.001155273844218091 0 0 1 0 2 1 0 2 3 0
-8.74527618906622e-05 0 0 1 0 2 1 0 2 3 3
-0.0013420792871317643 0 0 1 0 2 1 3 2 0 0
-0.00016478346751353992 0 0 1 0 2 1 3 2 0 3
0.5795076660257618 0 0 1 0 2 1 3 2 3 0
-0.0011316446209653917 0 0 1 0 2 1 3 2 3 3
0.00015902815955088278 0 0 1 0 2 2 0 1 0 0
0.001155273844218091 0 0 1 0 2 2 0 1 3 0
8.74527618906622e-05 0 0 1 0 2 2 0 1 3 3
0.0013420792871317643 0 0 1 0 2 2 3 1 0 0
0.00016478346751353992 0 0 1 0 2 2 3 1 0 3
-0.5795076660257618 0 0 1 0 2 2 3 1 3 0
0.0011316446209653917 0 0 1 0 2 2 3 1 3 3
22.276866187821202 0 0 1 0 2 3 0 1 0 2
1.7876470621171732 0 0 1 0 2 3 0 1 3 2
-22.276866187821206 0 0 1 0 2 3 0 2 0 1
-1.7876470621171732 0 0 1 0 2 3 0 2 3 1
1.7442529369975357 0 0 1 0 2 3 3 1 0 2
-0.0045570378686750805 0 0 1 0 2 3 3 1 3 2
-1.7442529369975357 0 0 1 0 2 3 3 2 0 1
0.0045570378686750805 0 0 1 0 2 3 3 2 3 1
-2.0966564320741408 0 0 1 1 0 0 0 1 1 0
0.0013889602145839143 0 0 1 1 0 0 0 1 1 3
-2.0966564320741408 0 0 1 1 0 0 0 2 2 0
0.0013889602145839143 0 0 1 1 0 0 0 2 2 3
0.0014949062384431706 0 0 1 1 0 0 3 1 1 0
0.00012394205361955095 0 0 1 1 0 0 3 1 1 3
0.0014949062384431706 0 0 1 1 0 0 3 2 2 0
0.000123942053619551 0 0 1 1 0 0 3 2 2 3
0.0017928364559275298 0 0 1 1 0 3 0 1 1 0
0.000182532048111822 0 0 1 1 0 3 0 1 1 3
0.0017928364559275302 0 0 1 1 0 3 0 2 2 0
0.000182532048111822 0 0 1 1 0 3 0 2 2 3
0.00017907297108951136 0 0 1 1 0 3 3 1 1 0
0.00017907297108951136 0 0 1 1 0 3 3 2 2 0
0.001388960214583914 0 0 1 1 3 0 0 1 1 0
0.0002591112802304371 0 0 1 1 3 0 0 1 1 3
0.0013889602145839136 0 0 1 1 3 0 0 2 2 0
0.0002591112802304371 0 0 1 1 3 0 0 2 2 3
0.00022082779426404946 0 0 1 1 3 0 3 1 1 0
0.00022082779426404946 0 0 1 1 3 0 3 2 2 0
-5.765056590665012e-06 0 0 1 1 3 1 3 1 1 1
-8.84385178848126e-07 0 0 1 1 3 1 3 1 2 2
-8.843851788481258e-07 0 0 1 1 3 1 3 2 1 2
-3.996286232968759e-06 0 0 1 1 3 1 3 2 2 1
-3.996286232968759e-06 0 0 1 1 3 2 3 1 1 2
-8.843851788481258e-07 0 0 1 1 3 2 3 1 2 1
-8.84385178848126e-07 0 0 1 1 3 2 3 2 1 1
-5.765056590665012e-06 0 0 1 1 3 2 3 2 2 2
0.00020221099246908367 0 0 1 1 3 3 0 1 1 0
0.00020221099246908367 0 0 1 1 3 3 0 2 2 0
-10625.053506494382 0 0 1 2 0 0 0 1 2 0
14.064418285749644 0 0 1 2 0 0 0 1 2 3
10625.05350649438 0 0 1 2 0 0 0 2 1 0
-14.064418285749646 0 0 1 2 0 0 0 2 1 3
15.148351267400113 0 0 1 2 0 0 3 1 2 0
1.2104578510756212 0 0 1 2 0 0 3 1 2 3
-15.148351267400113 0 0 1 2 0 0 3 2 1 0
-1.210457851075621 0 0 1 2 0 0 3 2 1 3
1.7528952661695386e-05 0 0 1 2 0 1 0 1 2 1
-1.7528952661695386e-05 0 0 1 2 0 1 0 2 1 1
0.00020062015759413976 0 0 1 2 0 1 3 1 2 1
-0.00020062015759413976 0 0 1 2 0 1 3 2 1 1
1.7528952661695386e-05 0 0 1 2 0 2 0 1 2 2
-1.7528952661695386e-05 0 0 1 2 0 2 0 2 1 2
0.00020062015759413976 0 0 1 2 0 2 3 1 2 2
-0.00020062015759413976 0 0 1 2 0 2 3 2 1 2
21.042114646428324 0 0 1 2 0 3 0 1 2 0
1.7435565772547645 0 0 1 2 0 3 0 1 2 3
-21.04211464642832 0 0 1 2 0 3 0 2 1 0
-1.7435565772547645 0 0 1 2 0 3 0 2 1 3
1.723543478210678 0 0 1 2 0 3 3 1 2 0
-0.0035959595467394785 0 0 1 2 0 3 3 1 2 3
-1.7235434782106782 0 0 1 2 0 3 3 2 1 0
0.0035959595467394785 0 0 1 2 0 3 3 2 1 3
14.064418285749648 0 0 1 2 3 0 0 1 2 0
2.4567453398622705 0 0 1 2 3 0 0 1 2 3
-14.06441828574965 0 0 1 2 3 0 0 2 1 0
-2.4567453398622705 0 0 1 2 3 0 0 2 1 3
2.2789446920140053 0 0 1 2 3 0 3 1 2 0
-0.004084327580833906 0 0 1 2 3 0 3 1 2 3
-2.2789446920140057 0 0 1 2 3 0 3 2 1 0
0.004084327580833906 0 0 1 2 3 0 3 2 1 3
0.0003428512813377296 0 0 1 2 3 1 0 1 2 1
-0.0003428512813377296 0 0 1 2 3 1 0 2 1 1
-0.05698919603144338 0 0 1 2 3 1 3 1 2 1
0.05698919603144338 0 0 1 2 3 1 3 2 1 1
0.0003428512813377296 0 0 1 2 3 2 0 1 2 2
-0.0003428512813377296 0 0 1 2 3 2 0 2 1 2
-0.05698919603144338 0 0 1 2 3 2 3 1 2 2
0.05698919603144338 0 0 1 2 3 2 3 2 1 2
2.1398418788910973 0 0 1 2 3 3 0 1 2 0
-0.005024019303333561 0 0 1 2 3 3 0 1 2 3
-2.1398418788910973 0 0 1 2 3 3 0 2 1 0
0.005024019303333561 0 0 1 2 3 3 0 2 1 3
-0.004956790884417124 0 0 1 2 3 3 3 1 2 0
-0.0005099175207370606 0 0 1 2 3 3 3 1 2 3
0.004956790884417124 0 0 1 2 3 3 3 2 1 0
0.0005099175207370606 0 0 1 2 3 3 3 2 1 3
0.002161916586560556 0 0 1 3 1 0 0 1 0 1
0.0003458719970203041 0 0 1 3 1 0 0 1 3 1
0.002161916586560556 0 0 1 3 1 0 0 2 0 2
0.0003458719970203043 0 0 1 3 1 0 0 2 3 2
0.0002929513783442595 0 0 1 3 1 0 3 1 0 1
0.0002929513783442596 0 0 1 3 1 0 3 2 0 2
6.483542346273509e-05 0 0 1 3 1 1 0 1 3 0
1.9149370094536637e-05 0 0 1 3 1 1 3 1 0 0
2.3492603211910988e-05 0 0 1 3 1 1 3 1 3 0
2.9936924452069592e-05 0 0 1 3 1 1 3 1 3 3
6.483542346273508e-05 0 0 1 3 1 2 0 2 3 0
1.9149370094536637e-05 0 0 1 3 1 2 3 2 0 0
2.3492603211910988e-05 0 0 1 3 1 2 3 2 3 0
2.9936924452069592e-05 0 0 1 3 1 2 3 2 3 3
0.0002961126556785081 0 0 1 3 1 3 0 1 0 1
0.0002961126556785081 0 0 1 3 1 3 0 2 0 2
15.990248499681604 0 0 1 3 2 0 0 1 0 2
2.4738698138548862 0 0 1 3 2 0 0 1 3 2
-15.990248499681604 0 0 1 3 2 0 0 2 0 1
-2.4738698138548862 0 0 1 3 2 0 0 2 3 1
2.156563969334098 0 0 1 3 2 0 3 1 0 2
-0.004758221967872116 0 0 1 3 2 0 3 1 3 2
-2.156563969334098 0 0 1 3 2 0 3 2 0 1
0.004758221967872116 0 0 1 3 2 0 3 2 3 1
-0.0011552738442180907 0 0 1 3 2 1 0 2 0 0
-8.745276189066222e-05 0 0 1 3 2 1 0 2 0 3
0.42706802179327874 0 0 1 3 2 1 0 2 3 0
-0.0006447287256420882 0 0 1 3 2 1 0 2 3 3
0.6084859621846176 0 0 1 3 2 1 3 2 0 0
-0.0011476436550943146 0 0 1 3 2 1 3 2 0 3
4.565330853902726 0 0 1 3 2 1 3 2 3 0
0.6258824199017421 0 0 1 3 2 1 3 2 3 3
0.0011552738442180907 0 0 1 3 2 2 0 1 0 0
8.745276189066222e-05 0 0 1 3 2 2 0 1 0 3
-0.42706802179327874 0 0 1 3 2 2 0 1 3 0
0.0006447287256420882 0 0 1 3 2 2 0 1 3 3
-0.6084859621846175 0 0 1 3 2 2 3 1 0 0
0.0011476436550943146 0 0 1 3 2 2 3 1 0 3
-4.565330853902726 0 0 1 3 2 2 3 1 3 0
-0.6258824199017421 0 0 1 3 2 2 3 1 3 3
2.190109346459299 0 0 1 3 2 3 0 1 0 2
-0.005268138952986673 0 0 1 3 2 3 0 1 3 2
-2.190109346459299 0 0 1 3 2 3 0 2 0 1
0.005268138952986673 0 0 1 3 2 3 0 2 3 1
-0.004944854394212168 0 0 1 3 2 3 3 1 0 2
-0.0005661836090986571 0 0 1 3 2 3 3 1 3 2
0.004944854394212168 0 0 1 3 2 3 3 2 0 1
0.0005661836090986571 0 0 1 3 2 3 3 2 3 1
11348.68203024167 0 0 2 0 1 0 0 1 0 2
-15.990248499681602 0 0 2 0 1 0 0 1 3 2
-11348.68203024167 0 0 2 0 1 0 0 2 0 1
15.990248499681602 0 0 2 0 1 0 0 2 3 1
-16.178925097778624 0 0 2 0 1 0 3 1 0 2
-2.053843408620831 0 0 2 0 1 0 3 1 3 2
16.178925097778624 0 0 2 0 1 0 3 2 0 1
2.053843408620831 0 0 2 0 1 0 3 2 3 1
0.00015902815955088278 0 0 2 0 1 1 0 2 0 0
0.001155273844218091 0 0 2 0 1 1 0 2 3 0
8.74527618906622e-05 0 0 2 0 1 1 0 2 3 3
0.0013420792871317643 0 0 2 0 1 1 3 2 0 0
0.00016478346751353992 0 0 2 0 1 1 3 2 0 3
-0.5795076660257618 0 0 2 0 1 1 3 2 3 0
0.0011316446209653917 0 0 2 0 1 1 3 2 3 3
-0.00015902815955088278 0 0 2 0 1 2 0 1 0 0
-0.001155273844218091 0 0 2 0 1 2 0 1 3 0
-8.74527618906622e-05 0 0 2 0 1 2 0 1 3 3
-0.0013420792871317643 0 0 2 0 1 2 3 1 0 0
-0.00016478346751353992 0 0 2 0 1 2 3 1 0 3
0.5795076660257618 0 0 2 0 1 2 3 1 3 0
-0.0011316446209653917 0 0 2 0 1 2 3 1 3 3
-22.276866187821202 0 0 2 0 1 3 0 1 0 2
-1.7876470621171732 0 0 2 0 1 3 0 1 3 2
22.276866187821206 0 0 2 0 1 3 0 2 0 1
1.7876470621171732 0 0 2 0 1 3 0 2 3 1
-1.7442529369975357 0 0 2 0 1 3 3 1 0 2
0.0045570378686750805 0 0 2 0 1 3 3 1 3 2
1.7442529369975357 0 0 2 0 1 3 3 2 0 1
-0.0045570378686750805 0 0 2 0 1 3 3 2 3 1
-3.0615801598344565 0 0 2 0 2 0 0 1 0 1
0.002161916586560555 0 0 2 0 2 0 0 1 3 1
-3.0615801598344565 0 0 2 0 2 0 0 2 0 2
0.002161916586560555 0 0 2 0 2 0 0 2 3 2
0.0021797549358288744 0 0 2 0 2 0 3 1 0 1
0.0002794261838858503 0 0 2 0 2 0 3 1 3 1
0.0021797549358288744 0 0 2 0 2 0 3 2 0 2
0.0002794261838858504 0 0 2 0 2 0 3 2 3 2
1.3335553809732999e-05 0 0 2 0 2 1 3 1 3 0
1.3335553809733012e-05 0 0 2 0 2 2 3 2 3 0
0.0027325967328029055 0 0 2 0 2 3 0 1 0 1
0.00025848453808616754 0 0 2 0 2 3 0 1 3 1
0.0027325967328029055 0 0 2 0 2 3 0 2 0 2
0.00025848453808616754 0 0 2 0 2 3 0 2 3 2
0.00024166132478969918 0 0 2 0 2 3 3 1 0 1
0.00024166132478969918 0 0 2 0 2 3 3 2 0 2
10625.05350649438 0 0 2 1 0 0 0 1 2 0
-14.064418285749646 0 0 2 1 0 0 0 1 2 3
-10625.05350649438 0 0 2 1 0 0 0 2 1 0
14.064418285749644 0 0 2 1 0 0 0 2 1 3
-15.148351267400113 0 0 2 1 0 0 3 1 2 0
-1.210457851075621 0 0 2 1 0 0 3 1 2 3
15.148351267400113 0 0 2 1 0 0 3 2 1 0
1.210457851075621 0 0 2 1 0 0 3 2 1 3
-1.7528952661695386e-05 0 0 2 1 0 1 0 1 2 1
1.7528952661695386e-05 0 0 2 1 0 1 0 2 1 1
-0.00020062015759413976 0 0 2 1 0 1 3 1 2 1
0.00020062015759413976 0 0 2 1 0 1 3 2 1 1
-1.7528952661695386e-05 0 0 2 1 0 2 0 1 2 2
1.7528952661695386e-05 0 0 2 1 0 2 0 2 1 2
-0.00020062015759413976 0 0 2 1 0 2 3 1 2 2
0.00020062015759413976 0 0 2 1 0 2 3 2 1 2
-21.04211464642832 0 0 2 1 0 3 0 1 2 0
-1.7435565772547645 0 0 2 1 0 3 0 1 2 3
21.04211464642832 0 0 2 1 0 3 0 2 1 0
1.7435565772547645 0 0 2 1 0 3 0 2 1 3
-1.7235434782106782 0 0 2 1 0 3 3 1 2 0
0.0035959595467394785 0 0 2 1 0 3 3 1 2 3
1.7235434782106784 0 0 2 1 0 3 3 2 1 0
-0.0035959595467394785 0 0 2 1 0 3 3 2 1 3
-14.06441828574965 0 0 2 1 3 0 0 1 2 0
-2.4567453398622705 0 0 2 1 3 0 0 1 2 3
14.064418285749648 0 0 2 1 3 0 0 2 1 0
2.4567453398622705 0 0 2 1 3 0 0 2 1 3
-2.2789446920140057 0 0 2 1 3 0 3 1 2 0
0.004084327580833906 0 0 2 1 3 0 3 1 2 3
2.278944692014006 0 0 2 1 3 0 3 2 1 0
-0.004084327580833906 0 0 2 1 3 0 3 2 1 3
-0.0003428512813377296 0 0 2 1 3 1 0 1 2 1
0.0003428512813377296 0 0 2 1 3 1 0 2 1 1
0.05698919603144338 0 0 2 1 3 1 3 1 2 1
-0.05698919603144338 0 0 2 1 3 1 3 2 1 1
-0.0003428512813377296 0 0 2 1 3 2 0 1 2 2
0.0003428512813377296 0 0 2 1 3 2 0 2 1 2
0.05698919603144338 0 0 2 1 3 2 3 1 2 2
-0.05698919603144338 0 0 2 1 3 2 3 2 1 2
-2.139841878891098 0 0 2 1 3 3 0 1 2 0
0.005024019303333561 0 0 2 1 3 3 0 1 2 3
2.1398418788910973 0 0 2 1 3 3 0 2 1 0
-0.005024019303333561 0 0 2 1 3 3 0 2 1 3
0.004956790884417124 0 0 2 1 3 3 3 1 2 0
0.0005099175207370606 0 0 2 1 3 3 3 1 2 3
-0.004956790884417124 0 0 2 1 3 3 3 2 1 0
-0.0005099175207370606 0 0 2 1 3 3 3 2 1 3
-2.0966564320741408 0 0 2 2 0 0 0 1 1 0
0.0013889602145839143 0 0 2 2 0 0 0 1 1 3
-2.0966564320741408 0 0 2 2 0 0 0 2 2 0
0.0013889602145839143 0 0 2 2 0 0 0 2 2 3
0.0014949062384431706 0 0 2 2 0 0 3 1 1 0
0.000123942053619551 0 0 2 2 0 0 3 1 1 3
0.0014949062384431706 0 0 2 2 0 0 3 2 2 0
0.00012394205361955095 0 0 2 2 0 0 3 2 2 3
0.0017928364559275302 0 0 2 2 0 3 0 1 1 0
0.000182532048111822 0 0 2 2 0 3 0 1 1 3
0.0017928364559275298 0 0 2 2 0 3 0 2 2 0
0.000182532048111822 0 0 2 2 0 3 0 2 2 3
0.00017907297108951136 0 0 2 2 0 3 3 1 1 0
0.00017907297108951136 0 0 2 2 0 3 3 2 2 0
0.0013889602145839136 0 0 2 2 3 0 0 1 1 0
0.0002591112802304371 0 0 2 2 3 0 0 1 1 3
0.001388960214583914 0 0 2 2 3 0 0 2 2 0
0.0002591112802304371 0 0 2 2 3 0 0 2 2 3
0.00022082779426404946 0 0 2 2 3 0 3 1 1 0
0.00022082779426404946 0 0 2 2 3 0 3 2 2 0
-5.765056590665012e-06 0 0 2 2 3 1 3 1 1 1
-8.843851788481258e-07 0 0 2 2 3 1 3 1 2 2
-8.84385178848126e-07 0 0 2 2 3 1 3 2 1 2
-3.996286232968759e-06 0 0 2 2 3 1 3 2 2 1
-3.996286232968759e-06 0 0 2 2 3 2 3 1 1 2
-8.84385178848126e-07 0 0 2 2 3 2 3 1 2 1
-8.843851788481258e-07 0 0 2 2 3 2 3 2 1 1
-5.765056590665012e-06 0 0 2 2 3 2 3 2 2 2
0.00020221099246908367 0 0 2 2 3 3 0 1 1 0
0.00020221099246908367 0 0 2 2 3 3 0 2 2 0
-15.990248499681604 0 0 2 3 1 0 0 1 0 2
-2.4738698138548862 0 0 2 3 1 0 0 1 3 2
15.990248499681604 0 0 2 3 1 0 0 2 0 1
2.4738698138548867 0 0 2 3 1 0 0 2 3 1
-2.156563969334098 0 0 2 3 1 0 3 1 0 2
0.004758221967872116 0 0 2 3 1 0 3 1 3 2
2.156563969334098 0 0 2 3 1 0 3 2 0 1
-0.004758221967872116 0 0 2 3 1 0 3 2 3 1
0.0011552738442180907 0 0 2 3 1 1 0 2 0 0
8.745276189066222e-05 0 0 2 3 1 1 0 2 0 3
-0.42706802179327874 0 0 2 3 1 1 0 2 3 0
0.0006447287256420882 0 0 2 3 1 1 0 2 3 3
-0.6084859621846175 0 0 2 3 1 1 3 2 0 0
0.0011476436550943146 0 0 2 3 1 1 3 2 0 3
-4.565330853902725 0 0 2 3 1 1 3 2 3 0
-0.6258824199017421 0 0 2 3 1 1 3 2 3 3
-0.0011552738442180907 0 0 2 3 1 2 0 1 0 0
-8.745276189066222e-05 0 0 2 3 1 2 0 1 0 3
0.42706802179327874 0 0 2 3 1 2 0 1 3 0
-0.0006447287256420882 0 0 2 3 1 2 0 1 3 3
0.6084859621846175 0 0 2 3 1 2 3 1 0 0
-0.0011476436550943146 0 0 2 3 1 2 3 1 0 3
4.565330853902726 0 0 2 3 1 2 3 1 3 0
0.6258824199017421 0 0 2 3 1 2 3 1 3 3
-2.1901093464592996 0 0 2 3 1 3 0 1 0 2
0.005268138952986673 0 0 2 3 1 3 0 1 3 2
2.190109346459299 0 0 2 3 1 3 0 2 0 1
-0.005268138952986673 0 0 2 3 1 3 0 2 3 1
0.004944854394212168 0 0 2 3 1 3 3 1 0 2
0.0005661836090986571 0 0 2 3 1 3 3 1 3 2
-0.004944854394212168 0 0 2 3 1 3 3 2 0 1
-0.0005661836090986571 0 0 2 3 1 3 3 2 3 1
0.002161916586560556 0 0 2 3 2 0 0 1 0 1
0.0003458719970203043 0 0 2 3 2 0 0 1 3 1
0.002161916586560556 0 0 2 3 2 0 0 2 0 2
0.0003458719970203043 0 0 2 3 2 0 0 2 3 2
0.0002929513783442595 0 0 2 3 2 0 3 1 0 1
0.0002929513783442596 0 0 2 3 2 0 3 2 0 2
6.483542346273509e-05 0 0 2 3 2 1 0 1 3 0
1.914937009453664e-05 0 0 2 3 2 1 3 1 0 0
2.3492603211910988e-05 0 0 2 3 2 1 3 1 3 0
2.9936924452069592e-05 0 0 2 3 2 1 3 1 3 3
6.483542346273508e-05 0 0 2 3 2 2 0 2 3 0
1.914937009453664e-05 0 0 2 3 2 2 3 2 0 0
2.3492603211910988e-05 0 0 2 3 2 2 3 2 3 0
2.9936924452069606e-05 0 0 2 3 2 2 3 2 3 3
0.000296112655678508 0 0 2 3 2 3 0 1 0 1
0.000296112655678508 0 0 2 3 2 3 0 2 0 2
1568487.981445766 0 0 3 0 0 0 0 0 0 0
215905.68907712607 0 0 3 0 0 0 0 0 0 3
209763.8774479352 0 0 3 0 0 0 0 0 3 0
-878.0529074923926 0 0 3 0 0 0 0 0 3 3
231013.98446092408 0 0 3 0 0 0 0 3 0 0
-906.1817440638921 0 0 3 0 0 0 0 3 0 3
-910.09874168866 0 0 3 0 0 0 0 3 3 0
-120.91101320458468 0 0 3 0 0 0 0 3 3 3
210473.31993668896 0 0 3 0 0 0 3 0 0 0
-771.5534190088526 0 0 3 0 0 0 3 0 0 3
-886.4994960894513 0 0 3 0 0 0 3 0 3 0
-102.4280876901784 0 0 3 0 0 0 3 0 3 3
-916.7961986242509 0 0 3 0 0 0 3 3 0 0
-104.84900339232962 0 0 3 0 0 0 3 3 0 3
-118.3178910299929 0 0 3 0 0 0 3 3 3 0
0.38398600066673017 0 0 3 0 0 0 3 3 3 3
-0.0031681537866286354 0 0 3 0 0 1 0 0 3 1
-0.003203211691952026 0 0 3 0 0 1 0 3 0 1
-0.023666151179243238 0 0 3 0 0 1 0 3 3 1
-0.002429192525458671 0 0 3 0 0 1 3 0 0 1
-0.018018827514649557 0 0 3 0 0 1 3 0 3 1
-0.01842006782983783 0 0 3 0 0 1 3 3 0 1
5.049297854926066 0 0 3 0 0 1 3 3 3 1
-0.0031681537866286354 0 0 3 0 0 2 0 0 3 2
-0.003203211691952026 0 0 3 0 0 2 0 3 0 2
-0.023666151179243238 0 0 3 0 0 2 0 3 3 2
-0.002429192525458671 0 0 3 0 0 2 3 0 0 2
-0.018018827514649557 0 0 3 0 0 2 3 0 3 2
-0.01842006782983783 0 0 3 0 0 2 3 3 0 2
5.049297854926067 0 0 3 0 0 2 3 3 3 2
216440.73638638138 0 0 3 0 0 3 0 0 0 0
-979.1433221931799 0 0 3 0 0 3 0 0 0 3
-980.1328925970029 0 0 3 0 0 3 0 0 3 0
-109.38636621182332 0 0 3 0 0 3 0 0 3 3
-1022.2171218898591 0 0 3 0 0 3 0 3 0 0
-112.87347936633283 0 0 3 0 0 3 0 3 0 3
-109.94108206957358 0 0 3 0 0 3 0 3 3 0
0.4241148474345539 0 0 3 0 0 3 0 3 3 3
-989.5298957033671 0 0 3 0 0 3 3 0 0 0
-94.14669908992147 0 0 3 0 0 3 3 0 0 3
-107.48649826823838 0 0 3 0 0 3 3 0 3 0
0.38273783044063553 0 0 3 0 0 3 3 0 3 3
-110.9335852246596 0 0 3 0 0 3 3 3 0 0
0.3899297495341146 0 0 3 0 0 3 3 3 0 3
0.42384263067748085 0 0 3 0 0 3 3 3 3 0
0.04634363837212691 0 0 3 0 0 3 3 3 3 3
204553.9454667247 0 0 3 0 3 0 0 0 0 0
-908.4153735951471 0 0 3 0 3 0 0 0 0 3
-878.0529074923927 0 0 3 0 3 0 0 0 3 0
-126.80128045878317 0 0 3 0 3 0 0 0 3 3
-906.1817440638922 0 0 3 0 3 0 0 3 0 0
-131.71477113850767 0 0 3 0 3 0 0 3 0 3
-123.3852288904366 0 0 3 0 3 0 0 3 3 0
0.43648519980240036 0 0 3 0 3 0 0 3 3 3
-913.3336491409132 0 0 3 0 3 0 3 0 0 0
-116.66112721777654 0 0 3 0 3 0 3 0 0 3
-123.76381323270313 0 0 3 0 3 0 3 0 3 0
0.40701975334844437 0 0 3 0 3 0 3 0 3 3
-128.3217026167311 0 0 3 0 3 0 3 3 0 0
0.41518840851011213 0 0 3 0 3 0 3 3 0 3
0.4347258447486903 0 0 3 0 3 0 3 3 3 0
0.0561556069040769 0 0 3 0 3 0 3 3 3 3
-0.003646936062837213 0 0 3 0 3 1 0 0 0 1
-0.027525213335273396 0 0 3 0 3 1 0 0 3 1
-0.028210915897948857 0 0 3 0 3 1 0 3 0 1
9.550954247127939 0 0 3 0 3 1 0 3 3 1
-0.01703448734828087 0 0 3 0 3 1 3 0 0 1
4.634595907511554 0 0 3 0 3 1 3 0 3 1
4.7485742995744396 0 0 3 0 3 1 3 3 0 1
36.73565188758243 0 0 3 0 3 1 3 3 3 1
-0.003646936062837213 0 0 3 0 3 2 0 0 0 2
-0.027525213335273396 0 0 3 0 3 2 0 0 3 2
-0.028210915897948857 0 0 3 0 3 2 0 3 0 2
9.55095424712794 0 0 3 0 3 2 0 3 3 2
-0.01703448734828087 0 0 3 0 3 2 3 0 0 2
4.634595907511554 0 0 3 0 3 2 3 0 3 2
4.748574299574439 0 0 3 0 3 2 3 3 0 2
36.73565188758242 0 0 3 0 3 2 3 3 3 2
-1015.2633583338966 0 0 3 0 3 3 0 0 0 0
-125.0830188317497 0 0 3 0 3 3 0 0 0 3
-117.64414310199653 0 0 3 0 3 3 0 0 3 0
0.45119542765757426 0 0 3 0 3 3 0 0 3 3
-121.92382685977874 0 0 3 0 3 3 0 3 0 0
0.4612434662642413 0 0 3 0 3 3 0 3 0 3
0.446993729505754 0 0 3 0 3 3 0 3 3 0
0.05600186438833693 0 0 3 0 3 3 0 3 3 3
-122.63593643510147 0 0 3 0 3 3 3 0 0 0
0.42633198638158565 0 0 3 0 3 3 3 0 0 3
0.4503303411756056 0 0 3 0 3 3 3 0 3 0
0.05187014065146998 0 0 3 0 3 3 3 0 3 3
0.46024392294443967 0 0 3 0 3 3 3 3 0 0
0.05288997569294409 0 0 3 0 3 3 3 3 0 3
0.054958422937091085 0 0 3 0 3 3 3 3 3 0
0.002161916586560556 0 0 3 1 1 0 0 0 1 1
0.002161916586560556 0 0 3 1 1 0 0 0 2 2
0.00034587199702030435 0 0 3 1 1 0 0 3 1 1
0.00034587199702030435 0 0 3 1 1 0 0 3 2 2
0.0002929513783442596 0 0 3 1 1 0 3 0 1 1
0.0002929513783442595 0 0 3 1 1 0 3 0 2 2
6.483542346273506e-05 0 0 3 1 1 1 0 3 1 0
1.9149370094536644e-05 0 0 3 1 1 1 3 0 1 0
2.3492603211910988e-05 0 0 3 1 1 1 3 3 1 0
2.9936924452069606e-05 0 0 3 1 1 1 3 3 1 3
6.483542346273506e-05 0 0 3 1 1 2 0 3 2 0
1.9149370094536657e-05 0 0 3 1 1 2 3 0 2 0
2.3492603211910988e-05 0 0 3 1 1 2 3 3 2 0
2.9936924452069606e-05 0 0 3 1 1 2 3 3 2 3
0.000296112655678508 0 0 3 1 1 3 0 0 1 1
0.000296112655678508 0 0 3 1 1 3 0 0 2 2
15.990248499681602 0 0 3 1 2 0 0 0 1 2
-15.990248499681602 0 0 3 1 2 0 0 0 2 1
2.4738698138548867 0 0 3 1 2 0 0 3 1 2
-2.4738698138548867 0 0 3 1 2 0 0 3 2 1
2.156563969334098 0 0 3 1 2 0 3 0 1 2
-2.156563969334098 0 0 3 1 2 0 3 0 2 1
-0.004758221967872115 0 0 3 1 2 0 3 3 1 2
0.004758221967872115 0 0 3 1 2 0 3 3 2 1
-0.0011552738442180907 0 0 3 1 2 1 0 0 2 0
-8.745276189066222e-05 0 0 3 1 2 1 0 0 2 3
0.42706802179327874 0 0 3 1 2 1 0 3 2 0
-0.0006447287256420882 0 0 3 1 2 1 0 3 2 3
0.6084859621846176 0 0 3 1 2 1 3 0 2 0
-0.0011476436550943146 0 0 3 1 2 1 3 0 2 3
4.565330853902726 0 0 3 1 2 1 3 3 2 0
0.625882419901742 0 0 3 1 2 1 3 3 2 3
0.0011552738442180907 0 0 3 1 2 2 0 0 1 0
8.745276189066222e-05 0 0 3 1 2 2 0 0 1 3
-0.42706802179327874 0 0 3 1 2 2 0 3 1 0
0.0006447287256420882 0 0 3 1 2 2 0 3 1 3
-0.6084859621846175 0 0 3 1 2 2 3 0 1 0
0.0011476436550943146 0 0 3 1 2 2 3 0 1 3
-4.565330853902726 0 0 3 1 2 2 3 3 1 0
-0.625882419901742 0 0 3 1 2 2 3 3 1 3
2.1901093464592996 0 0 3 1 2 3 0 0 1 2
-2.1901093464592996 0 0 3 1 2 3 0 0 2 1
-0.0052681389529866725 0 0 3 1 2 3 0 3 1 2
0.0052681389529866725 0 0 3 1 2 3 0 3 2 1
-0.004944854394212168 0 0 3 1 2 3 3 0 1 2
0.004944854394212168 0 0 3 1 2 3 3 0 2 1
-0.0005661836090986571 0 0 3 1 2 3 3 3 1 2
0.0005661836090986571 0 0 3 1 2 3 3 3 2 1
-15.990248499681602 0 0 3 2 1 0 0 0 1 2
15.990248499681602 0 0 3 2 1 0 0 0 2 1
-2.4738698138548867 0 0 3 2 1 0 0 3 1 2
2.4738698138548862 0 0 3 2 1 0 0 3 2 1
-2.156563969334098 0 0 3 2 1 0 3 0 1 2
2.1565639693340986 0 0 3 2 1 0 3 0 2 1
0.004758221967872115 0 0 3 2 1 0 3 3 1 2
-0.004758221967872115 0 0 3 2 1 0 3 3 2 1
0.0011552738442180907 0 0 3 2 1 1 0 0 2 0
8.745276189066222e-05 0 0 3 2 1 1 0 0 2 3
-0.42706802179327874 0 0 3 2 1 1 0 3 2 0
0.0006447287256420882 0 0 3 2 1 1 0 3 2 3
-0.6084859621846175 0 0 3 2 1 1 3 0 2 0
0.0011476436550943146 0 0 3 2 1 1 3 0 2 3
-4.565330853902725 0 0 3 2 1 1 3 3 2 0
-0.625882419901742 0 0 3 2 1 1 3 3 2 3
-0.0011552738442180907 0 0 3 2 1 2 0 0 1 0
-8.745276189066222e-05 0 0 3 2 1 2 0 0 1 3
0.42706802179327874 0 0 3 2 1 2 0 3 1 0
-0.0006447287256420882 0 0 3 2 1 2 0 3 1 3
0.6084859621846175 0 0 3 2 1 2 3 0 1 0
-0.0011476436550943146 0 0 3 2 1 2 3 0 1 3
4.565330853902726 0 0 3 2 1 2 3 3 1 0
0.625882419901742 0 0 3 2 1 2 3 3 1 3
-2.1901093464593 0 0 3 2 1 3 0 0 1 2
2.1901093464592996 0 0 3 2 1 3 0 0 2 1
0.0052681389529866725 0 0 3 2 1 3 0 3 1 2
-0.0052681389529866725 0 0 3 2 1 3 0 3 2 1
0.004944854394212168 0 0 3 2 1 3 3 0 1 2
-0.004944854394212168 0 0 3 2 1 3 3 0 2 1
0.0005661836090986571 0 0 3 2 1 3 3 3 1 2
-0.0005661836090986571 0 0 3 2 1 3 3 3 2 1
0.002161916586560556 0 0 3 2 2 0 0 0 1 1
0.002161916586560556 0 0 3 2 2 0 0 0 2 2
0.00034587199702030435 0 0 3 2 2 0 0 3 1 1
0.00034587199702030414 0 0 3 2 2 0 0 3 2 2
0.0002929513783442596 0 0 3 2 2 0 3 0 1 1
0.0002929513783442595 0 0 3 2 2 0 3 0 2 2
6.483542346273508e-05 0 0 3 2 2 1 0 3 1 0
1.9149370094536668e-05 0 0 3 2 2 1 3 0 1 0
2.3492603211910988e-05 0 0 3 2 2 1 3 3 1 0
2.9936924452069592e-05 0 0 3 2 2 1 3 3 1 3
6.483542346273509e-05 0 0 3 2 2 2 0 3 2 0
1.9149370094536654e-05 0 0 3 2 2 2 3 0 2 0
2.3492603211911097e-05 0 0 3 2 2 2 3 3 2 0
2.9936924452069606e-05 0 0 3 2 2 2 3 3 2 3
0.000296112655678508 0 0 3 2 2 3 0 0 1 1
0.000296112655678508 0 0 3 2 2 3 0 0 2 2
199136.7272850087 0 0 3 3 0 0 0 0 0 0
-879.9795106626968 0 0 3 3 0 0 0 0 0 3
-910.0987416886601 0 0 3 3 0 0 0 0 3 0
-123.3852288904366 0 0 3 3 0 0 0 0 3 3
-910.0987416886599 0 0 3 3 0 0 0 3 0 0
-123.3852288904366 0 0 3 3 0 0 0 3 0 3
-124.6386397729294 0 0 3 3 0 0 0 3 3 0
0.4318867254238763 0 0 3 3 0 0 0 3 3 3
-885.5674380328985 0 0 3 3 0 0 3 0 0 0
-105.3403150778215 0 0 3 3 0 0 3 0 0 3
-120.51751659811747 0 0 3 3 0 0 3 0 3 0
0.39292100800883817 0 0 3 3 0 0 3 0 3 3
-120.51751659811747 0 0 3 3 0 0 3 3 0 0
0.3929210080088381 0 0 3 3 0 0 3 3 0 3
0.43070357192745035 0 0 3 3 0 0 3 3 3 0
0.05334503438106331 0 0 3 3 0 0 3 3 3 3
-0.0030631720720762775 0 0 3 3 0 1 0 0 0 1
-0.02302142245360115 0 0 3 3 0 1 0 0 3 1
-0.02302142245360115 0 0 3 3 0 1 0 3 0 1
2.698639251635969 0 0 3 3 0 1 0 3 3 1
-0.017100954453058984 0 0 3 3 0 1 3 0 0 1
4.880018296995495 0 0 3 3 0 1 3 0 3 1
4.880018296995494 0 0 3 3 0 1 3 3 0 1
37.111618826305744 0 0 3 3 0 1 3 3 3 1
-0.0030631720720762775 0 0 3 3 0 2 0 0 0 2
-0.02302142245360115 0 0 3 3 0 2 0 0 3 2
-0.02302142245360115 0 0 3 3 0 2 0 3 0 2
2.698639251635969 0 0 3 3 0 2 0 3 3 2
-0.017100954453058984 0 0 3 3 0 2 3 0 0 2
4.880018296995494 0 0 3 3 0 2 3 0 3 2
4.880018296995494 0 0 3 3 0 2 3 3 0 2
37.111618826305744 0 0 3 3 0 2 3 3 3 2
-1016.0693775761874 0 0 3 3 0 3 0 0 0 0
-117.68028797663155 0 0 3 3 0 3 0 0 0 3
-118.75581472953085 0 0 3 3 0 3 0 0 3 0
0.44606351351437573 0 0 3 3 0 3 0 0 3 3
-118.75581472953085 0 0 3 3 0 3 0 3 0 0
0.44606351351437573 0 0 3 3 0 3 0 3 0 3
0.4520258604942648 0 0 3 3 0 3 0 3 3 0
0.0545585237890245 0 0 3 3 0 3 0 3 3 3
-115.4227518019729 0 0 3 3 0 3 3 0 0 0
0.40246544578940896 0 0 3 3 0 3 3 0 0 3
0.44553410333209087 0 0 3 3 0 3 3 0 3 0
0.04936756170371828 0 0 3 3 0 3 3 0 3 3
0.44553410333209087 0 0 3 3 0 3 3 3 0 0
0.04936756170371828 0 0 3 3 0 3 3 3 0 3
0.0535760282520508 0 0 3 3 0 3 3 3 3 0
-847.9946898301599 0 0 3 3 3 0 0 0 0 0
-124.34427600764072 0 0 3 3 3 0 0 0 0 3
-120.91101320458466 0 0 3 3 3 0 0 0 3 0
0.43648519980240047 0 0 3 3 3 0 0 0 3 3
-120.91101320458466 0 0 3 3 3 0 0 3 0 0
0.43648519980240036 0 0 3 3 3 0 0 3 0 3
0.4318867254238763 0 0 3 3 3 0 0 3 3 0
0.061154840993905925 0 0 3 3 3 0 0 3 3 3
-121.19100896633458 0 0 3 3 3 0 3 0 0 0
0.4078625615681992 0 0 3 3 3 0 3 0 0 3
0.43414440815505384 0 0 3 3 3 0 3 0 3 0
0.056894070706870664 0 0 3 3 3 0 3 0 3 3
0.4341444081550539 0 0 3 3 3 0 3 3 0 0
0.056894070706870664 0 0 3 3 3 0 3 3 0 3
0.05970725857599678 0 0 3 3 3 0 3 3 3 0
-0.026027088209717573 0 0 3 3 3 1 0 0 0 1
9.123951060758122 0 0 3 3 3 1 0 0 3 1
9.12395106075812 0 0 3 3 3 1 0 3 0 1
71.21676230507856 0 0 3 3 3 1 0 3 3 1
4.039842743551845 0 0 3 3 3 1 3 0 0 1
32.79594403062008 0 0 3 3 3 1 3 0 3 1
32.79594403062008 0 0 3 3 3 1 3 3 0 1
-5918.182842478181 0 0 3 3 3 1 3 3 3 1
-0.026027088209717573 0 0 3 3 3 2 0 0 0 2
9.123951060758124 0 0 3 3 3 2 0 0 3 2
9.123951060758122 0 0 3 3 3 2 0 3 0 2
71.21676230507856 0 0 3 3 3 2 0 3 3 2
4.039842743551844 0 0 3 3 3 2 3 0 0 2
32.79594403062007 0 0 3 3 3 2 3 0 3 2
32.79594403062008 0 0 3 3 3 2 3 3 0 2
-5918.182842478181 0 0 3 3 3 2 3 3 3 2
-120.7584490555344 0 0 3 3 3 3 0 0 0 0
0.4628586173560043 0 0 3 3 3 3 0 0 0 3
0.45840611767960254 0 0 3 3 3 3 0 0 3 0
0.05848688600082843 0 0 3 3 3 3 0 0 3 3
0.4584061176796026 0 0 3 3 3 3 0 3 0 0
0.05848688600082843 0 0 3 3 3 3 0 3 0 3
0.05704155664022932 0 0 3 3 3 3 0 3 3 0
0.46155006060396847 0 0 3 3 3 3 3 0 0 0
0.05419540936700764 0 0 3 3 3 3 3 0 0 3
0.0573400733446759 0 0 3 3 3 3 3 0 3 0
0.0573400733446759 0 0 3 3 3 3 3 3 0 0
-1.4834389350337809 0 1 0 0 1 0 1 0 0 1
0.0010414221373613863 0 1 0 0 1 0 1 0 3 1
0.0010414221373613863 0 1 0 0 1 0 1 3 0 1
0.000135391672729497 0 1 0 0 1 0 1 3 3 1
-1.4834389350337809 0 1 0 0 1 0 2 0 0 2
0.0010414221373613863 0 1 0 0 1 0 2 0 3 2
0.0010414221373613863 0 1 0 0 1 0 2 3 0 2
0.000135391672729497 0 1 0 0 1 0 2 3 3 2
4.418852738242388e-06 0 1 0 0 1 1 1 3 3 0
4.418852738242388e-06 0 1 0 0 1 2 2 3 3 0
0.0012527231386260107 0 1 0 0 1 3 1 0 0 1
0.0001301435397974514 0 1 0 0 1 3 1 0 3 1
0.0001301435397974514 0 1 0 0 1 3 1 3 0 1
0.0012527231386260107 0 1 0 0 1 3 2 0 0 2
0.0001301435397974514 0 1 0 0 1 3 2 0 3 2
0.0001301435397974514 0 1 0 0 1 3 2 3 0 2
-112099.63829945064 0 1 0 0 2 0 1 0 0 2
157.96029356263787 0 1 0 0 2 0 1 0 3 2
157.96029356263784 0 1 0 0 2 0 1 3 0 2
20.16427233826528 0 1 0 0 2 0 1 3 3 2
112099.63829945064 0 1 0 0 2 0 2 0 0 1
-157.96029356263787 0 1 0 0 2 0 2 0 3 1
-157.96029356263782 0 1 0 0 2 0 2 3 0 1
-20.16427233826528 0 1 0 0 2 0 2 3 3 1
0.0015575679577384883 0 1 0 0 2 1 2 0 0 0
0.011304674947461426 0 1 0 0 2 1 2 0 3 0
0.0018393945959172884 0 1 0 0 2 1 2 0 3 3
0.011304674947461428 0 1 0 0 2 1 2 3 0 0
0.0018393945959172884 0 1 0 0 2 1 2 3 0 3
-4.973734576068965 0 1 0 0 2 1 2 3 3 0
0.013146354008328132 0 1 0 0 2 1 2 3 3 3
-0.0015575679577384883 0 1 0 0 2 2 1 0 0 0
-0.011304674947461426 0 1 0 0 2 2 1 0 3 0
-0.0018393945959172884 0 1 0 0 2 2 1 0 3 3
-0.011304674947461428 0 1 0 0 2 2 1 3 0 0
-0.0018393945959172884 0 1 0 0 2 2 1 3 0 3
4.973734576068965 0 1 0 0 2 2 1 3 3 0
-0.013146354008328132 0 1 0 0 2 2 1 3 3 3
223.74459400127904 0 1 0 0 2 3 1 0 0 2
18.0756264087508 0 1 0 0 2 3 1 0 3 2
18.0756264087508 0 1 0 0 2 3 1 3 0 2
-0.045968994727561635 0 1 0 0 2 3 1 3 3 2
-223.74459400127904 0 1 0 0 2 3 2 0 0 1
-18.075626408750804 0 1 0 0 2 3 2 0 3 1
-18.075626408750804 0 1 0 0 2 3 2 3 0 1
0.045968994727561635 0 1 0 0 2 3 2 3 3 1
-2.8674658734665983 0 1 0 1 0 0 1 0 1 0
0.0019394767137195098 0 1 0 1 0 0 1 0 1 3
0.0020215954427089877 0 1 0 1 0 0 1 3 1 0
0.0002645568512580518 0 1 0 1 0 0 1 3 1 3
-2.8674658734665983 0 1 0 1 0 0 2 0 2 0
0.0019394767137195102 0 1 0 1 0 0 2 0 2 3
0.002021595442708988 0 1 0 1 0 0 2 3 2 0
0.0002645568512580517 0 1 0 1 0 0 2 3 2 3
0.002604183948981907 0 1 0 1 0 3 1 0 1 0
0.0002351963311395724 0 1 0 1 0 3 1 0 1 3
0.00024079390411468966 0 1 0 1 0 3 1 3 1 0
0.002604183948981907 0 1 0 1 0 3 2 0 2 0
0.00023519633113957235 0 1 0 1 0 3 2 0 2 3
0.00024079390411468977 0 1 0 1 0 3 2 3 2 0
0.0019394767137195102 0 1 0 1 3 0 1 0 1 0
0.0004977690079425469 0 1 0 1 3 0 1 0 1 3
0.0002787438028612736 0 1 0 1 3 0 1 3 1 0
0.0019394767137195102 0 1 0 1 3 0 2 0 2 0
0.0004977690079425469 0 1 0 1 3 0 2 0 2 3
0.0002787438028612736 0 1 0 1 3 0 2 3 2 0
-1.2481445069197964e-05 0 1 0 1 3 1 1 3 1 1
-3.4813248021611387e-07 0 1 0 1 3 1 1 3 2 2
-1.5259635130781142e-06 0 1 0 1 3 1 2 3 1 2
-1.0607349075903737e-05 0 1 0 1 3 1 2 3 2 1
-1.0607349075903737e-05 0 1 0 1 3 2 1 3 1 2
-1.5259635130781142e-06 0 1 0 1 3 2 1 3 2 1
-3.4813248021611387e-07 0 1 0 1 3 2 2 3 1 1
-1.2481445069197964e-05 0 1 0 1 3 2 2 3 2 2
0.00026813330184641455 0 1 0 1 3 3 1 0 1 0
0.00026813330184641455 0 1 0 1 3 3 2 0 2 0
-10089.187957522254 0 1 0 2 0 0 1 0 2 0
13.354097604604313 0 1 0 2 0 0 1 0 2 3
14.215766521643236 0 1 0 2 0 0 1 3 2 0
1.8629536173009522 0 1 0 2 0 0 1 3 2 3
10089.187957522252 0 1 0 2 0 0 2 0 1 0
-13.354097604604313 0 1 0 2 0 0 2 0 1 3
-14.215766521643236 0 1 0 2 0 0 2 3 1 0
-1.8629536173009522 0 1 0 2 0 0 2 3 1 3
6.688795551523136e-05 0 1 0 2 0 1 1 0 2 1
0.00044638978522680935 0 1 0 2 0 1 1 3 2 1
-8.062135620042393e-07 0 1 0 2 0 1 2 0 1 1
6.608174195322712e-05 0 1 0 2 0 1 2 0 2 2
-2.1094045447593265e-05 0 1 0 2 0 1 2 3 1 1
0.00042529573977921614 0 1 0 2 0 1 2 3 2 2
-6.608174195322712e-05 0 1 0 2 0 2 1 0 1 1
8.062135620042393e-07 0 1 0 2 0 2 1 0 2 2
-0.00042529573977921614 0 1 0 2 0 2 1 3 1 1
2.1094045447593265e-05 0 1 0 2 0 2 1 3 2 2
-6.688795551523136e-05 0 1 0 2 0 2 2 0 1 2
-0.00044638978522680935 0 1 0 2 0 2 2 3 1 2
19.980979736132348 0 1 0 2 0 3 1 0 2 0
1.655512551964377 0 1 0 2 0 3 1 0 2 3
1.6091670039503263 0 1 0 2 0 3 1 3 2 0
-0.004103772583032837 0 1 0 2 0 3 1 3 2 3
-19.980979736132348 0 1 0 2 0 3 2 0 1 0
-1.655512551964377 0 1 0 2 0 3 2 0 1 3
-1.6091670039503263 0 1 0 2 0 3 2 3 1 0
0.004103772583032837 0 1 0 2 0 3 2 3 1 3
13.354097604604316 0 1 0 2 3 0 1 0 2 0
3.364140581974671 0 1 0 2 3 0 1 0 2 3
1.9656735162570742 0 1 0 2 3 0 1 3 2 0
-0.004927135800588773 0 1 0 2 3 0 1 3 2 3
-13.354097604604316 0 1 0 2 3 0 2 0 1 0
-3.3641405819746706 0 1 0 2 3 0 2 0 1 3
-1.9656735162570742 0 1 0 2 3 0 2 3 1 0
0.004927135800588773 0 1 0 2 3 0 2 3 1 3
0.00018913947047039374 0 1 0 2 3 1 1 0 2 1
1.1708543851229078e-06 0 1 0 2 3 1 1 3 1 2
-0.09966924544203387 0 1 0 2 3 1 1 3 2 1
-0.00018913947047039374 0 1 0 2 3 1 2 0 1 1
0.09963156037810597 0 1 0 2 3 1 2 3 1 1
-3.651420954274877e-05 0 1 0 2 3 1 2 3 2 2
0.00018913947047039374 0 1 0 2 3 2 1 0 2 2
3.651420954274877e-05 0 1 0 2 3 2 1 3 1 1
-0.09963156037810597 0 1 0 2 3 2 1 3 2 2
-0.00018913947047039374 0 1 0 2 3 2 2 0 1 2
0.09966924544203387 0 1 0 2 3 2 2 3 1 2
-1.1708543851229082e-06 0 1 0 2 3 2 2 3 2 1
1.943686309451844 0 1 0 2 3 3 1 0 2 0
-0.005734693744308399 0 1 0 2 3 3 1 0 2 3
-0.004412986758469579 0 1 0 2 3 3 1 3 2 0
-0.0006157083958901934 0 1 0 2 3 3 1 3 2 3
-1.9436863094518437 0 1 0 2 3 3 2 0 1 0
0.005734693744308399 0 1 0 2 3 3 2 0 1 3
0.004412986758469579 0 1 0 2 3 3 2 3 1 0
0.0006157083958901934 0 1 0 2 3 3 2 3 1 3
0.0010414221373613933 0 1 0 3 1 0 1 0 0 1
0.00018580966852792388 0 1 0 3 1 0 1 0 3 1
0.00014221495407356092 0 1 0 3 1 0 1 3 0 1
0.0010414221373613933 0 1 0 3 1 0 2 0 0 2
0.00018580966852792388 0 1 0 3 1 0 2 0 3 2
0.00014221495407356092 0 1 0 3 1 0 2 3 0 2
4.078192031656876e-06 0 1 0 3 1 1 1 0 3 0
5.635036419520539e-06 0 1 0 3 1 1 1 3 0 0
4.47933948295471e-05 0 1 0 3 1 1 1 3 3 0
1.3615948211381345e-05 0 1 0 3 1 1 1 3 3 3
4.078192031656876e-06 0 1 0 3 1 2 2 0 3 0
5.635036419520539e-06 0 1 0 3 1 2 2 3 0 0
4.47933948295471e-05 0 1 0 3 1 2 2 3 3 0
1.3615948211381454e-05 0 1 0 3 1 2 2 3 3 3
0.00014193376050890792 0 1 0 3 1 3 1 0 0 1
0.00014193376050890792 0 1 0 3 1 3 2 0 0 2
157.96029356263787 0 1 0 3 2 0 1 0 0 2
23.472513414732997 0 1 0 3 2 0 1 0 3 2
21.232849241662965 0 1 0 3 2 0 1 3 0 2
-0.04598162211408796 0 1 0 3 2 0 1 3 3 2
-157.9602935626379 0 1 0 3 2 0 2 0 0 1
-23.472513414732997 0 1 0 3 2 0 2 0 3 1
-21.232849241662965 0 1 0 3 2 0 2 3 0 1
0.04598162211408796 0 1 0 3 2 0 2 3 3 1
0.011304674947461426 0 1 0 3 2 1 2 0 0 0
0.0017733128539640613 0 1 0 3 2 1 2 0 0 3
-5.735437295916319 0 1 0 3 2 1 2 0 3 0
0.013327950466409909 0 1 0 3 2 1 2 0 3 3
-5.237280733895052 0 1 0 3 2 1 2 3 0 0
0.01292868867921222 0 1 0 3 2 1 2 3 0 3
-38.96440780115678 0 1 0 3 2 1 2 3 3 0
-6.494770507778833 0 1 0 3 2 1 2 3 3 3
-0.011304674947461426 0 1 0 3 2 2 1 0 0 0
-0.0017733128539640613 0 1 0 3 2 2 1 0 0 3
5.735437295916319 0 1 0 3 2 2 1 0 3 0
-0.013327950466409909 0 1 0 3 2 2 1 0 3 3
5.237280733895053 0 1 0 3 2 2 1 3 0 0
-0.01292868867921222 0 1 0 3 2 2 1 3 0 3
38.96440780115679 0 1 0 3 2 2 1 3 3 0
6.494770507778833 0 1 0 3 2 2 1 3 3 3
22.221483749538812 0 1 0 3 2 3 1 0 0 2
-0.052191423781586053 0 1 0 3 2 3 1 0 3 2
-0.04995757762056506 0 1 0 3 2 3 1 3 0 2
-0.005682042862098107 0 1 0 3 2 3 1 3 3 2
-22.221483749538812 0 1 0 3 2 3 2 0 0 1
0.052191423781586053 0 1 0 3 2 3 2 0 3 1
0.04995757762056506 0 1 0 3 2 3 2 3 0 1
0.005682042862098107 0 1 0 3 2 3 2 3 3 1
-2.8674658734665983 0 1 1 0 0 0 1 1 0 0
0.0019394767137195107 0 1 1 0 0 0 1 1 0 3
0.0020215954427089873 0 1 1 0 0 0 1 1 3 0
0.0002645568512580518 0 1 1 0 0 0 1 1 3 3
-2.8674658734665983 0 1 1 0 0 0 2 2 0 0
0.0019394767137195098 0 1 1 0 0 0 2 2 0 3
0.0020215954427089873 0 1 1 0 0 0 2 2 3 0
0.0002645568512580517 0 1 1 0 0 0 2 2 3 3
0.0026041839489819073 0 1 1 0 0 3 1 1 0 0
0.0002351963311395724 0 1 1 0 0 3 1 1 0 3
0.00024079390411468977 0 1 1 0 0 3 1 1 3 0
0.0026041839489819073 0 1 1 0 0 3 2 2 0 0
0.00023519633113957235 0 1 1 0 0 3 2 2 0 3
0.0002407939041146896 0 1 1 0 0 3 2 2 3 0
0.00193947671371951 0 1 1 0 3 0 1 1 0 0
0.0004977690079425469 0 1 1 0 3 0 1 1 0 3
0.0002787438028612736 0 1 1 0 3 0 1 1 3 0
0.0019394767137195096 0 1 1 0 3 0 2 2 0 0
0.0004977690079425469 0 1 1 0 3 0 2 2 0 3
0.0002787438028612736 0 1 1 0 3 0 2 2 3 0
-1.2481445069197957e-05 0 1 1 0 3 1 1 1 3 1
-3.4813248021611387e-07 0 1 1 0 3 1 1 2 3 2
-1.5259635130781163e-06 0 1 1 0 3 1 2 1 3 2
-1.0607349075903737e-05 0 1 1 0 3 1 2 2 3 1
-1.0607349075903737e-05 0 1 1 0 3 2 1 1 3 2
-1.5259635130781163e-06 0 1 1 0 3 2 1 2 3 1
-3.4813248021611387e-07 0 1 1 0 3 2 2 1 3 1
-1.2481445069197957e-05 0 1 1 0 3 2 2 2 3 2
0.00026813330184641466 0 1 1 0 3 3 1 1 0 0
0.00026813330184641455 0 1 1 0 3 3 2 2 0 0
-1.1180028523019299e-06 0 1 1 1 1 0 1 1 2 2
-1.1180028523019299e-06 0 1 1 1 1 0 1 2 1 2
2.2360057046038843e-06 0 1 1 1 1 0 1 2 2 1
2.2360057046038843e-06 0 1 1 1 1 0 2 1 1 2
-1.1180028523019299e-06 0 1 1 1 1 0 2 1 2 1
-1.1180028523019299e-06 0 1 1 1 1 0 2 2 1 1
2.1322408901197404e-06 0 1 1 1 1 1 1 2 2 0
-1.0661204450598719e-06 0 1 1 1 1 1 2 1 2 0
-1.066120445059871e-06 0 1 1 1 1 1 2 2 1 0
-1.066120445059871e-06 0 1 1 1 1 2 1 1 2 0
-1.0661204450598719e-06 0 1 1 1 1 2 1 2 1 0
2.1322408901197404e-06 0 1 1 1 1 2 2 1 1 0
-0.00012525964385094247 0 1 1 1 2 0 1 1 1 2
1.3068948750920015e-05 0 1 1 1 2 0 1 1 2 1
1.3068948750920001e-05 0 1 1 1 2 0 1 2 1 1
-9.912174634910241e-05 0 1 1 1 2 0 1 2 2 2
9.912174634910241e-05 0 1 1 1 2 0 2 1 1 1
-1.3068948750920004e-05 0 1 1 1 2 0 2 1 2 2
-1.3068948750920004e-05 0 1 1 1 2 0 2 2 1 2
0.00012525964385094247 0 1 1 1 2 0 2 2 2 1
-7.75536335541129e-06 0 1 1 1 2 1 1 1 2 0
-7.75536335541129e-06 0 1 1 1 2 1 1 2 1 0
2.5671553052903108e-05 0 1 1 1 2 1 2 1 1 0
1.0160826342080521e-05 0 1 1 1 2 1 2 2 2 0
-1.0160826342080521e-05 0 1 1 1 2 2 1 1 1 0
-2.56715530529031e-05 0 1 1 1 2 2 1 2 2 0
7.755363355411288e-06 0 1 1 1 2 2 2 1 2 0
7.75536335541129e-06 0 1 1 1 2 2 2 2 1 0
1.3068948750920008e-05 0 1 1 2 1 0 1 1 1 2
-3.4535427405694875e-05 0 1 1 2 1 0 1 1 2 1
9.059287048667485e-06 0 1 1 2 1 0 1 2 1 1
-1.240719160610742e-05 0 1 1 2 1 0 1 2 2 2
1.2407191606107426e-05 0 1 1 2 1 0 2 1 1 1
-9.059287048667499e-06 0 1 1 2 1 0 2 1 2 2
3.4535427405694875e-05 0 1 1 2 1 0 2 2 1 2
-1.3068948750920004e-05 0 1 1 2 1 0 2 2 2 1
2.724448541189774e-06 0 1 1 2 1 1 1 1 2 0
1.167604153325916e-06 0 1 1 2 1 1 1 2 1 0
-1.8639881558091967e-07 0 1 1 2 1 1 2 1 1 0
3.705653878934766e-06 0 1 1 2 1 1 2 2 2 0
-3.705653878934769e-06 0 1 1 2 1 2 1 1 1 0
1.8639881558091967e-07 0 1 1 2 1 2 1 2 2 0
-1.1676041533259126e-06 0 1 1 2 1 2 2 1 2 0
-2.724448541189774e-06 0 1 1 2 1 2 2 2 1 0
-1.1180028523019335e-06 0 1 1 2 2 0 1 1 1 1
-1.1711863914187044 0 1 1 2 2 0 1 1 2 2
1.0684777816513362 0 1 1 2 2 0 1 2 1 2
0.10270749176451616 0 1 1 2 2 0 1 2 2 1
0.10270749176451616 0 1 1 2 2 0 2 1 1 2
1.0684777816513362 0 1 1 2 2 0 2 1 2 1
-1.1711863914187044 0 1 1 2 2 0 2 2 1 1
-1.1180028523019335e-06 0 1 1 2 2 0 2 2 2 2
-4.042868923268613e-07 0 1 1 2 2 1 1 1 1 0
-0.02896899457676876 0 1 1 2 2 1 1 2 2 0
1.599903412892288e-05 0 1 1 2 2 1 1 2 2 3
0.26356257615557227 0 1 1 2 2 1 2 1 2 0
-0.0002076304106633056 0 1 1 2 2 1 2 1 2 3
-0.23459398586569574 0 1 1 2 2 1 2 2 1 0
0.00019163137653438272 0 1 1 2 2 1 2 2 1 3
-0.23459398586569574 0 1 1 2 2 2 1 1 2 0
0.00019163137653438272 0 1 1 2 2 2 1 1 2 3
0.26356257615557227 0 1 1 2 2 2 1 2 1 0
-0.0002076304106633056 0 1 1 2 2 2 1 2 1 3
-0.02896899457676876 0 1 1 2 2 2 2 1 1 0
1.599903412892288e-05 0 1 1 2 2 2 2 1 1 3
-4.042868923268613e-07 0 1 1 2 2 2 2 2 2 0
0.0011673363372115147 0 1 1 2 2 3 1 1 2 2
-0.001066509823809469 0 1 1 2 2 3 1 2 1 2
-0.00010082651340204577 0 1 1 2 2 3 1 2 2 1
-0.00010082651340204577 0 1 1 2 2 3 2 1 1 2
-0.001066509823809469 0 1 1 2 2 3 2 1 2 1
0.0011673363372115147 0 1 1 2 2 3 2 2 1 1
0.0020215954427089877 0 1 1 3 0 0 1 1 0 0
0.0002787438028612736 0 1 1 3 0 0 1 1 0 3
0.0003220305579064831 0 1 1 3 0 0 1 1 3 0
0.0020215954427089877 0 1 1 3 0 0 2 2 0 0
0.0002787438028612736 0 1 1 3 0 0 2 2 0 3
0.0003220305579064831 0 1 1 3 0 0 2 2 3 0
1.5145703833503325e-06 0 1 1 3 0 1 1 1 3 1
6.623814071646784e-06 0 1 1 3 0 1 1 2 3 2
-3.0159604047836148e-05 0 1 1 3 0 1 2 1 3 2
2.5050360359539703e-05 0 1 1 3 0 1 2 2 3 1
2.5050360359539703e-05 0 1 1 3 0 2 1 1 3 2
-3.0159604047836148e-05 0 1 1 3 0 2 1 2 3 1
6.6238140716467706e-06 0 1 1 3 0 2 2 1 3 1
1.5145703833503325e-06 0 1 1 3 0 2 2 2 3 2
0.00027711436451577115 0 1 1 3 0 3 1 1 0 0
0.00027711436451577115 0 1 1 3 0 3 2 2 0 0
0.0002645568512580518 0 1 1 3 3 0 1 1 0 0
0.00026455685125805167 0 1 1 3 3 0 2 2 0 0
-5.130368606113524e-06 0 1 1 3 3 1 1 1 0 1
-0.00014819255805537045 0 1 1 3 3 1 1 1 3 1
3.1370107251689564e-07 0 1 1 3 3 1 1 2 0 2
-2.698705932232867e-05 0 1 1 3 3 1 1 2 3 2
2.5237459633984172e-06 0 1 1 3 3 1 2 1 0 2
-7.285905408044603e-05 0 1 1 3 3 1 2 1 3 2
-7.96781564202883e-06 0 1 1 3 3 1 2 2 0 1
-4.8346444652595696e-05 0 1 1 3 3 1 2 2 3 1
-7.96781564202883e-06 0 1 1 3 3 2 1 1 0 2
-4.8346444652595696e-05 0 1 1 3 3 2 1 1 3 2
2.5237459633984155e-06 0 1 1 3 3 2 1 2 0 1
-7.285905408044603e-05 0 1 1 3 3 2 1 2 3 1
3.1370107251689564e-07 0 1 1 3 3 2 2 1 0 1
-2.698705932232867e-05 0 1 1 3 3 2 2 1 3 1
-5.130368606113521e-06 0 1 1 3 3 2 2 2 0 2
-0.00014819255805537045 0 1 1 3 3 2 2 2 3 2
-10089.187957522254 0 1 2 0 0 0 1 2 0 0
13.354097604604313 0 1 2 0 0 0 1 2 0 3
14.21576652164324 0 1 2 0 0 0 1 2 3 0
1.862953617300952 0 1 2 0 0 0 1 2 3 3
10089.187957522252 0 1 2 0 0 0 2 1 0 0
-13.354097604604313 0 1 2 0 0 0 2 1 0 3
-14.21576652164324 0 1 2 0 0 0 2 1 3 0
-1.862953617300952 0 1 2 0 0 0 2 1 3 3
6.688795551523136e-05 0 1 2 0 0 1 1 2 0 1
0.0004463897852268094 0 1 2 0 0 1 1 2 3 1
-8.062135620042376e-07 0 1 2 0 0 1 2 1 0 1
-2.1094045447593237e-05 0 1 2 0 0 1 2 1 3 1
6.608174195322712e-05 0 1 2 0 0 1 2 2 0 2
0.0004252957397792162 0 1 2 0 0 1 2 2 3 2
-6.608174195322712e-05 0 1 2 0 0 2 1 1 0 1
-0.0004252957397792162 0 1 2 0 0 2 1 1 3 1
8.062135620042376e-07 0 1 2 0 0 2 1 2 0 2
2.1094045447593237e-05 0 1 2 0 0 2 1 2 3 2
-6.688795551523136e-05 0 1 2 0 0 2 2 1 0 2
-0.0004463897852268094 0 1 2 0 0 2 2 1 3 2
19.980979736132348 0 1 2 0 0 3 1 2 0 0
1.655512551964377 0 1 2 0 0 3 1 2 0 3
1.6091670039503263 0 1 2 0 0 3 1 2 3 0
-0.004103772583032837 0 1 2 0 0 3 1 2 3 3
-19.980979736132348 0 1 2 0 0 3 2 1 0 0
-1.655512551964377 0 1 2 0 0 3 2 1 0 3
-1.6091670039503263 0 1 2 0 0 3 2 1 3 0
0.004103772583032837 0 1 2 0 0 3 2 1 3 3
13.354097604604316 0 1 2 0 3 0 1 2 0 0
3.364140581974671 0 1 2 0 3 0 1 2 0 3
1.965673516257074 0 1 2 0 3 0 1 2 3 0
-0.004927135800588773 0 1 2 0 3 0 1 2 3 3
-13.354097604604316 0 1 2 0 3 0 2 1 0 0
-3.3641405819746706 0 1 2 0 3 0 2 1 0 3
-1.965673516257074 0 1 2 0 3 0 2 1 3 0
0.004927135800588773 0 1 2 0 3 0 2 1 3 3
1.1708543851229078e-06 0 1 2 0 3 1 1 1 3 2
0.00018913947047039374 0 1 2 0 3 1 1 2 0 1
-0.09966924544203387 0 1 2 0 3 1 1 2 3 1
-0.00018913947047039374 0 1 2 0 3 1 2 1 0 1
0.09963156037810597 0 1 2 0 3 1 2 1 3 1
-3.651420954274877e-05 0 1 2 0 3 1 2 2 3 2
3.651420954274877e-05 0 1 2 0 3 2 1 1 3 1
0.00018913947047039374 0 1 2 0 3 2 1 2 0 2
-0.09963156037810597 0 1 2 0 3 2 1 2 3 2
-0.00018913947047039374 0 1 2 0 3 2 2 1 0 2
0.09966924544203387 0 1 2 0 3 2 2 1 3 2
-1.1708543851229082e-06 0 1 2 0 3 2 2 2 3 1
1.943686309451844 0 1 2 0 3 3 1 2 0 0
-0.005734693744308399 0 1 2 0 3 3 1 2 0 3
-0.0044129867584695795 0 1 2 0 3 3 1 2 3 0
-0.0006157083958901934 0 1 2 0 3 3 1 2 3 3
-1.9436863094518437 0 1 2 0 3 3 2 1 0 0
0.005734693744308399 0 1 2 0 3 3 2 1 0 3
0.0044129867584695795 0 1 2 0 3 3 2 1 3 0
0.0006157083958901934 0 1 2 0 3 3 2 1 3 3
1.3068948750920008e-05 0 1 2 1 1 0 1 1 1 2
9.059287048667485e-06 0 1 2 1 1 0 1 1 2 1
-3.4535427405694875e-05 0 1 2 1 1 0 1 2 1 1
-1.2407191606107416e-05 0 1 2 1 1 0 1 2 2 2
1.240719160610743e-05 0 1 2 1 1 0 2 1 1 1
3.4535427405694875e-05 0 1 2 1 1 0 2 1 2 2
-9.059287048667499e-06 0 1 2 1 1 0 2 2 1 2
-1.3068948750920008e-05 0 1 2 1 1 0 2 2 2 1
1.167604153325916e-06 0 1 2 1 1 1 1 1 2 0
2.724448541189774e-06 0 1 2 1 1 1 1 2 1 0
-1.8639881558092142e-07 0 1 2 1 1 1 2 1 1 0
3.705653878934769e-06 0 1 2 1 1 1 2 2 2 0
-3.705653878934769e-06 0 1 2 1 1 2 1 1 1 0
1.8639881558092142e-07 0 1 2 1 1 2 1 2 2 0
-2.7244485411897704e-06 0 1 2 1 1 2 2 1 2 0
-1.167604153325916e-06 0 1 2 1 1 2 2 2 1 0
-1.1180028523019335e-06 0 1 2 1 2 0 1 1 1 1
1.0684777816513362 0 1 2 1 2 0 1 1 2 2
-1.1711863914187044 0 1 2 1 2 0 1 2 1 2
0.10270749176451616 0 1 2 1 2 0 1 2 2 1
0.10270749176451616 0 1 2 1 2 0 2 1 1 2
-1.1711863914187044 0 1 2 1 2 0 2 1 2 1
1.0684777816513362 0 1 2 1 2 0 2 2 1 1
-1.1180028523019335e-06 0 1 2 1 2 0 2 2 2 2
-4.042868923268613e-07 0 1 2 1 2 1 1 1 1 0
-0.028968994576768763 0 1 2 1 2 1 1 2 2 0
1.599903412892288e-05 0 1 2 1 2 1 1 2 2 3
-0.23459398586569571 0 1 2 1 2 1 2 1 2 0
0.00019163137653438272 0 1 2 1 2 1 2 1 2 3
0.2635625761555723 0 1 2 1 2 1 2 2 1 0
-0.0002076304106633056 0 1 2 1 2 1 2 2 1 3
0.26356257615557227 0 1 2 1 2 2 1 1 2 0
-0.0002076304106633056 0 1 2 1 2 2 1 1 2 3
-0.23459398586569571 0 1 2 1 2 2 1 2 1 0
0.00019163137653438272 0 1 2 1 2 2 1 2 1 3
-0.028968994576768763 0 1 2 1 2 2 2 1 1 0
1.599903412892288e-05 0 1 2 1 2 2 2 1 1 3
-4.042868923268613e-07 0 1 2 1 2 2 2 2 2 0
-0.001066509823809469 0 1 2 1 2 3 1 1 2 2
0.0011673363372115147 0 1 2 1 2 3 1 2 1 2
-0.00010082651340204577 0 1 2 1 2 3 1 2 2 1
-0.00010082651340204577 0 1 2 1 2 3 2 1 1 2
0.0011673363372115147 0 1 2 1 2 3 2 1 2 1
-0.001066509823809469 0 1 2 1 2 3 2 2 1 1
2.236005704603884e-06 0 1 2 2 1 0 1 1 1 1
0.10270749176451616 0 1 2 2 1 0 1 1 2 2
0.10270749176451616 0 1 2 2 1 0 1 2 1 2
-0.2054127475233277 0 1 2 2 1 0 1 2 2 1
-0.2054127475233277 0 1 2 2 1 0 2 1 1 2
0.10270749176451616 0 1 2 2 1 0 2 1 2 1
0.10270749176451616 0 1 2 2 1 0 2 2 1 1
2.2360057046038843e-06 0 1 2 2 1 0 2 2 2 2
8.085737846537209e-07 0 1 2 2 1 1 1 1 1 0
0.05794012139442762 0 1 2 2 1 1 1 2 2 0
-3.199806825784577e-05 0 1 2 2 1 1 1 2 2 3
-0.028969656410321495 0 1 2 2 1 1 2 1 2 0
1.599903412892288e-05 0 1 2 2 1 1 2 1 2 3
-0.028969656410321495 0 1 2 2 1 1 2 2 1 0
1.599903412892288e-05 0 1 2 2 1 1 2 2 1 3
-0.028969656410321495 0 1 2 2 1 2 1 1 2 0
1.599903412892288e-05 0 1 2 2 1 2 1 1 2 3
-0.028969656410321495 0 1 2 2 1 2 1 2 1 0
1.599903412892288e-05 0 1 2 2 1 2 1 2 1 3
0.05794012139442761 0 1 2 2 1 2 2 1 1 0
-3.199806825784577e-05 0 1 2 2 1 2 2 1 1 3
8.085737846537213e-07 0 1 2 2 1 2 2 2 2 0
-0.00010082651340204577 0 1 2 2 1 3 1 1 2 2
-0.00010082651340204577 0 1 2 2 1 3 1 2 1 2
0.0002016530268040916 0 1 2 2 1 3 1 2 2 1
0.0002016530268040916 0 1 2 2 1 3 2 1 1 2
-0.00010082651340204577 0 1 2 2 1 3 2 1 2 1
-0.00010082651340204577 0 1 2 2 1 3 2 2 1 1
-9.912174634910245e-05 0 1 2 2 2 0 1 1 1 2
-1.2407191606107433e-05 0 1 2 2 2 0 1 1 2 1
-1.240719160610742e-05 0 1 2 2 2 0 1 2 1 1
-0.00012393612956131724 0 1 2 2 2 0 1 2 2 2
0.00012393612956131724 0 1 2 2 2 0 2 1 1 1
1.2407191606107426e-05 0 1 2 2 2 0 2 1 2 2
1.2407191606107433e-05 0 1 2 2 2 0 2 2 1 2
9.912174634910245e-05 0 1 2 2 2 0 2 2 2 1
-3.863310660895601e-06 0 1 2 2 2 1 1 1 2 0
-3.8633106608956e-06 0 1 2 2 2 1 1 2 1 0
2.5298755421741275e-05 0 1 2 2 2 1 2 1 1 0
1.7572134099950064e-05 0 1 2 2 2 1 2 2 2 0
-1.7572134099950058e-05 0 1 2 2 2 2 1 1 1 0
-2.5298755421741275e-05 0 1 2 2 2 2 1 2 2 0
3.8633106608956e-06 0 1 2 2 2 2 2 1 2 0
3.863310660895602e-06 0 1 2 2 2 2 2 2 1 0
14.215766521643241 0 1 2 3 0 0 1 2 0 0
1.9656735162570742 0 1 2 3 0 0 1 2 0 3
2.199303537566695 0 1 2 3 0 0 1 2 3 0
-0.004176785374235794 0 1 2 3 0 0 1 2 3 3
-14.215766521643241 0 1 2 3 0 0 2 1 0 0
-1.9656735162570742 0 1 2 3 0 0 2 1 0 3
-2.1993035375666956 0 1 2 3 0 0 2 1 3 0
0.004176785374235794 0 1 2 3 0 0 2 1 3 3
3.858287847377164e-06 0 1 2 3 0 1 1 1 3 2
0.0004303907510978866 0 1 2 3 0 1 1 2 0 1
-0.4565716740908773 0 1 2 3 0 1 1 2 3 1
-5.095011318670398e-06 0 1 2 3 0 1 2 1 0 1
-0.14687263324123837 0 1 2 3 0 1 2 1 3 1
0.0004252957397792162 0 1 2 3 0 1 2 2 0 2
-0.6034404490442683 0 1 2 3 0 1 2 2 3 2
-0.0004252957397792162 0 1 2 3 0 2 1 1 0 1
0.6034404490442682 0 1 2 3 0 2 1 1 3 1
5.095011318670398e-06 0 1 2 3 0 2 1 2 0 2
0.14687263324123837 0 1 2 3 0 2 1 2 3 2
-0.0004303907510978866 0 1 2 3 0 2 2 1 0 2
0.4565716740908773 0 1 2 3 0 2 2 1 3 2
-3.858287847377164e-06 0 1 2 3 0 2 2 2 3 1
1.9751364077428044 0 1 2 3 0 3 1 2 0 0
-0.004446010108242547 0 1 2 3 0 3 1 2 0 3
-0.004736873403231626 0 1 2 3 0 3 1 2 3 0
-0.0005259526375204542 0 1 2 3 0 3 1 2 3 3
-1.9751364077428044 0 1 2 3 0 3 2 1 0 0
0.004446010108242547 0 1 2 3 0 3 2 1 0 3
0.004736873403231626 0 1 2 3 0 3 2 1 3 0
0.0005259526375204542 0 1 2 3 0 3 2 1 3 3
1.862953617300952 0 1 2 3 3 0 1 2 0 0
-0.004927135800588773 0 1 2 3 3 0 1 2 0 3
-0.004176785374235795 0 1 2 3 3 0 1 2 3 0
-0.0007384638027937546 0 1 2 3 3 0 1 2 3 3
-1.862953617300952 0 1 2 3 3 0 2 1 0 0
0.004927135800588773 0 1 2 3 3 0 2 1 0 3
0.004176785374235795 0 1 2 3 3 0 2 1 3 0
0.0007384638027937546 0 1 2 3 3 0 2 1 3 3
1.8326879378559192e-06 0 1 2 3 3 1 1 1 0 2
-1.7934975883345885e-05 0 1 2 3 3 1 1 1 3 2
-0.07070411417592602 0 1 2 3 3 1 1 2 0 1
-0.6254603638625487 0 1 2 3 3 1 1 2 3 1
0.07066171756896894 0 1 2 3 3 1 2 1 0 1
0.6250232709926092 0 1 2 3 3 1 2 1 3 1
-4.056391901922531e-05 0 1 2 3 3 1 2 2 0 2
-0.0004550278458226824 0 1 2 3 3 1 2 2 3 2
4.056391901922531e-05 0 1 2 3 3 2 1 1 0 1
0.0004550278458226824 0 1 2 3 3 2 1 1 3 1
-0.07066171756896893 0 1 2 3 3 2 1 2 0 2
-0.6250232709926092 0 1 2 3 3 2 1 2 3 2
0.070704114175926 0 1 2 3 3 2 2 1 0 2
0.6254603638625486 0 1 2 3 3 2 2 1 3 2
-1.8326879378559192e-06 0 1 2 3 3 2 2 2 0 1
1.793497588334588e-05 0 1 2 3 3 2 2 2 3 1
-0.004553571256875198 0 1 2 3 3 3 1 2 0 0
-0.0006779050259368432 0 1 2 3 3 3 1 2 0 3
-0.00056019962529268 0 1 2 3 3 3 1 2 3 0
0.004553571256875198 0 1 2 3 3 3 2 1 0 0
0.0006779050259368432 0 1 2 3 3 3 2 1 0 3
0.00056019962529268 0 1 2 3 3 3 2 1 3 0
0.0010414221373613863 0 1 3 0 1 0 1 0 0 1
0.00014221495407356065 0 1 3 0 1 0 1 0 3 1
0.00018580966852792388 0 1 3 0 1 0 1 3 0 1
0.0010414221373613863 0 1 3 0 1 0 2 0 0 2
0.00014221495407356065 0 1 3 0 1 0 2 0 3 2
0.00018580966852792388 0 1 3 0 1 0 2 3 0 2
5.635036419520539e-06 0 1 3 0 1 1 1 0 3 0
4.078192031656876e-06 0 1 3 0 1 1 1 3 0 0
4.479339482954883e-05 0 1 3 0 1 1 1 3 3 0
1.3615948211381454e-05 0 1 3 0 1 1 1 3 3 3
5.635036419520539e-06 0 1 3 0 1 2 2 0 3 0
4.078192031656876e-06 0 1 3 0 1 2 2 3 0 0
4.4793394829549266e-05 0 1 3 0 1 2 2 3 3 0
1.3615948211381454e-05 0 1 3 0 1 2 2 3 3 3
0.0001419337605089075 0 1 3 0 1 3 1 0 0 1
0.0001419337605089075 0 1 3 0 1 3 2 0 0 2
157.96029356263787 0 1 3 0 2 0 1 0 0 2
21.232849241662965 0 1 3 0 2 0 1 0 3 2
23.472513414732997 0 1 3 0 2 0 1 3 0 2
-0.045981622114087954 0 1 3 0 2 0 1 3 3 2
-157.96029356263787 0 1 3 0 2 0 2 0 0 1
-21.232849241662965 0 1 3 0 2 0 2 0 3 1
-23.472513414732997 0 1 3 0 2 0 2 3 0 1
0.045981622114087954 0 1 3 0 2 0 2 3 3 1
0.011304674947461426 0 1 3 0 2 1 2 0 0 0
0.001773312853964061 0 1 3 0 2 1 2 0 0 3
-5.237280733895052 0 1 3 0 2 1 2 0 3 0
0.012928688679212222 0 1 3 0 2 1 2 0 3 3
-5.73543729591632 0 1 3 0 2 1 2 3 0 0
0.013327950466409909 0 1 3 0 2 1 2 3 0 3
-38.96440780115678 0 1 3 0 2 1 2 3 3 0
-6.494770507778833 0 1 3 0 2 1 2 3 3 3
-0.011304674947461426 0 1 3 0 2 2 1 0 0 0
-0.001773312853964061 0 1 3 0 2 2 1 0 0 3
5.237280733895053 0 1 3 0 2 2 1 0 3 0
-0.012928688679212222 0 1 3 0 2 2 1 0 3 3
5.73543729591632 0 1 3 0 2 2 1 3 0 0
-0.013327950466409909 0 1 3 0 2 2 1 3 0 3
38.96440780115679 0 1 3 0 2 2 1 3 3 0
6.494770507778833 0 1 3 0 2 2 1 3 3 3
22.22148374953881 0 1 3 0 2 3 1 0 0 2
-0.04995757762056506 0 1 3 0 2 3 1 0 3 2
-0.05219142378158603 0 1 3 0 2 3 1 3 0 2
-0.0056820428620981064 0 1 3 0 2 3 1 3 3 2
-22.221483749538812 0 1 3 0 2 3 2 0 0 1
0.04995757762056506 0 1 3 0 2 3 2 0 3 1
0.05219142378158603 0 1 3 0 2 3 2 3 0 1
0.0056820428620981064 0 1 3 0 2 3 2 3 3 1
0.0020215954427089877 0 1 3 1 0 0 1 0 1 0
0.0002787438028612736 0 1 3 1 0 0 1 0 1 3
0.00032203055790648306 0 1 3 1 0 0 1 3 1 0
0.0020215954427089886 0 1 3 1 0 0 2 0 2 0
0.0002787438028612736 0 1 3 1 0 0 2 0 2 3
0.00032203055790648306 0 1 3 1 0 0 2 3 2 0
1.5145703833503325e-06 0 1 3 1 0 1 1 3 1 1
6.623814071646784e-06 0 1 3 1 0 1 1 3 2 2
-3.0159604047836148e-05 0 1 3 1 0 1 2 3 1 2
2.505036035953971e-05 0 1 3 1 0 1 2 3 2 1
2.5050360359539703e-05 0 1 3 1 0 2 1 3 1 2
-3.0159604047836134e-05 0 1 3 1 0 2 1 3 2 1
6.6238140716467706e-06 0 1 3 1 0 2 2 3 1 1
1.5145703833503393e-06 0 1 3 1 0 2 2 3 2 2
0.00027711436451577115 0 1 3 1 0 3 1 0 1 0
0.00027711436451577115 0 1 3 1 0 3 2 0 2 0
0.00026455685125805167 0 1 3 1 3 0 1 0 1 0
0.0002645568512580518 0 1 3 1 3 0 2 0 2 0
-5.130368606113523e-06 0 1 3 1 3 1 1 0 1 1
3.1370107251689564e-07 0 1 3 1 3 1 1 0 2 2
-0.0001481925580553704 0 1 3 1 3 1 1 3 1 1
-2.698705932232867e-05 0 1 3 1 3 1 1 3 2 2
2.5237459633984172e-06 0 1 3 1 3 1 2 0 1 2
-7.967815642028829e-06 0 1 3 1 3 1 2 0 2 1
-7.285905408044606e-05 0 1 3 1 3 1 2 3 1 2
-4.834644465259564e-05 0 1 3 1 3 1 2 3 2 1
-7.967815642028829e-06 0 1 3 1 3 2 1 0 1 2
2.5237459633984172e-06 0 1 3 1 3 2 1 0 2 1
-4.834644465259564e-05 0 1 3 1 3 2 1 3 1 2
-7.285905408044606e-05 0 1 3 1 3 2 1 3 2 1
3.1370107251689564e-07 0 1 3 1 3 2 2 0 1 1
-5.130368606113523e-06 0 1 3 1 3 2 2 0 2 2
-2.698705932232867e-05 0 1 3 1 3 2 2 3 1 1
-0.0001481925580553704 0 1 3 1 3 2 2 3 2 2
14.215766521643237 0 1 3 2 0 0 1 0 2 0
1.9656735162570742 0 1 3 2 0 0 1 0 2 3
2.199303537566695 0 1 3 2 0 0 1 3 2 0
-0.004176785374235794 0 1 3 2 0 0 1 3 2 3
-14.215766521643236 0 1 3 2 0 0 2 0 1 0
-1.9656735162570742 0 1 3 2 0 0 2 0 1 3
-2.199303537566695 0 1 3 2 0 0 2 3 1 0
0.004176785374235794 0 1 3 2 0 0 2 3 1 3
0.0004303907510978865 0 1 3 2 0 1 1 0 2 1
3.858287847377164e-06 0 1 3 2 0 1 1 3 1 2
-0.4565716740908773 0 1 3 2 0 1 1 3 2 1
-5.095011318670425e-06 0 1 3 2 0 1 2 0 1 1
0.00042529573977921614 0 1 3 2 0 1 2 0 2 2
-0.14687263324123837 0 1 3 2 0 1 2 3 1 1
-0.6034404490442683 0 1 3 2 0 1 2 3 2 2
-0.00042529573977921614 0 1 3 2 0 2 1 0 1 1
5.095011318670425e-06 0 1 3 2 0 2 1 0 2 2
0.6034404490442682 0 1 3 2 0 2 1 3 1 1
0.1468726332412384 0 1 3 2 0 2 1 3 2 2
-0.0004303907510978865 0 1 3 2 0 2 2 0 1 2
0.4565716740908773 0 1 3 2 0 2 2 3 1 2
-3.858287847377164e-06 0 1 3 2 0 2 2 3 2 1
1.9751364077428044 0 1 3 2 0 3 1 0 2 0
-0.004446010108242547 0 1 3 2 0 3 1 0 2 3
-0.004736873403231625 0 1 3 2 0 3 1 3 2 0
-0.0005259526375204542 0 1 3 2 0 3 1 3 2 3
-1.9751364077428044 0 1 3 2 0 3 2 0 1 0
0.004446010108242547 0 1 3 2 0 3 2 0 1 3
0.004736873403231625 0 1 3 2 0 3 2 3 1 0
0.0005259526375204542 0 1 3 2 0 3 2 3 1 3
1.862953617300952 0 1 3 2 3 0 1 0 2 0
-0.004927135800588773 0 1 3 2 3 0 1 0 2 3
-0.004176785374235794 0 1 3 2 3 0 1 3 2 0
-0.0007384638027937546 0 1 3 2 3 0 1 3 2 3
-1.862953617300952 0 1 3 2 3 0 2 0 1 0
0.004927135800588773 0 1 3 2 3 0 2 0 1 3
0.004176785374235794 0 1 3 2 3 0 2 3 1 0
0.0007384638027937546 0 1 3 2 3 0 2 3 1 3
1.8326879378559192e-06 0 1 3 2 3 1 1 0 1 2
-0.07070411417592604 0 1 3 2 3 1 1 0 2 1
-1.7934975883345885e-05 0 1 3 2 3 1 1 3 1 2
-0.6254603638625487 0 1 3 2 3 1 1 3 2 1
0.07066171756896895 0 1 3 2 3 1 2 0 1 1
-4.056391901922531e-05 0 1 3 2 3 1 2 0 2 2
0.6250232709926092 0 1 3 2 3 1 2 3 1 1
-0.0004550278458226823 0 1 3 2 3 1 2 3 2 2
4.056391901922531e-05 0 1 3 2 3 2 1 0 1 1
-0.07066171756896895 0 1 3 2 3 2 1 0 2 2
0.0004550278458226823 0 1 3 2 3 2 1 3 1 1
-0.6250232709926092 0 1 3 2 3 2 1 3 2 2
0.07070411417592602 0 1 3 2 3 2 2 0 1 2
-1.8326879378559192e-06 0 1 3 2 3 2 2 0 2 1
0.6254603638625486 0 1 3 2 3 2 2 3 1 2
1.793497588334588e-05 0 1 3 2 3 2 2 3 2 1
-0.0045535712568751975 0 1 3 2 3 3 1 0 2 0
-0.0006779050259368432 0 1 3 2 3 3 1 0 2 3
-0.0005601996252926801 0 1 3 2 3 3 1 3 2 0
0.0045535712568751975 0 1 3 2 3 3 2 0 1 0
0.0006779050259368432 0 1 3 2 3 3 2 0 1 3
0.0005601996252926801 0 1 3 2 3 3 2 3 1 0
0.000135391672729497 0 1 3 3 1 0 1 0 0 1
0.000135391672729497 0 1 3 3 1 0 2 0 0 2
7.456826468920405e-06 0 1 3 3 1 1 1 0 0 0
5.384547826852966e-05 0 1 3 3 1 1 1 0 3 0
1.0850421987111994e-05 0 1 3 3 1 1 1 0 3 3
5.384547826852966e-05 0 1 3 3 1 1 1 3 0 0
1.0850421987111994e-05 0 1 3 3 1 1 1 3 0 3
-0.07069556768372395 0 1 3 3 1 1 1 3 3 0
0.00010620771149879183 0 1 3 3 1 1 1 3 3 3
7.456826468920405e-06 0 1 3 3 1 2 2 0 0 0
5.384547826852966e-05 0 1 3 3 1 2 2 0 3 0
1.085042198711194e-05 0 1 3 3 1 2 2 0 3 3
5.384547826852966e-05 0 1 3 3 1 2 2 3 0 0
1.085042198711194e-05 0 1 3 3 1 2 2 3 0 3
-0.07069556768372395 0 1 3 3 1 2 2 3 3 0
0.00010620771149879183 0 1 3 3 1 2 2 3 3 3
20.16427233826528 0 1 3 3 2 0 1 0 0 2
-0.04598162211408796 0 1 3 3 2 0 1 0 3 2
-0.045981622114087954 0 1 3 3 2 0 1 3 0 2
-0.006362224194933473 0 1 3 3 2 0 1 3 3 2
-20.16427233826528 0 1 3 3 2 0 2 0 0 1
0.04598162211408796 0 1 3 3 2 0 2 0 3 1
0.045981622114087954 0 1 3 3 2 0 2 3 0 1
0.006362224194933473 0 1 3 3 2 0 2 3 3 1
-4.973658495722852 0 1 3 3 2 1 2 0 0 0
0.012295762528769703 0 1 3 3 2 1 2 0 0 3
-38.96387991425687 0 1 3 3 2 1 2 0 3 0
-5.891299899130517 0 1 3 3 2 1 2 0 3 3
-38.96387991425687 0 1 3 3 2 1 2 3 0 0
-5.891299899130517 0 1 3 3 2 1 2 3 0 3
27650.437956518603 0 1 3 3 2 1 2 3 3 0
-43.54716550167343 0 1 3 3 2 1 2 3 3 3
4.973658495722852 0 1 3 3 2 2 1 0 0 0
-0.012295762528769703 0 1 3 3 2 2 1 0 0 3
38.96387991425687 0 1 3 3 2 2 1 0 3 0
5.891299899130517 0 1 3 3 2 2 1 0 3 3
38.96387991425687 0 1 3 3 2 2 1 3 0 0
5.891299899130517 0 1 3 3 2 2 1 3 0 3
-27650.437956518603 0 1 3 3 2 2 1 3 3 0
43.54716550167343 0 1 3 3 2 2 1 3 3 3
-0.05181314086594956 0 1 3 3 2 3 1 0 0 2
-0.006137890168516643 0 1 3 3 2 3 1 0 3 2
-0.006137890168516643 0 1 3 3 2 3 1 3 0 2
0.05181314086594956 0 1 3 3 2 3 2 0 0 1
0.006137890168516643 0 1 3 3 2 3 2 0 3 1
0.006137890168516643 0 1 3 3 2 3 2 3 0 1
112099.63829945064 0 2 0 0 1 0 1 0 0 2
-157.96029356263787 0 2 0 0 1 0 1 0 3 2
-157.96029356263782 0 2 0 0 1 0 1 3 0 2
-20.164272338265285 0 2 0 0 1 0 1 3 3 2
-112099.63829945064 0 2 0 0 1 0 2 0 0 1
157.96029356263787 0 2 0 0 1 0 2 0 3 1
157.96029356263784 0 2 0 0 1 0 2 3 0 1
20.16427233826528 0 2 0 0 1 0 2 3 3 1
-0.0015575679577384883 0 2 0 0 1 1 2 0 0 0
-0.011304674947461426 0 2 0 0 1 1 2 0 3 0
-0.0018393945959172882 0 2 0 0 1 1 2 0 3 3
-0.011304674947461426 0 2 0 0 1 1 2 3 0 0
-0.0018393945959172884 0 2 0 0 1 1 2 3 0 3
4.9737345760689635 0 2 0 0 1 1 2 3 3 0
-0.013146354008328136 0 2 0 0 1 1 2 3 3 3
0.0015575679577384883 0 2 0 0 1 2 1 0 0 0
0.011304674947461426 0 2 0 0 1 2 1 0 3 0
0.0018393945959172882 0 2 0 0 1 2 1 0 3 3
0.011304674947461426 0 2 0 0 1 2 1 3 0 0
0.0018393945959172884 0 2 0 0 1 2 1 3 0 3
-4.9737345760689635 0 2 0 0 1 2 1 3 3 0
0.013146354008328136 0 2 0 0 1 2 1 3 3 3
-223.74459400127904 0 2 0 0 1 3 1 0 0 2
-18.0756264087508 0 2 0 0 1 3 1 0 3 2
-18.0756264087508 0 2 0 0 1 3 1 3 0 2
0.045968994727561635 0 2 0 0 1 3 1 3 3 2
223.74459400127904 0 2 0 0 1 3 2 0 0 1
18.0756264087508 0 2 0 0 1 3 2 0 3 1
18.0756264087508 0 2 0 0 1 3 2 3 0 1
-0.045968994727561635 0 2 0 0 1 3 2 3 3 1
-1.4834389350337809 0 2 0 0 2 0 1 0 0 1
0.0010414221373613863 0 2 0 0 2 0 1 0 3 1
0.0010414221373613863 0 2 0 0 2 0 1 3 0 1
0.000135391672729497 0 2 0 0 2 0 1 3 3 1
-1.4834389350337807 0 2 0 0 2 0 2 0 0 2
0.0010414221373613863 0 2 0 0 2 0 2 0 3 2
0.0010414221373613863 0 2 0 0 2 0 2 3 0 2
0.000135391672729497 0 2 0 0 2 0 2 3 3 2
4.418852738242388e-06 0 2 0 0 2 1 1 3 3 0
4.418852738242388e-06 0 2 0 0 2 2 2 3 3 0
0.0012527231386260107 0 2 0 0 2 3 1 0 0 1
0.0001301435397974514 0 2 0 0 2 3 1 0 3 1
0.0001301435397974514 0 2 0 0 2 3 1 3 0 1
0.0012527231386260142 0 2 0 0 2 3 2 0 0 2
0.0001301435397974514 0 2 0 0 2 3 2 0 3 2
0.0001301435397974514 0 2 0 0 2 3 2 3 0 2
10089.187957522252 0 2 0 1 0 0 1 0 2 0
-13.354097604604313 0 2 0 1 0 0 1 0 2 3
-14.215766521643236 0 2 0 1 0 0 1 3 2 0
-1.8629536173009522 0 2 0 1 0 0 1 3 2 3
-10089.187957522252 0 2 0 1 0 0 2 0 1 0
13.354097604604313 0 2 0 1 0 0 2 0 1 3
14.215766521643236 0 2 0 1 0 0 2 3 1 0
1.8629536173009522 0 2 0 1 0 0 2 3 1 3
-6.688795551523136e-05 0 2 0 1 0 1 1 0 2 1
-0.00044638978522680935 0 2 0 1 0 1 1 3 2 1
8.062135620042393e-07 0 2 0 1 0 1 2 0 1 1
-6.608174195322711e-05 0 2 0 1 0 1 2 0 2 2
2.1094045447593265e-05 0 2 0 1 0 1 2 3 1 1
-0.00042529573977921614 0 2 0 1 0 1 2 3 2 2
6.608174195322711e-05 0 2 0 1 0 2 1 0 1 1
-8.062135620042393e-07 0 2 0 1 0 2 1 0 2 2
0.00042529573977921614 0 2 0 1 0 2 1 3 1 1
-2.1094045447593265e-05 0 2 0 1 0 2 1 3 2 2
6.688795551523136e-05 0 2 0 1 0 2 2 0 1 2
0.00044638978522680935 0 2 0 1 0 2 2 3 1 2
-19.980979736132348 0 2 0 1 0 3 1 0 2 0
-1.655512551964377 0 2 0 1 0 3 1 0 2 3
-1.6091670039503263 0 2 0 1 0 3 1 3 2 0
0.004103772583032837 0 2 0 1 0 3 1 3 2 3
19.98097973613235 0 2 0 1 0 3 2 0 1 0
1.655512551964377 0 2 0 1 0 3 2 0 1 3
1.6091670039503263 0 2 0 1 0 3 2 3 1 0
-0.004103772583032837 0 2 0 1 0 3 2 3 1 3
-13.354097604604316 0 2 0 1 3 0 1 0 2 0
-3.3641405819746706 0 2 0 1 3 0 1 0 2 3
-1.9656735162570742 0 2 0 1 3 0 1 3 2 0
0.004927135800588773 0 2 0 1 3 0 1 3 2 3
13.354097604604316 0 2 0 1 3 0 2 0 1 0
3.364140581974671 0 2 0 1 3 0 2 0 1 3
1.9656735162570742 0 2 0 1 3 0 2 3 1 0
-0.004927135800588773 0 2 0 1 3 0 2 3 1 3
-0.00018913947047039374 0 2 0 1 3 1 1 0 2 1
-1.1708543851229078e-06 0 2 0 1 3 1 1 3 1 2
0.09966924544203386 0 2 0 1 3 1 1 3 2 1
0.00018913947047039374 0 2 0 1 3 1 2 0 1 1
-0.09963156037810598 0 2 0 1 3 1 2 3 1 1
3.6514209542748756e-05 0 2 0 1 3 1 2 3 2 2
-0.00018913947047039374 0 2 0 1 3 2 1 0 2 2
-3.6514209542748756e-05 0 2 0 1 3 2 1 3 1 1
0.09963156037810598 0 2 0 1 3 2 1 3 2 2
0.00018913947047039374 0 2 0 1 3 2 2 0 1 2
-0.09966924544203386 0 2 0 1 3 2 2 3 1 2
1.1708543851229082e-06 0 2 0 1 3 2 2 3 2 1
-1.9436863094518437 0 2 0 1 3 3 1 0 2 0
0.005734693744308399 0 2 0 1 3 3 1 0 2 3
0.004412986758469579 0 2 0 1 3 3 1 3 2 0
0.0006157083958901934 0 2 0 1 3 3 1 3 2 3
1.9436863094518437 0 2 0 1 3 3 2 0 1 0
-0.005734693744308399 0 2 0 1 3 3 2 0 1 3
-0.004412986758469579 0 2 0 1 3 3 2 3 1 0
-0.0006157083958901934 0 2 0 1 3 3 2 3 1 3
-2.8674658734665983 0 2 0 2 0 0 1 0 1 0
0.0019394767137195098 0 2 0 2 0 0 1 0 1 3
0.0020215954427089877 0 2 0 2 0 0 1 3 1 0
0.0002645568512580518 0 2 0 2 0 0 1 3 1 3
-2.8674658734665988 0 2 0 2 0 0 2 0 2 0
0.0019394767137195102 0 2 0 2 0 0 2 0 2 3
0.0020215954427089877 0 2 0 2 0 0 2 3 2 0
0.0002645568512580518 0 2 0 2 0 0 2 3 2 3
0.002604183948981907 0 2 0 2 0 3 1 0 1 0
0.00023519633113957235 0 2 0 2 0 3 1 0 1 3
0.00024079390411468966 0 2 0 2 0 3 1 3 1 0
0.002604183948981907 0 2 0 2 0 3 2 0 2 0
0.00023519633113957235 0 2 0 2 0 3 2 0 2 3
0.00024079390411468966 0 2 0 2 0 3 2 3 2 0
0.0019394767137195102 0 2 0 2 3 0 1 0 1 0
0.0004977690079425467 0 2 0 2 3 0 1 0 1 3
0.0002787438028612736 0 2 0 2 3 0 1 3 1 0
0.0019394767137195102 0 2 0 2 3 0 2 0 2 0
0.0004977690079425467 0 2 0 2 3 0 2 0 2 3
0.0002787438028612736 0 2 0 2 3 0 2 3 2 0
-1.2481445069197964e-05 0 2 0 2 3 1 1 3 1 1
-3.4813248021611387e-07 0 2 0 2 3 1 1 3 2 2
-1.5259635130781134e-06 0 2 0 2 3 1 2 3 1 2
-1.0607349075903737e-05 0 2 0 2 3 1 2 3 2 1
-1.0607349075903737e-05 0 2 0 2 3 2 1 3 1 2
-1.525963513078113e-06 0 2 0 2 3 2 1 3 2 1
-3.4813248021611387e-07 0 2 0 2 3 2 2 3 1 1
-1.2481445069197964e-05 0 2 0 2 3 2 2 3 2 2
0.00026813330184641455 0 2 0 2 3 3 1 0 1 0
0.00026813330184641455 0 2 0 2 3 3 2 0 2 0
-157.9602935626379 0 2 0 3 1 0 1 0 0 2
-23.472513414733 0 2 0 3 1 0 1 0 3 2
-21.232849241662965 0 2 0 3 1 0 1 3 0 2
0.04598162211408796 0 2 0 3 1 0 1 3 3 2
157.9602935626379 0 2 0 3 1 0 2 0 0 1
23.472513414733005 0 2 0 3 1 0 2 0 3 1
21.232849241662965 0 2 0 3 1 0 2 3 0 1
-0.04598162211408796 0 2 0 3 1 0 2 3 3 1
-0.011304674947461426 0 2 0 3 1 1 2 0 0 0
-0.0017733128539640613 0 2 0 3 1 1 2 0 0 3
5.735437295916319 0 2 0 3 1 1 2 0 3 0
-0.013327950466409909 0 2 0 3 1 1 2 0 3 3
5.237280733895052 0 2 0 3 1 1 2 3 0 0
-0.012928688679212222 0 2 0 3 1 1 2 3 0 3
38.96440780115678 0 2 0 3 1 1 2 3 3 0
6.494770507778833 0 2 0 3 1 1 2 3 3 3
0.011304674947461426 0 2 0 3 1 2 1 0 0 0
0.0017733128539640613 0 2 0 3 1 2 1 0 0 3
-5.735437295916319 0 2 0 3 1 2 1 0 3 0
0.013327950466409909 0 2 0 3 1 2 1 0 3 3
-5.237280733895053 0 2 0 3 1 2 1 3 0 0
0.012928688679212222 0 2 0 3 1 2 1 3 0 3
-38.96440780115678 0 2 0 3 1 2 1 3 3 0
-6.494770507778833 0 2 0 3 1 2 1 3 3 3
-22.221483749538805 0 2 0 3 1 3 1 0 0 2
0.05219142378158606 0 2 0 3 1 3 1 0 3 2
0.04995757762056506 0 2 0 3 1 3 1 3 0 2
0.0056820428620981064 0 2 0 3 1 3 1 3 3 2
22.22148374953881 0 2 0 3 1 3 2 0 0 1
-0.05219142378158606 0 2 0 3 1 3 2 0 3 1
-0.04995757762056506 0 2 0 3 1 3 2 3 0 1
-0.0056820428620981064 0 2 0 3 1 3 2 3 3 1
0.0010414221373613933 0 2 0 3 2 0 1 0 0 1
0.0001858096685279243 0 2 0 3 2 0 1 0 3 1
0.00014221495407356092 0 2 0 3 2 0 1 3 0 1
0.0010414221373613933 0 2 0 3 2 0 2 0 0 2
0.0001858096685279243 0 2 0 3 2 0 2 0 3 2
0.00014221495407356092 0 2 0 3 2 0 2 3 0 2
4.078192031656876e-06 0 2 0 3 2 1 1 0 3 0
5.635036419520539e-06 0 2 0 3 2 1 1 3 0 0
4.4793394829546664e-05 0 2 0 3 2 1 1 3 3 0
1.3615948211381345e-05 0 2 0 3 2 1 1 3 3 3
4.078192031656876e-06 0 2 0 3 2 2 2 0 3 0
5.635036419520539e-06 0 2 0 3 2 2 2 3 0 0
4.4793394829546664e-05 0 2 0 3 2 2 2 3 3 0
1.3615948211381454e-05 0 2 0 3 2 2 2 3 3 3
0.00014193376050890792 0 2 0 3 2 3 1 0 0 1
0.0001419337605089075 0 2 0 3 2 3 2 0 0 2
10089.187957522252 0 2 1 0 0 0 1 2 0 0
-13.354097604604313 0 2 1 0 0 0 1 2 0 3
-14.21576652164324 0 2 1 0 0 0 1 2 3 0
-1.862953617300952 0 2 1 0 0 0 1 2 3 3
-10089.187957522252 0 2 1 0 0 0 2 1 0 0
13.354097604604313 0 2 1 0 0 0 2 1 0 3
14.21576652164324 0 2 1 0 0 0 2 1 3 0
1.862953617300952 0 2 1 0 0 0 2 1 3 3
-6.688795551523136e-05 0 2 1 0 0 1 1 2 0 1
-0.0004463897852268094 0 2 1 0 0 1 1 2 3 1
8.062135620042393e-07 0 2 1 0 0 1 2 1 0 1
2.1094045447593237e-05 0 2 1 0 0 1 2 1 3 1
-6.608174195322712e-05 0 2 1 0 0 1 2 2 0 2
-0.0004252957397792162 0 2 1 0 0 1 2 2 3 2
6.608174195322712e-05 0 2 1 0 0 2 1 1 0 1
0.0004252957397792162 0 2 1 0 0 2 1 1 3 1
-8.062135620042393e-07 0 2 1 0 0 2 1 2 0 2
-2.1094045447593237e-05 0 2 1 0 0 2 1 2 3 2
6.688795551523136e-05 0 2 1 0 0 2 2 1 0 2
0.0004463897852268094 0 2 1 0 0 2 2 1 3 2
-19.980979736132348 0 2 1 0 0 3 1 2 0 0
-1.655512551964377 0 2 1 0 0 3 1 2 0 3
-1.6091670039503263 0 2 1 0 0 3 1 2 3 0
0.004103772583032837 0 2 1 0 0 3 1 2 3 3
19.98097973613235 0 2 1 0 0 3 2 1 0 0
1.655512551964377 0 2 1 0 0 3 2 1 0 3
1.6091670039503263 0 2 1 0 0 3 2 1 3 0
-0.004103772583032837 0 2 1 0 0 3 2 1 3 3
-13.354097604604316 0 2 1 0 3 0 1 2 0 0
-3.3641405819746706 0 2 1 0 3 0 1 2 0 3
-1.965673516257074 0 2 1 0 3 0 1 2 3 0
0.004927135800588773 0 2 1 0 3 0 1 2 3 3
13.354097604604316 0 2 1 0 3 0 2 1 0 0
3.364140581974671 0 2 1 0 3 0 2 1 0 3
1.965673516257074 0 2 1 0 3 0 2 1 3 0
-0.004927135800588773 0 2 1 0 3 0 2 1 3 3
-1.1708543851229078e-06 0 2 1 0 3 1 1 1 3 2
-0.00018913947047039374 0 2 1 0 3 1 1 2 0 1
0.09966924544203386 0 2 1 0 3 1 1 2 3 1
0.00018913947047039374 0 2 1 0 3 1 2 1 0 1
-0.09963156037810598 0 2 1 0 3 1 2 1 3 1
3.6514209542748756e-05 0 2 1 0 3 1 2 2 3 2
-3.6514209542748756e-05 0 2 1 0 3 2 1 1 3 1
-0.00018913947047039374 0 2 1 0 3 2 1 2 0 2
0.09963156037810598 0 2 1 0 3 2 1 2 3 2
0.00018913947047039374 0 2 1 0 3 2 2 1 0 2
-0.09966924544203386 0 2 1 0 3 2 2 1 3 2
1.1708543851229082e-06 0 2 1 0 3 2 2 2 3 1
-1.9436863094518437 0 2 1 0 3 3 1 2 0 0
0.005734693744308399 0 2 1 0 3 3 1 2 0 3
0.0044129867584695795 0 2 1 0 3 3 1 2 3 0
0.0006157083958901934 0 2 1 0 3 3 1 2 3 3
1.9436863094518437 0 2 1 0 3 3 2 1 0 0
-0.005734693744308399 0 2 1 0 3 3 2 1 0 3
-0.0044129867584695795 0 2 1 0 3 3 2 1 3 0
-0.0006157083958901934 0 2 1 0 3 3 2 1 3 3
9.912174634910245e-05 0 2 1 1 1 0 1 1 1 2
1.2407191606107416e-05 0 2 1 1 1 0 1 1 2 1
1.240719160610743e-05 0 2 1 1 1 0 1 2 1 1
0.00012393612956131724 0 2 1 1 1 0 1 2 2 2
-0.00012393612956131724 0 2 1 1 1 0 2 1 1 1
-1.240719160610743e-05 0 2 1 1 1 0 2 1 2 2
-1.2407191606107416e-05 0 2 1 1 1 0 2 2 1 2
-9.91217463491024e-05 0 2 1 1 1 0 2 2 2 1
3.8633106608956036e-06 0 2 1 1 1 1 1 1 2 0
3.863310660895602e-06 0 2 1 1 1 1 1 2 1 0
-2.5298755421741275e-05 0 2 1 1 1 1 2 1 1 0
-1.7572134099950058e-05 0 2 1 1 1 1 2 2 2 0
1.7572134099950058e-05 0 2 1 1 1 2 1 1 1 0
2.529875542174129e-05 0 2 1 1 1 2 1 2 2 0
-3.863310660895602e-06 0 2 1 1 1 2 2 1 2 0
-3.8633106608956e-06 0 2 1 1 1 2 2 2 1 0
2.236005704603884e-06 0 2 1 1 2 0 1 1 1 1
0.10270749176451616 0 2 1 1 2 0 1 1 2 2
0.10270749176451616 0 2 1 1 2 0 1 2 1 2
-0.2054127475233277 0 2 1 1 2 0 1 2 2 1
-0.2054127475233277 0 2 1 1 2 0 2 1 1 2
0.10270749176451616 0 2 1 1 2 0 2 1 2 1
0.10270749176451616 0 2 1 1 2 0 2 2 1 1
2.2360057046038843e-06 0 2 1 1 2 0 2 2 2 2
8.085737846537209e-07 0 2 1 1 2 1 1 1 1 0
0.05794012139442762 0 2 1 1 2 1 1 2 2 0
-3.199806825784577e-05 0 2 1 1 2 1 1 2 2 3
-0.028969656410321495 0 2 1 1 2 1 2 1 2 0
1.599903412892288e-05 0 2 1 1 2 1 2 1 2 3
-0.028969656410321495 0 2 1 1 2 1 2 2 1 0
1.599903412892288e-05 0 2 1 1 2 1 2 2 1 3
-0.028969656410321495 0 2 1 1 2 2 1 1 2 0
1.599903412892288e-05 0 2 1 1 2 2 1 1 2 3
-0.028969656410321495 0 2 1 1 2 2 1 2 1 0
1.599903412892288e-05 0 2 1 1 2 2 1 2 1 3
0.05794012139442761 0 2 1 1 2 2 2 1 1 0
-3.199806825784577e-05 0 2 1 1 2 2 2 1 1 3
8.085737846537213e-07 0 2 1 1 2 2 2 2 2 0
-0.00010082651340204577 0 2 1 1 2 3 1 1 2 2
-0.00010082651340204577 0 2 1 1 2 3 1 2 1 2
0.0002016530268040916 0 2 1 1 2 3 1 2 2 1
0.0002016530268040916 0 2 1 1 2 3 2 1 1 2
-0.00010082651340204577 0 2 1 1 2 3 2 1 2 1
-0.00010082651340204577 0 2 1 1 2 3 2 2 1 1
-1.1180028523019299e-06 0 2 1 2 1 0 1 1 1 1
1.068477781651336 0 2 1 2 1 0 1 1 2 2
-1.1711863914187046 0 2 1 2 1 0 1 2 1 2
0.10270749176451616 0 2 1 2 1 0 1 2 2 1
0.10270749176451616 0 2 1 2 1 0 2 1 1 2
-1.1711863914187044 0 2 1 2 1 0 2 1 2 1
1.068477781651336 0 2 1 2 1 0 2 2 1 1
-1.1180028523019299e-06 0 2 1 2 1 0 2 2 2 2
-4.0428689232686237e-07 0 2 1 2 1 1 1 1 1 0
-0.02896899457676876 0 2 1 2 1 1 1 2 2 0
1.599903412892288e-05 0 2 1 2 1 1 1 2 2 3
-0.23459398586569571 0 2 1 2 1 1 2 1 2 0
0.00019163137653438272 0 2 1 2 1 1 2 1 2 3
0.26356257615557216 0 2 1 2 1 1 2 2 1 0
-0.00020763041066330562 0 2 1 2 1 1 2 2 1 3
0.26356257615557216 0 2 1 2 1 2 1 1 2 0
-0.00020763041066330562 0 2 1 2 1 2 1 1 2 3
-0.23459398586569571 0 2 1 2 1 2 1 2 1 0
0.00019163137653438272 0 2 1 2 1 2 1 2 1 3
-0.02896899457676876 0 2 1 2 1 2 2 1 1 0
1.599903412892288e-05 0 2 1 2 1 2 2 1 1 3
-4.0428689232686237e-07 0 2 1 2 1 2 2 2 2 0
-0.001066509823809469 0 2 1 2 1 3 1 1 2 2
0.0011673363372115145 0 2 1 2 1 3 1 2 1 2
-0.00010082651340204577 0 2 1 2 1 3 1 2 2 1
-0.00010082651340204577 0 2 1 2 1 3 2 1 1 2
0.0011673363372115145 0 2 1 2 1 3 2 1 2 1
-0.001066509823809469 0 2 1 2 1 3 2 2 1 1
-1.3068948750920004e-05 0 2 1 2 2 0 1 1 1 2
-9.059287048667499e-06 0 2 1 2 2 0 1 1 2 1
3.4535427405694875e-05 0 2 1 2 2 0 1 2 1 1
1.2407191606107423e-05 0 2 1 2 2 0 1 2 2 2
-1.2407191606107416e-05 0 2 1 2 2 0 2 1 1 1
-3.453542740569485e-05 0 2 1 2 2 0 2 1 2 2
9.059287048667499e-06 0 2 1 2 2 0 2 2 1 2
1.3068948750920004e-05 0 2 1 2 2 0 2 2 2 1
-1.167604153325916e-06 0 2 1 2 2 1 1 1 2 0
-2.7244485411897772e-06 0 2 1 2 2 1 1 2 1 0
1.8639881558092065e-07 0 2 1 2 2 1 2 1 1 0
-3.7056538789347666e-06 0 2 1 2 2 1 2 2 2 0
3.70565387893477e-06 0 2 1 2 2 2 1 1 1 0
-1.8639881558091896e-07 0 2 1 2 2 2 1 2 2 0
2.724448541189774e-06 0 2 1 2 2 2 2 1 2 0
1.167604153325916e-06 0 2 1 2 2 2 2 2 1 0
-14.215766521643241 0 2 1 3 0 0 1 2 0 0
-1.9656735162570742 0 2 1 3 0 0 1 2 0 3
-2.1993035375666956 0 2 1 3 0 0 1 2 3 0
0.004176785374235794 0 2 1 3 0 0 1 2 3 3
14.215766521643241 0 2 1 3 0 0 2 1 0 0
1.9656735162570742 0 2 1 3 0 0 2 1 0 3
2.199303537566695 0 2 1 3 0 0 2 1 3 0
-0.004176785374235794 0 2 1 3 0 0 2 1 3 3
-3.8582878473771554e-06 0 2 1 3 0 1 1 1 3 2
-0.0004303907510978866 0 2 1 3 0 1 1 2 0 1
0.45657167409087723 0 2 1 3 0 1 1 2 3 1
5.095011318670384e-06 0 2 1 3 0 1 2 1 0 1
0.14687263324123837 0 2 1 3 0 1 2 1 3 1
-0.0004252957397792162 0 2 1 3 0 1 2 2 0 2
0.6034404490442682 0 2 1 3 0 1 2 2 3 2
0.0004252957397792162 0 2 1 3 0 2 1 1 0 1
-0.6034404490442682 0 2 1 3 0 2 1 1 3 1
-5.095011318670384e-06 0 2 1 3 0 2 1 2 0 2
-0.1468726332412384 0 2 1 3 0 2 1 2 3 2
0.0004303907510978866 0 2 1 3 0 2 2 1 0 2
-0.4565716740908773 0 2 1 3 0 2 2 1 3 2
3.858287847377162e-06 0 2 1 3 0 2 2 2 3 1
-1.9751364077428044 0 2 1 3 0 3 1 2 0 0
0.004446010108242547 0 2 1 3 0 3 1 2 0 3
0.004736873403231626 0 2 1 3 0 3 1 2 3 0
0.0005259526375204542 0 2 1 3 0 3 1 2 3 3
1.9751364077428044 0 2 1 3 0 3 2 1 0 0
-0.004446010108242547 0 2 1 3 0 3 2 1 0 3
-0.004736873403231626 0 2 1 3 0 3 2 1 3 0
-0.0005259526375204542 0 2 1 3 0 3 2 1 3 3
-1.8629536173009522 0 2 1 3 3 0 1 2 0 0
0.004927135800588773 0 2 1 3 3 0 1 2 0 3
0.004176785374235795 0 2 1 3 3 0 1 2 3 0
0.0007384638027937546 0 2 1 3 3 0 1 2 3 3
1.8629536173009522 0 2 1 3 3 0 2 1 0 0
-0.004927135800588773 0 2 1 3 3 0 2 1 0 3
-0.004176785374235795 0 2 1 3 3 0 2 1 3 0
-0.0007384638027937546 0 2 1 3 3 0 2 1 3 3
-1.8326879378559192e-06 0 2 1 3 3 1 1 1 0 2
1.7934975883345885e-05 0 2 1 3 3 1 1 1 3 2
0.07070411417592602 0 2 1 3 3 1 1 2 0 1
0.6254603638625486 0 2 1 3 3 1 1 2 3 1
-0.07066171756896894 0 2 1 3 3 1 2 1 0 1
-0.6250232709926092 0 2 1 3 3 1 2 1 3 1
4.056391901922528e-05 0 2 1 3 3 1 2 2 0 2
0.0004550278458226823 0 2 1 3 3 1 2 2 3 2
-4.056391901922528e-05 0 2 1 3 3 2 1 1 0 1
-0.0004550278458226823 0 2 1 3 3 2 1 1 3 1
0.07066171756896893 0 2 1 3 3 2 1 2 0 2
0.6250232709926092 0 2 1 3 3 2 1 2 3 2
-0.07070411417592601 0 2 1 3 3 2 2 1 0 2
-0.6254603638625484 0 2 1 3 3 2 2 1 3 2
1.8326879378559192e-06 0 2 1 3 3 2 2 2 0 1
-1.793497588334588e-05 0 2 1 3 3 2 2 2 3 1
0.0045535712568751975 0 2 1 3 3 3 1 2 0 0
0.0006779050259368432 0 2 1 3 3 3 1 2 0 3
0.00056019962529268 0 2 1 3 3 3 1 2 3 0
-0.0045535712568751975 0 2 1 3 3 3 2 1 0 0
-0.0006779050259368432 0 2 1 3 3 3 2 1 0 3
-0.00056019962529268 0 2 1 3 3 3 2 1 3 0
-2.8674658734665983 0 2 2 0 0 0 1 1 0 0
0.0019394767137195102 0 2 2 0 0 0 1 1 0 3
0.0020215954427089873 0 2 2 0 0 0 1 1 3 0
0.0002645568512580518 0 2 2 0 0 0 1 1 3 3
-2.8674658734665988 0 2 2 0 0 0 2 2 0 0
0.0019394767137195102 0 2 2 0 0 0 2 2 0 3
0.0020215954427089873 0 2 2 0 0 0 2 2 3 0
0.0002645568512580518 0 2 2 0 0 0 2 2 3 3
0.0026041839489819073 0 2 2 0 0 3 1 1 0 0
0.00023519633113957235 0 2 2 0 0 3 1 1 0 3
0.00024079390411468966 0 2 2 0 0 3 1 1 3 0
0.0026041839489819073 0 2 2 0 0 3 2 2 0 0
0.00023519633113957246 0 2 2 0 0 3 2 2 0 3
0.00024079390411468977 0 2 2 0 0 3 2 2 3 0
0.00193947671371951 0 2 2 0 3 0 1 1 0 0
0.0004977690079425467 0 2 2 0 3 0 1 1 0 3
0.0002787438028612736 0 2 2 0 3 0 1 1 3 0
0.00193947671371951 0 2 2 0 3 0 2 2 0 0
0.0004977690079425469 0 2 2 0 3 0 2 2 0 3
0.0002787438028612736 0 2 2 0 3 0 2 2 3 0
-1.2481445069197957e-05 0 2 2 0 3 1 1 1 3 1
-3.4813248021611387e-07 0 2 2 0 3 1 1 2 3 2
-1.5259635130781138e-06 0 2 2 0 3 1 2 1 3 2
-1.0607349075903737e-05 0 2 2 0 3 1 2 2 3 1
-1.0607349075903737e-05 0 2 2 0 3 2 1 1 3 2
-1.5259635130781138e-06 0 2 2 0 3 2 1 2 3 1
-3.4813248021611387e-07 0 2 2 0 3 2 2 1 3 1
-1.2481445069197957e-05 0 2 2 0 3 2 2 2 3 2
0.00026813330184641455 0 2 2 0 3 3 1 1 0 0
0.00026813330184641466 0 2 2 0 3 3 2 2 0 0
-1.1180028523019299e-06 0 2 2 1 1 0 1 1 1 1
-1.1711863914187046 0 2 2 1 1 0 1 1 2 2
1.068477781651336 0 2 2 1 1 0 1 2 1 2
0.10270749176451616 0 2 2 1 1 0 1 2 2 1
0.10270749176451616 0 2 2 1 1 0 2 1 1 2
1.068477781651336 0 2 2 1 1 0 2 1 2 1
-1.1711863914187044 0 2 2 1 1 0 2 2 1 1
-1.1180028523019299e-06 0 2 2 1 1 0 2 2 2 2
-4.0428689232686237e-07 0 2 2 1 1 1 1 1 1 0
-0.02896899457676876 0 2 2 1 1 1 1 2 2 0
1.599903412892288e-05 0 2 2 1 1 1 1 2 2 3
0.2635625761555722 0 2 2 1 1 1 2 1 2 0
-0.00020763041066330562 0 2 2 1 1 1 2 1 2 3
-0.2345939858656957 0 2 2 1 1 1 2 2 1 0
0.00019163137653438272 0 2 2 1 1 1 2 2 1 3
-0.23459398586569574 0 2 2 1 1 2 1 1 2 0
0.00019163137653438272 0 2 2 1 1 2 1 1 2 3
0.2635625761555722 0 2 2 1 1 2 1 2 1 0
-0.00020763041066330562 0 2 2 1 1 2 1 2 1 3
-0.02896899457676876 0 2 2 1 1 2 2 1 1 0
1.599903412892288e-05 0 2 2 1 1 2 2 1 1 3
-4.0428689232686237e-07 0 2 2 1 1 2 2 2 2 0
0.0011673363372115145 0 2 2 1 1 3 1 1 2 2
-0.001066509823809469 0 2 2 1 1 3 1 2 1 2
-0.00010082651340204577 0 2 2 1 1 3 1 2 2 1
-0.00010082651340204577 0 2 2 1 1 3 2 1 1 2
-0.001066509823809469 0 2 2 1 1 3 2 1 2 1
0.0011673363372115145 0 2 2 1 1 3 2 2 1 1
-1.3068948750920008e-05 0 2 2 1 2 0 1 1 1 2
3.4535427405694875e-05 0 2 2 1 2 0 1 1 2 1
-9.059287048667499e-06 0 2 2 1 2 0 1 2 1 1
1.240719160610742e-05 0 2 2 1 2 0 1 2 2 2
-1.240719160610742e-05 0 2 2 1 2 0 2 1 1 1
9.059287048667499e-06 0 2 2 1 2 0 2 1 2 2
-3.4535427405694875e-05 0 2 2 1 2 0 2 2 1 2
1.3068948750920004e-05 0 2 2 1 2 0 2 2 2 1
-2.7244485411897772e-06 0 2 2 1 2 1 1 1 2 0
-1.167604153325916e-06 0 2 2 1 2 1 1 2 1 0
1.8639881558091988e-07 0 2 2 1 2 1 2 1 1 0
-3.70565387893477e-06 0 2 2 1 2 1 2 2 2 0
3.7056538789347666e-06 0 2 2 1 2 2 1 1 1 0
-1.863988155809182e-07 0 2 2 1 2 2 1 2 2 0
1.167604153325916e-06 0 2 2 1 2 2 2 1 2 0
2.724448541189774e-06 0 2 2 1 2 2 2 2 1 0
0.00012525964385094247 0 2 2 2 1 0 1 1 1 2
-1.3068948750920004e-05 0 2 2 2 1 0 1 1 2 1
-1.3068948750920004e-05 0 2 2 2 1 0 1 2 1 1
9.912174634910245e-05 0 2 2 2 1 0 1 2 2 2
-9.912174634910245e-05 0 2 2 2 1 0 2 1 1 1
1.3068948750920004e-05 0 2 2 2 1 0 2 1 2 2
1.3068948750920004e-05 0 2 2 2 1 0 2 2 1 2
-0.00012525964385094247 0 2 2 2 1 0 2 2 2 1
7.75536335541129e-06 0 2 2 2 1 1 1 1 2 0
7.755363355411288e-06 0 2 2 2 1 1 1 2 1 0
-2.56715530529031e-05 0 2 2 2 1 1 2 1 1 0
-1.016082634208052e-05 0 2 2 2 1 1 2 2 2 0
1.016082634208052e-05 0 2 2 2 1 2 1 1 1 0
2.56715530529031e-05 0 2 2 2 1 2 1 2 2 0
-7.75536335541129e-06 0 2 2 2 1 2 2 1 2 0
-7.755363355411285e-06 0 2 2 2 1 2 2 2 1 0
-1.1180028523019299e-06 0 2 2 2 2 0 1 1 2 2
-1.1180028523019299e-06 0 2 2 2 2 0 1 2 1 2
2.2360057046038835e-06 0 2 2 2 2 0 1 2 2 1
2.2360057046038835e-06 0 2 2 2 2 0 2 1 1 2
-1.1180028523019299e-06 0 2 2 2 2 0 2 1 2 1
-1.1180028523019299e-06 0 2 2 2 2 0 2 2 1 1
2.13224089011974e-06 0 2 2 2 2 1 1 2 2 0
-1.0661204450598702e-06 0 2 2 2 2 1 2 1 2 0
-1.0661204450598719e-06 0 2 2 2 2 1 2 2 1 0
-1.0661204450598719e-06 0 2 2 2 2 2 1 1 2 0
-1.0661204450598702e-06 0 2 2 2 2 2 1 2 1 0
2.13224089011974e-06 0 2 2 2 2 2 2 1 1 0
0.0020215954427089877 0 2 2 3 0 0 1 1 0 0
0.0002787438028612736 0 2 2 3 0 0 1 1 0 3
0.0003220305579064831 0 2 2 3 0 0 1 1 3 0
0.0020215954427089877 0 2 2 3 0 0 2 2 0 0
0.0002787438028612736 0 2 2 3 0 0 2 2 0 3
0.0003220305579064831 0 2 2 3 0 0 2 2 3 0
1.514570383350319e-06 0 2 2 3 0 1 1 1 3 1
6.623814071646774e-06 0 2 2 3 0 1 1 2 3 2
-3.0159604047836158e-05 0 2 2 3 0 1 2 1 3 2
2.50503603595397e-05 0 2 2 3 0 1 2 2 3 1
2.50503603595397e-05 0 2 2 3 0 2 1 1 3 2
-3.0159604047836158e-05 0 2 2 3 0 2 1 2 3 1
6.62381407164676e-06 0 2 2 3 0 2 2 1 3 1
1.514570383350319e-06 0 2 2 3 0 2 2 2 3 2
0.00027711436451577115 0 2 2 3 0 3 1 1 0 0
0.00027711436451577115 0 2 2 3 0 3 2 2 0 0
0.00026455685125805167 0 2 2 3 3 0 1 1 0 0
0.00026455685125805167 0 2 2 3 3 0 2 2 0 0
-5.130368606113521e-06 0 2 2 3 3 1 1 1 0 1
-0.00014819255805537045 0 2 2 3 3 1 1 1 3 1
3.1370107251689564e-07 0 2 2 3 3 1 1 2 0 2
-2.698705932232867e-05 0 2 2 3 3 1 1 2 3 2
2.523745963398412e-06 0 2 2 3 3 1 2 1 0 2
-7.285905408044606e-05 0 2 2 3 3 1 2 1 3 2
-7.96781564202883e-06 0 2 2 3 3 1 2 2 0 1
-4.8346444652595696e-05 0 2 2 3 3 1 2 2 3 1
-7.96781564202883e-06 0 2 2 3 3 2 1 1 0 2
-4.8346444652595696e-05 0 2 2 3 3 2 1 1 3 2
2.523745963398412e-06 0 2 2 3 3 2 1 2 0 1
-7.285905408044608e-05 0 2 2 3 3 2 1 2 3 1
3.1370107251689564e-07 0 2 2 3 3 2 2 1 0 1
-2.698705932232867e-05 0 2 2 3 3 2 2 1 3 1
-5.130368606113524e-06 0 2 2 3 3 2 2 2 0 2
-0.00014819255805537045 0 2 2 3 3 2 2 2 3 2
-157.9602935626379 0 2 3 0 1 0 1 0 0 2
-21.232849241662965 0 2 3 0 1 0 1 0 3 2
-23.472513414733 0 2 3 0 1 0 1 3 0 2
0.045981622114087954 0 2 3 0 1 0 1 3 3 2
157.96029356263787 0 2 3 0 1 0 2 0 0 1
21.232849241662965 0 2 3 0 1 0 2 0 3 1
23.472513414733005 0 2 3 0 1 0 2 3 0 1
-0.045981622114087954 0 2 3 0 1 0 2 3 3 1
-0.011304674947461426 0 2 3 0 1 1 2 0 0 0
-0.0017733128539640613 0 2 3 0 1 1 2 0 0 3
5.237280733895052 0 2 3 0 1 1 2 0 3 0
-0.012928688679212222 0 2 3 0 1 1 2 0 3 3
5.735437295916319 0 2 3 0 1 1 2 3 0 0
-0.013327950466409912 0 2 3 0 1 1 2 3 0 3
38.96440780115678 0 2 3 0 1 1 2 3 3 0
6.494770507778833 0 2 3 0 1 1 2 3 3 3
0.011304674947461426 0 2 3 0 1 2 1 0 0 0
0.0017733128539640613 0 2 3 0 1 2 1 0 0 3
-5.237280733895053 0 2 3 0 1 2 1 0 3 0
0.012928688679212222 0 2 3 0 1 2 1 0 3 3
-5.735437295916319 0 2 3 0 1 2 1 3 0 0
0.013327950466409912 0 2 3 0 1 2 1 3 0 3
-38.96440780115678 0 2 3 0 1 2 1 3 3 0
-6.494770507778833 0 2 3 0 1 2 1 3 3 3
-22.22148374953881 0 2 3 0 1 3 1 0 0 2
0.049957577620565075 0 2 3 0 1 3 1 0 3 2
0.05219142378158605 0 2 3 0 1 3 1 3 0 2
0.0056820428620981064 0 2 3 0 1 3 1 3 3 2
22.22148374953881 0 2 3 0 1 3 2 0 0 1
-0.049957577620565075 0 2 3 0 1 3 2 0 3 1
-0.05219142378158605 0 2 3 0 1 3 2 3 0 1
-0.0056820428620981064 0 2 3 0 1 3 2 3 3 1
0.0010414221373613863 0 2 3 0 2 0 1 0 0 1
0.00014221495407356065 0 2 3 0 2 0 1 0 3 1
0.0001858096685279243 0 2 3 0 2 0 1 3 0 1
0.0010414221373613863 0 2 3 0 2 0 2 0 0 2
0.00014221495407356065 0 2 3 0 2 0 2 0 3 2
0.0001858096685279243 0 2 3 0 2 0 2 3 0 2
5.635036419520539e-06 0 2 3 0 2 1 1 0 3 0
4.0781920316566595e-06 0 2 3 0 2 1 1 3 0 0
4.4793394829549266e-05 0 2 3 0 2 1 1 3 3 0
1.3615948211381454e-05 0 2 3 0 2 1 1 3 3 3
5.635036419520539e-06 0 2 3 0 2 2 2 0 3 0
4.0781920316566595e-06 0 2 3 0 2 2 2 3 0 0
4.4793394829549266e-05 0 2 3 0 2 2 2 3 3 0
1.3615948211381454e-05 0 2 3 0 2 2 2 3 3 3
0.0001419337605089075 0 2 3 0 2 3 1 0 0 1
0.0001419337605089075 0 2 3 0 2 3 2 0 0 2
-14.215766521643236 0 2 3 1 0 0 1 0 2 0
-1.9656735162570742 0 2 3 1 0 0 1 0 2 3
-2.199303537566695 0 2 3 1 0 0 1 3 2 0
0.004176785374235794 0 2 3 1 0 0 1 3 2 3
14.215766521643236 0 2 3 1 0 0 2 0 1 0
1.9656735162570742 0 2 3 1 0 0 2 0 1 3
2.199303537566695 0 2 3 1 0 0 2 3 1 0
-0.004176785374235794 0 2 3 1 0 0 2 3 1 3
-0.0004303907510978865 0 2 3 1 0 1 1 0 2 1
-3.8582878473771554e-06 0 2 3 1 0 1 1 3 1 2
0.45657167409087723 0 2 3 1 0 1 1 3 2 1
5.0950113186704114e-06 0 2 3 1 0 1 2 0 1 1
-0.00042529573977921614 0 2 3 1 0 1 2 0 2 2
0.14687263324123837 0 2 3 1 0 1 2 3 1 1
0.6034404490442682 0 2 3 1 0 1 2 3 2 2
0.00042529573977921614 0 2 3 1 0 2 1 0 1 1
-5.0950113186704114e-06 0 2 3 1 0 2 1 0 2 2
-0.6034404490442682 0 2 3 1 0 2 1 3 1 1
-0.14687263324123837 0 2 3 1 0 2 1 3 2 2
0.0004303907510978865 0 2 3 1 0 2 2 0 1 2
-0.4565716740908773 0 2 3 1 0 2 2 3 1 2
3.858287847377162e-06 0 2 3 1 0 2 2 3 2 1
-1.9751364077428044 0 2 3 1 0 3 1 0 2 0
0.004446010108242547 0 2 3 1 0 3 1 0 2 3
0.004736873403231625 0 2 3 1 0 3 1 3 2 0
0.0005259526375204542 0 2 3 1 0 3 1 3 2 3
1.9751364077428044 0 2 3 1 0 3 2 0 1 0
-0.004446010108242547 0 2 3 1 0 3 2 0 1 3
-0.004736873403231625 0 2 3 1 0 3 2 3 1 0
-0.0005259526375204542 0 2 3 1 0 3 2 3 1 3
-1.8629536173009522 0 2 3 1 3 0 1 0 2 0
0.004927135800588773 0 2 3 1 3 0 1 0 2 3
0.004176785374235794 0 2 3 1 3 0 1 3 2 0
0.0007384638027937546 0 2 3 1 3 0 1 3 2 3
1.8629536173009522 0 2 3 1 3 0 2 0 1 0
-0.004927135800588773 0 2 3 1 3 0 2 0 1 3
-0.004176785374235794 0 2 3 1 3 0 2 3 1 0
-0.0007384638027937546 0 2 3 1 3 0 2 3 1 3
-1.8326879378559192e-06 0 2 3 1 3 1 1 0 1 2
0.07070411417592604 0 2 3 1 3 1 1 0 2 1
1.7934975883345885e-05 0 2 3 1 3 1 1 3 1 2
0.6254603638625486 0 2 3 1 3 1 1 3 2 1
-0.07066171756896895 0 2 3 1 3 1 2 0 1 1
4.056391901922528e-05 0 2 3 1 3 1 2 0 2 2
-0.6250232709926092 0 2 3 1 3 1 2 3 1 1
0.0004550278458226822 0 2 3 1 3 1 2 3 2 2
-4.056391901922528e-05 0 2 3 1 3 2 1 0 1 1
0.07066171756896895 0 2 3 1 3 2 1 0 2 2
-0.0004550278458226822 0 2 3 1 3 2 1 3 1 1
0.6250232709926092 0 2 3 1 3 2 1 3 2 2
-0.07070411417592602 0 2 3 1 3 2 2 0 1 2
1.8326879378559192e-06 0 2 3 1 3 2 2 0 2 1
-0.6254603638625484 0 2 3 1 3 2 2 3 1 2
-1.793497588334588e-05 0 2 3 1 3 2 2 3 2 1
0.0045535712568751975 0 2 3 1 3 3 1 0 2 0
0.0006779050259368432 0 2 3 1 3 3 1 0 2 3
0.0005601996252926801 0 2 3 1 3 3 1 3 2 0
-0.0045535712568751975 0 2 3 1 3 3 2 0 1 0
-0.0006779050259368432 0 2 3 1 3 3 2 0 1 3
-0.0005601996252926801 0 2 3 1 3 3 2 3 1 0
0.0020215954427089877 0 2 3 2 0 0 1 0 1 0
0.0002787438028612736 0 2 3 2 0 0 1 0 1 3
0.00032203055790648306 0 2 3 2 0 0 1 3 1 0
0.0020215954427089877 0 2 3 2 0 0 2 0 2 0
0.0002787438028612736 0 2 3 2 0 0 2 0 2 3
0.00032203055790648306 0 2 3 2 0 0 2 3 2 0
1.514570383350319e-06 0 2 3 2 0 1 1 3 1 1
6.623814071646774e-06 0 2 3 2 0 1 1 3 2 2
-3.0159604047836165e-05 0 2 3 2 0 1 2 3 1 2
2.5050360359539706e-05 0 2 3 2 0 1 2 3 2 1
2.5050360359539693e-05 0 2 3 2 0 2 1 3 1 2
-3.0159604047836165e-05 0 2 3 2 0 2 1 3 2 1
6.62381407164676e-06 0 2 3 2 0 2 2 3 1 1
1.514570383350319e-06 0 2 3 2 0 2 2 3 2 2
0.00027711436451577115 0 2 3 2 0 3 1 0 1 0
0.00027711436451577115 0 2 3 2 0 3 2 0 2 0
0.00026455685125805167 0 2 3 2 3 0 1 0 1 0
0.00026455685125805167 0 2 3 2 3 0 2 0 2 0
-5.130368606113523e-06 0 2 3 2 3 1 1 0 1 1
3.1370107251689564e-07 0 2 3 2 3 1 1 0 2 2
-0.0001481925580553704 0 2 3 2 3 1 1 3 1 1
-2.698705932232867e-05 0 2 3 2 3 1 1 3 2 2
2.5237459633984126e-06 0 2 3 2 3 1 2 0 1 2
-7.967815642028829e-06 0 2 3 2 3 1 2 0 2 1
-7.285905408044603e-05 0 2 3 2 3 1 2 3 1 2
-4.834644465259564e-05 0 2 3 2 3 1 2 3 2 1
-7.967815642028829e-06 0 2 3 2 3 2 1 0 1 2
2.5237459633984117e-06 0 2 3 2 3 2 1 0 2 1
-4.834644465259564e-05 0 2 3 2 3 2 1 3 1 2
-7.285905408044606e-05 0 2 3 2 3 2 1 3 2 1
3.1370107251689564e-07 0 2 3 2 3 2 2 0 1 1
-5.130368606113523e-06 0 2 3 2 3 2 2 0 2 2
-2.698705932232867e-05 0 2 3 2 3 2 2 3 1 1
-0.0001481925580553704 0 2 3 2 3 2 2 3 2 2
-20.164272338265285 0 2 3 3 1 0 1 0 0 2
0.04598162211408796 0 2 3 3 1 0 1 0 3 2
0.045981622114087954 0 2 3 3 1 0 1 3 0 2
0.006362224194933473 0 2 3 3 1 0 1 3 3 2
20.164272338265285 0 2 3 3 1 0 2 0 0 1
-0.04598162211408796 0 2 3 3 1 0 2 0 3 1
-0.045981622114087954 0 2 3 3 1 0 2 3 0 1
-0.006362224194933473 0 2 3 3 1 0 2 3 3 1
4.973658495722851 0 2 3 3 1 1 2 0 0 0
-0.012295762528769702 0 2 3 3 1 1 2 0 0 3
38.96387991425688 0 2 3 3 1 1 2 0 3 0
5.891299899130518 0 2 3 3 1 1 2 0 3 3
38.96387991425688 0 2 3 3 1 1 2 3 0 0
5.891299899130517 0 2 3 3 1 1 2 3 0 3
-27650.437956518606 0 2 3 3 1 1 2 3 3 0
43.54716550167344 0 2 3 3 1 1 2 3 3 3
-4.973658495722851 0 2 3 3 1 2 1 0 0 0
0.012295762528769702 0 2 3 3 1 2 1 0 0 3
-38.963879914256886 0 2 3 3 1 2 1 0 3 0
-5.891299899130518 0 2 3 3 1 2 1 0 3 3
-38.963879914256886 0 2 3 3 1 2 1 3 0 0
-5.891299899130517 0 2 3 3 1 2 1 3 0 3
27650.437956518606 0 2 3 3 1 2 1 3 3 0
-43.54716550167345 0 2 3 3 1 2 1 3 3 3
0.05181314086594957 0 2 3 3 1 3 1 0 0 2
0.006137890168516643 0 2 3 3 1 3 1 0 3 2
0.006137890168516643 0 2 3 3 1 3 1 3 0 2
-0.05181314086594957 0 2 3 3 1 3 2 0 0 1
-0.006137890168516643 0 2 3 3 1 3 2 0 3 1
-0.006137890168516643 0 2 3 3 1 3 2 3 0 1
0.00013539167272949744 0 2 3 3 2 0 1 0 0 1
0.00013539167272949744 0 2 3 3 2 0 2 0 0 2
7.456826468920405e-06 0 2 3 3 2 1 1 0 0 0
5.384547826852923e-05 0 2 3 3 2 1 1 0 3 0
1.0850421987111886e-05 0 2 3 3 2 1 1 0 3 3
5.384547826852966e-05 0 2 3 3 2 1 1 3 0 0
1.0850421987111886e-05 0 2 3 3 2 1 1 3 0 3
-0.07069556768372376 0 2 3 3 2 1 1 3 3 0
0.00010620771149879096 0 2 3 3 2 1 1 3 3 3
7.456826468920405e-06 0 2 3 3 2 2 2 0 0 0
5.384547826852923e-05 0 2 3 3 2 2 2 0 3 0
1.0850421987111832e-05 0 2 3 3 2 2 2 0 3 3
5.384547826852966e-05 0 2 3 3 2 2 2 3 0 0
1.085042198711194e-05 0 2 3 3 2 2 2 3 0 3
-0.07069556768372376 0 2 3 3 2 2 2 3 3 0
0.00010620771149879096 0 2 3 3 2 2 2 3 3 3
1587142.8473322203 0 3 0 0 0 0 0 0 0 0
237799.0537191946 0 3 0 0 0 0 0 0 0 3
210473.31993668902 0 3 0 0 0 0 0 0 3 0
-913.333649140913 0 3 0 0 0 0 0 0 3 3
210473.319936689 0 3 0 0 0 0 0 3 0 0
-913.333649140913 0 3 0 0 0 0 0 3 0 3
-885.5674380328983 0 3 0 0 0 0 0 3 3 0
-121.19100896633458 0 3 0 0 0 0 0 3 3 3
234434.05488383473 0 3 0 0 0 0 3 0 0 0
-836.6381045927161 0 3 0 0 0 0 3 0 0 3
-924.7022447742801 0 3 0 0 0 0 3 0 3 0
-110.89655949118902 0 3 0 0 0 0 3 0 3 3
-924.70224477428 0 3 0 0 0 0 3 3 0 0
-110.89655949118902 0 3 0 0 0 0 3 3 0 3
-119.0426661025288 0 3 0 0 0 0 3 3 3 0
0.39579293073182836 0 3 0 0 0 0 3 3 3 3
-0.0043672888469362715 0 3 0 0 0 1 0 0 3 1
-0.0043672888469362715 0 3 0 0 0 1 0 3 0 1
-0.031692004292017316 0 3 0 0 0 1 0 3 3 1
-0.002958394964225318 0 3 0 0 0 1 3 0 0 1
-0.021824744763717922 0 3 0 0 0 1 3 0 3 1
-0.021824744763717922 0 3 0 0 0 1 3 3 0 1
6.738152282641753 0 3 0 0 0 1 3 3 3 1
-0.0043672888469362715 0 3 0 0 0 2 0 0 3 2
-0.0043672888469362715 0 3 0 0 0 2 0 3 0 2
-0.031692004292017316 0 3 0 0 0 2 0 3 3 2
-0.002958394964225318 0 3 0 0 0 2 3 0 0 2
-0.021824744763717922 0 3 0 0 0 2 3 0 3 2
-0.021824744763717922 0 3 0 0 0 2 3 3 0 2
6.738152282641753 0 3 0 0 0 2 3 3 3 2
217254.21046128272 0 3 0 0 0 3 0 0 0 0
-1027.3375068017635 0 3 0 0 0 3 0 0 0 3
-985.7426082606019 0 3 0 0 0 3 0 0 3 0
-113.22029039677257 0 3 0 0 0 3 0 0 3 3
-985.7426082606017 0 3 0 0 0 3 0 3 0 0
-113.22029039677258 0 3 0 0 0 3 0 3 0 3
-106.92955312213596 0 3 0 0 0 3 0 3 3 0
0.42627007776706327 0 3 0 0 0 3 0 3 3 3
-1041.2484936345436 0 3 0 0 0 3 3 0 0 0
-102.02691465528545 0 3 0 0 0 3 3 0 0 3
-111.57518369701937 0 3 0 0 0 3 3 0 3 0
0.40306183199152135 0 3 0 0 0 3 3 0 3 3
-111.57518369701936 0 3 0 0 0 3 3 3 0 0
0.40306183199152135 0 3 0 0 0 3 3 3 0 3
0.42659718943885466 0 3 0 0 0 3 3 3 3 0
0.047683812426106434 0 3 0 0 0 3 3 3 3 3
125697.93198080869 0 3 0 0 3 0 0 0 0 0
-837.1348530031338 0 3 0 0 3 0 0 0 0 3
-771.5534190088525 0 3 0 0 3 0 0 0 3 0
-116.66112721777655 0 3 0 0 3 0 0 0 3 3
-771.5534190088525 0 3 0 0 3 0 0 3 0 0
-116.66112721777654 0 3 0 0 3 0 0 3 0 3
-105.3403150778215 0 3 0 0 3 0 0 3 3 0
0.4078625615681993 0 3 0 0 3 0 0 3 3 3
-836.6381045927162 0 3 0 0 3 0 3 0 0 0
-140.19792102230892 0 3 0 0 3 0 3 0 0 3
-114.31211358492403 0 3 0 0 3 0 3 0 3 0
0.4166266341639459 0 3 0 0 3 0 3 0 3 3
-114.31211358492405 0 3 0 0 3 0 3 3 0 0
0.4166266341639459 0 3 0 0 3 0 3 3 0 3
0.4066658103824534 0 3 0 0 3 0 3 3 3 0
0.05623060908572579 0 3 0 0 3 0 3 3 3 3
-0.003952791698173214 0 3 0 0 3 1 0 0 0 1
-0.029681241582874066 0 3 0 0 3 1 0 0 3 1
-0.02968124158287407 0 3 0 0 3 1 0 3 0 1
10.230442321730209 0 3 0 0 3 1 0 3 3 1
-0.019400685199989675 0 3 0 0 3 1 3 0 0 1
5.779985264717393 0 3 0 0 3 1 3 0 3 1
5.779985264717393 0 3 0 0 3 1 3 3 0 1
43.55153036329481 0 3 0 0 3 1 3 3 3 1
-0.003952791698173214 0 3 0 0 3 2 0 0 0 2
-0.029681241582874066 0 3 0 0 3 2 0 0 3 2
-0.02968124158287407 0 3 0 0 3 2 0 3 0 2
10.230442321730209 0 3 0 0 3 2 0 3 3 2
-0.019400685199989675 0 3 0 0 3 2 3 0 0 2
5.779985264717393 0 3 0 0 3 2 3 0 3 2
5.779985264717393 0 3 0 0 3 2 3 3 0 2
43.55153036329481 0 3 0 0 3 2 3 3 3 2
-863.9543309416626 0 3 0 0 3 3 0 0 0 0
-116.84598597409718 0 3 0 0 3 3 0 0 0 3
-105.36976207941156 0 3 0 0 3 3 0 0 3 0
0.4306820715940227 0 3 0 0 3 3 0 0 3 3
-105.36976207941156 0 3 0 0 3 3 0 3 0 0
0.4306820715940227 0 3 0 0 3 3 0 3 0 3
0.40743845628849173 0 3 0 0 3 3 0 3 3 0
0.05256964061971339 0 3 0 0 3 3 0 3 3 3
-116.1950620474209 0 3 0 0 3 3 3 0 0 0
0.4460623960567064 0 3 0 0 3 3 3 0 0 3
0.4311858794210057 0 3 0 0 3 3 3 0 3 0
0.05327553142778203 0 3 0 0 3 3 3 0 3 3
0.43118587942100567 0 3 0 0 3 3 3 3 0 0
0.05327553142778203 0 3 0 0 3 3 3 3 0 3
0.05181703671602442 0 3 0 0 3 3 3 3 3 0
0.0021797549358288744 0 3 0 1 1 0 0 0 1 1
0.0021797549358288744 0 3 0 1 1 0 0 0 2 2
0.0002929513783442595 0 3 0 1 1 0 0 3 1 1
0.00029295137834425947 0 3 0 1 1 0 0 3 2 2
0.0005040933086137658 0 3 0 1 1 0 3 0 1 1
0.0005040933086137658 0 3 0 1 1 0 3 0 2 2
1.3908551014434175e-05 0 3 0 1 1 1 0 3 1 0
1.4847764466189721e-05 0 3 0 1 1 1 3 0 1 0
8.732256522605138e-05 0 3 0 1 1 1 3 3 1 0
3.292395299487299e-05 0 3 0 1 1 1 3 3 1 3
1.3908551014434162e-05 0 3 0 1 1 2 0 3 2 0
1.4847764466189694e-05 0 3 0 1 1 2 3 0 2 0
8.732256522605138e-05 0 3 0 1 1 2 3 3 2 0
3.292395299487299e-05 0 3 0 1 1 2 3 3 2 3
0.00028653839439559786 0 3 0 1 1 3 0 0 1 1
0.00028653839439559786 0 3 0 1 1 3 0 0 2 2
16.17892509777861 0 3 0 1 2 0 0 0 1 2
-16.178925097778613 0 3 0 1 2 0 0 0 2 1
2.1565639693340977 0 3 0 1 2 0 0 3 1 2
-2.1565639693340977 0 3 0 1 2 0 0 3 2 1
3.415050000426455 0 3 0 1 2 0 3 0 1 2
-3.415050000426455 0 3 0 1 2 0 3 0 2 1
-0.0054364398253125504 0 3 0 1 2 0 3 3 1 2
0.0054364398253125504 0 3 0 1 2 0 3 3 2 1
-0.0013420792871317643 0 3 0 1 2 1 0 0 2 0
-9.870172556031277e-05 0 3 0 1 2 1 0 0 2 3
0.6084442001793468 0 3 0 1 2 1 0 3 2 0
-0.0007223479153150982 0 3 0 1 2 1 0 3 2 3
0.6978668802729142 0 3 0 1 2 1 3 0 2 0
-0.0011123859735156893 0 3 0 1 2 1 3 0 2 3
4.511101152936826 0 3 0 1 2 1 3 3 2 0
0.5117629012166364 0 3 0 1 2 1 3 3 2 3
0.0013420792871317643 0 3 0 1 2 2 0 0 1 0
9.870172556031277e-05 0 3 0 1 2 2 0 0 1 3
-0.6084442001793466 0 3 0 1 2 2 0 3 1 0
0.0007223479153150982 0 3 0 1 2 2 0 3 1 3
-0.6978668802729141 0 3 0 1 2 2 3 0 1 0
0.0011123859735156893 0 3 0 1 2 2 3 0 1 3
-4.511101152936826 0 3 0 1 2 2 3 3 1 0
-0.5117629012166364 0 3 0 1 2 2 3 3 1 3
2.212835436332229 0 3 0 1 2 3 0 0 1 2
-2.212835436332229 0 3 0 1 2 3 0 0 2 1
-0.00498809525597791 0 3 0 1 2 3 0 3 1 2
0.00498809525597791 0 3 0 1 2 3 0 3 2 1
-0.006228236650661957 0 3 0 1 2 3 3 0 1 2
0.006228236650661957 0 3 0 1 2 3 3 0 2 1
-0.000645609307277072 0 3 0 1 2 3 3 3 1 2
0.000645609307277072 0 3 0 1 2 3 3 3 2 1
-16.178925097778613 0 3 0 2 1 0 0 0 1 2
16.17892509777861 0 3 0 2 1 0 0 0 2 1
-2.1565639693340977 0 3 0 2 1 0 0 3 1 2
2.1565639693340977 0 3 0 2 1 0 0 3 2 1
-3.415050000426455 0 3 0 2 1 0 3 0 1 2
3.415050000426455 0 3 0 2 1 0 3 0 2 1
0.0054364398253125504 0 3 0 2 1 0 3 3 1 2
-0.0054364398253125504 0 3 0 2 1 0 3 3 2 1
0.0013420792871317643 0 3 0 2 1 1 0 0 2 0
9.870172556031277e-05 0 3 0 2 1 1 0 0 2 3
-0.6084442001793466 0 3 0 2 1 1 0 3 2 0
0.0007223479153150982 0 3 0 2 1 1 0 3 2 3
-0.6978668802729141 0 3 0 2 1 1 3 0 2 0
0.0011123859735156893 0 3 0 2 1 1 3 0 2 3
-4.511101152936826 0 3 0 2 1 1 3 3 2 0
-0.5117629012166363 0 3 0 2 1 1 3 3 2 3
-0.0013420792871317643 0 3 0 2 1 2 0 0 1 0
-9.870172556031277e-05 0 3 0 2 1 2 0 0 1 3
0.6084442001793466 0 3 0 2 1 2 0 3 1 0
-0.0007223479153150982 0 3 0 2 1 2 0 3 1 3
0.6978668802729141 0 3 0 2 1 2 3 0 1 0
-0.0011123859735156893 0 3 0 2 1 2 3 0 1 3
4.511101152936826 0 3 0 2 1 2 3 3 1 0
0.5117629012166364 0 3 0 2 1 2 3 3 1 3
-2.2128354363322296 0 3 0 2 1 3 0 0 1 2
2.2128354363322296 0 3 0 2 1 3 0 0 2 1
0.00498809525597791 0 3 0 2 1 3 0 3 1 2
-0.00498809525597791 0 3 0 2 1 3 0 3 2 1
0.006228236650661957 0 3 0 2 1 3 3 0 1 2
-0.006228236650661957 0 3 0 2 1 3 3 0 2 1
0.000645609307277072 0 3 0 2 1 3 3 3 1 2
-0.000645609307277072 0 3 0 2 1 3 3 3 2 1
0.0021797549358288744 0 3 0 2 2 0 0 0 1 1
0.0021797549358288744 0 3 0 2 2 0 0 0 2 2
0.0002929513783442595 0 3 0 2 2 0 0 3 1 1
0.00029295137834425947 0 3 0 2 2 0 0 3 2 2
0.0005040933086137657 0 3 0 2 2 0 3 0 1 1
0.0005040933086137657 0 3 0 2 2 0 3 0 2 2
1.390855101443416e-05 0 3 0 2 2 1 0 3 1 0
1.4847764466189707e-05 0 3 0 2 2 1 3 0 1 0
8.732256522605138e-05 0 3 0 2 2 1 3 3 1 0
3.292395299487299e-05 0 3 0 2 2 1 3 3 1 3
1.390855101443416e-05 0 3 0 2 2 2 0 3 2 0
1.4847764466189694e-05 0 3 0 2 2 2 3 0 2 0
8.732256522605138e-05 0 3 0 2 2 2 3 3 2 0
3.292395299487299e-05 0 3 0 2 2 2 3 3 2 3
0.00028653839439559786 0 3 0 2 2 3 0 0 1 1
0.00028653839439559797 0 3 0 2 2 3 0 0 2 2
200381.26451329334 0 3 0 3 0 0 0 0 0 0
-916.15871691231 0 3 0 3 0 0 0 0 0 3
-916.7961986242511 0 3 0 3 0 0 0 0 3 0
-128.32170261673116 0 3 0 3 0 0 0 0 3 3
-886.4994960894512 0 3 0 3 0 0 0 3 0 0
-123.76381323270313 0 3 0 3 0 0 0 3 0 3
-120.51751659811745 0 3 0 3 0 0 0 3 3 0
0.43414440815505395 0 3 0 3 0 0 0 3 3 3
-924.7022447742802 0 3 0 3 0 0 3 0 0 0
-114.31211358492405 0 3 0 3 0 0 3 0 0 3
-126.05964009391774 0 3 0 3 0 0 3 0 3 0
0.41341095235250275 0 3 0 3 0 0 3 0 3 3
-121.38182222361299 0 3 0 3 0 0 3 3 0 0
0.4052898978222615 0 3 0 3 0 0 3 3 0 3
0.4338148973032112 0 3 0 3 0 0 3 3 3 0
0.05495410210469869 0 3 0 3 0 0 3 3 3 3
-0.004201699165860728 0 3 0 3 0 1 0 0 0 1
-0.03174801829624774 0 3 0 3 0 1 0 0 3 1
-0.03093151715973285 0 3 0 3 0 1 0 3 0 1
11.39718152952529 0 3 0 3 0 1 0 3 3 1
-0.020712358790202237 0 3 0 3 0 1 3 0 0 1
6.749467169107465 0 3 0 3 0 1 3 0 3 1
6.400777288810178 0 3 0 3 0 1 3 3 0 1
48.390011676307886 0 3 0 3 0 1 3 3 3 1
-0.004201699165860728 0 3 0 3 0 2 0 0 0 2
-0.03174801829624774 0 3 0 3 0 2 0 0 3 2
-0.03093151715973285 0 3 0 3 0 2 0 3 0 2
11.39718152952529 0 3 0 3 0 2 0 3 3 2
-0.020712358790202237 0 3 0 3 0 2 3 0 0 2
6.749467169107465 0 3 0 3 0 2 3 0 3 2
6.400777288810178 0 3 0 3 0 2 3 3 0 2
48.390011676307886 0 3 0 3 0 2 3 3 3 2
-1023.4153940192602 0 3 0 3 0 3 0 0 0 0
-122.4337208381411 0 3 0 3 0 3 0 0 0 3
-119.26864085991895 0 3 0 3 0 3 0 0 3 0
0.458457819451137 0 3 0 3 0 3 0 0 3 3
-115.09281884400778 0 3 0 3 0 3 0 3 0 0
0.4486340690771292 0 3 0 3 0 3 0 3 0 3
0.4444912516725657 0 3 0 3 0 3 0 3 3 0
0.05474612826273033 0 3 0 3 0 3 0 3 3 3
-120.47519214813204 0 3 0 3 0 3 3 0 0 0
0.42464811557150084 0 3 0 3 0 3 3 0 0 3
0.4588723058191827 0 3 0 3 0 3 3 0 3 0
0.05188794339985116 0 3 0 3 0 3 3 0 3 3
0.4487335736764758 0 3 0 3 0 3 3 3 0 0
0.05088580640662222 0 3 0 3 0 3 3 3 0 3
0.053873939141591116 0 3 0 3 0 3 3 3 3 0
-742.0162770748203 0 3 0 3 3 0 0 0 0 0
-113.29648886679384 0 3 0 3 3 0 0 0 0 3
-104.84900339232964 0 3 0 3 3 0 0 0 3 0
0.4151884085101122 0 3 0 3 3 0 0 0 3 3
-102.4280876901784 0 3 0 3 3 0 0 3 0 0
0.4070197533484445 0 3 0 3 3 0 0 3 0 3
0.3929210080088381 0 3 0 3 3 0 0 3 3 0
0.05689407070687066 0 3 0 3 3 0 0 3 3 3
-110.89655949118902 0 3 0 3 3 0 3 0 0 0
0.4166266341639461 0 3 0 3 3 0 3 0 0 3
0.41341095235250275 0 3 0 3 3 0 3 0 3 0
0.05835150242624843 0 3 0 3 3 0 3 0 3 3
0.40528989782226155 0 3 0 3 3 0 3 3 0 0
0.05693757353256667 0 3 0 3 3 0 3 3 0 3
0.055726209941319264 0 3 0 3 3 0 3 3 3 0
-0.028150022825271903 0 3 0 3 3 1 0 0 0 1
10.484015673682793 0 3 0 3 3 1 0 0 3 1
9.84290979410046 0 3 0 3 3 1 0 3 0 1
76.32518515165478 0 3 0 3 3 1 0 3 3 1
5.082133232208945 0 3 0 3 3 1 3 0 0 1
41.01410064071066 0 3 0 3 3 1 3 0 3 1
39.69840215930628 0 3 0 3 3 1 3 3 0 1
-10943.52844769531 0 3 0 3 3 1 3 3 3 1
-0.028150022825271903 0 3 0 3 3 2 0 0 0 2
10.484015673682794 0 3 0 3 3 2 0 0 3 2
9.84290979410046 0 3 0 3 3 2 0 3 0 2
76.32518515165476 0 3 0 3 3 2 0 3 3 2
5.082133232208944 0 3 0 3 3 2 3 0 0 2
41.01410064071066 0 3 0 3 3 2 3 0 3 2
39.69840215930628 0 3 0 3 3 2 3 3 0 2
-10943.52844769531 0 3 0 3 3 2 3 3 3 2
-105.72287274586002 0 3 0 3 3 3 0 0 0 0
0.44031610316525177 0 3 0 3 3 3 0 0 0 3
0.4243891452982901 0 3 0 3 3 3 0 0 3 0
0.055840592243003806 0 3 0 3 3 3 0 0 3 3
0.4161097715441649 0 3 0 3 3 3 0 3 0 0
0.05468767303710866 0 3 0 3 3 3 0 3 0 3
0.052084205284845406 0 3 0 3 3 3 0 3 3 0
0.4403156896996611 0 3 0 3 3 3 3 0 0 0
0.05596610760054961 0 3 0 3 3 3 3 0 0 3
0.05500256505094202 0 3 0 3 3 3 3 0 3 0
0.053861117802717795 0 3 0 3 3 3 3 3 0 0
0.0021797549358288744 0 3 1 0 1 0 0 1 0 1
0.0002929513783442595 0 3 1 0 1 0 0 1 3 1
0.0021797549358288744 0 3 1 0 1 0 0 2 0 2
0.0002929513783442596 0 3 1 0 1 0 0 2 3 2
0.0005040933086137658 0 3 1 0 1 0 3 1 0 1
0.0005040933086137658 0 3 1 0 1 0 3 2 0 2
1.3908551014434157e-05 0 3 1 0 1 1 0 1 3 0
1.4847764466189707e-05 0 3 1 0 1 1 3 1 0 0
8.732256522605165e-05 0 3 1 0 1 1 3 1 3 0
3.2923952994873e-05 0 3 1 0 1 1 3 1 3 3
1.3908551014434157e-05 0 3 1 0 1 2 0 2 3 0
1.4847764466189707e-05 0 3 1 0 1 2 3 2 0 0
8.732256522605165e-05 0 3 1 0 1 2 3 2 3 0
3.2923952994873e-05 0 3 1 0 1 2 3 2 3 3
0.00028653839439559786 0 3 1 0 1 3 0 1 0 1
0.00028653839439559786 0 3 1 0 1 3 0 2 0 2
16.17892509777861 0 3 1 0 2 0 0 1 0 2
2.1565639693340977 0 3 1 0 2 0 0 1 3 2
-16.178925097778613 0 3 1 0 2 0 0 2 0 1
-2.156563969334098 0 3 1 0 2 0 0 2 3 1
3.415050000426455 0 3 1 0 2 0 3 1 0 2
-0.0054364398253125504 0 3 1 0 2 0 3 1 3 2
-3.415050000426455 0 3 1 0 2 0 3 2 0 1
0.0054364398253125504 0 3 1 0 2 0 3 2 3 1
-0.0013420792871317645 0 3 1 0 2 1 0 2 0 0
-9.870172556031276e-05 0 3 1 0 2 1 0 2 0 3
0.6084442001793468 0 3 1 0 2 1 0 2 3 0
-0.0007223479153150984 0 3 1 0 2 1 0 2 3 3
0.697866880272914 0 3 1 0 2 1 3 2 0 0
-0.001112385973515689 0 3 1 0 2 1 3 2 0 3
4.511101152936827 0 3 1 0 2 1 3 2 3 0
0.5117629012166364 0 3 1 0 2 1 3 2 3 3
0.0013420792871317645 0 3 1 0 2 2 0 1 0 0
9.870172556031276e-05 0 3 1 0 2 2 0 1 0 3
-0.6084442001793466 0 3 1 0 2 2 0 1 3 0
0.0007223479153150984 0 3 1 0 2 2 0 1 3 3
-0.697866880272914 0 3 1 0 2 2 3 1 0 0
0.001112385973515689 0 3 1 0 2 2 3 1 0 3
-4.511101152936827 0 3 1 0 2 2 3 1 3 0
-0.5117629012166365 0 3 1 0 2 2 3 1 3 3
2.2128354363322287 0 3 1 0 2 3 0 1 0 2
-0.004988095255977911 0 3 1 0 2 3 0 1 3 2
-2.2128354363322287 0 3 1 0 2 3 0 2 0 1
0.004988095255977911 0 3 1 0 2 3 0 2 3 1
-0.006228236650661957 0 3 1 0 2 3 3 1 0 2
-0.000645609307277072 0 3 1 0 2 3 3 1 3 2
0.006228236650661957 0 3 1 0 2 3 3 2 0 1
0.000645609307277072 0 3 1 0 2 3 3 2 3 1
0.0014949062384431704 0 3 1 1 0 0 0 1 1 0
0.0002208277942640495 0 3 1 1 0 0 0 1 1 3
0.0014949062384431709 0 3 1 1 0 0 0 2 2 0
0.0002208277942640495 0 3 1 1 0 0 0 2 2 3
0.0002471859318516204 0 3 1 1 0 0 3 1 1 0
0.0002471859318516203 0 3 1 1 0 0 3 2 2 0
-9.068230797357678e-06 0 3 1 1 0 1 3 1 1 1
9.750526263207655e-07 0 3 1 1 0 1 3 1 2 2
9.750526263207647e-07 0 3 1 1 0 1 3 2 1 2
-1.1018336049999217e-05 0 3 1 1 0 1 3 2 2 1
-1.1018336049999217e-05 0 3 1 1 0 2 3 1 1 2
9.750526263207647e-07 0 3 1 1 0 2 3 1 2 1
9.750526263207655e-07 0 3 1 1 0 2 3 2 1 1
-9.068230797357678e-06 0 3 1 1 0 2 3 2 2 2
0.00019994896160223624 0 3 1 1 0 3 0 1 1 0
0.00019994896160223624 0 3 1 1 0 3 0 2 2 0
0.00012394205361955095 0 3 1 1 3 0 0 1 1 0
0.00012394205361955095 0 3 1 1 3 0 0 2 2 0
-3.06280358589144e-05 0 3 1 1 3 1 0 1 1 1
-5.595928208057658e-06 0 3 1 1 3 1 0 1 2 2
-5.595928208057658e-06 0 3 1 1 3 1 0 2 1 2
-1.9436179442799078e-05 0 3 1 1 3 1 0 2 2 1
-3.406472516485256e-05 0 3 1 1 3 1 3 1 1 1
2.320955727080882e-06 0 3 1 1 3 1 3 1 2 2
2.320955727080885e-06 0 3 1 1 3 1 3 2 1 2
-3.870663661901433e-05 0 3 1 1 3 1 3 2 2 1
-1.9436179442799078e-05 0 3 1 1 3 2 0 1 1 2
-5.595928208057658e-06 0 3 1 1 3 2 0 1 2 1
-5.595928208057658e-06 0 3 1 1 3 2 0 2 1 1
-3.06280358589144e-05 0 3 1 1 3 2 0 2 2 2
-3.870663661901433e-05 0 3 1 1 3 2 3 1 1 2
2.320955727080885e-06 0 3 1 1 3 2 3 1 2 1
2.320955727080882e-06 0 3 1 1 3 2 3 2 1 1
-3.406472516485256e-05 0 3 1 1 3 2 3 2 2 2
15.148351267400107 0 3 1 2 0 0 0 1 2 0
2.2789446920140066 0 3 1 2 0 0 0 1 2 3
-15.14835126740011 0 3 1 2 0 0 0 2 1 0
-2.278944692014007 0 3 1 2 0 0 0 2 1 3
2.3389089351523755 0 3 1 2 0 0 3 1 2 0
-0.004060527265120623 0 3 1 2 0 0 3 1 2 3
-2.3389089351523755 0 3 1 2 0 0 3 2 1 0
0.004060527265120623 0 3 1 2 0 0 3 2 1 3
0.00040825056825744547 0 3 1 2 0 1 0 1 2 1
-0.00040825056825744547 0 3 1 2 0 1 0 2 1 1
-0.1743449401486444 0 3 1 2 0 1 3 1 2 1
0.17434494014864438 0 3 1 2 0 1 3 2 1 1
0.00040825056825744547 0 3 1 2 0 2 0 1 2 2
-0.00040825056825744547 0 3 1 2 0 2 0 2 1 2
-0.17434494014864438 0 3 1 2 0 2 3 1 2 2
0.1743449401486444 0 3 1 2 0 2 3 2 1 2
2.087911007955612 0 3 1 2 0 3 0 1 2 0
-0.004911875187003903 0 3 1 2 0 3 0 1 2 3
-2.087911007955612 0 3 1 2 0 3 0 2 1 0
0.004911875187003903 0 3 1 2 0 3 0 2 1 3
-0.005069366071353459 0 3 1 2 0 3 3 1 2 0
-0.000501068496614478 0 3 1 2 0 3 3 1 2 3
0.005069366071353459 0 3 1 2 0 3 3 2 1 0
0.000501068496614478 0 3 1 2 0 3 3 2 1 3
1.2104578510756205 0 3 1 2 3 0 0 1 2 0
-0.004084327580833906 0 3 1 2 3 0 0 1 2 3
-1.2104578510756205 0 3 1 2 3 0 0 2 1 0
0.004084327580833906 0 3 1 2 3 0 0 2 1 3
-0.004060527265120623 0 3 1 2 3 0 3 1 2 0
-0.0007069644468408849 0 3 1 2 3 0 3 1 2 3
0.004060527265120623 0 3 1 2 3 0 3 2 1 0
0.0007069644468408849 0 3 1 2 3 0 3 2 1 3
-0.32055293979116883 0 3 1 2 3 1 0 1 2 1
0.3205529397911688 0 3 1 2 3 1 0 2 1 1
-0.6578492407021862 0 3 1 2 3 1 3 1 2 1
0.6578492407021862 0 3 1 2 3 1 3 2 1 1
-0.32055293979116883 0 3 1 2 3 2 0 1 2 2
0.32055293979116883 0 3 1 2 3 2 0 2 1 2
-0.6578492407021862 0 3 1 2 3 2 3 1 2 2
0.6578492407021862 0 3 1 2 3 2 3 2 1 2
-0.004139686877062609 0 3 1 2 3 3 0 1 2 0
-0.000576459602947568 0 3 1 2 3 3 0 1 2 3
0.004139686877062609 0 3 1 2 3 3 0 2 1 0
0.000576459602947568 0 3 1 2 3 3 0 2 1 3
-0.0005707236241121173 0 3 1 2 3 3 3 1 2 0
0.0005707236241121173 0 3 1 2 3 3 3 2 1 0
0.00027942618388585017 0 3 1 3 1 0 0 1 0 1
0.0002794261838858503 0 3 1 3 1 0 0 2 0 2
1.4575048116536351e-05 0 3 1 3 1 1 0 1 0 0
0.00011428663317570328 0 3 1 3 1 1 0 1 3 0
5.623824065252859e-05 0 3 1 3 1 1 0 1 3 3
8.500160949897068e-05 0 3 1 3 1 1 3 1 0 0
3.19489003685522e-05 0 3 1 3 1 1 3 1 0 3
-0.17254110266867795 0 3 1 3 1 1 3 1 3 0
0.00014802494073639548 0 3 1 3 1 1 3 1 3 3
1.4575048116536351e-05 0 3 1 3 1 2 0 2 0 0
0.00011428663317570328 0 3 1 3 1 2 0 2 3 0
5.623824065252859e-05 0 3 1 3 1 2 0 2 3 3
8.500160949897068e-05 0 3 1 3 1 2 3 2 0 0
3.1948900368552216e-05 0 3 1 3 1 2 3 2 0 3
-0.172541102668678 0 3 1 3 1 2 3 2 3 0
0.00014802494073639543 0 3 1 3 1 2 3 2 3 3
2.0538434086208315 0 3 1 3 2 0 0 1 0 2
-0.004758221967872116 0 3 1 3 2 0 0 1 3 2
-2.0538434086208315 0 3 1 3 2 0 0 2 0 1
0.004758221967872116 0 3 1 3 2 0 0 2 3 1
-0.005436439825312552 0 3 1 3 2 0 3 1 0 2
-0.0007721078366205766 0 3 1 3 2 0 3 1 3 2
0.005436439825312552 0 3 1 3 2 0 3 2 0 1
0.0007721078366205766 0 3 1 3 2 0 3 2 3 1
0.5794723843338782 0 3 1 3 2 1 0 2 0 0
-0.0007063488811861757 0 3 1 3 2 1 0 2 0 3
4.564902813116229 0 3 1 3 2 1 0 2 3 0
0.022435347043401947 0 3 1 3 2 1 0 2 3 3
4.5110988319811 0 3 1 3 2 1 3 2 0 0
0.5117619261640101 0 3 1 3 2 1 3 2 0 3
-3201.2188739391454 0 3 1 3 2 1 3 2 3 0
3.5353426873682507 0 3 1 3 2 1 3 2 3 3
-0.5794723843338782 0 3 1 3 2 2 0 1 0 0
0.0007063488811861757 0 3 1 3 2 2 0 1 0 3
-4.5649028131162295 0 3 1 3 2 2 0 1 3 0
-0.022435347043401947 0 3 1 3 2 2 0 1 3 3
-4.5110988319811 0 3 1 3 2 2 3 1 0 0
-0.5117619261640102 0 3 1 3 2 2 3 1 0 3
3201.2188739391454 0 3 1 3 2 2 3 1 3 0
-3.5353426873682507 0 3 1 3 2 2 3 1 3 3
-0.0051742587547109085 0 3 1 3 2 3 0 1 0 2
-0.0006193148026735445 0 3 1 3 2 3 0 1 3 2
0.0051742587547109085 0 3 1 3 2 3 0 2 0 1
0.0006193148026735445 0 3 1 3 2 3 0 2 3 1
-0.0007092599005111766 0 3 1 3 2 3 3 1 0 2
0.0007092599005111766 0 3 1 3 2 3 3 2 0 1
-16.178925097778613 0 3 2 0 1 0 0 1 0 2
-2.156563969334098 0 3 2 0 1 0 0 1 3 2
16.17892509777861 0 3 2 0 1 0 0 2 0 1
2.156563969334098 0 3 2 0 1 0 0 2 3 1
-3.415050000426455 0 3 2 0 1 0 3 1 0 2
0.0054364398253125504 0 3 2 0 1 0 3 1 3 2
3.415050000426455 0 3 2 0 1 0 3 2 0 1
-0.0054364398253125504 0 3 2 0 1 0 3 2 3 1
0.0013420792871317645 0 3 2 0 1 1 0 2 0 0
9.870172556031276e-05 0 3 2 0 1 1 0 2 0 3
-0.6084442001793466 0 3 2 0 1 1 0 2 3 0
0.0007223479153150984 0 3 2 0 1 1 0 2 3 3
-0.697866880272914 0 3 2 0 1 1 3 2 0 0
0.001112385973515689 0 3 2 0 1 1 3 2 0 3
-4.511101152936827 0 3 2 0 1 1 3 2 3 0
-0.5117629012166364 0 3 2 0 1 1 3 2 3 3
-0.0013420792871317645 0 3 2 0 1 2 0 1 0 0
-9.870172556031276e-05 0 3 2 0 1 2 0 1 0 3
0.6084442001793466 0 3 2 0 1 2 0 1 3 0
-0.0007223479153150984 0 3 2 0 1 2 0 1 3 3
0.6978668802729139 0 3 2 0 1 2 3 1 0 0
-0.001112385973515689 0 3 2 0 1 2 3 1 0 3
4.511101152936827 0 3 2 0 1 2 3 1 3 0
0.5117629012166364 0 3 2 0 1 2 3 1 3 3
-2.212835436332229 0 3 2 0 1 3 0 1 0 2
0.004988095255977911 0 3 2 0 1 3 0 1 3 2
2.212835436332229 0 3 2 0 1 3 0 2 0 1
-0.004988095255977911 0 3 2 0 1 3 0 2 3 1
0.006228236650661957 0 3 2 0 1 3 3 1 0 2
0.000645609307277072 0 3 2 0 1 3 3 1 3 2
-0.006228236650661957 0 3 2 0 1 3 3 2 0 1
-0.000645609307277072 0 3 2 0 1 3 3 2 3 1
0.0021797549358288744 0 3 2 0 2 0 0 1 0 1
0.0002929513783442595 0 3 2 0 2 0 0 1 3 1
0.0021797549358288744 0 3 2 0 2 0 0 2 0 2
0.0002929513783442596 0 3 2 0 2 0 0 2 3 2
0.0005040933086137658 0 3 2 0 2 0 3 1 0 1
0.0005040933086137659 0 3 2 0 2 0 3 2 0 2
1.3908551014434157e-05 0 3 2 0 2 1 0 1 3 0
1.4847764466189707e-05 0 3 2 0 2 1 3 1 0 0
8.732256522605165e-05 0 3 2 0 2 1 3 1 3 0
3.2923952994873e-05 0 3 2 0 2 1 3 1 3 3
1.390855101443417e-05 0 3 2 0 2 2 0 2 3 0
1.4847764466189707e-05 0 3 2 0 2 2 3 2 0 0
8.732256522605165e-05 0 3 2 0 2 2 3 2 3 0
3.2923952994873015e-05 0 3 2 0 2 2 3 2 3 3
0.00028653839439559775 0 3 2 0 2 3 0 1 0 1
0.00028653839439559797 0 3 2 0 2 3 0 2 0 2
-15.14835126740011 0 3 2 1 0 0 0 1 2 0
-2.278944692014007 0 3 2 1 0 0 0 1 2 3
15.14835126740011 0 3 2 1 0 0 0 2 1 0
2.2789446920140075 0 3 2 1 0 0 0 2 1 3
-2.3389089351523755 0 3 2 1 0 0 3 1 2 0
0.004060527265120623 0 3 2 1 0 0 3 1 2 3
2.338908935152375 0 3 2 1 0 0 3 2 1 0
-0.004060527265120623 0 3 2 1 0 0 3 2 1 3
-0.00040825056825744547 0 3 2 1 0 1 0 1 2 1
0.00040825056825744547 0 3 2 1 0 1 0 2 1 1
0.1743449401486444 0 3 2 1 0 1 3 1 2 1
-0.17434494014864438 0 3 2 1 0 1 3 2 1 1
-0.00040825056825744547 0 3 2 1 0 2 0 1 2 2
0.00040825056825744547 0 3 2 1 0 2 0 2 1 2
0.1743449401486444 0 3 2 1 0 2 3 1 2 2
-0.17434494014864438 0 3 2 1 0 2 3 2 1 2
-2.087911007955612 0 3 2 1 0 3 0 1 2 0
0.004911875187003903 0 3 2 1 0 3 0 1 2 3
2.087911007955612 0 3 2 1 0 3 0 2 1 0
-0.004911875187003903 0 3 2 1 0 3 0 2 1 3
0.005069366071353459 0 3 2 1 0 3 3 1 2 0
0.000501068496614478 0 3 2 1 0 3 3 1 2 3
-0.005069366071353459 0 3 2 1 0 3 3 2 1 0
-0.000501068496614478 0 3 2 1 0 3 3 2 1 3
-1.2104578510756205 0 3 2 1 3 0 0 1 2 0
0.004084327580833906 0 3 2 1 3 0 0 1 2 3
1.2104578510756203 0 3 2 1 3 0 0 2 1 0
-0.004084327580833906 0 3 2 1 3 0 0 2 1 3
0.004060527265120623 0 3 2 1 3 0 3 1 2 0
0.0007069644468408849 0 3 2 1 3 0 3 1 2 3
-0.004060527265120623 0 3 2 1 3 0 3 2 1 0
-0.0007069644468408849 0 3 2 1 3 0 3 2 1 3
0.3205529397911688 0 3 2 1 3 1 0 1 2 1
-0.3205529397911687 0 3 2 1 3 1 0 2 1 1
0.6578492407021862 0 3 2 1 3 1 3 1 2 1
-0.6578492407021862 0 3 2 1 3 1 3 2 1 1
0.32055293979116883 0 3 2 1 3 2 0 1 2 2
-0.3205529397911688 0 3 2 1 3 2 0 2 1 2
0.6578492407021862 0 3 2 1 3 2 3 1 2 2
-0.6578492407021861 0 3 2 1 3 2 3 2 1 2
0.004139686877062609 0 3 2 1 3 3 0 1 2 0
0.000576459602947568 0 3 2 1 3 3 0 1 2 3
-0.004139686877062609 0 3 2 1 3 3 0 2 1 0
-0.000576459602947568 0 3 2 1 3 3 0 2 1 3
0.0005707236241121173 0 3 2 1 3 3 3 1 2 0
-0.0005707236241121173 0 3 2 1 3 3 3 2 1 0
0.0014949062384431709 0 3 2 2 0 0 0 1 1 0
0.0002208277942640495 0 3 2 2 0 0 0 1 1 3
0.0014949062384431704 0 3 2 2 0 0 0 2 2 0
0.0002208277942640495 0 3 2 2 0 0 0 2 2 3
0.0002471859318516202 0 3 2 2 0 0 3 1 1 0
0.0002471859318516203 0 3 2 2 0 0 3 2 2 0
-9.068230797357675e-06 0 3 2 2 0 1 3 1 1 1
9.750526263207655e-07 0 3 2 2 0 1 3 1 2 2
9.750526263207655e-07 0 3 2 2 0 1 3 2 1 2
-1.1018336049999204e-05 0 3 2 2 0 1 3 2 2 1
-1.1018336049999204e-05 0 3 2 2 0 2 3 1 1 2
9.750526263207655e-07 0 3 2 2 0 2 3 1 2 1
9.750526263207655e-07 0 3 2 2 0 2 3 2 1 1
-9.068230797357675e-06 0 3 2 2 0 2 3 2 2 2
0.00019994896160223624 0 3 2 2 0 3 0 1 1 0
0.00019994896160223624 0 3 2 2 0 3 0 2 2 0
0.00012394205361955095 0 3 2 2 3 0 0 1 1 0
0.00012394205361955095 0 3 2 2 3 0 0 2 2 0
-3.06280358589144e-05 0 3 2 2 3 1 0 1 1 1
-5.595928208057658e-06 0 3 2 2 3 1 0 1 2 2
-5.595928208057658e-06 0 3 2 2 3 1 0 2 1 2
-1.9436179442799078e-05 0 3 2 2 3 1 0 2 2 1
-3.406472516485256e-05 0 3 2 2 3 1 3 1 1 1
2.320955727080885e-06 0 3 2 2 3 1 3 1 2 2
2.320955727080885e-06 0 3 2 2 3 1 3 2 1 2
-3.870663661901433e-05 0 3 2 2 3 1 3 2 2 1
-1.9436179442799078e-05 0 3 2 2 3 2 0 1 1 2
-5.595928208057658e-06 0 3 2 2 3 2 0 1 2 1
-5.595928208057658e-06 0 3 2 2 3 2 0 2 1 1
-3.06280358589144e-05 0 3 2 2 3 2 0 2 2 2
-3.870663661901433e-05 0 3 2 2 3 2 3 1 1 2
2.320955727080885e-06 0 3 2 2 3 2 3 1 2 1
2.320955727080885e-06 0 3 2 2 3 2 3 2 1 1
-3.406472516485256e-05 0 3 2 2 3 2 3 2 2 2
-2.0538434086208315 0 3 2 3 1 0 0 1 0 2
0.004758221967872116 0 3 2 3 1 0 0 1 3 2
2.0538434086208315 0 3 2 3 1 0 0 2 0 1
-0.004758221967872116 0 3 2 3 1 0 0 2 3 1
0.005436439825312552 0 3 2 3 1 0 3 1 0 2
0.0007721078366205766 0 3 2 3 1 0 3 1 3 2
-0.005436439825312552 0 3 2 3 1 0 3 2 0 1
-0.0007721078366205766 0 3 2 3 1 0 3 2 3 1
-0.5794723843338782 0 3 2 3 1 1 0 2 0 0
0.0007063488811861757 0 3 2 3 1 1 0 2 0 3
-4.564902813116228 0 3 2 3 1 1 0 2 3 0
-0.022435347043401943 0 3 2 3 1 1 0 2 3 3
-4.5110988319811 0 3 2 3 1 1 3 2 0 0
-0.5117619261640101 0 3 2 3 1 1 3 2 0 3
3201.2188739391454 0 3 2 3 1 1 3 2 3 0
-3.535342687368251 0 3 2 3 1 1 3 2 3 3
0.5794723843338782 0 3 2 3 1 2 0 1 0 0
-0.0007063488811861757 0 3 2 3 1 2 0 1 0 3
4.564902813116229 0 3 2 3 1 2 0 1 3 0
0.022435347043401943 0 3 2 3 1 2 0 1 3 3
4.5110988319811 0 3 2 3 1 2 3 1 0 0
0.5117619261640101 0 3 2 3 1 2 3 1 0 3
-3201.218873939146 0 3 2 3 1 2 3 1 3 0
3.535342687368251 0 3 2 3 1 2 3 1 3 3
0.0051742587547109085 0 3 2 3 1 3 0 1 0 2
0.0006193148026735445 0 3 2 3 1 3 0 1 3 2
-0.0051742587547109085 0 3 2 3 1 3 0 2 0 1
-0.0006193148026735445 0 3 2 3 1 3 0 2 3 1
0.0007092599005111766 0 3 2 3 1 3 3 1 0 2
-0.0007092599005111766 0 3 2 3 1 3 3 2 0 1
0.0002794261838858503 0 3 2 3 2 0 0 1 0 1
0.0002794261838858503 0 3 2 3 2 0 0 2 0 2
1.4575048116536351e-05 0 3 2 3 2 1 0 1 0 0
0.00011428663317570328 0 3 2 3 2 1 0 1 3 0
5.623824065252858e-05 0 3 2 3 2 1 0 1 3 3
8.500160949897068e-05 0 3 2 3 2 1 3 1 0 0
3.1948900368552216e-05 0 3 2 3 2 1 3 1 0 3
-0.17254110266867795 0 3 2 3 2 1 3 1 3 0
0.00014802494073639554 0 3 2 3 2 1 3 1 3 3
1.4575048116536351e-05 0 3 2 3 2 2 0 2 0 0
0.00011428663317570328 0 3 2 3 2 2 0 2 3 0
5.623824065252859e-05 0 3 2 3 2 2 0 2 3 3
8.500160949897068e-05 0 3 2 3 2 2 3 2 0 0
3.19489003685522e-05 0 3 2 3 2 2 3 2 0 3
-0.172541102668678 0 3 2 3 2 2 3 2 3 0
0.00014802494073639554 0 3 2 3 2 2 3 2 3 3
200381.26451329337 0 3 3 0 0 0 0 0 0 0
-916.15871691231 0 3 3 0 0 0 0 0 0 3
-886.4994960894512 0 3 3 0 0 0 0 0 3 0
-123.76381323270314 0 3 3 0 0 0 0 0 3 3
-916.796198624251 0 3 3 0 0 0 0 3 0 0
-128.32170261673116 0 3 3 0 0 0 0 3 0 3
-120.51751659811747 0 3 3 0 0 0 0 3 3 0
0.43414440815505395 0 3 3 0 0 0 0 3 3 3
-924.7022447742801 0 3 3 0 0 0 3 0 0 0
-114.31211358492405 0 3 3 0 0 0 3 0 0 3
-121.38182222361299 0 3 3 0 0 0 3 0 3 0
0.40528989782226144 0 3 3 0 0 0 3 0 3 3
-126.05964009391774 0 3 3 0 0 0 3 3 0 0
0.4134109523525027 0 3 3 0 0 0 3 3 0 3
0.43381489730321116 0 3 3 0 0 0 3 3 3 0
0.05495410210469869 0 3 3 0 0 0 3 3 3 3
-0.004201699165860728 0 3 3 0 0 1 0 0 0 1
-0.030931517159732858 0 3 3 0 0 1 0 0 3 1
-0.031748018296247744 0 3 3 0 0 1 0 3 0 1
11.39718152952529 0 3 3 0 0 1 0 3 3 1
-0.020712358790202234 0 3 3 0 0 1 3 0 0 1
6.400777288810178 0 3 3 0 0 1 3 0 3 1
6.749467169107464 0 3 3 0 0 1 3 3 0 1
48.39001167630788 0 3 3 0 0 1 3 3 3 1
-0.004201699165860728 0 3 3 0 0 2 0 0 0 2
-0.030931517159732858 0 3 3 0 0 2 0 0 3 2
-0.031748018296247744 0 3 3 0 0 2 0 3 0 2
11.39718152952529 0 3 3 0 0 2 0 3 3 2
-0.020712358790202234 0 3 3 0 0 2 3 0 0 2
6.400777288810177 0 3 3 0 0 2 3 0 3 2
6.749467169107464 0 3 3 0 0 2 3 3 0 2
48.39001167630788 0 3 3 0 0 2 3 3 3 2
-1023.4153940192601 0 3 3 0 0 3 0 0 0 0
-122.4337208381411 0 3 3 0 0 3 0 0 0 3
-115.09281884400778 0 3 3 0 0 3 0 0 3 0
0.44863406907712927 0 3 3 0 0 3 0 0 3 3
-119.26864085991896 0 3 3 0 0 3 0 3 0 0
0.45845781945113706 0 3 3 0 0 3 0 3 0 3
0.44449125167256565 0 3 3 0 0 3 0 3 3 0
0.05474612826273033 0 3 3 0 0 3 0 3 3 3
-120.47519214813205 0 3 3 0 0 3 3 0 0 0
0.42464811557150073 0 3 3 0 0 3 3 0 0 3
0.44873357367647576 0 3 3 0 0 3 3 0 3 0
0.05088580640662221 0 3 3 0 0 3 3 0 3 3
0.45887230581918265 0 3 3 0 0 3 3 3 0 0
0.05188794339985116 0 3 3 0 0 3 3 3 0 3
0.053873939141591116 0 3 3 0 0 3 3 3 3 0
-742.0162770748202 0 3 3 0 3 0 0 0 0 0
-113.29648886679384 0 3 3 0 3 0 0 0 0 3
-102.4280876901784 0 3 3 0 3 0 0 0 3 0
0.40701975334844437 0 3 3 0 3 0 0 0 3 3
-104.84900339232964 0 3 3 0 3 0 0 3 0 0
0.4151884085101121 0 3 3 0 3 0 0 3 0 3
0.3929210080088381 0 3 3 0 3 0 0 3 3 0
0.05689407070687066 0 3 3 0 3 0 0 3 3 3
-110.89655949118902 0 3 3 0 3 0 3 0 0 0
0.41662663416394596 0 3 3 0 3 0 3 0 0 3
0.4052898978222615 0 3 3 0 3 0 3 0 3 0
0.05693757353256667 0 3 3 0 3 0 3 0 3 3
0.4134109523525027 0 3 3 0 3 0 3 3 0 0
0.05835150242624843 0 3 3 0 3 0 3 3 0 3
0.05572620994131926 0 3 3 0 3 0 3 3 3 0
-0.028150022825271907 0 3 3 0 3 1 0 0 0 1
9.842909794100459 0 3 3 0 3 1 0 0 3 1
10.484015673682794 0 3 3 0 3 1 0 3 0 1
76.32518515165476 0 3 3 0 3 1 0 3 3 1
5.082133232208945 0 3 3 0 3 1 3 0 0 1
39.69840215930628 0 3 3 0 3 1 3 0 3 1
41.01410064071065 0 3 3 0 3 1 3 3 0 1
-10943.528447695307 0 3 3 0 3 1 3 3 3 1
-0.028150022825271907 0 3 3 0 3 2 0 0 0 2
9.84290979410046 0 3 3 0 3 2 0 0 3 2
10.484015673682794 0 3 3 0 3 2 0 3 0 2
76.32518515165476 0 3 3 0 3 2 0 3 3 2
5.082133232208945 0 3 3 0 3 2 3 0 0 2
39.69840215930628 0 3 3 0 3 2 3 0 3 2
41.01410064071065 0 3 3 0 3 2 3 3 0 2
-10943.528447695307 0 3 3 0 3 2 3 3 3 2
-105.72287274586 0 3 3 0 3 3 0 0 0 0
0.44031610316525166 0 3 3 0 3 3 0 0 0 3
0.41610977154416495 0 3 3 0 3 3 0 0 3 0
0.05468767303710866 0 3 3 0 3 3 0 0 3 3
0.4243891452982901 0 3 3 0 3 3 0 3 0 0
0.05584059224300379 0 3 3 0 3 3 0 3 0 3
0.05208420528484539 0 3 3 0 3 3 0 3 3 0
0.4403156896996611 0 3 3 0 3 3 3 0 0 0
0.05596610760054962 0 3 3 0 3 3 3 0 0 3
0.053861117802717795 0 3 3 0 3 3 3 0 3 0
0.05500256505094202 0 3 3 0 3 3 3 3 0 0
0.0002794261838858503 0 3 3 1 1 0 0 0 1 1
0.00027942618388585017 0 3 3 1 1 0 0 0 2 2
1.4575048116536344e-05 0 3 3 1 1 1 0 0 1 0
0.00011428663317570307 0 3 3 1 1 1 0 3 1 0
5.623824065252858e-05 0 3 3 1 1 1 0 3 1 3
8.500160949897068e-05 0 3 3 1 1 1 3 0 1 0
3.194890036855221e-05 0 3 3 1 1 1 3 0 1 3
-0.17254110266867798 0 3 3 1 1 1 3 3 1 0
0.00014802494073639554 0 3 3 1 1 1 3 3 1 3
1.4575048116536344e-05 0 3 3 1 1 2 0 0 2 0
0.00011428663317570318 0 3 3 1 1 2 0 3 2 0
5.623824065252858e-05 0 3 3 1 1 2 0 3 2 3
8.500160949897068e-05 0 3 3 1 1 2 3 0 2 0
3.1948900368552216e-05 0 3 3 1 1 2 3 0 2 3
-0.17254110266867798 0 3 3 1 1 2 3 3 2 0
0.00014802494073639548 0 3 3 1 1 2 3 3 2 3
2.0538434086208315 0 3 3 1 2 0 0 0 1 2
-2.0538434086208315 0 3 3 1 2 0 0 0 2 1
-0.004758221967872115 0 3 3 1 2 0 0 3 1 2
0.004758221967872115 0 3 3 1 2 0 0 3 2 1
-0.0054364398253125504 0 3 3 1 2 0 3 0 1 2
0.0054364398253125504 0 3 3 1 2 0 3 0 2 1
-0.0007721078366205766 0 3 3 1 2 0 3 3 1 2
0.0007721078366205766 0 3 3 1 2 0 3 3 2 1
0.579472384333878 0 3 3 1 2 1 0 0 2 0
-0.0007063488811861757 0 3 3 1 2 1 0 0 2 3
4.564902813116229 0 3 3 1 2 1 0 3 2 0
0.022435347043401947 0 3 3 1 2 1 0 3 2 3
4.511098831981099 0 3 3 1 2 1 3 0 2 0
0.51176192616401 0 3 3 1 2 1 3 0 2 3
-3201.2188739391454 0 3 3 1 2 1 3 3 2 0
3.5353426873682507 0 3 3 1 2 1 3 3 2 3
-0.579472384333878 0 3 3 1 2 2 0 0 1 0
0.0007063488811861757 0 3 3 1 2 2 0 0 1 3
-4.5649028131162295 0 3 3 1 2 2 0 3 1 0
-0.022435347043401947 0 3 3 1 2 2 0 3 1 3
-4.511098831981099 0 3 3 1 2 2 3 0 1 0
-0.5117619261640101 0 3 3 1 2 2 3 0 1 3
3201.2188739391454 0 3 3 1 2 2 3 3 1 0
-3.5353426873682507 0 3 3 1 2 2 3 3 1 3
-0.005174258754710908 0 3 3 1 2 3 0 0 1 2
0.005174258754710908 0 3 3 1 2 3 0 0 2 1
-0.0006193148026735445 0 3 3 1 2 3 0 3 1 2
0.0006193148026735445 0 3 3 1 2 3 0 3 2 1
-0.0007092599005111766 0 3 3 1 2 3 3 0 1 2
0.0007092599005111766 0 3 3 1 2 3 3 0 2 1
-2.0538434086208315 0 3 3 2 1 0 0 0 1 2
2.0538434086208315 0 3 3 2 1 0 0 0 2 1
0.004758221967872115 0 3 3 2 1 0 0 3 1 2
-0.004758221967872115 0 3 3 2 1 0 0 3 2 1
0.0054364398253125504 0 3 3 2 1 0 3 0 1 2
-0.0054364398253125504 0 3 3 2 1 0 3 0 2 1
0.0007721078366205766 0 3 3 2 1 0 3 3 1 2
-0.0007721078366205766 0 3 3 2 1 0 3 3 2 1
-0.579472384333878 0 3 3 2 1 1 0 0 2 0
0.0007063488811861757 0 3 3 2 1 1 0 0 2 3
-4.564902813116228 0 3 3 2 1 1 0 3 2 0
-0.022435347043401943 0 3 3 2 1 1 0 3 2 3
-4.511098831981098 0 3 3 2 1 1 3 0 2 0
-0.51176192616401 0 3 3 2 1 1 3 0 2 3
3201.2188739391454 0 3 3 2 1 1 3 3 2 0
-3.535342687368251 0 3 3 2 1 1 3 3 2 3
0.579472384333878 0 3 3 2 1 2 0 0 1 0
-0.0007063488811861757 0 3 3 2 1 2 0 0 1 3
4.564902813116229 0 3 3 2 1 2 0 3 1 0
0.022435347043401943 0 3 3 2 1 2 0 3 1 3
4.511098831981098 0 3 3 2 1 2 3 0 1 0
0.5117619261640101 0 3 3 2 1 2 3 0 1 3
-3201.218873939146 0 3 3 2 1 2 3 3 1 0
3.535342687368251 0 3 3 2 1 2 3 3 1 3
0.005174258754710908 0 3 3 2 1 3 0 0 1 2
-0.005174258754710908 0 3 3 2 1 3 0 0 2 1
0.0006193148026735445 0 3 3 2 1 3 0 3 1 2
-0.0006193148026735445 0 3 3 2 1 3 0 3 2 1
0.0007092599005111766 0 3 3 2 1 3 3 0 1 2
-0.0007092599005111766 0 3 3 2 1 3 3 0 2 1
0.0002794261838858503 0 3 3 2 2 0 0 0 1 1
0.0002794261838858503 0 3 3 2 2 0 0 0 2 2
1.4575048116536344e-05 0 3 3 2 2 1 0 0 1 0
0.00011428663317570318 0 3 3 2 2 1 0 3 1 0
5.623824065252858e-05 0 3 3 2 2 1 0 3 1 3
8.500160949897068e-05 0 3 3 2 2 1 3 0 1 0
3.194890036855222e-05 0 3 3 2 2 1 3 0 1 3
-0.17254110266867798 0 3 3 2 2 1 3 3 1 0
0.00014802494073639548 0 3 3 2 2 1 3 3 1 3
1.4575048116536344e-05 0 3 3 2 2 2 0 0 2 0
0.00011428663317570307 0 3 3 2 2 2 0 3 2 0
5.623824065252859e-05 0 3 3 2 2 2 0 3 2 3
8.500160949897068e-05 0 3 3 2 2 2 3 0 2 0
3.1948900368552216e-05 0 3 3 2 2 2 3 0 2 3
-0.17254110266867803 0 3 3 2 2 2 3 3 2 0
0.00014802494073639548 0 3 3 2 2 2 3 3 2 3
-857.1318617987272 0 3 3 3 0 0 0 0 0 0
-121.57281828763969 0 3 3 3 0 0 0 0 0 3
-118.31789102999294 0 3 3 3 0 0 0 0 3 0
0.43472584474869025 0 3 3 3 0 0 0 0 3 3
-118.31789102999294 0 3 3 3 0 0 0 3 0 0
0.43472584474869025 0 3 3 3 0 0 0 3 0 3
0.4307035719274503 0 3 3 3 0 0 0 3 3 0
0.05970725857599678 0 3 3 3 0 0 0 3 3 3
-119.04266610252881 0 3 3 3 0 0 3 0 0 0
0.4066658103824534 0 3 3 3 0 0 3 0 0 3
0.43381489730321127 0 3 3 3 0 0 3 0 3 0
0.05572620994131926 0 3 3 3 0 0 3 0 3 3
0.4338148973032112 0 3 3 3 0 0 3 3 0 0
0.05572620994131926 0 3 3 3 0 0 3 3 0 3
0.05855678670471452 0 3 3 3 0 0 3 3 3 0
-0.029386526959191347 0 3 3 3 0 1 0 0 0 1
10.918229495675817 0 3 3 3 0 1 0 0 3 1
10.918229495675817 0 3 3 3 0 1 0 3 0 1
80.6588905356907 0 3 3 3 0 1 0 3 3 1
5.714692328114464 0 3 3 3 0 1 3 0 0 1
44.85481701388034 0 3 3 3 0 1 3 0 3 1
44.85481701388034 0 3 3 3 0 1 3 3 0 1
-14816.456408676499 0 3 3 3 0 1 3 3 3 1
-0.029386526959191347 0 3 3 3 0 2 0 0 0 2
10.918229495675813 0 3 3 3 0 2 0 0 3 2
10.918229495675815 0 3 3 3 0 2 0 3 0 2
80.6588905356907 0 3 3 3 0 2 0 3 3 2
5.714692328114464 0 3 3 3 0 2 3 0 0 2
44.854817013880336 0 3 3 3 0 2 3 0 3 2
44.85481701388034 0 3 3 3 0 2 3 3 0 2
-14816.4564086765 0 3 3 3 0 2 3 3 3 2
-118.34785120353949 0 3 3 3 0 3 0 0 0 0
0.4610638149870381 0 3 3 3 0 3 0 0 0 3
0.45670897752071254 0 3 3 3 0 3 0 0 3 0
0.057227124819274215 0 3 3 3 0 3 0 0 3 3
0.4567089775207125 0 3 3 3 0 3 0 3 0 0
0.057227124819274215 0 3 3 3 0 3 0 3 0 3
0.05581785734623069 0 3 3 3 0 3 0 3 3 0
0.46073122577138986 0 3 3 3 0 3 3 0 0 0
0.05321296458037723 0 3 3 3 0 3 3 0 0 3
0.0562671043510305 0 3 3 3 0 3 3 0 3 0
0.0562671043510305 0 3 3 3 0 3 3 3 0 0
-97.3001648880922 0 3 3 3 3 0 0 0 0 0
0.39800828996702164 0 3 3 3 3 0 0 0 0 3
0.38398600066673017 0 3 3 3 3 0 0 0 3 0
0.0561556069040769 0 3 3 3 3 0 0 0 3 3
0.3839860006667301 0 3 3 3 3 0 0 3 0 0
0.0561556069040769 0 3 3 3 3 0 0 3 0 3
0.05334503438106331 0 3 3 3 3 0 0 3 3 0
0.3957929307318283 0 3 3 3 3 0 3 0 0 0
0.056230609085725795 0 3 3 3 3 0 3 0 0 3
0.0549541021046987 0 3 3 3 3 0 3 0 3 0
0.0549541021046987 0 3 3 3 3 0 3 3 0 0
8.872166287358203 0 3 3 3 3 1 0 0 0 1
71.13479712083448 0 3 3 3 3 1 0 0 3 1
71.13479712083448 0 3 3 3 3 1 0 3 0 1
-33568.691494564424 0 3 3 3 3 1 0 3 3 1
34.52950270255161 0 3 3 3 3 1 3 0 0 1
-7742.482114858852 0 3 3 3 3 1 3 0 3 1
-7742.482114858851 0 3 3 3 3 1 3 3 0 1
-68928.82016825961 0 3 3 3 3 1 3 3 3 1
8.872166287358203 0 3 3 3 3 2 0 0 0 2
71.13479712083448 0 3 3 3 3 2 0 0 3 2
71.13479712083448 0 3 3 3 3 2 0 3 0 2
-33568.691494564424 0 3 3 3 3 2 0 3 3 2
34.52950270255161 0 3 3 3 3 2 3 0 0 2
-7742.482114858851 0 3 3 3 3 2 3 0 3 2
-7742.48211485885 0 3 3 3 3 2 3 3 0 2
-68928.8201682596 0 3 3 3 3 2 3 3 3 2
0.4156465640246317 0 3 3 3 3 3 0 0 0 0
0.0555283929885155 0 3 3 3 3 3 0 0 0 3
0.052836477941851444 0 3 3 3 3 3 0 0 3 0
0.052836477941851444 0 3 3 3 3 3 0 3 0 0
0.05463645045471871 0 3 3 3 3 3 3 0 0 0
-0.0031321014998922504 1 0 0 0 1 0 0 3 3 0
-0.003620265522787324 1 0 0 0 1 0 3 0 3 0
-0.003620265522787324 1 0 0 0 1 0 3 3 0 0
-0.028853885048527837 1 0 0 0 1 0 3 3 3 0
-0.0036500103080208054 1 0 0 0 1 0 3 3 3 3
-4.518326433264807 1 0 0 0 1 1 0 0 0 1
0.0031328994942970228 1 0 0 0 1 1 0 0 3 1
0.0031328994942970228 1 0 0 0 1 1 0 3 0 1
0.00040626804498347126 1 0 0 0 1 1 0 3 3 1
0.0036443306182078654 1 0 0 0 1 1 3 0 0 1
0.0004013974404281271 1 0 0 0 1 1 3 0 3 1
0.0004013974404281271 1 0 0 0 1 1 3 3 0 1
-4.518326433264806 1 0 0 0 1 2 0 0 0 2
0.0031328994942970228 1 0 0 0 1 2 0 0 3 2
0.0031328994942970228 1 0 0 0 1 2 0 3 0 2
0.00040626804498347115 1 0 0 0 1 2 0 3 3 2
0.0036443306182078654 1 0 0 0 1 2 3 0 0 2
0.0004013974404281271 1 0 0 0 1 2 3 0 3 2
0.0004013974404281271 1 0 0 0 1 2 3 3 0 2
-0.003646936062837213 1 0 0 0 1 3 0 0 3 0
-0.003646936062837213 1 0 0 0 1 3 0 3 0 0
-0.02602708820971758 1 0 0 0 1 3 0 3 3 0
-0.0030631720720762775 1 0 0 0 1 3 0 3 3 3
-0.0039527916981732135 1 0 0 0 1 3 3 0 0 0
-0.028150022825271907 1 0 0 0 1 3 3 0 3 0
-0.004201699165860728 1 0 0 0 1 3 3 0 3 3
-0.028150022825271903 1 0 0 0 1 3 3 3 0 0
-0.0042016991658607285 1 0 0 0 1 3 3 3 0 3
8.872166287358203 1 0 0 0 1 3 3 3 3 0
-0.029386526959191347 1 0 0 0 1 3 3 3 3 3
-40608.74602906552 1 0 0 0 2 1 0 0 0 2
58.3965020257765 1 0 0 0 2 1 0 0 3 2
58.39650202577648 1 0 0 0 2 1 0 3 0 2
7.458565729087829 1 0 0 0 2 1 0 3 3 2
60.35902653369827 1 0 0 0 2 1 3 0 0 2
7.723498168304386 1 0 0 0 2 1 3 0 3 2
7.723498168304385 1 0 0 0 2 1 3 3 0 2
-0.01674440741296492 1 0 0 0 2 1 3 3 3 2
40608.74602906552 1 0 0 0 2 2 0 0 0 1
-58.39650202577649 1 0 0 0 2 2 0 0 3 1
-58.39650202577648 1 0 0 0 2 2 0 3 0 1
-7.458565729087829 1 0 0 0 2 2 0 3 3 1
-60.35902653369827 1 0 0 0 2 2 3 0 0 1
-7.723498168304387 1 0 0 0 2 2 3 0 3 1
-7.723498168304386 1 0 0 0 2 2 3 3 0 1
0.01674440741296492 1 0 0 0 2 2 3 3 3 1
2.4741038853865172e-05 1 0 0 1 0 0 3 3 1 1
2.4741038853865172e-05 1 0 0 1 0 0 3 3 2 2
-1.6387594636244371 1 0 0 1 0 1 0 0 1 0
0.0010970152212161563 1 0 0 1 0 1 0 0 1 3
0.0011497582156807648 1 0 0 1 0 1 0 3 1 0
0.00014828155679052796 1 0 0 1 0 1 0 3 1 3
0.0011693661795182005 1 0 0 1 0 1 3 0 1 0
0.00010927141277783023 1 0 0 1 0 1 3 0 1 3
0.0001456416833235185 1 0 0 1 0 1 3 3 1 0
-1.6387594636244374 1 0 0 1 0 2 0 0 2 0
0.0010970152212161546 1 0 0 1 0 2 0 0 2 3
0.0011497582156807648 1 0 0 1 0 2 0 3 2 0
0.00014828155679052807 1 0 0 1 0 2 0 3 2 3
0.0011693661795182005 1 0 0 1 0 2 3 0 2 0
0.00010927141277783023 1 0 0 1 0 2 3 0 2 3
0.00014564168332351838 1 0 0 1 0 2 3 3 2 0
8.745276189066222e-05 1 0 0 1 0 3 0 3 1 1
8.745276189066222e-05 1 0 0 1 0 3 0 3 2 2
9.870172556031279e-05 1 0 0 1 0 3 3 0 1 1
9.870172556031279e-05 1 0 0 1 0 3 3 0 2 2
0.0007063488811861755 1 0 0 1 0 3 3 3 1 1
0.0007063488811861755 1 0 0 1 0 3 3 3 2 2
-2.581470524154603e-05 1 0 0 1 3 0 0 3 1 1
-2.581470524154603e-05 1 0 0 1 3 0 0 3 2 2
8.839700306917725e-05 1 0 0 1 3 0 3 0 1 1
8.839700306917725e-05 1 0 0 1 3 0 3 0 2 2
0.0008058437616292686 1 0 0 1 3 0 3 3 1 1
0.0008058437616292686 1 0 0 1 3 0 3 3 2 2
0.0010970152212161554 1 0 0 1 3 1 0 0 1 0
0.0002677411112201268 1 0 0 1 3 1 0 0 1 3
0.00016394517745324955 1 0 0 1 3 1 0 3 1 0
0.00016383204876919326 1 0 0 1 3 1 3 0 1 0
0.0010970152212161546 1 0 0 1 3 2 0 0 2 0
0.0002677411112201268 1 0 0 1 3 2 0 0 2 3
0.00016394517745324966 1 0 0 1 3 2 0 3 2 0
0.00016383204876919326 1 0 0 1 3 2 3 0 2 0
0.0001590281595508828 1 0 0 1 3 3 0 0 1 1
0.0001590281595508828 1 0 0 1 3 3 0 0 2 2
0.0011552738442180907 1 0 0 1 3 3 0 3 1 1
0.0011552738442180907 1 0 0 1 3 3 0 3 2 2
0.0013420792871317643 1 0 0 1 3 3 3 0 1 1
0.0013420792871317643 1 0 0 1 3 3 3 0 2 2
-0.579472384333878 1 0 0 1 3 3 3 3 1 1
-0.579472384333878 1 0 0 1 3 3 3 3 2 2
-40435.71445662766 1 0 0 2 0 1 0 0 2 0
53.33174907171112 1 0 0 2 0 1 0 0 2 3
56.97924270385326 1 0 0 2 0 1 0 3 2 0
7.444607220979655 1 0 0 2 0 1 0 3 2 3
57.65520031256043 1 0 0 2 0 1 3 0 2 0
4.510077812515929 1 0 0 2 0 1 3 0 2 3
7.318411196872917 1 0 0 2 0 1 3 3 2 0
-0.013404309369115366 1 0 0 2 0 1 3 3 2 3
40435.71445662766 1 0 0 2 0 2 0 0 1 0
-53.33174907171112 1 0 0 2 0 2 0 0 1 3
-56.97924270385326 1 0 0 2 0 2 0 3 1 0
-7.4446072209796545 1 0 0 2 0 2 0 3 1 3
-57.65520031256043 1 0 0 2 0 2 3 0 1 0
-4.510077812515929 1 0 0 2 0 2 3 0 1 3
-7.318411196872917 1 0 0 2 0 2 3 3 1 0
0.013404309369115366 1 0 0 2 0 2 3 3 1 3
53.331749071711144 1 0 0 2 3 1 0 0 2 0
9.238052698409088 1 0 0 2 3 1 0 0 2 3
7.847091469818713 1 0 0 2 3 1 0 3 2 0
-0.016687209001763566 1 0 0 2 3 1 0 3 2 3
8.655892382888661 1 0 0 2 3 1 3 0 2 0
-0.015368725315537325 1 0 0 2 3 1 3 0 2 3
-0.016613372450444374 1 0 0 2 3 1 3 3 2 0
-0.002095084580291245 1 0 0 2 3 1 3 3 2 3
-53.331749071711144 1 0 0 2 3 2 0 0 1 0
-9.238052698409088 1 0 0 2 3 2 0 0 1 3
-7.847091469818712 1 0 0 2 3 2 0 3 1 0
0.016687209001763566 1 0 0 2 3 2 0 3 1 3
-8.655892382888661 1 0 0 2 3 2 3 0 1 0
0.015368725315537325 1 0 0 2 3 2 3 0 1 3
0.016613372450444374 1 0 0 2 3 2 3 3 1 0
0.002095084580291245 1 0 0 2 3 2 3 3 1 3
-1.4575048116536351e-05 1 0 0 2 3 3 3 3 1 2
1.4575048116536338e-05 1 0 0 2 3 3 3 3 2 1
-0.0032203941658192747 1 0 0 3 1 0 0 0 3 0
-0.0031443225850402282 1 0 0 3 1 0 0 3 0 0
-0.02660193364718371 1 0 0 3 1 0 0 3 3 0
-0.0021678837928774683 1 0 0 3 1 0 0 3 3 3
-0.0036223647334732737 1 0 0 3 1 0 3 0 0 0
-0.030655494040915124 1 0 0 3 1 0 3 0 3 0
-0.0037890768431535545 1 0 0 3 1 0 3 0 3 3
-0.029635781915187162 1 0 0 3 1 0 3 3 0 0
-0.0036695412314272377 1 0 0 3 1 0 3 3 0 3
9.27025864494665 1 0 0 3 1 0 3 3 3 0
-0.03051607824749886 1 0 0 3 1 0 3 3 3 3
0.003132899494297024 1 0 0 3 1 1 0 0 0 1
0.0005459302627662003 1 0 0 3 1 1 0 0 3 1
0.0004350483615298735 1 0 0 3 1 1 0 3 0 1
0.0004245554990695941 1 0 0 3 1 1 3 0 0 1
0.003132899494297024 1 0 0 3 1 2 0 0 0 2
0.0005459302627662002 1 0 0 3 1 2 0 0 3 2
0.00043504836152987326 1 0 0 3 1 2 0 3 0 2
0.0004245554990695943 1 0 0 3 1 2 3 0 0 2
-0.0038059642223880956 1 0 0 3 1 3 0 0 0 0
-0.028210915897948857 1 0 0 3 1 3 0 0 3 0
-0.003203211691952026 1 0 0 3 1 3 0 0 3 3
-0.0275252133352734 1 0 0 3 1 3 0 3 0 0
-0.003168153786628636 1 0 0 3 1 3 0 3 0 3
9.123951060758117 1 0 0 3 1 3 0 3 3 0
-0.02302142245360115 1 0 0 3 1 3 0 3 3 3
-0.029681241582874062 1 0 0 3 1 3 3 0 0 0
-0.0043672888469362715 1 0 0 3 1 3 3 0 0 3
10.484015673682787 1 0 0 3 1 3 3 0 3 0
-0.03174801829624773 1 0 0 3 1 3 3 0 3 3
9.842909794100448 1 0 0 3 1 3 3 3 0 0
-0.03093151715973285 1 0 0 3 1 3 3 3 0 3
71.13479712083449 1 0 0 3 1 3 3 3 3 0
10.918229495675819 1 0 0 3 1 3 3 3 3 3
58.3965020257765 1 0 0 3 2 1 0 0 0 2
9.049801563183117 1 0 0 3 2 1 0 0 3 2
7.85484192935197 1 0 0 3 2 1 0 3 0 2
-0.017610743118213455 1 0 0 3 2 1 0 3 3 2
8.011681704703916 1 0 0 3 2 1 3 0 0 2
-0.01812274962873918 1 0 0 3 2 1 3 0 3 2
-0.017247116588867788 1 0 0 3 2 1 3 3 0 2
-0.002366558093767411 1 0 0 3 2 1 3 3 3 2
-58.39650202577649 1 0 0 3 2 2 0 0 0 1
-9.049801563183117 1 0 0 3 2 2 0 0 3 1
-7.85484192935197 1 0 0 3 2 2 0 3 0 1
0.017610743118213455 1 0 0 3 2 2 0 3 3 1
-8.011681704703914 1 0 0 3 2 2 3 0 0 1
0.01812274962873918 1 0 0 3 2 2 3 0 3 1
0.017247116588867788 1 0 0 3 2 2 3 3 0 1
0.002366558093767411 1 0 0 3 2 2 3 3 3 1
2.4741038853865176e-05 1 0 1 0 0 0 3 1 3 1
2.4741038853865176e-05 1 0 1 0 0 0 3 2 3 2
-1.638759463624437 1 0 1 0 0 1 0 1 0 0
0.0010970152212161563 1 0 1 0 0 1 0 1 0 3
0.001149758215680764 1 0 1 0 0 1 0 1 3 0
0.00014828155679052796 1 0 1 0 0 1 0 1 3 3
0.0011693661795181996 1 0 1 0 0 1 3 1 0 0
0.00010927141277783023 1 0 1 0 0 1 3 1 0 3
0.00014564168332351838 1 0 1 0 0 1 3 1 3 0
-1.638759463624437 1 0 1 0 0 2 0 2 0 0
0.0010970152212161563 1 0 1 0 0 2 0 2 0 3
0.001149758215680764 1 0 1 0 0 2 0 2 3 0
0.00014828155679052796 1 0 1 0 0 2 0 2 3 3
0.0011693661795181996 1 0 1 0 0 2 3 2 0 0
0.00010927141277783023 1 0 1 0 0 2 3 2 0 3
0.00014564168332351838 1 0 1 0 0 2 3 2 3 0
8.745276189066222e-05 1 0 1 0 0 3 0 1 3 1
8.745276189066222e-05 1 0 1 0 0 3 0 2 3 2
9.870172556031276e-05 1 0 1 0 0 3 3 1 0 1
0.0007063488811861754 1 0 1 0 0 3 3 1 3 1
9.870172556031276e-05 1 0 1 0 0 3 3 2 0 2
0.0007063488811861754 1 0 1 0 0 3 3 2 3 2
-2.581470524154603e-05 1 0 1 0 3 0 0 1 3 1
-2.581470524154603e-05 1 0 1 0 3 0 0 2 3 2
8.839700306917724e-05 1 0 1 0 3 0 3 1 0 1
0.0008058437616292686 1 0 1 0 3 0 3 1 3 1
8.839700306917724e-05 1 0 1 0 3 0 3 2 0 2
0.0008058437616292686 1 0 1 0 3 0 3 2 3 2
0.0010970152212161546 1 0 1 0 3 1 0 1 0 0
0.0002677411112201269 1 0 1 0 3 1 0 1 0 3
0.00016394517745324966 1 0 1 0 3 1 0 1 3 0
0.00016383204876919326 1 0 1 0 3 1 3 1 0 0
0.0010970152212161546 1 0 1 0 3 2 0 2 0 0
0.0002677411112201269 1 0 1 0 3 2 0 2 0 3
0.00016394517745324966 1 0 1 0 3 2 0 2 3 0
0.00016383204876919326 1 0 1 0 3 2 3 2 0 0
0.00015902815955088278 1 0 1 0 3 3 0 1 0 1
0.001155273844218091 1 0 1 0 3 3 0 1 3 1
0.00015902815955088278 1 0 1 0 3 3 0 2 0 2
0.001155273844218091 1 0 1 0 3 3 0 2 3 2
0.0013420792871317643 1 0 1 0 3 3 3 1 0 1
-0.579472384333878 1 0 1 0 3 3 3 1 3 1
0.0013420792871317643 1 0 1 0 3 3 3 2 0 2
-0.579472384333878 1 0 1 0 3 3 3 2 3 2
-1.4764944230699742e-08 1 0 1 1 1 1 0 1 2 2
-1.4764944230699742e-08 1 0 1 1 1 1 0 2 1 2
2.9529888461399484e-08 1 0 1 1 1 1 0 2 2 1
2.9529888461399484e-08 1 0 1 1 1 2 0 1 1 2
-1.4764944230699742e-08 1 0 1 1 1 2 0 1 2 1
-1.4764944230699742e-08 1 0 1 1 1 2 0 2 1 1
-1.9436179442799068e-05 1 0 1 1 1 3 3 1 1 0
-1.9436179442799068e-05 1 0 1 1 1 3 3 2 2 0
-5.1006185682705044e-05 1 0 1 1 2 1 0 1 1 2
1.5648855718490868e-05 1 0 1 1 2 1 0 1 2 1
1.5648855718490868e-05 1 0 1 1 2 1 0 2 1 1
-1.9708474245723297e-05 1 0 1 1 2 1 0 2 2 2
1.97084742457233e-05 1 0 1 1 2 2 0 1 1 1
-1.5648855718490868e-05 1 0 1 1 2 2 0 1 2 2
-1.5648855718490868e-05 1 0 1 1 2 2 0 2 1 2
5.100618568270503e-05 1 0 1 1 2 2 0 2 2 1
3.803579038952293e-05 1 0 1 2 1 0 0 1 2 0
-3.803579038952293e-05 1 0 1 2 1 0 0 2 1 0
0.0005098560628639852 1 0 1 2 1 0 3 1 2 0
5.9767805863159026e-05 1 0 1 2 1 0 3 1 2 3
-0.0005098560628639852 1 0 1 2 1 0 3 2 1 0
-5.9767805863159026e-05 1 0 1 2 1 0 3 2 1 3
1.564885571849086e-05 1 0 1 2 1 1 0 1 1 2
-8.207205480146408e-05 1 0 1 2 1 1 0 1 2 1
2.8809846434863336e-05 1 0 1 2 1 1 0 2 1 1
-3.7613352648109885e-05 1 0 1 2 1 1 0 2 2 2
3.7613352648109885e-05 1 0 1 2 1 2 0 1 1 1
-2.8809846434863343e-05 1 0 1 2 1 2 0 1 2 2
8.207205480146408e-05 1 0 1 2 1 2 0 2 1 2
-1.564885571849086e-05 1 0 1 2 1 2 0 2 2 1
0.0003428512813377297 1 0 1 2 1 3 0 1 2 0
1.7528952661695386e-05 1 0 1 2 1 3 0 1 2 3
-0.0003428512813377297 1 0 1 2 1 3 0 2 1 0
-1.7528952661695386e-05 1 0 1 2 1 3 0 2 1 3
-0.3205529397911688 1 0 1 2 1 3 3 1 2 0
0.00040825056825744547 1 0 1 2 1 3 3 1 2 3
0.3205529397911688 1 0 1 2 1 3 3 2 1 0
-0.00040825056825744547 1 0 1 2 1 3 3 2 1 3
-1.4764944230696354e-08 1 0 1 2 2 1 0 1 1 1
-0.7987031420412507 1 0 1 2 2 1 0 1 2 2
0.39625649178989786 1 0 1 2 2 1 0 2 1 2
0.4024466354864083 1 0 1 2 2 1 0 2 2 1
0.0005813115260032179 1 0 1 2 2 1 3 1 2 2
-0.00029432151386817577 1 0 1 2 2 1 3 2 1 2
-0.00028699001213504215 1 0 1 2 2 1 3 2 2 1
0.4024466354864083 1 0 1 2 2 2 0 1 1 2
0.39625649178989786 1 0 1 2 2 2 0 1 2 1
-0.7987031420412507 1 0 1 2 2 2 0 2 1 1
-1.4764944230696354e-08 1 0 1 2 2 2 0 2 2 2
-0.00028699001213504215 1 0 1 2 2 2 3 1 1 2
-0.00029432151386817577 1 0 1 2 2 2 3 1 2 1
0.0005813115260032179 1 0 1 2 2 2 3 2 1 1
5.595928208057658e-06 1 0 1 2 2 3 3 1 1 0
5.595928208057658e-06 1 0 1 2 2 3 3 2 2 0
7.242492959020213e-05 1 0 1 3 0 0 0 1 3 1
7.242492959020212e-05 1 0 1 3 0 0 0 2 3 2
3.0437076677781102e-05 1 0 1 3 0 0 3 1 0 1
0.00020060568990143605 1 0 1 3 0 0 3 1 3 1
3.0437076677781102e-05 1 0 1 3 0 0 3 2 0 2
0.00020060568990143605 1 0 1 3 0 0 3 2 3 2
0.001149758215680763 1 0 1 3 0 1 0 1 0 0
0.00016394517745324955 1 0 1 3 0 1 0 1 0 3
0.0002241789715637212 1 0 1 3 0 1 0 1 3 0
0.0001590345313428541 1 0 1 3 0 1 3 1 0 0
0.001149758215680763 1 0 1 3 0 2 0 2 0 0
0.00016394517745324955 1 0 1 3 0 2 0 2 0 3
0.0002241789715637214 1 0 1 3 0 2 0 2 3 0
0.0001590345313428541 1 0 1 3 0 2 3 2 0 0
8.74527618906622e-05 1 0 1 3 0 3 0 1 0 1
0.0006447287256420881 1 0 1 3 0 3 0 1 3 1
8.74527618906622e-05 1 0 1 3 0 3 0 2 0 2
0.0006447287256420881 1 0 1 3 0 3 0 2 3 2
0.0007223479153150983 1 0 1 3 0 3 3 1 0 1
-0.02243534704340185 1 0 1 3 0 3 3 1 3 1
0.0007223479153150983 1 0 1 3 0 3 3 2 0 2
-0.02243534704340185 1 0 1 3 0 3 3 2 3 2
-2.581470524154603e-05 1 0 1 3 3 0 0 1 0 1
-5.274704141315504e-05 1 0 1 3 3 0 0 1 3 1
-2.581470524154603e-05 1 0 1 3 3 0 0 2 0 2
-5.274704141315504e-05 1 0 1 3 3 0 0 2 3 2
0.0008231993346186379 1 0 1 3 3 0 3 1 0 1
-0.4122328957606987 1 0 1 3 3 0 3 1 3 1
0.0008231993346186379 1 0 1 3 3 0 3 2 0 2
-0.4122328957606987 1 0 1 3 3 0 3 2 3 2
0.00014828155679052796 1 0 1 3 3 1 0 1 0 0
0.00014828155679052796 1 0 1 3 3 2 0 2 0 0
0.0011552738442180907 1 0 1 3 3 3 0 1 0 1
-0.4270680217932787 1 0 1 3 3 3 0 1 3 1
0.0011552738442180907 1 0 1 3 3 3 0 2 0 2
-0.4270680217932787 1 0 1 3 3 3 0 2 3 2
-0.6084442001793466 1 0 1 3 3 3 3 1 0 1
-4.564902813116224 1 0 1 3 3 3 3 1 3 1
-0.6084442001793466 1 0 1 3 3 3 3 2 0 2
-4.564902813116223 1 0 1 3 3 3 3 2 3 2
-40435.71445662766 1 0 2 0 0 1 0 2 0 0
53.33174907171112 1 0 2 0 0 1 0 2 0 3
56.979242703853274 1 0 2 0 0 1 0 2 3 0
7.444607220979656 1 0 2 0 0 1 0 2 3 3
57.65520031256043 1 0 2 0 0 1 3 2 0 0
4.510077812515929 1 0 2 0 0 1 3 2 0 3
7.318411196872918 1 0 2 0 0 1 3 2 3 0
-0.013404309369115366 1 0 2 0 0 1 3 2 3 3
40435.71445662766 1 0 2 0 0 2 0 1 0 0
-53.33174907171112 1 0 2 0 0 2 0 1 0 3
-56.979242703853274 1 0 2 0 0 2 0 1 3 0
-7.444607220979655 1 0 2 0 0 2 0 1 3 3
-57.65520031256043 1 0 2 0 0 2 3 1 0 0
-4.510077812515929 1 0 2 0 0 2 3 1 0 3
-7.318411196872918 1 0 2 0 0 2 3 1 3 0
0.013404309369115366 1 0 2 0 0 2 3 1 3 3
53.331749071711144 1 0 2 0 3 1 0 2 0 0
9.238052698409088 1 0 2 0 3 1 0 2 0 3
7.847091469818712 1 0 2 0 3 1 0 2 3 0
-0.01668720900176357 1 0 2 0 3 1 0 2 3 3
8.655892382888661 1 0 2 0 3 1 3 2 0 0
-0.015368725315537325 1 0 2 0 3 1 3 2 0 3
-0.016613372450444377 1 0 2 0 3 1 3 2 3 0
-0.002095084580291245 1 0 2 0 3 1 3 2 3 3
-53.331749071711144 1 0 2 0 3 2 0 1 0 0
-9.238052698409088 1 0 2 0 3 2 0 1 0 3
-7.847091469818711 1 0 2 0 3 2 0 1 3 0
0.01668720900176357 1 0 2 0 3 2 0 1 3 3
-8.655892382888661 1 0 2 0 3 2 3 1 0 0
0.015368725315537325 1 0 2 0 3 2 3 1 0 3
0.016613372450444377 1 0 2 0 3 2 3 1 3 0
0.002095084580291245 1 0 2 0 3 2 3 1 3 3
-1.4575048116536348e-05 1 0 2 0 3 3 3 1 3 2
1.4575048116536348e-05 1 0 2 0 3 3 3 2 3 1
-3.803579038952293e-05 1 0 2 1 1 0 0 1 2 0
3.803579038952293e-05 1 0 2 1 1 0 0 2 1 0
-0.0005098560628639852 1 0 2 1 1 0 3 1 2 0
-5.9767805863159026e-05 1 0 2 1 1 0 3 1 2 3
0.0005098560628639852 1 0 2 1 1 0 3 2 1 0
5.9767805863159026e-05 1 0 2 1 1 0 3 2 1 3
1.5648855718490868e-05 1 0 2 1 1 1 0 1 1 2
2.8809846434863336e-05 1 0 2 1 1 1 0 1 2 1
-8.207205480146409e-05 1 0 2 1 1 1 0 2 1 1
-3.761335264810987e-05 1 0 2 1 1 1 0 2 2 2
3.7613352648109885e-05 1 0 2 1 1 2 0 1 1 1
8.207205480146409e-05 1 0 2 1 1 2 0 1 2 2
-2.8809846434863343e-05 1 0 2 1 1 2 0 2 1 2
-1.564885571849088e-05 1 0 2 1 1 2 0 2 2 1
-0.0003428512813377297 1 0 2 1 1 3 0 1 2 0
-1.7528952661695386e-05 1 0 2 1 1 3 0 1 2 3
0.0003428512813377297 1 0 2 1 1 3 0 2 1 0
1.7528952661695386e-05 1 0 2 1 1 3 0 2 1 3
0.3205529397911688 1 0 2 1 1 3 3 1 2 0
-0.00040825056825744547 1 0 2 1 1 3 3 1 2 3
-0.3205529397911687 1 0 2 1 1 3 3 2 1 0
0.00040825056825744547 1 0 2 1 1 3 3 2 1 3
-1.4764944230696354e-08 1 0 2 1 2 1 0 1 1 1
0.39625649178989786 1 0 2 1 2 1 0 1 2 2
-0.7987031420412507 1 0 2 1 2 1 0 2 1 2
0.40244663548640824 1 0 2 1 2 1 0 2 2 1
-0.00029432151386817577 1 0 2 1 2 1 3 1 2 2
0.0005813115260032179 1 0 2 1 2 1 3 2 1 2
-0.00028699001213504215 1 0 2 1 2 1 3 2 2 1
0.40244663548640824 1 0 2 1 2 2 0 1 1 2
-0.7987031420412507 1 0 2 1 2 2 0 1 2 1
0.39625649178989786 1 0 2 1 2 2 0 2 1 1
-1.4764944230696354e-08 1 0 2 1 2 2 0 2 2 2
-0.00028699001213504215 1 0 2 1 2 2 3 1 1 2
0.0005813115260032179 1 0 2 1 2 2 3 1 2 1
-0.00029432151386817577 1 0 2 1 2 2 3 2 1 1
5.595928208057658e-06 1 0 2 1 2 3 3 1 1 0
5.595928208057658e-06 1 0 2 1 2 3 3 2 2 0
2.9529888461394402e-08 1 0 2 2 1 1 0 1 1 1
0.40244663548640824 1 0 2 2 1 1 0 1 2 2
0.40244663548640824 1 0 2 2 1 1 0 2 1 2
-0.8048932414429283 1 0 2 2 1 1 0 2 2 1
-0.00028699001213504215 1 0 2 2 1 1 3 1 2 2
-0.00028699001213504215 1 0 2 2 1 1 3 2 1 2
0.0005739800242700843 1 0 2 2 1 1 3 2 2 1
-0.8048932414429283 1 0 2 2 1 2 0 1 1 2
0.40244663548640824 1 0 2 2 1 2 0 1 2 1
0.40244663548640824 1 0 2 2 1 2 0 2 1 1
2.9529888461401178e-08 1 0 2 2 1 2 0 2 2 2
0.0005739800242700843 1 0 2 2 1 2 3 1 1 2
-0.00028699001213504215 1 0 2 2 1 2 3 1 2 1
-0.00028699001213504215 1 0 2 2 1 2 3 2 1 1
-3.062803585891439e-05 1 0 2 2 1 3 3 1 1 0
-3.062803585891439e-05 1 0 2 2 1 3 3 2 2 0
-1.9708474245723325e-05 1 0 2 2 2 1 0 1 1 2
-3.76133526481099e-05 1 0 2 2 2 1 0 1 2 1
-3.7613352648109885e-05 1 0 2 2 2 1 0 2 1 1
-9.493517954194308e-05 1 0 2 2 2 1 0 2 2 2
9.493517954194307e-05 1 0 2 2 2 2 0 1 1 1
3.7613352648109885e-05 1 0 2 2 2 2 0 1 2 2
3.7613352648109885e-05 1 0 2 2 2 2 0 2 1 2
1.9708474245723325e-05 1 0 2 2 2 2 0 2 2 1
56.97924270385327 1 0 2 3 0 1 0 2 0 0
7.847091469818712 1 0 2 3 0 1 0 2 0 3
8.814508480985584 1 0 2 3 0 1 0 2 3 0
-0.016680527126835123 1 0 2 3 0 1 0 2 3 3
7.684403528277771 1 0 2 3 0 1 3 2 0 0
-0.013932710393058071 1 0 2 3 0 1 3 2 0 3
-0.016954599251378433 1 0 2 3 0 1 3 2 3 0
-0.0019317870849722635 1 0 2 3 0 1 3 2 3 3
-56.97924270385327 1 0 2 3 0 2 0 1 0 0
-7.847091469818712 1 0 2 3 0 2 0 1 0 3
-8.814508480985586 1 0 2 3 0 2 0 1 3 0
0.016680527126835123 1 0 2 3 0 2 0 1 3 3
-7.684403528277771 1 0 2 3 0 2 3 1 0 0
0.013932710393058071 1 0 2 3 0 2 3 1 0 3
0.016954599251378433 1 0 2 3 0 2 3 1 3 0
0.0019317870849722635 1 0 2 3 0 2 3 1 3 3
-5.6238240652528584e-05 1 0 2 3 0 3 3 1 3 2
5.6238240652528584e-05 1 0 2 3 0 3 3 2 3 1
-1.8642924991367012e-05 1 0 2 3 3 0 3 1 3 2
1.8642924991367005e-05 1 0 2 3 3 0 3 2 3 1
7.444607220979655 1 0 2 3 3 1 0 2 0 0
-0.016687209001763566 1 0 2 3 3 1 0 2 0 3
-0.016680527126835126 1 0 2 3 3 1 0 2 3 0
-0.002485021612491498 1 0 2 3 3 1 0 2 3 3
-0.016567793450116997 1 0 2 3 3 1 3 2 0 0
-0.0021572812103378947 1 0 2 3 3 1 3 2 0 3
-0.0023876343913907987 1 0 2 3 3 1 3 2 3 0
-7.444607220979655 1 0 2 3 3 2 0 1 0 0
0.016687209001763566 1 0 2 3 3 2 0 1 0 3
0.016680527126835126 1 0 2 3 3 2 0 1 3 0
0.002485021612491498 1 0 2 3 3 2 0 1 3 3
0.016567793450116997 1 0 2 3 3 2 3 1 0 0
0.0021572812103378947 1 0 2 3 3 2 3 1 0 3
0.0023876343913907987 1 0 2 3 3 2 3 1 3 0
-6.483542346273505e-05 1 0 2 3 3 3 0 1 3 2
6.483542346273508e-05 1 0 2 3 3 3 0 2 3 1
-1.3908551014434167e-05 1 0 2 3 3 3 3 1 0 2
-0.00011428663317570296 1 0 2 3 3 3 3 1 3 2
1.3908551014434163e-05 1 0 2 3 3 3 3 2 0 1
0.00011428663317570285 1 0 2 3 3 3 3 2 3 1
-0.0031443225850402282 1 0 3 0 1 0 0 0 3 0
-0.0032203941658192747 1 0 3 0 1 0 0 3 0 0
-0.026601933647183718 1 0 3 0 1 0 0 3 3 0
-0.0021678837928774683 1 0 3 0 1 0 0 3 3 3
-0.0036223647334732746 1 0 3 0 1 0 3 0 0 0
-0.029635781915187162 1 0 3 0 1 0 3 0 3 0
-0.0036695412314272377 1 0 3 0 1 0 3 0 3 3
-0.030655494040915127 1 0 3 0 1 0 3 3 0 0
-0.003789076843153556 1 0 3 0 1 0 3 3 0 3
9.27025864494665 1 0 3 0 1 0 3 3 3 0
-0.03051607824749886 1 0 3 0 1 0 3 3 3 3
0.0031328994942970223 1 0 3 0 1 1 0 0 0 1
0.0004350483615298735 1 0 3 0 1 1 0 0 3 1
0.0005459302627662002 1 0 3 0 1 1 0 3 0 1
0.0004245554990695941 1 0 3 0 1 1 3 0 0 1
0.0031328994942970223 1 0 3 0 1 2 0 0 0 2
0.0004350483615298735 1 0 3 0 1 2 0 0 3 2
0.0005459302627662002 1 0 3 0 1 2 0 3 0 2
0.0004245554990695943 1 0 3 0 1 2 3 0 0 2
-0.003805964222388095 1 0 3 0 1 3 0 0 0 0
-0.0275252133352734 1 0 3 0 1 3 0 0 3 0
-0.003168153786628636 1 0 3 0 1 3 0 0 3 3
-0.028210915897948868 1 0 3 0 1 3 0 3 0 0
-0.003203211691952026 1 0 3 0 1 3 0 3 0 3
9.12395106075812 1 0 3 0 1 3 0 3 3 0
-0.023021422453601153 1 0 3 0 1 3 0 3 3 3
-0.029681241582874066 1 0 3 0 1 3 3 0 0 0
-0.004367288846936272 1 0 3 0 1 3 3 0 0 3
9.842909794100448 1 0 3 0 1 3 3 0 3 0
-0.03093151715973285 1 0 3 0 1 3 3 0 3 3
10.484015673682785 1 0 3 0 1 3 3 3 0 0
-0.03174801829624774 1 0 3 0 1 3 3 3 0 3
71.13479712083452 1 0 3 0 1 3 3 3 3 0
10.918229495675815 1 0 3 0 1 3 3 3 3 3
58.39650202577649 1 0 3 0 2 1 0 0 0 2
7.85484192935197 1 0 3 0 2 1 0 0 3 2
9.049801563183117 1 0 3 0 2 1 0 3 0 2
-0.01761074311821345 1 0 3 0 2 1 0 3 3 2
8.011681704703918 1 0 3 0 2 1 3 0 0 2
-0.017247116588867788 1 0 3 0 2 1 3 0 3 2
-0.01812274962873918 1 0 3 0 2 1 3 3 0 2
-0.0023665580937674104 1 0 3 0 2 1 3 3 3 2
-58.39650202577649 1 0 3 0 2 2 0 0 0 1
-7.85484192935197 1 0 3 0 2 2 0 0 3 1
-9.049801563183117 1 0 3 0 2 2 0 3 0 1
0.01761074311821345 1 0 3 0 2 2 0 3 3 1
-8.011681704703916 1 0 3 0 2 2 3 0 0 1
0.017247116588867788 1 0 3 0 2 2 3 0 3 1
0.01812274962873918 1 0 3 0 2 2 3 3 0 1
0.0023665580937674104 1 0 3 0 2 2 3 3 3 1
7.242492959020213e-05 1 0 3 1 0 0 0 3 1 1
7.242492959020212e-05 1 0 3 1 0 0 0 3 2 2
3.0437076677781102e-05 1 0 3 1 0 0 3 0 1 1
3.0437076677781102e-05 1 0 3 1 0 0 3 0 2 2
0.00020060568990143605 1 0 3 1 0 0 3 3 1 1
0.00020060568990143605 1 0 3 1 0 0 3 3 2 2
0.0011497582156807648 1 0 3 1 0 1 0 0 1 0
0.00016394517745324966 1 0 3 1 0 1 0 0 1 3
0.0002241789715637212 1 0 3 1 0 1 0 3 1 0
0.00015903453134285395 1 0 3 1 0 1 3 0 1 0
0.0011497582156807648 1 0 3 1 0 2 0 0 2 0
0.00016394517745324966 1 0 3 1 0 2 0 0 2 3
0.0002241789715637214 1 0 3 1 0 2 0 3 2 0
0.00015903453134285406 1 0 3 1 0 2 3 0 2 0
8.74527618906622e-05 1 0 3 1 0 3 0 0 1 1
8.74527618906622e-05 1 0 3 1 0 3 0 0 2 2
0.0006447287256420881 1 0 3 1 0 3 0 3 1 1
0.0006447287256420881 1 0 3 1 0 3 0 3 2 2
0.0007223479153150983 1 0 3 1 0 3 3 0 1 1
0.0007223479153150983 1 0 3 1 0 3 3 0 2 2
-0.02243534704340185 1 0 3 1 0 3 3 3 1 1
-0.02243534704340185 1 0 3 1 0 3 3 3 2 2
-2.581470524154603e-05 1 0 3 1 3 0 0 0 1 1
-2.581470524154603e-05 1 0 3 1 3 0 0 0 2 2
-5.274704141315504e-05 1 0 3 1 3 0 0 3 1 1
-5.274704141315504e-05 1 0 3 1 3 0 0 3 2 2
0.0008231993346186377 1 0 3 1 3 0 3 0 1 1
0.0008231993346186377 1 0 3 1 3 0 3 0 2 2
-0.4122328957606987 1 0 3 1 3 0 3 3 1 1
-0.4122328957606987 1 0 3 1 3 0 3 3 2 2
0.00014828155679052796 1 0 3 1 3 1 0 0 1 0
0.00014828155679052796 1 0 3 1 3 2 0 0 2 0
0.0011552738442180907 1 0 3 1 3 3 0 0 1 1
0.0011552738442180907 1 0 3 1 3 3 0 0 2 2
-0.4270680217932787 1 0 3 1 3 3 0 3 1 1
-0.4270680217932787 1 0 3 1 3 3 0 3 2 2
-0.6084442001793466 1 0 3 1 3 3 3 0 1 1
-0.6084442001793466 1 0 3 1 3 3 3 0 2 2
-4.564902813116224 1 0 3 1 3 3 3 3 1 1
-4.564902813116223 1 0 3 1 3 3 3 3 2 2
56.97924270385327 1 0 3 2 0 1 0 0 2 0
7.847091469818712 1 0 3 2 0 1 0 0 2 3
8.814508480985584 1 0 3 2 0 1 0 3 2 0
-0.016680527126835123 1 0 3 2 0 1 0 3 2 3
7.684403528277771 1 0 3 2 0 1 3 0 2 0
-0.01393271039305807 1 0 3 2 0 1 3 0 2 3
-0.01695459925137843 1 0 3 2 0 1 3 3 2 0
-0.0019317870849722635 1 0 3 2 0 1 3 3 2 3
-56.97924270385327 1 0 3 2 0 2 0 0 1 0
-7.847091469818712 1 0 3 2 0 2 0 0 1 3
-8.814508480985586 1 0 3 2 0 2 0 3 1 0
0.016680527126835123 1 0 3 2 0 2 0 3 1 3
-7.684403528277771 1 0 3 2 0 2 3 0 1 0
0.01393271039305807 1 0 3 2 0 2 3 0 1 3
0.01695459925137843 1 0 3 2 0 2 3 3 1 0
0.0019317870849722635 1 0 3 2 0 2 3 3 1 3
-5.623824065252857e-05 1 0 3 2 0 3 3 3 1 2
5.623824065252857e-05 1 0 3 2 0 3 3 3 2 1
-1.8642924991367032e-05 1 0 3 2 3 0 3 3 1 2
1.864292499136702e-05 1 0 3 2 3 0 3 3 2 1
7.444607220979655 1 0 3 2 3 1 0 0 2 0
-0.016687209001763566 1 0 3 2 3 1 0 0 2 3
-0.016680527126835123 1 0 3 2 3 1 0 3 2 0
-0.002485021612491498 1 0 3 2 3 1 0 3 2 3
-0.016567793450116997 1 0 3 2 3 1 3 0 2 0
-0.0021572812103378947 1 0 3 2 3 1 3 0 2 3
-0.0023876343913907987 1 0 3 2 3 1 3 3 2 0
-7.444607220979655 1 0 3 2 3 2 0 0 1 0
0.016687209001763566 1 0 3 2 3 2 0 0 1 3
0.016680527126835123 1 0 3 2 3 2 0 3 1 0
0.002485021612491498 1 0 3 2 3 2 0 3 1 3
0.016567793450116997 1 0 3 2 3 2 3 0 1 0
0.0021572812103378947 1 0 3 2 3 2 3 0 1 3
0.0023876343913907987 1 0 3 2 3 2 3 3 1 0
-6.483542346273505e-05 1 0 3 2 3 3 0 3 1 2
6.483542346273508e-05 1 0 3 2 3 3 0 3 2 1
-1.390855101443418e-05 1 0 3 2 3 3 3 0 1 2
1.3908551014434177e-05 1 0 3 2 3 3 3 0 2 1
-0.00011428663317570301 1 0 3 2 3 3 3 3 1 2
0.00011428663317570312 1 0 3 2 3 3 3 3 2 1
-0.003080472089409159 1 0 3 3 1 0 0 0 0 0
-0.02654918660577055 1 0 3 3 1 0 0 0 3 0
-0.0022403087224676706 1 0 3 3 1 0 0 0 3 3
-0.026549186605770558 1 0 3 3 1 0 0 3 0 0
-0.002240308722467671 1 0 3 3 1 0 0 3 0 3
6.082834860268601 1 0 3 3 1 0 0 3 3 0
-0.017179655632965765 1 0 3 3 1 0 0 3 3 3
-0.02943267780209725 1 0 3 3 1 0 3 0 0 0
-0.0035809286187551844 1 0 3 3 1 0 3 0 0 3
8.737130569356891 1 0 3 3 1 0 3 0 3 0
-0.03044916116576826 1 0 3 3 1 0 3 0 3 3
8.737130569356891 1 0 3 3 1 0 3 3 0 0
-0.03044916116576826 1 0 3 3 1 0 3 3 0 3
89.45053213235347 1 0 3 3 1 0 3 3 3 0
9.373408982126163 1 0 3 3 1 0 3 3 3 3
0.00040626804498347126 1 0 3 3 1 1 0 0 0 1
0.00040626804498347126 1 0 3 3 1 2 0 0 0 2
-0.028337635898153763 1 0 3 3 1 3 0 0 0 0
-0.003238077595857602 1 0 3 3 1 3 0 0 0 3
9.550954247127935 1 0 3 3 1 3 0 0 3 0
-0.02366615117924324 1 0 3 3 1 3 0 0 3 3
9.550954247127935 1 0 3 3 1 3 0 3 0 0
-0.02366615117924324 1 0 3 3 1 3 0 3 0 3
71.2167623050786 1 0 3 3 1 3 0 3 3 0
2.698639251635969 1 0 3 3 1 3 0 3 3 3
10.230442321730214 1 0 3 3 1 3 3 0 0 0
-0.03169200429201731 1 0 3 3 1 3 3 0 0 3
76.32518515165474 1 0 3 3 1 3 3 0 3 0
11.397181529525287 1 0 3 3 1 3 3 0 3 3
76.32518515165475 1 0 3 3 1 3 3 3 0 0
11.397181529525291 1 0 3 3 1 3 3 3 0 3
-33568.69149456444 1 0 3 3 1 3 3 3 3 0
80.65889053569072 1 0 3 3 1 3 3 3 3 3
7.4585657290878284 1 0 3 3 2 1 0 0 0 2
-0.017610743118213455 1 0 3 3 2 1 0 0 3 2
-0.01761074311821345 1 0 3 3 2 1 0 3 0 2
-0.0024830328512048068 1 0 3 3 2 1 0 3 3 2
-0.017161182737034306 1 0 3 3 2 1 3 0 0 2
-0.0024008050815396364 1 0 3 3 2 1 3 0 3 2
-0.0024008050815396364 1 0 3 3 2 1 3 3 0 2
-7.4585657290878284 1 0 3 3 2 2 0 0 0 1
0.017610743118213455 1 0 3 3 2 2 0 0 3 1
0.01761074311821345 1 0 3 3 2 2 0 3 0 1
0.0024830328512048068 1 0 3 3 2 2 0 3 3 1
0.017161182737034306 1 0 3 3 2 2 3 0 0 1
0.0024008050815396364 1 0 3 3 2 2 3 0 3 1
0.0024008050815396364 1 0 3 3 2 2 3 3 0 1
-0.0019423783707682187 1 1 0 0 0 0 1 3 3 1
-0.0019423783707682187 1 1 0 0 0 0 2 3 3 2
-5.3484957206919574 1 1 0 0 0 1 1 0 0 0
0.004142607449105218 1 1 0 0 0 1 1 0 0 3
0.003735273245274043 1 1 0 0 0 1 1 0 3 0
0.0004844641207350854 1 1 0 0 0 1 1 0 3 3
0.003735273245274043 1 1 0 0 0 1 1 3 0 0
0.0004844641207350854 1 1 0 0 0 1 1 3 0 3
0.00048429872992815034 1 1 0 0 0 1 1 3 3 0
-5.3484957206919574 1 1 0 0 0 2 2 0 0 0
0.004142607449105217 1 1 0 0 0 2 2 0 0 3
0.003735273245274043 1 1 0 0 0 2 2 0 3 0
0.00048446412073508533 1 1 0 0 0 2 2 0 3 3
0.003735273245274043 1 1 0 0 0 2 2 3 0 0
0.00048446412073508533 1 1 0 0 0 2 2 3 0 3
0.00048429872992815034 1 1 0 0 0 2 2 3 3 0
-0.001773312853964061 1 1 0 0 0 3 1 0 3 1
-0.0017733128539640613 1 1 0 0 0 3 1 3 0 1
-0.012295762528769702 1 1 0 0 0 3 1 3 3 1
-0.001773312853964061 1 1 0 0 0 3 2 0 3 2
-0.0017733128539640613 1 1 0 0 0 3 2 3 0 2
-0.012295762528769702 1 1 0 0 0 3 2 3 3 2
-0.0015929442187048782 1 1 0 0 3 0 1 0 3 1
-0.0015929442187048782 1 1 0 0 3 0 1 3 0 1
-0.013396716645832776 1 1 0 0 3 0 1 3 3 1
-0.0015929442187048782 1 1 0 0 3 0 2 0 3 2
-0.0015929442187048782 1 1 0 0 3 0 2 3 0 2
-0.013396716645832776 1 1 0 0 3 0 2 3 3 2
0.004142607449105216 1 1 0 0 3 1 1 0 0 0
0.0009080772705710122 1 1 0 0 3 1 1 0 0 3
0.0005206671846068819 1 1 0 0 3 1 1 0 3 0
0.0005206671846068819 1 1 0 0 3 1 1 3 0 0
0.004142607449105216 1 1 0 0 3 2 2 0 0 0
0.0009080772705710126 1 1 0 0 3 2 2 0 0 3
0.0005206671846068819 1 1 0 0 3 2 2 0 3 0
0.0005206671846068819 1 1 0 0 3 2 2 3 0 0
-0.0015575679577384883 1 1 0 0 3 3 1 0 0 1
-0.011304674947461426 1 1 0 0 3 3 1 0 3 1
-0.011304674947461428 1 1 0 0 3 3 1 3 0 1
4.973658495722854 1 1 0 0 3 3 1 3 3 1
-0.0015575679577384883 1 1 0 0 3 3 2 0 0 2
-0.011304674947461426 1 1 0 0 3 3 2 0 3 2
-0.011304674947461428 1 1 0 0 3 3 2 3 0 2
4.973658495722854 1 1 0 0 3 3 2 3 3 2
-1.01992466298975e-05 1 1 0 1 1 1 1 0 2 2
7.906676719102992e-06 1 1 0 1 1 1 2 0 1 2
2.2925699107945353e-06 1 1 0 1 1 1 2 0 2 1
2.2925699107945353e-06 1 1 0 1 1 2 1 0 1 2
7.906676719102992e-06 1 1 0 1 1 2 1 0 2 1
-1.01992466298975e-05 1 1 0 1 1 2 2 0 1 1
-7.967815642028836e-06 1 1 0 1 1 3 1 3 1 0
-7.967815642028836e-06 1 1 0 1 1 3 2 3 2 0
-0.00012187588198362808 1 1 0 1 2 0 1 0 2 0
-0.0007843814623736662 1 1 0 1 2 0 1 3 2 0
-6.769895080252299e-05 1 1 0 1 2 0 1 3 2 3
0.00012187588198362808 1 1 0 1 2 0 2 0 1 0
0.0007843814623736662 1 1 0 1 2 0 2 3 1 0
6.769895080252299e-05 1 1 0 1 2 0 2 3 1 3
-0.00012370067057000152 1 1 0 1 2 1 1 0 1 2
2.600381724189879e-05 1 1 0 1 2 1 1 0 2 1
6.246731271046597e-05 1 1 0 1 2 1 2 0 1 1
-3.5229540617636836e-05 1 1 0 1 2 1 2 0 2 2
3.5229540617636836e-05 1 1 0 1 2 2 1 0 1 1
-6.246731271046597e-05 1 1 0 1 2 2 1 0 2 2
-2.600381724189875e-05 1 1 0 1 2 2 2 0 1 2
0.00012370067057000152 1 1 0 1 2 2 2 0 2 1
6.608174195322712e-05 1 1 0 1 2 3 1 0 2 3
-4.0563919019225275e-05 1 1 0 1 2 3 1 3 2 0
0.00042529573977921614 1 1 0 1 2 3 1 3 2 3
-6.608174195322712e-05 1 1 0 1 2 3 2 0 1 3
4.0563919019225275e-05 1 1 0 1 2 3 2 3 1 0
-0.00042529573977921614 1 1 0 1 2 3 2 3 1 3
3.5578089600400745e-05 1 1 0 2 1 0 1 0 2 0
0.00025057850453973773 1 1 0 2 1 0 1 3 2 0
2.721029491932357e-06 1 1 0 2 1 0 1 3 2 3
-3.5578089600400745e-05 1 1 0 2 1 0 2 0 1 0
-0.00025057850453973773 1 1 0 2 1 0 2 3 1 0
-2.721029491932357e-06 1 1 0 2 1 0 2 3 1 3
2.6003817241898742e-05 1 1 0 2 1 1 1 0 1 2
-7.11513432247198e-05 1 1 0 2 1 1 1 0 2 1
2.5450628552261927e-05 1 1 0 2 1 1 2 0 1 1
-1.969689743055926e-05 1 1 0 2 1 1 2 0 2 2
1.9696897430559315e-05 1 1 0 2 1 2 1 0 1 1
-2.5450628552261927e-05 1 1 0 2 1 2 1 0 2 2
7.115134322471986e-05 1 1 0 2 1 2 2 0 1 2
-2.600381724189875e-05 1 1 0 2 1 2 2 0 2 1
0.00018913947047039377 1 1 0 2 1 3 1 0 2 0
8.062135620042393e-07 1 1 0 2 1 3 1 0 2 3
-0.07066171756896894 1 1 0 2 1 3 1 3 2 0
5.0950113186704385e-06 1 1 0 2 1 3 1 3 2 3
-0.00018913947047039377 1 1 0 2 1 3 2 0 1 0
-8.062135620042393e-07 1 1 0 2 1 3 2 0 1 3
0.07066171756896894 1 1 0 2 1 3 2 3 1 0
-5.0950113186704385e-06 1 1 0 2 1 3 2 3 1 3
-1.019924662989755e-05 1 1 0 2 2 1 1 0 1 1
-4.433953379580844 1 1 0 2 2 1 1 0 2 2
0.0031304607312286612 1 1 0 2 2 1 1 3 2 2
0.28814830685891435 1 1 0 2 2 1 2 0 1 2
4.145794873475301 1 1 0 2 2 1 2 0 2 1
-0.00020838766203469644 1 1 0 2 2 1 2 3 1 2
-0.002922073069193965 1 1 0 2 2 1 2 3 2 1
4.145794873475301 1 1 0 2 2 2 1 0 1 2
0.28814830685891435 1 1 0 2 2 2 1 0 2 1
-0.002922073069193965 1 1 0 2 2 2 1 3 1 2
-0.00020838766203469644 1 1 0 2 2 2 1 3 2 1
-4.433953379580844 1 1 0 2 2 2 2 0 1 1
-1.019924662989751e-05 1 1 0 2 2 2 2 0 2 2
0.0031304607312286612 1 1 0 2 2 2 2 3 1 1
-2.5237459633984155e-06 1 1 0 2 2 3 1 3 1 0
-2.5237459633984155e-06 1 1 0 2 2 3 2 3 2 0
-0.0020146279611951167 1 1 0 3 0 0 1 0 3 1
-0.0019232276129834748 1 1 0 3 0 0 1 3 0 1
-0.016117414383643926 1 1 0 3 0 0 1 3 3 1
-0.0020146279611951167 1 1 0 3 0 0 2 0 3 2
-0.0019232276129834748 1 1 0 3 0 0 2 3 0 2
-0.016117414383643926 1 1 0 3 0 0 2 3 3 2
0.0037352732452740458 1 1 0 3 0 1 1 0 0 0
0.0005206671846068817 1 1 0 3 0 1 1 0 0 3
0.0006287346955130856 1 1 0 3 0 1 1 0 3 0
0.0005160126506392547 1 1 0 3 0 1 1 3 0 0
0.0037352732452740458 1 1 0 3 0 2 2 0 0 0
0.0005206671846068817 1 1 0 3 0 2 2 0 0 3
0.0006287346955130859 1 1 0 3 0 2 2 0 3 0
0.0005160126506392547 1 1 0 3 0 2 2 3 0 0
-0.0018393945959172884 1 1 0 3 0 3 1 0 0 1
-0.013327950466409907 1 1 0 3 0 3 1 0 3 1
-0.01292868867921222 1 1 0 3 0 3 1 3 0 1
5.891299899130517 1 1 0 3 0 3 1 3 3 1
-0.0018393945959172884 1 1 0 3 0 3 2 0 0 2
-0.013327950466409907 1 1 0 3 0 3 2 0 3 2
-0.01292868867921222 1 1 0 3 0 3 2 3 0 2
5.891299899130517 1 1 0 3 0 3 2 3 3 2
-0.00147106833672125 1 1 0 3 3 0 1 0 0 1
-0.013412069290962525 1 1 0 3 3 0 1 0 3 1
-0.01288469841029004 1 1 0 3 3 0 1 3 0 1
5.791175152059198 1 1 0 3 3 0 1 3 3 1
-0.00147106833672125 1 1 0 3 3 0 2 0 0 2
-0.013412069290962525 1 1 0 3 3 0 2 0 3 2
-0.01288469841029004 1 1 0 3 3 0 2 3 0 2
5.791175152059198 1 1 0 3 3 0 2 3 3 2
0.00048446412073508565 1 1 0 3 3 1 1 0 0 0
0.00048446412073508565 1 1 0 3 3 2 2 0 0 0
-0.011304674947461426 1 1 0 3 3 3 1 0 0 1
5.735437295916319 1 1 0 3 3 3 1 0 3 1
5.237280733895052 1 1 0 3 3 3 1 3 0 1
38.96387991425687 1 1 0 3 3 3 1 3 3 1
-0.011304674947461426 1 1 0 3 3 3 2 0 0 2
5.735437295916319 1 1 0 3 3 3 2 0 3 2
5.237280733895052 1 1 0 3 3 3 2 3 0 2
38.96387991425687 1 1 0 3 3 3 2 3 3 2
-1.01992466298975e-05 1 1 1 0 1 1 1 2 0 2
7.90667671910299e-06 1 1 1 0 1 1 2 1 0 2
2.2925699107945353e-06 1 1 1 0 1 1 2 2 0 1
2.2925699107945353e-06 1 1 1 0 1 2 1 1 0 2
7.90667671910299e-06 1 1 1 0 1 2 1 2 0 1
-1.01992466298975e-05 1 1 1 0 1 2 2 1 0 1
-7.967815642028837e-06 1 1 1 0 1 3 1 1 3 0
-7.96781564202883e-06 1 1 1 0 1 3 2 2 3 0
-0.00012187588198362808 1 1 1 0 2 0 1 2 0 0
-0.0007843814623736664 1 1 1 0 2 0 1 2 3 0
-6.769895080252299e-05 1 1 1 0 2 0 1 2 3 3
0.00012187588198362808 1 1 1 0 2 0 2 1 0 0
0.0007843814623736664 1 1 1 0 2 0 2 1 3 0
6.769895080252299e-05 1 1 1 0 2 0 2 1 3 3
-0.00012370067057000152 1 1 1 0 2 1 1 1 0 2
2.600381724189879e-05 1 1 1 0 2 1 1 2 0 1
6.246731271046597e-05 1 1 1 0 2 1 2 1 0 1
-3.5229540617636836e-05 1 1 1 0 2 1 2 2 0 2
3.522954061763681e-05 1 1 1 0 2 2 1 1 0 1
-6.246731271046597e-05 1 1 1 0 2 2 1 2 0 2
-2.600381724189875e-05 1 1 1 0 2 2 2 1 0 2
0.00012370067057000152 1 1 1 0 2 2 2 2 0 1
6.608174195322712e-05 1 1 1 0 2 3 1 2 0 3
-4.056391901922528e-05 1 1 1 0 2 3 1 2 3 0
0.0004252957397792162 1 1 1 0 2 3 1 2 3 3
-6.608174195322712e-05 1 1 1 0 2 3 2 1 0 3
4.056391901922528e-05 1 1 1 0 2 3 2 1 3 0
-0.0004252957397792162 1 1 1 0 2 3 2 1 3 3
-4.191049687951162e-07 1 1 1 1 0 1 1 2 2 0
2.0955248439755637e-07 1 1 1 1 0 1 2 1 2 0
2.095524843975547e-07 1 1 1 1 0 1 2 2 1 0
2.095524843975547e-07 1 1 1 1 0 2 1 1 2 0
2.0955248439755637e-07 1 1 1 1 0 2 1 2 1 0
-4.191049687951162e-07 1 1 1 1 0 2 2 1 1 0
-1.0160826342080524e-05 1 1 1 1 3 3 1 1 1 1
3.705653878934769e-06 1 1 1 1 3 3 1 1 2 2
3.7056538789347683e-06 1 1 1 1 3 3 1 2 1 2
-1.7572134099950058e-05 1 1 1 1 3 3 1 2 2 1
-1.7572134099950058e-05 1 1 1 1 3 3 2 1 1 2
3.7056538789347683e-06 1 1 1 1 3 3 2 1 2 1
3.705653878934769e-06 1 1 1 1 3 3 2 2 1 1
-1.0160826342080524e-05 1 1 1 1 3 3 2 2 2 2
4.285215519386319e-05 1 1 1 2 0 0 1 1 2 1
-4.8548193017779104e-05 1 1 1 2 0 0 1 2 1 1
-5.696037823915929e-06 1 1 1 2 0 0 1 2 2 2
5.696037823915929e-06 1 1 1 2 0 0 2 1 1 1
4.8548193017779104e-05 1 1 1 2 0 0 2 1 2 2
-4.285215519386319e-05 1 1 1 2 0 0 2 2 1 2
-8.142722913152169e-05 1 1 1 2 0 1 1 1 2 0
3.129481574230943e-05 1 1 1 2 0 1 1 2 1 0
1.3602400503733274e-05 1 1 1 2 0 1 2 1 1 0
-3.653001288547902e-05 1 1 1 2 0 1 2 2 2 0
3.653001288547902e-05 1 1 1 2 0 2 1 1 1 0
-1.3602400503733277e-05 1 1 1 2 0 2 1 2 2 0
-3.129481574230943e-05 1 1 1 2 0 2 2 1 2 0
8.142722913152172e-05 1 1 1 2 0 2 2 2 1 0
0.00019163137653438277 1 1 1 2 0 3 1 1 2 1
-0.00020763041066330562 1 1 1 2 0 3 1 2 1 1
-1.599903412892288e-05 1 1 1 2 0 3 1 2 2 2
1.599903412892288e-05 1 1 1 2 0 3 2 1 1 1
0.00020763041066330562 1 1 1 2 0 3 2 1 2 2
-0.00019163137653438277 1 1 1 2 0 3 2 2 1 2
0.00025500765384155964 1 1 1 2 3 0 1 1 2 1
-0.0002723632268309289 1 1 1 2 3 0 1 2 1 1
-1.7355572989369238e-05 1 1 1 2 3 0 1 2 2 2
1.7355572989369238e-05 1 1 1 2 3 0 2 1 1 1
0.0002723632268309289 1 1 1 2 3 0 2 1 2 2
-0.00025500765384155964 1 1 1 2 3 0 2 2 1 2
1.066120445059871e-06 1 1 1 2 3 3 1 1 1 2
-0.23459398586569574 1 1 1 2 3 3 1 1 2 1
0.26356257615557227 1 1 1 2 3 3 1 2 1 1
0.02896965641032149 1 1 1 2 3 3 1 2 2 2
-0.02896965641032149 1 1 1 2 3 3 2 1 1 1
-0.26356257615557227 1 1 1 2 3 3 2 1 2 2
0.23459398586569571 1 1 1 2 3 3 2 2 1 2
-1.0661204450598706e-06 1 1 1 2 3 3 2 2 2 1
-1.3633043520432238e-05 1 1 1 3 1 0 1 1 3 0
-1.3633043520432224e-05 1 1 1 3 1 0 2 2 3 0
-1.0607349075903723e-05 1 1 1 3 1 3 1 1 0 0
-4.834644465259572e-05 1 1 1 3 1 3 1 1 3 0
2.5050360359539696e-05 1 1 1 3 1 3 1 1 3 3
-1.0607349075903723e-05 1 1 1 3 1 3 2 2 0 0
-4.834644465259572e-05 1 1 1 3 1 3 2 2 3 0
2.5050360359539696e-05 1 1 1 3 1 3 2 2 3 3
-0.0007843814623736664 1 1 1 3 2 0 1 2 0 0
-6.769895080252299e-05 1 1 1 3 2 0 1 2 0 3
1.1127961477944432 1 1 1 3 2 0 1 2 3 0
-0.0002531396251790129 1 1 1 3 2 0 1 2 3 3
0.0007843814623736664 1 1 1 3 2 0 2 1 0 0
6.769895080252299e-05 1 1 1 3 2 0 2 1 0 3
-1.1127961477944432 1 1 1 3 2 0 2 1 3 0
0.0002531396251790129 1 1 1 3 2 0 2 1 3 3
-3.6514209542748756e-05 1 1 1 3 2 3 1 2 0 0
0.0004252957397792162 1 1 1 3 2 3 1 2 0 3
-0.0004550278458226823 1 1 1 3 2 3 1 2 3 0
-0.6034404490442684 1 1 1 3 2 3 1 2 3 3
3.6514209542748756e-05 1 1 1 3 2 3 2 1 0 0
-0.0004252957397792162 1 1 1 3 2 3 2 1 0 3
0.0004550278458226823 1 1 1 3 2 3 2 1 3 0
0.6034404490442684 1 1 1 3 2 3 2 1 3 3
3.557808960040074e-05 1 1 2 0 1 0 1 2 0 0
0.00025057850453973773 1 1 2 0 1 0 1 2 3 0
2.721029491932357e-06 1 1 2 0 1 0 1 2 3 3
-3.557808960040074e-05 1 1 2 0 1 0 2 1 0 0
-0.00025057850453973773 1 1 2 0 1 0 2 1 3 0
-2.721029491932357e-06 1 1 2 0 1 0 2 1 3 3
2.6003817241898742e-05 1 1 2 0 1 1 1 1 0 2
-7.115134322471979e-05 1 1 2 0 1 1 1 2 0 1
2.5450628552261927e-05 1 1 2 0 1 1 2 1 0 1
-1.9696897430559315e-05 1 1 2 0 1 1 2 2 0 2
1.969689743055926e-05 1 1 2 0 1 2 1 1 0 1
-2.54506285522619e-05 1 1 2 0 1 2 1 2 0 2
7.115134322471987e-05 1 1 2 0 1 2 2 1 0 2
-2.600381724189875e-05 1 1 2 0 1 2 2 2 0 1
0.00018913947047039377 1 1 2 0 1 3 1 2 0 0
8.062135620042427e-07 1 1 2 0 1 3 1 2 0 3
-0.07066171756896894 1 1 2 0 1 3 1 2 3 0
5.0950113186704114e-06 1 1 2 0 1 3 1 2 3 3
-0.00018913947047039377 1 1 2 0 1 3 2 1 0 0
-8.062135620042393e-07 1 1 2 0 1 3 2 1 0 3
0.07066171756896894 1 1 2 0 1 3 2 1 3 0
-5.0950113186704114e-06 1 1 2 0 1 3 2 1 3 3
-1.019924662989755e-05 1 1 2 0 2 1 1 1 0 1
-4.433953379580844 1 1 2 0 2 1 1 2 0 2
0.003130460731228662 1 1 2 0 2 1 1 2 3 2
0.28814830685891435 1 1 2 0 2 1 2 1 0 2
-0.00020838766203469647 1 1 2 0 2 1 2 1 3 2
4.145794873475301 1 1 2 0 2 1 2 2 0 1
-0.002922073069193966 1 1 2 0 2 1 2 2 3 1
4.145794873475301 1 1 2 0 2 2 1 1 0 2
-0.002922073069193966 1 1 2 0 2 2 1 1 3 2
0.28814830685891435 1 1 2 0 2 2 1 2 0 1
-0.00020838766203469647 1 1 2 0 2 2 1 2 3 1
-4.433953379580844 1 1 2 0 2 2 2 1 0 1
0.003130460731228662 1 1 2 0 2 2 2 1 3 1
-1.019924662989751e-05 1 1 2 0 2 2 2 2 0 2
-2.5237459633984155e-06 1 1 2 0 2 3 1 1 3 0
-2.5237459633984155e-06 1 1 2 0 2 3 2 2 3 0
-4.8548193017779104e-05 1 1 2 1 0 0 1 1 2 1
4.285215519386319e-05 1 1 2 1 0 0 1 2 1 1
-5.6960378239159305e-06 1 1 2 1 0 0 1 2 2 2
5.6960378239159305e-06 1 1 2 1 0 0 2 1 1 1
-4.285215519386319e-05 1 1 2 1 0 0 2 1 2 2
4.8548193017779104e-05 1 1 2 1 0 0 2 2 1 2
3.129481574230943e-05 1 1 2 1 0 1 1 1 2 0
-8.142722913152172e-05 1 1 2 1 0 1 1 2 1 0
1.3602400503733267e-05 1 1 2 1 0 1 2 1 1 0
-3.653001288547902e-05 1 1 2 1 0 1 2 2 2 0
3.653001288547902e-05 1 1 2 1 0 2 1 1 1 0
-1.360240050373327e-05 1 1 2 1 0 2 1 2 2 0
8.142722913152174e-05 1 1 2 1 0 2 2 1 2 0
-3.129481574230943e-05 1 1 2 1 0 2 2 2 1 0
-0.00020763041066330562 1 1 2 1 0 3 1 1 2 1
0.00019163137653438277 1 1 2 1 0 3 1 2 1 1
-1.599903412892288e-05 1 1 2 1 0 3 1 2 2 2
1.599903412892288e-05 1 1 2 1 0 3 2 1 1 1
-0.00019163137653438277 1 1 2 1 0 3 2 1 2 2
0.00020763041066330562 1 1 2 1 0 3 2 2 1 2
-0.0002723632268309289 1 1 2 1 3 0 1 1 2 1
0.00025500765384155964 1 1 2 1 3 0 1 2 1 1
-1.7355572989369238e-05 1 1 2 1 3 0 1 2 2 2
1.7355572989369238e-05 1 1 2 1 3 0 2 1 1 1
-0.00025500765384155964 1 1 2 1 3 0 2 1 2 2
0.0002723632268309289 1 1 2 1 3 0 2 2 1 2
1.0661204450598698e-06 1 1 2 1 3 3 1 1 1 2
0.26356257615557227 1 1 2 1 3 3 1 1 2 1
-0.2345939858656957 1 1 2 1 3 3 1 2 1 1
0.02896965641032149 1 1 2 1 3 3 1 2 2 2
-0.02896965641032149 1 1 2 1 3 3 2 1 1 1
0.23459398586569571 1 1 2 1 3 3 2 1 2 2
-0.26356257615557227 1 1 2 1 3 3 2 2 1 2
-1.066120445059871e-06 1 1 2 1 3 3 2 2 2 1
-4.191049687951176e-07 1 1 2 2 0 1 1 1 1 0
-0.7319120218889165 1 1 2 2 0 1 1 2 2 0
0.0004828220236153287 1 1 2 2 0 1 1 2 2 3
0.3659558013919738 1 1 2 2 0 1 2 1 2 0
-0.00024141101180766438 1 1 2 2 0 1 2 1 2 3
0.36595580139197387 1 1 2 2 0 1 2 2 1 0
-0.00024141101180766438 1 1 2 2 0 1 2 2 1 3
0.3659558013919738 1 1 2 2 0 2 1 1 2 0
-0.00024141101180766438 1 1 2 2 0 2 1 1 2 3
0.36595580139197387 1 1 2 2 0 2 1 2 1 0
-0.00024141101180766438 1 1 2 2 0 2 1 2 1 3
-0.7319120218889164 1 1 2 2 0 2 2 1 1 0
0.0004828220236153287 1 1 2 2 0 2 2 1 1 3
-4.191049687951176e-07 1 1 2 2 0 2 2 2 2 0
0.0004828220236153287 1 1 2 2 3 1 1 2 2 0
0.00012439326009329942 1 1 2 2 3 1 1 2 2 3
-0.00024141101180766438 1 1 2 2 3 1 2 1 2 0
-6.21966300466497e-05 1 1 2 2 3 1 2 1 2 3
-0.00024141101180766438 1 1 2 2 3 1 2 2 1 0
-6.21966300466497e-05 1 1 2 2 3 1 2 2 1 3
-0.00024141101180766438 1 1 2 2 3 2 1 1 2 0
-6.21966300466497e-05 1 1 2 2 3 2 1 1 2 3
-0.00024141101180766438 1 1 2 2 3 2 1 2 1 0
-6.21966300466497e-05 1 1 2 2 3 2 1 2 1 3
0.0004828220236153287 1 1 2 2 3 2 2 1 1 0
0.00012439326009329942 1 1 2 2 3 2 2 1 1 3
-2.5671553052903104e-05 1 1 2 2 3 3 1 1 1 1
-1.863988155809192e-07 1 1 2 2 3 3 1 1 2 2
-1.8639881558091917e-07 1 1 2 2 3 3 1 2 1 2
-2.5298755421741268e-05 1 1 2 2 3 3 1 2 2 1
-2.5298755421741268e-05 1 1 2 2 3 3 2 1 1 2
-1.8639881558091917e-07 1 1 2 2 3 3 2 1 2 1
-1.8639881558092046e-07 1 1 2 2 3 3 2 2 1 1
-2.5671553052903104e-05 1 1 2 2 3 3 2 2 2 2
0.0002679340775291069 1 1 2 3 1 0 1 2 0 0
8.417067315848287e-06 1 1 2 3 1 0 1 2 0 3
-0.16746421867980205 1 1 2 3 1 0 1 2 3 0
-1.438314645301404e-05 1 1 2 3 1 0 1 2 3 3
-0.0002679340775291069 1 1 2 3 1 0 2 1 0 0
-8.417067315848287e-06 1 1 2 3 1 0 2 1 0 3
0.16746421867980207 1 1 2 3 1 0 2 1 3 0
1.438314645301404e-05 1 1 2 3 1 0 2 1 3 3
-0.09963156037810596 1 1 2 3 1 3 1 2 0 0
2.109404544759325e-05 1 1 2 3 1 3 1 2 0 3
-0.6250232709926095 1 1 2 3 1 3 1 2 3 0
0.1468726332412384 1 1 2 3 1 3 1 2 3 3
0.09963156037810594 1 1 2 3 1 3 2 1 0 0
-2.109404544759325e-05 1 1 2 3 1 3 2 1 0 3
0.6250232709926093 1 1 2 3 1 3 2 1 3 0
-0.14687263324123837 1 1 2 3 1 3 2 1 3 3
-2.4032354339919012e-05 1 1 2 3 2 0 1 1 3 0
-2.4032354339919022e-05 1 1 2 3 2 0 2 2 3 0
0.003130460731228662 1 1 2 3 2 1 1 2 0 2
0.0004900942941907615 1 1 2 3 2 1 1 2 3 2
-0.00020838766203469647 1 1 2 3 2 1 2 1 0 2
-3.424698777222582e-05 1 1 2 3 2 1 2 1 3 2
-0.002922073069193966 1 1 2 3 2 1 2 2 0 1
-0.00045584730641853557 1 1 2 3 2 1 2 2 3 1
-0.002922073069193966 1 1 2 3 2 2 1 1 0 2
-0.00045584730641853557 1 1 2 3 2 2 1 1 3 2
-0.00020838766203469647 1 1 2 3 2 2 1 2 0 1
-3.424698777222582e-05 1 1 2 3 2 2 1 2 3 1
0.003130460731228662 1 1 2 3 2 2 2 1 0 1
0.0004900942941907615 1 1 2 3 2 2 2 1 3 1
1.5259635130781112e-06 1 1 2 3 2 3 1 1 0 0
7.285905408044604e-05 1 1 2 3 2 3 1 1 3 0
3.0159604047836148e-05 1 1 2 3 2 3 1 1 3 3
1.5259635130781146e-06 1 1 2 3 2 3 2 2 0 0
7.285905408044604e-05 1 1 2 3 2 3 2 2 3 0
3.015960404783615e-05 1 1 2 3 2 3 2 2 3 3
-0.0019232276129834748 1 1 3 0 0 0 1 0 3 1
-0.0020146279611951167 1 1 3 0 0 0 1 3 0 1
-0.016117414383643926 1 1 3 0 0 0 1 3 3 1
-0.0019232276129834748 1 1 3 0 0 0 2 0 3 2
-0.0020146279611951167 1 1 3 0 0 0 2 3 0 2
-0.016117414383643926 1 1 3 0 0 0 2 3 3 2
0.003735273245274044 1 1 3 0 0 1 1 0 0 0
0.0005206671846068817 1 1 3 0 0 1 1 0 0 3
0.0005160126506392547 1 1 3 0 0 1 1 0 3 0
0.0006287346955130854 1 1 3 0 0 1 1 3 0 0
0.003735273245274044 1 1 3 0 0 2 2 0 0 0
0.0005206671846068817 1 1 3 0 0 2 2 0 0 3
0.0005160126506392547 1 1 3 0 0 2 2 0 3 0
0.0006287346955130854 1 1 3 0 0 2 2 3 0 0
-0.0018393945959172884 1 1 3 0 0 3 1 0 0 1
-0.012928688679212222 1 1 3 0 0 3 1 0 3 1
-0.013327950466409909 1 1 3 0 0 3 1 3 0 1
5.891299899130517 1 1 3 0 0 3 1 3 3 1
-0.0018393945959172884 1 1 3 0 0 3 2 0 0 2
-0.012928688679212222 1 1 3 0 0 3 2 0 3 2
-0.013327950466409909 1 1 3 0 0 3 2 3 0 2
5.891299899130517 1 1 3 0 0 3 2 3 3 2
-0.00147106833672125 1 1 3 0 3 0 1 0 0 1
-0.01288469841029004 1 1 3 0 3 0 1 0 3 1
-0.013412069290962525 1 1 3 0 3 0 1 3 0 1
5.791175152059199 1 1 3 0 3 0 1 3 3 1
-0.00147106833672125 1 1 3 0 3 0 2 0 0 2
-0.01288469841029004 1 1 3 0 3 0 2 0 3 2
-0.013412069290962525 1 1 3 0 3 0 2 3 0 2
5.791175152059198 1 1 3 0 3 0 2 3 3 2
0.00048446412073508565 1 1 3 0 3 1 1 0 0 0
0.00048446412073508565 1 1 3 0 3 2 2 0 0 0
-0.011304674947461426 1 1 3 0 3 3 1 0 0 1
5.237280733895052 1 1 3 0 3 3 1 0 3 1
5.73543729591632 1 1 3 0 3 3 1 3 0 1
38.96387991425687 1 1 3 0 3 3 1 3 3 1
-0.011304674947461426 1 1 3 0 3 3 2 0 0 2
5.237280733895052 1 1 3 0 3 3 2 0 3 2
5.73543729591632 1 1 3 0 3 3 2 3 0 2
38.96387991425688 1 1 3 0 3 3 2 3 3 2
-1.3633043520432238e-05 1 1 3 1 1 0 1 3 1 0
-1.3633043520432224e-05 1 1 3 1 1 0 2 3 2 0
-1.0607349075903737e-05 1 1 3 1 1 3 1 0 1 0
-4.834644465259572e-05 1 1 3 1 1 3 1 3 1 0
2.5050360359539703e-05 1 1 3 1 1 3 1 3 1 3
-1.0607349075903737e-05 1 1 3 1 1 3 2 0 2 0
-4.834644465259572e-05 1 1 3 1 1 3 2 3 2 0
2.5050360359539696e-05 1 1 3 1 1 3 2 3 2 3
-0.0007843814623736662 1 1 3 1 2 0 1 0 2 0
-6.769895080252299e-05 1 1 3 1 2 0 1 0 2 3
1.1127961477944432 1 1 3 1 2 0 1 3 2 0
-0.0002531396251790129 1 1 3 1 2 0 1 3 2 3
0.0007843814623736662 1 1 3 1 2 0 2 0 1 0
6.769895080252299e-05 1 1 3 1 2 0 2 0 1 3
-1.1127961477944432 1 1 3 1 2 0 2 3 1 0
0.0002531396251790129 1 1 3 1 2 0 2 3 1 3
-3.6514209542748756e-05 1 1 3 1 2 3 1 0 2 0
0.00042529573977921614 1 1 3 1 2 3 1 0 2 3
-0.0004550278458226825 1 1 3 1 2 3 1 3 2 0
-0.6034404490442684 1 1 3 1 2 3 1 3 2 3
3.6514209542748756e-05 1 1 3 1 2 3 2 0 1 0
-0.00042529573977921614 1 1 3 1 2 3 2 0 1 3
0.0004550278458226825 1 1 3 1 2 3 2 3 1 0
0.6034404490442684 1 1 3 1 2 3 2 3 1 3
0.0002679340775291069 1 1 3 2 1 0 1 0 2 0
8.417067315848287e-06 1 1 3 2 1 0 1 0 2 3
-0.16746421867980205 1 1 3 2 1 0 1 3 2 0
-1.438314645301404e-05 1 1 3 2 1 0 1 3 2 3
-0.0002679340775291069 1 1 3 2 1 0 2 0 1 0
-8.417067315848287e-06 1 1 3 2 1 0 2 0 1 3
0.16746421867980207 1 1 3 2 1 0 2 3 1 0
1.438314645301404e-05 1 1 3 2 1 0 2 3 1 3
-0.09963156037810594 1 1 3 2 1 3 1 0 2 0
2.1094045447593292e-05 1 1 3 2 1 3 1 0 2 3
-0.6250232709926095 1 1 3 2 1 3 1 3 2 0
0.1468726332412384 1 1 3 2 1 3 1 3 2 3
0.09963156037810596 1 1 3 2 1 3 2 0 1 0
-2.1094045447593292e-05 1 1 3 2 1 3 2 0 1 3
0.6250232709926095 1 1 3 2 1 3 2 3 1 0
-0.14687263324123837 1 1 3 2 1 3 2 3 1 3
-2.4032354339919005e-05 1 1 3 2 2 0 1 3 1 0
-2.403235433991901e-05 1 1 3 2 2 0 2 3 2 0
0.0031304607312286612 1 1 3 2 2 1 1 0 2 2
0.0004900942941907614 1 1 3 2 2 1 1 3 2 2
-0.00020838766203469644 1 1 3 2 2 1 2 0 1 2
-0.002922073069193965 1 1 3 2 2 1 2 0 2 1
-3.424698777222582e-05 1 1 3 2 2 1 2 3 1 2
-0.0004558473064185355 1 1 3 2 2 1 2 3 2 1
-0.002922073069193965 1 1 3 2 2 2 1 0 1 2
-0.00020838766203469644 1 1 3 2 2 2 1 0 2 1
-0.0004558473064185355 1 1 3 2 2 2 1 3 1 2
-3.424698777222582e-05 1 1 3 2 2 2 1 3 2 1
0.0031304607312286612 1 1 3 2 2 2 2 0 1 1
0.0004900942941907614 1 1 3 2 2 2 2 3 1 1
1.5259635130781112e-06 1 1 3 2 2 3 1 0 1 0
7.285905408044604e-05 1 1 3 2 2 3 1 3 1 0
3.0159604047836175e-05 1 1 3 2 2 3 1 3 1 3
1.5259635130781146e-06 1 1 3 2 2 3 2 0 2 0
7.285905408044604e-05 1 1 3 2 2 3 2 3 2 0
3.015960404783615e-05 1 1 3 2 2 3 2 3 2 3
-0.0018069804691631724 1 1 3 3 0 0 1 0 0 1
-0.01586427475846491 1 1 3 3 0 0 1 0 3 1
-0.015864274758464914 1 1 3 3 0 0 1 3 0 1
7.70399006608423 1 1 3 3 0 0 1 3 3 1
-0.0018069804691631724 1 1 3 3 0 0 2 0 0 2
-0.01586427475846491 1 1 3 3 0 0 2 0 3 2
-0.015864274758464914 1 1 3 3 0 0 2 3 0 2
7.70399006608423 1 1 3 3 0 0 2 3 3 2
0.00048429872992815034 1 1 3 3 0 1 1 0 0 0
0.00048429872992815034 1 1 3 3 0 2 2 0 0 0
-0.013146354008328132 1 1 3 3 0 3 1 0 0 1
6.494770507778833 1 1 3 3 0 3 1 0 3 1
6.494770507778832 1 1 3 3 0 3 1 3 0 1
43.54716550167344 1 1 3 3 0 3 1 3 3 1
-0.013146354008328132 1 1 3 3 0 3 2 0 0 2
6.494770507778833 1 1 3 3 0 3 2 0 3 2
6.494770507778832 1 1 3 3 0 3 2 3 0 2
43.54716550167344 1 1 3 3 0 3 2 3 3 2
-0.011827953721085444 1 1 3 3 3 0 1 0 0 1
4.678354971910414 1 1 3 3 3 0 1 0 3 1
4.678354971910414 1 1 3 3 3 0 1 3 0 1
57.136653008086626 1 1 3 3 3 0 1 3 3 1
-0.011827953721085444 1 1 3 3 3 0 2 0 0 2
4.678354971910415 1 1 3 3 3 0 2 0 3 2
4.678354971910414 1 1 3 3 3 0 2 3 0 2
57.136653008086626 1 1 3 3 3 0 2 3 3 2
4.973734576068963 1 1 3 3 3 3 1 0 0 1
38.96440780115678 1 1 3 3 3 3 1 0 3 1
38.964407801156774 1 1 3 3 3 3 1 3 0 1
-27650.437956518603 1 1 3 3 3 3 1 3 3 1
4.973734576068963 1 1 3 3 3 3 2 0 0 2
38.96440780115678 1 1 3 3 3 3 2 0 3 2
38.96440780115678 1 1 3 3 3 3 2 3 0 2
-27650.437956518603 1 1 3 3 3 3 2 3 3 2
-38225.588622513154 1 2 0 0 0 1 2 0 0 0
52.31267811022052 1 2 0 0 0 1 2 0 0 3
53.865346962729035 1 2 0 0 0 1 2 0 3 0
7.252031972690836 1 2 0 0 0 1 2 0 3 3
53.86534696272903 1 2 0 0 0 1 2 3 0 0
7.252031972690836 1 2 0 0 0 1 2 3 0 3
6.875442147051264 1 2 0 0 0 1 2 3 3 0
-0.015016786800363092 1 2 0 0 0 1 2 3 3 3
38225.58862251316 1 2 0 0 0 2 1 0 0 0
-52.31267811022051 1 2 0 0 0 2 1 0 0 3
-53.86534696272904 1 2 0 0 0 2 1 0 3 0
-7.252031972690837 1 2 0 0 0 2 1 0 3 3
-53.865346962729035 1 2 0 0 0 2 1 3 0 0
-7.252031972690837 1 2 0 0 0 2 1 3 0 3
-6.875442147051265 1 2 0 0 0 2 1 3 3 0
0.015016786800363092 1 2 0 0 0 2 1 3 3 3
52.312678110220524 1 2 0 0 3 1 2 0 0 0
13.244329517759374 1 2 0 0 3 1 2 0 0 3
7.720623146031267 1 2 0 0 3 1 2 0 3 0
-0.019718810527974487 1 2 0 0 3 1 2 0 3 3
7.720623146031268 1 2 0 0 3 1 2 3 0 0
-0.019718810527974483 1 2 0 0 3 1 2 3 0 3
-0.015677248548164664 1 2 0 0 3 1 2 3 3 0
-0.0026887936733815286 1 2 0 0 3 1 2 3 3 3
-52.312678110220524 1 2 0 0 3 2 1 0 0 0
-13.244329517759375 1 2 0 0 3 2 1 0 0 3
-7.720623146031267 1 2 0 0 3 2 1 0 3 0
0.019718810527974487 1 2 0 0 3 2 1 0 3 3
-7.720623146031268 1 2 0 0 3 2 1 3 0 0
0.019718810527974483 1 2 0 0 3 2 1 3 0 3
0.015677248548164664 1 2 0 0 3 2 1 3 3 0
0.0026887936733815286 1 2 0 0 3 2 1 3 3 3
-7.456826468920405e-06 1 2 0 0 3 3 1 3 3 2
7.456826468920405e-06 1 2 0 0 3 3 2 3 3 1
8.629779238322733e-05 1 2 0 1 1 0 1 0 2 0
0.0005338029578339285 1 2 0 1 1 0 1 3 2 0
6.497792131059061e-05 1 2 0 1 1 0 1 3 2 3
-8.629779238322734e-05 1 2 0 1 1 0 2 0 1 0
-0.0005338029578339285 1 2 0 1 1 0 2 3 1 0
-6.497792131059061e-05 1 2 0 1 1 0 2 3 1 3
6.246731271046592e-05 1 2 0 1 1 1 1 0 1 2
2.545062855226189e-05 1 2 0 1 1 1 1 0 2 1
-0.00012259576423872892 1 2 0 1 1 1 2 0 1 1
-3.4677822976001136e-05 1 2 0 1 1 1 2 0 2 2
3.467782297600116e-05 1 2 0 1 1 2 1 0 1 1
0.00012259576423872894 1 2 0 1 1 2 1 0 2 2
-2.545062855226189e-05 1 2 0 1 1 2 2 0 1 2
-6.246731271046592e-05 1 2 0 1 1 2 2 0 2 1
-0.00018913947047039377 1 2 0 1 1 3 1 0 2 0
-6.688795551523138e-05 1 2 0 1 1 3 1 0 2 3
0.07070411417592601 1 2 0 1 1 3 1 3 2 0
-0.0004303907510978866 1 2 0 1 1 3 1 3 2 3
0.00018913947047039377 1 2 0 1 1 3 2 0 1 0
6.688795551523136e-05 1 2 0 1 1 3 2 0 1 3
-0.07070411417592601 1 2 0 1 1 3 2 3 1 0
0.0004303907510978866 1 2 0 1 1 3 2 3 1 3
7.906676719102997e-06 1 2 0 1 2 1 1 0 1 1
0.28814830685891435 1 2 0 1 2 1 1 0 2 2
-0.00020838766203469644 1 2 0 1 2 1 1 3 2 2
-0.7566968956996473 1 2 0 1 2 1 2 0 1 2
0.46855649551745193 1 2 0 1 2 1 2 0 2 1
0.0005386185359354809 1 2 0 1 2 1 2 3 1 2
-0.00033023087390078446 1 2 0 1 2 1 2 3 2 1
0.46855649551745193 1 2 0 1 2 2 1 0 1 2
-0.7566968956996473 1 2 0 1 2 2 1 0 2 1
-0.00033023087390078446 1 2 0 1 2 2 1 3 1 2
0.0005386185359354809 1 2 0 1 2 2 1 3 2 1
0.28814830685891435 1 2 0 1 2 2 2 0 1 1
7.90667671910299e-06 1 2 0 1 2 2 2 0 2 2
-0.00020838766203469644 1 2 0 1 2 2 2 3 1 1
-3.1370107251689564e-07 1 2 0 1 2 3 1 3 1 0
-3.1370107251689564e-07 1 2 0 1 2 3 2 3 2 0
2.292569910794517e-06 1 2 0 2 1 1 1 0 1 1
4.145794873475302 1 2 0 2 1 1 1 0 2 2
-0.002922073069193965 1 2 0 2 1 1 1 3 2 2
0.46855649551745193 1 2 0 2 1 1 2 0 1 2
-4.614349076422842 1 2 0 2 1 1 2 0 2 1
-0.00033023087390078446 1 2 0 2 1 1 2 3 1 2
0.00325230394309475 1 2 0 2 1 1 2 3 2 1
-4.614349076422842 1 2 0 2 1 2 1 0 1 2
0.46855649551745193 1 2 0 2 1 2 1 0 2 1
0.00325230394309475 1 2 0 2 1 2 1 3 1 2
-0.00033023087390078446 1 2 0 2 1 2 1 3 2 1
4.145794873475301 1 2 0 2 1 2 2 0 1 1
2.2925699107945154e-06 1 2 0 2 1 2 2 0 2 2
-0.002922073069193965 1 2 0 2 1 2 2 3 1 1
-5.130368606113529e-06 1 2 0 2 1 3 1 3 1 0
-5.130368606113529e-06 1 2 0 2 1 3 2 3 2 0
-3.5229540617636796e-05 1 2 0 2 2 1 1 0 1 2
-1.9696897430559207e-05 1 2 0 2 2 1 1 0 2 1
-3.4677822976001115e-05 1 2 0 2 2 1 2 0 1 1
-8.960426102419711e-05 1 2 0 2 2 1 2 0 2 2
8.960426102419713e-05 1 2 0 2 2 2 1 0 1 1
3.4677822976001115e-05 1 2 0 2 2 2 1 0 2 2
1.9696897430559207e-05 1 2 0 2 2 2 2 0 1 2
3.522954061763677e-05 1 2 0 2 2 2 2 0 2 1
1.8326879378559192e-06 1 2 0 2 2 3 1 3 2 0
-1.8326879378559192e-06 1 2 0 2 2 3 2 3 1 0
53.86534696272904 1 2 0 3 0 1 2 0 0 0
7.720623146031268 1 2 0 3 0 1 2 0 0 3
8.334426900563873 1 2 0 3 0 1 2 0 3 0
-0.016336646135436405 1 2 0 3 0 1 2 0 3 3
7.2397988388659975 1 2 0 3 0 1 2 3 0 0
-0.015596423490718832 1 2 0 3 0 1 2 3 0 3
-0.01591174759185322 1 2 0 3 0 1 2 3 3 0
-0.0021944943909848534 1 2 0 3 0 1 2 3 3 3
-53.86534696272905 1 2 0 3 0 2 1 0 0 0
-7.720623146031268 1 2 0 3 0 2 1 0 0 3
-8.334426900563873 1 2 0 3 0 2 1 0 3 0
0.016336646135436405 1 2 0 3 0 2 1 0 3 3
-7.239798838865998 1 2 0 3 0 2 1 3 0 0
0.015596423490718832 1 2 0 3 0 2 1 3 0 3
0.01591174759185322 1 2 0 3 0 2 1 3 3 0
0.0021944943909848534 1 2 0 3 0 2 1 3 3 3
-1.0850421987112103e-05 1 2 0 3 0 3 1 3 3 2
1.0850421987112103e-05 1 2 0 3 0 3 2 3 3 1
-4.337037783294e-05 1 2 0 3 3 0 1 3 3 2
4.337037783294e-05 1 2 0 3 3 0 2 3 3 1
7.252031972690836 1 2 0 3 3 1 2 0 0 0
-0.019718810527974487 1 2 0 3 3 1 2 0 0 3
-0.01633664613543641 1 2 0 3 3 1 2 0 3 0
-0.002950616550059699 1 2 0 3 3 1 2 0 3 3
-0.015596423490718835 1 2 0 3 3 1 2 3 0 0
-0.0027553357555920354 1 2 0 3 3 1 2 3 0 3
-0.002247625584559741 1 2 0 3 3 1 2 3 3 0
-7.252031972690837 1 2 0 3 3 2 1 0 0 0
0.019718810527974487 1 2 0 3 3 2 1 0 0 3
0.01633664613543641 1 2 0 3 3 2 1 0 3 0
0.0029506165500596993 1 2 0 3 3 2 1 0 3 3
0.015596423490718835 1 2 0 3 3 2 1 3 0 0
0.0027553357555920354 1 2 0 3 3 2 1 3 0 3
0.002247625584559741 1 2 0 3 3 2 1 3 3 0
-4.0781920316566595e-06 1 2 0 3 3 3 1 0 3 2
-5.635036419520539e-06 1 2 0 3 3 3 1 3 0 2
-5.3845478268530096e-05 1 2 0 3 3 3 1 3 3 2
4.078192031656768e-06 1 2 0 3 3 3 2 0 3 1
5.635036419520539e-06 1 2 0 3 3 3 2 3 0 1
5.3845478268530096e-05 1 2 0 3 3 3 2 3 3 1
8.629779238322736e-05 1 2 1 0 1 0 1 2 0 0
0.0005338029578339286 1 2 1 0 1 0 1 2 3 0
6.497792131059061e-05 1 2 1 0 1 0 1 2 3 3
-8.629779238322736e-05 1 2 1 0 1 0 2 1 0 0
-0.0005338029578339286 1 2 1 0 1 0 2 1 3 0
-6.497792131059061e-05 1 2 1 0 1 0 2 1 3 3
6.246731271046594e-05 1 2 1 0 1 1 1 1 0 2
2.545062855226189e-05 1 2 1 0 1 1 1 2 0 1
-0.00012259576423872894 1 2 1 0 1 1 2 1 0 1
-3.4677822976001136e-05 1 2 1 0 1 1 2 2 0 2
3.4677822976001136e-05 1 2 1 0 1 2 1 1 0 1
0.00012259576423872894 1 2 1 0 1 2 1 2 0 2
-2.545062855226189e-05 1 2 1 0 1 2 2 1 0 2
-6.246731271046594e-05 1 2 1 0 1 2 2 2 0 1
-0.00018913947047039377 1 2 1 0 1 3 1 2 0 0
-6.688795551523136e-05 1 2 1 0 1 3 1 2 0 3
0.07070411417592601 1 2 1 0 1 3 1 2 3 0
-0.00043039075109788664 1 2 1 0 1 3 1 2 3 3
0.00018913947047039377 1 2 1 0 1 3 2 1 0 0
6.688795551523136e-05 1 2 1 0 1 3 2 1 0 3
-0.07070411417592601 1 2 1 0 1 3 2 1 3 0
0.00043039075109788664 1 2 1 0 1 3 2 1 3 3
7.906676719102997e-06 1 2 1 0 2 1 1 1 0 1
0.28814830685891435 1 2 1 0 2 1 1 2 0 2
-0.00020838766203469647 1 2 1 0 2 1 1 2 3 2
-0.7566968956996473 1 2 1 0 2 1 2 1 0 2
0.000538618535935481 1 2 1 0 2 1 2 1 3 2
0.46855649551745193 1 2 1 0 2 1 2 2 0 1
-0.0003302308739007845 1 2 1 0 2 1 2 2 3 1
0.46855649551745193 1 2 1 0 2 2 1 1 0 2
-0.0003302308739007845 1 2 1 0 2 2 1 1 3 2
-0.7566968956996473 1 2 1 0 2 2 1 2 0 1
0.000538618535935481 1 2 1 0 2 2 1 2 3 1
0.28814830685891435 1 2 1 0 2 2 2 1 0 1
-0.00020838766203469647 1 2 1 0 2 2 2 1 3 1
7.90667671910299e-06 1 2 1 0 2 2 2 2 0 2
-3.1370107251689564e-07 1 2 1 0 2 3 1 1 3 0
-3.1370107251689564e-07 1 2 1 0 2 3 2 2 3 0
5.69603782391593e-06 1 2 1 1 0 0 1 1 2 1
5.69603782391593e-06 1 2 1 1 0 0 1 2 1 1
1.139207564783186e-05 1 2 1 1 0 0 1 2 2 2
-1.139207564783186e-05 1 2 1 1 0 0 2 1 1 1
-5.69603782391593e-06 1 2 1 1 0 0 2 1 2 2
-5.69603782391593e-06 1 2 1 1 0 0 2 2 1 2
1.360240050373327e-05 1 2 1 1 0 1 1 1 2 0
1.3602400503733269e-05 1 2 1 1 0 1 1 2 1 0
-4.766168655139618e-05 1 2 1 1 0 1 2 1 1 0
-2.0456885543929654e-05 1 2 1 1 0 1 2 2 2 0
2.045688554392965e-05 1 2 1 1 0 2 1 1 1 0
4.766168655139618e-05 1 2 1 1 0 2 1 2 2 0
-1.3602400503733262e-05 1 2 1 1 0 2 2 1 2 0
-1.3602400503733277e-05 1 2 1 1 0 2 2 2 1 0
1.599903412892288e-05 1 2 1 1 0 3 1 1 2 1
1.599903412892288e-05 1 2 1 1 0 3 1 2 1 1
3.199806825784576e-05 1 2 1 1 0 3 1 2 2 2
-3.199806825784576e-05 1 2 1 1 0 3 2 1 1 1
-1.599903412892288e-05 1 2 1 1 0 3 2 1 2 2
-1.599903412892288e-05 1 2 1 1 0 3 2 2 1 2
1.7355572989369238e-05 1 2 1 1 3 0 1 1 2 1
1.7355572989369238e-05 1 2 1 1 3 0 1 2 1 1
3.471114597873847e-05 1 2 1 1 3 0 1 2 2 2
-3.471114597873847e-05 1 2 1 1 3 0 2 1 1 1
-1.7355572989369238e-05 1 2 1 1 3 0 2 1 2 2
-1.7355572989369238e-05 1 2 1 1 3 0 2 2 1 2
-2.1322408901197404e-06 1 2 1 1 3 3 1 1 1 2
-0.02896899457676876 1 2 1 1 3 3 1 1 2 1
-0.02896899457676876 1 2 1 1 3 3 1 2 1 1
-0.057940121394427606 1 2 1 1 3 3 1 2 2 2
0.05794012139442761 1 2 1 1 3 3 2 1 1 1
0.02896899457676876 1 2 1 1 3 3 2 1 2 2
0.02896899457676876 1 2 1 1 3 3 2 2 1 2
2.13224089011974e-06 1 2 1 1 3 3 2 2 2 1
2.0955248439755203e-07 1 2 1 2 0 1 1 1 1 0
0.36595580139197387 1 2 1 2 0 1 1 2 2 0
-0.00024141101180766438 1 2 1 2 0 1 1 2 2 3
-0.7302918267686812 1 2 1 2 0 1 2 1 2 0
0.0004908168282626198 1 2 1 2 0 1 2 1 2 3
0.36433623492919187 1 2 1 2 0 1 2 2 1 0
-0.00024940581645495536 1 2 1 2 0 1 2 2 1 3
0.3643362349291919 1 2 1 2 0 2 1 1 2 0
-0.00024940581645495536 1 2 1 2 0 2 1 1 2 3
-0.7302918267686812 1 2 1 2 0 2 1 2 1 0
0.0004908168282626198 1 2 1 2 0 2 1 2 1 3
0.36595580139197387 1 2 1 2 0 2 2 1 1 0
-0.00024141101180766438 1 2 1 2 0 2 2 1 1 3
2.0955248439755203e-07 1 2 1 2 0 2 2 2 2 0
-0.00024141101180766438 1 2 1 2 3 1 1 2 2 0
-6.219663004664971e-05 1 2 1 2 3 1 1 2 2 3
0.0004908168282626198 1 2 1 2 3 1 2 1 2 0
0.00012873871225715716 1 2 1 2 3 1 2 1 2 3
-0.00024940581645495536 1 2 1 2 3 1 2 2 1 0
-6.654208221050743e-05 1 2 1 2 3 1 2 2 1 3
-0.00024940581645495536 1 2 1 2 3 2 1 1 2 0
-6.654208221050743e-05 1 2 1 2 3 2 1 1 2 3
0.0004908168282626198 1 2 1 2 3 2 1 2 1 0
0.00012873871225715716 1 2 1 2 3 2 1 2 1 3
-0.00024141101180766438 1 2 1 2 3 2 2 1 1 0
-6.219663004664971e-05 1 2 1 2 3 2 2 1 1 3
7.755363355411288e-06 1 2 1 2 3 3 1 1 1 1
1.1676041533259173e-06 1 2 1 2 3 3 1 1 2 2
2.724448541189769e-06 1 2 1 2 3 3 1 2 1 2
3.863310660895602e-06 1 2 1 2 3 3 1 2 2 1
3.863310660895601e-06 1 2 1 2 3 3 2 1 1 2
2.724448541189771e-06 1 2 1 2 3 3 2 1 2 1
1.167604153325914e-06 1 2 1 2 3 3 2 2 1 1
7.755363355411288e-06 1 2 1 2 3 3 2 2 2 2
0.0005164473848445594 1 2 1 3 1 0 1 2 0 0
5.9281883486674705e-05 1 2 1 3 1 0 1 2 0 3
-0.945335713121965 1 2 1 3 1 0 1 2 3 0
0.00026752277163202696 1 2 1 3 1 0 1 2 3 3
-0.0005164473848445594 1 2 1 3 1 0 2 1 0 0
-5.9281883486674705e-05 1 2 1 3 1 0 2 1 0 3
0.945335713121965 1 2 1 3 1 0 2 1 3 0
-0.00026752277163202696 1 2 1 3 1 0 2 1 3 3
0.09966924544203384 1 2 1 3 1 3 1 2 0 0
-0.0004463897852268095 1 2 1 3 1 3 1 2 0 3
0.6254603638625487 1 2 1 3 1 3 1 2 3 0
0.4565716740908772 1 2 1 3 1 3 1 2 3 3
-0.09966924544203383 1 2 1 3 1 3 2 1 0 0
0.0004463897852268095 1 2 1 3 1 3 2 1 0 3
-0.6254603638625486 1 2 1 3 1 3 2 1 3 0
-0.45657167409087723 1 2 1 3 1 3 2 1 3 3
1.044456844378723e-05 1 2 1 3 2 0 1 1 3 0
1.0444568443787233e-05 1 2 1 3 2 0 2 2 3 0
-0.00020838766203469647 1 2 1 3 2 1 1 2 0 2
-3.424698777222583e-05 1 2 1 3 2 1 1 2 3 2
0.000538618535935481 1 2 1 3 2 1 2 1 0 2
8.737818134711312e-05 1 2 1 3 2 1 2 1 3 2
-0.0003302308739007845 1 2 1 3 2 1 2 2 0 1
-5.3131193574887304e-05 1 2 1 3 2 1 2 2 3 1
-0.0003302308739007845 1 2 1 3 2 2 1 1 0 2
-5.3131193574887304e-05 1 2 1 3 2 2 1 1 3 2
0.000538618535935481 1 2 1 3 2 2 1 2 0 1
8.737818134711312e-05 1 2 1 3 2 2 1 2 3 1
-0.00020838766203469647 1 2 1 3 2 2 2 1 0 1
-3.424698777222583e-05 1 2 1 3 2 2 2 1 3 1
3.481324802161071e-07 1 2 1 3 2 3 1 1 0 0
2.6987059322328616e-05 1 2 1 3 2 3 1 1 3 0
-6.623814071646778e-06 1 2 1 3 2 3 1 1 3 3
3.481324802161071e-07 1 2 1 3 2 3 2 2 0 0
2.6987059322328616e-05 1 2 1 3 2 3 2 2 3 0
-6.62381407164678e-06 1 2 1 3 2 3 2 2 3 3
2.292569910794517e-06 1 2 2 0 1 1 1 1 0 1
4.145794873475302 1 2 2 0 1 1 1 2 0 2
-0.002922073069193966 1 2 2 0 1 1 1 2 3 2
0.46855649551745193 1 2 2 0 1 1 2 1 0 2
-0.0003302308739007845 1 2 2 0 1 1 2 1 3 2
-4.614349076422842 1 2 2 0 1 1 2 2 0 1
0.0032523039430947505 1 2 2 0 1 1 2 2 3 1
-4.614349076422842 1 2 2 0 1 2 1 1 0 2
0.0032523039430947505 1 2 2 0 1 2 1 1 3 2
0.46855649551745193 1 2 2 0 1 2 1 2 0 1
-0.0003302308739007845 1 2 2 0 1 2 1 2 3 1
4.145794873475301 1 2 2 0 1 2 2 1 0 1
-0.002922073069193966 1 2 2 0 1 2 2 1 3 1
2.2925699107945154e-06 1 2 2 0 1 2 2 2 0 2
-5.130368606113529e-06 1 2 2 0 1 3 1 1 3 0
-5.130368606113529e-06 1 2 2 0 1 3 2 2 3 0
-3.5229540617636796e-05 1 2 2 0 2 1 1 1 0 2
-1.9696897430559207e-05 1 2 2 0 2 1 1 2 0 1
-3.467782297600114e-05 1 2 2 0 2 1 2 1 0 1
-8.960426102419711e-05 1 2 2 0 2 1 2 2 0 2
8.960426102419713e-05 1 2 2 0 2 2 1 1 0 1
3.4677822976001115e-05 1 2 2 0 2 2 1 2 0 2
1.9696897430559207e-05 1 2 2 0 2 2 2 1 0 2
3.522954061763677e-05 1 2 2 0 2 2 2 2 0 1
1.8326879378559192e-06 1 2 2 0 2 3 1 2 3 0
-1.8326879378559192e-06 1 2 2 0 2 3 2 1 3 0
2.095524843975588e-07 1 2 2 1 0 1 1 1 1 0
0.36595580139197387 1 2 2 1 0 1 1 2 2 0
-0.00024141101180766438 1 2 2 1 0 1 1 2 2 3
0.36433623492919187 1 2 2 1 0 1 2 1 2 0
-0.00024940581645495536 1 2 2 1 0 1 2 1 2 3
-0.7302918267686812 1 2 2 1 0 1 2 2 1 0
0.0004908168282626198 1 2 2 1 0 1 2 2 1 3
-0.7302918267686812 1 2 2 1 0 2 1 1 2 0
0.0004908168282626198 1 2 2 1 0 2 1 1 2 3
0.36433623492919187 1 2 2 1 0 2 1 2 1 0
-0.00024940581645495536 1 2 2 1 0 2 1 2 1 3
0.36595580139197387 1 2 2 1 0 2 2 1 1 0
-0.00024141101180766438 1 2 2 1 0 2 2 1 1 3
2.0955248439755203e-07 1 2 2 1 0 2 2 2 2 0
-0.00024141101180766438 1 2 2 1 3 1 1 2 2 0
-6.219663004664971e-05 1 2 2 1 3 1 1 2 2 3
-0.00024940581645495536 1 2 2 1 3 1 2 1 2 0
-6.654208221050743e-05 1 2 2 1 3 1 2 1 2 3
0.0004908168282626198 1 2 2 1 3 1 2 2 1 0
0.00012873871225715716 1 2 2 1 3 1 2 2 1 3
0.0004908168282626198 1 2 2 1 3 2 1 1 2 0
0.00012873871225715716 1 2 2 1 3 2 1 1 2 3
-0.00024940581645495536 1 2 2 1 3 2 1 2 1 0
-6.654208221050743e-05 1 2 2 1 3 2 1 2 1 3
-0.00024141101180766438 1 2 2 1 3 2 2 1 1 0
-6.219663004664971e-05 1 2 2 1 3 2 2 1 1 3
7.755363355411288e-06 1 2 2 1 3 3 1 1 1 1
2.724448541189771e-06 1 2 2 1 3 3 1 1 2 2
1.1676041533259173e-06 1 2 2 1 3 3 1 2 1 2
3.863310660895602e-06 1 2 2 1 3 3 1 2 2 1
3.863310660895601e-06 1 2 2 1 3 3 2 1 1 2
1.1676041533259156e-06 1 2 2 1 3 3 2 1 2 1
2.7244485411897726e-06 1 2 2 1 3 3 2 2 1 1
7.755363355411292e-06 1 2 2 1 3 3 2 2 2 2
-3.653001288547902e-05 1 2 2 2 0 1 1 1 2 0
-3.6530012885479024e-05 1 2 2 2 0 1 1 2 1 0
-2.045688554392965e-05 1 2 2 2 0 1 2 1 1 0
-9.351691131488772e-05 1 2 2 2 0 1 2 2 2 0
9.351691131488772e-05 1 2 2 2 0 2 1 1 1 0
2.0456885543929647e-05 1 2 2 2 0 2 1 2 2 0
3.653001288547902e-05 1 2 2 2 0 2 2 1 2 0
3.653001288547903e-05 1 2 2 2 0 2 2 2 1 0
-4.042868923268613e-07 1 2 2 2 3 3 1 1 2 1
-4.042868923268613e-07 1 2 2 2 3 3 1 2 1 1
-8.085737846537211e-07 1 2 2 2 3 3 1 2 2 2
8.085737846537211e-07 1 2 2 2 3 3 2 1 1 1
4.042868923268613e-07 1 2 2 2 3 3 2 1 2 2
4.042868923268613e-07 1 2 2 2 3 3 2 2 1 2
-4.525762430046189e-08 1 2 2 3 1 0 1 1 3 0
-4.525762430045511e-08 1 2 2 3 1 0 2 2 3 0
-0.002922073069193966 1 2 2 3 1 1 1 2 0 2
-0.0004558473064185356 1 2 2 3 1 1 1 2 3 2
-0.0003302308739007845 1 2 2 3 1 1 2 1 0 2
-5.3131193574887304e-05 1 2 2 3 1 1 2 1 3 2
0.0032523039430947505 1 2 2 3 1 1 2 2 0 1
0.0005089784999934228 1 2 2 3 1 1 2 2 3 1
0.0032523039430947505 1 2 2 3 1 2 1 1 0 2
0.0005089784999934228 1 2 2 3 1 2 1 1 3 2
-0.0003302308739007845 1 2 2 3 1 2 1 2 0 1
-5.3131193574887304e-05 1 2 2 3 1 2 1 2 3 1
-0.002922073069193966 1 2 2 3 1 2 2 1 0 1
-0.0004558473064185356 1 2 2 3 1 2 2 1 3 1
-1.2481445069197947e-05 1 2 2 3 1 3 1 1 0 0
-0.00014819255805537048 1 2 2 3 1 3 1 1 3 0
1.5145703833503283e-06 1 2 2 3 1 3 1 1 3 3
-1.2481445069197947e-05 1 2 2 3 1 3 2 2 0 0
-0.00014819255805537048 1 2 2 3 1 3 2 2 3 0
1.5145703833503283e-06 1 2 2 3 1 3 2 2 3 3
-3.7840073232671297e-06 1 2 2 3 2 0 1 2 3 0
3.7840073232671297e-06 1 2 2 3 2 0 2 1 3 0
1.170854385122908e-06 1 2 2 3 2 3 1 2 0 0
-1.793497588334586e-05 1 2 2 3 2 3 1 2 3 0
3.858287847377157e-06 1 2 2 3 2 3 1 2 3 3
-1.170854385122908e-06 1 2 2 3 2 3 2 1 0 0
1.793497588334586e-05 1 2 2 3 2 3 2 1 3 0
-3.858287847377157e-06 1 2 2 3 2 3 2 1 3 3
53.865346962729035 1 2 3 0 0 1 2 0 0 0
7.720623146031269 1 2 3 0 0 1 2 0 0 3
7.2397988388659975 1 2 3 0 0 1 2 0 3 0
-0.015596423490718832 1 2 3 0 0 1 2 0 3 3
8.334426900563873 1 2 3 0 0 1 2 3 0 0
-0.016336646135436405 1 2 3 0 0 1 2 3 0 3
-0.015911747591853216 1 2 3 0 0 1 2 3 3 0
-0.002194494390984853 1 2 3 0 0 1 2 3 3 3
-53.865346962729035 1 2 3 0 0 2 1 0 0 0
-7.720623146031269 1 2 3 0 0 2 1 0 0 3
-7.239798838865998 1 2 3 0 0 2 1 0 3 0
0.015596423490718832 1 2 3 0 0 2 1 0 3 3
-8.334426900563873 1 2 3 0 0 2 1 3 0 0
0.016336646135436405 1 2 3 0 0 2 1 3 0 3
0.015911747591853216 1 2 3 0 0 2 1 3 3 0
0.002194494390984853 1 2 3 0 0 2 1 3 3 3
-1.0850421987112103e-05 1 2 3 0 0 3 1 3 3 2
1.0850421987112103e-05 1 2 3 0 0 3 2 3 3 1
-4.337037783294005e-05 1 2 3 0 3 0 1 3 3 2
4.337037783294005e-05 1 2 3 0 3 0 2 3 3 1
7.252031972690836 1 2 3 0 3 1 2 0 0 0
-0.019718810527974487 1 2 3 0 3 1 2 0 0 3
-0.015596423490718835 1 2 3 0 3 1 2 0 3 0
-0.0027553357555920354 1 2 3 0 3 1 2 0 3 3
-0.01633664613543641 1 2 3 0 3 1 2 3 0 0
-0.002950616550059699 1 2 3 0 3 1 2 3 0 3
-0.002247625584559741 1 2 3 0 3 1 2 3 3 0
-7.252031972690837 1 2 3 0 3 2 1 0 0 0
0.019718810527974487 1 2 3 0 3 2 1 0 0 3
0.015596423490718835 1 2 3 0 3 2 1 0 3 0
0.0027553357555920354 1 2 3 0 3 2 1 0 3 3
0.01633664613543641 1 2 3 0 3 2 1 3 0 0
0.0029506165500596993 1 2 3 0 3 2 1 3 0 3
0.002247625584559741 1 2 3 0 3 2 1 3 3 0
-5.635036419520539e-06 1 2 3 0 3 3 1 0 3 2
-4.0781920316566595e-06 1 2 3 0 3 3 1 3 0 2
-5.38454782685314e-05 1 2 3 0 3 3 1 3 3 2
5.635036419520539e-06 1 2 3 0 3 3 2 0 3 1
4.078192031656768e-06 1 2 3 0 3 3 2 3 0 1
5.38454782685314e-05 1 2 3 0 3 3 2 3 3 1
0.0005164473848445593 1 2 3 1 1 0 1 0 2 0
5.9281883486674705e-05 1 2 3 1 1 0 1 0 2 3
-0.945335713121965 1 2 3 1 1 0 1 3 2 0
0.00026752277163202696 1 2 3 1 1 0 1 3 2 3
-0.0005164473848445593 1 2 3 1 1 0 2 0 1 0
-5.9281883486674705e-05 1 2 3 1 1 0 2 0 1 3
0.945335713121965 1 2 3 1 1 0 2 3 1 0
-0.00026752277163202696 1 2 3 1 1 0 2 3 1 3
0.09966924544203383 1 2 3 1 1 3 1 0 2 0
-0.0004463897852268094 1 2 3 1 1 3 1 0 2 3
0.6254603638625487 1 2 3 1 1 3 1 3 2 0
0.4565716740908772 1 2 3 1 1 3 1 3 2 3
-0.09966924544203384 1 2 3 1 1 3 2 0 1 0
0.0004463897852268094 1 2 3 1 1 3 2 0 1 3
-0.6254603638625487 1 2 3 1 1 3 2 3 1 0
-0.45657167409087723 1 2 3 1 1 3 2 3 1 3
1.0444568443787233e-05 1 2 3 1 2 0 1 3 1 0
1.0444568443787233e-05 1 2 3 1 2 0 2 3 2 0
-0.00020838766203469644 1 2 3 1 2 1 1 0 2 2
-3.424698777222583e-05 1 2 3 1 2 1 1 3 2 2
0.0005386185359354809 1 2 3 1 2 1 2 0 1 2
-0.00033023087390078446 1 2 3 1 2 1 2 0 2 1
8.737818134711311e-05 1 2 3 1 2 1 2 3 1 2
-5.3131193574887304e-05 1 2 3 1 2 1 2 3 2 1
-0.00033023087390078446 1 2 3 1 2 2 1 0 1 2
0.0005386185359354809 1 2 3 1 2 2 1 0 2 1
-5.3131193574887304e-05 1 2 3 1 2 2 1 3 1 2
8.737818134711311e-05 1 2 3 1 2 2 1 3 2 1
-0.00020838766203469644 1 2 3 1 2 2 2 0 1 1
-3.424698777222583e-05 1 2 3 1 2 2 2 3 1 1
3.481324802161071e-07 1 2 3 1 2 3 1 0 1 0
2.6987059322328616e-05 1 2 3 1 2 3 1 3 1 0
-6.62381407164678e-06 1 2 3 1 2 3 1 3 1 3
3.481324802161071e-07 1 2 3 1 2 3 2 0 2 0
2.6987059322328616e-05 1 2 3 1 2 3 2 3 2 0
-6.62381407164678e-06 1 2 3 1 2 3 2 3 2 3
-4.5257624300460195e-08 1 2 3 2 1 0 1 3 1 0
-4.525762430045342e-08 1 2 3 2 1 0 2 3 2 0
-0.002922073069193965 1 2 3 2 1 1 1 0 2 2
-0.00045584730641853557 1 2 3 2 1 1 1 3 2 2
-0.00033023087390078446 1 2 3 2 1 1 2 0 1 2
0.00325230394309475 1 2 3 2 1 1 2 0 2 1
-5.313119357488731e-05 1 2 3 2 1 1 2 3 1 2
0.0005089784999934228 1 2 3 2 1 1 2 3 2 1
0.00325230394309475 1 2 3 2 1 2 1 0 1 2
-0.00033023087390078446 1 2 3 2 1 2 1 0 2 1
0.0005089784999934228 1 2 3 2 1 2 1 3 1 2
-5.313119357488731e-05 1 2 3 2 1 2 1 3 2 1
-0.002922073069193965 1 2 3 2 1 2 2 0 1 1
-0.00045584730641853557 1 2 3 2 1 2 2 3 1 1
-1.248144506919796e-05 1 2 3 2 1 3 1 0 1 0
-0.00014819255805537048 1 2 3 2 1 3 1 3 1 0
1.514570383350335e-06 1 2 3 2 1 3 1 3 1 3
-1.248144506919796e-05 1 2 3 2 1 3 2 0 2 0
-0.00014819255805537048 1 2 3 2 1 3 2 3 2 0
1.514570383350335e-06 1 2 3 2 1 3 2 3 2 3
-3.78400732326713e-06 1 2 3 2 2 0 1 3 2 0
3.78400732326713e-06 1 2 3 2 2 0 2 3 1 0
1.170854385122908e-06 1 2 3 2 2 3 1 0 2 0
-1.793497588334586e-05 1 2 3 2 2 3 1 3 2 0
3.858287847377157e-06 1 2 3 2 2 3 1 3 2 3
-1.170854385122908e-06 1 2 3 2 2 3 2 0 1 0
1.793497588334586e-05 1 2 3 2 2 3 2 3 1 0
-3.858287847377157e-06 1 2 3 2 2 3 2 3 1 3
1.0179383230400293e-05 1 2 3 3 0 0 1 3 3 2
-1.0179383230400456e-05 1 2 3 3 0 0 2 3 3 1
6.875442147051264 1 2 3 3 0 1 2 0 0 0
-0.01567724854816466 1 2 3 3 0 1 2 0 0 3
-0.015911747591853216 1 2 3 3 0 1 2 0 3 0
-0.0022476255845597405 1 2 3 3 0 1 2 0 3 3
-0.015911747591853216 1 2 3 3 0 1 2 3 0 0
-0.0022476255845597405 1 2 3 3 0 1 2 3 0 3
-0.0022418290941798725 1 2 3 3 0 1 2 3 3 0
-6.875442147051265 1 2 3 3 0 2 1 0 0 0
0.01567724854816466 1 2 3 3 0 2 1 0 0 3
0.015911747591853216 1 2 3 3 0 2 1 0 3 0
0.0022476255845597405 1 2 3 3 0 2 1 0 3 3
0.015911747591853216 1 2 3 3 0 2 1 3 0 0
0.0022476255845597405 1 2 3 3 0 2 1 3 0 3
0.0022418290941798725 1 2 3 3 0 2 1 3 3 0
-1.3615948211381454e-05 1 2 3 3 0 3 1 0 3 2
-1.3615948211381454e-05 1 2 3 3 0 3 1 3 0 2
-0.00010620771149879357 1 2 3 3 0 3 1 3 3 2
1.3615948211381454e-05 1 2 3 3 0 3 2 0 3 1
1.3615948211381454e-05 1 2 3 3 0 3 2 3 0 1
0.0001062077114987927 1 2 3 3 0 3 2 3 3 1
-3.6709816712419757e-05 1 2 3 3 3 0 1 0 3 2
-3.6709816712419757e-05 1 2 3 3 3 0 1 3 0 2
1.3386752887472632e-05 1 2 3 3 3 0 1 3 3 2
3.6709816712419865e-05 1 2 3 3 3 0 2 0 3 1
3.6709816712419865e-05 1 2 3 3 3 0 2 3 0 1
-1.3386752887472632e-05 1 2 3 3 3 0 2 3 3 1
-0.015016786800363092 1 2 3 3 3 1 2 0 0 0
-0.0026887936733815277 1 2 3 3 3 1 2 0 0 3
-0.002194494390984853 1 2 3 3 3 1 2 0 3 0
-0.002194494390984853 1 2 3 3 3 1 2 3 0 0
0.015016786800363092 1 2 3 3 3 2 1 0 0 0
0.0026887936733815277 1 2 3 3 3 2 1 0 0 3
0.002194494390984853 1 2 3 3 3 2 1 0 3 0
0.002194494390984853 1 2 3 3 3 2 1 3 0 0
-4.41885273824228e-06 1 2 3 3 3 3 1 0 0 2
-4.47933948295471e-05 1 2 3 3 3 3 1 0 3 2
-4.4793394829547965e-05 1 2 3 3 3 3 1 3 0 2
0.07069556768372347 1 2 3 3 3 3 1 3 3 2
4.41885273824228e-06 1 2 3 3 3 3 2 0 0 1
4.47933948295471e-05 1 2 3 3 3 3 2 0 3 1
4.47933948295484e-05 1 2 3 3 3 3 2 3 0 1
-0.07069556768372345 1 2 3 3 3 3 2 3 3 1
-0.002062899393682847 1 3 0 0 1 0 0 0 3 0
-0.0020628993936828467 1 3 0 0 1 0 0 3 0 0
-0.015958325411774534 1 3 0 0 1 0 0 3 3 0
-0.0017130739962364506 1 3 0 0 1 0 0 3 3 3
-0.0023966198040765276 1 3 0 0 1 0 3 0 0 0
-0.0186758646396315 1 3 0 0 1 0 3 0 3 0
-0.0023654103433221707 1 3 0 0 1 0 3 0 3 3
-0.0186758646396315 1 3 0 0 1 0 3 3 0 0
-0.0023654103433221707 1 3 0 0 1 0 3 3 0 3
4.199999916593688 1 3 0 0 1 0 3 3 3 0
-0.018410490216703126 1 3 0 0 1 0 3 3 3 3
0.003644330618207866 1 3 0 0 1 1 0 0 0 1
0.0004245554990695942 1 3 0 0 1 1 0 0 3 1
0.0004245554990695942 1 3 0 0 1 1 0 3 0 1
0.0008591248516344639 1 3 0 0 1 1 3 0 0 1
0.003644330618207864 1 3 0 0 1 2 0 0 0 2
0.0004245554990695942 1 3 0 0 1 2 0 0 3 2
0.0004245554990695942 1 3 0 0 1 2 0 3 0 2
0.0008591248516344641 1 3 0 0 1 2 3 0 0 2
-0.0023952237404347267 1 3 0 0 1 3 0 0 0 0
-0.017034487348280877 1 3 0 0 1 3 0 0 3 0
-0.002429192525458671 1 3 0 0 1 3 0 0 3 3
-0.017034487348280877 1 3 0 0 1 3 0 3 0 0
-0.0024291925254586715 1 3 0 0 1 3 0 3 0 3
4.039842743551845 1 3 0 0 1 3 0 3 3 0
-0.017100954453058988 1 3 0 0 1 3 0 3 3 3
-0.019400685199989675 1 3 0 0 1 3 3 0 0 0
-0.002958394964225318 1 3 0 0 1 3 3 0 0 3
5.082133232208944 1 3 0 0 1 3 3 0 3 0
-0.020712358790202237 1 3 0 0 1 3 3 0 3 3
5.082133232208943 1 3 0 0 1 3 3 3 0 0
-0.020712358790202237 1 3 0 0 1 3 3 3 0 3
34.529502702551596 1 3 0 0 1 3 3 3 3 0
5.714692328114467 1 3 0 0 1 3 3 3 3 3
60.35902653369826 1 3 0 0 2 1 0 0 0 2
8.011681704703916 1 3 0 0 2 1 0 0 3 2
8.011681704703914 1 3 0 0 2 1 0 3 0 2
-0.017161182737034306 1 3 0 0 2 1 0 3 3 2
14.167288267283768 1 3 0 0 2 1 3 0 0 2
-0.021895810778822355 1 3 0 0 2 1 3 0 3 2
-0.021895810778822355 1 3 0 0 2 1 3 3 0 2
-0.002842005675363834 1 3 0 0 2 1 3 3 3 2
-60.35902653369826 1 3 0 0 2 2 0 0 0 1
-8.011681704703914 1 3 0 0 2 2 0 0 3 1
-8.011681704703914 1 3 0 0 2 2 0 3 0 1
0.017161182737034306 1 3 0 0 2 2 0 3 3 1
-14.167288267283768 1 3 0 0 2 2 3 0 0 1
0.021895810778822355 1 3 0 0 2 2 3 0 3 1
0.021895810778822355 1 3 0 0 2 2 3 3 0 1
0.002842005675363834 1 3 0 0 2 2 3 3 3 1
-3.726187412474185e-05 1 3 0 1 0 0 0 3 1 1
-3.726187412474185e-05 1 3 0 1 0 0 0 3 2 2
4.1969001953056577e-05 1 3 0 1 0 0 3 0 1 1
4.196900195305658e-05 1 3 0 1 0 0 3 0 2 2
0.00047163502808765073 1 3 0 1 0 0 3 3 1 1
0.00047163502808765073 1 3 0 1 0 0 3 3 2 2
0.0011693661795182022 1 3 0 1 0 1 0 0 1 0
0.00016383204876919307 1 3 0 1 0 1 0 0 1 3
0.00015903453134285408 1 3 0 1 0 1 0 3 1 0
0.00025373497437808194 1 3 0 1 0 1 3 0 1 0
0.0011693661795182022 1 3 0 1 0 2 0 0 2 0
0.00016383204876919307 1 3 0 1 0 2 0 0 2 3
0.00015903453134285408 1 3 0 1 0 2 0 3 2 0
0.00025373497437808194 1 3 0 1 0 2 3 0 2 0
0.0001647834675135399 1 3 0 1 0 3 0 0 1 1
0.0001647834675135399 1 3 0 1 0 3 0 0 2 2
0.0011476436550943148 1 3 0 1 0 3 0 3 1 1
0.0011476436550943148 1 3 0 1 0 3 0 3 2 2
0.001112385973515689 1 3 0 1 0 3 3 0 1 1
0.001112385973515689 1 3 0 1 0 3 3 0 2 2
-0.51176192616401 1 3 0 1 0 3 3 3 1 1
-0.5117619261640098 1 3 0 1 0 3 3 3 2 2
-3.3478878914450836e-05 1 3 0 1 3 0 0 0 1 1
-3.3478878914450836e-05 1 3 0 1 3 0 0 0 2 2
3.881787224497158e-05 1 3 0 1 3 0 0 3 1 1
3.881787224497158e-05 1 3 0 1 3 0 0 3 2 2
0.0007447589946225706 1 3 0 1 3 0 3 0 1 1
0.0007447589946225706 1 3 0 1 3 0 3 0 2 2
-0.22759262595368626 1 3 0 1 3 0 3 3 1 1
-0.22759262595368626 1 3 0 1 3 0 3 3 2 2
0.00010927141277783048 1 3 0 1 3 1 0 0 1 0
0.00010927141277783048 1 3 0 1 3 2 0 0 2 0
0.0013420792871317643 1 3 0 1 3 3 0 0 1 1
0.0013420792871317643 1 3 0 1 3 3 0 0 2 2
-0.6084859621846175 1 3 0 1 3 3 0 3 1 1
-0.6084859621846174 1 3 0 1 3 3 0 3 2 2
-0.6978668802729141 1 3 0 1 3 3 3 0 1 1
-0.6978668802729141 1 3 0 1 3 3 3 0 2 2
-4.5110988319811 1 3 0 1 3 3 3 3 1 1
-4.5110988319811 1 3 0 1 3 3 3 3 2 2
57.65520031256041 1 3 0 2 0 1 0 0 2 0
8.655892382888661 1 3 0 2 0 1 0 0 2 3
7.684403528277772 1 3 0 2 0 1 0 3 2 0
-0.016567793450116993 1 3 0 2 0 1 0 3 2 3
8.899754716138327 1 3 0 2 0 1 3 0 2 0
-0.01535804692931743 1 3 0 2 0 1 3 0 2 3
-0.017067018166267614 1 3 0 2 0 1 3 3 2 0
-0.002055316176624219 1 3 0 2 0 1 3 3 2 3
-57.65520031256042 1 3 0 2 0 2 0 0 1 0
-8.655892382888661 1 3 0 2 0 2 0 0 1 3
-7.684403528277772 1 3 0 2 0 2 0 3 1 0
0.016567793450116993 1 3 0 2 0 2 0 3 1 3
-8.899754716138327 1 3 0 2 0 2 3 0 1 0
0.01535804692931743 1 3 0 2 0 2 3 0 1 3
0.017067018166267614 1 3 0 2 0 2 3 3 1 0
0.002055316176624219 1 3 0 2 0 2 3 3 1 3
-3.19489003685522e-05 1 3 0 2 0 3 3 3 1 2
3.194890036855221e-05 1 3 0 2 0 3 3 3 2 1
-2.6526062112425788e-05 1 3 0 2 3 0 3 3 1 2
2.6526062112425788e-05 1 3 0 2 3 0 3 3 2 1
4.510077812515928 1 3 0 2 3 1 0 0 2 0
-0.015368725315537317 1 3 0 2 3 1 0 0 2 3
-0.013932710393058071 1 3 0 2 3 1 0 3 2 0
-0.0021572812103378947 1 3 0 2 3 1 0 3 2 3
-0.01535804692931743 1 3 0 2 3 1 3 0 2 0
-0.0026905761727675915 1 3 0 2 3 1 3 0 2 3
-0.0021189667698583233 1 3 0 2 3 1 3 3 2 0
-4.510077812515928 1 3 0 2 3 2 0 0 1 0
0.015368725315537317 1 3 0 2 3 2 0 0 1 3
0.013932710393058071 1 3 0 2 3 2 0 3 1 0
0.0021572812103378947 1 3 0 2 3 2 0 3 1 3
0.01535804692931743 1 3 0 2 3 2 3 0 1 0
0.0026905761727675915 1 3 0 2 3 2 3 0 1 3
0.0021189667698583233 1 3 0 2 3 2 3 3 1 0
-1.914937009453665e-05 1 3 0 2 3 3 0 3 1 2
1.9149370094536647e-05 1 3 0 2 3 3 0 3 2 1
-1.4847764466189728e-05 1 3 0 2 3 3 3 0 1 2
1.48477644661897e-05 1 3 0 2 3 3 3 0 2 1
-8.500160949897074e-05 1 3 0 2 3 3 3 3 1 2
8.500160949897074e-05 1 3 0 2 3 3 3 3 2 1
-0.0021157183071516235 1 3 0 3 1 0 0 0 0 0
-0.017243424749952604 1 3 0 3 1 0 0 0 3 0
-0.001774448881958439 1 3 0 3 1 0 0 0 3 3
-0.016768439077886492 1 3 0 3 1 0 0 3 0 0
-0.0017520096562676796 1 3 0 3 1 0 0 3 0 3
3.646524634794061 1 3 0 3 1 0 0 3 3 0
-0.014384280717401917 1 3 0 3 1 0 0 3 3 3
-0.019420623634254067 1 3 0 3 1 0 3 0 0 0
-0.0024073793452752267 1 3 0 3 1 0 3 0 0 3
4.958064716118513 1 3 0 3 1 0 3 0 3 0
-0.019806721964061184 1 3 0 3 1 0 3 0 3 3
4.604402077453062 1 3 0 3 1 0 3 3 0 0
-0.019190324151214244 1 3 0 3 1 0 3 3 0 3
38.12828228118191 1 3 0 3 1 0 3 3 3 0
4.631079637628355 1 3 0 3 1 0 3 3 3 3
0.00040139744042812697 1 3 0 3 1 1 0 0 0 1
0.00040139744042812697 1 3 0 3 1 2 0 0 0 2
-0.01818742716494225 1 3 0 3 1 3 0 0 0 0
-0.0025270880374569796 1 3 0 3 1 3 0 0 0 3
4.748574299574442 1 3 0 3 1 3 0 0 3 0
-0.018420067829837832 1 3 0 3 1 3 0 0 3 3
4.634595907511553 1 3 0 3 1 3 0 3 0 0
-0.018018827514649557 1 3 0 3 1 3 0 3 0 3
32.79594403062009 1 3 0 3 1 3 0 3 3 0
4.880018296995495 1 3 0 3 1 3 0 3 3 3
5.779985264717392 1 3 0 3 1 3 3 0 0 0
-0.021824744763717926 1 3 0 3 1 3 3 0 0 3
41.01410064071065 1 3 0 3 1 3 3 0 3 0
6.749467169107463 1 3 0 3 1 3 3 0 3 3
39.69840215930627 1 3 0 3 1 3 3 3 0 0
6.400777288810176 1 3 0 3 1 3 3 3 0 3
-7742.482114858849 1 3 0 3 1 3 3 3 3 0
44.85481701388034 1 3 0 3 1 3 3 3 3 3
7.723498168304386 1 3 0 3 2 1 0 0 0 2
-0.01812274962873918 1 3 0 3 2 1 0 0 3 2
-0.017247116588867788 1 3 0 3 2 1 0 3 0 2
-0.0024008050815396364 1 3 0 3 2 1 0 3 3 2
-0.02189581077882236 1 3 0 3 2 1 3 0 0 2
-0.0031146216510908554 1 3 0 3 2 1 3 0 3 2
-0.0029116608028614726 1 3 0 3 2 1 3 3 0 2
-7.723498168304387 1 3 0 3 2 2 0 0 0 1
0.01812274962873918 1 3 0 3 2 2 0 0 3 1
0.017247116588867788 1 3 0 3 2 2 0 3 0 1
0.0024008050815396364 1 3 0 3 2 2 0 3 3 1
0.02189581077882236 1 3 0 3 2 2 3 0 0 1
0.0031146216510908554 1 3 0 3 2 2 3 0 3 1
0.0029116608028614726 1 3 0 3 2 2 3 3 0 1
-3.726187412474185e-05 1 3 1 0 0 0 0 1 3 1
-3.726187412474185e-05 1 3 1 0 0 0 0 2 3 2
4.19690019530566e-05 1 3 1 0 0 0 3 1 0 1
0.0004716350280876508 1 3 1 0 0 0 3 1 3 1
4.19690019530566e-05 1 3 1 0 0 0 3 2 0 2
0.0004716350280876508 1 3 1 0 0 0 3 2 3 2
0.0011693661795182022 1 3 1 0 0 1 0 1 0 0
0.00016383204876919307 1 3 1 0 0 1 0 1 0 3
0.0001590345313428542 1 3 1 0 0 1 0 1 3 0
0.00025373497437808194 1 3 1 0 0 1 3 1 0 0
0.0011693661795182022 1 3 1 0 0 2 0 2 0 0
0.00016383204876919307 1 3 1 0 0 2 0 2 0 3
0.0001590345313428542 1 3 1 0 0 2 0 2 3 0
0.00025373497437808216 1 3 1 0 0 2 3 2 0 0
0.00016478346751353992 1 3 1 0 0 3 0 1 0 1
0.0011476436550943146 1 3 1 0 0 3 0 1 3 1
0.00016478346751353992 1 3 1 0 0 3 0 2 0 2
0.0011476436550943146 1 3 1 0 0 3 0 2 3 2
0.001112385973515689 1 3 1 0 0 3 3 1 0 1
-0.5117619261640098 1 3 1 0 0 3 3 1 3 1
0.001112385973515689 1 3 1 0 0 3 3 2 0 2
-0.5117619261640098 1 3 1 0 0 3 3 2 3 2
-3.347887891445086e-05 1 3 1 0 3 0 0 1 0 1
3.881787224497153e-05 1 3 1 0 3 0 0 1 3 1
-3.347887891445086e-05 1 3 1 0 3 0 0 2 0 2
3.881787224497153e-05 1 3 1 0 3 0 0 2 3 2
0.0007447589946225706 1 3 1 0 3 0 3 1 0 1
-0.22759262595368632 1 3 1 0 3 0 3 1 3 1
0.0007447589946225706 1 3 1 0 3 0 3 2 0 2
-0.22759262595368632 1 3 1 0 3 0 3 2 3 2
0.00010927141277783048 1 3 1 0 3 1 0 1 0 0
0.00010927141277783048 1 3 1 0 3 2 0 2 0 0
0.0013420792871317645 1 3 1 0 3 3 0 1 0 1
-0.6084859621846175 1 3 1 0 3 3 0 1 3 1
0.0013420792871317645 1 3 1 0 3 3 0 2 0 2
-0.6084859621846174 1 3 1 0 3 3 0 2 3 2
-0.6978668802729139 1 3 1 0 3 3 3 1 0 1
-4.5110988319811 1 3 1 0 3 3 3 1 3 1
-0.6978668802729139 1 3 1 0 3 3 3 2 0 2
-4.5110988319811 1 3 1 0 3 3 3 2 3 2
2.0369341602081407e-06 1 3 1 1 1 0 3 1 1 0
2.0369341602081424e-06 1 3 1 1 1 0 3 2 2 0
-3.996286232968761e-06 1 3 1 1 1 3 0 1 1 0
-3.996286232968761e-06 1 3 1 1 1 3 0 2 2 0
-3.870663661901436e-05 1 3 1 1 1 3 3 1 1 0
-1.101833604999921e-05 1 3 1 1 1 3 3 1 1 3
-3.870663661901436e-05 1 3 1 1 1 3 3 2 2 0
-1.1018336049999204e-05 1 3 1 1 1 3 3 2 2 3
0.00023749283603305622 1 3 1 2 1 0 0 1 2 0
1.1219612845379898e-05 1 3 1 2 1 0 0 1 2 3
-0.00023749283603305622 1 3 1 2 1 0 0 2 1 0
-1.1219612845379898e-05 1 3 1 2 1 0 0 2 1 3
-0.1768313193327249 1 3 1 2 1 0 3 1 2 0
0.0003081989064234701 1 3 1 2 1 0 3 1 2 3
0.1768313193327249 1 3 1 2 1 0 3 2 1 0
-0.0003081989064234701 1 3 1 2 1 0 3 2 1 3
-0.05698919603144337 1 3 1 2 1 3 0 1 2 0
0.0002006201575941398 1 3 1 2 1 3 0 1 2 3
0.05698919603144337 1 3 1 2 1 3 0 2 1 0
-0.0002006201575941398 1 3 1 2 1 3 0 2 1 3
-0.6578492407021864 1 3 1 2 1 3 3 1 2 0
-0.17434494014864438 1 3 1 2 1 3 3 1 2 3
0.6578492407021864 1 3 1 2 1 3 3 2 1 0
0.17434494014864438 1 3 1 2 1 3 3 2 1 3
6.778569238369211e-06 1 3 1 2 2 0 3 1 1 0
6.778569238369213e-06 1 3 1 2 2 0 3 2 2 0
0.0005813115260032179 1 3 1 2 2 1 0 1 2 2
-0.0002943215138681757 1 3 1 2 2 1 0 2 1 2
-0.0002869900121350421 1 3 1 2 2 1 0 2 2 1
0.00013330572073174383 1 3 1 2 2 1 3 1 2 2
-6.965512749763925e-05 1 3 1 2 2 1 3 2 1 2
-6.36505932341046e-05 1 3 1 2 2 1 3 2 2 1
-0.0002869900121350421 1 3 1 2 2 2 0 1 1 2
-0.0002943215138681757 1 3 1 2 2 2 0 1 2 1
0.0005813115260032179 1 3 1 2 2 2 0 2 1 1
-6.36505932341046e-05 1 3 1 2 2 2 3 1 1 2
-6.965512749763925e-05 1 3 1 2 2 2 3 1 2 1
0.00013330572073174383 1 3 1 2 2 2 3 2 1 1
8.843851788481256e-07 1 3 1 2 2 3 0 1 1 0
8.84385178848126e-07 1 3 1 2 2 3 0 2 2 0
-2.320955727080875e-06 1 3 1 2 2 3 3 1 1 0
-9.750526263207664e-07 1 3 1 2 2 3 3 1 1 3
-2.320955727080882e-06 1 3 1 2 2 3 3 2 2 0
-9.750526263207706e-07 1 3 1 2 2 3 3 2 2 3
-4.295791194865779e-05 1 3 1 3 0 0 0 1 0 1
-5.253393527757675e-05 1 3 1 3 0 0 0 1 3 1
-4.295791194865779e-05 1 3 1 3 0 0 0 2 0 2
-5.253393527757675e-05 1 3 1 3 0 0 0 2 3 2
0.00047163502808765057 1 3 1 3 0 0 3 1 0 1
-0.154221293634105 1 3 1 3 0 0 3 1 3 1
0.00047163502808765057 1 3 1 3 0 0 3 2 0 2
-0.15422129363410497 1 3 1 3 0 0 3 2 3 2
0.0001456416833235185 1 3 1 3 0 1 0 1 0 0
0.0001456416833235185 1 3 1 3 0 2 0 2 0 0
0.0011316446209653917 1 3 1 3 0 3 0 1 0 1
-0.6258824199017419 1 3 1 3 0 3 0 1 3 1
0.0011316446209653917 1 3 1 3 0 3 0 2 0 2
-0.625882419901742 1 3 1 3 0 3 0 2 3 2
-0.5117629012166366 1 3 1 3 0 3 3 1 0 1
-3.535342687368252 1 3 1 3 0 3 3 1 3 1
-0.5117629012166365 1 3 1 3 0 3 3 2 0 2
-3.5353426873682525 1 3 1 3 0 3 3 2 3 2
2.1462299255602156e-05 1 3 1 3 3 0 0 1 0 1
0.7005736966021884 1 3 1 3 3 0 0 1 3 1
2.1462299255602156e-05 1 3 1 3 3 0 0 2 0 2
0.7005736966021883 1 3 1 3 3 0 0 2 3 2
-0.22758584738444784 1 3 1 3 3 0 3 1 0 1
-3.8362845335506126 1 3 1 3 3 0 3 1 3 1
-0.22758584738444787 1 3 1 3 3 0 3 2 0 2
-3.836284533550613 1 3 1 3 3 0 3 2 3 2
-0.5795076660257616 1 3 1 3 3 3 0 1 0 1
-4.565330853902728 1 3 1 3 3 3 0 1 3 1
-0.5795076660257616 1 3 1 3 3 3 0 2 0 2
-4.5653308539027275 1 3 1 3 3 3 0 2 3 2
-4.511101152936826 1 3 1 3 3 3 3 1 0 1
3201.218873939145 1 3 1 3 3 3 3 1 3 1
-4.511101152936826 1 3 1 3 3 3 3 2 0 2
3201.218873939145 1 3 1 3 3 3 3 2 3 2
57.65520031256041 1 3 2 0 0 1 0 2 0 0
8.655892382888661 1 3 2 0 0 1 0 2 0 3
7.684403528277772 1 3 2 0 0 1 0 2 3 0
-0.016567793450116997 1 3 2 0 0 1 0 2 3 3
8.899754716138327 1 3 2 0 0 1 3 2 0 0
-0.01535804692931743 1 3 2 0 0 1 3 2 0 3
-0.017067018166267618 1 3 2 0 0 1 3 2 3 0
-0.002055316176624219 1 3 2 0 0 1 3 2 3 3
-57.65520031256042 1 3 2 0 0 2 0 1 0 0
-8.655892382888661 1 3 2 0 0 2 0 1 0 3
-7.684403528277772 1 3 2 0 0 2 0 1 3 0
0.016567793450116997 1 3 2 0 0 2 0 1 3 3
-8.899754716138327 1 3 2 0 0 2 3 1 0 0
0.01535804692931743 1 3 2 0 0 2 3 1 0 3
0.017067018166267618 1 3 2 0 0 2 3 1 3 0
0.002055316176624219 1 3 2 0 0 2 3 1 3 3
-3.19489003685522e-05 1 3 2 0 0 3 3 1 3 2
3.19489003685522e-05 1 3 2 0 0 3 3 2 3 1
-2.6526062112425788e-05 1 3 2 0 3 0 3 1 3 2
2.6526062112425788e-05 1 3 2 0 3 0 3 2 3 1
4.510077812515928 1 3 2 0 3 1 0 2 0 0
-0.015368725315537317 1 3 2 0 3 1 0 2 0 3
-0.013932710393058071 1 3 2 0 3 1 0 2 3 0
-0.0021572812103378947 1 3 2 0 3 1 0 2 3 3
-0.01535804692931743 1 3 2 0 3 1 3 2 0 0
-0.0026905761727675915 1 3 2 0 3 1 3 2 0 3
-0.0021189667698583233 1 3 2 0 3 1 3 2 3 0
-4.510077812515928 1 3 2 0 3 2 0 1 0 0
0.015368725315537317 1 3 2 0 3 2 0 1 0 3
0.013932710393058071 1 3 2 0 3 2 0 1 3 0
0.0021572812103378947 1 3 2 0 3 2 0 1 3 3
0.01535804692931743 1 3 2 0 3 2 3 1 0 0
0.0026905761727675915 1 3 2 0 3 2 3 1 0 3
0.0021189667698583233 1 3 2 0 3 2 3 1 3 0
-1.9149370094536637e-05 1 3 2 0 3 3 0 1 3 2
1.9149370094536637e-05 1 3 2 0 3 3 0 2 3 1
-1.4847764466189714e-05 1 3 2 0 3 3 3 1 0 2
-8.500160949897085e-05 1 3 2 0 3 3 3 1 3 2
1.4847764466189741e-05 1 3 2 0 3 3 3 2 0 1
8.500160949897085e-05 1 3 2 0 3 3 3 2 3 1
-0.00023749283603305622 1 3 2 1 1 0 0 1 2 0
-1.1219612845379898e-05 1 3 2 1 1 0 0 1 2 3
0.00023749283603305622 1 3 2 1 1 0 0 2 1 0
1.1219612845379898e-05 1 3 2 1 1 0 0 2 1 3
0.1768313193327249 1 3 2 1 1 0 3 1 2 0
-0.0003081989064234701 1 3 2 1 1 0 3 1 2 3
-0.1768313193327249 1 3 2 1 1 0 3 2 1 0
0.0003081989064234701 1 3 2 1 1 0 3 2 1 3
0.05698919603144337 1 3 2 1 1 3 0 1 2 0
-0.0002006201575941398 1 3 2 1 1 3 0 1 2 3
-0.056989196031443354 1 3 2 1 1 3 0 2 1 0
0.0002006201575941398 1 3 2 1 1 3 0 2 1 3
0.6578492407021864 1 3 2 1 1 3 3 1 2 0
0.1743449401486444 1 3 2 1 1 3 3 1 2 3
-0.6578492407021864 1 3 2 1 1 3 3 2 1 0
-0.17434494014864438 1 3 2 1 1 3 3 2 1 3
6.7785692383692126e-06 1 3 2 1 2 0 3 1 1 0
6.7785692383692126e-06 1 3 2 1 2 0 3 2 2 0
-0.0002943215138681757 1 3 2 1 2 1 0 1 2 2
0.0005813115260032179 1 3 2 1 2 1 0 2 1 2
-0.0002869900121350421 1 3 2 1 2 1 0 2 2 1
-6.965512749763925e-05 1 3 2 1 2 1 3 1 2 2
0.00013330572073174386 1 3 2 1 2 1 3 2 1 2
-6.36505932341046e-05 1 3 2 1 2 1 3 2 2 1
-0.0002869900121350421 1 3 2 1 2 2 0 1 1 2
0.0005813115260032179 1 3 2 1 2 2 0 1 2 1
-0.0002943215138681757 1 3 2 1 2 2 0 2 1 1
-6.36505932341046e-05 1 3 2 1 2 2 3 1 1 2
0.00013330572073174386 1 3 2 1 2 2 3 1 2 1
-6.965512749763925e-05 1 3 2 1 2 2 3 2 1 1
8.84385178848126e-07 1 3 2 1 2 3 0 1 1 0
8.843851788481256e-07 1 3 2 1 2 3 0 2 2 0
-2.320955727080882e-06 1 3 2 1 2 3 3 1 1 0
-9.750526263207664e-07 1 3 2 1 2 3 3 1 1 3
-2.3209557270808784e-06 1 3 2 1 2 3 3 2 2 0
-9.750526263207672e-07 1 3 2 1 2 3 3 2 2 3
-1.1520204316530283e-05 1 3 2 2 1 0 3 1 1 0
-1.1520204316530283e-05 1 3 2 2 1 0 3 2 2 0
-0.0002869900121350421 1 3 2 2 1 1 0 1 2 2
-0.0002869900121350421 1 3 2 2 1 1 0 2 1 2
0.0005739800242700842 1 3 2 2 1 1 0 2 2 1
-6.36505932341046e-05 1 3 2 2 1 1 3 1 2 2
-6.36505932341046e-05 1 3 2 2 1 1 3 2 1 2
0.0001273011864682092 1 3 2 2 1 1 3 2 2 1
0.0005739800242700842 1 3 2 2 1 2 0 1 1 2
-0.0002869900121350421 1 3 2 2 1 2 0 1 2 1
-0.0002869900121350421 1 3 2 2 1 2 0 2 1 1
0.0001273011864682092 1 3 2 2 1 2 3 1 1 2
-6.36505932341046e-05 1 3 2 2 1 2 3 1 2 1
-6.36505932341046e-05 1 3 2 2 1 2 3 2 1 1
-5.765056590665011e-06 1 3 2 2 1 3 0 1 1 0
-5.765056590665011e-06 1 3 2 2 1 3 0 2 2 0
-3.406472516485258e-05 1 3 2 2 1 3 3 1 1 0
-9.068230797357676e-06 1 3 2 2 1 3 3 1 1 3
-3.4064725164852596e-05 1 3 2 2 1 3 3 2 2 0
-9.06823079735768e-06 1 3 2 2 1 3 3 2 2 3
-5.035519371661984e-05 1 3 2 3 0 0 3 1 3 2
5.035519371661984e-05 1 3 2 3 0 0 3 2 3 1
7.318411196872918 1 3 2 3 0 1 0 2 0 0
-0.01661337245044437 1 3 2 3 0 1 0 2 0 3
-0.016954599251378433 1 3 2 3 0 1 0 2 3 0
-0.002387634391390799 1 3 2 3 0 1 0 2 3 3
-0.01706701816626762 1 3 2 3 0 1 3 2 0 0
-0.0021189667698583233 1 3 2 3 0 1 3 2 0 3
-0.0023931652094393947 1 3 2 3 0 1 3 2 3 0
-7.318411196872918 1 3 2 3 0 2 0 1 0 0
0.01661337245044437 1 3 2 3 0 2 0 1 0 3
0.016954599251378433 1 3 2 3 0 2 0 1 3 0
0.002387634391390799 1 3 2 3 0 2 0 1 3 3
0.01706701816626762 1 3 2 3 0 2 3 1 0 0
0.0021189667698583233 1 3 2 3 0 2 3 1 0 3
0.0023931652094393947 1 3 2 3 0 2 3 1 3 0
-2.993692445206961e-05 1 3 2 3 0 3 0 1 3 2
2.9936924452069623e-05 1 3 2 3 0 3 0 2 3 1
-3.2923952994873e-05 1 3 2 3 0 3 3 1 0 2
-0.0001480249407363956 1 3 2 3 0 3 3 1 3 2
3.2923952994873e-05 1 3 2 3 0 3 3 2 0 1
0.0001480249407363956 1 3 2 3 0 3 3 2 3 1
-3.889127200801889e-05 1 3 2 3 3 0 0 1 3 2
3.889127200801889e-05 1 3 2 3 3 0 0 2 3 1
-1.9747492874056576e-05 1 3 2 3 3 0 3 1 0 2
-0.0001890696280505567 1 3 2 3 3 0 3 1 3 2
1.9747492874056576e-05 1 3 2 3 3 0 3 2 0 1
0.0001890696280505567 1 3 2 3 3 0 3 2 3 1
-0.013404309369115363 1 3 2 3 3 1 0 2 0 0
-0.0020950845802912453 1 3 2 3 3 1 0 2 0 3
-0.0019317870849722633 1 3 2 3 3 1 0 2 3 0
-0.0020553161766242185 1 3 2 3 3 1 3 2 0 0
0.013404309369115363 1 3 2 3 3 2 0 1 0 0
0.0020950845802912453 1 3 2 3 3 2 0 1 0 3
0.0019317870849722633 1 3 2 3 3 2 0 1 3 0
0.0020553161766242185 1 3 2 3 3 2 3 1 0 0
-1.3335553809733018e-05 1 3 2 3 3 3 0 1 0 2
-2.3492603211911205e-05 1 3 2 3 3 3 0 1 3 2
1.3335553809733018e-05 1 3 2 3 3 3 0 2 0 1
2.3492603211911097e-05 1 3 2 3 3 3 0 2 3 1
-8.732256522605143e-05 1 3 2 3 3 3 3 1 0 2
0.17254110266867803 1 3 2 3 3 3 3 1 3 2
8.732256522605143e-05 1 3 2 3 3 3 3 2 0 1
-0.17254110266867798 1 3 2 3 3 3 3 2 3 1
-0.0021157183071516235 1 3 3 0 1 0 0 0 0 0
-0.016768439077886495 1 3 3 0 1 0 0 0 3 0
-0.0017520096562676792 1 3 3 0 1 0 0 0 3 3
-0.017243424749952607 1 3 3 0 1 0 0 3 0 0
-0.001774448881958439 1 3 3 0 1 0 0 3 0 3
3.6465246347940616 1 3 3 0 1 0 0 3 3 0
-0.014384280717401917 1 3 3 0 1 0 0 3 3 3
-0.01942062363425407 1 3 3 0 1 0 3 0 0 0
-0.0024073793452752267 1 3 3 0 1 0 3 0 0 3
4.604402077453062 1 3 3 0 1 0 3 0 3 0
-0.019190324151214244 1 3 3 0 1 0 3 0 3 3
4.958064716118513 1 3 3 0 1 0 3 3 0 0
-0.019806721964061188 1 3 3 0 1 0 3 3 0 3
38.12828228118192 1 3 3 0 1 0 3 3 3 0
4.631079637628355 1 3 3 0 1 0 3 3 3 3
0.00040139744042812697 1 3 3 0 1 1 0 0 0 1
0.00040139744042812697 1 3 3 0 1 2 0 0 0 2
-0.018187427164942246 1 3 3 0 1 3 0 0 0 0
-0.0025270880374569796 1 3 3 0 1 3 0 0 0 3
4.634595907511553 1 3 3 0 1 3 0 0 3 0
-0.018018827514649557 1 3 3 0 1 3 0 0 3 3
4.748574299574442 1 3 3 0 1 3 0 3 0 0
-0.018420067829837832 1 3 3 0 1 3 0 3 0 3
32.7959440306201 1 3 3 0 1 3 0 3 3 0
4.8800182969954955 1 3 3 0 1 3 0 3 3 3
5.779985264717393 1 3 3 0 1 3 3 0 0 0
-0.021824744763717926 1 3 3 0 1 3 3 0 0 3
39.69840215930629 1 3 3 0 1 3 3 0 3 0
6.400777288810176 1 3 3 0 1 3 3 0 3 3
41.01410064071065 1 3 3 0 1 3 3 3 0 0
6.749467169107464 1 3 3 0 1 3 3 3 0 3
-7742.48211485885 1 3 3 0 1 3 3 3 3 0
44.85481701388035 1 3 3 0 1 3 3 3 3 3
7.723498168304387 1 3 3 0 2 1 0 0 0 2
-0.017247116588867788 1 3 3 0 2 1 0 0 3 2
-0.018122749628739176 1 3 3 0 2 1 0 3 0 2
-0.002400805081539636 1 3 3 0 2 1 0 3 3 2
-0.021895810778822352 1 3 3 0 2 1 3 0 0 2
-0.0029116608028614726 1 3 3 0 2 1 3 0 3 2
-0.0031146216510908554 1 3 3 0 2 1 3 3 0 2
-7.7234981683043875 1 3 3 0 2 2 0 0 0 1
0.017247116588867788 1 3 3 0 2 2 0 0 3 1
0.018122749628739176 1 3 3 0 2 2 0 3 0 1
0.002400805081539636 1 3 3 0 2 2 0 3 3 1
0.021895810778822352 1 3 3 0 2 2 3 0 0 1
0.0029116608028614726 1 3 3 0 2 2 3 0 3 1
0.0031146216510908554 1 3 3 0 2 2 3 3 0 1
-4.295791194865779e-05 1 3 3 1 0 0 0 0 1 1
-4.295791194865779e-05 1 3 3 1 0 0 0 0 2 2
-5.253393527757675e-05 1 3 3 1 0 0 0 3 1 1
-5.253393527757675e-05 1 3 3 1 0 0 0 3 2 2
0.00047163502808765046 1 3 3 1 0 0 3 0 1 1
0.00047163502808765046 1 3 3 1 0 0 3 0 2 2
-0.154221293634105 1 3 3 1 0 0 3 3 1 1
-0.15422129363410497 1 3 3 1 0 0 3 3 2 2
0.0001456416833235185 1 3 3 1 0 1 0 0 1 0
0.0001456416833235185 1 3 3 1 0 2 0 0 2 0
0.0011316446209653917 1 3 3 1 0 3 0 0 1 1
0.0011316446209653917 1 3 3 1 0 3 0 0 2 2
-0.6258824199017419 1 3 3 1 0 3 0 3 1 1
-0.625882419901742 1 3 3 1 0 3 0 3 2 2
-0.5117629012166366 1 3 3 1 0 3 3 0 1 1
-0.5117629012166366 1 3 3 1 0 3 3 0 2 2
-3.535342687368252 1 3 3 1 0 3 3 3 1 1
-3.5353426873682525 1 3 3 1 0 3 3 3 2 2
2.1462299255602373e-05 1 3 3 1 3 0 0 0 1 1
2.1462299255602373e-05 1 3 3 1 3 0 0 0 2 2
0.7005736966021884 1 3 3 1 3 0 0 3 1 1
0.7005736966021883 1 3 3 1 3 0 0 3 2 2
-0.22758584738444787 1 3 3 1 3 0 3 0 1 1
-0.22758584738444784 1 3 3 1 3 0 3 0 2 2
-3.8362845335506126 1 3 3 1 3 0 3 3 1 1
-3.836284533550613 1 3 3 1 3 0 3 3 2 2
-0.5795076660257616 1 3 3 1 3 3 0 0 1 1
-0.5795076660257616 1 3 3 1 3 3 0 0 2 2
-4.565330853902728 1 3 3 1 3 3 0 3 1 1
-4.5653308539027275 1 3 3 1 3 3 0 3 2 2
-4.511101152936825 1 3 3 1 3 3 3 0 1 1
-4.511101152936824 1 3 3 1 3 3 3 0 2 2
3201.218873939145 1 3 3 1 3 3 3 3 1 1
3201.218873939145 1 3 3 1 3 3 3 3 2 2
-5.035519371661984e-05 1 3 3 2 0 0 3 3 1 2
5.035519371661984e-05 1 3 3 2 0 0 3 3 2 1
7.318411196872919 1 3 3 2 0 1 0 0 2 0
-0.01661337245044437 1 3 3 2 0 1 0 0 2 3
-0.01695459925137843 1 3 3 2 0 1 0 3 2 0
-0.0023876343913907987 1 3 3 2 0 1 0 3 2 3
-0.017067018166267614 1 3 3 2 0 1 3 0 2 0
-0.0021189667698583233 1 3 3 2 0 1 3 0 2 3
-0.002393165209439395 1 3 3 2 0 1 3 3 2 0
-7.318411196872919 1 3 3 2 0 2 0 0 1 0
0.01661337245044437 1 3 3 2 0 2 0 0 1 3
0.01695459925137843 1 3 3 2 0 2 0 3 1 0
0.0023876343913907987 1 3 3 2 0 2 0 3 1 3
0.017067018166267614 1 3 3 2 0 2 3 0 1 0
0.0021189667698583233 1 3 3 2 0 2 3 0 1 3
0.002393165209439395 1 3 3 2 0 2 3 3 1 0
-2.993692445206961e-05 1 3 3 2 0 3 0 3 1 2
2.9936924452069623e-05 1 3 3 2 0 3 0 3 2 1
-3.292395299487299e-05 1 3 3 2 0 3 3 0 1 2
3.292395299487299e-05 1 3 3 2 0 3 3 0 2 1
-0.0001480249407363956 1 3 3 2 0 3 3 3 1 2
0.0001480249407363957 1 3 3 2 0 3 3 3 2 1
-3.889127200801889e-05 1 3 3 2 3 0 0 3 1 2
3.889127200801889e-05 1 3 3 2 3 0 0 3 2 1
-1.974749287405659e-05 1 3 3 2 3 0 3 0 1 2
1.9747492874056576e-05 1 3 3 2 3 0 3 0 2 1
-0.0001890696280505567 1 3 3 2 3 0 3 3 1 2
0.0001890696280505567 1 3 3 2 3 0 3 3 2 1
-0.013404309369115363 1 3 3 2 3 1 0 0 2 0
-0.002095084580291245 1 3 3 2 3 1 0 0 2 3
-0.0019317870849722633 1 3 3 2 3 1 0 3 2 0
-0.002055316176624219 1 3 3 2 3 1 3 0 2 0
0.013404309369115363 1 3 3 2 3 2 0 0 1 0
0.002095084580291245 1 3 3 2 3 2 0 0 1 3
0.0019317870849722633 1 3 3 2 3 2 0 3 1 0
0.002055316176624219 1 3 3 2 3 2 3 0 1 0
-1.333555380973301e-05 1 3 3 2 3 3 0 0 1 2
1.333555380973301e-05 1 3 3 2 3 3 0 0 2 1
-2.349260321191126e-05 1 3 3 2 3 3 0 3 1 2
2.3492603211911097e-05 1 3 3 2 3 3 0 3 2 1
-8.732256522605154e-05 1 3 3 2 3 3 3 0 1 2
8.732256522605143e-05 1 3 3 2 3 3 3 0 2 1
0.172541102668678 1 3 3 2 3 3 3 3 1 2
-0.17254110266867798 1 3 3 2 3 3 3 3 2 1
-0.017068855925953596 1 3 3 3 1 0 0 0 0 0
-0.0017571140149603161 1 3 3 3 1 0 0 0 0 3
3.8912543753453246 1 3 3 3 1 0 0 0 3 0
-0.014599269553756365 1 3 3 3 1 0 0 0 3 3
3.8912543753453246 1 3 3 3 1 0 0 3 0 0
-0.014599269553756365 1 3 3 3 1 0 0 3 0 3
32.31389251101975 1 3 3 3 1 0 0 3 3 0
1.669429095425165 1 3 3 3 1 0 0 3 3 3
4.655132116376831 1 3 3 3 1 0 3 0 0 0
-0.019353760272878426 1 3 3 3 1 0 3 0 0 3
41.96437774510447 1 3 3 3 1 0 3 0 3 0
4.785250576068743 1 3 3 3 1 0 3 0 3 3
41.96437774510448 1 3 3 3 1 0 3 3 0 0
4.785250576068744 1 3 3 3 1 0 3 3 0 3
-6292.324217472024 1 3 3 3 1 0 3 3 3 0
44.36266435102309 1 3 3 3 1 0 3 3 3 3
5.057415953380413 1 3 3 3 1 3 0 0 0 0
-0.018503462192793998 1 3 3 3 1 3 0 0 0 3
36.735651887582435 1 3 3 3 1 3 0 0 3 0
5.049297854926065 1 3 3 3 1 3 0 0 3 3
36.735651887582435 1 3 3 3 1 3 0 3 0 0
5.049297854926064 1 3 3 3 1 3 0 3 0 3
-5918.182842478178 1 3 3 3 1 3 0 3 3 0
37.11161882630576 1 3 3 3 1 3 0 3 3 3
43.55153036329481 1 3 3 3 1 3 3 0 0 0
6.738152282641752 1 3 3 3 1 3 3 0 0 3
-10943.5284476953 1 3 3 3 1 3 3 0 3 0
48.39001167630788 1 3 3 3 1 3 3 0 3 3
-10943.528447695304 1 3 3 3 1 3 3 3 0 0
48.390011676307886 1 3 3 3 1 3 3 3 0 3
-68928.82016825961 1 3 3 3 1 3 3 3 3 0
-14816.456408676499 1 3 3 3 1 3 3 3 3 3
-0.01674440741296491 1 3 3 3 2 1 0 0 0 2
-0.002366558093767411 1 3 3 3 2 1 0 0 3 2
-0.0023665580937674113 1 3 3 3 2 1 0 3 0 2
-0.002842005675363834 1 3 3 3 2 1 3 0 0 2
0.01674440741296491 1 3 3 3 2 2 0 0 0 1
0.002366558093767411 1 3 3 3 2 2 0 0 3 1
0.0023665580937674113 1 3 3 3 2 2 0 3 0 1
0.002842005675363834 1 3 3 3 2 2 3 0 0 1
40608.74602906552 2 0 0 0 1 1 0 0 0 2
-58.39650202577649 2 0 0 0 1 1 0 0 3 2
-58.39650202577648 2 0 0 0 1 1 0 3 0 2
-7.458565729087829 2 0 0 0 1 1 0 3 3 2
-60.35902653369827 2 0 0 0 1 1 3 0 0 2
-7.723498168304386 2 0 0 0 1 1 3 0 3 2
-7.723498168304385 2 0 0 0 1 1 3 3 0 2
0.01674440741296492 2 0 0 0 1 1 3 3 3 2
-40608.74602906552 2 0 0 0 1 2 0 0 0 1
58.3965020257765 2 0 0 0 1 2 0 0 3 1
58.39650202577648 2 0 0 0 1 2 0 3 0 1
7.458565729087829 2 0 0 0 1 2 0 3 3 1
60.35902653369827 2 0 0 0 1 2 3 0 0 1
7.723498168304387 2 0 0 0 1 2 3 0 3 1
7.723498168304386 2 0 0 0 1 2 3 3 0 1
-0.01674440741296492 2 0 0 0 1 2 3 3 3 1
-0.0031321014998922504 2 0 0 0 2 0 0 3 3 0
-0.003620265522787324 2 0 0 0 2 0 3 0 3 0
-0.003620265522787324 2 0 0 0 2 0 3 3 0 0
-0.028853885048527837 2 0 0 0 2 0 3 3 3 0
-0.0036500103080208054 2 0 0 0 2 0 3 3 3 3
-4.518326433264805 2 0 0 0 2 1 0 0 0 1
0.0031328994942970228 2 0 0 0 2 1 0 0 3 1
0.0031328994942970245 2 0 0 0 2 1 0 3 0 1
0.00040626804498347126 2 0 0 0 2 1 0 3 3 1
0.003644330618207867 2 0 0 0 2 1 3 0 0 1
0.000401397440428127 2 0 0 0 2 1 3 0 3 1
0.000401397440428127 2 0 0 0 2 1 3 3 0 1
-4.518326433264807 2 0 0 0 2 2 0 0 0 2
0.0031328994942970228 2 0 0 0 2 2 0 0 3 2
0.0031328994942970245 2 0 0 0 2 2 0 3 0 2
0.00040626804498347126 2 0 0 0 2 2 0 3 3 2
0.003644330618207867 2 0 0 0 2 2 3 0 0 2
0.000401397440428127 2 0 0 0 2 2 3 0 3 2
0.000401397440428127 2 0 0 0 2 2 3 3 0 2
-0.003646936062837213 2 0 0 0 2 3 0 0 3 0
-0.003646936062837213 2 0 0 0 2 3 0 3 0 0
-0.02602708820971758 2 0 0 0 2 3 0 3 3 0
-0.0030631720720762775 2 0 0 0 2 3 0 3 3 3
-0.0039527916981732135 2 0 0 0 2 3 3 0 0 0
-0.028150022825271907 2 0 0 0 2 3 3 0 3 0
-0.004201699165860728 2 0 0 0 2 3 3 0 3 3
-0.028150022825271903 2 0 0 0 2 3 3 3 0 0
-0.0042016991658607285 2 0 0 0 2 3 3 3 0 3
8.872166287358205 2 0 0 0 2 3 3 3 3 0
-0.029386526959191347 2 0 0 0 2 3 3 3 3 3
40435.71445662766 2 0 0 1 0 1 0 0 2 0
-53.33174907171112 2 0 0 1 0 1 0 0 2 3
-56.97924270385326 2 0 0 1 0 1 0 3 2 0
-7.4446072209796545 2 0 0 1 0 1 0 3 2 3
-57.65520031256043 2 0 0 1 0 1 3 0 2 0
-4.510077812515929 2 0 0 1 0 1 3 0 2 3
-7.318411196872917 2 0 0 1 0 1 3 3 2 0
0.013404309369115366 2 0 0 1 0 1 3 3 2 3
-40435.71445662766 2 0 0 1 0 2 0 0 1 0
53.33174907171112 2 0 0 1 0 2 0 0 1 3
56.97924270385326 2 0 0 1 0 2 0 3 1 0
7.444607220979655 2 0 0 1 0 2 0 3 1 3
57.65520031256043 2 0 0 1 0 2 3 0 1 0
4.510077812515929 2 0 0 1 0 2 3 0 1 3
7.318411196872917 2 0 0 1 0 2 3 3 1 0
-0.013404309369115366 2 0 0 1 0 2 3 3 1 3
-53.331749071711144 2 0 0 1 3 1 0 0 2 0
-9.238052698409088 2 0 0 1 3 1 0 0 2 3
-7.847091469818712 2 0 0 1 3 1 0 3 2 0
0.016687209001763566 2 0 0 1 3 1 0 3 2 3
-8.65589238288866 2 0 0 1 3 1 3 0 2 0
0.015368725315537325 2 0 0 1 3 1 3 0 2 3
0.016613372450444374 2 0 0 1 3 1 3 3 2 0
0.002095084580291245 2 0 0 1 3 1 3 3 2 3
53.331749071711144 2 0 0 1 3 2 0 0 1 0
9.238052698409088 2 0 0 1 3 2 0 0 1 3
7.847091469818713 2 0 0 1 3 2 0 3 1 0
-0.016687209001763566 2 0 0 1 3 2 0 3 1 3
8.655892382888661 2 0 0 1 3 2 3 0 1 0
-0.015368725315537325 2 0 0 1 3 2 3 0 1 3
-0.016613372450444374 2 0 0 1 3 2 3 3 1 0
-0.002095084580291245 2 0 0 1 3 2 3 3 1 3
1.4575048116536344e-05 2 0 0 1 3 3 3 3 1 2
-1.4575048116536344e-05 2 0 0 1 3 3 3 3 2 1
2.4741038853865172e-05 2 0 0 2 0 0 3 3 1 1
2.4741038853865172e-05 2 0 0 2 0 0 3 3 2 2
-1.6387594636244371 2 0 0 2 0 1 0 0 1 0
0.0010970152212161546 2 0 0 2 0 1 0 0 1 3
0.0011497582156807648 2 0 0 2 0 1 0 3 1 0
0.00014828155679052796 2 0 0 2 0 1 0 3 1 3
0.0011693661795182005 2 0 0 2 0 1 3 0 1 0
0.00010927141277783045 2 0 0 2 0 1 3 0 1 3
0.00014564168332351838 2 0 0 2 0 1 3 3 1 0
-1.6387594636244371 2 0 0 2 0 2 0 0 2 0
0.0010970152212161563 2 0 0 2 0 2 0 0 2 3
0.0011497582156807648 2 0 0 2 0 2 0 3 2 0
0.00014828155679052807 2 0 0 2 0 2 0 3 2 3
0.0011693661795182005 2 0 0 2 0 2 3 0 2 0
0.00010927141277783023 2 0 0 2 0 2 3 0 2 3
0.0001456416833235185 2 0 0 2 0 2 3 3 2 0
8.745276189066222e-05 2 0 0 2 0 3 0 3 1 1
8.745276189066222e-05 2 0 0 2 0 3 0 3 2 2
9.870172556031279e-05 2 0 0 2 0 3 3 0 1 1
9.870172556031279e-05 2 0 0 2 0 3 3 0 2 2
0.0007063488811861755 2 0 0 2 0 3 3 3 1 1
0.0007063488811861755 2 0 0 2 0 3 3 3 2 2
-2.581470524154603e-05 2 0 0 2 3 0 0 3 1 1
-2.581470524154603e-05 2 0 0 2 3 0 0 3 2 2
8.839700306917725e-05 2 0 0 2 3 0 3 0 1 1
8.839700306917725e-05 2 0 0 2 3 0 3 0 2 2
0.0008058437616292686 2 0 0 2 3 0 3 3 1 1
0.0008058437616292686 2 0 0 2 3 0 3 3 2 2
0.0010970152212161546 2 0 0 2 3 1 0 0 1 0
0.0002677411112201269 2 0 0 2 3 1 0 0 1 3
0.00016394517745324977 2 0 0 2 3 1 0 3 1 0
0.00016383204876919326 2 0 0 2 3 1 3 0 1 0
0.0010970152212161546 2 0 0 2 3 2 0 0 2 0
0.0002677411112201267 2 0 0 2 3 2 0 0 2 3
0.00016394517745324977 2 0 0 2 3 2 0 3 2 0
0.00016383204876919326 2 0 0 2 3 2 3 0 2 0
0.0001590281595508828 2 0 0 2 3 3 0 0 1 1
0.0001590281595508828 2 0 0 2 3 3 0 0 2 2
0.0011552738442180907 2 0 0 2 3 3 0 3 1 1
0.0011552738442180907 2 0 0 2 3 3 0 3 2 2
0.0013420792871317643 2 0 0 2 3 3 3 0 1 1
0.0013420792871317643 2 0 0 2 3 3 3 0 2 2
-0.579472384333878 2 0 0 2 3 3 3 3 1 1
-0.579472384333878 2 0 0 2 3 3 3 3 2 2
-58.3965020257765 2 0 0 3 1 1 0 0 0 2
-9.049801563183118 2 0 0 3 1 1 0 0 3 2
-7.85484192935197 2 0 0 3 1 1 0 3 0 2
0.017610743118213455 2 0 0 3 1 1 0 3 3 2
-8.011681704703916 2 0 0 3 1 1 3 0 0 2
0.01812274962873918 2 0 0 3 1 1 3 0 3 2
0.017247116588867788 2 0 0 3 1 1 3 3 0 2
0.002366558093767411 2 0 0 3 1 1 3 3 3 2
58.39650202577649 2 0 0 3 1 2 0 0 0 1
9.049801563183118 2 0 0 3 1 2 0 0 3 1
7.85484192935197 2 0 0 3 1 2 0 3 0 1
-0.017610743118213455 2 0 0 3 1 2 0 3 3 1
8.011681704703914 2 0 0 3 1 2 3 0 0 1
-0.01812274962873918 2 0 0 3 1 2 3 0 3 1
-0.017247116588867788 2 0 0 3 1 2 3 3 0 1
-0.002366558093767411 2 0 0 3 1 2 3 3 3 1
-0.0032203941658192747 2 0 0 3 2 0 0 0 3 0
-0.0031443225850402282 2 0 0 3 2 0 0 3 0 0
-0.02660193364718371 2 0 0 3 2 0 0 3 3 0
-0.0021678837928774683 2 0 0 3 2 0 0 3 3 3
-0.0036223647334732737 2 0 0 3 2 0 3 0 0 0
-0.030655494040915124 2 0 0 3 2 0 3 0 3 0
-0.0037890768431535545 2 0 0 3 2 0 3 0 3 3
-0.029635781915187162 2 0 0 3 2 0 3 3 0 0
-0.0036695412314272377 2 0 0 3 2 0 3 3 0 3
9.270258644946653 2 0 0 3 2 0 3 3 3 0
-0.03051607824749886 2 0 0 3 2 0 3 3 3 3
0.003132899494297026 2 0 0 3 2 1 0 0 0 1
0.0005459302627662002 2 0 0 3 2 1 0 0 3 1
0.0004350483615298735 2 0 0 3 2 1 0 3 0 1
0.00042455549906959415 2 0 0 3 2 1 3 0 0 1
0.003132899494297024 2 0 0 3 2 2 0 0 0 2
0.0005459302627662003 2 0 0 3 2 2 0 0 3 2
0.0004350483615298735 2 0 0 3 2 2 0 3 0 2
0.00042455549906959437 2 0 0 3 2 2 3 0 0 2
-0.0038059642223880956 2 0 0 3 2 3 0 0 0 0
-0.028210915897948857 2 0 0 3 2 3 0 0 3 0
-0.003203211691952026 2 0 0 3 2 3 0 0 3 3
-0.0275252133352734 2 0 0 3 2 3 0 3 0 0
-0.003168153786628636 2 0 0 3 2 3 0 3 0 3
9.12395106075812 2 0 0 3 2 3 0 3 3 0
-0.02302142245360115 2 0 0 3 2 3 0 3 3 3
-0.029681241582874062 2 0 0 3 2 3 3 0 0 0
-0.0043672888469362715 2 0 0 3 2 3 3 0 0 3
10.484015673682789 2 0 0 3 2 3 3 0 3 0
-0.03174801829624773 2 0 0 3 2 3 3 0 3 3
9.84290979410045 2 0 0 3 2 3 3 3 0 0
-0.03093151715973285 2 0 0 3 2 3 3 3 0 3
71.13479712083449 2 0 0 3 2 3 3 3 3 0
10.918229495675817 2 0 0 3 2 3 3 3 3 3
40435.71445662766 2 0 1 0 0 1 0 2 0 0
-53.33174907171112 2 0 1 0 0 1 0 2 0 3
-56.979242703853274 2 0 1 0 0 1 0 2 3 0
-7.444607220979655 2 0 1 0 0 1 0 2 3 3
-57.65520031256043 2 0 1 0 0 1 3 2 0 0
-4.510077812515929 2 0 1 0 0 1 3 2 0 3
-7.318411196872918 2 0 1 0 0 1 3 2 3 0
0.013404309369115366 2 0 1 0 0 1 3 2 3 3
-40435.71445662766 2 0 1 0 0 2 0 1 0 0
53.33174907171112 2 0 1 0 0 2 0 1 0 3
56.979242703853274 2 0 1 0 0 2 0 1 3 0
7.444607220979656 2 0 1 0 0 2 0 1 3 3
57.65520031256043 2 0 1 0 0 2 3 1 0 0
4.510077812515929 2 0 1 0 0 2 3 1 0 3
7.318411196872918 2 0 1 0 0 2 3 1 3 0
-0.013404309369115366 2 0 1 0 0 2 3 1 3 3
-53.331749071711144 2 0 1 0 3 1 0 2 0 0
-9.238052698409088 2 0 1 0 3 1 0 2 0 3
-7.847091469818711 2 0 1 0 3 1 0 2 3 0
0.01668720900176357 2 0 1 0 3 1 0 2 3 3
-8.65589238288866 2 0 1 0 3 1 3 2 0 0
0.015368725315537325 2 0 1 0 3 1 3 2 0 3
0.016613372450444377 2 0 1 0 3 1 3 2 3 0
0.002095084580291245 2 0 1 0 3 1 3 2 3 3
53.331749071711144 2 0 1 0 3 2 0 1 0 0
9.238052698409088 2 0 1 0 3 2 0 1 0 3
7.847091469818712 2 0 1 0 3 2 0 1 3 0
-0.01668720900176357 2 0 1 0 3 2 0 1 3 3
8.655892382888661 2 0 1 0 3 2 3 1 0 0
-0.015368725315537325 2 0 1 0 3 2 3 1 0 3
-0.016613372450444377 2 0 1 0 3 2 3 1 3 0
-0.002095084580291245 2 0 1 0 3 2 3 1 3 3
1.4575048116536348e-05 2 0 1 0 3 3 3 1 3 2
-1.4575048116536348e-05 2 0 1 0 3 3 3 2 3 1
1.9708474245723325e-05 2 0 1 1 1 1 0 1 1 2
3.76133526481099e-05 2 0 1 1 1 1 0 1 2 1
3.7613352648109885e-05 2 0 1 1 1 1 0 2 1 1
9.493517954194305e-05 2 0 1 1 1 1 0 2 2 2
-9.493517954194307e-05 2 0 1 1 1 2 0 1 1 1
-3.7613352648109885e-05 2 0 1 1 1 2 0 1 2 2
-3.76133526481099e-05 2 0 1 1 1 2 0 2 1 2
-1.970847424572331e-05 2 0 1 1 1 2 0 2 2 1
2.9529888461394402e-08 2 0 1 1 2 1 0 1 1 1
0.4024466354864083 2 0 1 1 2 1 0 1 2 2
0.4024466354864083 2 0 1 1 2 1 0 2 1 2
-0.8048932414429284 2 0 1 1 2 1 0 2 2 1
-0.00028699001213504215 2 0 1 1 2 1 3 1 2 2
-0.00028699001213504215 2 0 1 1 2 1 3 2 1 2
0.0005739800242700843 2 0 1 1 2 1 3 2 2 1
-0.8048932414429284 2 0 1 1 2 2 0 1 1 2
0.4024466354864083 2 0 1 1 2 2 0 1 2 1
0.4024466354864083 2 0 1 1 2 2 0 2 1 1
2.9529888461401178e-08 2 0 1 1 2 2 0 2 2 2
0.0005739800242700843 2 0 1 1 2 2 3 1 1 2
-0.00028699001213504215 2 0 1 1 2 2 3 1 2 1
-0.00028699001213504215 2 0 1 1 2 2 3 2 1 1
-3.062803585891438e-05 2 0 1 1 2 3 3 1 1 0
-3.062803585891439e-05 2 0 1 1 2 3 3 2 2 0
-1.4764944230696354e-08 2 0 1 2 1 1 0 1 1 1
0.3962564917898979 2 0 1 2 1 1 0 1 2 2
-0.7987031420412507 2 0 1 2 1 1 0 2 1 2
0.4024466354864083 2 0 1 2 1 1 0 2 2 1
-0.00029432151386817577 2 0 1 2 1 1 3 1 2 2
0.0005813115260032179 2 0 1 2 1 1 3 2 1 2
-0.00028699001213504215 2 0 1 2 1 1 3 2 2 1
0.4024466354864083 2 0 1 2 1 2 0 1 1 2
-0.7987031420412507 2 0 1 2 1 2 0 1 2 1
0.3962564917898979 2 0 1 2 1 2 0 2 1 1
-1.4764944230696354e-08 2 0 1 2 1 2 0 2 2 2
-0.00028699001213504215 2 0 1 2 1 2 3 1 1 2
0.0005813115260032179 2 0 1 2 1 2 3 1 2 1
-0.00029432151386817577 2 0 1 2 1 2 3 2 1 1
5.595928208057657e-06 2 0 1 2 1 3 3 1 1 0
5.595928208057657e-06 2 0 1 2 1 3 3 2 2 0
3.803579038952294e-05 2 0 1 2 2 0 0 1 2 0
-3.803579038952294e-05 2 0 1 2 2 0 0 2 1 0
0.0005098560628639852 2 0 1 2 2 0 3 1 2 0
5.9767805863159026e-05 2 0 1 2 2 0 3 1 2 3
-0.0005098560628639852 2 0 1 2 2 0 3 2 1 0
-5.9767805863159026e-05 2 0 1 2 2 0 3 2 1 3
-1.564885571849086e-05 2 0 1 2 2 1 0 1 1 2
-2.880984643486335e-05 2 0 1 2 2 1 0 1 2 1
8.207205480146408e-05 2 0 1 2 2 1 0 2 1 1
3.761335264810988e-05 2 0 1 2 2 1 0 2 2 2
-3.761335264810985e-05 2 0 1 2 2 2 0 1 1 1
-8.207205480146408e-05 2 0 1 2 2 2 0 1 2 2
2.880984643486335e-05 2 0 1 2 2 2 0 2 1 2
1.564885571849087e-05 2 0 1 2 2 2 0 2 2 1
0.0003428512813377297 2 0 1 2 2 3 0 1 2 0
1.7528952661695386e-05 2 0 1 2 2 3 0 1 2 3
-0.0003428512813377297 2 0 1 2 2 3 0 2 1 0
-1.7528952661695386e-05 2 0 1 2 2 3 0 2 1 3
-0.32055293979116883 2 0 1 2 2 3 3 1 2 0
0.00040825056825744547 2 0 1 2 2 3 3 1 2 3
0.32055293979116883 2 0 1 2 2 3 3 2 1 0
-0.00040825056825744547 2 0 1 2 2 3 3 2 1 3
-56.97924270385327 2 0 1 3 0 1 0 2 0 0
-7.847091469818712 2 0 1 3 0 1 0 2 0 3
-8.814508480985586 2 0 1 3 0 1 0 2 3 0
0.016680527126835123 2 0 1 3 0 1 0 2 3 3
-7.684403528277771 2 0 1 3 0 1 3 2 0 0
0.013932710393058071 2 0 1 3 0 1 3 2 0 3
0.016954599251378433 2 0 1 3 0 1 3 2 3 0
0.0019317870849722635 2 0 1 3 0 1 3 2 3 3
56.97924270385327 2 0 1 3 0 2 0 1 0 0
7.847091469818712 2 0 1 3 0 2 0 1 0 3
8.814508480985586 2 0 1 3 0 2 0 1 3 0
-0.016680527126835123 2 0 1 3 0 2 0 1 3 3
7.684403528277771 2 0 1 3 0 2 3 1 0 0
-0.013932710393058071 2 0 1 3 0 2 3 1 0 3
-0.016954599251378433 2 0 1 3 0 2 3 1 3 0
-0.0019317870849722635 2 0 1 3 0 2 3 1 3 3
5.6238240652528584e-05 2 0 1 3 0 3 3 1 3 2
-5.623824065252858e-05 2 0 1 3 0 3 3 2 3 1
1.8642924991367026e-05 2 0 1 3 3 0 3 1 3 2
-1.8642924991367012e-05 2 0 1 3 3 0 3 2 3 1
-7.444607220979655 2 0 1 3 3 1 0 2 0 0
0.016687209001763566 2 0 1 3 3 1 0 2 0 3
0.016680527126835126 2 0 1 3 3 1 0 2 3 0
0.002485021612491498 2 0 1 3 3 1 0 2 3 3
0.016567793450116997 2 0 1 3 3 1 3 2 0 0
0.0021572812103378947 2 0 1 3 3 1 3 2 0 3
0.0023876343913907987 2 0 1 3 3 1 3 2 3 0
7.444607220979655 2 0 1 3 3 2 0 1 0 0
-0.016687209001763566 2 0 1 3 3 2 0 1 0 3
-0.016680527126835126 2 0 1 3 3 2 0 1 3 0
-0.002485021612491498 2 0 1 3 3 2 0 1 3 3
-0.016567793450116997 2 0 1 3 3 2 3 1 0 0
-0.0021572812103378947 2 0 1 3 3 2 3 1 0 3
-0.0023876343913907987 2 0 1 3 3 2 3 1 3 0
6.483542346273505e-05 2 0 1 3 3 3 0 1 3 2
-6.483542346273508e-05 2 0 1 3 3 3 0 2 3 1
1.3908551014434167e-05 2 0 1 3 3 3 3 1 0 2
0.00011428663317570296 2 0 1 3 3 3 3 1 3 2
-1.3908551014434163e-05 2 0 1 3 3 3 3 2 0 1
-0.00011428663317570307 2 0 1 3 3 3 3 2 3 1
2.4741038853865176e-05 2 0 2 0 0 0 3 1 3 1
2.4741038853865176e-05 2 0 2 0 0 0 3 2 3 2
-1.638759463624437 2 0 2 0 0 1 0 1 0 0
0.0010970152212161563 2 0 2 0 0 1 0 1 0 3
0.001149758215680764 2 0 2 0 0 1 0 1 3 0
0.00014828155679052796 2 0 2 0 0 1 0 1 3 3
0.0011693661795181996 2 0 2 0 0 1 3 1 0 0
0.00010927141277783023 2 0 2 0 0 1 3 1 0 3
0.00014564168332351828 2 0 2 0 0 1 3 1 3 0
-1.638759463624437 2 0 2 0 0 2 0 2 0 0
0.0010970152212161563 2 0 2 0 0 2 0 2 0 3
0.001149758215680764 2 0 2 0 0 2 0 2 3 0
0.00014828155679052796 2 0 2 0 0 2 0 2 3 3
0.0011693661795181996 2 0 2 0 0 2 3 2 0 0
0.00010927141277783023 2 0 2 0 0 2 3 2 0 3
0.00014564168332351838 2 0 2 0 0 2 3 2 3 0
8.745276189066222e-05 2 0 2 0 0 3 0 1 3 1
8.745276189066222e-05 2 0 2 0 0 3 0 2 3 2
9.870172556031276e-05 2 0 2 0 0 3 3 1 0 1
0.0007063488811861754 2 0 2 0 0 3 3 1 3 1
9.870172556031276e-05 2 0 2 0 0 3 3 2 0 2
0.0007063488811861754 2 0 2 0 0 3 3 2 3 2
-2.581470524154603e-05 2 0 2 0 3 0 0 1 3 1
-2.581470524154603e-05 2 0 2 0 3 0 0 2 3 2
8.839700306917724e-05 2 0 2 0 3 0 3 1 0 1
0.0008058437616292686 2 0 2 0 3 0 3 1 3 1
8.839700306917724e-05 2 0 2 0 3 0 3 2 0 2
0.0008058437616292686 2 0 2 0 3 0 3 2 3 2
0.0010970152212161546 2 0 2 0 3 1 0 1 0 0
0.00026774111122012675 2 0 2 0 3 1 0 1 0 3
0.00016394517745324966 2 0 2 0 3 1 0 1 3 0
0.00016383204876919315 2 0 2 0 3 1 3 1 0 0
0.0010970152212161546 2 0 2 0 3 2 0 2 0 0
0.00026774111122012664 2 0 2 0 3 2 0 2 0 3
0.00016394517745324966 2 0 2 0 3 2 0 2 3 0
0.00016383204876919326 2 0 2 0 3 2 3 2 0 0
0.0001590281595508828 2 0 2 0 3 3 0 1 0 1
0.001155273844218091 2 0 2 0 3 3 0 1 3 1
0.0001590281595508828 2 0 2 0 3 3 0 2 0 2
0.001155273844218091 2 0 2 0 3 3 0 2 3 2
0.0013420792871317643 2 0 2 0 3 3 3 1 0 1
-0.579472384333878 2 0 2 0 3 3 3 1 3 1
0.0013420792871317643 2 0 2 0 3 3 3 2 0 2
-0.579472384333878 2 0 2 0 3 3 3 2 3 2
-1.4764944230696354e-08 2 0 2 1 1 1 0 1 1 1
-0.7987031420412507 2 0 2 1 1 1 0 1 2 2
0.3962564917898979 2 0 2 1 1 1 0 2 1 2
0.4024466354864083 2 0 2 1 1 1 0 2 2 1
0.0005813115260032179 2 0 2 1 1 1 3 1 2 2
-0.00029432151386817577 2 0 2 1 1 1 3 2 1 2
-0.00028699001213504215 2 0 2 1 1 1 3 2 2 1
0.4024466354864083 2 0 2 1 1 2 0 1 1 2
0.3962564917898979 2 0 2 1 1 2 0 1 2 1
-0.7987031420412507 2 0 2 1 1 2 0 2 1 1
-1.4764944230696354e-08 2 0 2 1 1 2 0 2 2 2
-0.00028699001213504215 2 0 2 1 1 2 3 1 1 2
-0.00029432151386817577 2 0 2 1 1 2 3 1 2 1
0.0005813115260032179 2 0 2 1 1 2 3 2 1 1
5.595928208057657e-06 2 0 2 1 1 3 3 1 1 0
5.595928208057657e-06 2 0 2 1 1 3 3 2 2 0
-3.803579038952294e-05 2 0 2 1 2 0 0 1 2 0
3.803579038952294e-05 2 0 2 1 2 0 0 2 1 0
-0.0005098560628639852 2 0 2 1 2 0 3 1 2 0
-5.9767805863159026e-05 2 0 2 1 2 0 3 1 2 3
0.0005098560628639852 2 0 2 1 2 0 3 2 1 0
5.9767805863159026e-05 2 0 2 1 2 0 3 2 1 3
-1.564885571849086e-05 2 0 2 1 2 1 0 1 1 2
8.207205480146408e-05 2 0 2 1 2 1 0 1 2 1
-2.8809846434863343e-05 2 0 2 1 2 1 0 2 1 1
3.7613352648109885e-05 2 0 2 1 2 1 0 2 2 2
-3.761335264810987e-05 2 0 2 1 2 2 0 1 1 1
2.880984643486335e-05 2 0 2 1 2 2 0 1 2 2
-8.207205480146409e-05 2 0 2 1 2 2 0 2 1 2
1.564885571849086e-05 2 0 2 1 2 2 0 2 2 1
-0.0003428512813377297 2 0 2 1 2 3 0 1 2 0
-1.7528952661695386e-05 2 0 2 1 2 3 0 1 2 3
0.0003428512813377297 2 0 2 1 2 3 0 2 1 0
1.7528952661695386e-05 2 0 2 1 2 3 0 2 1 3
0.32055293979116883 2 0 2 1 2 3 3 1 2 0
-0.00040825056825744547 2 0 2 1 2 3 3 1 2 3
-0.3205529397911688 2 0 2 1 2 3 3 2 1 0
0.00040825056825744547 2 0 2 1 2 3 3 2 1 3
5.100618568270503e-05 2 0 2 2 1 1 0 1 1 2
-1.5648855718490882e-05 2 0 2 2 1 1 0 1 2 1
-1.5648855718490868e-05 2 0 2 2 1 1 0 2 1 1
1.97084742457233e-05 2 0 2 2 1 1 0 2 2 2
-1.97084742457233e-05 2 0 2 2 1 2 0 1 1 1
1.5648855718490882e-05 2 0 2 2 1 2 0 1 2 2
1.5648855718490882e-05 2 0 2 2 1 2 0 2 1 2
-5.100618568270504e-05 2 0 2 2 1 2 0 2 2 1
-1.4764944230696354e-08 2 0 2 2 2 1 0 1 2 2
-1.4764944230696354e-08 2 0 2 2 2 1 0 2 1 2
2.9529888461399484e-08 2 0 2 2 2 1 0 2 2 1
2.9529888461399484e-08 2 0 2 2 2 2 0 1 1 2
-1.4764944230696354e-08 2 0 2 2 2 2 0 1 2 1
-1.4764944230696354e-08 2 0 2 2 2 2 0 2 1 1
-1.9436179442799068e-05 2 0 2 2 2 3 3 1 1 0
-1.9436179442799068e-05 2 0 2 2 2 3 3 2 2 0
7.242492959020212e-05 2 0 2 3 0 0 0 1 3 1
7.242492959020212e-05 2 0 2 3 0 0 0 2 3 2
3.0437076677781102e-05 2 0 2 3 0 0 3 1 0 1
0.00020060568990143605 2 0 2 3 0 0 3 1 3 1
3.0437076677781102e-05 2 0 2 3 0 0 3 2 0 2
0.00020060568990143605 2 0 2 3 0 0 3 2 3 2
0.001149758215680763 2 0 2 3 0 1 0 1 0 0
0.00016394517745324955 2 0 2 3 0 1 0 1 0 3
0.0002241789715637213 2 0 2 3 0 1 0 1 3 0
0.0001590345313428541 2 0 2 3 0 1 3 1 0 0
0.001149758215680763 2 0 2 3 0 2 0 2 0 0
0.00016394517745324955 2 0 2 3 0 2 0 2 0 3
0.0002241789715637213 2 0 2 3 0 2 0 2 3 0
0.0001590345313428541 2 0 2 3 0 2 3 2 0 0
8.74527618906622e-05 2 0 2 3 0 3 0 1 0 1
0.0006447287256420881 2 0 2 3 0 3 0 1 3 1
8.74527618906622e-05 2 0 2 3 0 3 0 2 0 2
0.0006447287256420881 2 0 2 3 0 3 0 2 3 2
0.0007223479153150983 2 0 2 3 0 3 3 1 0 1
-0.02243534704340182 2 0 2 3 0 3 3 1 3 1
0.0007223479153150983 2 0 2 3 0 3 3 2 0 2
-0.02243534704340182 2 0 2 3 0 3 3 2 3 2
-2.5814705241546016e-05 2 0 2 3 3 0 0 1 0 1
-5.274704141315504e-05 2 0 2 3 3 0 0 1 3 1
-2.5814705241546016e-05 2 0 2 3 3 0 0 2 0 2
-5.274704141315504e-05 2 0 2 3 3 0 0 2 3 2
0.0008231993346186379 2 0 2 3 3 0 3 1 0 1
-0.4122328957606987 2 0 2 3 3 0 3 1 3 1
0.0008231993346186379 2 0 2 3 3 0 3 2 0 2
-0.4122328957606987 2 0 2 3 3 0 3 2 3 2
0.00014828155679052796 2 0 2 3 3 1 0 1 0 0
0.00014828155679052807 2 0 2 3 3 2 0 2 0 0
0.0011552738442180907 2 0 2 3 3 3 0 1 0 1
-0.4270680217932787 2 0 2 3 3 3 0 1 3 1
0.0011552738442180907 2 0 2 3 3 3 0 2 0 2
-0.4270680217932787 2 0 2 3 3 3 0 2 3 2
-0.6084442001793466 2 0 2 3 3 3 3 1 0 1
-4.564902813116224 2 0 2 3 3 3 3 1 3 1
-0.6084442001793465 2 0 2 3 3 3 3 2 0 2
-4.564902813116224 2 0 2 3 3 3 3 2 3 2
-58.39650202577649 2 0 3 0 1 1 0 0 0 2
-7.85484192935197 2 0 3 0 1 1 0 0 3 2
-9.049801563183118 2 0 3 0 1 1 0 3 0 2
0.01761074311821345 2 0 3 0 1 1 0 3 3 2
-8.011681704703918 2 0 3 0 1 1 3 0 0 2
0.017247116588867788 2 0 3 0 1 1 3 0 3 2
0.01812274962873918 2 0 3 0 1 1 3 3 0 2
0.0023665580937674104 2 0 3 0 1 1 3 3 3 2
58.39650202577649 2 0 3 0 1 2 0 0 0 1
7.85484192935197 2 0 3 0 1 2 0 0 3 1
9.049801563183118 2 0 3 0 1 2 0 3 0 1
-0.01761074311821345 2 0 3 0 1 2 0 3 3 1
8.011681704703916 2 0 3 0 1 2 3 0 0 1
-0.017247116588867788 2 0 3 0 1 2 3 0 3 1
-0.01812274962873918 2 0 3 0 1 2 3 3 0 1
-0.0023665580937674104 2 0 3 0 1 2 3 3 3 1
-0.0031443225850402282 2 0 3 0 2 0 0 0 3 0
-0.0032203941658192747 2 0 3 0 2 0 0 3 0 0
-0.026601933647183718 2 0 3 0 2 0 0 3 3 0
-0.0021678837928774683 2 0 3 0 2 0 0 3 3 3
-0.0036223647334732746 2 0 3 0 2 0 3 0 0 0
-0.029635781915187162 2 0 3 0 2 0 3 0 3 0
-0.0036695412314272377 2 0 3 0 2 0 3 0 3 3
-0.030655494040915127 2 0 3 0 2 0 3 3 0 0
-0.003789076843153556 2 0 3 0 2 0 3 3 0 3
9.270258644946653 2 0 3 0 2 0 3 3 3 0
-0.03051607824749886 2 0 3 0 2 0 3 3 3 3
0.0031328994942970223 2 0 3 0 2 1 0 0 0 1
0.0004350483615298735 2 0 3 0 2 1 0 0 3 1
0.0005459302627662002 2 0 3 0 2 1 0 3 0 1
0.00042455549906959415 2 0 3 0 2 1 3 0 0 1
0.0031328994942970223 2 0 3 0 2 2 0 0 0 2
0.0004350483615298735 2 0 3 0 2 2 0 0 3 2
0.0005459302627662003 2 0 3 0 2 2 0 3 0 2
0.00042455549906959437 2 0 3 0 2 2 3 0 0 2
-0.003805964222388095 2 0 3 0 2 3 0 0 0 0
-0.0275252133352734 2 0 3 0 2 3 0 0 3 0
-0.003168153786628636 2 0 3 0 2 3 0 0 3 3
-0.028210915897948868 2 0 3 0 2 3 0 3 0 0
-0.003203211691952026 2 0 3 0 2 3 0 3 0 3
9.123951060758122 2 0 3 0 2 3 0 3 3 0
-0.023021422453601153 2 0 3 0 2 3 0 3 3 3
-0.029681241582874066 2 0 3 0 2 3 3 0 0 0
-0.004367288846936272 2 0 3 0 2 3 3 0 0 3
9.84290979410045 2 0 3 0 2 3 3 0 3 0
-0.03093151715973285 2 0 3 0 2 3 3 0 3 3
10.484015673682787 2 0 3 0 2 3 3 3 0 0
-0.03174801829624774 2 0 3 0 2 3 3 3 0 3
71.13479712083452 2 0 3 0 2 3 3 3 3 0
10.918229495675815 2 0 3 0 2 3 3 3 3 3
-56.97924270385327 2 0 3 1 0 1 0 0 2 0
-7.847091469818712 2 0 3 1 0 1 0 0 2 3
-8.814508480985586 2 0 3 1 0 1 0 3 2 0
0.016680527126835123 2 0 3 1 0 1 0 3 2 3
-7.684403528277771 2 0 3 1 0 1 3 0 2 0
0.01393271039305807 2 0 3 1 0 1 3 0 2 3
0.01695459925137843 2 0 3 1 0 1 3 3 2 0
0.0019317870849722635 2 0 3 1 0 1 3 3 2 3
56.97924270385327 2 0 3 1 0 2 0 0 1 0
7.847091469818712 2 0 3 1 0 2 0 0 1 3
8.814508480985586 2 0 3 1 0 2 0 3 1 0
-0.016680527126835123 2 0 3 1 0 2 0 3 1 3
7.684403528277771 2 0 3 1 0 2 3 0 1 0
-0.01393271039305807 2 0 3 1 0 2 3 0 1 3
-0.01695459925137843 2 0 3 1 0 2 3 3 1 0
-0.0019317870849722635 2 0 3 1 0 2 3 3 1 3
5.623824065252857e-05 2 0 3 1 0 3 3 3 1 2
-5.623824065252857e-05 2 0 3 1 0 3 3 3 2 1
1.8642924991367032e-05 2 0 3 1 3 0 3 3 1 2
-1.8642924991367005e-05 2 0 3 1 3 0 3 3 2 1
-7.444607220979655 2 0 3 1 3 1 0 0 2 0
0.016687209001763566 2 0 3 1 3 1 0 0 2 3
0.016680527126835123 2 0 3 1 3 1 0 3 2 0
0.002485021612491498 2 0 3 1 3 1 0 3 2 3
0.016567793450116997 2 0 3 1 3 1 3 0 2 0
0.0021572812103378947 2 0 3 1 3 1 3 0 2 3
0.0023876343913907987 2 0 3 1 3 1 3 3 2 0
7.444607220979655 2 0 3 1 3 2 0 0 1 0
-0.016687209001763566 2 0 3 1 3 2 0 0 1 3
-0.016680527126835123 2 0 3 1 3 2 0 3 1 0
-0.002485021612491498 2 0 3 1 3 2 0 3 1 3
-0.016567793450116997 2 0 3 1 3 2 3 0 1 0
-0.0021572812103378947 2 0 3 1 3 2 3 0 1 3
-0.0023876343913907987 2 0 3 1 3 2 3 3 1 0
6.483542346273508e-05 2 0 3 1 3 3 0 3 1 2
-6.483542346273508e-05 2 0 3 1 3 3 0 3 2 1
1.390855101443418e-05 2 0 3 1 3 3 3 0 1 2
-1.3908551014434177e-05 2 0 3 1 3 3 3 0 2 1
0.00011428663317570312 2 0 3 1 3 3 3 3 1 2
-0.00011428663317570301 2 0 3 1 3 3 3 3 2 1
7.242492959020212e-05 2 0 3 2 0 0 0 3 1 1
7.242492959020212e-05 2 0 3 2 0 0 0 3 2 2
3.0437076677781102e-05 2 0 3 2 0 0 3 0 1 1
3.0437076677781102e-05 2 0 3 2 0 0 3 0 2 2
0.00020060568990143605 2 0 3 2 0 0 3 3 1 1
0.00020060568990143605 2 0 3 2 0 0 3 3 2 2
0.0011497582156807648 2 0 3 2 0 1 0 0 1 0
0.00016394517745324955 2 0 3 2 0 1 0 0 1 3
0.00022417897156372098 2 0 3 2 0 1 0 3 1 0
0.00015903453134285406 2 0 3 2 0 1 3 0 1 0
0.0011497582156807648 2 0 3 2 0 2 0 0 2 0
0.00016394517745324966 2 0 3 2 0 2 0 0 2 3
0.0002241789715637212 2 0 3 2 0 2 0 3 2 0
0.00015903453134285406 2 0 3 2 0 2 3 0 2 0
8.74527618906622e-05 2 0 3 2 0 3 0 0 1 1
8.74527618906622e-05 2 0 3 2 0 3 0 0 2 2
0.0006447287256420881 2 0 3 2 0 3 0 3 1 1
0.0006447287256420881 2 0 3 2 0 3 0 3 2 2
0.0007223479153150983 2 0 3 2 0 3 3 0 1 1
0.0007223479153150983 2 0 3 2 0 3 3 0 2 2
-0.02243534704340182 2 0 3 2 0 3 3 3 1 1
-0.02243534704340182 2 0 3 2 0 3 3 3 2 2
-2.5814705241546016e-05 2 0 3 2 3 0 0 0 1 1
-2.5814705241546016e-05 2 0 3 2 3 0 0 0 2 2
-5.274704141315504e-05 2 0 3 2 3 0 0 3 1 1
-5.274704141315504e-05 2 0 3 2 3 0 0 3 2 2
0.0008231993346186377 2 0 3 2 3 0 3 0 1 1
0.0008231993346186377 2 0 3 2 3 0 3 0 2 2
-0.4122328957606987 2 0 3 2 3 0 3 3 1 1
-0.4122328957606987 2 0 3 2 3 0 3 3 2 2
0.00014828155679052796 2 0 3 2 3 1 0 0 1 0
0.00014828155679052796 2 0 3 2 3 2 0 0 2 0
0.0011552738442180907 2 0 3 2 3 3 0 0 1 1
0.0011552738442180907 2 0 3 2 3 3 0 0 2 2
-0.4270680217932787 2 0 3 2 3 3 0 3 1 1
-0.4270680217932787 2 0 3 2 3 3 0 3 2 2
-0.6084442001793466 2 0 3 2 3 3 3 0 1 1
-0.6084442001793465 2 0 3 2 3 3 3 0 2 2
-4.564902813116224 2 0 3 2 3 3 3 3 1 1
-4.564902813116224 2 0 3 2 3 3 3 3 2 2
-7.458565729087829 2 0 3 3 1 1 0 0 0 2
0.017610743118213455 2 0 3 3 1 1 0 0 3 2
0.01761074311821345 2 0 3 3 1 1 0 3 0 2
0.0024830328512048068 2 0 3 3 1 1 0 3 3 2
0.017161182737034306 2 0 3 3 1 1 3 0 0 2
0.0024008050815396364 2 0 3 3 1 1 3 0 3 2
0.0024008050815396364 2 0 3 3 1 1 3 3 0 2
7.458565729087829 2 0 3 3 1 2 0 0 0 1
-0.017610743118213455 2 0 3 3 1 2 0 0 3 1
-0.01761074311821345 2 0 3 3 1 2 0 3 0 1
-0.0024830328512048068 2 0 3 3 1 2 0 3 3 1
-0.017161182737034306 2 0 3 3 1 2 3 0 0 1
-0.0024008050815396364 2 0 3 3 1 2 3 0 3 1
-0.0024008050815396364 2 0 3 3 1 2 3 3 0 1
-0.003080472089409159 2 0 3 3 2 0 0 0 0 0
-0.02654918660577055 2 0 3 3 2 0 0 0 3 0
-0.0022403087224676706 2 0 3 3 2 0 0 0 3 3
-0.026549186605770558 2 0 3 3 2 0 0 3 0 0
-0.0022403087224676706 2 0 3 3 2 0 0 3 0 3
6.082834860268601 2 0 3 3 2 0 0 3 3 0
-0.017179655632965765 2 0 3 3 2 0 0 3 3 3
-0.02943267780209725 2 0 3 3 2 0 3 0 0 0
-0.0035809286187551844 2 0 3 3 2 0 3 0 0 3
8.737130569356893 2 0 3 3 2 0 3 0 3 0
-0.03044916116576826 2 0 3 3 2 0 3 0 3 3
8.737130569356891 2 0 3 3 2 0 3 3 0 0
-0.03044916116576826 2 0 3 3 2 0 3 3 0 3
89.45053213235349 2 0 3 3 2 0 3 3 3 0
9.373408982126161 2 0 3 3 2 0 3 3 3 3
0.0004062680449834712 2 0 3 3 2 1 0 0 0 1
0.0004062680449834713 2 0 3 3 2 2 0 0 0 2
-0.028337635898153763 2 0 3 3 2 3 0 0 0 0
-0.003238077595857602 2 0 3 3 2 3 0 0 0 3
9.550954247127939 2 0 3 3 2 3 0 0 3 0
-0.02366615117924324 2 0 3 3 2 3 0 0 3 3
9.550954247127937 2 0 3 3 2 3 0 3 0 0
-0.02366615117924324 2 0 3 3 2 3 0 3 0 3
71.21676230507862 2 0 3 3 2 3 0 3 3 0
2.6986392516359694 2 0 3 3 2 3 0 3 3 3
10.230442321730214 2 0 3 3 2 3 3 0 0 0
-0.03169200429201731 2 0 3 3 2 3 3 0 0 3
76.32518515165474 2 0 3 3 2 3 3 0 3 0
11.39718152952529 2 0 3 3 2 3 3 0 3 3
76.32518515165474 2 0 3 3 2 3 3 3 0 0
11.397181529525293 2 0 3 3 2 3 3 3 0 3
-33568.69149456444 2 0 3 3 2 3 3 3 3 0
80.65889053569072 2 0 3 3 2 3 3 3 3 3
38225.58862251316 2 1 0 0 0 1 2 0 0 0
-52.31267811022052 2 1 0 0 0 1 2 0 0 3
-53.86534696272904 2 1 0 0 0 1 2 0 3 0
-7.252031972690838 2 1 0 0 0 1 2 0 3 3
-53.865346962729035 2 1 0 0 0 1 2 3 0 0
-7.252031972690836 2 1 0 0 0 1 2 3 0 3
-6.875442147051264 2 1 0 0 0 1 2 3 3 0
0.015016786800363092 2 1 0 0 0 1 2 3 3 3
-38225.58862251316 2 1 0 0 0 2 1 0 0 0
52.31267811022051 2 1 0 0 0 2 1 0 0 3
53.865346962729035 2 1 0 0 0 2 1 0 3 0
7.252031972690837 2 1 0 0 0 2 1 0 3 3
53.865346962729035 2 1 0 0 0 2 1 3 0 0
7.252031972690837 2 1 0 0 0 2 1 3 0 3
6.875442147051265 2 1 0 0 0 2 1 3 3 0
-0.015016786800363092 2 1 0 0 0 2 1 3 3 3
-52.312678110220524 2 1 0 0 3 1 2 0 0 0
-13.244329517759375 2 1 0 0 3 1 2 0 0 3
-7.720623146031267 2 1 0 0 3 1 2 0 3 0
0.01971881052797449 2 1 0 0 3 1 2 0 3 3
-7.720623146031268 2 1 0 0 3 1 2 3 0 0
0.019718810527974483 2 1 0 0 3 1 2 3 0 3
0.015677248548164664 2 1 0 0 3 1 2 3 3 0
0.0026887936733815277 2 1 0 0 3 1 2 3 3 3
52.312678110220524 2 1 0 0 3 2 1 0 0 0
13.244329517759374 2 1 0 0 3 2 1 0 0 3
7.720623146031267 2 1 0 0 3 2 1 0 3 0
-0.01971881052797449 2 1 0 0 3 2 1 0 3 3
7.720623146031268 2 1 0 0 3 2 1 3 0 0
-0.019718810527974483 2 1 0 0 3 2 1 3 0 3
-0.015677248548164664 2 1 0 0 3 2 1 3 3 0
-0.0026887936733815277 2 1 0 0 3 2 1 3 3 3
7.456826468920405e-06 2 1 0 0 3 3 1 3 3 2
-7.456826468920405e-06 2 1 0 0 3 3 2 3 3 1
3.5229540617636796e-05 2 1 0 1 1 1 1 0 1 2
1.969689743055921e-05 2 1 0 1 1 1 1 0 2 1
3.467782297600114e-05 2 1 0 1 1 1 2 0 1 1
8.960426102419703e-05 2 1 0 1 1 1 2 0 2 2
-8.960426102419703e-05 2 1 0 1 1 2 1 0 1 1
-3.467782297600114e-05 2 1 0 1 1 2 1 0 2 2
-1.969689743055921e-05 2 1 0 1 1 2 2 0 1 2
-3.522954061763682e-05 2 1 0 1 1 2 2 0 2 1
-1.8326879378559192e-06 2 1 0 1 1 3 1 3 2 0
1.8326879378559192e-06 2 1 0 1 1 3 2 3 1 0
2.292569910794544e-06 2 1 0 1 2 1 1 0 1 1
4.145794873475302 2 1 0 1 2 1 1 0 2 2
-0.002922073069193965 2 1 0 1 2 1 1 3 2 2
0.46855649551745193 2 1 0 1 2 1 2 0 1 2
-4.614349076422841 2 1 0 1 2 1 2 0 2 1
-0.00033023087390078446 2 1 0 1 2 1 2 3 1 2
0.0032523039430947497 2 1 0 1 2 1 2 3 2 1
-4.614349076422841 2 1 0 1 2 2 1 0 1 2
0.46855649551745193 2 1 0 1 2 2 1 0 2 1
0.0032523039430947497 2 1 0 1 2 2 1 3 1 2
-0.00033023087390078446 2 1 0 1 2 2 1 3 2 1
4.145794873475302 2 1 0 1 2 2 2 0 1 1
2.2925699107945438e-06 2 1 0 1 2 2 2 0 2 2
-0.002922073069193965 2 1 0 1 2 2 2 3 1 1
-5.130368606113524e-06 2 1 0 1 2 3 1 3 1 0
-5.130368606113531e-06 2 1 0 1 2 3 2 3 2 0
7.906676719102996e-06 2 1 0 2 1 1 1 0 1 1
0.2881483068589143 2 1 0 2 1 1 1 0 2 2
-0.00020838766203469644 2 1 0 2 1 1 1 3 2 2
-0.7566968956996473 2 1 0 2 1 1 2 0 1 2
0.46855649551745193 2 1 0 2 1 1 2 0 2 1
0.0005386185359354809 2 1 0 2 1 1 2 3 1 2
-0.00033023087390078446 2 1 0 2 1 1 2 3 2 1
0.46855649551745193 2 1 0 2 1 2 1 0 1 2
-0.7566968956996473 2 1 0 2 1 2 1 0 2 1
-0.00033023087390078446 2 1 0 2 1 2 1 3 1 2
0.0005386185359354809 2 1 0 2 1 2 1 3 2 1
0.28814830685891424 2 1 0 2 1 2 2 0 1 1
7.906676719102994e-06 2 1 0 2 1 2 2 0 2 2
-0.00020838766203469644 2 1 0 2 1 2 2 3 1 1
-3.1370107251689564e-07 2 1 0 2 1 3 1 3 1 0
-3.1370107251689564e-07 2 1 0 2 1 3 2 3 2 0
-8.629779238322733e-05 2 1 0 2 2 0 1 0 2 0
-0.0005338029578339285 2 1 0 2 2 0 1 3 2 0
-6.49779213105906e-05 2 1 0 2 2 0 1 3 2 3
8.629779238322731e-05 2 1 0 2 2 0 2 0 1 0
0.0005338029578339285 2 1 0 2 2 0 2 3 1 0
6.49779213105906e-05 2 1 0 2 2 0 2 3 1 3
-6.2467312710466e-05 2 1 0 2 2 1 1 0 1 2
-2.54506285522619e-05 2 1 0 2 2 1 1 0 2 1
0.00012259576423872886 2 1 0 2 2 1 2 0 1 1
3.467782297600108e-05 2 1 0 2 2 1 2 0 2 2
-3.467782297600108e-05 2 1 0 2 2 2 1 0 1 1
-0.00012259576423872886 2 1 0 2 2 2 1 0 2 2
2.54506285522619e-05 2 1 0 2 2 2 2 0 1 2
6.2467312710466e-05 2 1 0 2 2 2 2 0 2 1
0.00018913947047039377 2 1 0 2 2 3 1 0 2 0
6.688795551523138e-05 2 1 0 2 2 3 1 0 2 3
-0.07070411417592601 2 1 0 2 2 3 1 3 2 0
0.0004303907510978866 2 1 0 2 2 3 1 3 2 3
-0.00018913947047039377 2 1 0 2 2 3 2 0 1 0
-6.688795551523136e-05 2 1 0 2 2 3 2 0 1 3
0.07070411417592601 2 1 0 2 2 3 2 3 1 0
-0.0004303907510978866 2 1 0 2 2 3 2 3 1 3
-53.86534696272904 2 1 0 3 0 1 2 0 0 0
-7.720623146031269 2 1 0 3 0 1 2 0 0 3
-8.334426900563873 2 1 0 3 0 1 2 0 3 0
0.01633664613543641 2 1 0 3 0 1 2 0 3 3
-7.2397988388659975 2 1 0 3 0 1 2 3 0 0
0.015596423490718835 2 1 0 3 0 1 2 3 0 3
0.01591174759185322 2 1 0 3 0 1 2 3 3 0
0.002194494390984853 2 1 0 3 0 1 2 3 3 3
53.86534696272905 2 1 0 3 0 2 1 0 0 0
7.720623146031269 2 1 0 3 0 2 1 0 0 3
8.334426900563875 2 1 0 3 0 2 1 0 3 0
-0.01633664613543641 2 1 0 3 0 2 1 0 3 3
7.239798838865998 2 1 0 3 0 2 1 3 0 0
-0.015596423490718835 2 1 0 3 0 2 1 3 0 3
-0.01591174759185322 2 1 0 3 0 2 1 3 3 0
-0.002194494390984853 2 1 0 3 0 2 1 3 3 3
1.0850421987112157e-05 2 1 0 3 0 3 1 3 3 2
-1.0850421987112157e-05 2 1 0 3 0 3 2 3 3 1
4.337037783294e-05 2 1 0 3 3 0 1 3 3 2
-4.337037783294e-05 2 1 0 3 3 0 2 3 3 1
-7.252031972690837 2 1 0 3 3 1 2 0 0 0
0.019718810527974487 2 1 0 3 3 1 2 0 0 3
0.01633664613543641 2 1 0 3 3 1 2 0 3 0
0.0029506165500596993 2 1 0 3 3 1 2 0 3 3
0.015596423490718835 2 1 0 3 3 1 2 3 0 0
0.0027553357555920354 2 1 0 3 3 1 2 3 0 3
0.002247625584559741 2 1 0 3 3 1 2 3 3 0
7.252031972690838 2 1 0 3 3 2 1 0 0 0
-0.019718810527974487 2 1 0 3 3 2 1 0 0 3
-0.01633664613543641 2 1 0 3 3 2 1 0 3 0
-0.0029506165500596993 2 1 0 3 3 2 1 0 3 3
-0.015596423490718835 2 1 0 3 3 2 1 3 0 0
-0.0027553357555920354 2 1 0 3 3 2 1 3 0 3
-0.002247625584559741 2 1 0 3 3 2 1 3 3 0
4.0781920316566595e-06 2 1 0 3 3 3 1 0 3 2
5.635036419520431e-06 2 1 0 3 3 3 1 3 0 2
5.384547826852923e-05 2 1 0 3 3 3 1 3 3 2
-4.078192031656768e-06 2 1 0 3 3 3 2 0 3 1
-5.635036419520539e-06 2 1 0 3 3 3 2 3 0 1
-5.384547826852923e-05 2 1 0 3 3 3 2 3 3 1
3.5229540617636796e-05 2 1 1 0 1 1 1 1 0 2
1.969689743055921e-05 2 1 1 0 1 1 1 2 0 1
3.467782297600114e-05 2 1 1 0 1 1 2 1 0 1
8.960426102419713e-05 2 1 1 0 1 1 2 2 0 2
-8.960426102419713e-05 2 1 1 0 1 2 1 1 0 1
-3.4677822976001115e-05 2 1 1 0 1 2 1 2 0 2
-1.969689743055921e-05 2 1 1 0 1 2 2 1 0 2
-3.522954061763682e-05 2 1 1 0 1 2 2 2 0 1
-1.8326879378559192e-06 2 1 1 0 1 3 1 2 3 0
1.8326879378559192e-06 2 1 1 0 1 3 2 1 3 0
2.292569910794544e-06 2 1 1 0 2 1 1 1 0 1
4.145794873475302 2 1 1 0 2 1 1 2 0 2
-0.002922073069193966 2 1 1 0 2 1 1 2 3 2
0.46855649551745193 2 1 1 0 2 1 2 1 0 2
-0.0003302308739007845 2 1 1 0 2 1 2 1 3 2
-4.614349076422841 2 1 1 0 2 1 2 2 0 1
0.0032523039430947505 2 1 1 0 2 1 2 2 3 1
-4.614349076422841 2 1 1 0 2 2 1 1 0 2
0.0032523039430947505 2 1 1 0 2 2 1 1 3 2
0.46855649551745193 2 1 1 0 2 2 1 2 0 1
-0.0003302308739007845 2 1 1 0 2 2 1 2 3 1
4.145794873475302 2 1 1 0 2 2 2 1 0 1
-0.002922073069193966 2 1 1 0 2 2 2 1 3 1
2.2925699107945438e-06 2 1 1 0 2 2 2 2 0 2
-5.130368606113524e-06 2 1 1 0 2 3 1 1 3 0
-5.130368606113531e-06 2 1 1 0 2 3 2 2 3 0
3.653001288547903e-05 2 1 1 1 0 1 1 1 2 0
3.6530012885479024e-05 2 1 1 1 0 1 1 2 1 0
2.0456885543929647e-05 2 1 1 1 0 1 2 1 1 0
9.351691131488775e-05 2 1 1 1 0 1 2 2 2 0
-9.351691131488775e-05 2 1 1 1 0 2 1 1 1 0
-2.045688554392965e-05 2 1 1 1 0 2 1 2 2 0
-3.6530012885479024e-05 2 1 1 1 0 2 2 1 2 0
-3.653001288547902e-05 2 1 1 1 0 2 2 2 1 0
4.042868923268613e-07 2 1 1 1 3 3 1 1 2 1
4.0428689232686046e-07 2 1 1 1 3 3 1 2 1 1
8.085737846537213e-07 2 1 1 1 3 3 1 2 2 2
-8.085737846537213e-07 2 1 1 1 3 3 2 1 1 1
-4.0428689232686046e-07 2 1 1 1 3 3 2 1 2 2
-4.042868923268613e-07 2 1 1 1 3 3 2 2 1 2
2.0955248439755542e-07 2 1 1 2 0 1 1 1 1 0
0.36595580139197387 2 1 1 2 0 1 1 2 2 0
-0.00024141101180766438 2 1 1 2 0 1 1 2 2 3
0.36433623492919187 2 1 1 2 0 1 2 1 2 0
-0.00024940581645495536 2 1 1 2 0 1 2 1 2 3
-0.7302918267686812 2 1 1 2 0 1 2 2 1 0
0.0004908168282626198 2 1 1 2 0 1 2 2 1 3
-0.7302918267686812 2 1 1 2 0 2 1 1 2 0
0.0004908168282626198 2 1 1 2 0 2 1 1 2 3
0.36433623492919187 2 1 1 2 0 2 1 2 1 0
-0.00024940581645495536 2 1 1 2 0 2 1 2 1 3
0.3659558013919738 2 1 1 2 0 2 2 1 1 0
-0.00024141101180766438 2 1 1 2 0 2 2 1 1 3
2.0955248439755542e-07 2 1 1 2 0 2 2 2 2 0
-0.00024141101180766438 2 1 1 2 3 1 1 2 2 0
-6.219663004664971e-05 2 1 1 2 3 1 1 2 2 3
-0.00024940581645495536 2 1 1 2 3 1 2 1 2 0
-6.654208221050743e-05 2 1 1 2 3 1 2 1 2 3
0.0004908168282626198 2 1 1 2 3 1 2 2 1 0
0.00012873871225715716 2 1 1 2 3 1 2 2 1 3
0.0004908168282626198 2 1 1 2 3 2 1 1 2 0
0.00012873871225715716 2 1 1 2 3 2 1 1 2 3
-0.00024940581645495536 2 1 1 2 3 2 1 2 1 0
-6.654208221050743e-05 2 1 1 2 3 2 1 2 1 3
-0.00024141101180766438 2 1 1 2 3 2 2 1 1 0
-6.219663004664971e-05 2 1 1 2 3 2 2 1 1 3
7.755363355411288e-06 2 1 1 2 3 3 1 1 1 1
2.7244485411897726e-06 2 1 1 2 3 3 1 1 2 2
1.167604153325914e-06 2 1 1 2 3 3 1 2 1 2
3.863310660895601e-06 2 1 1 2 3 3 1 2 2 1
3.863310660895601e-06 2 1 1 2 3 3 2 1 1 2
1.1676041533259122e-06 2 1 1 2 3 3 2 1 2 1
2.724448541189771e-06 2 1 1 2 3 3 2 2 1 1
7.755363355411285e-06 2 1 1 2 3 3 2 2 2 2
3.7840073232671234e-06 2 1 1 3 1 0 1 2 3 0
-3.7840073232671234e-06 2 1 1 3 1 0 2 1 3 0
-1.1708543851229076e-06 2 1 1 3 1 3 1 2 0 0
1.7934975883345868e-05 2 1 1 3 1 3 1 2 3 0
-3.8582878473771605e-06 2 1 1 3 1 3 1 2 3 3
1.1708543851229076e-06 2 1 1 3 1 3 2 1 0 0
-1.7934975883345868e-05 2 1 1 3 1 3 2 1 3 0
3.8582878473771605e-06 2 1 1 3 1 3 2 1 3 3
-4.525762430046697e-08 2 1 1 3 2 0 1 1 3 0
-4.5257624300439867e-08 2 1 1 3 2 0 2 2 3 0
-0.002922073069193966 2 1 1 3 2 1 1 2 0 2
-0.0004558473064185356 2 1 1 3 2 1 1 2 3 2
-0.0003302308739007845 2 1 1 3 2 1 2 1 0 2
-5.3131193574887304e-05 2 1 1 3 2 1 2 1 3 2
0.0032523039430947505 2 1 1 3 2 1 2 2 0 1
0.0005089784999934228 2 1 1 3 2 1 2 2 3 1
0.0032523039430947505 2 1 1 3 2 2 1 1 0 2
0.0005089784999934228 2 1 1 3 2 2 1 1 3 2
-0.0003302308739007845 2 1 1 3 2 2 1 2 0 1
-5.3131193574887304e-05 2 1 1 3 2 2 1 2 3 1
-0.002922073069193966 2 1 1 3 2 2 2 1 0 1
-0.0004558473064185356 2 1 1 3 2 2 2 1 3 1
-1.2481445069197954e-05 2 1 1 3 2 3 1 1 0 0
-0.00014819255805537048 2 1 1 3 2 3 1 1 3 0
1.514570383350307e-06 2 1 1 3 2 3 1 1 3 3
-1.2481445069197954e-05 2 1 1 3 2 3 2 2 0 0
-0.00014819255805537048 2 1 1 3 2 3 2 2 3 0
1.5145703833503342e-06 2 1 1 3 2 3 2 2 3 3
7.906676719102996e-06 2 1 2 0 1 1 1 1 0 1
0.2881483068589143 2 1 2 0 1 1 1 2 0 2
-0.00020838766203469647 2 1 2 0 1 1 1 2 3 2
-0.7566968956996473 2 1 2 0 1 1 2 1 0 2
0.000538618535935481 2 1 2 0 1 1 2 1 3 2
0.46855649551745193 2 1 2 0 1 1 2 2 0 1
-0.0003302308739007845 2 1 2 0 1 1 2 2 3 1
0.46855649551745193 2 1 2 0 1 2 1 1 0 2
-0.0003302308739007845 2 1 2 0 1 2 1 1 3 2
-0.7566968956996473 2 1 2 0 1 2 1 2 0 1
0.000538618535935481 2 1 2 0 1 2 1 2 3 1
0.28814830685891424 2 1 2 0 1 2 2 1 0 1
-0.00020838766203469647 2 1 2 0 1 2 2 1 3 1
7.906676719102994e-06 2 1 2 0 1 2 2 2 0 2
-3.1370107251689564e-07 2 1 2 0 1 3 1 1 3 0
-3.1370107251689564e-07 2 1 2 0 1 3 2 2 3 0
-8.629779238322731e-05 2 1 2 0 2 0 1 2 0 0
-0.0005338029578339286 2 1 2 0 2 0 1 2 3 0
-6.49779213105906e-05 2 1 2 0 2 0 1 2 3 3
8.629779238322731e-05 2 1 2 0 2 0 2 1 0 0
0.0005338029578339286 2 1 2 0 2 0 2 1 3 0
6.49779213105906e-05 2 1 2 0 2 0 2 1 3 3
-6.2467312710466e-05 2 1 2 0 2 1 1 1 0 2
-2.54506285522619e-05 2 1 2 0 2 1 1 2 0 1
0.00012259576423872886 2 1 2 0 2 1 2 1 0 1
3.467782297600108e-05 2 1 2 0 2 1 2 2 0 2
-3.467782297600108e-05 2 1 2 0 2 2 1 1 0 1
-0.00012259576423872897 2 1 2 0 2 2 1 2 0 2
2.54506285522619e-05 2 1 2 0 2 2 2 1 0 2
6.2467312710466e-05 2 1 2 0 2 2 2 2 0 1
0.00018913947047039377 2 1 2 0 2 3 1 2 0 0
6.688795551523136e-05 2 1 2 0 2 3 1 2 0 3
-0.07070411417592601 2 1 2 0 2 3 1 2 3 0
0.00043039075109788664 2 1 2 0 2 3 1 2 3 3
-0.00018913947047039377 2 1 2 0 2 3 2 1 0 0
-6.688795551523136e-05 2 1 2 0 2 3 2 1 0 3
0.07070411417592601 2 1 2 0 2 3 2 1 3 0
-0.00043039075109788664 2 1 2 0 2 3 2 1 3 3
2.0955248439755542e-07 2 1 2 1 0 1 1 1 1 0
0.36595580139197387 2 1 2 1 0 1 1 2 2 0
-0.00024141101180766438 2 1 2 1 0 1 1 2 2 3
-0.7302918267686812 2 1 2 1 0 1 2 1 2 0
0.0004908168282626198 2 1 2 1 0 1 2 1 2 3
0.36433623492919187 2 1 2 1 0 1 2 2 1 0
-0.00024940581645495536 2 1 2 1 0 1 2 2 1 3
0.36433623492919187 2 1 2 1 0 2 1 1 2 0
-0.00024940581645495536 2 1 2 1 0 2 1 1 2 3
-0.7302918267686813 2 1 2 1 0 2 1 2 1 0
0.0004908168282626198 2 1 2 1 0 2 1 2 1 3
0.36595580139197387 2 1 2 1 0 2 2 1 1 0
-0.00024141101180766438 2 1 2 1 0 2 2 1 1 3
2.0955248439755542e-07 2 1 2 1 0 2 2 2 2 0
-0.00024141101180766438 2 1 2 1 3 1 1 2 2 0
-6.219663004664971e-05 2 1 2 1 3 1 1 2 2 3
0.0004908168282626198 2 1 2 1 3 1 2 1 2 0
0.00012873871225715716 2 1 2 1 3 1 2 1 2 3
-0.00024940581645495536 2 1 2 1 3 1 2 2 1 0
-6.654208221050743e-05 2 1 2 1 3 1 2 2 1 3
-0.00024940581645495536 2 1 2 1 3 2 1 1 2 0
-6.654208221050743e-05 2 1 2 1 3 2 1 1 2 3
0.0004908168282626198 2 1 2 1 3 2 1 2 1 0
0.00012873871225715716 2 1 2 1 3 2 1 2 1 3
-0.00024141101180766438 2 1 2 1 3 2 2 1 1 0
-6.219663004664971e-05 2 1 2 1 3 2 2 1 1 3
7.755363355411287e-06 2 1 2 1 3 3 1 1 1 1
1.167604153325914e-06 2 1 2 1 3 3 1 1 2 2
2.724448541189771e-06 2 1 2 1 3 3 1 2 1 2
3.863310660895601e-06 2 1 2 1 3 3 1 2 2 1
3.863310660895601e-06 2 1 2 1 3 3 2 1 1 2
2.724448541189769e-06 2 1 2 1 3 3 2 1 2 1
1.1676041533259122e-06 2 1 2 1 3 3 2 2 1 1
7.755363355411288e-06 2 1 2 1 3 3 2 2 2 2
-5.6960378239159305e-06 2 1 2 2 0 0 1 1 2 1
-5.696037823915929e-06 2 1 2 2 0 0 1 2 1 1
-1.139207564783186e-05 2 1 2 2 0 0 1 2 2 2
1.139207564783186e-05 2 1 2 2 0 0 2 1 1 1
5.696037823915929e-06 2 1 2 2 0 0 2 1 2 2
5.6960378239159305e-06 2 1 2 2 0 0 2 2 1 2
-1.3602400503733277e-05 2 1 2 2 0 1 1 1 2 0
-1.3602400503733272e-05 2 1 2 2 0 1 1 2 1 0
4.7661686551396195e-05 2 1 2 2 0 1 2 1 1 0
2.045688554392965e-05 2 1 2 2 0 1 2 2 2 0
-2.045688554392965e-05 2 1 2 2 0 2 1 1 1 0
-4.766168655139617e-05 2 1 2 2 0 2 1 2 2 0
1.3602400503733269e-05 2 1 2 2 0 2 2 1 2 0
1.3602400503733274e-05 2 1 2 2 0 2 2 2 1 0
-1.599903412892288e-05 2 1 2 2 0 3 1 1 2 1
-1.599903412892288e-05 2 1 2 2 0 3 1 2 1 1
-3.199806825784576e-05 2 1 2 2 0 3 1 2 2 2
3.199806825784576e-05 2 1 2 2 0 3 2 1 1 1
1.599903412892288e-05 2 1 2 2 0 3 2 1 2 2
1.599903412892288e-05 2 1 2 2 0 3 2 2 1 2
-1.7355572989369238e-05 2 1 2 2 3 0 1 1 2 1
-1.7355572989369238e-05 2 1 2 2 3 0 1 2 1 1
-3.471114597873847e-05 2 1 2 2 3 0 1 2 2 2
3.471114597873847e-05 2 1 2 2 3 0 2 1 1 1
1.7355572989369238e-05 2 1 2 2 3 0 2 1 2 2
1.7355572989369238e-05 2 1 2 2 3 0 2 2 1 2
2.1322408901197404e-06 2 1 2 2 3 3 1 1 1 2
0.028968994576768756 2 1 2 2 3 3 1 1 2 1
0.028968994576768756 2 1 2 2 3 3 1 2 1 1
0.05794012139442761 2 1 2 2 3 3 1 2 2 2
-0.057940121394427606 2 1 2 2 3 3 2 1 1 1
-0.028968994576768756 2 1 2 2 3 3 2 1 2 2
-0.028968994576768756 2 1 2 2 3 3 2 2 1 2
-2.13224089011974e-06 2 1 2 2 3 3 2 2 2 1
1.044456844378723e-05 2 1 2 3 1 0 1 1 3 0
1.044456844378723e-05 2 1 2 3 1 0 2 2 3 0
-0.00020838766203469647 2 1 2 3 1 1 1 2 0 2
-3.424698777222583e-05 2 1 2 3 1 1 1 2 3 2
0.000538618535935481 2 1 2 3 1 1 2 1 0 2
8.737818134711312e-05 2 1 2 3 1 1 2 1 3 2
-0.0003302308739007845 2 1 2 3 1 1 2 2 0 1
-5.3131193574887304e-05 2 1 2 3 1 1 2 2 3 1
-0.0003302308739007845 2 1 2 3 1 2 1 1 0 2
-5.3131193574887304e-05 2 1 2 3 1 2 1 1 3 2
0.000538618535935481 2 1 2 3 1 2 1 2 0 1
8.737818134711312e-05 2 1 2 3 1 2 1 2 3 1
-0.00020838766203469647 2 1 2 3 1 2 2 1 0 1
-3.424698777222583e-05 2 1 2 3 1 2 2 1 3 1
3.481324802161088e-07 2 1 2 3 1 3 1 1 0 0
2.698705932232863e-05 2 1 2 3 1 3 1 1 3 0
-6.62381407164678e-06 2 1 2 3 1 3 1 1 3 3
3.481324802161088e-07 2 1 2 3 1 3 2 2 0 0
2.6987059322328616e-05 2 1 2 3 1 3 2 2 3 0
-6.623814071646775e-06 2 1 2 3 1 3 2 2 3 3
-0.0005164473848445594 2 1 2 3 2 0 1 2 0 0
-5.9281883486674705e-05 2 1 2 3 2 0 1 2 0 3
0.945335713121965 2 1 2 3 2 0 1 2 3 0
-0.00026752277163202685 2 1 2 3 2 0 1 2 3 3
0.0005164473848445594 2 1 2 3 2 0 2 1 0 0
5.9281883486674705e-05 2 1 2 3 2 0 2 1 0 3
-0.945335713121965 2 1 2 3 2 0 2 1 3 0
0.00026752277163202685 2 1 2 3 2 0 2 1 3 3
-0.09966924544203384 2 1 2 3 2 3 1 2 0 0
0.0004463897852268095 2 1 2 3 2 3 1 2 0 3
-0.6254603638625486 2 1 2 3 2 3 1 2 3 0
-0.4565716740908772 2 1 2 3 2 3 1 2 3 3
0.09966924544203386 2 1 2 3 2 3 2 1 0 0
-0.0004463897852268095 2 1 2 3 2 3 2 1 0 3
0.6254603638625486 2 1 2 3 2 3 2 1 3 0
0.45657167409087723 2 1 2 3 2 3 2 1 3 3
-53.865346962729035 2 1 3 0 0 1 2 0 0 0
-7.720623146031268 2 1 3 0 0 1 2 0 0 3
-7.2397988388659975 2 1 3 0 0 1 2 0 3 0
0.015596423490718832 2 1 3 0 0 1 2 0 3 3
-8.334426900563873 2 1 3 0 0 1 2 3 0 0
0.01633664613543641 2 1 3 0 0 1 2 3 0 3
0.015911747591853216 2 1 3 0 0 1 2 3 3 0
0.002194494390984853 2 1 3 0 0 1 2 3 3 3
53.865346962729035 2 1 3 0 0 2 1 0 0 0
7.720623146031268 2 1 3 0 0 2 1 0 0 3
7.239798838865998 2 1 3 0 0 2 1 0 3 0
-0.015596423490718832 2 1 3 0 0 2 1 0 3 3
8.334426900563875 2 1 3 0 0 2 1 3 0 0
-0.01633664613543641 2 1 3 0 0 2 1 3 0 3
-0.015911747591853216 2 1 3 0 0 2 1 3 3 0
-0.002194494390984853 2 1 3 0 0 2 1 3 3 3
1.0850421987112157e-05 2 1 3 0 0 3 1 3 3 2
-1.0850421987112157e-05 2 1 3 0 0 3 2 3 3 1
4.337037783294005e-05 2 1 3 0 3 0 1 3 3 2
-4.337037783294005e-05 2 1 3 0 3 0 2 3 3 1
-7.252031972690837 2 1 3 0 3 1 2 0 0 0
0.019718810527974487 2 1 3 0 3 1 2 0 0 3
0.015596423490718835 2 1 3 0 3 1 2 0 3 0
0.0027553357555920354 2 1 3 0 3 1 2 0 3 3
0.01633664613543641 2 1 3 0 3 1 2 3 0 0
0.0029506165500596993 2 1 3 0 3 1 2 3 0 3
0.002247625584559741 2 1 3 0 3 1 2 3 3 0
7.252031972690836 2 1 3 0 3 2 1 0 0 0
-0.019718810527974487 2 1 3 0 3 2 1 0 0 3
-0.015596423490718835 2 1 3 0 3 2 1 0 3 0
-0.0027553357555920354 2 1 3 0 3 2 1 0 3 3
-0.01633664613543641 2 1 3 0 3 2 1 3 0 0
-0.0029506165500596993 2 1 3 0 3 2 1 3 0 3
-0.002247625584559741 2 1 3 0 3 2 1 3 3 0
5.635036419520431e-06 2 1 3 0 3 3 1 0 3 2
4.0781920316566595e-06 2 1 3 0 3 3 1 3 0 2
5.384547826853053e-05 2 1 3 0 3 3 1 3 3 2
-5.635036419520539e-06 2 1 3 0 3 3 2 0 3 1
-4.078192031656768e-06 2 1 3 0 3 3 2 3 0 1
-5.384547826853053e-05 2 1 3 0 3 3 2 3 3 1
3.784007323267123e-06 2 1 3 1 1 0 1 3 2 0
-3.784007323267123e-06 2 1 3 1 1 0 2 3 1 0
-1.1708543851229076e-06 2 1 3 1 1 3 1 0 2 0
1.7934975883345868e-05 2 1 3 1 1 3 1 3 2 0
-3.8582878473771605e-06 2 1 3 1 1 3 1 3 2 3
1.1708543851229076e-06 2 1 3 1 1 3 2 0 1 0
-1.7934975883345868e-05 2 1 3 1 1 3 2 3 1 0
3.8582878473771605e-06 2 1 3 1 1 3 2 3 1 3
-4.525762430046697e-08 2 1 3 1 2 0 1 3 1 0
-4.5257624300439867e-08 2 1 3 1 2 0 2 3 2 0
-0.002922073069193965 2 1 3 1 2 1 1 0 2 2
-0.00045584730641853557 2 1 3 1 2 1 1 3 2 2
-0.00033023087390078446 2 1 3 1 2 1 2 0 1 2
0.0032523039430947497 2 1 3 1 2 1 2 0 2 1
-5.313119357488731e-05 2 1 3 1 2 1 2 3 1 2
0.0005089784999934228 2 1 3 1 2 1 2 3 2 1
0.0032523039430947497 2 1 3 1 2 2 1 0 1 2
-0.00033023087390078446 2 1 3 1 2 2 1 0 2 1
0.0005089784999934228 2 1 3 1 2 2 1 3 1 2
-5.313119357488731e-05 2 1 3 1 2 2 1 3 2 1
-0.002922073069193965 2 1 3 1 2 2 2 0 1 1
-0.00045584730641853557 2 1 3 1 2 2 2 3 1 1
-1.2481445069197967e-05 2 1 3 1 2 3 1 0 1 0
-0.00014819255805537048 2 1 3 1 2 3 1 3 1 0
1.5145703833503198e-06 2 1 3 1 2 3 1 3 1 3
-1.2481445069197954e-05 2 1 3 1 2 3 2 0 2 0
-0.00014819255805537048 2 1 3 1 2 3 2 3 2 0
1.5145703833503334e-06 2 1 3 1 2 3 2 3 2 3
1.044456844378723e-05 2 1 3 2 1 0 1 3 1 0
1.044456844378723e-05 2 1 3 2 1 0 2 3 2 0
-0.00020838766203469644 2 1 3 2 1 1 1 0 2 2
-3.424698777222583e-05 2 1 3 2 1 1 1 3 2 2
0.0005386185359354809 2 1 3 2 1 1 2 0 1 2
-0.00033023087390078446 2 1 3 2 1 1 2 0 2 1
8.737818134711311e-05 2 1 3 2 1 1 2 3 1 2
-5.313119357488731e-05 2 1 3 2 1 1 2 3 2 1
-0.00033023087390078446 2 1 3 2 1 2 1 0 1 2
0.0005386185359354809 2 1 3 2 1 2 1 0 2 1
-5.313119357488731e-05 2 1 3 2 1 2 1 3 1 2
8.737818134711311e-05 2 1 3 2 1 2 1 3 2 1
-0.00020838766203469644 2 1 3 2 1 2 2 0 1 1
-3.424698777222583e-05 2 1 3 2 1 2 2 3 1 1
3.481324802161088e-07 2 1 3 2 1 3 1 0 1 0
2.698705932232863e-05 2 1 3 2 1 3 1 3 1 0
-6.6238140716467765e-06 2 1 3 2 1 3 1 3 1 3
3.481324802161088e-07 2 1 3 2 1 3 2 0 2 0
2.6987059322328616e-05 2 1 3 2 1 3 2 3 2 0
-6.623814071646775e-06 2 1 3 2 1 3 2 3 2 3
-0.0005164473848445593 2 1 3 2 2 0 1 0 2 0
-5.9281883486674705e-05 2 1 3 2 2 0 1 0 2 3
0.945335713121965 2 1 3 2 2 0 1 3 2 0
-0.00026752277163202685 2 1 3 2 2 0 1 3 2 3
0.0005164473848445593 2 1 3 2 2 0 2 0 1 0
5.9281883486674705e-05 2 1 3 2 2 0 2 0 1 3
-0.945335713121965 2 1 3 2 2 0 2 3 1 0
0.00026752277163202685 2 1 3 2 2 0 2 3 1 3
-0.09966924544203383 2 1 3 2 2 3 1 0 2 0
0.0004463897852268094 2 1 3 2 2 3 1 0 2 3
-0.6254603638625487 2 1 3 2 2 3 1 3 2 0
-0.4565716740908772 2 1 3 2 2 3 1 3 2 3
0.09966924544203384 2 1 3 2 2 3 2 0 1 0
-0.0004463897852268094 2 1 3 2 2 3 2 0 1 3
0.6254603638625486 2 1 3 2 2 3 2 3 1 0
0.45657167409087723 2 1 3 2 2 3 2 3 1 3
-1.0179383230400402e-05 2 1 3 3 0 0 1 3 3 2
1.0179383230400347e-05 2 1 3 3 0 0 2 3 3 1
-6.875442147051266 2 1 3 3 0 1 2 0 0 0
0.015677248548164664 2 1 3 3 0 1 2 0 0 3
0.015911747591853216 2 1 3 3 0 1 2 0 3 0
0.0022476255845597405 2 1 3 3 0 1 2 0 3 3
0.015911747591853216 2 1 3 3 0 1 2 3 0 0
0.0022476255845597405 2 1 3 3 0 1 2 3 0 3
0.0022418290941798725 2 1 3 3 0 1 2 3 3 0
6.875442147051265 2 1 3 3 0 2 1 0 0 0
-0.015677248548164664 2 1 3 3 0 2 1 0 0 3
-0.015911747591853216 2 1 3 3 0 2 1 0 3 0
-0.0022476255845597405 2 1 3 3 0 2 1 0 3 3
-0.015911747591853216 2 1 3 3 0 2 1 3 0 0
-0.0022476255845597405 2 1 3 3 0 2 1 3 0 3
-0.0022418290941798725 2 1 3 3 0 2 1 3 3 0
1.3615948211381345e-05 2 1 3 3 0 3 1 0 3 2
1.3615948211381345e-05 2 1 3 3 0 3 1 3 0 2
0.00010620771149879313 2 1 3 3 0 3 1 3 3 2
-1.3615948211381345e-05 2 1 3 3 0 3 2 0 3 1
-1.3615948211381345e-05 2 1 3 3 0 3 2 3 0 1
-0.00010620771149879313 2 1 3 3 0 3 2 3 3 1
3.6709816712419757e-05 2 1 3 3 3 0 1 0 3 2
3.6709816712419757e-05 2 1 3 3 3 0 1 3 0 2
-1.3386752887472632e-05 2 1 3 3 3 0 1 3 3 2
-3.6709816712419757e-05 2 1 3 3 3 0 2 0 3 1
-3.6709816712419757e-05 2 1 3 3 3 0 2 3 0 1
1.33867528874735e-05 2 1 3 3 3 0 2 3 3 1
0.015016786800363092 2 1 3 3 3 1 2 0 0 0
0.0026887936733815277 2 1 3 3 3 1 2 0 0 3
0.002194494390984853 2 1 3 3 3 1 2 0 3 0
0.002194494390984853 2 1 3 3 3 1 2 3 0 0
-0.015016786800363092 2 1 3 3 3 2 1 0 0 0
-0.0026887936733815277 2 1 3 3 3 2 1 0 0 3
-0.002194494390984853 2 1 3 3 3 2 1 0 3 0
-0.002194494390984853 2 1 3 3 3 2 1 3 0 0
4.41885273824228e-06 2 1 3 3 3 3 1 0 0 2
4.47933948295471e-05 2 1 3 3 3 3 1 0 3 2
4.4793394829547965e-05 2 1 3 3 3 3 1 3 0 2
-0.07069556768372326 2 1 3 3 3 3 1 3 3 2
-4.41885273824228e-06 2 1 3 3 3 3 2 0 0 1
-4.47933948295471e-05 2 1 3 3 3 3 2 0 3 1
-4.4793394829547965e-05 2 1 3 3 3 3 2 3 0 1
0.07069556768372302 2 1 3 3 3 3 2 3 3 1
-0.0019423783707682187 2 2 0 0 0 0 1 3 3 1
-0.0019423783707682187 2 2 0 0 0 0 2 3 3 2
-5.3484957206919574 2 2 0 0 0 1 1 0 0 0
0.004142607449105216 2 2 0 0 0 1 1 0 0 3
0.003735273245274043 2 2 0 0 0 1 1 0 3 0
0.0004844641207350854 2 2 0 0 0 1 1 0 3 3
0.003735273245274045 2 2 0 0 0 1 1 3 0 0
0.0004844641207350854 2 2 0 0 0 1 1 3 0 3
0.00048429872992815034 2 2 0 0 0 1 1 3 3 0
-5.3484957206919574 2 2 0 0 0 2 2 0 0 0
0.004142607449105216 2 2 0 0 0 2 2 0 0 3
0.003735273245274043 2 2 0 0 0 2 2 0 3 0
0.00048446412073508533 2 2 0 0 0 2 2 0 3 3
0.003735273245274045 2 2 0 0 0 2 2 3 0 0
0.00048446412073508533 2 2 0 0 0 2 2 3 0 3
0.00048429872992815034 2 2 0 0 0 2 2 3 3 0
-0.001773312853964061 2 2 0 0 0 3 1 0 3 1
-0.0017733128539640613 2 2 0 0 0 3 1 3 0 1
-0.012295762528769702 2 2 0 0 0 3 1 3 3 1
-0.001773312853964061 2 2 0 0 0 3 2 0 3 2
-0.0017733128539640613 2 2 0 0 0 3 2 3 0 2
-0.012295762528769702 2 2 0 0 0 3 2 3 3 2
-0.0015929442187048784 2 2 0 0 3 0 1 0 3 1
-0.0015929442187048784 2 2 0 0 3 0 1 3 0 1
-0.013396716645832777 2 2 0 0 3 0 1 3 3 1
-0.0015929442187048784 2 2 0 0 3 0 2 0 3 2
-0.0015929442187048784 2 2 0 0 3 0 2 3 0 2
-0.013396716645832777 2 2 0 0 3 0 2 3 3 2
0.004142607449105217 2 2 0 0 3 1 1 0 0 0
0.0009080772705710126 2 2 0 0 3 1 1 0 0 3
0.0005206671846068819 2 2 0 0 3 1 1 0 3 0
0.0005206671846068819 2 2 0 0 3 1 1 3 0 0
0.004142607449105217 2 2 0 0 3 2 2 0 0 0
0.0009080772705710122 2 2 0 0 3 2 2 0 0 3
0.0005206671846068818 2 2 0 0 3 2 2 0 3 0
0.0005206671846068818 2 2 0 0 3 2 2 3 0 0
-0.0015575679577384883 2 2 0 0 3 3 1 0 0 1
-0.011304674947461426 2 2 0 0 3 3 1 0 3 1
-0.011304674947461428 2 2 0 0 3 3 1 3 0 1
4.973658495722854 2 2 0 0 3 3 1 3 3 1
-0.0015575679577384883 2 2 0 0 3 3 2 0 0 2
-0.011304674947461426 2 2 0 0 3 3 2 0 3 2
-0.011304674947461428 2 2 0 0 3 3 2 3 0 2
4.973658495722853 2 2 0 0 3 3 2 3 3 2
-1.019924662989755e-05 2 2 0 1 1 1 1 0 1 1
-4.433953379580844 2 2 0 1 1 1 1 0 2 2
0.0031304607312286612 2 2 0 1 1 1 1 3 2 2
0.28814830685891424 2 2 0 1 1 1 2 0 1 2
4.145794873475302 2 2 0 1 1 1 2 0 2 1
-0.00020838766203469647 2 2 0 1 1 1 2 3 1 2
-0.002922073069193965 2 2 0 1 1 1 2 3 2 1
4.145794873475302 2 2 0 1 1 2 1 0 1 2
0.2881483068589143 2 2 0 1 1 2 1 0 2 1
-0.002922073069193965 2 2 0 1 1 2 1 3 1 2
-0.00020838766203469647 2 2 0 1 1 2 1 3 2 1
-4.433953379580844 2 2 0 1 1 2 2 0 1 1
-1.019924662989751e-05 2 2 0 1 1 2 2 0 2 2
0.0031304607312286612 2 2 0 1 1 2 2 3 1 1
-2.5237459633984155e-06 2 2 0 1 1 3 1 3 1 0
-2.5237459633984155e-06 2 2 0 1 1 3 2 3 2 0
-3.5578089600400745e-05 2 2 0 1 2 0 1 0 2 0
-0.00025057850453973773 2 2 0 1 2 0 1 3 2 0
-2.7210294919323586e-06 2 2 0 1 2 0 1 3 2 3
3.5578089600400745e-05 2 2 0 1 2 0 2 0 1 0
0.00025057850453973773 2 2 0 1 2 0 2 3 1 0
2.7210294919323586e-06 2 2 0 1 2 0 2 3 1 3
-2.6003817241898762e-05 2 2 0 1 2 1 1 0 1 2
7.115134322471981e-05 2 2 0 1 2 1 1 0 2 1
-2.5450628552261897e-05 2 2 0 1 2 1 2 0 1 1
1.9696897430559274e-05 2 2 0 1 2 1 2 0 2 2
-1.9696897430559274e-05 2 2 0 1 2 2 1 0 1 1
2.5450628552261897e-05 2 2 0 1 2 2 1 0 2 2
-7.115134322471987e-05 2 2 0 1 2 2 2 0 1 2
2.6003817241898735e-05 2 2 0 1 2 2 2 0 2 1
-0.00018913947047039377 2 2 0 1 2 3 1 0 2 0
-8.062135620042393e-07 2 2 0 1 2 3 1 0 2 3
0.07066171756896894 2 2 0 1 2 3 1 3 2 0
-5.0950113186704385e-06 2 2 0 1 2 3 1 3 2 3
0.00018913947047039377 2 2 0 1 2 3 2 0 1 0
8.062135620042393e-07 2 2 0 1 2 3 2 0 1 3
-0.07066171756896894 2 2 0 1 2 3 2 3 1 0
5.0950113186704385e-06 2 2 0 1 2 3 2 3 1 3
0.00012187588198362808 2 2 0 2 1 0 1 0 2 0
0.0007843814623736662 2 2 0 2 1 0 1 3 2 0
6.769895080252297e-05 2 2 0 2 1 0 1 3 2 3
-0.00012187588198362808 2 2 0 2 1 0 2 0 1 0
-0.0007843814623736662 2 2 0 2 1 0 2 3 1 0
-6.769895080252297e-05 2 2 0 2 1 0 2 3 1 3
0.0001237006705700015 2 2 0 2 1 1 1 0 1 2
-2.6003817241898694e-05 2 2 0 2 1 1 1 0 2 1
-6.246731271046594e-05 2 2 0 2 1 1 2 0 1 1
3.522954061763681e-05 2 2 0 2 1 1 2 0 2 2
-3.522954061763681e-05 2 2 0 2 1 2 1 0 1 1
6.246731271046594e-05 2 2 0 2 1 2 1 0 2 2
2.6003817241898694e-05 2 2 0 2 1 2 2 0 1 2
-0.0001237006705700015 2 2 0 2 1 2 2 0 2 1
-6.608174195322712e-05 2 2 0 2 1 3 1 0 2 3
4.056391901922529e-05 2 2 0 2 1 3 1 3 2 0
-0.00042529573977921614 2 2 0 2 1 3 1 3 2 3
6.608174195322712e-05 2 2 0 2 1 3 2 0 1 3
-4.056391901922529e-05 2 2 0 2 1 3 2 3 1 0
0.00042529573977921614 2 2 0 2 1 3 2 3 1 3
-1.0199246629897513e-05 2 2 0 2 2 1 1 0 2 2
7.906676719102994e-06 2 2 0 2 2 1 2 0 1 2
2.292569910794549e-06 2 2 0 2 2 1 2 0 2 1
2.292569910794549e-06 2 2 0 2 2 2 1 0 1 2
7.906676719102994e-06 2 2 0 2 2 2 1 0 2 1
-1.0199246629897513e-05 2 2 0 2 2 2 2 0 1 1
-7.967815642028836e-06 2 2 0 2 2 3 1 3 1 0
-7.967815642028836e-06 2 2 0 2 2 3 2 3 2 0
-0.0020146279611951167 2 2 0 3 0 0 1 0 3 1
-0.0019232276129834745 2 2 0 3 0 0 1 3 0 1
-0.016117414383643922 2 2 0 3 0 0 1 3 3 1
-0.0020146279611951167 2 2 0 3 0 0 2 0 3 2
-0.0019232276129834745 2 2 0 3 0 0 2 3 0 2
-0.016117414383643922 2 2 0 3 0 0 2 3 3 2
0.0037352732452740458 2 2 0 3 0 1 1 0 0 0
0.0005206671846068819 2 2 0 3 0 1 1 0 0 3
0.0006287346955130856 2 2 0 3 0 1 1 0 3 0
0.0005160126506392547 2 2 0 3 0 1 1 3 0 0
0.0037352732452740458 2 2 0 3 0 2 2 0 0 0
0.0005206671846068817 2 2 0 3 0 2 2 0 0 3
0.0006287346955130856 2 2 0 3 0 2 2 0 3 0
0.0005160126506392547 2 2 0 3 0 2 2 3 0 0
-0.0018393945959172884 2 2 0 3 0 3 1 0 0 1
-0.013327950466409907 2 2 0 3 0 3 1 0 3 1
-0.01292868867921222 2 2 0 3 0 3 1 3 0 1
5.891299899130516 2 2 0 3 0 3 1 3 3 1
-0.0018393945959172884 2 2 0 3 0 3 2 0 0 2
-0.013327950466409907 2 2 0 3 0 3 2 0 3 2
-0.01292868867921222 2 2 0 3 0 3 2 3 0 2
5.891299899130516 2 2 0 3 0 3 2 3 3 2
-0.00147106833672125 2 2 0 3 3 0 1 0 0 1
-0.013412069290962529 2 2 0 3 3 0 1 0 3 1
-0.01288469841029004 2 2 0 3 3 0 1 3 0 1
5.791175152059199 2 2 0 3 3 0 1 3 3 1
-0.00147106833672125 2 2 0 3 3 0 2 0 0 2
-0.013412069290962529 2 2 0 3 3 0 2 0 3 2
-0.01288469841029004 2 2 0 3 3 0 2 3 0 2
5.791175152059199 2 2 0 3 3 0 2 3 3 2
0.00048446412073508565 2 2 0 3 3 1 1 0 0 0
0.0004844641207350857 2 2 0 3 3 2 2 0 0 0
-0.011304674947461426 2 2 0 3 3 3 1 0 0 1
5.73543729591632 2 2 0 3 3 3 1 0 3 1
5.237280733895053 2 2 0 3 3 3 1 3 0 1
38.96387991425688 2 2 0 3 3 3 1 3 3 1
-0.011304674947461426 2 2 0 3 3 3 2 0 0 2
5.73543729591632 2 2 0 3 3 3 2 0 3 2
5.237280733895052 2 2 0 3 3 3 2 3 0 2
38.96387991425688 2 2 0 3 3 3 2 3 3 2
-1.019924662989755e-05 2 2 1 0 1 1 1 1 0 1
-4.433953379580844 2 2 1 0 1 1 1 2 0 2
0.003130460731228662 2 2 1 0 1 1 1 2 3 2
0.28814830685891424 2 2 1 0 1 1 2 1 0 2
-0.00020838766203469647 2 2 1 0 1 1 2 1 3 2
4.145794873475302 2 2 1 0 1 1 2 2 0 1
-0.002922073069193966 2 2 1 0 1 1 2 2 3 1
4.145794873475302 2 2 1 0 1 2 1 1 0 2
-0.002922073069193966 2 2 1 0 1 2 1 1 3 2
0.2881483068589143 2 2 1 0 1 2 1 2 0 1
-0.00020838766203469647 2 2 1 0 1 2 1 2 3 1
-4.433953379580844 2 2 1 0 1 2 2 1 0 1
0.003130460731228662 2 2 1 0 1 2 2 1 3 1
-1.019924662989751e-05 2 2 1 0 1 2 2 2 0 2
-2.5237459633984155e-06 2 2 1 0 1 3 1 1 3 0
-2.5237459633984155e-06 2 2 1 0 1 3 2 2 3 0
-3.557808960040074e-05 2 2 1 0 2 0 1 2 0 0
-0.00025057850453973773 2 2 1 0 2 0 1 2 3 0
-2.7210294919323586e-06 2 2 1 0 2 0 1 2 3 3
3.557808960040074e-05 2 2 1 0 2 0 2 1 0 0
0.00025057850453973773 2 2 1 0 2 0 2 1 3 0
2.7210294919323586e-06 2 2 1 0 2 0 2 1 3 3
-2.6003817241898762e-05 2 2 1 0 2 1 1 1 0 2
7.115134322471981e-05 2 2 1 0 2 1 1 2 0 1
-2.5450628552261893e-05 2 2 1 0 2 1 2 1 0 1
1.969689743055922e-05 2 2 1 0 2 1 2 2 0 2
-1.969689743055922e-05 2 2 1 0 2 2 1 1 0 1
2.5450628552261893e-05 2 2 1 0 2 2 1 2 0 2
-7.115134322471987e-05 2 2 1 0 2 2 2 1 0 2
2.6003817241898735e-05 2 2 1 0 2 2 2 2 0 1
-0.00018913947047039377 2 2 1 0 2 3 1 2 0 0
-8.062135620042427e-07 2 2 1 0 2 3 1 2 0 3
0.07066171756896894 2 2 1 0 2 3 1 2 3 0
-5.0950113186704114e-06 2 2 1 0 2 3 1 2 3 3
0.00018913947047039377 2 2 1 0 2 3 2 1 0 0
8.062135620042393e-07 2 2 1 0 2 3 2 1 0 3
-0.07066171756896894 2 2 1 0 2 3 2 1 3 0
5.0950113186704114e-06 2 2 1 0 2 3 2 1 3 3
-4.191049687951176e-07 2 2 1 1 0 1 1 1 1 0
-0.7319120218889165 2 2 1 1 0 1 1 2 2 0
0.0004828220236153287 2 2 1 1 0 1 1 2 2 3
0.3659558013919738 2 2 1 1 0 1 2 1 2 0
-0.00024141101180766438 2 2 1 1 0 1 2 1 2 3
0.3659558013919738 2 2 1 1 0 1 2 2 1 0
-0.00024141101180766438 2 2 1 1 0 1 2 2 1 3
0.3659558013919738 2 2 1 1 0 2 1 1 2 0
-0.00024141101180766438 2 2 1 1 0 2 1 1 2 3
0.3659558013919738 2 2 1 1 0 2 1 2 1 0
-0.00024141101180766438 2 2 1 1 0 2 1 2 1 3
-0.7319120218889165 2 2 1 1 0 2 2 1 1 0
0.0004828220236153287 2 2 1 1 0 2 2 1 1 3
-4.191049687951176e-07 2 2 1 1 0 2 2 2 2 0
0.0004828220236153287 2 2 1 1 3 1 1 2 2 0
0.00012439326009329942 2 2 1 1 3 1 1 2 2 3
-0.00024141101180766438 2 2 1 1 3 1 2 1 2 0
-6.219663004664971e-05 2 2 1 1 3 1 2 1 2 3
-0.00024141101180766438 2 2 1 1 3 1 2 2 1 0
-6.219663004664971e-05 2 2 1 1 3 1 2 2 1 3
-0.00024141101180766438 2 2 1 1 3 2 1 1 2 0
-6.219663004664971e-05 2 2 1 1 3 2 1 1 2 3
-0.00024141101180766438 2 2 1 1 3 2 1 2 1 0
-6.219663004664971e-05 2 2 1 1 3 2 1 2 1 3
0.0004828220236153287 2 2 1 1 3 2 2 1 1 0
0.00012439326009329942 2 2 1 1 3 2 2 1 1 3
-2.56715530529031e-05 2 2 1 1 3 3 1 1 1 1
-1.8639881558092004e-07 2 2 1 1 3 3 1 1 2 2
-1.8639881558091917e-07 2 2 1 1 3 3 1 2 1 2
-2.5298755421741268e-05 2 2 1 1 3 3 1 2 2 1
-2.5298755421741268e-05 2 2 1 1 3 3 2 1 1 2
-1.863988155809196e-07 2 2 1 1 3 3 2 1 2 1
-1.863988155809192e-07 2 2 1 1 3 3 2 2 1 1
-2.56715530529031e-05 2 2 1 1 3 3 2 2 2 2
4.854819301777911e-05 2 2 1 2 0 0 1 1 2 1
-4.285215519386318e-05 2 2 1 2 0 0 1 2 1 1
5.6960378239159305e-06 2 2 1 2 0 0 1 2 2 2
-5.6960378239159305e-06 2 2 1 2 0 0 2 1 1 1
4.285215519386318e-05 2 2 1 2 0 0 2 1 2 2
-4.854819301777911e-05 2 2 1 2 0 0 2 2 1 2
-3.129481574230944e-05 2 2 1 2 0 1 1 1 2 0
8.142722913152174e-05 2 2 1 2 0 1 1 2 1 0
-1.3602400503733267e-05 2 2 1 2 0 1 2 1 1 0
3.653001288547902e-05 2 2 1 2 0 1 2 2 2 0
-3.653001288547902e-05 2 2 1 2 0 2 1 1 1 0
1.3602400503733267e-05 2 2 1 2 0 2 1 2 2 0
-8.142722913152174e-05 2 2 1 2 0 2 2 1 2 0
3.129481574230944e-05 2 2 1 2 0 2 2 2 1 0
0.00020763041066330562 2 2 1 2 0 3 1 1 2 1
-0.00019163137653438277 2 2 1 2 0 3 1 2 1 1
1.599903412892288e-05 2 2 1 2 0 3 1 2 2 2
-1.599903412892288e-05 2 2 1 2 0 3 2 1 1 1
0.00019163137653438277 2 2 1 2 0 3 2 1 2 2
-0.00020763041066330562 2 2 1 2 0 3 2 2 1 2
0.0002723632268309289 2 2 1 2 3 0 1 1 2 1
-0.00025500765384155964 2 2 1 2 3 0 1 2 1 1
1.7355572989369238e-05 2 2 1 2 3 0 1 2 2 2
-1.7355572989369238e-05 2 2 1 2 3 0 2 1 1 1
0.00025500765384155964 2 2 1 2 3 0 2 1 2 2
-0.0002723632268309289 2 2 1 2 3 0 2 2 1 2
-1.0661204450598698e-06 2 2 1 2 3 3 1 1 1 2
-0.2635625761555722 2 2 1 2 3 3 1 1 2 1
0.23459398586569574 2 2 1 2 3 3 1 2 1 1
-0.02896965641032149 2 2 1 2 3 3 1 2 2 2
0.028969656410321495 2 2 1 2 3 3 2 1 1 1
-0.23459398586569571 2 2 1 2 3 3 2 1 2 2
0.2635625761555722 2 2 1 2 3 3 2 2 1 2
1.0661204450598706e-06 2 2 1 2 3 3 2 2 2 1
-2.403235433991902e-05 2 2 1 3 1 0 1 1 3 0
-2.4032354339919026e-05 2 2 1 3 1 0 2 2 3 0
0.003130460731228662 2 2 1 3 1 1 1 2 0 2
0.0004900942941907615 2 2 1 3 1 1 1 2 3 2
-0.00020838766203469647 2 2 1 3 1 1 2 1 0 2
-3.424698777222583e-05 2 2 1 3 1 1 2 1 3 2
-0.002922073069193966 2 2 1 3 1 1 2 2 0 1
-0.00045584730641853557 2 2 1 3 1 1 2 2 3 1
-0.002922073069193966 2 2 1 3 1 2 1 1 0 2
-0.00045584730641853557 2 2 1 3 1 2 1 1 3 2
-0.00020838766203469647 2 2 1 3 1 2 1 2 0 1
-3.424698777222583e-05 2 2 1 3 1 2 1 2 3 1
0.003130460731228662 2 2 1 3 1 2 2 1 0 1
0.0004900942941907615 2 2 1 3 1 2 2 1 3 1
1.5259635130781163e-06 2 2 1 3 1 3 1 1 0 0
7.285905408044608e-05 2 2 1 3 1 3 1 1 3 0
3.0159604047836158e-05 2 2 1 3 1 3 1 1 3 3
1.5259635130781163e-06 2 2 1 3 1 3 2 2 0 0
7.285905408044603e-05 2 2 1 3 1 3 2 2 3 0
3.0159604047836144e-05 2 2 1 3 1 3 2 2 3 3
-0.0002679340775291069 2 2 1 3 2 0 1 2 0 0
-8.417067315848287e-06 2 2 1 3 2 0 1 2 0 3
0.1674642186798021 2 2 1 3 2 0 1 2 3 0
1.4383146453014027e-05 2 2 1 3 2 0 1 2 3 3
0.0002679340775291069 2 2 1 3 2 0 2 1 0 0
8.417067315848287e-06 2 2 1 3 2 0 2 1 0 3
-0.16746421867980207 2 2 1 3 2 0 2 1 3 0
-1.4383146453014027e-05 2 2 1 3 2 0 2 1 3 3
0.09963156037810596 2 2 1 3 2 3 1 2 0 0
-2.109404544759325e-05 2 2 1 3 2 3 1 2 0 3
0.6250232709926093 2 2 1 3 2 3 1 2 3 0
-0.14687263324123837 2 2 1 3 2 3 1 2 3 3
-0.09963156037810597 2 2 1 3 2 3 2 1 0 0
2.109404544759325e-05 2 2 1 3 2 3 2 1 0 3
-0.6250232709926092 2 2 1 3 2 3 2 1 3 0
0.14687263324123837 2 2 1 3 2 3 2 1 3 3
0.00012187588198362808 2 2 2 0 1 0 1 2 0 0
0.0007843814623736664 2 2 2 0 1 0 1 2 3 0
6.769895080252297e-05 2 2 2 0 1 0 1 2 3 3
-0.00012187588198362808 2 2 2 0 1 0 2 1 0 0
-0.0007843814623736664 2 2 2 0 1 0 2 1 3 0
-6.769895080252297e-05 2 2 2 0 1 0 2 1 3 3
0.0001237006705700015 2 2 2 0 1 1 1 1 0 2
-2.6003817241898694e-05 2 2 2 0 1 1 1 2 0 1
-6.246731271046594e-05 2 2 2 0 1 1 2 1 0 1
3.522954061763681e-05 2 2 2 0 1 1 2 2 0 2
-3.522954061763681e-05 2 2 2 0 1 2 1 1 0 1
6.246731271046594e-05 2 2 2 0 1 2 1 2 0 2
2.6003817241898694e-05 2 2 2 0 1 2 2 1 0 2
-0.0001237006705700015 2 2 2 0 1 2 2 2 0 1
-6.608174195322712e-05 2 2 2 0 1 3 1 2 0 3
4.056391901922529e-05 2 2 2 0 1 3 1 2 3 0
-0.0004252957397792162 2 2 2 0 1 3 1 2 3 3
6.608174195322712e-05 2 2 2 0 1 3 2 1 0 3
-4.056391901922529e-05 2 2 2 0 1 3 2 1 3 0
0.0004252957397792162 2 2 2 0 1 3 2 1 3 3
-1.0199246629897513e-05 2 2 2 0 2 1 1 2 0 2
7.906676719102992e-06 2 2 2 0 2 1 2 1 0 2
2.292569910794549e-06 2 2 2 0 2 1 2 2 0 1
2.292569910794549e-06 2 2 2 0 2 2 1 1 0 2
7.906676719102992e-06 2 2 2 0 2 2 1 2 0 1
-1.0199246629897513e-05 2 2 2 0 2 2 2 1 0 1
-7.967815642028837e-06 2 2 2 0 2 3 1 1 3 0
-7.967815642028837e-06 2 2 2 0 2 3 2 2 3 0
-4.285215519386318e-05 2 2 2 1 0 0 1 1 2 1
4.854819301777911e-05 2 2 2 1 0 0 1 2 1 1
5.696037823915929e-06 2 2 2 1 0 0 1 2 2 2
-5.696037823915929e-06 2 2 2 1 0 0 2 1 1 1
-4.854819301777911e-05 2 2 2 1 0 0 2 1 2 2
4.285215519386318e-05 2 2 2 1 0 0 2 2 1 2
8.142722913152174e-05 2 2 2 1 0 1 1 1 2 0
-3.129481574230944e-05 2 2 2 1 0 1 1 2 1 0
-1.3602400503733274e-05 2 2 2 1 0 1 2 1 1 0
3.6530012885479024e-05 2 2 2 1 0 1 2 2 2 0
-3.6530012885479024e-05 2 2 2 1 0 2 1 1 1 0
1.3602400503733274e-05 2 2 2 1 0 2 1 2 2 0
3.129481574230943e-05 2 2 2 1 0 2 2 1 2 0
-8.142722913152174e-05 2 2 2 1 0 2 2 2 1 0
-0.00019163137653438277 2 2 2 1 0 3 1 1 2 1
0.00020763041066330562 2 2 2 1 0 3 1 2 1 1
1.599903412892288e-05 2 2 2 1 0 3 1 2 2 2
-1.599903412892288e-05 2 2 2 1 0 3 2 1 1 1
-0.00020763041066330562 2 2 2 1 0 3 2 1 2 2
0.00019163137653438277 2 2 2 1 0 3 2 2 1 2
-0.00025500765384155964 2 2 2 1 3 0 1 1 2 1
0.0002723632268309289 2 2 2 1 3 0 1 2 1 1
1.7355572989369238e-05 2 2 2 1 3 0 1 2 2 2
-1.7355572989369238e-05 2 2 2 1 3 0 2 1 1 1
-0.0002723632268309289 2 2 2 1 3 0 2 1 2 2
0.00025500765384155964 2 2 2 1 3 0 2 2 1 2
-1.0661204450598706e-06 2 2 2 1 3 3 1 1 1 2
0.23459398586569574 2 2 2 1 3 3 1 1 2 1
-0.2635625761555722 2 2 2 1 3 3 1 2 1 1
-0.028969656410321492 2 2 2 1 3 3 1 2 2 2
0.028969656410321492 2 2 2 1 3 3 2 1 1 1
0.2635625761555722 2 2 2 1 3 3 2 1 2 2
-0.23459398586569571 2 2 2 1 3 3 2 2 1 2
1.0661204450598706e-06 2 2 2 1 3 3 2 2 2 1
-4.1910496879511624e-07 2 2 2 2 0 1 1 2 2 0
2.0955248439755648e-07 2 2 2 2 0 1 2 1 2 0
2.095524843975547e-07 2 2 2 2 0 1 2 2 1 0
2.095524843975547e-07 2 2 2 2 0 2 1 1 2 0
2.0955248439755648e-07 2 2 2 2 0 2 1 2 1 0
-4.1910496879511624e-07 2 2 2 2 0 2 2 1 1 0
-1.0160826342080523e-05 2 2 2 2 3 3 1 1 1 1
3.7056538789347683e-06 2 2 2 2 3 3 1 1 2 2
3.705653878934769e-06 2 2 2 2 3 3 1 2 1 2
-1.7572134099950058e-05 2 2 2 2 3 3 1 2 2 1
-1.7572134099950058e-05 2 2 2 2 3 3 2 1 1 2
3.7056538789347675e-06 2 2 2 2 3 3 2 1 2 1
3.705653878934769e-06 2 2 2 2 3 3 2 2 1 1
-1.0160826342080523e-05 2 2 2 2 3 3 2 2 2 2
0.0007843814623736664 2 2 2 3 1 0 1 2 0 0
6.769895080252299e-05 2 2 2 3 1 0 1 2 0 3
-1.1127961477944435 2 2 2 3 1 0 1 2 3 0
0.00025313962517901293 2 2 2 3 1 0 1 2 3 3
-0.0007843814623736664 2 2 2 3 1 0 2 1 0 0
-6.769895080252299e-05 2 2 2 3 1 0 2 1 0 3
1.1127961477944435 2 2 2 3 1 0 2 1 3 0
-0.00025313962517901293 2 2 2 3 1 0 2 1 3 3
3.6514209542748756e-05 2 2 2 3 1 3 1 2 0 0
-0.0004252957397792162 2 2 2 3 1 3 1 2 0 3
0.0004550278458226824 2 2 2 3 1 3 1 2 3 0
0.6034404490442682 2 2 2 3 1 3 1 2 3 3
-3.6514209542748756e-05 2 2 2 3 1 3 2 1 0 0
0.0004252957397792162 2 2 2 3 1 3 2 1 0 3
-0.0004550278458226824 2 2 2 3 1 3 2 1 3 0
-0.6034404490442682 2 2 2 3 1 3 2 1 3 3
-1.3633043520432241e-05 2 2 2 3 2 0 1 1 3 0
-1.3633043520432238e-05 2 2 2 3 2 0 2 2 3 0
-1.0607349075903723e-05 2 2 2 3 2 3 1 1 0 0
-4.834644465259572e-05 2 2 2 3 2 3 1 1 3 0
2.5050360359539696e-05 2 2 2 3 2 3 1 1 3 3
-1.0607349075903723e-05 2 2 2 3 2 3 2 2 0 0
-4.834644465259572e-05 2 2 2 3 2 3 2 2 3 0
2.5050360359539696e-05 2 2 2 3 2 3 2 2 3 3
-0.0019232276129834745 2 2 3 0 0 0 1 0 3 1
-0.0020146279611951167 2 2 3 0 0 0 1 3 0 1
-0.016117414383643926 2 2 3 0 0 0 1 3 3 1
-0.0019232276129834745 2 2 3 0 0 0 2 0 3 2
-0.0020146279611951167 2 2 3 0 0 0 2 3 0 2
-0.016117414383643926 2 2 3 0 0 0 2 3 3 2
0.003735273245274044 2 2 3 0 0 1 1 0 0 0
0.0005206671846068819 2 2 3 0 0 1 1 0 0 3
0.0005160126506392547 2 2 3 0 0 1 1 0 3 0
0.0006287346955130856 2 2 3 0 0 1 1 3 0 0
0.003735273245274044 2 2 3 0 0 2 2 0 0 0
0.0005206671846068817 2 2 3 0 0 2 2 0 0 3
0.0005160126506392547 2 2 3 0 0 2 2 0 3 0
0.0006287346955130856 2 2 3 0 0 2 2 3 0 0
-0.0018393945959172884 2 2 3 0 0 3 1 0 0 1
-0.012928688679212222 2 2 3 0 0 3 1 0 3 1
-0.013327950466409909 2 2 3 0 0 3 1 3 0 1
5.891299899130517 2 2 3 0 0 3 1 3 3 1
-0.0018393945959172884 2 2 3 0 0 3 2 0 0 2
-0.012928688679212222 2 2 3 0 0 3 2 0 3 2
-0.013327950466409909 2 2 3 0 0 3 2 3 0 2
5.891299899130517 2 2 3 0 0 3 2 3 3 2
-0.00147106833672125 2 2 3 0 3 0 1 0 0 1
-0.01288469841029004 2 2 3 0 3 0 1 0 3 1
-0.013412069290962529 2 2 3 0 3 0 1 3 0 1
5.791175152059199 2 2 3 0 3 0 1 3 3 1
-0.00147106833672125 2 2 3 0 3 0 2 0 0 2
-0.01288469841029004 2 2 3 0 3 0 2 0 3 2
-0.013412069290962529 2 2 3 0 3 0 2 3 0 2
5.791175152059198 2 2 3 0 3 0 2 3 3 2
0.00048446412073508565 2 2 3 0 3 1 1 0 0 0
0.0004844641207350857 2 2 3 0 3 2 2 0 0 0
-0.011304674947461426 2 2 3 0 3 3 1 0 0 1
5.237280733895053 2 2 3 0 3 3 1 0 3 1
5.735437295916321 2 2 3 0 3 3 1 3 0 1
38.96387991425688 2 2 3 0 3 3 1 3 3 1
-0.011304674947461426 2 2 3 0 3 3 2 0 0 2
5.237280733895052 2 2 3 0 3 3 2 0 3 2
5.735437295916321 2 2 3 0 3 3 2 3 0 2
38.96387991425688 2 2 3 0 3 3 2 3 3 2
-2.403235433991902e-05 2 2 3 1 1 0 1 3 1 0
-2.4032354339919012e-05 2 2 3 1 1 0 2 3 2 0
0.0031304607312286612 2 2 3 1 1 1 1 0 2 2
0.0004900942941907614 2 2 3 1 1 1 1 3 2 2
-0.00020838766203469647 2 2 3 1 1 1 2 0 1 2
-0.002922073069193965 2 2 3 1 1 1 2 0 2 1
-3.424698777222582e-05 2 2 3 1 1 1 2 3 1 2
-0.0004558473064185355 2 2 3 1 1 1 2 3 2 1
-0.002922073069193965 2 2 3 1 1 2 1 0 1 2
-0.00020838766203469647 2 2 3 1 1 2 1 0 2 1
-0.0004558473064185355 2 2 3 1 1 2 1 3 1 2
-3.424698777222582e-05 2 2 3 1 1 2 1 3 2 1
0.0031304607312286612 2 2 3 1 1 2 2 0 1 1
0.0004900942941907614 2 2 3 1 1 2 2 3 1 1
1.5259635130781163e-06 2 2 3 1 1 3 1 0 1 0
7.2859054080446e-05 2 2 3 1 1 3 1 3 1 0
3.0159604047836158e-05 2 2 3 1 1 3 1 3 1 3
1.5259635130781163e-06 2 2 3 1 1 3 2 0 2 0
7.285905408044606e-05 2 2 3 1 1 3 2 3 2 0
3.0159604047836144e-05 2 2 3 1 1 3 2 3 2 3
-0.0002679340775291069 2 2 3 1 2 0 1 0 2 0
-8.417067315848287e-06 2 2 3 1 2 0 1 0 2 3
0.1674642186798021 2 2 3 1 2 0 1 3 2 0
1.4383146453014027e-05 2 2 3 1 2 0 1 3 2 3
0.0002679340775291069 2 2 3 1 2 0 2 0 1 0
8.417067315848287e-06 2 2 3 1 2 0 2 0 1 3
-0.16746421867980207 2 2 3 1 2 0 2 3 1 0
-1.4383146453014027e-05 2 2 3 1 2 0 2 3 1 3
0.09963156037810594 2 2 3 1 2 3 1 0 2 0
-2.1094045447593292e-05 2 2 3 1 2 3 1 0 2 3
0.6250232709926093 2 2 3 1 2 3 1 3 2 0
-0.14687263324123837 2 2 3 1 2 3 1 3 2 3
-0.09963156037810596 2 2 3 1 2 3 2 0 1 0
2.1094045447593292e-05 2 2 3 1 2 3 2 0 1 3
-0.6250232709926093 2 2 3 1 2 3 2 3 1 0
0.14687263324123837 2 2 3 1 2 3 2 3 1 3
0.0007843814623736662 2 2 3 2 1 0 1 0 2 0
6.769895080252299e-05 2 2 3 2 1 0 1 0 2 3
-1.1127961477944435 2 2 3 2 1 0 1 3 2 0
0.00025313962517901293 2 2 3 2 1 0 1 3 2 3
-0.0007843814623736662 2 2 3 2 1 0 2 0 1 0
-6.769895080252299e-05 2 2 3 2 1 0 2 0 1 3
1.1127961477944435 2 2 3 2 1 0 2 3 1 0
-0.00025313962517901293 2 2 3 2 1 0 2 3 1 3
3.6514209542748756e-05 2 2 3 2 1 3 1 0 2 0
-0.00042529573977921614 2 2 3 2 1 3 1 0 2 3
0.0004550278458226824 2 2 3 2 1 3 1 3 2 0
0.6034404490442682 2 2 3 2 1 3 1 3 2 3
-3.6514209542748756e-05 2 2 3 2 1 3 2 0 1 0
0.00042529573977921614 2 2 3 2 1 3 2 0 1 3
-0.0004550278458226824 2 2 3 2 1 3 2 3 1 0
-0.6034404490442682 2 2 3 2 1 3 2 3 1 3
-1.3633043520432241e-05 2 2 3 2 2 0 1 3 1 0
-1.3633043520432238e-05 2 2 3 2 2 0 2 3 2 0
-1.0607349075903737e-05 2 2 3 2 2 3 1 0 1 0
-4.834644465259572e-05 2 2 3 2 2 3 1 3 1 0
2.5050360359539696e-05 2 2 3 2 2 3 1 3 1 3
-1.0607349075903737e-05 2 2 3 2 2 3 2 0 2 0
-4.834644465259572e-05 2 2 3 2 2 3 2 3 2 0
2.5050360359539696e-05 2 2 3 2 2 3 2 3 2 3
-0.0018069804691631724 2 2 3 3 0 0 1 0 0 1
-0.01586427475846491 2 2 3 3 0 0 1 0 3 1
-0.015864274758464914 2 2 3 3 0 0 1 3 0 1
7.70399006608423 2 2 3 3 0 0 1 3 3 1
-0.0018069804691631724 2 2 3 3 0 0 2 0 0 2
-0.01586427475846491 2 2 3 3 0 0 2 0 3 2
-0.015864274758464914 2 2 3 3 0 0 2 3 0 2
7.70399006608423 2 2 3 3 0 0 2 3 3 2
0.00048429872992815034 2 2 3 3 0 1 1 0 0 0
0.00048429872992815034 2 2 3 3 0 2 2 0 0 0
-0.013146354008328132 2 2 3 3 0 3 1 0 0 1
6.494770507778833 2 2 3 3 0 3 1 0 3 1
6.494770507778833 2 2 3 3 0 3 1 3 0 1
43.54716550167345 2 2 3 3 0 3 1 3 3 1
-0.013146354008328132 2 2 3 3 0 3 2 0 0 2
6.494770507778833 2 2 3 3 0 3 2 0 3 2
6.494770507778833 2 2 3 3 0 3 2 3 0 2
43.54716550167345 2 2 3 3 0 3 2 3 3 2
-0.011827953721085444 2 2 3 3 3 0 1 0 0 1
4.678354971910414 2 2 3 3 3 0 1 0 3 1
4.678354971910414 2 2 3 3 3 0 1 3 0 1
57.136653008086626 2 2 3 3 3 0 1 3 3 1
-0.011827953721085444 2 2 3 3 3 0 2 0 0 2
4.678354971910414 2 2 3 3 3 0 2 0 3 2
4.678354971910415 2 2 3 3 3 0 2 3 0 2
57.136653008086626 2 2 3 3 3 0 2 3 3 2
4.973734576068963 2 2 3 3 3 3 1 0 0 1
38.96440780115678 2 2 3 3 3 3 1 0 3 1
38.96440780115678 2 2 3 3 3 3 1 3 0 1
-27650.437956518606 2 2 3 3 3 3 1 3 3 1
4.973734576068963 2 2 3 3 3 3 2 0 0 2
38.96440780115678 2 2 3 3 3 3 2 0 3 2
38.96440780115678 2 2 3 3 3 3 2 3 0 2
-27650.437956518606 2 2 3 3 3 3 2 3 3 2
-60.35902653369826 2 3 0 0 1 1 0 0 0 2
-8.011681704703918 2 3 0 0 1 1 0 0 3 2
-8.011681704703916 2 3 0 0 1 1 0 3 0 2
0.017161182737034306 2 3 0 0 1 1 0 3 3 2
-14.167288267283768 2 3 0 0 1 1 3 0 0 2
0.021895810778822355 2 3 0 0 1 1 3 0 3 2
0.021895810778822355 2 3 0 0 1 1 3 3 0 2
0.002842005675363834 2 3 0 0 1 1 3 3 3 2
60.35902653369826 2 3 0 0 1 2 0 0 0 1
8.011681704703916 2 3 0 0 1 2 0 0 3 1
8.011681704703916 2 3 0 0 1 2 0 3 0 1
-0.017161182737034306 2 3 0 0 1 2 0 3 3 1
14.167288267283768 2 3 0 0 1 2 3 0 0 1
-0.021895810778822355 2 3 0 0 1 2 3 0 3 1
-0.021895810778822355 2 3 0 0 1 2 3 3 0 1
-0.002842005675363834 2 3 0 0 1 2 3 3 3 1
-0.002062899393682847 2 3 0 0 2 0 0 0 3 0
-0.0020628993936828467 2 3 0 0 2 0 0 3 0 0
-0.015958325411774534 2 3 0 0 2 0 0 3 3 0
-0.0017130739962364506 2 3 0 0 2 0 0 3 3 3
-0.0023966198040765276 2 3 0 0 2 0 3 0 0 0
-0.0186758646396315 2 3 0 0 2 0 3 0 3 0
-0.0023654103433221707 2 3 0 0 2 0 3 0 3 3
-0.0186758646396315 2 3 0 0 2 0 3 3 0 0
-0.0023654103433221707 2 3 0 0 2 0 3 3 0 3
4.199999916593688 2 3 0 0 2 0 3 3 3 0
-0.018410490216703126 2 3 0 0 2 0 3 3 3 3
0.003644330618207864 2 3 0 0 2 1 0 0 0 1
0.0004245554990695942 2 3 0 0 2 1 0 0 3 1
0.0004245554990695942 2 3 0 0 2 1 0 3 0 1
0.0008591248516344635 2 3 0 0 2 1 3 0 0 1
0.003644330618207866 2 3 0 0 2 2 0 0 0 2
0.0004245554990695942 2 3 0 0 2 2 0 0 3 2
0.0004245554990695942 2 3 0 0 2 2 0 3 0 2
0.0008591248516344641 2 3 0 0 2 2 3 0 0 2
-0.0023952237404347267 2 3 0 0 2 3 0 0 0 0
-0.017034487348280877 2 3 0 0 2 3 0 0 3 0
-0.002429192525458671 2 3 0 0 2 3 0 0 3 3
-0.017034487348280877 2 3 0 0 2 3 0 3 0 0
-0.0024291925254586715 2 3 0 0 2 3 0 3 0 3
4.039842743551845 2 3 0 0 2 3 0 3 3 0
-0.017100954453058988 2 3 0 0 2 3 0 3 3 3
-0.019400685199989675 2 3 0 0 2 3 3 0 0 0
-0.002958394964225318 2 3 0 0 2 3 3 0 0 3
5.082133232208944 2 3 0 0 2 3 3 0 3 0
-0.020712358790202237 2 3 0 0 2 3 3 0 3 3
5.0821332322089425 2 3 0 0 2 3 3 3 0 0
-0.020712358790202237 2 3 0 0 2 3 3 3 0 3
34.529502702551596 2 3 0 0 2 3 3 3 3 0
5.714692328114466 2 3 0 0 2 3 3 3 3 3
-57.65520031256042 2 3 0 1 0 1 0 0 2 0
-8.65589238288866 2 3 0 1 0 1 0 0 2 3
-7.684403528277772 2 3 0 1 0 1 0 3 2 0
0.016567793450116993 2 3 0 1 0 1 0 3 2 3
-8.899754716138325 2 3 0 1 0 1 3 0 2 0
0.01535804692931743 2 3 0 1 0 1 3 0 2 3
0.017067018166267614 2 3 0 1 0 1 3 3 2 0
0.002055316176624219 2 3 0 1 0 1 3 3 2 3
57.65520031256041 2 3 0 1 0 2 0 0 1 0
8.65589238288866 2 3 0 1 0 2 0 0 1 3
7.684403528277772 2 3 0 1 0 2 0 3 1 0
-0.016567793450116993 2 3 0 1 0 2 0 3 1 3
8.899754716138325 2 3 0 1 0 2 3 0 1 0
-0.01535804692931743 2 3 0 1 0 2 3 0 1 3
-0.017067018166267614 2 3 0 1 0 2 3 3 1 0
-0.002055316176624219 2 3 0 1 0 2 3 3 1 3
3.19489003685522e-05 2 3 0 1 0 3 3 3 1 2
-3.19489003685522e-05 2 3 0 1 0 3 3 3 2 1
2.6526062112425788e-05 2 3 0 1 3 0 3 3 1 2
-2.6526062112425788e-05 2 3 0 1 3 0 3 3 2 1
-4.510077812515928 2 3 0 1 3 1 0 0 2 0
0.015368725315537317 2 3 0 1 3 1 0 0 2 3
0.013932710393058071 2 3 0 1 3 1 0 3 2 0
0.0021572812103378947 2 3 0 1 3 1 0 3 2 3
0.01535804692931743 2 3 0 1 3 1 3 0 2 0
0.0026905761727675915 2 3 0 1 3 1 3 0 2 3
0.0021189667698583233 2 3 0 1 3 1 3 3 2 0
4.510077812515928 2 3 0 1 3 2 0 0 1 0
-0.015368725315537317 2 3 0 1 3 2 0 0 1 3
-0.013932710393058071 2 3 0 1 3 2 0 3 1 0
-0.0021572812103378947 2 3 0 1 3 2 0 3 1 3
-0.01535804692931743 2 3 0 1 3 2 3 0 1 0
-0.0026905761727675915 2 3 0 1 3 2 3 0 1 3
-0.0021189667698583233 2 3 0 1 3 2 3 3 1 0
1.914937009453665e-05 2 3 0 1 3 3 0 3 1 2
-1.9149370094536647e-05 2 3 0 1 3 3 0 3 2 1
1.48477644661897e-05 2 3 0 1 3 3 3 0 1 2
-1.48477644661897e-05 2 3 0 1 3 3 3 0 2 1
8.500160949897074e-05 2 3 0 1 3 3 3 3 1 2
-8.500160949897074e-05 2 3 0 1 3 3 3 3 2 1
-3.726187412474185e-05 2 3 0 2 0 0 0 3 1 1
-3.726187412474185e-05 2 3 0 2 0 0 0 3 2 2
4.1969001953056577e-05 2 3 0 2 0 0 3 0 1 1
4.1969001953056577e-05 2 3 0 2 0 0 3 0 2 2
0.00047163502808765073 2 3 0 2 0 0 3 3 1 1
0.00047163502808765073 2 3 0 2 0 0 3 3 2 2
0.0011693661795182022 2 3 0 2 0 1 0 0 1 0
0.00016383204876919307 2 3 0 2 0 1 0 0 1 3
0.00015903453134285408 2 3 0 2 0 1 0 3 1 0
0.0002537349743780817 2 3 0 2 0 1 3 0 1 0
0.0011693661795182013 2 3 0 2 0 2 0 0 2 0
0.00016383204876919307 2 3 0 2 0 2 0 0 2 3
0.00015903453134285408 2 3 0 2 0 2 0 3 2 0
0.0002537349743780817 2 3 0 2 0 2 3 0 2 0
0.0001647834675135399 2 3 0 2 0 3 0 0 1 1
0.0001647834675135399 2 3 0 2 0 3 0 0 2 2
0.0011476436550943148 2 3 0 2 0 3 0 3 1 1
0.0011476436550943148 2 3 0 2 0 3 0 3 2 2
0.001112385973515689 2 3 0 2 0 3 3 0 1 1
0.001112385973515689 2 3 0 2 0 3 3 0 2 2
-0.51176192616401 2 3 0 2 0 3 3 3 1 1
-0.5117619261640098 2 3 0 2 0 3 3 3 2 2
-3.3478878914450836e-05 2 3 0 2 3 0 0 0 1 1
-3.3478878914450836e-05 2 3 0 2 3 0 0 0 2 2
3.881787224497158e-05 2 3 0 2 3 0 0 3 1 1
3.881787224497158e-05 2 3 0 2 3 0 0 3 2 2
0.0007447589946225706 2 3 0 2 3 0 3 0 1 1
0.0007447589946225706 2 3 0 2 3 0 3 0 2 2
-0.2275926259536863 2 3 0 2 3 0 3 3 1 1
-0.2275926259536863 2 3 0 2 3 0 3 3 2 2
0.00010927141277783048 2 3 0 2 3 1 0 0 1 0
0.00010927141277783048 2 3 0 2 3 2 0 0 2 0
0.0013420792871317643 2 3 0 2 3 3 0 0 1 1
0.0013420792871317643 2 3 0 2 3 3 0 0 2 2
-0.6084859621846174 2 3 0 2 3 3 0 3 1 1
-0.6084859621846174 2 3 0 2 3 3 0 3 2 2
-0.697866880272914 2 3 0 2 3 3 3 0 1 1
-0.697866880272914 2 3 0 2 3 3 3 0 2 2
-4.5110988319811 2 3 0 2 3 3 3 3 1 1
-4.5110988319811 2 3 0 2 3 3 3 3 2 2
-7.723498168304387 2 3 0 3 1 1 0 0 0 2
0.01812274962873918 2 3 0 3 1 1 0 0 3 2
0.017247116588867788 2 3 0 3 1 1 0 3 0 2
0.0024008050815396364 2 3 0 3 1 1 0 3 3 2
0.02189581077882236 2 3 0 3 1 1 3 0 0 2
0.003114621651090855 2 3 0 3 1 1 3 0 3 2
0.0029116608028614726 2 3 0 3 1 1 3 3 0 2
7.723498168304386 2 3 0 3 1 2 0 0 0 1
-0.01812274962873918 2 3 0 3 1 2 0 0 3 1
-0.017247116588867788 2 3 0 3 1 2 0 3 0 1
-0.0024008050815396364 2 3 0 3 1 2 0 3 3 1
-0.02189581077882236 2 3 0 3 1 2 3 0 0 1
-0.003114621651090855 2 3 0 3 1 2 3 0 3 1
-0.0029116608028614726 2 3 0 3 1 2 3 3 0 1
-0.0021157183071516235 2 3 0 3 2 0 0 0 0 0
-0.017243424749952604 2 3 0 3 2 0 0 0 3 0
-0.001774448881958439 2 3 0 3 2 0 0 0 3 3
-0.016768439077886492 2 3 0 3 2 0 0 3 0 0
-0.0017520096562676796 2 3 0 3 2 0 0 3 0 3
3.646524634794061 2 3 0 3 2 0 0 3 3 0
-0.014384280717401917 2 3 0 3 2 0 0 3 3 3
-0.019420623634254067 2 3 0 3 2 0 3 0 0 0
-0.0024073793452752267 2 3 0 3 2 0 3 0 0 3
4.958064716118512 2 3 0 3 2 0 3 0 3 0
-0.019806721964061184 2 3 0 3 2 0 3 0 3 3
4.604402077453062 2 3 0 3 2 0 3 3 0 0
-0.019190324151214244 2 3 0 3 2 0 3 3 0 3
38.12828228118191 2 3 0 3 2 0 3 3 3 0
4.631079637628355 2 3 0 3 2 0 3 3 3 3
0.00040139744042812697 2 3 0 3 2 1 0 0 0 1
0.00040139744042812697 2 3 0 3 2 2 0 0 0 2
-0.01818742716494225 2 3 0 3 2 3 0 0 0 0
-0.0025270880374569796 2 3 0 3 2 3 0 0 0 3
4.748574299574442 2 3 0 3 2 3 0 0 3 0
-0.018420067829837832 2 3 0 3 2 3 0 0 3 3
4.634595907511554 2 3 0 3 2 3 0 3 0 0
-0.018018827514649557 2 3 0 3 2 3 0 3 0 3
32.795944030620085 2 3 0 3 2 3 0 3 3 0
4.880018296995495 2 3 0 3 2 3 0 3 3 3
5.779985264717392 2 3 0 3 2 3 3 0 0 0
-0.021824744763717926 2 3 0 3 2 3 3 0 0 3
41.01410064071065 2 3 0 3 2 3 3 0 3 0
6.749467169107463 2 3 0 3 2 3 3 0 3 3
39.698402159306276 2 3 0 3 2 3 3 3 0 0
6.400777288810177 2 3 0 3 2 3 3 3 0 3
-7742.48211485885 2 3 0 3 2 3 3 3 3 0
44.85481701388033 2 3 0 3 2 3 3 3 3 3
-57.65520031256042 2 3 1 0 0 1 0 2 0 0
-8.65589238288866 2 3 1 0 0 1 0 2 0 3
-7.684403528277772 2 3 1 0 0 1 0 2 3 0
0.016567793450116997 2 3 1 0 0 1 0 2 3 3
-8.899754716138325 2 3 1 0 0 1 3 2 0 0
0.01535804692931743 2 3 1 0 0 1 3 2 0 3
0.017067018166267618 2 3 1 0 0 1 3 2 3 0
0.002055316176624219 2 3 1 0 0 1 3 2 3 3
57.65520031256041 2 3 1 0 0 2 0 1 0 0
8.65589238288866 2 3 1 0 0 2 0 1 0 3
7.684403528277772 2 3 1 0 0 2 0 1 3 0
-0.016567793450116997 2 3 1 0 0 2 0 1 3 3
8.899754716138325 2 3 1 0 0 2 3 1 0 0
-0.01535804692931743 2 3 1 0 0 2 3 1 0 3
-0.017067018166267618 2 3 1 0 0 2 3 1 3 0
-0.002055316176624219 2 3 1 0 0 2 3 1 3 3
3.19489003685522e-05 2 3 1 0 0 3 3 1 3 2
-3.19489003685522e-05 2 3 1 0 0 3 3 2 3 1
2.6526062112425788e-05 2 3 1 0 3 0 3 1 3 2
-2.6526062112425788e-05 2 3 1 0 3 0 3 2 3 1
-4.510077812515928 2 3 1 0 3 1 0 2 0 0
0.015368725315537317 2 3 1 0 3 1 0 2 0 3
0.013932710393058071 2 3 1 0 3 1 0 2 3 0
0.0021572812103378947 2 3 1 0 3 1 0 2 3 3
0.01535804692931743 2 3 1 0 3 1 3 2 0 0
0.0026905761727675915 2 3 1 0 3 1 3 2 0 3
0.0021189667698583233 2 3 1 0 3 1 3 2 3 0
4.510077812515928 2 3 1 0 3 2 0 1 0 0
-0.015368725315537317 2 3 1 0 3 2 0 1 0 3
-0.013932710393058071 2 3 1 0 3 2 0 1 3 0
-0.0021572812103378947 2 3 1 0 3 2 0 1 3 3
-0.01535804692931743 2 3 1 0 3 2 3 1 0 0
-0.0026905761727675915 2 3 1 0 3 2 3 1 0 3
-0.0021189667698583233 2 3 1 0 3 2 3 1 3 0
1.9149370094536644e-05 2 3 1 0 3 3 0 1 3 2
-1.9149370094536637e-05 2 3 1 0 3 3 0 2 3 1
1.4847764466189728e-05 2 3 1 0 3 3 3 1 0 2
8.500160949897085e-05 2 3 1 0 3 3 3 1 3 2
-1.4847764466189741e-05 2 3 1 0 3 3 3 2 0 1
-8.500160949897085e-05 2 3 1 0 3 3 3 2 3 1
-1.1520204316530283e-05 2 3 1 1 2 0 3 1 1 0
-1.1520204316530283e-05 2 3 1 1 2 0 3 2 2 0
-0.0002869900121350421 2 3 1 1 2 1 0 1 2 2
-0.0002869900121350421 2 3 1 1 2 1 0 2 1 2
0.0005739800242700842 2 3 1 1 2 1 0 2 2 1
-6.365059323410458e-05 2 3 1 1 2 1 3 1 2 2
-6.365059323410458e-05 2 3 1 1 2 1 3 2 1 2
0.00012730118646820922 2 3 1 1 2 1 3 2 2 1
0.0005739800242700842 2 3 1 1 2 2 0 1 1 2
-0.0002869900121350421 2 3 1 1 2 2 0 1 2 1
-0.0002869900121350421 2 3 1 1 2 2 0 2 1 1
0.00012730118646820922 2 3 1 1 2 2 3 1 1 2
-6.365059323410458e-05 2 3 1 1 2 2 3 1 2 1
-6.365059323410458e-05 2 3 1 1 2 2 3 2 1 1
-5.765056590665011e-06 2 3 1 1 2 3 0 1 1 0
-5.765056590665011e-06 2 3 1 1 2 3 0 2 2 0
-3.4064725164852596e-05 2 3 1 1 2 3 3 1 1 0
-9.068230797357676e-06 2 3 1 1 2 3 3 1 1 3
-3.406472516485258e-05 2 3 1 1 2 3 3 2 2 0
-9.068230797357676e-06 2 3 1 1 2 3 3 2 2 3
6.778569238369214e-06 2 3 1 2 1 0 3 1 1 0
6.778569238369214e-06 2 3 1 2 1 0 3 2 2 0
-0.0002943215138681757 2 3 1 2 1 1 0 1 2 2
0.0005813115260032179 2 3 1 2 1 1 0 2 1 2
-0.0002869900121350421 2 3 1 2 1 1 0 2 2 1
-6.965512749763925e-05 2 3 1 2 1 1 3 1 2 2
0.00013330572073174383 2 3 1 2 1 1 3 2 1 2
-6.36505932341046e-05 2 3 1 2 1 1 3 2 2 1
-0.0002869900121350421 2 3 1 2 1 2 0 1 1 2
0.0005813115260032179 2 3 1 2 1 2 0 1 2 1
-0.0002943215138681757 2 3 1 2 1 2 0 2 1 1
-6.36505932341046e-05 2 3 1 2 1 2 3 1 1 2
0.00013330572073174383 2 3 1 2 1 2 3 1 2 1
-6.965512749763925e-05 2 3 1 2 1 2 3 2 1 1
8.84385178848126e-07 2 3 1 2 1 3 0 1 1 0
8.843851788481256e-07 2 3 1 2 1 3 0 2 2 0
-2.320955727080882e-06 2 3 1 2 1 3 3 1 1 0
-9.750526263207664e-07 2 3 1 2 1 3 3 1 1 3
-2.3209557270808784e-06 2 3 1 2 1 3 3 2 2 0
-9.750526263207638e-07 2 3 1 2 1 3 3 2 2 3
0.00023749283603305622 2 3 1 2 2 0 0 1 2 0
1.1219612845379898e-05 2 3 1 2 2 0 0 1 2 3
-0.00023749283603305622 2 3 1 2 2 0 0 2 1 0
-1.1219612845379898e-05 2 3 1 2 2 0 0 2 1 3
-0.1768313193327249 2 3 1 2 2 0 3 1 2 0
0.0003081989064234701 2 3 1 2 2 0 3 1 2 3
0.1768313193327249 2 3 1 2 2 0 3 2 1 0
-0.0003081989064234701 2 3 1 2 2 0 3 2 1 3
-0.05698919603144337 2 3 1 2 2 3 0 1 2 0
0.0002006201575941398 2 3 1 2 2 3 0 1 2 3
0.05698919603144337 2 3 1 2 2 3 0 2 1 0
-0.0002006201575941398 2 3 1 2 2 3 0 2 1 3
-0.6578492407021864 2 3 1 2 2 3 3 1 2 0
-0.1743449401486444 2 3 1 2 2 3 3 1 2 3
0.6578492407021864 2 3 1 2 2 3 3 2 1 0
0.17434494014864438 2 3 1 2 2 3 3 2 1 3
5.0355193716619854e-05 2 3 1 3 0 0 3 1 3 2
-5.035519371661985e-05 2 3 1 3 0 0 3 2 3 1
-7.318411196872918 2 3 1 3 0 1 0 2 0 0
0.01661337245044437 2 3 1 3 0 1 0 2 0 3
0.016954599251378433 2 3 1 3 0 1 0 2 3 0
0.002387634391390799 2 3 1 3 0 1 0 2 3 3
0.01706701816626762 2 3 1 3 0 1 3 2 0 0
0.0021189667698583233 2 3 1 3 0 1 3 2 0 3
0.002393165209439395 2 3 1 3 0 1 3 2 3 0
7.318411196872918 2 3 1 3 0 2 0 1 0 0
-0.01661337245044437 2 3 1 3 0 2 0 1 0 3
-0.016954599251378433 2 3 1 3 0 2 0 1 3 0
-0.002387634391390799 2 3 1 3 0 2 0 1 3 3
-0.01706701816626762 2 3 1 3 0 2 3 1 0 0
-0.0021189667698583233 2 3 1 3 0 2 3 1 0 3
-0.0023931652094393947 2 3 1 3 0 2 3 1 3 0
2.993692445206961e-05 2 3 1 3 0 3 0 1 3 2
-2.9936924452069623e-05 2 3 1 3 0 3 0 2 3 1
3.2923952994873e-05 2 3 1 3 0 3 3 1 0 2
0.0001480249407363956 2 3 1 3 0 3 3 1 3 2
-3.2923952994873e-05 2 3 1 3 0 3 3 2 0 1
-0.0001480249407363956 2 3 1 3 0 3 3 2 3 1
3.889127200801889e-05 2 3 1 3 3 0 0 1 3 2
-3.889127200801889e-05 2 3 1 3 3 0 0 2 3 1
1.9747492874056576e-05 2 3 1 3 3 0 3 1 0 2
0.0001890696280505567 2 3 1 3 3 0 3 1 3 2
-1.9747492874056576e-05 2 3 1 3 3 0 3 2 0 1
-0.0001890696280505567 2 3 1 3 3 0 3 2 3 1
0.013404309369115363 2 3 1 3 3 1 0 2 0 0
0.0020950845802912453 2 3 1 3 3 1 0 2 0 3
0.0019317870849722633 2 3 1 3 3 1 0 2 3 0
0.0020553161766242185 2 3 1 3 3 1 3 2 0 0
-0.013404309369115363 2 3 1 3 3 2 0 1 0 0
-0.0020950845802912453 2 3 1 3 3 2 0 1 0 3
-0.0019317870849722633 2 3 1 3 3 2 0 1 3 0
-0.0020553161766242185 2 3 1 3 3 2 3 1 0 0
1.3335553809733018e-05 2 3 1 3 3 3 0 1 0 2
2.3492603211911205e-05 2 3 1 3 3 3 0 1 3 2
-1.3335553809733018e-05 2 3 1 3 3 3 0 2 0 1
-2.3492603211911205e-05 2 3 1 3 3 3 0 2 3 1
8.732256522605148e-05 2 3 1 3 3 3 3 1 0 2
-0.172541102668678 2 3 1 3 3 3 3 1 3 2
-8.732256522605154e-05 2 3 1 3 3 3 3 2 0 1
0.172541102668678 2 3 1 3 3 3 3 2 3 1
-3.726187412474185e-05 2 3 2 0 0 0 0 1 3 1
-3.726187412474185e-05 2 3 2 0 0 0 0 2 3 2
4.1969001953056604e-05 2 3 2 0 0 0 3 1 0 1
0.0004716350280876508 2 3 2 0 0 0 3 1 3 1
4.1969001953056604e-05 2 3 2 0 0 0 3 2 0 2
0.0004716350280876508 2 3 2 0 0 0 3 2 3 2
0.0011693661795182022 2 3 2 0 0 1 0 1 0 0
0.00016383204876919307 2 3 2 0 0 1 0 1 0 3
0.0001590345313428542 2 3 2 0 0 1 0 1 3 0
0.00025373497437808194 2 3 2 0 0 1 3 1 0 0
0.0011693661795182022 2 3 2 0 0 2 0 2 0 0
0.00016383204876919307 2 3 2 0 0 2 0 2 0 3
0.0001590345313428542 2 3 2 0 0 2 0 2 3 0
0.00025373497437808194 2 3 2 0 0 2 3 2 0 0
0.00016478346751353992 2 3 2 0 0 3 0 1 0 1
0.0011476436550943146 2 3 2 0 0 3 0 1 3 1
0.00016478346751353992 2 3 2 0 0 3 0 2 0 2
0.0011476436550943146 2 3 2 0 0 3 0 2 3 2
0.001112385973515689 2 3 2 0 0 3 3 1 0 1
-0.5117619261640098 2 3 2 0 0 3 3 1 3 1
0.001112385973515689 2 3 2 0 0 3 3 2 0 2
-0.5117619261640098 2 3 2 0 0 3 3 2 3 2
-3.347887891445086e-05 2 3 2 0 3 0 0 1 0 1
3.881787224497153e-05 2 3 2 0 3 0 0 1 3 1
-3.347887891445086e-05 2 3 2 0 3 0 0 2 0 2
3.881787224497153e-05 2 3 2 0 3 0 0 2 3 2
0.0007447589946225706 2 3 2 0 3 0 3 1 0 1
-0.2275926259536863 2 3 2 0 3 0 3 1 3 1
0.0007447589946225706 2 3 2 0 3 0 3 2 0 2
-0.2275926259536863 2 3 2 0 3 0 3 2 3 2
0.00010927141277783048 2 3 2 0 3 1 0 1 0 0
0.00010927141277783048 2 3 2 0 3 2 0 2 0 0
0.0013420792871317645 2 3 2 0 3 3 0 1 0 1
-0.6084859621846174 2 3 2 0 3 3 0 1 3 1
0.0013420792871317645 2 3 2 0 3 3 0 2 0 2
-0.6084859621846174 2 3 2 0 3 3 0 2 3 2
-0.6978668802729139 2 3 2 0 3 3 3 1 0 1
-4.5110988319811 2 3 2 0 3 3 3 1 3 1
-0.6978668802729138 2 3 2 0 3 3 3 2 0 2
-4.5110988319811 2 3 2 0 3 3 3 2 3 2
6.778569238369214e-06 2 3 2 1 1 0 3 1 1 0
6.778569238369215e-06 2 3 2 1 1 0 3 2 2 0
0.0005813115260032179 2 3 2 1 1 1 0 1 2 2
-0.0002943215138681757 2 3 2 1 1 1 0 2 1 2
-0.0002869900121350421 2 3 2 1 1 1 0 2 2 1
0.00013330572073174383 2 3 2 1 1 1 3 1 2 2
-6.965512749763925e-05 2 3 2 1 1 1 3 2 1 2
-6.36505932341046e-05 2 3 2 1 1 1 3 2 2 1
-0.0002869900121350421 2 3 2 1 1 2 0 1 1 2
-0.0002943215138681757 2 3 2 1 1 2 0 1 2 1
0.0005813115260032179 2 3 2 1 1 2 0 2 1 1
-6.36505932341046e-05 2 3 2 1 1 2 3 1 1 2
-6.965512749763925e-05 2 3 2 1 1 2 3 1 2 1
0.00013330572073174383 2 3 2 1 1 2 3 2 1 1
8.843851788481256e-07 2 3 2 1 1 3 0 1 1 0
8.84385178848126e-07 2 3 2 1 1 3 0 2 2 0
-2.320955727080875e-06 2 3 2 1 1 3 3 1 1 0
-9.75052626320768e-07 2 3 2 1 1 3 3 1 1 3
-2.320955727080882e-06 2 3 2 1 1 3 3 2 2 0
-9.750526263207698e-07 2 3 2 1 1 3 3 2 2 3
-0.00023749283603305622 2 3 2 1 2 0 0 1 2 0
-1.1219612845379898e-05 2 3 2 1 2 0 0 1 2 3
0.00023749283603305622 2 3 2 1 2 0 0 2 1 0
1.1219612845379898e-05 2 3 2 1 2 0 0 2 1 3
0.1768313193327249 2 3 2 1 2 0 3 1 2 0
-0.0003081989064234701 2 3 2 1 2 0 3 1 2 3
-0.1768313193327249 2 3 2 1 2 0 3 2 1 0
0.0003081989064234701 2 3 2 1 2 0 3 2 1 3
0.05698919603144337 2 3 2 1 2 3 0 1 2 0
-0.0002006201575941398 2 3 2 1 2 3 0 1 2 3
-0.056989196031443354 2 3 2 1 2 3 0 2 1 0
0.0002006201575941398 2 3 2 1 2 3 0 2 1 3
0.6578492407021864 2 3 2 1 2 3 3 1 2 0
0.17434494014864438 2 3 2 1 2 3 3 1 2 3
-0.6578492407021863 2 3 2 1 2 3 3 2 1 0
-0.17434494014864438 2 3 2 1 2 3 3 2 1 3
2.0369341602081424e-06 2 3 2 2 2 0 3 1 1 0
2.0369341602081407e-06 2 3 2 2 2 0 3 2 2 0
-3.996286232968761e-06 2 3 2 2 2 3 0 1 1 0
-3.996286232968761e-06 2 3 2 2 2 3 0 2 2 0
-3.870663661901436e-05 2 3 2 2 2 3 3 1 1 0
-1.101833604999921e-05 2 3 2 2 2 3 3 1 1 3
-3.870663661901436e-05 2 3 2 2 2 3 3 2 2 0
-1.1018336049999204e-05 2 3 2 2 2 3 3 2 2 3
-4.295791194865779e-05 2 3 2 3 0 0 0 1 0 1
-5.253393527757675e-05 2 3 2 3 0 0 0 1 3 1
-4.295791194865779e-05 2 3 2 3 0 0 0 2 0 2
-5.253393527757675e-05 2 3 2 3 0 0 0 2 3 2
0.00047163502808765057 2 3 2 3 0 0 3 1 0 1
-0.15422129363410497 2 3 2 3 0 0 3 1 3 1
0.00047163502808765057 2 3 2 3 0 0 3 2 0 2
-0.15422129363410494 2 3 2 3 0 0 3 2 3 2
0.0001456416833235185 2 3 2 3 0 1 0 1 0 0
0.0001456416833235185 2 3 2 3 0 2 0 2 0 0
0.0011316446209653917 2 3 2 3 0 3 0 1 0 1
-0.625882419901742 2 3 2 3 0 3 0 1 3 1
0.0011316446209653917 2 3 2 3 0 3 0 2 0 2
-0.625882419901742 2 3 2 3 0 3 0 2 3 2
-0.5117629012166366 2 3 2 3 0 3 3 1 0 1
-3.535342687368252 2 3 2 3 0 3 3 1 3 1
-0.5117629012166365 2 3 2 3 0 3 3 2 0 2
-3.5353426873682525 2 3 2 3 0 3 3 2 3 2
2.1462299255602156e-05 2 3 2 3 3 0 0 1 0 1
0.7005736966021884 2 3 2 3 3 0 0 1 3 1
2.1462299255602156e-05 2 3 2 3 3 0 0 2 0 2
0.7005736966021884 2 3 2 3 3 0 0 2 3 2
-0.22758584738444784 2 3 2 3 3 0 3 1 0 1
-3.836284533550613 2 3 2 3 3 0 3 1 3 1
-0.22758584738444787 2 3 2 3 3 0 3 2 0 2
-3.8362845335506135 2 3 2 3 3 0 3 2 3 2
-0.5795076660257616 2 3 2 3 3 3 0 1 0 1
-4.565330853902728 2 3 2 3 3 3 0 1 3 1
-0.5795076660257616 2 3 2 3 3 3 0 2 0 2
-4.565330853902728 2 3 2 3 3 3 0 2 3 2
-4.511101152936826 2 3 2 3 3 3 3 1 0 1
3201.218873939145 2 3 2 3 3 3 3 1 3 1
-4.511101152936826 2 3 2 3 3 3 3 2 0 2
3201.2188739391454 2 3 2 3 3 3 3 2 3 2
-7.7234981683043875 2 3 3 0 1 1 0 0 0 2
0.017247116588867788 2 3 3 0 1 1 0 0 3 2
0.018122749628739176 2 3 3 0 1 1 0 3 0 2
0.002400805081539636 2 3 3 0 1 1 0 3 3 2
0.021895810778822352 2 3 3 0 1 1 3 0 0 2
0.0029116608028614726 2 3 3 0 1 1 3 0 3 2
0.003114621651090855 2 3 3 0 1 1 3 3 0 2
7.723498168304387 2 3 3 0 1 2 0 0 0 1
-0.017247116588867788 2 3 3 0 1 2 0 0 3 1
-0.018122749628739176 2 3 3 0 1 2 0 3 0 1
-0.002400805081539636 2 3 3 0 1 2 0 3 3 1
-0.021895810778822352 2 3 3 0 1 2 3 0 0 1
-0.0029116608028614726 2 3 3 0 1 2 3 0 3 1
-0.003114621651090855 2 3 3 0 1 2 3 3 0 1
-0.0021157183071516235 2 3 3 0 2 0 0 0 0 0
-0.016768439077886495 2 3 3 0 2 0 0 0 3 0
-0.0017520096562676792 2 3 3 0 2 0 0 0 3 3
-0.017243424749952607 2 3 3 0 2 0 0 3 0 0
-0.001774448881958439 2 3 3 0 2 0 0 3 0 3
3.6465246347940616 2 3 3 0 2 0 0 3 3 0
-0.014384280717401917 2 3 3 0 2 0 0 3 3 3
-0.01942062363425407 2 3 3 0 2 0 3 0 0 0
-0.0024073793452752267 2 3 3 0 2 0 3 0 0 3
4.604402077453062 2 3 3 0 2 0 3 0 3 0
-0.019190324151214244 2 3 3 0 2 0 3 0 3 3
4.958064716118513 2 3 3 0 2 0 3 3 0 0
-0.019806721964061188 2 3 3 0 2 0 3 3 0 3
38.12828228118192 2 3 3 0 2 0 3 3 3 0
4.631079637628355 2 3 3 0 2 0 3 3 3 3
0.00040139744042812697 2 3 3 0 2 1 0 0 0 1
0.00040139744042812697 2 3 3 0 2 2 0 0 0 2
-0.018187427164942246 2 3 3 0 2 3 0 0 0 0
-0.0025270880374569796 2 3 3 0 2 3 0 0 0 3
4.634595907511552 2 3 3 0 2 3 0 0 3 0
-0.018018827514649557 2 3 3 0 2 3 0 0 3 3
4.748574299574441 2 3 3 0 2 3 0 3 0 0
-0.018420067829837832 2 3 3 0 2 3 0 3 0 3
32.79594403062009 2 3 3 0 2 3 0 3 3 0
4.8800182969954955 2 3 3 0 2 3 0 3 3 3
5.779985264717392 2 3 3 0 2 3 3 0 0 0
-0.021824744763717926 2 3 3 0 2 3 3 0 0 3
39.69840215930628 2 3 3 0 2 3 3 0 3 0
6.400777288810176 2 3 3 0 2 3 3 0 3 3
41.01410064071066 2 3 3 0 2 3 3 3 0 0
6.749467169107464 2 3 3 0 2 3 3 3 0 3
-7742.482114858849 2 3 3 0 2 3 3 3 3 0
44.85481701388035 2 3 3 0 2 3 3 3 3 3
5.035519371661985e-05 2 3 3 1 0 0 3 3 1 2
-5.035519371661985e-05 2 3 3 1 0 0 3 3 2 1
-7.318411196872919 2 3 3 1 0 1 0 0 2 0
0.01661337245044437 2 3 3 1 0 1 0 0 2 3
0.01695459925137843 2 3 3 1 0 1 0 3 2 0
0.0023876343913907987 2 3 3 1 0 1 0 3 2 3
0.017067018166267614 2 3 3 1 0 1 3 0 2 0
0.0021189667698583233 2 3 3 1 0 1 3 0 2 3
0.002393165209439395 2 3 3 1 0 1 3 3 2 0
7.318411196872919 2 3 3 1 0 2 0 0 1 0
-0.01661337245044437 2 3 3 1 0 2 0 0 1 3
-0.01695459925137843 2 3 3 1 0 2 0 3 1 0
-0.0023876343913907987 2 3 3 1 0 2 0 3 1 3
-0.017067018166267614 2 3 3 1 0 2 3 0 1 0
-0.0021189667698583233 2 3 3 1 0 2 3 0 1 3
-0.002393165209439395 2 3 3 1 0 2 3 3 1 0
2.9936924452069623e-05 2 3 3 1 0 3 0 3 1 2
-2.9936924452069623e-05 2 3 3 1 0 3 0 3 2 1
3.2923952994872974e-05 2 3 3 1 0 3 3 0 1 2
-3.2923952994872974e-05 2 3 3 1 0 3 3 0 2 1
0.00014802494073639554 2 3 3 1 0 3 3 3 1 2
-0.00014802494073639554 2 3 3 1 0 3 3 3 2 1
3.889127200801889e-05 2 3 3 1 3 0 0 3 1 2
-3.889127200801889e-05 2 3 3 1 3 0 0 3 2 1
1.974749287405659e-05 2 3 3 1 3 0 3 0 1 2
-1.9747492874056576e-05 2 3 3 1 3 0 3 0 2 1
0.0001890696280505567 2 3 3 1 3 0 3 3 1 2
-0.0001890696280505567 2 3 3 1 3 0 3 3 2 1
0.013404309369115363 2 3 3 1 3 1 0 0 2 0
0.002095084580291245 2 3 3 1 3 1 0 0 2 3
0.0019317870849722633 2 3 3 1 3 1 0 3 2 0
0.002055316176624219 2 3 3 1 3 1 3 0 2 0
-0.013404309369115363 2 3 3 1 3 2 0 0 1 0
-0.002095084580291245 2 3 3 1 3 2 0 0 1 3
-0.0019317870849722633 2 3 3 1 3 2 0 3 1 0
-0.002055316176624219 2 3 3 1 3 2 3 0 1 0
1.333555380973301e-05 2 3 3 1 3 3 0 0 1 2
-1.333555380973301e-05 2 3 3 1 3 3 0 0 2 1
2.3492603211911205e-05 2 3 3 1 3 3 0 3 1 2
-2.3492603211911205e-05 2 3 3 1 3 3 0 3 2 1
8.732256522605143e-05 2 3 3 1 3 3 3 0 1 2
-8.732256522605143e-05 2 3 3 1 3 3 3 0 2 1
-0.17254110266867798 2 3 3 1 3 3 3 3 1 2
0.17254110266867798 2 3 3 1 3 3 3 3 2 1
-4.295791194865779e-05 2 3 3 2 0 0 0 0 1 1
-4.295791194865779e-05 2 3 3 2 0 0 0 0 2 2
-5.253393527757675e-05 2 3 3 2 0 0 0 3 1 1
-5.253393527757675e-05 2 3 3 2 0 0 0 3 2 2
0.00047163502808765046 2 3 3 2 0 0 3 0 1 1
0.00047163502808765046 2 3 3 2 0 0 3 0 2 2
-0.15422129363410497 2 3 3 2 0 0 3 3 1 1
-0.15422129363410494 2 3 3 2 0 0 3 3 2 2
0.0001456416833235185 2 3 3 2 0 1 0 0 1 0
0.0001456416833235185 2 3 3 2 0 2 0 0 2 0
0.0011316446209653917 2 3 3 2 0 3 0 0 1 1
0.0011316446209653917 2 3 3 2 0 3 0 0 2 2
-0.625882419901742 2 3 3 2 0 3 0 3 1 1
-0.625882419901742 2 3 3 2 0 3 0 3 2 2
-0.5117629012166367 2 3 3 2 0 3 3 0 1 1
-0.5117629012166366 2 3 3 2 0 3 3 0 2 2
-3.535342687368252 2 3 3 2 0 3 3 3 1 1
-3.5353426873682525 2 3 3 2 0 3 3 3 2 2
2.1462299255602373e-05 2 3 3 2 3 0 0 0 1 1
2.1462299255602373e-05 2 3 3 2 3 0 0 0 2 2
0.7005736966021884 2 3 3 2 3 0 0 3 1 1
0.7005736966021884 2 3 3 2 3 0 0 3 2 2
-0.22758584738444787 2 3 3 2 3 0 3 0 1 1
-0.22758584738444784 2 3 3 2 3 0 3 0 2 2
-3.836284533550613 2 3 3 2 3 0 3 3 1 1
-3.8362845335506135 2 3 3 2 3 0 3 3 2 2
-0.5795076660257616 2 3 3 2 3 3 0 0 1 1
-0.5795076660257616 2 3 3 2 3 3 0 0 2 2
-4.565330853902728 2 3 3 2 3 3 0 3 1 1
-4.565330853902728 2 3 3 2 3 3 0 3 2 2
-4.511101152936825 2 3 3 2 3 3 3 0 1 1
-4.511101152936824 2 3 3 2 3 3 3 0 2 2
3201.218873939145 2 3 3 2 3 3 3 3 1 1
3201.2188739391454 2 3 3 2 3 3 3 3 2 2
0.01674440741296491 2 3 3 3 1 1 0 0 0 2
0.002366558093767411 2 3 3 3 1 1 0 0 3 2
0.0023665580937674113 2 3 3 3 1 1 0 3 0 2
0.002842005675363834 2 3 3 3 1 1 3 0 0 2
-0.01674440741296491 2 3 3 3 1 2 0 0 0 1
-0.002366558093767411 2 3 3 3 1 2 0 0 3 1
-0.0023665580937674113 2 3 3 3 1 2 0 3 0 1
-0.002842005675363834 2 3 3 3 1 2 3 0 0 1
-0.017068855925953596 2 3 3 3 2 0 0 0 0 0
-0.0017571140149603161 2 3 3 3 2 0 0 0 0 3
3.891254375345324 2 3 3 3 2 0 0 0 3 0
-0.014599269553756365 2 3 3 3 2 0 0 0 3 3
3.891254375345325 2 3 3 3 2 0 0 3 0 0
-0.014599269553756365 2 3 3 3 2 0 0 3 0 3
32.31389251101975 2 3 3 3 2 0 0 3 3 0
1.669429095425165 2 3 3 3 2 0 0 3 3 3
4.655132116376832 2 3 3 3 2 0 3 0 0 0
-0.019353760272878426 2 3 3 3 2 0 3 0 0 3
41.964377745104464 2 3 3 3 2 0 3 0 3 0
4.785250576068743 2 3 3 3 2 0 3 0 3 3
41.96437774510447 2 3 3 3 2 0 3 3 0 0
4.785250576068743 2 3 3 3 2 0 3 3 0 3
-6292.324217472025 2 3 3 3 2 0 3 3 3 0
44.3626643510231 2 3 3 3 2 0 3 3 3 3
5.057415953380413 2 3 3 3 2 3 0 0 0 0
-0.018503462192793998 2 3 3 3 2 3 0 0 0 3
36.73565188758243 2 3 3 3 2 3 0 0 3 0
5.049297854926066 2 3 3 3 2 3 0 0 3 3
36.73565188758243 2 3 3 3 2 3 0 3 0 0
5.049297854926065 2 3 3 3 2 3 0 3 0 3
-5918.182842478178 2 3 3 3 2 3 0 3 3 0
37.111618826305765 2 3 3 3 2 3 0 3 3 3
43.5515303632948 2 3 3 3 2 3 3 0 0 0
6.738152282641752 2 3 3 3 2 3 3 0 0 3
-10943.528447695302 2 3 3 3 2 3 3 0 3 0
48.39001167630788 2 3 3 3 2 3 3 0 3 3
-10943.528447695306 2 3 3 3 2 3 3 3 0 0
48.390011676307886 2 3 3 3 2 3 3 3 0 3
-68928.8201682596 2 3 3 3 2 3 3 3 3 0
-14816.456408676499 2 3 3 3 2 3 3 3 3 3
2205622.5532258027 3 0 0 0 0 0 0 0 0 0
221846.95123230712 3 0 0 0 0 0 0 0 0 3
216440.73638638138 3 0 0 0 0 0 0 0 3 0
-1015.2633583338967 3 0 0 0 0 0 0 0 3 3
216440.73638638144 3 0 0 0 0 0 0 3 0 0
-1015.2633583338966 3 0 0 0 0 0 0 3 0 3
-1016.0693775761874 3 0 0 0 0 0 0 3 3 0
-120.7584490555344 3 0 0 0 0 0 0 3 3 3
217254.2104612828 3 0 0 0 0 0 3 0 0 0
-863.9543309416626 3 0 0 0 0 0 3 0 0 3
-1023.4153940192604 3 0 0 0 0 0 3 0 3 0
-105.72287274586003 3 0 0 0 0 0 3 0 3 3
-1023.4153940192604 3 0 0 0 0 0 3 3 0 0
-105.72287274586003 3 0 0 0 0 0 3 3 0 3
-118.3478512035395 3 0 0 0 0 0 3 3 3 0
0.4156465640246317 3 0 0 0 0 0 3 3 3 3
-0.0017571140149603163 3 0 0 0 0 1 3 3 3 1
-0.0017571140149603163 3 0 0 0 0 2 3 3 3 2
215921.65137427917 3 0 0 0 0 3 0 0 0 0
-1098.6599707492069 3 0 0 0 0 3 0 0 0 3
-1097.7727236007956 3 0 0 0 0 3 0 0 3 0
-111.65066145992286 3 0 0 0 0 3 0 0 3 3
-1097.7727236007959 3 0 0 0 0 3 0 3 0 0
-111.65066145992286 3 0 0 0 0 3 0 3 0 3
-108.83964353115203 3 0 0 0 0 3 0 3 3 0
0.4533495285139632 3 0 0 0 0 3 0 3 3 3
-1109.1425212178333 3 0 0 0 0 3 3 0 0 0
-96.65307504335624 3 0 0 0 0 3 3 0 0 3
-109.81114797374214 3 0 0 0 0 3 3 0 3 0
0.4167820903767612 3 0 0 0 0 3 3 0 3 3
-109.81114797374215 3 0 0 0 0 3 3 3 0 0
0.4167820903767612 3 0 0 0 0 3 3 3 0 3
0.45284031109860806 3 0 0 0 0 3 3 3 3 0
0.04681510372927027 3 0 0 0 0 3 3 3 3 3
181233.68687680885 3 0 0 0 3 0 0 0 0 0
-1026.1462067461334 3 0 0 0 3 0 0 0 0 3
-979.1433221931801 3 0 0 0 3 0 0 0 3 0
-125.08301883174971 3 0 0 0 3 0 0 0 3 3
-979.1433221931801 3 0 0 0 3 0 0 3 0 0
-125.08301883174971 3 0 0 0 3 0 0 3 0 3
-117.68028797663155 3 0 0 0 3 0 0 3 3 0
0.4628586173560043 3 0 0 0 3 0 0 3 3 3
-1027.3375068017635 3 0 0 0 3 0 3 0 0 0
-116.84598597409719 3 0 0 0 3 0 3 0 0 3
-122.4337208381411 3 0 0 0 3 0 3 0 3 0
0.44031610316525177 3 0 0 0 3 0 3 0 3 3
-122.43372083814113 3 0 0 0 3 0 3 3 0 0
0.44031610316525177 3 0 0 0 3 0 3 3 0 3
0.46106381498703813 3 0 0 0 3 0 3 3 3 0
0.0555283929885155 3 0 0 0 3 0 3 3 3 3
-0.0030804720894091584 3 0 0 0 3 1 0 3 3 1
-0.002115718307151623 3 0 0 0 3 1 3 0 3 1
-0.0021157183071516235 3 0 0 0 3 1 3 3 0 1
-0.017068855925953592 3 0 0 0 3 1 3 3 3 1
-0.0030804720894091584 3 0 0 0 3 2 0 3 3 2
-0.002115718307151623 3 0 0 0 3 2 3 0 3 2
-0.0021157183071516235 3 0 0 0 3 2 3 3 0 2
-0.017068855925953592 3 0 0 0 3 2 3 3 3 2
-1098.6599707492066 3 0 0 0 3 3 0 0 0 0
-125.53134357314428 3 0 0 0 3 3 0 0 0 3
-115.31023193398934 3 0 0 0 3 3 0 0 3 0
0.4839159389179562 3 0 0 0 3 3 0 0 3 3
-115.31023193398934 3 0 0 0 3 3 0 3 0 0
0.4839159389179562 3 0 0 0 3 3 0 3 0 3
0.466458259222033 3 0 0 0 3 3 0 3 3 0
0.05522767407413051 3 0 0 0 3 3 0 3 3 3
-120.3209646808186 3 0 0 0 3 3 3 0 0 0
0.45776892927305285 3 0 0 0 3 3 3 0 0 3
0.4807948458681178 3 0 0 0 3 3 3 0 3 0
0.05240065987431627 3 0 0 0 3 3 3 0 3 3
0.4807948458681178 3 0 0 0 3 3 3 3 0 0
0.05240065987431626 3 0 0 0 3 3 3 3 0 3
0.05400309716381023 3 0 0 0 3 3 3 3 3 0
0.0027325967328029064 3 0 0 1 1 0 0 0 1 1
0.0027325967328029064 3 0 0 1 1 0 0 0 2 2
0.0002961126556785081 3 0 0 1 1 0 0 3 1 1
0.0002961126556785081 3 0 0 1 1 0 0 3 2 2
0.0002865383943955979 3 0 0 1 1 0 3 0 1 1
0.0002865383943955979 3 0 0 1 1 0 3 0 2 2
0.0004251505579478016 3 0 0 1 1 3 0 0 1 1
0.0004251505579478017 3 0 0 1 1 3 0 0 2 2
22.276866187821213 3 0 0 1 2 0 0 0 1 2
-22.27686618782121 3 0 0 1 2 0 0 0 2 1
2.190109346459299 3 0 0 1 2 0 0 3 1 2
-2.190109346459299 3 0 0 1 2 0 0 3 2 1
2.212835436332229 3 0 0 1 2 0 3 0 1 2
-2.212835436332229 3 0 0 1 2 0 3 0 2 1
-0.005174258754710908 3 0 0 1 2 0 3 3 1 2
0.005174258754710908 3 0 0 1 2 0 3 3 2 1
2.5814705241546026e-05 3 0 0 1 2 1 0 3 2 0
3.347887891445083e-05 3 0 0 1 2 1 3 0 2 0
-2.1462299255602292e-05 3 0 0 1 2 1 3 3 2 0
4.295791194865778e-05 3 0 0 1 2 1 3 3 2 3
-2.5814705241546026e-05 3 0 0 1 2 2 0 3 1 0
-3.347887891445083e-05 3 0 0 1 2 2 3 0 1 0
2.1462299255602292e-05 3 0 0 1 2 2 3 3 1 0
-4.295791194865778e-05 3 0 0 1 2 2 3 3 1 3
3.6591453235085925 3 0 0 1 2 3 0 0 1 2
-3.659145323508592 3 0 0 1 2 3 0 0 2 1
-0.006554365354034874 3 0 0 1 2 3 0 3 1 2
0.006554365354034874 3 0 0 1 2 3 0 3 2 1
-0.006588138526379336 3 0 0 1 2 3 3 0 1 2
0.006588138526379336 3 0 0 1 2 3 3 0 2 1
-0.0006903172985225632 3 0 0 1 2 3 3 3 1 2
0.0006903172985225632 3 0 0 1 2 3 3 3 2 1
-22.276866187821206 3 0 0 2 1 0 0 0 1 2
22.276866187821206 3 0 0 2 1 0 0 0 2 1
-2.1901093464592996 3 0 0 2 1 0 0 3 1 2
2.1901093464593 3 0 0 2 1 0 0 3 2 1
-2.212835436332229 3 0 0 2 1 0 3 0 1 2
2.212835436332229 3 0 0 2 1 0 3 0 2 1
0.005174258754710908 3 0 0 2 1 0 3 3 1 2
-0.005174258754710908 3 0 0 2 1 0 3 3 2 1
-2.5814705241546026e-05 3 0 0 2 1 1 0 3 2 0
-3.347887891445083e-05 3 0 0 2 1 1 3 0 2 0
2.1462299255602075e-05 3 0 0 2 1 1 3 3 2 0
-4.295791194865775e-05 3 0 0 2 1 1 3 3 2 3
2.5814705241546026e-05 3 0 0 2 1 2 0 3 1 0
3.347887891445083e-05 3 0 0 2 1 2 3 0 1 0
-2.1462299255602075e-05 3 0 0 2 1 2 3 3 1 0
4.295791194865775e-05 3 0 0 2 1 2 3 3 1 3
-3.6591453235085925 3 0 0 2 1 3 0 0 1 2
3.659145323508592 3 0 0 2 1 3 0 0 2 1
0.006554365354034874 3 0 0 2 1 3 0 3 1 2
-0.006554365354034874 3 0 0 2 1 3 0 3 2 1
0.006588138526379336 3 0 0 2 1 3 3 0 1 2
-0.006588138526379336 3 0 0 2 1 3 3 0 2 1
0.0006903172985225632 3 0 0 2 1 3 3 3 1 2
-0.0006903172985225632 3 0 0 2 1 3 3 3 2 1
0.0027325967328029064 3 0 0 2 2 0 0 0 1 1
0.0027325967328029064 3 0 0 2 2 0 0 0 2 2
0.0002961126556785081 3 0 0 2 2 0 0 3 1 1
0.0002961126556785082 3 0 0 2 2 0 0 3 2 2
0.000286538394395598 3 0 0 2 2 0 3 0 1 1
0.000286538394395598 3 0 0 2 2 0 3 0 2 2
0.0004251505579478017 3 0 0 2 2 3 0 0 1 1
0.0004251505579478017 3 0 0 2 2 3 0 0 2 2
176003.38317029027 3 0 0 3 0 0 0 0 0 0
-984.2101110315189 3 0 0 3 0 0 0 0 0 3
-1022.2171218898592 3 0 0 3 0 0 0 0 3 0
-121.92382685977876 3 0 0 3 0 0 0 0 3 3
-980.1328925970028 3 0 0 3 0 0 0 3 0 0
-117.64414310199653 3 0 0 3 0 0 0 3 0 3
-118.75581472953085 3 0 0 3 0 0 0 3 3 0
0.4584061176796025 3 0 0 3 0 0 0 3 3 3
-985.742608260602 3 0 0 3 0 0 3 0 0 0
-105.36976207941157 3 0 0 3 0 0 3 0 0 3
-119.26864085991896 3 0 0 3 0 0 3 0 3 0
0.42438914529829014 3 0 0 3 0 0 3 0 3 3
-115.09281884400775 3 0 0 3 0 0 3 3 0 0
0.4161097715441649 3 0 0 3 0 0 3 3 0 3
0.45670897752071254 3 0 0 3 0 0 3 3 3 0
0.052836477941851444 3 0 0 3 0 0 3 3 3 3
-0.0022403087224676706 3 0 0 3 0 1 0 3 3 1
-0.0017744488819584389 3 0 0 3 0 1 3 0 3 1
-0.001752009656267679 3 0 0 3 0 1 3 3 0 1
-0.014599269553756363 3 0 0 3 0 1 3 3 3 1
-0.0022403087224676706 3 0 0 3 0 2 0 3 3 2
-0.0017744488819584389 3 0 0 3 0 2 3 0 3 2
-0.001752009656267679 3 0 0 3 0 2 3 3 0 2
-0.014599269553756363 3 0 0 3 0 2 3 3 3 2
-1097.7727236007952 3 0 0 3 0 3 0 0 0 0
-115.31023193398933 3 0 0 3 0 3 0 0 0 3
-119.48282419507119 3 0 0 3 0 3 0 0 3 0
0.47859067783929427 3 0 0 3 0 3 0 0 3 3
-112.38755283557865 3 0 0 3 0 3 0 3 0 0
0.46613282185843036 3 0 0 3 0 3 0 3 0 3
0.47407830668901774 3 0 0 3 0 3 0 3 3 0
0.0538908004230066 3 0 0 3 0 3 0 3 3 3
-113.17413051472685 3 0 0 3 0 3 3 0 0 0
0.4292281390628746 3 0 0 3 0 3 3 0 0 3
0.47786368714862687 3 0 0 3 0 3 3 0 3 0
0.04979509595722429 3 0 0 3 0 3 3 0 3 3
0.4651580656974787 3 0 0 3 0 3 3 3 0 0
0.048694682067614306 3 0 0 3 0 3 3 3 0 3
0.0529472558396971 3 0 0 3 0 3 3 3 3 0
-903.5308773216942 3 0 0 3 3 0 0 0 0 0
-115.84469839222939 3 0 0 3 3 0 0 0 0 3
-112.87347936633286 3 0 0 3 3 0 0 0 3 0
0.46124346626424134 3 0 0 3 3 0 0 0 3 3
-109.38636621182334 3 0 0 3 3 0 0 3 0 0
0.4511954276575742 3 0 0 3 3 0 0 3 0 3
0.4460635135143758 3 0 0 3 3 0 0 3 3 0
0.058486886000828436 3 0 0 3 3 0 0 3 3 3
-113.22029039677258 3 0 0 3 3 0 3 0 0 0
0.4306820715940227 3 0 0 3 3 0 3 0 0 3
0.45845781945113706 3 0 0 3 3 0 3 0 3 0
0.0558405922430038 3 0 0 3 3 0 3 0 3 3
0.4486340690771293 3 0 0 3 3 0 3 3 0 0
0.05468767303710866 3 0 0 3 3 0 3 3 0 3
0.05722712481927422 3 0 0 3 3 0 3 3 3 0
-0.0032203941658192742 3 0 0 3 3 1 0 0 3 1
-0.0031443225850402282 3 0 0 3 3 1 0 3 0 1
-0.026549186605770554 3 0 0 3 3 1 0 3 3 1
-0.0020628993936828467 3 0 0 3 3 1 3 0 0 1
-0.0172434247499526 3 0 0 3 3 1 3 0 3 1
-0.01676843907788649 3 0 0 3 3 1 3 3 0 1
3.891254375345325 3 0 0 3 3 1 3 3 3 1
-0.0032203941658192742 3 0 0 3 3 2 0 0 3 2
-0.0031443225850402282 3 0 0 3 3 2 0 3 0 2
-0.026549186605770554 3 0 0 3 3 2 0 3 3 2
-0.0020628993936828467 3 0 0 3 3 2 3 0 0 2
-0.0172434247499526 3 0 0 3 3 2 3 0 3 2
-0.01676843907788649 3 0 0 3 3 2 3 3 0 2
3.891254375345325 3 0 0 3 3 2 3 3 3 2
-111.65066145992287 3 0 0 3 3 3 0 0 0 0
0.4839159389179562 3 0 0 3 3 3 0 0 0 3
0.4785906778392943 3 0 0 3 3 3 0 0 3 0
0.057611451720749794 3 0 0 3 3 3 0 0 3 3
0.46613282185843025 3 0 0 3 3 3 0 3 0 0
0.0560222666230036 3 0 0 3 3 3 0 3 0 3
0.0546768404471604 3 0 0 3 3 3 0 3 3 0
0.4800646175014727 3 0 0 3 3 3 3 0 0 0
0.053317493532745334 3 0 0 3 3 3 3 0 0 3
0.05619793273538576 3 0 0 3 3 3 3 0 3 0
0.05471623713869799 3 0 0 3 3 3 3 3 0 0
0.0027325967328029064 3 0 1 0 1 0 0 1 0 1
0.0002961126556785081 3 0 1 0 1 0 0 1 3 1
0.0027325967328029064 3 0 1 0 1 0 0 2 0 2
0.0002961126556785081 3 0 1 0 1 0 0 2 3 2
0.000286538394395598 3 0 1 0 1 0 3 1 0 1
0.000286538394395598 3 0 1 0 1 0 3 2 0 2
0.0004251505579478016 3 0 1 0 1 3 0 1 0 1
0.0004251505579478017 3 0 1 0 1 3 0 2 0 2
22.27686618782121 3 0 1 0 2 0 0 1 0 2
2.1901093464592996 3 0 1 0 2 0 0 1 3 2
-22.27686618782121 3 0 1 0 2 0 0 2 0 1
-2.1901093464592996 3 0 1 0 2 0 0 2 3 1
2.212835436332229 3 0 1 0 2 0 3 1 0 2
-0.0051742587547109085 3 0 1 0 2 0 3 1 3 2
-2.212835436332229 3 0 1 0 2 0 3 2 0 1
0.0051742587547109085 3 0 1 0 2 0 3 2 3 1
2.5814705241546026e-05 3 0 1 0 2 1 0 2 3 0
3.347887891445083e-05 3 0 1 0 2 1 3 2 0 0
-2.1462299255602075e-05 3 0 1 0 2 1 3 2 3 0
4.2957911948657786e-05 3 0 1 0 2 1 3 2 3 3
-2.5814705241546026e-05 3 0 1 0 2 2 0 1 3 0
-3.347887891445083e-05 3 0 1 0 2 2 3 1 0 0
2.1462299255602075e-05 3 0 1 0 2 2 3 1 3 0
-4.2957911948657786e-05 3 0 1 0 2 2 3 1 3 3
3.6591453235085925 3 0 1 0 2 3 0 1 0 2
-0.0065543653540348756 3 0 1 0 2 3 0 1 3 2
-3.659145323508592 3 0 1 0 2 3 0 2 0 1
0.0065543653540348756 3 0 1 0 2 3 0 2 3 1
-0.006588138526379336 3 0 1 0 2 3 3 1 0 2
-0.0006903172985225632 3 0 1 0 2 3 3 1 3 2
0.006588138526379336 3 0 1 0 2 3 3 2 0 1
0.0006903172985225632 3 0 1 0 2 3 3 2 3 1
0.0017928364559275298 3 0 1 1 0 0 0 1 1 0
0.00020221099246908378 3 0 1 1 0 0 0 1 1 3
0.0017928364559275298 3 0 1 1 0 0 0 2 2 0
0.00020221099246908378 3 0 1 1 0 0 0 2 2 3
0.00019994896160223613 3 0 1 1 0 0 3 1 1 0
0.00019994896160223613 3 0 1 1 0 0 3 2 2 0
0.0002736246803547007 3 0 1 1 0 3 0 1 1 0
0.0002736246803547007 3 0 1 1 0 3 0 2 2 0
0.00018253204811182193 3 0 1 1 3 0 0 1 1 0
0.00018253204811182193 3 0 1 1 3 0 0 2 2 0
21.042114646428324 3 0 1 2 0 0 0 1 2 0
2.139841878891098 3 0 1 2 0 0 0 1 2 3
-21.04211464642832 3 0 1 2 0 0 0 2 1 0
-2.139841878891098 3 0 1 2 0 0 0 2 1 3
2.087911007955613 3 0 1 2 0 0 3 1 2 0
-0.00413968687706261 3 0 1 2 0 0 3 1 2 3
-2.087911007955613 3 0 1 2 0 0 3 2 1 0
0.00413968687706261 3 0 1 2 0 0 3 2 1 3
1.1219612845379894e-05 3 0 1 2 0 1 3 1 2 1
-1.1219612845379894e-05 3 0 1 2 0 1 3 2 1 1
1.1219612845379894e-05 3 0 1 2 0 2 3 1 2 2
-1.1219612845379894e-05 3 0 1 2 0 2 3 2 1 2
3.5476356797462913 3 0 1 2 0 3 0 1 2 0
-0.006228927990432046 3 0 1 2 0 3 0 1 2 3
-3.5476356797462913 3 0 1 2 0 3 0 2 1 0
0.006228927990432046 3 0 1 2 0 3 0 2 1 3
-0.006352810725574137 3 0 1 2 0 3 3 1 2 0
-0.0005502069448049889 3 0 1 2 0 3 3 1 2 3
0.006352810725574137 3 0 1 2 0 3 3 2 1 0
0.0005502069448049889 3 0 1 2 0 3 3 2 1 3
1.743556577254765 3 0 1 2 3 0 0 1 2 0
-0.005024019303333562 3 0 1 2 3 0 0 1 2 3
-1.743556577254765 3 0 1 2 3 0 0 2 1 0
0.005024019303333562 3 0 1 2 3 0 0 2 1 3
-0.004911875187003903 3 0 1 2 3 0 3 1 2 0
-0.000576459602947568 3 0 1 2 3 0 3 1 2 3
0.004911875187003903 3 0 1 2 3 0 3 2 1 0
0.000576459602947568 3 0 1 2 3 0 3 2 1 3
3.803579038952294e-05 3 0 1 2 3 1 0 1 2 1
-3.803579038952294e-05 3 0 1 2 3 1 0 2 1 1
0.00023749283603305622 3 0 1 2 3 1 3 1 2 1
-0.00023749283603305622 3 0 1 2 3 1 3 2 1 1
3.803579038952294e-05 3 0 1 2 3 2 0 1 2 2
-3.803579038952294e-05 3 0 1 2 3 2 0 2 1 2
0.00023749283603305622 3 0 1 2 3 2 3 1 2 2
-0.00023749283603305622 3 0 1 2 3 2 3 2 1 2
-0.006228927990432046 3 0 1 2 3 3 0 1 2 0
-0.0007945925488730975 3 0 1 2 3 3 0 1 2 3
0.006228927990432046 3 0 1 2 3 3 0 2 1 0
0.0007945925488730975 3 0 1 2 3 3 0 2 1 3
-0.0007408477983438832 3 0 1 2 3 3 3 1 2 0
0.0007408477983438832 3 0 1 2 3 3 3 2 1 0
0.0002584845380861676 3 0 1 3 1 0 0 1 0 1
0.0002584845380861676 3 0 1 3 1 0 0 2 0 2
3.8891272008018856e-05 3 0 1 3 1 1 3 1 3 0
3.8891272008018856e-05 3 0 1 3 1 2 3 2 3 0
1.7876470621171732 3 0 1 3 2 0 0 1 0 2
-0.0052681389529866725 3 0 1 3 2 0 0 1 3 2
-1.7876470621171732 3 0 1 3 2 0 0 2 0 1
0.0052681389529866725 3 0 1 3 2 0 0 2 3 1
-0.00498809525597791 3 0 1 3 2 0 3 1 0 2
-0.0006193148026735445 3 0 1 3 2 0 3 1 3 2
0.00498809525597791 3 0 1 3 2 0 3 2 0 1
0.0006193148026735445 3 0 1 3 2 0 3 2 3 1
2.5814705241546043e-05 3 0 1 3 2 1 0 2 0 0
5.274704141315515e-05 3 0 1 3 2 1 0 2 3 0
-7.242492959020213e-05 3 0 1 3 2 1 0 2 3 3
-3.881787224497139e-05 3 0 1 3 2 1 3 2 0 0
3.726187412474186e-05 3 0 1 3 2 1 3 2 0 3
-0.7005736966021889 3 0 1 3 2 1 3 2 3 0
5.2533935277576855e-05 3 0 1 3 2 1 3 2 3 3
-2.5814705241546043e-05 3 0 1 3 2 2 0 1 0 0
-5.274704141315515e-05 3 0 1 3 2 2 0 1 3 0
7.242492959020213e-05 3 0 1 3 2 2 0 1 3 3
3.881787224497139e-05 3 0 1 3 2 2 3 1 0 0
-3.726187412474186e-05 3 0 1 3 2 2 3 1 0 3
0.7005736966021889 3 0 1 3 2 2 3 1 3 0
-5.2533935277576855e-05 3 0 1 3 2 2 3 1 3 3
-0.0065543653540348756 3 0 1 3 2 3 0 1 0 2
-0.0007860400241537888 3 0 1 3 2 3 0 1 3 2
0.0065543653540348756 3 0 1 3 2 3 0 2 0 1
0.0007860400241537888 3 0 1 3 2 3 0 2 3 1
-0.0007138726785725246 3 0 1 3 2 3 3 1 0 2
0.0007138726785725246 3 0 1 3 2 3 3 2 0 1
-22.276866187821206 3 0 2 0 1 0 0 1 0 2
-2.1901093464592996 3 0 2 0 1 0 0 1 3 2
22.276866187821206 3 0 2 0 1 0 0 2 0 1
2.1901093464593 3 0 2 0 1 0 0 2 3 1
-2.212835436332229 3 0 2 0 1 0 3 1 0 2
0.005174258754710908 3 0 2 0 1 0 3 1 3 2
2.212835436332229 3 0 2 0 1 0 3 2 0 1
-0.005174258754710908 3 0 2 0 1 0 3 2 3 1
-2.5814705241546026e-05 3 0 2 0 1 1 0 2 3 0
-3.3478878914450856e-05 3 0 2 0 1 1 3 2 0 0
2.1462299255602075e-05 3 0 2 0 1 1 3 2 3 0
-4.295791194865776e-05 3 0 2 0 1 1 3 2 3 3
2.5814705241546026e-05 3 0 2 0 1 2 0 1 3 0
3.3478878914450856e-05 3 0 2 0 1 2 3 1 0 0
-2.1462299255602075e-05 3 0 2 0 1 2 3 1 3 0
4.295791194865776e-05 3 0 2 0 1 2 3 1 3 3
-3.6591453235085925 3 0 2 0 1 3 0 1 0 2
0.006554365354034874 3 0 2 0 1 3 0 1 3 2
3.659145323508592 3 0 2 0 1 3 0 2 0 1
-0.006554365354034874 3 0 2 0 1 3 0 2 3 1
0.006588138526379336 3 0 2 0 1 3 3 1 0 2
0.0006903172985225632 3 0 2 0 1 3 3 1 3 2
-0.006588138526379336 3 0 2 0 1 3 3 2 0 1
-0.0006903172985225632 3 0 2 0 1 3 3 2 3 1
0.0027325967328029064 3 0 2 0 2 0 0 1 0 1
0.0002961126556785082 3 0 2 0 2 0 0 1 3 1
0.0027325967328029064 3 0 2 0 2 0 0 2 0 2
0.0002961126556785081 3 0 2 0 2 0 0 2 3 2
0.000286538394395598 3 0 2 0 2 0 3 1 0 1
0.000286538394395598 3 0 2 0 2 0 3 2 0 2
0.0004251505579478017 3 0 2 0 2 3 0 1 0 1
0.0004251505579478017 3 0 2 0 2 3 0 2 0 2
-21.04211464642832 3 0 2 1 0 0 0 1 2 0
-2.139841878891098 3 0 2 1 0 0 0 1 2 3
21.04211464642832 3 0 2 1 0 0 0 2 1 0
2.1398418788910982 3 0 2 1 0 0 0 2 1 3
-2.087911007955613 3 0 2 1 0 0 3 1 2 0
0.00413968687706261 3 0 2 1 0 0 3 1 2 3
2.087911007955613 3 0 2 1 0 0 3 2 1 0
-0.00413968687706261 3 0 2 1 0 0 3 2 1 3
-1.1219612845379894e-05 3 0 2 1 0 1 3 1 2 1
1.1219612845379894e-05 3 0 2 1 0 1 3 2 1 1
-1.1219612845379894e-05 3 0 2 1 0 2 3 1 2 2
1.1219612845379894e-05 3 0 2 1 0 2 3 2 1 2
-3.5476356797462913 3 0 2 1 0 3 0 1 2 0
0.006228927990432046 3 0 2 1 0 3 0 1 2 3
3.5476356797462913 3 0 2 1 0 3 0 2 1 0
-0.006228927990432046 3 0 2 1 0 3 0 2 1 3
0.006352810725574137 3 0 2 1 0 3 3 1 2 0
0.0005502069448049889 3 0 2 1 0 3 3 1 2 3
-0.006352810725574137 3 0 2 1 0 3 3 2 1 0
-0.0005502069448049889 3 0 2 1 0 3 3 2 1 3
-1.743556577254765 3 0 2 1 3 0 0 1 2 0
0.005024019303333562 3 0 2 1 3 0 0 1 2 3
1.743556577254765 3 0 2 1 3 0 0 2 1 0
-0.005024019303333562 3 0 2 1 3 0 0 2 1 3
0.004911875187003903 3 0 2 1 3 0 3 1 2 0
0.000576459602947568 3 0 2 1 3 0 3 1 2 3
-0.004911875187003903 3 0 2 1 3 0 3 2 1 0
-0.000576459602947568 3 0 2 1 3 0 3 2 1 3
-3.803579038952294e-05 3 0 2 1 3 1 0 1 2 1
3.803579038952294e-05 3 0 2 1 3 1 0 2 1 1
-0.00023749283603305622 3 0 2 1 3 1 3 1 2 1
0.00023749283603305622 3 0 2 1 3 1 3 2 1 1
-3.803579038952294e-05 3 0 2 1 3 2 0 1 2 2
3.803579038952294e-05 3 0 2 1 3 2 0 2 1 2
-0.00023749283603305622 3 0 2 1 3 2 3 1 2 2
0.00023749283603305622 3 0 2 1 3 2 3 2 1 2
0.006228927990432046 3 0 2 1 3 3 0 1 2 0
0.0007945925488730975 3 0 2 1 3 3 0 1 2 3
-0.006228927990432046 3 0 2 1 3 3 0 2 1 0
-0.0007945925488730975 3 0 2 1 3 3 0 2 1 3
0.0007408477983438832 3 0 2 1 3 3 3 1 2 0
-0.0007408477983438832 3 0 2 1 3 3 3 2 1 0
0.0017928364559275298 3 0 2 2 0 0 0 1 1 0
0.00020221099246908356 3 0 2 2 0 0 0 1 1 3
0.0017928364559275298 3 0 2 2 0 0 0 2 2 0
0.00020221099246908356 3 0 2 2 0 0 0 2 2 3
0.00019994896160223618 3 0 2 2 0 0 3 1 1 0
0.00019994896160223618 3 0 2 2 0 0 3 2 2 0
0.0002736246803547006 3 0 2 2 0 3 0 1 1 0
0.0002736246803547005 3 0 2 2 0 3 0 2 2 0
0.00018253204811182196 3 0 2 2 3 0 0 1 1 0
0.00018253204811182196 3 0 2 2 3 0 0 2 2 0
-1.7876470621171732 3 0 2 3 1 0 0 1 0 2
0.0052681389529866725 3 0 2 3 1 0 0 1 3 2
1.7876470621171732 3 0 2 3 1 0 0 2 0 1
-0.0052681389529866725 3 0 2 3 1 0 0 2 3 1
0.00498809525597791 3 0 2 3 1 0 3 1 0 2
0.0006193148026735445 3 0 2 3 1 0 3 1 3 2
-0.00498809525597791 3 0 2 3 1 0 3 2 0 1
-0.0006193148026735445 3 0 2 3 1 0 3 2 3 1
-2.5814705241546016e-05 3 0 2 3 1 1 0 2 0 0
-5.2747041413155255e-05 3 0 2 3 1 1 0 2 3 0
7.242492959020212e-05 3 0 2 3 1 1 0 2 3 3
3.881787224497139e-05 3 0 2 3 1 1 3 2 0 0
-3.7261874124741836e-05 3 0 2 3 1 1 3 2 0 3
0.7005736966021888 3 0 2 3 1 1 3 2 3 0
-5.253393527757675e-05 3 0 2 3 1 1 3 2 3 3
2.5814705241546016e-05 3 0 2 3 1 2 0 1 0 0
5.2747041413155255e-05 3 0 2 3 1 2 0 1 3 0
-7.242492959020215e-05 3 0 2 3 1 2 0 1 3 3
-3.881787224497139e-05 3 0 2 3 1 2 3 1 0 0
3.7261874124741836e-05 3 0 2 3 1 2 3 1 0 3
-0.7005736966021888 3 0 2 3 1 2 3 1 3 0
5.253393527757675e-05 3 0 2 3 1 2 3 1 3 3
0.0065543653540348756 3 0 2 3 1 3 0 1 0 2
0.000786040024153789 3 0 2 3 1 3 0 1 3 2
-0.0065543653540348756 3 0 2 3 1 3 0 2 0 1
-0.000786040024153789 3 0 2 3 1 3 0 2 3 1
0.0007138726785725246 3 0 2 3 1 3 3 1 0 2
-0.0007138726785725246 3 0 2 3 1 3 3 2 0 1
0.00025848453808616754 3 0 2 3 2 0 0 1 0 1
0.00025848453808616754 3 0 2 3 2 0 0 2 0 2
3.8891272008018856e-05 3 0 2 3 2 1 3 1 3 0
3.8891272008018856e-05 3 0 2 3 2 2 3 2 3 0
176003.38317029024 3 0 3 0 0 0 0 0 0 0
-984.2101110315189 3 0 3 0 0 0 0 0 0 3
-980.1328925970028 3 0 3 0 0 0 0 0 3 0
-117.64414310199653 3 0 3 0 0 0 0 0 3 3
-1022.2171218898591 3 0 3 0 0 0 0 3 0 0
-121.92382685977876 3 0 3 0 0 0 0 3 0 3
-118.75581472953084 3 0 3 0 0 0 0 3 3 0
0.4584061176796025 3 0 3 0 0 0 0 3 3 3
-985.742608260602 3 0 3 0 0 0 3 0 0 0
-105.36976207941156 3 0 3 0 0 0 3 0 0 3
-115.09281884400775 3 0 3 0 0 0 3 0 3 0
0.41610977154416495 3 0 3 0 0 0 3 0 3 3
-119.26864085991896 3 0 3 0 0 0 3 3 0 0
0.42438914529829014 3 0 3 0 0 0 3 3 0 3
0.4567089775207125 3 0 3 0 0 0 3 3 3 0
0.05283647794185144 3 0 3 0 0 0 3 3 3 3
-0.0022403087224676706 3 0 3 0 0 1 0 3 3 1
-0.0017520096562676792 3 0 3 0 0 1 3 0 3 1
-0.0017744488819584389 3 0 3 0 0 1 3 3 0 1
-0.014599269553756363 3 0 3 0 0 1 3 3 3 1
-0.0022403087224676706 3 0 3 0 0 2 0 3 3 2
-0.0017520096562676792 3 0 3 0 0 2 3 0 3 2
-0.0017744488819584389 3 0 3 0 0 2 3 3 0 2
-0.014599269553756363 3 0 3 0 0 2 3 3 3 2
-1097.7727236007954 3 0 3 0 0 3 0 0 0 0
-115.31023193398933 3 0 3 0 0 3 0 0 0 3
-112.38755283557865 3 0 3 0 0 3 0 0 3 0
0.46613282185843036 3 0 3 0 0 3 0 0 3 3
-119.48282419507116 3 0 3 0 0 3 0 3 0 0
0.47859067783929427 3 0 3 0 0 3 0 3 0 3
0.47407830668901774 3 0 3 0 0 3 0 3 3 0
0.0538908004230066 3 0 3 0 0 3 0 3 3 3
-113.17413051472684 3 0 3 0 0 3 3 0 0 0
0.4292281390628746 3 0 3 0 0 3 3 0 0 3
0.46515806569747875 3 0 3 0 0 3 3 0 3 0
0.048694682067614306 3 0 3 0 0 3 3 0 3 3
0.47786368714862687 3 0 3 0 0 3 3 3 0 0
0.04979509595722429 3 0 3 0 0 3 3 3 0 3
0.0529472558396971 3 0 3 0 0 3 3 3 3 0
-903.5308773216941 3 0 3 0 3 0 0 0 0 0
-115.84469839222939 3 0 3 0 3 0 0 0 0 3
-109.38636621182332 3 0 3 0 3 0 0 0 3 0
0.4511954276575742 3 0 3 0 3 0 0 0 3 3
-112.87347936633284 3 0 3 0 3 0 0 3 0 0
0.46124346626424134 3 0 3 0 3 0 0 3 0 3
0.44606351351437573 3 0 3 0 3 0 0 3 3 0
0.05848688600082842 3 0 3 0 3 0 0 3 3 3
-113.22029039677257 3 0 3 0 3 0 3 0 0 0
0.4306820715940227 3 0 3 0 3 0 3 0 0 3
0.4486340690771294 3 0 3 0 3 0 3 0 3 0
0.05468767303710866 3 0 3 0 3 0 3 0 3 3
0.45845781945113706 3 0 3 0 3 0 3 3 0 0
0.0558405922430038 3 0 3 0 3 0 3 3 0 3
0.05722712481927422 3 0 3 0 3 0 3 3 3 0
-0.0031443225850402282 3 0 3 0 3 1 0 0 3 1
-0.0032203941658192747 3 0 3 0 3 1 0 3 0 1
-0.026549186605770558 3 0 3 0 3 1 0 3 3 1
-0.0020628993936828467 3 0 3 0 3 1 3 0 0 1
-0.01676843907788649 3 0 3 0 3 1 3 0 3 1
-0.0172434247499526 3 0 3 0 3 1 3 3 0 1
3.891254375345325 3 0 3 0 3 1 3 3 3 1
-0.0031443225850402282 3 0 3 0 3 2 0 0 3 2
-0.0032203941658192747 3 0 3 0 3 2 0 3 0 2
-0.026549186605770558 3 0 3 0 3 2 0 3 3 2
-0.0020628993936828467 3 0 3 0 3 2 3 0 0 2
-0.01676843907788649 3 0 3 0 3 2 3 0 3 2
-0.0172434247499526 3 0 3 0 3 2 3 3 0 2
3.891254375345325 3 0 3 0 3 2 3 3 3 2
-111.65066145992287 3 0 3 0 3 3 0 0 0 0
0.48391593891795615 3 0 3 0 3 3 0 0 0 3
0.46613282185843025 3 0 3 0 3 3 0 0 3 0
0.056022266623003594 3 0 3 0 3 3 0 0 3 3
0.4785906778392943 3 0 3 0 3 3 0 3 0 0
0.057611451720749794 3 0 3 0 3 3 0 3 0 3
0.054676840447160396 3 0 3 0 3 3 0 3 3 0
0.4800646175014727 3 0 3 0 3 3 3 0 0 0
0.053317493532745334 3 0 3 0 3 3 3 0 0 3
0.05471623713869799 3 0 3 0 3 3 3 0 3 0
0.05619793273538576 3 0 3 0 3 3 3 3 0 0
0.00025848453808616765 3 0 3 1 1 0 0 0 1 1
0.00025848453808616754 3 0 3 1 1 0 0 0 2 2
3.8891272008018856e-05 3 0 3 1 1 1 3 3 1 0
3.8891272008018856e-05 3 0 3 1 1 2 3 3 2 0
1.787647062117173 3 0 3 1 2 0 0 0 1 2
-1.787647062117173 3 0 3 1 2 0 0 0 2 1
-0.0052681389529866725 3 0 3 1 2 0 0 3 1 2
0.0052681389529866725 3 0 3 1 2 0 0 3 2 1
-0.00498809525597791 3 0 3 1 2 0 3 0 1 2
0.00498809525597791 3 0 3 1 2 0 3 0 2 1
-0.0006193148026735445 3 0 3 1 2 0 3 3 1 2
0.0006193148026735445 3 0 3 1 2 0 3 3 2 1
2.5814705241546043e-05 3 0 3 1 2 1 0 0 2 0
5.274704141315515e-05 3 0 3 1 2 1 0 3 2 0
-7.242492959020213e-05 3 0 3 1 2 1 0 3 2 3
-3.881787224497161e-05 3 0 3 1 2 1 3 0 2 0
3.726187412474186e-05 3 0 3 1 2 1 3 0 2 3
-0.7005736966021889 3 0 3 1 2 1 3 3 2 0
5.2533935277576855e-05 3 0 3 1 2 1 3 3 2 3
-2.5814705241546043e-05 3 0 3 1 2 2 0 0 1 0
-5.274704141315515e-05 3 0 3 1 2 2 0 3 1 0
7.242492959020213e-05 3 0 3 1 2 2 0 3 1 3
3.881787224497161e-05 3 0 3 1 2 2 3 0 1 0
-3.726187412474186e-05 3 0 3 1 2 2 3 0 1 3
0.7005736966021889 3 0 3 1 2 2 3 3 1 0
-5.2533935277576855e-05 3 0 3 1 2 2 3 3 1 3
-0.006554365354034874 3 0 3 1 2 3 0 0 1 2
0.006554365354034874 3 0 3 1 2 3 0 0 2 1
-0.0007860400241537888 3 0 3 1 2 3 0 3 1 2
0.0007860400241537888 3 0 3 1 2 3 0 3 2 1
-0.0007138726785725246 3 0 3 1 2 3 3 0 1 2
0.0007138726785725246 3 0 3 1 2 3 3 0 2 1
-1.787647062117173 3 0 3 2 1 0 0 0 1 2
1.787647062117173 3 0 3 2 1 0 0 0 2 1
0.0052681389529866725 3 0 3 2 1 0 0 3 1 2
-0.0052681389529866725 3 0 3 2 1 0 0 3 2 1
0.00498809525597791 3 0 3 2 1 0 3 0 1 2
-0.00498809525597791 3 0 3 2 1 0 3 0 2 1
0.0006193148026735445 3 0 3 2 1 0 3 3 1 2
-0.0006193148026735445 3 0 3 2 1 0 3 3 2 1
-2.5814705241546016e-05 3 0 3 2 1 1 0 0 2 0
-5.2747041413155255e-05 3 0 3 2 1 1 0 3 2 0
7.242492959020212e-05 3 0 3 2 1 1 0 3 2 3
3.881787224497161e-05 3 0 3 2 1 1 3 0 2 0
-3.726187412474186e-05 3 0 3 2 1 1 3 0 2 3
0.7005736966021889 3 0 3 2 1 1 3 3 2 0
-5.253393527757675e-05 3 0 3 2 1 1 3 3 2 3
2.5814705241546016e-05 3 0 3 2 1 2 0 0 1 0
5.2747041413155255e-05 3 0 3 2 1 2 0 3 1 0
-7.242492959020215e-05 3 0 3 2 1 2 0 3 1 3
-3.881787224497161e-05 3 0 3 2 1 2 3 0 1 0
3.726187412474186e-05 3 0 3 2 1 2 3 0 1 3
-0.7005736966021889 3 0 3 2 1 2 3 3 1 0
5.253393527757675e-05 3 0 3 2 1 2 3 3 1 3
0.006554365354034874 3 0 3 2 1 3 0 0 1 2
-0.006554365354034874 3 0 3 2 1 3 0 0 2 1
0.0007860400241537889 3 0 3 2 1 3 0 3 1 2
-0.0007860400241537889 3 0 3 2 1 3 0 3 2 1
0.0007138726785725246 3 0 3 2 1 3 3 0 1 2
-0.0007138726785725246 3 0 3 2 1 3 3 0 2 1
0.00025848453808616765 3 0 3 2 2 0 0 0 1 1
0.00025848453808616765 3 0 3 2 2 0 0 0 2 2
3.8891272008018856e-05 3 0 3 2 2 1 3 3 1 0
3.8891272008018856e-05 3 0 3 2 2 2 3 3 2 0
-902.1085926520493 3 0 3 3 0 0 0 0 0 0
-109.4447491437721 3 0 3 3 0 0 0 0 0 3
-109.94108206957361 3 0 3 3 0 0 0 0 3 0
0.446993729505754 3 0 3 3 0 0 0 0 3 3
-109.94108206957358 3 0 3 3 0 0 0 3 0 0
0.446993729505754 3 0 3 3 0 0 0 3 0 3
0.45202586049426463 3 0 3 3 0 0 0 3 3 0
0.057041556640229314 3 0 3 3 0 0 0 3 3 3
-106.92955312213594 3 0 3 3 0 0 3 0 0 0
0.4074384562884918 3 0 3 3 0 0 3 0 0 3
0.44449125167256576 3 0 3 3 0 0 3 0 3 0
0.0520842052848454 3 0 3 3 0 0 3 0 3 3
0.4444912516725657 3 0 3 3 0 0 3 3 0 0
0.0520842052848454 3 0 3 3 0 0 3 3 0 3
0.05581785734623067 3 0 3 3 0 0 3 3 3 0
-0.0021678837928774688 3 0 3 3 0 1 0 0 3 1
-0.0021678837928774688 3 0 3 3 0 1 0 3 0 1
-0.01717965563296577 3 0 3 3 0 1 0 3 3 1
-0.0017130739962364506 3 0 3 3 0 1 3 0 0 1
-0.014384280717401915 3 0 3 3 0 1 3 0 3 1
-0.014384280717401915 3 0 3 3 0 1 3 3 0 1
1.669429095425164 3 0 3 3 0 1 3 3 3 1
-0.0021678837928774688 3 0 3 3 0 2 0 0 3 2
-0.0021678837928774688 3 0 3 3 0 2 0 3 0 2
-0.01717965563296577 3 0 3 3 0 2 0 3 3 2
-0.0017130739962364506 3 0 3 3 0 2 3 0 0 2
-0.014384280717401915 3 0 3 3 0 2 3 0 3 2
-0.014384280717401915 3 0 3 3 0 2 3 3 0 2
1.6694290954251643 3 0 3 3 0 2 3 3 3 2
-108.83964353115203 3 0 3 3 0 3 0 0 0 0
0.4664582592220329 3 0 3 3 0 3 0 0 0 3
0.4740783066890178 3 0 3 3 0 3 0 0 3 0
0.054676840447160396 3 0 3 3 0 3 0 0 3 3
0.4740783066890178 3 0 3 3 0 3 0 3 0 0
0.054676840447160396 3 0 3 3 0 3 0 3 0 3
0.05483971765740215 3 0 3 3 0 3 0 3 3 0
0.464770198845201 3 0 3 3 0 3 3 0 0 0
0.0495209572764483 3 0 3 3 0 3 3 0 0 3
0.05366467502793312 3 0 3 3 0 3 3 0 3 0
0.05366467502793312 3 0 3 3 0 3 3 3 0 0
-98.40996605332887 3 0 3 3 3 0 0 0 0 0
0.4294841993524771 3 0 3 3 3 0 0 0 0 3
0.4241148474345539 3 0 3 3 3 0 0 0 3 0
0.05600186438833694 3 0 3 3 3 0 0 0 3 3
0.42411484743455397 3 0 3 3 3 0 0 3 0 0
0.056001864388336944 3 0 3 3 3 0 0 3 0 3
0.0545585237890245 3 0 3 3 3 0 0 3 3 0
0.4262700777670633 3 0 3 3 3 0 3 0 0 0
0.0525696406197134 3 0 3 3 3 0 3 0 0 3
0.05474612826273032 3 0 3 3 3 0 3 0 3 0
0.054746128262730315 3 0 3 3 3 0 3 3 0 0
-0.0031321014998922513 3 0 3 3 3 1 0 0 0 1
-0.02660193364718371 3 0 3 3 3 1 0 0 3 1
-0.02660193364718371 3 0 3 3 3 1 0 3 0 1
6.0828348602685995 3 0 3 3 3 1 0 3 3 1
-0.01595832541177453 3 0 3 3 3 1 3 0 0 1
3.6465246347940616 3 0 3 3 3 1 3 0 3 1
3.6465246347940616 3 0 3 3 3 1 3 3 0 1
32.31389251101974 3 0 3 3 3 1 3 3 3 1
-0.0031321014998922513 3 0 3 3 3 2 0 0 0 2
-0.02660193364718371 3 0 3 3 3 2 0 0 3 2
-0.02660193364718371 3 0 3 3 3 2 0 3 0 2
6.0828348602685995 3 0 3 3 3 2 0 3 3 2
-0.01595832541177453 3 0 3 3 3 2 3 0 0 2
3.6465246347940616 3 0 3 3 3 2 3 0 3 2
3.646524634794061 3 0 3 3 3 2 3 3 0 2
32.31389251101974 3 0 3 3 3 2 3 3 3 2
0.4533495285139633 3 0 3 3 3 3 0 0 0 0
0.05522767407413052 3 0 3 3 3 3 0 0 0 3
0.05389080042300662 3 0 3 3 3 3 0 0 3 0
0.053890800423006625 3 0 3 3 3 3 0 3 0 0
0.053900570756798084 3 0 3 3 3 3 3 0 0 0
0.0012527231386260202 3 1 0 0 1 0 1 0 0 1
0.00014193376050890779 3 1 0 0 1 0 1 0 3 1
0.00014193376050890779 3 1 0 0 1 0 1 3 0 1
0.0012527231386260202 3 1 0 0 1 0 2 0 0 2
0.00014193376050890779 3 1 0 0 1 0 2 0 3 2
0.00014193376050890779 3 1 0 0 1 0 2 3 0 2
0.00036564891262596405 3 1 0 0 1 3 1 0 0 1
0.00036564891262596405 3 1 0 0 1 3 2 0 0 2
223.74459400127904 3 1 0 0 2 0 1 0 0 2
22.221483749538816 3 1 0 0 2 0 1 0 3 2
22.221483749538816 3 1 0 0 2 0 1 3 0 2
-0.05181314086594956 3 1 0 0 2 0 1 3 3 2
-223.74459400127904 3 1 0 0 2 0 2 0 0 1
-22.221483749538812 3 1 0 0 2 0 2 0 3 1
-22.221483749538816 3 1 0 0 2 0 2 3 0 1
0.05181314086594956 3 1 0 0 2 0 2 3 3 1
0.00147106833672125 3 1 0 0 2 1 2 0 3 0
0.00147106833672125 3 1 0 0 2 1 2 3 0 0
0.011827953721085444 3 1 0 0 2 1 2 3 3 0
0.001806980469163172 3 1 0 0 2 1 2 3 3 3
-0.00147106833672125 3 1 0 0 2 2 1 0 3 0
-0.00147106833672125 3 1 0 0 2 2 1 3 0 0
-0.011827953721085444 3 1 0 0 2 2 1 3 3 0
-0.001806980469163172 3 1 0 0 2 2 1 3 3 3
23.6675239885498 3 1 0 0 2 3 1 0 0 2
-0.0574246169649773 3 1 0 0 2 3 1 0 3 2
-0.0574246169649773 3 1 0 0 2 3 1 3 0 2
-0.005807358837494822 3 1 0 0 2 3 1 3 3 2
-23.6675239885498 3 1 0 0 2 3 2 0 0 1
0.0574246169649773 3 1 0 0 2 3 2 0 3 1
0.0574246169649773 3 1 0 0 2 3 2 3 0 1
0.005807358837494822 3 1 0 0 2 3 2 3 3 1
0.002604183948981907 3 1 0 1 0 0 1 0 1 0
0.0002681333018464146 3 1 0 1 0 0 1 0 1 3
0.0002771143645157712 3 1 0 1 0 0 1 3 1 0
0.002604183948981907 3 1 0 1 0 0 2 0 2 0
0.0002681333018464146 3 1 0 1 0 0 2 0 2 3
0.0002771143645157712 3 1 0 1 0 0 2 3 2 0
0.00041694117263125813 3 1 0 1 0 3 1 0 1 0
0.00041694117263125813 3 1 0 1 0 3 2 0 2 0
0.00023519633113957243 3 1 0 1 3 0 1 0 1 0
0.00023519633113957238 3 1 0 1 3 0 2 0 2 0
19.980979736132344 3 1 0 2 0 0 1 0 2 0
1.943686309451844 3 1 0 2 0 0 1 0 2 3
1.9751364077428046 3 1 0 2 0 0 1 3 2 0
-0.004553571256875197 3 1 0 2 0 0 1 3 2 3
-19.980979736132344 3 1 0 2 0 0 2 0 1 0
-1.943686309451844 3 1 0 2 0 0 2 0 1 3
-1.9751364077428046 3 1 0 2 0 0 2 3 1 0
0.004553571256875197 3 1 0 2 0 0 2 3 1 3
-5.9281883486674705e-05 3 1 0 2 0 1 1 3 2 1
-8.417067315848287e-06 3 1 0 2 0 1 2 3 1 1
-6.769895080252298e-05 3 1 0 2 0 1 2 3 2 2
6.769895080252298e-05 3 1 0 2 0 2 1 3 1 1
8.417067315848287e-06 3 1 0 2 0 2 1 3 2 2
5.9281883486674705e-05 3 1 0 2 0 2 2 3 1 2
3.3625655998121378 3 1 0 2 0 3 1 0 2 0
-0.0058579101597340906 3 1 0 2 0 3 1 0 2 3
-0.005964943873296533 3 1 0 2 0 3 1 3 2 0
-0.0006390540950164942 3 1 0 2 0 3 1 3 2 3
-3.3625655998121373 3 1 0 2 0 3 2 0 1 0
0.0058579101597340906 3 1 0 2 0 3 2 0 1 3
0.005964943873296533 3 1 0 2 0 3 2 3 1 0
0.0006390540950164942 3 1 0 2 0 3 2 3 1 3
1.6555125519643774 3 1 0 2 3 0 1 0 2 0
-0.005734693744308399 3 1 0 2 3 0 1 0 2 3
-0.004446010108242547 3 1 0 2 3 0 1 3 2 0
-0.0006779050259368432 3 1 0 2 3 0 1 3 2 3
-1.6555125519643774 3 1 0 2 3 0 2 0 1 0
0.005734693744308399 3 1 0 2 3 0 2 0 1 3
0.004446010108242547 3 1 0 2 3 0 2 3 1 0
0.0006779050259368432 3 1 0 2 3 0 2 3 1 3
-8.629779238322733e-05 3 1 0 2 3 1 1 0 2 1
-0.0005164473848445593 3 1 0 2 3 1 1 3 2 1
-3.557808960040074e-05 3 1 0 2 3 1 2 0 1 1
-0.00012187588198362807 3 1 0 2 3 1 2 0 2 2
-0.0002679340775291069 3 1 0 2 3 1 2 3 1 1
-0.0007843814623736663 3 1 0 2 3 1 2 3 2 2
0.00012187588198362807 3 1 0 2 3 2 1 0 1 1
3.557808960040074e-05 3 1 0 2 3 2 1 0 2 2
0.0007843814623736663 3 1 0 2 3 2 1 3 1 1
0.0002679340775291069 3 1 0 2 3 2 1 3 2 2
8.629779238322733e-05 3 1 0 2 3 2 2 0 1 2
0.0005164473848445593 3 1 0 2 3 2 2 3 1 2
-0.005857910159734091 3 1 0 2 3 3 1 0 2 0
-0.000916833658429055 3 1 0 2 3 3 1 0 2 3
-0.000662609475066456 3 1 0 2 3 3 1 3 2 0
0.005857910159734091 3 1 0 2 3 3 2 0 1 0
0.000916833658429055 3 1 0 2 3 3 2 0 1 3
0.000662609475066456 3 1 0 2 3 3 2 3 1 0
0.00013014353979745236 3 1 0 3 1 0 1 0 0 1
0.00013014353979745236 3 1 0 3 1 0 2 0 0 2
3.6709816712420014e-05 3 1 0 3 1 1 1 3 3 0
3.6709816712420014e-05 3 1 0 3 1 2 2 3 3 0
18.075626408750804 3 1 0 3 2 0 1 0 0 2
-0.05219142378158605 3 1 0 3 2 0 1 0 3 2
-0.049957577620565075 3 1 0 3 2 0 1 3 0 2
-0.006137890168516642 3 1 0 3 2 0 1 3 3 2
-18.075626408750804 3 1 0 3 2 0 2 0 0 1
0.05219142378158605 3 1 0 3 2 0 2 0 3 1
0.049957577620565075 3 1 0 3 2 0 2 3 0 1
0.006137890168516642 3 1 0 3 2 0 2 3 3 1
0.0015929442187048782 3 1 0 3 2 1 2 0 0 0
0.013412069290962525 3 1 0 3 2 1 2 0 3 0
0.0020146279611951167 3 1 0 3 2 1 2 0 3 3
0.012884698410290042 3 1 0 3 2 1 2 3 0 0
0.0019232276129834743 3 1 0 3 2 1 2 3 0 3
-4.678354971910413 3 1 0 3 2 1 2 3 3 0
0.015864274758464907 3 1 0 3 2 1 2 3 3 3
-0.0015929442187048782 3 1 0 3 2 2 1 0 0 0
-0.013412069290962525 3 1 0 3 2 2 1 0 3 0
-0.0020146279611951167 3 1 0 3 2 2 1 0 3 3
-0.012884698410290042 3 1 0 3 2 2 1 3 0 0
-0.0019232276129834743 3 1 0 3 2 2 1 3 0 3
4.678354971910413 3 1 0 3 2 2 1 3 3 0
-0.015864274758464907 3 1 0 3 2 2 1 3 3 3
-0.05742461696497729 3 1 0 3 2 3 1 0 0 2
-0.006402836778161466 3 1 0 3 2 3 1 0 3 2
-0.005997999691033716 3 1 0 3 2 3 1 3 0 2
0.05742461696497729 3 1 0 3 2 3 2 0 0 1
0.006402836778161466 3 1 0 3 2 3 2 0 3 1
0.005997999691033716 3 1 0 3 2 3 2 3 0 1
0.002604183948981907 3 1 1 0 0 0 1 1 0 0
0.0002681333018464146 3 1 1 0 0 0 1 1 0 3
0.0002771143645157712 3 1 1 0 0 0 1 1 3 0
0.002604183948981907 3 1 1 0 0 0 2 2 0 0
0.0002681333018464146 3 1 1 0 0 0 2 2 0 3
0.0002771143645157712 3 1 1 0 0 0 2 2 3 0
0.00041694117263125813 3 1 1 0 0 3 1 1 0 0
0.000416941172631258 3 1 1 0 0 3 2 2 0 0
0.0002351963311395724 3 1 1 0 3 0 1 1 0 0
0.00023519633113957243 3 1 1 0 3 0 2 2 0 0
0.0011673363372115147 3 1 1 2 2 0 1 1 2 2
-0.001066509823809469 3 1 1 2 2 0 1 2 1 2
-0.00010082651340204577 3 1 1 2 2 0 1 2 2 1
-0.00010082651340204577 3 1 1 2 2 0 2 1 1 2
-0.001066509823809469 3 1 1 2 2 0 2 1 2 1
0.0011673363372115147 3 1 1 2 2 0 2 2 1 1
1.7355572989369235e-05 3 1 1 2 2 1 1 2 2 0
5.6960378239159305e-06 3 1 1 2 2 1 1 2 2 3
-0.0002723632268309289 3 1 1 2 2 1 2 1 2 0
-4.8548193017779104e-05 3 1 1 2 2 1 2 1 2 3
0.00025500765384155964 3 1 1 2 2 1 2 2 1 0
4.285215519386319e-05 3 1 1 2 2 1 2 2 1 3
0.00025500765384155964 3 1 1 2 2 2 1 1 2 0
4.285215519386319e-05 3 1 1 2 2 2 1 1 2 3
-0.0002723632268309289 3 1 1 2 2 2 1 2 1 0
-4.8548193017779104e-05 3 1 1 2 2 2 1 2 1 3
1.7355572989369235e-05 3 1 1 2 2 2 2 1 1 0
5.6960378239159305e-06 3 1 1 2 2 2 2 1 1 3
0.00021419623358885583 3 1 1 2 2 3 1 1 2 2
-0.00019064085353889414 3 1 1 2 2 3 1 2 1 2
-2.3555380049961707e-05 3 1 1 2 2 3 1 2 2 1
-2.3555380049961707e-05 3 1 1 2 2 3 2 1 1 2
-0.00019064085353889414 3 1 1 2 2 3 2 1 2 1
0.00021419623358885583 3 1 1 2 2 3 2 2 1 1
0.00024079390411468971 3 1 1 3 0 0 1 1 0 0
0.0002407939041146896 3 1 1 3 0 0 2 2 0 0
-4.525762430046697e-08 3 1 1 3 3 1 1 1 3 1
-1.0444568443787262e-05 3 1 1 3 3 1 1 2 3 2
2.4032354339919012e-05 3 1 1 3 3 1 2 1 3 2
-1.3633043520432236e-05 3 1 1 3 3 1 2 2 3 1
-1.3633043520432243e-05 3 1 1 3 3 2 1 1 3 2
2.403235433991901e-05 3 1 1 3 3 2 1 2 3 1
-1.0444568443787235e-05 3 1 1 3 3 2 2 1 3 1
-4.525762430046697e-08 3 1 1 3 3 2 2 2 3 2
19.980979736132344 3 1 2 0 0 0 1 2 0 0
1.943686309451844 3 1 2 0 0 0 1 2 0 3
1.9751364077428046 3 1 2 0 0 0 1 2 3 0
-0.004553571256875198 3 1 2 0 0 0 1 2 3 3
-19.980979736132344 3 1 2 0 0 0 2 1 0 0
-1.943686309451844 3 1 2 0 0 0 2 1 0 3
-1.9751364077428042 3 1 2 0 0 0 2 1 3 0
0.004553571256875198 3 1 2 0 0 0 2 1 3 3
-5.9281883486674705e-05 3 1 2 0 0 1 1 2 3 1
-8.417067315848287e-06 3 1 2 0 0 1 2 1 3 1
-6.769895080252298e-05 3 1 2 0 0 1 2 2 3 2
6.769895080252298e-05 3 1 2 0 0 2 1 1 3 1
8.417067315848287e-06 3 1 2 0 0 2 1 2 3 2
5.9281883486674705e-05 3 1 2 0 0 2 2 1 3 2
3.3625655998121378 3 1 2 0 0 3 1 2 0 0
-0.0058579101597340906 3 1 2 0 0 3 1 2 0 3
-0.005964943873296533 3 1 2 0 0 3 1 2 3 0
-0.0006390540950164942 3 1 2 0 0 3 1 2 3 3
-3.3625655998121373 3 1 2 0 0 3 2 1 0 0
0.0058579101597340906 3 1 2 0 0 3 2 1 0 3
0.005964943873296533 3 1 2 0 0 3 2 1 3 0
0.0006390540950164942 3 1 2 0 0 3 2 1 3 3
1.6555125519643774 3 1 2 0 3 0 1 2 0 0
-0.005734693744308399 3 1 2 0 3 0 1 2 0 3
-0.004446010108242548 3 1 2 0 3 0 1 2 3 0
-0.0006779050259368432 3 1 2 0 3 0 1 2 3 3
-1.6555125519643774 3 1 2 0 3 0 2 1 0 0
0.005734693744308399 3 1 2 0 3 0 2 1 0 3
0.004446010108242548 3 1 2 0 3 0 2 1 3 0
0.0006779050259368432 3 1 2 0 3 0 2 1 3 3
-8.629779238322733e-05 3 1 2 0 3 1 1 2 0 1
-0.0005164473848445595 3 1 2 0 3 1 1 2 3 1
-3.557808960040074e-05 3 1 2 0 3 1 2 1 0 1
-0.0002679340775291069 3 1 2 0 3 1 2 1 3 1
-0.00012187588198362807 3 1 2 0 3 1 2 2 0 2
-0.0007843814623736665 3 1 2 0 3 1 2 2 3 2
0.00012187588198362807 3 1 2 0 3 2 1 1 0 1
0.0007843814623736665 3 1 2 0 3 2 1 1 3 1
3.557808960040074e-05 3 1 2 0 3 2 1 2 0 2
0.0002679340775291069 3 1 2 0 3 2 1 2 3 2
8.629779238322733e-05 3 1 2 0 3 2 2 1 0 2
0.0005164473848445595 3 1 2 0 3 2 2 1 3 2
-0.005857910159734091 3 1 2 0 3 3 1 2 0 0
-0.000916833658429055 3 1 2 0 3 3 1 2 0 3
-0.000662609475066456 3 1 2 0 3 3 1 2 3 0
0.005857910159734091 3 1 2 0 3 3 2 1 0 0
0.000916833658429055 3 1 2 0 3 3 2 1 0 3
0.000662609475066456 3 1 2 0 3 3 2 1 3 0
-0.001066509823809469 3 1 2 1 2 0 1 1 2 2
0.0011673363372115147 3 1 2 1 2 0 1 2 1 2
-0.00010082651340204577 3 1 2 1 2 0 1 2 2 1
-0.00010082651340204577 3 1 2 1 2 0 2 1 1 2
0.0011673363372115147 3 1 2 1 2 0 2 1 2 1
-0.001066509823809469 3 1 2 1 2 0 2 2 1 1
1.7355572989369235e-05 3 1 2 1 2 1 1 2 2 0
5.6960378239159305e-06 3 1 2 1 2 1 1 2 2 3
0.00025500765384155964 3 1 2 1 2 1 2 1 2 0
4.285215519386319e-05 3 1 2 1 2 1 2 1 2 3
-0.0002723632268309289 3 1 2 1 2 1 2 2 1 0
-4.8548193017779104e-05 3 1 2 1 2 1 2 2 1 3
-0.0002723632268309289 3 1 2 1 2 2 1 1 2 0
-4.8548193017779104e-05 3 1 2 1 2 2 1 1 2 3
0.00025500765384155964 3 1 2 1 2 2 1 2 1 0
4.285215519386319e-05 3 1 2 1 2 2 1 2 1 3
1.7355572989369235e-05 3 1 2 1 2 2 2 1 1 0
5.6960378239159305e-06 3 1 2 1 2 2 2 1 1 3
-0.00019064085353889414 3 1 2 1 2 3 1 1 2 2
0.00021419623358885583 3 1 2 1 2 3 1 2 1 2
-2.3555380049961707e-05 3 1 2 1 2 3 1 2 2 1
-2.3555380049961707e-05 3 1 2 1 2 3 2 1 1 2
0.00021419623358885583 3 1 2 1 2 3 2 1 2 1
-0.00019064085353889414 3 1 2 1 2 3 2 2 1 1
-0.00010082651340204577 3 1 2 2 1 0 1 1 2 2
-0.00010082651340204577 3 1 2 2 1 0 1 2 1 2
0.00020165302680409157 3 1 2 2 1 0 1 2 2 1
0.00020165302680409157 3 1 2 2 1 0 2 1 1 2
-0.00010082651340204577 3 1 2 2 1 0 2 1 2 1
-0.00010082651340204577 3 1 2 2 1 0 2 2 1 1
-3.471114597873847e-05 3 1 2 2 1 1 1 2 2 0
-1.1392075647831861e-05 3 1 2 2 1 1 1 2 2 3
1.7355572989369235e-05 3 1 2 2 1 1 2 1 2 0
5.6960378239159305e-06 3 1 2 2 1 1 2 1 2 3
1.7355572989369235e-05 3 1 2 2 1 1 2 2 1 0
5.6960378239159305e-06 3 1 2 2 1 1 2 2 1 3
1.7355572989369235e-05 3 1 2 2 1 2 1 1 2 0
5.6960378239159305e-06 3 1 2 2 1 2 1 1 2 3
1.7355572989369235e-05 3 1 2 2 1 2 1 2 1 0
5.6960378239159305e-06 3 1 2 2 1 2 1 2 1 3
-3.471114597873847e-05 3 1 2 2 1 2 2 1 1 0
-1.1392075647831861e-05 3 1 2 2 1 2 2 1 1 3
-2.3555380049961707e-05 3 1 2 2 1 3 1 1 2 2
-2.3555380049961707e-05 3 1 2 2 1 3 1 2 1 2
4.711076009992342e-05 3 1 2 2 1 3 1 2 2 1
4.711076009992342e-05 3 1 2 2 1 3 2 1 1 2
-2.3555380049961707e-05 3 1 2 2 1 3 2 1 2 1
-2.3555380049961707e-05 3 1 2 2 1 3 2 2 1 1
1.6091670039503263 3 1 2 3 0 0 1 2 0 0
-0.004412986758469579 3 1 2 3 0 0 1 2 0 3
-0.004736873403231625 3 1 2 3 0 0 1 2 3 0
-0.00056019962529268 3 1 2 3 0 0 1 2 3 3
-1.6091670039503263 3 1 2 3 0 0 2 1 0 0
0.004412986758469579 3 1 2 3 0 0 2 1 0 3
0.004736873403231625 3 1 2 3 0 0 2 1 3 0
0.00056019962529268 3 1 2 3 0 0 2 1 3 3
-6.49779213105906e-05 3 1 2 3 0 1 1 2 0 1
-0.000267522771632027 3 1 2 3 0 1 1 2 3 1
-2.72102949193236e-06 3 1 2 3 0 1 2 1 0 1
1.4383146453014063e-05 3 1 2 3 0 1 2 1 3 1
-6.769895080252297e-05 3 1 2 3 0 1 2 2 0 2
-0.0002531396251790129 3 1 2 3 0 1 2 2 3 2
6.769895080252297e-05 3 1 2 3 0 2 1 1 0 1
0.0002531396251790129 3 1 2 3 0 2 1 1 3 1
2.72102949193236e-06 3 1 2 3 0 2 1 2 0 2
-1.4383146453014063e-05 3 1 2 3 0 2 1 2 3 2
6.49779213105906e-05 3 1 2 3 0 2 2 1 0 2
0.000267522771632027 3 1 2 3 0 2 2 1 3 2
-0.005964943873296533 3 1 2 3 0 3 1 2 0 0
-0.000662609475066456 3 1 2 3 0 3 1 2 0 3
-0.0007174191882360074 3 1 2 3 0 3 1 2 3 0
0.005964943873296533 3 1 2 3 0 3 2 1 0 0
0.000662609475066456 3 1 2 3 0 3 2 1 0 3
0.0007174191882360074 3 1 2 3 0 3 2 1 3 0
-0.004103772583032838 3 1 2 3 3 0 1 2 0 0
-0.0006157083958901934 3 1 2 3 3 0 1 2 0 3
-0.0005259526375204543 3 1 2 3 3 0 1 2 3 0
0.004103772583032838 3 1 2 3 3 0 2 1 0 0
0.0006157083958901934 3 1 2 3 3 0 2 1 0 3
0.0005259526375204543 3 1 2 3 3 0 2 1 3 0
-3.7840073232671225e-06 3 1 2 3 3 1 1 1 3 2
-0.0005338029578339287 3 1 2 3 3 1 1 2 0 1
0.9453357131219648 3 1 2 3 3 1 1 2 3 1
-0.0002505785045397377 3 1 2 3 3 1 2 1 0 1
0.16746421867980207 3 1 2 3 3 1 2 1 3 1
-0.0007843814623736665 3 1 2 3 3 1 2 2 0 2
1.1127961477944435 3 1 2 3 3 1 2 2 3 2
0.0007843814623736665 3 1 2 3 3 2 1 1 0 1
-1.1127961477944432 3 1 2 3 3 2 1 1 3 1
0.0002505785045397377 3 1 2 3 3 2 1 2 0 2
-0.16746421867980207 3 1 2 3 3 2 1 2 3 2
0.0005338029578339287 3 1 2 3 3 2 2 1 0 2
-0.9453357131219648 3 1 2 3 3 2 2 1 3 2
3.784007323267125e-06 3 1 2 3 3 2 2 2 3 1
-0.0006390540950164942 3 1 2 3 3 3 1 2 0 0
0.0006390540950164942 3 1 2 3 3 3 2 1 0 0
0.00013014353979745236 3 1 3 0 1 0 1 0 0 1
0.00013014353979745236 3 1 3 0 1 0 2 0 0 2
3.6709816712420014e-05 3 1 3 0 1 1 1 3 3 0
3.6709816712420014e-05 3 1 3 0 1 2 2 3 3 0
18.075626408750804 3 1 3 0 2 0 1 0 0 2
-0.04995757762056506 3 1 3 0 2 0 1 0 3 2
-0.05219142378158604 3 1 3 0 2 0 1 3 0 2
-0.006137890168516642 3 1 3 0 2 0 1 3 3 2
-18.0756264087508 3 1 3 0 2 0 2 0 0 1
0.04995757762056506 3 1 3 0 2 0 2 0 3 1
0.05219142378158604 3 1 3 0 2 0 2 3 0 1
0.006137890168516642 3 1 3 0 2 0 2 3 3 1
0.0015929442187048782 3 1 3 0 2 1 2 0 0 0
0.01288469841029004 3 1 3 0 2 1 2 0 3 0
0.0019232276129834743 3 1 3 0 2 1 2 0 3 3
0.013412069290962527 3 1 3 0 2 1 2 3 0 0
0.0020146279611951167 3 1 3 0 2 1 2 3 0 3
-4.678354971910412 3 1 3 0 2 1 2 3 3 0
0.015864274758464907 3 1 3 0 2 1 2 3 3 3
-0.0015929442187048782 3 1 3 0 2 2 1 0 0 0
-0.01288469841029004 3 1 3 0 2 2 1 0 3 0
-0.0019232276129834743 3 1 3 0 2 2 1 0 3 3
-0.013412069290962527 3 1 3 0 2 2 1 3 0 0
-0.0020146279611951167 3 1 3 0 2 2 1 3 0 3
4.678354971910412 3 1 3 0 2 2 1 3 3 0
-0.015864274758464907 3 1 3 0 2 2 1 3 3 3
-0.05742461696497729 3 1 3 0 2 3 1 0 0 2
-0.005997999691033716 3 1 3 0 2 3 1 0 3 2
-0.006402836778161466 3 1 3 0 2 3 1 3 0 2
0.05742461696497729 3 1 3 0 2 3 2 0 0 1
0.005997999691033716 3 1 3 0 2 3 2 0 3 1
0.006402836778161466 3 1 3 0 2 3 2 3 0 1
0.00024079390411468963 3 1 3 1 0 0 1 0 1 0
0.0002407939041146897 3 1 3 1 0 0 2 0 2 0
-4.525762430047036e-08 3 1 3 1 3 1 1 3 1 1
-1.0444568443787262e-05 3 1 3 1 3 1 1 3 2 2
2.403235433991901e-05 3 1 3 1 3 1 2 3 1 2
-1.3633043520432243e-05 3 1 3 1 3 1 2 3 2 1
-1.3633043520432243e-05 3 1 3 1 3 2 1 3 1 2
2.4032354339919005e-05 3 1 3 1 3 2 1 3 2 1
-1.0444568443787235e-05 3 1 3 1 3 2 2 3 1 1
-4.525762430047036e-08 3 1 3 1 3 2 2 3 2 2
1.6091670039503263 3 1 3 2 0 0 1 0 2 0
-0.004412986758469579 3 1 3 2 0 0 1 0 2 3
-0.004736873403231625 3 1 3 2 0 0 1 3 2 0
-0.00056019962529268 3 1 3 2 0 0 1 3 2 3
-1.6091670039503263 3 1 3 2 0 0 2 0 1 0
0.004412986758469579 3 1 3 2 0 0 2 0 1 3
0.004736873403231625 3 1 3 2 0 0 2 3 1 0
0.00056019962529268 3 1 3 2 0 0 2 3 1 3
-6.49779213105906e-05 3 1 3 2 0 1 1 0 2 1
-0.000267522771632027 3 1 3 2 0 1 1 3 2 1
-2.72102949193236e-06 3 1 3 2 0 1 2 0 1 1
-6.769895080252297e-05 3 1 3 2 0 1 2 0 2 2
1.4383146453014063e-05 3 1 3 2 0 1 2 3 1 1
-0.0002531396251790129 3 1 3 2 0 1 2 3 2 2
6.769895080252297e-05 3 1 3 2 0 2 1 0 1 1
2.72102949193236e-06 3 1 3 2 0 2 1 0 2 2
0.0002531396251790129 3 1 3 2 0 2 1 3 1 1
-1.4383146453014063e-05 3 1 3 2 0 2 1 3 2 2
6.49779213105906e-05 3 1 3 2 0 2 2 0 1 2
0.000267522771632027 3 1 3 2 0 2 2 3 1 2
-0.005964943873296533 3 1 3 2 0 3 1 0 2 0
-0.000662609475066456 3 1 3 2 0 3 1 0 2 3
-0.0007174191882360075 3 1 3 2 0 3 1 3 2 0
0.005964943873296533 3 1 3 2 0 3 2 0 1 0
0.000662609475066456 3 1 3 2 0 3 2 0 1 3
0.0007174191882360075 3 1 3 2 0 3 2 3 1 0
-0.004103772583032837 3 1 3 2 3 0 1 0 2 0
-0.0006157083958901934 3 1 3 2 3 0 1 0 2 3
-0.0005259526375204542 3 1 3 2 3 0 1 3 2 0
0.004103772583032837 3 1 3 2 3 0 2 0 1 0
0.0006157083958901934 3 1 3 2 3 0 2 0 1 3
0.0005259526375204542 3 1 3 2 3 0 2 3 1 0
-0.0005338029578339285 3 1 3 2 3 1 1 0 2 1
-3.7840073232671225e-06 3 1 3 2 3 1 1 3 1 2
0.9453357131219648 3 1 3 2 3 1 1 3 2 1
-0.0002505785045397377 3 1 3 2 3 1 2 0 1 1
-0.0007843814623736663 3 1 3 2 3 1 2 0 2 2
0.16746421867980207 3 1 3 2 3 1 2 3 1 1
1.1127961477944435 3 1 3 2 3 1 2 3 2 2
0.0007843814623736663 3 1 3 2 3 2 1 0 1 1
0.0002505785045397377 3 1 3 2 3 2 1 0 2 2
-1.1127961477944432 3 1 3 2 3 2 1 3 1 1
-0.16746421867980207 3 1 3 2 3 2 1 3 2 2
0.0005338029578339285 3 1 3 2 3 2 2 0 1 2
-0.9453357131219648 3 1 3 2 3 2 2 3 1 2
3.784007323267125e-06 3 1 3 2 3 2 2 3 2 1
-0.0006390540950164942 3 1 3 2 3 3 1 0 2 0
0.0006390540950164942 3 1 3 2 3 3 2 0 1 0
4.337037783294004e-05 3 1 3 3 1 1 1 0 3 0
4.337037783294004e-05 3 1 3 3 1 1 1 3 0 0
-1.3386752887471006e-05 3 1 3 3 1 1 1 3 3 0
-1.017938323040013e-05 3 1 3 3 1 1 1 3 3 3
4.337037783294004e-05 3 1 3 3 1 2 2 0 3 0
4.337037783294004e-05 3 1 3 3 1 2 2 3 0 0
-1.3386752887471873e-05 3 1 3 3 1 2 2 3 3 0
-1.017938323040013e-05 3 1 3 3 1 2 2 3 3 3
-0.045968994727561635 3 1 3 3 2 0 1 0 0 2
-0.005682042862098107 3 1 3 3 2 0 1 0 3 2
-0.005682042862098107 3 1 3 3 2 0 1 3 0 2
0.045968994727561635 3 1 3 3 2 0 2 0 0 1
0.005682042862098107 3 1 3 3 2 0 2 0 3 1
0.005682042862098107 3 1 3 3 2 0 2 3 0 1
0.013396716645832777 3 1 3 3 2 1 2 0 0 0
0.0019423783707682185 3 1 3 3 2 1 2 0 0 3
-5.7911751520592 3 1 3 3 2 1 2 0 3 0
0.01611741438364392 3 1 3 3 2 1 2 0 3 3
-5.791175152059199 3 1 3 3 2 1 2 3 0 0
0.016117414383643922 3 1 3 3 2 1 2 3 0 3
-57.136653008086626 3 1 3 3 2 1 2 3 3 0
-7.70399006608423 3 1 3 3 2 1 2 3 3 3
-0.013396716645832777 3 1 3 3 2 2 1 0 0 0
-0.0019423783707682185 3 1 3 3 2 2 1 0 0 3
5.7911751520592 3 1 3 3 2 2 1 0 3 0
-0.01611741438364392 3 1 3 3 2 2 1 0 3 3
5.791175152059199 3 1 3 3 2 2 1 3 0 0
-0.016117414383643922 3 1 3 3 2 2 1 3 0 3
57.136653008086626 3 1 3 3 2 2 1 3 3 0
7.703990066084229 3 1 3 3 2 2 1 3 3 3
-0.005807358837494823 3 1 3 3 2 3 1 0 0 2
0.005807358837494823 3 1 3 3 2 3 2 0 0 1
-223.74459400127904 3 2 0 0 1 0 1 0 0 2
-22.221483749538812 3 2 0 0 1 0 1 0 3 2
-22.221483749538816 3 2 0 0 1 0 1 3 0 2
0.05181314086594956 3 2 0 0 1 0 1 3 3 2
223.74459400127904 3 2 0 0 1 0 2 0 0 1
22.221483749538812 3 2 0 0 1 0 2 0 3 1
22.221483749538812 3 2 0 0 1 0 2 3 0 1
-0.05181314086594956 3 2 0 0 1 0 2 3 3 1
-0.00147106833672125 3 2 0 0 1 1 2 0 3 0
-0.00147106833672125 3 2 0 0 1 1 2 3 0 0
-0.011827953721085444 3 2 0 0 1 1 2 3 3 0
-0.001806980469163172 3 2 0 0 1 1 2 3 3 3
0.00147106833672125 3 2 0 0 1 2 1 0 3 0
0.00147106833672125 3 2 0 0 1 2 1 3 0 0
0.011827953721085444 3 2 0 0 1 2 1 3 3 0
0.001806980469163172 3 2 0 0 1 2 1 3 3 3
-23.6675239885498 3 2 0 0 1 3 1 0 0 2
0.0574246169649773 3 2 0 0 1 3 1 0 3 2
0.0574246169649773 3 2 0 0 1 3 1 3 0 2
0.005807358837494822 3 2 0 0 1 3 1 3 3 2
23.6675239885498 3 2 0 0 1 3 2 0 0 1
-0.0574246169649773 3 2 0 0 1 3 2 0 3 1
-0.0574246169649773 3 2 0 0 1 3 2 3 0 1
-0.005807358837494822 3 2 0 0 1 3 2 3 3 1
0.0012527231386260202 3 2 0 0 2 0 1 0 0 1
0.00014193376050890779 3 2 0 0 2 0 1 0 3 1
0.00014193376050890779 3 2 0 0 2 0 1 3 0 1
0.0012527231386260168 3 2 0 0 2 0 2 0 0 2
0.00014193376050890779 3 2 0 0 2 0 2 0 3 2
0.00014193376050890779 3 2 0 0 2 0 2 3 0 2
0.0003656489126259632 3 2 0 0 2 3 1 0 0 1
0.0003656489126259632 3 2 0 0 2 3 2 0 0 2
-19.980979736132344 3 2 0 1 0 0 1 0 2 0
-1.943686309451844 3 2 0 1 0 0 1 0 2 3
-1.9751364077428046 3 2 0 1 0 0 1 3 2 0
0.004553571256875197 3 2 0 1 0 0 1 3 2 3
19.980979736132348 3 2 0 1 0 0 2 0 1 0
1.943686309451844 3 2 0 1 0 0 2 0 1 3
1.9751364077428046 3 2 0 1 0 0 2 3 1 0
-0.004553571256875197 3 2 0 1 0 0 2 3 1 3
5.9281883486674705e-05 3 2 0 1 0 1 1 3 2 1
8.417067315848287e-06 3 2 0 1 0 1 2 3 1 1
6.769895080252298e-05 3 2 0 1 0 1 2 3 2 2
-6.769895080252298e-05 3 2 0 1 0 2 1 3 1 1
-8.417067315848287e-06 3 2 0 1 0 2 1 3 2 2
-5.9281883486674705e-05 3 2 0 1 0 2 2 3 1 2
-3.3625655998121378 3 2 0 1 0 3 1 0 2 0
0.0058579101597340906 3 2 0 1 0 3 1 0 2 3
0.005964943873296533 3 2 0 1 0 3 1 3 2 0
0.0006390540950164942 3 2 0 1 0 3 1 3 2 3
3.3625655998121373 3 2 0 1 0 3 2 0 1 0
-0.0058579101597340906 3 2 0 1 0 3 2 0 1 3
-0.005964943873296533 3 2 0 1 0 3 2 3 1 0
-0.0006390540950164942 3 2 0 1 0 3 2 3 1 3
-1.6555125519643774 3 2 0 1 3 0 1 0 2 0
0.005734693744308398 3 2 0 1 3 0 1 0 2 3
0.004446010108242547 3 2 0 1 3 0 1 3 2 0
0.0006779050259368432 3 2 0 1 3 0 1 3 2 3
1.6555125519643774 3 2 0 1 3 0 2 0 1 0
-0.005734693744308398 3 2 0 1 3 0 2 0 1 3
-0.004446010108242547 3 2 0 1 3 0 2 3 1 0
-0.0006779050259368432 3 2 0 1 3 0 2 3 1 3
8.629779238322733e-05 3 2 0 1 3 1 1 0 2 1
0.0005164473848445593 3 2 0 1 3 1 1 3 2 1
3.557808960040074e-05 3 2 0 1 3 1 2 0 1 1
0.00012187588198362808 3 2 0 1 3 1 2 0 2 2
0.0002679340775291069 3 2 0 1 3 1 2 3 1 1
0.0007843814623736662 3 2 0 1 3 1 2 3 2 2
-0.00012187588198362808 3 2 0 1 3 2 1 0 1 1
-3.557808960040074e-05 3 2 0 1 3 2 1 0 2 2
-0.0007843814623736662 3 2 0 1 3 2 1 3 1 1
-0.0002679340775291069 3 2 0 1 3 2 1 3 2 2
-8.629779238322733e-05 3 2 0 1 3 2 2 0 1 2
-0.0005164473848445593 3 2 0 1 3 2 2 3 1 2
0.005857910159734091 3 2 0 1 3 3 1 0 2 0
0.000916833658429055 3 2 0 1 3 3 1 0 2 3
0.000662609475066456 3 2 0 1 3 3 1 3 2 0
-0.005857910159734091 3 2 0 1 3 3 2 0 1 0
-0.000916833658429055 3 2 0 1 3 3 2 0 1 3
-0.000662609475066456 3 2 0 1 3 3 2 3 1 0
0.002604183948981907 3 2 0 2 0 0 1 0 1 0
0.0002681333018464146 3 2 0 2 0 0 1 0 1 3
0.0002771143645157711 3 2 0 2 0 0 1 3 1 0
0.002604183948981907 3 2 0 2 0 0 2 0 2 0
0.0002681333018464146 3 2 0 2 0 0 2 0 2 3
0.0002771143645157711 3 2 0 2 0 0 2 3 2 0
0.000416941172631258 3 2 0 2 0 3 1 0 1 0
0.00041694117263125813 3 2 0 2 0 3 2 0 2 0
0.00023519633113957243 3 2 0 2 3 0 1 0 1 0
0.0002351963311395724 3 2 0 2 3 0 2 0 2 0
-18.0756264087508 3 2 0 3 1 0 1 0 0 2
0.05219142378158605 3 2 0 3 1 0 1 0 3 2
0.049957577620565075 3 2 0 3 1 0 1 3 0 2
0.006137890168516642 3 2 0 3 1 0 1 3 3 2
18.075626408750797 3 2 0 3 1 0 2 0 0 1
-0.05219142378158605 3 2 0 3 1 0 2 0 3 1
-0.049957577620565075 3 2 0 3 1 0 2 3 0 1
-0.006137890168516642 3 2 0 3 1 0 2 3 3 1
-0.0015929442187048782 3 2 0 3 1 1 2 0 0 0
-0.013412069290962527 3 2 0 3 1 1 2 0 3 0
-0.0020146279611951167 3 2 0 3 1 1 2 0 3 3
-0.012884698410290042 3 2 0 3 1 1 2 3 0 0
-0.001923227612983474 3 2 0 3 1 1 2 3 0 3
4.678354971910413 3 2 0 3 1 1 2 3 3 0
-0.015864274758464907 3 2 0 3 1 1 2 3 3 3
0.0015929442187048782 3 2 0 3 1 2 1 0 0 0
0.013412069290962527 3 2 0 3 1 2 1 0 3 0
0.0020146279611951167 3 2 0 3 1 2 1 0 3 3
0.012884698410290042 3 2 0 3 1 2 1 3 0 0
0.001923227612983474 3 2 0 3 1 2 1 3 0 3
-4.678354971910413 3 2 0 3 1 2 1 3 3 0
0.015864274758464907 3 2 0 3 1 2 1 3 3 3
0.05742461696497729 3 2 0 3 1 3 1 0 0 2
0.006402836778161466 3 2 0 3 1 3 1 0 3 2
0.005997999691033717 3 2 0 3 1 3 1 3 0 2
-0.05742461696497729 3 2 0 3 1 3 2 0 0 1
-0.006402836778161466 3 2 0 3 1 3 2 0 3 1
-0.005997999691033717 3 2 0 3 1 3 2 3 0 1
0.00013014353979745236 3 2 0 3 2 0 1 0 0 1
0.00013014353979745236 3 2 0 3 2 0 2 0 0 2
3.670981671242007e-05 3 2 0 3 2 1 1 3 3 0
3.670981671241996e-05 3 2 0 3 2 2 2 3 3 0
-19.980979736132344 3 2 1 0 0 0 1 2 0 0
-1.943686309451844 3 2 1 0 0 0 1 2 0 3
-1.9751364077428042 3 2 1 0 0 0 1 2 3 0
0.004553571256875198 3 2 1 0 0 0 1 2 3 3
19.980979736132348 3 2 1 0 0 0 2 1 0 0
1.943686309451844 3 2 1 0 0 0 2 1 0 3
1.9751364077428042 3 2 1 0 0 0 2 1 3 0
-0.004553571256875198 3 2 1 0 0 0 2 1 3 3
5.9281883486674705e-05 3 2 1 0 0 1 1 2 3 1
8.417067315848287e-06 3 2 1 0 0 1 2 1 3 1
6.769895080252298e-05 3 2 1 0 0 1 2 2 3 2
-6.769895080252298e-05 3 2 1 0 0 2 1 1 3 1
-8.417067315848287e-06 3 2 1 0 0 2 1 2 3 2
-5.9281883486674705e-05 3 2 1 0 0 2 2 1 3 2
-3.3625655998121378 3 2 1 0 0 3 1 2 0 0
0.0058579101597340906 3 2 1 0 0 3 1 2 0 3
0.005964943873296533 3 2 1 0 0 3 1 2 3 0
0.0006390540950164942 3 2 1 0 0 3 1 2 3 3
3.3625655998121373 3 2 1 0 0 3 2 1 0 0
-0.0058579101597340906 3 2 1 0 0 3 2 1 0 3
-0.005964943873296533 3 2 1 0 0 3 2 1 3 0
-0.0006390540950164942 3 2 1 0 0 3 2 1 3 3
-1.6555125519643774 3 2 1 0 3 0 1 2 0 0
0.005734693744308398 3 2 1 0 3 0 1 2 0 3
0.004446010108242548 3 2 1 0 3 0 1 2 3 0
0.0006779050259368432 3 2 1 0 3 0 1 2 3 3
1.6555125519643774 3 2 1 0 3 0 2 1 0 0
-0.005734693744308398 3 2 1 0 3 0 2 1 0 3
-0.004446010108242548 3 2 1 0 3 0 2 1 3 0
-0.0006779050259368432 3 2 1 0 3 0 2 1 3 3
8.629779238322733e-05 3 2 1 0 3 1 1 2 0 1
0.0005164473848445594 3 2 1 0 3 1 1 2 3 1
3.557808960040074e-05 3 2 1 0 3 1 2 1 0 1
0.0002679340775291069 3 2 1 0 3 1 2 1 3 1
0.00012187588198362808 3 2 1 0 3 1 2 2 0 2
0.0007843814623736663 3 2 1 0 3 1 2 2 3 2
-0.00012187588198362808 3 2 1 0 3 2 1 1 0 1
-0.0007843814623736663 3 2 1 0 3 2 1 1 3 1
-3.557808960040074e-05 3 2 1 0 3 2 1 2 0 2
-0.0002679340775291069 3 2 1 0 3 2 1 2 3 2
-8.629779238322733e-05 3 2 1 0 3 2 2 1 0 2
-0.0005164473848445594 3 2 1 0 3 2 2 1 3 2
0.005857910159734091 3 2 1 0 3 3 1 2 0 0
0.000916833658429055 3 2 1 0 3 3 1 2 0 3
0.000662609475066456 3 2 1 0 3 3 1 2 3 0
-0.005857910159734091 3 2 1 0 3 3 2 1 0 0
-0.000916833658429055 3 2 1 0 3 3 2 1 0 3
-0.000662609475066456 3 2 1 0 3 3 2 1 3 0
-0.00010082651340204577 3 2 1 1 2 0 1 1 2 2
-0.00010082651340204577 3 2 1 1 2 0 1 2 1 2
0.00020165302680409157 3 2 1 1 2 0 1 2 2 1
0.00020165302680409157 3 2 1 1 2 0 2 1 1 2
-0.00010082651340204577 3 2 1 1 2 0 2 1 2 1
-0.00010082651340204577 3 2 1 1 2 0 2 2 1 1
-3.471114597873847e-05 3 2 1 1 2 1 1 2 2 0
-1.1392075647831858e-05 3 2 1 1 2 1 1 2 2 3
1.7355572989369235e-05 3 2 1 1 2 1 2 1 2 0
5.6960378239159305e-06 3 2 1 1 2 1 2 1 2 3
1.7355572989369235e-05 3 2 1 1 2 1 2 2 1 0
5.6960378239159305e-06 3 2 1 1 2 1 2 2 1 3
1.7355572989369235e-05 3 2 1 1 2 2 1 1 2 0
5.6960378239159305e-06 3 2 1 1 2 2 1 1 2 3
1.7355572989369235e-05 3 2 1 1 2 2 1 2 1 0
5.6960378239159305e-06 3 2 1 1 2 2 1 2 1 3
-3.471114597873847e-05 3 2 1 1 2 2 2 1 1 0
-1.1392075647831858e-05 3 2 1 1 2 2 2 1 1 3
-2.3555380049961703e-05 3 2 1 1 2 3 1 1 2 2
-2.3555380049961703e-05 3 2 1 1 2 3 1 2 1 2
4.7110760099923406e-05 3 2 1 1 2 3 1 2 2 1
4.7110760099923406e-05 3 2 1 1 2 3 2 1 1 2
-2.3555380049961703e-05 3 2 1 1 2 3 2 1 2 1
-2.3555380049961703e-05 3 2 1 1 2 3 2 2 1 1
-0.001066509823809469 3 2 1 2 1 0 1 1 2 2
0.0011673363372115147 3 2 1 2 1 0 1 2 1 2
-0.00010082651340204577 3 2 1 2 1 0 1 2 2 1
-0.00010082651340204577 3 2 1 2 1 0 2 1 1 2
0.0011673363372115147 3 2 1 2 1 0 2 1 2 1
-0.001066509823809469 3 2 1 2 1 0 2 2 1 1
1.7355572989369235e-05 3 2 1 2 1 1 1 2 2 0
5.6960378239159305e-06 3 2 1 2 1 1 1 2 2 3
0.00025500765384155964 3 2 1 2 1 1 2 1 2 0
4.285215519386319e-05 3 2 1 2 1 1 2 1 2 3
-0.0002723632268309289 3 2 1 2 1 1 2 2 1 0
-4.854819301777911e-05 3 2 1 2 1 1 2 2 1 3
-0.0002723632268309289 3 2 1 2 1 2 1 1 2 0
-4.854819301777911e-05 3 2 1 2 1 2 1 1 2 3
0.00025500765384155964 3 2 1 2 1 2 1 2 1 0
4.285215519386319e-05 3 2 1 2 1 2 1 2 1 3
1.7355572989369235e-05 3 2 1 2 1 2 2 1 1 0
5.6960378239159305e-06 3 2 1 2 1 2 2 1 1 3
-0.00019064085353889414 3 2 1 2 1 3 1 1 2 2
0.00021419623358885588 3 2 1 2 1 3 1 2 1 2
-2.3555380049961707e-05 3 2 1 2 1 3 1 2 2 1
-2.3555380049961707e-05 3 2 1 2 1 3 2 1 1 2
0.00021419623358885588 3 2 1 2 1 3 2 1 2 1
-0.00019064085353889414 3 2 1 2 1 3 2 2 1 1
-1.6091670039503263 3 2 1 3 0 0 1 2 0 0
0.004412986758469579 3 2 1 3 0 0 1 2 0 3
0.004736873403231625 3 2 1 3 0 0 1 2 3 0
0.00056019962529268 3 2 1 3 0 0 1 2 3 3
1.6091670039503263 3 2 1 3 0 0 2 1 0 0
-0.004412986758469579 3 2 1 3 0 0 2 1 0 3
-0.004736873403231625 3 2 1 3 0 0 2 1 3 0
-0.00056019962529268 3 2 1 3 0 0 2 1 3 3
6.49779213105906e-05 3 2 1 3 0 1 1 2 0 1
0.000267522771632027 3 2 1 3 0 1 1 2 3 1
2.72102949193236e-06 3 2 1 3 0 1 2 1 0 1
-1.438314645301406e-05 3 2 1 3 0 1 2 1 3 1
6.769895080252297e-05 3 2 1 3 0 1 2 2 0 2
0.0002531396251790129 3 2 1 3 0 1 2 2 3 2
-6.769895080252297e-05 3 2 1 3 0 2 1 1 0 1
-0.0002531396251790129 3 2 1 3 0 2 1 1 3 1
-2.72102949193236e-06 3 2 1 3 0 2 1 2 0 2
1.438314645301406e-05 3 2 1 3 0 2 1 2 3 2
-6.49779213105906e-05 3 2 1 3 0 2 2 1 0 2
-0.000267522771632027 3 2 1 3 0 2 2 1 3 2
0.005964943873296533 3 2 1 3 0 3 1 2 0 0
0.0006626094750664561 3 2 1 3 0 3 1 2 0 3
0.0007174191882360075 3 2 1 3 0 3 1 2 3 0
-0.005964943873296533 3 2 1 3 0 3 2 1 0 0
-0.0006626094750664561 3 2 1 3 0 3 2 1 0 3
-0.0007174191882360074 3 2 1 3 0 3 2 1 3 0
0.004103772583032838 3 2 1 3 3 0 1 2 0 0
0.0006157083958901934 3 2 1 3 3 0 1 2 0 3
0.0005259526375204543 3 2 1 3 3 0 1 2 3 0
-0.004103772583032838 3 2 1 3 3 0 2 1 0 0
-0.0006157083958901934 3 2 1 3 3 0 2 1 0 3
-0.0005259526375204543 3 2 1 3 3 0 2 1 3 0
3.7840073232671242e-06 3 2 1 3 3 1 1 1 3 2
0.0005338029578339286 3 2 1 3 3 1 1 2 0 1
-0.9453357131219648 3 2 1 3 3 1 1 2 3 1
0.0002505785045397377 3 2 1 3 3 1 2 1 0 1
-0.16746421867980205 3 2 1 3 3 1 2 1 3 1
0.0007843814623736663 3 2 1 3 3 1 2 2 0 2
-1.1127961477944435 3 2 1 3 3 1 2 2 3 2
-0.0007843814623736663 3 2 1 3 3 2 1 1 0 1
1.1127961477944435 3 2 1 3 3 2 1 1 3 1
-0.0002505785045397377 3 2 1 3 3 2 1 2 0 2
0.16746421867980207 3 2 1 3 3 2 1 2 3 2
-0.0005338029578339286 3 2 1 3 3 2 2 1 0 2
0.9453357131219648 3 2 1 3 3 2 2 1 3 2
-3.7840073232671157e-06 3 2 1 3 3 2 2 2 3 1
0.0006390540950164942 3 2 1 3 3 3 1 2 0 0
-0.0006390540950164942 3 2 1 3 3 3 2 1 0 0
0.002604183948981907 3 2 2 0 0 0 1 1 0 0
0.0002681333018464146 3 2 2 0 0 0 1 1 0 3
0.0002771143645157711 3 2 2 0 0 0 1 1 3 0
0.002604183948981907 3 2 2 0 0 0 2 2 0 0
0.0002681333018464146 3 2 2 0 0 0 2 2 0 3
0.0002771143645157712 3 2 2 0 0 0 2 2 3 0
0.000416941172631258 3 2 2 0 0 3 1 1 0 0
0.00041694117263125813 3 2 2 0 0 3 2 2 0 0
0.00023519633113957246 3 2 2 0 3 0 1 1 0 0
0.00023519633113957243 3 2 2 0 3 0 2 2 0 0
0.0011673363372115147 3 2 2 1 1 0 1 1 2 2
-0.001066509823809469 3 2 2 1 1 0 1 2 1 2
-0.00010082651340204577 3 2 2 1 1 0 1 2 2 1
-0.00010082651340204577 3 2 2 1 1 0 2 1 1 2
-0.001066509823809469 3 2 2 1 1 0 2 1 2 1
0.0011673363372115147 3 2 2 1 1 0 2 2 1 1
1.7355572989369235e-05 3 2 2 1 1 1 1 2 2 0
5.6960378239159305e-06 3 2 2 1 1 1 1 2 2 3
-0.0002723632268309289 3 2 2 1 1 1 2 1 2 0
-4.854819301777911e-05 3 2 2 1 1 1 2 1 2 3
0.00025500765384155964 3 2 2 1 1 1 2 2 1 0
4.285215519386319e-05 3 2 2 1 1 1 2 2 1 3
0.00025500765384155964 3 2 2 1 1 2 1 1 2 0
4.285215519386319e-05 3 2 2 1 1 2 1 1 2 3
-0.0002723632268309289 3 2 2 1 1 2 1 2 1 0
-4.854819301777911e-05 3 2 2 1 1 2 1 2 1 3
1.7355572989369235e-05 3 2 2 1 1 2 2 1 1 0
5.6960378239159305e-06 3 2 2 1 1 2 2 1 1 3
0.00021419623358885588 3 2 2 1 1 3 1 1 2 2
-0.00019064085353889414 3 2 2 1 1 3 1 2 1 2
-2.3555380049961707e-05 3 2 2 1 1 3 1 2 2 1
-2.3555380049961707e-05 3 2 2 1 1 3 2 1 1 2
-0.00019064085353889414 3 2 2 1 1 3 2 1 2 1
0.00021419623358885588 3 2 2 1 1 3 2 2 1 1
0.00024079390411468971 3 2 2 3 0 0 1 1 0 0
0.00024079390411468974 3 2 2 3 0 0 2 2 0 0
-4.525762430045003e-08 3 2 2 3 3 1 1 1 3 1
-1.0444568443787242e-05 3 2 2 3 3 1 1 2 3 2
2.4032354339919026e-05 3 2 2 3 3 1 2 1 3 2
-1.3633043520432243e-05 3 2 2 3 3 1 2 2 3 1
-1.3633043520432243e-05 3 2 2 3 3 2 1 1 3 2
2.4032354339919026e-05 3 2 2 3 3 2 1 2 3 1
-1.0444568443787242e-05 3 2 2 3 3 2 2 1 3 1
-4.525762430045681e-08 3 2 2 3 3 2 2 2 3 2
-18.075626408750797 3 2 3 0 1 0 1 0 0 2
0.04995757762056506 3 2 3 0 1 0 1 0 3 2
0.05219142378158604 3 2 3 0 1 0 1 3 0 2
0.006137890168516642 3 2 3 0 1 0 1 3 3 2
18.075626408750797 3 2 3 0 1 0 2 0 0 1
-0.04995757762056506 3 2 3 0 1 0 2 0 3 1
-0.05219142378158604 3 2 3 0 1 0 2 3 0 1
-0.006137890168516642 3 2 3 0 1 0 2 3 3 1
-0.0015929442187048782 3 2 3 0 1 1 2 0 0 0
-0.01288469841029004 3 2 3 0 1 1 2 0 3 0
-0.001923227612983474 3 2 3 0 1 1 2 0 3 3
-0.013412069290962527 3 2 3 0 1 1 2 3 0 0
-0.0020146279611951167 3 2 3 0 1 1 2 3 0 3
4.678354971910413 3 2 3 0 1 1 2 3 3 0
-0.015864274758464907 3 2 3 0 1 1 2 3 3 3
0.0015929442187048782 3 2 3 0 1 2 1 0 0 0
0.01288469841029004 3 2 3 0 1 2 1 0 3 0
0.001923227612983474 3 2 3 0 1 2 1 0 3 3
0.013412069290962527 3 2 3 0 1 2 1 3 0 0
0.0020146279611951167 3 2 3 0 1 2 1 3 0 3
-4.678354971910413 3 2 3 0 1 2 1 3 3 0
0.015864274758464907 3 2 3 0 1 2 1 3 3 3
0.05742461696497729 3 2 3 0 1 3 1 0 0 2
0.005997999691033717 3 2 3 0 1 3 1 0 3 2
0.006402836778161466 3 2 3 0 1 3 1 3 0 2
-0.05742461696497729 3 2 3 0 1 3 2 0 0 1
-0.005997999691033717 3 2 3 0 1 3 2 0 3 1
-0.006402836778161466 3 2 3 0 1 3 2 3 0 1
0.00013014353979745236 3 2 3 0 2 0 1 0 0 1
0.00013014353979745236 3 2 3 0 2 0 2 0 0 2
3.670981671242007e-05 3 2 3 0 2 1 1 3 3 0
3.670981671241996e-05 3 2 3 0 2 2 2 3 3 0
-1.6091670039503263 3 2 3 1 0 0 1 0 2 0
0.004412986758469579 3 2 3 1 0 0 1 0 2 3
0.004736873403231625 3 2 3 1 0 0 1 3 2 0
0.00056019962529268 3 2 3 1 0 0 1 3 2 3
1.6091670039503263 3 2 3 1 0 0 2 0 1 0
-0.004412986758469579 3 2 3 1 0 0 2 0 1 3
-0.004736873403231625 3 2 3 1 0 0 2 3 1 0
-0.00056019962529268 3 2 3 1 0 0 2 3 1 3
6.49779213105906e-05 3 2 3 1 0 1 1 0 2 1
0.000267522771632027 3 2 3 1 0 1 1 3 2 1
2.72102949193236e-06 3 2 3 1 0 1 2 0 1 1
6.769895080252297e-05 3 2 3 1 0 1 2 0 2 2
-1.438314645301406e-05 3 2 3 1 0 1 2 3 1 1
0.0002531396251790129 3 2 3 1 0 1 2 3 2 2
-6.769895080252297e-05 3 2 3 1 0 2 1 0 1 1
-2.72102949193236e-06 3 2 3 1 0 2 1 0 2 2
-0.0002531396251790129 3 2 3 1 0 2 1 3 1 1
1.438314645301406e-05 3 2 3 1 0 2 1 3 2 2
-6.49779213105906e-05 3 2 3 1 0 2 2 0 1 2
-0.000267522771632027 3 2 3 1 0 2 2 3 1 2
0.005964943873296533 3 2 3 1 0 3 1 0 2 0
0.0006626094750664561 3 2 3 1 0 3 1 0 2 3
0.0007174191882360075 3 2 3 1 0 3 1 3 2 0
-0.005964943873296533 3 2 3 1 0 3 2 0 1 0
-0.0006626094750664561 3 2 3 1 0 3 2 0 1 3
-0.0007174191882360075 3 2 3 1 0 3 2 3 1 0
0.004103772583032837 3 2 3 1 3 0 1 0 2 0
0.0006157083958901934 3 2 3 1 3 0 1 0 2 3
0.0005259526375204542 3 2 3 1 3 0 1 3 2 0
-0.004103772583032837 3 2 3 1 3 0 2 0 1 0
-0.0006157083958901934 3 2 3 1 3 0 2 0 1 3
-0.0005259526375204542 3 2 3 1 3 0 2 3 1 0
0.0005338029578339285 3 2 3 1 3 1 1 0 2 1
3.7840073232671242e-06 3 2 3 1 3 1 1 3 1 2
-0.9453357131219648 3 2 3 1 3 1 1 3 2 1
0.0002505785045397377 3 2 3 1 3 1 2 0 1 1
0.0007843814623736662 3 2 3 1 3 1 2 0 2 2
-0.16746421867980205 3 2 3 1 3 1 2 3 1 1
-1.1127961477944435 3 2 3 1 3 1 2 3 2 2
-0.0007843814623736662 3 2 3 1 3 2 1 0 1 1
-0.0002505785045397377 3 2 3 1 3 2 1 0 2 2
1.1127961477944435 3 2 3 1 3 2 1 3 1 1
0.16746421867980207 3 2 3 1 3 2 1 3 2 2
-0.0005338029578339285 3 2 3 1 3 2 2 0 1 2
0.9453357131219648 3 2 3 1 3 2 2 3 1 2
-3.7840073232671157e-06 3 2 3 1 3 2 2 3 2 1
0.0006390540950164942 3 2 3 1 3 3 1 0 2 0
-0.0006390540950164942 3 2 3 1 3 3 2 0 1 0
0.0002407939041146897 3 2 3 2 0 0 1 0 1 0
0.00024079390411468971 3 2 3 2 0 0 2 0 2 0
-4.525762430045003e-08 3 2 3 2 3 1 1 3 1 1
-1.0444568443787242e-05 3 2 3 2 3 1 1 3 2 2
2.4032354339919026e-05 3 2 3 2 3 1 2 3 1 2
-1.3633043520432243e-05 3 2 3 2 3 1 2 3 2 1
-1.3633043520432243e-05 3 2 3 2 3 2 1 3 1 2
2.4032354339919026e-05 3 2 3 2 3 2 1 3 2 1
-1.0444568443787242e-05 3 2 3 2 3 2 2 3 1 1
-4.525762430045003e-08 3 2 3 2 3 2 2 3 2 2
0.045968994727561635 3 2 3 3 1 0 1 0 0 2
0.005682042862098107 3 2 3 3 1 0 1 0 3 2
0.005682042862098107 3 2 3 3 1 0 1 3 0 2
-0.045968994727561635 3 2 3 3 1 0 2 0 0 1
-0.005682042862098107 3 2 3 3 1 0 2 0 3 1
-0.005682042862098107 3 2 3 3 1 0 2 3 0 1
-0.013396716645832777 3 2 3 3 1 1 2 0 0 0
-0.001942378370768218 3 2 3 3 1 1 2 0 0 3
5.791175152059199 3 2 3 3 1 1 2 0 3 0
-0.016117414383643922 3 2 3 3 1 1 2 0 3 3
5.791175152059198 3 2 3 3 1 1 2 3 0 0
-0.016117414383643922 3 2 3 3 1 1 2 3 0 3
57.136653008086626 3 2 3 3 1 1 2 3 3 0
7.70399006608423 3 2 3 3 1 1 2 3 3 3
0.013396716645832777 3 2 3 3 1 2 1 0 0 0
0.001942378370768218 3 2 3 3 1 2 1 0 0 3
-5.7911751520592 3 2 3 3 1 2 1 0 3 0
0.016117414383643922 3 2 3 3 1 2 1 0 3 3
-5.791175152059198 3 2 3 3 1 2 1 3 0 0
0.016117414383643922 3 2 3 3 1 2 1 3 0 3
-57.136653008086626 3 2 3 3 1 2 1 3 3 0
-7.70399006608423 3 2 3 3 1 2 1 3 3 3
0.005807358837494822 3 2 3 3 1 3 1 0 0 2
-0.005807358837494822 3 2 3 3 1 3 2 0 0 1
4.337037783293993e-05 3 2 3 3 2 1 1 0 3 0
4.337037783293993e-05 3 2 3 3 2 1 1 3 0 0
-1.3386752887471006e-05 3 2 3 3 2 1 1 3 3 0
-1.017938323040013e-05 3 2 3 3 2 1 1 3 3 3
4.337037783293993e-05 3 2 3 3 2 2 2 0 3 0
4.337037783293993e-05 3 2 3 3 2 2 2 3 0 0
-1.3386752887471006e-05 3 2 3 3 2 2 2 3 3 0
-1.0179383230400022e-05 3 2 3 3 2 2 2 3 3 3
179023.27334304908 3 3 0 0 0 0 0 0 0 0
-1035.3833569484102 3 3 0 0 0 0 0 0 0 3
-989.5298957033671 3 3 0 0 0 0 0 0 3 0
-122.63593643510146 3 3 0 0 0 0 0 0 3 3
-989.5298957033671 3 3 0 0 0 0 0 3 0 0
-122.63593643510146 3 3 0 0 0 0 0 3 0 3
-115.4227518019729 3 3 0 0 0 0 0 3 3 0
0.4615500606039684 3 3 0 0 0 0 0 3 3 3
-1041.2484936345443 3 3 0 0 0 0 3 0 0 0
-116.19506204742092 3 3 0 0 0 0 3 0 0 3
-120.47519214813205 3 3 0 0 0 0 3 0 3 0
0.4403156896996611 3 3 0 0 0 0 3 0 3 3
-120.47519214813207 3 3 0 0 0 0 3 3 0 0
0.4403156896996611 3 3 0 0 0 0 3 3 0 3
0.4607312257713901 3 3 0 0 0 0 3 3 3 0
0.054636450454718724 3 3 0 0 0 0 3 3 3 3
-0.0035809286187551857 3 3 0 0 0 1 0 3 3 1
-0.002407379345275227 3 3 0 0 0 1 3 0 3 1
-0.002407379345275227 3 3 0 0 0 1 3 3 0 1
-0.01935376027287842 3 3 0 0 0 1 3 3 3 1
-0.0035809286187551857 3 3 0 0 0 2 0 3 3 2
-0.002407379345275227 3 3 0 0 0 2 3 0 3 2
-0.002407379345275227 3 3 0 0 0 2 3 3 0 2
-0.01935376027287842 3 3 0 0 0 2 3 3 3 2
-1109.1425212178333 3 3 0 0 0 3 0 0 0 0
-120.32096468081859 3 3 0 0 0 3 0 0 0 3
-113.17413051472684 3 3 0 0 0 3 0 0 3 0
0.48006461750147267 3 3 0 0 0 3 0 0 3 3
-113.17413051472684 3 3 0 0 0 3 0 3 0 0
0.4800646175014726 3 3 0 0 0 3 0 3 0 3
0.46477019884520104 3 3 0 0 0 3 0 3 3 0
0.05390057075679808 3 3 0 0 0 3 0 3 3 3
-121.14457849026013 3 3 0 0 0 3 3 0 0 0
0.4578240109183559 3 3 0 0 0 3 3 0 0 3
0.4817913358691208 3 3 0 0 0 3 3 0 3 0
0.05161418256685472 3 3 0 0 0 3 3 0 3 3
0.4817913358691208 3 3 0 0 0 3 3 3 0 0
0.05161418256685472 3 3 0 0 0 3 3 3 0 3
0.053295805511024745 3 3 0 0 0 3 3 3 3 0
-751.2748393596769 3 3 0 0 3 0 0 0 0 0
-103.60074837906733 3 3 0 0 3 0 0 0 0 3
-94.1466990899214 3 3 0 0 3 0 0 0 3 0
0.4263319863815855 3 3 0 0 3 0 0 0 3 3
-94.1466990899214 3 3 0 0 3 0 0 3 0 0
0.4263319863815855 3 3 0 0 3 0 0 3 0 3
0.40246544578940896 3 3 0 0 3 0 0 3 3 0
0.054195409367007646 3 3 0 0 3 0 0 3 3 3
-102.02691465528545 3 3 0 0 3 0 3 0 0 0
0.44606239605670644 3 3 0 0 3 0 3 0 0 3
0.42464811557150073 3 3 0 0 3 0 3 0 3 0
0.055966107600549625 3 3 0 0 3 0 3 0 3 3
0.42464811557150073 3 3 0 0 3 0 3 3 0 0
0.055966107600549625 3 3 0 0 3 0 3 3 0 3
0.053212964580377234 3 3 0 0 3 0 3 3 3 0
-0.0036223647334732737 3 3 0 0 3 1 0 0 3 1
-0.0036223647334732737 3 3 0 0 3 1 0 3 0 1
-0.029432677802097254 3 3 0 0 3 1 0 3 3 1
-0.0023966198040765285 3 3 0 0 3 1 3 0 0 1
-0.01942062363425407 3 3 0 0 3 1 3 0 3 1
-0.019420623634254078 3 3 0 0 3 1 3 3 0 1
4.655132116376834 3 3 0 0 3 1 3 3 3 1
-0.0036223647334732737 3 3 0 0 3 2 0 0 3 2
-0.0036223647334732737 3 3 0 0 3 2 0 3 0 2
-0.029432677802097254 3 3 0 0 3 2 0 3 3 2
-0.0023966198040765285 3 3 0 0 3 2 3 0 0 2
-0.01942062363425407 3 3 0 0 3 2 3 0 3 2
-0.019420623634254078 3 3 0 0 3 2 3 3 0 2
4.655132116376835 3 3 0 0 3 2 3 3 3 2
-96.65307504335622 3 3 0 0 3 3 0 0 0 0
0.4577689292730529 3 3 0 0 3 3 0 0 0 3
0.42922813906287477 3 3 0 0 3 3 0 0 3 0
0.05331749353274533 3 3 0 0 3 3 0 0 3 3
0.42922813906287466 3 3 0 0 3 3 0 3 0 0
0.05331749353274533 3 3 0 0 3 3 0 3 0 3
0.0495209572764483 3 3 0 0 3 3 0 3 3 0
0.45782401091835584 3 3 0 0 3 3 3 0 0 0
0.0558441509262103 3 3 0 0 3 3 3 0 0 3
0.05258896338905504 3 3 0 0 3 3 3 0 3 0
0.05258896338905504 3 3 0 0 3 3 3 3 0 0
0.00024166132478969915 3 3 0 1 1 0 0 0 1 1
0.00024166132478969915 3 3 0 1 1 0 0 0 2 2
1.974749287405657e-05 3 3 0 1 1 1 3 3 1 0
1.974749287405657e-05 3 3 0 1 1 2 3 3 2 0
1.744252936997535 3 3 0 1 2 0 0 0 1 2
-1.744252936997535 3 3 0 1 2 0 0 0 2 1
-0.0049448543942121675 3 3 0 1 2 0 0 3 1 2
0.0049448543942121675 3 3 0 1 2 0 0 3 2 1
-0.006228236650661957 3 3 0 1 2 0 3 0 1 2
0.006228236650661957 3 3 0 1 2 0 3 0 2 1
-0.0007092599005111768 3 3 0 1 2 0 3 3 1 2
0.0007092599005111768 3 3 0 1 2 0 3 3 2 1
-8.839700306917726e-05 3 3 0 1 2 1 0 0 2 0
-0.0008231993346186379 3 3 0 1 2 1 0 3 2 0
-3.0437076677781095e-05 3 3 0 1 2 1 0 3 2 3
-0.0007447589946225706 3 3 0 1 2 1 3 0 2 0
-4.196900195305659e-05 3 3 0 1 2 1 3 0 2 3
0.22758584738444781 3 3 0 1 2 1 3 3 2 0
-0.0004716350280876505 3 3 0 1 2 1 3 3 2 3
8.839700306917726e-05 3 3 0 1 2 2 0 0 1 0
0.0008231993346186379 3 3 0 1 2 2 0 3 1 0
3.0437076677781095e-05 3 3 0 1 2 2 0 3 1 3
0.0007447589946225706 3 3 0 1 2 2 3 0 1 0
4.19690019530566e-05 3 3 0 1 2 2 3 0 1 3
-0.22758584738444784 3 3 0 1 2 2 3 3 1 0
0.0004716350280876505 3 3 0 1 2 2 3 3 1 3
-0.006588138526379335 3 3 0 1 2 3 0 0 1 2
0.006588138526379335 3 3 0 1 2 3 0 0 2 1
-0.0007138726785725248 3 3 0 1 2 3 0 3 1 2
0.0007138726785725248 3 3 0 1 2 3 0 3 2 1
-0.0009747808222003437 3 3 0 1 2 3 3 0 1 2
0.0009747808222003437 3 3 0 1 2 3 3 0 2 1
-1.744252936997535 3 3 0 2 1 0 0 0 1 2
1.744252936997535 3 3 0 2 1 0 0 0 2 1
0.0049448543942121675 3 3 0 2 1 0 0 3 1 2
-0.0049448543942121675 3 3 0 2 1 0 0 3 2 1
0.006228236650661957 3 3 0 2 1 0 3 0 1 2
-0.006228236650661957 3 3 0 2 1 0 3 0 2 1
0.0007092599005111768 3 3 0 2 1 0 3 3 1 2
-0.0007092599005111768 3 3 0 2 1 0 3 3 2 1
8.839700306917726e-05 3 3 0 2 1 1 0 0 2 0
0.0008231993346186379 3 3 0 2 1 1 0 3 2 0
3.0437076677781095e-05 3 3 0 2 1 1 0 3 2 3
0.0007447589946225706 3 3 0 2 1 1 3 0 2 0
4.19690019530566e-05 3 3 0 2 1 1 3 0 2 3
-0.22758584738444781 3 3 0 2 1 1 3 3 2 0
0.0004716350280876505 3 3 0 2 1 1 3 3 2 3
-8.839700306917726e-05 3 3 0 2 1 2 0 0 1 0
-0.0008231993346186379 3 3 0 2 1 2 0 3 1 0
-3.0437076677781095e-05 3 3 0 2 1 2 0 3 1 3
-0.0007447589946225706 3 3 0 2 1 2 3 0 1 0
-4.196900195305661e-05 3 3 0 2 1 2 3 0 1 3
0.22758584738444784 3 3 0 2 1 2 3 3 1 0
-0.0004716350280876505 3 3 0 2 1 2 3 3 1 3
0.006588138526379337 3 3 0 2 1 3 0 0 1 2
-0.006588138526379337 3 3 0 2 1 3 0 0 2 1
0.0007138726785725249 3 3 0 2 1 3 0 3 1 2
-0.0007138726785725249 3 3 0 2 1 3 0 3 2 1
0.0009747808222003439 3 3 0 2 1 3 3 0 1 2
-0.0009747808222003439 3 3 0 2 1 3 3 0 2 1
0.00024166132478969915 3 3 0 2 2 0 0 0 1 1
0.00024166132478969915 3 3 0 2 2 0 0 0 2 2
1.974749287405657e-05 3 3 0 2 2 1 3 3 1 0
1.974749287405657e-05 3 3 0 2 2 2 3 3 2 0
-911.8899421045455 3 3 0 3 0 0 0 0 0 0
-113.78042037573263 3 3 0 3 0 0 0 0 0 3
-110.93358522465957 3 3 0 3 0 0 0 0 3 0
0.46024392294443983 3 3 0 3 0 0 0 0 3 3
-107.48649826823838 3 3 0 3 0 0 0 3 0 0
0.4503303411756056 3 3 0 3 0 0 0 3 0 3
0.4455341033320909 3 3 0 3 0 0 0 3 3 0
0.057340073344675904 3 3 0 3 0 0 0 3 3 3
-111.57518369701936 3 3 0 3 0 0 3 0 0 0
0.4311858794210057 3 3 0 3 0 0 3 0 0 3
0.4588723058191827 3 3 0 3 0 0 3 0 3 0
0.05500256505094202 3 3 0 3 0 0 3 0 3 3
0.4487335736764757 3 3 0 3 0 0 3 3 0 0
0.05386111780271779 3 3 0 3 0 0 3 3 0 3
0.056267104351030495 3 3 0 3 0 0 3 3 3 0
-0.003789076843153555 3 3 0 3 0 1 0 0 3 1
-0.0036695412314272377 3 3 0 3 0 1 0 3 0 1
-0.03044916116576826 3 3 0 3 0 1 0 3 3 1
-0.0023654103433221707 3 3 0 3 0 1 3 0 0 1
-0.019806721964061177 3 3 0 3 0 1 3 0 3 1
-0.019190324151214244 3 3 0 3 0 1 3 3 0 1
4.785250576068745 3 3 0 3 0 1 3 3 3 1
-0.003789076843153555 3 3 0 3 0 2 0 0 3 2
-0.0036695412314272377 3 3 0 3 0 2 0 3 0 2
-0.03044916116576826 3 3 0 3 0 2 0 3 3 2
-0.0023654103433221707 3 3 0 3 0 2 3 0 0 2
-0.019806721964061177 3 3 0 3 0 2 3 0 3 2
-0.019190324151214244 3 3 0 3 0 2 3 3 0 2
4.785250576068745 3 3 0 3 0 2 3 3 3 2
-109.81114797374214 3 3 0 3 0 3 0 0 0 0
0.4807948458681178 3 3 0 3 0 3 0 0 0 3
0.4778636871486269 3 3 0 3 0 3 0 0 3 0
0.05619793273538576 3 3 0 3 0 3 0 0 3 3
0.46515806569747864 3 3 0 3 0 3 0 3 0 0
0.05471623713869799 3 3 0 3 0 3 0 3 0 3
0.05366467502793311 3 3 0 3 0 3 0 3 3 0
0.4817913358691208 3 3 0 3 0 3 3 0 0 0
0.052588963389055034 3 3 0 3 0 3 3 0 0 3
0.05558827092926703 3 3 0 3 0 3 3 0 3 0
0.05405996065043884 3 3 0 3 0 3 3 3 0 0
-86.23626965937493 3 3 0 3 3 0 0 0 0 0
0.40522856732173995 3 3 0 3 3 0 0 0 0 3
0.3899297495341146 3 3 0 3 3 0 0 0 3 0
0.0528899756929441 3 3 0 3 3 0 0 0 3 3
0.38273783044063564 3 3 0 3 3 0 0 3 0 0
0.051870140651469984 3 3 0 3 3 0 0 3 0 3
0.04936756170371829 3 3 0 3 3 0 0 3 3 0
0.4030618319915213 3 3 0 3 3 0 3 0 0 0
0.05327553142778202 3 3 0 3 3 0 3 0 0 3
0.05188794339985115 3 3 0 3 3 0 3 0 3 0
0.05088580640662221 3 3 0 3 3 0 3 3 0 0
-0.003620265522787324 3 3 0 3 3 1 0 0 0 1
-0.030655494040915124 3 3 0 3 3 1 0 0 3 1
-0.029635781915187162 3 3 0 3 3 1 0 3 0 1
8.737130569356893 3 3 0 3 3 1 0 3 3 1
-0.018675864639631504 3 3 0 3 3 1 3 0 0 1
4.958064716118513 3 3 0 3 3 1 3 0 3 1
4.604402077453062 3 3 0 3 3 1 3 3 0 1
41.964377745104485 3 3 0 3 3 1 3 3 3 1
-0.003620265522787324 3 3 0 3 3 2 0 0 0 2
-0.030655494040915124 3 3 0 3 3 2 0 0 3 2
-0.029635781915187162 3 3 0 3 3 2 0 3 0 2
8.737130569356891 3 3 0 3 3 2 0 3 3 2
-0.018675864639631504 3 3 0 3 3 2 3 0 0 2
4.958064716118511 3 3 0 3 3 2 3 0 3 2
4.604402077453063 3 3 0 3 3 2 3 3 0 2
41.964377745104485 3 3 0 3 3 2 3 3 3 2
0.41678209037676117 3 3 0 3 3 3 0 0 0 0
0.052400659874316254 3 3 0 3 3 3 0 0 0 3
0.0497950959572243 3 3 0 3 3 3 0 0 3 0
0.04869468206761433 3 3 0 3 3 3 0 3 0 0
0.0516141825668547 3 3 0 3 3 3 3 0 0 0
0.00024166132478969915 3 3 1 0 1 0 0 1 0 1
0.00024166132478969915 3 3 1 0 1 0 0 2 0 2
1.9747492874056573e-05 3 3 1 0 1 1 3 1 3 0
1.9747492874056573e-05 3 3 1 0 1 2 3 2 3 0
1.744252936997535 3 3 1 0 2 0 0 1 0 2
-0.0049448543942121675 3 3 1 0 2 0 0 1 3 2
-1.744252936997535 3 3 1 0 2 0 0 2 0 1
0.0049448543942121675 3 3 1 0 2 0 0 2 3 1
-0.006228236650661957 3 3 1 0 2 0 3 1 0 2
-0.0007092599005111768 3 3 1 0 2 0 3 1 3 2
0.006228236650661957 3 3 1 0 2 0 3 2 0 1
0.0007092599005111768 3 3 1 0 2 0 3 2 3 1
-8.839700306917726e-05 3 3 1 0 2 1 0 2 0 0
-0.0008231993346186376 3 3 1 0 2 1 0 2 3 0
-3.0437076677781095e-05 3 3 1 0 2 1 0 2 3 3
-0.0007447589946225705 3 3 1 0 2 1 3 2 0 0
-4.1969001953056604e-05 3 3 1 0 2 1 3 2 0 3
0.22758584738444784 3 3 1 0 2 1 3 2 3 0
-0.0004716350280876504 3 3 1 0 2 1 3 2 3 3
8.839700306917726e-05 3 3 1 0 2 2 0 1 0 0
0.0008231993346186376 3 3 1 0 2 2 0 1 3 0
3.0437076677781095e-05 3 3 1 0 2 2 0 1 3 3
0.0007447589946225705 3 3 1 0 2 2 3 1 0 0
4.1969001953056604e-05 3 3 1 0 2 2 3 1 0 3
-0.22758584738444787 3 3 1 0 2 2 3 1 3 0
0.0004716350280876504 3 3 1 0 2 2 3 1 3 3
-0.006588138526379335 3 3 1 0 2 3 0 1 0 2
-0.0007138726785725248 3 3 1 0 2 3 0 1 3 2
0.006588138526379335 3 3 1 0 2 3 0 2 0 1
0.0007138726785725248 3 3 1 0 2 3 0 2 3 1
-0.0009747808222003437 3 3 1 0 2 3 3 1 0 2
0.0009747808222003437 3 3 1 0 2 3 3 2 0 1
0.00017907297108951136 3 3 1 1 0 0 0 1 1 0
0.0001790729710895113 3 3 1 1 0 0 0 2 2 0
-1.152020431653029e-05 3 3 1 1 3 1 3 1 1 1
-6.778569238369215e-06 3 3 1 1 3 1 3 1 2 2
-6.7785692383692126e-06 3 3 1 1 3 1 3 2 1 2
2.0369341602081424e-06 3 3 1 1 3 1 3 2 2 1
2.0369341602081424e-06 3 3 1 1 3 2 3 1 1 2
-6.7785692383692126e-06 3 3 1 1 3 2 3 1 2 1
-6.778569238369215e-06 3 3 1 1 3 2 3 2 1 1
-1.152020431653029e-05 3 3 1 1 3 2 3 2 2 2
1.7235434782106778 3 3 1 2 0 0 0 1 2 0
-0.004956790884417124 3 3 1 2 0 0 0 1 2 3
-1.723543478210678 3 3 1 2 0 0 0 2 1 0
0.004956790884417124 3 3 1 2 0 0 0 2 1 3
-0.005069366071353459 3 3 1 2 0 0 3 1 2 0
-0.0005707236241121173 3 3 1 2 0 0 3 1 2 3
0.005069366071353459 3 3 1 2 0 0 3 2 1 0
0.0005707236241121173 3 3 1 2 0 0 3 2 1 3
5.976780586315902e-05 3 3 1 2 0 1 0 1 2 1
-5.976780586315901e-05 3 3 1 2 0 1 0 2 1 1
0.0003081989064234701 3 3 1 2 0 1 3 1 2 1
-0.0003081989064234701 3 3 1 2 0 1 3 2 1 1
5.976780586315901e-05 3 3 1 2 0 2 0 1 2 2
-5.976780586315902e-05 3 3 1 2 0 2 0 2 1 2
0.0003081989064234701 3 3 1 2 0 2 3 1 2 2
-0.0003081989064234701 3 3 1 2 0 2 3 2 1 2
-0.006352810725574136 3 3 1 2 0 3 0 1 2 0
-0.0007408477983438832 3 3 1 2 0 3 0 1 2 3
0.006352810725574136 3 3 1 2 0 3 0 2 1 0
0.0007408477983438832 3 3 1 2 0 3 0 2 1 3
-0.0007641551394140936 3 3 1 2 0 3 3 1 2 0
0.0007641551394140935 3 3 1 2 0 3 3 2 1 0
-0.0035959595467394785 3 3 1 2 3 0 0 1 2 0
-0.0005099175207370606 3 3 1 2 3 0 0 1 2 3
0.0035959595467394785 3 3 1 2 3 0 0 2 1 0
0.0005099175207370606 3 3 1 2 3 0 0 2 1 3
-0.0005010684966144781 3 3 1 2 3 0 3 1 2 0
0.0005010684966144781 3 3 1 2 3 0 3 2 1 0
0.0005098560628639851 3 3 1 2 3 1 0 1 2 1
-0.0005098560628639851 3 3 1 2 3 1 0 2 1 1
-0.17683131933272486 3 3 1 2 3 1 3 1 2 1
0.17683131933272483 3 3 1 2 3 1 3 2 1 1
0.0005098560628639851 3 3 1 2 3 2 0 1 2 2
-0.0005098560628639851 3 3 1 2 3 2 0 2 1 2
-0.17683131933272483 3 3 1 2 3 2 3 1 2 2
0.17683131933272486 3 3 1 2 3 2 3 2 1 2
-0.0005502069448049889 3 3 1 2 3 3 0 1 2 0
0.0005502069448049889 3 3 1 2 3 3 0 2 1 0
1.864292499136702e-05 3 3 1 3 1 1 0 1 3 0
2.6526062112425788e-05 3 3 1 3 1 1 3 1 0 0
0.0001890696280505568 3 3 1 3 1 1 3 1 3 0
5.035519371661986e-05 3 3 1 3 1 1 3 1 3 3
1.864292499136702e-05 3 3 1 3 1 2 0 2 3 0
2.6526062112425788e-05 3 3 1 3 1 2 3 2 0 0
0.0001890696280505568 3 3 1 3 1 2 3 2 3 0
5.035519371661986e-05 3 3 1 3 1 2 3 2 3 3
-0.0045570378686750805 3 3 1 3 2 0 0 1 0 2
-0.0005661836090986571 3 3 1 3 2 0 0 1 3 2
0.0045570378686750805 3 3 1 3 2 0 0 2 0 1
0.0005661836090986571 3 3 1 3 2 0 0 2 3 1
-0.000645609307277072 3 3 1 3 2 0 3 1 0 2
0.000645609307277072 3 3 1 3 2 0 3 2 0 1
-0.0008058437616292686 3 3 1 3 2 1 0 2 0 0
-2.4741038853865176e-05 3 3 1 3 2 1 0 2 0 3
0.4122328957606989 3 3 1 3 2 1 0 2 3 0
-0.00020060568990143602 3 3 1 3 2 1 0 2 3 3
0.2275926259536864 3 3 1 3 2 1 3 2 0 0
-0.0004716350280876506 3 3 1 3 2 1 3 2 0 3
3.8362845335506135 3 3 1 3 2 1 3 2 3 0
0.15422129363410508 3 3 1 3 2 1 3 2 3 3
0.0008058437616292686 3 3 1 3 2 2 0 1 0 0
2.4741038853865176e-05 3 3 1 3 2 2 0 1 0 3
-0.41223289576069894 3 3 1 3 2 2 0 1 3 0
0.00020060568990143602 3 3 1 3 2 2 0 1 3 3
-0.22759262595368643 3 3 1 3 2 2 3 1 0 0
0.0004716350280876506 3 3 1 3 2 2 3 1 0 3
-3.8362845335506135 3 3 1 3 2 2 3 1 3 0
-0.1542212936341051 3 3 1 3 2 2 3 1 3 3
-0.0006903172985225631 3 3 1 3 2 3 0 1 0 2
0.0006903172985225631 3 3 1 3 2 3 0 2 0 1
-1.744252936997535 3 3 2 0 1 0 0 1 0 2
0.0049448543942121675 3 3 2 0 1 0 0 1 3 2
1.744252936997535 3 3 2 0 1 0 0 2 0 1
-0.0049448543942121675 3 3 2 0 1 0 0 2 3 1
0.006228236650661957 3 3 2 0 1 0 3 1 0 2
0.0007092599005111768 3 3 2 0 1 0 3 1 3 2
-0.006228236650661957 3 3 2 0 1 0 3 2 0 1
-0.0007092599005111768 3 3 2 0 1 0 3 2 3 1
8.839700306917726e-05 3 3 2 0 1 1 0 2 0 0
0.0008231993346186379 3 3 2 0 1 1 0 2 3 0
3.0437076677781095e-05 3 3 2 0 1 1 0 2 3 3
0.0007447589946225706 3 3 2 0 1 1 3 2 0 0
4.196900195305659e-05 3 3 2 0 1 1 3 2 0 3
-0.22758584738444787 3 3 2 0 1 1 3 2 3 0
0.0004716350280876504 3 3 2 0 1 1 3 2 3 3
-8.839700306917726e-05 3 3 2 0 1 2 0 1 0 0
-0.0008231993346186379 3 3 2 0 1 2 0 1 3 0
-3.0437076677781095e-05 3 3 2 0 1 2 0 1 3 3
-0.0007447589946225706 3 3 2 0 1 2 3 1 0 0
-4.1969001953056604e-05 3 3 2 0 1 2 3 1 0 3
0.22758584738444784 3 3 2 0 1 2 3 1 3 0
-0.0004716350280876504 3 3 2 0 1 2 3 1 3 3
0.006588138526379337 3 3 2 0 1 3 0 1 0 2
0.0007138726785725249 3 3 2 0 1 3 0 1 3 2
-0.006588138526379337 3 3 2 0 1 3 0 2 0 1
-0.0007138726785725249 3 3 2 0 1 3 0 2 3 1
0.0009747808222003439 3 3 2 0 1 3 3 1 0 2
-0.0009747808222003439 3 3 2 0 1 3 3 2 0 1
0.00024166132478969915 3 3 2 0 2 0 0 1 0 1
0.0002416613247896992 3 3 2 0 2 0 0 2 0 2
1.9747492874056573e-05 3 3 2 0 2 1 3 1 3 0
1.9747492874056573e-05 3 3 2 0 2 2 3 2 3 0
-1.723543478210678 3 3 2 1 0 0 0 1 2 0
0.004956790884417124 3 3 2 1 0 0 0 1 2 3
1.7235434782106778 3 3 2 1 0 0 0 2 1 0
-0.004956790884417124 3 3 2 1 0 0 0 2 1 3
0.005069366071353459 3 3 2 1 0 0 3 1 2 0
0.0005707236241121173 3 3 2 1 0 0 3 1 2 3
-0.005069366071353459 3 3 2 1 0 0 3 2 1 0
-0.0005707236241121173 3 3 2 1 0 0 3 2 1 3
-5.976780586315901e-05 3 3 2 1 0 1 0 1 2 1
5.976780586315902e-05 3 3 2 1 0 1 0 2 1 1
-0.0003081989064234701 3 3 2 1 0 1 3 1 2 1
0.0003081989064234701 3 3 2 1 0 1 3 2 1 1
-5.976780586315902e-05 3 3 2 1 0 2 0 1 2 2
5.976780586315901e-05 3 3 2 1 0 2 0 2 1 2
-0.0003081989064234701 3 3 2 1 0 2 3 1 2 2
0.0003081989064234701 3 3 2 1 0 2 3 2 1 2
0.006352810725574136 3 3 2 1 0 3 0 1 2 0
0.0007408477983438832 3 3 2 1 0 3 0 1 2 3
-0.006352810725574136 3 3 2 1 0 3 0 2 1 0
-0.0007408477983438832 3 3 2 1 0 3 0 2 1 3
0.0007641551394140935 3 3 2 1 0 3 3 1 2 0
-0.0007641551394140936 3 3 2 1 0 3 3 2 1 0
0.0035959595467394785 3 3 2 1 3 0 0 1 2 0
0.0005099175207370606 3 3 2 1 3 0 0 1 2 3
-0.0035959595467394785 3 3 2 1 3 0 0 2 1 0
-0.0005099175207370606 3 3 2 1 3 0 0 2 1 3
0.0005010684966144781 3 3 2 1 3 0 3 1 2 0
-0.0005010684966144781 3 3 2 1 3 0 3 2 1 0
-0.0005098560628639851 3 3 2 1 3 1 0 1 2 1
0.0005098560628639851 3 3 2 1 3 1 0 2 1 1
0.17683131933272483 3 3 2 1 3 1 3 1 2 1
-0.17683131933272486 3 3 2 1 3 1 3 2 1 1
-0.0005098560628639851 3 3 2 1 3 2 0 1 2 2
0.0005098560628639851 3 3 2 1 3 2 0 2 1 2
0.17683131933272486 3 3 2 1 3 2 3 1 2 2
-0.17683131933272483 3 3 2 1 3 2 3 2 1 2
0.0005502069448049889 3 3 2 1 3 3 0 1 2 0
-0.0005502069448049889 3 3 2 1 3 3 0 2 1 0
0.0001790729710895114 3 3 2 2 0 0 0 1 1 0
0.00017907297108951136 3 3 2 2 0 0 0 2 2 0
-1.1520204316530283e-05 3 3 2 2 3 1 3 1 1 1
-6.778569238369208e-06 3 3 2 2 3 1 3 1 2 2
-6.7785692383692075e-06 3 3 2 2 3 1 3 2 1 2
2.0369341602081357e-06 3 3 2 2 3 1 3 2 2 1
2.036934160208139e-06 3 3 2 2 3 2 3 1 1 2
-6.7785692383692075e-06 3 3 2 2 3 2 3 1 2 1
-6.778569238369212e-06 3 3 2 2 3 2 3 2 1 1
-1.1520204316530283e-05 3 3 2 2 3 2 3 2 2 2
0.0045570378686750805 3 3 2 3 1 0 0 1 0 2
0.0005661836090986571 3 3 2 3 1 0 0 1 3 2
-0.0045570378686750805 3 3 2 3 1 0 0 2 0 1
-0.0005661836090986571 3 3 2 3 1 0 0 2 3 1
0.000645609307277072 3 3 2 3 1 0 3 1 0 2
-0.000645609307277072 3 3 2 3 1 0 3 2 0 1
0.0008058437616292685 3 3 2 3 1 1 0 2 0 0
2.474103885386519e-05 3 3 2 3 1 1 0 2 0 3
-0.41223289576069894 3 3 2 3 1 1 0 2 3 0
0.00020060568990143591 3 3 2 3 1 1 0 2 3 3
-0.22759262595368646 3 3 2 3 1 1 3 2 0 0
0.0004716350280876506 3 3 2 3 1 1 3 2 0 3
-3.8362845335506135 3 3 2 3 1 1 3 2 3 0
-0.15422129363410508 3 3 2 3 1 1 3 2 3 3
-0.0008058437616292685 3 3 2 3 1 2 0 1 0 0
-2.474103885386519e-05 3 3 2 3 1 2 0 1 0 3
0.4122328957606989 3 3 2 3 1 2 0 1 3 0
-0.00020060568990143591 3 3 2 3 1 2 0 1 3 3
0.22759262595368648 3 3 2 3 1 2 3 1 0 0
-0.0004716350280876506 3 3 2 3 1 2 3 1 0 3
3.8362845335506135 3 3 2 3 1 2 3 1 3 0
0.1542212936341051 3 3 2 3 1 2 3 1 3 3
0.0006903172985225632 3 3 2 3 1 3 0 1 0 2
-0.0006903172985225632 3 3 2 3 1 3 0 2 0 1
1.8642924991367005e-05 3 3 2 3 2 1 0 1 3 0
2.6526062112425774e-05 3 3 2 3 2 1 3 1 0 0
0.0001890696280505567 3 3 2 3 2 1 3 1 3 0
5.035519371661985e-05 3 3 2 3 2 1 3 1 3 3
1.8642924991367005e-05 3 3 2 3 2 2 0 2 3 0
2.6526062112425774e-05 3 3 2 3 2 2 3 2 0 0
0.0001890696280505568 3 3 2 3 2 2 3 2 3 0
5.0355193716619854e-05 3 3 2 3 2 2 3 2 3 3
-911.8899421045456 3 3 3 0 0 0 0 0 0 0
-113.78042037573262 3 3 3 0 0 0 0 0 0 3
-107.48649826823838 3 3 3 0 0 0 0 0 3 0
0.4503303411756056 3 3 3 0 0 0 0 0 3 3
-110.93358522465957 3 3 3 0 0 0 0 3 0 0
0.46024392294443983 3 3 3 0 0 0 0 3 0 3
0.44553410333209087 3 3 3 0 0 0 0 3 3 0
0.057340073344675904 3 3 3 0 0 0 0 3 3 3
-111.57518369701934 3 3 3 0 0 0 3 0 0 0
0.4311858794210057 3 3 3 0 0 0 3 0 0 3
0.44873357367647576 3 3 3 0 0 0 3 0 3 0
0.05386111780271779 3 3 3 0 0 0 3 0 3 3
0.4588723058191827 3 3 3 0 0 0 3 3 0 0
0.05500256505094202 3 3 3 0 0 0 3 3 0 3
0.056267104351030495 3 3 3 0 0 0 3 3 3 0
-0.0036695412314272377 3 3 3 0 0 1 0 0 3 1
-0.003789076843153555 3 3 3 0 0 1 0 3 0 1
-0.03044916116576826 3 3 3 0 0 1 0 3 3 1
-0.0023654103433221703 3 3 3 0 0 1 3 0 0 1
-0.019190324151214244 3 3 3 0 0 1 3 0 3 1
-0.019806721964061177 3 3 3 0 0 1 3 3 0 1
4.785250576068746 3 3 3 0 0 1 3 3 3 1
-0.0036695412314272377 3 3 3 0 0 2 0 0 3 2
-0.003789076843153555 3 3 3 0 0 2 0 3 0 2
-0.03044916116576826 3 3 3 0 0 2 0 3 3 2
-0.0023654103433221703 3 3 3 0 0 2 3 0 0 2
-0.019190324151214244 3 3 3 0 0 2 3 0 3 2
-0.019806721964061177 3 3 3 0 0 2 3 3 0 2
4.785250576068746 3 3 3 0 0 2 3 3 3 2
-109.81114797374214 3 3 3 0 0 3 0 0 0 0
0.4807948458681178 3 3 3 0 0 3 0 0 0 3
0.46515806569747864 3 3 3 0 0 3 0 0 3 0
0.05471623713869799 3 3 3 0 0 3 0 0 3 3
0.4778636871486269 3 3 3 0 0 3 0 3 0 0
0.056197932735385765 3 3 3 0 0 3 0 3 0 3
0.05366467502793311 3 3 3 0 0 3 0 3 3 0
0.4817913358691208 3 3 3 0 0 3 3 0 0 0
0.052588963389055034 3 3 3 0 0 3 3 0 0 3
0.05405996065043884 3 3 3 0 0 3 3 0 3 0
0.05558827092926703 3 3 3 0 0 3 3 3 0 0
-86.23626965937491 3 3 3 0 3 0 0 0 0 0
0.40522856732173995 3 3 3 0 3 0 0 0 0 3
0.3827378304406356 3 3 3 0 3 0 0 0 3 0
0.051870140651469984 3 3 3 0 3 0 0 0 3 3
0.3899297495341146 3 3 3 0 3 0 0 3 0 0
0.0528899756929441 3 3 3 0 3 0 0 3 0 3
0.04936756170371829 3 3 3 0 3 0 0 3 3 0
0.4030618319915213 3 3 3 0 3 0 3 0 0 0
0.05327553142778202 3 3 3 0 3 0 3 0 0 3
0.05088580640662221 3 3 3 0 3 0 3 0 3 0
0.05188794339985115 3 3 3 0 3 0 3 3 0 0
-0.003620265522787324 3 3 3 0 3 1 0 0 0 1
-0.02963578191518716 3 3 3 0 3 1 0 0 3 1
-0.030655494040915124 3 3 3 0 3 1 0 3 0 1
8.737130569356893 3 3 3 0 3 1 0 3 3 1
-0.018675864639631504 3 3 3 0 3 1 3 0 0 1
4.604402077453063 3 3 3 0 3 1 3 0 3 1
4.958064716118512 3 3 3 0 3 1 3 3 0 1
41.96437774510448 3 3 3 0 3 1 3 3 3 1
-0.003620265522787324 3 3 3 0 3 2 0 0 0 2
-0.02963578191518716 3 3 3 0 3 2 0 0 3 2
-0.030655494040915124 3 3 3 0 3 2 0 3 0 2
8.737130569356891 3 3 3 0 3 2 0 3 3 2
-0.018675864639631504 3 3 3 0 3 2 3 0 0 2
4.604402077453064 3 3 3 0 3 2 3 0 3 2
4.958064716118511 3 3 3 0 3 2 3 3 0 2
41.96437774510448 3 3 3 0 3 2 3 3 3 2
0.41678209037676117 3 3 3 0 3 3 0 0 0 0
0.052400659874316254 3 3 3 0 3 3 0 0 0 3
0.04869468206761433 3 3 3 0 3 3 0 0 3 0
0.0497950959572243 3 3 3 0 3 3 0 3 0 0
0.0516141825668547 3 3 3 0 3 3 3 0 0 0
1.864292499136702e-05 3 3 3 1 1 1 0 3 1 0
2.6526062112425788e-05 3 3 3 1 1 1 3 0 1 0
0.0001890696280505568 3 3 3 1 1 1 3 3 1 0
5.035519371661984e-05 3 3 3 1 1 1 3 3 1 3
1.864292499136702e-05 3 3 3 1 1 2 0 3 2 0
2.6526062112425788e-05 3 3 3 1 1 2 3 0 2 0
0.0001890696280505568 3 3 3 1 1 2 3 3 2 0
5.0355193716619854e-05 3 3 3 1 1 2 3 3 2 3
-0.0045570378686750805 3 3 3 1 2 0 0 0 1 2
0.0045570378686750805 3 3 3 1 2 0 0 0 2 1
-0.0005661836090986571 3 3 3 1 2 0 0 3 1 2
0.0005661836090986571 3 3 3 1 2 0 0 3 2 1
-0.000645609307277072 3 3 3 1 2 0 3 0 1 2
0.000645609307277072 3 3 3 1 2 0 3 0 2 1
-0.0008058437616292686 3 3 3 1 2 1 0 0 2 0
-2.4741038853865176e-05 3 3 3 1 2 1 0 0 2 3
0.4122328957606989 3 3 3 1 2 1 0 3 2 0
-0.00020060568990143602 3 3 3 1 2 1 0 3 2 3
0.22759262595368654 3 3 3 1 2 1 3 0 2 0
-0.0004716350280876506 3 3 3 1 2 1 3 0 2 3
3.8362845335506135 3 3 3 1 2 1 3 3 2 0
0.15422129363410508 3 3 3 1 2 1 3 3 2 3
0.0008058437616292686 3 3 3 1 2 2 0 0 1 0
2.4741038853865176e-05 3 3 3 1 2 2 0 0 1 3
-0.41223289576069894 3 3 3 1 2 2 0 3 1 0
0.00020060568990143602 3 3 3 1 2 2 0 3 1 3
-0.22759262595368657 3 3 3 1 2 2 3 0 1 0
0.0004716350280876506 3 3 3 1 2 2 3 0 1 3
-3.8362845335506135 3 3 3 1 2 2 3 3 1 0
-0.1542212936341051 3 3 3 1 2 2 3 3 1 3
-0.0006903172985225631 3 3 3 1 2 3 0 0 1 2
0.0006903172985225631 3 3 3 1 2 3 0 0 2 1
0.0045570378686750805 3 3 3 2 1 0 0 0 1 2
-0.0045570378686750805 3 3 3 2 1 0 0 0 2 1
0.0005661836090986571 3 3 3 2 1 0 0 3 1 2
-0.0005661836090986571 3 3 3 2 1 0 0 3 2 1
0.000645609307277072 3 3 3 2 1 0 3 0 1 2
-0.000645609307277072 3 3 3 2 1 0 3 0 2 1
0.0008058437616292686 3 3 3 2 1 1 0 0 2 0
2.474103885386519e-05 3 3 3 2 1 1 0 0 2 3
-0.41223289576069894 3 3 3 2 1 1 0 3 2 0
0.00020060568990143591 3 3 3 2 1 1 0 3 2 3
-0.22759262595368654 3 3 3 2 1 1 3 0 2 0
0.0004716350280876506 3 3 3 2 1 1 3 0 2 3
-3.8362845335506135 3 3 3 2 1 1 3 3 2 0
-0.15422129363410508 3 3 3 2 1 1 3 3 2 3
-0.0008058437616292686 3 3 3 2 1 2 0 0 1 0
-2.474103885386519e-05 3 3 3 2 1 2 0 0 1 3
0.4122328957606989 3 3 3 2 1 2 0 3 1 0
-0.00020060568990143591 3 3 3 2 1 2 0 3 1 3
0.22759262595368657 3 3 3 2 1 2 3 0 1 0
-0.0004716350280876506 3 3 3 2 1 2 3 0 1 3
3.8362845335506135 3 3 3 2 1 2 3 3 1 0
0.15422129363410508 3 3 3 2 1 2 3 3 1 3
0.0006903172985225632 3 3 3 2 1 3 0 0 1 2
-0.0006903172985225632 3 3 3 2 1 3 0 0 2 1
1.8642924991367005e-05 3 3 3 2 2 1 0 3 1 0
2.6526062112425788e-05 3 3 3 2 2 1 3 0 1 0
0.0001890696280505566 3 3 3 2 2 1 3 3 1 0
5.035519371661984e-05 3 3 3 2 2 1 3 3 1 3
1.8642924991367005e-05 3 3 3 2 2 2 0 3 2 0
2.6526062112425788e-05 3 3 3 2 2 2 3 0 2 0
0.0001890696280505566 3 3 3 2 2 2 3 3 2 0
5.035519371661984e-05 3 3 3 2 2 2 3 3 2 3
-96.83481108064585 3 3 3 3 0 0 0 0 0 0
0.4289042289509496 3 3 3 3 0 0 0 0 0 3
0.42384263067748085 3 3 3 3 0 0 0 0 3 0
0.054958422937091085 3 3 3 3 0 0 0 0 3 3
0.4238426306774808 3 3 3 3 0 0 0 3 0 0
0.054958422937091085 3 3 3 3 0 0 0 3 0 3
0.053576028252050815 3 3 3 3 0 0 0 3 3 0
0.42659718943885466 3 3 3 3 0 0 3 0 0 0
0.05181703671602441 3 3 3 3 0 0 3 0 0 3
0.0538739391415911 3 3 3 3 0 0 3 0 3 0
0.053873939141591116 3 3 3 3 0 0 3 3 0 0
-0.003650010308020805 3 3 3 3 0 1 0 0 0 1
-0.030516078247498853 3 3 3 3 0 1 0 0 3 1
-0.030516078247498853 3 3 3 3 0 1 0 3 0 1
9.373408982126167 3 3 3 3 0 1 0 3 3 1
-0.018410490216703122 3 3 3 3 0 1 3 0 0 1
4.631079637628357 3 3 3 3 0 1 3 0 3 1
4.631079637628357 3 3 3 3 0 1 3 3 0 1
44.36266435102309 3 3 3 3 0 1 3 3 3 1
-0.003650010308020805 3 3 3 3 0 2 0 0 0 2
-0.030516078247498853 3 3 3 3 0 2 0 0 3 2
-0.030516078247498853 3 3 3 3 0 2 0 3 0 2
9.373408982126167 3 3 3 3 0 2 0 3 3 2
-0.018410490216703122 3 3 3 3 0 2 3 0 0 2
4.631079637628357 3 3 3 3 0 2 3 0 3 2
4.631079637628357 3 3 3 3 0 2 3 3 0 2
44.36266435102309 3 3 3 3 0 2 3 3 3 2
0.452840311098608 3 3 3 3 0 3 0 0 0 0
0.05400309716381023 3 3 3 3 0 3 0 0 0 3
0.05294725583969711 3 3 3 3 0 3 0 0 3 0
0.05294725583969711 3 3 3 3 0 3 0 3 0 0
0.05329580551102475 3 3 3 3 0 3 3 0 0 0
0.3570767510730728 3 3 3 3 3 0 0 0 0 0
0.04864943015455149 3 3 3 3 3 0 0 0 0 3
0.04634363837212692 3 3 3 3 3 0 0 0 3 0
0.04634363837212692 3 3 3 3 3 0 0 3 0 0
0.04768381242610644 3 3 3 3 3 0 3 0 0 0
-0.028853885048527834 3 3 3 3 3 1 0 0 0 1
9.27025864494665 3 3 3 3 3 1 0 0 3 1
9.270258644946649 3 3 3 3 3 1 0 3 0 1
89.45053213235344 3 3 3 3 3 1 0 3 3 1
4.199999916593689 3 3 3 3 3 1 3 0 0 1
38.12828228118192 3 3 3 3 3 1 3 0 3 1
38.12828228118191 3 3 3 3 3 1 3 3 0 1
-6292.324217472026 3 3 3 3 3 1 3 3 3 1
-0.028853885048527834 3 3 3 3 3 2 0 0 0 2
9.27025864494665 3 3 3 3 3 2 0 0 3 2
9.270258644946649 3 3 3 3 3 2 0 3 0 2
89.45053213235344 3 3 3 3 3 2 0 3 3 2
4.199999916593688 3 3 3 3 3 2 3 0 0 2
38.1282822811819 3 3 3 3 3 2 3 0 3 2
38.12828228118191 3 3 3 3 3 2 3 3 0 2
-6292.324217472027 3 3 3 3 3 2 3 3 3 2
0.04681510372927027 3 3 3 3 3 3 0 0 0 0
