819621.8319335508 0 0 0 0 0 0 0 0 0 0
-927.6265752004841 0 0 0 0 0 0 0 0 0 3
-1182.8181828268139 0 0 0 0 0 0 0 0 3 0
-178.5294055101787 0 0 0 0 0 0 0 0 3 3
0.002774323339441282 0 0 0 0 0 0 0 1 1 0
0.0003745937352719353 0 0 0 0 0 0 0 1 1 3
0.002774323339441282 0 0 0 0 0 0 0 2 2 0
0.0003745937352719353 0 0 0 0 0 0 0 2 2 3
-1207.6773736351051 0 0 0 0 0 0 0 3 0 0
-178.51266974054906 0 0 0 0 0 0 0 3 0 3
-169.717846879127 0 0 0 0 0 0 0 3 3 0
0.35858552625467516 0 0 0 0 0 0 0 3 3 3
-1417.0544365259723 0 0 0 0 0 0 3 0 0 0
-146.82686861018792 0 0 0 0 0 0 3 0 0 3
-163.64423645152996 0 0 0 0 0 0 3 0 3 0
0.3553271696588398 0 0 0 0 0 0 3 0 3 3
0.0003473242378716924 0 0 0 0 0 0 3 1 1 0
0.0003473242378716924 0 0 0 0 0 0 3 2 2 0
-163.62023754997045 0 0 0 0 0 0 3 3 0 0
0.35757015553486965 0 0 0 0 0 0 3 3 0 3
0.38832418434525773 0 0 0 0 0 0 3 3 3 0
0.05146323274623911 0 0 0 0 0 0 3 3 3 3
0.00016338531823045189 0 0 0 0 0 1 1 0 1 1
-0.000988777844231928 0 0 0 0 0 1 1 0 2 2
0.0011521631624623794 0 0 0 0 0 1 2 0 2 1
0.0011521631624623794 0 0 0 0 0 2 1 0 1 2
-0.000988777844231928 0 0 0 0 0 2 2 0 1 1
0.00016338531823045189 0 0 0 0 0 2 2 0 2 2
-1409.5255365440755 0 0 0 0 0 3 0 0 0 0
-183.83207355070527 0 0 0 0 0 3 0 0 0 3
-129.23485880674986 0 0 0 0 0 3 0 0 3 0
0.36173107493974055 0 0 0 0 0 3 0 0 3 3
0.004185500454174883 0 0 0 0 0 3 0 1 1 0
0.0006166406469107433 0 0 0 0 0 3 0 1 1 3
0.004185500454174883 0 0 0 0 0 3 0 2 2 0
0.0006166406469107433 0 0 0 0 0 3 0 2 2 3
-170.16471025483762 0 0 0 0 0 3 0 3 0 0
0.3877431144016926 0 0 0 0 0 3 0 3 0 3
0.3668672013303523 0 0 0 0 0 3 0 3 3 0
0.052267855297539946 0 0 0 0 0 3 0 3 3 3
-162.81251863887599 0 0 0 0 0 3 3 0 0 0
0.380104188073262 0 0 0 0 0 3 3 0 0 3
0.37325756063494153 0 0 0 0 0 3 3 0 3 0
0.050047490839256054 0 0 0 0 0 3 3 0 3 3
0.0005717507330268138 0 0 0 0 0 3 3 1 1 0
0.0005717507330268138 0 0 0 0 0 3 3 2 2 0
0.41118110081833553 0 0 0 0 0 3 3 3 0 0
0.05202316864060812 0 0 0 0 0 3 3 3 0 3
0.04744428531478087 0 0 0 0 0 3 3 3 3 0
-927.626575200484 0 0 0 0 3 0 0 0 0 0
-218.0400602245045 0 0 0 0 3 0 0 0 0 3
-191.0989967359042 0 0 0 0 3 0 0 0 3 0
0.3683891182084016 0 0 0 0 3 0 0 0 3 3
0.0003500688431906139 0 0 0 0 3 0 0 1 1 0
0.0003500688431906139 0 0 0 0 3 0 0 2 2 0
-191.0818433563933 0 0 0 0 3 0 0 3 0 0
0.3717087296292422 0 0 0 0 3 0 0 3 0 3
0.37692842749030553 0 0 0 0 3 0 0 3 3 0
0.06478459171045613 0 0 0 0 3 0 0 3 3 3
-194.66072746549176 0 0 0 0 3 0 3 0 0 0
0.38384010206601793 0 0 0 0 3 0 3 0 0 3
0.4007444108895071 0 0 0 0 3 0 3 0 3 0
0.06070100401844457 0 0 0 0 3 0 3 0 3 3
0.40371327169390236 0 0 0 0 3 0 3 3 0 0
0.06070100401844454 0 0 0 0 3 0 3 3 0 3
0.05897202667134834 0 0 0 0 3 0 3 3 3 0
0.0015678594974003683 0 0 0 0 3 1 1 0 1 1
-0.031903081133318696 0 0 0 0 3 1 1 0 2 2
2.3057346834163335e-05 0 0 0 0 3 1 1 1 3 1
-0.0004691749534885393 0 0 0 0 3 1 1 2 3 2
0.00019673419107840552 0 0 0 0 3 1 1 3 1 1
-0.004003181962464745 0 0 0 0 3 1 1 3 2 2
0.03347094063071906 0 0 0 0 3 1 2 0 2 1
0.0004922323003227027 0 0 0 0 3 1 2 2 3 1
0.00419991615354315 0 0 0 0 3 1 2 3 2 1
0.03347094063071906 0 0 0 0 3 2 1 0 1 2
0.0004922323003227027 0 0 0 0 3 2 1 1 3 2
0.00419991615354315 0 0 0 0 3 2 1 3 1 2
-0.031903081133318696 0 0 0 0 3 2 2 0 1 1
0.0015678594974003683 0 0 0 0 3 2 2 0 2 2
-0.0004691749534885393 0 0 0 0 3 2 2 1 3 1
2.3057346834163335e-05 0 0 0 0 3 2 2 2 3 2
-0.004003181962464745 0 0 0 0 3 2 2 3 1 1
0.00019673419107840552 0 0 0 0 3 2 2 3 2 2
-193.87612018440768 0 0 0 0 3 3 0 0 0 0
0.4033617636376299 0 0 0 0 3 3 0 0 0 3
0.37979732403813843 0 0 0 0 3 3 0 0 3 0
0.06035579405422856 0 0 0 0 3 3 0 0 3 3
0.0005762687882957996 0 0 0 0 3 3 0 1 1 0
0.0005762687882957996 0 0 0 0 3 3 0 2 2 0
0.40596175103072485 0 0 0 0 3 3 0 3 0 0
0.06582040048325434 0 0 0 0 3 3 0 3 0 3
0.055626977874470296 0 0 0 0 3 3 0 3 3 0
0.42995123156603976 0 0 0 0 3 3 3 0 0 0
0.06152637998771382 0 0 0 0 3 3 3 0 0 3
0.05437601045120123 0 0 0 0 3 3 3 0 3 0
0.05926322578511935 0 0 0 0 3 3 3 3 0 0
0.0010323026489767104 0 0 0 1 1 0 0 0 1 1
0.0010323026489767106 0 0 0 1 1 0 0 0 2 2
1.7069791582257586e-05 0 0 0 1 1 0 0 1 0 1
-2.4524892081321483e-05 0 0 0 1 1 0 0 1 3 1
1.7069791582257586e-05 0 0 0 1 1 0 0 2 0 2
-2.4524892081321483e-05 0 0 0 1 1 0 0 2 3 2
0.0006630801158786122 0 0 0 1 1 1 1 0 0 0
0.0027281055672083855 0 0 0 1 1 1 1 0 3 0
0.0004154249781346352 0 0 0 1 1 1 1 0 3 3
0.0003423212620972387 0 0 0 1 1 1 1 3 3 0
0.0006630801158786122 0 0 0 1 1 2 2 0 0 0
0.0027281055672083855 0 0 0 1 1 2 2 0 3 0
0.0004154249781346352 0 0 0 1 1 2 2 0 3 3
0.0003423212620972387 0 0 0 1 1 2 2 3 3 0
-4.037185861494376e-05 0 0 0 1 1 3 0 1 3 1
-4.037185861494376e-05 0 0 0 1 1 3 0 2 3 2
-8.534895791128791e-06 0 0 0 1 1 3 3 1 0 1
-8.534895791128791e-06 0 0 0 1 1 3 3 2 0 2
12.568558923076628 0 0 0 1 2 0 0 0 1 2
-12.568558923076628 0 0 0 1 2 0 0 0 2 1
3.6634934161703486e-05 0 0 0 1 2 0 0 1 0 2
-3.6634934161703486e-05 0 0 0 1 2 0 0 2 0 1
-0.00926680383978522 0 0 0 1 2 0 0 3 1 2
0.00926680383978522 0 0 0 1 2 0 0 3 2 1
-0.010871415662652685 0 0 0 1 2 0 3 0 1 2
0.010871415662652685 0 0 0 1 2 0 3 0 2 1
-0.0012634470013703466 0 0 0 1 2 0 3 3 1 2
0.0012634470013703466 0 0 0 1 2 0 3 3 2 1
-4.0589146224616935e-05 0 0 0 1 2 1 1 2 1 0
-4.0589146224616935e-05 0 0 0 1 2 1 2 2 2 0
4.0589146224616935e-05 0 0 0 1 2 2 1 1 1 0
4.0589146224616935e-05 0 0 0 1 2 2 2 1 2 0
-0.010813824684335335 0 0 0 1 2 3 0 0 1 2
0.010813824684335335 0 0 0 1 2 3 0 0 2 1
-0.0013135868669290358 0 0 0 1 2 3 0 3 1 2
0.0013135868669290358 0 0 0 1 2 3 0 3 2 1
-0.0013260292370739235 0 0 0 1 2 3 3 0 1 2
0.0013260292370739235 0 0 0 1 2 3 3 0 2 1
-12.568558923076628 0 0 0 2 1 0 0 0 1 2
12.568558923076628 0 0 0 2 1 0 0 0 2 1
-3.6634934161703486e-05 0 0 0 2 1 0 0 1 0 2
3.6634934161703486e-05 0 0 0 2 1 0 0 2 0 1
0.00926680383978522 0 0 0 2 1 0 0 3 1 2
-0.00926680383978522 0 0 0 2 1 0 0 3 2 1
0.010871415662652685 0 0 0 2 1 0 3 0 1 2
-0.010871415662652685 0 0 0 2 1 0 3 0 2 1
0.0012634470013703466 0 0 0 2 1 0 3 3 1 2
-0.0012634470013703466 0 0 0 2 1 0 3 3 2 1
4.0589146224616935e-05 0 0 0 2 1 1 1 2 1 0
4.0589146224616935e-05 0 0 0 2 1 1 2 2 2 0
-4.0589146224616935e-05 0 0 0 2 1 2 1 1 1 0
-4.0589146224616935e-05 0 0 0 2 1 2 2 1 2 0
0.010813824684335335 0 0 0 2 1 3 0 0 1 2
-0.010813824684335335 0 0 0 2 1 3 0 0 2 1
0.0013135868669290358 0 0 0 2 1 3 0 3 1 2
-0.0013135868669290358 0 0 0 2 1 3 0 3 2 1
0.0013260292370739235 0 0 0 2 1 3 3 0 1 2
-0.0013260292370739235 0 0 0 2 1 3 3 0 2 1
0.0010323026489767106 0 0 0 2 2 0 0 0 1 1
0.0010323026489767104 0 0 0 2 2 0 0 0 2 2
1.7069791582257586e-05 0 0 0 2 2 0 0 1 0 1
-2.4524892081321483e-05 0 0 0 2 2 0 0 1 3 1
1.7069791582257586e-05 0 0 0 2 2 0 0 2 0 2
-2.4524892081321483e-05 0 0 0 2 2 0 0 2 3 2
0.0006630801158786122 0 0 0 2 2 1 1 0 0 0
0.0027281055672083855 0 0 0 2 2 1 1 0 3 0
0.0004154249781346352 0 0 0 2 2 1 1 0 3 3
0.0003423212620972387 0 0 0 2 2 1 1 3 3 0
0.0006630801158786122 0 0 0 2 2 2 2 0 0 0
0.0027281055672083855 0 0 0 2 2 2 2 0 3 0
0.0004154249781346352 0 0 0 2 2 2 2 0 3 3
0.0003423212620972387 0 0 0 2 2 2 2 3 3 0
-4.037185861494376e-05 0 0 0 2 2 3 0 1 3 1
-4.037185861494376e-05 0 0 0 2 2 3 0 2 3 2
-8.534895791128791e-06 0 0 0 2 2 3 3 1 0 1
-8.534895791128791e-06 0 0 0 2 2 3 3 2 0 2
-1182.8181828268137 0 0 0 3 0 0 0 0 0 0
-191.09899673590417 0 0 0 3 0 0 0 0 0 3
-196.46857983278122 0 0 0 3 0 0 0 0 3 0
0.38008274016499677 0 0 0 3 0 0 0 0 3 3
-3.196897594053589 0 0 0 3 0 0 0 1 1 0
0.002152223782165299 0 0 0 3 0 0 0 1 1 3
-3.196897594053589 0 0 0 3 0 0 0 2 2 0
0.002152223782165299 0 0 0 3 0 0 0 2 2 3
-178.62802466415567 0 0 0 3 0 0 0 3 0 0
0.3729000849093732 0 0 0 3 0 0 0 3 0 3
0.3987210875529108 0 0 0 3 0 0 0 3 3 0
0.061256304224018156 0 0 0 3 0 0 0 3 3 3
-176.78363063928012 0 0 0 3 0 0 3 0 0 0
0.3736422736872196 0 0 0 3 0 0 3 0 0 3
0.4184303353509765 0 0 0 3 0 0 3 0 3 0
0.056573261951953314 0 0 0 3 0 0 3 0 3 3
0.0030862642009071664 0 0 0 3 0 0 3 1 1 0
0.0002884484939946186 0 0 0 3 0 0 3 1 1 3
0.0030862642009071664 0 0 0 3 0 0 3 2 2 0
0.0002884484939946186 0 0 0 3 0 0 3 2 2 3
0.4057179441633426 0 0 0 3 0 0 3 3 0 0
0.05496706567240267 0 0 0 3 0 0 3 3 0 3
0.056455412656606016 0 0 0 3 0 0 3 3 3 0
2.067494160934829e-05 0 0 0 3 0 1 1 1 3 1
-0.00012512093752070212 0 0 0 3 0 1 1 2 3 2
0.00014579587913005038 0 0 0 3 0 1 2 2 3 1
0.00014579587913005038 0 0 0 3 0 2 1 1 3 2
-0.00012512093752070212 0 0 0 3 0 2 2 1 3 1
2.067494160934829e-05 0 0 0 3 0 2 2 2 3 2
-194.27141244978898 0 0 0 3 0 3 0 0 0 0
0.40939567352856165 0 0 0 3 0 3 0 0 0 3
0.40529580268800586 0 0 0 3 0 3 0 0 3 0
0.058914385452492724 0 0 0 3 0 3 0 0 3 3
-5.263588208820633 0 0 0 3 0 3 0 1 1 0
0.0033451541932167754 0 0 0 3 0 3 0 1 1 3
-5.263588208820634 0 0 0 3 0 3 0 2 2 0
0.0033451541932167754 0 0 0 3 0 3 0 2 2 3
0.42251085888721984 0 0 0 3 0 3 0 3 0 0
0.06170106096359482 0 0 0 3 0 3 0 3 0 3
0.05529273243246326 0 0 0 3 0 3 0 3 3 0
0.44082339064984305 0 0 0 3 0 3 3 0 0 0
0.056905271433170417 0 0 0 3 0 3 3 0 0 3
0.05358663696822833 0 0 0 3 0 3 3 0 3 0
0.004876975896167751 0 0 0 3 0 3 3 1 1 0
0.0002540726147715188 0 0 0 3 0 3 3 1 1 3
0.004876975896167751 0 0 0 3 0 3 3 2 2 0
0.0002540726147715188 0 0 0 3 0 3 3 2 2 3
0.05624820859857048 0 0 0 3 0 3 3 3 0 0
-178.5294055101787 0 0 0 3 3 0 0 0 0 0
0.36838911820840153 0 0 0 3 3 0 0 0 0 3
0.38008274016499677 0 0 0 3 3 0 0 0 3 0
0.068639308749976 0 0 0 3 3 0 0 0 3 3
0.0022059285079092605 0 0 0 3 3 0 0 1 1 0
0.000426902784017371 0 0 0 3 3 0 0 1 1 3
0.0022059285079092605 0 0 0 3 3 0 0 2 2 0
0.000426902784017371 0 0 0 3 3 0 0 2 2 3
0.37270937846543317 0 0 0 3 3 0 0 3 0 0
0.06606949739029608 0 0 0 3 3 0 0 3 0 3
0.06283830918916117 0 0 0 3 3 0 0 3 3 0
0.39731668359258143 0 0 0 3 3 0 3 0 0 0
0.06282038050304643 0 0 0 3 3 0 3 0 0 3
0.06243555012103011 0 0 0 3 3 0 3 0 3 0
0.00038179617493770246 0 0 0 3 3 0 3 1 1 0
0.00038179617493770246 0 0 0 3 3 0 3 2 2 0
0.060309556716665005 0 0 0 3 3 0 3 3 0 0
0.00020370517898370512 0 0 0 3 3 1 1 0 1 1
-0.0037076912007732994 0 0 0 3 3 1 1 0 2 2
2.4894941339657694e-05 0 0 0 3 3 1 1 1 0 1
0.0001983985091897514 0 0 0 3 3 1 1 1 3 1
-0.000506566650063476 0 0 0 3 3 1 1 2 0 2
-0.004037047800459771 0 0 0 3 3 1 1 2 3 2
0.003911396379757005 0 0 0 3 3 1 2 0 2 1
0.0005314615914031336 0 0 0 3 3 1 2 2 0 1
0.0042354463096495225 0 0 0 3 3 1 2 2 3 1
0.003911396379757005 0 0 0 3 3 2 1 0 1 2
0.0005314615914031336 0 0 0 3 3 2 1 1 0 2
0.0042354463096495225 0 0 0 3 3 2 1 1 3 2
-0.0037076912007732994 0 0 0 3 3 2 2 0 1 1
0.00020370517898370512 0 0 0 3 3 2 2 0 2 2
-0.000506566650063476 0 0 0 3 3 2 2 1 0 1
-0.004037047800459771 0 0 0 3 3 2 2 1 3 1
2.4894941339657694e-05 0 0 0 3 3 2 2 2 0 2
0.0001983985091897514 0 0 0 3 3 2 2 2 3 2
0.40583427325828897 0 0 0 3 3 3 0 0 0 0
0.06910992461756457 0 0 0 3 3 3 0 0 0 3
0.06062244305118824 0 0 0 3 3 3 0 0 3 0
0.003364751264328446 0 0 0 3 3 3 0 1 1 0
0.0007027496301115835 0 0 0 3 3 3 0 1 1 3
0.003364751264328446 0 0 0 3 3 3 0 2 2 0
0.0007027496301115835 0 0 0 3 3 3 0 2 2 3
0.06298606122653476 0 0 0 3 3 3 0 3 0 0
0.062451157971324334 0 0 0 3 3 3 3 0 0 0
0.000628497003909373 0 0 0 3 3 3 3 1 1 0
0.000628497003909373 0 0 0 3 3 3 3 2 2 0
0.0007474280817496968 0 0 1 0 1 0 0 1 0 1
0.000747428081749697 0 0 1 0 1 0 0 2 0 2
0.00032075885378137305 0 0 1 0 1 1 1 2 2 0
4.012022529291276e-05 0 0 1 0 1 1 1 3 3 0
-0.00032075885378137305 0 0 1 0 1 1 2 1 2 0
-0.00032075885378137305 0 0 1 0 1 2 1 2 1 0
0.00032075885378137305 0 0 1 0 1 2 2 1 1 0
4.012022529291276e-05 0 0 1 0 1 2 2 3 3 0
12.56842618776261 0 0 1 0 2 0 0 1 0 2
-0.009076097395845204 0 0 1 0 2 0 0 1 3 2
-12.56842618776261 0 0 1 0 2 0 0 2 0 1
0.009076097395845204 0 0 1 0 2 0 0 2 3 1
-2.452489208132149e-05 0 0 1 0 2 0 0 3 1 2
2.452489208132149e-05 0 0 1 0 2 0 0 3 2 1
-0.010871415662652675 0 0 1 0 2 0 3 1 0 2
-0.0012634470013703461 0 0 1 0 2 0 3 1 3 2
0.010871415662652675 0 0 1 0 2 0 3 2 0 1
0.0012634470013703461 0 0 1 0 2 0 3 2 3 1
-0.010813824684335326 0 0 1 0 2 3 0 1 0 2
-0.000999653840590888 0 0 1 0 2 3 0 1 3 2
0.010813824684335326 0 0 1 0 2 3 0 2 0 1
0.000999653840590888 0 0 1 0 2 3 0 2 3 1
1.5846966533624868e-05 0 0 1 0 2 3 0 3 1 2
-1.5846966533624868e-05 0 0 1 0 2 3 0 3 2 1
-0.001259661580069447 0 0 1 0 2 3 3 1 0 2
0.001259661580069447 0 0 1 0 2 3 3 2 0 1
0.0027195834803586446 0 0 1 1 0 0 0 0 0 0
0.00035006884319061383 0 0 1 1 0 0 0 0 0 3
0.00029848288288667683 0 0 1 1 0 0 0 0 3 0
0.0006797802514453121 0 0 1 1 0 0 0 1 1 0
0.0006797802514453119 0 0 1 1 0 0 0 2 2 0
-3.19689759405359 0 0 1 1 0 0 0 3 0 0
0.002205928507909261 0 0 1 1 0 0 0 3 0 3
0.002774323339441283 0 0 1 1 0 0 0 3 3 0
0.000350068843190614 0 0 1 1 0 0 0 3 3 3
0.00032168685626753014 0 0 1 1 0 0 3 0 0 0
0.0031222112421107097 0 0 1 1 0 0 3 3 0 0
0.0002884484939946187 0 0 1 1 0 0 3 3 0 3
0.0003216868562675303 0 0 1 1 0 0 3 3 3 0
-0.001190109719125176 0 0 1 1 0 3 0 0 0 0
-0.00022619994510522258 0 0 1 1 0 3 0 0 0 3
-0.0002725727591506748 0 0 1 1 0 3 0 0 3 0
2.070952709126559 0 0 1 1 0 3 0 3 0 0
-0.0008108173783377246 0 0 1 1 0 3 0 3 0 3
-0.0012386655796832286 0 0 1 1 0 3 0 3 3 0
-0.00022619994510522271 0 0 1 1 0 3 0 3 3 3
-0.00020786068410311463 0 0 1 1 0 3 3 0 0 0
-0.0014681033296467122 0 0 1 1 0 3 3 3 0 0
-0.00018638343507691035 0 0 1 1 0 3 3 3 0 3
-0.0002078606841031147 0 0 1 1 0 3 3 3 3 0
0.0003745937352719352 0 0 1 1 3 0 0 0 0 0
0.0021522237821653004 0 0 1 1 3 0 0 3 0 0
0.0004269027840173711 0 0 1 1 3 0 0 3 0 3
0.00037459373527193546 0 0 1 1 3 0 0 3 3 0
0.0003817961749377026 0 0 1 1 3 0 3 3 0 0
-1.359855144185922e-06 0 0 1 1 3 1 1 3 1 1
-1.359855144185922e-06 0 0 1 1 3 1 2 3 2 1
-1.359855144185922e-06 0 0 1 1 3 2 1 3 1 2
-1.359855144185922e-06 0 0 1 1 3 2 2 3 2 2
-0.00024204691163884739 0 0 1 1 3 3 0 0 0 0
-0.0007912203072260541 0 0 1 1 3 3 0 3 0 0
-0.0002758468460942576 0 0 1 1 3 3 0 3 0 3
-0.00024204691163884755 0 0 1 1 3 3 0 3 3 0
-0.0002482359485764249 0 0 1 1 3 3 3 3 0 0
8.909498004777104 0 0 1 2 0 0 0 1 2 0
-0.005047754814912858 0 0 1 2 0 0 0 1 2 3
-8.909498004777104 0 0 1 2 0 0 0 2 1 0
0.005047754814912858 0 0 1 2 0 0 0 2 1 3
-0.007706598484052816 0 0 1 2 0 0 3 1 2 0
-0.0008030981397753098 0 0 1 2 0 0 3 1 2 3
0.007706598484052816 0 0 1 2 0 0 3 2 1 0
0.0008030981397753098 0 0 1 2 0 0 3 2 1 3
-0.007672017318683978 0 0 1 2 0 3 0 1 2 0
-0.0010041721819298388 0 0 1 2 0 3 0 1 2 3
0.007672017318683978 0 0 1 2 0 3 0 2 1 0
0.0010041721819298388 0 0 1 2 0 3 0 2 1 3
-0.0008921913289097011 0 0 1 2 0 3 3 1 2 0
0.0008921913289097011 0 0 1 2 0 3 3 2 1 0
-0.005047754814912858 0 0 1 2 3 0 0 1 2 0
-0.001284905679839945 0 0 1 2 3 0 0 1 2 3
0.005047754814912858 0 0 1 2 3 0 0 2 1 0
0.001284905679839945 0 0 1 2 3 0 0 2 1 3
-0.0010629967021825327 0 0 1 2 3 0 3 1 2 0
0.0010629967021825327 0 0 1 2 3 0 3 2 1 0
-1.0746359998408562e-05 0 0 1 2 3 1 1 2 3 1
1.0746359998408562e-05 0 0 1 2 3 1 2 1 3 1
-1.0746359998408562e-05 0 0 1 2 3 2 1 2 3 2
1.0746359998408562e-05 0 0 1 2 3 2 2 1 3 2
-0.0010587343366385425 0 0 1 2 3 3 0 1 2 0
0.0010587343366385425 0 0 1 2 3 3 0 2 1 0
3.663493416170349e-05 0 0 1 3 1 0 0 3 1 1
3.663493416170349e-05 0 0 1 3 1 0 0 3 2 2
8.390682116720992e-05 0 0 1 3 1 1 1 0 3 0
4.331767494259304e-05 0 0 1 3 1 1 1 3 0 0
0.0003452172075009548 0 0 1 3 1 1 1 3 3 0
5.256829229835648e-05 0 0 1 3 1 1 1 3 3 3
8.390682116720992e-05 0 0 1 3 1 2 2 0 3 0
4.331767494259304e-05 0 0 1 3 1 2 2 3 0 0
0.0003452172075009548 0 0 1 3 1 2 2 3 3 0
5.256829229835648e-05 0 0 1 3 1 2 2 3 3 3
-2.452489208132146e-05 0 0 1 3 2 0 0 0 1 2
2.452489208132146e-05 0 0 1 3 2 0 0 0 2 1
-0.009076097395845204 0 0 1 3 2 0 0 1 0 2
-0.001582004965143 0 0 1 3 2 0 0 1 3 2
0.009076097395845204 0 0 1 3 2 0 0 2 0 1
0.001582004965143 0 0 1 3 2 0 0 2 3 1
1.706979158225759e-05 0 0 1 3 2 0 0 3 1 2
-1.706979158225759e-05 0 0 1 3 2 0 0 3 2 1
-0.0013641395608569161 0 0 1 3 2 0 3 1 0 2
0.0013641395608569161 0 0 1 3 2 0 3 2 0 1
-4.037185861494372e-05 0 0 1 3 2 3 0 0 1 2
4.037185861494372e-05 0 0 1 3 2 3 0 0 2 1
-0.0014981431057498463 0 0 1 3 2 3 0 1 0 2
0.0014981431057498463 0 0 1 3 2 3 0 2 0 1
-8.534895791128796e-06 0 0 1 3 2 3 3 3 1 2
8.534895791128796e-06 0 0 1 3 2 3 3 3 2 1
-12.56842618776261 0 0 2 0 1 0 0 1 0 2
0.009076097395845204 0 0 2 0 1 0 0 1 3 2
12.56842618776261 0 0 2 0 1 0 0 2 0 1
-0.009076097395845204 0 0 2 0 1 0 0 2 3 1
2.452489208132149e-05 0 0 2 0 1 0 0 3 1 2
-2.452489208132149e-05 0 0 2 0 1 0 0 3 2 1
0.010871415662652675 0 0 2 0 1 0 3 1 0 2
0.0012634470013703461 0 0 2 0 1 0 3 1 3 2
-0.010871415662652675 0 0 2 0 1 0 3 2 0 1
-0.0012634470013703461 0 0 2 0 1 0 3 2 3 1
0.010813824684335326 0 0 2 0 1 3 0 1 0 2
0.000999653840590888 0 0 2 0 1 3 0 1 3 2
-0.010813824684335326 0 0 2 0 1 3 0 2 0 1
-0.000999653840590888 0 0 2 0 1 3 0 2 3 1
-1.5846966533624868e-05 0 0 2 0 1 3 0 3 1 2
1.5846966533624868e-05 0 0 2 0 1 3 0 3 2 1
0.001259661580069447 0 0 2 0 1 3 3 1 0 2
-0.001259661580069447 0 0 2 0 1 3 3 2 0 1
0.000747428081749697 0 0 2 0 2 0 0 1 0 1
0.0007474280817496966 0 0 2 0 2 0 0 2 0 2
0.00032075885378137305 0 0 2 0 2 1 1 2 2 0
4.012022529291276e-05 0 0 2 0 2 1 1 3 3 0
-0.00032075885378137305 0 0 2 0 2 1 2 1 2 0
-0.00032075885378137305 0 0 2 0 2 2 1 2 1 0
0.00032075885378137305 0 0 2 0 2 2 2 1 1 0
4.012022529291276e-05 0 0 2 0 2 2 2 3 3 0
-8.909498004777104 0 0 2 1 0 0 0 1 2 0
0.005047754814912858 0 0 2 1 0 0 0 1 2 3
8.909498004777104 0 0 2 1 0 0 0 2 1 0
-0.005047754814912858 0 0 2 1 0 0 0 2 1 3
0.007706598484052816 0 0 2 1 0 0 3 1 2 0
0.0008030981397753098 0 0 2 1 0 0 3 1 2 3
-0.007706598484052816 0 0 2 1 0 0 3 2 1 0
-0.0008030981397753098 0 0 2 1 0 0 3 2 1 3
0.007672017318683978 0 0 2 1 0 3 0 1 2 0
0.0010041721819298388 0 0 2 1 0 3 0 1 2 3
-0.007672017318683978 0 0 2 1 0 3 0 2 1 0
-0.0010041721819298388 0 0 2 1 0 3 0 2 1 3
0.0008921913289097011 0 0 2 1 0 3 3 1 2 0
-0.0008921913289097011 0 0 2 1 0 3 3 2 1 0
0.005047754814912858 0 0 2 1 3 0 0 1 2 0
0.001284905679839945 0 0 2 1 3 0 0 1 2 3
-0.005047754814912858 0 0 2 1 3 0 0 2 1 0
-0.001284905679839945 0 0 2 1 3 0 0 2 1 3
0.0010629967021825327 0 0 2 1 3 0 3 1 2 0
-0.0010629967021825327 0 0 2 1 3 0 3 2 1 0
1.0746359998408562e-05 0 0 2 1 3 1 1 2 3 1
-1.0746359998408562e-05 0 0 2 1 3 1 2 1 3 1
1.0746359998408562e-05 0 0 2 1 3 2 1 2 3 2
-1.0746359998408562e-05 0 0 2 1 3 2 2 1 3 2
0.0010587343366385425 0 0 2 1 3 3 0 1 2 0
-0.0010587343366385425 0 0 2 1 3 3 0 2 1 0
0.0027195834803586446 0 0 2 2 0 0 0 0 0 0
0.00035006884319061383 0 0 2 2 0 0 0 0 0 3
0.00029848288288667683 0 0 2 2 0 0 0 0 3 0
0.0006797802514453121 0 0 2 2 0 0 0 1 1 0
0.0006797802514453121 0 0 2 2 0 0 0 2 2 0
-3.19689759405359 0 0 2 2 0 0 0 3 0 0
0.002205928507909261 0 0 2 2 0 0 0 3 0 3
0.002774323339441283 0 0 2 2 0 0 0 3 3 0
0.000350068843190614 0 0 2 2 0 0 0 3 3 3
0.00032168685626753014 0 0 2 2 0 0 3 0 0 0
0.0031222112421107097 0 0 2 2 0 0 3 3 0 0
0.0002884484939946187 0 0 2 2 0 0 3 3 0 3
0.0003216868562675303 0 0 2 2 0 0 3 3 3 0
-0.001190109719125176 0 0 2 2 0 3 0 0 0 0
-0.00022619994510522258 0 0 2 2 0 3 0 0 0 3
-0.0002725727591506748 0 0 2 2 0 3 0 0 3 0
2.070952709126559 0 0 2 2 0 3 0 3 0 0
-0.0008108173783377246 0 0 2 2 0 3 0 3 0 3
-0.0012386655796832286 0 0 2 2 0 3 0 3 3 0
-0.00022619994510522271 0 0 2 2 0 3 0 3 3 3
-0.00020786068410311463 0 0 2 2 0 3 3 0 0 0
-0.0014681033296467122 0 0 2 2 0 3 3 3 0 0
-0.00018638343507691035 0 0 2 2 0 3 3 3 0 3
-0.0002078606841031147 0 0 2 2 0 3 3 3 3 0
0.0003745937352719352 0 0 2 2 3 0 0 0 0 0
0.0021522237821653004 0 0 2 2 3 0 0 3 0 0
0.0004269027840173711 0 0 2 2 3 0 0 3 0 3
0.00037459373527193546 0 0 2 2 3 0 0 3 3 0
0.0003817961749377026 0 0 2 2 3 0 3 3 0 0
-1.359855144185922e-06 0 0 2 2 3 1 1 3 1 1
-1.359855144185922e-06 0 0 2 2 3 1 2 3 2 1
-1.359855144185922e-06 0 0 2 2 3 2 1 3 1 2
-1.359855144185922e-06 0 0 2 2 3 2 2 3 2 2
-0.00024204691163884739 0 0 2 2 3 3 0 0 0 0
-0.0007912203072260541 0 0 2 2 3 3 0 3 0 0
-0.0002758468460942576 0 0 2 2 3 3 0 3 0 3
-0.00024204691163884755 0 0 2 2 3 3 0 3 3 0
-0.0002482359485764249 0 0 2 2 3 3 3 3 0 0
2.452489208132146e-05 0 0 2 3 1 0 0 0 1 2
-2.452489208132146e-05 0 0 2 3 1 0 0 0 2 1
0.009076097395845204 0 0 2 3 1 0 0 1 0 2
0.001582004965143 0 0 2 3 1 0 0 1 3 2
-0.009076097395845204 0 0 2 3 1 0 0 2 0 1
-0.001582004965143 0 0 2 3 1 0 0 2 3 1
-1.7069791582257586e-05 0 0 2 3 1 0 0 3 1 2
1.7069791582257586e-05 0 0 2 3 1 0 0 3 2 1
0.0013641395608569161 0 0 2 3 1 0 3 1 0 2
-0.0013641395608569161 0 0 2 3 1 0 3 2 0 1
4.037185861494372e-05 0 0 2 3 1 3 0 0 1 2
-4.037185861494372e-05 0 0 2 3 1 3 0 0 2 1
0.0014981431057498463 0 0 2 3 1 3 0 1 0 2
-0.0014981431057498463 0 0 2 3 1 3 0 2 0 1
8.534895791128796e-06 0 0 2 3 1 3 3 3 1 2
-8.534895791128796e-06 0 0 2 3 1 3 3 3 2 1
3.663493416170349e-05 0 0 2 3 2 0 0 3 1 1
3.663493416170349e-05 0 0 2 3 2 0 0 3 2 2
8.390682116720992e-05 0 0 2 3 2 1 1 0 3 0
4.331767494259304e-05 0 0 2 3 2 1 1 3 0 0
0.0003452172075009548 0 0 2 3 2 1 1 3 3 0
5.256829229835648e-05 0 0 2 3 2 1 1 3 3 3
8.390682116720992e-05 0 0 2 3 2 2 2 0 3 0
4.331767494259304e-05 0 0 2 3 2 2 2 3 0 0
0.0003452172075009548 0 0 2 3 2 2 2 3 3 0
5.256829229835648e-05 0 0 2 3 2 2 2 3 3 3
-1207.6773736351056 0 0 3 0 0 0 0 0 0 0
-191.08184335639334 0 0 3 0 0 0 0 0 0 3
-178.62802466415567 0 0 3 0 0 0 0 0 3 0
0.3727093784654332 0 0 3 0 0 0 0 0 3 3
0.00029848288288667667 0 0 3 0 0 0 0 1 1 0
0.00029848288288667667 0 0 3 0 0 0 0 2 2 0
-196.42585901552042 0 0 3 0 0 0 0 3 0 0
0.38571774246946106 0 0 3 0 0 0 0 3 0 3
0.40104210119829314 0 0 3 0 0 0 0 3 3 0
0.06125630422401813 0 0 3 0 0 0 0 3 3 3
-176.7593522122338 0 0 3 0 0 0 3 0 0 0
0.3758852595632495 0 0 3 0 0 0 3 0 0 3
0.40551858696081355 0 0 3 0 0 0 3 0 3 0
0.05496706567240267 0 0 3 0 0 0 3 0 3 3
0.4236325897093909 0 0 3 0 0 0 3 3 0 0
0.05657326195195326 0 0 3 0 0 0 3 3 0 3
0.05645541265660599 0 0 3 0 0 0 3 3 3 0
-178.1676096107832 0 0 3 0 0 3 0 0 0 0
0.40309072839792276 0 0 3 0 0 3 0 0 0 3
0.3803323484894019 0 0 3 0 0 3 0 0 3 0
0.05514710217027175 0 0 3 0 0 3 0 0 3 3
0.00057105564203732 0 0 3 0 0 3 0 1 1 0
0.00057105564203732 0 0 3 0 0 3 0 2 2 0
0.42858806890463486 0 0 3 0 0 3 0 3 0 0
0.061950466409093186 0 0 3 0 0 3 0 3 0 3
0.053173196842248055 0 0 3 0 0 3 0 3 3 0
0.42940736629364695 0 0 3 0 0 3 3 0 0 0
0.055455947130540105 0 0 3 0 0 3 3 0 0 3
0.0501859221459776 0 0 3 0 0 3 3 0 3 0
0.05641625909195854 0 0 3 0 0 3 3 3 0 0
-178.51266974054906 0 0 3 0 3 0 0 0 0 0
0.3717087296292423 0 0 3 0 3 0 0 0 0 3
0.3729000849093733 0 0 3 0 3 0 0 0 3 0
0.06606949739029608 0 0 3 0 3 0 0 0 3 3
0.38571774246946106 0 0 3 0 3 0 0 3 0 0
0.06863930874997592 0 0 3 0 3 0 0 3 0 3
0.06283830918916111 0 0 3 0 3 0 0 3 3 0
0.40028554439697694 0 0 3 0 3 0 3 0 0 0
0.06282038050304639 0 0 3 0 3 0 3 0 0 3
0.060309556716665005 0 0 3 0 3 0 3 0 3 0
0.06243555012103003 0 0 3 0 3 0 3 3 0 0
0.00018221245898688792 0 0 3 0 3 1 1 0 1 1
-0.0037076912007732977 0 0 3 0 3 1 1 0 2 2
0.0038899036597601854 0 0 3 0 3 1 2 0 2 1
0.0038899036597601854 0 0 3 0 3 2 1 0 1 2
-0.0037076912007732977 0 0 3 0 3 2 2 0 1 1
0.00018221245898688792 0 0 3 0 3 2 2 0 2 2
0.3996817156582845 0 0 3 0 3 3 0 0 0 0
0.06696492960937962 0 0 3 0 3 3 0 0 0 3
0.05662280887715172 0 0 3 0 3 3 0 0 3 0
0.0632213643990524 0 0 3 0 3 3 0 3 0 0
0.06052086629647758 0 0 3 0 3 3 3 0 0 0
-2.452489208132147e-05 0 0 3 1 1 0 0 1 0 1
-2.452489208132147e-05 0 0 3 1 1 0 0 2 0 2
0.0003170531700073125 0 0 3 1 1 1 1 0 3 0
0.0003170531700073125 0 0 3 1 1 2 2 0 3 0
1.5846966533624854e-05 0 0 3 1 1 3 0 1 0 1
1.5846966533624854e-05 0 0 3 1 1 3 0 2 0 2
-0.009266803839785225 0 0 3 1 2 0 0 0 1 2
0.009266803839785225 0 0 3 1 2 0 0 0 2 1
-0.0015820049651429995 0 0 3 1 2 0 0 3 1 2
0.0015820049651429995 0 0 3 1 2 0 0 3 2 1
-0.0013641395608569168 0 0 3 1 2 0 3 0 1 2
0.0013641395608569168 0 0 3 1 2 0 3 0 2 1
-0.0013749165233517162 0 0 3 1 2 3 0 0 1 2
0.0013749165233517162 0 0 3 1 2 3 0 0 2 1
0.009266803839785225 0 0 3 2 1 0 0 0 1 2
-0.009266803839785225 0 0 3 2 1 0 0 0 2 1
0.0015820049651429995 0 0 3 2 1 0 0 3 1 2
-0.0015820049651429995 0 0 3 2 1 0 0 3 2 1
0.0013641395608569168 0 0 3 2 1 0 3 0 1 2
-0.0013641395608569168 0 0 3 2 1 0 3 0 2 1
0.0013749165233517162 0 0 3 2 1 3 0 0 1 2
-0.0013749165233517162 0 0 3 2 1 3 0 0 2 1
-2.452489208132147e-05 0 0 3 2 2 0 0 1 0 1
-2.452489208132147e-05 0 0 3 2 2 0 0 2 0 2
0.0003170531700073125 0 0 3 2 2 1 1 0 3 0
0.0003170531700073125 0 0 3 2 2 2 2 0 3 0
1.5846966533624854e-05 0 0 3 2 2 3 0 1 0 1
1.5846966533624854e-05 0 0 3 2 2 3 0 2 0 2
-169.717846879127 0 0 3 3 0 0 0 0 0 0
0.3769284274903056 0 0 3 3 0 0 0 0 0 3
0.39872108755291086 0 0 3 3 0 0 0 0 3 0
0.06283830918916117 0 0 3 3 0 0 0 0 3 3
0.002719583480358645 0 0 3 3 0 0 0 1 1 0
0.0003745937352719351 0 0 3 3 0 0 0 1 1 3
0.002719583480358645 0 0 3 3 0 0 0 2 2 0
0.0003745937352719351 0 0 3 3 0 0 0 2 2 3
0.4010421011982932 0 0 3 3 0 0 0 3 0 0
0.06283830918916111 0 0 3 3 0 0 0 3 0 3
0.06136013802095715 0 0 3 3 0 0 0 3 3 0
0.4074991498107929 0 0 3 3 0 0 3 0 0 0
0.057066087437988744 0 0 3 3 0 0 3 0 0 3
0.05810917997417722 0 0 3 3 0 0 3 0 3 0
0.0003473242378716922 0 0 3 3 0 0 3 1 1 0
0.0003473242378716922 0 0 3 3 0 0 3 2 2 0
0.0581091799741772 0 0 3 3 0 0 3 3 0 0
0.4206319714089015 0 0 3 3 0 3 0 0 0 0
0.06313178239404858 0 0 3 3 0 3 0 0 0 3
0.0566099027678987 0 0 3 3 0 3 0 0 3 0
0.004234056314732923 0 0 3 3 0 3 0 1 1 0
0.0006166406469107429 0 0 3 3 0 3 0 1 1 3
0.004234056314732923 0 0 3 3 0 3 0 2 2 0
0.0006166406469107429 0 0 3 3 0 3 0 2 2 3
0.06105045200349643 0 0 3 3 0 3 0 3 0 0
0.05779067600241701 0 0 3 3 0 3 3 0 0 0
0.0005717507330268136 0 0 3 3 0 3 3 1 1 0
0.0005717507330268136 0 0 3 3 0 3 3 2 2 0
0.3585855262546752 0 0 3 3 3 0 0 0 0 0
0.06478459171045613 0 0 3 3 3 0 0 0 0 3
0.06125630422401816 0 0 3 3 3 0 0 0 3 0
0.00035006884319061367 0 0 3 3 3 0 0 1 1 0
0.00035006884319061367 0 0 3 3 3 0 0 2 2 0
0.06125630422401812 0 0 3 3 3 0 0 3 0 0
0.05931970823864347 0 0 3 3 3 0 3 0 0 0
2.5777057122535167e-05 0 0 3 3 3 1 1 1 3 1
-0.0004691749534885391 0 0 3 3 3 1 1 2 3 2
0.0004949520106110743 0 0 3 3 3 1 2 2 3 1
0.0004949520106110743 0 0 3 3 3 2 1 1 3 2
-0.0004691749534885391 0 0 3 3 3 2 2 1 3 1
2.5777057122535167e-05 0 0 3 3 3 2 2 2 3 2
0.061304604634357454 0 0 3 3 3 3 0 0 0 0
0.0005762687882957993 0 0 3 3 3 3 0 1 1 0
0.0005762687882957993 0 0 3 3 3 3 0 2 2 0
0.0009837815570987655 0 1 0 0 1 0 1 0 0 1
0.0009837815570987655 0 1 0 0 1 0 2 0 0 2
-0.00017612510636186383 0 1 0 0 1 1 0 0 1 0
-0.00017612510636186383 0 1 0 0 1 2 0 0 2 0
47.83287507374685 0 1 0 0 2 0 1 0 0 2
-0.034545825568014554 0 1 0 0 2 0 1 0 3 2
-0.0352717004963801 0 1 0 0 2 0 1 3 0 2
-0.004981899922368544 0 1 0 0 2 0 1 3 3 2
-47.83287507374685 0 1 0 0 2 0 2 0 0 1
0.034545825568014554 0 1 0 0 2 0 2 0 3 1
0.0352717004963801 0 1 0 0 2 0 2 3 0 1
0.004981899922368544 0 1 0 0 2 0 2 3 3 1
40.02982472632995 0 1 0 0 2 1 0 0 2 0
-0.022683125347124754 0 1 0 0 2 1 0 0 2 3
-0.0006101812818120855 0 1 0 0 2 1 0 2 0 0
-0.0036585726515171143 0 1 0 0 2 1 0 2 3 0
-0.0005930574397390717 0 1 0 0 2 1 0 2 3 3
-0.029529538602042788 0 1 0 0 2 1 0 3 2 0
-0.004379842006492684 0 1 0 0 2 1 0 3 2 3
-0.03463118670052706 0 1 0 0 2 1 3 0 2 0
-0.0014042028223665627 0 1 0 0 2 1 3 0 2 3
-0.0005498843250060689 0 1 0 0 2 1 3 2 3 0
-0.00402474437078061 0 1 0 0 2 1 3 3 2 0
-40.02982472632995 0 1 0 0 2 2 0 0 1 0
0.022683125347124754 0 1 0 0 2 2 0 0 1 3
0.0006101812818120855 0 1 0 0 2 2 0 1 0 0
0.0036585726515171143 0 1 0 0 2 2 0 1 3 0
0.0005930574397390717 0 1 0 0 2 2 0 1 3 3
0.029529538602042788 0 1 0 0 2 2 0 3 1 0
0.004379842006492684 0 1 0 0 2 2 0 3 1 3
0.03463118670052706 0 1 0 0 2 2 3 0 1 0
0.0014042028223665624 0 1 0 0 2 2 3 0 1 3
0.0005498843250060689 0 1 0 0 2 2 3 1 3 0
0.00402474437078061 0 1 0 0 2 2 3 3 1 0
-0.04116003662974681 0 1 0 0 2 3 1 0 0 2
-0.0019597767665038342 0 1 0 0 2 3 1 0 3 2
-0.0049702841985728155 0 1 0 0 2 3 1 3 0 2
0.04116003662974681 0 1 0 0 2 3 2 0 0 1
0.0019597767665038342 0 1 0 0 2 3 2 0 3 1
0.0049702841985728155 0 1 0 0 2 3 2 3 0 1
0.0010125247579088775 0 1 0 1 0 0 1 0 1 0
8.385311606307276e-06 0 1 0 1 0 0 1 1 0 0
-2.5637381604162236e-05 0 1 0 1 0 0 1 1 3 0
0.0010125247579088775 0 1 0 1 0 0 2 0 2 0
8.385311606307276e-06 0 1 0 1 0 0 2 2 0 0
-2.5637381604162236e-05 0 1 0 1 0 0 2 2 3 0
-0.0004638576430740746 0 1 0 1 0 1 0 0 0 1
-0.0007599510597932693 0 1 0 1 0 1 0 0 3 1
-0.00015701756109630277 0 1 0 1 0 1 0 3 3 1
-0.0002520396599041834 0 1 0 1 0 1 3 0 3 1
-0.0004638576430740746 0 1 0 1 0 2 0 0 0 2
-0.0007599510597932693 0 1 0 1 0 2 0 0 3 2
-0.00015701756109630277 0 1 0 1 0 2 0 3 3 2
-0.0002520396599041834 0 1 0 1 0 2 3 0 3 2
-4.1926558031536335e-06 0 1 0 1 0 3 1 1 0 3
-4.2203192656203e-05 0 1 0 1 0 3 1 1 3 0
-4.192655803153633e-06 0 1 0 1 0 3 2 2 0 3
-4.2203192656203e-05 0 1 0 1 0 3 2 2 3 0
-0.0009686416801171861 0 1 0 1 3 1 0 0 0 1
1.3419235398529104 0 1 0 1 3 1 0 0 3 1
-0.0001396891181968673 0 1 0 1 3 1 0 3 0 1
-0.0009889947241856407 0 1 0 1 3 1 0 3 3 1
-0.00045937493689490706 0 1 0 1 3 1 3 0 0 1
-0.0011602460698080174 0 1 0 1 3 1 3 0 3 1
-0.0001348407110204247 0 1 0 1 3 1 3 3 3 1
-0.0009686416801171861 0 1 0 1 3 2 0 0 0 2
1.3419235398529104 0 1 0 1 3 2 0 0 3 2
-0.0001396891181968673 0 1 0 1 3 2 0 3 0 2
-0.0009889947241856407 0 1 0 1 3 2 0 3 3 2
-0.0004593749368949071 0 1 0 1 3 2 3 0 0 2
-0.0011602460698080174 0 1 0 1 3 2 3 0 3 2
-0.0001348407110204247 0 1 0 1 3 2 3 3 3 2
-9.743577059023392e-06 0 1 0 1 3 3 1 1 0 0
-9.743577059023392e-06 0 1 0 1 3 3 2 2 0 0
13.138381662992273 0 1 0 2 0 0 1 0 2 0
-0.0074436883657271035 0 1 0 2 0 0 1 0 2 3
2.7561729597235023e-05 0 1 0 2 0 0 1 2 0 0
-0.009687161334032184 0 1 0 2 0 0 1 3 2 0
-0.0014372877850179055 0 1 0 2 0 0 1 3 2 3
-13.138381662992273 0 1 0 2 0 0 2 0 1 0
0.0074436883657271035 0 1 0 2 0 0 2 0 1 3
-2.7561729597235023e-05 0 1 0 2 0 0 2 1 0 0
0.009687161334032184 0 1 0 2 0 0 2 3 1 0
0.0014372877850179055 0 1 0 2 0 0 2 3 1 3
-3.8827850917119284e-05 0 1 0 2 0 1 0 2 1 1
-3.8827850917119284e-05 0 1 0 2 0 1 0 2 2 2
3.8827850917119284e-05 0 1 0 2 0 2 0 1 1 1
3.8827850917119284e-05 0 1 0 2 0 2 0 1 2 2
-0.011304357593645146 0 1 0 2 0 3 1 0 2 0
-0.0015139386211989623 0 1 0 2 0 3 1 0 2 3
-0.0013731733320581831 0 1 0 2 0 3 1 3 2 0
0.011304357593645146 0 1 0 2 0 3 2 0 1 0
0.0015139386211989623 0 1 0 2 0 3 2 0 1 3
0.0013731733320581831 0 1 0 2 0 3 2 3 1 0
-0.0074436883657271035 0 1 0 2 3 0 1 0 2 0
-0.0021193764846018652 0 1 0 2 3 0 1 0 2 3
-0.0015379803445044755 0 1 0 2 3 0 1 3 2 0
0.0074436883657271035 0 1 0 2 3 0 2 0 1 0
0.0021193764846018652 0 1 0 2 3 0 2 0 1 3
0.0015379803445044755 0 1 0 2 3 0 2 3 1 0
0.00032455345684936644 0 1 0 2 3 1 0 0 3 2
-2.6174060980459156e-06 0 1 0 2 3 1 0 1 2 1
2.6174060980459156e-06 0 1 0 2 3 1 0 2 1 1
1.8375945054943603e-06 0 1 0 2 3 1 3 1 2 1
-3.922929108043102e-05 0 1 0 2 3 1 3 2 1 1
-3.739169657493666e-05 0 1 0 2 3 1 3 2 2 2
-0.00032455345684936644 0 1 0 2 3 2 0 0 3 1
-2.6174060980459156e-06 0 1 0 2 3 2 0 1 2 2
2.6174060980459156e-06 0 1 0 2 3 2 0 2 1 2
3.739169657493666e-05 0 1 0 2 3 2 3 1 1 1
3.922929108043102e-05 0 1 0 2 3 2 3 1 2 2
-1.8375945054943603e-06 0 1 0 2 3 2 3 2 1 2
-0.0016382654661524355 0 1 0 2 3 3 1 0 2 0
0.0016382654661524355 0 1 0 2 3 3 2 0 1 0
-2.228704714358549e-05 0 1 0 3 1 1 0 1 3 0
-2.228704714358549e-05 0 1 0 3 1 2 0 2 3 0
-0.034545825568014554 0 1 0 3 2 0 1 0 0 2
-0.005862288169076786 0 1 0 3 2 0 1 0 3 2
-9.334768094308387e-05 0 1 0 3 2 0 1 1 1 2
-9.334768094308387e-05 0 1 0 3 2 0 1 2 2 2
-0.005241798484775768 0 1 0 3 2 0 1 3 0 2
0.034545825568014554 0 1 0 3 2 0 2 0 0 1
0.005862288169076786 0 1 0 3 2 0 2 0 3 1
9.334768094308387e-05 0 1 0 3 2 0 2 1 1 1
9.334768094308387e-05 0 1 0 3 2 0 2 2 2 1
0.005241798484775768 0 1 0 3 2 0 2 3 0 1
-0.028912152122696797 0 1 0 3 2 1 0 0 2 0
-0.004696962128893354 0 1 0 3 2 1 0 0 2 3
-0.003736697354208436 0 1 0 3 2 1 0 2 0 0
-0.0005542295888219525 0 1 0 3 2 1 0 2 0 3
5.065414064206087 0 1 0 3 2 1 0 2 3 0
-0.0028703453722069214 0 1 0 3 2 1 0 2 3 3
-0.004386975059836981 0 1 0 3 2 1 0 3 2 0
-0.004370771316651911 0 1 0 3 2 1 3 0 2 0
-0.000509295178781452 0 1 0 3 2 1 3 2 0 0
-0.004382265007960723 0 1 0 3 2 1 3 2 3 0
-0.00017768922981905845 0 1 0 3 2 1 3 2 3 3
0.028912152122696797 0 1 0 3 2 2 0 0 1 0
0.004696962128893354 0 1 0 3 2 2 0 0 1 3
0.003736697354208436 0 1 0 3 2 2 0 1 0 0
0.0005542295888219525 0 1 0 3 2 2 0 1 0 3
-5.065414064206088 0 1 0 3 2 2 0 1 3 0
0.0028703453722069214 0 1 0 3 2 2 0 1 3 3
0.004386975059836981 0 1 0 3 2 2 0 3 1 0
0.004370771316651911 0 1 0 3 2 2 3 0 1 0
0.000509295178781452 0 1 0 3 2 2 3 1 0 0
0.004382265007960723 0 1 0 3 2 2 3 1 3 0
0.00017768922981905845 0 1 0 3 2 2 3 1 3 3
-0.005704875321906923 0 1 0 3 2 3 1 0 0 2
-0.0003871519407321367 0 1 0 3 2 3 1 1 1 2
-0.0003871519407321367 0 1 0 3 2 3 1 2 2 2
0.005704875321906923 0 1 0 3 2 3 2 0 0 1
0.0003871519407321367 0 1 0 3 2 3 2 1 1 1
0.0003871519407321367 0 1 0 3 2 3 2 2 2 1
0.000798203756091763 0 1 1 0 0 0 1 1 0 0
0.000798203756091763 0 1 1 0 0 0 2 2 0 0
0.0003068400819777715 0 1 1 0 0 1 0 1 2 2
-0.0003068400819777715 0 1 1 0 0 1 0 2 2 1
-1.856831265306304e-05 0 1 1 0 0 1 0 3 3 1
-0.0003068400819777715 0 1 1 0 0 2 0 1 1 2
0.0003068400819777715 0 1 1 0 0 2 0 2 1 1
-1.856831265306304e-05 0 1 1 0 0 2 0 3 3 2
-1.859855318787491e-05 0 1 1 0 3 1 0 0 3 1
3.312091859363019e-07 0 1 1 0 3 1 0 1 1 1
3.312091859363019e-07 0 1 1 0 3 1 0 2 2 1
-2.0442858057824428e-05 0 1 1 0 3 1 0 3 0 1
-0.00012519029326870802 0 1 1 0 3 1 0 3 3 1
-1.4521732091517606e-05 0 1 1 0 3 1 3 1 1 1
0.0002954907616914469 0 1 1 0 3 1 3 1 2 2
-0.0003100124937829645 0 1 1 0 3 1 3 2 2 1
-1.8422733602935334e-05 0 1 1 0 3 1 3 3 3 1
-1.859855318787491e-05 0 1 1 0 3 2 0 0 3 2
3.312091859363019e-07 0 1 1 0 3 2 0 1 1 2
3.312091859363019e-07 0 1 1 0 3 2 0 2 2 2
-2.0442858057824428e-05 0 1 1 0 3 2 0 3 0 2
-0.00012519029326870802 0 1 1 0 3 2 0 3 3 2
-0.0003100124937829645 0 1 1 0 3 2 3 1 1 2
0.0002954907616914469 0 1 1 0 3 2 3 2 1 1
-1.4521732091517606e-05 0 1 1 0 3 2 3 2 2 2
-1.8422733602935334e-05 0 1 1 0 3 2 3 3 3 2
1.0280040422896077e-05 0 1 1 1 1 1 0 1 3 3
-2.5268092089926162e-05 0 1 1 1 1 1 3 1 3 0
1.0280040422896077e-05 0 1 1 1 1 2 0 2 3 3
-2.5268092089926162e-05 0 1 1 1 1 2 3 2 3 0
-9.334768094308391e-05 0 1 1 1 2 0 1 3 0 2
9.334768094308391e-05 0 1 1 1 2 0 2 3 0 1
-2.752453464224238e-05 0 1 1 1 2 1 0 0 2 0
-7.8124702691322e-05 0 1 1 1 2 1 0 3 2 0
1.3008465986235964e-06 0 1 1 1 2 1 0 3 2 3
2.752453464224238e-05 0 1 1 1 2 2 0 0 1 0
7.8124702691322e-05 0 1 1 1 2 2 0 3 1 0
-1.3008465986235964e-06 0 1 1 1 2 2 0 3 1 3
6.0643832231619965e-05 0 1 1 1 2 3 1 3 0 2
-6.0643832231619965e-05 0 1 1 1 2 3 2 3 0 1
-1.3008465986235964e-06 0 1 1 2 1 1 0 3 2 3
3.197449649680283e-06 0 1 1 2 1 1 3 3 2 0
1.3008465986235964e-06 0 1 1 2 1 2 0 3 1 3
-3.197449649680283e-06 0 1 1 2 1 2 3 3 1 0
0.000360591121893793 0 1 1 2 2 0 1 1 2 2
-0.0002598985624072228 0 1 1 2 2 0 1 2 1 2
-0.00010069255948657022 0 1 1 2 2 0 1 2 2 1
-0.00010069255948657022 0 1 1 2 2 0 2 1 1 2
-0.0002598985624072228 0 1 1 2 2 0 2 1 2 1
0.000360591121893793 0 1 1 2 2 0 2 2 1 1
0.00021751475465519451 0 1 1 2 2 1 0 1 0 0
9.885978029632602e-06 0 1 1 2 2 1 0 1 3 0
-2.5268092089926162e-05 0 1 1 2 2 1 3 1 3 0
0.00021751475465519451 0 1 1 2 2 2 0 2 0 0
9.885978029632602e-06 0 1 1 2 2 2 0 2 3 0
-2.5268092089926162e-05 0 1 1 2 2 2 3 2 3 0
2.756172959723502e-05 0 1 1 3 0 0 1 3 1 0
2.756172959723502e-05 0 1 1 3 0 0 2 3 2 0
-5.869701016880587e-05 0 1 1 3 0 1 0 0 3 1
-1.9869159251686632e-05 0 1 1 3 0 1 0 3 0 1
-9.616496731381234e-05 0 1 1 3 0 1 0 3 3 1
-3.189335068900818e-05 0 1 1 3 0 1 3 3 3 1
-5.869701016880587e-05 0 1 1 3 0 2 0 0 3 2
-1.9869159251686632e-05 0 1 1 3 0 2 0 3 0 2
-9.616496731381234e-05 0 1 1 3 0 2 0 3 3 2
-3.189335068900818e-05 0 1 1 3 0 2 3 3 3 2
-1.7676400752900152e-05 0 1 1 3 3 1 0 0 0 1
-0.0001251483817269983 0 1 1 3 3 1 0 0 3 1
7.287380631692407e-06 0 1 1 3 3 1 0 1 1 1
7.287380631692407e-06 0 1 1 3 3 1 0 2 2 1
-0.0001225728871706621 0 1 1 3 3 1 0 3 0 1
0.16980834710947712 0 1 1 3 3 1 0 3 3 1
-5.812976404467475e-05 0 1 1 3 3 1 3 0 3 1
-1.7062878458749414e-05 0 1 1 3 3 1 3 3 0 1
-0.0001468186983112033 0 1 1 3 3 1 3 3 3 1
-1.7676400752900152e-05 0 1 1 3 3 2 0 0 0 2
-0.0001251483817269983 0 1 1 3 3 2 0 0 3 2
7.287380631692407e-06 0 1 1 3 3 2 0 1 1 2
7.287380631692407e-06 0 1 1 3 3 2 0 2 2 2
-0.0001225728871706621 0 1 1 3 3 2 0 3 0 2
0.16980834710947712 0 1 1 3 3 2 0 3 3 2
-5.8129764044674756e-05 0 1 1 3 3 2 3 0 3 2
-1.7062878458749414e-05 0 1 1 3 3 2 3 3 0 2
-0.0001468186983112033 0 1 1 3 3 2 3 3 3 2
13.138316458507267 0 1 2 0 0 0 1 2 0 0
-0.007443688365727097 0 1 2 0 0 0 1 2 0 3
-0.00948780413150298 0 1 2 0 0 0 1 2 3 0
-0.0014372877850179053 0 1 2 0 0 0 1 2 3 3
-2.5637381604162243e-05 0 1 2 0 0 0 1 3 2 0
-13.138316458507267 0 1 2 0 0 0 2 1 0 0
0.007443688365727097 0 1 2 0 0 0 2 1 0 3
0.00948780413150298 0 1 2 0 0 0 2 1 3 0
0.0014372877850179053 0 1 2 0 0 0 2 1 3 3
2.5637381604162243e-05 0 1 2 0 0 0 2 3 1 0
-0.011304357593645138 0 1 2 0 0 3 1 2 0 0
-0.0014813363787004946 0 1 2 0 0 3 1 2 0 3
-0.0010449997862707827 0 1 2 0 0 3 1 2 3 0
1.656581105204347e-05 0 1 2 0 0 3 1 3 2 0
0.011304357593645138 0 1 2 0 0 3 2 1 0 0
0.0014813363787004946 0 1 2 0 0 3 2 1 0 3
0.0010449997862707827 0 1 2 0 0 3 2 1 3 0
-1.656581105204347e-05 0 1 2 0 0 3 2 3 1 0
-0.007443688365727097 0 1 2 0 3 0 1 2 0 0
-0.0021193764846018635 0 1 2 0 3 0 1 2 0 3
-0.0015379803445044753 0 1 2 0 3 0 1 2 3 0
0.007443688365727097 0 1 2 0 3 0 2 1 0 0
0.0021193764846018635 0 1 2 0 3 0 2 1 0 3
0.0015379803445044753 0 1 2 0 3 0 2 1 3 0
-0.0015624990600854641 0 1 2 0 3 3 1 2 0 0
0.0015624990600854641 0 1 2 0 3 3 2 1 0 0
-0.0002598985624072228 0 1 2 1 2 0 1 1 2 2
0.000360591121893793 0 1 2 1 2 0 1 2 1 2
-0.00010069255948657024 0 1 2 1 2 0 1 2 2 1
-0.00010069255948657024 0 1 2 1 2 0 2 1 1 2
0.000360591121893793 0 1 2 1 2 0 2 1 2 1
-0.0002598985624072228 0 1 2 1 2 0 2 2 1 1
-0.00021751475465519451 0 1 2 1 2 1 0 1 0 0
-9.885978029632602e-06 0 1 2 1 2 1 0 1 3 0
1.0280040422896077e-05 0 1 2 1 2 1 0 1 3 3
-0.00021751475465519451 0 1 2 1 2 2 0 2 0 0
-9.885978029632602e-06 0 1 2 1 2 2 0 2 3 0
1.0280040422896077e-05 0 1 2 1 2 2 0 2 3 3
-0.00010069255948657022 0 1 2 2 1 0 1 1 2 2
-0.00010069255948657024 0 1 2 2 1 0 1 2 1 2
0.00020138511897314047 0 1 2 2 1 0 1 2 2 1
0.00020138511897314047 0 1 2 2 1 0 2 1 1 2
-0.00010069255948657024 0 1 2 2 1 0 2 1 2 1
-0.00010069255948657022 0 1 2 2 1 0 2 2 1 1
-9.334768094308391e-05 0 1 2 2 2 0 1 3 0 2
9.334768094308391e-05 0 1 2 2 2 0 2 3 0 1
-2.752453464224238e-05 0 1 2 2 2 1 0 0 2 0
-7.8124702691322e-05 0 1 2 2 2 1 0 3 2 0
3.197449649680283e-06 0 1 2 2 2 1 3 3 2 0
2.752453464224238e-05 0 1 2 2 2 2 0 0 1 0
7.8124702691322e-05 0 1 2 2 2 2 0 3 1 0
-3.197449649680283e-06 0 1 2 2 2 2 3 3 1 0
6.0643832231619965e-05 0 1 2 2 2 3 1 3 0 2
-6.0643832231619965e-05 0 1 2 2 2 3 2 3 0 1
-2.5637381604162215e-05 0 1 2 3 0 0 1 0 2 0
-0.00948780413150298 0 1 2 3 0 0 1 2 0 0
-0.0015379803445044753 0 1 2 3 0 0 1 2 0 3
-0.0016537673175712113 0 1 2 3 0 0 1 2 3 0
8.385311606307274e-06 0 1 2 3 0 0 1 3 2 0
2.5637381604162215e-05 0 1 2 3 0 0 2 0 1 0
0.00948780413150298 0 1 2 3 0 0 2 1 0 0
0.0015379803445044753 0 1 2 3 0 0 2 1 0 3
0.0016537673175712113 0 1 2 3 0 0 2 1 3 0
-8.385311606307276e-06 0 1 2 3 0 0 2 3 1 0
-4.2203192656202964e-05 0 1 2 3 0 3 1 0 2 0
-0.0015661013460281869 0 1 2 3 0 3 1 2 0 0
-4.192655803153641e-06 0 1 2 3 0 3 1 3 2 3
4.2203192656202964e-05 0 1 2 3 0 3 2 0 1 0
0.0015661013460281869 0 1 2 3 0 3 2 1 0 0
4.192655803153642e-06 0 1 2 3 0 3 2 3 1 3
-0.0014372877850179053 0 1 2 3 3 0 1 2 0 0
0.0014372877850179053 0 1 2 3 3 0 2 1 0 0
4.1069319092724556e-05 0 1 2 3 3 1 0 3 3 2
-4.1069319092724556e-05 0 1 2 3 3 2 0 3 3 1
-9.7435770590234e-06 0 1 2 3 3 3 1 3 2 0
9.7435770590234e-06 0 1 2 3 3 3 2 3 1 0
-0.035271700496380114 0 1 3 0 2 0 1 0 0 2
-0.005241798484775768 0 1 3 0 2 0 1 0 3 2
-0.005862288169076779 0 1 3 0 2 0 1 3 0 2
0.035271700496380114 0 1 3 0 2 0 2 0 0 1
0.005241798484775768 0 1 3 0 2 0 2 0 3 1
0.005862288169076779 0 1 3 0 2 0 2 3 0 1
-0.029519652624013168 0 1 3 0 2 1 0 0 2 0
-0.004686682088470455 0 1 3 0 2 1 0 0 2 3
-0.0005276076778853581 0 1 3 0 2 1 0 2 3 0
-0.004822004569147367 0 1 3 0 2 1 0 3 2 0
-0.004345503224561983 0 1 3 0 2 1 3 0 2 0
0.029519652624013168 0 1 3 0 2 2 0 0 1 0
0.004686682088470455 0 1 3 0 2 2 0 0 1 3
0.0005276076778853581 0 1 3 0 2 2 0 1 3 0
0.004822004569147367 0 1 3 0 2 2 0 3 1 0
0.004345503224561983 0 1 3 0 2 2 3 0 1 0
-0.005233306698752975 0 1 3 0 2 3 1 0 0 2
0.005233306698752975 0 1 3 0 2 3 2 0 0 1
-2.5637381604162226e-05 0 1 3 1 0 0 1 1 0 0
-2.5637381604162226e-05 0 1 3 1 0 0 2 2 0 0
-0.0001467375206734067 0 1 3 1 0 1 0 0 3 1
-0.0001467375206734067 0 1 3 1 0 2 0 0 3 2
1.656581105204346e-05 0 1 3 1 0 3 1 1 0 0
1.656581105204346e-05 0 1 3 1 0 3 2 2 0 0
-0.00014697649882855973 0 1 3 1 3 1 0 0 0 1
-0.0009893259333715774 0 1 3 1 3 1 0 0 3 1
-0.0001615512600919444 0 1 3 1 3 1 0 3 3 1
-0.00014558707101883326 0 1 3 1 3 1 3 0 3 1
-0.00014697649882855973 0 1 3 1 3 2 0 0 0 2
-0.0009893259333715774 0 1 3 1 3 2 0 0 3 2
-0.0001615512600919444 0 1 3 1 3 2 0 3 3 2
-0.00014558707101883326 0 1 3 1 3 2 3 0 3 2
-0.009687161334032189 0 1 3 2 0 0 1 0 2 0
-0.0015379803445044755 0 1 3 2 0 0 1 0 2 3
-0.0016537673175712106 0 1 3 2 0 0 1 3 2 0
0.009687161334032189 0 1 3 2 0 0 2 0 1 0
0.0015379803445044755 0 1 3 2 0 0 2 0 1 3
0.0016537673175712106 0 1 3 2 0 0 2 3 1 0
-0.0014372850027699953 0 1 3 2 0 3 1 0 2 0
0.0014372850027699953 0 1 3 2 0 3 2 0 1 0
-0.0014372877850179055 0 1 3 2 3 0 1 0 2 0
0.0014372877850179055 0 1 3 2 3 0 2 0 1 0
-9.221524349747557e-07 0 1 3 2 3 1 0 1 2 1
9.221524349747557e-07 0 1 3 2 3 1 0 2 1 1
-9.221524349747557e-07 0 1 3 2 3 2 0 1 2 2
9.221524349747557e-07 0 1 3 2 3 2 0 2 1 2
-0.004981899922368544 0 1 3 3 2 0 1 0 0 2
0.004981899922368544 0 1 3 3 2 0 2 0 0 1
-0.004169460305181787 0 1 3 3 2 1 0 0 2 0
-0.0005551322125276005 0 1 3 3 2 1 0 2 0 0
-0.003735446372659243 0 1 3 3 2 1 0 2 3 0
-0.000594358286337695 0 1 3 3 2 1 0 2 3 3
-0.0005530817746557489 0 1 3 3 2 1 3 2 3 0
0.004169460305181787 0 1 3 3 2 2 0 0 1 0
0.0005551322125276005 0 1 3 3 2 2 0 1 0 0
0.003735446372659243 0 1 3 3 2 2 0 1 3 0
0.000594358286337695 0 1 3 3 2 2 0 1 3 3
0.0005530817746557489 0 1 3 3 2 2 3 1 3 0
-47.83287507374685 0 2 0 0 1 0 1 0 0 2
0.034545825568014554 0 2 0 0 1 0 1 0 3 2
0.0352717004963801 0 2 0 0 1 0 1 3 0 2
0.004981899922368544 0 2 0 0 1 0 1 3 3 2
47.83287507374685 0 2 0 0 1 0 2 0 0 1
-0.034545825568014554 0 2 0 0 1 0 2 0 3 1
-0.0352717004963801 0 2 0 0 1 0 2 3 0 1
-0.004981899922368544 0 2 0 0 1 0 2 3 3 1
-40.029824726329956 0 2 0 0 1 1 0 0 2 0
0.022683125347124754 0 2 0 0 1 1 0 0 2 3
0.0006101812818120855 0 2 0 0 1 1 0 2 0 0
0.0036585726515171143 0 2 0 0 1 1 0 2 3 0
0.0005930574397390717 0 2 0 0 1 1 0 2 3 3
0.029529538602042788 0 2 0 0 1 1 0 3 2 0
0.004379842006492684 0 2 0 0 1 1 0 3 2 3
0.03463118670052706 0 2 0 0 1 1 3 0 2 0
0.0014042028223665627 0 2 0 0 1 1 3 0 2 3
0.0005498843250060689 0 2 0 0 1 1 3 2 3 0
0.00402474437078061 0 2 0 0 1 1 3 3 2 0
40.02982472632995 0 2 0 0 1 2 0 0 1 0
-0.022683125347124754 0 2 0 0 1 2 0 0 1 3
-0.0006101812818120855 0 2 0 0 1 2 0 1 0 0
-0.0036585726515171143 0 2 0 0 1 2 0 1 3 0
-0.0005930574397390717 0 2 0 0 1 2 0 1 3 3
-0.029529538602042788 0 2 0 0 1 2 0 3 1 0
-0.004379842006492684 0 2 0 0 1 2 0 3 1 3
-0.03463118670052706 0 2 0 0 1 2 3 0 1 0
-0.0014042028223665627 0 2 0 0 1 2 3 0 1 3
-0.0005498843250060689 0 2 0 0 1 2 3 1 3 0
-0.00402474437078061 0 2 0 0 1 2 3 3 1 0
0.04116003662974681 0 2 0 0 1 3 1 0 0 2
0.0019597767665038342 0 2 0 0 1 3 1 0 3 2
0.0049702841985728155 0 2 0 0 1 3 1 3 0 2
-0.04116003662974681 0 2 0 0 1 3 2 0 0 1
-0.0019597767665038342 0 2 0 0 1 3 2 0 3 1
-0.0049702841985728155 0 2 0 0 1 3 2 3 0 1
0.0009837815570987655 0 2 0 0 2 0 1 0 0 1
0.0009837815570987655 0 2 0 0 2 0 2 0 0 2
-0.00017612510636186383 0 2 0 0 2 1 0 0 1 0
-0.00017612510636186383 0 2 0 0 2 2 0 0 2 0
-13.138381662992273 0 2 0 1 0 0 1 0 2 0
0.0074436883657271035 0 2 0 1 0 0 1 0 2 3
-2.7561729597235023e-05 0 2 0 1 0 0 1 2 0 0
0.009687161334032184 0 2 0 1 0 0 1 3 2 0
0.0014372877850179055 0 2 0 1 0 0 1 3 2 3
13.138381662992273 0 2 0 1 0 0 2 0 1 0
-0.0074436883657271035 0 2 0 1 0 0 2 0 1 3
2.7561729597235023e-05 0 2 0 1 0 0 2 1 0 0
-0.009687161334032184 0 2 0 1 0 0 2 3 1 0
-0.0014372877850179055 0 2 0 1 0 0 2 3 1 3
3.8827850917119284e-05 0 2 0 1 0 1 0 2 1 1
3.8827850917119284e-05 0 2 0 1 0 1 0 2 2 2
-3.8827850917119284e-05 0 2 0 1 0 2 0 1 1 1
-3.8827850917119284e-05 0 2 0 1 0 2 0 1 2 2
0.011304357593645146 0 2 0 1 0 3 1 0 2 0
0.0015139386211989623 0 2 0 1 0 3 1 0 2 3
0.0013731733320581831 0 2 0 1 0 3 1 3 2 0
-0.011304357593645146 0 2 0 1 0 3 2 0 1 0
-0.0015139386211989623 0 2 0 1 0 3 2 0 1 3
-0.0013731733320581831 0 2 0 1 0 3 2 3 1 0
0.0074436883657271035 0 2 0 1 3 0 1 0 2 0
0.0021193764846018652 0 2 0 1 3 0 1 0 2 3
0.0015379803445044755 0 2 0 1 3 0 1 3 2 0
-0.0074436883657271035 0 2 0 1 3 0 2 0 1 0
-0.0021193764846018652 0 2 0 1 3 0 2 0 1 3
-0.0015379803445044755 0 2 0 1 3 0 2 3 1 0
-0.0003245534568493664 0 2 0 1 3 1 0 0 3 2
2.6174060980459156e-06 0 2 0 1 3 1 0 1 2 1
-2.6174060980459156e-06 0 2 0 1 3 1 0 2 1 1
-1.8375945054943603e-06 0 2 0 1 3 1 3 1 2 1
3.922929108043102e-05 0 2 0 1 3 1 3 2 1 1
3.739169657493666e-05 0 2 0 1 3 1 3 2 2 2
0.00032455345684936644 0 2 0 1 3 2 0 0 3 1
2.6174060980459156e-06 0 2 0 1 3 2 0 1 2 2
-2.6174060980459156e-06 0 2 0 1 3 2 0 2 1 2
-3.739169657493666e-05 0 2 0 1 3 2 3 1 1 1
-3.922929108043102e-05 0 2 0 1 3 2 3 1 2 2
1.8375945054943603e-06 0 2 0 1 3 2 3 2 1 2
0.0016382654661524355 0 2 0 1 3 3 1 0 2 0
-0.0016382654661524355 0 2 0 1 3 3 2 0 1 0
0.0010125247579088775 0 2 0 2 0 0 1 0 1 0
8.385311606307276e-06 0 2 0 2 0 0 1 1 0 0
-2.5637381604162236e-05 0 2 0 2 0 0 1 1 3 0
0.0010125247579088775 0 2 0 2 0 0 2 0 2 0
8.385311606307276e-06 0 2 0 2 0 0 2 2 0 0
-2.5637381604162236e-05 0 2 0 2 0 0 2 2 3 0
-0.0004638576430740746 0 2 0 2 0 1 0 0 0 1
-0.0007599510597932693 0 2 0 2 0 1 0 0 3 1
-0.00015701756109630277 0 2 0 2 0 1 0 3 3 1
-0.0002520396599041834 0 2 0 2 0 1 3 0 3 1
-0.0004638576430740746 0 2 0 2 0 2 0 0 0 2
-0.0007599510597932693 0 2 0 2 0 2 0 0 3 2
-0.00015701756109630277 0 2 0 2 0 2 0 3 3 2
-0.0002520396599041834 0 2 0 2 0 2 3 0 3 2
-4.1926558031536335e-06 0 2 0 2 0 3 1 1 0 3
-4.2203192656203e-05 0 2 0 2 0 3 1 1 3 0
-4.192655803153633e-06 0 2 0 2 0 3 2 2 0 3
-4.2203192656203e-05 0 2 0 2 0 3 2 2 3 0
-0.0009686416801171861 0 2 0 2 3 1 0 0 0 1
1.3419235398529104 0 2 0 2 3 1 0 0 3 1
-0.0001396891181968673 0 2 0 2 3 1 0 3 0 1
-0.0009889947241856407 0 2 0 2 3 1 0 3 3 1
-0.00045937493689490706 0 2 0 2 3 1 3 0 0 1
-0.0011602460698080174 0 2 0 2 3 1 3 0 3 1
-0.0001348407110204247 0 2 0 2 3 1 3 3 3 1
-0.0009686416801171861 0 2 0 2 3 2 0 0 0 2
1.3419235398529101 0 2 0 2 3 2 0 0 3 2
-0.0001396891181968673 0 2 0 2 3 2 0 3 0 2
-0.0009889947241856407 0 2 0 2 3 2 0 3 3 2
-0.00045937493689490706 0 2 0 2 3 2 3 0 0 2
-0.0011602460698080174 0 2 0 2 3 2 3 0 3 2
-0.0001348407110204247 0 2 0 2 3 2 3 3 3 2
-9.743577059023392e-06 0 2 0 2 3 3 1 1 0 0
-9.743577059023392e-06 0 2 0 2 3 3 2 2 0 0
0.034545825568014554 0 2 0 3 1 0 1 0 0 2
0.005862288169076786 0 2 0 3 1 0 1 0 3 2
9.334768094308387e-05 0 2 0 3 1 0 1 1 1 2
9.334768094308387e-05 0 2 0 3 1 0 1 2 2 2
0.005241798484775768 0 2 0 3 1 0 1 3 0 2
-0.034545825568014554 0 2 0 3 1 0 2 0 0 1
-0.005862288169076786 0 2 0 3 1 0 2 0 3 1
-9.334768094308387e-05 0 2 0 3 1 0 2 1 1 1
-9.334768094308387e-05 0 2 0 3 1 0 2 2 2 1
-0.005241798484775768 0 2 0 3 1 0 2 3 0 1
0.028912152122696797 0 2 0 3 1 1 0 0 2 0
0.004696962128893354 0 2 0 3 1 1 0 0 2 3
0.003736697354208436 0 2 0 3 1 1 0 2 0 0
0.0005542295888219525 0 2 0 3 1 1 0 2 0 3
-5.065414064206088 0 2 0 3 1 1 0 2 3 0
0.0028703453722069214 0 2 0 3 1 1 0 2 3 3
0.004386975059836981 0 2 0 3 1 1 0 3 2 0
0.004370771316651911 0 2 0 3 1 1 3 0 2 0
0.000509295178781452 0 2 0 3 1 1 3 2 0 0
0.004382265007960723 0 2 0 3 1 1 3 2 3 0
0.00017768922981905845 0 2 0 3 1 1 3 2 3 3
-0.028912152122696797 0 2 0 3 1 2 0 0 1 0
-0.004696962128893354 0 2 0 3 1 2 0 0 1 3
-0.003736697354208436 0 2 0 3 1 2 0 1 0 0
-0.0005542295888219525 0 2 0 3 1 2 0 1 0 3
5.065414064206088 0 2 0 3 1 2 0 1 3 0
-0.0028703453722069214 0 2 0 3 1 2 0 1 3 3
-0.004386975059836981 0 2 0 3 1 2 0 3 1 0
-0.004370771316651911 0 2 0 3 1 2 3 0 1 0
-0.000509295178781452 0 2 0 3 1 2 3 1 0 0
-0.004382265007960723 0 2 0 3 1 2 3 1 3 0
-0.00017768922981905845 0 2 0 3 1 2 3 1 3 3
0.005704875321906923 0 2 0 3 1 3 1 0 0 2
0.0003871519407321367 0 2 0 3 1 3 1 1 1 2
0.0003871519407321367 0 2 0 3 1 3 1 2 2 2
-0.005704875321906923 0 2 0 3 1 3 2 0 0 1
-0.0003871519407321367 0 2 0 3 1 3 2 1 1 1
-0.0003871519407321367 0 2 0 3 1 3 2 2 2 1
-2.228704714358538e-05 0 2 0 3 2 1 0 1 3 0
-2.228704714358538e-05 0 2 0 3 2 2 0 2 3 0
-13.138316458507267 0 2 1 0 0 0 1 2 0 0
0.007443688365727097 0 2 1 0 0 0 1 2 0 3
0.00948780413150298 0 2 1 0 0 0 1 2 3 0
0.0014372877850179053 0 2 1 0 0 0 1 2 3 3
2.5637381604162243e-05 0 2 1 0 0 0 1 3 2 0
13.138316458507267 0 2 1 0 0 0 2 1 0 0
-0.007443688365727097 0 2 1 0 0 0 2 1 0 3
-0.00948780413150298 0 2 1 0 0 0 2 1 3 0
-0.0014372877850179053 0 2 1 0 0 0 2 1 3 3
-2.5637381604162243e-05 0 2 1 0 0 0 2 3 1 0
0.011304357593645138 0 2 1 0 0 3 1 2 0 0
0.0014813363787004946 0 2 1 0 0 3 1 2 0 3
0.0010449997862707827 0 2 1 0 0 3 1 2 3 0
-1.656581105204347e-05 0 2 1 0 0 3 1 3 2 0
-0.011304357593645138 0 2 1 0 0 3 2 1 0 0
-0.0014813363787004946 0 2 1 0 0 3 2 1 0 3
-0.0010449997862707827 0 2 1 0 0 3 2 1 3 0
1.656581105204347e-05 0 2 1 0 0 3 2 3 1 0
0.007443688365727097 0 2 1 0 3 0 1 2 0 0
0.0021193764846018635 0 2 1 0 3 0 1 2 0 3
0.0015379803445044753 0 2 1 0 3 0 1 2 3 0
-0.007443688365727097 0 2 1 0 3 0 2 1 0 0
-0.0021193764846018635 0 2 1 0 3 0 2 1 0 3
-0.0015379803445044753 0 2 1 0 3 0 2 1 3 0
0.0015624990600854641 0 2 1 0 3 3 1 2 0 0
-0.0015624990600854641 0 2 1 0 3 3 2 1 0 0
9.334768094308391e-05 0 2 1 1 1 0 1 3 0 2
-9.334768094308391e-05 0 2 1 1 1 0 2 3 0 1
2.752453464224238e-05 0 2 1 1 1 1 0 0 2 0
7.8124702691322e-05 0 2 1 1 1 1 0 3 2 0
-3.197449649680283e-06 0 2 1 1 1 1 3 3 2 0
-2.752453464224238e-05 0 2 1 1 1 2 0 0 1 0
-7.8124702691322e-05 0 2 1 1 1 2 0 3 1 0
3.197449649680283e-06 0 2 1 1 1 2 3 3 1 0
-6.0643832231619965e-05 0 2 1 1 1 3 1 3 0 2
6.0643832231619965e-05 0 2 1 1 1 3 2 3 0 1
-0.00010069255948657022 0 2 1 1 2 0 1 1 2 2
-0.00010069255948657024 0 2 1 1 2 0 1 2 1 2
0.00020138511897314047 0 2 1 1 2 0 1 2 2 1
0.00020138511897314047 0 2 1 1 2 0 2 1 1 2
-0.00010069255948657024 0 2 1 1 2 0 2 1 2 1
-0.00010069255948657022 0 2 1 1 2 0 2 2 1 1
-0.0002598985624072228 0 2 1 2 1 0 1 1 2 2
0.000360591121893793 0 2 1 2 1 0 1 2 1 2
-0.00010069255948657024 0 2 1 2 1 0 1 2 2 1
-0.00010069255948657024 0 2 1 2 1 0 2 1 1 2
0.000360591121893793 0 2 1 2 1 0 2 1 2 1
-0.0002598985624072228 0 2 1 2 1 0 2 2 1 1
-0.00021751475465519451 0 2 1 2 1 1 0 1 0 0
-9.885978029632602e-06 0 2 1 2 1 1 0 1 3 0
1.0280040422896077e-05 0 2 1 2 1 1 0 1 3 3
-0.00021751475465519451 0 2 1 2 1 2 0 2 0 0
-9.885978029632602e-06 0 2 1 2 1 2 0 2 3 0
1.0280040422896077e-05 0 2 1 2 1 2 0 2 3 3
2.5637381604162215e-05 0 2 1 3 0 0 1 0 2 0
0.00948780413150298 0 2 1 3 0 0 1 2 0 0
0.0015379803445044753 0 2 1 3 0 0 1 2 0 3
0.0016537673175712113 0 2 1 3 0 0 1 2 3 0
-8.385311606307276e-06 0 2 1 3 0 0 1 3 2 0
-2.5637381604162215e-05 0 2 1 3 0 0 2 0 1 0
-0.00948780413150298 0 2 1 3 0 0 2 1 0 0
-0.0015379803445044753 0 2 1 3 0 0 2 1 0 3
-0.0016537673175712113 0 2 1 3 0 0 2 1 3 0
8.385311606307276e-06 0 2 1 3 0 0 2 3 1 0
4.2203192656202964e-05 0 2 1 3 0 3 1 0 2 0
0.0015661013460281869 0 2 1 3 0 3 1 2 0 0
4.192655803153641e-06 0 2 1 3 0 3 1 3 2 3
-4.2203192656202964e-05 0 2 1 3 0 3 2 0 1 0
-0.0015661013460281869 0 2 1 3 0 3 2 1 0 0
-4.192655803153642e-06 0 2 1 3 0 3 2 3 1 3
0.0014372877850179053 0 2 1 3 3 0 1 2 0 0
-0.0014372877850179053 0 2 1 3 3 0 2 1 0 0
-4.1069319092724556e-05 0 2 1 3 3 1 0 3 3 2
4.1069319092724556e-05 0 2 1 3 3 2 0 3 3 1
9.7435770590234e-06 0 2 1 3 3 3 1 3 2 0
-9.7435770590234e-06 0 2 1 3 3 3 2 3 1 0
0.000798203756091763 0 2 2 0 0 0 1 1 0 0
0.000798203756091763 0 2 2 0 0 0 2 2 0 0
0.0003068400819777715 0 2 2 0 0 1 0 1 2 2
-0.0003068400819777715 0 2 2 0 0 1 0 2 2 1
-1.856831265306304e-05 0 2 2 0 0 1 0 3 3 1
-0.0003068400819777715 0 2 2 0 0 2 0 1 1 2
0.0003068400819777715 0 2 2 0 0 2 0 2 1 1
-1.856831265306304e-05 0 2 2 0 0 2 0 3 3 2
-1.859855318787491e-05 0 2 2 0 3 1 0 0 3 1
3.312091859363019e-07 0 2 2 0 3 1 0 1 1 1
3.312091859363019e-07 0 2 2 0 3 1 0 2 2 1
-2.0442858057824428e-05 0 2 2 0 3 1 0 3 0 1
-0.00012519029326870802 0 2 2 0 3 1 0 3 3 1
-1.4521732091517606e-05 0 2 2 0 3 1 3 1 1 1
0.0002954907616914469 0 2 2 0 3 1 3 1 2 2
-0.0003100124937829645 0 2 2 0 3 1 3 2 2 1
-1.8422733602935334e-05 0 2 2 0 3 1 3 3 3 1
-1.859855318787491e-05 0 2 2 0 3 2 0 0 3 2
3.312091859363019e-07 0 2 2 0 3 2 0 1 1 2
3.312091859363019e-07 0 2 2 0 3 2 0 2 2 2
-2.0442858057824428e-05 0 2 2 0 3 2 0 3 0 2
-0.00012519029326870802 0 2 2 0 3 2 0 3 3 2
-0.0003100124937829645 0 2 2 0 3 2 3 1 1 2
0.0002954907616914469 0 2 2 0 3 2 3 2 1 1
-1.4521732091517606e-05 0 2 2 0 3 2 3 2 2 2
-1.8422733602935334e-05 0 2 2 0 3 2 3 3 3 2
0.000360591121893793 0 2 2 1 1 0 1 1 2 2
-0.0002598985624072228 0 2 2 1 1 0 1 2 1 2
-0.00010069255948657022 0 2 2 1 1 0 1 2 2 1
-0.00010069255948657022 0 2 2 1 1 0 2 1 1 2
-0.0002598985624072228 0 2 2 1 1 0 2 1 2 1
0.000360591121893793 0 2 2 1 1 0 2 2 1 1
0.00021751475465519451 0 2 2 1 1 1 0 1 0 0
9.885978029632602e-06 0 2 2 1 1 1 0 1 3 0
-2.5268092089926162e-05 0 2 2 1 1 1 3 1 3 0
0.00021751475465519451 0 2 2 1 1 2 0 2 0 0
9.885978029632602e-06 0 2 2 1 1 2 0 2 3 0
-2.5268092089926162e-05 0 2 2 1 1 2 3 2 3 0
1.3008465986235964e-06 0 2 2 1 2 1 0 3 2 3
-3.197449649680283e-06 0 2 2 1 2 1 3 3 2 0
-1.3008465986235964e-06 0 2 2 1 2 2 0 3 1 3
3.197449649680283e-06 0 2 2 1 2 2 3 3 1 0
9.334768094308391e-05 0 2 2 2 1 0 1 3 0 2
-9.334768094308391e-05 0 2 2 2 1 0 2 3 0 1
2.752453464224238e-05 0 2 2 2 1 1 0 0 2 0
7.8124702691322e-05 0 2 2 2 1 1 0 3 2 0
-1.3008465986235964e-06 0 2 2 2 1 1 0 3 2 3
-2.752453464224238e-05 0 2 2 2 1 2 0 0 1 0
-7.8124702691322e-05 0 2 2 2 1 2 0 3 1 0
1.3008465986235964e-06 0 2 2 2 1 2 0 3 1 3
-6.0643832231619965e-05 0 2 2 2 1 3 1 3 0 2
6.0643832231619965e-05 0 2 2 2 1 3 2 3 0 1
1.0280040422896077e-05 0 2 2 2 2 1 0 1 3 3
-2.5268092089926162e-05 0 2 2 2 2 1 3 1 3 0
1.0280040422896077e-05 0 2 2 2 2 2 0 2 3 3
-2.5268092089926162e-05 0 2 2 2 2 2 3 2 3 0
2.756172959723502e-05 0 2 2 3 0 0 1 3 1 0
2.756172959723502e-05 0 2 2 3 0 0 2 3 2 0
-5.869701016880587e-05 0 2 2 3 0 1 0 0 3 1
-1.9869159251686632e-05 0 2 2 3 0 1 0 3 0 1
-9.616496731381234e-05 0 2 2 3 0 1 0 3 3 1
-3.189335068900818e-05 0 2 2 3 0 1 3 3 3 1
-5.869701016880587e-05 0 2 2 3 0 2 0 0 3 2
-1.9869159251686632e-05 0 2 2 3 0 2 0 3 0 2
-9.616496731381234e-05 0 2 2 3 0 2 0 3 3 2
-3.189335068900818e-05 0 2 2 3 0 2 3 3 3 2
-1.7676400752900152e-05 0 2 2 3 3 1 0 0 0 1
-0.0001251483817269983 0 2 2 3 3 1 0 0 3 1
7.287380631692407e-06 0 2 2 3 3 1 0 1 1 1
7.287380631692407e-06 0 2 2 3 3 1 0 2 2 1
-0.0001225728871706621 0 2 2 3 3 1 0 3 0 1
0.16980834710947715 0 2 2 3 3 1 0 3 3 1
-5.812976404467475e-05 0 2 2 3 3 1 3 0 3 1
-1.7062878458749414e-05 0 2 2 3 3 1 3 3 0 1
-0.0001468186983112033 0 2 2 3 3 1 3 3 3 1
-1.7676400752900152e-05 0 2 2 3 3 2 0 0 0 2
-0.0001251483817269983 0 2 2 3 3 2 0 0 3 2
7.287380631692407e-06 0 2 2 3 3 2 0 1 1 2
7.287380631692407e-06 0 2 2 3 3 2 0 2 2 2
-0.0001225728871706621 0 2 2 3 3 2 0 3 0 2
0.16980834710947715 0 2 2 3 3 2 0 3 3 2
-5.8129764044674756e-05 0 2 2 3 3 2 3 0 3 2
-1.7062878458749414e-05 0 2 2 3 3 2 3 3 0 2
-0.0001468186983112033 0 2 2 3 3 2 3 3 3 2
0.035271700496380114 0 2 3 0 1 0 1 0 0 2
0.005241798484775768 0 2 3 0 1 0 1 0 3 2
0.005862288169076779 0 2 3 0 1 0 1 3 0 2
-0.035271700496380114 0 2 3 0 1 0 2 0 0 1
-0.005241798484775768 0 2 3 0 1 0 2 0 3 1
-0.005862288169076779 0 2 3 0 1 0 2 3 0 1
0.029519652624013168 0 2 3 0 1 1 0 0 2 0
0.004686682088470455 0 2 3 0 1 1 0 0 2 3
0.0005276076778853581 0 2 3 0 1 1 0 2 3 0
0.004822004569147367 0 2 3 0 1 1 0 3 2 0
0.004345503224561983 0 2 3 0 1 1 3 0 2 0
-0.029519652624013168 0 2 3 0 1 2 0 0 1 0
-0.004686682088470455 0 2 3 0 1 2 0 0 1 3
-0.0005276076778853581 0 2 3 0 1 2 0 1 3 0
-0.004822004569147367 0 2 3 0 1 2 0 3 1 0
-0.004345503224561983 0 2 3 0 1 2 3 0 1 0
0.005233306698752975 0 2 3 0 1 3 1 0 0 2
-0.005233306698752975 0 2 3 0 1 3 2 0 0 1
0.009687161334032189 0 2 3 1 0 0 1 0 2 0
0.0015379803445044755 0 2 3 1 0 0 1 0 2 3
0.0016537673175712106 0 2 3 1 0 0 1 3 2 0
-0.009687161334032189 0 2 3 1 0 0 2 0 1 0
-0.0015379803445044755 0 2 3 1 0 0 2 0 1 3
-0.0016537673175712106 0 2 3 1 0 0 2 3 1 0
0.0014372850027699953 0 2 3 1 0 3 1 0 2 0
-0.0014372850027699953 0 2 3 1 0 3 2 0 1 0
0.0014372877850179055 0 2 3 1 3 0 1 0 2 0
-0.0014372877850179055 0 2 3 1 3 0 2 0 1 0
9.221524349747557e-07 0 2 3 1 3 1 0 1 2 1
-9.221524349747557e-07 0 2 3 1 3 1 0 2 1 1
9.221524349747557e-07 0 2 3 1 3 2 0 1 2 2
-9.221524349747557e-07 0 2 3 1 3 2 0 2 1 2
-2.5637381604162226e-05 0 2 3 2 0 0 1 1 0 0
-2.5637381604162226e-05 0 2 3 2 0 0 2 2 0 0
-0.0001467375206734067 0 2 3 2 0 1 0 0 3 1
-0.0001467375206734067 0 2 3 2 0 2 0 0 3 2
1.656581105204346e-05 0 2 3 2 0 3 1 1 0 0
1.656581105204346e-05 0 2 3 2 0 3 2 2 0 0
-0.00014697649882855973 0 2 3 2 3 1 0 0 0 1
-0.0009893259333715774 0 2 3 2 3 1 0 0 3 1
-0.0001615512600919444 0 2 3 2 3 1 0 3 3 1
-0.00014558707101883326 0 2 3 2 3 1 3 0 3 1
-0.00014697649882855973 0 2 3 2 3 2 0 0 0 2
-0.0009893259333715774 0 2 3 2 3 2 0 0 3 2
-0.0001615512600919444 0 2 3 2 3 2 0 3 3 2
-0.00014558707101883326 0 2 3 2 3 2 3 0 3 2
0.004981899922368544 0 2 3 3 1 0 1 0 0 2
-0.004981899922368544 0 2 3 3 1 0 2 0 0 1
0.004169460305181787 0 2 3 3 1 1 0 0 2 0
0.0005551322125276005 0 2 3 3 1 1 0 2 0 0
0.003735446372659243 0 2 3 3 1 1 0 2 3 0
0.000594358286337695 0 2 3 3 1 1 0 2 3 3
0.0005530817746557489 0 2 3 3 1 1 3 2 3 0
-0.004169460305181787 0 2 3 3 1 2 0 0 1 0
-0.0005551322125276005 0 2 3 3 1 2 0 1 0 0
-0.003735446372659243 0 2 3 3 1 2 0 1 3 0
-0.000594358286337695 0 2 3 3 1 2 0 1 3 3
-0.0005530817746557489 0 2 3 3 1 2 3 1 3 0
-1417.054436525973 0 3 0 0 0 0 0 0 0 0
-194.66072746549176 0 3 0 0 0 0 0 0 0 3
-176.78363063928012 0 3 0 0 0 0 0 0 3 0
0.39731668359258154 0 3 0 0 0 0 0 0 3 3
0.0003216868562675302 0 3 0 0 0 0 0 1 1 0
0.0003216868562675302 0 3 0 0 0 0 0 2 2 0
-176.75935221223384 0 3 0 0 0 0 0 3 0 0
0.40028554439697694 0 3 0 0 0 0 0 3 0 3
0.4074991498107928 0 3 0 0 0 0 0 3 3 0
0.05931970823864347 0 3 0 0 0 0 0 3 3 3
-195.92624018998052 0 3 0 0 0 0 3 0 0 0
0.40890928624962525 0 3 0 0 0 0 3 0 0 3
0.4390646572441136 0 3 0 0 0 0 3 0 3 0
0.05730099680781081 0 3 0 0 0 0 3 0 3 3
0.4420589607144608 0 3 0 0 0 0 3 3 0 0
0.05730099680781078 0 3 0 0 0 0 3 3 0 3
0.056336966159162755 0 3 0 0 0 0 3 3 3 0
0.0010269343009741937 0 3 0 0 0 1 1 0 1 1
-0.02089623998635729 0 3 0 0 0 1 1 0 2 2
2.5091664691974683e-05 0 3 0 0 0 1 1 1 3 1
-0.0005105696114769149 0 3 0 0 0 1 1 2 3 2
0.00021218039933909512 0 3 0 0 0 1 1 3 1 1
-0.004317484128035057 0 3 0 0 0 1 1 3 2 2
0.021923174287331485 0 3 0 0 0 1 2 0 2 1
0.0005356612761688895 0 3 0 0 0 1 2 2 3 1
0.004529664527374152 0 3 0 0 0 1 2 3 2 1
0.021923174287331485 0 3 0 0 0 2 1 0 1 2
0.0005356612761688895 0 3 0 0 0 2 1 1 3 2
0.004529664527374152 0 3 0 0 0 2 1 3 1 2
-0.02089623998635729 0 3 0 0 0 2 2 0 1 1
0.0010269343009741937 0 3 0 0 0 2 2 0 2 2
-0.0005105696114769149 0 3 0 0 0 2 2 1 3 1
2.5091664691974683e-05 0 3 0 0 0 2 2 2 3 2
-0.004317484128035057 0 3 0 0 0 2 2 3 1 1
0.00021218039933909512 0 3 0 0 0 2 2 3 2 2
-173.33193958475513 0 3 0 0 0 3 0 0 0 0
0.4272234414028616 0 3 0 0 0 3 0 0 0 3
0.39215759903189795 0 3 0 0 0 3 0 0 3 0
0.05473930784154847 0 3 0 0 0 3 0 0 3 3
0.0005295475403706109 0 3 0 0 0 3 0 1 1 0
0.0005295475403706109 0 3 0 0 0 3 0 2 2 0
0.4302407392297174 0 3 0 0 0 3 0 3 0 0
0.05962652317546658 0 3 0 0 0 3 0 3 0 3
0.05095784176762736 0 3 0 0 0 3 0 3 3 0
0.46298424639710156 0 3 0 0 0 3 3 0 0 0
0.05758548102069522 0 3 0 0 0 3 3 0 0 3
0.051085712462526994 0 3 0 0 0 3 3 0 3 0
0.0560148104562827 0 3 0 0 0 3 3 3 0 0
-146.82686861018792 0 3 0 0 3 0 0 0 0 0
0.383840102066018 0 3 0 0 3 0 0 0 0 3
0.37364227368721964 0 3 0 0 3 0 0 0 3 0
0.06282038050304643 0 3 0 0 3 0 0 0 3 3
0.3758852595632495 0 3 0 0 3 0 0 3 0 0
0.06282038050304639 0 3 0 0 3 0 0 3 0 3
0.057066087437988744 0 3 0 0 3 0 0 3 3 0
0.4089092862496253 0 3 0 0 3 0 3 0 0 0
0.06578566480834144 0 3 0 0 3 0 3 0 0 3
0.059196638259667325 0 3 0 0 3 0 3 0 3 0
0.059196638259667284 0 3 0 0 3 0 3 3 0 0
-1.812675027042965 0 3 0 0 3 1 1 0 1 1
36.8757268379973 0 3 0 0 3 1 1 0 2 2
2.762476856764622e-05 0 3 0 0 3 1 1 1 0 1
0.00016563474789973193 0 3 0 0 3 1 1 1 3 1
-0.000562113655186615 0 3 0 0 3 1 1 2 0 2
-0.003370365016446721 0 3 0 0 3 1 1 2 3 2
0.0013368923205383236 0 3 0 0 3 1 1 3 1 1
-0.027203320348132887 0 3 0 0 3 1 1 3 2 2
-6.346132357474893e-05 0 3 0 0 3 1 2 0 1 2
-38.68833840371667 0 3 0 0 3 1 2 0 2 1
0.0005897384237542612 0 3 0 0 3 1 2 2 0 1
0.0035359997643464526 0 3 0 0 3 1 2 2 3 1
0.028540212668671208 0 3 0 0 3 1 2 3 2 1
-38.68833840371667 0 3 0 0 3 2 1 0 1 2
-6.346132357474849e-05 0 3 0 0 3 2 1 0 2 1
0.0005897384237542612 0 3 0 0 3 2 1 1 0 2
0.0035359997643464526 0 3 0 0 3 2 1 1 3 2
0.028540212668671208 0 3 0 0 3 2 1 3 1 2
36.8757268379973 0 3 0 0 3 2 2 0 1 1
-1.8126750270429652 0 3 0 0 3 2 2 0 2 2
-0.000562113655186615 0 3 0 0 3 2 2 1 0 1
-0.003370365016446721 0 3 0 0 3 2 2 1 3 1
2.762476856764622e-05 0 3 0 0 3 2 2 2 0 2
0.00016563474789973193 0 3 0 0 3 2 2 2 3 2
-0.027203320348132887 0 3 0 0 3 2 2 3 1 1
0.0013368923205383236 0 3 0 0 3 2 2 3 2 2
0.39475041163614577 0 3 0 0 3 3 0 0 0 0
0.06322254420208913 0 3 0 0 3 3 0 0 0 3
0.055318512194061996 0 3 0 0 3 3 0 0 3 0
0.05708723071580703 0 3 0 0 3 3 0 3 0 0
0.05910080519408619 0 3 0 0 3 3 3 0 0 0
0.0022775830308091756 0 3 0 1 1 1 1 0 0 0
0.0006138032011089408 0 3 0 1 1 1 1 0 0 3
-3.1544224417895133 0 3 0 1 1 1 1 0 3 0
0.0017868853607674626 0 3 0 1 1 1 1 0 3 3
0.0003284533091280896 0 3 0 1 1 1 1 3 0 0
0.0023254394763319564 0 3 0 1 1 1 1 3 3 0
0.00034502633319302283 0 3 0 1 1 1 1 3 3 3
0.0022775830308091756 0 3 0 1 1 2 2 0 0 0
0.0006138032011089408 0 3 0 1 1 2 2 0 0 3
-3.1544224417895133 0 3 0 1 1 2 2 0 3 0
0.0017868853607674626 0 3 0 1 1 2 2 0 3 3
0.0003284533091280896 0 3 0 1 1 2 2 3 0 0
0.0023254394763319564 0 3 0 1 1 2 2 3 3 0
0.00034502633319302283 0 3 0 1 1 2 2 3 3 3
-4.1438817927312015e-06 0 3 0 1 1 3 0 1 0 1
-4.1438817927312015e-06 0 3 0 1 1 3 0 2 0 2
-0.010871415662652689 0 3 0 1 2 0 0 0 1 2
0.010871415662652689 0 3 0 1 2 0 0 0 2 1
-0.0013641395608569168 0 3 0 1 2 0 0 3 1 2
0.0013641395608569168 0 3 0 1 2 0 0 3 2 1
-0.0018956414518565075 0 3 0 1 2 0 3 0 1 2
0.0018956414518565075 0 3 0 1 2 0 3 0 2 1
-6.154349782805784e-06 0 3 0 1 2 1 1 1 2 0
-1.7578552924126187e-06 0 3 0 1 2 1 1 1 2 3
6.154349782805784e-06 0 3 0 1 2 1 1 2 1 0
-3.5769149026083075e-05 0 3 0 1 2 1 1 2 1 3
0.00043721723963648096 0 3 0 1 2 1 2 0 3 0
-3.752700431849569e-05 0 3 0 1 2 1 2 2 2 3
-0.00043721723963648096 0 3 0 1 2 2 1 0 3 0
3.752700431849569e-05 0 3 0 1 2 2 1 1 1 3
-6.154349782805784e-06 0 3 0 1 2 2 2 1 2 0
3.5769149026083075e-05 0 3 0 1 2 2 2 1 2 3
6.154349782805784e-06 0 3 0 1 2 2 2 2 1 0
1.7578552924126187e-06 0 3 0 1 2 2 2 2 1 3
-0.0013719406656964434 0 3 0 1 2 3 0 0 1 2
0.0013719406656964434 0 3 0 1 2 3 0 0 2 1
0.010871415662652689 0 3 0 2 1 0 0 0 1 2
-0.010871415662652689 0 3 0 2 1 0 0 0 2 1
0.0013641395608569168 0 3 0 2 1 0 0 3 1 2
-0.0013641395608569168 0 3 0 2 1 0 0 3 2 1
0.0018956414518565075 0 3 0 2 1 0 3 0 1 2
-0.0018956414518565075 0 3 0 2 1 0 3 0 2 1
6.154349782805784e-06 0 3 0 2 1 1 1 1 2 0
1.7578552924126187e-06 0 3 0 2 1 1 1 1 2 3
-6.154349782805784e-06 0 3 0 2 1 1 1 2 1 0
3.5769149026083075e-05 0 3 0 2 1 1 1 2 1 3
-0.00043721723963648085 0 3 0 2 1 1 2 0 3 0
3.752700431849569e-05 0 3 0 2 1 1 2 2 2 3
0.00043721723963648085 0 3 0 2 1 2 1 0 3 0
-3.752700431849569e-05 0 3 0 2 1 2 1 1 1 3
6.154349782805784e-06 0 3 0 2 1 2 2 1 2 0
-3.5769149026083075e-05 0 3 0 2 1 2 2 1 2 3
-6.154349782805784e-06 0 3 0 2 1 2 2 2 1 0
-1.7578552924126187e-06 0 3 0 2 1 2 2 2 1 3
0.0013719406656964434 0 3 0 2 1 3 0 0 1 2
-0.0013719406656964434 0 3 0 2 1 3 0 0 2 1
0.0022775830308091756 0 3 0 2 2 1 1 0 0 0
0.0006138032011089408 0 3 0 2 2 1 1 0 0 3
-3.1544224417895137 0 3 0 2 2 1 1 0 3 0
0.0017868853607674626 0 3 0 2 2 1 1 0 3 3
0.0003284533091280896 0 3 0 2 2 1 1 3 0 0
0.0023254394763319564 0 3 0 2 2 1 1 3 3 0
0.00034502633319302283 0 3 0 2 2 1 1 3 3 3
0.0022775830308091756 0 3 0 2 2 2 2 0 0 0
0.0006138032011089408 0 3 0 2 2 2 2 0 0 3
-3.1544224417895137 0 3 0 2 2 2 2 0 3 0
0.0017868853607674626 0 3 0 2 2 2 2 0 3 3
0.0003284533091280896 0 3 0 2 2 2 2 3 0 0
0.0023254394763319564 0 3 0 2 2 2 2 3 3 0
0.00034502633319302283 0 3 0 2 2 2 2 3 3 3
-4.1438817927312015e-06 0 3 0 2 2 3 0 1 0 1
-4.1438817927312015e-06 0 3 0 2 2 3 0 2 0 2
-163.6442364515299 0 3 0 3 0 0 0 0 0 0
0.40074441088950713 0 3 0 3 0 0 0 0 0 3
0.4184303353509765 0 3 0 3 0 0 0 0 3 0
0.06243555012103011 0 3 0 3 0 0 0 0 3 3
0.0031222112421107097 0 3 0 3 0 0 0 1 1 0
0.00038179617493770246 0 3 0 3 0 0 0 1 1 3
0.0031222112421107097 0 3 0 3 0 0 0 2 2 0
0.00038179617493770246 0 3 0 3 0 0 0 2 2 3
0.40551858696081355 0 3 0 3 0 0 0 3 0 0
0.060309556716665005 0 3 0 3 0 0 0 3 0 3
0.05810917997417722 0 3 0 3 0 0 0 3 3 0
0.43906465724411353 0 3 0 3 0 0 3 0 0 0
0.059196638259667325 0 3 0 3 0 0 3 0 0 3
0.05986906582463948 0 3 0 3 0 0 3 0 3 0
0.00038506810756797424 0 3 0 3 0 0 3 1 1 0
0.00038506810756797424 0 3 0 3 0 0 3 2 2 0
0.05751433271432166 0 3 0 3 0 0 3 3 0 0
0.00014994555803486627 0 3 0 3 0 1 1 0 1 1
-0.004083158927784414 0 3 0 3 0 1 1 0 2 2
2.68495199843873e-05 0 3 0 3 0 1 1 1 0 1
0.0001299492937262043 0 3 0 3 0 1 1 1 3 1
-0.0005463387605029979 0 3 0 3 0 1 1 2 0 2
-0.002644231111166905 0 3 0 3 0 1 1 2 3 2
0.00423310448581928 0 3 0 3 0 1 2 0 2 1
0.0005731882804873851 0 3 0 3 0 1 2 2 0 1
0.0027741804048931093 0 3 0 3 0 1 2 2 3 1
0.00423310448581928 0 3 0 3 0 2 1 0 1 2
0.0005731882804873851 0 3 0 3 0 2 1 1 0 2
0.0027741804048931093 0 3 0 3 0 2 1 1 3 2
-0.004083158927784414 0 3 0 3 0 2 2 0 1 1
0.00014994555803486627 0 3 0 3 0 2 2 0 2 2
-0.0005463387605029979 0 3 0 3 0 2 2 1 0 1
-0.002644231111166905 0 3 0 3 0 2 2 1 3 1
2.68495199843873e-05 0 3 0 3 0 2 2 2 0 2
0.0001299492937262043 0 3 0 3 0 2 2 2 3 2
0.43711471385950923 0 3 0 3 0 3 0 0 0 0
0.062360221177090544 0 3 0 3 0 3 0 0 0 3
0.055374555587605415 0 3 0 3 0 3 0 0 3 0
0.004897500494335975 0 3 0 3 0 3 0 1 1 0
0.000628497003909373 0 3 0 3 0 3 0 1 1 3
0.004897500494335975 0 3 0 3 0 3 0 2 2 0
0.000628497003909373 0 3 0 3 0 3 0 2 2 3
0.05759366452209206 0 3 0 3 0 3 0 3 0 0
0.05899681729660166 0 3 0 3 0 3 3 0 0 0
0.000633883123493873 0 3 0 3 0 3 3 1 1 0
0.000633883123493873 0 3 0 3 0 3 3 2 2 0
0.35532716965883987 0 3 0 3 3 0 0 0 0 0
0.060701004018444575 0 3 0 3 3 0 0 0 0 3
0.056573261951953314 0 3 0 3 3 0 0 0 3 0
0.0002884484939946186 0 3 0 3 3 0 0 1 1 0
0.0002884484939946186 0 3 0 3 3 0 0 2 2 0
0.05496706567240267 0 3 0 3 3 0 0 3 0 0
0.05730099680781081 0 3 0 3 3 0 3 0 0 0
0.0013089413506919899 0 3 0 3 3 1 1 0 1 1
-0.026634569091887623 0 3 0 3 3 1 1 0 2 2
0.0001691716915844918 0 3 0 3 3 1 1 1 0 1
-0.22937771120888972 0 3 0 3 3 1 1 1 3 1
-0.003442335369355237 0 3 0 3 3 1 1 2 0 2
4.666291362253958 0 3 0 3 3 1 1 2 3 2
0.00019861174761069553 0 3 0 3 3 1 1 3 1 1
-0.004041386813397726 0 3 0 3 3 1 1 3 2 2
0.027943510442579613 0 3 0 3 3 1 2 0 2 1
-8.030459367893024e-06 0 3 0 3 3 1 2 1 3 2
0.003611507060939729 0 3 0 3 3 1 2 2 0 1
-4.8956610430034795 0 3 0 3 3 1 2 2 3 1
0.004239998561008422 0 3 0 3 3 1 2 3 2 1
0.027943510442579613 0 3 0 3 3 2 1 0 1 2
0.003611507060939729 0 3 0 3 3 2 1 1 0 2
-4.895661043003479 0 3 0 3 3 2 1 1 3 2
-8.030459367893024e-06 0 3 0 3 3 2 1 2 3 1
0.004239998561008422 0 3 0 3 3 2 1 3 1 2
-0.026634569091887623 0 3 0 3 3 2 2 0 1 1
0.0013089413506919899 0 3 0 3 3 2 2 0 2 2
-0.003442335369355237 0 3 0 3 3 2 2 1 0 1
4.666291362253958 0 3 0 3 3 2 2 1 3 1
0.0001691716915844918 0 3 0 3 3 2 2 2 0 2
-0.22937771120888975 0 3 0 3 3 2 2 2 3 2
-0.004041386813397726 0 3 0 3 3 2 2 3 1 1
0.00019861174761069553 0 3 0 3 3 2 2 3 2 2
0.05632611879785461 0 3 0 3 3 3 0 0 0 0
0.00022745760432548177 0 3 0 3 3 3 0 1 1 0
0.00022745760432548177 0 3 0 3 3 3 0 2 2 0
4.373108240931886e-05 0 3 1 0 1 1 1 0 3 0
-7.78777577943352e-07 0 3 1 0 1 1 1 1 1 0
-1.3891586819478948e-05 0 3 1 0 1 1 1 1 1 3
-7.78777577943352e-07 0 3 1 0 1 1 1 2 2 0
0.00028266845473539644 0 3 1 0 1 1 1 2 2 3
4.806762662547066e-05 0 3 1 0 1 1 1 3 0 0
0.00029436198485319984 0 3 1 0 1 1 1 3 3 0
4.6718679236073944e-05 0 3 1 0 1 1 1 3 3 3
-0.0002965600415548754 0 3 1 0 1 1 2 1 2 3
-0.0002965600415548754 0 3 1 0 1 2 1 2 1 3
4.373108240931886e-05 0 3 1 0 1 2 2 0 3 0
-7.78777577943352e-07 0 3 1 0 1 2 2 1 1 0
0.00028266845473539644 0 3 1 0 1 2 2 1 1 3
-7.78777577943352e-07 0 3 1 0 1 2 2 2 2 0
-1.3891586819478948e-05 0 3 1 0 1 2 2 2 2 3
4.806762662547066e-05 0 3 1 0 1 2 2 3 0 0
0.00029436198485319984 0 3 1 0 1 2 2 3 3 0
4.6718679236073944e-05 0 3 1 0 1 2 2 3 3 3
-0.01087141566265268 0 3 1 0 2 0 0 1 0 2
-0.0013641395608569161 0 3 1 0 2 0 0 1 3 2
0.01087141566265268 0 3 1 0 2 0 0 2 0 1
0.0013641395608569161 0 3 1 0 2 0 0 2 3 1
-0.001895641451856506 0 3 1 0 2 0 3 1 0 2
0.001895641451856506 0 3 1 0 2 0 3 2 0 1
-0.0013397176916593214 0 3 1 0 2 3 0 1 0 2
0.0013397176916593214 0 3 1 0 2 3 0 2 0 1
0.0003473242378716924 0 3 1 1 0 0 0 0 0 0
0.0030862642009071685 0 3 1 1 0 0 0 3 0 0
0.0003817961749377026 0 3 1 1 0 0 0 3 0 3
0.00034732423787169254 0 3 1 1 0 0 0 3 3 0
0.0003850681075679744 0 3 1 1 0 0 3 3 0 0
3.058701891036216e-06 0 3 1 1 0 1 1 3 1 1
3.058701891036216e-06 0 3 1 1 0 1 1 3 2 2
3.058701891036216e-06 0 3 1 1 0 2 2 3 1 1
3.058701891036216e-06 0 3 1 1 0 2 2 3 2 2
-0.0002244264951551581 0 3 1 1 0 3 0 0 0 0
-0.0014475787314784906 0 3 1 1 0 3 0 3 0 0
-0.0002469784932981079 0 3 1 1 0 3 0 3 0 3
-0.00022442649515515818 0 3 1 1 0 3 0 3 3 0
-0.0002488150159259394 0 3 1 1 0 3 3 3 0 0
0.0002884484939946187 0 3 1 1 3 0 0 3 0 0
1.2461196731011337e-06 0 3 1 1 3 1 1 0 1 1
-2.5356262534166498e-05 0 3 1 1 3 1 1 0 2 2
3.5369436847598716e-06 0 3 1 1 3 1 1 3 1 1
-7.197035290851622e-05 0 3 1 1 3 1 1 3 2 2
2.660238220726763e-05 0 3 1 1 3 1 2 0 2 1
7.550729659327608e-05 0 3 1 1 3 1 2 3 2 1
2.660238220726763e-05 0 3 1 1 3 2 1 0 1 2
7.550729659327608e-05 0 3 1 1 3 2 1 3 1 2
-2.5356262534166498e-05 0 3 1 1 3 2 2 0 1 1
1.2461196731011337e-06 0 3 1 1 3 2 2 0 2 2
-7.197035290851622e-05 0 3 1 1 3 2 2 3 1 1
3.5369436847598716e-06 0 3 1 1 3 2 2 3 2 2
-0.00018638343507691035 0 3 1 1 3 3 0 3 0 0
-0.00770659848405282 0 3 1 2 0 0 0 1 2 0
-0.0010629967021825327 0 3 1 2 0 0 0 1 2 3
0.00770659848405282 0 3 1 2 0 0 0 2 1 0
0.0010629967021825327 0 3 1 2 0 0 0 2 1 3
-0.0011773665551588965 0 3 1 2 0 0 3 1 2 0
0.0011773665551588965 0 3 1 2 0 0 3 2 1 0
-2.4171627242375017e-05 0 3 1 2 0 1 1 1 3 2
2.4171627242375017e-05 0 3 1 2 0 1 1 2 3 1
-2.4171627242375017e-05 0 3 1 2 0 2 2 1 3 2
2.4171627242375017e-05 0 3 1 2 0 2 2 2 3 1
-0.0009493359039437546 0 3 1 2 0 3 0 1 2 0
0.0009493359039437546 0 3 1 2 0 3 0 2 1 0
-0.0008030981397753098 0 3 1 2 3 0 0 1 2 0
0.0008030981397753098 0 3 1 2 3 0 0 2 1 0
0.00020037981734402895 0 3 1 2 3 1 1 1 0 2
9.107200451689252e-06 0 3 1 2 3 1 1 1 3 2
9.847556679473166e-06 0 3 1 2 3 1 1 2 0 1
4.475683920070501e-07 0 3 1 2 3 1 1 2 3 1
-0.00021022737402350212 0 3 1 2 3 1 2 1 0 1
-9.554768843696301e-06 0 3 1 2 3 1 2 1 3 1
0.00021022737402350212 0 3 1 2 3 2 1 2 0 2
9.554768843696301e-06 0 3 1 2 3 2 1 2 3 2
-9.847556679473166e-06 0 3 1 2 3 2 2 1 0 2
-4.475683920070501e-07 0 3 1 2 3 2 2 1 3 2
-0.00020037981734402895 0 3 1 2 3 2 2 2 0 1
-9.107200451689252e-06 0 3 1 2 3 2 2 2 3 1
4.156281030124297e-05 0 3 1 3 1 1 1 0 0 0
0.00029426343755944566 0 3 1 3 1 1 1 0 3 0
7.767127107870813e-05 0 3 1 3 1 1 1 0 3 3
-1.7134937311165568e-05 0 3 1 3 1 1 1 1 1 0
-1.7134937311165568e-05 0 3 1 3 1 1 1 2 2 0
0.0002882076350703941 0 3 1 3 1 1 1 3 0 0
4.3659977345037735e-05 0 3 1 3 1 1 1 3 0 3
-0.3991637712712233 0 3 1 3 1 1 1 3 3 0
0.0002261142610400167 0 3 1 3 1 1 1 3 3 3
4.156281030124297e-05 0 3 1 3 1 2 2 0 0 0
0.00029426343755944566 0 3 1 3 1 2 2 0 3 0
7.767127107870813e-05 0 3 1 3 1 2 2 0 3 3
-1.7134937311165568e-05 0 3 1 3 1 2 2 1 1 0
-1.7134937311165568e-05 0 3 1 3 1 2 2 2 2 0
0.0002882076350703941 0 3 1 3 1 2 2 3 0 0
4.3659977345037735e-05 0 3 1 3 1 2 2 3 0 3
-0.3991637712712233 0 3 1 3 1 2 2 3 3 0
0.0002261142610400167 0 3 1 3 1 2 2 3 3 3
-0.0012634470013703461 0 3 1 3 2 0 0 1 0 2
0.0012634470013703461 0 3 1 3 2 0 0 2 0 1
5.5325906868417054e-05 0 3 1 3 2 1 2 3 3 0
-5.5325906868417054e-05 0 3 1 3 2 2 1 3 3 0
-4.14388179273121e-06 0 3 1 3 2 3 0 3 1 2
4.14388179273121e-06 0 3 1 3 2 3 0 3 2 1
0.01087141566265268 0 3 2 0 1 0 0 1 0 2
0.0013641395608569161 0 3 2 0 1 0 0 1 3 2
-0.01087141566265268 0 3 2 0 1 0 0 2 0 1
-0.0013641395608569161 0 3 2 0 1 0 0 2 3 1
0.001895641451856506 0 3 2 0 1 0 3 1 0 2
-0.001895641451856506 0 3 2 0 1 0 3 2 0 1
0.0013397176916593214 0 3 2 0 1 3 0 1 0 2
-0.0013397176916593214 0 3 2 0 1 3 0 2 0 1
4.373108240931886e-05 0 3 2 0 2 1 1 0 3 0
-7.78777577943352e-07 0 3 2 0 2 1 1 1 1 0
-1.3891586819478948e-05 0 3 2 0 2 1 1 1 1 3
-7.78777577943352e-07 0 3 2 0 2 1 1 2 2 0
0.00028266845473539644 0 3 2 0 2 1 1 2 2 3
4.806762662547066e-05 0 3 2 0 2 1 1 3 0 0
0.00029436198485319984 0 3 2 0 2 1 1 3 3 0
4.6718679236073944e-05 0 3 2 0 2 1 1 3 3 3
-0.0002965600415548754 0 3 2 0 2 1 2 1 2 3
-0.0002965600415548754 0 3 2 0 2 2 1 2 1 3
4.373108240931886e-05 0 3 2 0 2 2 2 0 3 0
-7.78777577943352e-07 0 3 2 0 2 2 2 1 1 0
0.00028266845473539644 0 3 2 0 2 2 2 1 1 3
-7.78777577943352e-07 0 3 2 0 2 2 2 2 2 0
-1.3891586819478948e-05 0 3 2 0 2 2 2 2 2 3
4.806762662547066e-05 0 3 2 0 2 2 2 3 0 0
0.00029436198485319984 0 3 2 0 2 2 2 3 3 0
4.6718679236073944e-05 0 3 2 0 2 2 2 3 3 3
0.00770659848405282 0 3 2 1 0 0 0 1 2 0
0.0010629967021825327 0 3 2 1 0 0 0 1 2 3
-0.00770659848405282 0 3 2 1 0 0 0 2 1 0
-0.0010629967021825327 0 3 2 1 0 0 0 2 1 3
0.0011773665551588965 0 3 2 1 0 0 3 1 2 0
-0.0011773665551588965 0 3 2 1 0 0 3 2 1 0
2.4171627242375017e-05 0 3 2 1 0 1 1 1 3 2
-2.4171627242375017e-05 0 3 2 1 0 1 1 2 3 1
2.4171627242375017e-05 0 3 2 1 0 2 2 1 3 2
-2.4171627242375017e-05 0 3 2 1 0 2 2 2 3 1
0.0009493359039437546 0 3 2 1 0 3 0 1 2 0
-0.0009493359039437546 0 3 2 1 0 3 0 2 1 0
0.0008030981397753098 0 3 2 1 3 0 0 1 2 0
-0.0008030981397753098 0 3 2 1 3 0 0 2 1 0
-0.00020037981734402895 0 3 2 1 3 1 1 1 0 2
-9.107200451689252e-06 0 3 2 1 3 1 1 1 3 2
-9.847556679473166e-06 0 3 2 1 3 1 1 2 0 1
-4.475683920070501e-07 0 3 2 1 3 1 1 2 3 1
0.00021022737402350212 0 3 2 1 3 1 2 1 0 1
9.554768843696301e-06 0 3 2 1 3 1 2 1 3 1
-0.00021022737402350212 0 3 2 1 3 2 1 2 0 2
-9.554768843696301e-06 0 3 2 1 3 2 1 2 3 2
9.847556679473166e-06 0 3 2 1 3 2 2 1 0 2
4.475683920070501e-07 0 3 2 1 3 2 2 1 3 2
0.00020037981734402895 0 3 2 1 3 2 2 2 0 1
9.107200451689252e-06 0 3 2 1 3 2 2 2 3 1
0.0003473242378716924 0 3 2 2 0 0 0 0 0 0
0.0030862642009071685 0 3 2 2 0 0 0 3 0 0
0.0003817961749377026 0 3 2 2 0 0 0 3 0 3
0.00034732423787169254 0 3 2 2 0 0 0 3 3 0
0.0003850681075679744 0 3 2 2 0 0 3 3 0 0
3.058701891036216e-06 0 3 2 2 0 1 1 3 1 1
3.058701891036216e-06 0 3 2 2 0 1 1 3 2 2
3.058701891036216e-06 0 3 2 2 0 2 2 3 1 1
3.058701891036216e-06 0 3 2 2 0 2 2 3 2 2
-0.0002244264951551581 0 3 2 2 0 3 0 0 0 0
-0.0014475787314784906 0 3 2 2 0 3 0 3 0 0
-0.0002469784932981079 0 3 2 2 0 3 0 3 0 3
-0.00022442649515515818 0 3 2 2 0 3 0 3 3 0
-0.0002488150159259394 0 3 2 2 0 3 3 3 0 0
0.0002884484939946187 0 3 2 2 3 0 0 3 0 0
1.2461196731011337e-06 0 3 2 2 3 1 1 0 1 1
-2.5356262534166498e-05 0 3 2 2 3 1 1 0 2 2
3.5369436847598716e-06 0 3 2 2 3 1 1 3 1 1
-7.197035290851622e-05 0 3 2 2 3 1 1 3 2 2
2.660238220726763e-05 0 3 2 2 3 1 2 0 2 1
7.550729659327608e-05 0 3 2 2 3 1 2 3 2 1
2.660238220726763e-05 0 3 2 2 3 2 1 0 1 2
7.550729659327608e-05 0 3 2 2 3 2 1 3 1 2
-2.5356262534166498e-05 0 3 2 2 3 2 2 0 1 1
1.2461196731011337e-06 0 3 2 2 3 2 2 0 2 2
-7.197035290851622e-05 0 3 2 2 3 2 2 3 1 1
3.5369436847598716e-06 0 3 2 2 3 2 2 3 2 2
-0.00018638343507691035 0 3 2 2 3 3 0 3 0 0
0.0012634470013703461 0 3 2 3 1 0 0 1 0 2
-0.0012634470013703461 0 3 2 3 1 0 0 2 0 1
-5.5325906868417054e-05 0 3 2 3 1 1 2 3 3 0
5.5325906868417054e-05 0 3 2 3 1 2 1 3 3 0
4.14388179273121e-06 0 3 2 3 1 3 0 3 1 2
-4.14388179273121e-06 0 3 2 3 1 3 0 3 2 1
4.156281030124297e-05 0 3 2 3 2 1 1 0 0 0
0.00029426343755944566 0 3 2 3 2 1 1 0 3 0
7.767127107870813e-05 0 3 2 3 2 1 1 0 3 3
-1.7134937311165568e-05 0 3 2 3 2 1 1 1 1 0
-1.7134937311165568e-05 0 3 2 3 2 1 1 2 2 0
0.0002882076350703941 0 3 2 3 2 1 1 3 0 0
4.3659977345037735e-05 0 3 2 3 2 1 1 3 0 3
-0.3991637712712233 0 3 2 3 2 1 1 3 3 0
0.0002261142610400167 0 3 2 3 2 1 1 3 3 3
4.156281030124297e-05 0 3 2 3 2 2 2 0 0 0
0.00029426343755944566 0 3 2 3 2 2 2 0 3 0
7.767127107870813e-05 0 3 2 3 2 2 2 0 3 3
-1.7134937311165568e-05 0 3 2 3 2 2 2 1 1 0
-1.7134937311165568e-05 0 3 2 3 2 2 2 2 2 0
0.0002882076350703941 0 3 2 3 2 2 2 3 0 0
4.3659977345037735e-05 0 3 2 3 2 2 2 3 0 3
-0.3991637712712233 0 3 2 3 2 2 2 3 3 0
0.0002261142610400167 0 3 2 3 2 2 2 3 3 3
-163.62023754997043 0 3 3 0 0 0 0 0 0 0
0.4037132716939026 0 3 3 0 0 0 0 0 0 3
0.40571794416334284 0 3 3 0 0 0 0 0 3 0
0.060309556716665005 0 3 3 0 0 0 0 0 3 3
0.42363258970939094 0 3 3 0 0 0 0 3 0 0
0.06243555012103003 0 3 3 0 0 0 0 3 0 3
0.0581091799741772 0 3 3 0 0 0 0 3 3 0
0.4420589607144609 0 3 3 0 0 0 3 0 0 0
0.059196638259667284 0 3 3 0 0 0 3 0 0 3
0.05751433271432166 0 3 3 0 0 0 3 0 3 0
0.059869065824639425 0 3 3 0 0 0 3 3 0 0
0.00019828881251961623 0 3 3 0 0 1 1 0 1 1
-0.0040348156732996614 0 3 3 0 0 1 1 0 2 2
0.004233104485819278 0 3 3 0 0 1 2 0 2 1
0.004233104485819278 0 3 3 0 0 2 1 0 1 2
-0.0040348156732996614 0 3 3 0 0 2 2 0 1 1
0.00019828881251961623 0 3 3 0 0 2 2 0 2 2
0.4258582895177385 0 3 3 0 0 3 0 0 0 0
0.06043970751976761 0 3 3 0 0 3 0 0 0 3
0.05173073527202839 0 3 3 0 0 3 0 0 3 0
0.05774718782229003 0 3 3 0 0 3 0 3 0 0
0.05706202277319346 0 3 3 0 0 3 3 0 0 0
0.3575701555348698 0 3 3 0 3 0 0 0 0 0
0.06070100401844454 0 3 3 0 3 0 0 0 0 3
0.05496706567240267 0 3 3 0 3 0 0 0 3 0
0.05657326195195325 0 3 3 0 3 0 0 3 0 0
0.05730099680781079 0 3 3 0 3 0 3 0 0 0
0.0013364447521463172 0 3 3 0 3 1 1 0 1 1
-0.027194213147681213 0 3 3 0 3 1 1 0 2 2
2.3886409548342804e-05 0 3 3 0 3 1 1 1 3 1
-0.00048604486758411526 0 3 3 0 3 1 1 2 3 2
0.0002183068609696417 0 3 3 0 3 1 1 3 1 1
-0.004442146448085781 0 3 3 0 3 1 1 3 2 2
0.028530657899827526 0 3 3 0 3 1 2 0 2 1
0.0005099312771324581 0 3 3 0 3 1 2 2 3 1
0.004660453309055422 0 3 3 0 3 1 2 3 2 1
0.028530657899827526 0 3 3 0 3 2 1 0 1 2
0.0005099312771324581 0 3 3 0 3 2 1 1 3 2
0.004660453309055422 0 3 3 0 3 2 1 3 1 2
-0.027194213147681213 0 3 3 0 3 2 2 0 1 1
0.0013364447521463172 0 3 3 0 3 2 2 0 2 2
-0.00048604486758411526 0 3 3 0 3 2 2 1 3 1
2.3886409548342804e-05 0 3 3 0 3 2 2 2 3 2
-0.004442146448085781 0 3 3 0 3 2 2 3 1 1
0.0002183068609696417 0 3 3 0 3 2 2 3 2 2
0.0548767944952243 0 3 3 0 3 3 0 0 0 0
0.0003455882464392552 0 3 3 1 1 1 1 0 0 0
0.002326218253909901 0 3 3 1 1 1 1 0 3 0
0.0003691979604353978 0 3 3 1 1 1 1 0 3 3
0.00037985812106158606 0 3 3 1 1 1 1 3 3 0
0.0003455882464392552 0 3 3 1 1 2 2 0 0 0
0.002326218253909901 0 3 3 1 1 2 2 0 3 0
0.0003691979604353978 0 3 3 1 1 2 2 0 3 3
0.00037985812106158606 0 3 3 1 1 2 2 3 3 0
-0.0012634470013703466 0 3 3 1 2 0 0 0 1 2
0.0012634470013703466 0 3 3 1 2 0 0 0 2 1
-2.16827210807589e-06 0 3 3 1 2 1 1 1 2 0
2.16827210807589e-06 0 3 3 1 2 1 1 2 1 0
-2.16827210807589e-06 0 3 3 1 2 2 2 1 2 0
2.16827210807589e-06 0 3 3 1 2 2 2 2 1 0
0.0012634470013703466 0 3 3 2 1 0 0 0 1 2
-0.0012634470013703466 0 3 3 2 1 0 0 0 2 1
2.16827210807589e-06 0 3 3 2 1 1 1 1 2 0
-2.16827210807589e-06 0 3 3 2 1 1 1 2 1 0
2.16827210807589e-06 0 3 3 2 1 2 2 1 2 0
-2.16827210807589e-06 0 3 3 2 1 2 2 2 1 0
0.0003455882464392552 0 3 3 2 2 1 1 0 0 0
0.002326218253909901 0 3 3 2 2 1 1 0 3 0
0.0003691979604353978 0 3 3 2 2 1 1 0 3 3
0.00037985812106158606 0 3 3 2 2 1 1 3 3 0
0.0003455882464392552 0 3 3 2 2 2 2 0 0 0
0.002326218253909901 0 3 3 2 2 2 2 0 3 0
0.0003691979604353978 0 3 3 2 2 2 2 0 3 3
0.00037985812106158606 0 3 3 2 2 2 2 3 3 0
0.38832418434525773 0 3 3 3 0 0 0 0 0 0
0.05897202667134835 0 3 3 3 0 0 0 0 0 3
0.056455412656606016 0 3 3 3 0 0 0 0 3 0
0.00032168685626753003 0 3 3 3 0 0 0 1 1 0
0.00032168685626753003 0 3 3 3 0 0 0 2 2 0
0.05645541265660599 0 3 3 3 0 0 0 3 0 0
0.056336966159162755 0 3 3 3 0 0 3 0 0 0
1.8974260909902243e-05 0 3 3 3 0 1 1 1 3 1
-0.0005166870152589869 0 3 3 3 0 1 1 2 3 2
0.0005356612761688892 0 3 3 3 0 1 2 2 3 1
0.0005356612761688892 0 3 3 3 0 2 1 1 3 2
-0.0005166870152589869 0 3 3 3 0 2 2 1 3 1
1.8974260909902243e-05 0 3 3 3 0 2 2 2 3 2
0.05588267298813636 0 3 3 3 0 3 0 0 0 0
0.0005295475403706107 0 3 3 3 0 3 0 1 1 0
0.0005295475403706107 0 3 3 3 0 3 0 2 2 0
0.05146323274623911 0 3 3 3 3 0 0 0 0 0
0.00018876419093122234 0 3 3 3 3 1 1 0 1 1
-0.003841006996053697 0 3 3 3 3 1 1 0 2 2
2.513252922144394e-05 0 3 3 3 3 1 1 1 0 1
0.00016911505583244737 0 3 3 3 3 1 1 1 3 1
-0.0005114011301182818 0 3 3 3 3 1 1 2 0 2
-0.003441182935099798 0 3 3 3 3 1 1 2 3 2
0.0040297711869849194 0 3 3 3 3 1 2 0 2 1
0.0005365336593397257 0 3 3 3 3 1 2 2 0 1
0.0036102979909322453 0 3 3 3 3 1 2 2 3 1
0.0040297711869849194 0 3 3 3 3 2 1 0 1 2
0.0005365336593397257 0 3 3 3 3 2 1 1 0 2
0.0036102979909322453 0 3 3 3 3 2 1 1 3 2
-0.003841006996053697 0 3 3 3 3 2 2 0 1 1
0.00018876419093122234 0 3 3 3 3 2 2 0 2 2
-0.0005114011301182818 0 3 3 3 3 2 2 1 0 1
-0.003441182935099798 0 3 3 3 3 2 2 1 3 1
2.513252922144394e-05 0 3 3 3 3 2 2 2 0 2
0.00016911505583244737 0 3 3 3 3 2 2 2 3 2
-0.00039971560796625154 1 0 0 0 1 0 1 0 1 0
-0.00039971560796625154 1 0 0 0 1 0 2 0 2 0
0.0008798203994514594 1 0 0 0 1 1 0 0 0 1
0.0008798203994514594 1 0 0 0 1 2 0 0 0 2
-0.0011602460698080179 1 0 0 0 1 3 1 0 1 0
-0.0002520396599041834 1 0 0 0 1 3 1 0 1 3
-1.7062878458749414e-05 1 0 0 0 1 3 1 1 3 0
-0.00014558707101883326 1 0 0 0 1 3 1 3 1 0
-0.0011602460698080179 1 0 0 0 1 3 2 0 2 0
-0.0002520396599041834 1 0 0 0 1 3 2 0 2 3
-1.7062878458749414e-05 1 0 0 0 1 3 2 2 3 0
-0.00014558707101883326 1 0 0 0 1 3 2 3 2 0
10.04316681330289 1 0 0 0 2 1 0 0 0 2
-0.007252424414062572 1 0 0 0 2 1 0 0 3 2
5.621882514856863e-05 1 0 0 0 2 1 0 1 1 2
-5.621882514856863e-05 1 0 0 0 2 1 0 1 2 1
-0.007404811944696906 1 0 0 0 2 1 0 3 0 2
-0.0010458818694104408 1 0 0 0 2 1 0 3 3 2
-0.008687006863030935 1 0 0 0 2 1 3 0 0 2
-0.001042713608367442 1 0 0 0 2 1 3 0 3 2
-0.0010101113658689748 1 0 0 0 2 1 3 3 0 2
-10.04316681330289 1 0 0 0 2 2 0 0 0 1
0.007252424414062572 1 0 0 0 2 2 0 0 3 1
5.621882514856863e-05 1 0 0 0 2 2 0 2 1 2
-5.621882514856863e-05 1 0 0 0 2 2 0 2 2 1
0.007404811944696906 1 0 0 0 2 2 0 3 0 1
0.0010458818694104408 1 0 0 0 2 2 0 3 3 1
0.008687006863030935 1 0 0 0 2 2 3 0 0 1
0.001042713608367442 1 0 0 0 2 2 3 0 3 1
0.0010101113658689748 1 0 0 0 2 2 3 3 0 1
0.0003884620285712695 1 0 0 1 0 1 0 0 1 0
7.334578212360614 1 0 0 1 0 1 0 1 0 0
-0.0041559715715544995 1 0 0 1 0 1 0 1 0 3
-0.005424166033858111 1 0 0 1 0 1 0 1 3 0
-0.0008024687334010223 1 0 0 1 0 1 0 1 3 3
-0.0063450792258144635 1 0 0 1 0 1 3 1 0 0
-0.0004277284982541467 1 0 0 1 0 1 3 1 0 3
-0.0007374082244737257 1 0 0 1 0 1 3 1 3 0
0.00038846202857127036 1 0 0 1 0 2 0 0 2 0
7.334578212360614 1 0 0 1 0 2 0 2 0 0
-0.0041559715715544995 1 0 0 1 0 2 0 2 0 3
-0.005424166033858111 1 0 0 1 0 2 0 2 3 0
-0.0008024687334010223 1 0 0 1 0 2 0 2 3 3
-0.0063450792258144635 1 0 0 1 0 2 3 2 0 0
-0.0004277284982541467 1 0 0 1 0 2 3 2 0 3
-0.0007374082244737257 1 0 0 1 0 2 3 2 3 0
-0.0041559715715544995 1 0 0 1 3 1 0 1 0 0
-0.000978596476205841 1 0 0 1 3 1 0 1 0 3
-0.0008586875585495908 1 0 0 1 3 1 0 1 3 0
-0.0008755242712179033 1 0 0 1 3 1 3 1 0 0
-0.0041559715715544995 1 0 0 1 3 2 0 2 0 0
-0.000978596476205841 1 0 0 1 3 2 0 2 0 3
-0.0008586875585495908 1 0 0 1 3 2 0 2 3 0
-0.0008755242712179033 1 0 0 1 3 2 3 2 0 0
3.197449649680283e-06 1 0 0 1 3 3 1 1 1 1
3.197449649680283e-06 1 0 0 1 3 3 1 2 1 2
3.197449649680283e-06 1 0 0 1 3 3 2 1 2 1
3.197449649680283e-06 1 0 0 1 3 3 2 2 2 2
65.03616518101057 1 0 0 2 0 1 0 0 2 0
-0.03685077390448586 1 0 0 2 0 1 0 0 2 3
-3.7294413420115794e-05 1 0 0 2 0 1 0 2 0 0
-0.04797164023818362 1 0 0 2 0 1 0 3 2 0
-0.007115446617195997 1 0 0 2 0 1 0 3 2 3
-0.05626147242125636 1 0 0 2 0 1 3 0 2 0
-0.004017812735641498 1 0 0 2 0 1 3 0 2 3
-0.006538558622821719 1 0 0 2 0 1 3 3 2 0
-65.03616518101059 1 0 0 2 0 2 0 0 1 0
0.03685077390448586 1 0 0 2 0 2 0 0 1 3
3.729441342011574e-05 1 0 0 2 0 2 0 1 0 0
0.04797164023818362 1 0 0 2 0 2 0 3 1 0
0.007115446617195997 1 0 0 2 0 2 0 3 1 3
0.05626147242125636 1 0 0 2 0 2 3 0 1 0
0.004017812735641498 1 0 0 2 0 2 3 0 1 3
0.006538558622821719 1 0 0 2 0 2 3 3 1 0
-0.0014042028223665627 1 0 0 2 0 3 1 0 3 2
0.0014042028223665627 1 0 0 2 0 3 2 0 3 1
-0.00427463955307291 1 0 0 2 3 0 1 0 3 2
0.00427463955307291 1 0 0 2 3 0 2 0 3 1
-0.03685077390448586 1 0 0 2 3 1 0 0 2 0
-0.008754130563336002 1 0 0 2 3 1 0 0 2 3
-0.0076139358823549535 1 0 0 2 3 1 0 3 2 0
-0.007762911291044587 1 0 0 2 3 1 3 0 2 0
0.03685077390448586 1 0 0 2 3 2 0 0 1 0
0.008754130563336002 1 0 0 2 3 2 0 0 1 3
0.0076139358823549535 1 0 0 2 3 2 0 3 1 0
0.007762911291044587 1 0 0 2 3 2 3 0 1 0
-0.004370771316651911 1 0 0 2 3 3 1 0 0 2
-0.034631186700527075 1 0 0 2 3 3 1 0 3 2
-0.004345503224561983 1 0 0 2 3 3 1 3 3 2
0.004370771316651911 1 0 0 2 3 3 2 0 0 1
0.034631186700527075 1 0 0 2 3 3 2 0 3 1
0.004345503224561983 1 0 0 2 3 3 2 3 3 1
-5.0580412882576524e-05 1 0 0 3 1 0 1 1 3 0
-5.0580412882576524e-05 1 0 0 3 1 0 2 2 3 0
-0.00045937493689490706 1 0 0 3 1 3 1 0 1 0
-1.8422733602935334e-05 1 0 0 3 1 3 1 1 0 0
-0.00014681869831120335 1 0 0 3 1 3 1 1 3 0
-3.189335068900818e-05 1 0 0 3 1 3 1 1 3 3
-0.00045937493689490706 1 0 0 3 1 3 2 0 2 0
-1.8422733602935334e-05 1 0 0 3 1 3 2 2 0 0
-0.00014681869831120335 1 0 0 3 1 3 2 2 3 0
-3.189335068900818e-05 1 0 0 3 1 3 2 2 3 3
-0.007252424414062572 1 0 0 3 2 1 0 0 0 2
-0.0017080575986955118 1 0 0 3 2 1 0 0 3 2
-1.9597071111670465e-05 1 0 0 3 2 1 0 1 1 2
-1.9597071111670465e-05 1 0 0 3 2 1 0 2 2 2
-0.0011004440241191447 1 0 0 3 2 1 0 3 0 2
-0.0011670404533209151 1 0 0 3 2 1 3 0 0 2
4.1926558031536335e-06 1 0 0 3 2 1 3 1 1 2
4.192655803153641e-06 1 0 0 3 2 1 3 2 2 2
0.007252424414062572 1 0 0 3 2 2 0 0 0 1
0.0017080575986955118 1 0 0 3 2 2 0 0 3 1
1.9597071111670465e-05 1 0 0 3 2 2 0 1 1 1
1.9597071111670465e-05 1 0 0 3 2 2 0 2 2 1
0.0011004440241191447 1 0 0 3 2 2 0 3 0 1
0.0011670404533209151 1 0 0 3 2 2 3 0 0 1
-4.192655803153641e-06 1 0 0 3 2 2 3 1 1 1
-4.1926558031536335e-06 1 0 0 3 2 2 3 2 2 1
0.0006784647302588374 1 0 1 0 0 1 0 1 0 0
0.0006784647302588374 1 0 1 0 0 2 0 2 0 0
1.8375945054943603e-06 1 0 1 1 1 3 1 3 1 0
1.8375945054943603e-06 1 0 1 1 1 3 2 3 2 0
5.621882514856858e-05 1 0 1 1 2 1 0 0 0 2
-1.9597071111670472e-05 1 0 1 1 2 1 0 3 0 2
9.7435770590234e-06 1 0 1 1 2 1 3 3 0 2
-5.621882514856858e-05 1 0 1 1 2 2 0 0 0 1
1.9597071111670472e-05 1 0 1 1 2 2 0 3 0 1
-9.7435770590234e-06 1 0 1 1 2 2 3 3 0 1
0.0003100124937829645 1 0 1 2 1 3 1 2 3 0
-0.0003100124937829645 1 0 1 2 1 3 2 1 3 0
0.0005530514198676623 1 0 1 2 2 1 0 1 2 2
-5.456215470870385e-05 1 0 1 2 2 1 0 2 1 2
-0.0004984892651589584 1 0 1 2 2 1 0 2 2 1
-0.0004984892651589584 1 0 1 2 2 2 0 1 1 2
-5.456215470870385e-05 1 0 1 2 2 2 0 1 2 1
0.0005530514198676623 1 0 1 2 2 2 0 2 1 1
-3.7294413420115794e-05 1 0 1 3 0 1 0 3 1 0
-3.7294413420115794e-05 1 0 1 3 0 2 0 3 2 0
-0.0008436284011879948 1 0 2 0 0 1 0 0 2 0
8.002220891215437 1 0 2 0 0 1 0 2 0 0
-0.004533789311894821 1 0 2 0 0 1 0 2 0 3
-0.005793129840365576 1 0 2 0 0 1 0 2 3 0
-0.0008754208502110825 1 0 2 0 0 1 0 2 3 3
-0.005424166033858111 1 0 2 0 0 1 0 3 2 0
-0.0008586875585495908 1 0 2 0 0 1 0 3 2 3
-0.006921907881666132 1 0 2 0 0 1 3 2 0 0
-0.0006917805311620461 1 0 2 0 0 1 3 2 0 3
-0.0008044457160162438 1 0 2 0 0 1 3 2 3 0
-0.000796177228181972 1 0 2 0 0 1 3 3 2 0
0.0008436284011879948 1 0 2 0 0 2 0 0 1 0
-8.002220891215437 1 0 2 0 0 2 0 1 0 0
0.004533789311894821 1 0 2 0 0 2 0 1 0 3
0.005793129840365576 1 0 2 0 0 2 0 1 3 0
0.0008754208502110825 1 0 2 0 0 2 0 1 3 3
0.005424166033858111 1 0 2 0 0 2 0 3 1 0
0.0008586875585495908 1 0 2 0 0 2 0 3 1 3
0.006921907881666132 1 0 2 0 0 2 3 1 0 0
0.0006917805311620461 1 0 2 0 0 2 3 1 0 3
0.0008044457160162438 1 0 2 0 0 2 3 1 3 0
0.000796177228181972 1 0 2 0 0 2 3 3 1 0
-0.004533789311894821 1 0 2 0 3 1 0 2 0 0
-0.0011445291261252754 1 0 2 0 3 1 0 2 0 3
-0.0009367505066337627 1 0 2 0 3 1 0 2 3 0
-0.0008024687334010223 1 0 2 0 3 1 0 3 2 0
-0.0009548030313422049 1 0 2 0 3 1 3 2 0 0
0.004533789311894821 1 0 2 0 3 2 0 1 0 0
0.0011445291261252754 1 0 2 0 3 2 0 1 0 3
0.0009367505066337627 1 0 2 0 3 2 0 1 3 0
0.0008024687334010223 1 0 2 0 3 2 0 3 1 0
0.0009548030313422049 1 0 2 0 3 2 3 1 0 0
-2.5268092089926162e-05 1 0 2 0 3 3 1 2 1 1
-2.5268092089926162e-05 1 0 2 0 3 3 1 2 2 2
-0.000509295178781452 1 0 2 0 3 3 1 3 3 2
2.5268092089926162e-05 1 0 2 0 3 3 2 1 1 1
2.5268092089926162e-05 1 0 2 0 3 3 2 1 2 2
0.000509295178781452 1 0 2 0 3 3 2 3 3 1
-5.621882514856858e-05 1 0 2 1 1 1 0 0 0 2
5.621882514856863e-05 1 0 2 1 1 1 0 3 3 2
5.621882514856858e-05 1 0 2 1 1 2 0 0 0 1
-5.621882514856863e-05 1 0 2 1 1 2 0 3 3 1
-1.4521732091517606e-05 1 0 2 1 1 3 1 2 3 0
1.4521732091517606e-05 1 0 2 1 1 3 2 1 3 0
-5.456215470870385e-05 1 0 2 1 2 1 0 1 2 2
0.00011589181113138417 1 0 2 1 2 1 0 2 1 2
-6.13296564226803e-05 1 0 2 1 2 1 0 2 2 1
-6.13296564226803e-05 1 0 2 1 2 2 0 1 1 2
0.00011589181113138417 1 0 2 1 2 2 0 1 2 1
-5.456215470870385e-05 1 0 2 1 2 2 0 2 1 1
-3.739169657493666e-05 1 0 2 1 2 3 1 3 1 0
-3.739169657493666e-05 1 0 2 1 2 3 2 3 2 0
-0.0004984892651589584 1 0 2 2 1 1 0 1 2 2
-6.13296564226803e-05 1 0 2 2 1 1 0 2 1 2
0.0005598189215816387 1 0 2 2 1 1 0 2 2 1
0.0005598189215816387 1 0 2 2 1 2 0 1 1 2
-6.13296564226803e-05 1 0 2 2 1 2 0 1 2 1
-0.0004984892651589584 1 0 2 2 1 2 0 2 1 1
3.922929108043102e-05 1 0 2 2 1 3 1 3 1 0
3.922929108043102e-05 1 0 2 2 1 3 2 3 2 0
-1.9597071111670472e-05 1 0 2 2 2 1 0 3 0 2
5.621882514856863e-05 1 0 2 2 2 1 0 3 3 2
9.743577059023392e-06 1 0 2 2 2 1 3 3 0 2
1.9597071111670472e-05 1 0 2 2 2 2 0 3 0 1
-5.621882514856863e-05 1 0 2 2 2 2 0 3 3 1
-9.743577059023392e-06 1 0 2 2 2 2 3 3 0 1
0.0002954907616914469 1 0 2 2 2 3 1 2 3 0
-0.0002954907616914469 1 0 2 2 2 3 2 1 3 0
-0.005424166033858097 1 0 2 3 0 1 0 0 2 0
-0.0008024687334010219 1 0 2 3 0 1 0 0 2 3
-0.005793129840365576 1 0 2 3 0 1 0 2 0 0
-0.0009367505066337627 1 0 2 3 0 1 0 2 0 3
-0.0013171703354354484 1 0 2 3 0 1 0 2 3 0
7.334578212360614 1 0 2 3 0 1 0 3 2 0
-0.0041559715715544995 1 0 2 3 0 1 0 3 2 3
-0.0007374082244737253 1 0 2 3 0 1 3 0 2 0
-0.000868557386728056 1 0 2 3 0 1 3 2 0 0
-0.0063450792258144635 1 0 2 3 0 1 3 3 2 0
-0.0004277284982541467 1 0 2 3 0 1 3 3 2 3
0.005424166033858097 1 0 2 3 0 2 0 0 1 0
0.0008024687334010219 1 0 2 3 0 2 0 0 1 3
0.005793129840365576 1 0 2 3 0 2 0 1 0 0
0.0009367505066337627 1 0 2 3 0 2 0 1 0 3
0.0013171703354354484 1 0 2 3 0 2 0 1 3 0
-7.334578212360614 1 0 2 3 0 2 0 3 1 0
0.0041559715715544995 1 0 2 3 0 2 0 3 1 3
0.0007374082244737253 1 0 2 3 0 2 3 0 1 0
0.000868557386728056 1 0 2 3 0 2 3 1 0 0
0.0063450792258144635 1 0 2 3 0 2 3 3 1 0
0.0004277284982541467 1 0 2 3 0 2 3 3 1 3
-0.00017768922981905845 1 0 2 3 0 3 1 3 3 2
0.00017768922981905845 1 0 2 3 0 3 2 3 3 1
-0.0005409171651282508 1 0 2 3 3 0 1 3 3 2
0.0005409171651282508 1 0 2 3 3 0 2 3 3 1
-0.0008586875585495903 1 0 2 3 3 1 0 0 2 0
-0.0008754208502110825 1 0 2 3 3 1 0 2 0 0
-0.0041559715715544995 1 0 2 3 3 1 0 3 2 0
-0.000978596476205841 1 0 2 3 3 1 0 3 2 3
-0.0008755242712179033 1 0 2 3 3 1 3 3 2 0
0.0008586875585495903 1 0 2 3 3 2 0 0 1 0
0.0008754208502110825 1 0 2 3 3 2 0 1 0 0
0.0041559715715544995 1 0 2 3 3 2 0 3 1 0
0.000978596476205841 1 0 2 3 3 2 0 3 1 3
0.0008755242712179033 1 0 2 3 3 2 3 3 1 0
-0.0005530817746557489 1 0 2 3 3 3 1 0 3 2
-0.0005498843250060689 1 0 2 3 3 3 1 3 0 2
-0.004382265007960725 1 0 2 3 3 3 1 3 3 2
0.0005530817746557489 1 0 2 3 3 3 2 0 3 1
0.0005498843250060689 1 0 2 3 3 3 2 3 0 1
0.004382265007960725 1 0 2 3 3 3 2 3 3 1
-0.0001348407110204247 1 0 3 0 1 3 1 0 1 0
-0.0001348407110204247 1 0 3 0 1 3 2 0 2 0
-0.00740481194469691 1 0 3 0 2 1 0 0 0 2
-0.0011004440241191447 1 0 3 0 2 1 0 0 3 2
-0.0012708979899592318 1 0 3 0 2 1 0 3 0 2
-0.0010912740472539442 1 0 3 0 2 1 3 0 0 2
0.00740481194469691 1 0 3 0 2 2 0 0 0 1
0.0011004440241191447 1 0 3 0 2 2 0 0 3 1
0.0012708979899592318 1 0 3 0 2 2 0 3 0 1
0.0010912740472539442 1 0 3 0 2 2 3 0 0 1
-0.0054241660338581 1 0 3 1 0 1 0 1 0 0
-0.0008586875585495903 1 0 3 1 0 1 0 1 0 3
-0.0008436284011879948 1 0 3 1 0 1 0 1 3 0
-0.0007961772281819717 1 0 3 1 0 1 3 1 0 0
-0.0054241660338581 1 0 3 1 0 2 0 2 0 0
-0.0008586875585495903 1 0 3 1 0 2 0 2 0 3
-0.0008436284011879948 1 0 3 1 0 2 0 2 3 0
-0.0007961772281819717 1 0 3 1 0 2 3 2 0 0
-0.0008024687334010219 1 0 3 1 3 1 0 1 0 0
-0.0008024687334010219 1 0 3 1 3 2 0 2 0 0
-0.04797164023818365 1 0 3 2 0 1 0 0 2 0
-0.0076139358823549535 1 0 3 2 0 1 0 0 2 3
-0.007877255161248384 1 0 3 2 0 1 0 3 2 0
-0.007059660182579123 1 0 3 2 0 1 3 0 2 0
0.04797164023818365 1 0 3 2 0 2 0 0 1 0
0.0076139358823549535 1 0 3 2 0 2 0 0 1 3
0.007877255161248384 1 0 3 2 0 2 0 3 1 0
0.007059660182579123 1 0 3 2 0 2 3 0 1 0
-0.007115446617195997 1 0 3 2 3 1 0 0 2 0
0.007115446617195997 1 0 3 2 3 2 0 0 1 0
-0.00402474437078061 1 0 3 2 3 3 1 0 3 2
0.00402474437078061 1 0 3 2 3 3 2 0 3 1
-5.812976404467475e-05 1 0 3 3 1 3 1 1 3 0
-5.812976404467475e-05 1 0 3 3 1 3 2 2 3 0
-0.0010458818694104408 1 0 3 3 2 1 0 0 0 2
5.621882514856858e-05 1 0 3 3 2 1 0 1 2 1
5.621882514856858e-05 1 0 3 3 2 1 0 2 2 2
0.0010458818694104408 1 0 3 3 2 2 0 0 0 1
-5.621882514856858e-05 1 0 3 3 2 2 0 1 1 1
-5.621882514856858e-05 1 0 3 3 2 2 0 2 1 2
0.0006199740669460449 1 1 0 0 0 0 0 0 1 1
0.0006199740669460449 1 1 0 0 0 0 0 0 2 2
0.0011100956569661583 1 1 0 0 0 1 1 0 0 0
0.0011100956569661583 1 1 0 0 0 2 2 0 0 0
0.0017868853607674626 1 1 0 0 0 3 0 0 1 1
0.0017868853607674626 1 1 0 0 0 3 0 0 2 2
4.3659977345037735e-05 1 1 0 0 0 3 0 1 3 1
4.3659977345037735e-05 1 1 0 0 0 3 0 2 3 2
0.0003691979604353978 1 1 0 0 0 3 0 3 1 1
0.0003691979604353978 1 1 0 0 0 3 0 3 2 2
0.00041542497813463515 1 1 0 0 0 3 3 0 1 1
0.00041542497813463515 1 1 0 0 0 3 3 0 2 2
0.002713653514831408 1 1 0 0 3 0 0 0 1 1
0.002713653514831408 1 1 0 0 3 0 0 0 2 2
5.357282514111036e-05 1 1 0 0 3 0 0 1 3 1
5.357282514111036e-05 1 1 0 0 3 0 0 2 3 2
0.0003309174091588157 1 1 0 0 3 0 0 3 1 1
0.0003309174091588157 1 1 0 0 3 0 0 3 2 2
0.0005407684711985075 1 1 0 0 3 0 3 0 1 1
0.0005407684711985074 1 1 0 0 3 0 3 0 2 2
-3.1544224417895124 1 1 0 0 3 3 0 0 1 1
-3.154422441789513 1 1 0 0 3 3 0 0 2 2
4.806762662547066e-05 1 1 0 0 3 3 0 1 0 1
0.0002882076350703941 1 1 0 0 3 3 0 1 3 1
4.806762662547066e-05 1 1 0 0 3 3 0 2 0 2
0.0002882076350703941 1 1 0 0 3 3 0 2 3 2
0.0023262182539098997 1 1 0 0 3 3 0 3 1 1
0.0023262182539098997 1 1 0 0 3 3 0 3 2 2
0.002728105567208384 1 1 0 0 3 3 3 0 1 1
0.002728105567208384 1 1 0 0 3 3 3 0 2 2
4.331767494259304e-05 1 1 0 0 3 3 3 1 3 1
4.331767494259304e-05 1 1 0 0 3 3 3 2 3 2
0.0003170531700073125 1 1 0 0 3 3 3 3 1 1
0.0003170531700073125 1 1 0 0 3 3 3 3 2 2
0.00014416859926232866 1 1 0 1 1 0 0 0 0 0
0.0015595538116349313 1 1 0 1 1 0 0 0 3 0
0.00022072149562558566 1 1 0 1 1 0 0 0 3 3
0.0001894435562840532 1 1 0 1 1 0 0 3 3 0
0.00014105286323225598 1 1 0 1 1 0 3 0 3 0
0.0013089413506919899 1 1 0 1 1 3 0 0 0 0
0.00014994555803486627 1 1 0 1 1 3 0 0 0 3
-1.8126750270429655 1 1 0 1 1 3 0 0 3 0
0.0010269343009741937 1 1 0 1 1 3 0 0 3 3
0.00018876419093122234 1 1 0 1 1 3 0 3 0 0
0.0013364447521463166 1 1 0 1 1 3 0 3 3 0
0.00019828881251961623 1 1 0 1 1 3 0 3 3 3
0.00020370517898370512 1 1 0 1 1 3 3 0 0 0
0.0015678594974003676 1 1 0 1 1 3 3 0 3 0
0.00016338531823045189 1 1 0 1 1 3 3 0 3 3
0.00018221245898688792 1 1 0 1 1 3 3 3 3 0
0.000498502084955473 1 1 0 1 2 0 0 1 2 0
-0.000498502084955473 1 1 0 1 2 0 0 2 1 0
0.0004533466942196264 1 1 0 1 2 1 1 1 0 2
-0.0004477957729637567 1 1 0 1 2 1 2 1 0 1
5.5509212558697565e-06 1 1 0 1 2 1 2 2 0 2
-5.5509212558697565e-06 1 1 0 1 2 2 1 1 0 1
0.0004477957729637567 1 1 0 1 2 2 1 2 0 2
-0.0004533466942196264 1 1 0 1 2 2 2 2 0 1
7.197035290851619e-05 1 1 0 1 2 3 0 1 2 0
-3.058701891036216e-06 1 1 0 1 2 3 0 1 2 3
-7.197035290851619e-05 1 1 0 1 2 3 0 2 1 0
3.058701891036216e-06 1 1 0 1 2 3 0 2 1 3
5.822369774213887e-06 1 1 0 2 1 0 0 1 2 0
-5.822369774213887e-06 1 1 0 2 1 0 0 2 1 0
3.5369436847598703e-06 1 1 0 2 1 3 0 1 2 0
3.058701891036216e-06 1 1 0 2 1 3 0 1 2 3
-3.5369436847598703e-06 1 1 0 2 1 3 0 2 1 0
-3.058701891036216e-06 1 1 0 2 1 3 0 2 1 3
-1.359855144185922e-06 1 1 0 2 1 3 3 1 2 0
1.359855144185922e-06 1 1 0 2 1 3 3 2 1 0
0.0002423338523705491 1 1 0 2 2 0 0 0 0 0
-0.03173407557683743 1 1 0 2 2 0 0 0 3 0
-0.004156981404730172 1 1 0 2 2 0 0 0 3 3
-0.003809507252408655 1 1 0 2 2 0 0 3 3 0
-0.003733871081874403 1 1 0 2 2 0 3 0 3 0
0.003869425400356562 1 1 0 2 2 1 1 0 2 2
-0.0001243268449534731 1 1 0 2 2 1 2 0 1 2
-0.0037450985554030886 1 1 0 2 2 1 2 0 2 1
-0.0037450985554030886 1 1 0 2 2 2 1 0 1 2
-0.0001243268449534731 1 1 0 2 2 2 1 0 2 1
0.003869425400356562 1 1 0 2 2 2 2 0 1 1
-0.026634569091887623 1 1 0 2 2 3 0 0 0 0
-0.004083158927784414 1 1 0 2 2 3 0 0 0 3
36.87572683799731 1 1 0 2 2 3 0 0 3 0
-0.02089623998635729 1 1 0 2 2 3 0 0 3 3
-0.003841006996053697 1 1 0 2 2 3 0 3 0 0
-0.0271942131476812 1 1 0 2 2 3 0 3 3 0
-0.0040348156732996614 1 1 0 2 2 3 0 3 3 3
-0.0037076912007732994 1 1 0 2 2 3 3 0 0 0
-0.03190308113331868 1 1 0 2 2 3 3 0 3 0
-0.000988777844231928 1 1 0 2 2 3 3 0 3 3
-0.0037076912007732977 1 1 0 2 2 3 3 3 3 0
7.845213861468406e-05 1 1 0 3 0 0 0 1 3 1
7.845213861468406e-05 1 1 0 3 0 0 0 2 3 2
0.0006138032011089408 1 1 0 3 0 3 0 0 1 1
0.0006138032011089408 1 1 0 3 0 3 0 0 2 2
4.6718679236073944e-05 1 1 0 3 0 3 0 1 0 1
0.0002261142610400167 1 1 0 3 0 3 0 1 3 1
4.6718679236073944e-05 1 1 0 3 0 3 0 2 0 2
0.0002261142610400167 1 1 0 3 0 3 0 2 3 2
5.256829229835648e-05 1 1 0 3 0 3 3 1 3 1
5.256829229835648e-05 1 1 0 3 0 3 3 2 3 2
0.00042914951491007463 1 1 0 3 3 0 0 0 1 1
0.00042914951491007463 1 1 0 3 3 0 0 0 2 2
4.187461998406276e-05 1 1 0 3 3 0 0 1 0 1
0.0003433884303362416 1 1 0 3 3 0 0 1 3 1
4.187461998406276e-05 1 1 0 3 3 0 0 2 0 2
0.0003433884303362416 1 1 0 3 3 0 0 2 3 2
6.842938329646006e-05 1 1 0 3 3 0 3 1 3 1
6.842938329646007e-05 1 1 0 3 3 0 3 2 3 2
0.0022775830308091756 1 1 0 3 3 3 0 0 1 1
0.0022775830308091756 1 1 0 3 3 3 0 0 2 2
0.00029436198485319984 1 1 0 3 3 3 0 1 0 1
-0.3991637712712234 1 1 0 3 3 3 0 1 3 1
0.00029436198485319984 1 1 0 3 3 3 0 2 0 2
-0.3991637712712234 1 1 0 3 3 3 0 2 3 2
0.0003455882464392552 1 1 0 3 3 3 0 3 1 1
0.0003455882464392552 1 1 0 3 3 3 0 3 2 2
0.0006630801158786122 1 1 0 3 3 3 3 0 1 1
0.0006630801158786122 1 1 0 3 3 3 3 0 2 2
4.012022529291276e-05 1 1 0 3 3 3 3 1 0 1
0.0003452172075009547 1 1 0 3 3 3 3 1 3 1
4.012022529291276e-05 1 1 0 3 3 3 3 2 0 2
0.0003452172075009547 1 1 0 3 3 3 3 2 3 2
-7.367684955640677e-07 1 1 1 0 1 0 0 1 1 0
-7.367684955640677e-07 1 1 1 0 1 0 0 2 2 0
2.5055020450067227e-05 1 1 1 0 1 0 0 3 3 0
2.513252922144394e-05 1 1 1 0 1 3 0 0 3 0
-4.4756839200704993e-07 1 1 1 0 1 3 0 1 1 0
-2.4171627242375017e-05 1 1 1 0 1 3 0 1 1 3
-4.4756839200704993e-07 1 1 1 0 1 3 0 2 2 0
-2.4171627242375017e-05 1 1 1 0 1 3 0 2 2 3
2.762476856764622e-05 1 1 1 0 1 3 0 3 0 0
0.0001691716915844918 1 1 1 0 1 3 0 3 3 0
2.68495199843873e-05 1 1 1 0 1 3 0 3 3 3
1.0746359998408562e-05 1 1 1 0 1 3 3 1 1 0
1.0746359998408562e-05 1 1 1 0 1 3 3 2 2 0
2.4894941339657694e-05 1 1 1 0 1 3 3 3 3 0
1.7578552924126187e-06 1 1 1 1 0 3 0 3 1 1
1.7578552924126187e-06 1 1 1 1 0 3 0 3 2 2
-1.0708793249110898e-05 1 1 1 1 3 0 0 3 1 1
-1.0708793249110898e-05 1 1 1 1 3 0 0 3 2 2
2.16827210807589e-06 1 1 1 1 3 3 0 0 1 1
2.16827210807589e-06 1 1 1 1 3 3 0 0 2 2
6.154349782805787e-06 1 1 1 1 3 3 0 3 1 1
6.154349782805787e-06 1 1 1 1 3 3 0 3 2 2
0.00028266845473539644 1 1 1 2 0 3 0 1 3 2
-0.00028266845473539644 1 1 1 2 0 3 0 2 3 1
1.2624501434662434e-06 1 1 1 2 3 0 0 1 3 2
-1.2624501434662434e-06 1 1 1 2 3 0 0 2 3 1
-1.7134937311165568e-05 1 1 1 2 3 3 0 1 0 2
-7.787775779433523e-07 1 1 1 2 3 3 0 1 3 2
1.7134937311165568e-05 1 1 1 2 3 3 0 2 0 1
7.787775779433523e-07 1 1 1 2 3 3 0 2 3 1
0.00032075885378137305 1 1 1 2 3 3 3 1 3 2
-0.00032075885378137305 1 1 1 2 3 3 3 2 3 1
2.3972377119684686e-05 1 1 1 3 1 0 0 0 3 0
1.8243238767916644e-05 1 1 1 3 1 0 0 3 0 0
0.00019734749940450376 1 1 1 3 1 0 0 3 3 0
2.793031885245903e-05 1 1 1 3 1 0 0 3 3 3
1.7848970413883533e-05 1 1 1 3 1 0 3 3 3 0
2.3886409548342804e-05 1 1 1 3 1 3 0 0 0 0
0.0001691150558324473 1 1 1 3 1 3 0 0 3 0
1.8974260909902246e-05 1 1 1 3 1 3 0 0 3 3
-9.847556679473166e-06 1 1 1 3 1 3 0 1 1 0
-9.847556679473166e-06 1 1 1 3 1 3 0 2 2 0
0.00016563474789973193 1 1 1 3 1 3 0 3 0 0
2.5091664691974683e-05 1 1 1 3 1 3 0 3 0 3
-0.22937771120888978 1 1 1 3 1 3 0 3 3 0
0.0001299492937262043 1 1 1 3 1 3 0 3 3 3
2.5777057122535164e-05 1 1 1 3 1 3 3 0 3 0
2.3057346834163335e-05 1 1 1 3 1 3 3 3 0 0
0.0001983985091897513 1 1 1 3 1 3 3 3 3 0
2.067494160934829e-05 1 1 1 3 1 3 3 3 3 3
0.0002330209582377476 1 1 2 0 2 0 0 1 1 0
0.0002330209582377476 1 1 2 0 2 0 0 2 2 0
-0.0005098239679899948 1 1 2 0 2 0 0 3 3 0
0.00034418518156512833 1 1 2 0 2 1 1 2 0 2
-8.116268138496941e-05 1 1 2 0 2 1 2 1 0 2
-0.00026302250018015886 1 1 2 0 2 1 2 2 0 1
-0.00026302250018015886 1 1 2 0 2 2 1 1 0 2
-8.116268138496941e-05 1 1 2 0 2 2 1 2 0 1
0.00034418518156512833 1 1 2 0 2 2 2 1 0 1
-0.0005114011301182818 1 1 2 0 2 3 0 0 3 0
9.107200451689248e-06 1 1 2 0 2 3 0 1 1 0
-2.4171627242375017e-05 1 1 2 0 2 3 0 1 1 3
9.107200451689248e-06 1 1 2 0 2 3 0 2 2 0
-2.4171627242375017e-05 1 1 2 0 2 3 0 2 2 3
-0.000562113655186615 1 1 2 0 2 3 0 3 0 0
-0.0034423353693552373 1 1 2 0 2 3 0 3 3 0
-0.0005463387605029979 1 1 2 0 2 3 0 3 3 3
-0.000506566650063476 1 1 2 0 2 3 3 3 3 0
-5.8769003708246423e-05 1 1 2 1 0 1 2 0 0 0
5.8769003708246464e-05 1 1 2 1 0 1 2 3 3 0
5.8769003708246423e-05 1 1 2 1 0 2 1 0 0 0
-5.8769003708246464e-05 1 1 2 1 0 2 1 3 3 0
1.3891586819478948e-05 1 1 2 1 0 3 0 1 3 2
-1.3891586819478948e-05 1 1 2 1 0 3 0 2 3 1
-7.048588770681981e-06 1 1 2 1 3 0 0 1 3 2
7.048588770681981e-06 1 1 2 1 3 0 0 2 3 1
1.7134937311165568e-05 1 1 2 1 3 3 0 1 0 2
7.787775779433523e-07 1 1 2 1 3 3 0 1 3 2
-1.7134937311165568e-05 1 1 2 1 3 3 0 2 0 1
-7.787775779433523e-07 1 1 2 1 3 3 0 2 3 1
0.0005852132304692163 1 1 2 2 0 1 1 2 2 0
-0.0005211015597574041 1 1 2 2 0 1 2 1 2 0
-6.411167071181223e-05 1 1 2 2 0 1 2 2 1 0
-6.411167071181223e-05 1 1 2 2 0 2 1 1 2 0
-0.0005211015597574041 1 1 2 2 0 2 1 2 1 0
0.0005852132304692163 1 1 2 2 0 2 2 1 1 0
-3.5769149026083075e-05 1 1 2 2 0 3 0 3 1 1
-3.5769149026083075e-05 1 1 2 2 0 3 0 3 2 2
-9.976609479131352e-06 1 1 2 2 3 0 0 3 1 1
-9.976609479131352e-06 1 1 2 2 3 0 0 3 2 2
2.16827210807589e-06 1 1 2 2 3 3 0 0 1 1
2.16827210807589e-06 1 1 2 2 3 3 0 0 2 2
6.154349782805787e-06 1 1 2 2 3 3 0 3 1 1
6.154349782805787e-06 1 1 2 2 3 3 0 3 2 2
-4.0589146224616935e-05 1 1 2 2 3 3 3 3 1 1
-4.0589146224616935e-05 1 1 2 2 3 3 3 3 2 2
-0.0004383502117058385 1 1 2 3 2 0 0 0 3 0
-1.3043478712438034e-05 1 1 2 3 2 0 0 3 0 0
-0.00401566166828003 1 1 2 3 2 0 0 3 3 0
-0.0005260285853390984 1 1 2 3 2 0 0 3 3 3
-0.0004724877818317907 1 1 2 3 2 0 3 3 3 0
0.0004533466942196264 1 1 2 3 2 1 1 3 2 2
-5.550921255869761e-06 1 1 2 3 2 1 2 3 1 2
-0.0004477957729637567 1 1 2 3 2 1 2 3 2 1
-0.0004477957729637567 1 1 2 3 2 2 1 3 1 2
-5.550921255869761e-06 1 1 2 3 2 2 1 3 2 1
0.0004533466942196264 1 1 2 3 2 2 2 3 1 1
-0.00048604486758411526 1 1 2 3 2 3 0 0 0 0
-0.0034411829350997963 1 1 2 3 2 3 0 0 3 0
-0.0005166870152589869 1 1 2 3 2 3 0 0 3 3
0.00020037981734402895 1 1 2 3 2 3 0 1 1 0
0.00020037981734402895 1 1 2 3 2 3 0 2 2 0
-0.003370365016446721 1 1 2 3 2 3 0 3 0 0
-0.0005105696114769149 1 1 2 3 2 3 0 3 0 3
4.6662913622539595 1 1 2 3 2 3 0 3 3 0
-0.002644231111166905 1 1 2 3 2 3 0 3 3 3
-0.0004691749534885391 1 1 2 3 2 3 3 0 3 0
-0.0004691749534885393 1 1 2 3 2 3 3 3 0 0
-0.004037047800459769 1 1 2 3 2 3 3 3 3 0
-0.00012512093752070212 1 1 2 3 2 3 3 3 3 3
0.00034502633319302283 1 1 3 0 0 3 0 0 1 1
0.00034502633319302283 1 1 3 0 0 3 0 0 2 2
0.00034578490172587634 1 1 3 0 3 0 0 0 1 1
0.00034578490172587634 1 1 3 0 3 0 0 0 2 2
0.0023254394763319577 1 1 3 0 3 3 0 0 1 1
0.0023254394763319577 1 1 3 0 3 3 0 0 2 2
4.156281030124297e-05 1 1 3 0 3 3 0 1 3 1
4.156281030124297e-05 1 1 3 0 3 3 0 2 3 2
0.00037985812106158606 1 1 3 0 3 3 0 3 1 1
0.00037985812106158606 1 1 3 0 3 3 0 3 2 2
0.0003423212620972387 1 1 3 0 3 3 3 0 1 1
0.0003423212620972387 1 1 3 0 3 3 3 0 2 2
0.00019799922857599594 1 1 3 1 1 0 0 0 3 0
0.00019861174761069553 1 1 3 1 1 3 0 0 0 0
0.0013368923205383243 1 1 3 1 1 3 0 0 3 0
0.00021218039933909512 1 1 3 1 1 3 0 0 3 3
0.0002183068609696417 1 1 3 1 1 3 0 3 3 0
0.00019673419107840552 1 1 3 1 1 3 3 0 3 0
2.5356262534166498e-05 1 1 3 1 2 3 0 1 2 0
-2.5356262534166498e-05 1 1 3 1 2 3 0 2 1 0
1.2461196731011337e-06 1 1 3 2 1 3 0 1 2 0
-1.2461196731011337e-06 1 1 3 2 1 3 0 2 1 0
-0.004028923168222809 1 1 3 2 2 0 0 0 3 0
-0.004041386813397726 1 1 3 2 2 3 0 0 0 0
-0.0272033203481329 1 1 3 2 2 3 0 0 3 0
-0.004317484128035057 1 1 3 2 2 3 0 0 3 3
-0.004442146448085781 1 1 3 2 2 3 0 3 3 0
-0.004003181962464745 1 1 3 2 2 3 3 0 3 0
7.767127107870813e-05 1 1 3 3 0 3 0 1 3 1
7.767127107870813e-05 1 1 3 3 0 3 0 2 3 2
4.448815113598911e-05 1 1 3 3 3 0 0 1 3 1
4.448815113598911e-05 1 1 3 3 3 0 0 2 3 2
0.0003284533091280896 1 1 3 3 3 3 0 0 1 1
0.0003284533091280896 1 1 3 3 3 3 0 0 2 2
4.373108240931886e-05 1 1 3 3 3 3 0 1 0 1
0.00029426343755944583 1 1 3 3 3 3 0 1 3 1
4.373108240931886e-05 1 1 3 3 3 3 0 2 0 2
0.00029426343755944583 1 1 3 3 3 3 0 2 3 2
8.390682116720993e-05 1 1 3 3 3 3 3 1 3 1
8.390682116720993e-05 1 1 3 3 3 3 3 2 3 2
-5.8769003708246464e-05 1 2 0 0 0 1 1 1 2 0
10.518310850222203 1 2 0 0 0 1 2 0 0 0
-0.005959216699852751 1 2 0 0 0 1 2 0 0 3
-0.007595680803311232 1 2 0 0 0 1 2 0 3 0
-0.0012181016145896306 1 2 0 0 0 1 2 0 3 3
5.8769003708246464e-05 1 2 0 0 0 1 2 1 1 0
-0.007755280817736592 1 2 0 0 0 1 2 3 0 0
-0.0011517339575851545 1 2 0 0 0 1 2 3 0 3
-0.0010953833345175227 1 2 0 0 0 1 2 3 3 0
-10.518310850222203 1 2 0 0 0 2 1 0 0 0
0.005959216699852751 1 2 0 0 0 2 1 0 0 3
0.007595680803311232 1 2 0 0 0 2 1 0 3 0
0.0012181016145896306 1 2 0 0 0 2 1 0 3 3
-5.8769003708246464e-05 1 2 0 0 0 2 1 2 2 0
0.007755280817736592 1 2 0 0 0 2 1 3 0 0
0.0011517339575851545 1 2 0 0 0 2 1 3 0 3
0.0010953833345175227 1 2 0 0 0 2 1 3 3 0
5.8769003708246464e-05 1 2 0 0 0 2 2 2 1 0
-0.005959216699852751 1 2 0 0 3 1 2 0 0 0
-0.0016961642143753148 1 2 0 0 3 1 2 0 0 3
-0.0012640130432121502 1 2 0 0 3 1 2 0 3 0
-0.0012317900691750285 1 2 0 0 3 1 2 3 0 0
0.005959216699852751 1 2 0 0 3 2 1 0 0 0
0.0016961642143753148 1 2 0 0 3 2 1 0 0 3
0.0012640130432121502 1 2 0 0 3 2 1 0 3 0
0.0012317900691750285 1 2 0 0 3 2 1 3 0 0
0.00043721723963648096 1 2 0 0 3 3 0 0 1 2
-0.00043721723963648096 1 2 0 0 3 3 0 0 2 1
-0.0005043244547296869 1 2 0 1 1 0 0 1 2 0
0.0005043244547296869 1 2 0 1 1 0 0 2 1 0
-0.00044779577296375666 1 2 0 1 1 1 1 1 0 2
0.0004434047589653591 1 2 0 1 1 1 2 1 0 1
-4.391013998397585e-06 1 2 0 1 1 1 2 2 0 2
4.391013998397585e-06 1 2 0 1 1 2 1 1 0 1
-0.0004434047589653591 1 2 0 1 1 2 1 2 0 2
0.00044779577296375666 1 2 0 1 1 2 2 2 0 1
-7.550729659327606e-05 1 2 0 1 1 3 0 1 2 0
7.550729659327606e-05 1 2 0 1 1 3 0 2 1 0
1.359855144185922e-06 1 2 0 1 1 3 3 1 2 0
-1.359855144185922e-06 1 2 0 1 1 3 3 2 1 0
-0.0001243268449534731 1 2 0 1 2 1 1 0 2 2
0.00017023827357599293 1 2 0 1 2 1 2 0 1 2
-4.591142862251984e-05 1 2 0 1 2 1 2 0 2 1
-4.591142862251984e-05 1 2 0 1 2 2 1 0 1 2
0.00017023827357599293 1 2 0 1 2 2 1 0 2 1
-0.0001243268449534731 1 2 0 1 2 2 2 0 1 1
-6.346132357474806e-05 1 2 0 1 2 3 0 0 3 0
-9.816525310822046e-05 1 2 0 2 1 0 0 0 0 0
0.033293629388472364 1 2 0 2 1 0 0 0 3 0
0.004377702900355758 1 2 0 2 1 0 0 0 3 3
0.003998950808692708 1 2 0 2 1 0 0 3 3 0
0.003874923945106659 1 2 0 2 1 0 3 0 3 0
-0.0037450985554030886 1 2 0 2 1 1 1 0 2 2
-4.591142862251984e-05 1 2 0 2 1 1 2 0 1 2
0.003791009984025609 1 2 0 2 1 1 2 0 2 1
0.003791009984025609 1 2 0 2 1 2 1 0 1 2
-4.591142862251984e-05 1 2 0 2 1 2 1 0 2 1
-0.0037450985554030886 1 2 0 2 1 2 2 0 1 1
0.027943510442579613 1 2 0 2 1 3 0 0 0 0
0.00423310448581928 1 2 0 2 1 3 0 0 0 3
-38.68833840371671 1 2 0 2 1 3 0 0 3 0
0.021923174287331485 1 2 0 2 1 3 0 0 3 3
0.0040297711869849194 1 2 0 2 1 3 0 3 0 0
0.028530657899827512 1 2 0 2 1 3 0 3 3 0
0.004233104485819278 1 2 0 2 1 3 0 3 3 3
0.003911396379757005 1 2 0 2 1 3 3 0 0 0
0.033470940630719044 1 2 0 2 1 3 3 0 3 0
0.0011521631624623794 1 2 0 2 1 3 3 0 3 3
0.0038899036597601854 1 2 0 2 1 3 3 3 3 0
5.550921255869761e-06 1 2 0 2 2 1 1 1 0 2
-4.391013998397589e-06 1 2 0 2 2 1 2 1 0 1
1.1599072574721722e-06 1 2 0 2 2 1 2 2 0 2
-1.1599072574721722e-06 1 2 0 2 2 2 1 1 0 1
4.391013998397589e-06 1 2 0 2 2 2 1 2 0 2
-5.550921255869761e-06 1 2 0 2 2 2 2 2 0 1
-0.007595680803311232 1 2 0 3 0 1 2 0 0 0
-0.0012640130432121502 1 2 0 3 0 1 2 0 0 3
-0.0017879186193770881 1 2 0 3 0 1 2 0 3 0
-2.0524598168222456e-05 1 2 0 3 0 1 2 1 1 0
8.53489579112879e-06 1 2 0 3 0 1 2 1 1 3
-2.0524598168222456e-05 1 2 0 3 0 1 2 2 2 0
8.534895791128798e-06 1 2 0 3 0 1 2 2 2 3
-0.0011525279095515762 1 2 0 3 0 1 2 3 0 0
0.007595680803311232 1 2 0 3 0 2 1 0 0 0
0.0012640130432121502 1 2 0 3 0 2 1 0 0 3
0.0017879186193770881 1 2 0 3 0 2 1 0 3 0
2.0524598168222456e-05 1 2 0 3 0 2 1 1 1 0
-8.534895791128798e-06 1 2 0 3 0 2 1 1 1 3
2.0524598168222456e-05 1 2 0 3 0 2 1 2 2 0
-8.53489579112879e-06 1 2 0 3 0 2 1 2 2 3
0.0011525279095515762 1 2 0 3 0 2 1 3 0 0
-0.0012181016145896306 1 2 0 3 3 1 2 0 0 0
4.1438817927312015e-06 1 2 0 3 3 1 2 1 1 0
4.14388179273121e-06 1 2 0 3 3 1 2 2 2 0
0.0012181016145896306 1 2 0 3 3 2 1 0 0 0
-4.14388179273121e-06 1 2 0 3 3 2 1 1 1 0
-4.1438817927312015e-06 1 2 0 3 3 2 1 2 2 0
5.5325906868417054e-05 1 2 0 3 3 3 0 1 3 2
-5.5325906868417054e-05 1 2 0 3 3 3 0 2 3 1
-8.116268138496941e-05 1 2 1 0 2 1 1 2 0 2
0.00016121879297484375 1 2 1 0 2 1 2 1 0 2
-8.005611158987437e-05 1 2 1 0 2 1 2 2 0 1
-8.005611158987437e-05 1 2 1 0 2 2 1 1 0 2
0.00016121879297484375 1 2 1 0 2 2 1 2 0 1
-8.116268138496941e-05 1 2 1 0 2 2 2 1 0 1
5.8769003708246423e-05 1 2 1 1 0 1 2 0 0 0
-2.0524598168222462e-05 1 2 1 1 0 1 2 3 0 0
4.14388179273121e-06 1 2 1 1 0 1 2 3 0 3
-5.8769003708246423e-05 1 2 1 1 0 2 1 0 0 0
2.0524598168222462e-05 1 2 1 1 0 2 1 3 0 0
-4.14388179273121e-06 1 2 1 1 0 2 1 3 0 3
8.534895791128798e-06 1 2 1 1 3 1 2 3 0 0
-8.534895791128798e-06 1 2 1 1 3 2 1 3 0 0
-0.0005211015597574041 1 2 1 2 0 1 1 2 2 0
0.0005782461347914575 1 2 1 2 0 1 2 1 2 0
-5.714457503405341e-05 1 2 1 2 0 1 2 2 1 0
-5.714457503405341e-05 1 2 1 2 0 2 1 1 2 0
0.0005782461347914575 1 2 1 2 0 2 1 2 1 0
-0.0005211015597574041 1 2 1 2 0 2 2 1 1 0
-5.5509212558697565e-06 1 2 1 3 2 1 1 3 2 2
1.1599072574721722e-06 1 2 1 3 2 1 2 3 1 2
4.391013998397585e-06 1 2 1 3 2 1 2 3 2 1
4.391013998397585e-06 1 2 1 3 2 2 1 3 1 2
1.1599072574721722e-06 1 2 1 3 2 2 1 3 2 1
-5.5509212558697565e-06 1 2 1 3 2 2 2 3 1 1
-8.030459367893024e-06 1 2 1 3 2 3 0 3 3 0
-0.00023375772673331168 1 2 2 0 1 0 0 1 1 0
-0.00023375772673331168 1 2 2 0 1 0 0 2 2 0
0.0005348789884400619 1 2 2 0 1 0 0 3 3 0
-0.00026302250018015886 1 2 2 0 1 1 1 2 0 2
-8.005611158987437e-05 1 2 2 0 1 1 2 1 0 2
0.0003430786117700332 1 2 2 0 1 1 2 2 0 1
0.0003430786117700332 1 2 2 0 1 2 1 1 0 2
-8.005611158987437e-05 1 2 2 0 1 2 1 2 0 1
-0.00026302250018015886 1 2 2 0 1 2 2 1 0 1
0.0005365336593397257 1 2 2 0 1 3 0 0 3 0
-9.554768843696298e-06 1 2 2 0 1 3 0 1 1 0
-9.554768843696298e-06 1 2 2 0 1 3 0 2 2 0
0.0005897384237542612 1 2 2 0 1 3 0 3 0 0
0.003611507060939729 1 2 2 0 1 3 0 3 3 0
0.0005731882804873851 1 2 2 0 1 3 0 3 3 3
1.0746359998408562e-05 1 2 2 0 1 3 3 1 1 0
1.0746359998408562e-05 1 2 2 0 1 3 3 2 2 0
0.0005314615914031336 1 2 2 0 1 3 3 3 3 0
-6.411167071181223e-05 1 2 2 1 0 1 1 2 2 0
-5.714457503405341e-05 1 2 2 1 0 1 2 1 2 0
0.00012125624574586564 1 2 2 1 0 1 2 2 1 0
0.00012125624574586564 1 2 2 1 0 2 1 1 2 0
-5.714457503405341e-05 1 2 2 1 0 2 1 2 1 0
-6.411167071181223e-05 1 2 2 1 0 2 2 1 1 0
3.752700431849569e-05 1 2 2 1 0 3 0 3 1 1
3.752700431849569e-05 1 2 2 1 0 3 0 3 2 2
-7.321837699795464e-07 1 2 2 1 3 0 0 3 1 1
-7.321837699795464e-07 1 2 2 1 3 0 0 3 2 2
4.0589146224616935e-05 1 2 2 1 3 3 3 3 1 1
4.0589146224616935e-05 1 2 2 1 3 3 3 3 2 2
-2.0524598168222462e-05 1 2 2 2 0 1 2 3 0 0
4.1438817927312015e-06 1 2 2 2 0 1 2 3 0 3
5.8769003708246464e-05 1 2 2 2 0 1 2 3 3 0
2.0524598168222462e-05 1 2 2 2 0 2 1 3 0 0
-4.1438817927312015e-06 1 2 2 2 0 2 1 3 0 3
-5.8769003708246464e-05 1 2 2 2 0 2 1 3 3 0
0.0002965600415548754 1 2 2 2 0 3 0 1 3 2
-0.0002965600415548754 1 2 2 2 0 3 0 2 3 1
-5.786138627215738e-06 1 2 2 2 3 0 0 1 3 2
5.786138627215738e-06 1 2 2 2 3 0 0 2 3 1
8.53489579112879e-06 1 2 2 2 3 1 2 3 0 0
-8.53489579112879e-06 1 2 2 2 3 2 1 3 0 0
0.00032075885378137305 1 2 2 2 3 3 3 1 3 2
-0.00032075885378137305 1 2 2 2 3 3 3 2 3 1
0.0004623225888255232 1 2 2 3 1 0 0 0 3 0
3.128671748035464e-05 1 2 2 3 1 0 0 3 0 0
0.004213009167684533 1 2 2 3 1 0 0 3 3 0
0.0005539589041915573 1 2 2 3 1 0 0 3 3 3
0.0004903367522456744 1 2 2 3 1 0 3 3 3 0
-0.00044779577296375666 1 2 2 3 1 1 1 3 2 2
4.391013998397589e-06 1 2 2 3 1 1 2 3 1 2
0.0004434047589653591 1 2 2 3 1 1 2 3 2 1
0.0004434047589653591 1 2 2 3 1 2 1 3 1 2
4.391013998397589e-06 1 2 2 3 1 2 1 3 2 1
-0.00044779577296375666 1 2 2 3 1 2 2 3 1 1
0.0005099312771324581 1 2 2 3 1 3 0 0 0 0
0.0036102979909322435 1 2 2 3 1 3 0 0 3 0
0.0005356612761688892 1 2 2 3 1 3 0 0 3 3
-0.00021022737402350212 1 2 2 3 1 3 0 1 1 0
-0.00021022737402350212 1 2 2 3 1 3 0 2 2 0
0.0035359997643464526 1 2 2 3 1 3 0 3 0 0
0.0005356612761688895 1 2 2 3 1 3 0 3 0 3
-4.895661043003481 1 2 2 3 1 3 0 3 3 0
0.0027741804048931093 1 2 2 3 1 3 0 3 3 3
0.0004949520106110744 1 2 2 3 1 3 3 0 3 0
0.0004922323003227027 1 2 2 3 1 3 3 3 0 0
0.004235446309649521 1 2 2 3 1 3 3 3 3 0
0.00014579587913005038 1 2 2 3 1 3 3 3 3 3
-0.007755280817736596 1 2 3 0 0 1 2 0 0 0
-0.0012317900691750285 1 2 3 0 0 1 2 0 0 3
-0.0011525279095515762 1 2 3 0 0 1 2 0 3 0
-0.0013309287303314942 1 2 3 0 0 1 2 3 0 0
0.007755280817736596 1 2 3 0 0 2 1 0 0 0
0.0012317900691750285 1 2 3 0 0 2 1 0 0 3
0.0011525279095515762 1 2 3 0 0 2 1 0 3 0
0.0013309287303314942 1 2 3 0 0 2 1 3 0 0
-0.0011517339575851545 1 2 3 0 3 1 2 0 0 0
0.0011517339575851545 1 2 3 0 3 2 1 0 0 0
-2.660238220726763e-05 1 2 3 1 1 3 0 1 2 0
2.660238220726763e-05 1 2 3 1 1 3 0 2 1 0
0.004226922396798804 1 2 3 2 1 0 0 0 3 0
0.004239998561008422 1 2 3 2 1 3 0 0 0 0
0.02854021266867122 1 2 3 2 1 3 0 0 3 0
0.004529664527374152 1 2 3 2 1 3 0 0 3 3
0.004660453309055422 1 2 3 2 1 3 0 3 3 0
0.00419991615354315 1 2 3 2 1 3 3 0 3 0
5.8769003708246423e-05 1 2 3 3 0 1 1 1 2 0
-0.0010953833345175227 1 2 3 3 0 1 2 0 0 0
5.8769003708246423e-05 1 2 3 3 0 1 2 2 2 0
0.0010953833345175227 1 2 3 3 0 2 1 0 0 0
-5.8769003708246423e-05 1 2 3 3 0 2 1 1 1 0
-5.8769003708246423e-05 1 2 3 3 0 2 2 2 1 0
-0.0011540997031964772 1 3 0 0 1 0 1 0 1 0
-0.00039925257132045926 1 3 0 0 1 0 1 0 1 3
-3.4340174465257006e-05 1 3 0 0 1 0 1 1 3 0
-0.00014073708437919847 1 3 0 0 1 0 1 3 1 0
-0.0011540997031964772 1 3 0 0 1 0 2 0 2 0
-0.00039925257132045926 1 3 0 0 1 0 2 0 2 3
-3.4340174465257006e-05 1 3 0 0 1 0 2 2 3 0
-0.00014073708437919847 1 3 0 0 1 0 2 3 2 0
1.3419235398529106 1 3 0 0 1 3 1 0 1 0
-0.0007599510597932693 1 3 0 0 1 3 1 0 1 3
-2.0442858057824428e-05 1 3 0 0 1 3 1 1 0 0
-0.0001225728871706621 1 3 0 0 1 3 1 1 3 0
-1.9869159251686632e-05 1 3 0 0 1 3 1 1 3 3
-0.000989325933371577 1 3 0 0 1 3 1 3 1 0
-0.0001467375206734067 1 3 0 0 1 3 1 3 1 3
1.3419235398529104 1 3 0 0 1 3 2 0 2 0
-0.0007599510597932693 1 3 0 0 1 3 2 0 2 3
-2.0442858057824428e-05 1 3 0 0 1 3 2 2 0 0
-0.0001225728871706621 1 3 0 0 1 3 2 2 3 0
-1.9869159251686632e-05 1 3 0 0 1 3 2 2 3 3
-0.000989325933371577 1 3 0 0 1 3 2 3 2 0
-0.0001467375206734067 1 3 0 0 1 3 2 3 2 3
-0.008687006863030939 1 3 0 0 2 1 0 0 0 2
-0.0011670404533209151 1 3 0 0 2 1 0 0 3 2
-0.0010912740472539442 1 3 0 0 2 1 0 3 0 2
-0.0015153241733909782 1 3 0 0 2 1 3 0 0 2
0.008687006863030939 1 3 0 0 2 2 0 0 0 1
0.0011670404533209151 1 3 0 0 2 2 0 0 3 1
0.0010912740472539442 1 3 0 0 2 2 0 3 0 1
0.0015153241733909782 1 3 0 0 2 2 3 0 0 1
0.0003245534568493664 1 3 0 0 2 3 1 0 2 0
-0.0003245534568493664 1 3 0 0 2 3 2 0 1 0
-0.006345079225814466 1 3 0 1 0 1 0 1 0 0
-0.0008755242712179033 1 3 0 1 0 1 0 1 0 3
-0.000796177228181972 1 3 0 1 0 1 0 1 3 0
-0.0008826981394198124 1 3 0 1 0 1 3 1 0 0
-0.006345079225814466 1 3 0 1 0 2 0 2 0 0
-0.0008755242712179033 1 3 0 1 0 2 0 2 0 3
-0.000796177228181972 1 3 0 1 0 2 0 2 3 0
-0.0008826981394198124 1 3 0 1 0 2 3 2 0 0
-1.3008465986235964e-06 1 3 0 1 0 3 1 1 1 1
-1.3008465986235964e-06 1 3 0 1 0 3 1 1 2 2
-1.3008465986235964e-06 1 3 0 1 0 3 2 2 1 1
-1.3008465986235964e-06 1 3 0 1 0 3 2 2 2 2
9.89411907936701e-07 1 3 0 1 3 0 1 1 1 1
0.000487793291706362 1 3 0 1 3 0 1 1 2 2
-0.00048680387979842536 1 3 0 1 3 0 1 2 1 2
-0.00048680387979842536 1 3 0 1 3 0 2 1 2 1
0.000487793291706362 1 3 0 1 3 0 2 2 1 1
9.89411907936701e-07 1 3 0 1 3 0 2 2 2 2
-0.0004277284982541467 1 3 0 1 3 1 0 1 0 0
-0.0004277284982541467 1 3 0 1 3 2 0 2 0 0
-0.00017612510636186426 1 3 0 1 3 3 1 0 3 1
7.812470269132197e-05 1 3 0 1 3 3 1 1 2 2
-7.812470269132197e-05 1 3 0 1 3 3 1 2 1 2
-0.00017612510636186426 1 3 0 1 3 3 2 0 3 2
-7.812470269132197e-05 1 3 0 1 3 3 2 1 2 1
7.812470269132197e-05 1 3 0 1 3 3 2 2 1 1
-0.004776955471676217 1 3 0 2 0 0 1 0 3 2
0.004776955471676217 1 3 0 2 0 0 2 0 3 1
-0.056261472421256384 1 3 0 2 0 1 0 0 2 0
-0.007762911291044587 1 3 0 2 0 1 0 0 2 3
-0.007059660182579123 1 3 0 2 0 1 0 3 2 0
-0.007911104834074676 1 3 0 2 0 1 3 0 2 0
0.056261472421256384 1 3 0 2 0 2 0 0 1 0
0.007762911291044587 1 3 0 2 0 2 0 0 1 3
0.007059660182579123 1 3 0 2 0 2 0 3 1 0
0.007911104834074676 1 3 0 2 0 2 3 0 1 0
-0.004696962128893354 1 3 0 2 0 3 1 0 0 2
-0.022683125347124754 1 3 0 2 0 3 1 0 3 2
-0.004686682088470455 1 3 0 2 0 3 1 3 3 2
0.004696962128893354 1 3 0 2 0 3 2 0 0 1
0.022683125347124754 1 3 0 2 0 3 2 0 3 1
0.004686682088470455 1 3 0 2 0 3 2 3 3 1
-0.00018681566253952574 1 3 0 2 3 0 1 0 0 2
-0.034447729091668836 1 3 0 2 3 0 1 0 3 2
-0.004141687111710937 1 3 0 2 3 0 1 3 3 2
0.00018681566253952574 1 3 0 2 3 0 2 0 0 1
0.034447729091668836 1 3 0 2 3 0 2 0 3 1
0.004141687111710937 1 3 0 2 3 0 2 3 3 1
-0.004017812735641498 1 3 0 2 3 1 0 0 2 0
0.004017812735641498 1 3 0 2 3 2 0 0 1 0
-0.028912152122696797 1 3 0 2 3 3 1 0 0 2
40.02982472632994 1 3 0 2 3 3 1 0 3 2
-0.004169460305181787 1 3 0 2 3 3 1 3 0 2
-0.029519652624013154 1 3 0 2 3 3 1 3 3 2
0.028912152122696797 1 3 0 2 3 3 2 0 0 1
-40.02982472632994 1 3 0 2 3 3 2 0 3 1
0.004169460305181787 1 3 0 2 3 3 2 3 0 1
0.029519652624013154 1 3 0 2 3 3 2 3 3 1
-0.000284980915647746 1 3 0 3 1 0 1 0 1 0
-1.7809011441932225e-05 1 3 0 3 1 0 1 1 0 0
-0.00014604093093173776 1 3 0 3 1 0 1 1 3 0
-5.0521819762225034e-05 1 3 0 3 1 0 1 1 3 3
-0.000284980915647746 1 3 0 3 1 0 2 0 2 0
-1.7809011441932225e-05 1 3 0 3 1 0 2 2 0 0
-0.00014604093093173776 1 3 0 3 1 0 2 2 3 0
-5.052181976222504e-05 1 3 0 3 1 0 2 2 3 3
-0.0009686416801171861 1 3 0 3 1 3 1 0 1 0
-0.0004638576430740746 1 3 0 3 1 3 1 0 1 3
-0.000125190293268708 1 3 0 3 1 3 1 1 0 0
-1.856831265306304e-05 1 3 0 3 1 3 1 1 0 3
0.16980834710947712 1 3 0 3 1 3 1 1 3 0
-9.616496731381234e-05 1 3 0 3 1 3 1 1 3 3
-0.00014697649882855973 1 3 0 3 1 3 1 3 1 0
-0.0009686416801171861 1 3 0 3 1 3 2 0 2 0
-0.0004638576430740746 1 3 0 3 1 3 2 0 2 3
-0.000125190293268708 1 3 0 3 1 3 2 2 0 0
-1.856831265306304e-05 1 3 0 3 1 3 2 2 0 3
0.16980834710947715 1 3 0 3 1 3 2 2 3 0
-9.616496731381234e-05 1 3 0 3 1 3 2 2 3 3
-0.00014697649882855973 1 3 0 3 1 3 2 3 2 0
-0.001042713608367442 1 3 0 3 2 1 0 0 0 2
9.743577059023392e-06 1 3 0 3 2 1 0 1 1 2
9.7435770590234e-06 1 3 0 3 2 1 0 2 2 2
0.001042713608367442 1 3 0 3 2 2 0 0 0 1
-9.7435770590234e-06 1 3 0 3 2 2 0 1 1 1
-9.743577059023392e-06 1 3 0 3 2 2 0 2 2 1
4.106931909272455e-05 1 3 0 3 2 3 1 2 3 0
-4.106931909272455e-05 1 3 0 3 2 3 2 1 3 0
1.7520574931261492e-05 1 3 1 1 1 0 1 3 1 0
1.7520574931261492e-05 1 3 1 1 1 0 2 3 2 0
-9.221524349747557e-07 1 3 1 1 1 3 1 0 1 0
-2.617406098045917e-06 1 3 1 1 1 3 1 3 1 0
-9.221524349747557e-07 1 3 1 1 1 3 2 0 2 0
-2.617406098045917e-06 1 3 1 1 1 3 2 3 2 0
4.192655803153641e-06 1 3 1 1 2 1 0 3 0 2
-4.192655803153641e-06 1 3 1 1 2 2 0 3 0 1
1.9992186390303117e-06 1 3 1 2 1 0 1 2 3 0
-1.9992186390303117e-06 1 3 1 2 1 0 2 1 3 0
-7.287380631692407e-06 1 3 1 2 1 3 1 2 0 0
-3.31209185936302e-07 1 3 1 2 1 3 1 2 3 0
0.0003068400819777715 1 3 1 2 1 3 1 2 3 3
7.287380631692407e-06 1 3 1 2 1 3 2 1 0 0
3.31209185936302e-07 1 3 1 2 1 3 2 1 3 0
-0.0003068400819777715 1 3 1 2 1 3 2 1 3 3
-2.2287047143585434e-05 1 3 1 3 3 3 1 3 3 1
-2.2287047143585434e-05 1 3 1 3 3 3 2 3 3 2
-0.006921907881666135 1 3 2 0 0 1 0 2 0 0
-0.0009548030313422049 1 3 2 0 0 1 0 2 0 3
-0.000868557386728056 1 3 2 0 0 1 0 2 3 0
-0.0007374082244737257 1 3 2 0 0 1 0 3 2 0
-0.0010472123169107694 1 3 2 0 0 1 3 2 0 0
0.006921907881666135 1 3 2 0 0 2 0 1 0 0
0.0009548030313422049 1 3 2 0 0 2 0 1 0 3
0.000868557386728056 1 3 2 0 0 2 0 1 3 0
0.0007374082244737257 1 3 2 0 0 2 0 3 1 0
0.0010472123169107694 1 3 2 0 0 2 3 1 0 0
-1.0280040422896077e-05 1 3 2 0 0 3 1 1 1 2
1.0280040422896077e-05 1 3 2 0 0 3 1 2 1 1
-0.0005542295888219525 1 3 2 0 0 3 1 3 3 2
-1.0280040422896077e-05 1 3 2 0 0 3 2 1 2 2
1.0280040422896077e-05 1 3 2 0 0 3 2 2 2 1
0.0005542295888219525 1 3 2 0 0 3 2 3 3 1
0.00022597236946706562 1 3 2 0 3 0 1 1 1 2
-7.818903796378655e-06 1 3 2 0 3 0 1 2 1 1
0.00021815346567068697 1 3 2 0 3 0 1 2 2 2
-0.0005534201836519736 1 3 2 0 3 0 1 3 3 2
-0.00021815346567068697 1 3 2 0 3 0 2 1 1 1
7.818903796378655e-06 1 3 2 0 3 0 2 1 2 2
-0.00022597236946706562 1 3 2 0 3 0 2 2 2 1
0.0005534201836519736 1 3 2 0 3 0 2 3 3 1
-0.0006917805311620461 1 3 2 0 3 1 0 2 0 0
0.0006917805311620461 1 3 2 0 3 2 0 1 0 0
-0.0005551322125276005 1 3 2 0 3 3 1 0 3 2
9.885978029632599e-06 1 3 2 0 3 3 1 1 1 2
9.885978029632599e-06 1 3 2 0 3 3 1 2 2 2
-0.0006101812818120855 1 3 2 0 3 3 1 3 0 2
-0.003736697354208436 1 3 2 0 3 3 1 3 3 2
0.0005551322125276005 1 3 2 0 3 3 2 0 3 1
-9.885978029632599e-06 1 3 2 0 3 3 2 1 1 1
-9.885978029632599e-06 1 3 2 0 3 3 2 2 2 1
0.0006101812818120855 1 3 2 0 3 3 2 3 0 1
0.003736697354208436 1 3 2 0 3 3 2 3 3 1
-1.5604261062624702e-05 1 3 2 1 1 0 1 2 3 0
1.5604261062624702e-05 1 3 2 1 1 0 2 1 3 0
7.287380631692407e-06 1 3 2 1 1 3 1 2 0 0
3.31209185936302e-07 1 3 2 1 1 3 1 2 3 0
-7.287380631692407e-06 1 3 2 1 1 3 2 1 0 0
-3.31209185936302e-07 1 3 2 1 1 3 2 1 3 0
1.7215956779162542e-06 1 3 2 1 2 0 1 3 1 0
1.7215956779162542e-06 1 3 2 1 2 0 2 3 2 0
-3.8827850917119284e-05 1 3 2 1 2 3 1 3 1 3
-3.8827850917119284e-05 1 3 2 1 2 3 2 3 2 3
1.579897925334524e-05 1 3 2 2 1 0 1 3 1 0
1.579897925334524e-05 1 3 2 2 1 0 2 3 2 0
-9.221524349747557e-07 1 3 2 2 1 3 1 0 1 0
-2.617406098045917e-06 1 3 2 2 1 3 1 3 1 0
3.8827850917119284e-05 1 3 2 2 1 3 1 3 1 3
-9.221524349747557e-07 1 3 2 2 1 3 2 0 2 0
-2.617406098045917e-06 1 3 2 2 1 3 2 3 2 0
3.8827850917119284e-05 1 3 2 2 1 3 2 3 2 3
-1.3605042423594388e-05 1 3 2 2 2 0 1 2 3 0
1.3605042423594388e-05 1 3 2 2 2 0 2 1 3 0
4.1926558031536335e-06 1 3 2 2 2 1 0 3 0 2
-4.1926558031536335e-06 1 3 2 2 2 2 0 3 0 1
0.0003068400819777715 1 3 2 2 2 3 1 2 3 3
-0.0003068400819777715 1 3 2 2 2 3 2 1 3 3
-0.0006044807239537824 1 3 2 3 0 0 1 3 3 2
0.0006044807239537824 1 3 2 3 0 0 2 3 3 1
-0.0007961772281819717 1 3 2 3 0 1 0 0 2 0
-0.0008044457160162438 1 3 2 3 0 1 0 2 0 0
-0.006345079225814466 1 3 2 3 0 1 0 3 2 0
-0.0008755242712179033 1 3 2 3 0 1 0 3 2 3
-0.0008826981394198124 1 3 2 3 0 1 3 3 2 0
0.0007961772281819717 1 3 2 3 0 2 0 0 1 0
0.0008044457160162438 1 3 2 3 0 2 0 1 0 0
0.006345079225814466 1 3 2 3 0 2 0 3 1 0
0.0008755242712179033 1 3 2 3 0 2 0 3 1 3
0.0008826981394198124 1 3 2 3 0 2 3 3 1 0
-0.000594358286337695 1 3 2 3 0 3 1 0 3 2
-0.0005930574397390717 1 3 2 3 0 3 1 3 0 2
-0.0028703453722069214 1 3 2 3 0 3 1 3 3 2
0.000594358286337695 1 3 2 3 0 3 2 0 3 1
0.0005930574397390717 1 3 2 3 0 3 2 3 0 1
0.0028703453722069214 1 3 2 3 0 3 2 3 3 1
-0.00048283836284182747 1 3 2 3 3 0 1 0 3 2
-6.489470817563211e-05 1 3 2 3 3 0 1 3 0 2
-0.00435905009861627 1 3 2 3 3 0 1 3 3 2
0.0004828383628418275 1 3 2 3 3 0 2 0 3 1
6.489470817563211e-05 1 3 2 3 3 0 2 3 0 1
0.00435905009861627 1 3 2 3 3 0 2 3 3 1
-0.0004277284982541467 1 3 2 3 3 1 0 3 2 0
0.0004277284982541467 1 3 2 3 3 2 0 3 1 0
-0.0005276076778853581 1 3 2 3 3 3 1 0 0 2
-0.0037354463726592415 1 3 2 3 3 3 1 0 3 2
0.00021751475465519451 1 3 2 3 3 3 1 1 1 2
0.00021751475465519451 1 3 2 3 3 3 1 2 2 2
-0.0036585726515171143 1 3 2 3 3 3 1 3 0 2
5.065414064206087 1 3 2 3 3 3 1 3 3 2
0.0005276076778853581 1 3 2 3 3 3 2 0 0 1
0.0037354463726592415 1 3 2 3 3 3 2 0 3 1
-0.00021751475465519451 1 3 2 3 3 3 2 1 1 1
-0.00021751475465519451 1 3 2 3 3 3 2 2 2 1
0.0036585726515171143 1 3 2 3 3 3 2 3 0 1
-5.065414064206088 1 3 2 3 3 3 2 3 3 1
-0.00014852244164544455 1 3 3 0 1 0 1 0 1 0
-0.00014852244164544455 1 3 3 0 1 0 2 0 2 0
-0.0009889947241856411 1 3 3 0 1 3 1 0 1 0
-0.00015701756109630277 1 3 3 0 1 3 1 0 1 3
-1.7676400752900152e-05 1 3 3 0 1 3 1 1 3 0
-0.0001615512600919444 1 3 3 0 1 3 1 3 1 0
-0.0009889947241856411 1 3 3 0 1 3 2 0 2 0
-0.00015701756109630277 1 3 3 0 1 3 2 0 2 3
-1.7676400752900152e-05 1 3 3 0 1 3 2 2 3 0
-0.0001615512600919444 1 3 3 0 1 3 2 3 2 0
-0.0010101113658689748 1 3 3 0 2 1 0 0 0 2
0.0010101113658689748 1 3 3 0 2 2 0 0 0 1
-0.0007374082244737253 1 3 3 1 0 1 0 1 0 0
-0.0007374082244737253 1 3 3 1 0 2 0 2 0 0
2.752453464224238e-05 1 3 3 1 3 3 1 1 2 2
-2.752453464224238e-05 1 3 3 1 3 3 1 2 1 2
-2.752453464224238e-05 1 3 3 1 3 3 2 1 2 1
2.752453464224238e-05 1 3 3 1 3 3 2 2 1 1
-0.006538558622821719 1 3 3 2 0 1 0 0 2 0
0.006538558622821719 1 3 3 2 0 2 0 0 1 0
-0.004379842006492684 1 3 3 2 0 3 1 0 3 2
0.004379842006492684 1 3 3 2 0 3 2 0 3 1
-0.0043734456198052185 1 3 3 2 3 0 1 0 3 2
0.0043734456198052185 1 3 3 2 3 0 2 0 3 1
-0.004386975059836981 1 3 3 2 3 3 1 0 0 2
-0.029529538602042802 1 3 3 2 3 3 1 0 3 2
-0.004822004569147367 1 3 3 2 3 3 1 3 3 2
0.004386975059836981 1 3 3 2 3 3 2 0 0 1
0.029529538602042802 1 3 3 2 3 3 2 0 3 1
0.004822004569147367 1 3 3 2 3 3 2 3 3 1
-2.0515774016304415e-05 1 3 3 3 1 0 1 1 3 0
-2.0515774016304415e-05 1 3 3 3 1 0 2 2 3 0
-0.0001396891181968673 1 3 3 3 1 3 1 0 1 0
-1.859855318787491e-05 1 3 3 3 1 3 1 1 0 0
-0.00012514838172699837 1 3 3 3 1 3 1 1 3 0
-5.869701016880587e-05 1 3 3 3 1 3 1 1 3 3
-0.0001396891181968673 1 3 3 3 1 3 2 0 2 0
-1.859855318787491e-05 1 3 3 3 1 3 2 2 0 0
-0.00012514838172699837 1 3 3 3 1 3 2 2 3 0
-5.869701016880587e-05 1 3 3 3 1 3 2 2 3 3
-10.04316681330289 2 0 0 0 1 1 0 0 0 2
0.007252424414062572 2 0 0 0 1 1 0 0 3 2
-5.621882514856863e-05 2 0 0 0 1 1 0 1 1 2
5.621882514856863e-05 2 0 0 0 1 1 0 1 2 1
0.007404811944696906 2 0 0 0 1 1 0 3 0 2
0.0010458818694104408 2 0 0 0 1 1 0 3 3 2
0.008687006863030935 2 0 0 0 1 1 3 0 0 2
0.001042713608367442 2 0 0 0 1 1 3 0 3 2
0.0010101113658689748 2 0 0 0 1 1 3 3 0 2
10.043166813302888 2 0 0 0 1 2 0 0 0 1
-0.007252424414062572 2 0 0 0 1 2 0 0 3 1
-5.621882514856863e-05 2 0 0 0 1 2 0 2 1 2
5.621882514856863e-05 2 0 0 0 1 2 0 2 2 1
-0.007404811944696906 2 0 0 0 1 2 0 3 0 1
-0.0010458818694104408 2 0 0 0 1 2 0 3 3 1
-0.008687006863030935 2 0 0 0 1 2 3 0 0 1
-0.001042713608367442 2 0 0 0 1 2 3 0 3 1
-0.0010101113658689748 2 0 0 0 1 2 3 3 0 1
-0.00039971560796625154 2 0 0 0 2 0 1 0 1 0
-0.00039971560796625154 2 0 0 0 2 0 2 0 2 0
0.0008798203994514592 2 0 0 0 2 1 0 0 0 1
0.0008798203994514592 2 0 0 0 2 2 0 0 0 2
-0.0011602460698080179 2 0 0 0 2 3 1 0 1 0
-0.0002520396599041834 2 0 0 0 2 3 1 0 1 3
-1.7062878458749414e-05 2 0 0 0 2 3 1 1 3 0
-0.00014558707101883326 2 0 0 0 2 3 1 3 1 0
-0.0011602460698080179 2 0 0 0 2 3 2 0 2 0
-0.0002520396599041834 2 0 0 0 2 3 2 0 2 3
-1.7062878458749414e-05 2 0 0 0 2 3 2 2 3 0
-0.00014558707101883326 2 0 0 0 2 3 2 3 2 0
-65.03616518101059 2 0 0 1 0 1 0 0 2 0
0.03685077390448586 2 0 0 1 0 1 0 0 2 3
3.729441342011574e-05 2 0 0 1 0 1 0 2 0 0
0.04797164023818362 2 0 0 1 0 1 0 3 2 0
0.007115446617195997 2 0 0 1 0 1 0 3 2 3
0.05626147242125636 2 0 0 1 0 1 3 0 2 0
0.004017812735641498 2 0 0 1 0 1 3 0 2 3
0.006538558622821719 2 0 0 1 0 1 3 3 2 0
65.0361651810106 2 0 0 1 0 2 0 0 1 0
-0.03685077390448586 2 0 0 1 0 2 0 0 1 3
-3.729441342011574e-05 2 0 0 1 0 2 0 1 0 0
-0.04797164023818362 2 0 0 1 0 2 0 3 1 0
-0.007115446617195997 2 0 0 1 0 2 0 3 1 3
-0.05626147242125636 2 0 0 1 0 2 3 0 1 0
-0.004017812735641498 2 0 0 1 0 2 3 0 1 3
-0.006538558622821719 2 0 0 1 0 2 3 3 1 0
0.0014042028223665627 2 0 0 1 0 3 1 0 3 2
-0.0014042028223665627 2 0 0 1 0 3 2 0 3 1
0.00427463955307291 2 0 0 1 3 0 1 0 3 2
-0.00427463955307291 2 0 0 1 3 0 2 0 3 1
0.03685077390448586 2 0 0 1 3 1 0 0 2 0
0.008754130563336002 2 0 0 1 3 1 0 0 2 3
0.0076139358823549535 2 0 0 1 3 1 0 3 2 0
0.007762911291044587 2 0 0 1 3 1 3 0 2 0
-0.03685077390448586 2 0 0 1 3 2 0 0 1 0
-0.008754130563336002 2 0 0 1 3 2 0 0 1 3
-0.0076139358823549535 2 0 0 1 3 2 0 3 1 0
-0.007762911291044587 2 0 0 1 3 2 3 0 1 0
0.004370771316651911 2 0 0 1 3 3 1 0 0 2
0.034631186700527075 2 0 0 1 3 3 1 0 3 2
0.004345503224561983 2 0 0 1 3 3 1 3 3 2
-0.004370771316651911 2 0 0 1 3 3 2 0 0 1
-0.034631186700527075 2 0 0 1 3 3 2 0 3 1
-0.004345503224561983 2 0 0 1 3 3 2 3 3 1
0.00038846202857127036 2 0 0 2 0 1 0 0 1 0
7.334578212360614 2 0 0 2 0 1 0 1 0 0
-0.0041559715715544995 2 0 0 2 0 1 0 1 0 3
-0.005424166033858111 2 0 0 2 0 1 0 1 3 0
-0.0008024687334010223 2 0 0 2 0 1 0 1 3 3
-0.0063450792258144635 2 0 0 2 0 1 3 1 0 0
-0.0004277284982541467 2 0 0 2 0 1 3 1 0 3
-0.0007374082244737257 2 0 0 2 0 1 3 1 3 0
0.0003884620285712695 2 0 0 2 0 2 0 0 2 0
7.334578212360614 2 0 0 2 0 2 0 2 0 0
-0.0041559715715544995 2 0 0 2 0 2 0 2 0 3
-0.005424166033858111 2 0 0 2 0 2 0 2 3 0
-0.0008024687334010223 2 0 0 2 0 2 0 2 3 3
-0.0063450792258144635 2 0 0 2 0 2 3 2 0 0
-0.0004277284982541467 2 0 0 2 0 2 3 2 0 3
-0.0007374082244737257 2 0 0 2 0 2 3 2 3 0
-0.0041559715715544995 2 0 0 2 3 1 0 1 0 0
-0.000978596476205841 2 0 0 2 3 1 0 1 0 3
-0.0008586875585495908 2 0 0 2 3 1 0 1 3 0
-0.0008755242712179033 2 0 0 2 3 1 3 1 0 0
-0.0041559715715544995 2 0 0 2 3 2 0 2 0 0
-0.000978596476205841 2 0 0 2 3 2 0 2 0 3
-0.0008586875585495908 2 0 0 2 3 2 0 2 3 0
-0.0008755242712179033 2 0 0 2 3 2 3 2 0 0
3.197449649680283e-06 2 0 0 2 3 3 1 1 1 1
3.197449649680283e-06 2 0 0 2 3 3 1 2 1 2
3.197449649680283e-06 2 0 0 2 3 3 2 1 2 1
3.197449649680283e-06 2 0 0 2 3 3 2 2 2 2
0.007252424414062572 2 0 0 3 1 1 0 0 0 2
0.0017080575986955118 2 0 0 3 1 1 0 0 3 2
1.9597071111670465e-05 2 0 0 3 1 1 0 1 1 2
1.9597071111670465e-05 2 0 0 3 1 1 0 2 2 2
0.0011004440241191447 2 0 0 3 1 1 0 3 0 2
0.0011670404533209151 2 0 0 3 1 1 3 0 0 2
-4.1926558031536335e-06 2 0 0 3 1 1 3 1 1 2
-4.192655803153641e-06 2 0 0 3 1 1 3 2 2 2
-0.007252424414062572 2 0 0 3 1 2 0 0 0 1
-0.0017080575986955118 2 0 0 3 1 2 0 0 3 1
-1.9597071111670465e-05 2 0 0 3 1 2 0 1 1 1
-1.9597071111670465e-05 2 0 0 3 1 2 0 2 2 1
-0.0011004440241191447 2 0 0 3 1 2 0 3 0 1
-0.0011670404533209151 2 0 0 3 1 2 3 0 0 1
4.192655803153641e-06 2 0 0 3 1 2 3 1 1 1
4.1926558031536335e-06 2 0 0 3 1 2 3 2 2 1
-5.0580412882576524e-05 2 0 0 3 2 0 1 1 3 0
-5.0580412882576524e-05 2 0 0 3 2 0 2 2 3 0
-0.00045937493689490706 2 0 0 3 2 3 1 0 1 0
-1.8422733602935334e-05 2 0 0 3 2 3 1 1 0 0
-0.00014681869831120335 2 0 0 3 2 3 1 1 3 0
-3.189335068900818e-05 2 0 0 3 2 3 1 1 3 3
-0.00045937493689490706 2 0 0 3 2 3 2 0 2 0
-1.8422733602935334e-05 2 0 0 3 2 3 2 2 0 0
-0.00014681869831120335 2 0 0 3 2 3 2 2 3 0
-3.189335068900818e-05 2 0 0 3 2 3 2 2 3 3
0.0008436284011879948 2 0 1 0 0 1 0 0 2 0
-8.002220891215437 2 0 1 0 0 1 0 2 0 0
0.004533789311894821 2 0 1 0 0 1 0 2 0 3
0.005793129840365576 2 0 1 0 0 1 0 2 3 0
0.0008754208502110825 2 0 1 0 0 1 0 2 3 3
0.005424166033858111 2 0 1 0 0 1 0 3 2 0
0.0008586875585495908 2 0 1 0 0 1 0 3 2 3
0.006921907881666132 2 0 1 0 0 1 3 2 0 0
0.0006917805311620461 2 0 1 0 0 1 3 2 0 3
0.0008044457160162438 2 0 1 0 0 1 3 2 3 0
0.000796177228181972 2 0 1 0 0 1 3 3 2 0
-0.0008436284011879948 2 0 1 0 0 2 0 0 1 0
8.002220891215437 2 0 1 0 0 2 0 1 0 0
-0.004533789311894821 2 0 1 0 0 2 0 1 0 3
-0.005793129840365576 2 0 1 0 0 2 0 1 3 0
-0.0008754208502110825 2 0 1 0 0 2 0 1 3 3
-0.005424166033858111 2 0 1 0 0 2 0 3 1 0
-0.0008586875585495908 2 0 1 0 0 2 0 3 1 3
-0.006921907881666132 2 0 1 0 0 2 3 1 0 0
-0.0006917805311620461 2 0 1 0 0 2 3 1 0 3
-0.0008044457160162438 2 0 1 0 0 2 3 1 3 0
-0.000796177228181972 2 0 1 0 0 2 3 3 1 0
0.004533789311894821 2 0 1 0 3 1 0 2 0 0
0.0011445291261252754 2 0 1 0 3 1 0 2 0 3
0.0009367505066337627 2 0 1 0 3 1 0 2 3 0
0.0008024687334010223 2 0 1 0 3 1 0 3 2 0
0.0009548030313422049 2 0 1 0 3 1 3 2 0 0
-0.004533789311894821 2 0 1 0 3 2 0 1 0 0
-0.0011445291261252754 2 0 1 0 3 2 0 1 0 3
-0.0009367505066337627 2 0 1 0 3 2 0 1 3 0
-0.0008024687334010223 2 0 1 0 3 2 0 3 1 0
-0.0009548030313422049 2 0 1 0 3 2 3 1 0 0
2.5268092089926162e-05 2 0 1 0 3 3 1 2 1 1
2.5268092089926162e-05 2 0 1 0 3 3 1 2 2 2
0.000509295178781452 2 0 1 0 3 3 1 3 3 2
-2.5268092089926162e-05 2 0 1 0 3 3 2 1 1 1
-2.5268092089926162e-05 2 0 1 0 3 3 2 1 2 2
-0.000509295178781452 2 0 1 0 3 3 2 3 3 1
1.9597071111670472e-05 2 0 1 1 1 1 0 3 0 2
-5.621882514856863e-05 2 0 1 1 1 1 0 3 3 2
-9.743577059023392e-06 2 0 1 1 1 1 3 3 0 2
-1.9597071111670472e-05 2 0 1 1 1 2 0 3 0 1
5.621882514856863e-05 2 0 1 1 1 2 0 3 3 1
9.743577059023392e-06 2 0 1 1 1 2 3 3 0 1
-0.0002954907616914469 2 0 1 1 1 3 1 2 3 0
0.0002954907616914469 2 0 1 1 1 3 2 1 3 0
-0.0004984892651589584 2 0 1 1 2 1 0 1 2 2
-6.13296564226803e-05 2 0 1 1 2 1 0 2 1 2
0.0005598189215816387 2 0 1 1 2 1 0 2 2 1
0.0005598189215816387 2 0 1 1 2 2 0 1 1 2
-6.13296564226803e-05 2 0 1 1 2 2 0 1 2 1
-0.0004984892651589584 2 0 1 1 2 2 0 2 1 1
3.922929108043102e-05 2 0 1 1 2 3 1 3 1 0
3.922929108043102e-05 2 0 1 1 2 3 2 3 2 0
-5.456215470870385e-05 2 0 1 2 1 1 0 1 2 2
0.00011589181113138417 2 0 1 2 1 1 0 2 1 2
-6.13296564226803e-05 2 0 1 2 1 1 0 2 2 1
-6.13296564226803e-05 2 0 1 2 1 2 0 1 1 2
0.00011589181113138417 2 0 1 2 1 2 0 1 2 1
-5.456215470870385e-05 2 0 1 2 1 2 0 2 1 1
-3.739169657493666e-05 2 0 1 2 1 3 1 3 1 0
-3.739169657493666e-05 2 0 1 2 1 3 2 3 2 0
5.621882514856858e-05 2 0 1 2 2 1 0 0 0 2
-5.621882514856863e-05 2 0 1 2 2 1 0 3 3 2
-5.621882514856858e-05 2 0 1 2 2 2 0 0 0 1
5.621882514856863e-05 2 0 1 2 2 2 0 3 3 1
1.4521732091517606e-05 2 0 1 2 2 3 1 2 3 0
-1.4521732091517606e-05 2 0 1 2 2 3 2 1 3 0
0.005424166033858097 2 0 1 3 0 1 0 0 2 0
0.0008024687334010219 2 0 1 3 0 1 0 0 2 3
0.005793129840365576 2 0 1 3 0 1 0 2 0 0
0.0009367505066337627 2 0 1 3 0 1 0 2 0 3
0.0013171703354354484 2 0 1 3 0 1 0 2 3 0
-7.334578212360614 2 0 1 3 0 1 0 3 2 0
0.0041559715715544995 2 0 1 3 0 1 0 3 2 3
0.0007374082244737253 2 0 1 3 0 1 3 0 2 0
0.000868557386728056 2 0 1 3 0 1 3 2 0 0
0.0063450792258144635 2 0 1 3 0 1 3 3 2 0
0.0004277284982541467 2 0 1 3 0 1 3 3 2 3
-0.005424166033858097 2 0 1 3 0 2 0 0 1 0
-0.0008024687334010219 2 0 1 3 0 2 0 0 1 3
-0.005793129840365576 2 0 1 3 0 2 0 1 0 0
-0.0009367505066337627 2 0 1 3 0 2 0 1 0 3
-0.0013171703354354484 2 0 1 3 0 2 0 1 3 0
7.334578212360614 2 0 1 3 0 2 0 3 1 0
-0.0041559715715544995 2 0 1 3 0 2 0 3 1 3
-0.0007374082244737253 2 0 1 3 0 2 3 0 1 0
-0.000868557386728056 2 0 1 3 0 2 3 1 0 0
-0.0063450792258144635 2 0 1 3 0 2 3 3 1 0
-0.0004277284982541467 2 0 1 3 0 2 3 3 1 3
0.00017768922981905845 2 0 1 3 0 3 1 3 3 2
-0.00017768922981905845 2 0 1 3 0 3 2 3 3 1
0.0005409171651282508 2 0 1 3 3 0 1 3 3 2
-0.0005409171651282508 2 0 1 3 3 0 2 3 3 1
0.0008586875585495903 2 0 1 3 3 1 0 0 2 0
0.0008754208502110825 2 0 1 3 3 1 0 2 0 0
0.0041559715715544995 2 0 1 3 3 1 0 3 2 0
0.000978596476205841 2 0 1 3 3 1 0 3 2 3
0.0008755242712179033 2 0 1 3 3 1 3 3 2 0
-0.0008586875585495903 2 0 1 3 3 2 0 0 1 0
-0.0008754208502110825 2 0 1 3 3 2 0 1 0 0
-0.0041559715715544995 2 0 1 3 3 2 0 3 1 0
-0.000978596476205841 2 0 1 3 3 2 0 3 1 3
-0.0008755242712179033 2 0 1 3 3 2 3 3 1 0
0.0005530817746557489 2 0 1 3 3 3 1 0 3 2
0.0005498843250060689 2 0 1 3 3 3 1 3 0 2
0.004382265007960725 2 0 1 3 3 3 1 3 3 2
-0.0005530817746557489 2 0 1 3 3 3 2 0 3 1
-0.0005498843250060689 2 0 1 3 3 3 2 3 0 1
-0.004382265007960725 2 0 1 3 3 3 2 3 3 1
0.0006784647302588374 2 0 2 0 0 1 0 1 0 0
0.0006784647302588374 2 0 2 0 0 2 0 2 0 0
0.0005530514198676623 2 0 2 1 1 1 0 1 2 2
-5.456215470870385e-05 2 0 2 1 1 1 0 2 1 2
-0.0004984892651589584 2 0 2 1 1 1 0 2 2 1
-0.0004984892651589584 2 0 2 1 1 2 0 1 1 2
-5.456215470870385e-05 2 0 2 1 1 2 0 1 2 1
0.0005530514198676623 2 0 2 1 1 2 0 2 1 1
-0.0003100124937829645 2 0 2 1 2 3 1 2 3 0
0.0003100124937829645 2 0 2 1 2 3 2 1 3 0
-5.621882514856858e-05 2 0 2 2 1 1 0 0 0 2
1.9597071111670472e-05 2 0 2 2 1 1 0 3 0 2
-9.7435770590234e-06 2 0 2 2 1 1 3 3 0 2
5.621882514856858e-05 2 0 2 2 1 2 0 0 0 1
-1.9597071111670472e-05 2 0 2 2 1 2 0 3 0 1
9.7435770590234e-06 2 0 2 2 1 2 3 3 0 1
1.8375945054943603e-06 2 0 2 2 2 3 1 3 1 0
1.8375945054943603e-06 2 0 2 2 2 3 2 3 2 0
-3.7294413420115686e-05 2 0 2 3 0 1 0 3 1 0
-3.7294413420115686e-05 2 0 2 3 0 2 0 3 2 0
0.00740481194469691 2 0 3 0 1 1 0 0 0 2
0.0011004440241191447 2 0 3 0 1 1 0 0 3 2
0.0012708979899592318 2 0 3 0 1 1 0 3 0 2
0.0010912740472539442 2 0 3 0 1 1 3 0 0 2
-0.00740481194469691 2 0 3 0 1 2 0 0 0 1
-0.0011004440241191447 2 0 3 0 1 2 0 0 3 1
-0.0012708979899592318 2 0 3 0 1 2 0 3 0 1
-0.0010912740472539442 2 0 3 0 1 2 3 0 0 1
-0.0001348407110204247 2 0 3 0 2 3 1 0 1 0
-0.0001348407110204247 2 0 3 0 2 3 2 0 2 0
0.04797164023818365 2 0 3 1 0 1 0 0 2 0
0.0076139358823549535 2 0 3 1 0 1 0 0 2 3
0.007877255161248384 2 0 3 1 0 1 0 3 2 0
0.007059660182579123 2 0 3 1 0 1 3 0 2 0
-0.04797164023818365 2 0 3 1 0 2 0 0 1 0
-0.0076139358823549535 2 0 3 1 0 2 0 0 1 3
-0.007877255161248384 2 0 3 1 0 2 0 3 1 0
-0.007059660182579123 2 0 3 1 0 2 3 0 1 0
0.007115446617195997 2 0 3 1 3 1 0 0 2 0
-0.007115446617195997 2 0 3 1 3 2 0 0 1 0
0.00402474437078061 2 0 3 1 3 3 1 0 3 2
-0.00402474437078061 2 0 3 1 3 3 2 0 3 1
-0.0054241660338581 2 0 3 2 0 1 0 1 0 0
-0.0008586875585495903 2 0 3 2 0 1 0 1 0 3
-0.0008436284011879948 2 0 3 2 0 1 0 1 3 0
-0.0007961772281819717 2 0 3 2 0 1 3 1 0 0
-0.0054241660338581 2 0 3 2 0 2 0 2 0 0
-0.0008586875585495903 2 0 3 2 0 2 0 2 0 3
-0.0008436284011879948 2 0 3 2 0 2 0 2 3 0
-0.0007961772281819717 2 0 3 2 0 2 3 2 0 0
-0.0008024687334010219 2 0 3 2 3 1 0 1 0 0
-0.0008024687334010219 2 0 3 2 3 2 0 2 0 0
0.0010458818694104408 2 0 3 3 1 1 0 0 0 2
-5.621882514856858e-05 2 0 3 3 1 1 0 1 2 1
-5.621882514856858e-05 2 0 3 3 1 1 0 2 2 2
-0.0010458818694104408 2 0 3 3 1 2 0 0 0 1
5.621882514856858e-05 2 0 3 3 1 2 0 1 1 1
5.621882514856858e-05 2 0 3 3 1 2 0 2 1 2
-5.8129764044674756e-05 2 0 3 3 2 3 1 1 3 0
-5.8129764044674756e-05 2 0 3 3 2 3 2 2 3 0
5.8769003708246464e-05 2 1 0 0 0 1 1 1 2 0
-10.518310850222202 2 1 0 0 0 1 2 0 0 0
0.005959216699852751 2 1 0 0 0 1 2 0 0 3
0.007595680803311232 2 1 0 0 0 1 2 0 3 0
0.0012181016145896306 2 1 0 0 0 1 2 0 3 3
-5.8769003708246464e-05 2 1 0 0 0 1 2 1 1 0
0.007755280817736592 2 1 0 0 0 1 2 3 0 0
0.0011517339575851545 2 1 0 0 0 1 2 3 0 3
0.0010953833345175227 2 1 0 0 0 1 2 3 3 0
10.518310850222202 2 1 0 0 0 2 1 0 0 0
-0.005959216699852751 2 1 0 0 0 2 1 0 0 3
-0.007595680803311232 2 1 0 0 0 2 1 0 3 0
-0.0012181016145896306 2 1 0 0 0 2 1 0 3 3
5.8769003708246464e-05 2 1 0 0 0 2 1 2 2 0
-0.007755280817736592 2 1 0 0 0 2 1 3 0 0
-0.0011517339575851545 2 1 0 0 0 2 1 3 0 3
-0.0010953833345175227 2 1 0 0 0 2 1 3 3 0
-5.8769003708246464e-05 2 1 0 0 0 2 2 2 1 0
0.005959216699852751 2 1 0 0 3 1 2 0 0 0
0.0016961642143753148 2 1 0 0 3 1 2 0 0 3
0.0012640130432121502 2 1 0 0 3 1 2 0 3 0
0.0012317900691750285 2 1 0 0 3 1 2 3 0 0
-0.005959216699852751 2 1 0 0 3 2 1 0 0 0
-0.0016961642143753148 2 1 0 0 3 2 1 0 0 3
-0.0012640130432121502 2 1 0 0 3 2 1 0 3 0
-0.0012317900691750285 2 1 0 0 3 2 1 3 0 0
-0.00043721723963648096 2 1 0 0 3 3 0 0 1 2
0.00043721723963648096 2 1 0 0 3 3 0 0 2 1
-5.550921255869761e-06 2 1 0 1 1 1 1 1 0 2
4.391013998397589e-06 2 1 0 1 1 1 2 1 0 1
-1.1599072574721722e-06 2 1 0 1 1 1 2 2 0 2
1.1599072574721722e-06 2 1 0 1 1 2 1 1 0 1
-4.391013998397589e-06 2 1 0 1 1 2 1 2 0 2
5.550921255869761e-06 2 1 0 1 1 2 2 2 0 1
-9.816525310822046e-05 2 1 0 1 2 0 0 0 0 0
0.033293629388472364 2 1 0 1 2 0 0 0 3 0
0.004377702900355758 2 1 0 1 2 0 0 0 3 3
0.003998950808692708 2 1 0 1 2 0 0 3 3 0
0.003874923945106659 2 1 0 1 2 0 3 0 3 0
-0.0037450985554030886 2 1 0 1 2 1 1 0 2 2
-4.591142862251984e-05 2 1 0 1 2 1 2 0 1 2
0.003791009984025609 2 1 0 1 2 1 2 0 2 1
0.003791009984025609 2 1 0 1 2 2 1 0 1 2
-4.591142862251984e-05 2 1 0 1 2 2 1 0 2 1
-0.0037450985554030886 2 1 0 1 2 2 2 0 1 1
0.027943510442579613 2 1 0 1 2 3 0 0 0 0
0.00423310448581928 2 1 0 1 2 3 0 0 0 3
-38.68833840371671 2 1 0 1 2 3 0 0 3 0
0.021923174287331485 2 1 0 1 2 3 0 0 3 3
0.0040297711869849194 2 1 0 1 2 3 0 3 0 0
0.028530657899827512 2 1 0 1 2 3 0 3 3 0
0.004233104485819278 2 1 0 1 2 3 0 3 3 3
0.003911396379757005 2 1 0 1 2 3 3 0 0 0
0.033470940630719044 2 1 0 1 2 3 3 0 3 0
0.0011521631624623794 2 1 0 1 2 3 3 0 3 3
0.0038899036597601854 2 1 0 1 2 3 3 3 3 0
-0.0001243268449534731 2 1 0 2 1 1 1 0 2 2
0.00017023827357599296 2 1 0 2 1 1 2 0 1 2
-4.591142862251984e-05 2 1 0 2 1 1 2 0 2 1
-4.591142862251984e-05 2 1 0 2 1 2 1 0 1 2
0.00017023827357599296 2 1 0 2 1 2 1 0 2 1
-0.0001243268449534731 2 1 0 2 1 2 2 0 1 1
-6.346132357474849e-05 2 1 0 2 1 3 0 0 3 0
0.0005043244547296869 2 1 0 2 2 0 0 1 2 0
-0.0005043244547296869 2 1 0 2 2 0 0 2 1 0
0.0004477957729637567 2 1 0 2 2 1 1 1 0 2
-0.00044340475896535915 2 1 0 2 2 1 2 1 0 1
4.391013998397585e-06 2 1 0 2 2 1 2 2 0 2
-4.391013998397585e-06 2 1 0 2 2 2 1 1 0 1
0.00044340475896535915 2 1 0 2 2 2 1 2 0 2
-0.0004477957729637567 2 1 0 2 2 2 2 2 0 1
7.550729659327606e-05 2 1 0 2 2 3 0 1 2 0
-7.550729659327606e-05 2 1 0 2 2 3 0 2 1 0
-1.359855144185922e-06 2 1 0 2 2 3 3 1 2 0
1.359855144185922e-06 2 1 0 2 2 3 3 2 1 0
0.007595680803311232 2 1 0 3 0 1 2 0 0 0
0.0012640130432121502 2 1 0 3 0 1 2 0 0 3
0.0017879186193770881 2 1 0 3 0 1 2 0 3 0
2.0524598168222456e-05 2 1 0 3 0 1 2 1 1 0
-8.53489579112879e-06 2 1 0 3 0 1 2 1 1 3
2.0524598168222456e-05 2 1 0 3 0 1 2 2 2 0
-8.534895791128798e-06 2 1 0 3 0 1 2 2 2 3
0.0011525279095515762 2 1 0 3 0 1 2 3 0 0
-0.007595680803311232 2 1 0 3 0 2 1 0 0 0
-0.0012640130432121502 2 1 0 3 0 2 1 0 0 3
-0.0017879186193770881 2 1 0 3 0 2 1 0 3 0
-2.0524598168222456e-05 2 1 0 3 0 2 1 1 1 0
8.534895791128798e-06 2 1 0 3 0 2 1 1 1 3
-2.0524598168222456e-05 2 1 0 3 0 2 1 2 2 0
8.53489579112879e-06 2 1 0 3 0 2 1 2 2 3
-0.0011525279095515762 2 1 0 3 0 2 1 3 0 0
0.0012181016145896306 2 1 0 3 3 1 2 0 0 0
-4.1438817927312015e-06 2 1 0 3 3 1 2 1 1 0
-4.14388179273121e-06 2 1 0 3 3 1 2 2 2 0
-0.0012181016145896306 2 1 0 3 3 2 1 0 0 0
4.14388179273121e-06 2 1 0 3 3 2 1 1 1 0
4.1438817927312015e-06 2 1 0 3 3 2 1 2 2 0
-5.5325906868417054e-05 2 1 0 3 3 3 0 1 3 2
5.5325906868417054e-05 2 1 0 3 3 3 0 2 3 1
-0.00023375772673331168 2 1 1 0 2 0 0 1 1 0
-0.00023375772673331168 2 1 1 0 2 0 0 2 2 0
0.0005348789884400619 2 1 1 0 2 0 0 3 3 0
-0.00026302250018015886 2 1 1 0 2 1 1 2 0 2
-8.005611158987437e-05 2 1 1 0 2 1 2 1 0 2
0.0003430786117700332 2 1 1 0 2 1 2 2 0 1
0.0003430786117700332 2 1 1 0 2 2 1 1 0 2
-8.005611158987437e-05 2 1 1 0 2 2 1 2 0 1
-0.00026302250018015886 2 1 1 0 2 2 2 1 0 1
0.0005365336593397257 2 1 1 0 2 3 0 0 3 0
-9.554768843696298e-06 2 1 1 0 2 3 0 1 1 0
-9.554768843696298e-06 2 1 1 0 2 3 0 2 2 0
0.0005897384237542612 2 1 1 0 2 3 0 3 0 0
0.003611507060939729 2 1 1 0 2 3 0 3 3 0
0.0005731882804873851 2 1 1 0 2 3 0 3 3 3
1.0746359998408562e-05 2 1 1 0 2 3 3 1 1 0
1.0746359998408562e-05 2 1 1 0 2 3 3 2 2 0
0.0005314615914031336 2 1 1 0 2 3 3 3 3 0
2.0524598168222462e-05 2 1 1 1 0 1 2 3 0 0
-4.1438817927312015e-06 2 1 1 1 0 1 2 3 0 3
-5.8769003708246464e-05 2 1 1 1 0 1 2 3 3 0
-2.0524598168222462e-05 2 1 1 1 0 2 1 3 0 0
4.1438817927312015e-06 2 1 1 1 0 2 1 3 0 3
5.8769003708246464e-05 2 1 1 1 0 2 1 3 3 0
-0.0002965600415548754 2 1 1 1 0 3 0 1 3 2
0.0002965600415548754 2 1 1 1 0 3 0 2 3 1
5.786138627215738e-06 2 1 1 1 3 0 0 1 3 2
-5.786138627215738e-06 2 1 1 1 3 0 0 2 3 1
-8.53489579112879e-06 2 1 1 1 3 1 2 3 0 0
8.53489579112879e-06 2 1 1 1 3 2 1 3 0 0
-0.00032075885378137305 2 1 1 1 3 3 3 1 3 2
0.00032075885378137305 2 1 1 1 3 3 3 2 3 1
-6.411167071181223e-05 2 1 1 2 0 1 1 2 2 0
-5.714457503405341e-05 2 1 1 2 0 1 2 1 2 0
0.00012125624574586564 2 1 1 2 0 1 2 2 1 0
0.00012125624574586564 2 1 1 2 0 2 1 1 2 0
-5.714457503405341e-05 2 1 1 2 0 2 1 2 1 0
-6.411167071181223e-05 2 1 1 2 0 2 2 1 1 0
3.752700431849569e-05 2 1 1 2 0 3 0 3 1 1
3.752700431849569e-05 2 1 1 2 0 3 0 3 2 2
-7.321837699795464e-07 2 1 1 2 3 0 0 3 1 1
-7.321837699795464e-07 2 1 1 2 3 0 0 3 2 2
4.0589146224616935e-05 2 1 1 2 3 3 3 3 1 1
4.0589146224616935e-05 2 1 1 2 3 3 3 3 2 2
0.0004623225888255232 2 1 1 3 2 0 0 0 3 0
3.128671748035464e-05 2 1 1 3 2 0 0 3 0 0
0.004213009167684533 2 1 1 3 2 0 0 3 3 0
0.0005539589041915573 2 1 1 3 2 0 0 3 3 3
0.0004903367522456744 2 1 1 3 2 0 3 3 3 0
-0.0004477957729637567 2 1 1 3 2 1 1 3 2 2
4.391013998397589e-06 2 1 1 3 2 1 2 3 1 2
0.00044340475896535915 2 1 1 3 2 1 2 3 2 1
0.00044340475896535915 2 1 1 3 2 2 1 3 1 2
4.391013998397589e-06 2 1 1 3 2 2 1 3 2 1
-0.0004477957729637567 2 1 1 3 2 2 2 3 1 1
0.0005099312771324581 2 1 1 3 2 3 0 0 0 0
0.0036102979909322435 2 1 1 3 2 3 0 0 3 0
0.0005356612761688892 2 1 1 3 2 3 0 0 3 3
-0.00021022737402350212 2 1 1 3 2 3 0 1 1 0
-0.00021022737402350212 2 1 1 3 2 3 0 2 2 0
0.0035359997643464526 2 1 1 3 2 3 0 3 0 0
0.0005356612761688895 2 1 1 3 2 3 0 3 0 3
-4.89566104300348 2 1 1 3 2 3 0 3 3 0
0.0027741804048931093 2 1 1 3 2 3 0 3 3 3
0.0004949520106110744 2 1 1 3 2 3 3 0 3 0
0.0004922323003227027 2 1 1 3 2 3 3 3 0 0
0.004235446309649521 2 1 1 3 2 3 3 3 3 0
0.00014579587913005038 2 1 1 3 2 3 3 3 3 3
-8.116268138496941e-05 2 1 2 0 1 1 1 2 0 2
0.00016121879297484375 2 1 2 0 1 1 2 1 0 2
-8.005611158987437e-05 2 1 2 0 1 1 2 2 0 1
-8.005611158987437e-05 2 1 2 0 1 2 1 1 0 2
0.00016121879297484375 2 1 2 0 1 2 1 2 0 1
-8.116268138496941e-05 2 1 2 0 1 2 2 1 0 1
-0.0005211015597574041 2 1 2 1 0 1 1 2 2 0
0.0005782461347914575 2 1 2 1 0 1 2 1 2 0
-5.714457503405341e-05 2 1 2 1 0 1 2 2 1 0
-5.714457503405341e-05 2 1 2 1 0 2 1 1 2 0
0.0005782461347914575 2 1 2 1 0 2 1 2 1 0
-0.0005211015597574041 2 1 2 1 0 2 2 1 1 0
-5.8769003708246423e-05 2 1 2 2 0 1 2 0 0 0
2.0524598168222462e-05 2 1 2 2 0 1 2 3 0 0
-4.14388179273121e-06 2 1 2 2 0 1 2 3 0 3
5.8769003708246423e-05 2 1 2 2 0 2 1 0 0 0
-2.0524598168222462e-05 2 1 2 2 0 2 1 3 0 0
4.14388179273121e-06 2 1 2 2 0 2 1 3 0 3
-8.534895791128798e-06 2 1 2 2 3 1 2 3 0 0
8.534895791128798e-06 2 1 2 2 3 2 1 3 0 0
-5.5509212558697565e-06 2 1 2 3 1 1 1 3 2 2
1.1599072574721722e-06 2 1 2 3 1 1 2 3 1 2
4.391013998397585e-06 2 1 2 3 1 1 2 3 2 1
4.391013998397585e-06 2 1 2 3 1 2 1 3 1 2
1.1599072574721722e-06 2 1 2 3 1 2 1 3 2 1
-5.5509212558697565e-06 2 1 2 3 1 2 2 3 1 1
-8.030459367893024e-06 2 1 2 3 1 3 0 3 3 0
0.007755280817736596 2 1 3 0 0 1 2 0 0 0
0.0012317900691750285 2 1 3 0 0 1 2 0 0 3
0.0011525279095515762 2 1 3 0 0 1 2 0 3 0
0.0013309287303314942 2 1 3 0 0 1 2 3 0 0
-0.007755280817736596 2 1 3 0 0 2 1 0 0 0
-0.0012317900691750285 2 1 3 0 0 2 1 0 0 3
-0.0011525279095515762 2 1 3 0 0 2 1 0 3 0
-0.0013309287303314942 2 1 3 0 0 2 1 3 0 0
0.0011517339575851545 2 1 3 0 3 1 2 0 0 0
-0.0011517339575851545 2 1 3 0 3 2 1 0 0 0
0.004226922396798804 2 1 3 1 2 0 0 0 3 0
0.004239998561008422 2 1 3 1 2 3 0 0 0 0
0.02854021266867122 2 1 3 1 2 3 0 0 3 0
0.004529664527374152 2 1 3 1 2 3 0 0 3 3
0.004660453309055422 2 1 3 1 2 3 0 3 3 0
0.00419991615354315 2 1 3 1 2 3 3 0 3 0
2.660238220726763e-05 2 1 3 2 2 3 0 1 2 0
-2.660238220726763e-05 2 1 3 2 2 3 0 2 1 0
-5.8769003708246423e-05 2 1 3 3 0 1 1 1 2 0
0.0010953833345175227 2 1 3 3 0 1 2 0 0 0
-5.8769003708246423e-05 2 1 3 3 0 1 2 2 2 0
-0.0010953833345175227 2 1 3 3 0 2 1 0 0 0
5.8769003708246423e-05 2 1 3 3 0 2 1 1 1 0
5.8769003708246423e-05 2 1 3 3 0 2 2 2 1 0
0.0006199740669460449 2 2 0 0 0 0 0 0 1 1
0.0006199740669460449 2 2 0 0 0 0 0 0 2 2
0.0011100956569661583 2 2 0 0 0 1 1 0 0 0
0.0011100956569661583 2 2 0 0 0 2 2 0 0 0
0.0017868853607674626 2 2 0 0 0 3 0 0 1 1
0.0017868853607674626 2 2 0 0 0 3 0 0 2 2
4.3659977345037735e-05 2 2 0 0 0 3 0 1 3 1
4.3659977345037735e-05 2 2 0 0 0 3 0 2 3 2
0.0003691979604353978 2 2 0 0 0 3 0 3 1 1
0.0003691979604353978 2 2 0 0 0 3 0 3 2 2
0.00041542497813463515 2 2 0 0 0 3 3 0 1 1
0.00041542497813463515 2 2 0 0 0 3 3 0 2 2
0.002713653514831408 2 2 0 0 3 0 0 0 1 1
0.002713653514831408 2 2 0 0 3 0 0 0 2 2
5.357282514111036e-05 2 2 0 0 3 0 0 1 3 1
5.357282514111036e-05 2 2 0 0 3 0 0 2 3 2
0.0003309174091588157 2 2 0 0 3 0 0 3 1 1
0.0003309174091588157 2 2 0 0 3 0 0 3 2 2
0.0005407684711985075 2 2 0 0 3 0 3 0 1 1
0.0005407684711985075 2 2 0 0 3 0 3 0 2 2
-3.154422441789513 2 2 0 0 3 3 0 0 1 1
-3.1544224417895133 2 2 0 0 3 3 0 0 2 2
4.806762662547066e-05 2 2 0 0 3 3 0 1 0 1
0.0002882076350703941 2 2 0 0 3 3 0 1 3 1
4.806762662547066e-05 2 2 0 0 3 3 0 2 0 2
0.0002882076350703941 2 2 0 0 3 3 0 2 3 2
0.0023262182539098997 2 2 0 0 3 3 0 3 1 1
0.0023262182539098997 2 2 0 0 3 3 0 3 2 2
0.002728105567208384 2 2 0 0 3 3 3 0 1 1
0.002728105567208384 2 2 0 0 3 3 3 0 2 2
4.331767494259304e-05 2 2 0 0 3 3 3 1 3 1
4.331767494259304e-05 2 2 0 0 3 3 3 2 3 2
0.0003170531700073125 2 2 0 0 3 3 3 3 1 1
0.0003170531700073125 2 2 0 0 3 3 3 3 2 2
0.0002423338523705491 2 2 0 1 1 0 0 0 0 0
-0.03173407557683743 2 2 0 1 1 0 0 0 3 0
-0.004156981404730172 2 2 0 1 1 0 0 0 3 3
-0.003809507252408655 2 2 0 1 1 0 0 3 3 0
-0.003733871081874403 2 2 0 1 1 0 3 0 3 0
0.0038694254003565623 2 2 0 1 1 1 1 0 2 2
-0.0001243268449534731 2 2 0 1 1 1 2 0 1 2
-0.0037450985554030886 2 2 0 1 1 1 2 0 2 1
-0.0037450985554030886 2 2 0 1 1 2 1 0 1 2
-0.0001243268449534731 2 2 0 1 1 2 1 0 2 1
0.0038694254003565623 2 2 0 1 1 2 2 0 1 1
-0.026634569091887623 2 2 0 1 1 3 0 0 0 0
-0.004083158927784414 2 2 0 1 1 3 0 0 0 3
36.87572683799732 2 2 0 1 1 3 0 0 3 0
-0.02089623998635729 2 2 0 1 1 3 0 0 3 3
-0.003841006996053697 2 2 0 1 1 3 0 3 0 0
-0.0271942131476812 2 2 0 1 1 3 0 3 3 0
-0.0040348156732996614 2 2 0 1 1 3 0 3 3 3
-0.0037076912007732994 2 2 0 1 1 3 3 0 0 0
-0.03190308113331868 2 2 0 1 1 3 3 0 3 0
-0.000988777844231928 2 2 0 1 1 3 3 0 3 3
-0.0037076912007732977 2 2 0 1 1 3 3 3 3 0
-5.822369774213887e-06 2 2 0 1 2 0 0 1 2 0
5.822369774213887e-06 2 2 0 1 2 0 0 2 1 0
-3.5369436847598703e-06 2 2 0 1 2 3 0 1 2 0
-3.058701891036216e-06 2 2 0 1 2 3 0 1 2 3
3.5369436847598703e-06 2 2 0 1 2 3 0 2 1 0
3.058701891036216e-06 2 2 0 1 2 3 0 2 1 3
1.359855144185922e-06 2 2 0 1 2 3 3 1 2 0
-1.359855144185922e-06 2 2 0 1 2 3 3 2 1 0
-0.000498502084955473 2 2 0 2 1 0 0 1 2 0
0.000498502084955473 2 2 0 2 1 0 0 2 1 0
-0.0004533466942196264 2 2 0 2 1 1 1 1 0 2
0.00044779577296375666 2 2 0 2 1 1 2 1 0 1
-5.5509212558697565e-06 2 2 0 2 1 1 2 2 0 2
5.5509212558697565e-06 2 2 0 2 1 2 1 1 0 1
-0.00044779577296375666 2 2 0 2 1 2 1 2 0 2
0.0004533466942196264 2 2 0 2 1 2 2 2 0 1
-7.197035290851619e-05 2 2 0 2 1 3 0 1 2 0
3.058701891036216e-06 2 2 0 2 1 3 0 1 2 3
7.197035290851619e-05 2 2 0 2 1 3 0 2 1 0
-3.058701891036216e-06 2 2 0 2 1 3 0 2 1 3
0.00014416859926232866 2 2 0 2 2 0 0 0 0 0
0.0015595538116349313 2 2 0 2 2 0 0 0 3 0
0.00022072149562558566 2 2 0 2 2 0 0 0 3 3
0.0001894435562840532 2 2 0 2 2 0 0 3 3 0
0.00014105286323225598 2 2 0 2 2 0 3 0 3 0
0.0013089413506919899 2 2 0 2 2 3 0 0 0 0
0.00014994555803486627 2 2 0 2 2 3 0 0 0 3
-1.8126750270429657 2 2 0 2 2 3 0 0 3 0
0.0010269343009741937 2 2 0 2 2 3 0 0 3 3
0.00018876419093122234 2 2 0 2 2 3 0 3 0 0
0.0013364447521463166 2 2 0 2 2 3 0 3 3 0
0.00019828881251961623 2 2 0 2 2 3 0 3 3 3
0.00020370517898370512 2 2 0 2 2 3 3 0 0 0
0.0015678594974003676 2 2 0 2 2 3 3 0 3 0
0.00016338531823045189 2 2 0 2 2 3 3 0 3 3
0.00018221245898688792 2 2 0 2 2 3 3 3 3 0
7.845213861468406e-05 2 2 0 3 0 0 0 1 3 1
7.845213861468406e-05 2 2 0 3 0 0 0 2 3 2
0.0006138032011089408 2 2 0 3 0 3 0 0 1 1
0.0006138032011089408 2 2 0 3 0 3 0 0 2 2
4.6718679236073944e-05 2 2 0 3 0 3 0 1 0 1
0.0002261142610400167 2 2 0 3 0 3 0 1 3 1
4.6718679236073944e-05 2 2 0 3 0 3 0 2 0 2
0.0002261142610400167 2 2 0 3 0 3 0 2 3 2
5.256829229835648e-05 2 2 0 3 0 3 3 1 3 1
5.256829229835648e-05 2 2 0 3 0 3 3 2 3 2
0.00042914951491007463 2 2 0 3 3 0 0 0 1 1
0.00042914951491007463 2 2 0 3 3 0 0 0 2 2
4.187461998406276e-05 2 2 0 3 3 0 0 1 0 1
0.0003433884303362416 2 2 0 3 3 0 0 1 3 1
4.187461998406276e-05 2 2 0 3 3 0 0 2 0 2
0.0003433884303362416 2 2 0 3 3 0 0 2 3 2
6.842938329646006e-05 2 2 0 3 3 0 3 1 3 1
6.842938329646007e-05 2 2 0 3 3 0 3 2 3 2
0.0022775830308091756 2 2 0 3 3 3 0 0 1 1
0.0022775830308091756 2 2 0 3 3 3 0 0 2 2
0.00029436198485319984 2 2 0 3 3 3 0 1 0 1
-0.3991637712712233 2 2 0 3 3 3 0 1 3 1
0.00029436198485319984 2 2 0 3 3 3 0 2 0 2
-0.3991637712712233 2 2 0 3 3 3 0 2 3 2
0.0003455882464392552 2 2 0 3 3 3 0 3 1 1
0.0003455882464392552 2 2 0 3 3 3 0 3 2 2
0.0006630801158786122 2 2 0 3 3 3 3 0 1 1
0.0006630801158786122 2 2 0 3 3 3 3 0 2 2
4.012022529291276e-05 2 2 0 3 3 3 3 1 0 1
0.0003452172075009547 2 2 0 3 3 3 3 1 3 1
4.012022529291276e-05 2 2 0 3 3 3 3 2 0 2
0.0003452172075009547 2 2 0 3 3 3 3 2 3 2
0.0002330209582377476 2 2 1 0 1 0 0 1 1 0
0.0002330209582377476 2 2 1 0 1 0 0 2 2 0
-0.0005098239679899948 2 2 1 0 1 0 0 3 3 0
0.0003441851815651283 2 2 1 0 1 1 1 2 0 2
-8.116268138496941e-05 2 2 1 0 1 1 2 1 0 2
-0.00026302250018015886 2 2 1 0 1 1 2 2 0 1
-0.00026302250018015886 2 2 1 0 1 2 1 1 0 2
-8.116268138496941e-05 2 2 1 0 1 2 1 2 0 1
0.0003441851815651283 2 2 1 0 1 2 2 1 0 1
-0.0005114011301182818 2 2 1 0 1 3 0 0 3 0
9.107200451689248e-06 2 2 1 0 1 3 0 1 1 0
-2.4171627242375017e-05 2 2 1 0 1 3 0 1 1 3
9.107200451689248e-06 2 2 1 0 1 3 0 2 2 0
-2.4171627242375017e-05 2 2 1 0 1 3 0 2 2 3
-0.000562113655186615 2 2 1 0 1 3 0 3 0 0
-0.0034423353693552373 2 2 1 0 1 3 0 3 3 0
-0.0005463387605029979 2 2 1 0 1 3 0 3 3 3
-0.000506566650063476 2 2 1 0 1 3 3 3 3 0
0.0005852132304692163 2 2 1 1 0 1 1 2 2 0
-0.0005211015597574041 2 2 1 1 0 1 2 1 2 0
-6.411167071181223e-05 2 2 1 1 0 1 2 2 1 0
-6.411167071181223e-05 2 2 1 1 0 2 1 1 2 0
-0.0005211015597574041 2 2 1 1 0 2 1 2 1 0
0.0005852132304692163 2 2 1 1 0 2 2 1 1 0
-3.5769149026083075e-05 2 2 1 1 0 3 0 3 1 1
-3.5769149026083075e-05 2 2 1 1 0 3 0 3 2 2
-9.976609479131352e-06 2 2 1 1 3 0 0 3 1 1
-9.976609479131352e-06 2 2 1 1 3 0 0 3 2 2
2.16827210807589e-06 2 2 1 1 3 3 0 0 1 1
2.16827210807589e-06 2 2 1 1 3 3 0 0 2 2
6.154349782805787e-06 2 2 1 1 3 3 0 3 1 1
6.154349782805787e-06 2 2 1 1 3 3 0 3 2 2
-4.0589146224616935e-05 2 2 1 1 3 3 3 3 1 1
-4.0589146224616935e-05 2 2 1 1 3 3 3 3 2 2
5.8769003708246423e-05 2 2 1 2 0 1 2 0 0 0
-5.8769003708246464e-05 2 2 1 2 0 1 2 3 3 0
-5.8769003708246423e-05 2 2 1 2 0 2 1 0 0 0
5.8769003708246464e-05 2 2 1 2 0 2 1 3 3 0
-1.3891586819478948e-05 2 2 1 2 0 3 0 1 3 2
1.3891586819478948e-05 2 2 1 2 0 3 0 2 3 1
7.048588770681981e-06 2 2 1 2 3 0 0 1 3 2
-7.048588770681981e-06 2 2 1 2 3 0 0 2 3 1
-1.7134937311165568e-05 2 2 1 2 3 3 0 1 0 2
-7.787775779433523e-07 2 2 1 2 3 3 0 1 3 2
1.7134937311165568e-05 2 2 1 2 3 3 0 2 0 1
7.787775779433523e-07 2 2 1 2 3 3 0 2 3 1
-0.0004383502117058385 2 2 1 3 1 0 0 0 3 0
-1.3043478712438034e-05 2 2 1 3 1 0 0 3 0 0
-0.00401566166828003 2 2 1 3 1 0 0 3 3 0
-0.0005260285853390984 2 2 1 3 1 0 0 3 3 3
-0.0004724877818317908 2 2 1 3 1 0 3 3 3 0
0.0004533466942196264 2 2 1 3 1 1 1 3 2 2
-5.550921255869761e-06 2 2 1 3 1 1 2 3 1 2
-0.00044779577296375666 2 2 1 3 1 1 2 3 2 1
-0.00044779577296375666 2 2 1 3 1 2 1 3 1 2
-5.550921255869761e-06 2 2 1 3 1 2 1 3 2 1
0.0004533466942196264 2 2 1 3 1 2 2 3 1 1
-0.00048604486758411526 2 2 1 3 1 3 0 0 0 0
-0.0034411829350997963 2 2 1 3 1 3 0 0 3 0
-0.0005166870152589869 2 2 1 3 1 3 0 0 3 3
0.00020037981734402895 2 2 1 3 1 3 0 1 1 0
0.00020037981734402895 2 2 1 3 1 3 0 2 2 0
-0.003370365016446721 2 2 1 3 1 3 0 3 0 0
-0.0005105696114769149 2 2 1 3 1 3 0 3 0 3
4.666291362253959 2 2 1 3 1 3 0 3 3 0
-0.002644231111166905 2 2 1 3 1 3 0 3 3 3
-0.0004691749534885391 2 2 1 3 1 3 3 0 3 0
-0.0004691749534885393 2 2 1 3 1 3 3 3 0 0
-0.004037047800459769 2 2 1 3 1 3 3 3 3 0
-0.00012512093752070212 2 2 1 3 1 3 3 3 3 3
-7.367684955640677e-07 2 2 2 0 2 0 0 1 1 0
-7.367684955640677e-07 2 2 2 0 2 0 0 2 2 0
2.5055020450067227e-05 2 2 2 0 2 0 0 3 3 0
2.513252922144394e-05 2 2 2 0 2 3 0 0 3 0
-4.4756839200704993e-07 2 2 2 0 2 3 0 1 1 0
-2.4171627242375017e-05 2 2 2 0 2 3 0 1 1 3
-4.4756839200704993e-07 2 2 2 0 2 3 0 2 2 0
-2.4171627242375017e-05 2 2 2 0 2 3 0 2 2 3
2.762476856764622e-05 2 2 2 0 2 3 0 3 0 0
0.0001691716915844918 2 2 2 0 2 3 0 3 3 0
2.68495199843873e-05 2 2 2 0 2 3 0 3 3 3
1.0746359998408562e-05 2 2 2 0 2 3 3 1 1 0
1.0746359998408562e-05 2 2 2 0 2 3 3 2 2 0
2.4894941339657694e-05 2 2 2 0 2 3 3 3 3 0
-0.00028266845473539644 2 2 2 1 0 3 0 1 3 2
0.00028266845473539644 2 2 2 1 0 3 0 2 3 1
-1.2624501434662434e-06 2 2 2 1 3 0 0 1 3 2
1.2624501434662434e-06 2 2 2 1 3 0 0 2 3 1
1.7134937311165568e-05 2 2 2 1 3 3 0 1 0 2
7.787775779433523e-07 2 2 2 1 3 3 0 1 3 2
-1.7134937311165568e-05 2 2 2 1 3 3 0 2 0 1
-7.787775779433523e-07 2 2 2 1 3 3 0 2 3 1
-0.00032075885378137305 2 2 2 1 3 3 3 1 3 2
0.00032075885378137305 2 2 2 1 3 3 3 2 3 1
1.7578552924126187e-06 2 2 2 2 0 3 0 3 1 1
1.7578552924126187e-06 2 2 2 2 0 3 0 3 2 2
-1.0708793249110898e-05 2 2 2 2 3 0 0 3 1 1
-1.0708793249110898e-05 2 2 2 2 3 0 0 3 2 2
2.16827210807589e-06 2 2 2 2 3 3 0 0 1 1
2.16827210807589e-06 2 2 2 2 3 3 0 0 2 2
6.154349782805787e-06 2 2 2 2 3 3 0 3 1 1
6.154349782805787e-06 2 2 2 2 3 3 0 3 2 2
2.3972377119684686e-05 2 2 2 3 2 0 0 0 3 0
1.8243238767916644e-05 2 2 2 3 2 0 0 3 0 0
0.00019734749940450376 2 2 2 3 2 0 0 3 3 0
2.793031885245903e-05 2 2 2 3 2 0 0 3 3 3
1.784897041388353e-05 2 2 2 3 2 0 3 3 3 0
2.3886409548342804e-05 2 2 2 3 2 3 0 0 0 0
0.0001691150558324473 2 2 2 3 2 3 0 0 3 0
1.8974260909902246e-05 2 2 2 3 2 3 0 0 3 3
-9.847556679473166e-06 2 2 2 3 2 3 0 1 1 0
-9.847556679473166e-06 2 2 2 3 2 3 0 2 2 0
0.00016563474789973193 2 2 2 3 2 3 0 3 0 0
2.5091664691974683e-05 2 2 2 3 2 3 0 3 0 3
-0.22937771120888975 2 2 2 3 2 3 0 3 3 0
0.0001299492937262043 2 2 2 3 2 3 0 3 3 3
2.5777057122535164e-05 2 2 2 3 2 3 3 0 3 0
2.3057346834163335e-05 2 2 2 3 2 3 3 3 0 0
0.0001983985091897513 2 2 2 3 2 3 3 3 3 0
2.067494160934829e-05 2 2 2 3 2 3 3 3 3 3
0.00034502633319302283 2 2 3 0 0 3 0 0 1 1
0.00034502633319302283 2 2 3 0 0 3 0 0 2 2
0.00034578490172587634 2 2 3 0 3 0 0 0 1 1
0.00034578490172587634 2 2 3 0 3 0 0 0 2 2
0.0023254394763319577 2 2 3 0 3 3 0 0 1 1
0.0023254394763319577 2 2 3 0 3 3 0 0 2 2
4.156281030124297e-05 2 2 3 0 3 3 0 1 3 1
4.156281030124297e-05 2 2 3 0 3 3 0 2 3 2
0.00037985812106158606 2 2 3 0 3 3 0 3 1 1
0.00037985812106158606 2 2 3 0 3 3 0 3 2 2
0.0003423212620972387 2 2 3 0 3 3 3 0 1 1
0.0003423212620972387 2 2 3 0 3 3 3 0 2 2
-0.004028923168222809 2 2 3 1 1 0 0 0 3 0
-0.004041386813397726 2 2 3 1 1 3 0 0 0 0
-0.0272033203481329 2 2 3 1 1 3 0 0 3 0
-0.004317484128035057 2 2 3 1 1 3 0 0 3 3
-0.004442146448085781 2 2 3 1 1 3 0 3 3 0
-0.004003181962464745 2 2 3 1 1 3 3 0 3 0
-1.2461196731011337e-06 2 2 3 1 2 3 0 1 2 0
1.2461196731011337e-06 2 2 3 1 2 3 0 2 1 0
-2.5356262534166498e-05 2 2 3 2 1 3 0 1 2 0
2.5356262534166498e-05 2 2 3 2 1 3 0 2 1 0
0.00019799922857599594 2 2 3 2 2 0 0 0 3 0
0.00019861174761069553 2 2 3 2 2 3 0 0 0 0
0.0013368923205383243 2 2 3 2 2 3 0 0 3 0
0.00021218039933909512 2 2 3 2 2 3 0 0 3 3
0.0002183068609696417 2 2 3 2 2 3 0 3 3 0
0.00019673419107840552 2 2 3 2 2 3 3 0 3 0
7.767127107870813e-05 2 2 3 3 0 3 0 1 3 1
7.767127107870813e-05 2 2 3 3 0 3 0 2 3 2
4.448815113598911e-05 2 2 3 3 3 0 0 1 3 1
4.448815113598911e-05 2 2 3 3 3 0 0 2 3 2
0.0003284533091280896 2 2 3 3 3 3 0 0 1 1
0.0003284533091280896 2 2 3 3 3 3 0 0 2 2
4.373108240931886e-05 2 2 3 3 3 3 0 1 0 1
0.00029426343755944583 2 2 3 3 3 3 0 1 3 1
4.373108240931886e-05 2 2 3 3 3 3 0 2 0 2
0.00029426343755944583 2 2 3 3 3 3 0 2 3 2
8.390682116720993e-05 2 2 3 3 3 3 3 1 3 1
8.390682116720993e-05 2 2 3 3 3 3 3 2 3 2
0.008687006863030939 2 3 0 0 1 1 0 0 0 2
0.0011670404533209151 2 3 0 0 1 1 0 0 3 2
0.0010912740472539442 2 3 0 0 1 1 0 3 0 2
0.0015153241733909782 2 3 0 0 1 1 3 0 0 2
-0.008687006863030939 2 3 0 0 1 2 0 0 0 1
-0.0011670404533209151 2 3 0 0 1 2 0 0 3 1
-0.0010912740472539442 2 3 0 0 1 2 0 3 0 1
-0.0015153241733909782 2 3 0 0 1 2 3 0 0 1
-0.00032455345684936644 2 3 0 0 1 3 1 0 2 0
0.00032455345684936644 2 3 0 0 1 3 2 0 1 0
-0.0011540997031964772 2 3 0 0 2 0 1 0 1 0
-0.00039925257132045926 2 3 0 0 2 0 1 0 1 3
-3.4340174465257006e-05 2 3 0 0 2 0 1 1 3 0
-0.00014073708437919847 2 3 0 0 2 0 1 3 1 0
-0.0011540997031964772 2 3 0 0 2 0 2 0 2 0
-0.00039925257132045926 2 3 0 0 2 0 2 0 2 3
-3.4340174465257006e-05 2 3 0 0 2 0 2 2 3 0
-0.00014073708437919847 2 3 0 0 2 0 2 3 2 0
1.3419235398529104 2 3 0 0 2 3 1 0 1 0
-0.0007599510597932693 2 3 0 0 2 3 1 0 1 3
-2.0442858057824428e-05 2 3 0 0 2 3 1 1 0 0
-0.0001225728871706621 2 3 0 0 2 3 1 1 3 0
-1.9869159251686632e-05 2 3 0 0 2 3 1 1 3 3
-0.000989325933371577 2 3 0 0 2 3 1 3 1 0
-0.0001467375206734067 2 3 0 0 2 3 1 3 1 3
1.3419235398529106 2 3 0 0 2 3 2 0 2 0
-0.0007599510597932693 2 3 0 0 2 3 2 0 2 3
-2.0442858057824428e-05 2 3 0 0 2 3 2 2 0 0
-0.0001225728871706621 2 3 0 0 2 3 2 2 3 0
-1.9869159251686632e-05 2 3 0 0 2 3 2 2 3 3
-0.000989325933371577 2 3 0 0 2 3 2 3 2 0
-0.0001467375206734067 2 3 0 0 2 3 2 3 2 3
0.004776955471676217 2 3 0 1 0 0 1 0 3 2
-0.004776955471676217 2 3 0 1 0 0 2 0 3 1
0.056261472421256384 2 3 0 1 0 1 0 0 2 0
0.007762911291044587 2 3 0 1 0 1 0 0 2 3
0.007059660182579123 2 3 0 1 0 1 0 3 2 0
0.007911104834074676 2 3 0 1 0 1 3 0 2 0
-0.056261472421256384 2 3 0 1 0 2 0 0 1 0
-0.007762911291044587 2 3 0 1 0 2 0 0 1 3
-0.007059660182579123 2 3 0 1 0 2 0 3 1 0
-0.007911104834074676 2 3 0 1 0 2 3 0 1 0
0.004696962128893354 2 3 0 1 0 3 1 0 0 2
0.022683125347124754 2 3 0 1 0 3 1 0 3 2
0.004686682088470455 2 3 0 1 0 3 1 3 3 2
-0.004696962128893354 2 3 0 1 0 3 2 0 0 1
-0.022683125347124754 2 3 0 1 0 3 2 0 3 1
-0.004686682088470455 2 3 0 1 0 3 2 3 3 1
0.00018681566253952574 2 3 0 1 3 0 1 0 0 2
0.034447729091668836 2 3 0 1 3 0 1 0 3 2
0.004141687111710937 2 3 0 1 3 0 1 3 3 2
-0.00018681566253952574 2 3 0 1 3 0 2 0 0 1
-0.034447729091668836 2 3 0 1 3 0 2 0 3 1
-0.004141687111710937 2 3 0 1 3 0 2 3 3 1
0.004017812735641498 2 3 0 1 3 1 0 0 2 0
-0.004017812735641498 2 3 0 1 3 2 0 0 1 0
0.028912152122696797 2 3 0 1 3 3 1 0 0 2
-40.02982472632994 2 3 0 1 3 3 1 0 3 2
0.004169460305181787 2 3 0 1 3 3 1 3 0 2
0.029519652624013154 2 3 0 1 3 3 1 3 3 2
-0.028912152122696797 2 3 0 1 3 3 2 0 0 1
40.02982472632994 2 3 0 1 3 3 2 0 3 1
-0.004169460305181787 2 3 0 1 3 3 2 3 0 1
-0.029519652624013154 2 3 0 1 3 3 2 3 3 1
-0.006345079225814466 2 3 0 2 0 1 0 1 0 0
-0.0008755242712179033 2 3 0 2 0 1 0 1 0 3
-0.000796177228181972 2 3 0 2 0 1 0 1 3 0
-0.0008826981394198124 2 3 0 2 0 1 3 1 0 0
-0.006345079225814466 2 3 0 2 0 2 0 2 0 0
-0.0008755242712179033 2 3 0 2 0 2 0 2 0 3
-0.000796177228181972 2 3 0 2 0 2 0 2 3 0
-0.0008826981394198124 2 3 0 2 0 2 3 2 0 0
-1.3008465986235964e-06 2 3 0 2 0 3 1 1 1 1
-1.3008465986235964e-06 2 3 0 2 0 3 1 1 2 2
-1.3008465986235964e-06 2 3 0 2 0 3 2 2 1 1
-1.3008465986235964e-06 2 3 0 2 0 3 2 2 2 2
9.89411907936701e-07 2 3 0 2 3 0 1 1 1 1
0.0004877932917063621 2 3 0 2 3 0 1 1 2 2
-0.00048680387979842536 2 3 0 2 3 0 1 2 1 2
-0.00048680387979842536 2 3 0 2 3 0 2 1 2 1
0.0004877932917063621 2 3 0 2 3 0 2 2 1 1
9.89411907936701e-07 2 3 0 2 3 0 2 2 2 2
-0.0004277284982541467 2 3 0 2 3 1 0 1 0 0
-0.0004277284982541467 2 3 0 2 3 2 0 2 0 0
-0.00017612510636186426 2 3 0 2 3 3 1 0 3 1
7.812470269132197e-05 2 3 0 2 3 3 1 1 2 2
-7.812470269132197e-05 2 3 0 2 3 3 1 2 1 2
-0.00017612510636186383 2 3 0 2 3 3 2 0 3 2
-7.812470269132197e-05 2 3 0 2 3 3 2 1 2 1
7.812470269132197e-05 2 3 0 2 3 3 2 2 1 1
0.001042713608367442 2 3 0 3 1 1 0 0 0 2
-9.743577059023392e-06 2 3 0 3 1 1 0 1 1 2
-9.7435770590234e-06 2 3 0 3 1 1 0 2 2 2
-0.001042713608367442 2 3 0 3 1 2 0 0 0 1
9.7435770590234e-06 2 3 0 3 1 2 0 1 1 1
9.743577059023392e-06 2 3 0 3 1 2 0 2 2 1
-4.106931909272455e-05 2 3 0 3 1 3 1 2 3 0
4.106931909272455e-05 2 3 0 3 1 3 2 1 3 0
-0.000284980915647746 2 3 0 3 2 0 1 0 1 0
-1.7809011441932225e-05 2 3 0 3 2 0 1 1 0 0
-0.00014604093093173776 2 3 0 3 2 0 1 1 3 0
-5.0521819762225034e-05 2 3 0 3 2 0 1 1 3 3
-0.000284980915647746 2 3 0 3 2 0 2 0 2 0
-1.7809011441932225e-05 2 3 0 3 2 0 2 2 0 0
-0.00014604093093173776 2 3 0 3 2 0 2 2 3 0
-5.052181976222504e-05 2 3 0 3 2 0 2 2 3 3
-0.0009686416801171861 2 3 0 3 2 3 1 0 1 0
-0.0004638576430740746 2 3 0 3 2 3 1 0 1 3
-0.000125190293268708 2 3 0 3 2 3 1 1 0 0
-1.856831265306304e-05 2 3 0 3 2 3 1 1 0 3
0.16980834710947712 2 3 0 3 2 3 1 1 3 0
-9.616496731381234e-05 2 3 0 3 2 3 1 1 3 3
-0.00014697649882855973 2 3 0 3 2 3 1 3 1 0
-0.0009686416801171861 2 3 0 3 2 3 2 0 2 0
-0.0004638576430740746 2 3 0 3 2 3 2 0 2 3
-0.000125190293268708 2 3 0 3 2 3 2 2 0 0
-1.856831265306304e-05 2 3 0 3 2 3 2 2 0 3
0.16980834710947715 2 3 0 3 2 3 2 2 3 0
-9.616496731381234e-05 2 3 0 3 2 3 2 2 3 3
-0.00014697649882855973 2 3 0 3 2 3 2 3 2 0
0.006921907881666135 2 3 1 0 0 1 0 2 0 0
0.0009548030313422049 2 3 1 0 0 1 0 2 0 3
0.000868557386728056 2 3 1 0 0 1 0 2 3 0
0.0007374082244737257 2 3 1 0 0 1 0 3 2 0
0.0010472123169107694 2 3 1 0 0 1 3 2 0 0
-0.006921907881666135 2 3 1 0 0 2 0 1 0 0
-0.0009548030313422049 2 3 1 0 0 2 0 1 0 3
-0.000868557386728056 2 3 1 0 0 2 0 1 3 0
-0.0007374082244737257 2 3 1 0 0 2 0 3 1 0
-0.0010472123169107694 2 3 1 0 0 2 3 1 0 0
1.0280040422896077e-05 2 3 1 0 0 3 1 1 1 2
-1.0280040422896077e-05 2 3 1 0 0 3 1 2 1 1
0.0005542295888219525 2 3 1 0 0 3 1 3 3 2
1.0280040422896077e-05 2 3 1 0 0 3 2 1 2 2
-1.0280040422896077e-05 2 3 1 0 0 3 2 2 2 1
-0.0005542295888219525 2 3 1 0 0 3 2 3 3 1
-0.00022597236946706562 2 3 1 0 3 0 1 1 1 2
7.818903796378655e-06 2 3 1 0 3 0 1 2 1 1
-0.00021815346567068697 2 3 1 0 3 0 1 2 2 2
0.0005534201836519736 2 3 1 0 3 0 1 3 3 2
0.00021815346567068697 2 3 1 0 3 0 2 1 1 1
-7.818903796378655e-06 2 3 1 0 3 0 2 1 2 2
0.00022597236946706562 2 3 1 0 3 0 2 2 2 1
-0.0005534201836519736 2 3 1 0 3 0 2 3 3 1
0.0006917805311620461 2 3 1 0 3 1 0 2 0 0
-0.0006917805311620461 2 3 1 0 3 2 0 1 0 0
0.0005551322125276005 2 3 1 0 3 3 1 0 3 2
-9.885978029632599e-06 2 3 1 0 3 3 1 1 1 2
-9.885978029632599e-06 2 3 1 0 3 3 1 2 2 2
0.0006101812818120855 2 3 1 0 3 3 1 3 0 2
0.003736697354208436 2 3 1 0 3 3 1 3 3 2
-0.0005551322125276005 2 3 1 0 3 3 2 0 3 1
9.885978029632599e-06 2 3 1 0 3 3 2 1 1 1
9.885978029632599e-06 2 3 1 0 3 3 2 2 2 1
-0.0006101812818120855 2 3 1 0 3 3 2 3 0 1
-0.003736697354208436 2 3 1 0 3 3 2 3 3 1
1.3605042423594388e-05 2 3 1 1 1 0 1 2 3 0
-1.3605042423594388e-05 2 3 1 1 1 0 2 1 3 0
-4.1926558031536335e-06 2 3 1 1 1 1 0 3 0 2
4.1926558031536335e-06 2 3 1 1 1 2 0 3 0 1
-0.0003068400819777715 2 3 1 1 1 3 1 2 3 3
0.0003068400819777715 2 3 1 1 1 3 2 1 3 3
1.579897925334524e-05 2 3 1 1 2 0 1 3 1 0
1.579897925334524e-05 2 3 1 1 2 0 2 3 2 0
-9.221524349747557e-07 2 3 1 1 2 3 1 0 1 0
-2.617406098045917e-06 2 3 1 1 2 3 1 3 1 0
3.8827850917119284e-05 2 3 1 1 2 3 1 3 1 3
-9.221524349747557e-07 2 3 1 1 2 3 2 0 2 0
-2.617406098045917e-06 2 3 1 1 2 3 2 3 2 0
3.8827850917119284e-05 2 3 1 1 2 3 2 3 2 3
1.7215956779162542e-06 2 3 1 2 1 0 1 3 1 0
1.7215956779162542e-06 2 3 1 2 1 0 2 3 2 0
-3.8827850917119284e-05 2 3 1 2 1 3 1 3 1 3
-3.8827850917119284e-05 2 3 1 2 1 3 2 3 2 3
1.5604261062624702e-05 2 3 1 2 2 0 1 2 3 0
-1.5604261062624702e-05 2 3 1 2 2 0 2 1 3 0
-7.287380631692407e-06 2 3 1 2 2 3 1 2 0 0
-3.31209185936302e-07 2 3 1 2 2 3 1 2 3 0
7.287380631692407e-06 2 3 1 2 2 3 2 1 0 0
3.31209185936302e-07 2 3 1 2 2 3 2 1 3 0
0.0006044807239537824 2 3 1 3 0 0 1 3 3 2
-0.0006044807239537824 2 3 1 3 0 0 2 3 3 1
0.0007961772281819717 2 3 1 3 0 1 0 0 2 0
0.0008044457160162438 2 3 1 3 0 1 0 2 0 0
0.006345079225814466 2 3 1 3 0 1 0 3 2 0
0.0008755242712179033 2 3 1 3 0 1 0 3 2 3
0.0008826981394198124 2 3 1 3 0 1 3 3 2 0
-0.0007961772281819717 2 3 1 3 0 2 0 0 1 0
-0.0008044457160162438 2 3 1 3 0 2 0 1 0 0
-0.006345079225814466 2 3 1 3 0 2 0 3 1 0
-0.0008755242712179033 2 3 1 3 0 2 0 3 1 3
-0.0008826981394198124 2 3 1 3 0 2 3 3 1 0
0.000594358286337695 2 3 1 3 0 3 1 0 3 2
0.0005930574397390717 2 3 1 3 0 3 1 3 0 2
0.0028703453722069214 2 3 1 3 0 3 1 3 3 2
-0.000594358286337695 2 3 1 3 0 3 2 0 3 1
-0.0005930574397390717 2 3 1 3 0 3 2 3 0 1
-0.0028703453722069214 2 3 1 3 0 3 2 3 3 1
0.00048283836284182747 2 3 1 3 3 0 1 0 3 2
6.489470817563211e-05 2 3 1 3 3 0 1 3 0 2
0.00435905009861627 2 3 1 3 3 0 1 3 3 2
-0.0004828383628418275 2 3 1 3 3 0 2 0 3 1
-6.489470817563211e-05 2 3 1 3 3 0 2 3 0 1
-0.00435905009861627 2 3 1 3 3 0 2 3 3 1
0.0004277284982541467 2 3 1 3 3 1 0 3 2 0
-0.0004277284982541467 2 3 1 3 3 2 0 3 1 0
0.0005276076778853581 2 3 1 3 3 3 1 0 0 2
0.0037354463726592415 2 3 1 3 3 3 1 0 3 2
-0.00021751475465519451 2 3 1 3 3 3 1 1 1 2
-0.00021751475465519451 2 3 1 3 3 3 1 2 2 2
0.0036585726515171143 2 3 1 3 3 3 1 3 0 2
-5.065414064206088 2 3 1 3 3 3 1 3 3 2
-0.0005276076778853581 2 3 1 3 3 3 2 0 0 1
-0.0037354463726592415 2 3 1 3 3 3 2 0 3 1
0.00021751475465519451 2 3 1 3 3 3 2 1 1 1
0.00021751475465519451 2 3 1 3 3 3 2 2 2 1
-0.0036585726515171143 2 3 1 3 3 3 2 3 0 1
5.065414064206088 2 3 1 3 3 3 2 3 3 1
-1.9992186390303117e-06 2 3 2 1 2 0 1 2 3 0
1.9992186390303117e-06 2 3 2 1 2 0 2 1 3 0
7.287380631692407e-06 2 3 2 1 2 3 1 2 0 0
3.31209185936302e-07 2 3 2 1 2 3 1 2 3 0
-0.0003068400819777715 2 3 2 1 2 3 1 2 3 3
-7.287380631692407e-06 2 3 2 1 2 3 2 1 0 0
-3.31209185936302e-07 2 3 2 1 2 3 2 1 3 0
0.0003068400819777715 2 3 2 1 2 3 2 1 3 3
-4.192655803153641e-06 2 3 2 2 1 1 0 3 0 2
4.192655803153641e-06 2 3 2 2 1 2 0 3 0 1
1.7520574931261492e-05 2 3 2 2 2 0 1 3 1 0
1.7520574931261492e-05 2 3 2 2 2 0 2 3 2 0
-9.221524349747557e-07 2 3 2 2 2 3 1 0 1 0
-2.617406098045917e-06 2 3 2 2 2 3 1 3 1 0
-9.221524349747557e-07 2 3 2 2 2 3 2 0 2 0
-2.617406098045917e-06 2 3 2 2 2 3 2 3 2 0
-2.2287047143585434e-05 2 3 2 3 3 3 1 3 3 1
-2.2287047143585434e-05 2 3 2 3 3 3 2 3 3 2
0.0010101113658689748 2 3 3 0 1 1 0 0 0 2
-0.0010101113658689748 2 3 3 0 1 2 0 0 0 1
-0.00014852244164544455 2 3 3 0 2 0 1 0 1 0
-0.00014852244164544455 2 3 3 0 2 0 2 0 2 0
-0.0009889947241856411 2 3 3 0 2 3 1 0 1 0
-0.00015701756109630277 2 3 3 0 2 3 1 0 1 3
-1.7676400752900152e-05 2 3 3 0 2 3 1 1 3 0
-0.0001615512600919444 2 3 3 0 2 3 1 3 1 0
-0.0009889947241856411 2 3 3 0 2 3 2 0 2 0
-0.00015701756109630277 2 3 3 0 2 3 2 0 2 3
-1.7676400752900152e-05 2 3 3 0 2 3 2 2 3 0
-0.0001615512600919444 2 3 3 0 2 3 2 3 2 0
0.006538558622821719 2 3 3 1 0 1 0 0 2 0
-0.006538558622821719 2 3 3 1 0 2 0 0 1 0
0.004379842006492684 2 3 3 1 0 3 1 0 3 2
-0.004379842006492684 2 3 3 1 0 3 2 0 3 1
0.0043734456198052185 2 3 3 1 3 0 1 0 3 2
-0.0043734456198052185 2 3 3 1 3 0 2 0 3 1
0.004386975059836981 2 3 3 1 3 3 1 0 0 2
0.029529538602042802 2 3 3 1 3 3 1 0 3 2
0.004822004569147367 2 3 3 1 3 3 1 3 3 2
-0.004386975059836981 2 3 3 1 3 3 2 0 0 1
-0.029529538602042802 2 3 3 1 3 3 2 0 3 1
-0.004822004569147367 2 3 3 1 3 3 2 3 3 1
-0.0007374082244737253 2 3 3 2 0 1 0 1 0 0
-0.0007374082244737253 2 3 3 2 0 2 0 2 0 0
2.752453464224238e-05 2 3 3 2 3 3 1 1 2 2
-2.752453464224238e-05 2 3 3 2 3 3 1 2 1 2
-2.752453464224238e-05 2 3 3 2 3 3 2 1 2 1
2.752453464224238e-05 2 3 3 2 3 3 2 2 1 1
-2.0515774016304415e-05 2 3 3 3 2 0 1 1 3 0
-2.0515774016304415e-05 2 3 3 3 2 0 2 2 3 0
-0.0001396891181968673 2 3 3 3 2 3 1 0 1 0
-1.859855318787491e-05 2 3 3 3 2 3 1 1 0 0
-0.00012514838172699837 2 3 3 3 2 3 1 1 3 0
-5.869701016880587e-05 2 3 3 3 2 3 1 1 3 3
-0.0001396891181968673 2 3 3 3 2 3 2 0 2 0
-1.859855318787491e-05 2 3 3 3 2 3 2 2 0 0
-0.00012514838172699837 2 3 3 3 2 3 2 2 3 0
-5.869701016880587e-05 2 3 3 3 2 3 2 2 3 3
-1409.5255365440762 3 0 0 0 0 0 0 0 0 0
-193.87612018440765 3 0 0 0 0 0 0 0 0 3
-194.27141244978904 3 0 0 0 0 0 0 0 3 0
0.4058342732582889 3 0 0 0 0 0 0 0 3 3
-0.0012386655796832286 3 0 0 0 0 0 0 1 1 0
-0.00024204691163884755 3 0 0 0 0 0 0 1 1 3
-0.0012386655796832286 3 0 0 0 0 0 0 2 2 0
-0.00024204691163884755 3 0 0 0 0 0 0 2 2 3
-178.16760961078322 3 0 0 0 0 0 0 3 0 0
0.3996817156582843 3 0 0 0 0 0 0 3 0 3
0.4206319714089014 3 0 0 0 0 0 0 3 3 0
0.06130460463435746 3 0 0 0 0 0 0 3 3 3
-173.3319395847552 3 0 0 0 0 0 3 0 0 0
0.3947504116361457 3 0 0 0 0 0 3 0 0 3
0.4371147138595092 3 0 0 0 0 0 3 0 3 0
0.05632611879785461 3 0 0 0 0 0 3 0 3 3
-0.00022442649515515818 3 0 0 0 0 0 3 1 1 0
-0.00022442649515515818 3 0 0 0 0 0 3 2 2 0
0.4258582895177384 3 0 0 0 0 0 3 3 0 0
0.0548767944952243 3 0 0 0 0 0 3 3 0 3
0.05588267298813636 3 0 0 0 0 0 3 3 3 0
-197.27193443447368 3 0 0 0 0 3 0 0 0 0
0.4392627936882562 3 0 0 0 0 3 0 0 0 3
0.4238893742001354 3 0 0 0 0 3 0 0 3 0
0.05926612182198154 3 0 0 0 0 3 0 0 3 3
-0.00040937291841902786 3 0 0 0 0 3 0 1 1 0
-0.00040937291841902786 3 0 0 0 0 3 0 2 2 0
0.44831385232032195 3 0 0 0 0 3 0 3 0 0
0.06232154468855432 3 0 0 0 0 3 0 3 0 3
0.05540316734374226 3 0 0 0 0 3 0 3 3 0
0.46349322056531694 3 0 0 0 0 3 3 0 0 0
0.05711758800518841 3 0 0 0 0 3 3 0 0 3
0.05344550217232104 3 0 0 0 0 3 3 0 3 0
0.056200044781688004 3 0 0 0 0 3 3 3 0 0
-183.83207355070533 3 0 0 0 3 0 0 0 0 0
0.4033617636376299 3 0 0 0 3 0 0 0 0 3
0.4093956735285617 3 0 0 0 3 0 0 0 3 0
0.06910992461756457 3 0 0 0 3 0 0 0 3 3
-0.00022619994510522271 3 0 0 0 3 0 0 1 1 0
-0.00022619994510522271 3 0 0 0 3 0 0 2 2 0
0.40309072839792276 3 0 0 0 3 0 0 3 0 0
0.06696492960937962 3 0 0 0 3 0 0 3 0 3
0.06313178239404858 3 0 0 0 3 0 0 3 3 0
0.4272234414028616 3 0 0 0 3 0 3 0 0 0
0.06322254420208913 3 0 0 0 3 0 3 0 0 3
0.062360221177090544 3 0 0 0 3 0 3 0 3 0
0.06043970751976761 3 0 0 0 3 0 3 3 0 0
0.00014105286323225598 3 0 0 0 3 1 1 0 1 1
-0.003733871081874403 3 0 0 0 3 1 1 0 2 2
0.003874923945106659 3 0 0 0 3 1 2 0 2 1
0.003874923945106659 3 0 0 0 3 2 1 0 1 2
-0.003733871081874403 3 0 0 0 3 2 2 0 1 1
0.00014105286323225598 3 0 0 0 3 2 2 0 2 2
0.4392627936882562 3 0 0 0 3 3 0 0 0 0
0.07061695727228481 3 0 0 0 3 3 0 0 0 3
0.06118708957924121 3 0 0 0 3 3 0 0 3 0
0.06389319193051274 3 0 0 0 3 3 0 3 0 0
0.06297754149315728 3 0 0 0 3 3 3 0 0 0
1.5846966533624868e-05 3 0 0 1 1 0 0 1 3 1
1.5846966533624868e-05 3 0 0 1 1 0 0 2 3 2
-4.14388179273121e-06 3 0 0 1 1 0 3 1 0 1
-4.14388179273121e-06 3 0 0 1 1 0 3 2 0 2
0.0005407684711985075 3 0 0 1 1 1 1 0 3 0
0.0005407684711985075 3 0 0 1 1 2 2 0 3 0
-4.49226977471659e-05 3 0 0 1 1 3 0 1 0 1
-4.49226977471659e-05 3 0 0 1 1 3 0 2 0 2
-0.010813824684335335 3 0 0 1 2 0 0 0 1 2
0.010813824684335335 3 0 0 1 2 0 0 0 2 1
-0.0013749165233517162 3 0 0 1 2 0 0 3 1 2
0.0013749165233517162 3 0 0 1 2 0 0 3 2 1
-0.0013719406656964434 3 0 0 1 2 0 3 0 1 2
0.0013719406656964434 3 0 0 1 2 0 3 0 2 1
-0.0019209677572596699 3 0 0 1 2 3 0 0 1 2
0.0019209677572596699 3 0 0 1 2 3 0 0 2 1
0.010813824684335335 3 0 0 2 1 0 0 0 1 2
-0.010813824684335335 3 0 0 2 1 0 0 0 2 1
0.0013749165233517162 3 0 0 2 1 0 0 3 1 2
-0.0013749165233517162 3 0 0 2 1 0 0 3 2 1
0.0013719406656964434 3 0 0 2 1 0 3 0 1 2
-0.0013719406656964434 3 0 0 2 1 0 3 0 2 1
0.0019209677572596699 3 0 0 2 1 3 0 0 1 2
-0.0019209677572596699 3 0 0 2 1 3 0 0 2 1
1.5846966533624868e-05 3 0 0 2 2 0 0 1 3 1
1.5846966533624868e-05 3 0 0 2 2 0 0 2 3 2
-4.14388179273121e-06 3 0 0 2 2 0 3 1 0 1
-4.14388179273121e-06 3 0 0 2 2 0 3 2 0 2
0.0005407684711985075 3 0 0 2 2 1 1 0 3 0
0.0005407684711985075 3 0 0 2 2 2 2 0 3 0
-4.49226977471659e-05 3 0 0 2 2 3 0 1 0 1
-4.49226977471659e-05 3 0 0 2 2 3 0 2 0 2
-129.23485880674997 3 0 0 3 0 0 0 0 0 0
0.3797973240381385 3 0 0 3 0 0 0 0 0 3
0.40529580268800586 3 0 0 3 0 0 0 0 3 0
0.06062244305118824 3 0 0 3 0 0 0 0 3 3
2.0709527091265594 3 0 0 3 0 0 0 1 1 0
-0.0007912203072260542 3 0 0 3 0 0 0 1 1 3
2.0709527091265594 3 0 0 3 0 0 0 2 2 0
-0.0007912203072260542 3 0 0 3 0 0 0 2 2 3
0.38033234848940184 3 0 0 3 0 0 0 3 0 0
0.05662280887715172 3 0 0 3 0 0 0 3 0 3
0.0566099027678987 3 0 0 3 0 0 0 3 3 0
0.39215759903189795 3 0 0 3 0 0 3 0 0 0
0.055318512194061996 3 0 0 3 0 0 3 0 0 3
0.055374555587605415 3 0 0 3 0 0 3 0 3 0
-0.00144757873147849 3 0 0 3 0 0 3 1 1 0
-0.00018638343507691035 3 0 0 3 0 0 3 1 1 3
-0.00144757873147849 3 0 0 3 0 0 3 2 2 0
-0.00018638343507691035 3 0 0 3 0 0 3 2 2 3
0.05173073527202839 3 0 0 3 0 0 3 3 0 0
0.4238893742001354 3 0 0 3 0 3 0 0 0 0
0.06118708957924121 3 0 0 3 0 3 0 0 0 3
0.06276349468405383 3 0 0 3 0 3 0 0 3 0
0.003140993443454549 3 0 0 3 0 3 0 1 1 0
0.0003929280758287398 3 0 0 3 0 3 0 1 1 3
0.003140993443454549 3 0 0 3 0 3 0 2 2 0
0.0003929280758287398 3 0 0 3 0 3 0 2 2 3
0.05685227837186573 3 0 0 3 0 3 0 3 0 0
0.055454392193707625 3 0 0 3 0 3 3 0 0 0
0.0003542348062940566 3 0 0 3 0 3 3 1 1 0
0.0003542348062940566 3 0 0 3 0 3 3 2 2 0
0.36173107493974055 3 0 0 3 3 0 0 0 0 0
0.06035579405422856 3 0 0 3 3 0 0 0 0 3
0.05891438545249273 3 0 0 3 3 0 0 0 3 0
-0.0008108173783377246 3 0 0 3 3 0 0 1 1 0
-0.0002758468460942576 3 0 0 3 3 0 0 1 1 3
-0.0008108173783377246 3 0 0 3 3 0 0 2 2 0
-0.0002758468460942576 3 0 0 3 3 0 0 2 2 3
0.05514710217027176 3 0 0 3 3 0 0 3 0 0
0.05473930784154847 3 0 0 3 3 0 3 0 0 0
-0.0002469784932981079 3 0 0 3 3 0 3 1 1 0
-0.0002469784932981079 3 0 0 3 3 0 3 2 2 0
1.784897041388353e-05 3 0 0 3 3 1 1 1 3 1
-0.0004724877818317908 3 0 0 3 3 1 1 2 3 2
0.0004903367522456744 3 0 0 3 3 1 2 2 3 1
0.0004903367522456744 3 0 0 3 3 2 1 1 3 2
-0.0004724877818317908 3 0 0 3 3 2 2 1 3 1
1.784897041388353e-05 3 0 0 3 3 2 2 2 3 2
0.05926612182198154 3 0 0 3 3 3 0 0 0 0
0.00034800537808157416 3 0 0 3 3 3 0 1 1 0
0.00034800537808157416 3 0 0 3 3 3 0 2 2 0
-0.010813824684335326 3 0 1 0 2 0 0 1 0 2
-0.0014981431057498463 3 0 1 0 2 0 0 1 3 2
0.010813824684335326 3 0 1 0 2 0 0 2 0 1
0.0014981431057498463 3 0 1 0 2 0 0 2 3 1
-4.037185861494376e-05 3 0 1 0 2 0 0 3 1 2
4.037185861494376e-05 3 0 1 0 2 0 0 3 2 1
-0.0013397176916593214 3 0 1 0 2 0 3 1 0 2
0.0013397176916593214 3 0 1 0 2 0 3 2 0 1
-0.0015716472419584134 3 0 1 0 2 3 0 1 0 2
0.0015716472419584134 3 0 1 0 2 3 0 2 0 1
0.00423405631473292 3 0 1 1 0 0 0 0 0 0
0.0005762687882957993 3 0 1 1 0 0 0 0 0 3
0.0005710556420373199 3 0 1 1 0 0 0 0 3 0
-5.263588208820633 3 0 1 1 0 0 0 3 0 0
0.003364751264328446 3 0 1 1 0 0 0 3 0 3
0.004185500454174883 3 0 1 1 0 0 0 3 3 0
0.0005762687882957996 3 0 1 1 0 0 0 3 3 3
0.0005295475403706107 3 0 1 1 0 0 3 0 0 0
0.004897500494335974 3 0 1 1 0 0 3 3 0 0
0.00022745760432548177 3 0 1 1 0 0 3 3 0 3
0.0005295475403706109 3 0 1 1 0 0 3 3 3 0
0.00025277326145852754 3 0 1 1 0 3 0 0 0 0
0.003140993443454549 3 0 1 1 0 3 0 3 0 0
0.0003480053780815741 3 0 1 1 0 3 0 3 0 3
-0.00040937291841902786 3 0 1 1 0 3 0 3 3 0
0.0003071859225787748 3 0 1 1 0 3 3 3 0 0
0.0006166406469107429 3 0 1 1 3 0 0 0 0 0
0.0033451541932167754 3 0 1 1 3 0 0 3 0 0
0.0007027496301115835 3 0 1 1 3 0 0 3 0 3
0.0006166406469107433 3 0 1 1 3 0 0 3 3 0
0.000628497003909373 3 0 1 1 3 0 3 3 0 0
0.00039292807582873984 3 0 1 1 3 3 0 3 0 0
-0.007672017318683978 3 0 1 2 0 0 0 1 2 0
-0.0010587343366385425 3 0 1 2 0 0 0 1 2 3
0.007672017318683978 3 0 1 2 0 0 0 2 1 0
0.0010587343366385425 3 0 1 2 0 0 0 2 1 3
-0.0009493359039437546 3 0 1 2 0 0 3 1 2 0
0.0009493359039437546 3 0 1 2 0 0 3 2 1 0
-0.0014491110281234707 3 0 1 2 0 3 0 1 2 0
0.0014491110281234707 3 0 1 2 0 3 0 2 1 0
-0.0010041721819298388 3 0 1 2 3 0 0 1 2 0
0.0010041721819298388 3 0 1 2 3 0 0 2 1 0
6.842938329646006e-05 3 0 1 3 1 1 1 3 3 0
6.842938329646006e-05 3 0 1 3 1 2 2 3 3 0
1.5846966533624854e-05 3 0 1 3 2 0 0 0 1 2
-1.5846966533624854e-05 3 0 1 3 2 0 0 0 2 1
-0.000999653840590888 3 0 1 3 2 0 0 1 0 2
0.000999653840590888 3 0 1 3 2 0 0 2 0 1
-4.1438817927312015e-06 3 0 1 3 2 0 3 3 1 2
4.1438817927312015e-06 3 0 1 3 2 0 3 3 2 1
-4.49226977471659e-05 3 0 1 3 2 3 0 3 1 2
4.49226977471659e-05 3 0 1 3 2 3 0 3 2 1
0.010813824684335326 3 0 2 0 1 0 0 1 0 2
0.0014981431057498463 3 0 2 0 1 0 0 1 3 2
-0.010813824684335326 3 0 2 0 1 0 0 2 0 1
-0.0014981431057498463 3 0 2 0 1 0 0 2 3 1
4.037185861494376e-05 3 0 2 0 1 0 0 3 1 2
-4.037185861494376e-05 3 0 2 0 1 0 0 3 2 1
0.0013397176916593214 3 0 2 0 1 0 3 1 0 2
-0.0013397176916593214 3 0 2 0 1 0 3 2 0 1
0.0015716472419584134 3 0 2 0 1 3 0 1 0 2
-0.0015716472419584134 3 0 2 0 1 3 0 2 0 1
0.007672017318683979 3 0 2 1 0 0 0 1 2 0
0.0010587343366385425 3 0 2 1 0 0 0 1 2 3
-0.007672017318683979 3 0 2 1 0 0 0 2 1 0
-0.0010587343366385425 3 0 2 1 0 0 0 2 1 3
0.0009493359039437546 3 0 2 1 0 0 3 1 2 0
-0.0009493359039437546 3 0 2 1 0 0 3 2 1 0
0.0014491110281234707 3 0 2 1 0 3 0 1 2 0
-0.0014491110281234707 3 0 2 1 0 3 0 2 1 0
0.0010041721819298388 3 0 2 1 3 0 0 1 2 0
-0.0010041721819298388 3 0 2 1 3 0 0 2 1 0
0.00423405631473292 3 0 2 2 0 0 0 0 0 0
0.0005762687882957993 3 0 2 2 0 0 0 0 0 3
0.0005710556420373199 3 0 2 2 0 0 0 0 3 0
-5.263588208820633 3 0 2 2 0 0 0 3 0 0
0.003364751264328446 3 0 2 2 0 0 0 3 0 3
0.004185500454174883 3 0 2 2 0 0 0 3 3 0
0.0005762687882957996 3 0 2 2 0 0 0 3 3 3
0.0005295475403706107 3 0 2 2 0 0 3 0 0 0
0.004897500494335974 3 0 2 2 0 0 3 3 0 0
0.00022745760432548177 3 0 2 2 0 0 3 3 0 3
0.0005295475403706109 3 0 2 2 0 0 3 3 3 0
0.00025277326145852754 3 0 2 2 0 3 0 0 0 0
0.003140993443454549 3 0 2 2 0 3 0 3 0 0
0.0003480053780815741 3 0 2 2 0 3 0 3 0 3
-0.00040937291841902786 3 0 2 2 0 3 0 3 3 0
0.0003071859225787748 3 0 2 2 0 3 3 3 0 0
0.0006166406469107429 3 0 2 2 3 0 0 0 0 0
0.0033451541932167754 3 0 2 2 3 0 0 3 0 0
0.0007027496301115835 3 0 2 2 3 0 0 3 0 3
0.0006166406469107433 3 0 2 2 3 0 0 3 3 0
0.000628497003909373 3 0 2 2 3 0 3 3 0 0
0.00039292807582873984 3 0 2 2 3 3 0 3 0 0
-1.5846966533624854e-05 3 0 2 3 1 0 0 0 1 2
1.5846966533624854e-05 3 0 2 3 1 0 0 0 2 1
0.000999653840590888 3 0 2 3 1 0 0 1 0 2
-0.000999653840590888 3 0 2 3 1 0 0 2 0 1
4.1438817927312015e-06 3 0 2 3 1 0 3 3 1 2
-4.1438817927312015e-06 3 0 2 3 1 0 3 3 2 1
4.49226977471659e-05 3 0 2 3 1 3 0 3 1 2
-4.49226977471659e-05 3 0 2 3 1 3 0 3 2 1
6.842938329646006e-05 3 0 2 3 2 1 1 3 3 0
6.842938329646006e-05 3 0 2 3 2 2 2 3 3 0
-170.16471025483767 3 0 3 0 0 0 0 0 0 0
0.4059617510307249 3 0 3 0 0 0 0 0 0 3
0.42251085888721995 3 0 3 0 0 0 0 0 3 0
0.06298606122653476 3 0 3 0 0 0 0 0 3 3
-0.0002725727591506748 3 0 3 0 0 0 0 1 1 0
-0.0002725727591506748 3 0 3 0 0 0 0 2 2 0
0.42858806890463486 3 0 3 0 0 0 0 3 0 0
0.0632213643990524 3 0 3 0 0 0 0 3 0 3
0.06105045200349643 3 0 3 0 0 0 0 3 3 0
0.43024073922971734 3 0 3 0 0 0 3 0 0 0
0.05708723071580703 3 0 3 0 0 0 3 0 0 3
0.05759366452209206 3 0 3 0 0 0 3 0 3 0
0.05774718782229003 3 0 3 0 0 0 3 3 0 0
0.448313852320322 3 0 3 0 0 3 0 0 0 0
0.06389319193051274 3 0 3 0 0 3 0 0 0 3
0.05685227837186573 3 0 3 0 0 3 0 0 3 0
0.061545770112539436 3 0 3 0 0 3 0 3 0 0
0.05784308098912354 3 0 3 0 0 3 3 0 0 0
0.38774311440169273 3 0 3 0 3 0 0 0 0 0
0.06582040048325434 3 0 3 0 3 0 0 0 0 3
0.06170106096359481 3 0 3 0 3 0 0 0 3 0
0.061950466409093186 3 0 3 0 3 0 0 3 0 0
0.05962652317546657 3 0 3 0 3 0 3 0 0 0
0.06232154468855433 3 0 3 0 3 3 0 0 0 0
-4.037185861494372e-05 3 0 3 1 1 0 0 1 0 1
-4.037185861494372e-05 3 0 3 1 1 0 0 2 0 2
-0.0013135868669290358 3 0 3 1 2 0 0 0 1 2
0.0013135868669290358 3 0 3 1 2 0 0 0 2 1
0.0013135868669290358 3 0 3 2 1 0 0 0 1 2
-0.0013135868669290358 3 0 3 2 1 0 0 0 2 1
-4.037185861494372e-05 3 0 3 2 2 0 0 1 0 1
-4.037185861494372e-05 3 0 3 2 2 0 0 2 0 2
0.36686720133035233 3 0 3 3 0 0 0 0 0 0
0.0556269778744703 3 0 3 3 0 0 0 0 0 3
0.05529273243246325 3 0 3 3 0 0 0 0 3 0
-0.001190109719125177 3 0 3 3 0 0 0 1 1 0
-0.00024204691163884739 3 0 3 3 0 0 0 1 1 3
-0.001190109719125177 3 0 3 3 0 0 0 2 2 0
-0.00024204691163884739 3 0 3 3 0 0 0 2 2 3
0.053173196842248055 3 0 3 3 0 0 0 3 0 0
0.05095784176762736 3 0 3 3 0 0 3 0 0 0
-0.0002244264951551581 3 0 3 3 0 0 3 1 1 0
-0.0002244264951551581 3 0 3 3 0 0 3 2 2 0
0.05540316734374226 3 0 3 3 0 3 0 0 0 0
0.00025277326145852754 3 0 3 3 0 3 0 1 1 0
0.00025277326145852754 3 0 3 3 0 3 0 2 2 0
0.052267855297539946 3 0 3 3 3 0 0 0 0 0
-0.00022619994510522258 3 0 3 3 3 0 0 1 1 0
-0.00022619994510522258 3 0 3 3 3 0 0 2 2 0
-0.04116003662974681 3 1 0 0 2 0 1 0 0 2
-0.005704875321906923 3 1 0 0 2 0 1 0 3 2
-0.005233306698752974 3 1 0 0 2 0 1 3 0 2
0.04116003662974681 3 1 0 0 2 0 2 0 0 1
0.005704875321906923 3 1 0 0 2 0 2 0 3 1
0.005233306698752974 3 1 0 0 2 0 2 3 0 1
-0.034447729091668836 3 1 0 0 2 1 0 0 2 0
-0.004776955471676217 3 1 0 0 2 1 0 0 2 3
-6.489470817563209e-05 3 1 0 0 2 1 0 2 3 0
-0.0043734456198052185 3 1 0 0 2 1 0 3 2 0
-0.004274639553072911 3 1 0 0 2 1 3 0 2 0
0.034447729091668836 3 1 0 0 2 2 0 0 1 0
0.004776955471676217 3 1 0 0 2 2 0 0 1 3
6.489470817563209e-05 3 1 0 0 2 2 0 1 3 0
0.0043734456198052185 3 1 0 0 2 2 0 3 1 0
0.004274639553072911 3 1 0 0 2 2 3 0 1 0
-0.005859953487968878 3 1 0 0 2 3 1 0 0 2
0.005859953487968878 3 1 0 0 2 3 2 0 0 1
-9.7435770590234e-06 3 1 0 1 0 0 1 1 0 3
1.656581105204347e-05 3 1 0 1 0 0 1 1 3 0
-9.7435770590234e-06 3 1 0 1 0 0 2 2 0 3
1.656581105204347e-05 3 1 0 1 0 0 2 2 3 0
-0.00039925257132045937 3 1 0 1 0 1 0 0 3 1
-0.00039925257132045937 3 1 0 1 0 2 0 0 3 2
-4.7048883715281814e-05 3 1 0 1 0 3 1 1 0 0
-4.7048883715281814e-05 3 1 0 1 0 3 2 2 0 0
-4.192655803153641e-06 3 1 0 1 3 0 1 1 0 0
-4.192655803153641e-06 3 1 0 1 3 0 2 2 0 0
-0.00028498091564774605 3 1 0 1 3 1 0 0 0 1
-0.0011540997031964772 3 1 0 1 3 1 0 0 3 1
-0.00014852244164544455 3 1 0 1 3 1 0 3 3 1
-0.00039971560796625154 3 1 0 1 3 1 3 0 3 1
-0.00028498091564774605 3 1 0 1 3 2 0 0 0 2
-0.0011540997031964772 3 1 0 1 3 2 0 0 3 2
-0.00014852244164544455 3 1 0 1 3 2 0 3 3 2
-0.00039971560796625154 3 1 0 1 3 2 3 0 3 2
-0.011304357593645146 3 1 0 2 0 0 1 0 2 0
-0.0016382654661524355 3 1 0 2 0 0 1 0 2 3
-0.0014372850027699953 3 1 0 2 0 0 1 3 2 0
0.011304357593645146 3 1 0 2 0 0 2 0 1 0
0.0016382654661524355 3 1 0 2 0 0 2 0 1 3
0.0014372850027699953 3 1 0 2 0 0 2 3 1 0
-0.0020088900213865897 3 1 0 2 0 3 1 0 2 0
0.0020088900213865897 3 1 0 2 0 3 2 0 1 0
-0.0015139386211989623 3 1 0 2 3 0 1 0 2 0
0.0015139386211989623 3 1 0 2 3 0 2 0 1 0
1.7520574931261495e-05 3 1 0 2 3 1 0 1 2 1
-1.579897925334524e-05 3 1 0 2 3 1 0 2 1 1
1.7215956779162542e-06 3 1 0 2 3 1 0 2 2 2
-1.7215956779162542e-06 3 1 0 2 3 2 0 1 1 1
1.579897925334524e-05 3 1 0 2 3 2 0 1 2 2
-1.7520574931261495e-05 3 1 0 2 3 2 0 2 1 2
-0.0019597767665038342 3 1 0 3 2 0 1 0 0 2
6.064383223161997e-05 3 1 0 3 2 0 1 1 1 2
6.064383223161997e-05 3 1 0 3 2 0 1 2 2 2
0.0019597767665038342 3 1 0 3 2 0 2 0 0 1
-6.064383223161997e-05 3 1 0 3 2 0 2 1 1 1
-6.064383223161997e-05 3 1 0 3 2 0 2 2 2 1
-0.00018681566253952574 3 1 0 3 2 1 0 0 2 0
-0.0005534201836519736 3 1 0 3 2 1 0 2 0 0
-0.00435905009861627 3 1 0 3 2 1 0 2 3 0
-0.0006044807239537822 3 1 0 3 2 1 0 2 3 3
-0.0005409171651282508 3 1 0 3 2 1 3 2 3 0
0.00018681566253952574 3 1 0 3 2 2 0 0 1 0
0.0005534201836519736 3 1 0 3 2 2 0 1 0 0
0.00435905009861627 3 1 0 3 2 2 0 1 3 0
0.0006044807239537822 3 1 0 3 2 2 0 1 3 3
0.0005409171651282508 3 1 0 3 2 2 3 1 3 0
-1.5604261062624702e-05 3 1 1 0 3 1 0 1 1 1
-1.3605042423594388e-05 3 1 1 0 3 1 0 1 2 2
-1.9992186390303117e-06 3 1 1 0 3 1 0 2 2 1
-1.7809011441932225e-05 3 1 1 0 3 1 0 3 3 1
-1.9992186390303117e-06 3 1 1 0 3 2 0 1 1 2
-1.3605042423594388e-05 3 1 1 0 3 2 0 2 1 1
-1.5604261062624702e-05 3 1 1 0 3 2 0 2 2 2
-1.7809011441932225e-05 3 1 1 0 3 2 0 3 3 2
-7.818903796378655e-06 3 1 1 1 1 1 0 1 3 0
-7.818903796378655e-06 3 1 1 1 1 2 0 2 3 0
-0.0003871519407321367 3 1 1 1 2 0 1 3 0 2
0.0003871519407321367 3 1 1 1 2 0 2 3 0 1
-0.0004877932917063621 3 1 1 1 2 1 0 3 2 0
0.0004877932917063621 3 1 1 1 2 2 0 3 1 0
9.89411907936701e-07 3 1 1 2 1 1 0 3 2 0
-9.89411907936701e-07 3 1 1 2 1 2 0 3 1 0
0.00021815346567068697 3 1 1 2 2 1 0 1 3 0
0.00021815346567068697 3 1 1 2 2 2 0 2 3 0
-5.0521819762225034e-05 3 1 1 3 0 1 0 3 3 1
-5.0521819762225034e-05 3 1 1 3 0 2 0 3 3 2
-2.0515774016304415e-05 3 1 1 3 3 1 0 0 3 1
-3.4340174465257006e-05 3 1 1 3 3 1 0 3 0 1
-0.00014604093093173776 3 1 1 3 3 1 0 3 3 1
-5.0580412882576524e-05 3 1 1 3 3 1 3 3 3 1
-2.0515774016304415e-05 3 1 1 3 3 2 0 0 3 2
-3.4340174465257006e-05 3 1 1 3 3 2 0 3 0 2
-0.00014604093093173776 3 1 1 3 3 2 0 3 3 2
-5.0580412882576524e-05 3 1 1 3 3 2 3 3 3 2
-0.011304357593645138 3 1 2 0 0 0 1 2 0 0
-0.0015624990600854641 3 1 2 0 0 0 1 2 0 3
-0.0015661013460281869 3 1 2 0 0 0 1 2 3 0
-4.2203192656203e-05 3 1 2 0 0 0 1 3 2 0
0.011304357593645138 3 1 2 0 0 0 2 1 0 0
0.0015624990600854641 3 1 2 0 0 0 2 1 0 3
0.0015661013460281869 3 1 2 0 0 0 2 1 3 0
4.2203192656203e-05 3 1 2 0 0 0 2 3 1 0
-0.0016430362074355345 3 1 2 0 0 3 1 2 0 0
0.0016430362074355345 3 1 2 0 0 3 2 1 0 0
-0.0014813363787004946 3 1 2 0 3 0 1 2 0 0
0.0014813363787004946 3 1 2 0 3 0 2 1 0 0
-0.00022597236946706562 3 1 2 1 2 1 0 1 3 0
-0.00022597236946706562 3 1 2 1 2 2 0 2 3 0
-0.0003871519407321367 3 1 2 2 2 0 1 3 0 2
0.0003871519407321367 3 1 2 2 2 0 2 3 0 1
-0.00048680387979842536 3 1 2 2 2 1 0 3 2 0
0.00048680387979842536 3 1 2 2 2 2 0 3 1 0
1.656581105204346e-05 3 1 2 3 0 0 1 0 2 0
-0.0010449997862707827 3 1 2 3 0 0 1 2 0 0
-9.743577059023392e-06 3 1 2 3 0 0 1 3 2 3
-1.656581105204346e-05 3 1 2 3 0 0 2 0 1 0
0.0010449997862707827 3 1 2 3 0 0 2 1 0 0
9.743577059023392e-06 3 1 2 3 0 0 2 3 1 3
-4.7048883715281814e-05 3 1 2 3 0 3 1 3 2 0
4.7048883715281814e-05 3 1 2 3 0 3 2 3 1 0
-4.1926558031536335e-06 3 1 2 3 3 0 1 3 2 0
4.1926558031536335e-06 3 1 2 3 3 0 2 3 1 0
-0.004970284198572815 3 1 3 0 2 0 1 0 0 2
0.004970284198572815 3 1 3 0 2 0 2 0 0 1
-0.004141687111710937 3 1 3 0 2 1 0 0 2 0
0.004141687111710937 3 1 3 0 2 2 0 0 1 0
-4.2203192656202964e-05 3 1 3 1 0 0 1 1 0 0
-4.2203192656202964e-05 3 1 3 1 0 0 2 2 0 0
-0.00014073708437919847 3 1 3 1 3 1 0 0 3 1
-0.00014073708437919847 3 1 3 1 3 2 0 0 3 2
-0.0013731733320581831 3 1 3 2 0 0 1 0 2 0
0.0013731733320581831 3 1 3 2 0 0 2 0 1 0
-0.00048283836284182747 3 1 3 3 2 1 0 2 3 0
0.00048283836284182747 3 1 3 3 2 2 0 1 3 0
0.04116003662974681 3 2 0 0 1 0 1 0 0 2
0.005704875321906923 3 2 0 0 1 0 1 0 3 2
0.005233306698752974 3 2 0 0 1 0 1 3 0 2
-0.04116003662974681 3 2 0 0 1 0 2 0 0 1
-0.005704875321906923 3 2 0 0 1 0 2 0 3 1
-0.005233306698752974 3 2 0 0 1 0 2 3 0 1
0.034447729091668836 3 2 0 0 1 1 0 0 2 0
0.004776955471676217 3 2 0 0 1 1 0 0 2 3
6.489470817563209e-05 3 2 0 0 1 1 0 2 3 0
0.0043734456198052185 3 2 0 0 1 1 0 3 2 0
0.004274639553072911 3 2 0 0 1 1 3 0 2 0
-0.034447729091668836 3 2 0 0 1 2 0 0 1 0
-0.004776955471676217 3 2 0 0 1 2 0 0 1 3
-6.489470817563209e-05 3 2 0 0 1 2 0 1 3 0
-0.0043734456198052185 3 2 0 0 1 2 0 3 1 0
-0.004274639553072911 3 2 0 0 1 2 3 0 1 0
0.005859953487968878 3 2 0 0 1 3 1 0 0 2
-0.005859953487968878 3 2 0 0 1 3 2 0 0 1
0.011304357593645146 3 2 0 1 0 0 1 0 2 0
0.0016382654661524355 3 2 0 1 0 0 1 0 2 3
0.0014372850027699953 3 2 0 1 0 0 1 3 2 0
-0.011304357593645146 3 2 0 1 0 0 2 0 1 0
-0.0016382654661524355 3 2 0 1 0 0 2 0 1 3
-0.0014372850027699953 3 2 0 1 0 0 2 3 1 0
0.0020088900213865897 3 2 0 1 0 3 1 0 2 0
-0.0020088900213865897 3 2 0 1 0 3 2 0 1 0
0.0015139386211989623 3 2 0 1 3 0 1 0 2 0
-0.0015139386211989623 3 2 0 1 3 0 2 0 1 0
-1.7520574931261495e-05 3 2 0 1 3 1 0 1 2 1
1.579897925334524e-05 3 2 0 1 3 1 0 2 1 1
-1.7215956779162542e-06 3 2 0 1 3 1 0 2 2 2
1.7215956779162542e-06 3 2 0 1 3 2 0 1 1 1
-1.579897925334524e-05 3 2 0 1 3 2 0 1 2 2
1.7520574931261495e-05 3 2 0 1 3 2 0 2 1 2
-9.7435770590234e-06 3 2 0 2 0 0 1 1 0 3
1.656581105204347e-05 3 2 0 2 0 0 1 1 3 0
-9.7435770590234e-06 3 2 0 2 0 0 2 2 0 3
1.656581105204347e-05 3 2 0 2 0 0 2 2 3 0
-0.00039925257132045937 3 2 0 2 0 1 0 0 3 1
-0.00039925257132045937 3 2 0 2 0 2 0 0 3 2
-4.7048883715281814e-05 3 2 0 2 0 3 1 1 0 0
-4.7048883715281814e-05 3 2 0 2 0 3 2 2 0 0
-4.192655803153642e-06 3 2 0 2 3 0 1 1 0 0
-4.192655803153642e-06 3 2 0 2 3 0 2 2 0 0
-0.00028498091564774605 3 2 0 2 3 1 0 0 0 1
-0.0011540997031964772 3 2 0 2 3 1 0 0 3 1
-0.00014852244164544455 3 2 0 2 3 1 0 3 3 1
-0.00039971560796625154 3 2 0 2 3 1 3 0 3 1
-0.00028498091564774605 3 2 0 2 3 2 0 0 0 2
-0.0011540997031964772 3 2 0 2 3 2 0 0 3 2
-0.00014852244164544455 3 2 0 2 3 2 0 3 3 2
-0.00039971560796625154 3 2 0 2 3 2 3 0 3 2
0.0019597767665038342 3 2 0 3 1 0 1 0 0 2
-6.064383223161997e-05 3 2 0 3 1 0 1 1 1 2
-6.064383223161997e-05 3 2 0 3 1 0 1 2 2 2
-0.0019597767665038342 3 2 0 3 1 0 2 0 0 1
6.064383223161997e-05 3 2 0 3 1 0 2 1 1 1
6.064383223161997e-05 3 2 0 3 1 0 2 2 2 1
0.00018681566253952574 3 2 0 3 1 1 0 0 2 0
0.0005534201836519736 3 2 0 3 1 1 0 2 0 0
0.00435905009861627 3 2 0 3 1 1 0 2 3 0
0.0006044807239537822 3 2 0 3 1 1 0 2 3 3
0.0005409171651282508 3 2 0 3 1 1 3 2 3 0
-0.00018681566253952574 3 2 0 3 1 2 0 0 1 0
-0.0005534201836519736 3 2 0 3 1 2 0 1 0 0
-0.00435905009861627 3 2 0 3 1 2 0 1 3 0
-0.0006044807239537822 3 2 0 3 1 2 0 1 3 3
-0.0005409171651282508 3 2 0 3 1 2 3 1 3 0
0.011304357593645138 3 2 1 0 0 0 1 2 0 0
0.0015624990600854641 3 2 1 0 0 0 1 2 0 3
0.0015661013460281869 3 2 1 0 0 0 1 2 3 0
4.2203192656203e-05 3 2 1 0 0 0 1 3 2 0
-0.011304357593645138 3 2 1 0 0 0 2 1 0 0
-0.0015624990600854641 3 2 1 0 0 0 2 1 0 3
-0.0015661013460281869 3 2 1 0 0 0 2 1 3 0
-4.2203192656203e-05 3 2 1 0 0 0 2 3 1 0
0.0016430362074355345 3 2 1 0 0 3 1 2 0 0
-0.0016430362074355345 3 2 1 0 0 3 2 1 0 0
0.0014813363787004946 3 2 1 0 3 0 1 2 0 0
-0.0014813363787004946 3 2 1 0 3 0 2 1 0 0
0.0003871519407321367 3 2 1 1 1 0 1 3 0 2
-0.0003871519407321367 3 2 1 1 1 0 2 3 0 1
0.00048680387979842536 3 2 1 1 1 1 0 3 2 0
-0.00048680387979842536 3 2 1 1 1 2 0 3 1 0
-0.00022597236946706562 3 2 1 2 1 1 0 1 3 0
-0.00022597236946706562 3 2 1 2 1 2 0 2 3 0
-1.656581105204346e-05 3 2 1 3 0 0 1 0 2 0
0.0010449997862707827 3 2 1 3 0 0 1 2 0 0
9.743577059023392e-06 3 2 1 3 0 0 1 3 2 3
1.656581105204346e-05 3 2 1 3 0 0 2 0 1 0
-0.0010449997862707827 3 2 1 3 0 0 2 1 0 0
-9.743577059023392e-06 3 2 1 3 0 0 2 3 1 3
4.7048883715281814e-05 3 2 1 3 0 3 1 3 2 0
-4.7048883715281814e-05 3 2 1 3 0 3 2 3 1 0
4.192655803153633e-06 3 2 1 3 3 0 1 3 2 0
-4.192655803153633e-06 3 2 1 3 3 0 2 3 1 0
-1.5604261062624702e-05 3 2 2 0 3 1 0 1 1 1
-1.3605042423594388e-05 3 2 2 0 3 1 0 1 2 2
-1.9992186390303117e-06 3 2 2 0 3 1 0 2 2 1
-1.7809011441932225e-05 3 2 2 0 3 1 0 3 3 1
-1.9992186390303117e-06 3 2 2 0 3 2 0 1 1 2
-1.3605042423594388e-05 3 2 2 0 3 2 0 2 1 1
-1.5604261062624702e-05 3 2 2 0 3 2 0 2 2 2
-1.7809011441932225e-05 3 2 2 0 3 2 0 3 3 2
0.00021815346567068697 3 2 2 1 1 1 0 1 3 0
0.00021815346567068697 3 2 2 1 1 2 0 2 3 0
-9.89411907936701e-07 3 2 2 1 2 1 0 3 2 0
9.89411907936701e-07 3 2 2 1 2 2 0 3 1 0
0.0003871519407321367 3 2 2 2 1 0 1 3 0 2
-0.0003871519407321367 3 2 2 2 1 0 2 3 0 1
0.00048779329170636207 3 2 2 2 1 1 0 3 2 0
-0.00048779329170636207 3 2 2 2 1 2 0 3 1 0
-7.818903796378655e-06 3 2 2 2 2 1 0 1 3 0
-7.818903796378655e-06 3 2 2 2 2 2 0 2 3 0
-5.0521819762225034e-05 3 2 2 3 0 1 0 3 3 1
-5.0521819762225034e-05 3 2 2 3 0 2 0 3 3 2
-2.0515774016304415e-05 3 2 2 3 3 1 0 0 3 1
-3.4340174465257006e-05 3 2 2 3 3 1 0 3 0 1
-0.00014604093093173776 3 2 2 3 3 1 0 3 3 1
-5.0580412882576524e-05 3 2 2 3 3 1 3 3 3 1
-2.0515774016304415e-05 3 2 2 3 3 2 0 0 3 2
-3.4340174465257006e-05 3 2 2 3 3 2 0 3 0 2
-0.00014604093093173776 3 2 2 3 3 2 0 3 3 2
-5.0580412882576524e-05 3 2 2 3 3 2 3 3 3 2
0.004970284198572815 3 2 3 0 1 0 1 0 0 2
-0.004970284198572815 3 2 3 0 1 0 2 0 0 1
0.004141687111710937 3 2 3 0 1 1 0 0 2 0
-0.004141687111710937 3 2 3 0 1 2 0 0 1 0
0.0013731733320581831 3 2 3 1 0 0 1 0 2 0
-0.0013731733320581831 3 2 3 1 0 0 2 0 1 0
-4.2203192656202964e-05 3 2 3 2 0 0 1 1 0 0
-4.2203192656202964e-05 3 2 3 2 0 0 2 2 0 0
-0.00014073708437919847 3 2 3 2 3 1 0 0 3 1
-0.00014073708437919847 3 2 3 2 3 2 0 0 3 2
0.00048283836284182747 3 2 3 3 1 1 0 2 3 0
-0.00048283836284182747 3 2 3 3 1 2 0 1 3 0
-162.81251863887599 3 3 0 0 0 0 0 0 0 0
0.42995123156603976 3 3 0 0 0 0 0 0 0 3
0.4408233906498431 3 3 0 0 0 0 0 0 3 0
0.062451157971324334 3 3 0 0 0 0 0 0 3 3
-0.0002078606841031147 3 3 0 0 0 0 0 1 1 0
-0.0002078606841031147 3 3 0 0 0 0 0 2 2 0
0.4294073662936469 3 3 0 0 0 0 0 3 0 0
0.06052086629647758 3 3 0 0 0 0 0 3 0 3
0.05779067600241701 3 3 0 0 0 0 0 3 3 0
0.46298424639710156 3 3 0 0 0 0 3 0 0 0
0.05910080519408619 3 3 0 0 0 0 3 0 0 3
0.05899681729660166 3 3 0 0 0 0 3 0 3 0
0.05706202277319346 3 3 0 0 0 0 3 3 0 0
0.00022072149562558566 3 3 0 0 0 1 1 0 1 1
-0.004156981404730172 3 3 0 0 0 1 1 0 2 2
0.004377702900355758 3 3 0 0 0 1 2 0 2 1
0.004377702900355758 3 3 0 0 0 2 1 0 1 2
-0.004156981404730172 3 3 0 0 0 2 2 0 1 1
0.00022072149562558566 3 3 0 0 0 2 2 0 2 2
0.46349322056531694 3 3 0 0 0 3 0 0 0 0
0.06297754149315728 3 3 0 0 0 3 0 0 0 3
0.055454392193707625 3 3 0 0 0 3 0 0 3 0
0.05784308098912354 3 3 0 0 0 3 0 3 0 0
0.059105978279819726 3 3 0 0 0 3 3 0 0 0
0.380104188073262 3 3 0 0 3 0 0 0 0 0
0.06152637998771382 3 3 0 0 3 0 0 0 0 3
0.056905271433170417 3 3 0 0 3 0 0 0 3 0
0.0554559471305401 3 3 0 0 3 0 0 3 0 0
0.05758548102069522 3 3 0 0 3 0 3 0 0 0
0.0015595538116349313 3 3 0 0 3 1 1 0 1 1
-0.03173407557683743 3 3 0 0 3 1 1 0 2 2
1.8243238767916644e-05 3 3 0 0 3 1 1 1 3 1
-1.3043478712438034e-05 3 3 0 0 3 1 1 2 3 2
0.00019799922857599594 3 3 0 0 3 1 1 3 1 1
-0.004028923168222809 3 3 0 0 3 1 1 3 2 2
0.033293629388472364 3 3 0 0 3 1 2 0 2 1
3.128671748035464e-05 3 3 0 0 3 1 2 2 3 1
0.004226922396798804 3 3 0 0 3 1 2 3 2 1
0.033293629388472364 3 3 0 0 3 2 1 0 1 2
3.128671748035464e-05 3 3 0 0 3 2 1 1 3 2
0.004226922396798804 3 3 0 0 3 2 1 3 1 2
-0.03173407557683743 3 3 0 0 3 2 2 0 1 1
0.0015595538116349313 3 3 0 0 3 2 2 0 2 2
-1.3043478712438034e-05 3 3 0 0 3 2 2 1 3 1
1.8243238767916644e-05 3 3 0 0 3 2 2 2 3 2
-0.004028923168222809 3 3 0 0 3 2 2 3 1 1
0.00019799922857599594 3 3 0 0 3 2 2 3 2 2
0.05711758800518841 3 3 0 0 3 3 0 0 0 0
-8.534895791128796e-06 3 3 0 1 1 0 0 1 0 1
-8.534895791128796e-06 3 3 0 1 1 0 0 2 0 2
0.00042914951491007463 3 3 0 1 1 1 1 0 0 0
0.002713653514831408 3 3 0 1 1 1 1 0 3 0
0.0006199740669460449 3 3 0 1 1 1 1 0 3 3
0.00034578490172587634 3 3 0 1 1 1 1 3 3 0
0.00042914951491007463 3 3 0 1 1 2 2 0 0 0
0.002713653514831408 3 3 0 1 1 2 2 0 3 0
0.0006199740669460449 3 3 0 1 1 2 2 0 3 3
0.00034578490172587634 3 3 0 1 1 2 2 3 3 0
-0.0013260292370739235 3 3 0 1 2 0 0 0 1 2
0.0013260292370739235 3 3 0 1 2 0 0 0 2 1
1.0708793249110898e-05 3 3 0 1 2 1 1 1 2 0
-9.976609479131352e-06 3 3 0 1 2 1 1 2 1 0
7.321837699795464e-07 3 3 0 1 2 1 2 2 2 0
-7.321837699795464e-07 3 3 0 1 2 2 1 1 1 0
9.976609479131352e-06 3 3 0 1 2 2 2 1 2 0
-1.0708793249110898e-05 3 3 0 1 2 2 2 2 1 0
0.0013260292370739235 3 3 0 2 1 0 0 0 1 2
-0.0013260292370739235 3 3 0 2 1 0 0 0 2 1
-1.0708793249110898e-05 3 3 0 2 1 1 1 1 2 0
9.976609479131352e-06 3 3 0 2 1 1 1 2 1 0
-7.321837699795464e-07 3 3 0 2 1 1 2 2 2 0
7.321837699795464e-07 3 3 0 2 1 2 1 1 1 0
-9.976609479131352e-06 3 3 0 2 1 2 2 1 2 0
1.0708793249110898e-05 3 3 0 2 1 2 2 2 1 0
-8.534895791128796e-06 3 3 0 2 2 0 0 1 0 1
-8.534895791128796e-06 3 3 0 2 2 0 0 2 0 2
0.00042914951491007463 3 3 0 2 2 1 1 0 0 0
0.002713653514831408 3 3 0 2 2 1 1 0 3 0
0.0006199740669460449 3 3 0 2 2 1 1 0 3 3
0.00034578490172587634 3 3 0 2 2 1 1 3 3 0
0.00042914951491007463 3 3 0 2 2 2 2 0 0 0
0.002713653514831408 3 3 0 2 2 2 2 0 3 0
0.0006199740669460449 3 3 0 2 2 2 2 0 3 3
0.00034578490172587634 3 3 0 2 2 2 2 3 3 0
0.3732575606349416 3 3 0 3 0 0 0 0 0 0
0.05437601045120123 3 3 0 3 0 0 0 0 0 3
0.053586636968228324 3 3 0 3 0 0 0 0 3 0
-0.001468103329646713 3 3 0 3 0 0 0 1 1 0
-0.0002482359485764249 3 3 0 3 0 0 0 1 1 3
-0.001468103329646713 3 3 0 3 0 0 0 2 2 0
-0.0002482359485764249 3 3 0 3 0 0 0 2 2 3
0.050185922145977606 3 3 0 3 0 0 0 3 0 0
0.05108571246252699 3 3 0 3 0 0 3 0 0 0
-0.0002488150159259394 3 3 0 3 0 0 3 1 1 0
-0.0002488150159259394 3 3 0 3 0 0 3 2 2 0
2.793031885245903e-05 3 3 0 3 0 1 1 1 3 1
-0.0005260285853390984 3 3 0 3 0 1 1 2 3 2
0.0005539589041915574 3 3 0 3 0 1 2 2 3 1
0.0005539589041915574 3 3 0 3 0 2 1 1 3 2
-0.0005260285853390984 3 3 0 3 0 2 2 1 3 1
2.793031885245903e-05 3 3 0 3 0 2 2 2 3 2
0.05344550217232104 3 3 0 3 0 3 0 0 0 0
0.0003071859225787748 3 3 0 3 0 3 0 1 1 0
0.0003071859225787748 3 3 0 3 0 3 0 2 2 0
0.050047490839256054 3 3 0 3 3 0 0 0 0 0
-0.00018638343507691035 3 3 0 3 3 0 0 1 1 0
-0.00018638343507691035 3 3 0 3 3 0 0 2 2 0
0.00014416859926232866 3 3 0 3 3 1 1 0 1 1
0.0002423338523705491 3 3 0 3 3 1 1 0 2 2
2.5055020450067227e-05 3 3 0 3 3 1 1 1 0 1
0.00019734749940450376 3 3 0 3 3 1 1 1 3 1
-0.0005098239679899949 3 3 0 3 3 1 1 2 0 2
-0.00401566166828003 3 3 0 3 3 1 1 2 3 2
-9.816525310822046e-05 3 3 0 3 3 1 2 0 2 1
0.000534878988440062 3 3 0 3 3 1 2 2 0 1
0.004213009167684533 3 3 0 3 3 1 2 2 3 1
-9.816525310822046e-05 3 3 0 3 3 2 1 0 1 2
0.000534878988440062 3 3 0 3 3 2 1 1 0 2
0.004213009167684533 3 3 0 3 3 2 1 1 3 2
0.0002423338523705491 3 3 0 3 3 2 2 0 1 1
0.00014416859926232866 3 3 0 3 3 2 2 0 2 2
-0.0005098239679899949 3 3 0 3 3 2 2 1 0 1
-0.00401566166828003 3 3 0 3 3 2 2 1 3 1
2.5055020450067227e-05 3 3 0 3 3 2 2 2 0 2
0.00019734749940450376 3 3 0 3 3 2 2 2 3 2
7.048588770681981e-06 3 3 1 0 1 1 1 1 1 0
1.2624501434662434e-06 3 3 1 0 1 1 1 2 2 0
4.187461998406276e-05 3 3 1 0 1 1 1 3 3 0
5.786138627215738e-06 3 3 1 0 1 1 2 1 2 0
5.786138627215738e-06 3 3 1 0 1 2 1 2 1 0
1.2624501434662434e-06 3 3 1 0 1 2 2 1 1 0
7.048588770681981e-06 3 3 1 0 1 2 2 2 2 0
4.187461998406276e-05 3 3 1 0 1 2 2 3 3 0
-0.001259661580069447 3 3 1 0 2 0 0 1 0 2
0.001259661580069447 3 3 1 0 2 0 0 2 0 1
0.0005717507330268136 3 3 1 1 0 0 0 0 0 0
0.004876975896167753 3 3 1 1 0 0 0 3 0 0
0.000628497003909373 3 3 1 1 0 0 0 3 0 3
0.0005717507330268138 3 3 1 1 0 0 0 3 3 0
0.000633883123493873 3 3 1 1 0 0 3 3 0 0
0.0003542348062940566 3 3 1 1 0 3 0 3 0 0
0.0002540726147715188 3 3 1 1 3 0 0 3 0 0
5.822369774213887e-06 3 3 1 1 3 1 1 3 1 1
-0.000498502084955473 3 3 1 1 3 1 1 3 2 2
0.0005043244547296869 3 3 1 1 3 1 2 3 2 1
0.0005043244547296869 3 3 1 1 3 2 1 3 1 2
-0.000498502084955473 3 3 1 1 3 2 2 3 1 1
5.822369774213887e-06 3 3 1 1 3 2 2 3 2 2
-0.0008921913289097011 3 3 1 2 0 0 0 1 2 0
0.0008921913289097011 3 3 1 2 0 0 0 2 1 0
0.00023302095823774763 3 3 1 2 3 1 1 1 3 2
7.367684955640677e-07 3 3 1 2 3 1 1 2 3 1
-0.00023375772673331168 3 3 1 2 3 1 2 1 3 1
0.00023375772673331168 3 3 1 2 3 2 1 2 3 2
-7.367684955640677e-07 3 3 1 2 3 2 2 1 3 2
-0.00023302095823774763 3 3 1 2 3 2 2 2 3 1
4.448815113598911e-05 3 3 1 3 1 1 1 0 3 0
5.357282514111037e-05 3 3 1 3 1 1 1 3 0 0
0.0003433884303362416 3 3 1 3 1 1 1 3 3 0
7.845213861468406e-05 3 3 1 3 1 1 1 3 3 3
4.448815113598911e-05 3 3 1 3 1 2 2 0 3 0
5.357282514111037e-05 3 3 1 3 1 2 2 3 0 0
0.0003433884303362416 3 3 1 3 1 2 2 3 3 0
7.845213861468406e-05 3 3 1 3 1 2 2 3 3 3
-8.534895791128791e-06 3 3 1 3 2 0 0 3 1 2
8.534895791128791e-06 3 3 1 3 2 0 0 3 2 1
0.001259661580069447 3 3 2 0 1 0 0 1 0 2
-0.001259661580069447 3 3 2 0 1 0 0 2 0 1
7.048588770681981e-06 3 3 2 0 2 1 1 1 1 0
1.2624501434662434e-06 3 3 2 0 2 1 1 2 2 0
4.187461998406276e-05 3 3 2 0 2 1 1 3 3 0
5.786138627215738e-06 3 3 2 0 2 1 2 1 2 0
5.786138627215738e-06 3 3 2 0 2 2 1 2 1 0
1.2624501434662434e-06 3 3 2 0 2 2 2 1 1 0
7.048588770681981e-06 3 3 2 0 2 2 2 2 2 0
4.187461998406276e-05 3 3 2 0 2 2 2 3 3 0
0.0008921913289097011 3 3 2 1 0 0 0 1 2 0
-0.0008921913289097011 3 3 2 1 0 0 0 2 1 0
-0.00023302095823774763 3 3 2 1 3 1 1 1 3 2
-7.367684955640677e-07 3 3 2 1 3 1 1 2 3 1
0.00023375772673331168 3 3 2 1 3 1 2 1 3 1
-0.00023375772673331168 3 3 2 1 3 2 1 2 3 2
7.367684955640677e-07 3 3 2 1 3 2 2 1 3 2
0.00023302095823774763 3 3 2 1 3 2 2 2 3 1
0.0005717507330268136 3 3 2 2 0 0 0 0 0 0
0.004876975896167753 3 3 2 2 0 0 0 3 0 0
0.000628497003909373 3 3 2 2 0 0 0 3 0 3
0.0005717507330268138 3 3 2 2 0 0 0 3 3 0
0.000633883123493873 3 3 2 2 0 0 3 3 0 0
0.0003542348062940566 3 3 2 2 0 3 0 3 0 0
0.0002540726147715188 3 3 2 2 3 0 0 3 0 0
5.822369774213887e-06 3 3 2 2 3 1 1 3 1 1
-0.000498502084955473 3 3 2 2 3 1 1 3 2 2
0.0005043244547296869 3 3 2 2 3 1 2 3 2 1
0.0005043244547296869 3 3 2 2 3 2 1 3 1 2
-0.000498502084955473 3 3 2 2 3 2 2 3 1 1
5.822369774213887e-06 3 3 2 2 3 2 2 3 2 2
8.534895791128791e-06 3 3 2 3 1 0 0 3 1 2
-8.534895791128791e-06 3 3 2 3 1 0 0 3 2 1
4.448815113598911e-05 3 3 2 3 2 1 1 0 3 0
5.357282514111037e-05 3 3 2 3 2 1 1 3 0 0
0.0003433884303362416 3 3 2 3 2 1 1 3 3 0
7.845213861468406e-05 3 3 2 3 2 1 1 3 3 3
4.448815113598911e-05 3 3 2 3 2 2 2 0 3 0
5.357282514111037e-05 3 3 2 3 2 2 2 3 0 0
0.0003433884303362416 3 3 2 3 2 2 2 3 3 0
7.845213861468406e-05 3 3 2 3 2 2 2 3 3 3
0.4111811008183357 3 3 3 0 0 0 0 0 0 0
0.05926322578511935 3 3 3 0 0 0 0 0 0 3
0.05624820859857048 3 3 3 0 0 0 0 0 3 0
0.05641625909195855 3 3 3 0 0 0 0 3 0 0
0.05601481045628269 3 3 3 0 0 0 3 0 0 0
0.05620004478168801 3 3 3 0 0 3 0 0 0 0
0.05202316864060812 3 3 3 0 3 0 0 0 0 0
0.0001894435562840532 3 3 3 0 3 1 1 0 1 1
-0.003809507252408655 3 3 3 0 3 1 1 0 2 2
0.003998950808692708 3 3 3 0 3 1 2 0 2 1
0.003998950808692708 3 3 3 0 3 2 1 0 1 2
-0.003809507252408655 3 3 3 0 3 2 2 0 1 1
0.0001894435562840532 3 3 3 0 3 2 2 0 2 2
0.0003309174091588157 3 3 3 1 1 1 1 0 3 0
0.0003309174091588157 3 3 3 1 1 2 2 0 3 0
0.0003309174091588157 3 3 3 2 2 1 1 0 3 0
0.0003309174091588157 3 3 3 2 2 2 2 0 3 0
0.04744428531478087 3 3 3 3 0 0 0 0 0 0
-0.00020786068410311463 3 3 3 3 0 0 0 1 1 0
-0.00020786068410311463 3 3 3 3 0 0 0 2 2 0
2.3972377119684686e-05 3 3 3 3 3 1 1 1 3 1
-0.00043835021170583846 3 3 3 3 3 1 1 2 3 2
0.00046232258882552315 3 3 3 3 3 1 2 2 3 1
0.00046232258882552315 3 3 3 3 3 2 1 1 3 2
-0.00043835021170583846 3 3 3 3 3 2 2 1 3 1
2.3972377119684686e-05 3 3 3 3 3 2 2 2 3 2
