-740203714.842394 0 0 0 0 0 0 0 0 0 0
1122953.6558310783 0 0 0 0 0 0 0 0 0 3
1634905.4022265072 0 0 0 0 0 0 0 0 3 0
245865.3926935534 0 0 0 0 0 0 0 0 3 3
22.486615395899936 0 0 0 0 0 0 0 1 1 0
3.1009186592560987 0 0 0 0 0 0 0 1 1 3
22.48661539589994 0 0 0 0 0 0 0 2 2 0
3.1009186592560987 0 0 0 0 0 0 0 2 2 3
1628124.7538075328 0 0 0 0 0 0 0 3 0 0
245873.71832269206 0 0 0 0 0 0 0 3 0 3
234859.62537162763 0 0 0 0 0 0 0 3 3 0
-968.4593535294657 0 0 0 0 0 0 0 3 3 3
1968998.753222664 0 0 0 0 0 0 3 0 0 0
208712.23215625953 0 0 0 0 0 0 3 0 0 3
224174.9376186816 0 0 0 0 0 0 3 0 3 0
-979.6463236234922 0 0 0 0 0 0 3 0 3 3
2.867705216564827 0 0 0 0 0 0 3 1 1 0
-0.006775027110931896 0 0 0 0 0 0 3 1 1 3
2.8677052165648274 0 0 0 0 0 0 3 2 2 0
-0.006775027110931896 0 0 0 0 0 0 3 2 2 3
224188.34698343603 0 0 0 0 0 0 3 3 0 0
-978.3640714325608 0 0 0 0 0 0 3 3 0 3
-1088.290146982154 0 0 0 0 0 0 3 3 3 0
-145.1693630017989 0 0 0 0 0 0 3 3 3 3
0.28049679159782315 0 0 0 0 0 1 1 0 1 1
-2.2064921813619573 0 0 0 0 0 1 1 0 2 2
0.00014051855896844647 0 0 0 0 0 1 1 1 0 1
0.0008501057176393647 0 0 0 0 0 1 1 1 3 1
-0.0021033689189516383 0 0 0 0 0 1 1 2 0 2
-0.012842939753715355 0 0 0 0 0 1 1 2 3 2
-0.0006938298920270264 0 0 0 0 0 1 1 3 1 1
0.010594480984029028 0 0 0 0 0 1 1 3 2 2
1.1846493646544775e-05 0 0 0 0 0 1 2 0 1 2
2.4869771264661353 0 0 0 0 0 1 2 0 2 1
0.0022438874779200854 0 0 0 0 0 1 2 2 0 1
0.013693045471354722 0 0 0 0 0 1 2 2 3 1
-0.011288310876056053 0 0 0 0 0 1 2 3 2 1
2.4869771264661362 0 0 0 0 0 2 1 0 1 2
1.1846493646544775e-05 0 0 0 0 0 2 1 0 2 1
0.0022438874779200854 0 0 0 0 0 2 1 1 0 2
0.013693045471354722 0 0 0 0 0 2 1 1 3 2
-0.011288310876056053 0 0 0 0 0 2 1 3 1 2
-2.2064921813619573 0 0 0 0 0 2 2 0 1 1
0.28049679159782315 0 0 0 0 0 2 2 0 2 2
-0.0021033689189516383 0 0 0 0 0 2 2 1 0 1
-0.012842939753715355 0 0 0 0 0 2 2 1 3 1
0.00014051855896844647 0 0 0 0 0 2 2 2 0 2
0.0008501057176393647 0 0 0 0 0 2 2 2 3 2
0.010594480984029028 0 0 0 0 0 2 2 3 1 1
-0.0006938298920270264 0 0 0 0 0 2 2 3 2 2
2067572.9782684264 0 0 0 0 0 3 0 0 0 0
255093.45310512994 0 0 0 0 0 3 0 0 0 3
218601.60244721585 0 0 0 0 0 3 0 0 3 0
-1064.6295048931677 0 0 0 0 0 3 0 0 3 3
38.67591435303445 0 0 0 0 0 3 0 1 1 0
5.793102914873278 0 0 0 0 0 3 0 1 1 3
38.67591435303444 0 0 0 0 0 3 0 2 2 0
5.793102914873278 0 0 0 0 0 3 0 2 2 3
205939.502089948 0 0 0 0 0 3 0 3 0 0
-1050.2128504205953 0 0 0 0 0 3 0 3 0 3
-1074.0580770629979 0 0 0 0 0 3 0 3 3 0
-149.78984794249854 0 0 0 0 0 3 0 3 3 3
222768.0328149335 0 0 0 0 0 3 3 0 0 0
-1077.9772719693544 0 0 0 0 0 3 3 0 0 3
-1149.0313150560132 0 0 0 0 0 3 3 0 3 0
-145.26891512916183 0 0 0 0 0 3 3 0 3 3
5.358928397049291 0 0 0 0 0 3 3 1 1 0
-0.010886102706910344 0 0 0 0 0 3 3 1 1 3
5.35892839704929 0 0 0 0 0 3 3 2 2 0
-0.010886102706910344 0 0 0 0 0 3 3 2 2 3
-1125.152247052923 0 0 0 0 0 3 3 3 0 0
-143.84043224279114 0 0 0 0 0 3 3 3 0 3
-134.94004228370838 0 0 0 0 0 3 3 3 3 0
0.5566151348613443 0 0 0 0 0 3 3 3 3 3
1122953.6558310778 0 0 0 0 3 0 0 0 0 0
297240.79538523377 0 0 0 0 3 0 0 0 0 3
265017.6775763258 0 0 0 0 3 0 0 0 3 0
-960.921832644011 0 0 0 0 3 0 0 0 3 3
2.8771929441230637 0 0 0 0 3 0 0 1 1 0
-0.00679248003605353 0 0 0 0 3 0 0 1 1 3
2.8771929441230637 0 0 0 0 3 0 0 2 2 0
-0.00679248003605353 0 0 0 0 3 0 0 2 2 3
265026.29658019345 0 0 0 0 3 0 0 3 0 0
-959.1014074565867 0 0 0 0 3 0 0 3 0 3
-1024.808944213474 0 0 0 0 3 0 0 3 3 0
-181.83077850774677 0 0 0 0 3 0 0 3 3 3
267011.9652623605 0 0 0 0 3 0 3 0 0 0
-1015.6291490554215 0 0 0 0 3 0 3 0 0 3
-1099.597429430431 0 0 0 0 3 0 3 0 3 0
-170.63565011555815 0 0 0 0 3 0 3 0 3 3
-0.0074344670859972225 0 0 0 0 3 0 3 1 1 0
-0.0010432663816141447 0 0 0 0 3 0 3 1 1 3
-0.0074344670859972225 0 0 0 0 3 0 3 2 2 0
-0.0010432663816141447 0 0 0 0 3 0 3 2 2 3
-1097.959884587086 0 0 0 0 3 0 3 3 0 0
-170.63917316097965 0 0 0 0 3 0 3 3 0 3
-165.3733688589097 0 0 0 0 3 0 3 3 3 0
0.5757343245763794 0 0 0 0 3 0 3 3 3 3
2.6324403498561884 0 0 0 0 3 1 1 0 1 1
-48.53708881485376 0 0 0 0 3 1 1 0 2 2
0.00103136086908741 0 0 0 0 3 1 1 1 0 1
-0.39095544818688804 0 0 0 0 3 1 1 1 3 1
-0.019022343032128596 0 0 0 0 3 1 1 2 0 2
7.208763980410069 0 0 0 0 3 1 1 2 3 2
0.32887063914407655 0 0 0 0 3 1 1 3 1 1
-6.0638310956683235 0 0 0 0 3 1 1 3 2 2
0.00014907056153155648 0 0 0 0 3 1 2 0 1 2
51.169380094148444 0 0 0 0 3 1 2 0 2 1
-2.0077515385359584e-05 0 0 0 0 3 1 2 1 3 2
0.020053703901216007 0 0 0 0 3 1 2 2 0 1
-7.599699351081568 0 0 0 0 3 1 2 2 3 1
1.6872599098306158e-05 0 0 0 0 3 1 2 3 1 2
6.392684862213304 0 0 0 0 3 1 2 3 2 1
51.169380094148444 0 0 0 0 3 2 1 0 1 2
0.00014907056153155631 0 0 0 0 3 2 1 0 2 1
0.020053703901216007 0 0 0 0 3 2 1 1 0 2
-7.599699351081568 0 0 0 0 3 2 1 1 3 2
-2.0077515385359584e-05 0 0 0 0 3 2 1 2 3 1
6.3926848622133035 0 0 0 0 3 2 1 3 1 2
1.6872599098306158e-05 0 0 0 0 3 2 1 3 2 1
-48.53708881485376 0 0 0 0 3 2 2 0 1 1
2.6324403498561884 0 0 0 0 3 2 2 0 2 2
-0.019022343032128596 0 0 0 0 3 2 2 1 0 1
7.208763980410069 0 0 0 0 3 2 2 1 3 1
0.00103136086908741 0 0 0 0 3 2 2 2 0 2
-0.39095544818688804 0 0 0 0 3 2 2 2 3 2
-6.0638310956683235 0 0 0 0 3 2 2 3 1 1
0.32887063914407655 0 0 0 0 3 2 2 3 2 2
269734.54792752856 0 0 0 0 3 3 0 0 0 0
-1092.0998899810638 0 0 0 0 3 3 0 0 0 3
-1121.9061699594574 0 0 0 0 3 3 0 0 3 0
-180.91168556287064 0 0 0 0 3 3 0 0 3 3
5.376052555100007 0 0 0 0 3 3 0 1 1 0
-0.011623834777856001 0 0 0 0 3 3 0 1 1 3
5.3760525551000065 0 0 0 0 3 3 0 2 2 0
-0.011623834777856001 0 0 0 0 3 3 0 2 2 3
-1107.3996600258733 0 0 0 0 3 3 0 3 0 0
-177.5113213338464 0 0 0 0 3 3 0 3 0 3
-160.29095065306097 0 0 0 0 3 3 0 3 3 0
0.5963632761007056 0 0 0 0 3 3 0 3 3 3
-1212.6375798658783 0 0 0 0 3 3 3 0 0 0
-173.5765180770687 0 0 0 0 3 3 3 0 0 3
-162.27788587079698 0 0 0 0 3 3 3 0 3 0
0.610178900147978 0 0 0 0 3 3 3 0 3 3
-0.012888203832998773 0 0 0 0 3 3 3 1 1 0
-0.0017406260403024518 0 0 0 0 3 3 3 1 1 3
-0.012888203832998773 0 0 0 0 3 3 3 2 2 0
-0.0017406260403024518 0 0 0 0 3 3 3 2 2 3
-159.2183675364421 0 0 0 0 3 3 3 3 0 0
0.6043185684004285 0 0 0 0 3 3 3 3 0 3
0.6089646573397434 0 0 0 0 3 3 3 3 3 0
0.09006055666293525 0 0 0 0 3 3 3 3 3 3
-2.4855231331514314 0 0 0 1 1 0 0 0 1 1
-2.485523133151431 0 0 0 1 1 0 0 0 2 2
0.05528611956171438 0 0 0 1 1 0 0 1 0 1
-0.22333931463648077 0 0 0 1 1 0 0 1 3 1
0.05528611956171438 0 0 0 1 1 0 0 2 0 2
-0.22333931463648074 0 0 0 1 1 0 0 2 3 2
0.0017771093459840255 0 0 0 1 1 0 0 3 1 1
0.0017771093459840255 0 0 0 1 1 0 0 3 2 2
0.0020073850004340118 0 0 0 1 1 0 3 0 1 1
0.0020073850004340118 0 0 0 1 1 0 3 0 2 2
1.0596763615952905e-05 0 0 0 1 1 0 3 1 0 1
0.000215628394046018 0 0 0 1 1 0 3 1 3 1
1.0596763615952905e-05 0 0 0 1 1 0 3 2 0 2
0.000215628394046018 0 0 0 1 1 0 3 2 3 2
0.0002592871239195254 0 0 0 1 1 0 3 3 1 1
0.0002592871239195254 0 0 0 1 1 0 3 3 2 2
0.7191865013436222 0 0 0 1 1 1 1 0 0 0
-0.0010823960997282216 0 0 0 1 1 1 1 0 0 3
1.6151097878732072 0 0 0 1 1 1 1 0 3 0
0.18973203695004975 0 0 0 1 1 1 1 0 3 3
-2.0749257040742872e-06 0 0 0 1 1 1 1 1 1 0
3.939503438666474e-05 0 0 0 1 1 1 1 2 2 0
-0.0008559185010836804 0 0 0 1 1 1 1 3 0 0
-0.00017327984075542348 0 0 0 1 1 1 1 3 0 3
0.2018066710290526 0 0 0 1 1 1 1 3 3 0
-0.0004235071806540726 0 0 0 1 1 1 1 3 3 3
5.0478425876447325e-06 0 0 0 1 1 1 2 1 2 0
-4.651780267838375e-05 0 0 0 1 1 1 2 2 1 0
-4.651780267838375e-05 0 0 0 1 1 2 1 1 2 0
5.047842587644726e-06 0 0 0 1 1 2 1 2 1 0
0.719186501343622 0 0 0 1 1 2 2 0 0 0
-0.0010823960997282216 0 0 0 1 1 2 2 0 0 3
1.615109787873207 0 0 0 1 1 2 2 0 3 0
0.18973203695004975 0 0 0 1 1 2 2 0 3 3
3.939503438666474e-05 0 0 0 1 1 2 2 1 1 0
-2.074925704074284e-06 0 0 0 1 1 2 2 2 2 0
-0.0008559185010836804 0 0 0 1 1 2 2 3 0 0
-0.00017327984075542346 0 0 0 1 1 2 2 3 0 3
0.2018066710290526 0 0 0 1 1 2 2 3 3 0
-0.0004235071806540726 0 0 0 1 1 2 2 3 3 3
0.0021515224545302 0 0 0 1 1 3 0 0 1 1
0.0021515224545302 0 0 0 1 1 3 0 0 2 2
0.0004930965480473588 0 0 0 1 1 3 0 1 0 1
-0.41688780455750707 0 0 0 1 1 3 0 1 3 1
0.0004930965480473588 0 0 0 1 1 3 0 2 0 2
-0.416887804557507 0 0 0 1 1 3 0 2 3 2
0.00023786544558378588 0 0 0 1 1 3 0 3 1 1
0.00023786544558378588 0 0 0 1 1 3 0 3 2 2
0.00024181346249379436 0 0 0 1 1 3 3 0 1 1
0.00024181346249379425 0 0 0 1 1 3 3 0 2 2
-0.027398010435498027 0 0 0 1 1 3 3 1 0 1
0.00041363290429263414 0 0 0 1 1 3 3 1 3 1
-0.027398010435498027 0 0 0 1 1 3 3 2 0 2
0.00041363290429263414 0 0 0 1 1 3 3 2 3 2
-19149.799359639197 0 0 0 1 2 0 0 0 1 2
19149.799359639197 0 0 0 1 2 0 0 0 2 1
0.5046564101558628 0 0 0 1 2 0 0 1 0 2
-0.00038640049655215374 0 0 0 1 2 0 0 1 3 2
-0.5046564101558627 0 0 0 1 2 0 0 2 0 1
0.00038640049655215374 0 0 0 1 2 0 0 2 3 1
28.114409118635265 0 0 0 1 2 0 0 3 1 2
-28.114409118635265 0 0 0 1 2 0 0 3 2 1
33.99008468264614 0 0 0 1 2 0 3 0 1 2
-33.99008468264614 0 0 0 1 2 0 3 0 2 1
-0.000440558583907913 0 0 0 1 2 0 3 1 0 2
-5.1681597212524234e-05 0 0 0 1 2 0 3 1 3 2
0.000440558583907913 0 0 0 1 2 0 3 2 0 1
5.1681597212524234e-05 0 0 0 1 2 0 3 2 3 1
3.896221185857562 0 0 0 1 2 0 3 3 1 2
-3.896221185857562 0 0 0 1 2 0 3 3 2 1
-2.226884932354557e-05 0 0 0 1 2 1 1 1 2 0
-3.0518429254541595e-05 0 0 0 1 2 1 1 1 2 3
0.6704012849618277 0 0 0 1 2 1 1 2 1 0
-0.0008812677663873467 0 0 0 1 2 1 1 2 1 3
-7.566391246053631e-05 0 0 0 1 2 1 2 0 0 0
-0.0007471375165919431 0 0 0 1 2 1 2 0 3 0
-0.0001446167546536791 0 0 0 1 2 1 2 0 3 3
-5.346044058028675e-07 0 0 0 1 2 1 2 1 1 0
0.6703784815080981 0 0 0 1 2 1 2 2 2 0
-0.0009117861956418885 0 0 0 1 2 1 2 2 2 3
-9.753490607118964e-05 0 0 0 1 2 1 2 3 3 0
7.56639124605363e-05 0 0 0 1 2 2 1 0 0 0
0.0007471375165919431 0 0 0 1 2 2 1 0 3 0
0.00014461675465367906 0 0 0 1 2 2 1 0 3 3
-0.6703784815080981 0 0 0 1 2 2 1 1 1 0
0.0009117861956418885 0 0 0 1 2 2 1 1 1 3
5.346044058028675e-07 0 0 0 1 2 2 1 2 2 0
9.753490607118964e-05 0 0 0 1 2 2 1 3 3 0
-0.6704012849618278 0 0 0 1 2 2 2 1 2 0
0.0008812677663873467 0 0 0 1 2 2 2 1 2 3
2.226884932354557e-05 0 0 0 1 2 2 2 2 1 0
3.0518429254541595e-05 0 0 0 1 2 2 2 2 1 3
35.69129972419768 0 0 0 1 2 3 0 0 1 2
-35.691299724197684 0 0 0 1 2 3 0 0 2 1
-0.00035567038522461435 0 0 0 1 2 3 0 1 0 2
-8.095824331963387e-05 0 0 0 1 2 3 0 1 3 2
0.00035567038522461435 0 0 0 1 2 3 0 2 0 1
8.095824331963387e-05 0 0 0 1 2 3 0 2 3 1
3.583044382115134 0 0 0 1 2 3 0 3 1 2
-3.583044382115134 0 0 0 1 2 3 0 3 2 1
3.8996564106385607 0 0 0 1 2 3 3 0 1 2
-3.8996564106385607 0 0 0 1 2 3 3 0 2 1
-2.7206940708049435e-05 0 0 0 1 2 3 3 1 0 2
2.7206940708049435e-05 0 0 0 1 2 3 3 2 0 1
-0.009754100146603085 0 0 0 1 2 3 3 3 1 2
0.009754100146603085 0 0 0 1 2 3 3 3 2 1
19149.799359639197 0 0 0 2 1 0 0 0 1 2
-19149.799359639197 0 0 0 2 1 0 0 0 2 1
-0.5046564101558628 0 0 0 2 1 0 0 1 0 2
0.00038640049655215374 0 0 0 2 1 0 0 1 3 2
0.5046564101558628 0 0 0 2 1 0 0 2 0 1
-0.00038640049655215374 0 0 0 2 1 0 0 2 3 1
-28.114409118635265 0 0 0 2 1 0 0 3 1 2
28.114409118635265 0 0 0 2 1 0 0 3 2 1
-33.99008468264614 0 0 0 2 1 0 3 0 1 2
33.99008468264614 0 0 0 2 1 0 3 0 2 1
0.000440558583907913 0 0 0 2 1 0 3 1 0 2
5.1681597212524234e-05 0 0 0 2 1 0 3 1 3 2
-0.000440558583907913 0 0 0 2 1 0 3 2 0 1
-5.1681597212524234e-05 0 0 0 2 1 0 3 2 3 1
-3.896221185857562 0 0 0 2 1 0 3 3 1 2
3.896221185857562 0 0 0 2 1 0 3 3 2 1
2.2268849323545583e-05 0 0 0 2 1 1 1 1 2 0
3.0518429254541595e-05 0 0 0 2 1 1 1 1 2 3
-0.6704012849618277 0 0 0 2 1 1 1 2 1 0
0.0008812677663873467 0 0 0 2 1 1 1 2 1 3
7.56639124605363e-05 0 0 0 2 1 1 2 0 0 0
0.0007471375165919431 0 0 0 2 1 1 2 0 3 0
0.0001446167546536791 0 0 0 2 1 1 2 0 3 3
5.346044058028641e-07 0 0 0 2 1 1 2 1 1 0
-0.6703784815080982 0 0 0 2 1 1 2 2 2 0
0.0009117861956418885 0 0 0 2 1 1 2 2 2 3
9.753490607118965e-05 0 0 0 2 1 1 2 3 3 0
-7.566391246053632e-05 0 0 0 2 1 2 1 0 0 0
-0.0007471375165919431 0 0 0 2 1 2 1 0 3 0
-0.00014461675465367912 0 0 0 2 1 2 1 0 3 3
0.6703784815080982 0 0 0 2 1 2 1 1 1 0
-0.0009117861956418885 0 0 0 2 1 2 1 1 1 3
-5.346044058028709e-07 0 0 0 2 1 2 1 2 2 0
-9.753490607118967e-05 0 0 0 2 1 2 1 3 3 0
0.6704012849618279 0 0 0 2 1 2 2 1 2 0
-0.0008812677663873467 0 0 0 2 1 2 2 1 2 3
-2.2268849323545583e-05 0 0 0 2 1 2 2 2 1 0
-3.0518429254541595e-05 0 0 0 2 1 2 2 2 1 3
-35.691299724197684 0 0 0 2 1 3 0 0 1 2
35.691299724197684 0 0 0 2 1 3 0 0 2 1
0.00035567038522461435 0 0 0 2 1 3 0 1 0 2
8.095824331963387e-05 0 0 0 2 1 3 0 1 3 2
-0.00035567038522461435 0 0 0 2 1 3 0 2 0 1
-8.095824331963387e-05 0 0 0 2 1 3 0 2 3 1
-3.583044382115134 0 0 0 2 1 3 0 3 1 2
3.583044382115134 0 0 0 2 1 3 0 3 2 1
-3.8996564106385607 0 0 0 2 1 3 3 0 1 2
3.8996564106385607 0 0 0 2 1 3 3 0 2 1
2.7206940708049435e-05 0 0 0 2 1 3 3 1 0 2
-2.7206940708049435e-05 0 0 0 2 1 3 3 2 0 1
0.009754100146603085 0 0 0 2 1 3 3 3 1 2
-0.009754100146603085 0 0 0 2 1 3 3 3 2 1
-2.485523133151431 0 0 0 2 2 0 0 0 1 1
-2.4855231331514314 0 0 0 2 2 0 0 0 2 2
0.055286119561714385 0 0 0 2 2 0 0 1 0 1
-0.22333931463648074 0 0 0 2 2 0 0 1 3 1
0.05528611956171438 0 0 0 2 2 0 0 2 0 2
-0.22333931463648077 0 0 0 2 2 0 0 2 3 2
0.0017771093459840255 0 0 0 2 2 0 0 3 1 1
0.0017771093459840255 0 0 0 2 2 0 0 3 2 2
0.0020073850004340118 0 0 0 2 2 0 3 0 1 1
0.0020073850004340118 0 0 0 2 2 0 3 0 2 2
1.0596763615952932e-05 0 0 0 2 2 0 3 1 0 1
0.00021562839404601803 0 0 0 2 2 0 3 1 3 1
1.0596763615952932e-05 0 0 0 2 2 0 3 2 0 2
0.00021562839404601803 0 0 0 2 2 0 3 2 3 2
0.0002592871239195254 0 0 0 2 2 0 3 3 1 1
0.0002592871239195254 0 0 0 2 2 0 3 3 2 2
0.7191865013436222 0 0 0 2 2 1 1 0 0 0
-0.0010823960997282216 0 0 0 2 2 1 1 0 0 3
1.615109787873207 0 0 0 2 2 1 1 0 3 0
0.18973203695004975 0 0 0 2 2 1 1 0 3 3
-2.0749257040742864e-06 0 0 0 2 2 1 1 1 1 0
3.939503438666474e-05 0 0 0 2 2 1 1 2 2 0
-0.0008559185010836804 0 0 0 2 2 1 1 3 0 0
-0.00017327984075542348 0 0 0 2 2 1 1 3 0 3
0.2018066710290526 0 0 0 2 2 1 1 3 3 0
-0.0004235071806540726 0 0 0 2 2 1 1 3 3 3
5.047842587644726e-06 0 0 0 2 2 1 2 1 2 0
-4.651780267838375e-05 0 0 0 2 2 1 2 2 1 0
-4.651780267838375e-05 0 0 0 2 2 2 1 1 2 0
5.047842587644726e-06 0 0 0 2 2 2 1 2 1 0
0.7191865013436222 0 0 0 2 2 2 2 0 0 0
-0.0010823960997282216 0 0 0 2 2 2 2 0 0 3
1.6151097878732072 0 0 0 2 2 2 2 0 3 0
0.18973203695004975 0 0 0 2 2 2 2 0 3 3
3.939503438666474e-05 0 0 0 2 2 2 2 1 1 0
-2.0749257040742898e-06 0 0 0 2 2 2 2 2 2 0
-0.0008559185010836804 0 0 0 2 2 2 2 3 0 0
-0.00017327984075542346 0 0 0 2 2 2 2 3 0 3
0.2018066710290526 0 0 0 2 2 2 2 3 3 0
-0.0004235071806540726 0 0 0 2 2 2 2 3 3 3
0.0021515224545302 0 0 0 2 2 3 0 0 1 1
0.0021515224545302 0 0 0 2 2 3 0 0 2 2
0.000493096548047359 0 0 0 2 2 3 0 1 0 1
-0.41688780455750707 0 0 0 2 2 3 0 1 3 1
0.000493096548047359 0 0 0 2 2 3 0 2 0 2
-0.416887804557507 0 0 0 2 2 3 0 2 3 2
0.00023786544558378588 0 0 0 2 2 3 0 3 1 1
0.00023786544558378588 0 0 0 2 2 3 0 3 2 2
0.00024181346249379425 0 0 0 2 2 3 3 0 1 1
0.00024181346249379436 0 0 0 2 2 3 3 0 2 2
-0.027398010435498027 0 0 0 2 2 3 3 1 0 1
0.00041363290429263414 0 0 0 2 2 3 3 1 3 1
-0.027398010435498027 0 0 0 2 2 3 3 2 0 2
0.00041363290429263414 0 0 0 2 2 3 3 2 3 2
1634905.4022265072 0 0 0 3 0 0 0 0 0 0
265017.67757632566 0 0 0 3 0 0 0 0 0 3
272554.57589922287 0 0 0 3 0 0 0 0 3 0
-1036.414708693408 0 0 0 3 0 0 0 0 3 3
-12941.719405657926 0 0 0 3 0 0 0 1 1 0
15.890509215463974 0 0 0 3 0 0 0 1 1 3
-12941.719405657928 0 0 0 3 0 0 0 2 2 0
15.890509215463972 0 0 0 3 0 0 0 2 2 3
247430.07192352417 0 0 0 3 0 0 0 3 0 0
-1009.3144892044874 0 0 0 3 0 0 0 3 0 3
-1121.0623443585841 0 0 0 3 0 0 0 3 3 0
-172.94767782116665 0 0 0 3 0 0 0 3 3 3
244523.9294880045 0 0 0 3 0 0 3 0 0 0
-1034.2616335928333 0 0 0 3 0 0 3 0 0 3
-1186.599890997375 0 0 0 3 0 0 3 0 3 0
-160.71996434425958 0 0 0 3 0 0 3 0 3 3
25.593457340843464 0 0 0 3 0 0 3 1 1 0
2.4473394042805694 0 0 0 3 0 0 3 1 1 3
25.593457340843464 0 0 0 3 0 0 3 2 2 0
2.447339404280569 0 0 0 3 0 0 3 2 2 3
-1140.4782602179637 0 0 0 3 0 0 3 3 0 0
-155.96938686731474 0 0 0 3 0 0 3 3 0 3
-158.78089971831912 0 0 0 3 0 0 3 3 3 0
0.5807152706213996 0 0 0 3 0 0 3 3 3 3
-0.0006175951868298019 0 0 0 3 0 1 1 0 1 1
0.009939722098319786 0 0 0 3 0 1 1 0 2 2
0.0008990044383783773 0 0 0 3 0 1 1 1 0 1
-0.3634433504452055 0 0 0 3 0 1 1 1 3 1
-0.01372740715902508 0 0 0 3 0 1 1 2 0 2
2.8589806912128792 0 0 0 3 0 1 1 2 3 2
-9.923520632142466e-05 0 0 0 3 0 1 1 3 1 1
0.0016104775411443725 0 0 0 3 0 1 1 3 2 2
-0.010557317285149588 0 0 0 3 0 1 2 0 2 1
-1.5349656291617844e-05 0 0 0 3 0 1 2 1 3 2
0.014626411597403459 0 0 0 3 0 1 2 2 0 1
-3.222408692001794 0 0 0 3 0 1 2 2 3 1
-0.0017097127474657973 0 0 0 3 0 1 2 3 2 1
-0.010557317285149588 0 0 0 3 0 2 1 0 1 2
0.014626411597403459 0 0 0 3 0 2 1 1 0 2
-3.222408692001794 0 0 0 3 0 2 1 1 3 2
-1.5349656291617844e-05 0 0 0 3 0 2 1 2 3 1
-0.0017097127474657973 0 0 0 3 0 2 1 3 1 2
0.009939722098319786 0 0 0 3 0 2 2 0 1 1
-0.0006175951868298019 0 0 0 3 0 2 2 0 2 2
-0.01372740715902508 0 0 0 3 0 2 2 1 0 1
2.858980691212879 0 0 0 3 0 2 2 1 3 1
0.0008990044383783773 0 0 0 3 0 2 2 2 0 2
-0.3634433504452055 0 0 0 3 0 2 2 2 3 2
0.0016104775411443725 0 0 0 3 0 2 2 3 1 1
-9.923520632142466e-05 0 0 0 3 0 2 2 3 2 2
255278.49606837344 0 0 0 3 0 3 0 0 0 0
-1137.5018852713006 0 0 0 3 0 3 0 0 0 3
-1219.0175933620822 0 0 0 3 0 3 0 0 3 0
-173.27511106250537 0 0 0 3 0 3 0 0 3 3
-24167.209355882103 0 0 0 3 0 3 0 1 1 0
27.515996321264478 0 0 0 3 0 3 0 1 1 3
-24167.2093558821 0 0 0 3 0 3 0 2 2 0
27.515996321264474 0 0 0 3 0 3 0 2 2 3
-1151.9033781885344 0 0 0 3 0 3 0 3 0 0
-164.43477083022154 0 0 0 3 0 3 0 3 0 3
-155.3688570628503 0 0 0 3 0 3 0 3 3 0
0.6057818119487305 0 0 0 3 0 3 0 3 3 3
-1252.0711381752528 0 0 0 3 0 3 3 0 0 0
-159.36152236702208 0 0 0 3 0 3 3 0 0 3
-156.65337298431658 0 0 0 3 0 3 3 0 3 0
0.6152629554759007 0 0 0 3 0 3 3 0 3 3
45.576201370318834 0 0 0 3 0 3 3 1 1 0
2.7264390584616667 0 0 0 3 0 3 3 1 1 3
45.576201370318834 0 0 0 3 0 3 3 2 2 0
2.7264390584616662 0 0 0 3 0 3 3 2 2 3
-148.75480702523188 0 0 0 3 0 3 3 3 0 0
0.5973194443843642 0 0 0 3 0 3 3 3 0 3
0.6188447620834894 0 0 0 3 0 3 3 3 3 0
0.08516134820594048 0 0 0 3 0 3 3 3 3 3
245865.39269355347 0 0 0 3 3 0 0 0 0 0
-960.9218326440111 0 0 0 3 3 0 0 0 0 3
-1036.4147086934076 0 0 0 3 3 0 0 0 3 0
-192.94084423580765 0 0 0 3 3 0 0 0 3 3
16.450451745181557 0 0 0 3 3 0 0 1 1 0
3.474510182346236 0 0 0 3 3 0 0 1 1 3
16.450451745181553 0 0 0 3 3 0 0 2 2 0
3.474510182346236 0 0 0 3 3 0 0 2 2 3
-1009.4317074325339 0 0 0 3 3 0 0 3 0 0
-185.53555237426818 0 0 0 3 3 0 0 3 0 3
-177.89094249904957 0 0 0 3 3 0 0 3 3 0
0.5957827853203541 0 0 0 3 3 0 0 3 3 3
-1086.228555264478 0 0 0 3 3 0 3 0 0 0
-177.10361768689037 0 0 0 3 3 0 3 0 0 3
-175.4606676828456 0 0 0 3 3 0 3 0 3 0
0.6039944690643576 0 0 0 3 3 0 3 0 3 3
3.125460069192824 0 0 0 3 3 0 3 1 1 0
-0.006724174810465836 0 0 0 3 3 0 3 1 1 3
3.1254600691928234 0 0 0 3 3 0 3 2 2 0
-0.006724174810465836 0 0 0 3 3 0 3 2 2 3
-169.39101676965478 0 0 0 3 3 0 3 3 0 0
0.591337194893858 0 0 0 3 3 0 3 3 0 3
0.6209484120213514 0 0 0 3 3 0 3 3 3 0
0.09780999280921397 0 0 0 3 3 0 3 3 3 3
0.2807699722314947 0 0 0 3 3 1 1 0 1 1
-5.563658576691699 0 0 0 3 3 1 1 0 2 2
-0.4261219754875332 0 0 0 3 3 1 1 1 0 1
-3.4108872873336185 0 0 0 3 3 1 1 1 3 1
7.856985020717853 0 0 0 3 3 1 1 2 0 2
62.89013888265755 0 0 0 3 3 1 1 2 3 2
-0.0007508700075830928 0 0 0 3 3 1 1 3 1 1
0.014131612664846119 0 0 0 3 3 1 1 3 2 2
1.888318319791639e-05 0 0 0 3 3 1 2 0 1 2
5.844409665739995 0 0 0 3 3 1 2 0 2 1
-2.1862046663976463e-05 0 0 0 3 3 1 2 1 0 2
-0.0001931526704000919 0 0 0 3 3 1 2 1 3 2
-8.283085134158723 0 0 0 3 3 1 2 2 0 1
-66.30083301732078 0 0 0 3 3 1 2 2 3 1
-0.014882482672429214 0 0 0 3 3 1 2 3 2 1
5.844409665739996 0 0 0 3 3 2 1 0 1 2
1.8883183197916173e-05 0 0 0 3 3 2 1 0 2 1
-8.283085134158723 0 0 0 3 3 2 1 1 0 2
-66.30083301732078 0 0 0 3 3 2 1 1 3 2
-2.1862046663976355e-05 0 0 0 3 3 2 1 2 0 1
-0.0001931526704000919 0 0 0 3 3 2 1 2 3 1
-0.014882482672429214 0 0 0 3 3 2 1 3 1 2
-5.563658576691699 0 0 0 3 3 2 2 0 1 1
0.2807699722314947 0 0 0 3 3 2 2 0 2 2
7.856985020717852 0 0 0 3 3 2 2 1 0 1
62.890138882657546 0 0 0 3 3 2 2 1 3 1
-0.42612197548753317 0 0 0 3 3 2 2 2 0 2
-3.4108872873336185 0 0 0 3 3 2 2 2 3 2
0.014131612664846119 0 0 0 3 3 2 2 3 1 1
-0.0007508700075830928 0 0 0 3 3 2 2 3 2 2
-1123.3916478442854 0 0 0 3 3 3 0 0 0 0
-191.01222153495726 0 0 0 3 3 3 0 0 0 3
-177.5204928751892 0 0 0 3 3 3 0 0 3 0
0.638106022453487 0 0 0 3 3 3 0 0 3 3
27.687496757747287 0 0 0 3 3 3 0 1 1 0
6.490022341507576 0 0 0 3 3 3 0 1 1 3
27.687496757747287 0 0 0 3 3 3 0 2 2 0
6.490022341507577 0 0 0 3 3 3 0 2 2 3
-168.56737522482055 0 0 0 3 3 3 0 3 0 0
0.619009174776506 0 0 0 3 3 3 0 3 0 3
0.6244079008881751 0 0 0 3 3 3 0 3 3 0
0.10065245480266861 0 0 0 3 3 3 0 3 3 3
-172.23104775087216 0 0 0 3 3 3 3 0 0 0
0.6374664073999662 0 0 0 3 3 3 3 0 0 3
0.6550529361062036 0 0 0 3 3 3 3 0 3 0
0.09846513778105447 0 0 0 3 3 3 3 0 3 3
5.83947512879057 0 0 0 3 3 3 3 1 1 0
-0.011185179412723413 0 0 0 3 3 3 3 1 1 3
5.8394751287905695 0 0 0 3 3 3 3 2 2 0
-0.011185179412723413 0 0 0 3 3 3 3 2 2 3
0.6345363758691683 0 0 0 3 3 3 3 3 0 0
0.095500325935757 0 0 0 3 3 3 3 3 0 3
0.09138538951986197 0 0 0 3 3 3 3 3 3 0
-5.9720105742118475e-05 0 0 1 0 1 0 0 0 1 1
-5.9720105742118475e-05 0 0 1 0 1 0 0 0 2 2
-2.7499314070747585 0 0 1 0 1 0 0 1 0 1
0.00197955894591067 0 0 1 0 1 0 0 1 3 1
-2.7499314070747585 0 0 1 0 1 0 0 2 0 2
0.00197955894591067 0 0 1 0 1 0 0 2 3 2
-0.0003864004965521535 0 0 1 0 1 0 0 3 1 1
-0.0003864004965521535 0 0 1 0 1 0 0 3 2 2
0.002238210037803935 0 0 1 0 1 0 3 1 0 1
0.00028636503601489285 0 0 1 0 1 0 3 1 3 1
0.002238210037803934 0 0 1 0 1 0 3 2 0 2
0.00028636503601489285 0 0 1 0 1 0 3 2 3 2
-5.6421030115767967e-05 0 0 1 0 1 0 3 3 1 1
-5.6421030115767967e-05 0 0 1 0 1 0 3 3 2 2
0.00017505367800823627 0 0 1 0 1 1 1 0 0 0
0.0011031726526716998 0 0 1 0 1 1 1 0 3 0
0.0002262647361240416 0 0 1 0 1 1 1 0 3 3
2.652776216304845e-05 0 0 1 0 1 1 1 1 1 0
2.4136536271645316e-05 0 0 1 0 1 1 1 1 1 3
0.5174088459245991 0 0 1 0 1 1 1 2 2 0
-0.0006795580070112254 0 0 1 0 1 1 1 2 2 3
0.0006360611639678789 0 0 1 0 1 1 1 3 0 0
8.913577144223117e-05 0 0 1 0 1 1 1 3 0 3
-0.23984724922852335 0 0 1 0 1 1 1 3 3 0
0.0005577045005237347 0 0 1 0 1 1 1 3 3 3
-0.5173819055676798 0 0 1 0 1 1 2 1 2 0
0.0007036945432828707 0 0 1 0 1 1 2 1 2 3
-4.125947562888917e-07 0 0 1 0 1 1 2 2 1 0
-4.125947562888985e-07 0 0 1 0 1 2 1 1 2 0
-0.5173819055676798 0 0 1 0 1 2 1 2 1 0
0.0007036945432828707 0 0 1 0 1 2 1 2 1 3
0.00017505367800823627 0 0 1 0 1 2 2 0 0 0
0.0011031726526716998 0 0 1 0 1 2 2 0 3 0
0.0002262647361240416 0 0 1 0 1 2 2 0 3 3
0.517408845924599 0 0 1 0 1 2 2 1 1 0
-0.0006795580070112254 0 0 1 0 1 2 2 1 1 3
2.652776216304845e-05 0 0 1 0 1 2 2 2 2 0
2.4136536271645316e-05 0 0 1 0 1 2 2 2 2 3
0.0006360611639678789 0 0 1 0 1 2 2 3 0 0
8.913577144223117e-05 0 0 1 0 1 2 2 3 0 3
-0.23984724922852335 0 0 1 0 1 2 2 3 3 0
0.0005577045005237347 0 0 1 0 1 2 2 3 3 3
0.0023378714055201245 0 0 1 0 1 3 0 1 0 1
0.0002802824820966036 0 0 1 0 1 3 0 1 3 1
0.0023378714055201245 0 0 1 0 1 3 0 2 0 2
0.0002802824820966036 0 0 1 0 1 3 0 2 3 2
-4.997186587471989e-05 0 0 1 0 1 3 0 3 1 1
-4.997186587471989e-05 0 0 1 0 1 3 0 3 2 2
0.0002560681912291889 0 0 1 0 1 3 3 1 0 1
0.0002560681912291889 0 0 1 0 1 3 3 2 0 2
0.0003832747246218675 0 0 1 0 2 0 0 0 1 2
-0.0003832747246218675 0 0 1 0 2 0 0 0 2 1
-19149.828326094685 0 0 1 0 2 0 0 1 0 2
28.23142489708148 0 0 1 0 2 0 0 1 3 2
19149.828326094685 0 0 1 0 2 0 0 2 0 1
-28.23142489708148 0 0 1 0 2 0 0 2 3 1
-0.22333931463648068 0 0 1 0 2 0 0 3 1 2
0.22333931463648066 0 0 1 0 2 0 0 3 2 1
4.784338969831415e-05 0 0 1 0 2 0 3 0 1 2
-4.784338969831415e-05 0 0 1 0 2 0 3 0 2 1
33.99007913060738 0 0 1 0 2 0 3 1 0 2
3.8961082101173745 0 0 1 0 2 0 3 1 3 2
-33.99007913060738 0 0 1 0 2 0 3 2 0 1
-3.8961082101173745 0 0 1 0 2 0 3 2 3 1
0.0002190569924748237 0 0 1 0 2 0 3 3 1 2
-0.0002190569924748237 0 0 1 0 2 0 3 3 2 1
3.0404135161117466e-05 0 0 1 0 2 1 1 1 2 0
1.6013774968884085e-06 0 0 1 0 2 1 1 2 1 0
8.438591019858536e-06 0 0 1 0 2 1 2 1 1 0
4.044410367786441e-05 0 0 1 0 2 1 2 2 2 0
0.00012960475305528508 0 0 1 0 2 1 2 3 3 0
-4.044410367786441e-05 0 0 1 0 2 2 1 1 1 0
-8.438591019858533e-06 0 0 1 0 2 2 1 2 2 0
-0.00012960475305528508 0 0 1 0 2 2 1 3 3 0
-1.6013774968884085e-06 0 0 1 0 2 2 2 1 2 0
-3.0404135161117466e-05 0 0 1 0 2 2 2 2 1 0
0.00021259471897014704 0 0 1 0 2 3 0 0 1 2
-0.00021259471897014704 0 0 1 0 2 3 0 0 2 1
35.69104137256574 0 0 1 0 2 3 0 1 0 2
3.801467417282146 0 0 1 0 2 3 0 1 3 2
-35.69104137256574 0 0 1 0 2 3 0 2 0 1
-3.8014674172821454 0 0 1 0 2 3 0 2 3 1
0.19399337768672126 0 0 1 0 2 3 0 3 1 2
-0.19399337768672126 0 0 1 0 2 3 0 3 2 1
2.9965852037672047e-05 0 0 1 0 2 3 3 0 1 2
-2.9965852037672047e-05 0 0 1 0 2 3 3 0 2 1
3.9140112479147757 0 0 1 0 2 3 3 1 0 2
-0.009970817818391162 0 0 1 0 2 3 3 1 3 2
-3.9140112479147757 0 0 1 0 2 3 3 2 0 1
0.009970817818391162 0 0 1 0 2 3 3 2 3 1
-0.0001287393668476664 0 0 1 0 2 3 3 3 1 2
0.0001287393668476664 0 0 1 0 2 3 3 3 2 1
22.664066213454443 0 0 1 1 0 0 0 0 0 0
2.877121738140479 0 0 1 1 0 0 0 0 0 3
2.458844773560862 0 0 1 1 0 0 0 0 3 0
-0.006633953805925765 0 0 1 1 0 0 0 0 3 3
-1.9650895478513863 0 0 1 1 0 0 0 1 1 0
0.0010471397057601026 0 0 1 1 0 0 0 1 1 3
-1.9650895478513866 0 0 1 1 0 0 0 2 2 0
0.0010471397057601026 0 0 1 1 0 0 0 2 2 3
-12941.71940565792 0 0 1 1 0 0 0 3 0 0
16.45045174518154 0 0 1 1 0 0 0 3 0 3
22.48661539589995 0 0 1 1 0 0 0 3 3 0
2.8771929441230615 0 0 1 1 0 0 0 3 3 3
2.6300276258442454 0 0 1 1 0 0 3 0 0 0
-0.006517913799339433 0 0 1 1 0 0 3 0 0 3
-0.007125233786406365 0 0 1 1 0 0 3 0 3 0
-0.0008293681688730341 0 0 1 1 0 0 3 0 3 3
0.0017072349191747352 0 0 1 1 0 0 3 1 1 0
0.00018714765422908137 0 0 1 1 0 0 3 1 1 3
0.0017072349191747356 0 0 1 1 0 0 3 2 2 0
0.0001871476542290813 0 0 1 1 0 0 3 2 2 3
25.95434085948682 0 0 1 1 0 0 3 3 0 0
2.446801999135945 0 0 1 1 0 0 3 3 0 3
2.630167885399936 0 0 1 1 0 0 3 3 3 0
-0.006504345501931208 0 0 1 1 0 0 3 3 3 3
5.969104074138933e-06 0 0 1 1 0 1 1 0 1 1
-8.326084436907163e-06 0 0 1 1 0 1 1 0 2 2
2.6585420137600203e-05 0 0 1 1 0 1 1 3 1 1
5.005489730753582e-06 0 0 1 1 0 1 1 3 2 2
1.4295188511046098e-05 0 0 1 1 0 1 2 0 2 1
2.1579930406846623e-05 0 0 1 1 0 1 2 3 2 1
1.4295188511046098e-05 0 0 1 1 0 2 1 0 1 2
2.1579930406846623e-05 0 0 1 1 0 2 1 3 1 2
-8.326084436907163e-06 0 0 1 1 0 2 2 0 1 1
5.969104074138933e-06 0 0 1 1 0 2 2 0 2 2
5.005489730753582e-06 0 0 1 1 0 2 2 3 1 1
2.6585420137600203e-05 0 0 1 1 0 2 2 3 2 2
-14.074752128777595 0 0 1 1 0 3 0 0 0 0
-2.5059505196267216 0 0 1 1 0 3 0 0 0 3
-2.945238064728988 0 0 1 1 0 3 0 0 3 0
0.00434004547562657 0 0 1 1 0 3 0 0 3 3
0.0017426679764082817 0 0 1 1 0 3 0 1 1 0
0.00022199698189275633 0 0 1 1 0 3 0 1 1 3
0.0017426679764082817 0 0 1 1 0 3 0 2 2 0
0.00022199698189275633 0 0 1 1 0 3 0 2 2 3
11262.492752709419 0 0 1 1 0 3 0 3 0 0
-8.400813215309817 0 0 1 1 0 3 0 3 0 3
-13.996566019060685 0 0 1 1 0 3 0 3 3 0
-2.5061548239716833 0 0 1 1 0 3 0 3 3 3
-2.292970389042803 0 0 1 1 0 3 3 0 0 0
0.004113691184747508 0 0 1 1 0 3 3 0 0 3
0.005240025612988384 0 0 1 1 0 3 3 0 3 0
0.0007737920575832018 0 0 1 1 0 3 3 0 3 3
0.00019953213532288537 0 0 1 1 0 3 3 1 1 0
0.00019953213532288537 0 0 1 1 0 3 3 2 2 0
-17.325799658606886 0 0 1 1 0 3 3 3 0 0
-2.1320009132886066 0 0 1 1 0 3 3 3 0 3
-2.293190141077952 0 0 1 1 0 3 3 3 3 0
0.004111788579131614 0 0 1 1 0 3 3 3 3 3
3.1008474532735133 0 0 1 1 3 0 0 0 0 0
-0.006816313273238007 0 0 1 1 3 0 0 0 0 3
-0.006957508424805515 0 0 1 1 3 0 0 0 3 0
-0.001026828257448765 0 0 1 1 3 0 0 0 3 3
0.0010471397057601037 0 0 1 1 3 0 0 1 1 0
0.0003030304884755251 0 0 1 1 3 0 0 1 1 3
0.0010471397057601037 0 0 1 1 3 0 0 2 2 0
0.0003030304884755252 0 0 1 1 3 0 0 2 2 3
15.890509215463966 0 0 1 1 3 0 0 3 0 0
3.4745101823462345 0 0 1 1 3 0 0 3 0 3
3.1009186592560978 0 0 1 1 3 0 0 3 3 0
-0.006792480036053527 0 0 1 1 3 0 0 3 3 3
-0.007511862062125257 0 0 1 1 3 0 3 0 0 0
-0.001005443111752813 0 0 1 1 3 0 3 0 0 3
-0.0009403102214428543 0 0 1 1 3 0 3 0 3 0
0.00022994063053378646 0 0 1 1 3 0 3 1 1 0
0.00022994063053378657 0 0 1 1 3 0 3 2 2 0
3.125782587688783 0 0 1 1 3 0 3 3 0 0
-0.006803014747383891 0 0 1 1 3 0 3 3 0 3
-0.0074903682361890855 0 0 1 1 3 0 3 3 3 0
-0.0010054431117528125 0 0 1 1 3 0 3 3 3 3
3.1278449790945945e-05 0 0 1 1 3 1 1 0 1 1
-0.0003915355740546247 0 0 1 1 3 1 1 0 2 2
-1.5710350693536453e-06 0 0 1 1 3 1 1 1 3 1
5.123873457765195e-06 0 0 1 1 3 1 1 2 3 2
-0.01356050322529982 0 0 1 1 3 1 1 3 1 1
-0.000602096369738549 0 0 1 1 3 1 1 3 2 2
0.00042281402384557074 0 0 1 1 3 1 2 0 2 1
-8.484528038931623e-06 0 0 1 1 3 1 2 1 3 2
1.7896195118127848e-06 0 0 1 1 3 1 2 2 3 1
2.0370977624172523e-06 0 0 1 1 3 1 2 3 1 2
-0.012960443953323684 0 0 1 1 3 1 2 3 2 1
0.00042281402384557074 0 0 1 1 3 2 1 0 1 2
1.7896195118127848e-06 0 0 1 1 3 2 1 1 3 2
-8.484528038931623e-06 0 0 1 1 3 2 1 2 3 1
-0.012960443953323684 0 0 1 1 3 2 1 3 1 2
2.0370977624172523e-06 0 0 1 1 3 2 1 3 2 1
-0.0003915355740546247 0 0 1 1 3 2 2 0 1 1
3.1278449790945945e-05 0 0 1 1 3 2 2 0 2 2
5.123873457765195e-06 0 0 1 1 3 2 2 1 3 1
-1.5710350693536453e-06 0 0 1 1 3 2 2 2 3 2
-0.000602096369738549 0 0 1 1 3 2 2 3 1 1
-0.01356050322529982 0 0 1 1 3 2 2 3 2 2
-2.699989472752517 0 0 1 1 3 3 0 0 0 0
0.003817881969155724 0 0 1 1 3 3 0 0 0 3
0.004565320321135316 0 0 1 1 3 3 0 0 3 0
0.0010078753640858826 0 0 1 1 3 3 0 0 3 3
0.0002353843817361614 0 0 1 1 3 3 0 1 1 0
0.0002353843817361614 0 0 1 1 3 3 0 2 2 0
-8.229587631152675 0 0 1 1 3 3 0 3 0 0
-3.023922282324198 0 0 1 1 3 3 0 3 0 3
-2.7001798267649733 0 0 1 1 3 3 0 3 3 0
0.0038072095877136054 0 0 1 1 3 3 0 3 3 3
0.004629562707737074 0 0 1 1 3 3 3 0 0 0
0.0008716337509317017 0 0 1 1 3 3 3 0 0 3
0.0009119974639044488 0 0 1 1 3 3 3 0 3 0
-2.724703621972135 0 0 1 1 3 3 3 3 0 0
0.0041277326852516 0 0 1 1 3 3 3 3 0 3
0.004619946102863008 0 0 1 1 3 3 3 3 3 0
0.0008716337509317013 0 0 1 1 3 3 3 3 3 3
-12568.481462348569 0 0 1 2 0 0 0 1 2 0
12.737902307335375 0 0 1 2 0 0 0 1 2 3
12568.481462348569 0 0 1 2 0 0 0 2 1 0
-12.737902307335377 0 0 1 2 0 0 0 2 1 3
22.309834350799694 0 0 1 2 0 0 3 1 2 0
2.3770894796897766 0 0 1 2 0 0 3 1 2 3
-22.309834350799694 0 0 1 2 0 0 3 2 1 0
-2.3770894796897766 0 0 1 2 0 0 3 2 1 3
-6.425870684562524e-06 0 0 1 2 0 1 1 1 0 2
-2.9681869689215066e-06 0 0 1 2 0 1 1 1 3 2
-4.606810220790912e-06 0 0 1 2 0 1 1 2 0 1
-2.1380191203578356e-05 0 0 1 2 0 1 1 2 3 1
1.1032680905353436e-05 0 0 1 2 0 1 2 1 0 1
2.434837817249987e-05 0 0 1 2 0 1 2 1 3 1
-1.1032680905353436e-05 0 0 1 2 0 2 1 2 0 2
-2.434837817249987e-05 0 0 1 2 0 2 1 2 3 2
4.606810220790912e-06 0 0 1 2 0 2 2 1 0 2
2.1380191203578356e-05 0 0 1 2 0 2 2 1 3 2
6.425870684562524e-06 0 0 1 2 0 2 2 2 0 1
2.9681869689215066e-06 0 0 1 2 0 2 2 2 3 1
23.574460178938 0 0 1 2 0 3 0 1 2 0
2.9021690727539204 0 0 1 2 0 3 0 1 2 3
-23.574460178938004 0 0 1 2 0 3 0 2 1 0
-2.9021690727539204 0 0 1 2 0 3 0 2 1 3
2.54499254608043 0 0 1 2 0 3 3 1 2 0
-0.006123569741962931 0 0 1 2 0 3 3 1 2 3
-2.5449925460804304 0 0 1 2 0 3 3 2 1 0
0.006123569741962931 0 0 1 2 0 3 3 2 1 3
12.737902307335375 0 0 1 2 3 0 0 1 2 0
3.704470836032811 0 0 1 2 3 0 0 1 2 3
-12.737902307335377 0 0 1 2 3 0 0 2 1 0
-3.7044708360328107 0 0 1 2 3 0 0 2 1 3
3.036814077251596 0 0 1 2 3 0 3 1 2 0
-0.006055334044157368 0 0 1 2 3 0 3 1 2 3
-3.0368140772515964 0 0 1 2 3 0 3 2 1 0
0.006055334044157368 0 0 1 2 3 0 3 2 1 3
-0.00032084109831876897 0 0 1 2 3 1 1 1 0 2
-0.0007432103659663553 0 0 1 2 3 1 1 1 3 2
-2.5216142105138932e-05 0 0 1 2 3 1 1 2 0 1
0.0104559423019825 0 0 1 2 3 1 1 2 3 1
-6.639069652595249e-06 0 0 1 2 3 1 1 3 1 2
-2.035610625063681e-06 0 0 1 2 3 1 1 3 2 1
0.0003460572404239079 0 0 1 2 3 1 2 1 0 1
-0.009714221474069085 0 0 1 2 3 1 2 1 3 1
-1.4895380529381875e-06 0 0 1 2 3 1 2 2 3 2
-2.3188333374163377e-06 0 0 1 2 3 1 2 3 1 1
-1.0993513615075254e-05 0 0 1 2 3 1 2 3 2 2
1.4895380529381875e-06 0 0 1 2 3 2 1 1 3 1
-0.0003460572404239079 0 0 1 2 3 2 1 2 0 2
0.009714221474069086 0 0 1 2 3 2 1 2 3 2
1.0993513615075254e-05 0 0 1 2 3 2 1 3 1 1
2.3188333374163343e-06 0 0 1 2 3 2 1 3 2 2
2.5216142105138932e-05 0 0 1 2 3 2 2 1 0 2
-0.010455942301982503 0 0 1 2 3 2 2 1 3 2
0.00032084109831876897 0 0 1 2 3 2 2 2 0 1
0.0007432103659663553 0 0 1 2 3 2 2 2 3 1
2.0356106250636816e-06 0 0 1 2 3 2 2 3 1 2
6.639069652595249e-06 0 0 1 2 3 2 2 3 2 1
3.067838509705542 0 0 1 2 3 3 0 1 2 0
-0.006523713610427539 0 0 1 2 3 3 0 1 2 3
-3.067838509705542 0 0 1 2 3 3 0 2 1 0
0.006523713610427539 0 0 1 2 3 3 0 2 1 3
-0.006900329807671078 0 0 1 2 3 3 3 1 2 0
-0.0010264165429436562 0 0 1 2 3 3 3 1 2 3
0.006900329807671078 0 0 1 2 3 3 3 2 1 0
0.0010264165429436562 0 0 1 2 3 3 3 2 1 3
-0.0003864004965521537 0 0 1 3 1 0 0 0 1 1
-0.0003864004965521537 0 0 1 3 1 0 0 0 2 2
0.00197955894591067 0 0 1 3 1 0 0 1 0 1
0.00037062577552478607 0 0 1 3 1 0 0 1 3 1
0.00197955894591067 0 0 1 3 1 0 0 2 0 2
0.00037062577552478607 0 0 1 3 1 0 0 2 3 2
0.5046564101558627 0 0 1 3 1 0 0 3 1 1
0.5046564101558628 0 0 1 3 1 0 0 3 2 2
-5.168159721252426e-05 0 0 1 3 1 0 3 0 1 1
-5.168159721252426e-05 0 0 1 3 1 0 3 0 2 2
0.0003087043274484294 0 0 1 3 1 0 3 1 0 1
0.0003087043274484294 0 0 1 3 1 0 3 2 0 2
-0.00044055858390791303 0 0 1 3 1 0 3 3 1 1
-0.00044055858390791303 0 0 1 3 1 0 3 3 2 2
0.001109024762707144 0 0 1 3 1 1 1 0 0 0
0.0002245209491702846 0 0 1 3 1 1 1 0 0 3
-0.9318714312284937 0 0 1 3 1 1 1 0 3 0
0.0014017191449290506 0 0 1 3 1 1 1 0 3 3
6.636250699712182e-06 0 0 1 3 1 1 1 1 1 0
3.5158194819162492e-06 0 0 1 3 1 1 1 1 1 3
-0.00037113638939821294 0 0 1 3 1 1 1 2 2 0
-0.00010934863931824473 0 0 1 3 1 1 1 2 2 3
-0.26147143161686315 0 0 1 3 1 1 1 3 0 0
0.0005494993718706055 0 0 1 3 1 1 1 3 0 3
-2.0927188125671212 0 0 1 3 1 1 1 3 3 0
-0.24583827431006802 0 0 1 3 1 1 1 3 3 3
0.00037777264009792515 0 0 1 3 1 1 2 1 2 0
0.00011286445880016098 0 0 1 3 1 1 2 1 2 3
0.00037777264009792515 0 0 1 3 1 2 1 2 1 0
0.00011286445880016098 0 0 1 3 1 2 1 2 1 3
0.001109024762707144 0 0 1 3 1 2 2 0 0 0
0.0002245209491702846 0 0 1 3 1 2 2 0 0 3
-0.9318714312284937 0 0 1 3 1 2 2 0 3 0
0.0014017191449290506 0 0 1 3 1 2 2 0 3 3
-0.00037113638939821294 0 0 1 3 1 2 2 1 1 0
-0.00010934863931824473 0 0 1 3 1 2 2 1 1 3
6.636250699712182e-06 0 0 1 3 1 2 2 2 2 0
3.5158194819162492e-06 0 0 1 3 1 2 2 2 2 3
-0.26147143161686315 0 0 1 3 1 2 2 3 0 0
0.0005494993718706055 0 0 1 3 1 2 2 3 0 3
-2.0927188125671212 0 0 1 3 1 2 2 3 3 0
-0.245838274310068 0 0 1 3 1 2 2 3 3 3
-8.09582433196339e-05 0 0 1 3 1 3 0 0 1 1
-8.095824331963392e-05 0 0 1 3 1 3 0 0 2 2
0.0003188262986292787 0 0 1 3 1 3 0 1 0 1
0.0003188262986292787 0 0 1 3 1 3 0 2 0 2
-0.00035567038522461435 0 0 1 3 1 3 0 3 1 1
-0.00035567038522461435 0 0 1 3 1 3 0 3 2 2
-2.7206940708049377e-05 0 0 1 3 1 3 3 3 1 1
-2.7206940708049377e-05 0 0 1 3 1 3 3 3 2 2
-0.22333931463648093 0 0 1 3 2 0 0 0 1 2
0.22333931463648096 0 0 1 3 2 0 0 0 2 1
28.231424897081467 0 0 1 3 2 0 0 1 0 2
4.942894052107263 0 0 1 3 2 0 0 1 3 2
-28.231424897081467 0 0 1 3 2 0 0 2 0 1
-4.942894052107263 0 0 1 3 2 0 0 2 3 1
0.05528611956171437 0 0 1 3 2 0 0 3 1 2
-0.05528611956171438 0 0 1 3 2 0 0 3 2 1
0.0002156283940460183 0 0 1 3 2 0 3 0 1 2
-0.0002156283940460183 0 0 1 3 2 0 3 0 2 1
4.246903471479878 0 0 1 3 2 0 3 1 0 2
-0.010455544340120975 0 0 1 3 2 0 3 1 3 2
-4.246903471479878 0 0 1 3 2 0 3 2 0 1
0.010455544340120975 0 0 1 3 2 0 3 2 3 1
1.0596763615952983e-05 0 0 1 3 2 0 3 3 1 2
-1.059676361595299e-05 0 0 1 3 2 0 3 3 2 1
9.21525681710567e-05 0 0 1 3 2 1 2 0 3 0
0.000132263399447484 0 0 1 3 2 1 2 3 0 0
0.00096807582263837 0 0 1 3 2 1 2 3 3 0
0.00018738181475246973 0 0 1 3 2 1 2 3 3 3
-9.21525681710567e-05 0 0 1 3 2 2 1 0 3 0
-0.000132263399447484 0 0 1 3 2 2 1 3 0 0
-0.00096807582263837 0 0 1 3 2 2 1 3 3 0
-0.0001873818147524697 0 0 1 3 2 2 1 3 3 3
-0.4168878045575074 0 0 1 3 2 3 0 0 1 2
0.4168878045575074 0 0 1 3 2 3 0 0 2 1
4.433812228272258 0 0 1 3 2 3 0 1 0 2
-0.010747190262034691 0 0 1 3 2 3 0 1 3 2
-4.433812228272257 0 0 1 3 2 3 0 2 0 1
0.010747190262034691 0 0 1 3 2 3 0 2 3 1
0.0004930965480473594 0 0 1 3 2 3 0 3 1 2
-0.0004930965480473594 0 0 1 3 2 3 0 3 2 1
0.00041363290429263463 0 0 1 3 2 3 3 0 1 2
-0.00041363290429263463 0 0 1 3 2 3 3 0 2 1
-0.010859207342903323 0 0 1 3 2 3 3 1 0 2
-0.0013962160403784877 0 0 1 3 2 3 3 1 3 2
0.010859207342903325 0 0 1 3 2 3 3 2 0 1
0.0013962160403784877 0 0 1 3 2 3 3 2 3 1
-0.027398010435498048 0 0 1 3 2 3 3 3 1 2
0.027398010435498055 0 0 1 3 2 3 3 3 2 1
-0.0003832747246218675 0 0 2 0 1 0 0 0 1 2
0.0003832747246218675 0 0 2 0 1 0 0 0 2 1
19149.828326094685 0 0 2 0 1 0 0 1 0 2
-28.23142489708148 0 0 2 0 1 0 0 1 3 2
-19149.828326094685 0 0 2 0 1 0 0 2 0 1
28.23142489708148 0 0 2 0 1 0 0 2 3 1
0.22333931463648068 0 0 2 0 1 0 0 3 1 2
-0.22333931463648066 0 0 2 0 1 0 0 3 2 1
-4.784338969831415e-05 0 0 2 0 1 0 3 0 1 2
4.784338969831415e-05 0 0 2 0 1 0 3 0 2 1
-33.99007913060738 0 0 2 0 1 0 3 1 0 2
-3.8961082101173745 0 0 2 0 1 0 3 1 3 2
33.99007913060738 0 0 2 0 1 0 3 2 0 1
3.8961082101173745 0 0 2 0 1 0 3 2 3 1
-0.0002190569924748237 0 0 2 0 1 0 3 3 1 2
0.0002190569924748237 0 0 2 0 1 0 3 3 2 1
-3.0404135161117466e-05 0 0 2 0 1 1 1 1 2 0
-1.6013774968884068e-06 0 0 2 0 1 1 1 2 1 0
-8.438591019858538e-06 0 0 2 0 1 1 2 1 1 0
-4.044410367786441e-05 0 0 2 0 1 1 2 2 2 0
-0.00012960475305528508 0 0 2 0 1 1 2 3 3 0
4.044410367786441e-05 0 0 2 0 1 2 1 1 1 0
8.438591019858541e-06 0 0 2 0 1 2 1 2 2 0
0.00012960475305528508 0 0 2 0 1 2 1 3 3 0
1.6013774968884068e-06 0 0 2 0 1 2 2 1 2 0
3.040413516111746e-05 0 0 2 0 1 2 2 2 1 0
-0.00021259471897014704 0 0 2 0 1 3 0 0 1 2
0.00021259471897014704 0 0 2 0 1 3 0 0 2 1
-35.69104137256574 0 0 2 0 1 3 0 1 0 2
-3.8014674172821454 0 0 2 0 1 3 0 1 3 2
35.69104137256574 0 0 2 0 1 3 0 2 0 1
3.801467417282146 0 0 2 0 1 3 0 2 3 1
-0.19399337768672123 0 0 2 0 1 3 0 3 1 2
0.19399337768672123 0 0 2 0 1 3 0 3 2 1
-2.9965852037672047e-05 0 0 2 0 1 3 3 0 1 2
2.9965852037672047e-05 0 0 2 0 1 3 3 0 2 1
-3.9140112479147757 0 0 2 0 1 3 3 1 0 2
0.009970817818391162 0 0 2 0 1 3 3 1 3 2
3.9140112479147757 0 0 2 0 1 3 3 2 0 1
-0.009970817818391162 0 0 2 0 1 3 3 2 3 1
0.0001287393668476664 0 0 2 0 1 3 3 3 1 2
-0.0001287393668476664 0 0 2 0 1 3 3 3 2 1
-5.9720105742118475e-05 0 0 2 0 2 0 0 0 1 1
-5.9720105742118475e-05 0 0 2 0 2 0 0 0 2 2
-2.749931407074759 0 0 2 0 2 0 0 1 0 1
0.00197955894591067 0 0 2 0 2 0 0 1 3 1
-2.7499314070747585 0 0 2 0 2 0 0 2 0 2
0.00197955894591067 0 0 2 0 2 0 0 2 3 2
-0.0003864004965521535 0 0 2 0 2 0 0 3 1 1
-0.0003864004965521535 0 0 2 0 2 0 0 3 2 2
0.002238210037803935 0 0 2 0 2 0 3 1 0 1
0.00028636503601489285 0 0 2 0 2 0 3 1 3 1
0.002238210037803935 0 0 2 0 2 0 3 2 0 2
0.00028636503601489285 0 0 2 0 2 0 3 2 3 2
-5.6421030115767967e-05 0 0 2 0 2 0 3 3 1 1
-5.6421030115767967e-05 0 0 2 0 2 0 3 3 2 2
0.00017505367800823627 0 0 2 0 2 1 1 0 0 0
0.0011031726526716998 0 0 2 0 2 1 1 0 3 0
0.0002262647361240416 0 0 2 0 2 1 1 0 3 3
2.652776216304845e-05 0 0 2 0 2 1 1 1 1 0
2.4136536271645316e-05 0 0 2 0 2 1 1 1 1 3
0.5174088459245989 0 0 2 0 2 1 1 2 2 0
-0.0006795580070112254 0 0 2 0 2 1 1 2 2 3
0.0006360611639678789 0 0 2 0 2 1 1 3 0 0
8.913577144223117e-05 0 0 2 0 2 1 1 3 0 3
-0.23984724922852335 0 0 2 0 2 1 1 3 3 0
0.0005577045005237347 0 0 2 0 2 1 1 3 3 3
-0.5173819055676797 0 0 2 0 2 1 2 1 2 0
0.0007036945432828707 0 0 2 0 2 1 2 1 2 3
-4.125947562888951e-07 0 0 2 0 2 1 2 2 1 0
-4.125947562888951e-07 0 0 2 0 2 2 1 1 2 0
-0.5173819055676797 0 0 2 0 2 2 1 2 1 0
0.0007036945432828707 0 0 2 0 2 2 1 2 1 3
0.00017505367800823627 0 0 2 0 2 2 2 0 0 0
0.0011031726526716998 0 0 2 0 2 2 2 0 3 0
0.0002262647361240416 0 0 2 0 2 2 2 0 3 3
0.517408845924599 0 0 2 0 2 2 2 1 1 0
-0.0006795580070112254 0 0 2 0 2 2 2 1 1 3
2.652776216304845e-05 0 0 2 0 2 2 2 2 2 0
2.4136536271645316e-05 0 0 2 0 2 2 2 2 2 3
0.0006360611639678789 0 0 2 0 2 2 2 3 0 0
8.913577144223117e-05 0 0 2 0 2 2 2 3 0 3
-0.23984724922852335 0 0 2 0 2 2 2 3 3 0
0.0005577045005237347 0 0 2 0 2 2 2 3 3 3
0.002337871405520126 0 0 2 0 2 3 0 1 0 1
0.0002802824820966036 0 0 2 0 2 3 0 1 3 1
0.002337871405520126 0 0 2 0 2 3 0 2 0 2
0.0002802824820966035 0 0 2 0 2 3 0 2 3 2
-4.997186587471989e-05 0 0 2 0 2 3 0 3 1 1
-4.997186587471989e-05 0 0 2 0 2 3 0 3 2 2
0.0002560681912291889 0 0 2 0 2 3 3 1 0 1
0.0002560681912291889 0 0 2 0 2 3 3 2 0 2
12568.481462348569 0 0 2 1 0 0 0 1 2 0
-12.737902307335377 0 0 2 1 0 0 0 1 2 3
-12568.481462348569 0 0 2 1 0 0 0 2 1 0
12.737902307335375 0 0 2 1 0 0 0 2 1 3
-22.309834350799694 0 0 2 1 0 0 3 1 2 0
-2.377089479689777 0 0 2 1 0 0 3 1 2 3
22.309834350799694 0 0 2 1 0 0 3 2 1 0
2.3770894796897775 0 0 2 1 0 0 3 2 1 3
6.425870684562524e-06 0 0 2 1 0 1 1 1 0 2
2.9681869689215066e-06 0 0 2 1 0 1 1 1 3 2
4.606810220790911e-06 0 0 2 1 0 1 1 2 0 1
2.1380191203578356e-05 0 0 2 1 0 1 1 2 3 1
-1.1032680905353436e-05 0 0 2 1 0 1 2 1 0 1
-2.434837817249987e-05 0 0 2 1 0 1 2 1 3 1
1.1032680905353436e-05 0 0 2 1 0 2 1 2 0 2
2.434837817249987e-05 0 0 2 1 0 2 1 2 3 2
-4.606810220790911e-06 0 0 2 1 0 2 2 1 0 2
-2.1380191203578356e-05 0 0 2 1 0 2 2 1 3 2
-6.425870684562524e-06 0 0 2 1 0 2 2 2 0 1
-2.9681869689215066e-06 0 0 2 1 0 2 2 2 3 1
-23.574460178938004 0 0 2 1 0 3 0 1 2 0
-2.90216907275392 0 0 2 1 0 3 0 1 2 3
23.574460178938 0 0 2 1 0 3 0 2 1 0
2.9021690727539196 0 0 2 1 0 3 0 2 1 3
-2.5449925460804304 0 0 2 1 0 3 3 1 2 0
0.006123569741962931 0 0 2 1 0 3 3 1 2 3
2.544992546080431 0 0 2 1 0 3 3 2 1 0
-0.006123569741962931 0 0 2 1 0 3 3 2 1 3
-12.737902307335377 0 0 2 1 3 0 0 1 2 0
-3.704470836032811 0 0 2 1 3 0 0 1 2 3
12.737902307335375 0 0 2 1 3 0 0 2 1 0
3.7044708360328107 0 0 2 1 3 0 0 2 1 3
-3.036814077251596 0 0 2 1 3 0 3 1 2 0
0.006055334044157368 0 0 2 1 3 0 3 1 2 3
3.0368140772515964 0 0 2 1 3 0 3 2 1 0
-0.006055334044157368 0 0 2 1 3 0 3 2 1 3
0.00032084109831876897 0 0 2 1 3 1 1 1 0 2
0.0007432103659663553 0 0 2 1 3 1 1 1 3 2
2.5216142105138932e-05 0 0 2 1 3 1 1 2 0 1
-0.0104559423019825 0 0 2 1 3 1 1 2 3 1
6.639069652595242e-06 0 0 2 1 3 1 1 3 1 2
2.035610625063675e-06 0 0 2 1 3 1 1 3 2 1
-0.0003460572404239079 0 0 2 1 3 1 2 1 0 1
0.009714221474069085 0 0 2 1 3 1 2 1 3 1
1.4895380529381875e-06 0 0 2 1 3 1 2 2 3 2
2.3188333374163377e-06 0 0 2 1 3 1 2 3 1 1
1.0993513615075256e-05 0 0 2 1 3 1 2 3 2 2
-1.4895380529381875e-06 0 0 2 1 3 2 1 1 3 1
0.0003460572404239079 0 0 2 1 3 2 1 2 0 2
-0.009714221474069086 0 0 2 1 3 2 1 2 3 2
-1.0993513615075256e-05 0 0 2 1 3 2 1 3 1 1
-2.318833337416341e-06 0 0 2 1 3 2 1 3 2 2
-2.5216142105138932e-05 0 0 2 1 3 2 2 1 0 2
0.010455942301982503 0 0 2 1 3 2 2 1 3 2
-0.00032084109831876897 0 0 2 1 3 2 2 2 0 1
-0.0007432103659663553 0 0 2 1 3 2 2 2 3 1
-2.0356106250636744e-06 0 0 2 1 3 2 2 3 1 2
-6.639069652595242e-06 0 0 2 1 3 2 2 3 2 1
-3.067838509705542 0 0 2 1 3 3 0 1 2 0
0.006523713610427539 0 0 2 1 3 3 0 1 2 3
3.067838509705542 0 0 2 1 3 3 0 2 1 0
-0.006523713610427539 0 0 2 1 3 3 0 2 1 3
0.006900329807671077 0 0 2 1 3 3 3 1 2 0
0.0010264165429436562 0 0 2 1 3 3 3 1 2 3
-0.006900329807671077 0 0 2 1 3 3 3 2 1 0
-0.0010264165429436562 0 0 2 1 3 3 3 2 1 3
22.664066213454443 0 0 2 2 0 0 0 0 0 0
2.877121738140479 0 0 2 2 0 0 0 0 0 3
2.4588447735608616 0 0 2 2 0 0 0 0 3 0
-0.006633953805925765 0 0 2 2 0 0 0 0 3 3
-1.9650895478513866 0 0 2 2 0 0 0 1 1 0
0.0010471397057601026 0 0 2 2 0 0 0 1 1 3
-1.965089547851386 0 0 2 2 0 0 0 2 2 0
0.0010471397057601022 0 0 2 2 0 0 0 2 2 3
-12941.719405657917 0 0 2 2 0 0 0 3 0 0
16.450451745181535 0 0 2 2 0 0 0 3 0 3
22.48661539589995 0 0 2 2 0 0 0 3 3 0
2.8771929441230615 0 0 2 2 0 0 0 3 3 3
2.6300276258442454 0 0 2 2 0 0 3 0 0 0
-0.006517913799339433 0 0 2 2 0 0 3 0 0 3
-0.007125233786406365 0 0 2 2 0 0 3 0 3 0
-0.000829368168873034 0 0 2 2 0 0 3 0 3 3
0.0017072349191747356 0 0 2 2 0 0 3 1 1 0
0.0001871476542290813 0 0 2 2 0 0 3 1 1 3
0.0017072349191747356 0 0 2 2 0 0 3 2 2 0
0.00018714765422908137 0 0 2 2 0 0 3 2 2 3
25.954340859486816 0 0 2 2 0 0 3 3 0 0
2.446801999135945 0 0 2 2 0 0 3 3 0 3
2.6301678853999357 0 0 2 2 0 0 3 3 3 0
-0.006504345501931208 0 0 2 2 0 0 3 3 3 3
5.969104074138933e-06 0 0 2 2 0 1 1 0 1 1
-8.326084436907166e-06 0 0 2 2 0 1 1 0 2 2
2.6585420137600203e-05 0 0 2 2 0 1 1 3 1 1
5.005489730753582e-06 0 0 2 2 0 1 1 3 2 2
1.4295188511046098e-05 0 0 2 2 0 1 2 0 2 1
2.1579930406846623e-05 0 0 2 2 0 1 2 3 2 1
1.4295188511046098e-05 0 0 2 2 0 2 1 0 1 2
2.1579930406846623e-05 0 0 2 2 0 2 1 3 1 2
-8.326084436907166e-06 0 0 2 2 0 2 2 0 1 1
5.969104074138933e-06 0 0 2 2 0 2 2 0 2 2
5.005489730753582e-06 0 0 2 2 0 2 2 3 1 1
2.6585420137600203e-05 0 0 2 2 0 2 2 3 2 2
-14.074752128777595 0 0 2 2 0 3 0 0 0 0
-2.505950519626721 0 0 2 2 0 3 0 0 0 3
-2.9452380647289886 0 0 2 2 0 3 0 0 3 0
0.00434004547562657 0 0 2 2 0 3 0 0 3 3
0.0017426679764082817 0 0 2 2 0 3 0 1 1 0
0.00022199698189275633 0 0 2 2 0 3 0 1 1 3
0.0017426679764082817 0 0 2 2 0 3 0 2 2 0
0.00022199698189275633 0 0 2 2 0 3 0 2 2 3
11262.492752709417 0 0 2 2 0 3 0 3 0 0
-8.400813215309817 0 0 2 2 0 3 0 3 0 3
-13.996566019060685 0 0 2 2 0 3 0 3 3 0
-2.506154823971683 0 0 2 2 0 3 0 3 3 3
-2.292970389042802 0 0 2 2 0 3 3 0 0 0
0.004113691184747508 0 0 2 2 0 3 3 0 0 3
0.005240025612988385 0 0 2 2 0 3 3 0 3 0
0.0007737920575832018 0 0 2 2 0 3 3 0 3 3
0.00019953213532288537 0 0 2 2 0 3 3 1 1 0
0.00019953213532288537 0 0 2 2 0 3 3 2 2 0
-17.325799658606883 0 0 2 2 0 3 3 3 0 0
-2.1320009132886066 0 0 2 2 0 3 3 3 0 3
-2.293190141077951 0 0 2 2 0 3 3 3 3 0
0.004111788579131614 0 0 2 2 0 3 3 3 3 3
3.1008474532735133 0 0 2 2 3 0 0 0 0 0
-0.006816313273238007 0 0 2 2 3 0 0 0 0 3
-0.006957508424805516 0 0 2 2 3 0 0 0 3 0
-0.001026828257448765 0 0 2 2 3 0 0 0 3 3
0.0010471397057601037 0 0 2 2 3 0 0 1 1 0
0.000303030488475525 0 0 2 2 3 0 0 1 1 3
0.0010471397057601032 0 0 2 2 3 0 0 2 2 0
0.000303030488475525 0 0 2 2 3 0 0 2 2 3
15.890509215463968 0 0 2 2 3 0 0 3 0 0
3.4745101823462337 0 0 2 2 3 0 0 3 0 3
3.1009186592560978 0 0 2 2 3 0 0 3 3 0
-0.006792480036053527 0 0 2 2 3 0 0 3 3 3
-0.007511862062125257 0 0 2 2 3 0 3 0 0 0
-0.001005443111752813 0 0 2 2 3 0 3 0 0 3
-0.0009403102214428543 0 0 2 2 3 0 3 0 3 0
0.00022994063053378657 0 0 2 2 3 0 3 1 1 0
0.00022994063053378657 0 0 2 2 3 0 3 2 2 0
3.1257825876887826 0 0 2 2 3 0 3 3 0 0
-0.006803014747383891 0 0 2 2 3 0 3 3 0 3
-0.0074903682361890855 0 0 2 2 3 0 3 3 3 0
-0.0010054431117528125 0 0 2 2 3 0 3 3 3 3
3.1278449790945945e-05 0 0 2 2 3 1 1 0 1 1
-0.0003915355740546247 0 0 2 2 3 1 1 0 2 2
-1.5710350693536453e-06 0 0 2 2 3 1 1 1 3 1
5.123873457765195e-06 0 0 2 2 3 1 1 2 3 2
-0.01356050322529982 0 0 2 2 3 1 1 3 1 1
-0.000602096369738549 0 0 2 2 3 1 1 3 2 2
0.00042281402384557074 0 0 2 2 3 1 2 0 2 1
-8.484528038931633e-06 0 0 2 2 3 1 2 1 3 2
1.7896195118127848e-06 0 0 2 2 3 1 2 2 3 1
2.0370977624172523e-06 0 0 2 2 3 1 2 3 1 2
-0.012960443953323686 0 0 2 2 3 1 2 3 2 1
0.00042281402384557074 0 0 2 2 3 2 1 0 1 2
1.7896195118127848e-06 0 0 2 2 3 2 1 1 3 2
-8.484528038931633e-06 0 0 2 2 3 2 1 2 3 1
-0.012960443953323688 0 0 2 2 3 2 1 3 1 2
2.0370977624172523e-06 0 0 2 2 3 2 1 3 2 1
-0.0003915355740546247 0 0 2 2 3 2 2 0 1 1
3.1278449790945945e-05 0 0 2 2 3 2 2 0 2 2
5.123873457765195e-06 0 0 2 2 3 2 2 1 3 1
-1.5710350693536453e-06 0 0 2 2 3 2 2 2 3 2
-0.000602096369738549 0 0 2 2 3 2 2 3 1 1
-0.013560503225299822 0 0 2 2 3 2 2 3 2 2
-2.6999894727525167 0 0 2 2 3 3 0 0 0 0
0.003817881969155724 0 0 2 2 3 3 0 0 0 3
0.004565320321135316 0 0 2 2 3 3 0 0 3 0
0.0010078753640858826 0 0 2 2 3 3 0 0 3 3
0.0002353843817361614 0 0 2 2 3 3 0 1 1 0
0.0002353843817361614 0 0 2 2 3 3 0 2 2 0
-8.229587631152674 0 0 2 2 3 3 0 3 0 0
-3.0239222823241976 0 0 2 2 3 3 0 3 0 3
-2.700179826764973 0 0 2 2 3 3 0 3 3 0
0.0038072095877136054 0 0 2 2 3 3 0 3 3 3
0.004629562707737074 0 0 2 2 3 3 3 0 0 0
0.0008716337509317017 0 0 2 2 3 3 3 0 0 3
0.000911997463904449 0 0 2 2 3 3 3 0 3 0
-2.724703621972135 0 0 2 2 3 3 3 3 0 0
0.0041277326852516 0 0 2 2 3 3 3 3 0 3
0.004619946102863008 0 0 2 2 3 3 3 3 3 0
0.0008716337509317013 0 0 2 2 3 3 3 3 3 3
0.22333931463648096 0 0 2 3 1 0 0 0 1 2
-0.22333931463648093 0 0 2 3 1 0 0 0 2 1
-28.231424897081467 0 0 2 3 1 0 0 1 0 2
-4.942894052107264 0 0 2 3 1 0 0 1 3 2
28.231424897081467 0 0 2 3 1 0 0 2 0 1
4.942894052107263 0 0 2 3 1 0 0 2 3 1
-0.05528611956171438 0 0 2 3 1 0 0 3 1 2
0.05528611956171438 0 0 2 3 1 0 0 3 2 1
-0.0002156283940460183 0 0 2 3 1 0 3 0 1 2
0.0002156283940460183 0 0 2 3 1 0 3 0 2 1
-4.246903471479878 0 0 2 3 1 0 3 1 0 2
0.010455544340120975 0 0 2 3 1 0 3 1 3 2
4.246903471479878 0 0 2 3 1 0 3 2 0 1
-0.010455544340120975 0 0 2 3 1 0 3 2 3 1
-1.0596763615952983e-05 0 0 2 3 1 0 3 3 1 2
1.059676361595299e-05 0 0 2 3 1 0 3 3 2 1
-9.215256817105668e-05 0 0 2 3 1 1 2 0 3 0
-0.00013226339944748405 0 0 2 3 1 1 2 3 0 0
-0.0009680758226383695 0 0 2 3 1 1 2 3 3 0
-0.00018738181475246973 0 0 2 3 1 1 2 3 3 3
9.21525681710567e-05 0 0 2 3 1 2 1 0 3 0
0.00013226339944748405 0 0 2 3 1 2 1 3 0 0
0.0009680758226383697 0 0 2 3 1 2 1 3 3 0
0.0001873818147524697 0 0 2 3 1 2 1 3 3 3
0.4168878045575074 0 0 2 3 1 3 0 0 1 2
-0.4168878045575074 0 0 2 3 1 3 0 0 2 1
-4.433812228272257 0 0 2 3 1 3 0 1 0 2
0.010747190262034691 0 0 2 3 1 3 0 1 3 2
4.433812228272256 0 0 2 3 1 3 0 2 0 1
-0.010747190262034691 0 0 2 3 1 3 0 2 3 1
-0.0004930965480473594 0 0 2 3 1 3 0 3 1 2
0.0004930965480473594 0 0 2 3 1 3 0 3 2 1
-0.00041363290429263463 0 0 2 3 1 3 3 0 1 2
0.00041363290429263463 0 0 2 3 1 3 3 0 2 1
0.010859207342903323 0 0 2 3 1 3 3 1 0 2
0.0013962160403784877 0 0 2 3 1 3 3 1 3 2
-0.010859207342903325 0 0 2 3 1 3 3 2 0 1
-0.0013962160403784877 0 0 2 3 1 3 3 2 3 1
0.027398010435498055 0 0 2 3 1 3 3 3 1 2
-0.027398010435498055 0 0 2 3 1 3 3 3 2 1
-0.0003864004965521537 0 0 2 3 2 0 0 0 1 1
-0.0003864004965521537 0 0 2 3 2 0 0 0 2 2
0.00197955894591067 0 0 2 3 2 0 0 1 0 1
0.00037062577552478607 0 0 2 3 2 0 0 1 3 1
0.00197955894591067 0 0 2 3 2 0 0 2 0 2
0.00037062577552478607 0 0 2 3 2 0 0 2 3 2
0.5046564101558627 0 0 2 3 2 0 0 3 1 1
0.5046564101558628 0 0 2 3 2 0 0 3 2 2
-5.168159721252426e-05 0 0 2 3 2 0 3 0 1 1
-5.168159721252426e-05 0 0 2 3 2 0 3 0 2 2
0.0003087043274484294 0 0 2 3 2 0 3 1 0 1
0.0003087043274484294 0 0 2 3 2 0 3 2 0 2
-0.00044055858390791303 0 0 2 3 2 0 3 3 1 1
-0.00044055858390791303 0 0 2 3 2 0 3 3 2 2
0.001109024762707144 0 0 2 3 2 1 1 0 0 0
0.0002245209491702846 0 0 2 3 2 1 1 0 0 3
-0.9318714312284937 0 0 2 3 2 1 1 0 3 0
0.0014017191449290506 0 0 2 3 2 1 1 0 3 3
6.636250699712182e-06 0 0 2 3 2 1 1 1 1 0
3.5158194819162492e-06 0 0 2 3 2 1 1 1 1 3
-0.00037113638939821294 0 0 2 3 2 1 1 2 2 0
-0.00010934863931824472 0 0 2 3 2 1 1 2 2 3
-0.26147143161686315 0 0 2 3 2 1 1 3 0 0
0.0005494993718706055 0 0 2 3 2 1 1 3 0 3
-2.0927188125671212 0 0 2 3 2 1 1 3 3 0
-0.24583827431006802 0 0 2 3 2 1 1 3 3 3
0.00037777264009792515 0 0 2 3 2 1 2 1 2 0
0.00011286445880016098 0 0 2 3 2 1 2 1 2 3
0.00037777264009792515 0 0 2 3 2 2 1 2 1 0
0.00011286445880016098 0 0 2 3 2 2 1 2 1 3
0.001109024762707144 0 0 2 3 2 2 2 0 0 0
0.0002245209491702846 0 0 2 3 2 2 2 0 0 3
-0.9318714312284937 0 0 2 3 2 2 2 0 3 0
0.0014017191449290506 0 0 2 3 2 2 2 0 3 3
-0.00037113638939821294 0 0 2 3 2 2 2 1 1 0
-0.00010934863931824472 0 0 2 3 2 2 2 1 1 3
6.636250699712182e-06 0 0 2 3 2 2 2 2 2 0
3.5158194819162492e-06 0 0 2 3 2 2 2 2 2 3
-0.26147143161686315 0 0 2 3 2 2 2 3 0 0
0.0005494993718706055 0 0 2 3 2 2 2 3 0 3
-2.0927188125671212 0 0 2 3 2 2 2 3 3 0
-0.24583827431006802 0 0 2 3 2 2 2 3 3 3
-8.095824331963392e-05 0 0 2 3 2 3 0 0 1 1
-8.09582433196339e-05 0 0 2 3 2 3 0 0 2 2
0.0003188262986292787 0 0 2 3 2 3 0 1 0 1
0.0003188262986292787 0 0 2 3 2 3 0 2 0 2
-0.00035567038522461435 0 0 2 3 2 3 0 3 1 1
-0.00035567038522461435 0 0 2 3 2 3 0 3 2 2
-2.7206940708049377e-05 0 0 2 3 2 3 3 3 1 1
-2.7206940708049377e-05 0 0 2 3 2 3 3 3 2 2
1628124.753807532 0 0 3 0 0 0 0 0 0 0
265026.29658019333 0 0 3 0 0 0 0 0 0 3
247430.0719235242 0 0 3 0 0 0 0 0 3 0
-1009.4317074325339 0 0 3 0 0 0 0 0 3 3
2.4588447735608625 0 0 3 0 0 0 0 1 1 0
-0.006957508424805516 0 0 3 0 0 0 0 1 1 3
2.4588447735608625 0 0 3 0 0 0 0 2 2 0
-0.006957508424805516 0 0 3 0 0 0 0 2 2 3
272578.2320215885 0 0 3 0 0 0 0 3 0 0
-1033.282590858164 0 0 3 0 0 0 0 3 0 3
-1119.7740640765173 0 0 3 0 0 0 0 3 3 0
-172.95115359644635 0 0 3 0 0 0 0 3 3 3
244537.52793306427 0 0 3 0 0 0 3 0 0 0
-1032.9796629684554 0 0 3 0 0 0 3 0 0 3
-1140.6027148656444 0 0 3 0 0 0 3 0 3 0
-155.96924504714647 0 0 3 0 0 0 3 0 3 3
-0.00749672129449069 0 0 3 0 0 0 3 1 1 0
-0.0009322970542294098 0 0 3 0 0 0 3 1 1 3
-0.00749672129449069 0 0 3 0 0 0 3 2 2 0
-0.0009322970542294098 0 0 3 0 0 0 3 2 2 3
-1183.7194241646969 0 0 3 0 0 0 3 3 0 0
-160.72692901069553 0 0 3 0 0 0 3 3 0 3
-158.7846328934636 0 0 3 0 0 0 3 3 3 0
0.5802807337730302 0 0 3 0 0 0 3 3 3 3
-0.000655228834845333 0 0 3 0 0 1 1 0 1 1
0.009905039119755349 0 0 3 0 0 1 1 0 2 2
0.00011979954055211352 0 0 3 0 0 1 1 1 3 1
-0.0019349624208576778 0 0 3 0 0 1 1 2 3 2
-0.00010844882676300653 0 0 3 0 0 1 1 3 1 1
0.0016233292825134982 0 0 3 0 0 1 1 3 2 2
-0.010560267954600683 0 0 3 0 0 1 2 0 2 1
0.002054761961409791 0 0 3 0 0 1 2 2 3 1
-0.001731778109276505 0 0 3 0 0 1 2 3 2 1
-0.010560267954600683 0 0 3 0 0 2 1 0 1 2
0.002054761961409791 0 0 3 0 0 2 1 1 3 2
-0.001731778109276505 0 0 3 0 0 2 1 3 1 2
0.009905039119755349 0 0 3 0 0 2 2 0 1 1
-0.000655228834845333 0 0 3 0 0 2 2 0 2 2
-0.0019349624208576778 0 0 3 0 0 2 2 1 3 1
0.00011979954055211352 0 0 3 0 0 2 2 2 3 2
0.0016233292825134982 0 0 3 0 0 2 2 3 1 1
-0.00010844882676300653 0 0 3 0 0 2 2 3 2 2
261179.33515193552 0 0 3 0 0 3 0 0 0 0
-1141.9033839486417 0 0 3 0 0 3 0 0 0 3
-1179.5004508466307 0 0 3 0 0 3 0 0 3 0
-168.78306081408402 0 0 3 0 0 3 0 0 3 3
5.398214946739139 0 0 3 0 0 3 0 1 1 0
-0.012350853638320685 0 0 3 0 0 3 0 1 1 3
5.398214946739138 0 0 3 0 0 3 0 2 2 0
-0.012350853638320685 0 0 3 0 0 3 0 2 2 3
-1206.1281289476433 0 0 3 0 0 3 0 3 0 0
-171.5528495922082 0 0 3 0 0 3 0 3 0 3
-156.91197689114662 0 0 3 0 0 3 0 3 3 0
0.6080557232869513 0 0 3 0 0 3 0 3 3 3
-1261.1487693910321 0 0 3 0 0 3 3 0 0 0
-160.47855698729288 0 0 3 0 0 3 3 0 0 3
-152.76403669873966 0 0 3 0 0 3 3 0 3 0
0.6051773977713175 0 0 3 0 0 3 3 0 3 3
-0.013714171414458413 0 0 3 0 0 3 3 1 1 0
-0.001618767653698321 0 0 3 0 0 3 3 1 1 3
-0.013714171414458413 0 0 3 0 0 3 3 2 2 0
-0.001618767653698321 0 0 3 0 0 3 3 2 2 3
-155.0470034851798 0 0 3 0 0 3 3 3 0 0
0.6117146370461 0 0 3 0 0 3 3 3 0 3
0.6215902065081753 0 0 3 0 0 3 3 3 3 0
0.08556676666135649 0 0 3 0 0 3 3 3 3 3
245873.7183226922 0 0 3 0 3 0 0 0 0 0
-959.1014074565863 0 0 3 0 3 0 0 0 0 3
-1009.3144892044874 0 0 3 0 3 0 0 0 3 0
-185.53555237426812 0 0 3 0 3 0 0 0 3 3
-0.006633953805925767 0 0 3 0 3 0 0 1 1 0
-0.0010268282574487657 0 0 3 0 3 0 0 1 1 3
-0.006633953805925767 0 0 3 0 3 0 0 2 2 0
-0.0010268282574487657 0 0 3 0 3 0 0 2 2 3
-1033.2825908581638 0 0 3 0 3 0 0 3 0 0
-192.9479743890697 0 0 3 0 3 0 0 3 0 3
-177.894587796635 0 0 3 0 3 0 0 3 3 0
0.5952447917831599 0 0 3 0 3 0 0 3 3 3
-1084.5908414416915 0 0 3 0 3 0 3 0 0 0
-177.10718203948878 0 0 3 0 3 0 3 0 0 3
-169.39104605834774 0 0 3 0 3 0 3 0 3 0
0.5913570119125204 0 0 3 0 3 0 3 0 3 3
-0.0009475523274026019 0 0 3 0 3 0 3 1 1 0
-0.0009475523274026019 0 0 3 0 3 0 3 2 2 0
-175.4684986209098 0 0 3 0 3 0 3 3 0 0
0.6029210739186505 0 0 3 0 3 0 3 3 0 3
0.6204557485029643 0 0 3 0 3 0 3 3 3 0
0.09780999280921401 0 0 3 0 3 0 3 3 3 3
0.3017396897883238 0 0 3 0 3 1 1 0 1 1
-5.5638282945044395 0 0 3 0 3 1 1 0 2 2
0.00013552822471388942 0 0 3 0 3 1 1 1 0 1
0.0009244766779749158 0 0 3 0 3 1 1 1 3 1
-0.002564386036380728 0 0 3 0 3 1 1 2 0 2
-0.017421074367968355 0 0 3 0 3 1 1 2 3 2
-0.0007949031948037725 0 0 3 0 3 1 1 3 1 1
0.014662321077666664 0 0 3 0 3 1 1 3 2 2
1.5412696245601128e-05 0 0 3 0 3 1 2 0 1 2
5.865552571596518 0 0 3 0 3 1 2 0 2 1
0.0026999142610946176 0 0 3 0 3 1 2 2 0 1
0.018345551045943275 0 0 3 0 3 1 2 2 3 1
-0.01545722427247044 0 0 3 0 3 1 2 3 2 1
5.865552571596518 0 0 3 0 3 2 1 0 1 2
1.5412696245601148e-05 0 0 3 0 3 2 1 0 2 1
0.0026999142610946176 0 0 3 0 3 2 1 1 0 2
0.018345551045943275 0 0 3 0 3 2 1 1 3 2
-0.01545722427247044 0 0 3 0 3 2 1 3 1 2
-5.56382829450444 0 0 3 0 3 2 2 0 1 1
0.30173968978832383 0 0 3 0 3 2 2 0 2 2
-0.002564386036380728 0 0 3 0 3 2 2 1 0 1
-0.017421074367968355 0 0 3 0 3 2 2 1 3 1
0.00013552822471388942 0 0 3 0 3 2 2 2 0 2
0.0009244766779749158 0 0 3 0 3 2 2 2 3 2
0.014662321077666664 0 0 3 0 3 2 2 3 1 1
-0.0007949031948037725 0 0 3 0 3 2 2 3 2 2
-1127.7034350659753 0 0 3 0 3 3 0 0 0 0
-192.59656695306194 0 0 3 0 3 3 0 0 0 3
-172.79881392433697 0 0 3 0 3 3 0 0 3 0
0.6270940731814907 0 0 3 0 3 3 0 0 3 3
-0.011700389354871644 0 0 3 0 3 3 0 1 1 0
-0.002034703621534664 0 0 3 0 3 3 0 1 1 3
-0.011700389354871644 0 0 3 0 3 3 0 2 2 0
-0.002034703621534664 0 0 3 0 3 3 0 2 2 3
-176.11840383743223 0 0 3 0 3 3 0 3 0 0
0.6340161932807283 0 0 3 0 3 3 0 3 0 3
0.6267998421014964 0 0 3 0 3 3 0 3 3 0
0.10118051821370408 0 0 3 0 3 3 0 3 3 3
-173.65862137748243 0 0 3 0 3 3 3 0 0 0
0.6396290801661504 0 0 3 0 3 3 3 0 0 3
0.6437095471813132 0 0 3 0 3 3 3 0 3 0
0.09686898605487883 0 0 3 0 3 3 3 0 3 3
-0.0018656382975789964 0 0 3 0 3 3 3 1 1 0
-0.0018656382975789964 0 0 3 0 3 3 3 2 2 0
0.6507259266777337 0 0 3 0 3 3 3 3 0 0
0.09800984038135595 0 0 3 0 3 3 3 3 0 3
0.09186321893092397 0 0 3 0 3 3 3 3 3 0
0.0017771093459840238 0 0 3 1 1 0 0 0 1 1
0.0017771093459840238 0 0 3 1 1 0 0 0 2 2
-0.22333931463648082 0 0 3 1 1 0 0 1 0 1
0.0003832747246218674 0 0 3 1 1 0 0 1 3 1
-0.22333931463648085 0 0 3 1 1 0 0 2 0 2
0.0003832747246218674 0 0 3 1 1 0 0 2 3 2
0.0003393361896599895 0 0 3 1 1 0 0 3 1 1
0.0003393361896599893 0 0 3 1 1 0 0 3 2 2
0.00027914325007842485 0 0 3 1 1 0 3 0 1 1
0.0002791432500784248 0 0 3 1 1 0 3 0 2 2
0.00021905699247482392 0 0 3 1 1 0 3 1 0 1
4.7843389698314155e-05 0 0 3 1 1 0 3 1 3 1
0.00021905699247482392 0 0 3 1 1 0 3 2 0 2
4.7843389698314155e-05 0 0 3 1 1 0 3 2 3 2
-0.0008503896370593828 0 0 3 1 1 1 1 0 0 0
-0.00017462565337012615 0 0 3 1 1 1 1 0 0 3
0.1851083086256855 0 0 3 1 1 1 1 0 3 0
-0.0004304228509476029 0 0 3 1 1 1 1 0 3 3
-0.00013510219674829792 0 0 3 1 1 1 1 3 0 0
-0.0004919089764886157 0 0 3 1 1 1 1 3 3 0
-6.879283353379776e-05 0 0 3 1 1 1 1 3 3 3
-0.0008503896370593828 0 0 3 1 1 2 2 0 0 0
-0.00017462565337012613 0 0 3 1 1 2 2 0 0 3
0.1851083086256855 0 0 3 1 1 2 2 0 3 0
-0.0004304228509476029 0 0 3 1 1 2 2 0 3 3
-0.00013510219674829792 0 0 3 1 1 2 2 3 0 0
-0.0004919089764886157 0 0 3 1 1 2 2 3 3 0
-6.879283353379776e-05 0 0 3 1 1 2 2 3 3 3
0.0002926441784089456 0 0 3 1 1 3 0 0 1 1
0.0002926441784089456 0 0 3 1 1 3 0 0 2 2
0.19399337768672142 0 0 3 1 1 3 0 1 0 1
0.00021259471897014658 0 0 3 1 1 3 0 1 3 1
0.19399337768672142 0 0 3 1 1 3 0 2 0 2
0.00021259471897014658 0 0 3 1 1 3 0 2 3 2
-0.00012873936684766659 0 0 3 1 1 3 3 1 0 1
2.9965852037672027e-05 0 0 3 1 1 3 3 1 3 1
-0.00012873936684766659 0 0 3 1 1 3 3 2 0 2
2.9965852037672027e-05 0 0 3 1 1 3 3 2 3 2
28.114409118635248 0 0 3 1 2 0 0 0 1 2
-28.11440911863525 0 0 3 1 2 0 0 0 2 1
-0.0003864004965521536 0 0 3 1 2 0 0 1 0 2
-5.9720105742118475e-05 0 0 3 1 2 0 0 1 3 2
0.0003864004965521536 0 0 3 1 2 0 0 2 0 1
5.9720105742118475e-05 0 0 3 1 2 0 0 2 3 1
4.943094863998951 0 0 3 1 2 0 0 3 1 2
-4.943094863998951 0 0 3 1 2 0 0 3 2 1
4.247018243590378 0 0 3 1 2 0 3 0 1 2
-4.247018243590377 0 0 3 1 2 0 3 0 2 1
-5.6421030115768014e-05 0 0 3 1 2 0 3 1 0 2
5.6421030115768014e-05 0 0 3 1 2 0 3 2 0 1
-0.010430477407780088 0 0 3 1 2 0 3 3 1 2
0.010430477407780088 0 0 3 1 2 0 3 3 2 1
-9.910387740942879e-06 0 0 3 1 2 1 1 1 2 0
-4.555493147673083e-06 0 0 3 1 2 1 1 1 2 3
-0.000479574548046059 0 0 3 1 2 1 1 2 1 0
-0.00014168445782948333 0 0 3 1 2 1 1 2 1 3
-0.0001000258152014712 0 0 3 1 2 1 2 0 3 0
-0.0004894849357870018 0 0 3 1 2 1 2 2 2 0
-0.0001462399509771564 0 0 3 1 2 1 2 2 2 3
0.0001000258152014712 0 0 3 1 2 2 1 0 3 0
0.0004894849357870018 0 0 3 1 2 2 1 1 1 0
0.0001462399509771564 0 0 3 1 2 2 1 1 1 3
0.000479574548046059 0 0 3 1 2 2 2 1 2 0
0.00014168445782948333 0 0 3 1 2 2 2 1 2 3
9.910387740942879e-06 0 0 3 1 2 2 2 2 1 0
4.555493147673083e-06 0 0 3 1 2 2 2 2 1 3
4.535452578249893 0 0 3 1 2 3 0 0 1 2
-4.535452578249893 0 0 3 1 2 3 0 0 2 1
-4.997186587471992e-05 0 0 3 1 2 3 0 1 0 2
4.997186587471993e-05 0 0 3 1 2 3 0 2 0 1
-0.010635803977115117 0 0 3 1 2 3 0 3 1 2
0.010635803977115117 0 0 3 1 2 3 0 3 2 1
-0.010926658688193196 0 0 3 1 2 3 3 0 1 2
0.010926658688193196 0 0 3 1 2 3 3 0 2 1
-0.0013805158153254165 0 0 3 1 2 3 3 3 1 2
0.0013805158153254165 0 0 3 1 2 3 3 3 2 1
-28.11440911863525 0 0 3 2 1 0 0 0 1 2
28.114409118635248 0 0 3 2 1 0 0 0 2 1
0.0003864004965521536 0 0 3 2 1 0 0 1 0 2
5.9720105742118475e-05 0 0 3 2 1 0 0 1 3 2
-0.0003864004965521536 0 0 3 2 1 0 0 2 0 1
-5.9720105742118475e-05 0 0 3 2 1 0 0 2 3 1
-4.94309486399895 0 0 3 2 1 0 0 3 1 2
4.943094863998951 0 0 3 2 1 0 0 3 2 1
-4.247018243590377 0 0 3 2 1 0 3 0 1 2
4.247018243590378 0 0 3 2 1 0 3 0 2 1
5.6421030115768014e-05 0 0 3 2 1 0 3 1 0 2
-5.6421030115768014e-05 0 0 3 2 1 0 3 2 0 1
0.010430477407780088 0 0 3 2 1 0 3 3 1 2
-0.010430477407780088 0 0 3 2 1 0 3 3 2 1
9.910387740942879e-06 0 0 3 2 1 1 1 1 2 0
4.555493147673083e-06 0 0 3 2 1 1 1 1 2 3
0.000479574548046059 0 0 3 2 1 1 1 2 1 0
0.00014168445782948333 0 0 3 2 1 1 1 2 1 3
0.0001000258152014712 0 0 3 2 1 1 2 0 3 0
0.0004894849357870018 0 0 3 2 1 1 2 2 2 0
0.0001462399509771564 0 0 3 2 1 1 2 2 2 3
-0.0001000258152014712 0 0 3 2 1 2 1 0 3 0
-0.0004894849357870018 0 0 3 2 1 2 1 1 1 0
-0.0001462399509771564 0 0 3 2 1 2 1 1 1 3
-0.000479574548046059 0 0 3 2 1 2 2 1 2 0
-0.00014168445782948333 0 0 3 2 1 2 2 1 2 3
-9.910387740942879e-06 0 0 3 2 1 2 2 2 1 0
-4.555493147673083e-06 0 0 3 2 1 2 2 2 1 3
-4.535452578249893 0 0 3 2 1 3 0 0 1 2
4.535452578249893 0 0 3 2 1 3 0 0 2 1
4.997186587471992e-05 0 0 3 2 1 3 0 1 0 2
-4.997186587471992e-05 0 0 3 2 1 3 0 2 0 1
0.010635803977115117 0 0 3 2 1 3 0 3 1 2
-0.010635803977115117 0 0 3 2 1 3 0 3 2 1
0.010926658688193196 0 0 3 2 1 3 3 0 1 2
-0.010926658688193196 0 0 3 2 1 3 3 0 2 1
0.0013805158153254165 0 0 3 2 1 3 3 3 1 2
-0.0013805158153254165 0 0 3 2 1 3 3 3 2 1
0.0017771093459840238 0 0 3 2 2 0 0 0 1 1
0.0017771093459840247 0 0 3 2 2 0 0 0 2 2
-0.22333931463648082 0 0 3 2 2 0 0 1 0 1
0.0003832747246218674 0 0 3 2 2 0 0 1 3 1
-0.22333931463648085 0 0 3 2 2 0 0 2 0 2
0.0003832747246218674 0 0 3 2 2 0 0 2 3 2
0.0003393361896599891 0 0 3 2 2 0 0 3 1 1
0.0003393361896599893 0 0 3 2 2 0 0 3 2 2
0.0002791432500784248 0 0 3 2 2 0 3 0 1 1
0.0002791432500784248 0 0 3 2 2 0 3 0 2 2
0.00021905699247482392 0 0 3 2 2 0 3 1 0 1
4.7843389698314155e-05 0 0 3 2 2 0 3 1 3 1
0.00021905699247482392 0 0 3 2 2 0 3 2 0 2
4.7843389698314155e-05 0 0 3 2 2 0 3 2 3 2
-0.0008503896370593828 0 0 3 2 2 1 1 0 0 0
-0.00017462565337012615 0 0 3 2 2 1 1 0 0 3
0.1851083086256855 0 0 3 2 2 1 1 0 3 0
-0.0004304228509476029 0 0 3 2 2 1 1 0 3 3
-0.00013510219674829792 0 0 3 2 2 1 1 3 0 0
-0.0004919089764886157 0 0 3 2 2 1 1 3 3 0
-6.879283353379776e-05 0 0 3 2 2 1 1 3 3 3
-0.0008503896370593828 0 0 3 2 2 2 2 0 0 0
-0.00017462565337012613 0 0 3 2 2 2 2 0 0 3
0.1851083086256855 0 0 3 2 2 2 2 0 3 0
-0.0004304228509476029 0 0 3 2 2 2 2 0 3 3
-0.00013510219674829792 0 0 3 2 2 2 2 3 0 0
-0.0004919089764886157 0 0 3 2 2 2 2 3 3 0
-6.879283353379776e-05 0 0 3 2 2 2 2 3 3 3
0.0002926441784089455 0 0 3 2 2 3 0 0 1 1
0.0002926441784089456 0 0 3 2 2 3 0 0 2 2
0.1939933776867214 0 0 3 2 2 3 0 1 0 1
0.00021259471897014658 0 0 3 2 2 3 0 1 3 1
0.1939933776867214 0 0 3 2 2 3 0 2 0 2
0.00021259471897014658 0 0 3 2 2 3 0 2 3 2
-0.00012873936684766659 0 0 3 2 2 3 3 1 0 1
2.9965852037672027e-05 0 0 3 2 2 3 3 1 3 1
-0.00012873936684766659 0 0 3 2 2 3 3 2 0 2
2.9965852037672027e-05 0 0 3 2 2 3 3 2 3 2
234859.62537162757 0 0 3 3 0 0 0 0 0 0
-1024.8089442134733 0 0 3 3 0 0 0 0 0 3
-1121.0623443585835 0 0 3 3 0 0 0 0 3 0
-177.89094249904954 0 0 3 3 0 0 0 0 3 3
22.66406621345443 0 0 3 3 0 0 0 1 1 0
3.1008474532735146 0 0 3 3 0 0 0 1 1 3
22.66406621345443 0 0 3 3 0 0 0 2 2 0
3.1008474532735146 0 0 3 3 0 0 0 2 2 3
-1119.7740640765173 0 0 3 3 0 0 0 3 0 0
-177.894587796635 0 0 3 3 0 0 0 3 0 3
-173.99756244937765 0 0 3 3 0 0 0 3 3 0
0.6107617595468486 0 0 3 3 0 0 0 3 3 3
-1148.1677449300164 0 0 3 3 0 0 3 0 0 0
-162.71635017248744 0 0 3 3 0 0 3 0 0 3
-164.03297187330566 0 0 3 3 0 0 3 0 3 0
0.6008085791424141 0 0 3 3 0 0 3 0 3 3
2.8675649570091384 0 0 3 3 0 0 3 1 1 0
-0.0067885954083401175 0 0 3 3 0 0 3 1 1 3
2.867564957009139 0 0 3 3 0 0 3 2 2 0
-0.0067885954083401175 0 0 3 3 0 0 3 2 2 3
-164.03689968458022 0 0 3 3 0 0 3 3 0 0
0.6003201140205379 0 0 3 3 0 0 3 3 0 3
0.6375057908262239 0 0 3 3 0 0 3 3 3 0
0.09250276001179064 0 0 3 3 0 0 3 3 3 3
-9.245838923342014e-05 0 0 3 3 0 1 1 0 1 1
0.0014933572185268625 0 0 3 3 0 1 1 0 2 2
0.00012858035082016867 0 0 3 3 0 1 1 1 0 1
0.0007991089643881867 0 0 3 3 0 1 1 1 3 1
-0.002086716750077825 0 0 3 3 0 1 1 2 0 2
-0.012870176124713367 0 0 3 3 0 1 1 2 3 2
-0.0015858156077602826 0 0 3 3 0 1 2 0 2 1
0.002215297100897994 0 0 3 3 0 1 2 2 0 1
0.013669285089101556 0 0 3 3 0 1 2 2 3 1
-0.0015858156077602826 0 0 3 3 0 2 1 0 1 2
0.002215297100897994 0 0 3 3 0 2 1 1 0 2
0.013669285089101556 0 0 3 3 0 2 1 1 3 2
0.0014933572185268625 0 0 3 3 0 2 2 0 1 1
-9.245838923342014e-05 0 0 3 3 0 2 2 0 2 2
-0.002086716750077825 0 0 3 3 0 2 2 1 0 1
-0.012870176124713367 0 0 3 3 0 2 2 1 3 1
0.00012858035082016867 0 0 3 3 0 2 2 2 0 2
0.0007991089643881867 0 0 3 3 0 2 2 2 3 2
-1210.1933462783397 0 0 3 3 0 3 0 0 0 0
-179.20804789200935 0 0 3 3 0 3 0 0 0 3
-169.41735833604758 0 0 3 3 0 3 0 0 3 0
0.6426877603245925 0 0 3 3 0 3 0 0 3 3
38.59772824331753 0 0 3 3 0 3 0 1 1 0
5.7933072192182395 0 0 3 3 0 3 0 1 1 3
38.59772824331753 0 0 3 3 0 3 0 2 2 0
5.7933072192182395 0 0 3 3 0 3 0 2 2 3
-166.5890326324397 0 0 3 3 0 3 0 3 0 0
0.6362166884700229 0 0 3 3 0 3 0 3 0 3
0.6474089889733584 0 0 3 3 0 3 0 3 3 0
0.09646231896126992 0 0 3 3 0 3 0 3 3 3
-163.17233126136557 0 0 3 3 0 3 3 0 0 0
0.6365494845017637 0 0 3 3 0 3 3 0 0 3
0.6603310092888032 0 0 3 3 0 3 3 0 3 0
0.09195973687135973 0 0 3 3 0 3 3 0 3 3
5.359148149084445 0 0 3 3 0 3 3 1 1 0
-0.010884200101294452 0 0 3 3 0 3 3 1 1 3
5.359148149084444 0 0 3 3 0 3 3 2 2 0
-0.010884200101294452 0 0 3 3 0 3 3 2 2 3
0.6531456445158375 0 0 3 3 0 3 3 3 0 0
0.09111160425561618 0 0 3 3 0 3 3 3 0 3
0.08814182527858129 0 0 3 3 0 3 3 3 3 0
-968.4593535294655 0 0 3 3 3 0 0 0 0 0
-181.8307785077468 0 0 3 3 3 0 0 0 0 3
-172.94767782116668 0 0 3 3 3 0 0 0 3 0
0.5957827853203543 0 0 3 3 3 0 0 0 3 3
2.877121738140481 0 0 3 3 3 0 0 1 1 0
-0.006816313273238009 0 0 3 3 3 0 0 1 1 3
2.877121738140481 0 0 3 3 3 0 0 2 2 0
-0.006816313273238009 0 0 3 3 3 0 0 2 2 3
-172.95115359644635 0 0 3 3 3 0 0 3 0 0
0.5952447917831597 0 0 3 3 3 0 0 3 0 3
0.6107617595468486 0 0 3 3 3 0 0 3 3 0
0.10604753673174068 0 0 3 3 3 0 0 3 3 3
-166.6329714188156 0 0 3 3 3 0 3 0 0 0
0.5948492141416843 0 0 3 3 3 0 3 0 0 3
0.6201306318621239 0 0 3 3 3 0 3 0 3 0
0.0997552201023614 0 0 3 3 3 0 3 0 3 3
-0.007455960911933394 0 0 3 3 3 0 3 1 1 0
-0.0010432663816141452 0 0 3 3 3 0 3 1 1 3
-0.007455960911933394 0 0 3 3 3 0 3 2 2 0
-0.0010432663816141452 0 0 3 3 3 0 3 2 2 3
0.6196341739349115 0 0 3 3 3 0 3 3 0 0
0.09975522010236147 0 0 3 3 3 0 3 3 0 3
0.09721050932249999 0 0 3 3 3 0 3 3 3 0
-0.0007134887507539442 0 0 3 3 3 1 1 0 1 1
0.013445164041153434 0 0 3 3 3 1 1 0 2 2
0.0009715176255422486 0 0 3 3 3 1 1 1 0 1
-0.3638099165975205 0 0 3 3 3 1 1 1 3 1
-0.0182863323800336 0 0 3 3 3 1 1 2 0 2
7.209265856812305 0 0 3 3 3 1 1 2 3 2
-0.00010459740742712021 0 0 3 3 3 1 1 3 1 1
0.0019791311486148633 0 0 3 3 3 1 1 3 2 2
-0.014158652791907377 0 0 3 3 3 1 2 0 2 1
-2.436010281488311e-05 0 0 3 3 3 1 2 1 3 2
0.019257850005575845 0 0 3 3 3 1 2 2 0 1
-7.57305141330701 0 0 3 3 3 1 2 2 3 1
-0.0020837285560419837 0 0 3 3 3 1 2 3 2 1
-0.014158652791907377 0 0 3 3 3 2 1 0 1 2
0.019257850005575845 0 0 3 3 3 2 1 1 0 2
-7.57305141330701 0 0 3 3 3 2 1 1 3 2
-2.436010281488311e-05 0 0 3 3 3 2 1 2 3 1
-0.0020837285560419837 0 0 3 3 3 2 1 3 1 2
0.013445164041153434 0 0 3 3 3 2 2 0 1 1
-0.0007134887507539442 0 0 3 3 3 2 2 0 2 2
-0.0182863323800336 0 0 3 3 3 2 2 1 0 1
7.209265856812304 0 0 3 3 3 2 2 1 3 1
0.0009715176255422486 0 0 3 3 3 2 2 2 0 2
-0.36380991659752054 0 0 3 3 3 2 2 2 3 2
0.0019791311486148633 0 0 3 3 3 2 2 3 1 1
-0.00010459740742712021 0 0 3 3 3 2 2 3 2 2
-173.35424437824756 0 0 3 3 3 3 0 0 0 0
0.6366925446364361 0 0 3 3 3 3 0 0 0 3
0.6398194687399678 0 0 3 3 3 3 0 0 3 0
0.10558221249472954 0 0 3 3 3 3 0 0 3 3
5.376242909112463 0 0 3 3 3 3 0 1 1 0
-0.011613162396413884 0 0 3 3 3 3 0 1 1 3
5.376242909112463 0 0 3 3 3 3 0 2 2 0
-0.011613162396413884 0 0 3 3 3 3 0 2 2 3
0.6336891993303376 0 0 3 3 3 3 0 3 0 0
0.10451615554649953 0 0 3 3 3 3 0 3 0 3
0.09782678770014028 0 0 3 3 3 3 0 3 3 0
0.6542736266545437 0 0 3 3 3 3 3 0 0 0
0.10056251242366065 0 0 3 3 3 3 3 0 0 3
0.09612468118659576 0 0 3 3 3 3 3 0 3 0
-0.01287858722812471 0 0 3 3 3 3 3 1 1 0
-0.0017406260403024525 0 0 3 3 3 3 3 1 1 3
-0.01287858722812471 0 0 3 3 3 3 3 2 2 0
-0.0017406260403024525 0 0 3 3 3 3 3 2 2 3
0.09514720385330337 0 0 3 3 3 3 3 3 0 0
-2.6582995034084416 0 1 0 0 1 0 1 0 0 1
0.0016860396363691495 0 1 0 0 1 0 1 0 3 1
1.3759170963877175e-07 0 1 0 0 1 0 1 1 1 1
-4.4093258054076615e-06 0 1 0 0 1 0 1 1 2 2
-3.6662750646295836e-06 0 1 0 0 1 0 1 2 1 2
8.213192579676028e-06 0 1 0 0 1 0 1 2 2 1
0.0016753520394020074 0 1 0 0 1 0 1 3 0 1
0.00029164316111090984 0 1 0 0 1 0 1 3 3 1
-2.6582995034084433 0 1 0 0 1 0 2 0 0 2
0.0016860396363691495 0 1 0 0 1 0 2 0 3 2
8.213192579676028e-06 0 1 0 0 1 0 2 1 1 2
-3.6662750646295836e-06 0 1 0 0 1 0 2 1 2 1
-4.4093258054076615e-06 0 1 0 0 1 0 2 2 1 1
1.3759170963877175e-07 0 1 0 0 1 0 2 2 2 2
0.0016753520394020074 0 1 0 0 1 0 2 3 0 2
0.00029164316111090984 0 1 0 0 1 0 2 3 3 2
-0.3447131896415618 0 1 0 0 1 1 0 0 1 0
0.00020797221088756594 0 1 0 0 1 1 0 0 1 3
-5.6591918406608726e-05 0 1 0 0 1 1 0 1 0 0
-0.0003413411810919249 0 1 0 0 1 1 0 1 3 0
-5.532951105535343e-05 0 1 0 0 1 1 0 1 3 3
0.00027794734845123115 0 1 0 0 1 1 0 3 1 0
3.918051983583376e-05 0 1 0 0 1 1 0 3 1 3
0.00028871037341043296 0 1 0 0 1 1 3 0 1 0
2.6532755349954577e-05 0 1 0 0 1 1 3 0 1 3
-4.969284873924853e-05 0 1 0 0 1 1 3 1 3 0
3.54563164699117e-05 0 1 0 0 1 1 3 3 1 0
-0.3447131896415622 0 1 0 0 1 2 0 0 2 0
0.00020797221088756594 0 1 0 0 1 2 0 0 2 3
-5.6591918406608726e-05 0 1 0 0 1 2 0 2 0 0
-0.0003413411810919249 0 1 0 0 1 2 0 2 3 0
-5.532951105535365e-05 0 1 0 0 1 2 0 2 3 3
0.00027794734845123115 0 1 0 0 1 2 0 3 2 0
3.918051983583376e-05 0 1 0 0 1 2 0 3 2 3
0.00028871037341043296 0 1 0 0 1 2 3 0 2 0
2.6532755349954577e-05 0 1 0 0 1 2 3 0 2 3
-4.969284873924853e-05 0 1 0 0 1 2 3 2 3 0
3.54563164699117e-05 0 1 0 0 1 2 3 3 2 0
0.002055372330640533 0 1 0 0 1 3 1 0 0 1
0.0002715831673628234 0 1 0 0 1 3 1 0 3 1
0.00025354322428685337 0 1 0 0 1 3 1 3 0 1
0.002055372330640533 0 1 0 0 1 3 2 0 0 2
0.0002715831673628234 0 1 0 0 1 3 2 0 3 2
0.00025354322428685337 0 1 0 0 1 3 2 3 0 2
-58297.074806597324 0 1 0 0 2 0 1 0 0 2
85.95732769965507 0 1 0 0 2 0 1 0 3 2
0.0008186021777479506 0 1 0 0 2 0 1 1 1 2
2.3767663582385147e-07 0 1 0 0 2 0 1 1 2 1
-3.301070978360618e-07 0 1 0 0 2 0 1 2 1 1
0.0008185097472859386 0 1 0 0 2 0 1 2 2 2
85.60182046184111 0 1 0 0 2 0 1 3 0 2
12.410839165814883 0 1 0 0 2 0 1 3 3 2
58297.074806597324 0 1 0 0 2 0 2 0 0 1
-85.95732769965508 0 1 0 0 2 0 2 0 3 1
-0.0008185097472859386 0 1 0 0 2 0 2 1 1 1
3.301070978360618e-07 0 1 0 0 2 0 2 1 2 2
-2.3767663582385147e-07 0 1 0 0 2 0 2 2 1 2
-0.0008186021777479506 0 1 0 0 2 0 2 2 2 1
-85.60182046184111 0 1 0 0 2 0 2 3 0 1
-12.410839165814885 0 1 0 0 2 0 2 3 3 1
28246.053255656934 0 1 0 0 2 1 0 0 2 0
-28.635629252701158 0 1 0 0 2 1 0 0 2 3
9.034098799923903 0 1 0 0 2 1 0 2 0 0
-0.017171009010107947 0 1 0 0 2 1 0 2 0 3
53.970625168926105 0 1 0 0 2 1 0 2 3 0
8.774712542154612 0 1 0 0 2 1 0 2 3 3
-41.90647670569554 0 1 0 0 2 1 0 3 2 0
-6.284731368452768 0 1 0 0 2 1 0 3 2 3
-50.15159110502228 0 1 0 0 2 1 3 0 2 0
-2.3960942878190554 0 1 0 0 2 1 3 0 2 3
-0.019658404196096473 0 1 0 0 2 1 3 2 0 0
-0.00219250469039387 0 1 0 0 2 1 3 2 0 3
8.11895643345328 0 1 0 0 2 1 3 2 3 0
-0.014281912020626439 0 1 0 0 2 1 3 2 3 3
-5.748111539452652 0 1 0 0 2 1 3 3 2 0
0.010338430157671875 0 1 0 0 2 1 3 3 2 3
-28246.053255656938 0 1 0 0 2 2 0 0 1 0
28.635629252701158 0 1 0 0 2 2 0 0 1 3
-9.034098799923902 0 1 0 0 2 2 0 1 0 0
0.017171009010107947 0 1 0 0 2 2 0 1 0 3
-53.970625168926105 0 1 0 0 2 2 0 1 3 0
-8.774712542154612 0 1 0 0 2 2 0 1 3 3
41.90647670569554 0 1 0 0 2 2 0 3 1 0
6.284731368452768 0 1 0 0 2 2 0 3 1 3
50.15159110502228 0 1 0 0 2 2 3 0 1 0
2.3960942878190554 0 1 0 0 2 2 3 0 1 3
0.019658404196096473 0 1 0 0 2 2 3 1 0 0
0.00219250469039387 0 1 0 0 2 2 3 1 0 3
-8.11895643345328 0 1 0 0 2 2 3 1 3 0
0.014281912020626439 0 1 0 0 2 2 3 1 3 3
5.748111539452652 0 1 0 0 2 2 3 3 1 0
-0.010338430157671875 0 1 0 0 2 2 3 3 1 3
108.67237206835576 0 1 0 0 2 3 1 0 0 2
10.145986514015021 0 1 0 0 2 3 1 0 3 2
0.0023815921373843973 0 1 0 0 2 3 1 1 1 2
0.002381592137384397 0 1 0 0 2 3 1 2 2 2
8.511165418789078 0 1 0 0 2 3 1 3 0 2
-0.025458439239859423 0 1 0 0 2 3 1 3 3 2
-108.67237206835576 0 1 0 0 2 3 2 0 0 1
-10.145986514015021 0 1 0 0 2 3 2 0 3 1
-0.002381592137384397 0 1 0 0 2 3 2 1 1 1
-0.0023815921373843973 0 1 0 0 2 3 2 2 2 1
-8.511165418789078 0 1 0 0 2 3 2 3 0 1
0.025458439239859423 0 1 0 0 2 3 2 3 3 1
-2.6447165466572575 0 1 0 1 0 0 1 0 1 0
0.0015093305143361628 0 1 0 1 0 0 1 0 1 3
-0.04001121117612501 0 1 0 1 0 0 1 1 0 0
8.575412681257932e-05 0 1 0 1 0 0 1 1 0 3
-0.2372279408102596 0 1 0 1 0 0 1 1 3 0
0.0001517839556177598 0 1 0 1 0 0 1 1 3 3
0.001945742613741413 0 1 0 1 0 0 1 3 1 0
0.0002895417557578515 0 1 0 1 0 0 1 3 1 3
-2.644716546657258 0 1 0 1 0 0 2 0 2 0
0.0015093305143361628 0 1 0 1 0 0 2 0 2 3
-0.040011211176125015 0 1 0 1 0 0 2 2 0 0
8.575412681257931e-05 0 1 0 1 0 0 2 2 0 3
-0.2372279408102596 0 1 0 1 0 0 2 2 3 0
0.00015178395561775976 0 1 0 1 0 0 2 2 3 3
0.001945742613741413 0 1 0 1 0 0 2 3 2 0
0.0002895417557578515 0 1 0 1 0 0 2 3 2 3
-0.34961673837475643 0 1 0 1 0 1 0 0 0 1
0.5808135032257713 0 1 0 1 0 1 0 0 3 1
-3.379482841074082e-06 0 1 0 1 0 1 0 1 1 1
-1.364774381993281e-05 0 1 0 1 0 1 0 1 2 2
4.8965239774163736e-05 0 1 0 1 0 1 0 2 1 2
-3.8696978795305e-05 0 1 0 1 0 1 0 2 2 1
9.633089743836092e-05 0 1 0 1 0 1 0 3 0 1
0.1373061573867824 0 1 0 1 0 1 0 3 3 1
0.0004648009128984196 0 1 0 1 0 1 3 0 0 1
0.09073822189242313 0 1 0 1 0 1 3 0 3 1
7.865144465478974e-05 0 1 0 1 0 1 3 3 0 1
-0.00024894252016937534 0 1 0 1 0 1 3 3 3 1
-0.3496167383747565 0 1 0 1 0 2 0 0 0 2
0.5808135032257712 0 1 0 1 0 2 0 0 3 2
-3.8696978795305e-05 0 1 0 1 0 2 0 1 1 2
4.896523977416373e-05 0 1 0 1 0 2 0 1 2 1
-1.3647743819932805e-05 0 1 0 1 0 2 0 2 1 1
-3.379482841074082e-06 0 1 0 1 0 2 0 2 2 2
9.633089743836092e-05 0 1 0 1 0 2 0 3 0 2
0.1373061573867824 0 1 0 1 0 2 0 3 3 2
0.0004648009128984196 0 1 0 1 0 2 3 0 0 2
0.09073822189242313 0 1 0 1 0 2 3 0 3 2
7.865144465478974e-05 0 1 0 1 0 2 3 3 0 2
-0.00024894252016937534 0 1 0 1 0 2 3 3 3 2
0.002418778393354774 0 1 0 1 0 3 1 0 1 0
0.0002830137985966759 0 1 0 1 0 3 1 0 1 3
0.0006712160257843222 0 1 0 1 0 3 1 1 0 0
0.020317261167384897 0 1 0 1 0 3 1 1 0 3
-0.44294179417438423 0 1 0 1 0 3 1 1 3 0
0.00023735749371836843 0 1 0 1 0 3 1 1 3 3
0.0002483984542499419 0 1 0 1 0 3 1 3 1 0
0.002418778393354774 0 1 0 1 0 3 2 0 2 0
0.000283013798596676 0 1 0 1 0 3 2 0 2 3
0.0006712160257843222 0 1 0 1 0 3 2 2 0 0
0.020317261167384897 0 1 0 1 0 3 2 2 0 3
-0.44294179417438423 0 1 0 1 0 3 2 2 3 0
0.00023735749371836843 0 1 0 1 0 3 2 2 3 3
0.0002483984542499419 0 1 0 1 0 3 2 3 2 0
0.0015093305143361621 0 1 0 1 3 0 1 0 1 0
0.0004406008353744016 0 1 0 1 3 0 1 0 1 3
8.575412681257927e-05 0 1 0 1 3 0 1 1 0 0
-6.601787263367076e-06 0 1 0 1 3 0 1 1 0 3
0.0001564309580589913 0 1 0 1 3 0 1 1 3 0
3.782326986133154e-05 0 1 0 1 3 0 1 1 3 3
0.00031106088394215574 0 1 0 1 3 0 1 3 1 0
0.0015093305143361621 0 1 0 1 3 0 2 0 2 0
0.0004406008353744016 0 1 0 1 3 0 2 0 2 3
8.575412681257927e-05 0 1 0 1 3 0 2 2 0 0
-6.601787263367076e-06 0 1 0 1 3 0 2 2 0 3
0.0001564309580589913 0 1 0 1 3 0 2 2 3 0
3.782326986133154e-05 0 1 0 1 3 0 2 2 3 3
0.00031106088394215574 0 1 0 1 3 0 2 3 2 0
0.8447313617320782 0 1 0 1 3 1 0 0 0 1
-571.9627883742829 0 1 0 1 3 1 0 0 3 1
4.4862255421360744e-05 0 1 0 1 3 1 0 1 1 1
4.282779155522155e-05 0 1 0 1 3 1 0 1 2 2
1.8950302920752436e-05 0 1 0 1 3 1 0 2 1 2
-1.6915839054613223e-05 0 1 0 1 3 1 0 2 2 1
0.12197114541043255 0 1 0 1 3 1 0 3 0 1
0.8405105083044839 0 1 0 1 3 1 0 3 3 1
-0.4384659626747283 0 1 0 1 3 1 3 0 0 1
1.01704185160957 0 1 0 1 3 1 3 0 3 1
-2.479266703866624e-06 0 1 0 1 3 1 3 1 1 1
-8.414114883626874e-06 0 1 0 1 3 1 3 1 2 2
4.571376028533657e-05 0 1 0 1 3 1 3 2 1 2
-3.977891210557632e-05 0 1 0 1 3 1 3 2 2 1
0.00013026463560572652 0 1 0 1 3 1 3 3 0 1
0.11656824726622471 0 1 0 1 3 1 3 3 3 1
0.8447313617320782 0 1 0 1 3 2 0 0 0 2
-571.962788374283 0 1 0 1 3 2 0 0 3 2
-1.6915839054613223e-05 0 1 0 1 3 2 0 1 1 2
1.8950302920752436e-05 0 1 0 1 3 2 0 1 2 1
4.282779155522155e-05 0 1 0 1 3 2 0 2 1 1
4.4862255421360744e-05 0 1 0 1 3 2 0 2 2 2
0.12197114541043255 0 1 0 1 3 2 0 3 0 2
0.8405105083044839 0 1 0 1 3 2 0 3 3 2
-0.43846596267472826 0 1 0 1 3 2 3 0 0 2
1.0170418516095703 0 1 0 1 3 2 3 0 3 2
-3.977891210557632e-05 0 1 0 1 3 2 3 1 1 2
4.571376028533658e-05 0 1 0 1 3 2 3 1 2 1
-8.414114883626874e-06 0 1 0 1 3 2 3 2 1 1
-2.4792667038666207e-06 0 1 0 1 3 2 3 2 2 2
0.00013026463560572652 0 1 0 1 3 2 3 3 0 2
0.11656824726622472 0 1 0 1 3 2 3 3 3 2
0.00029565520658875855 0 1 0 1 3 3 1 0 1 0
-0.029920423251027565 0 1 0 1 3 3 1 1 0 0
4.935581002285185e-06 0 1 0 1 3 3 1 1 0 3
0.00027620273496087414 0 1 0 1 3 3 1 1 3 0
8.745128127192748e-05 0 1 0 1 3 3 1 1 3 3
0.00029565520658875844 0 1 0 1 3 3 2 0 2 0
-0.029920423251027565 0 1 0 1 3 3 2 2 0 0
4.935581002285185e-06 0 1 0 1 3 3 2 2 0 3
0.00027620273496087414 0 1 0 1 3 3 2 2 3 0
8.745128127192748e-05 0 1 0 1 3 3 2 2 3 3
-20346.347152776125 0 1 0 2 0 0 1 0 2 0
20.621708571180047 0 1 0 2 0 0 1 0 2 3
0.40089472981949636 0 1 0 2 0 0 1 2 0 0
-0.00019319745114469437 0 1 0 2 0 0 1 2 0 3
-0.0003093903546308565 0 1 0 2 0 0 1 2 3 0
-4.5049143450569276e-05 0 1 0 2 0 0 1 2 3 3
29.87462590747773 0 1 0 2 0 0 1 3 2 0
4.525977223434695 0 1 0 2 0 0 1 3 2 3
20346.347152776125 0 1 0 2 0 0 2 0 1 0
-20.621708571180047 0 1 0 2 0 0 2 0 1 3
-0.4008947298194964 0 1 0 2 0 0 2 1 0 0
0.00019319745114469437 0 1 0 2 0 0 2 1 0 3
0.0003093903546308565 0 1 0 2 0 0 2 1 3 0
4.5049143450569276e-05 0 1 0 2 0 0 2 1 3 3
-29.874625907477732 0 1 0 2 0 0 2 3 1 0
-4.525977223434694 0 1 0 2 0 0 2 3 1 3
-4.9316002631868255e-05 0 1 0 2 0 1 0 0 0 2
-0.0005267251884434002 0 1 0 2 0 1 0 0 3 2
6.969889085900936e-07 0 1 0 2 0 1 0 1 1 2
1.1159929240921743e-06 0 1 0 2 0 1 0 1 2 1
0.6309232310141557 0 1 0 2 0 1 0 2 1 1
0.6309250439959885 0 1 0 2 0 1 0 2 2 2
-7.475298113670642e-05 0 1 0 2 0 1 0 3 3 2
-0.00012993049295026914 0 1 0 2 0 1 3 0 3 2
1.838029148447096e-05 0 1 0 2 0 1 3 1 2 1
-0.000907853186524947 0 1 0 2 0 1 3 2 1 1
-0.000889472895040476 0 1 0 2 0 1 3 2 2 2
4.9316002631868255e-05 0 1 0 2 0 2 0 0 0 1
0.0005267251884434002 0 1 0 2 0 2 0 0 3 1
-0.6309250439959884 0 1 0 2 0 2 0 1 1 1
-0.6309232310141557 0 1 0 2 0 2 0 1 2 2
-1.1159929240921743e-06 0 1 0 2 0 2 0 2 1 2
-6.969889085900936e-07 0 1 0 2 0 2 0 2 2 1
7.475298113670639e-05 0 1 0 2 0 2 0 3 3 1
0.00012993049295026912 0 1 0 2 0 2 3 0 3 1
0.000889472895040476 0 1 0 2 0 2 3 1 1 1
0.000907853186524947 0 1 0 2 0 2 3 1 2 2
-1.838029148447096e-05 0 1 0 2 0 2 3 2 1 2
37.92483469080351 0 1 0 2 0 3 1 0 2 0
4.683277873948913 0 1 0 2 0 3 1 0 2 3
-0.00035081361892090574 0 1 0 2 0 3 1 2 0 0
-2.48465334393939e-05 0 1 0 2 0 3 1 2 0 3
-6.99349243033386e-05 0 1 0 2 0 3 1 2 3 0
3.806805505293389 0 1 0 2 0 3 1 3 2 0
-0.00963870846493848 0 1 0 2 0 3 1 3 2 3
-37.92483469080351 0 1 0 2 0 3 2 0 1 0
-4.683277873948913 0 1 0 2 0 3 2 0 1 3
0.00035081361892090574 0 1 0 2 0 3 2 1 0 0
2.48465334393939e-05 0 1 0 2 0 3 2 1 0 3
6.993492430333859e-05 0 1 0 2 0 3 2 1 3 0
-3.806805505293389 0 1 0 2 0 3 2 3 1 0
0.00963870846493848 0 1 0 2 0 3 2 3 1 3
20.621708571180047 0 1 0 2 3 0 1 0 2 0
6.467526970496763 0 1 0 2 3 0 1 0 2 3
-0.00019319745114469434 0 1 0 2 3 0 1 2 0 0
-7.223814965468985e-05 0 1 0 2 3 0 1 2 0 3
-4.83853114173628e-05 0 1 0 2 3 0 1 2 3 0
4.876773304960448 0 1 0 2 3 0 1 3 2 0
-0.009547536273321385 0 1 0 2 3 0 1 3 2 3
-20.621708571180047 0 1 0 2 3 0 2 0 1 0
-6.467526970496762 0 1 0 2 3 0 2 0 1 3
0.00019319745114469434 0 1 0 2 3 0 2 1 0 0
7.223814965468985e-05 0 1 0 2 3 0 2 1 0 3
4.83853114173628e-05 0 1 0 2 3 0 2 1 3 0
-4.876773304960448 0 1 0 2 3 0 2 3 1 0
0.009547536273321385 0 1 0 2 3 0 2 3 1 3
-0.0005817214765105973 0 1 0 2 3 1 0 0 0 2
0.756748526847888 0 1 0 2 3 1 0 0 3 2
4.8748591356242005e-05 0 1 0 2 3 1 0 1 1 2
-0.0066648318639993525 0 1 0 2 3 1 0 1 2 1
0.0057176622938241795 0 1 0 2 3 1 0 2 1 1
-0.0008984209788189305 0 1 0 2 3 1 0 2 2 2
-8.257443009680423e-05 0 1 0 2 3 1 0 3 0 2
-0.0005598715602712782 0 1 0 2 3 1 0 3 3 2
-4.511353305778682e-05 0 1 0 2 3 1 3 0 0 2
-0.0006074977047130664 0 1 0 2 3 1 3 0 3 2
1.6352917290795324e-06 0 1 0 2 3 1 3 1 1 2
-0.03518799359471297 0 1 0 2 3 1 3 1 2 1
0.6839743634417599 0 1 0 2 3 1 3 2 1 1
0.6487880051387762 0 1 0 2 3 1 3 2 2 2
-6.920500343621667e-05 0 1 0 2 3 1 3 3 3 2
0.0005817214765105973 0 1 0 2 3 2 0 0 0 1
-0.7567485268478878 0 1 0 2 3 2 0 0 3 1
0.0008984209788189305 0 1 0 2 3 2 0 1 1 1
-0.005717662293824179 0 1 0 2 3 2 0 1 2 2
0.006664831863999352 0 1 0 2 3 2 0 2 1 2
-4.8748591356242005e-05 0 1 0 2 3 2 0 2 2 1
8.257443009680423e-05 0 1 0 2 3 2 0 3 0 1
0.0005598715602712782 0 1 0 2 3 2 0 3 3 1
4.5113533057786815e-05 0 1 0 2 3 2 3 0 0 1
0.0006074977047130664 0 1 0 2 3 2 3 0 3 1
-0.6487880051387761 0 1 0 2 3 2 3 1 1 1
-0.6839743634417598 0 1 0 2 3 2 3 1 2 2
0.03518799359471296 0 1 0 2 3 2 3 2 1 2
-1.6352917290795324e-06 0 1 0 2 3 2 3 2 2 1
6.920500343621667e-05 0 1 0 2 3 2 3 3 3 1
4.990209754750266 0 1 0 2 3 3 1 0 2 0
-0.010971001886537398 0 1 0 2 3 3 1 0 2 3
-2.29271937512128e-05 0 1 0 2 3 3 1 2 0 0
-0.010191383882760176 0 1 0 2 3 3 1 3 2 0
-0.001715866995496717 0 1 0 2 3 3 1 3 2 3
-4.990209754750266 0 1 0 2 3 3 2 0 1 0
0.010971001886537398 0 1 0 2 3 3 2 0 1 3
2.29271937512128e-05 0 1 0 2 3 3 2 1 0 0
0.010191383882760176 0 1 0 2 3 3 2 3 1 0
0.001715866995496717 0 1 0 2 3 3 2 3 1 3
0.001686039636369147 0 1 0 3 1 0 1 0 0 1
0.00038155375776424043 0 1 0 3 1 0 1 0 3 1
-2.0398621565811164e-05 0 1 0 3 1 0 1 1 1 1
-2.039862156581115e-05 0 1 0 3 1 0 1 2 2 1
0.00030695308521246295 0 1 0 3 1 0 1 3 0 1
0.0016860396363691486 0 1 0 3 1 0 2 0 0 2
0.00038155375776424 0 1 0 3 1 0 2 0 3 2
-2.039862156581115e-05 0 1 0 3 1 0 2 1 1 2
-2.0398621565811164e-05 0 1 0 3 1 0 2 2 2 2
0.00030695308521246295 0 1 0 3 1 0 2 3 0 2
0.00034467776383610693 0 1 0 3 1 1 0 0 1 0
3.059394338300657e-05 0 1 0 3 1 1 0 0 1 3
-0.00036014000371640056 0 1 0 3 1 1 0 1 0 0
-5.076671045042705e-05 0 1 0 3 1 1 0 1 0 3
0.44664937474799016 0 1 0 3 1 1 0 1 3 0
-0.00026947230552586913 0 1 0 3 1 1 0 1 3 3
3.758895354484223e-05 0 1 0 3 1 1 0 3 1 0
4.9433562600665584e-05 0 1 0 3 1 1 3 0 1 0
-4.594121158700039e-05 0 1 0 3 1 1 3 1 0 0
-0.0003740857955018056 0 1 0 3 1 1 3 1 3 0
-3.4378837084015224e-05 0 1 0 3 1 1 3 1 3 3
0.00034467776383610693 0 1 0 3 1 2 0 0 2 0
3.059394338300668e-05 0 1 0 3 1 2 0 0 2 3
-0.00036014000371640056 0 1 0 3 1 2 0 2 0 0
-5.076671045042705e-05 0 1 0 3 1 2 0 2 0 3
0.4466493747479901 0 1 0 3 1 2 0 2 3 0
-0.00026947230552586913 0 1 0 3 1 2 0 2 3 3
3.758895354484212e-05 0 1 0 3 1 2 0 3 2 0
4.94335626006658e-05 0 1 0 3 1 2 3 0 2 0
-4.594121158700039e-05 0 1 0 3 1 2 3 2 0 0
-0.0003740857955018056 0 1 0 3 1 2 3 2 3 0
-3.4378837084015224e-05 0 1 0 3 1 2 3 2 3 3
0.0003168487303434077 0 1 0 3 1 3 1 0 0 1
-3.4431497838737746e-05 0 1 0 3 1 3 1 1 1 1
-3.4431497838737746e-05 0 1 0 3 1 3 1 2 2 1
0.0003168487303434077 0 1 0 3 1 3 2 0 0 2
-3.4431497838737746e-05 0 1 0 3 1 3 2 1 1 2
-3.4431497838737746e-05 0 1 0 3 1 3 2 2 2 2
85.95732769965502 0 1 0 3 2 0 1 0 0 2
14.740321784828152 0 1 0 3 2 0 1 0 3 2
-0.6785302281109805 0 1 0 3 2 0 1 1 1 2
-0.6785302281109804 0 1 0 3 2 0 1 2 2 2
13.070591246428895 0 1 0 3 2 0 1 3 0 2
-0.029777597059830685 0 1 0 3 2 0 1 3 3 2
-85.95732769965504 0 1 0 3 2 0 2 0 0 1
-14.740321784828156 0 1 0 3 2 0 2 0 3 1
0.6785302281109805 0 1 0 3 2 0 2 1 1 1
0.6785302281109804 0 1 0 3 2 0 2 2 2 1
-13.070591246428897 0 1 0 3 2 0 2 3 0 1
0.029777597059830685 0 1 0 3 2 0 2 3 3 1
-41.654105658635565 0 1 0 3 2 1 0 0 2 0
-6.762366636573353 0 1 0 3 2 1 0 0 2 3
54.29876831215112 0 1 0 3 2 1 0 2 0 0
8.143208384620541 0 1 0 3 2 1 0 2 0 3
-36598.77952118908 0 1 0 3 2 1 0 2 3 0
37.10355822048273 0 1 0 3 2 1 0 2 3 3
-6.333101354766688 0 1 0 3 2 1 0 3 2 0
0.012920698677356771 0 1 0 3 2 1 0 3 2 3
-6.282799964502262 0 1 0 3 2 1 3 0 2 0
0.011022118198048008 0 1 0 3 2 1 3 0 2 3
7.447903074865793 0 1 0 3 2 1 3 2 0 0
-0.013395638764508338 0 1 0 3 2 1 3 2 0 3
64.98207055252712 0 1 0 3 2 1 3 2 3 0
3.104650612888986 0 1 0 3 2 1 3 2 3 3
0.014616394776531585 0 1 0 3 2 1 3 3 2 0
0.0016744087425815514 0 1 0 3 2 1 3 3 2 3
41.654105658635565 0 1 0 3 2 2 0 0 1 0
6.762366636573352 0 1 0 3 2 2 0 0 1 3
-54.29876831215112 0 1 0 3 2 2 0 1 0 0
-8.143208384620541 0 1 0 3 2 2 0 1 0 3
36598.77952118907 0 1 0 3 2 2 0 1 3 0
-37.10355822048273 0 1 0 3 2 2 0 1 3 3
6.333101354766688 0 1 0 3 2 2 0 3 1 0
-0.012920698677356771 0 1 0 3 2 2 0 3 1 3
6.282799964502262 0 1 0 3 2 2 3 0 1 0
-0.011022118198048008 0 1 0 3 2 2 3 0 1 3
-7.447903074865793 0 1 0 3 2 2 3 1 0 0
0.013395638764508338 0 1 0 3 2 2 3 1 0 3
-64.98207055252712 0 1 0 3 2 2 3 1 3 0
-3.1046506128889866 0 1 0 3 2 2 3 1 3 3
-0.014616394776531585 0 1 0 3 2 2 3 3 1 0
-0.0016744087425815514 0 1 0 3 2 2 3 3 1 3
13.499347816659713 0 1 0 3 2 3 1 0 0 2
-0.03137776771800958 0 1 0 3 2 3 1 0 3 2
-3.120261453705775 0 1 0 3 2 3 1 1 1 2
-3.1202614537057745 0 1 0 3 2 3 1 2 2 2
-0.028572984870605847 0 1 0 3 2 3 1 3 0 2
-0.0037061643595192265 0 1 0 3 2 3 1 3 3 2
-13.499347816659714 0 1 0 3 2 3 2 0 0 1
0.03137776771800958 0 1 0 3 2 3 2 0 3 1
3.1202614537057745 0 1 0 3 2 3 2 1 1 1
3.1202614537057745 0 1 0 3 2 3 2 2 2 1
0.028572984870605847 0 1 0 3 2 3 2 3 0 1
0.0037061643595192274 0 1 0 3 2 3 2 3 3 1
-4.744725808410927e-05 0 1 1 0 0 0 1 0 1 0
-2.854760214791367 0 1 1 0 0 0 1 1 0 0
0.001610553848778258 0 1 1 0 0 0 1 1 0 3
0.0021078437344052778 0 1 1 0 0 0 1 1 3 0
0.00031314467850247774 0 1 1 0 0 0 1 1 3 3
-0.0003093903546308564 0 1 1 0 0 0 1 3 1 0
-4.838531141736281e-05 0 1 1 0 0 0 1 3 1 3
-4.744725808410927e-05 0 1 1 0 0 0 2 0 2 0
-2.854760214791367 0 1 1 0 0 0 2 2 0 0
0.001610553848778258 0 1 1 0 0 0 2 2 0 3
0.0021078437344052778 0 1 1 0 0 0 2 2 3 0
0.00031314467850247763 0 1 1 0 0 0 2 2 3 3
-0.0003093903546308565 0 1 1 0 0 0 2 3 2 0
-4.838531141736281e-05 0 1 1 0 0 0 2 3 2 3
-2.1808685876225073e-05 0 1 1 0 0 1 0 0 0 1
-0.00012630939679944255 0 1 1 0 0 1 0 0 3 1
-1.04947248234953e-06 0 1 1 0 0 1 0 1 1 1
0.4869326962862447 0 1 1 0 0 1 0 1 2 2
-5.379191898800809e-07 0 1 1 0 0 1 0 2 1 2
-0.48693320783953703 0 1 1 0 0 1 0 2 2 1
0.0003453259834183426 0 1 1 0 0 1 0 3 0 1
-0.16512869047791273 0 1 1 0 0 1 0 3 3 1
-0.00010049609149778905 0 1 1 0 0 1 3 0 3 1
1.4464520910047978e-05 0 1 1 0 0 1 3 1 1 1
-0.0006864736773047557 0 1 1 0 0 1 3 1 2 2
0.0007009381982148039 0 1 1 0 0 1 3 2 2 1
5.138278752621529e-05 0 1 1 0 0 1 3 3 0 1
0.0003189866372532304 0 1 1 0 0 1 3 3 3 1
-2.1808685876225073e-05 0 1 1 0 0 2 0 0 0 2
-0.00012630939679944255 0 1 1 0 0 2 0 0 3 2
-0.48693320783953703 0 1 1 0 0 2 0 1 1 2
-5.379191898800809e-07 0 1 1 0 0 2 0 1 2 1
0.4869326962862447 0 1 1 0 0 2 0 2 1 1
-1.0494724823495368e-06 0 1 1 0 0 2 0 2 2 2
0.0003453259834183426 0 1 1 0 0 2 0 3 0 2
-0.16512869047791273 0 1 1 0 0 2 0 3 3 2
-0.00010049609149778905 0 1 1 0 0 2 3 0 3 2
0.0007009381982148039 0 1 1 0 0 2 3 1 1 2
-0.0006864736773047557 0 1 1 0 0 2 3 2 1 1
1.4464520910047978e-05 0 1 1 0 0 2 3 2 2 2
5.138278752621529e-05 0 1 1 0 0 2 3 3 0 2
0.0003189866372532304 0 1 1 0 0 2 3 3 3 2
0.002602582703735023 0 1 1 0 0 3 1 1 0 0
0.000296031822122146 0 1 1 0 0 3 1 1 0 3
0.0002850399637004862 0 1 1 0 0 3 1 1 3 0
-3.4987906796279445e-05 0 1 1 0 0 3 1 3 1 0
0.002602582703735023 0 1 1 0 0 3 2 2 0 0
0.000296031822122146 0 1 1 0 0 3 2 2 0 3
0.0002850399637004862 0 1 1 0 0 3 2 2 3 0
-3.4987906796279445e-05 0 1 1 0 0 3 2 3 2 0
0.0016105538487782573 0 1 1 0 3 0 1 1 0 0
0.0004784490903003858 0 1 1 0 3 0 1 1 0 3
0.0003364117492391129 0 1 1 0 3 0 1 1 3 0
-4.5049143450569276e-05 0 1 1 0 3 0 1 3 1 0
0.0016105538487782573 0 1 1 0 3 0 2 2 0 0
0.0004784490903003858 0 1 1 0 3 0 2 2 0 3
0.0003364117492391129 0 1 1 0 3 0 2 2 3 0
-4.5049143450569276e-05 0 1 1 0 3 0 2 3 2 0
0.00037646782503392547 0 1 1 0 3 1 0 0 0 1
-0.1664241115302028 0 1 1 0 3 1 0 0 3 1
-0.008635176720088749 0 1 1 0 3 1 0 1 1 1
-0.0006933795920442344 0 1 1 0 3 1 0 1 2 2
-3.7622984307153566e-05 0 1 1 0 3 1 0 2 1 2
-0.007904174143737359 0 1 1 0 3 1 0 2 2 1
-0.18305156492543811 0 1 1 0 3 1 0 3 0 1
-1.100243423503341 0 1 1 0 3 1 0 3 3 1
-3.9525453294346874e-05 0 1 1 0 3 1 3 0 0 1
-0.00014741752490583793 0 1 1 0 3 1 3 0 3 1
-0.027156713497590718 0 1 1 0 3 1 3 1 1 1
0.500718897857551 0 1 1 0 3 1 3 1 2 2
-1.2620786231784908e-06 0 1 1 0 3 1 3 2 1 2
-0.5278743492765183 0 1 1 0 3 1 3 2 2 1
0.00039529970511953123 0 1 1 0 3 1 3 3 0 1
-0.16462479658270274 0 1 1 0 3 1 3 3 3 1
0.00037646782503392547 0 1 1 0 3 2 0 0 0 2
-0.1664241115302028 0 1 1 0 3 2 0 0 3 2
-0.007904174143737359 0 1 1 0 3 2 0 1 1 2
-3.762298430715356e-05 0 1 1 0 3 2 0 1 2 1
-0.0006933795920442344 0 1 1 0 3 2 0 2 1 1
-0.008635176720088747 0 1 1 0 3 2 0 2 2 2
-0.18305156492543811 0 1 1 0 3 2 0 3 0 2
-1.100243423503341 0 1 1 0 3 2 0 3 3 2
-3.9525453294346874e-05 0 1 1 0 3 2 3 0 0 2
-0.00014741752490583793 0 1 1 0 3 2 3 0 3 2
-0.5278743492765183 0 1 1 0 3 2 3 1 1 2
-1.2620786231784927e-06 0 1 1 0 3 2 3 1 2 1
0.5007188978575509 0 1 1 0 3 2 3 2 1 1
-0.027156713497590718 0 1 1 0 3 2 3 2 2 2
0.00039529970511953123 0 1 1 0 3 2 3 3 0 2
-0.16462479658270274 0 1 1 0 3 2 3 3 3 2
0.0003076676166239178 0 1 1 0 3 3 1 1 0 0
0.0003076676166239179 0 1 1 0 3 3 2 2 0 0
1.4848917297988142e-07 0 1 1 1 1 0 1 0 0 1
-1.2731511925012503e-06 0 1 1 1 1 0 1 1 2 2
-1.4461065858979033e-06 0 1 1 1 1 0 1 2 1 2
2.719257778399152e-06 0 1 1 1 1 0 1 2 2 1
-2.039862156581115e-05 0 1 1 1 1 0 1 3 0 1
8.213192579676028e-06 0 1 1 1 1 0 1 3 3 1
1.4848917297988142e-07 0 1 1 1 1 0 2 0 0 2
2.719257778399152e-06 0 1 1 1 1 0 2 1 1 2
-1.4461065858979033e-06 0 1 1 1 1 0 2 1 2 1
-1.2731511925012503e-06 0 1 1 1 1 0 2 2 1 1
-2.039862156581115e-05 0 1 1 1 1 0 2 3 0 2
8.213192579676028e-06 0 1 1 1 1 0 2 3 3 2
-2.407107968265846e-06 0 1 1 1 1 1 0 0 1 0
4.499438259159389e-06 0 1 1 1 1 1 0 1 0 0
7.2091209109128135e-06 0 1 1 1 1 1 0 1 0 3
1.324098065752354e-06 0 1 1 1 1 1 0 1 3 0
-0.009861871054179244 0 1 1 1 1 1 0 1 3 3
1.8634660603445127e-05 0 1 1 1 1 1 0 3 1 0
-2.7096458737084255e-06 0 1 1 1 1 1 0 3 1 3
1.2165114724009406e-05 0 1 1 1 1 1 3 1 0 0
2.170006867213591e-06 0 1 1 1 1 1 3 1 0 3
-0.01667149223816778 0 1 1 1 1 1 3 1 3 0
1.7220865978114925e-05 0 1 1 1 1 1 3 1 3 3
1.2330553693700656e-06 0 1 1 1 1 1 3 3 1 0
-2.407107968265846e-06 0 1 1 1 1 2 0 0 2 0
4.499438259159389e-06 0 1 1 1 1 2 0 2 0 0
7.2091209109128135e-06 0 1 1 1 1 2 0 2 0 3
1.324098065752354e-06 0 1 1 1 1 2 0 2 3 0
-0.009861871054179246 0 1 1 1 1 2 0 2 3 3
1.8634660603445127e-05 0 1 1 1 1 2 0 3 2 0
-2.7096458737084255e-06 0 1 1 1 1 2 0 3 2 3
1.2165114724009406e-05 0 1 1 1 1 2 3 2 0 0
2.170006867213591e-06 0 1 1 1 1 2 3 2 0 3
-0.01667149223816778 0 1 1 1 1 2 3 2 3 0
1.7220865978114925e-05 0 1 1 1 1 2 3 2 3 3
1.2330553693700656e-06 0 1 1 1 1 2 3 3 2 0
9.200898392781798e-06 0 1 1 1 1 3 1 3 0 1
9.200898392781798e-06 0 1 1 1 1 3 2 3 0 2
0.0008265168088125581 0 1 1 1 2 0 1 0 0 2
6.309866287150618e-05 0 1 1 1 2 0 1 0 3 2
-8.75791752256441e-05 0 1 1 1 2 0 1 1 1 2
2.199391954413391e-05 0 1 1 1 2 0 1 1 2 1
2.0073021598406063e-05 0 1 1 1 2 0 1 2 1 1
-4.551223408310413e-05 0 1 1 1 2 0 1 2 2 2
-0.6785302281109805 0 1 1 1 2 0 1 3 0 2
0.0008185097472859382 0 1 1 1 2 0 1 3 3 2
-0.0008265168088125581 0 1 1 1 2 0 2 0 0 1
-6.309866287150618e-05 0 1 1 1 2 0 2 0 3 1
4.5512234083104145e-05 0 1 1 1 2 0 2 1 1 1
-2.0073021598406063e-05 0 1 1 1 2 0 2 1 2 2
-2.199391954413391e-05 0 1 1 1 2 0 2 2 1 2
8.757917522564413e-05 0 1 1 1 2 0 2 2 2 1
0.6785302281109805 0 1 1 1 2 0 2 3 0 1
-0.0008185097472859382 0 1 1 1 2 0 2 3 3 1
0.41357956584317973 0 1 1 1 2 1 0 0 2 0
-0.0002563004535658938 0 1 1 1 2 1 0 0 2 3
2.4953564712638393e-05 0 1 1 1 2 1 0 2 0 0
-1.4534046907500194e-05 0 1 1 1 2 1 0 2 3 0
-2.3634315975306376e-06 0 1 1 1 2 1 0 2 3 3
0.32723743456902876 0 1 1 1 2 1 0 3 2 0
0.01224399666454378 0 1 1 1 2 1 0 3 2 3
-0.0004014459617955676 0 1 1 1 2 1 3 0 2 0
-1.288157758458025e-05 0 1 1 1 2 1 3 0 2 3
5.463172331475138e-06 0 1 1 1 2 1 3 2 3 0
-0.0006327793339457214 0 1 1 1 2 1 3 3 2 0
-2.5512939523788008e-05 0 1 1 1 2 1 3 3 2 3
-0.4135795658431798 0 1 1 1 2 2 0 0 1 0
0.0002563004535658938 0 1 1 1 2 2 0 0 1 3
-2.4953564712638396e-05 0 1 1 1 2 2 0 1 0 0
1.4534046907500154e-05 0 1 1 1 2 2 0 1 3 0
2.3634315975306376e-06 0 1 1 1 2 2 0 1 3 3
-0.3272374345690287 0 1 1 1 2 2 0 3 1 0
-0.01224399666454378 0 1 1 1 2 2 0 3 1 3
0.0004014459617955676 0 1 1 1 2 2 3 0 1 0
1.288157758458025e-05 0 1 1 1 2 2 3 0 1 3
-5.463172331475138e-06 0 1 1 1 2 2 3 1 3 0
0.0006327793339457214 0 1 1 1 2 2 3 3 1 0
2.5512939523788008e-05 0 1 1 1 2 2 3 3 1 3
-0.000382458563040893 0 1 1 1 2 3 1 0 0 2
-0.00010216466877617357 0 1 1 1 2 3 1 0 3 2
0.5900483625841129 0 1 1 1 2 3 1 3 0 2
-0.00037471480863788913 0 1 1 1 2 3 1 3 3 2
0.000382458563040893 0 1 1 1 2 3 2 0 0 1
0.00010216466877617357 0 1 1 1 2 3 2 0 3 1
-0.5900483625841129 0 1 1 1 2 3 2 3 0 1
0.00037471480863788913 0 1 1 1 2 3 2 3 3 1
-3.301070978360641e-07 0 1 1 2 1 0 1 0 0 2
2.1993919544133903e-05 0 1 1 2 1 0 1 1 1 2
-6.091628627172445e-05 0 1 1 2 1 0 1 1 2 1
1.80291818799519e-05 0 1 1 2 1 0 1 2 1 1
-2.0893184847638638e-05 0 1 1 2 1 0 1 2 2 2
3.301070978360641e-07 0 1 1 2 1 0 1 3 3 2
3.301070978360641e-07 0 1 1 2 1 0 2 0 0 1
2.0893184847638645e-05 0 1 1 2 1 0 2 1 1 1
-1.80291818799519e-05 0 1 1 2 1 0 2 1 2 2
6.0916286271724476e-05 0 1 1 2 1 0 2 2 1 2
-2.1993919544133916e-05 0 1 1 2 1 0 2 2 2 1
-3.301070978360641e-07 0 1 1 2 1 0 2 3 3 1
5.829980823363235e-06 0 1 1 2 1 1 0 0 2 0
9.3409519684755e-06 0 1 1 2 1 1 0 0 2 3
2.0946366804696343e-06 0 1 1 2 1 1 0 2 0 0
5.49913992939213e-06 0 1 1 2 1 1 0 2 3 0
7.372130584099512e-06 0 1 1 2 1 1 0 2 3 3
1.715651129532865e-06 0 1 1 2 1 1 0 3 2 0
-0.012778154919962785 0 1 1 2 1 1 0 3 2 3
1.576249777638665e-05 0 1 1 2 1 1 3 0 2 0
2.8117061939161716e-06 0 1 1 2 1 1 3 0 2 3
-9.561049936838336e-06 0 1 1 2 1 1 3 2 3 0
-0.02160146988293736 0 1 1 2 1 1 3 3 2 0
2.2313300601412355e-05 0 1 1 2 1 1 3 3 2 3
-5.829980823363235e-06 0 1 1 2 1 2 0 0 1 0
-9.3409519684755e-06 0 1 1 2 1 2 0 0 1 3
-2.0946366804696343e-06 0 1 1 2 1 2 0 1 0 0
-5.49913992939213e-06 0 1 1 2 1 2 0 1 3 0
-7.372130584099512e-06 0 1 1 2 1 2 0 1 3 3
-1.715651129532865e-06 0 1 1 2 1 2 0 3 1 0
0.012778154919962785 0 1 1 2 1 2 0 3 1 3
-1.576249777638665e-05 0 1 1 2 1 2 3 0 1 0
-2.811706193916171e-06 0 1 1 2 1 2 3 0 1 3
9.561049936838336e-06 0 1 1 2 1 2 3 1 3 0
0.021601469882937357 0 1 1 2 1 2 3 3 1 0
-2.2313300601412355e-05 0 1 1 2 1 2 3 3 1 3
-3.6662750646296044e-06 0 1 1 2 2 0 1 0 0 1
-1.2731511925012492e-06 0 1 1 2 2 0 1 1 1 1
-1.010483029872035 0 1 1 2 2 0 1 1 2 2
0.6597065683799384 0 1 1 2 2 0 1 2 1 2
0.3507751883409056 0 1 1 2 2 0 1 2 2 1
3.666275064629597e-06 0 1 1 2 2 0 1 3 3 1
-3.6662750646296044e-06 0 1 1 2 2 0 2 0 0 2
0.3507751883409056 0 1 1 2 2 0 2 1 1 2
0.6597065683799382 0 1 1 2 2 0 2 1 2 1
-1.010483029872035 0 1 1 2 2 0 2 2 1 1
-1.2731511925012492e-06 0 1 1 2 2 0 2 2 2 2
3.666275064629597e-06 0 1 1 2 2 0 2 3 3 2
-3.233265918319663e-05 0 1 1 2 2 1 0 0 1 0
0.31891842589708025 0 1 1 2 2 1 0 1 0 0
-0.00020992245727857603 0 1 1 2 2 1 0 1 0 3
0.42434685167591824 0 1 1 2 2 1 0 1 3 0
-0.0006550237052617012 0 1 1 2 2 1 0 1 3 3
1.8831954096513766e-05 0 1 1 2 2 1 0 3 1 0
3.0623291391731605e-06 0 1 1 2 2 1 0 3 1 3
-0.00031531223429447173 0 1 1 2 2 1 3 1 0 0
-7.771683299265179e-06 0 1 1 2 2 1 3 1 0 3
-0.01745093061454148 0 1 1 2 2 1 3 1 3 0
-9.883857262451898e-06 0 1 1 2 2 1 3 1 3 3
-7.078703627589969e-06 0 1 1 2 2 1 3 3 1 0
-3.233265918319662e-05 0 1 1 2 2 2 0 0 2 0
0.3189184258970803 0 1 1 2 2 2 0 2 0 0
-0.00020992245727857603 0 1 1 2 2 2 0 2 0 3
0.42434685167591824 0 1 1 2 2 2 0 2 3 0
-0.0006550237052617012 0 1 1 2 2 2 0 2 3 3
1.8831954096513766e-05 0 1 1 2 2 2 0 3 2 0
3.0623291391731605e-06 0 1 1 2 2 2 0 3 2 3
-0.00031531223429447173 0 1 1 2 2 2 3 2 0 0
-7.771683299265179e-06 0 1 1 2 2 2 3 2 0 3
-0.01745093061454148 0 1 1 2 2 2 3 2 3 0
-9.883857262451898e-06 0 1 1 2 2 2 3 2 3 3
-7.078703627589969e-06 0 1 1 2 2 2 3 3 2 0
0.0009567613391772448 0 1 1 2 2 3 1 1 2 2
-0.0006297766135419439 0 1 1 2 2 3 1 2 1 2
-0.00032698472563530087 0 1 1 2 2 3 1 2 2 1
-0.00032698472563530087 0 1 1 2 2 3 2 1 1 2
-0.0006297766135419439 0 1 1 2 2 3 2 1 2 1
0.0009567613391772448 0 1 1 2 2 3 2 2 1 1
-0.0003093903546308565 0 1 1 3 0 0 1 0 1 0
-4.504914345056929e-05 0 1 1 3 0 0 1 0 1 3
0.002107843734405278 0 1 1 3 0 0 1 1 0 0
0.0003364117492391127 0 1 1 3 0 0 1 1 0 3
0.00038347767114879443 0 1 1 3 0 0 1 1 3 0
0.40089472981949625 0 1 1 3 0 0 1 3 1 0
-0.00019319745114469437 0 1 1 3 0 0 1 3 1 3
-0.0003093903546308565 0 1 1 3 0 0 2 0 2 0
-4.504914345056929e-05 0 1 1 3 0 0 2 0 2 3
0.002107843734405278 0 1 1 3 0 0 2 2 0 0
0.0003364117492391129 0 1 1 3 0 0 2 2 0 3
0.00038347767114879443 0 1 1 3 0 0 2 2 3 0
0.40089472981949625 0 1 1 3 0 0 2 3 2 0
-0.00019319745114469437 0 1 1 3 0 0 2 3 2 3
-0.00012481719992929466 0 1 1 3 0 1 0 0 0 1
0.4530054425901043 0 1 1 3 0 1 0 0 3 1
7.93798166384284e-06 0 1 1 3 0 1 0 1 1 1
-0.00035554140013167873 0 1 1 3 0 1 0 1 2 2
0.00036347938179552157 0 1 1 3 0 1 0 2 2 1
-0.1779118543544372 0 1 1 3 0 1 0 3 0 1
-0.7525676297176944 0 1 1 3 0 1 0 3 3 1
-0.00010190970242425489 0 1 1 3 0 1 3 0 0 1
-0.0006026101805408638 0 1 1 3 0 1 3 0 3 1
3.2609976060882534e-06 0 1 1 3 0 1 3 1 1 1
-0.00011069445193294739 0 1 1 3 0 1 3 1 2 2
0.00011395544953903566 0 1 1 3 0 1 3 2 2 1
0.00032291964637017176 0 1 1 3 0 1 3 3 0 1
-0.11757069729805356 0 1 1 3 0 1 3 3 3 1
-0.00012481719992929466 0 1 1 3 0 2 0 0 0 2
0.4530054425901043 0 1 1 3 0 2 0 0 3 2
0.00036347938179552157 0 1 1 3 0 2 0 1 1 2
-0.00035554140013167873 0 1 1 3 0 2 0 2 1 1
7.93798166384284e-06 0 1 1 3 0 2 0 2 2 2
-0.1779118543544372 0 1 1 3 0 2 0 3 0 2
-0.7525676297176944 0 1 1 3 0 2 0 3 3 2
-0.00010190970242425489 0 1 1 3 0 2 3 0 0 2
-0.0006026101805408638 0 1 1 3 0 2 3 0 3 2
0.00011395544953903566 0 1 1 3 0 2 3 1 1 2
-0.00011069445193294739 0 1 1 3 0 2 3 2 1 1
3.2609976060882534e-06 0 1 1 3 0 2 3 2 2 2
0.00032291964637017176 0 1 1 3 0 2 3 3 0 2
-0.11757069729805356 0 1 1 3 0 2 3 3 3 2
-6.993492430333866e-05 0 1 1 3 0 3 1 0 1 0
0.00032632500983509674 0 1 1 3 0 3 1 1 0 0
-0.00035081361892090574 0 1 1 3 0 3 1 3 1 0
-2.4846533439393873e-05 0 1 1 3 0 3 1 3 1 3
-6.993492430333865e-05 0 1 1 3 0 3 2 0 2 0
0.00032632500983509674 0 1 1 3 0 3 2 2 0 0
-0.00035081361892090574 0 1 1 3 0 3 2 3 2 0
-2.4846533439393873e-05 0 1 1 3 0 3 2 3 2 3
-4.83853114173628e-05 0 1 1 3 3 0 1 0 1 0
0.0003131446785024777 0 1 1 3 3 0 1 1 0 0
-0.0001931974511446944 0 1 1 3 3 0 1 3 1 0
-7.223814965468984e-05 0 1 1 3 3 0 1 3 1 3
-4.83853114173628e-05 0 1 1 3 3 0 2 0 2 0
0.0003131446785024777 0 1 1 3 3 0 2 2 0 0
-0.0001931974511446944 0 1 1 3 3 0 2 3 2 0
-7.223814965468984e-05 0 1 1 3 3 0 2 3 2 3
-0.15803960356582947 0 1 1 3 3 1 0 0 0 1
-1.090005561161564 0 1 1 3 3 1 0 0 3 1
-0.00646117998356248 0 1 1 3 3 1 0 1 1 1
-0.00010759326058525614 0 1 1 3 3 1 0 1 2 2
1.1241113065714934e-06 0 1 1 3 3 1 0 2 1 2
-0.0063547108342837935 0 1 1 3 3 1 0 2 2 1
-1.0935843047604052 0 1 1 3 3 1 0 3 0 1
741.0996430746521 0 1 1 3 3 1 0 3 3 1
-0.0001687855869558411 0 1 1 3 3 1 3 0 0 1
0.5681253794650728 0 1 1 3 3 1 3 0 3 1
3.0745006129436156e-05 0 1 1 3 3 1 3 1 1 1
-0.00036560752537391576 0 1 1 3 3 1 3 1 2 2
0.00039635253150335184 0 1 1 3 3 1 3 2 2 1
-0.1510383121860062 0 1 1 3 3 1 3 3 0 1
-1.317794388970997 0 1 1 3 3 1 3 3 3 1
-0.15803960356582947 0 1 1 3 3 2 0 0 0 2
-1.0900055611615642 0 1 1 3 3 2 0 0 3 2
-0.006354710834283794 0 1 1 3 3 2 0 1 1 2
1.1241113065714934e-06 0 1 1 3 3 2 0 1 2 1
-0.00010759326058525614 0 1 1 3 3 2 0 2 1 1
-0.006461179983562481 0 1 1 3 3 2 0 2 2 2
-1.0935843047604052 0 1 1 3 3 2 0 3 0 2
741.0996430746522 0 1 1 3 3 2 0 3 3 2
-0.00016878558695584115 0 1 1 3 3 2 3 0 0 2
0.5681253794650729 0 1 1 3 3 2 3 0 3 2
0.00039635253150335184 0 1 1 3 3 2 3 1 1 2
-0.00036560752537391576 0 1 1 3 3 2 3 2 1 1
3.0745006129436156e-05 0 1 1 3 3 2 3 2 2 2
-0.1510383121860062 0 1 1 3 3 2 3 3 0 2
-1.317794388970997 0 1 1 3 3 2 3 3 3 2
-2.2927193751212783e-05 0 1 1 3 3 3 1 3 1 0
-2.2927193751212783e-05 0 1 1 3 3 3 2 3 2 0
0.00041893476616843364 0 1 2 0 0 0 1 0 2 0
5.508549565806118e-05 0 1 2 0 0 0 1 0 2 3
-20346.32618941358 0 1 2 0 0 0 1 2 0 0
20.621663641401707 0 1 2 0 0 0 1 2 0 3
29.998918454037586 0 1 2 0 0 0 1 2 3 0
4.5258976981717565 0 1 2 0 0 0 1 2 3 3
-0.2372279408102595 0 1 2 0 0 0 1 3 2 0
0.0001564309580589912 0 1 2 0 0 0 1 3 2 3
-0.00041893476616843364 0 1 2 0 0 0 2 0 1 0
-5.508549565806118e-05 0 1 2 0 0 0 2 0 1 3
20346.32618941358 0 1 2 0 0 0 2 1 0 0
-20.62166364140171 0 1 2 0 0 0 2 1 0 3
-29.99891845403759 0 1 2 0 0 0 2 1 3 0
-4.525897698171756 0 1 2 0 0 0 2 1 3 3
0.2372279408102595 0 1 2 0 0 0 2 3 1 0
-0.0001564309580589912 0 1 2 0 0 0 2 3 1 3
1.6332757366555212e-05 0 1 2 0 0 1 0 1 1 2
2.9865392731262966e-05 0 1 2 0 0 1 0 1 2 1
-2.6082031574383643e-06 0 1 2 0 0 1 0 2 1 1
4.3589946940379813e-05 0 1 2 0 0 1 0 2 2 2
0.00010643415239908508 0 1 2 0 0 1 0 3 3 2
-4.3589946940379813e-05 0 1 2 0 0 2 0 1 1 1
2.6082031574383643e-06 0 1 2 0 0 2 0 1 2 2
-2.9865392731262956e-05 0 1 2 0 0 2 0 2 1 2
-1.6332757366555212e-05 0 1 2 0 0 2 0 2 2 1
-0.00010643415239908508 0 1 2 0 0 2 0 3 3 1
0.00022588781004542443 0 1 2 0 0 3 1 0 2 0
2.794262487189767e-05 0 1 2 0 0 3 1 0 2 3
37.92448301574849 0 1 2 0 0 3 1 2 0 0
4.672632904722314 0 1 2 0 0 3 1 2 0 3
4.038879195212386 0 1 2 0 0 3 1 2 3 0
-0.009763068889088167 0 1 2 0 0 3 1 2 3 3
0.20612446701249568 0 1 2 0 0 3 1 3 2 0
-9.183649535642944e-05 0 1 2 0 0 3 1 3 2 3
-0.00022588781004542443 0 1 2 0 0 3 2 0 1 0
-2.794262487189767e-05 0 1 2 0 0 3 2 0 1 3
-37.92448301574849 0 1 2 0 0 3 2 1 0 0
-4.672632904722315 0 1 2 0 0 3 2 1 0 3
-4.038879195212386 0 1 2 0 0 3 2 1 3 0
0.009763068889088167 0 1 2 0 0 3 2 1 3 3
-0.20612446701249568 0 1 2 0 0 3 2 3 1 0
9.183649535642944e-05 0 1 2 0 0 3 2 3 1 3
5.508549565806118e-05 0 1 2 0 3 0 1 0 2 0
20.621663641401707 0 1 2 0 3 0 1 2 0 0
6.467530429418799 0 1 2 0 3 0 1 2 0 3
4.87669134495999 0 1 2 0 3 0 1 2 3 0
-0.009567353291983816 0 1 2 0 3 0 1 2 3 3
0.00015178395561775974 0 1 2 0 3 0 1 3 2 0
3.782326986133152e-05 0 1 2 0 3 0 1 3 2 3
-5.508549565806118e-05 0 1 2 0 3 0 2 0 1 0
-20.621663641401707 0 1 2 0 3 0 2 1 0 0
-6.467530429418799 0 1 2 0 3 0 2 1 0 3
-4.87669134495999 0 1 2 0 3 0 2 1 3 0
0.009567353291983816 0 1 2 0 3 0 2 1 3 3
-0.00015178395561775974 0 1 2 0 3 0 2 3 1 0
-3.782326986133152e-05 0 1 2 0 3 0 2 3 1 3
0.00011276447682139202 0 1 2 0 3 1 0 0 3 2
-3.218629912087168e-05 0 1 2 0 3 1 0 1 1 2
1.305523564041525e-05 0 1 2 0 3 1 0 1 2 1
3.462360418513406e-05 0 1 2 0 3 1 0 2 1 1
1.5492540704677636e-05 0 1 2 0 3 1 0 2 2 2
0.0001227918214360343 0 1 2 0 3 1 0 3 0 2
0.0007292934034492371 0 1 2 0 3 1 0 3 3 2
1.0975015770470618e-05 0 1 2 0 3 1 3 1 1 2
3.070040270429493e-05 0 1 2 0 3 1 3 1 2 1
-1.913438105548013e-06 0 1 2 0 3 1 3 2 1 1
3.976198036921754e-05 0 1 2 0 3 1 3 2 2 2
0.00011269747270630202 0 1 2 0 3 1 3 3 3 2
-0.00011276447682139202 0 1 2 0 3 2 0 0 3 1
-1.5492540704677636e-05 0 1 2 0 3 2 0 1 1 1
-3.462360418513406e-05 0 1 2 0 3 2 0 1 2 2
-1.305523564041525e-05 0 1 2 0 3 2 0 2 1 2
3.218629912087168e-05 0 1 2 0 3 2 0 2 2 1
-0.0001227918214360343 0 1 2 0 3 2 0 3 0 1
-0.0007292934034492371 0 1 2 0 3 2 0 3 3 1
-3.976198036921754e-05 0 1 2 0 3 2 3 1 1 1
1.913438105548013e-06 0 1 2 0 3 2 3 1 2 2
-3.070040270429493e-05 0 1 2 0 3 2 3 2 1 2
-1.0975015770470615e-05 0 1 2 0 3 2 3 2 2 1
-0.00011269747270630202 0 1 2 0 3 2 3 3 3 1
2.8294329568759297e-05 0 1 2 0 3 3 1 0 2 0
5.005886177971398 0 1 2 0 3 3 1 2 0 0
-0.010973587821100729 0 1 2 0 3 3 1 2 0 3
-0.010336096774411257 0 1 2 0 3 3 1 2 3 0
-0.0017616859762292747 0 1 2 0 3 3 1 2 3 3
-5.29912541139236e-05 0 1 2 0 3 3 1 3 2 0
-3.141359209104625e-05 0 1 2 0 3 3 1 3 2 3
-2.8294329568759297e-05 0 1 2 0 3 3 2 0 1 0
-5.005886177971399 0 1 2 0 3 3 2 1 0 0
0.010973587821100729 0 1 2 0 3 3 2 1 0 3
0.010336096774411257 0 1 2 0 3 3 2 1 3 0
0.0017616859762292747 0 1 2 0 3 3 2 1 3 3
5.29912541139236e-05 0 1 2 0 3 3 2 3 1 0
3.141359209104625e-05 0 1 2 0 3 3 2 3 1 3
2.3767663582386746e-07 0 1 2 1 1 0 1 0 0 2
2.0073021598406063e-05 0 1 2 1 1 0 1 1 1 2
1.8029181879951895e-05 0 1 2 1 1 0 1 1 2 1
-5.668517844475608e-05 0 1 2 1 1 0 1 2 1 1
-1.8582974966398115e-05 0 1 2 1 1 0 1 2 2 2
-2.3767663582385105e-07 0 1 2 1 1 0 1 3 3 2
-2.3767663582386751e-07 0 1 2 1 1 0 2 0 0 1
1.8582974966398115e-05 0 1 2 1 1 0 2 1 1 1
5.668517844475608e-05 0 1 2 1 1 0 2 1 2 2
-1.80291818799519e-05 0 1 2 1 1 0 2 2 1 2
-2.007302159840607e-05 0 1 2 1 1 0 2 2 2 1
2.3767663582385105e-07 0 1 2 1 1 0 2 3 3 1
-1.196877018777083e-06 0 1 2 1 1 1 0 0 2 0
-1.3167181207665471e-06 0 1 2 1 1 1 0 2 0 0
-3.954537269320338e-06 0 1 2 1 1 1 0 2 3 0
-1.4210353857626104e-06 0 1 2 1 1 1 0 2 3 3
3.861598301572811e-05 0 1 2 1 1 1 0 3 2 0
-2.699542515440773e-06 0 1 2 1 1 1 0 3 2 3
8.074147442913067e-07 0 1 2 1 1 1 3 2 3 0
1.6517329061520898e-06 0 1 2 1 1 1 3 3 2 0
1.196877018777083e-06 0 1 2 1 1 2 0 0 1 0
1.3167181207665471e-06 0 1 2 1 1 2 0 1 0 0
3.954537269320338e-06 0 1 2 1 1 2 0 1 3 0
1.4210353857626104e-06 0 1 2 1 1 2 0 1 3 3
-3.861598301572811e-05 0 1 2 1 1 2 0 3 1 0
2.699542515440773e-06 0 1 2 1 1 2 0 3 1 3
-8.074147442913067e-07 0 1 2 1 1 2 3 1 3 0
-1.6517329061520898e-06 0 1 2 1 1 2 3 3 1 0
-4.4093258054076776e-06 0 1 2 1 2 0 1 0 0 1
-1.4461065858978971e-06 0 1 2 1 2 0 1 1 1 1
0.6597065683799379 0 1 2 1 2 0 1 1 2 2
-1.0104830782997933 0 1 2 1 2 0 1 2 1 2
0.35077506381327084 0 1 2 1 2 0 1 2 2 1
4.4093258054076556e-06 0 1 2 1 2 0 1 3 3 1
-4.4093258054076776e-06 0 1 2 1 2 0 2 0 0 2
0.35077506381327084 0 1 2 1 2 0 2 1 1 2
-1.0104830782997933 0 1 2 1 2 0 2 1 2 1
0.6597065683799379 0 1 2 1 2 0 2 2 1 1
-1.4461065858978971e-06 0 1 2 1 2 0 2 2 2 2
4.4093258054076556e-06 0 1 2 1 2 0 2 3 3 2
3.334061840476723e-05 0 1 2 1 2 1 0 0 1 0
-0.3189148501795696 0 1 2 1 2 1 0 1 0 0
0.00021713157818948882 0 1 2 1 2 1 0 1 0 3
-0.4243157246957058 0 1 2 1 2 1 0 1 3 0
-0.00920893079056928 0 1 2 1 2 1 0 1 3 3
-1.683059228882515e-05 0 1 2 1 2 1 0 3 1 0
4.648582509338981e-06 0 1 2 1 2 1 0 3 1 3
0.0003274773490184811 0 1 2 1 2 1 3 1 0 0
9.94169016647877e-06 0 1 2 1 2 1 3 1 0 3
0.0007807131438998746 0 1 2 1 2 1 3 1 3 0
2.7104723240566828e-05 0 1 2 1 2 1 3 1 3 3
-4.263495635480102e-06 0 1 2 1 2 1 3 3 1 0
3.334061840476723e-05 0 1 2 1 2 2 0 0 2 0
-0.3189148501795696 0 1 2 1 2 2 0 2 0 0
0.00021713157818948882 0 1 2 1 2 2 0 2 0 3
-0.4243157246957058 0 1 2 1 2 2 0 2 3 0
-0.00920893079056928 0 1 2 1 2 2 0 2 3 3
-1.683059228882515e-05 0 1 2 1 2 2 0 3 2 0
4.648582509338977e-06 0 1 2 1 2 2 0 3 2 3
0.0003274773490184811 0 1 2 1 2 2 3 2 0 0
9.94169016647877e-06 0 1 2 1 2 2 3 2 0 3
0.0007807131438998746 0 1 2 1 2 2 3 2 3 0
2.7104723240566828e-05 0 1 2 1 2 2 3 2 3 3
-4.263495635480102e-06 0 1 2 1 2 2 3 3 2 0
-0.0006297766135419439 0 1 2 1 2 3 1 1 2 2
0.0009567613391772449 0 1 2 1 2 3 1 2 1 2
-0.0003269847256353008 0 1 2 1 2 3 1 2 2 1
-0.0003269847256353008 0 1 2 1 2 3 2 1 1 2
0.0009567613391772449 0 1 2 1 2 3 2 1 2 1
-0.0006297766135419439 0 1 2 1 2 3 2 2 1 1
8.224090043017147e-06 0 1 2 2 1 0 1 0 0 1
2.719257778399157e-06 0 1 2 2 1 0 1 1 1 1
0.35077518834090554 0 1 2 2 1 0 1 1 2 2
0.3507750638132709 0 1 2 2 1 0 1 2 1 2
-0.7015475328963975 0 1 2 2 1 0 1 2 2 1
-2.0398621565811157e-05 0 1 2 2 1 0 1 3 0 1
1.375917096387718e-07 0 1 2 2 1 0 1 3 3 1
8.224090043017147e-06 0 1 2 2 1 0 2 0 0 2
-0.7015475328963975 0 1 2 2 1 0 2 1 1 2
0.3507750638132709 0 1 2 2 1 0 2 1 2 1
0.35077518834090554 0 1 2 2 1 0 2 2 1 1
2.7192577783991485e-06 0 1 2 2 1 0 2 2 2 2
-2.0398621565811164e-05 0 1 2 2 1 0 2 3 0 2
1.375917096387718e-07 0 1 2 2 1 0 2 3 3 2
-3.4150671898364654e-06 0 1 2 2 1 1 0 0 1 0
9.237207484822756e-07 0 1 2 2 1 1 0 1 0 0
-2.9802882146665818e-05 0 1 2 2 1 1 0 1 3 0
2.083441651733339e-06 0 1 2 2 1 1 0 1 3 3
1.663329879575655e-05 0 1 2 2 1 1 0 3 1 0
-1.0420557522220565e-05 0 1 2 2 1 1 0 3 1 3
-1.2747675261761632e-06 0 1 2 2 1 1 3 1 3 0
1.257525463244013e-05 0 1 2 2 1 1 3 3 1 0
-3.4150671898364688e-06 0 1 2 2 1 2 0 0 2 0
9.237207484822756e-07 0 1 2 2 1 2 0 2 0 0
-2.9802882146665818e-05 0 1 2 2 1 2 0 2 3 0
2.083441651733339e-06 0 1 2 2 1 2 0 2 3 3
1.663329879575655e-05 0 1 2 2 1 2 0 3 2 0
-1.0420557522220565e-05 0 1 2 2 1 2 0 3 2 3
-1.2747675261761632e-06 0 1 2 2 1 2 3 2 3 0
1.257525463244013e-05 0 1 2 2 1 2 3 3 2 0
-0.00032698472563530087 0 1 2 2 1 3 1 1 2 2
-0.0003269847256353008 0 1 2 2 1 3 1 2 1 2
0.0006539694512706018 0 1 2 2 1 3 1 2 2 1
9.200898392781795e-06 0 1 2 2 1 3 1 3 0 1
0.0006539694512706018 0 1 2 2 1 3 2 1 1 2
-0.0003269847256353008 0 1 2 2 1 3 2 1 2 1
-0.00032698472563530087 0 1 2 2 1 3 2 2 1 1
9.200898392781795e-06 0 1 2 2 1 3 2 3 0 2
0.0008264243783505459 0 1 2 2 2 0 1 0 0 2
6.309866287150618e-05 0 1 2 2 2 0 1 0 3 2
-4.5512234083104145e-05 0 1 2 2 2 0 1 1 1 2
-2.0893184847638645e-05 0 1 2 2 2 0 1 1 2 1
-1.858297496639811e-05 0 1 2 2 2 0 1 2 1 1
-8.498839389714088e-05 0 1 2 2 2 0 1 2 2 2
-0.6785302281109804 0 1 2 2 2 0 1 3 0 2
0.0008186021777479506 0 1 2 2 2 0 1 3 3 2
-0.0008264243783505459 0 1 2 2 2 0 2 0 0 1
-6.309866287150618e-05 0 1 2 2 2 0 2 0 3 1
8.498839389714093e-05 0 1 2 2 2 0 2 1 1 1
1.858297496639811e-05 0 1 2 2 2 0 2 1 2 2
2.0893184847638645e-05 0 1 2 2 2 0 2 2 1 2
4.5512234083104145e-05 0 1 2 2 2 0 2 2 2 1
0.6785302281109804 0 1 2 2 2 0 2 3 0 1
-0.0008186021777479506 0 1 2 2 2 0 2 3 3 1
0.41358419894698445 0 1 2 2 2 1 0 0 2 0
-0.00024695950159741827 0 1 2 2 2 1 0 0 2 3
2.573148327234147e-05 0 1 2 2 2 1 0 2 0 0
-1.2989444247428407e-05 0 1 2 2 2 1 0 2 3 0
3.587663600806286e-06 0 1 2 2 2 1 0 2 3 3
0.327277766203174 0 1 2 2 2 1 0 3 2 0
-0.0005368577979344468 0 1 2 2 2 1 0 3 2 3
-0.0003856834640191809 0 1 2 2 2 1 3 0 2 0
-1.0069871390664085e-05 0 1 2 2 2 1 3 0 2 3
-3.2904628610718995e-06 0 1 2 2 2 1 3 2 3 0
-0.022232597483976924 0 1 2 2 2 1 3 3 2 0
-3.1996389223756534e-06 0 1 2 2 2 1 3 3 2 3
-0.4135841989469845 0 1 2 2 2 2 0 0 1 0
0.00024695950159741827 0 1 2 2 2 2 0 0 1 3
-2.573148327234147e-05 0 1 2 2 2 2 0 1 0 0
1.2989444247428366e-05 0 1 2 2 2 2 0 1 3 0
-3.587663600806286e-06 0 1 2 2 2 2 0 1 3 3
-0.32727776620317395 0 1 2 2 2 2 0 3 1 0
0.0005368577979344468 0 1 2 2 2 2 0 3 1 3
0.0003856834640191809 0 1 2 2 2 2 3 0 1 0
1.0069871390664085e-05 0 1 2 2 2 2 3 0 1 3
3.2904628610718995e-06 0 1 2 2 2 2 3 1 3 0
0.022232597483976924 0 1 2 2 2 2 3 3 1 0
3.199638922375655e-06 0 1 2 2 2 2 3 3 1 3
-0.000382458563040893 0 1 2 2 2 3 1 0 0 2
-0.00010216466877617357 0 1 2 2 2 3 1 0 3 2
0.5900483625841128 0 1 2 2 2 3 1 3 0 2
-0.00037471480863788913 0 1 2 2 2 3 1 3 3 2
0.000382458563040893 0 1 2 2 2 3 2 0 0 1
0.00010216466877617357 0 1 2 2 2 3 2 0 3 1
-0.5900483625841128 0 1 2 2 2 3 2 3 0 1
0.00037471480863788913 0 1 2 2 2 3 2 3 3 1
-0.2372279408102598 0 1 2 3 0 0 1 0 2 0
0.00015178395561775992 0 1 2 3 0 0 1 0 2 3
29.998918454037582 0 1 2 3 0 0 1 2 0 0
4.876691344959992 0 1 2 3 0 0 1 2 0 3
5.251688677315368 0 1 2 3 0 0 1 2 3 0
-0.009637764180893557 0 1 2 3 0 0 1 2 3 3
-0.04001121117612501 0 1 2 3 0 0 1 3 2 0
8.575412681257928e-05 0 1 2 3 0 0 1 3 2 3
0.2372279408102598 0 1 2 3 0 0 2 0 1 0
-0.00015178395561775992 0 1 2 3 0 0 2 0 1 3
-29.998918454037582 0 1 2 3 0 0 2 1 0 0
-4.876691344959992 0 1 2 3 0 0 2 1 0 3
-5.251688677315368 0 1 2 3 0 0 2 1 3 0
0.009637764180893557 0 1 2 3 0 0 2 1 3 3
0.040011211176125015 0 1 2 3 0 0 2 3 1 0
-8.575412681257928e-05 0 1 2 3 0 0 2 3 1 3
5.6384564799222495e-05 0 1 2 3 0 1 0 0 3 2
0.00010437323528226874 0 1 2 3 0 1 0 3 0 2
0.0006824846949630396 0 1 2 3 0 1 0 3 3 2
0.00016835263396007213 0 1 2 3 0 1 3 3 3 2
-5.638456479922247e-05 0 1 2 3 0 2 0 0 3 1
-0.00010437323528226874 0 1 2 3 0 2 0 3 0 1
-0.0006824846949630396 0 1 2 3 0 2 0 3 3 1
-0.00016835263396007213 0 1 2 3 0 2 3 3 3 1
-0.4429417941743848 0 1 2 3 0 3 1 0 2 0
0.0002373574937183686 0 1 2 3 0 3 1 0 2 3
4.710750759386811 0 1 2 3 0 3 1 2 0 0
-0.010430799436480646 0 1 2 3 0 3 1 2 0 3
-0.011419188981704784 0 1 2 3 0 3 1 2 3 0
-0.0016274813793053034 0 1 2 3 0 3 1 2 3 3
0.0006712160257843225 0 1 2 3 0 3 1 3 2 0
0.02031726116738496 0 1 2 3 0 3 1 3 2 3
0.44294179417438484 0 1 2 3 0 3 2 0 1 0
-0.0002373574937183686 0 1 2 3 0 3 2 0 1 3
-4.71075075938681 0 1 2 3 0 3 2 1 0 0
0.010430799436480646 0 1 2 3 0 3 2 1 0 3
0.011419188981704784 0 1 2 3 0 3 2 1 3 0
0.0016274813793053034 0 1 2 3 0 3 2 1 3 3
-0.0006712160257843225 0 1 2 3 0 3 2 3 1 0
-0.02031726116738496 0 1 2 3 0 3 2 3 1 3
0.00015643095805899143 0 1 2 3 3 0 1 0 2 0
3.782326986133157e-05 0 1 2 3 3 0 1 0 2 3
4.525897698171756 0 1 2 3 3 0 1 2 0 0
-0.009567353291983815 0 1 2 3 3 0 1 2 0 3
-0.009637764180893557 0 1 2 3 3 0 1 2 3 0
-0.001945227293147425 0 1 2 3 3 0 1 2 3 3
8.575412681257931e-05 0 1 2 3 3 0 1 3 2 0
-6.601787263367076e-06 0 1 2 3 3 0 1 3 2 3
-0.00015643095805899143 0 1 2 3 3 0 2 0 1 0
-3.782326986133157e-05 0 1 2 3 3 0 2 0 1 3
-4.525897698171756 0 1 2 3 3 0 2 1 0 0
0.009567353291983815 0 1 2 3 3 0 2 1 0 3
0.009637764180893557 0 1 2 3 3 0 2 1 3 0
0.001945227293147425 0 1 2 3 3 0 2 1 3 3
-8.575412681257931e-05 0 1 2 3 3 0 2 3 1 0
6.601787263367075e-06 0 1 2 3 3 0 2 3 1 3
0.00010699276581571719 0 1 2 3 3 1 0 0 0 2
0.0007526205184553098 0 1 2 3 3 1 0 0 3 2
6.182957340368678e-06 0 1 2 3 3 1 0 1 1 2
-1.5598515928817323e-06 0 1 2 3 3 1 0 1 2 1
-1.3431425464389747e-06 0 1 2 3 3 1 0 2 1 1
3.279963201047969e-06 0 1 2 3 3 1 0 2 2 2
0.0007265564652437136 0 1 2 3 3 1 0 3 0 2
-0.9805289339509308 0 1 2 3 3 1 0 3 3 2
5.264783688613571e-05 0 1 2 3 3 1 3 0 3 2
9.547618151955489e-05 0 1 2 3 3 1 3 3 0 2
0.0007871426975366604 0 1 2 3 3 1 3 3 3 2
-0.00010699276581571722 0 1 2 3 3 2 0 0 0 1
-0.0007526205184553098 0 1 2 3 3 2 0 0 3 1
-3.279963201047969e-06 0 1 2 3 3 2 0 1 1 1
1.3431425464389747e-06 0 1 2 3 3 2 0 1 2 2
1.5598515928817323e-06 0 1 2 3 3 2 0 2 1 2
-6.182957340368678e-06 0 1 2 3 3 2 0 2 2 1
-0.0007265564652437136 0 1 2 3 3 2 0 3 0 1
0.9805289339509308 0 1 2 3 3 2 0 3 3 1
-5.264783688613571e-05 0 1 2 3 3 2 3 0 3 1
-9.547618151955489e-05 0 1 2 3 3 2 3 3 0 1
-0.0007871426975366604 0 1 2 3 3 2 3 3 3 1
0.0002762027349608744 0 1 2 3 3 3 1 0 2 0
8.745128127192757e-05 0 1 2 3 3 3 1 0 2 3
-0.010349857870533132 0 1 2 3 3 3 1 2 0 0
-0.0018838422018145544 0 1 2 3 3 3 1 2 0 3
-0.001676317170788041 0 1 2 3 3 3 1 2 3 0
-0.029920423251027586 0 1 2 3 3 3 1 3 2 0
4.935581002285165e-06 0 1 2 3 3 3 1 3 2 3
-0.0002762027349608744 0 1 2 3 3 3 2 0 1 0
-8.745128127192757e-05 0 1 2 3 3 3 2 0 1 3
0.010349857870533132 0 1 2 3 3 3 2 1 0 0
0.0018838422018145544 0 1 2 3 3 3 2 1 0 3
0.001676317170788041 0 1 2 3 3 3 2 1 3 0
0.029920423251027586 0 1 2 3 3 3 2 3 1 0
-4.935581002285164e-06 0 1 2 3 3 3 2 3 1 3
0.0016753520394020074 0 1 3 0 1 0 1 0 0 1
0.0003069530852124629 0 1 3 0 1 0 1 0 3 1
0.00038593475401203087 0 1 3 0 1 0 1 3 0 1
0.0016753520394020074 0 1 3 0 1 0 2 0 0 2
0.0003069530852124629 0 1 3 0 1 0 2 0 3 2
0.00038593475401203 0 1 3 0 1 0 2 3 0 2
0.0002451025537844371 0 1 3 0 1 1 0 0 1 0
4.3372182830232166e-05 0 1 3 0 1 1 0 0 1 3
-4.740432314196937e-05 0 1 3 0 1 1 0 1 3 0
4.4217304128575555e-05 0 1 3 0 1 1 0 3 1 0
3.8207511747285913e-05 0 1 3 0 1 1 3 0 1 0
0.0002451025537844371 0 1 3 0 1 2 0 0 2 0
4.337218283023206e-05 0 1 3 0 1 2 0 0 2 3
-4.740432314196937e-05 0 1 3 0 1 2 0 2 3 0
4.4217304128575555e-05 0 1 3 0 1 2 0 3 2 0
3.8207511747285913e-05 0 1 3 0 1 2 3 0 2 0
0.0003216694234201655 0 1 3 0 1 3 1 0 0 1
0.0003216694234201655 0 1 3 0 1 3 2 0 0 2
85.60182046184106 0 1 3 0 2 0 1 0 0 2
13.070591246428895 0 1 3 0 2 0 1 0 3 2
6.309866287150622e-05 0 1 3 0 2 0 1 1 1 2
6.309866287150622e-05 0 1 3 0 2 0 1 2 2 2
14.741183675460093 0 1 3 0 2 0 1 3 0 2
-0.029744537322153788 0 1 3 0 2 0 1 3 3 2
-85.60182046184107 0 1 3 0 2 0 2 0 0 1
-13.070591246428897 0 1 3 0 2 0 2 0 3 1
-6.309866287150622e-05 0 1 3 0 2 0 2 1 1 1
-6.309866287150622e-05 0 1 3 0 2 0 2 2 2 1
-14.741183675460096 0 1 3 0 2 0 2 3 0 1
0.029744537322153788 0 1 3 0 2 0 2 3 3 1
-41.48146197695472 0 1 3 0 2 1 0 0 2 0
-6.772351700402984 0 1 3 0 2 1 0 0 2 3
-0.018566743334055325 0 1 3 0 2 1 0 2 0 0
-0.0029576136926078695 0 1 3 0 2 1 0 2 0 3
7.792480405069606 0 1 3 0 2 1 0 2 3 0
-0.01693019812033797 0 1 3 0 2 1 0 2 3 3
-6.972574914042628 0 1 3 0 2 1 0 3 2 0
0.013232844559095437 0 1 3 0 2 1 0 3 2 3
-6.266306648186449 0 1 3 0 2 1 3 0 2 0
0.011015019977714178 0 1 3 0 2 1 3 0 2 3
-0.002739439714388965 0 1 3 0 2 1 3 2 0 0
-0.019003821568686116 0 1 3 0 2 1 3 2 3 0
-0.002302911614811203 0 1 3 0 2 1 3 2 3 3
0.01515423005415528 0 1 3 0 2 1 3 3 2 0
0.0016921221160472962 0 1 3 0 2 1 3 3 2 3
41.48146197695471 0 1 3 0 2 2 0 0 1 0
6.772351700402984 0 1 3 0 2 2 0 0 1 3
0.018566743334055325 0 1 3 0 2 2 0 1 0 0
0.0029576136926078695 0 1 3 0 2 2 0 1 0 3
-7.792480405069606 0 1 3 0 2 2 0 1 3 0
0.01693019812033797 0 1 3 0 2 2 0 1 3 3
6.972574914042628 0 1 3 0 2 2 0 3 1 0
-0.013232844559095437 0 1 3 0 2 2 0 3 1 3
6.266306648186449 0 1 3 0 2 2 3 0 1 0
-0.011015019977714178 0 1 3 0 2 2 3 0 1 3
0.002739439714388965 0 1 3 0 2 2 3 1 0 0
0.019003821568686116 0 1 3 0 2 2 3 1 3 0
0.002302911614811203 0 1 3 0 2 2 3 1 3 3
-0.01515423005415528 0 1 3 0 2 2 3 3 1 0
-0.0016921221160472962 0 1 3 0 2 2 3 3 1 3
13.80849611229707 0 1 3 0 2 3 1 0 0 2
-0.030017116654794458 0 1 3 0 2 3 1 0 3 2
0.00034249138080423103 0 1 3 0 2 3 1 1 1 2
0.00034249138080423103 0 1 3 0 2 3 1 2 2 2
-0.030330347241232042 0 1 3 0 2 3 1 3 0 2
-0.0037596922315197307 0 1 3 0 2 3 1 3 3 2
-13.80849611229707 0 1 3 0 2 3 2 0 0 1
0.030017116654794458 0 1 3 0 2 3 2 0 3 1
-0.00034249138080423103 0 1 3 0 2 3 2 1 1 1
-0.00034249138080423103 0 1 3 0 2 3 2 2 2 1
0.030330347241232042 0 1 3 0 2 3 2 3 0 1
0.0037596922315197307 0 1 3 0 2 3 2 3 3 1
0.0019457426137414109 0 1 3 1 0 0 1 0 1 0
0.0003110608839421557 0 1 3 1 0 0 1 0 1 3
-0.23722794081025975 0 1 3 1 0 0 1 1 0 0
0.00015643095805899137 0 1 3 1 0 0 1 1 0 3
0.00041893476616843353 0 1 3 1 0 0 1 1 3 0
5.508549565806118e-05 0 1 3 1 0 0 1 1 3 3
0.0003586182869025137 0 1 3 1 0 0 1 3 1 0
0.0019457426137414109 0 1 3 1 0 0 2 0 2 0
0.0003110608839421558 0 1 3 1 0 0 2 0 2 3
-0.23722794081025975 0 1 3 1 0 0 2 2 0 0
0.00015643095805899137 0 1 3 1 0 0 2 2 0 3
0.00041893476616843353 0 1 3 1 0 0 2 2 3 0
5.508549565806118e-05 0 1 3 1 0 0 2 2 3 3
0.0003586182869025137 0 1 3 1 0 0 2 3 2 0
9.56020366854308e-05 0 1 3 1 0 1 0 0 0 1
0.1274423313098627 0 1 3 1 0 1 0 0 3 1
1.6831416532322054e-05 0 1 3 1 0 1 0 3 0 1
-0.000264633743492156 0 1 3 1 0 1 0 3 3 1
7.75604539159151e-05 0 1 3 1 0 1 3 0 0 1
-0.00024618617510130836 0 1 3 1 0 1 3 0 3 1
-3.965599322920875e-05 0 1 3 1 0 1 3 3 3 1
9.56020366854308e-05 0 1 3 1 0 2 0 0 0 2
0.1274423313098627 0 1 3 1 0 2 0 0 3 2
1.6831416532322054e-05 0 1 3 1 0 2 0 3 0 2
-0.000264633743492156 0 1 3 1 0 2 0 3 3 2
7.75604539159151e-05 0 1 3 1 0 2 3 0 0 2
-0.00024618617510130836 0 1 3 1 0 2 3 0 3 2
-3.965599322920875e-05 0 1 3 1 0 2 3 3 3 2
0.0003079935433996718 0 1 3 1 0 3 1 0 1 0
0.20612446701249584 0 1 3 1 0 3 1 1 0 0
-9.183649535642942e-05 0 1 3 1 0 3 1 1 0 3
0.00022588781004542408 0 1 3 1 0 3 1 1 3 0
2.7942624871897618e-05 0 1 3 1 0 3 1 1 3 3
0.0003079935433996718 0 1 3 1 0 3 2 0 2 0
0.20612446701249584 0 1 3 1 0 3 2 2 0 0
-9.183649535642942e-05 0 1 3 1 0 3 2 2 0 3
0.00022588781004542408 0 1 3 1 0 3 2 2 3 0
2.7942624871897618e-05 0 1 3 1 0 3 2 2 3 3
0.0002895417557578517 0 1 3 1 3 0 1 0 1 0
0.00015178395561775982 0 1 3 1 3 0 1 1 0 0
3.782326986133156e-05 0 1 3 1 3 0 1 1 0 3
5.508549565806118e-05 0 1 3 1 3 0 1 1 3 0
0.0002895417557578517 0 1 3 1 3 0 2 0 2 0
0.00015178395561775982 0 1 3 1 3 0 2 2 0 0
3.782326986133156e-05 0 1 3 1 3 0 2 2 0 3
5.508549565806118e-05 0 1 3 1 3 0 2 2 3 0
0.12843785469962754 0 1 3 1 3 1 0 0 0 1
0.8491412757758505 0 1 3 1 3 1 0 0 3 1
-1.7403273114909942e-06 0 1 3 1 3 1 0 1 1 1
-7.445233613163611e-06 0 1 3 1 3 1 0 1 2 2
3.6837862529018706e-06 0 1 3 1 3 1 0 2 1 2
2.0211200487707355e-06 0 1 3 1 3 1 0 2 2 1
-0.00029054876621754846 0 1 3 1 3 1 0 3 0 1
0.1412790237828282 0 1 3 1 3 1 0 3 3 1
0.00011168474420029961 0 1 3 1 3 1 3 0 0 1
0.12705343818322007 0 1 3 1 3 1 3 0 3 1
3.050478932117774e-05 0 1 3 1 3 1 3 3 0 1
-0.0003029942183151567 0 1 3 1 3 1 3 3 3 1
0.12843785469962757 0 1 3 1 3 2 0 0 0 2
0.8491412757758505 0 1 3 1 3 2 0 0 3 2
2.0211200487707355e-06 0 1 3 1 3 2 0 1 1 2
3.6837862529018706e-06 0 1 3 1 3 2 0 1 2 1
-7.445233613163611e-06 0 1 3 1 3 2 0 2 1 1
-1.7403273114909942e-06 0 1 3 1 3 2 0 2 2 2
-0.00029054876621754846 0 1 3 1 3 2 0 3 0 2
0.1412790237828282 0 1 3 1 3 2 0 3 3 2
0.00011168474420029961 0 1 3 1 3 2 3 0 0 2
0.12705343818322007 0 1 3 1 3 2 3 0 3 2
3.050478932117774e-05 0 1 3 1 3 2 3 3 0 2
-0.0003029942183151567 0 1 3 1 3 2 3 3 3 2
-5.299125411392367e-05 0 1 3 1 3 3 1 1 0 0
-3.141359209104628e-05 0 1 3 1 3 3 1 1 0 3
2.8294329568759243e-05 0 1 3 1 3 3 1 1 3 0
-5.299125411392367e-05 0 1 3 1 3 3 2 2 0 0
-3.141359209104628e-05 0 1 3 1 3 3 2 2 0 3
2.8294329568759243e-05 0 1 3 1 3 3 2 2 3 0
29.87462590747771 0 1 3 2 0 0 1 0 2 0
4.876773304960448 0 1 3 2 0 0 1 0 2 3
-0.0003093903546308563 0 1 3 2 0 0 1 2 0 0
-4.838531141736281e-05 0 1 3 2 0 0 1 2 0 3
-4.744725808410927e-05 0 1 3 2 0 0 1 2 3 0
5.251908172829905 0 1 3 2 0 0 1 3 2 0
-0.009608902839727472 0 1 3 2 0 0 1 3 2 3
-29.87462590747771 0 1 3 2 0 0 2 0 1 0
-4.876773304960448 0 1 3 2 0 0 2 0 1 3
0.0003093903546308563 0 1 3 2 0 0 2 1 0 0
4.838531141736281e-05 0 1 3 2 0 0 2 1 0 3
4.744725808410927e-05 0 1 3 2 0 0 2 1 3 0
-5.251908172829905 0 1 3 2 0 0 2 3 1 0
0.009608902839727472 0 1 3 2 0 0 2 3 1 3
-8.21433057663773e-05 0 1 3 2 0 1 0 0 3 2
7.84875509832752e-06 0 1 3 2 0 1 0 1 2 1
-0.00046852838337411616 0 1 3 2 0 1 0 2 1 1
-0.0004606796282757887 0 1 3 2 0 1 0 2 2 2
4.2253171203820215e-06 0 1 3 2 0 1 3 1 2 1
-0.00014765356190362227 0 1 3 2 0 1 3 2 1 1
-0.00014342824478324022 0 1 3 2 0 1 3 2 2 2
8.21433057663773e-05 0 1 3 2 0 2 0 0 3 1
0.0004606796282757887 0 1 3 2 0 2 0 1 1 1
0.00046852838337411616 0 1 3 2 0 2 0 1 2 2
-7.84875509832752e-06 0 1 3 2 0 2 0 2 1 2
0.00014342824478324022 0 1 3 2 0 2 3 1 1 1
0.00014765356190362227 0 1 3 2 0 2 3 1 2 2
-4.2253171203820215e-06 0 1 3 2 0 2 3 2 1 2
4.818747038517209 0 1 3 2 0 3 1 0 2 0
-0.010478915994066544 0 1 3 2 0 3 1 0 2 3
-3.4987906796279527e-05 0 1 3 2 0 3 1 2 0 0
-0.011300837951672329 0 1 3 2 0 3 1 3 2 0
-0.0016128411982581953 0 1 3 2 0 3 1 3 2 3
-4.818747038517208 0 1 3 2 0 3 2 0 1 0
0.010478915994066544 0 1 3 2 0 3 2 0 1 3
3.4987906796279527e-05 0 1 3 2 0 3 2 1 0 0
0.011300837951672329 0 1 3 2 0 3 2 3 1 0
0.0016128411982581953 0 1 3 2 0 3 2 3 1 3
4.5259772234346975 0 1 3 2 3 0 1 0 2 0
-0.009547536273321382 0 1 3 2 3 0 1 0 2 3
-4.504914345056928e-05 0 1 3 2 3 0 1 2 0 0
-0.009608902839727472 0 1 3 2 3 0 1 3 2 0
-0.001945227293147425 0 1 3 2 3 0 1 3 2 3
-4.525977223434697 0 1 3 2 3 0 2 0 1 0
0.009547536273321382 0 1 3 2 3 0 2 0 1 3
4.504914345056928e-05 0 1 3 2 3 0 2 1 0 0
0.009608902839727472 0 1 3 2 3 0 2 3 1 0
0.001945227293147425 0 1 3 2 3 0 2 3 1 3
-8.746580314627306e-05 0 1 3 2 3 1 0 0 0 2
-0.0005628510180482965 0 1 3 2 3 1 0 0 3 2
-1.456525677910304e-06 0 1 3 2 3 1 0 1 1 2
-0.008377343570965246 0 1 3 2 3 1 0 1 2 1
0.008239390105927485 0 1 3 2 3 1 0 2 1 1
-0.00013940999071567628 0 1 3 2 3 1 0 2 2 2
-9.433085325404674e-05 0 1 3 2 3 1 0 3 3 2
-8.697718496315382e-05 0 1 3 2 3 1 3 0 3 2
3.71305598263897e-05 0 1 3 2 3 1 3 1 2 1
-0.0005108529978370049 0 1 3 2 3 1 3 2 1 1
-0.0004737224380106152 0 1 3 2 3 1 3 2 2 2
8.746580314627306e-05 0 1 3 2 3 2 0 0 0 1
0.0005628510180482964 0 1 3 2 3 2 0 0 3 1
0.00013940999071567628 0 1 3 2 3 2 0 1 1 1
-0.008239390105927483 0 1 3 2 3 2 0 1 2 2
0.008377343570965246 0 1 3 2 3 2 0 2 1 2
1.456525677910304e-06 0 1 3 2 3 2 0 2 2 1
9.433085325404672e-05 0 1 3 2 3 2 0 3 3 1
8.697718496315382e-05 0 1 3 2 3 2 3 0 3 1
0.0004737224380106152 0 1 3 2 3 2 3 1 1 1
0.0005108529978370049 0 1 3 2 3 2 3 1 2 2
-3.71305598263897e-05 0 1 3 2 3 2 3 2 1 2
-0.010377621960617638 0 1 3 2 3 3 1 0 2 0
-0.0019003009517588165 0 1 3 2 3 3 1 0 2 3
-0.0016614927185616588 0 1 3 2 3 3 1 3 2 0
0.010377621960617638 0 1 3 2 3 3 2 0 1 0
0.0019003009517588165 0 1 3 2 3 3 2 0 1 3
0.0016614927185616588 0 1 3 2 3 3 2 3 1 0
0.0002916431611109105 0 1 3 3 1 0 1 0 0 1
8.224090043017148e-06 0 1 3 3 1 0 1 1 1 1
4.409325805407668e-06 0 1 3 3 1 0 1 1 2 2
3.666275064629604e-06 0 1 3 3 1 0 1 2 1 2
1.4848917297988142e-07 0 1 3 3 1 0 1 2 2 1
0.0002916431611109105 0 1 3 3 1 0 2 0 0 2
1.4848917297988142e-07 0 1 3 3 1 0 2 1 1 2
3.666275064629604e-06 0 1 3 3 1 0 2 1 2 1
4.409325805407668e-06 0 1 3 3 1 0 2 2 1 1
8.224090043017148e-06 0 1 3 3 1 0 2 2 2 2
3.658551059718281e-05 0 1 3 3 1 1 0 0 1 0
-4.940551638345052e-05 0 1 3 3 1 1 0 1 0 0
-0.00042284486696094636 0 1 3 3 1 1 0 1 3 0
-4.050936316940751e-05 0 1 3 3 1 1 0 1 3 3
-6.386483409980426e-05 0 1 3 3 1 1 3 1 3 0
3.658551059718281e-05 0 1 3 3 1 2 0 0 2 0
-4.940551638345052e-05 0 1 3 3 1 2 0 2 0 0
-0.00042284486696094636 0 1 3 3 1 2 0 2 3 0
-4.050936316940773e-05 0 1 3 3 1 2 0 2 3 3
-6.386483409980426e-05 0 1 3 3 1 2 3 2 3 0
12.410839165814881 0 1 3 3 2 0 1 0 0 2
-0.02977759705983068 0 1 3 3 2 0 1 0 3 2
0.0008264243783505459 0 1 3 3 2 0 1 1 1 2
-2.3767663582387122e-07 0 1 3 3 2 0 1 1 2 1
3.301070978360641e-07 0 1 3 3 2 0 1 2 1 1
0.000826516808812558 0 1 3 3 2 0 1 2 2 2
-0.02974453732215379 0 1 3 3 2 0 1 3 0 2
-0.004707749310709346 0 1 3 3 2 0 1 3 3 2
-12.410839165814881 0 1 3 3 2 0 2 0 0 1
0.02977759705983068 0 1 3 3 2 0 2 0 3 1
-0.000826516808812558 0 1 3 3 2 0 2 1 1 1
-3.301070978360641e-07 0 1 3 3 2 0 2 1 2 2
2.3767663582386778e-07 0 1 3 3 2 0 2 2 1 2
-0.0008264243783505459 0 1 3 3 2 0 2 2 2 1
0.02974453732215379 0 1 3 3 2 0 2 3 0 1
0.004707749310709346 0 1 3 3 2 0 2 3 3 1
-6.014047992715902 0 1 3 3 2 1 0 0 2 0
0.01306631762020987 0 1 3 3 2 1 0 0 2 3
8.206239442550464 0 1 3 3 2 1 0 2 0 0
-0.0167164779936596 0 1 3 3 2 1 0 2 0 3
53.74921387281715 0 1 3 3 2 1 0 2 3 0
8.762398494665579 0 1 3 3 2 1 0 2 3 3
0.014329363652528744 0 1 3 3 2 1 0 3 2 0
0.002282614747376905 0 1 3 3 2 1 0 3 2 3
0.014666690067611027 0 1 3 3 2 1 3 0 2 0
0.0017773315112152334 0 1 3 3 2 1 3 0 2 3
-0.018915782594694685 0 1 3 3 2 1 3 2 0 0
-0.0021695532414186267 0 1 3 3 2 1 3 2 0 3
8.14108464020391 0 1 3 3 2 1 3 2 3 0
-0.014271895269642417 0 1 3 3 2 1 3 2 3 3
0.0021142333453631613 0 1 3 3 2 1 3 3 2 0
6.014047992715902 0 1 3 3 2 2 0 0 1 0
-0.01306631762020987 0 1 3 3 2 2 0 0 1 3
-8.206239442550464 0 1 3 3 2 2 0 1 0 0
0.0167164779936596 0 1 3 3 2 2 0 1 0 3
-53.74921387281716 0 1 3 3 2 2 0 1 3 0
-8.762398494665579 0 1 3 3 2 2 0 1 3 3
-0.014329363652528744 0 1 3 3 2 2 0 3 1 0
-0.002282614747376905 0 1 3 3 2 2 0 3 1 3
-0.014666690067611027 0 1 3 3 2 2 3 0 1 0
-0.0017773315112152334 0 1 3 3 2 2 3 0 1 3
0.018915782594694685 0 1 3 3 2 2 3 1 0 0
0.0021695532414186267 0 1 3 3 2 2 3 1 0 3
-8.141084640203912 0 1 3 3 2 2 3 1 3 0
0.014271895269642417 0 1 3 3 2 2 3 1 3 3
-0.0021142333453631613 0 1 3 3 2 2 3 3 1 0
-0.03187210905845699 0 1 3 3 2 3 1 0 0 2
-0.00439066365010801 0 1 3 3 2 3 1 0 3 2
0.0023738483829813936 0 1 3 3 2 3 1 1 1 2
0.002373848382981393 0 1 3 3 2 3 1 2 2 2
-0.0042112196699867835 0 1 3 3 2 3 1 3 0 2
0.03187210905845699 0 1 3 3 2 3 2 0 0 1
0.00439066365010801 0 1 3 3 2 3 2 0 3 1
-0.002373848382981393 0 1 3 3 2 3 2 1 1 1
-0.0023738483829813936 0 1 3 3 2 3 2 2 2 1
0.0042112196699867835 0 1 3 3 2 3 2 3 0 1
58297.074806597324 0 2 0 0 1 0 1 0 0 2
-85.95732769965507 0 2 0 0 1 0 1 0 3 2
-0.0008186021777479507 0 2 0 0 1 0 1 1 1 2
-2.3767663582385613e-07 0 2 0 0 1 0 1 1 2 1
3.30107097836055e-07 0 2 0 0 1 0 1 2 1 1
-0.0008185097472859385 0 2 0 0 1 0 1 2 2 2
-85.60182046184113 0 2 0 0 1 0 1 3 0 2
-12.410839165814885 0 2 0 0 1 0 1 3 3 2
-58297.074806597324 0 2 0 0 1 0 2 0 0 1
85.95732769965507 0 2 0 0 1 0 2 0 3 1
0.0008185097472859385 0 2 0 0 1 0 2 1 1 1
-3.30107097836055e-07 0 2 0 0 1 0 2 1 2 2
2.3767663582385613e-07 0 2 0 0 1 0 2 2 1 2
0.0008186021777479507 0 2 0 0 1 0 2 2 2 1
85.60182046184113 0 2 0 0 1 0 2 3 0 1
12.410839165814885 0 2 0 0 1 0 2 3 3 1
-28246.053255656934 0 2 0 0 1 1 0 0 2 0
28.635629252701158 0 2 0 0 1 1 0 0 2 3
-9.034098799923903 0 2 0 0 1 1 0 2 0 0
0.017171009010107947 0 2 0 0 1 1 0 2 0 3
-53.97062516892611 0 2 0 0 1 1 0 2 3 0
-8.77471254215461 0 2 0 0 1 1 0 2 3 3
41.90647670569554 0 2 0 0 1 1 0 3 2 0
6.284731368452768 0 2 0 0 1 1 0 3 2 3
50.15159110502228 0 2 0 0 1 1 3 0 2 0
2.3960942878190563 0 2 0 0 1 1 3 0 2 3
0.019658404196096473 0 2 0 0 1 1 3 2 0 0
0.0021925046903938697 0 2 0 0 1 1 3 2 0 3
-8.118956433453283 0 2 0 0 1 1 3 2 3 0
0.014281912020626442 0 2 0 0 1 1 3 2 3 3
5.748111539452653 0 2 0 0 1 1 3 3 2 0
-0.010338430157671875 0 2 0 0 1 1 3 3 2 3
28246.053255656938 0 2 0 0 1 2 0 0 1 0
-28.635629252701158 0 2 0 0 1 2 0 0 1 3
9.034098799923903 0 2 0 0 1 2 0 1 0 0
-0.017171009010107947 0 2 0 0 1 2 0 1 0 3
53.97062516892611 0 2 0 0 1 2 0 1 3 0
8.77471254215461 0 2 0 0 1 2 0 1 3 3
-41.906476705695546 0 2 0 0 1 2 0 3 1 0
-6.284731368452768 0 2 0 0 1 2 0 3 1 3
-50.15159110502228 0 2 0 0 1 2 3 0 1 0
-2.3960942878190563 0 2 0 0 1 2 3 0 1 3
-0.019658404196096473 0 2 0 0 1 2 3 1 0 0
-0.0021925046903938697 0 2 0 0 1 2 3 1 0 3
8.118956433453283 0 2 0 0 1 2 3 1 3 0
-0.014281912020626442 0 2 0 0 1 2 3 1 3 3
-5.748111539452653 0 2 0 0 1 2 3 3 1 0
0.010338430157671875 0 2 0 0 1 2 3 3 1 3
-108.67237206835578 0 2 0 0 1 3 1 0 0 2
-10.145986514015025 0 2 0 0 1 3 1 0 3 2
-0.0023815921373843973 0 2 0 0 1 3 1 1 1 2
-0.002381592137384397 0 2 0 0 1 3 1 2 2 2
-8.51116541878908 0 2 0 0 1 3 1 3 0 2
0.025458439239859423 0 2 0 0 1 3 1 3 3 2
108.67237206835578 0 2 0 0 1 3 2 0 0 1
10.145986514015027 0 2 0 0 1 3 2 0 3 1
0.002381592137384397 0 2 0 0 1 3 2 1 1 1
0.0023815921373843973 0 2 0 0 1 3 2 2 2 1
8.511165418789078 0 2 0 0 1 3 2 3 0 1
-0.025458439239859423 0 2 0 0 1 3 2 3 3 1
-2.6582995034084433 0 2 0 0 2 0 1 0 0 1
0.0016860396363691495 0 2 0 0 2 0 1 0 3 1
1.3759170963877175e-07 0 2 0 0 2 0 1 1 1 1
-4.4093258054076615e-06 0 2 0 0 2 0 1 1 2 2
-3.6662750646295836e-06 0 2 0 0 2 0 1 2 1 2
8.213192579676026e-06 0 2 0 0 2 0 1 2 2 1
0.0016753520394020074 0 2 0 0 2 0 1 3 0 1
0.00029164316111090984 0 2 0 0 2 0 1 3 3 1
-2.6582995034084416 0 2 0 0 2 0 2 0 0 2
0.0016860396363691495 0 2 0 0 2 0 2 0 3 2
8.213192579676026e-06 0 2 0 0 2 0 2 1 1 2
-3.6662750646295836e-06 0 2 0 0 2 0 2 1 2 1
-4.4093258054076615e-06 0 2 0 0 2 0 2 2 1 1
1.3759170963877175e-07 0 2 0 0 2 0 2 2 2 2
0.0016753520394020074 0 2 0 0 2 0 2 3 0 2
0.00029164316111090984 0 2 0 0 2 0 2 3 3 2
-0.3447131896415624 0 2 0 0 2 1 0 0 1 0
0.00020797221088756594 0 2 0 0 2 1 0 0 1 3
-5.6591918406608726e-05 0 2 0 0 2 1 0 1 0 0
-0.0003413411810919249 0 2 0 0 2 1 0 1 3 0
-5.532951105535365e-05 0 2 0 0 2 1 0 1 3 3
0.000277947348451232 0 2 0 0 2 1 0 3 1 0
3.918051983583376e-05 0 2 0 0 2 1 0 3 1 3
0.00028871037341043296 0 2 0 0 2 1 3 0 1 0
2.6532755349954686e-05 0 2 0 0 2 1 3 0 1 3
-4.969284873924853e-05 0 2 0 0 2 1 3 1 3 0
3.54563164699117e-05 0 2 0 0 2 1 3 3 1 0
-0.34471318964156156 0 2 0 0 2 2 0 0 2 0
0.00020797221088756594 0 2 0 0 2 2 0 0 2 3
-5.6591918406608726e-05 0 2 0 0 2 2 0 2 0 0
-0.0003413411810919249 0 2 0 0 2 2 0 2 3 0
-5.532951105535321e-05 0 2 0 0 2 2 0 2 3 3
0.000277947348451232 0 2 0 0 2 2 0 3 2 0
3.918051983583376e-05 0 2 0 0 2 2 0 3 2 3
0.00028871037341043296 0 2 0 0 2 2 3 0 2 0
2.6532755349954686e-05 0 2 0 0 2 2 3 0 2 3
-4.969284873924853e-05 0 2 0 0 2 2 3 2 3 0
3.54563164699117e-05 0 2 0 0 2 2 3 3 2 0
0.002055372330640533 0 2 0 0 2 3 1 0 0 1
0.0002715831673628234 0 2 0 0 2 3 1 0 3 1
0.00025354322428685337 0 2 0 0 2 3 1 3 0 1
0.002055372330640533 0 2 0 0 2 3 2 0 0 2
0.0002715831673628232 0 2 0 0 2 3 2 0 3 2
0.00025354322428685337 0 2 0 0 2 3 2 3 0 2
20346.34715277613 0 2 0 1 0 0 1 0 2 0
-20.621708571180047 0 2 0 1 0 0 1 0 2 3
-0.4008947298194963 0 2 0 1 0 0 1 2 0 0
0.0001931974511446944 0 2 0 1 0 0 1 2 0 3
0.00030939035463085646 0 2 0 1 0 0 1 2 3 0
4.5049143450569276e-05 0 2 0 1 0 0 1 2 3 3
-29.874625907477732 0 2 0 1 0 0 1 3 2 0
-4.525977223434695 0 2 0 1 0 0 1 3 2 3
-20346.34715277613 0 2 0 1 0 0 2 0 1 0
20.62170857118005 0 2 0 1 0 0 2 0 1 3
0.40089472981949636 0 2 0 1 0 0 2 1 0 0
-0.0001931974511446944 0 2 0 1 0 0 2 1 0 3
-0.00030939035463085646 0 2 0 1 0 0 2 1 3 0
-4.5049143450569276e-05 0 2 0 1 0 0 2 1 3 3
29.87462590747773 0 2 0 1 0 0 2 3 1 0
4.525977223434694 0 2 0 1 0 0 2 3 1 3
4.931600263186823e-05 0 2 0 1 0 1 0 0 0 2
0.0005267251884434002 0 2 0 1 0 1 0 0 3 2
-6.969889085900951e-07 0 2 0 1 0 1 0 1 1 2
-1.1159929240921743e-06 0 2 0 1 0 1 0 1 2 1
-0.6309232310141557 0 2 0 1 0 1 0 2 1 1
-0.6309250439959884 0 2 0 1 0 1 0 2 2 2
7.475298113670639e-05 0 2 0 1 0 1 0 3 3 2
0.0001299304929502691 0 2 0 1 0 1 3 0 3 2
-1.8380291484470956e-05 0 2 0 1 0 1 3 1 2 1
0.000907853186524947 0 2 0 1 0 1 3 2 1 1
0.000889472895040476 0 2 0 1 0 1 3 2 2 2
-4.9316002631868255e-05 0 2 0 1 0 2 0 0 0 1
-0.0005267251884434002 0 2 0 1 0 2 0 0 3 1
0.6309250439959884 0 2 0 1 0 2 0 1 1 1
0.6309232310141558 0 2 0 1 0 2 0 1 2 2
1.1159929240921743e-06 0 2 0 1 0 2 0 2 1 2
6.969889085900951e-07 0 2 0 1 0 2 0 2 2 1
-7.475298113670642e-05 0 2 0 1 0 2 0 3 3 1
-0.0001299304929502691 0 2 0 1 0 2 3 0 3 1
-0.000889472895040476 0 2 0 1 0 2 3 1 1 1
-0.000907853186524947 0 2 0 1 0 2 3 1 2 2
1.8380291484470956e-05 0 2 0 1 0 2 3 2 1 2
-37.9248346908035 0 2 0 1 0 3 1 0 2 0
-4.683277873948911 0 2 0 1 0 3 1 0 2 3
0.00035081361892090574 0 2 0 1 0 3 1 2 0 0
2.4846533439393886e-05 0 2 0 1 0 3 1 2 0 3
6.993492430333859e-05 0 2 0 1 0 3 1 2 3 0
-3.8068055052933896 0 2 0 1 0 3 1 3 2 0
0.00963870846493848 0 2 0 1 0 3 1 3 2 3
37.9248346908035 0 2 0 1 0 3 2 0 1 0
4.68327787394891 0 2 0 1 0 3 2 0 1 3
-0.00035081361892090574 0 2 0 1 0 3 2 1 0 0
-2.4846533439393886e-05 0 2 0 1 0 3 2 1 0 3
-6.993492430333859e-05 0 2 0 1 0 3 2 1 3 0
3.8068055052933896 0 2 0 1 0 3 2 3 1 0
-0.00963870846493848 0 2 0 1 0 3 2 3 1 3
-20.621708571180044 0 2 0 1 3 0 1 0 2 0
-6.467526970496762 0 2 0 1 3 0 1 0 2 3
0.00019319745114469434 0 2 0 1 3 0 1 2 0 0
7.223814965468985e-05 0 2 0 1 3 0 1 2 0 3
4.8385311417362816e-05 0 2 0 1 3 0 1 2 3 0
-4.876773304960448 0 2 0 1 3 0 1 3 2 0
0.009547536273321385 0 2 0 1 3 0 1 3 2 3
20.621708571180047 0 2 0 1 3 0 2 0 1 0
6.467526970496763 0 2 0 1 3 0 2 0 1 3
-0.00019319745114469434 0 2 0 1 3 0 2 1 0 0
-7.223814965468985e-05 0 2 0 1 3 0 2 1 0 3
-4.8385311417362816e-05 0 2 0 1 3 0 2 1 3 0
4.876773304960448 0 2 0 1 3 0 2 3 1 0
-0.009547536273321385 0 2 0 1 3 0 2 3 1 3
0.0005817214765105973 0 2 0 1 3 1 0 0 0 2
-0.756748526847888 0 2 0 1 3 1 0 0 3 2
-4.874859135624201e-05 0 2 0 1 3 1 0 1 1 2
0.006664831863999352 0 2 0 1 3 1 0 1 2 1
-0.005717662293824179 0 2 0 1 3 1 0 2 1 1
0.0008984209788189306 0 2 0 1 3 1 0 2 2 2
8.257443009680423e-05 0 2 0 1 3 1 0 3 0 2
0.0005598715602712782 0 2 0 1 3 1 0 3 3 2
4.511353305778681e-05 0 2 0 1 3 1 3 0 0 2
0.0006074977047130661 0 2 0 1 3 1 3 0 3 2
-1.6352917290795358e-06 0 2 0 1 3 1 3 1 1 2
0.03518799359471297 0 2 0 1 3 1 3 1 2 1
-0.6839743634417598 0 2 0 1 3 1 3 2 1 1
-0.6487880051387761 0 2 0 1 3 1 3 2 2 2
6.920500343621667e-05 0 2 0 1 3 1 3 3 3 2
-0.0005817214765105973 0 2 0 1 3 2 0 0 0 1
0.756748526847888 0 2 0 1 3 2 0 0 3 1
-0.0008984209788189306 0 2 0 1 3 2 0 1 1 1
0.0057176622938241795 0 2 0 1 3 2 0 1 2 2
-0.0066648318639993525 0 2 0 1 3 2 0 2 1 2
4.874859135624201e-05 0 2 0 1 3 2 0 2 2 1
-8.257443009680423e-05 0 2 0 1 3 2 0 3 0 1
-0.0005598715602712782 0 2 0 1 3 2 0 3 3 1
-4.5113533057786815e-05 0 2 0 1 3 2 3 0 0 1
-0.0006074977047130664 0 2 0 1 3 2 3 0 3 1
0.648788005138776 0 2 0 1 3 2 3 1 1 1
0.6839743634417597 0 2 0 1 3 2 3 1 2 2
-0.03518799359471296 0 2 0 1 3 2 3 2 1 2
1.6352917290795358e-06 0 2 0 1 3 2 3 2 2 1
-6.920500343621667e-05 0 2 0 1 3 2 3 3 3 1
-4.990209754750266 0 2 0 1 3 3 1 0 2 0
0.0109710018865374 0 2 0 1 3 3 1 0 2 3
2.29271937512128e-05 0 2 0 1 3 3 1 2 0 0
0.010191383882760176 0 2 0 1 3 3 1 3 2 0
0.001715866995496717 0 2 0 1 3 3 1 3 2 3
4.990209754750266 0 2 0 1 3 3 2 0 1 0
-0.0109710018865374 0 2 0 1 3 3 2 0 1 3
-2.29271937512128e-05 0 2 0 1 3 3 2 1 0 0
-0.010191383882760176 0 2 0 1 3 3 2 3 1 0
-0.001715866995496717 0 2 0 1 3 3 2 3 1 3
-2.644716546657258 0 2 0 2 0 0 1 0 1 0
0.0015093305143361628 0 2 0 2 0 0 1 0 1 3
-0.04001121117612501 0 2 0 2 0 0 1 1 0 0
8.575412681257931e-05 0 2 0 2 0 0 1 1 0 3
-0.23722794081025964 0 2 0 2 0 0 1 1 3 0
0.00015178395561775982 0 2 0 2 0 0 1 1 3 3
0.0019457426137414122 0 2 0 2 0 0 1 3 1 0
0.00028954175575785163 0 2 0 2 0 0 1 3 1 3
-2.644716546657258 0 2 0 2 0 0 2 0 2 0
0.0015093305143361628 0 2 0 2 0 0 2 0 2 3
-0.04001121117612501 0 2 0 2 0 0 2 2 0 0
8.575412681257931e-05 0 2 0 2 0 0 2 2 0 3
-0.23722794081025964 0 2 0 2 0 0 2 2 3 0
0.0001517839556177598 0 2 0 2 0 0 2 2 3 3
0.0019457426137414122 0 2 0 2 0 0 2 3 2 0
0.0002895417557578515 0 2 0 2 0 0 2 3 2 3
-0.34961673837475643 0 2 0 2 0 1 0 0 0 1
0.5808135032257711 0 2 0 2 0 1 0 0 3 1
-3.379482841074082e-06 0 2 0 2 0 1 0 1 1 1
-1.3647743819932808e-05 0 2 0 2 0 1 0 1 2 2
4.896523977416373e-05 0 2 0 2 0 1 0 2 1 2
-3.869697879530501e-05 0 2 0 2 0 1 0 2 2 1
9.633089743836092e-05 0 2 0 2 0 1 0 3 0 1
0.13730615738678237 0 2 0 2 0 1 0 3 3 1
0.0004648009128984196 0 2 0 2 0 1 3 0 0 1
0.09073822189242313 0 2 0 2 0 1 3 0 3 1
7.865144465478974e-05 0 2 0 2 0 1 3 3 0 1
-0.00024894252016937534 0 2 0 2 0 1 3 3 3 1
-0.3496167383747565 0 2 0 2 0 2 0 0 0 2
0.5808135032257711 0 2 0 2 0 2 0 0 3 2
-3.8696978795305e-05 0 2 0 2 0 2 0 1 1 2
4.896523977416373e-05 0 2 0 2 0 2 0 1 2 1
-1.3647743819932812e-05 0 2 0 2 0 2 0 2 1 1
-3.379482841074082e-06 0 2 0 2 0 2 0 2 2 2
9.633089743836092e-05 0 2 0 2 0 2 0 3 0 2
0.1373061573867824 0 2 0 2 0 2 0 3 3 2
0.0004648009128984196 0 2 0 2 0 2 3 0 0 2
0.09073822189242312 0 2 0 2 0 2 3 0 3 2
7.865144465478976e-05 0 2 0 2 0 2 3 3 0 2
-0.00024894252016937534 0 2 0 2 0 2 3 3 3 2
0.002418778393354774 0 2 0 2 0 3 1 0 1 0
0.0002830137985966759 0 2 0 2 0 3 1 0 1 3
0.0006712160257843221 0 2 0 2 0 3 1 1 0 0
0.020317261167384894 0 2 0 2 0 3 1 1 0 3
-0.4429417941743843 0 2 0 2 0 3 1 1 3 0
0.00023735749371836843 0 2 0 2 0 3 1 1 3 3
0.0002483984542499418 0 2 0 2 0 3 1 3 1 0
0.002418778393354774 0 2 0 2 0 3 2 0 2 0
0.0002830137985966759 0 2 0 2 0 3 2 0 2 3
0.0006712160257843221 0 2 0 2 0 3 2 2 0 0
0.020317261167384897 0 2 0 2 0 3 2 2 0 3
-0.44294179417438423 0 2 0 2 0 3 2 2 3 0
0.00023735749371836843 0 2 0 2 0 3 2 2 3 3
0.0002483984542499419 0 2 0 2 0 3 2 3 2 0
0.0015093305143361621 0 2 0 2 3 0 1 0 1 0
0.0004406008353744018 0 2 0 2 3 0 1 0 1 3
8.575412681257926e-05 0 2 0 2 3 0 1 1 0 0
-6.601787263367076e-06 0 2 0 2 3 0 1 1 0 3
0.00015643095805899132 0 2 0 2 3 0 1 1 3 0
3.782326986133154e-05 0 2 0 2 3 0 1 1 3 3
0.00031106088394215574 0 2 0 2 3 0 1 3 1 0
0.0015093305143361621 0 2 0 2 3 0 2 0 2 0
0.0004406008353744016 0 2 0 2 3 0 2 0 2 3
8.575412681257926e-05 0 2 0 2 3 0 2 2 0 0
-6.601787263367076e-06 0 2 0 2 3 0 2 2 0 3
0.00015643095805899132 0 2 0 2 3 0 2 2 3 0
3.782326986133154e-05 0 2 0 2 3 0 2 2 3 3
0.00031106088394215574 0 2 0 2 3 0 2 3 2 0
0.8447313617320782 0 2 0 2 3 1 0 0 0 1
-571.9627883742829 0 2 0 2 3 1 0 0 3 1
4.4862255421360744e-05 0 2 0 2 3 1 0 1 1 1
4.282779155522155e-05 0 2 0 2 3 1 0 1 2 2
1.8950302920752436e-05 0 2 0 2 3 1 0 2 1 2
-1.6915839054613223e-05 0 2 0 2 3 1 0 2 2 1
0.12197114541043255 0 2 0 2 3 1 0 3 0 1
0.8405105083044839 0 2 0 2 3 1 0 3 3 1
-0.43846596267472826 0 2 0 2 3 1 3 0 0 1
1.0170418516095696 0 2 0 2 3 1 3 0 3 1
-2.4792667038666207e-06 0 2 0 2 3 1 3 1 1 1
-8.414114883626874e-06 0 2 0 2 3 1 3 1 2 2
4.571376028533656e-05 0 2 0 2 3 1 3 2 1 2
-3.977891210557631e-05 0 2 0 2 3 1 3 2 2 1
0.00013026463560572652 0 2 0 2 3 1 3 3 0 1
0.11656824726622471 0 2 0 2 3 1 3 3 3 1
0.8447313617320782 0 2 0 2 3 2 0 0 0 2
-571.9627883742829 0 2 0 2 3 2 0 0 3 2
-1.6915839054613223e-05 0 2 0 2 3 2 0 1 1 2
1.8950302920752436e-05 0 2 0 2 3 2 0 1 2 1
4.282779155522155e-05 0 2 0 2 3 2 0 2 1 1
4.4862255421360744e-05 0 2 0 2 3 2 0 2 2 2
0.12197114541043255 0 2 0 2 3 2 0 3 0 2
0.8405105083044839 0 2 0 2 3 2 0 3 3 2
-0.4384659626747283 0 2 0 2 3 2 3 0 0 2
1.0170418516095698 0 2 0 2 3 2 3 0 3 2
-3.977891210557633e-05 0 2 0 2 3 2 3 1 1 2
4.571376028533657e-05 0 2 0 2 3 2 3 1 2 1
-8.414114883626872e-06 0 2 0 2 3 2 3 2 1 1
-2.479266703866624e-06 0 2 0 2 3 2 3 2 2 2
0.00013026463560572652 0 2 0 2 3 2 3 3 0 2
0.11656824726622472 0 2 0 2 3 2 3 3 3 2
0.00029565520658875855 0 2 0 2 3 3 1 0 1 0
-0.02992042325102756 0 2 0 2 3 3 1 1 0 0
4.935581002285185e-06 0 2 0 2 3 3 1 1 0 3
0.0002762027349608742 0 2 0 2 3 3 1 1 3 0
8.745128127192748e-05 0 2 0 2 3 3 1 1 3 3
0.00029565520658875855 0 2 0 2 3 3 2 0 2 0
-0.02992042325102756 0 2 0 2 3 3 2 2 0 0
4.935581002285185e-06 0 2 0 2 3 3 2 2 0 3
0.0002762027349608742 0 2 0 2 3 3 2 2 3 0
8.745128127192746e-05 0 2 0 2 3 3 2 2 3 3
-85.95732769965504 0 2 0 3 1 0 1 0 0 2
-14.740321784828154 0 2 0 3 1 0 1 0 3 2
0.6785302281109805 0 2 0 3 1 0 1 1 1 2
0.6785302281109805 0 2 0 3 1 0 1 2 2 2
-13.070591246428897 0 2 0 3 1 0 1 3 0 2
0.029777597059830685 0 2 0 3 1 0 1 3 3 2
85.95732769965504 0 2 0 3 1 0 2 0 0 1
14.740321784828154 0 2 0 3 1 0 2 0 3 1
-0.6785302281109805 0 2 0 3 1 0 2 1 1 1
-0.6785302281109804 0 2 0 3 1 0 2 2 2 1
13.070591246428897 0 2 0 3 1 0 2 3 0 1
-0.029777597059830685 0 2 0 3 1 0 2 3 3 1
41.654105658635565 0 2 0 3 1 1 0 0 2 0
6.762366636573353 0 2 0 3 1 1 0 0 2 3
-54.29876831215112 0 2 0 3 1 1 0 2 0 0
-8.143208384620543 0 2 0 3 1 1 0 2 0 3
36598.77952118908 0 2 0 3 1 1 0 2 3 0
-37.10355822048273 0 2 0 3 1 1 0 2 3 3
6.333101354766689 0 2 0 3 1 1 0 3 2 0
-0.012920698677356771 0 2 0 3 1 1 0 3 2 3
6.282799964502262 0 2 0 3 1 1 3 0 2 0
-0.01102211819804801 0 2 0 3 1 1 3 0 2 3
-7.447903074865793 0 2 0 3 1 1 3 2 0 0
0.01339563876450834 0 2 0 3 1 1 3 2 0 3
-64.98207055252713 0 2 0 3 1 1 3 2 3 0
-3.1046506128889866 0 2 0 3 1 1 3 2 3 3
-0.014616394776531585 0 2 0 3 1 1 3 3 2 0
-0.0016744087425815514 0 2 0 3 1 1 3 3 2 3
-41.654105658635565 0 2 0 3 1 2 0 0 1 0
-6.762366636573352 0 2 0 3 1 2 0 0 1 3
54.29876831215112 0 2 0 3 1 2 0 1 0 0
8.143208384620541 0 2 0 3 1 2 0 1 0 3
-36598.77952118908 0 2 0 3 1 2 0 1 3 0
37.10355822048273 0 2 0 3 1 2 0 1 3 3
-6.333101354766689 0 2 0 3 1 2 0 3 1 0
0.012920698677356771 0 2 0 3 1 2 0 3 1 3
-6.282799964502263 0 2 0 3 1 2 3 0 1 0
0.01102211819804801 0 2 0 3 1 2 3 0 1 3
7.447903074865794 0 2 0 3 1 2 3 1 0 0
-0.01339563876450834 0 2 0 3 1 2 3 1 0 3
64.98207055252713 0 2 0 3 1 2 3 1 3 0
3.104650612888987 0 2 0 3 1 2 3 1 3 3
0.014616394776531585 0 2 0 3 1 2 3 3 1 0
0.0016744087425815514 0 2 0 3 1 2 3 3 1 3
-13.499347816659714 0 2 0 3 1 3 1 0 0 2
0.03137776771800958 0 2 0 3 1 3 1 0 3 2
3.120261453705775 0 2 0 3 1 3 1 1 1 2
3.1202614537057745 0 2 0 3 1 3 1 2 2 2
0.028572984870605847 0 2 0 3 1 3 1 3 0 2
0.0037061643595192265 0 2 0 3 1 3 1 3 3 2
13.499347816659714 0 2 0 3 1 3 2 0 0 1
-0.03137776771800958 0 2 0 3 1 3 2 0 3 1
-3.1202614537057745 0 2 0 3 1 3 2 1 1 1
-3.1202614537057745 0 2 0 3 1 3 2 2 2 1
-0.028572984870605847 0 2 0 3 1 3 2 3 0 1
-0.0037061643595192265 0 2 0 3 1 3 2 3 3 1
0.0016860396363691486 0 2 0 3 2 0 1 0 0 1
0.00038155375776424 0 2 0 3 2 0 1 0 3 1
-2.0398621565811164e-05 0 2 0 3 2 0 1 1 1 1
-2.039862156581115e-05 0 2 0 3 2 0 1 2 2 1
0.00030695308521246295 0 2 0 3 2 0 1 3 0 1
0.001686039636369147 0 2 0 3 2 0 2 0 0 2
0.00038155375776423956 0 2 0 3 2 0 2 0 3 2
-2.039862156581115e-05 0 2 0 3 2 0 2 1 1 2
-2.0398621565811164e-05 0 2 0 3 2 0 2 2 2 2
0.00030695308521246295 0 2 0 3 2 0 2 3 0 2
0.00034467776383610693 0 2 0 3 2 1 0 0 1 0
3.059394338300668e-05 0 2 0 3 2 1 0 0 1 3
-0.0003601400037164023 0 2 0 3 2 1 0 1 0 0
-5.076671045042705e-05 0 2 0 3 2 1 0 1 0 3
0.446649374747991 0 2 0 3 2 1 0 1 3 0
-0.00026947230552586913 0 2 0 3 2 1 0 1 3 3
3.758895354484223e-05 0 2 0 3 2 1 0 3 1 0
4.943356260066602e-05 0 2 0 3 2 1 3 0 1 0
-4.594121158700039e-05 0 2 0 3 2 1 3 1 0 0
-0.0003740857955018056 0 2 0 3 2 1 3 1 3 0
-3.4378837084015224e-05 0 2 0 3 2 1 3 1 3 3
0.00034467776383610693 0 2 0 3 2 2 0 0 2 0
3.059394338300668e-05 0 2 0 3 2 2 0 0 2 3
-0.00036014000371640056 0 2 0 3 2 2 0 2 0 0
-5.076671045042705e-05 0 2 0 3 2 2 0 2 0 3
0.4466493747479901 0 2 0 3 2 2 0 2 3 0
-0.00026947230552587 0 2 0 3 2 2 0 2 3 3
3.758895354484223e-05 0 2 0 3 2 2 0 3 2 0
4.943356260066602e-05 0 2 0 3 2 2 3 0 2 0
-4.594121158700039e-05 0 2 0 3 2 2 3 2 0 0
-0.0003740857955018056 0 2 0 3 2 2 3 2 3 0
-3.4378837084015224e-05 0 2 0 3 2 2 3 2 3 3
0.0003168487303434073 0 2 0 3 2 3 1 0 0 1
-3.4431497838737746e-05 0 2 0 3 2 3 1 1 1 1
-3.4431497838737746e-05 0 2 0 3 2 3 1 2 2 1
0.0003168487303434077 0 2 0 3 2 3 2 0 0 2
-3.443149783873777e-05 0 2 0 3 2 3 2 1 1 2
-3.4431497838737746e-05 0 2 0 3 2 3 2 2 2 2
-0.00041893476616843353 0 2 1 0 0 0 1 0 2 0
-5.508549565806118e-05 0 2 1 0 0 0 1 0 2 3
20346.326189413576 0 2 1 0 0 0 1 2 0 0
-20.62166364140171 0 2 1 0 0 0 1 2 0 3
-29.99891845403759 0 2 1 0 0 0 1 2 3 0
-4.525897698171756 0 2 1 0 0 0 1 2 3 3
0.2372279408102595 0 2 1 0 0 0 1 3 2 0
-0.00015643095805899126 0 2 1 0 0 0 1 3 2 3
0.00041893476616843353 0 2 1 0 0 0 2 0 1 0
5.508549565806118e-05 0 2 1 0 0 0 2 0 1 3
-20346.326189413576 0 2 1 0 0 0 2 1 0 0
20.62166364140171 0 2 1 0 0 0 2 1 0 3
29.998918454037586 0 2 1 0 0 0 2 1 3 0
4.525897698171755 0 2 1 0 0 0 2 1 3 3
-0.2372279408102595 0 2 1 0 0 0 2 3 1 0
0.00015643095805899126 0 2 1 0 0 0 2 3 1 3
-1.6332757366555212e-05 0 2 1 0 0 1 0 1 1 2
-2.986539273126296e-05 0 2 1 0 0 1 0 1 2 1
2.608203157438361e-06 0 2 1 0 0 1 0 2 1 1
-4.358994694037982e-05 0 2 1 0 0 1 0 2 2 2
-0.00010643415239908508 0 2 1 0 0 1 0 3 3 2
4.3589946940379813e-05 0 2 1 0 0 2 0 1 1 1
-2.6082031574383643e-06 0 2 1 0 0 2 0 1 2 2
2.9865392731262963e-05 0 2 1 0 0 2 0 2 1 2
1.6332757366555212e-05 0 2 1 0 0 2 0 2 2 1
0.00010643415239908508 0 2 1 0 0 2 0 3 3 1
-0.00022588781004542443 0 2 1 0 0 3 1 0 2 0
-2.794262487189767e-05 0 2 1 0 0 3 1 0 2 3
-37.9244830157485 0 2 1 0 0 3 1 2 0 0
-4.672632904722313 0 2 1 0 0 3 1 2 0 3
-4.038879195212386 0 2 1 0 0 3 1 2 3 0
0.009763068889088167 0 2 1 0 0 3 1 2 3 3
-0.20612446701249568 0 2 1 0 0 3 1 3 2 0
9.183649535642944e-05 0 2 1 0 0 3 1 3 2 3
0.00022588781004542443 0 2 1 0 0 3 2 0 1 0
2.794262487189767e-05 0 2 1 0 0 3 2 0 1 3
37.92448301574851 0 2 1 0 0 3 2 1 0 0
4.672632904722315 0 2 1 0 0 3 2 1 0 3
4.038879195212387 0 2 1 0 0 3 2 1 3 0
-0.009763068889088167 0 2 1 0 0 3 2 1 3 3
0.20612446701249568 0 2 1 0 0 3 2 3 1 0
-9.183649535642942e-05 0 2 1 0 0 3 2 3 1 3
-5.508549565806118e-05 0 2 1 0 3 0 1 0 2 0
-20.621663641401707 0 2 1 0 3 0 1 2 0 0
-6.467530429418799 0 2 1 0 3 0 1 2 0 3
-4.8766913449599905 0 2 1 0 3 0 1 2 3 0
0.009567353291983816 0 2 1 0 3 0 1 2 3 3
-0.00015178395561775974 0 2 1 0 3 0 1 3 2 0
-3.782326986133152e-05 0 2 1 0 3 0 1 3 2 3
5.508549565806118e-05 0 2 1 0 3 0 2 0 1 0
20.62166364140171 0 2 1 0 3 0 2 1 0 0
6.467530429418799 0 2 1 0 3 0 2 1 0 3
4.8766913449599905 0 2 1 0 3 0 2 1 3 0
-0.009567353291983816 0 2 1 0 3 0 2 1 3 3
0.00015178395561775974 0 2 1 0 3 0 2 3 1 0
3.782326986133152e-05 0 2 1 0 3 0 2 3 1 3
-0.00011276447682139202 0 2 1 0 3 1 0 0 3 2
3.218629912087168e-05 0 2 1 0 3 1 0 1 1 2
-1.305523564041525e-05 0 2 1 0 3 1 0 1 2 1
-3.462360418513406e-05 0 2 1 0 3 1 0 2 1 1
-1.5492540704677623e-05 0 2 1 0 3 1 0 2 2 2
-0.00012279182143603423 0 2 1 0 3 1 0 3 0 2
-0.000729293403449237 0 2 1 0 3 1 0 3 3 2
-1.0975015770470615e-05 0 2 1 0 3 1 3 1 1 2
-3.070040270429493e-05 0 2 1 0 3 1 3 1 2 1
1.91343810554801e-06 0 2 1 0 3 1 3 2 1 1
-3.9761980369217544e-05 0 2 1 0 3 1 3 2 2 2
-0.00011269747270630202 0 2 1 0 3 1 3 3 3 2
0.00011276447682139202 0 2 1 0 3 2 0 0 3 1
1.5492540704677623e-05 0 2 1 0 3 2 0 1 1 1
3.462360418513406e-05 0 2 1 0 3 2 0 1 2 2
1.305523564041525e-05 0 2 1 0 3 2 0 2 1 2
-3.218629912087168e-05 0 2 1 0 3 2 0 2 2 1
0.00012279182143603423 0 2 1 0 3 2 0 3 0 1
0.000729293403449237 0 2 1 0 3 2 0 3 3 1
3.976198036921754e-05 0 2 1 0 3 2 3 1 1 1
-1.913438105548013e-06 0 2 1 0 3 2 3 1 2 2
3.070040270429493e-05 0 2 1 0 3 2 3 2 1 2
1.0975015770470618e-05 0 2 1 0 3 2 3 2 2 1
0.00011269747270630202 0 2 1 0 3 2 3 3 3 1
-2.8294329568759297e-05 0 2 1 0 3 3 1 0 2 0
-5.005886177971399 0 2 1 0 3 3 1 2 0 0
0.010973587821100727 0 2 1 0 3 3 1 2 0 3
0.010336096774411255 0 2 1 0 3 3 1 2 3 0
0.001761685976229275 0 2 1 0 3 3 1 2 3 3
5.29912541139236e-05 0 2 1 0 3 3 1 3 2 0
3.1413592091046255e-05 0 2 1 0 3 3 1 3 2 3
2.8294329568759297e-05 0 2 1 0 3 3 2 0 1 0
5.005886177971398 0 2 1 0 3 3 2 1 0 0
-0.010973587821100727 0 2 1 0 3 3 2 1 0 3
-0.010336096774411255 0 2 1 0 3 3 2 1 3 0
-0.001761685976229275 0 2 1 0 3 3 2 1 3 3
-5.29912541139236e-05 0 2 1 0 3 3 2 3 1 0
-3.1413592091046255e-05 0 2 1 0 3 3 2 3 1 3
-0.0008264243783505459 0 2 1 1 1 0 1 0 0 2
-6.309866287150618e-05 0 2 1 1 1 0 1 0 3 2
4.5512234083104145e-05 0 2 1 1 1 0 1 1 1 2
2.0893184847638638e-05 0 2 1 1 1 0 1 1 2 1
1.858297496639811e-05 0 2 1 1 1 0 1 2 1 1
8.498839389714093e-05 0 2 1 1 1 0 1 2 2 2
0.6785302281109804 0 2 1 1 1 0 1 3 0 2
-0.0008186021777479506 0 2 1 1 1 0 1 3 3 2
0.0008264243783505459 0 2 1 1 1 0 2 0 0 1
6.309866287150618e-05 0 2 1 1 1 0 2 0 3 1
-8.498839389714093e-05 0 2 1 1 1 0 2 1 1 1
-1.858297496639811e-05 0 2 1 1 1 0 2 1 2 2
-2.0893184847638645e-05 0 2 1 1 1 0 2 2 1 2
-4.5512234083104145e-05 0 2 1 1 1 0 2 2 2 1
-0.6785302281109803 0 2 1 1 1 0 2 3 0 1
0.0008186021777479506 0 2 1 1 1 0 2 3 3 1
-0.41358419894698445 0 2 1 1 1 1 0 0 2 0
0.0002469595015974183 0 2 1 1 1 1 0 0 2 3
-2.5731483272341475e-05 0 2 1 1 1 1 0 2 0 0
1.2989444247428407e-05 0 2 1 1 1 1 0 2 3 0
-3.5876636008062827e-06 0 2 1 1 1 1 0 2 3 3
-0.327277766203174 0 2 1 1 1 1 0 3 2 0
0.0005368577979344468 0 2 1 1 1 1 0 3 2 3
0.000385683464019181 0 2 1 1 1 1 3 0 2 0
1.0069871390664081e-05 0 2 1 1 1 1 3 0 2 3
3.2904628610719063e-06 0 2 1 1 1 1 3 2 3 0
0.02223259748397692 0 2 1 1 1 1 3 3 2 0
3.1996389223756568e-06 0 2 1 1 1 1 3 3 2 3
0.4135841989469845 0 2 1 1 1 2 0 0 1 0
-0.0002469595015974183 0 2 1 1 1 2 0 0 1 3
2.5731483272341478e-05 0 2 1 1 1 2 0 1 0 0
-1.2989444247428366e-05 0 2 1 1 1 2 0 1 3 0
3.5876636008062793e-06 0 2 1 1 1 2 0 1 3 3
0.327277766203174 0 2 1 1 1 2 0 3 1 0
-0.0005368577979344468 0 2 1 1 1 2 0 3 1 3
-0.000385683464019181 0 2 1 1 1 2 3 0 1 0
-1.0069871390664081e-05 0 2 1 1 1 2 3 0 1 3
-3.2904628610719063e-06 0 2 1 1 1 2 3 1 3 0
-0.022232597483976917 0 2 1 1 1 2 3 3 1 0
-3.1996389223756568e-06 0 2 1 1 1 2 3 3 1 3
0.000382458563040893 0 2 1 1 1 3 1 0 0 2
0.00010216466877617357 0 2 1 1 1 3 1 0 3 2
-0.590048362584113 0 2 1 1 1 3 1 3 0 2
0.00037471480863788913 0 2 1 1 1 3 1 3 3 2
-0.000382458563040893 0 2 1 1 1 3 2 0 0 1
-0.00010216466877617357 0 2 1 1 1 3 2 0 3 1
0.5900483625841129 0 2 1 1 1 3 2 3 0 1
-0.00037471480863788913 0 2 1 1 1 3 2 3 3 1
8.224090043017147e-06 0 2 1 1 2 0 1 0 0 1
2.7192577783991536e-06 0 2 1 1 2 0 1 1 1 1
0.35077518834090554 0 2 1 1 2 0 1 1 2 2
0.35077506381327084 0 2 1 1 2 0 1 2 1 2
-0.7015475328963976 0 2 1 1 2 0 1 2 2 1
-2.0398621565811157e-05 0 2 1 1 2 0 1 3 0 1
1.375917096387718e-07 0 2 1 1 2 0 1 3 3 1
8.224090043017147e-06 0 2 1 1 2 0 2 0 0 2
-0.7015475328963976 0 2 1 1 2 0 2 1 1 2
0.3507750638132709 0 2 1 1 2 0 2 1 2 1
0.35077518834090554 0 2 1 1 2 0 2 2 1 1
2.719257778399152e-06 0 2 1 1 2 0 2 2 2 2
-2.0398621565811157e-05 0 2 1 1 2 0 2 3 0 2
1.375917096387718e-07 0 2 1 1 2 0 2 3 3 2
-3.415067189836467e-06 0 2 1 1 2 1 0 0 1 0
9.237207484822756e-07 0 2 1 1 2 1 0 1 0 0
-2.980288214666582e-05 0 2 1 1 2 1 0 1 3 0
2.0834416517333393e-06 0 2 1 1 2 1 0 1 3 3
1.663329879575653e-05 0 2 1 1 2 1 0 3 1 0
-1.0420557522220565e-05 0 2 1 1 2 1 0 3 1 3
-1.2747675261761634e-06 0 2 1 1 2 1 3 1 3 0
1.257525463244013e-05 0 2 1 1 2 1 3 3 1 0
-3.4150671898364705e-06 0 2 1 1 2 2 0 0 2 0
9.237207484822756e-07 0 2 1 1 2 2 0 2 0 0
-2.980288214666582e-05 0 2 1 1 2 2 0 2 3 0
2.0834416517333393e-06 0 2 1 1 2 2 0 2 3 3
1.6633298795756558e-05 0 2 1 1 2 2 0 3 2 0
-1.0420557522220565e-05 0 2 1 1 2 2 0 3 2 3
-1.2747675261761634e-06 0 2 1 1 2 2 3 2 3 0
1.2575254632440137e-05 0 2 1 1 2 2 3 3 2 0
-0.00032698472563530087 0 2 1 1 2 3 1 1 2 2
-0.0003269847256353008 0 2 1 1 2 3 1 2 1 2
0.0006539694512706018 0 2 1 1 2 3 1 2 2 1
9.200898392781795e-06 0 2 1 1 2 3 1 3 0 1
0.0006539694512706018 0 2 1 1 2 3 2 1 1 2
-0.0003269847256353008 0 2 1 1 2 3 2 1 2 1
-0.00032698472563530087 0 2 1 1 2 3 2 2 1 1
9.200898392781795e-06 0 2 1 1 2 3 2 3 0 2
-4.4093258054076776e-06 0 2 1 2 1 0 1 0 0 1
-1.4461065858979067e-06 0 2 1 2 1 0 1 1 1 1
0.6597065683799381 0 2 1 2 1 0 1 1 2 2
-1.0104830782997938 0 2 1 2 1 0 1 2 1 2
0.35077506381327084 0 2 1 2 1 0 1 2 2 1
4.4093258054076556e-06 0 2 1 2 1 0 1 3 3 1
-4.4093258054076776e-06 0 2 1 2 1 0 2 0 0 2
0.35077506381327084 0 2 1 2 1 0 2 1 1 2
-1.0104830782997938 0 2 1 2 1 0 2 1 2 1
0.6597065683799382 0 2 1 2 1 0 2 2 1 1
-1.4461065858979067e-06 0 2 1 2 1 0 2 2 2 2
4.4093258054076556e-06 0 2 1 2 1 0 2 3 3 2
3.334061840476723e-05 0 2 1 2 1 1 0 0 1 0
-0.3189148501795695 0 2 1 2 1 1 0 1 0 0
0.00021713157818948882 0 2 1 2 1 1 0 1 0 3
-0.42431572469570583 0 2 1 2 1 1 0 1 3 0
-0.009208930790569279 0 2 1 2 1 1 0 1 3 3
-1.6830592288825176e-05 0 2 1 2 1 1 0 3 1 0
4.64858250933898e-06 0 2 1 2 1 1 0 3 1 3
0.0003274773490184811 0 2 1 2 1 1 3 1 0 0
9.94169016647877e-06 0 2 1 2 1 1 3 1 0 3
0.0007807131438998746 0 2 1 2 1 1 3 1 3 0
2.7104723240566828e-05 0 2 1 2 1 1 3 1 3 3
-4.263495635480102e-06 0 2 1 2 1 1 3 3 1 0
3.334061840476723e-05 0 2 1 2 1 2 0 0 2 0
-0.3189148501795696 0 2 1 2 1 2 0 2 0 0
0.00021713157818948882 0 2 1 2 1 2 0 2 0 3
-0.42431572469570583 0 2 1 2 1 2 0 2 3 0
-0.009208930790569279 0 2 1 2 1 2 0 2 3 3
-1.6830592288825176e-05 0 2 1 2 1 2 0 3 2 0
4.6485825093389765e-06 0 2 1 2 1 2 0 3 2 3
0.0003274773490184811 0 2 1 2 1 2 3 2 0 0
9.94169016647877e-06 0 2 1 2 1 2 3 2 0 3
0.0007807131438998746 0 2 1 2 1 2 3 2 3 0
2.7104723240566828e-05 0 2 1 2 1 2 3 2 3 3
-4.263495635480088e-06 0 2 1 2 1 2 3 3 2 0
-0.0006297766135419439 0 2 1 2 1 3 1 1 2 2
0.0009567613391772447 0 2 1 2 1 3 1 2 1 2
-0.0003269847256353008 0 2 1 2 1 3 1 2 2 1
-0.0003269847256353008 0 2 1 2 1 3 2 1 1 2
0.0009567613391772447 0 2 1 2 1 3 2 1 2 1
-0.0006297766135419439 0 2 1 2 1 3 2 2 1 1
-2.3767663582387048e-07 0 2 1 2 2 0 1 0 0 2
-2.0073021598406056e-05 0 2 1 2 2 0 1 1 1 2
-1.8029181879951895e-05 0 2 1 2 2 0 1 1 2 1
5.668517844475605e-05 0 2 1 2 2 0 1 2 1 1
1.8582974966398115e-05 0 2 1 2 2 0 1 2 2 2
2.3767663582384978e-07 0 2 1 2 2 0 1 3 3 2
2.3767663582387043e-07 0 2 1 2 2 0 2 0 0 1
-1.8582974966398108e-05 0 2 1 2 2 0 2 1 1 1
-5.668517844475605e-05 0 2 1 2 2 0 2 1 2 2
1.8029181879951895e-05 0 2 1 2 2 0 2 2 1 2
2.0073021598406063e-05 0 2 1 2 2 0 2 2 2 1
-2.3767663582384978e-07 0 2 1 2 2 0 2 3 3 1
1.196877018777083e-06 0 2 1 2 2 1 0 0 2 0
1.3167181207665488e-06 0 2 1 2 2 1 0 2 0 0
3.954537269320345e-06 0 2 1 2 2 1 0 2 3 0
1.4210353857626104e-06 0 2 1 2 2 1 0 2 3 3
-3.8615983015728105e-05 0 2 1 2 2 1 0 3 2 0
2.699542515440773e-06 0 2 1 2 2 1 0 3 2 3
-8.074147442913067e-07 0 2 1 2 2 1 3 2 3 0
-1.6517329061520898e-06 0 2 1 2 2 1 3 3 2 0
-1.196877018777083e-06 0 2 1 2 2 2 0 0 1 0
-1.3167181207665488e-06 0 2 1 2 2 2 0 1 0 0
-3.954537269320345e-06 0 2 1 2 2 2 0 1 3 0
-1.421035385762612e-06 0 2 1 2 2 2 0 1 3 3
3.8615983015728105e-05 0 2 1 2 2 2 0 3 1 0
-2.699542515440773e-06 0 2 1 2 2 2 0 3 1 3
8.074147442913067e-07 0 2 1 2 2 2 3 1 3 0
1.6517329061520898e-06 0 2 1 2 2 2 3 3 1 0
0.2372279408102598 0 2 1 3 0 0 1 0 2 0
-0.00015178395561775992 0 2 1 3 0 0 1 0 2 3
-29.998918454037582 0 2 1 3 0 0 1 2 0 0
-4.876691344959991 0 2 1 3 0 0 1 2 0 3
-5.251688677315368 0 2 1 3 0 0 1 2 3 0
0.009637764180893557 0 2 1 3 0 0 1 2 3 3
0.04001121117612501 0 2 1 3 0 0 1 3 2 0
-8.575412681257926e-05 0 2 1 3 0 0 1 3 2 3
-0.2372279408102598 0 2 1 3 0 0 2 0 1 0
0.00015178395561775992 0 2 1 3 0 0 2 0 1 3
29.998918454037582 0 2 1 3 0 0 2 1 0 0
4.876691344959991 0 2 1 3 0 0 2 1 0 3
5.251688677315368 0 2 1 3 0 0 2 1 3 0
-0.009637764180893557 0 2 1 3 0 0 2 1 3 3
-0.04001121117612501 0 2 1 3 0 0 2 3 1 0
8.575412681257926e-05 0 2 1 3 0 0 2 3 1 3
-5.638456479922248e-05 0 2 1 3 0 1 0 0 3 2
-0.00010437323528226874 0 2 1 3 0 1 0 3 0 2
-0.0006824846949630396 0 2 1 3 0 1 0 3 3 2
-0.00016835263396007216 0 2 1 3 0 1 3 3 3 2
5.638456479922248e-05 0 2 1 3 0 2 0 0 3 1
0.00010437323528226871 0 2 1 3 0 2 0 3 0 1
0.0006824846949630394 0 2 1 3 0 2 0 3 3 1
0.00016835263396007216 0 2 1 3 0 2 3 3 3 1
0.44294179417438473 0 2 1 3 0 3 1 0 2 0
-0.0002373574937183686 0 2 1 3 0 3 1 0 2 3
-4.710750759386812 0 2 1 3 0 3 1 2 0 0
0.010430799436480646 0 2 1 3 0 3 1 2 0 3
0.011419188981704784 0 2 1 3 0 3 1 2 3 0
0.001627481379305303 0 2 1 3 0 3 1 2 3 3
-0.0006712160257843227 0 2 1 3 0 3 1 3 2 0
-0.020317261167384956 0 2 1 3 0 3 1 3 2 3
-0.4429417941743848 0 2 1 3 0 3 2 0 1 0
0.0002373574937183686 0 2 1 3 0 3 2 0 1 3
4.710750759386811 0 2 1 3 0 3 2 1 0 0
-0.010430799436480646 0 2 1 3 0 3 2 1 0 3
-0.011419188981704784 0 2 1 3 0 3 2 1 3 0
-0.001627481379305303 0 2 1 3 0 3 2 1 3 3
0.0006712160257843227 0 2 1 3 0 3 2 3 1 0
0.02031726116738496 0 2 1 3 0 3 2 3 1 3
-0.00015643095805899143 0 2 1 3 3 0 1 0 2 0
-3.782326986133157e-05 0 2 1 3 3 0 1 0 2 3
-4.5258976981717565 0 2 1 3 3 0 1 2 0 0
0.009567353291983815 0 2 1 3 3 0 1 2 0 3
0.009637764180893557 0 2 1 3 3 0 1 2 3 0
0.001945227293147425 0 2 1 3 3 0 1 2 3 3
-8.575412681257931e-05 0 2 1 3 3 0 1 3 2 0
6.601787263367076e-06 0 2 1 3 3 0 1 3 2 3
0.00015643095805899143 0 2 1 3 3 0 2 0 1 0
3.782326986133157e-05 0 2 1 3 3 0 2 0 1 3
4.525897698171756 0 2 1 3 3 0 2 1 0 0
-0.009567353291983815 0 2 1 3 3 0 2 1 0 3
-0.009637764180893557 0 2 1 3 3 0 2 1 3 0
-0.001945227293147425 0 2 1 3 3 0 2 1 3 3
8.575412681257931e-05 0 2 1 3 3 0 2 3 1 0
-6.601787263367075e-06 0 2 1 3 3 0 2 3 1 3
-0.00010699276581571719 0 2 1 3 3 1 0 0 0 2
-0.0007526205184553098 0 2 1 3 3 1 0 0 3 2
-6.182957340368674e-06 0 2 1 3 3 1 0 1 1 2
1.5598515928817323e-06 0 2 1 3 3 1 0 1 2 1
1.3431425464389747e-06 0 2 1 3 3 1 0 2 1 1
-3.279963201047969e-06 0 2 1 3 3 1 0 2 2 2
-0.0007265564652437138 0 2 1 3 3 1 0 3 0 2
0.9805289339509311 0 2 1 3 3 1 0 3 3 2
-5.264783688613572e-05 0 2 1 3 3 1 3 0 3 2
-9.547618151955486e-05 0 2 1 3 3 1 3 3 0 2
-0.0007871426975366604 0 2 1 3 3 1 3 3 3 2
0.00010699276581571719 0 2 1 3 3 2 0 0 0 1
0.0007526205184553098 0 2 1 3 3 2 0 0 3 1
3.279963201047969e-06 0 2 1 3 3 2 0 1 1 1
-1.3431425464389747e-06 0 2 1 3 3 2 0 1 2 2
-1.5598515928817323e-06 0 2 1 3 3 2 0 2 1 2
6.182957340368678e-06 0 2 1 3 3 2 0 2 2 1
0.0007265564652437138 0 2 1 3 3 2 0 3 0 1
-0.9805289339509311 0 2 1 3 3 2 0 3 3 1
5.264783688613572e-05 0 2 1 3 3 2 3 0 3 1
9.547618151955486e-05 0 2 1 3 3 2 3 3 0 1
0.0007871426975366604 0 2 1 3 3 2 3 3 3 1
-0.0002762027349608744 0 2 1 3 3 3 1 0 2 0
-8.745128127192757e-05 0 2 1 3 3 3 1 0 2 3
0.01034985787053313 0 2 1 3 3 3 1 2 0 0
0.0018838422018145544 0 2 1 3 3 3 1 2 0 3
0.0016763171707880405 0 2 1 3 3 3 1 2 3 0
0.02992042325102758 0 2 1 3 3 3 1 3 2 0
-4.935581002285165e-06 0 2 1 3 3 3 1 3 2 3
0.0002762027349608744 0 2 1 3 3 3 2 0 1 0
8.745128127192757e-05 0 2 1 3 3 3 2 0 1 3
-0.01034985787053313 0 2 1 3 3 3 2 1 0 0
-0.0018838422018145544 0 2 1 3 3 3 2 1 0 3
-0.0016763171707880405 0 2 1 3 3 3 2 1 3 0
-0.02992042325102758 0 2 1 3 3 3 2 3 1 0
4.935581002285164e-06 0 2 1 3 3 3 2 3 1 3
-4.744725808410927e-05 0 2 2 0 0 0 1 0 1 0
-2.854760214791367 0 2 2 0 0 0 1 1 0 0
0.001610553848778258 0 2 2 0 0 0 1 1 0 3
0.0021078437344052778 0 2 2 0 0 0 1 1 3 0
0.00031314467850247774 0 2 2 0 0 0 1 1 3 3
-0.0003093903546308564 0 2 2 0 0 0 1 3 1 0
-4.838531141736281e-05 0 2 2 0 0 0 1 3 1 3
-4.744725808410927e-05 0 2 2 0 0 0 2 0 2 0
-2.854760214791366 0 2 2 0 0 0 2 2 0 0
0.001610553848778258 0 2 2 0 0 0 2 2 0 3
0.0021078437344052778 0 2 2 0 0 0 2 2 3 0
0.00031314467850247774 0 2 2 0 0 0 2 2 3 3
-0.0003093903546308565 0 2 2 0 0 0 2 3 2 0
-4.838531141736281e-05 0 2 2 0 0 0 2 3 2 3
-2.1808685876225073e-05 0 2 2 0 0 1 0 0 0 1
-0.00012630939679944255 0 2 2 0 0 1 0 0 3 1
-1.0494724823495334e-06 0 2 2 0 0 1 0 1 1 1
0.4869326962862447 0 2 2 0 0 1 0 1 2 2
-5.379191898800834e-07 0 2 2 0 0 1 0 2 1 2
-0.486933207839537 0 2 2 0 0 1 0 2 2 1
0.0003453259834183426 0 2 2 0 0 1 0 3 0 1
-0.16512869047791273 0 2 2 0 0 1 0 3 3 1
-0.00010049609149778905 0 2 2 0 0 1 3 0 3 1
1.4464520910047977e-05 0 2 2 0 0 1 3 1 1 1
-0.0006864736773047558 0 2 2 0 0 1 3 1 2 2
0.0007009381982148039 0 2 2 0 0 1 3 2 2 1
5.138278752621529e-05 0 2 2 0 0 1 3 3 0 1
0.0003189866372532304 0 2 2 0 0 1 3 3 3 1
-2.1808685876225073e-05 0 2 2 0 0 2 0 0 0 2
-0.00012630939679944255 0 2 2 0 0 2 0 0 3 2
-0.4869332078395371 0 2 2 0 0 2 0 1 1 2
-5.379191898800801e-07 0 2 2 0 0 2 0 1 2 1
0.4869326962862447 0 2 2 0 0 2 0 2 1 1
-1.0494724823495334e-06 0 2 2 0 0 2 0 2 2 2
0.0003453259834183426 0 2 2 0 0 2 0 3 0 2
-0.16512869047791273 0 2 2 0 0 2 0 3 3 2
-0.00010049609149778905 0 2 2 0 0 2 3 0 3 2
0.0007009381982148039 0 2 2 0 0 2 3 1 1 2
-0.0006864736773047558 0 2 2 0 0 2 3 2 1 1
1.4464520910047977e-05 0 2 2 0 0 2 3 2 2 2
5.138278752621529e-05 0 2 2 0 0 2 3 3 0 2
0.0003189866372532304 0 2 2 0 0 2 3 3 3 2
0.002602582703735023 0 2 2 0 0 3 1 1 0 0
0.000296031822122146 0 2 2 0 0 3 1 1 0 3
0.0002850399637004861 0 2 2 0 0 3 1 1 3 0
-3.498790679627945e-05 0 2 2 0 0 3 1 3 1 0
0.002602582703735023 0 2 2 0 0 3 2 2 0 0
0.000296031822122146 0 2 2 0 0 3 2 2 0 3
0.0002850399637004861 0 2 2 0 0 3 2 2 3 0
-3.498790679627945e-05 0 2 2 0 0 3 2 3 2 0
0.0016105538487782573 0 2 2 0 3 0 1 1 0 0
0.0004784490903003858 0 2 2 0 3 0 1 1 0 3
0.0003364117492391128 0 2 2 0 3 0 1 1 3 0
-4.5049143450569276e-05 0 2 2 0 3 0 1 3 1 0
0.0016105538487782582 0 2 2 0 3 0 2 2 0 0
0.0004784490903003858 0 2 2 0 3 0 2 2 0 3
0.0003364117492391128 0 2 2 0 3 0 2 2 3 0
-4.5049143450569276e-05 0 2 2 0 3 0 2 3 2 0
0.00037646782503392547 0 2 2 0 3 1 0 0 0 1
-0.16642411153020278 0 2 2 0 3 1 0 0 3 1
-0.008635176720088747 0 2 2 0 3 1 0 1 1 1
-0.0006933795920442344 0 2 2 0 3 1 0 1 2 2
-3.762298430715356e-05 0 2 2 0 3 1 0 2 1 2
-0.007904174143737359 0 2 2 0 3 1 0 2 2 1
-0.18305156492543814 0 2 2 0 3 1 0 3 0 1
-1.1002434235033407 0 2 2 0 3 1 0 3 3 1
-3.952545329434688e-05 0 2 2 0 3 1 3 0 0 1
-0.00014741752490583793 0 2 2 0 3 1 3 0 3 1
-0.02715671349759072 0 2 2 0 3 1 3 1 1 1
0.500718897857551 0 2 2 0 3 1 3 1 2 2
-1.2620786231784938e-06 0 2 2 0 3 1 3 2 1 2
-0.5278743492765183 0 2 2 0 3 1 3 2 2 1
0.00039529970511953123 0 2 2 0 3 1 3 3 0 1
-0.1646247965827027 0 2 2 0 3 1 3 3 3 1
0.00037646782503392547 0 2 2 0 3 2 0 0 0 2
-0.16642411153020278 0 2 2 0 3 2 0 0 3 2
-0.00790417414373736 0 2 2 0 3 2 0 1 1 2
-3.762298430715355e-05 0 2 2 0 3 2 0 1 2 1
-0.0006933795920442344 0 2 2 0 3 2 0 2 1 1
-0.008635176720088747 0 2 2 0 3 2 0 2 2 2
-0.18305156492543817 0 2 2 0 3 2 0 3 0 2
-1.1002434235033407 0 2 2 0 3 2 0 3 3 2
-3.952545329434688e-05 0 2 2 0 3 2 3 0 0 2
-0.00014741752490583793 0 2 2 0 3 2 3 0 3 2
-0.5278743492765183 0 2 2 0 3 2 3 1 1 2
-1.262078623178492e-06 0 2 2 0 3 2 3 1 2 1
0.500718897857551 0 2 2 0 3 2 3 2 1 1
-0.02715671349759072 0 2 2 0 3 2 3 2 2 2
0.00039529970511953123 0 2 2 0 3 2 3 3 0 2
-0.16462479658270276 0 2 2 0 3 2 3 3 3 2
0.0003076676166239179 0 2 2 0 3 3 1 1 0 0
0.0003076676166239178 0 2 2 0 3 3 2 2 0 0
-3.666275064629602e-06 0 2 2 1 1 0 1 0 0 1
-1.2731511925012503e-06 0 2 2 1 1 0 1 1 1 1
-1.0104830298720349 0 2 2 1 1 0 1 1 2 2
0.6597065683799382 0 2 2 1 1 0 1 2 1 2
0.35077518834090554 0 2 2 1 1 0 1 2 2 1
3.6662750646295938e-06 0 2 2 1 1 0 1 3 3 1
-3.666275064629602e-06 0 2 2 1 1 0 2 0 0 2
0.35077518834090554 0 2 2 1 1 0 2 1 1 2
0.6597065683799382 0 2 2 1 1 0 2 1 2 1
-1.0104830298720349 0 2 2 1 1 0 2 2 1 1
-1.2731511925012503e-06 0 2 2 1 1 0 2 2 2 2
3.6662750646295938e-06 0 2 2 1 1 0 2 3 3 2
-3.2332659183196615e-05 0 2 2 1 1 1 0 0 1 0
0.31891842589708025 0 2 2 1 1 1 0 1 0 0
-0.00020992245727857603 0 2 2 1 1 1 0 1 0 3
0.4243468516759182 0 2 2 1 1 1 0 1 3 0
-0.0006550237052617013 0 2 2 1 1 1 0 1 3 3
1.883195409651373e-05 0 2 2 1 1 1 0 3 1 0
3.0623291391731566e-06 0 2 2 1 1 1 0 3 1 3
-0.00031531223429447173 0 2 2 1 1 1 3 1 0 0
-7.771683299265179e-06 0 2 2 1 1 1 3 1 0 3
-0.017450930614541484 0 2 2 1 1 1 3 1 3 0
-9.8838572624519e-06 0 2 2 1 1 1 3 1 3 3
-7.07870362758996e-06 0 2 2 1 1 1 3 3 1 0
-3.233265918319662e-05 0 2 2 1 1 2 0 0 2 0
0.31891842589708036 0 2 2 1 1 2 0 2 0 0
-0.00020992245727857603 0 2 2 1 1 2 0 2 0 3
0.42434685167591824 0 2 2 1 1 2 0 2 3 0
-0.0006550237052617013 0 2 2 1 1 2 0 2 3 3
1.8831954096513725e-05 0 2 2 1 1 2 0 3 2 0
3.0623291391731566e-06 0 2 2 1 1 2 0 3 2 3
-0.00031531223429447173 0 2 2 1 1 2 3 2 0 0
-7.771683299265179e-06 0 2 2 1 1 2 3 2 0 3
-0.017450930614541484 0 2 2 1 1 2 3 2 3 0
-9.8838572624519e-06 0 2 2 1 1 2 3 2 3 3
-7.078703627589964e-06 0 2 2 1 1 2 3 3 2 0
0.0009567613391772449 0 2 2 1 1 3 1 1 2 2
-0.0006297766135419439 0 2 2 1 1 3 1 2 1 2
-0.00032698472563530087 0 2 2 1 1 3 1 2 2 1
-0.00032698472563530087 0 2 2 1 1 3 2 1 1 2
-0.0006297766135419439 0 2 2 1 1 3 2 1 2 1
0.0009567613391772449 0 2 2 1 1 3 2 2 1 1
3.301070978360641e-07 0 2 2 1 2 0 1 0 0 2
-2.199391954413391e-05 0 2 2 1 2 0 1 1 1 2
6.0916286271724503e-05 0 2 2 1 2 0 1 1 2 1
-1.802918187995191e-05 0 2 2 1 2 0 1 2 1 1
2.089318484763864e-05 0 2 2 1 2 0 1 2 2 2
-3.301070978360641e-07 0 2 2 1 2 0 1 3 3 2
-3.301070978360641e-07 0 2 2 1 2 0 2 0 0 1
-2.089318484763864e-05 0 2 2 1 2 0 2 1 1 1
1.8029181879951895e-05 0 2 2 1 2 0 2 1 2 2
-6.091628627172445e-05 0 2 2 1 2 0 2 2 1 2
2.199391954413391e-05 0 2 2 1 2 0 2 2 2 1
3.301070978360641e-07 0 2 2 1 2 0 2 3 3 1
-5.829980823363232e-06 0 2 2 1 2 1 0 0 2 0
-9.3409519684755e-06 0 2 2 1 2 1 0 0 2 3
-2.094636680469636e-06 0 2 2 1 2 1 0 2 0 0
-5.499139929392124e-06 0 2 2 1 2 1 0 2 3 0
-7.3721305840995155e-06 0 2 2 1 2 1 0 2 3 3
-1.7156511295328608e-06 0 2 2 1 2 1 0 3 2 0
0.012778154919962783 0 2 2 1 2 1 0 3 2 3
-1.576249777638665e-05 0 2 2 1 2 1 3 0 2 0
-2.8117061939161716e-06 0 2 2 1 2 1 3 0 2 3
9.56104993683833e-06 0 2 2 1 2 1 3 2 3 0
0.02160146988293735 0 2 2 1 2 1 3 3 2 0
-2.2313300601412348e-05 0 2 2 1 2 1 3 3 2 3
5.829980823363232e-06 0 2 2 1 2 2 0 0 1 0
9.3409519684755e-06 0 2 2 1 2 2 0 0 1 3
2.094636680469636e-06 0 2 2 1 2 2 0 1 0 0
5.499139929392124e-06 0 2 2 1 2 2 0 1 3 0
7.3721305840995155e-06 0 2 2 1 2 2 0 1 3 3
1.7156511295328608e-06 0 2 2 1 2 2 0 3 1 0
-0.012778154919962786 0 2 2 1 2 2 0 3 1 3
1.576249777638665e-05 0 2 2 1 2 2 3 0 1 0
2.811706193916171e-06 0 2 2 1 2 2 3 0 1 3
-9.56104993683833e-06 0 2 2 1 2 2 3 1 3 0
-0.021601469882937353 0 2 2 1 2 2 3 3 1 0
2.2313300601412348e-05 0 2 2 1 2 2 3 3 1 3
-0.0008265168088125581 0 2 2 2 1 0 1 0 0 2
-6.309866287150618e-05 0 2 2 2 1 0 1 0 3 2
8.757917522564413e-05 0 2 2 2 1 0 1 1 1 2
-2.1993919544133916e-05 0 2 2 2 1 0 1 1 2 1
-2.0073021598406063e-05 0 2 2 2 1 0 1 2 1 1
4.5512234083104145e-05 0 2 2 2 1 0 1 2 2 2
0.6785302281109803 0 2 2 2 1 0 1 3 0 2
-0.0008185097472859382 0 2 2 2 1 0 1 3 3 2
0.0008265168088125581 0 2 2 2 1 0 2 0 0 1
6.309866287150618e-05 0 2 2 2 1 0 2 0 3 1
-4.5512234083104145e-05 0 2 2 2 1 0 2 1 1 1
2.0073021598406063e-05 0 2 2 2 1 0 2 1 2 2
2.1993919544133916e-05 0 2 2 2 1 0 2 2 1 2
-8.757917522564413e-05 0 2 2 2 1 0 2 2 2 1
-0.6785302281109803 0 2 2 2 1 0 2 3 0 1
0.0008185097472859382 0 2 2 2 1 0 2 3 3 1
-0.4135795658431798 0 2 2 2 1 1 0 0 2 0
0.0002563004535658938 0 2 2 2 1 1 0 0 2 3
-2.49535647126384e-05 0 2 2 2 1 1 0 2 0 0
1.4534046907500193e-05 0 2 2 2 1 1 0 2 3 0
2.363431597530641e-06 0 2 2 2 1 1 0 2 3 3
-0.32723743456902876 0 2 2 2 1 1 0 3 2 0
-0.01224399666454378 0 2 2 2 1 1 0 3 2 3
0.0004014459617955676 0 2 2 2 1 1 3 0 2 0
1.2881577584580252e-05 0 2 2 2 1 1 3 0 2 3
-5.4631723314751365e-06 0 2 2 2 1 1 3 2 3 0
0.0006327793339457215 0 2 2 2 1 1 3 3 2 0
2.5512939523788008e-05 0 2 2 2 1 1 3 3 2 3
0.41357956584317973 0 2 2 2 1 2 0 0 1 0
-0.0002563004535658938 0 2 2 2 1 2 0 0 1 3
2.49535647126384e-05 0 2 2 2 1 2 0 1 0 0
-1.4534046907500165e-05 0 2 2 2 1 2 0 1 3 0
-2.363431597530641e-06 0 2 2 2 1 2 0 1 3 3
0.32723743456902876 0 2 2 2 1 2 0 3 1 0
0.012243996664543783 0 2 2 2 1 2 0 3 1 3
-0.0004014459617955676 0 2 2 2 1 2 3 0 1 0
-1.2881577584580252e-05 0 2 2 2 1 2 3 0 1 3
5.4631723314751365e-06 0 2 2 2 1 2 3 1 3 0
-0.0006327793339457215 0 2 2 2 1 2 3 3 1 0
-2.5512939523788008e-05 0 2 2 2 1 2 3 3 1 3
0.000382458563040893 0 2 2 2 1 3 1 0 0 2
0.00010216466877617357 0 2 2 2 1 3 1 0 3 2
-0.590048362584113 0 2 2 2 1 3 1 3 0 2
0.00037471480863788913 0 2 2 2 1 3 1 3 3 2
-0.000382458563040893 0 2 2 2 1 3 2 0 0 1
-0.00010216466877617357 0 2 2 2 1 3 2 0 3 1
0.5900483625841129 0 2 2 2 1 3 2 3 0 1
-0.00037471480863788913 0 2 2 2 1 3 2 3 3 1
1.4848917297988142e-07 0 2 2 2 2 0 1 0 0 1
-1.273151192501247e-06 0 2 2 2 2 0 1 1 2 2
-1.4461065858979033e-06 0 2 2 2 2 0 1 2 1 2
2.719257778399152e-06 0 2 2 2 2 0 1 2 2 1
-2.039862156581115e-05 0 2 2 2 2 0 1 3 0 1
8.213192579676028e-06 0 2 2 2 2 0 1 3 3 1
1.4848917297988142e-07 0 2 2 2 2 0 2 0 0 2
2.719257778399152e-06 0 2 2 2 2 0 2 1 1 2
-1.4461065858979033e-06 0 2 2 2 2 0 2 1 2 1
-1.273151192501247e-06 0 2 2 2 2 0 2 2 1 1
-2.039862156581115e-05 0 2 2 2 2 0 2 3 0 2
8.213192579676028e-06 0 2 2 2 2 0 2 3 3 2
-2.407107968265846e-06 0 2 2 2 2 1 0 0 1 0
4.4994382591593875e-06 0 2 2 2 2 1 0 1 0 0
7.2091209109128135e-06 0 2 2 2 2 1 0 1 0 3
1.3240980657523828e-06 0 2 2 2 2 1 0 1 3 0
-0.009861871054179242 0 2 2 2 2 1 0 1 3 3
1.8634660603445123e-05 0 2 2 2 2 1 0 3 1 0
-2.709645873708427e-06 0 2 2 2 2 1 0 3 1 3
1.2165114724009406e-05 0 2 2 2 2 1 3 1 0 0
2.170006867213591e-06 0 2 2 2 2 1 3 1 0 3
-0.016671492238167784 0 2 2 2 2 1 3 1 3 0
1.7220865978114925e-05 0 2 2 2 2 1 3 1 3 3
1.2330553693700656e-06 0 2 2 2 2 1 3 3 1 0
-2.407107968265846e-06 0 2 2 2 2 2 0 0 2 0
4.4994382591593875e-06 0 2 2 2 2 2 0 2 0 0
7.2091209109128135e-06 0 2 2 2 2 2 0 2 0 3
1.3240980657523828e-06 0 2 2 2 2 2 0 2 3 0
-0.009861871054179242 0 2 2 2 2 2 0 2 3 3
1.8634660603445123e-05 0 2 2 2 2 2 0 3 2 0
-2.709645873708427e-06 0 2 2 2 2 2 0 3 2 3
1.2165114724009406e-05 0 2 2 2 2 2 3 2 0 0
2.17000686721359e-06 0 2 2 2 2 2 3 2 0 3
-0.016671492238167784 0 2 2 2 2 2 3 2 3 0
1.7220865978114925e-05 0 2 2 2 2 2 3 2 3 3
1.2330553693700656e-06 0 2 2 2 2 2 3 3 2 0
9.200898392781798e-06 0 2 2 2 2 3 1 3 0 1
9.200898392781798e-06 0 2 2 2 2 3 2 3 0 2
-0.0003093903546308565 0 2 2 3 0 0 1 0 1 0
-4.504914345056929e-05 0 2 2 3 0 0 1 0 1 3
0.002107843734405278 0 2 2 3 0 0 1 1 0 0
0.0003364117492391127 0 2 2 3 0 0 1 1 0 3
0.00038347767114879443 0 2 2 3 0 0 1 1 3 0
0.4008947298194963 0 2 2 3 0 0 1 3 1 0
-0.00019319745114469437 0 2 2 3 0 0 1 3 1 3
-0.0003093903546308565 0 2 2 3 0 0 2 0 2 0
-4.504914345056929e-05 0 2 2 3 0 0 2 0 2 3
0.002107843734405278 0 2 2 3 0 0 2 2 0 0
0.0003364117492391127 0 2 2 3 0 0 2 2 0 3
0.00038347767114879443 0 2 2 3 0 0 2 2 3 0
0.4008947298194963 0 2 2 3 0 0 2 3 2 0
-0.00019319745114469437 0 2 2 3 0 0 2 3 2 3
-0.00012481719992929466 0 2 2 3 0 1 0 0 0 1
0.4530054425901042 0 2 2 3 0 1 0 0 3 1
7.93798166384284e-06 0 2 2 3 0 1 0 1 1 1
-0.00035554140013167873 0 2 2 3 0 1 0 1 2 2
0.00036347938179552157 0 2 2 3 0 1 0 2 2 1
-0.17791185435443718 0 2 2 3 0 1 0 3 0 1
-0.7525676297176944 0 2 2 3 0 1 0 3 3 1
-0.00010190970242425491 0 2 2 3 0 1 3 0 0 1
-0.0006026101805408638 0 2 2 3 0 1 3 0 3 1
3.260997606088254e-06 0 2 2 3 0 1 3 1 1 1
-0.00011069445193294741 0 2 2 3 0 1 3 1 2 2
0.00011395544953903566 0 2 2 3 0 1 3 2 2 1
0.00032291964637017176 0 2 2 3 0 1 3 3 0 1
-0.11757069729805357 0 2 2 3 0 1 3 3 3 1
-0.00012481719992929466 0 2 2 3 0 2 0 0 0 2
0.4530054425901042 0 2 2 3 0 2 0 0 3 2
0.00036347938179552157 0 2 2 3 0 2 0 1 1 2
-0.00035554140013167873 0 2 2 3 0 2 0 2 1 1
7.93798166384284e-06 0 2 2 3 0 2 0 2 2 2
-0.17791185435443718 0 2 2 3 0 2 0 3 0 2
-0.7525676297176945 0 2 2 3 0 2 0 3 3 2
-0.00010190970242425491 0 2 2 3 0 2 3 0 0 2
-0.0006026101805408638 0 2 2 3 0 2 3 0 3 2
0.00011395544953903566 0 2 2 3 0 2 3 1 1 2
-0.00011069445193294741 0 2 2 3 0 2 3 2 1 1
3.260997606088254e-06 0 2 2 3 0 2 3 2 2 2
0.00032291964637017176 0 2 2 3 0 2 3 3 0 2
-0.11757069729805357 0 2 2 3 0 2 3 3 3 2
-6.993492430333865e-05 0 2 2 3 0 3 1 0 1 0
0.00032632500983509674 0 2 2 3 0 3 1 1 0 0
-0.00035081361892090574 0 2 2 3 0 3 1 3 1 0
-2.4846533439393873e-05 0 2 2 3 0 3 1 3 1 3
-6.993492430333865e-05 0 2 2 3 0 3 2 0 2 0
0.00032632500983509674 0 2 2 3 0 3 2 2 0 0
-0.00035081361892090574 0 2 2 3 0 3 2 3 2 0
-2.4846533439393873e-05 0 2 2 3 0 3 2 3 2 3
-4.83853114173628e-05 0 2 2 3 3 0 1 0 1 0
0.0003131446785024778 0 2 2 3 3 0 1 1 0 0
-0.0001931974511446944 0 2 2 3 3 0 1 3 1 0
-7.223814965468985e-05 0 2 2 3 3 0 1 3 1 3
-4.83853114173628e-05 0 2 2 3 3 0 2 0 2 0
0.0003131446785024778 0 2 2 3 3 0 2 2 0 0
-0.0001931974511446944 0 2 2 3 3 0 2 3 2 0
-7.223814965468985e-05 0 2 2 3 3 0 2 3 2 3
-0.15803960356582947 0 2 2 3 3 1 0 0 0 1
-1.090005561161564 0 2 2 3 3 1 0 0 3 1
-0.00646117998356248 0 2 2 3 3 1 0 1 1 1
-0.00010759326058525614 0 2 2 3 3 1 0 1 2 2
1.1241113065714924e-06 0 2 2 3 3 1 0 2 1 2
-0.0063547108342837935 0 2 2 3 3 1 0 2 2 1
-1.0935843047604052 0 2 2 3 3 1 0 3 0 1
741.0996430746522 0 2 2 3 3 1 0 3 3 1
-0.0001687855869558411 0 2 2 3 3 1 3 0 0 1
0.5681253794650727 0 2 2 3 3 1 3 0 3 1
3.074500612943615e-05 0 2 2 3 3 1 3 1 1 1
-0.00036560752537391576 0 2 2 3 3 1 3 1 2 2
0.0003963525315033518 0 2 2 3 3 1 3 2 2 1
-0.15103831218600616 0 2 2 3 3 1 3 3 0 1
-1.317794388970997 0 2 2 3 3 1 3 3 3 1
-0.15803960356582947 0 2 2 3 3 2 0 0 0 2
-1.090005561161564 0 2 2 3 3 2 0 0 3 2
-0.006354710834283794 0 2 2 3 3 2 0 1 1 2
1.1241113065714924e-06 0 2 2 3 3 2 0 1 2 1
-0.00010759326058525614 0 2 2 3 3 2 0 2 1 1
-0.006461179983562481 0 2 2 3 3 2 0 2 2 2
-1.0935843047604055 0 2 2 3 3 2 0 3 0 2
741.0996430746524 0 2 2 3 3 2 0 3 3 2
-0.00016878558695584105 0 2 2 3 3 2 3 0 0 2
0.5681253794650727 0 2 2 3 3 2 3 0 3 2
0.0003963525315033518 0 2 2 3 3 2 3 1 1 2
-0.00036560752537391576 0 2 2 3 3 2 3 2 1 1
3.074500612943615e-05 0 2 2 3 3 2 3 2 2 2
-0.15103831218600616 0 2 2 3 3 2 3 3 0 2
-1.317794388970997 0 2 2 3 3 2 3 3 3 2
-2.2927193751212783e-05 0 2 2 3 3 3 1 3 1 0
-2.2927193751212783e-05 0 2 2 3 3 3 2 3 2 0
-85.60182046184107 0 2 3 0 1 0 1 0 0 2
-13.070591246428897 0 2 3 0 1 0 1 0 3 2
-6.309866287150622e-05 0 2 3 0 1 0 1 1 1 2
-6.309866287150622e-05 0 2 3 0 1 0 1 2 2 2
-14.741183675460094 0 2 3 0 1 0 1 3 0 2
0.029744537322153788 0 2 3 0 1 0 1 3 3 2
85.60182046184107 0 2 3 0 1 0 2 0 0 1
13.070591246428897 0 2 3 0 1 0 2 0 3 1
6.309866287150622e-05 0 2 3 0 1 0 2 1 1 1
6.309866287150622e-05 0 2 3 0 1 0 2 2 2 1
14.741183675460094 0 2 3 0 1 0 2 3 0 1
-0.029744537322153788 0 2 3 0 1 0 2 3 3 1
41.48146197695472 0 2 3 0 1 1 0 0 2 0
6.772351700402984 0 2 3 0 1 1 0 0 2 3
0.018566743334055325 0 2 3 0 1 1 0 2 0 0
0.0029576136926078695 0 2 3 0 1 1 0 2 0 3
-7.792480405069607 0 2 3 0 1 1 0 2 3 0
0.01693019812033797 0 2 3 0 1 1 0 2 3 3
6.972574914042628 0 2 3 0 1 1 0 3 2 0
-0.013232844559095437 0 2 3 0 1 1 0 3 2 3
6.266306648186449 0 2 3 0 1 1 3 0 2 0
-0.011015019977714178 0 2 3 0 1 1 3 0 2 3
0.002739439714388965 0 2 3 0 1 1 3 2 0 0
0.019003821568686116 0 2 3 0 1 1 3 2 3 0
0.002302911614811203 0 2 3 0 1 1 3 2 3 3
-0.01515423005415528 0 2 3 0 1 1 3 3 2 0
-0.0016921221160472958 0 2 3 0 1 1 3 3 2 3
-41.48146197695472 0 2 3 0 1 2 0 0 1 0
-6.772351700402985 0 2 3 0 1 2 0 0 1 3
-0.018566743334055325 0 2 3 0 1 2 0 1 0 0
-0.0029576136926078695 0 2 3 0 1 2 0 1 0 3
7.792480405069607 0 2 3 0 1 2 0 1 3 0
-0.01693019812033797 0 2 3 0 1 2 0 1 3 3
-6.972574914042628 0 2 3 0 1 2 0 3 1 0
0.013232844559095437 0 2 3 0 1 2 0 3 1 3
-6.26630664818645 0 2 3 0 1 2 3 0 1 0
0.011015019977714178 0 2 3 0 1 2 3 0 1 3
-0.002739439714388965 0 2 3 0 1 2 3 1 0 0
-0.019003821568686116 0 2 3 0 1 2 3 1 3 0
-0.002302911614811203 0 2 3 0 1 2 3 1 3 3
0.01515423005415528 0 2 3 0 1 2 3 3 1 0
0.0016921221160472958 0 2 3 0 1 2 3 3 1 3
-13.80849611229707 0 2 3 0 1 3 1 0 0 2
0.030017116654794458 0 2 3 0 1 3 1 0 3 2
-0.0003424913808042311 0 2 3 0 1 3 1 1 1 2
-0.00034249138080423103 0 2 3 0 1 3 1 2 2 2
0.030330347241232035 0 2 3 0 1 3 1 3 0 2
0.0037596922315197303 0 2 3 0 1 3 1 3 3 2
13.80849611229707 0 2 3 0 1 3 2 0 0 1
-0.030017116654794458 0 2 3 0 1 3 2 0 3 1
0.00034249138080423103 0 2 3 0 1 3 2 1 1 1
0.0003424913808042311 0 2 3 0 1 3 2 2 2 1
-0.030330347241232035 0 2 3 0 1 3 2 3 0 1
-0.0037596922315197303 0 2 3 0 1 3 2 3 3 1
0.0016753520394020074 0 2 3 0 2 0 1 0 0 1
0.0003069530852124629 0 2 3 0 2 0 1 0 3 1
0.0003859347540120302 0 2 3 0 2 0 1 3 0 1
0.0016753520394020074 0 2 3 0 2 0 2 0 0 2
0.0003069530852124629 0 2 3 0 2 0 2 0 3 2
0.0003859347540120302 0 2 3 0 2 0 2 3 0 2
0.0002451025537844371 0 2 3 0 2 1 0 0 1 0
4.337218283023206e-05 0 2 3 0 2 1 0 0 1 3
-4.740432314196937e-05 0 2 3 0 2 1 0 1 3 0
4.421730412857566e-05 0 2 3 0 2 1 0 3 1 0
3.8207511747285913e-05 0 2 3 0 2 1 3 0 1 0
0.000245102553784438 0 2 3 0 2 2 0 0 2 0
4.337218283023195e-05 0 2 3 0 2 2 0 0 2 3
-4.740432314196937e-05 0 2 3 0 2 2 0 2 3 0
4.421730412857566e-05 0 2 3 0 2 2 0 3 2 0
3.8207511747285913e-05 0 2 3 0 2 2 3 0 2 0
0.0003216694234201655 0 2 3 0 2 3 1 0 0 1
0.0003216694234201659 0 2 3 0 2 3 2 0 0 2
-29.874625907477714 0 2 3 1 0 0 1 0 2 0
-4.876773304960447 0 2 3 1 0 0 1 0 2 3
0.0003093903546308563 0 2 3 1 0 0 1 2 0 0
4.838531141736281e-05 0 2 3 1 0 0 1 2 0 3
4.744725808410927e-05 0 2 3 1 0 0 1 2 3 0
-5.251908172829905 0 2 3 1 0 0 1 3 2 0
0.009608902839727472 0 2 3 1 0 0 1 3 2 3
29.874625907477714 0 2 3 1 0 0 2 0 1 0
4.876773304960447 0 2 3 1 0 0 2 0 1 3
-0.0003093903546308563 0 2 3 1 0 0 2 1 0 0
-4.838531141736281e-05 0 2 3 1 0 0 2 1 0 3
-4.744725808410927e-05 0 2 3 1 0 0 2 1 3 0
5.251908172829905 0 2 3 1 0 0 2 3 1 0
-0.009608902839727472 0 2 3 1 0 0 2 3 1 3
8.214330576637727e-05 0 2 3 1 0 1 0 0 3 2
-7.84875509832752e-06 0 2 3 1 0 1 0 1 2 1
0.00046852838337411616 0 2 3 1 0 1 0 2 1 1
0.0004606796282757887 0 2 3 1 0 1 0 2 2 2
-4.2253171203820215e-06 0 2 3 1 0 1 3 1 2 1
0.0001476535619036223 0 2 3 1 0 1 3 2 1 1
0.00014342824478324025 0 2 3 1 0 1 3 2 2 2
-8.21433057663773e-05 0 2 3 1 0 2 0 0 3 1
-0.0004606796282757887 0 2 3 1 0 2 0 1 1 1
-0.00046852838337411616 0 2 3 1 0 2 0 1 2 2
7.84875509832752e-06 0 2 3 1 0 2 0 2 1 2
-0.00014342824478324025 0 2 3 1 0 2 3 1 1 1
-0.0001476535619036223 0 2 3 1 0 2 3 1 2 2
4.2253171203820215e-06 0 2 3 1 0 2 3 2 1 2
-4.818747038517209 0 2 3 1 0 3 1 0 2 0
0.010478915994066544 0 2 3 1 0 3 1 0 2 3
3.4987906796279527e-05 0 2 3 1 0 3 1 2 0 0
0.011300837951672329 0 2 3 1 0 3 1 3 2 0
0.0016128411982581957 0 2 3 1 0 3 1 3 2 3
4.81874703851721 0 2 3 1 0 3 2 0 1 0
-0.010478915994066544 0 2 3 1 0 3 2 0 1 3
-3.4987906796279527e-05 0 2 3 1 0 3 2 1 0 0
-0.011300837951672329 0 2 3 1 0 3 2 3 1 0
-0.0016128411982581957 0 2 3 1 0 3 2 3 1 3
-4.525977223434696 0 2 3 1 3 0 1 0 2 0
0.009547536273321382 0 2 3 1 3 0 1 0 2 3
4.504914345056928e-05 0 2 3 1 3 0 1 2 0 0
0.009608902839727472 0 2 3 1 3 0 1 3 2 0
0.001945227293147425 0 2 3 1 3 0 1 3 2 3
4.525977223434696 0 2 3 1 3 0 2 0 1 0
-0.009547536273321382 0 2 3 1 3 0 2 0 1 3
-4.504914345056928e-05 0 2 3 1 3 0 2 1 0 0
-0.009608902839727472 0 2 3 1 3 0 2 3 1 0
-0.0019452272931474248 0 2 3 1 3 0 2 3 1 3
8.746580314627306e-05 0 2 3 1 3 1 0 0 0 2
0.0005628510180482964 0 2 3 1 3 1 0 0 3 2
1.4565256779103089e-06 0 2 3 1 3 1 0 1 1 2
0.008377343570965246 0 2 3 1 3 1 0 1 2 1
-0.008239390105927485 0 2 3 1 3 1 0 2 1 1
0.00013940999071567628 0 2 3 1 3 1 0 2 2 2
9.433085325404672e-05 0 2 3 1 3 1 0 3 3 2
8.697718496315382e-05 0 2 3 1 3 1 3 0 3 2
-3.71305598263897e-05 0 2 3 1 3 1 3 1 2 1
0.0005108529978370049 0 2 3 1 3 1 3 2 1 1
0.0004737224380106152 0 2 3 1 3 1 3 2 2 2
-8.746580314627306e-05 0 2 3 1 3 2 0 0 0 1
-0.0005628510180482964 0 2 3 1 3 2 0 0 3 1
-0.00013940999071567628 0 2 3 1 3 2 0 1 1 1
0.008239390105927485 0 2 3 1 3 2 0 1 2 2
-0.008377343570965246 0 2 3 1 3 2 0 2 1 2
-1.4565256779103089e-06 0 2 3 1 3 2 0 2 2 1
-9.433085325404671e-05 0 2 3 1 3 2 0 3 3 1
-8.697718496315385e-05 0 2 3 1 3 2 3 0 3 1
-0.0004737224380106152 0 2 3 1 3 2 3 1 1 1
-0.0005108529978370049 0 2 3 1 3 2 3 1 2 2
3.71305598263897e-05 0 2 3 1 3 2 3 2 1 2
0.010377621960617636 0 2 3 1 3 3 1 0 2 0
0.0019003009517588165 0 2 3 1 3 3 1 0 2 3
0.0016614927185616588 0 2 3 1 3 3 1 3 2 0
-0.010377621960617636 0 2 3 1 3 3 2 0 1 0
-0.0019003009517588165 0 2 3 1 3 3 2 0 1 3
-0.0016614927185616588 0 2 3 1 3 3 2 3 1 0
0.0019457426137414109 0 2 3 2 0 0 1 0 1 0
0.0003110608839421557 0 2 3 2 0 0 1 0 1 3
-0.23722794081025972 0 2 3 2 0 0 1 1 0 0
0.0001564309580589914 0 2 3 2 0 0 1 1 0 3
0.0004189347661684335 0 2 3 2 0 0 1 1 3 0
5.508549565806118e-05 0 2 3 2 0 0 1 1 3 3
0.0003586182869025137 0 2 3 2 0 0 1 3 1 0
0.0019457426137414109 0 2 3 2 0 0 2 0 2 0
0.0003110608839421557 0 2 3 2 0 0 2 0 2 3
-0.23722794081025972 0 2 3 2 0 0 2 2 0 0
0.0001564309580589914 0 2 3 2 0 0 2 2 0 3
0.0004189347661684335 0 2 3 2 0 0 2 2 3 0
5.508549565806118e-05 0 2 3 2 0 0 2 2 3 3
0.0003586182869025137 0 2 3 2 0 0 2 3 2 0
9.56020366854308e-05 0 2 3 2 0 1 0 0 0 1
0.12744233130986268 0 2 3 2 0 1 0 0 3 1
1.6831416532322054e-05 0 2 3 2 0 1 0 3 0 1
-0.000264633743492156 0 2 3 2 0 1 0 3 3 1
7.75604539159151e-05 0 2 3 2 0 1 3 0 0 1
-0.0002461861751013084 0 2 3 2 0 1 3 0 3 1
-3.965599322920876e-05 0 2 3 2 0 1 3 3 3 1
9.56020366854308e-05 0 2 3 2 0 2 0 0 0 2
0.12744233130986268 0 2 3 2 0 2 0 0 3 2
1.6831416532322054e-05 0 2 3 2 0 2 0 3 0 2
-0.000264633743492156 0 2 3 2 0 2 0 3 3 2
7.75604539159151e-05 0 2 3 2 0 2 3 0 0 2
-0.0002461861751013084 0 2 3 2 0 2 3 0 3 2
-3.965599322920876e-05 0 2 3 2 0 2 3 3 3 2
0.0003079935433996718 0 2 3 2 0 3 1 0 1 0
0.20612446701249587 0 2 3 2 0 3 1 1 0 0
-9.183649535642942e-05 0 2 3 2 0 3 1 1 0 3
0.00022588781004542408 0 2 3 2 0 3 1 1 3 0
2.794262487189761e-05 0 2 3 2 0 3 1 1 3 3
0.0003079935433996718 0 2 3 2 0 3 2 0 2 0
0.20612446701249587 0 2 3 2 0 3 2 2 0 0
-9.183649535642942e-05 0 2 3 2 0 3 2 2 0 3
0.00022588781004542408 0 2 3 2 0 3 2 2 3 0
2.794262487189761e-05 0 2 3 2 0 3 2 2 3 3
0.0002895417557578517 0 2 3 2 3 0 1 0 1 0
0.00015178395561775982 0 2 3 2 3 0 1 1 0 0
3.782326986133156e-05 0 2 3 2 3 0 1 1 0 3
5.508549565806118e-05 0 2 3 2 3 0 1 1 3 0
0.0002895417557578517 0 2 3 2 3 0 2 0 2 0
0.00015178395561775982 0 2 3 2 3 0 2 2 0 0
3.782326986133156e-05 0 2 3 2 3 0 2 2 0 3
5.508549565806118e-05 0 2 3 2 3 0 2 2 3 0
0.1284378546996275 0 2 3 2 3 1 0 0 0 1
0.8491412757758506 0 2 3 2 3 1 0 0 3 1
-1.7403273114909976e-06 0 2 3 2 3 1 0 1 1 1
-7.445233613163611e-06 0 2 3 2 3 1 0 1 2 2
3.683786252901867e-06 0 2 3 2 3 1 0 2 1 2
2.0211200487707355e-06 0 2 3 2 3 1 0 2 2 1
-0.00029054876621754846 0 2 3 2 3 1 0 3 0 1
0.14127902378282814 0 2 3 2 3 1 0 3 3 1
0.00011168474420029958 0 2 3 2 3 1 3 0 0 1
0.12705343818322007 0 2 3 2 3 1 3 0 3 1
3.050478932117774e-05 0 2 3 2 3 1 3 3 0 1
-0.00030299421831515676 0 2 3 2 3 1 3 3 3 1
0.1284378546996275 0 2 3 2 3 2 0 0 0 2
0.8491412757758506 0 2 3 2 3 2 0 0 3 2
2.0211200487707355e-06 0 2 3 2 3 2 0 1 1 2
3.6837862529018706e-06 0 2 3 2 3 2 0 1 2 1
-7.445233613163611e-06 0 2 3 2 3 2 0 2 1 1
-1.7403273114909976e-06 0 2 3 2 3 2 0 2 2 2
-0.00029054876621754846 0 2 3 2 3 2 0 3 0 2
0.14127902378282814 0 2 3 2 3 2 0 3 3 2
0.00011168474420029961 0 2 3 2 3 2 3 0 0 2
0.12705343818322007 0 2 3 2 3 2 3 0 3 2
3.050478932117774e-05 0 2 3 2 3 2 3 3 0 2
-0.00030299421831515676 0 2 3 2 3 2 3 3 3 2
-5.299125411392368e-05 0 2 3 2 3 3 1 1 0 0
-3.141359209104628e-05 0 2 3 2 3 3 1 1 0 3
2.8294329568759243e-05 0 2 3 2 3 3 1 1 3 0
-5.299125411392368e-05 0 2 3 2 3 3 2 2 0 0
-3.141359209104628e-05 0 2 3 2 3 3 2 2 0 3
2.8294329568759243e-05 0 2 3 2 3 3 2 2 3 0
-12.410839165814881 0 2 3 3 1 0 1 0 0 2
0.02977759705983068 0 2 3 3 1 0 1 0 3 2
-0.0008264243783505459 0 2 3 3 1 0 1 1 1 2
2.376766358238691e-07 0 2 3 3 1 0 1 1 2 1
-3.301070978360641e-07 0 2 3 3 1 0 1 2 1 1
-0.0008265168088125581 0 2 3 3 1 0 1 2 2 2
0.02974453732215379 0 2 3 3 1 0 1 3 0 2
0.004707749310709346 0 2 3 3 1 0 1 3 3 2
12.410839165814881 0 2 3 3 1 0 2 0 0 1
-0.02977759705983068 0 2 3 3 1 0 2 0 3 1
0.0008265168088125581 0 2 3 3 1 0 2 1 1 1
3.301070978360641e-07 0 2 3 3 1 0 2 1 2 2
-2.3767663582386566e-07 0 2 3 3 1 0 2 2 1 2
0.0008264243783505459 0 2 3 3 1 0 2 2 2 1
-0.02974453732215379 0 2 3 3 1 0 2 3 0 1
-0.004707749310709346 0 2 3 3 1 0 2 3 3 1
6.014047992715903 0 2 3 3 1 1 0 0 2 0
-0.01306631762020987 0 2 3 3 1 1 0 0 2 3
-8.206239442550464 0 2 3 3 1 1 0 2 0 0
0.0167164779936596 0 2 3 3 1 1 0 2 0 3
-53.74921387281715 0 2 3 3 1 1 0 2 3 0
-8.76239849466558 0 2 3 3 1 1 0 2 3 3
-0.014329363652528744 0 2 3 3 1 1 0 3 2 0
-0.002282614747376905 0 2 3 3 1 1 0 3 2 3
-0.014666690067611031 0 2 3 3 1 1 3 0 2 0
-0.0017773315112152334 0 2 3 3 1 1 3 0 2 3
0.018915782594694685 0 2 3 3 1 1 3 2 0 0
0.0021695532414186267 0 2 3 3 1 1 3 2 0 3
-8.141084640203912 0 2 3 3 1 1 3 2 3 0
0.014271895269642417 0 2 3 3 1 1 3 2 3 3
-0.0021142333453631613 0 2 3 3 1 1 3 3 2 0
-6.014047992715903 0 2 3 3 1 2 0 0 1 0
0.01306631762020987 0 2 3 3 1 2 0 0 1 3
8.206239442550464 0 2 3 3 1 2 0 1 0 0
-0.0167164779936596 0 2 3 3 1 2 0 1 0 3
53.74921387281716 0 2 3 3 1 2 0 1 3 0
8.762398494665579 0 2 3 3 1 2 0 1 3 3
0.014329363652528744 0 2 3 3 1 2 0 3 1 0
0.002282614747376905 0 2 3 3 1 2 0 3 1 3
0.014666690067611031 0 2 3 3 1 2 3 0 1 0
0.0017773315112152334 0 2 3 3 1 2 3 0 1 3
-0.018915782594694685 0 2 3 3 1 2 3 1 0 0
-0.0021695532414186267 0 2 3 3 1 2 3 1 0 3
8.141084640203912 0 2 3 3 1 2 3 1 3 0
-0.014271895269642417 0 2 3 3 1 2 3 1 3 3
0.0021142333453631613 0 2 3 3 1 2 3 3 1 0
0.03187210905845699 0 2 3 3 1 3 1 0 0 2
0.004390663650108011 0 2 3 3 1 3 1 0 3 2
-0.0023738483829813936 0 2 3 3 1 3 1 1 1 2
-0.002373848382981393 0 2 3 3 1 3 1 2 2 2
0.004211219669986783 0 2 3 3 1 3 1 3 0 2
-0.03187210905845699 0 2 3 3 1 3 2 0 0 1
-0.004390663650108011 0 2 3 3 1 3 2 0 3 1
0.002373848382981393 0 2 3 3 1 3 2 1 1 1
0.0023738483829813936 0 2 3 3 1 3 2 2 2 1
-0.004211219669986783 0 2 3 3 1 3 2 3 0 1
0.0002916431611109105 0 2 3 3 2 0 1 0 0 1
8.224090043017147e-06 0 2 3 3 2 0 1 1 1 1
4.409325805407668e-06 0 2 3 3 2 0 1 1 2 2
3.666275064629604e-06 0 2 3 3 2 0 1 2 1 2
1.4848917297988142e-07 0 2 3 3 2 0 1 2 2 1
0.0002916431611109105 0 2 3 3 2 0 2 0 0 2
1.4848917297988142e-07 0 2 3 3 2 0 2 1 1 2
3.666275064629604e-06 0 2 3 3 2 0 2 1 2 1
4.409325805407668e-06 0 2 3 3 2 0 2 2 1 1
8.224090043017147e-06 0 2 3 3 2 0 2 2 2 2
3.658551059718281e-05 0 2 3 3 2 1 0 0 1 0
-4.940551638345052e-05 0 2 3 3 2 1 0 1 0 0
-0.00042284486696094636 0 2 3 3 2 1 0 1 3 0
-4.050936316940751e-05 0 2 3 3 2 1 0 1 3 3
-6.386483409980426e-05 0 2 3 3 2 1 3 1 3 0
3.658551059718281e-05 0 2 3 3 2 2 0 0 2 0
-4.940551638345052e-05 0 2 3 3 2 2 0 2 0 0
-0.00042284486696094636 0 2 3 3 2 2 0 2 3 0
-4.050936316940773e-05 0 2 3 3 2 2 0 2 3 3
-6.386483409980426e-05 0 2 3 3 2 2 3 2 3 0
1968998.753222664 0 3 0 0 0 0 0 0 0 0
267011.96526236046 0 3 0 0 0 0 0 0 0 3
244523.92948800453 0 3 0 0 0 0 0 0 3 0
-1086.2285552644785 0 3 0 0 0 0 0 0 3 3
2.630167885399938 0 3 0 0 0 0 0 1 1 0
-0.007490368236189087 0 3 0 0 0 0 0 1 1 3
2.630167885399938 0 3 0 0 0 0 0 2 2 0
-0.007490368236189087 0 3 0 0 0 0 0 2 2 3
244537.5279330642 0 3 0 0 0 0 0 3 0 0
-1084.5908414416915 0 3 0 0 0 0 0 3 0 3
-1148.1677449300164 0 3 0 0 0 0 0 3 3 0
-166.63297141881566 0 3 0 0 0 0 0 3 3 3
269855.32465648727 0 3 0 0 0 0 3 0 0 0
-1127.8302113158468 0 3 0 0 0 0 3 0 0 3
-1243.8785348418478 0 3 0 0 0 0 3 0 3 0
-161.59990303333967 0 3 0 0 0 0 3 0 3 3
-0.008302736292656768 0 3 0 0 0 0 3 1 1 0
-0.0009882745755802982 0 3 0 0 0 0 3 1 1 3
-0.008302736292656768 0 3 0 0 0 0 3 2 2 0
-0.0009882745755802982 0 3 0 0 0 0 3 2 2 3
-1242.219514408903 0 3 0 0 0 0 3 3 0 0
-161.60374912396145 0 3 0 0 0 0 3 3 0 3
-158.0386156207049 0 3 0 0 0 0 3 3 3 0
0.6020255361022223 0 3 0 0 0 0 3 3 3 3
1.5030889298905223 0 3 0 0 0 1 1 0 1 1
-27.714088523435755 0 3 0 0 0 1 1 0 2 2
0.0009007825392927745 0 3 0 0 0 1 1 1 0 1
-0.4274483482232512 0 3 0 0 0 1 1 1 3 1
-0.016615552454233507 0 3 0 0 0 1 1 2 0 2
7.881578375347052 0 3 0 0 0 1 1 2 3 2
0.3554404063585273 0 3 0 0 0 1 1 3 1 1
-6.553690996890822 0 3 0 0 0 1 1 3 2 2
0.00011339625477442203 0 3 0 0 0 1 2 0 1 2
29.2170640570715 0 3 0 0 0 1 2 0 2 1
-2.43689317473469e-05 0 3 0 0 0 1 2 1 3 2
0.017516334993526284 0 3 0 0 0 1 2 2 0 1
-8.309002354638556 0 3 0 0 0 1 2 2 3 1
1.9463257689539574e-05 0 3 0 0 0 1 2 3 1 2
6.9091119399916625 0 3 0 0 0 1 2 3 2 1
29.2170640570715 0 3 0 0 0 2 1 0 1 2
0.00011339625477442116 0 3 0 0 0 2 1 0 2 1
0.017516334993526284 0 3 0 0 0 2 1 1 0 2
-8.309002354638556 0 3 0 0 0 2 1 1 3 2
-2.4368931747347118e-05 0 3 0 0 0 2 1 2 3 1
6.9091119399916625 0 3 0 0 0 2 1 3 1 2
1.9463257689539574e-05 0 3 0 0 0 2 1 3 2 1
-27.714088523435755 0 3 0 0 0 2 2 0 1 1
1.5030889298905223 0 3 0 0 0 2 2 0 2 2
-0.016615552454233507 0 3 0 0 0 2 2 1 0 1
7.881578375347052 0 3 0 0 0 2 2 1 3 1
0.0009007825392927745 0 3 0 0 0 2 2 2 0 2
-0.4274483482232512 0 3 0 0 0 2 2 2 3 2
-6.553690996890823 0 3 0 0 0 2 2 3 1 1
0.3554404063585274 0 3 0 0 0 2 2 3 2 2
237221.59323915033 0 3 0 0 0 3 0 0 0 0
-1201.300655741129 0 3 0 0 0 3 0 0 0 3
-1208.267259829818 0 3 0 0 0 3 0 0 3 0
-163.3345474132261 0 3 0 0 0 3 0 0 3 3
4.915845965628121 0 3 0 0 0 3 0 1 1 0
-0.013030297052652164 0 3 0 0 0 3 0 1 1 3
4.91584596562812 0 3 0 0 0 3 0 2 2 0
-0.013030297052652164 0 3 0 0 0 3 0 2 2 3
-1184.2993798239334 0 3 0 0 0 3 0 3 0 0
-160.27497541989254 0 3 0 0 0 3 0 3 0 3
-145.8622730036661 0 3 0 0 0 3 0 3 3 0
0.6078369456799337 0 3 0 0 0 3 0 3 3 3
-1337.0719720359018 0 3 0 0 0 3 3 0 0 0
-162.35581060255166 0 3 0 0 0 3 3 0 0 3
-152.4972190678513 0 3 0 0 0 3 3 0 3 0
0.6299146718131472 0 3 0 0 0 3 3 0 3 3
-0.014559002751566687 0 3 0 0 0 3 3 1 1 0
-0.0016558384927986213 0 3 0 0 0 3 3 1 1 3
-0.014559002751566687 0 3 0 0 0 3 3 2 2 0
-0.0016558384927986213 0 3 0 0 0 3 3 2 2 3
-149.39735005107414 0 3 0 0 0 3 3 3 0 0
0.6238105689080207 0 3 0 0 0 3 3 3 0 3
0.6281782019668123 0 3 0 0 0 3 3 3 3 0
0.08395140204848485 0 3 0 0 0 3 3 3 3 3
208712.23215625962 0 3 0 0 3 0 0 0 0 0
-1015.6291490554216 0 3 0 0 3 0 0 0 0 3
-1034.2616335928337 0 3 0 0 3 0 0 0 3 0
-177.10361768689035 0 3 0 0 3 0 0 0 3 3
-0.006504345501931211 0 3 0 0 3 0 0 1 1 0
-0.0010054431117528131 0 3 0 0 3 0 0 1 1 3
-0.006504345501931211 0 3 0 0 3 0 0 2 2 0
-0.0010054431117528131 0 3 0 0 3 0 0 2 2 3
-1032.979662968456 0 3 0 0 3 0 0 3 0 0
-177.10718203948875 0 3 0 0 3 0 0 3 0 3
-162.71635017248747 0 3 0 0 3 0 0 3 3 0
0.5948492141416846 0 3 0 0 3 0 0 3 3 3
-1127.8302113158466 0 3 0 0 3 0 3 0 0 0
-183.6227114433349 0 3 0 0 3 0 3 0 0 3
-167.35670619359618 0 3 0 0 3 0 3 0 3 0
0.6172799994213918 0 3 0 0 3 0 3 0 3 3
-0.0009544903079785316 0 3 0 0 3 0 3 1 1 0
-0.0009544903079785316 0 3 0 0 3 0 3 2 2 0
-167.36059922554472 0 3 0 0 3 0 3 3 0 0
0.6167130594136064 0 3 0 0 3 0 3 3 0 3
0.6251047317499676 0 3 0 0 3 0 3 3 3 0
0.09595108560715826 0 3 0 0 3 0 3 3 3 3
-1482.964279569153 0 3 0 0 3 1 1 0 1 1
27336.15322617853 0 3 0 0 3 1 1 0 2 2
-0.4741913485118177 0 3 0 0 3 1 1 1 0 1
-2.8329048045376406 0 3 0 0 3 1 1 1 3 1
8.743138400077367 0 3 0 0 3 1 1 2 0 2
52.23329392354365 0 3 0 0 3 1 1 2 3 2
2.1996632568038033 0 3 0 0 3 1 1 3 1 1
-40.5560844421695 0 3 0 0 3 1 1 3 2 2
-0.15770072930739137 0 3 0 0 3 1 2 0 1 2
-28818.95980501841 0 3 0 0 3 1 2 0 2 1
-2.6433989434236117e-05 0 3 0 0 3 1 2 1 0 2
-0.00015776276838151657 0 3 0 0 3 1 2 1 3 2
-9.217303314599752 0 3 0 0 3 1 2 2 0 1
-55.06604096531293 0 3 0 0 3 1 2 2 3 1
0.00014281083757344652 0 3 0 0 3 1 2 3 1 2
42.75560488813573 0 3 0 0 3 1 2 3 2 1
-28818.95980501841 0 3 0 0 3 2 1 0 1 2
-0.15770072930739137 0 3 0 0 3 2 1 0 2 1
-9.217303314599752 0 3 0 0 3 2 1 1 0 2
-55.06604096531293 0 3 0 0 3 2 1 1 3 2
-2.6433989434236117e-05 0 3 0 0 3 2 1 2 0 1
-0.00015776276838151657 0 3 0 0 3 2 1 2 3 1
42.75560488813574 0 3 0 0 3 2 1 3 1 2
0.00014281083757344652 0 3 0 0 3 2 1 3 2 1
27336.153226178532 0 3 0 0 3 2 2 0 1 1
-1482.9642795691532 0 3 0 0 3 2 2 0 2 2
8.743138400077365 0 3 0 0 3 2 2 1 0 1
52.23329392354365 0 3 0 0 3 2 2 1 3 1
-0.47419134851181777 0 3 0 0 3 2 2 2 0 2
-2.83290480453764 0 3 0 0 3 2 2 2 3 2
-40.55608444216951 0 3 0 0 3 2 2 3 1 1
2.1996632568038037 0 3 0 0 3 2 2 3 2 2
-1118.61210875628 0 3 0 0 3 3 0 0 0 0
-178.2248572995763 0 3 0 0 3 3 0 0 0 3
-160.57136114501333 0 3 0 0 3 3 0 0 3 0
0.6279881735024011 0 3 0 0 3 3 0 0 3 3
-0.010263292000159602 0 3 0 0 3 3 0 1 1 0
-0.0016527466465774616 0 3 0 0 3 3 0 1 1 3
-0.010263292000159602 0 3 0 0 3 3 0 2 2 0
-0.0016527466465774616 0 3 0 0 3 3 0 2 2 3
-159.15248534556795 0 3 0 0 3 3 0 3 0 0
0.6221184632542693 0 3 0 0 3 3 0 3 0 3
0.6106908880406906 0 3 0 0 3 3 0 3 3 0
0.0948151930803924 0 3 0 0 3 3 0 3 3 3
-166.69863683167029 0 3 0 0 3 3 3 0 0 0
0.6576494427093025 0 3 0 0 3 3 3 0 0 3
0.6512782731568797 0 3 0 0 3 3 3 0 3 0
0.09532837432362161 0 3 0 0 3 3 3 0 3 3
-0.0015729435617182824 0 3 0 0 3 3 3 1 1 0
-0.0015729435617182824 0 3 0 0 3 3 3 2 2 0
0.6451693282428268 0 3 0 0 3 3 3 3 0 0
0.09435314453312668 0 3 0 0 3 3 3 3 0 3
0.08790738741248441 0 3 0 0 3 3 3 3 3 0
0.0020073850004340126 0 3 0 1 1 0 0 0 1 1
0.0020073850004340126 0 3 0 1 1 0 0 0 2 2
1.0596763615952988e-05 0 3 0 1 1 0 0 1 0 1
0.00021905699247482376 0 3 0 1 1 0 0 1 3 1
1.0596763615952981e-05 0 3 0 1 1 0 0 2 0 2
0.00021905699247482378 0 3 0 1 1 0 0 2 3 2
0.00027914325007842485 0 3 0 1 1 0 0 3 1 1
0.0002791432500784248 0 3 0 1 1 0 0 3 2 2
0.0003972965351635514 0 3 0 1 1 0 3 0 1 1
0.00039729653516355117 0 3 0 1 1 0 3 0 2 2
-1.359247964419061e-05 0 3 0 1 1 0 3 1 0 1
3.378426760176655e-05 0 3 0 1 1 0 3 1 3 1
-1.359247964419061e-05 0 3 0 1 1 0 3 2 0 2
3.378426760176655e-05 0 3 0 1 1 0 3 2 3 2
1.3414335167183584 0 3 0 1 1 1 1 0 0 0
0.6480991981869368 0 3 0 1 1 1 1 0 0 3
-910.6567780052293 0 3 0 1 1 1 1 0 3 0
0.9220674544538641 0 3 0 1 1 1 1 0 3 3
-4.746937726852083e-05 0 3 0 1 1 1 1 1 1 0
-1.9814063344812254e-06 0 3 0 1 1 1 1 1 1 3
1.5491216995261608e-05 0 3 0 1 1 1 1 2 2 0
3.79089935829441e-05 0 3 0 1 1 1 1 2 2 3
0.1936603944778227 0 3 0 1 1 1 1 3 0 0
-0.0007287255803378295 0 3 0 1 1 1 1 3 0 3
1.336507685869746 0 3 0 1 1 1 1 3 3 0
0.20241940260591773 0 3 0 1 1 1 1 3 3 3
-4.548963376413477e-05 0 3 0 1 1 1 2 1 2 0
9.501573009822093e-06 0 3 0 1 1 1 2 1 2 3
-1.7470960499647676e-05 0 3 0 1 1 1 2 2 1 0
-4.939197292724742e-05 0 3 0 1 1 1 2 2 1 3
-1.7470960499647676e-05 0 3 0 1 1 2 1 1 2 0
-4.9391972927247415e-05 0 3 0 1 1 2 1 1 2 3
-4.548963376413477e-05 0 3 0 1 1 2 1 2 1 0
9.501573009822094e-06 0 3 0 1 1 2 1 2 1 3
1.3414335167183584 0 3 0 1 1 2 2 0 0 0
0.6480991981869367 0 3 0 1 1 2 2 0 0 3
-910.6567780052293 0 3 0 1 1 2 2 0 3 0
0.9220674544538641 0 3 0 1 1 2 2 0 3 3
1.5491216995261608e-05 0 3 0 1 1 2 2 1 1 0
3.790899358294408e-05 0 3 0 1 1 2 2 1 1 3
-4.746937726852083e-05 0 3 0 1 1 2 2 2 2 0
-1.9814063344812237e-06 0 3 0 1 1 2 2 2 2 3
0.1936603944778227 0 3 0 1 1 2 2 3 0 0
-0.0007287255803378295 0 3 0 1 1 2 2 3 0 3
1.3365076858697462 0 3 0 1 1 2 2 3 3 0
0.20241940260591773 0 3 0 1 1 2 2 3 3 3
0.0002625227696823971 0 3 0 1 1 3 0 0 1 1
0.000262522769682397 0 3 0 1 1 3 0 0 2 2
0.01892874890152122 0 3 0 1 1 3 0 1 0 1
0.0003807095668623204 0 3 0 1 1 3 0 1 3 1
0.01892874890152122 0 3 0 1 1 3 0 2 0 2
0.0003807095668623204 0 3 0 1 1 3 0 2 3 2
7.6053415071942795e-06 0 3 0 1 1 3 3 1 0 1
8.112781207533025e-05 0 3 0 1 1 3 3 1 3 1
7.6053415071942795e-06 0 3 0 1 1 3 3 2 0 2
8.112781207533025e-05 0 3 0 1 1 3 3 2 3 2
33.99008468264615 0 3 0 1 2 0 0 0 1 2
-33.99008468264614 0 3 0 1 2 0 0 0 2 1
-0.00044055858390791303 0 3 0 1 2 0 0 1 0 2
-5.642103011576796e-05 0 3 0 1 2 0 0 1 3 2
0.00044055858390791303 0 3 0 1 2 0 0 2 0 1
5.642103011576796e-05 0 3 0 1 2 0 0 2 3 1
4.247018243590378 0 3 0 1 2 0 0 3 1 2
-4.247018243590377 0 3 0 1 2 0 0 3 2 1
5.756405863721269 0 3 0 1 2 0 3 0 1 2
-5.756405863721269 0 3 0 1 2 0 3 0 2 1
-7.600094015572063e-05 0 3 0 1 2 0 3 1 0 2
7.600094015572063e-05 0 3 0 1 2 0 3 2 0 1
-0.011530747406338413 0 3 0 1 2 0 3 3 1 2
0.011530747406338413 0 3 0 1 2 0 3 3 2 1
0.010541322270178035 0 3 0 1 2 1 1 1 2 0
0.03310073900809915 0 3 0 1 2 1 1 1 2 3
-0.011525639612902967 0 3 0 1 2 1 1 2 1 0
0.6106167462770705 0 3 0 1 2 1 1 2 1 3
-0.0007213702791145073 0 3 0 1 2 1 2 0 0 0
-6.66643088183673e-05 0 3 0 1 2 1 2 0 0 3
0.9437609871820609 0 3 0 1 2 1 2 0 3 0
-0.0006213011445565449 0 3 0 1 2 1 2 0 3 3
4.293016012800769e-05 0 3 0 1 2 1 2 1 1 0
-5.695059207226103e-07 0 3 0 1 2 1 2 1 1 3
-0.0009413871825969288 0 3 0 1 2 1 2 2 2 0
0.6437169157792489 0 3 0 1 2 1 2 2 2 3
-0.00010252237075635302 0 3 0 1 2 1 2 3 0 0
-0.0007000364328832599 0 3 0 1 2 1 2 3 3 0
-8.914571542710975e-05 0 3 0 1 2 1 2 3 3 3
0.0007213702791145073 0 3 0 1 2 2 1 0 0 0
6.666430881836728e-05 0 3 0 1 2 2 1 0 0 3
-0.9437609871820611 0 3 0 1 2 2 1 0 3 0
0.0006213011445565449 0 3 0 1 2 2 1 0 3 3
0.0009413871825969288 0 3 0 1 2 2 1 1 1 0
-0.643716915779249 0 3 0 1 2 2 1 1 1 3
-4.293016012800769e-05 0 3 0 1 2 2 1 2 2 0
5.695059207226136e-07 0 3 0 1 2 2 1 2 2 3
0.00010252237075635302 0 3 0 1 2 2 1 3 0 0
0.0007000364328832599 0 3 0 1 2 2 1 3 3 0
8.914571542710975e-05 0 3 0 1 2 2 1 3 3 3
0.011525639612902967 0 3 0 1 2 2 2 1 2 0
-0.6106167462770705 0 3 0 1 2 2 2 1 2 3
-0.010541322270178033 0 3 0 1 2 2 2 2 1 0
-0.03310073900809914 0 3 0 1 2 2 2 2 1 3
4.113050363638964 0 3 0 1 2 3 0 0 1 2
-4.113050363638964 0 3 0 1 2 3 0 0 2 1
-3.731875087991666e-05 0 3 0 1 2 3 0 1 0 2
3.731875087991665e-05 0 3 0 1 2 3 0 2 0 1
-0.010237507282560563 0 3 0 1 2 3 0 3 1 2
0.010237507282560563 0 3 0 1 2 3 0 3 2 1
-0.012571896274955129 0 3 0 1 2 3 3 0 1 2
0.012571896274955129 0 3 0 1 2 3 3 0 2 1
-0.001387555947567406 0 3 0 1 2 3 3 3 1 2
0.001387555947567406 0 3 0 1 2 3 3 3 2 1
-33.99008468264614 0 3 0 2 1 0 0 0 1 2
33.99008468264615 0 3 0 2 1 0 0 0 2 1
0.000440558583907913 0 3 0 2 1 0 0 1 0 2
5.642103011576796e-05 0 3 0 2 1 0 0 1 3 2
-0.000440558583907913 0 3 0 2 1 0 0 2 0 1
-5.642103011576796e-05 0 3 0 2 1 0 0 2 3 1
-4.247018243590377 0 3 0 2 1 0 0 3 1 2
4.247018243590378 0 3 0 2 1 0 0 3 2 1
-5.756405863721269 0 3 0 2 1 0 3 0 1 2
5.75640586372127 0 3 0 2 1 0 3 0 2 1
7.600094015572063e-05 0 3 0 2 1 0 3 1 0 2
-7.600094015572063e-05 0 3 0 2 1 0 3 2 0 1
0.011530747406338413 0 3 0 2 1 0 3 3 1 2
-0.011530747406338413 0 3 0 2 1 0 3 3 2 1
-0.010541322270178035 0 3 0 2 1 1 1 1 2 0
-0.03310073900809915 0 3 0 2 1 1 1 1 2 3
0.011525639612902967 0 3 0 2 1 1 1 2 1 0
-0.6106167462770705 0 3 0 2 1 1 1 2 1 3
0.0007213702791145073 0 3 0 2 1 1 2 0 0 0
6.666430881836728e-05 0 3 0 2 1 1 2 0 0 3
-0.9437609871820608 0 3 0 2 1 1 2 0 3 0
0.0006213011445565449 0 3 0 2 1 1 2 0 3 3
-4.293016012800769e-05 0 3 0 2 1 1 2 1 1 0
5.695059207226103e-07 0 3 0 2 1 1 2 1 1 3
0.0009413871825969288 0 3 0 2 1 1 2 2 2 0
-0.6437169157792489 0 3 0 2 1 1 2 2 2 3
0.00010252237075635302 0 3 0 2 1 1 2 3 0 0
0.0007000364328832601 0 3 0 2 1 1 2 3 3 0
8.914571542710975e-05 0 3 0 2 1 1 2 3 3 3
-0.0007213702791145073 0 3 0 2 1 2 1 0 0 0
-6.666430881836728e-05 0 3 0 2 1 2 1 0 0 3
0.943760987182061 0 3 0 2 1 2 1 0 3 0
-0.0006213011445565449 0 3 0 2 1 2 1 0 3 3
-0.0009413871825969288 0 3 0 2 1 2 1 1 1 0
0.643716915779249 0 3 0 2 1 2 1 1 1 3
4.293016012800769e-05 0 3 0 2 1 2 1 2 2 0
-5.695059207226136e-07 0 3 0 2 1 2 1 2 2 3
-0.00010252237075635302 0 3 0 2 1 2 1 3 0 0
-0.0007000364328832599 0 3 0 2 1 2 1 3 3 0
-8.914571542710975e-05 0 3 0 2 1 2 1 3 3 3
-0.011525639612902967 0 3 0 2 1 2 2 1 2 0
0.6106167462770704 0 3 0 2 1 2 2 1 2 3
0.010541322270178033 0 3 0 2 1 2 2 2 1 0
0.03310073900809915 0 3 0 2 1 2 2 2 1 3
-4.113050363638964 0 3 0 2 1 3 0 0 1 2
4.113050363638964 0 3 0 2 1 3 0 0 2 1
3.731875087991666e-05 0 3 0 2 1 3 0 1 0 2
-3.731875087991666e-05 0 3 0 2 1 3 0 2 0 1
0.010237507282560563 0 3 0 2 1 3 0 3 1 2
-0.010237507282560563 0 3 0 2 1 3 0 3 2 1
0.012571896274955129 0 3 0 2 1 3 3 0 1 2
-0.012571896274955129 0 3 0 2 1 3 3 0 2 1
0.001387555947567406 0 3 0 2 1 3 3 3 1 2
-0.001387555947567406 0 3 0 2 1 3 3 3 2 1
0.0020073850004340126 0 3 0 2 2 0 0 0 1 1
0.0020073850004340126 0 3 0 2 2 0 0 0 2 2
1.0596763615952988e-05 0 3 0 2 2 0 0 1 0 1
0.00021905699247482376 0 3 0 2 2 0 0 1 3 1
1.0596763615952981e-05 0 3 0 2 2 0 0 2 0 2
0.00021905699247482376 0 3 0 2 2 0 0 2 3 2
0.0002791432500784248 0 3 0 2 2 0 0 3 1 1
0.0002791432500784248 0 3 0 2 2 0 0 3 2 2
0.00039729653516355117 0 3 0 2 2 0 3 0 1 1
0.0003972965351635516 0 3 0 2 2 0 3 0 2 2
-1.359247964419061e-05 0 3 0 2 2 0 3 1 0 1
3.378426760176655e-05 0 3 0 2 2 0 3 1 3 1
-1.359247964419061e-05 0 3 0 2 2 0 3 2 0 2
3.378426760176655e-05 0 3 0 2 2 0 3 2 3 2
1.3414335167183586 0 3 0 2 2 1 1 0 0 0
0.6480991981869368 0 3 0 2 2 1 1 0 0 3
-910.6567780052293 0 3 0 2 2 1 1 0 3 0
0.9220674544538641 0 3 0 2 2 1 1 0 3 3
-4.746937726852083e-05 0 3 0 2 2 1 1 1 1 0
-1.9814063344812287e-06 0 3 0 2 2 1 1 1 1 3
1.5491216995261608e-05 0 3 0 2 2 1 1 2 2 0
3.79089935829441e-05 0 3 0 2 2 1 1 2 2 3
0.1936603944778227 0 3 0 2 2 1 1 3 0 0
-0.0007287255803378295 0 3 0 2 2 1 1 3 0 3
1.336507685869746 0 3 0 2 2 1 1 3 3 0
0.20241940260591773 0 3 0 2 2 1 1 3 3 3
-4.5489633764134764e-05 0 3 0 2 2 1 2 1 2 0
9.501573009822096e-06 0 3 0 2 2 1 2 1 2 3
-1.7470960499647652e-05 0 3 0 2 2 1 2 2 1 0
-4.939197292724741e-05 0 3 0 2 2 1 2 2 1 3
-1.747096049964768e-05 0 3 0 2 2 2 1 1 2 0
-4.939197292724741e-05 0 3 0 2 2 2 1 1 2 3
-4.5489633764134764e-05 0 3 0 2 2 2 1 2 1 0
9.501573009822093e-06 0 3 0 2 2 2 1 2 1 3
1.3414335167183584 0 3 0 2 2 2 2 0 0 0
0.6480991981869367 0 3 0 2 2 2 2 0 0 3
-910.6567780052292 0 3 0 2 2 2 2 0 3 0
0.9220674544538641 0 3 0 2 2 2 2 0 3 3
1.5491216995261608e-05 0 3 0 2 2 2 2 1 1 0
3.790899358294411e-05 0 3 0 2 2 2 2 1 1 3
-4.746937726852083e-05 0 3 0 2 2 2 2 2 2 0
-1.981406334481227e-06 0 3 0 2 2 2 2 2 2 3
0.1936603944778227 0 3 0 2 2 2 2 3 0 0
-0.0007287255803378295 0 3 0 2 2 2 2 3 0 3
1.3365076858697462 0 3 0 2 2 2 2 3 3 0
0.20241940260591773 0 3 0 2 2 2 2 3 3 3
0.0002625227696823971 0 3 0 2 2 3 0 0 1 1
0.0002625227696823971 0 3 0 2 2 3 0 0 2 2
0.018928748901521218 0 3 0 2 2 3 0 1 0 1
0.0003807095668623204 0 3 0 2 2 3 0 1 3 1
0.018928748901521218 0 3 0 2 2 3 0 2 0 2
0.0003807095668623204 0 3 0 2 2 3 0 2 3 2
7.6053415071942795e-06 0 3 0 2 2 3 3 1 0 1
8.112781207533025e-05 0 3 0 2 2 3 3 1 3 1
7.6053415071942795e-06 0 3 0 2 2 3 3 2 0 2
8.112781207533025e-05 0 3 0 2 2 3 3 2 3 2
224174.9376186816 0 3 0 3 0 0 0 0 0 0
-1099.5974294304306 0 3 0 3 0 0 0 0 0 3
-1186.5998909973755 0 3 0 3 0 0 0 0 3 0
-175.46066768284552 0 3 0 3 0 0 0 0 3 3
25.95434085948683 0 3 0 3 0 0 0 1 1 0
3.125782587688784 0 3 0 3 0 0 0 1 1 3
25.954340859486834 0 3 0 3 0 0 0 2 2 0
3.1257825876887844 0 3 0 3 0 0 0 2 2 3
-1140.6027148656447 0 3 0 3 0 0 0 3 0 0
-169.3910460583477 0 3 0 3 0 0 0 3 0 3
-164.0329718733057 0 3 0 3 0 0 0 3 3 0
0.6201306318621239 0 3 0 3 0 0 0 3 3 3
-1243.878534841848 0 3 0 3 0 0 3 0 0 0
-167.35670619359615 0 3 0 3 0 0 3 0 0 3
-168.38411539654027 0 3 0 3 0 0 3 0 3 0
0.6338453968153035 0 3 0 3 0 0 3 0 3 3
3.1664489300690914 0 3 0 3 0 0 3 1 1 0
-0.0073407471614498395 0 3 0 3 0 0 3 1 1 3
3.1664489300690914 0 3 0 3 0 0 3 2 2 0
-0.0073407471614498395 0 3 0 3 0 0 3 2 2 3
-161.48878337687864 0 3 0 3 0 0 3 3 0 0
0.6201467233346419 0 3 0 3 0 0 3 3 0 3
0.654566781664748 0 3 0 3 0 0 3 3 3 0
0.09190251264489495 0 3 0 3 0 0 3 3 3 3
0.29851305375556364 0 3 0 3 0 1 1 0 1 1
-6.114316754389045 0 3 0 3 0 1 1 0 2 2
-0.460548769326997 0 3 0 3 0 1 1 1 0 1
-1.9475719261694047 0 3 0 3 0 1 1 1 3 1
8.4917028823194 0 3 0 3 0 1 1 2 0 2
35.90950588103152 0 3 0 3 0 1 1 2 3 2
-0.0006552869170779669 0 3 0 3 0 1 1 3 1 1
0.012532560244635962 0 3 0 3 0 1 1 3 2 2
1.3245637196507776e-05 0 3 0 3 0 1 2 0 1 2
6.412816562507418 0 3 0 3 0 1 2 0 2 1
-2.521879678184409e-05 0 3 0 3 0 1 2 1 0 2
-0.0001469290059554233 0 3 0 3 0 1 2 1 3 2
-8.952226432849614 0 3 0 3 0 1 2 2 0 1
-37.85693087819497 0 3 0 3 0 1 2 2 3 1
-0.01318784716171393 0 3 0 3 0 1 2 3 2 1
6.412816562507418 0 3 0 3 0 2 1 0 1 2
1.324563719650756e-05 0 3 0 3 0 2 1 0 2 1
-8.952226432849614 0 3 0 3 0 2 1 1 0 2
-37.856930878194966 0 3 0 3 0 2 1 1 3 2
-2.521879678184409e-05 0 3 0 3 0 2 1 2 0 1
-0.0001469290059554233 0 3 0 3 0 2 1 2 3 1
-0.01318784716171393 0 3 0 3 0 2 1 3 1 2
-6.114316754389045 0 3 0 3 0 2 2 0 1 1
0.29851305375556364 0 3 0 3 0 2 2 0 2 2
8.491702882319398 0 3 0 3 0 2 2 1 0 1
35.909505881031514 0 3 0 3 0 2 2 1 3 1
-0.460548769326997 0 3 0 3 0 2 2 2 0 2
-1.9475719261694049 0 3 0 3 0 2 2 2 3 2
0.012532560244635962 0 3 0 3 0 2 2 3 1 1
-0.0006552869170779669 0 3 0 3 0 2 2 3 2 2
-1235.4525760106621 0 3 0 3 0 3 0 0 0 0
-171.62685410610652 0 3 0 3 0 3 0 0 0 3
-160.89185404873916 0 3 0 3 0 3 0 0 3 0
0.6537481667180841 0 3 0 3 0 3 0 0 3 3
45.745710235695505 0 3 0 3 0 3 0 1 1 0
5.839577543692689 0 3 0 3 0 3 0 1 1 3
45.7457102356955 0 3 0 3 0 3 0 2 2 0
5.839577543692688 0 3 0 3 0 3 0 2 2 3
-152.89839823271836 0 3 0 3 0 3 0 3 0 0
0.633285404262306 0 3 0 3 0 3 0 3 0 3
0.6380770858054888 0 3 0 3 0 3 0 3 3 0
0.0917109796597717 0 3 0 3 0 3 0 3 3 3
-161.74272519381856 0 3 0 3 0 3 3 0 0 0
0.66003465087567 0 3 0 3 0 3 3 0 0 3
0.6804788448818309 0 3 0 3 0 3 3 0 3 0
0.09169677889656162 0 3 0 3 0 3 3 0 3 3
5.916489475718434 0 3 0 3 0 3 3 1 1 0
-0.011650447293554437 0 3 0 3 0 3 3 1 1 3
5.916489475718434 0 3 0 3 0 3 3 2 2 0
-0.011650447293554437 0 3 0 3 0 3 3 2 2 3
0.6569681949865009 0 3 0 3 0 3 3 3 0 0
0.08888240068732617 0 3 0 3 0 3 3 3 0 3
0.08556674267573669 0 3 0 3 0 3 3 3 3 0
-979.6463236234923 0 3 0 3 3 0 0 0 0 0
-170.6356501155582 0 3 0 3 3 0 0 0 0 3
-160.7199643442596 0 3 0 3 3 0 0 0 3 0
0.6039944690643575 0 3 0 3 3 0 0 0 3 3
2.4468019991359475 0 3 0 3 3 0 0 1 1 0
-0.006803014747383893 0 3 0 3 3 0 0 1 1 3
2.4468019991359475 0 3 0 3 3 0 0 2 2 0
-0.006803014747383893 0 3 0 3 3 0 0 2 2 3
-155.96924504714653 0 3 0 3 3 0 0 3 0 0
0.5913570119125203 0 3 0 3 3 0 0 3 0 3
0.6008085791424143 0 3 0 3 3 0 0 3 3 0
0.09975522010236142 0 3 0 3 3 0 0 3 3 3
-161.59990303333976 0 3 0 3 3 0 3 0 0 0
0.6172799994213918 0 3 0 3 3 0 3 0 0 3
0.6338453968153036 0 3 0 3 3 0 3 0 3 0
0.09942466852648221 0 3 0 3 3 0 3 0 3 3
-0.007430340581249752 0 3 0 3 3 0 3 1 1 0
-0.0010820762333095836 0 3 0 3 3 0 3 1 1 3
-0.007430340581249752 0 3 0 3 3 0 3 2 2 0
-0.0010820762333095836 0 3 0 3 3 0 3 2 2 3
0.6201644241697103 0 3 0 3 3 0 3 3 0 0
0.09710894658026625 0 3 0 3 3 0 3 3 0 3
0.09354144244485156 0 3 0 3 3 0 3 3 3 0
2.1865095562142733 0 3 0 3 3 1 1 0 1 1
-40.313253863393726 0 3 0 3 3 1 1 0 2 2
-2.85013236461629 0 3 0 3 3 1 1 1 0 1
1921.49615433019 0 3 0 3 3 1 1 1 3 1
52.549047447696836 0 3 0 3 3 1 1 2 0 2
-35419.810188242285 0 3 0 3 3 1 1 2 3 2
0.33242074563758855 0 3 0 3 3 1 1 3 1 1
-6.129130127751902 0 3 0 3 3 1 1 3 2 2
0.00020502896123219465 0 3 0 3 3 1 2 0 1 2
42.49955839064677 0 3 0 3 3 1 2 0 2 1
-0.00018504186444314157 0 3 0 3 3 1 2 1 0 2
0.20433489132136246 0 3 0 3 3 1 2 1 3 2
-55.398994770448695 0 3 0 3 3 1 2 2 0 1
37341.10200768109 0 3 0 3 3 1 2 2 3 1
1.6192740327376277e-05 0 3 0 3 3 1 2 3 1 2
6.461534680649161 0 3 0 3 3 1 2 3 2 1
42.499558390646776 0 3 0 3 3 2 1 0 1 2
0.00020502896123219465 0 3 0 3 3 2 1 0 2 1
-55.398994770448695 0 3 0 3 3 2 1 1 0 2
37341.10200768109 0 3 0 3 3 2 1 1 3 2
-0.00018504186444314157 0 3 0 3 3 2 1 2 0 1
0.20433489132136246 0 3 0 3 3 2 1 2 3 1
6.461534680649161 0 3 0 3 3 2 1 3 1 2
1.6192740327376277e-05 0 3 0 3 3 2 1 3 2 1
-40.31325386339373 0 3 0 3 3 2 2 0 1 1
2.1865095562142742 0 3 0 3 3 2 2 0 2 2
52.54904744769683 0 3 0 3 3 2 2 1 0 1
-35419.810188242285 0 3 0 3 3 2 2 1 3 1
-2.85013236461629 0 3 0 3 3 2 2 2 0 2
1921.49615433019 0 3 0 3 3 2 2 2 3 2
-6.129130127751902 0 3 0 3 3 2 2 3 1 1
0.33242074563758855 0 3 0 3 3 2 2 3 2 2
-156.97669097465965 0 3 0 3 3 3 0 0 0 0
0.6333336769813144 0 3 0 3 3 3 0 0 0 3
0.6307826119123678 0 3 0 3 3 3 0 0 3 0
0.09994713674519243 0 3 0 3 3 3 0 0 3 3
2.708102726062487 0 3 0 3 3 3 0 1 1 0
-0.011203079459368123 0 3 0 3 3 3 0 1 1 3
2.708102726062487 0 3 0 3 3 3 0 2 2 0
-0.011203079459368123 0 3 0 3 3 3 0 2 2 3
0.6127054992604168 0 3 0 3 3 3 0 3 0 0
0.0969730457867619 0 3 0 3 3 3 0 3 0 3
0.090601964460956 0 3 0 3 3 3 0 3 3 0
0.6562544596694924 0 3 0 3 3 3 3 0 0 0
0.09834735611798558 0 3 0 3 3 3 3 0 0 3
0.0930288984412998 0 3 0 3 3 3 3 0 3 0
-0.01165968887592409 0 3 0 3 3 3 3 1 1 0
-0.0018613485797762163 0 3 0 3 3 3 3 1 1 3
-0.01165968887592409 0 3 0 3 3 3 3 2 2 0
-0.0018613485797762163 0 3 0 3 3 3 3 2 2 3
0.09020174137402293 0 3 0 3 3 3 3 3 0 0
0.0022382100378039328 0 3 1 0 1 0 0 1 0 1
0.0003087043274484295 0 3 1 0 1 0 0 1 3 1
0.0022382100378039336 0 3 1 0 1 0 0 2 0 2
0.0003087043274484295 0 3 1 0 1 0 0 2 3 2
-5.1681597212524234e-05 0 3 1 0 1 0 0 3 1 1
-5.1681597212524234e-05 0 3 1 0 1 0 0 3 2 2
0.00043711625606418915 0 3 1 0 1 0 3 1 0 1
0.00043711625606418915 0 3 1 0 1 0 3 2 0 2
0.0005978902089136776 0 3 1 0 1 1 1 0 0 0
0.00016754490982723275 0 3 1 0 1 1 1 0 0 3
-0.2642653875887529 0 3 1 0 1 1 1 0 3 0
0.0009644947023274198 0 3 1 0 1 1 1 0 3 3
-0.0136997120919548 0 3 1 0 1 1 1 1 1 0
-0.02553796272140266 0 3 1 0 1 1 1 1 1 3
-0.014459384421109342 0 3 1 0 1 1 1 2 2 0
0.4712676304934098 0 3 1 0 1 1 1 2 2 3
-0.29108319166797286 0 3 1 0 1 1 1 3 0 0
0.0005554565558744324 0 3 1 0 1 1 1 3 0 3
-1.7495679502435912 0 3 1 0 1 1 1 3 3 0
-0.2825838847721924 0 3 1 0 1 1 1 3 3 3
0.0007265398694082406 0 3 1 0 1 1 2 1 2 0
-0.496805153683911 0 3 1 0 1 1 2 1 2 3
3.3132459746302234e-05 0 3 1 0 1 1 2 2 1 0
-4.395309017566833e-07 0 3 1 0 1 1 2 2 1 3
3.3132459746302206e-05 0 3 1 0 1 2 1 1 2 0
-4.395309017566833e-07 0 3 1 0 1 2 1 1 2 3
0.0007265398694082406 0 3 1 0 1 2 1 2 1 0
-0.4968051536839109 0 3 1 0 1 2 1 2 1 3
0.0005978902089136776 0 3 1 0 1 2 2 0 0 0
0.00016754490982723275 0 3 1 0 1 2 2 0 0 3
-0.2642653875887529 0 3 1 0 1 2 2 0 3 0
0.0009644947023274197 0 3 1 0 1 2 2 0 3 3
-0.014459384421109344 0 3 1 0 1 2 2 1 1 0
0.47126763049340975 0 3 1 0 1 2 2 1 1 3
-0.013699712091954799 0 3 1 0 1 2 2 2 2 0
-0.02553796272140266 0 3 1 0 1 2 2 2 2 3
-0.29108319166797286 0 3 1 0 1 2 2 3 0 0
0.0005554565558744324 0 3 1 0 1 2 2 3 0 3
-1.7495679502435912 0 3 1 0 1 2 2 3 3 0
-0.2825838847721924 0 3 1 0 1 2 2 3 3 3
0.00028207545207493024 0 3 1 0 1 3 0 1 0 1
0.00028207545207493013 0 3 1 0 1 3 0 2 0 2
4.784338969831414e-05 0 3 1 0 2 0 0 0 1 2
-4.784338969831414e-05 0 3 1 0 2 0 0 0 2 1
33.99007913060738 0 3 1 0 2 0 0 1 0 2
4.246903471479879 0 3 1 0 2 0 0 1 3 2
-33.99007913060738 0 3 1 0 2 0 0 2 0 1
-4.246903471479878 0 3 1 0 2 0 0 2 3 1
0.00021562839404601795 0 3 1 0 2 0 0 3 1 2
-0.00021562839404601795 0 3 1 0 2 0 0 3 2 1
5.7564129853272 0 3 1 0 2 0 3 1 0 2
-0.011548448241406753 0 3 1 0 2 0 3 1 3 2
-5.756412985327201 0 3 1 0 2 0 3 2 0 1
0.011548448241406753 0 3 1 0 2 0 3 2 3 1
3.378426760176653e-05 0 3 1 0 2 0 3 3 1 2
-3.378426760176653e-05 0 3 1 0 2 0 3 3 2 1
1.1955746775374465e-05 0 3 1 0 2 1 1 1 2 0
2.9257244793976418e-05 0 3 1 0 2 1 1 1 2 3
3.663571779936636e-05 0 3 1 0 2 1 1 2 1 0
1.529201508275708e-06 0 3 1 0 2 1 1 2 1 3
0.00014064814993510128 0 3 1 0 2 1 2 0 3 0
-3.518136370347805e-05 0 3 1 0 2 1 2 1 1 0
1.3154383387318674e-05 0 3 1 0 2 1 2 1 1 3
1.3410100871262739e-05 0 3 1 0 2 1 2 2 2 0
4.39408296895708e-05 0 3 1 0 2 1 2 2 2 3
0.00015294975040840638 0 3 1 0 2 1 2 3 0 0
0.0009075754043179923 0 3 1 0 2 1 2 3 3 0
0.0001442658816793745 0 3 1 0 2 1 2 3 3 3
-0.00014064814993510128 0 3 1 0 2 2 1 0 3 0
-1.3410100871262739e-05 0 3 1 0 2 2 1 1 1 0
-4.39408296895708e-05 0 3 1 0 2 2 1 1 1 3
3.518136370347802e-05 0 3 1 0 2 2 1 2 2 0
-1.315438338731867e-05 0 3 1 0 2 2 1 2 2 3
-0.00015294975040840638 0 3 1 0 2 2 1 3 0 0
-0.0009075754043179923 0 3 1 0 2 2 1 3 3 0
-0.0001442658816793745 0 3 1 0 2 2 1 3 3 3
-3.663571779936636e-05 0 3 1 0 2 2 2 1 2 0
-1.5292015082757078e-06 0 3 1 0 2 2 2 1 2 3
-1.1955746775374465e-05 0 3 1 0 2 2 2 2 1 0
-2.925724479397641e-05 0 3 1 0 2 2 2 2 1 3
1.8891082411048376e-05 0 3 1 0 2 3 0 0 1 2
-1.8891082411048376e-05 0 3 1 0 2 3 0 0 2 1
4.103132887661534 0 3 1 0 2 3 0 1 0 2
-0.0104369751926364 0 3 1 0 2 3 0 1 3 2
-4.103132887661535 0 3 1 0 2 3 0 2 0 1
0.0104369751926364 0 3 1 0 2 3 0 2 3 1
-0.00016166270427798023 0 3 1 0 2 3 0 3 1 2
0.00016166270427798023 0 3 1 0 2 3 0 3 2 1
-0.012575880996401351 0 3 1 0 2 3 3 1 0 2
-0.0014300618274617851 0 3 1 0 2 3 3 1 3 2
0.012575880996401351 0 3 1 0 2 3 3 2 0 1
0.0014300618274617851 0 3 1 0 2 3 3 2 3 1
-2.855489760556228e-05 0 3 1 0 2 3 3 3 1 2
2.855489760556228e-05 0 3 1 0 2 3 3 3 2 1
2.8675649570091366 0 3 1 1 0 0 0 0 0 0
-0.007455960911933394 0 3 1 1 0 0 0 0 0 3
-0.007496721294490691 0 3 1 1 0 0 0 0 3 0
-0.0009475523274026014 0 3 1 1 0 0 0 0 3 3
0.0017072349191747365 0 3 1 1 0 0 0 1 1 0
0.00022994063053378646 0 3 1 1 0 0 0 1 1 3
0.001707234919174737 0 3 1 1 0 0 0 2 2 0
0.00022994063053378652 0 3 1 1 0 0 0 2 2 3
25.59345734084346 0 3 1 1 0 0 0 3 0 0
3.125460069192822 0 3 1 1 0 0 0 3 0 3
2.867705216564825 0 3 1 1 0 0 0 3 3 0
-0.007434467085997222 0 3 1 1 0 0 0 3 3 3
-0.008324568590102216 0 3 1 1 0 0 3 0 0 0
-0.0009544903079785315 0 3 1 1 0 0 3 0 0 3
-0.0008946575212728939 0 3 1 1 0 0 3 0 3 0
0.00028502039662537396 0 3 1 1 0 0 3 1 1 0
0.00028502039662537396 0 3 1 1 0 0 3 2 2 0
3.1664489300690897 0 3 1 1 0 0 3 3 0 0
-0.0074303405812497485 0 3 1 1 0 0 3 3 0 3
-0.008302736292656767 0 3 1 1 0 0 3 3 3 0
-0.0009544903079785309 0 3 1 1 0 0 3 3 3 3
2.812422067650624e-05 0 3 1 1 0 1 1 0 1 1
-0.0002266840360192396 0 3 1 1 0 1 1 0 2 2
1.4752937144467817e-06 0 3 1 1 0 1 1 1 3 1
-3.3547139159262576e-06 0 3 1 1 0 1 1 2 3 2
-0.020316905294607356 0 3 1 1 0 1 1 3 1 1
-0.020843094599735445 0 3 1 1 0 1 1 3 2 2
0.00025480825669574575 0 3 1 1 0 1 2 0 2 1
1.0586343486861011e-05 0 3 1 1 0 1 2 1 3 2
-5.756335856487967e-06 0 3 1 1 0 1 2 2 3 1
-2.2829127206247463e-06 0 3 1 1 0 1 2 3 1 2
0.0005284722178487167 0 3 1 1 0 1 2 3 2 1
0.00025480825669574575 0 3 1 1 0 2 1 0 1 2
-5.756335856487967e-06 0 3 1 1 0 2 1 1 3 2
1.0586343486861011e-05 0 3 1 1 0 2 1 2 3 1
0.0005284722178487167 0 3 1 1 0 2 1 3 1 2
-2.2829127206247463e-06 0 3 1 1 0 2 1 3 2 1
-0.0002266840360192396 0 3 1 1 0 2 2 0 1 1
2.812422067650624e-05 0 3 1 1 0 2 2 0 2 2
-3.3547139159262576e-06 0 3 1 1 0 2 2 1 3 1
1.4752937144467817e-06 0 3 1 1 0 2 2 2 3 2
-0.020843094599735445 0 3 1 1 0 2 2 3 1 1
-0.020316905294607356 0 3 1 1 0 2 2 3 2 2
-2.499142505886029 0 3 1 1 0 3 0 0 0 0
0.004555077012366146 0 3 1 1 0 3 0 0 0 3
0.005480618735710884 0 3 1 1 0 3 0 0 3 0
0.0009181460640445079 0 3 1 1 0 3 0 0 3 3
0.00021358172825728847 0 3 1 1 0 3 0 1 1 0
0.00021358172825728847 0 3 1 1 0 3 0 2 2 0
-17.156931598043943 0 3 1 1 0 3 0 3 0 0
-2.7234840584847473 0 3 1 1 0 3 0 3 0 3
-2.499350322506134 0 3 1 1 0 3 0 3 3 0
0.004545456843619829 0 3 1 1 0 3 0 3 3 3
0.005418585599680122 0 3 1 1 0 3 3 0 0 0
0.0008265157893093764 0 3 1 1 0 3 3 0 0 3
0.0008856858202935753 0 3 1 1 0 3 3 0 3 0
-2.7595219226430263 0 3 1 1 0 3 3 3 0 0
0.004762375378232099 0 3 1 1 0 3 3 3 0 3
0.005408809227117214 0 3 1 1 0 3 3 3 3 0
0.0008265157893093759 0 3 1 1 0 3 3 3 3 3
-0.0067885954083401175 0 3 1 1 3 0 0 0 0 0
-0.0010432663816141445 0 3 1 1 3 0 0 0 0 3
-0.0009322970542294093 0 3 1 1 3 0 0 0 3 0
0.00018714765422908147 0 3 1 1 3 0 0 1 1 0
0.00018714765422908145 0 3 1 1 3 0 0 2 2 0
2.4473394042805685 0 3 1 1 3 0 0 3 0 0
-0.0067241748104658345 0 3 1 1 3 0 0 3 0 3
-0.006775027110931894 0 3 1 1 3 0 0 3 3 0
-0.001043266381614144 0 3 1 1 3 0 0 3 3 3
-0.0009882745755802982 0 3 1 1 3 0 3 0 0 0
-0.007340747161449836 0 3 1 1 3 0 3 3 0 0
-0.001082076233309583 0 3 1 1 3 0 3 3 0 3
-0.0009882745755802978 0 3 1 1 3 0 3 3 3 0
-0.0217176606214183 0 3 1 1 3 1 1 0 1 1
0.4002545252004045 0 3 1 1 3 1 1 0 2 2
-3.964425298806624e-07 0 3 1 1 3 1 1 1 0 1
-3.09023710117067e-05 0 3 1 1 3 1 1 1 3 1
2.446287824951765e-05 0 3 1 1 3 1 1 2 0 2
-1.3546780399713017e-05 0 3 1 1 3 1 1 2 3 2
-0.017226668607931386 0 3 1 1 3 1 1 3 1 1
0.3166532845072956 0 3 1 1 3 1 1 3 2 2
-1.6103134001832138e-06 0 3 1 1 3 1 2 0 1 2
-0.42197057550842243 0 3 1 1 3 1 2 0 2 1
1.1028595630124628e-06 0 3 1 1 3 1 2 1 0 2
-3.1836179298253956e-05 0 3 1 1 3 1 2 1 3 2
-2.5962180342410777e-05 0 3 1 1 3 1 2 2 0 1
1.448058868626028e-05 0 3 1 1 3 1 2 2 3 1
1.7155318182340346e-05 0 3 1 1 3 1 2 3 1 2
-0.3338971084334093 0 3 1 1 3 1 2 3 2 1
-0.42197057550842243 0 3 1 1 3 2 1 0 1 2
-1.6103134001832155e-06 0 3 1 1 3 2 1 0 2 1
-2.5962180342410777e-05 0 3 1 1 3 2 1 1 0 2
1.4480588686260226e-05 0 3 1 1 3 2 1 1 3 2
1.1028595630124633e-06 0 3 1 1 3 2 1 2 0 1
-3.183617929825394e-05 0 3 1 1 3 2 1 2 3 1
-0.3338971084334093 0 3 1 1 3 2 1 3 1 2
1.7155318182340346e-05 0 3 1 1 3 2 1 3 2 1
0.40025452520040444 0 3 1 1 3 2 2 0 1 1
-0.0217176606214183 0 3 1 1 3 2 2 0 2 2
2.446287824951765e-05 0 3 1 1 3 2 2 1 0 1
-1.3546780399712977e-05 0 3 1 1 3 2 2 1 3 1
-3.964425298806636e-07 0 3 1 1 3 2 2 2 0 2
-3.090237101170669e-05 0 3 1 1 3 2 2 2 3 2
0.3166532845072956 0 3 1 1 3 2 2 3 1 1
-0.017226668607931386 0 3 1 1 3 2 2 3 2 2
0.004300109505461733 0 3 1 1 3 3 0 0 0 0
0.0009034754554758108 0 3 1 1 3 3 0 0 0 3
0.0008627451977431701 0 3 1 1 3 3 0 0 3 0
-2.1321525226513915 0 3 1 1 3 3 0 3 0 0
0.004099961476602319 0 3 1 1 3 3 0 3 0 3
0.0042982628462632545 0 3 1 1 3 3 0 3 3 0
0.0009034754554758104 0 3 1 1 3 3 0 3 3 3
0.0008568378059199468 0 3 1 1 3 3 3 0 0 0
0.0047379231128480605 0 3 1 1 3 3 3 3 0 0
0.0009375903670547392 0 3 1 1 3 3 3 3 0 3
0.0008568378059199464 0 3 1 1 3 3 3 3 3 0
22.3098343507997 0 3 1 2 0 0 0 1 2 0
3.0368140772515955 0 3 1 2 0 0 0 1 2 3
-22.309834350799704 0 3 1 2 0 0 0 2 1 0
-3.036814077251596 0 3 1 2 0 0 0 2 1 3
3.4498827357772672 0 3 1 2 0 0 3 1 2 0
-0.006590439826081175 0 3 1 2 0 0 3 1 2 3
-3.4498827357772672 0 3 1 2 0 0 3 2 1 0
0.006590439826081175 0 3 1 2 0 0 3 2 1 3
-0.00019496820476392062 0 3 1 2 0 1 1 1 0 2
-0.016312699173466824 0 3 1 2 0 1 1 1 3 2
-2.2892234178498272e-05 0 3 1 2 0 1 1 2 0 1
0.015672949476711363 0 3 1 2 0 1 1 2 3 1
4.346746565064283e-06 0 3 1 2 0 1 1 3 1 2
1.9115573030798607e-06 0 3 1 2 0 1 1 3 2 1
0.00021786043894241885 0 3 1 2 0 1 2 1 0 1
0.000640819849392033 0 3 1 2 0 1 2 1 3 1
1.0701526365716253e-06 0 3 1 2 0 1 2 2 3 2
7.4585594296904455e-06 0 3 1 2 0 1 2 3 1 1
1.3716863297834583e-05 0 3 1 2 0 1 2 3 2 2
-1.0701526365716236e-06 0 3 1 2 0 2 1 1 3 1
-0.00021786043894241885 0 3 1 2 0 2 1 2 0 2
-0.000640819849392033 0 3 1 2 0 2 1 2 3 2
-1.3716863297834583e-05 0 3 1 2 0 2 1 3 1 1
-7.4585594296904455e-06 0 3 1 2 0 2 1 3 2 2
2.2892234178498272e-05 0 3 1 2 0 2 2 1 0 2
-0.015672949476711363 0 3 1 2 0 2 2 1 3 2
0.00019496820476392062 0 3 1 2 0 2 2 2 0 1
0.016312699173466824 0 3 1 2 0 2 2 2 3 1
-1.9115573030798607e-06 0 3 1 2 0 2 2 3 1 2
-4.346746565064283e-06 0 3 1 2 0 2 2 3 2 1
2.7085339422908623 0 3 1 2 0 3 0 1 2 0
-0.006836213756273121 0 3 1 2 0 3 0 1 2 3
-2.708533942290863 0 3 1 2 0 3 0 2 1 0
0.006836213756273121 0 3 1 2 0 3 0 2 1 3
-0.007959982707656493 0 3 1 2 0 3 3 1 2 0
-0.0009734114006533278 0 3 1 2 0 3 3 1 2 3
0.007959982707656493 0 3 1 2 0 3 3 2 1 0
0.0009734114006533278 0 3 1 2 0 3 3 2 1 3
2.377089479689777 0 3 1 2 3 0 0 1 2 0
-0.006055334044157369 0 3 1 2 3 0 0 1 2 3
-2.3770894796897775 0 3 1 2 3 0 0 2 1 0
0.006055334044157369 0 3 1 2 3 0 0 2 1 3
-0.006590439826081175 0 3 1 2 3 0 3 1 2 0
-0.001157860973108007 0 3 1 2 3 0 3 1 2 3
0.006590439826081175 0 3 1 2 3 0 3 2 1 0
0.001157860973108007 0 3 1 2 3 0 3 2 1 3
-3.169687033456549e-05 0 3 1 2 3 1 1 0 1 2
-5.136757554268352e-07 0 3 1 2 3 1 1 0 2 1
0.30863549220547315 0 3 1 2 3 1 1 1 0 2
0.4105838263046303 0 3 1 2 3 1 1 1 3 2
0.016752223796206087 0 3 1 2 3 1 1 2 0 1
0.022369057704776072 0 3 1 2 3 1 1 2 3 1
1.7552740008792566e-05 0 3 1 2 3 1 1 3 1 2
-4.00406050750797e-05 0 3 1 2 3 1 1 3 2 1
3.363953560665844e-05 0 3 1 2 3 1 2 0 1 1
1.4289895166661153e-06 0 3 1 2 3 1 2 0 2 2
-0.32538705797172657 0 3 1 2 3 1 2 1 0 1
-0.4329468470323035 0 3 1 2 3 1 2 1 3 1
6.580299527545872e-07 0 3 1 2 3 1 2 2 0 2
6.036977102735197e-06 0 3 1 2 3 1 2 2 3 2
-1.8762687582178173e-05 0 3 1 2 3 1 2 3 1 1
-4.1250552648465314e-05 0 3 1 2 3 1 2 3 2 2
-1.4289895166661157e-06 0 3 1 2 3 2 1 0 1 1
-3.363953560665844e-05 0 3 1 2 3 2 1 0 2 2
-6.580299527545872e-07 0 3 1 2 3 2 1 1 0 1
-6.036977102735197e-06 0 3 1 2 3 2 1 1 3 1
0.32538705797172657 0 3 1 2 3 2 1 2 0 2
0.43294684703230346 0 3 1 2 3 2 1 2 3 2
4.125055264846533e-05 0 3 1 2 3 2 1 3 1 1
1.876268758217818e-05 0 3 1 2 3 2 1 3 2 2
5.136757554268349e-07 0 3 1 2 3 2 2 0 1 2
3.169687033456549e-05 0 3 1 2 3 2 2 0 2 1
-0.016752223796206084 0 3 1 2 3 2 2 1 0 2
-0.022369057704776072 0 3 1 2 3 2 2 1 3 2
-0.30863549220547315 0 3 1 2 3 2 2 2 0 1
-0.4105838263046303 0 3 1 2 3 2 2 2 3 1
4.0040605075079704e-05 0 3 1 2 3 2 2 3 1 2
-1.7552740008792566e-05 0 3 1 2 3 2 2 3 2 1
-0.006353420594897382 0 3 1 2 3 3 0 1 2 0
-0.0010540777418995774 0 3 1 2 3 3 0 1 2 3
0.006353420594897382 0 3 1 2 3 3 0 2 1 0
0.0010540777418995774 0 3 1 2 3 3 0 2 1 3
-0.0010015166993260212 0 3 1 2 3 3 3 1 2 0
0.0010015166993260212 0 3 1 2 3 3 3 2 1 0
-5.642103011576801e-05 0 3 1 3 1 0 0 0 1 1
-5.642103011576801e-05 0 3 1 3 1 0 0 0 2 2
0.0002863650360148928 0 3 1 3 1 0 0 1 0 1
0.0002863650360148927 0 3 1 3 1 0 0 2 0 2
-0.00044055858390791287 0 3 1 3 1 0 0 3 1 1
-0.00044055858390791287 0 3 1 3 1 0 0 3 2 2
-7.600094015572063e-05 0 3 1 3 1 0 3 3 1 1
-7.600094015572063e-05 0 3 1 3 1 0 3 3 2 2
-0.2509282983830974 0 3 1 3 1 1 1 0 0 0
0.0009442192367492414 0 3 1 3 1 1 1 0 0 3
-1.7309033260704567 0 3 1 3 1 1 1 0 3 0
-0.8397614497634674 0 3 1 3 1 1 1 0 3 3
-0.010285540931436783 0 3 1 3 1 1 1 1 1 0
2.216337342556824e-05 0 3 1 3 1 1 1 1 1 3
-0.010395418325241816 0 3 1 3 1 1 1 2 2 0
-0.0003405871476170233 0 3 1 3 1 1 1 2 2 3
-1.7389400094617875 0 3 1 3 1 1 1 3 0 0
-0.26226659172420014 0 3 1 3 1 1 1 3 0 3
1179.9498618807895 0 3 1 3 1 1 1 3 3 0
-1.1947348241461846 0 3 1 3 1 1 1 3 3 3
0.00011098983928140309 0 3 1 3 1 1 2 1 2 0
0.00036275052104259146 0 3 1 3 1 1 2 1 2 3
-1.1124454763696705e-06 0 3 1 3 1 1 2 2 1 0
-1.1124454763696705e-06 0 3 1 3 1 2 1 1 2 0
0.00011098983928140309 0 3 1 3 1 2 1 2 1 0
0.00036275052104259146 0 3 1 3 1 2 1 2 1 3
-0.2509282983830974 0 3 1 3 1 2 2 0 0 0
0.0009442192367492414 0 3 1 3 1 2 2 0 0 3
-1.730903326070457 0 3 1 3 1 2 2 0 3 0
-0.8397614497634674 0 3 1 3 1 2 2 0 3 3
-0.010395418325241816 0 3 1 3 1 2 2 1 1 0
-0.0003405871476170233 0 3 1 3 1 2 2 1 1 3
-0.010285540931436785 0 3 1 3 1 2 2 2 2 0
2.216337342556824e-05 0 3 1 3 1 2 2 2 2 3
-1.7389400094617875 0 3 1 3 1 2 2 3 0 0
-0.26226659172420014 0 3 1 3 1 2 2 3 0 3
1179.9498618807895 0 3 1 3 1 2 2 3 3 0
-1.1947348241461846 0 3 1 3 1 2 2 3 3 3
-3.731875087991663e-05 0 3 1 3 1 3 0 3 1 1
-3.731875087991663e-05 0 3 1 3 1 3 0 3 2 2
0.000219056992474824 0 3 1 3 2 0 0 0 1 2
-0.000219056992474824 0 3 1 3 2 0 0 0 2 1
3.896108210117375 0 3 1 3 2 0 0 1 0 2
-0.010455544340120974 0 3 1 3 2 0 0 1 3 2
-3.896108210117375 0 3 1 3 2 0 0 2 0 1
0.010455544340120974 0 3 1 3 2 0 0 2 3 1
1.0596763615952917e-05 0 3 1 3 2 0 0 3 1 2
-1.0596763615952917e-05 0 3 1 3 2 0 0 3 2 1
3.378426760176658e-05 0 3 1 3 2 0 3 0 1 2
-3.378426760176658e-05 0 3 1 3 2 0 3 0 2 1
-0.011548448241406752 0 3 1 3 2 0 3 1 0 2
-0.0016389297999565744 0 3 1 3 2 0 3 1 3 2
0.011548448241406752 0 3 1 3 2 0 3 2 0 1
0.0016389297999565744 0 3 1 3 2 0 3 2 3 1
-1.3592479644190611e-05 0 3 1 3 2 0 3 3 1 2
1.3592479644190608e-05 0 3 1 3 2 0 3 3 2 1
-2.8800148712446805e-06 0 3 1 3 2 1 1 1 2 0
-6.334248434507604e-07 0 3 1 3 2 1 1 2 1 0
0.00013283957264188424 0 3 1 3 2 1 2 0 0 0
0.0009347841949819581 0 3 1 3 2 1 2 0 3 0
7.883508113998904e-05 0 3 1 3 2 1 2 0 3 3
7.452091083755378e-06 0 3 1 3 2 1 2 1 1 0
3.938651369059944e-06 0 3 1 3 2 1 2 2 2 0
0.0009069510163586228 0 3 1 3 2 1 2 3 0 0
0.0001230499989785685 0 3 1 3 2 1 2 3 0 3
-1.2228434173775584 0 3 1 3 2 1 2 3 3 0
0.0008050279945334814 0 3 1 3 2 1 2 3 3 3
-0.00013283957264188424 0 3 1 3 2 2 1 0 0 0
-0.0009347841949819581 0 3 1 3 2 2 1 0 3 0
-7.883508113998904e-05 0 3 1 3 2 2 1 0 3 3
-3.938651369059944e-06 0 3 1 3 2 2 1 1 1 0
-7.452091083755377e-06 0 3 1 3 2 2 1 2 2 0
-0.0009069510163586228 0 3 1 3 2 2 1 3 0 0
-0.0001230499989785685 0 3 1 3 2 2 1 3 0 3
1.2228434173775584 0 3 1 3 2 2 1 3 3 0
-0.0008050279945334814 0 3 1 3 2 2 1 3 3 3
6.334248434507604e-07 0 3 1 3 2 2 2 1 2 0
2.8800148712446805e-06 0 3 1 3 2 2 2 2 1 0
0.00038070956686232077 0 3 1 3 2 3 0 0 1 2
-0.00038070956686232077 0 3 1 3 2 3 0 0 2 1
-0.010671395265877959 0 3 1 3 2 3 0 1 0 2
-0.0014266524551970446 0 3 1 3 2 3 0 1 3 2
0.010671395265877959 0 3 1 3 2 3 0 2 0 1
0.0014266524551970446 0 3 1 3 2 3 0 2 3 1
0.018928748901521276 0 3 1 3 2 3 0 3 1 2
-0.018928748901521276 0 3 1 3 2 3 0 3 2 1
8.11278120753303e-05 0 3 1 3 2 3 3 0 1 2
-8.11278120753303e-05 0 3 1 3 2 3 3 0 2 1
-0.0015404237466210902 0 3 1 3 2 3 3 1 0 2
0.0015404237466210898 0 3 1 3 2 3 3 2 0 1
7.605341507194251e-06 0 3 1 3 2 3 3 3 1 2
-7.605341507194251e-06 0 3 1 3 2 3 3 3 2 1
-4.784338969831414e-05 0 3 2 0 1 0 0 0 1 2
4.784338969831414e-05 0 3 2 0 1 0 0 0 2 1
-33.99007913060738 0 3 2 0 1 0 0 1 0 2
-4.246903471479878 0 3 2 0 1 0 0 1 3 2
33.99007913060738 0 3 2 0 1 0 0 2 0 1
4.246903471479879 0 3 2 0 1 0 0 2 3 1
-0.00021562839404601795 0 3 2 0 1 0 0 3 1 2
0.00021562839404601795 0 3 2 0 1 0 0 3 2 1
-5.7564129853272 0 3 2 0 1 0 3 1 0 2
0.011548448241406753 0 3 2 0 1 0 3 1 3 2
5.7564129853272 0 3 2 0 1 0 3 2 0 1
-0.011548448241406753 0 3 2 0 1 0 3 2 3 1
-3.378426760176653e-05 0 3 2 0 1 0 3 3 1 2
3.378426760176653e-05 0 3 2 0 1 0 3 3 2 1
-1.1955746775374465e-05 0 3 2 0 1 1 1 1 2 0
-2.925724479397642e-05 0 3 2 0 1 1 1 1 2 3
-3.663571779936636e-05 0 3 2 0 1 1 1 2 1 0
-1.5292015082757114e-06 0 3 2 0 1 1 1 2 1 3
-0.00014064814993510125 0 3 2 0 1 1 2 0 3 0
3.5181363703478055e-05 0 3 2 0 1 1 2 1 1 0
-1.315438338731867e-05 0 3 2 0 1 1 2 1 1 3
-1.3410100871262756e-05 0 3 2 0 1 1 2 2 2 0
-4.39408296895708e-05 0 3 2 0 1 1 2 2 2 3
-0.0001529497504084064 0 3 2 0 1 1 2 3 0 0
-0.0009075754043179925 0 3 2 0 1 1 2 3 3 0
-0.00014426588167937448 0 3 2 0 1 1 2 3 3 3
0.00014064814993510125 0 3 2 0 1 2 1 0 3 0
1.3410100871262756e-05 0 3 2 0 1 2 1 1 1 0
4.394082968957081e-05 0 3 2 0 1 2 1 1 1 3
-3.518136370347805e-05 0 3 2 0 1 2 1 2 2 0
1.3154383387318664e-05 0 3 2 0 1 2 1 2 2 3
0.0001529497504084064 0 3 2 0 1 2 1 3 0 0
0.0009075754043179925 0 3 2 0 1 2 1 3 3 0
0.00014426588167937448 0 3 2 0 1 2 1 3 3 3
3.663571779936635e-05 0 3 2 0 1 2 2 1 2 0
1.5292015082757116e-06 0 3 2 0 1 2 2 1 2 3
1.1955746775374465e-05 0 3 2 0 1 2 2 2 1 0
2.925724479397641e-05 0 3 2 0 1 2 2 2 1 3
-1.8891082411048376e-05 0 3 2 0 1 3 0 0 1 2
1.8891082411048376e-05 0 3 2 0 1 3 0 0 2 1
-4.103132887661534 0 3 2 0 1 3 0 1 0 2
0.0104369751926364 0 3 2 0 1 3 0 1 3 2
4.103132887661534 0 3 2 0 1 3 0 2 0 1
-0.0104369751926364 0 3 2 0 1 3 0 2 3 1
0.00016166270427798023 0 3 2 0 1 3 0 3 1 2
-0.00016166270427798023 0 3 2 0 1 3 0 3 2 1
0.012575880996401353 0 3 2 0 1 3 3 1 0 2
0.0014300618274617851 0 3 2 0 1 3 3 1 3 2
-0.012575880996401353 0 3 2 0 1 3 3 2 0 1
-0.0014300618274617851 0 3 2 0 1 3 3 2 3 1
2.855489760556228e-05 0 3 2 0 1 3 3 3 1 2
-2.855489760556228e-05 0 3 2 0 1 3 3 3 2 1
0.0022382100378039336 0 3 2 0 2 0 0 1 0 1
0.0003087043274484295 0 3 2 0 2 0 0 1 3 1
0.0022382100378039328 0 3 2 0 2 0 0 2 0 2
0.0003087043274484295 0 3 2 0 2 0 0 2 3 2
-5.168159721252424e-05 0 3 2 0 2 0 0 3 1 1
-5.168159721252424e-05 0 3 2 0 2 0 0 3 2 2
0.00043711625606418915 0 3 2 0 2 0 3 1 0 1
0.00043711625606418936 0 3 2 0 2 0 3 2 0 2
0.0005978902089136776 0 3 2 0 2 1 1 0 0 0
0.00016754490982723275 0 3 2 0 2 1 1 0 0 3
-0.2642653875887529 0 3 2 0 2 1 1 0 3 0
0.0009644947023274198 0 3 2 0 2 1 1 0 3 3
-0.0136997120919548 0 3 2 0 2 1 1 1 1 0
-0.02553796272140266 0 3 2 0 2 1 1 1 1 3
-0.014459384421109342 0 3 2 0 2 1 1 2 2 0
0.47126763049340975 0 3 2 0 2 1 1 2 2 3
-0.2910831916679729 0 3 2 0 2 1 1 3 0 0
0.0005554565558744324 0 3 2 0 2 1 1 3 0 3
-1.7495679502435912 0 3 2 0 2 1 1 3 3 0
-0.2825838847721924 0 3 2 0 2 1 1 3 3 3
0.0007265398694082406 0 3 2 0 2 1 2 1 2 0
-0.4968051536839109 0 3 2 0 2 1 2 1 2 3
3.3132459746302234e-05 0 3 2 0 2 1 2 2 1 0
-4.395309017566833e-07 0 3 2 0 2 1 2 2 1 3
3.3132459746302206e-05 0 3 2 0 2 2 1 1 2 0
-4.395309017566833e-07 0 3 2 0 2 2 1 1 2 3
0.0007265398694082406 0 3 2 0 2 2 1 2 1 0
-0.496805153683911 0 3 2 0 2 2 1 2 1 3
0.0005978902089136776 0 3 2 0 2 2 2 0 0 0
0.00016754490982723275 0 3 2 0 2 2 2 0 0 3
-0.2642653875887529 0 3 2 0 2 2 2 0 3 0
0.0009644947023274197 0 3 2 0 2 2 2 0 3 3
-0.014459384421109344 0 3 2 0 2 2 2 1 1 0
0.4712676304934098 0 3 2 0 2 2 2 1 1 3
-0.013699712091954802 0 3 2 0 2 2 2 2 2 0
-0.02553796272140266 0 3 2 0 2 2 2 2 2 3
-0.29108319166797286 0 3 2 0 2 2 2 3 0 0
0.0005554565558744324 0 3 2 0 2 2 2 3 0 3
-1.7495679502435912 0 3 2 0 2 2 2 3 3 0
-0.2825838847721924 0 3 2 0 2 2 2 3 3 3
0.00028207545207493035 0 3 2 0 2 3 0 1 0 1
0.00028207545207493024 0 3 2 0 2 3 0 2 0 2
-22.3098343507997 0 3 2 1 0 0 0 1 2 0
-3.0368140772515955 0 3 2 1 0 0 0 1 2 3
22.3098343507997 0 3 2 1 0 0 0 2 1 0
3.036814077251596 0 3 2 1 0 0 0 2 1 3
-3.4498827357772672 0 3 2 1 0 0 3 1 2 0
0.006590439826081175 0 3 2 1 0 0 3 1 2 3
3.4498827357772672 0 3 2 1 0 0 3 2 1 0
-0.006590439826081175 0 3 2 1 0 0 3 2 1 3
0.00019496820476392062 0 3 2 1 0 1 1 1 0 2
0.016312699173466824 0 3 2 1 0 1 1 1 3 2
2.2892234178498272e-05 0 3 2 1 0 1 1 2 0 1
-0.015672949476711363 0 3 2 1 0 1 1 2 3 1
-4.346746565064286e-06 0 3 2 1 0 1 1 3 1 2
-1.9115573030798602e-06 0 3 2 1 0 1 1 3 2 1
-0.00021786043894241885 0 3 2 1 0 1 2 1 0 1
-0.000640819849392033 0 3 2 1 0 1 2 1 3 1
-1.0701526365716236e-06 0 3 2 1 0 1 2 2 3 2
-7.4585594296904455e-06 0 3 2 1 0 1 2 3 1 1
-1.3716863297834583e-05 0 3 2 1 0 1 2 3 2 2
1.0701526365716236e-06 0 3 2 1 0 2 1 1 3 1
0.00021786043894241885 0 3 2 1 0 2 1 2 0 2
0.000640819849392033 0 3 2 1 0 2 1 2 3 2
1.3716863297834583e-05 0 3 2 1 0 2 1 3 1 1
7.4585594296904455e-06 0 3 2 1 0 2 1 3 2 2
-2.2892234178498272e-05 0 3 2 1 0 2 2 1 0 2
0.015672949476711363 0 3 2 1 0 2 2 1 3 2
-0.00019496820476392062 0 3 2 1 0 2 2 2 0 1
-0.016312699173466824 0 3 2 1 0 2 2 2 3 1
1.9115573030798602e-06 0 3 2 1 0 2 2 3 1 2
4.346746565064286e-06 0 3 2 1 0 2 2 3 2 1
-2.7085339422908623 0 3 2 1 0 3 0 1 2 0
0.006836213756273122 0 3 2 1 0 3 0 1 2 3
2.7085339422908623 0 3 2 1 0 3 0 2 1 0
-0.006836213756273122 0 3 2 1 0 3 0 2 1 3
0.007959982707656493 0 3 2 1 0 3 3 1 2 0
0.0009734114006533278 0 3 2 1 0 3 3 1 2 3
-0.007959982707656493 0 3 2 1 0 3 3 2 1 0
-0.0009734114006533278 0 3 2 1 0 3 3 2 1 3
-2.3770894796897775 0 3 2 1 3 0 0 1 2 0
0.006055334044157369 0 3 2 1 3 0 0 1 2 3
2.377089479689778 0 3 2 1 3 0 0 2 1 0
-0.006055334044157369 0 3 2 1 3 0 0 2 1 3
0.006590439826081175 0 3 2 1 3 0 3 1 2 0
0.001157860973108007 0 3 2 1 3 0 3 1 2 3
-0.006590439826081175 0 3 2 1 3 0 3 2 1 0
-0.001157860973108007 0 3 2 1 3 0 3 2 1 3
3.1696870334565474e-05 0 3 2 1 3 1 1 0 1 2
5.136757554268352e-07 0 3 2 1 3 1 1 0 2 1
-0.3086354922054731 0 3 2 1 3 1 1 1 0 2
-0.4105838263046303 0 3 2 1 3 1 1 1 3 2
-0.016752223796206087 0 3 2 1 3 1 1 2 0 1
-0.022369057704776072 0 3 2 1 3 1 1 2 3 1
-1.7552740008792532e-05 0 3 2 1 3 1 1 3 1 2
4.0040605075079704e-05 0 3 2 1 3 1 1 3 2 1
-3.363953560665845e-05 0 3 2 1 3 1 2 0 1 1
-1.4289895166661153e-06 0 3 2 1 3 1 2 0 2 2
0.3253870579717265 0 3 2 1 3 1 2 1 0 1
0.4329468470323034 0 3 2 1 3 1 2 1 3 1
-6.580299527545875e-07 0 3 2 1 3 1 2 2 0 2
-6.036977102735197e-06 0 3 2 1 3 1 2 2 3 2
1.8762687582178145e-05 0 3 2 1 3 1 2 3 1 1
4.1250552648465314e-05 0 3 2 1 3 1 2 3 2 2
1.428989516666114e-06 0 3 2 1 3 2 1 0 1 1
3.363953560665844e-05 0 3 2 1 3 2 1 0 2 2
6.580299527545875e-07 0 3 2 1 3 2 1 1 0 1
6.036977102735197e-06 0 3 2 1 3 2 1 1 3 1
-0.3253870579717265 0 3 2 1 3 2 1 2 0 2
-0.43294684703230346 0 3 2 1 3 2 1 2 3 2
-4.1250552648465314e-05 0 3 2 1 3 2 1 3 1 1
-1.8762687582178152e-05 0 3 2 1 3 2 1 3 2 2
-5.136757554268348e-07 0 3 2 1 3 2 2 0 1 2
-3.169687033456548e-05 0 3 2 1 3 2 2 0 2 1
0.016752223796206084 0 3 2 1 3 2 2 1 0 2
0.022369057704776072 0 3 2 1 3 2 2 1 3 2
0.30863549220547315 0 3 2 1 3 2 2 2 0 1
0.4105838263046303 0 3 2 1 3 2 2 2 3 1
-4.00406050750797e-05 0 3 2 1 3 2 2 3 1 2
1.7552740008792532e-05 0 3 2 1 3 2 2 3 2 1
0.006353420594897382 0 3 2 1 3 3 0 1 2 0
0.0010540777418995774 0 3 2 1 3 3 0 1 2 3
-0.006353420594897382 0 3 2 1 3 3 0 2 1 0
-0.0010540777418995774 0 3 2 1 3 3 0 2 1 3
0.0010015166993260212 0 3 2 1 3 3 3 1 2 0
-0.0010015166993260212 0 3 2 1 3 3 3 2 1 0
2.867564957009137 0 3 2 2 0 0 0 0 0 0
-0.007455960911933394 0 3 2 2 0 0 0 0 0 3
-0.007496721294490691 0 3 2 2 0 0 0 0 3 0
-0.0009475523274026014 0 3 2 2 0 0 0 0 3 3
0.001707234919174737 0 3 2 2 0 0 0 1 1 0
0.00022994063053378652 0 3 2 2 0 0 0 1 1 3
0.0017072349191747365 0 3 2 2 0 0 0 2 2 0
0.00022994063053378652 0 3 2 2 0 0 0 2 2 3
25.593457340843457 0 3 2 2 0 0 0 3 0 0
3.1254600691928216 0 3 2 2 0 0 0 3 0 3
2.8677052165648256 0 3 2 2 0 0 0 3 3 0
-0.007434467085997222 0 3 2 2 0 0 0 3 3 3
-0.008324568590102216 0 3 2 2 0 0 3 0 0 0
-0.0009544903079785315 0 3 2 2 0 0 3 0 0 3
-0.0008946575212728939 0 3 2 2 0 0 3 0 3 0
0.00028502039662537396 0 3 2 2 0 0 3 1 1 0
0.00028502039662537396 0 3 2 2 0 0 3 2 2 0
3.1664489300690897 0 3 2 2 0 0 3 3 0 0
-0.0074303405812497485 0 3 2 2 0 0 3 3 0 3
-0.008302736292656767 0 3 2 2 0 0 3 3 3 0
-0.0009544903079785309 0 3 2 2 0 0 3 3 3 3
2.812422067650624e-05 0 3 2 2 0 1 1 0 1 1
-0.0002266840360192396 0 3 2 2 0 1 1 0 2 2
1.4752937144467817e-06 0 3 2 2 0 1 1 1 3 1
-3.3547139159262576e-06 0 3 2 2 0 1 1 2 3 2
-0.020316905294607356 0 3 2 2 0 1 1 3 1 1
-0.020843094599735445 0 3 2 2 0 1 1 3 2 2
0.00025480825669574575 0 3 2 2 0 1 2 0 2 1
1.0586343486861011e-05 0 3 2 2 0 1 2 1 3 2
-5.756335856487967e-06 0 3 2 2 0 1 2 2 3 1
-2.2829127206247463e-06 0 3 2 2 0 1 2 3 1 2
0.0005284722178487167 0 3 2 2 0 1 2 3 2 1
0.00025480825669574575 0 3 2 2 0 2 1 0 1 2
-5.756335856487964e-06 0 3 2 2 0 2 1 1 3 2
1.0586343486861011e-05 0 3 2 2 0 2 1 2 3 1
0.0005284722178487167 0 3 2 2 0 2 1 3 1 2
-2.2829127206247463e-06 0 3 2 2 0 2 1 3 2 1
-0.0002266840360192396 0 3 2 2 0 2 2 0 1 1
2.812422067650624e-05 0 3 2 2 0 2 2 0 2 2
-3.3547139159262576e-06 0 3 2 2 0 2 2 1 3 1
1.4752937144467808e-06 0 3 2 2 0 2 2 2 3 2
-0.020843094599735445 0 3 2 2 0 2 2 3 1 1
-0.020316905294607356 0 3 2 2 0 2 2 3 2 2
-2.499142505886029 0 3 2 2 0 3 0 0 0 0
0.004555077012366146 0 3 2 2 0 3 0 0 0 3
0.005480618735710884 0 3 2 2 0 3 0 0 3 0
0.0009181460640445079 0 3 2 2 0 3 0 0 3 3
0.00021358172825728847 0 3 2 2 0 3 0 1 1 0
0.00021358172825728847 0 3 2 2 0 3 0 2 2 0
-17.156931598043943 0 3 2 2 0 3 0 3 0 0
-2.7234840584847477 0 3 2 2 0 3 0 3 0 3
-2.4993503225061335 0 3 2 2 0 3 0 3 3 0
0.004545456843619829 0 3 2 2 0 3 0 3 3 3
0.005418585599680122 0 3 2 2 0 3 3 0 0 0
0.0008265157893093764 0 3 2 2 0 3 3 0 0 3
0.0008856858202935753 0 3 2 2 0 3 3 0 3 0
-2.7595219226430263 0 3 2 2 0 3 3 3 0 0
0.004762375378232099 0 3 2 2 0 3 3 3 0 3
0.005408809227117214 0 3 2 2 0 3 3 3 3 0
0.0008265157893093759 0 3 2 2 0 3 3 3 3 3
-0.0067885954083401175 0 3 2 2 3 0 0 0 0 0
-0.0010432663816141445 0 3 2 2 3 0 0 0 0 3
-0.0009322970542294093 0 3 2 2 3 0 0 0 3 0
0.0001871476542290814 0 3 2 2 3 0 0 1 1 0
0.00018714765422908142 0 3 2 2 3 0 0 2 2 0
2.447339404280569 0 3 2 2 3 0 0 3 0 0
-0.0067241748104658345 0 3 2 2 3 0 0 3 0 3
-0.006775027110931894 0 3 2 2 3 0 0 3 3 0
-0.001043266381614144 0 3 2 2 3 0 0 3 3 3
-0.0009882745755802982 0 3 2 2 3 0 3 0 0 0
-0.007340747161449836 0 3 2 2 3 0 3 3 0 0
-0.001082076233309583 0 3 2 2 3 0 3 3 0 3
-0.0009882745755802978 0 3 2 2 3 0 3 3 3 0
-0.021717660621418295 0 3 2 2 3 1 1 0 1 1
0.40025452520040444 0 3 2 2 3 1 1 0 2 2
-3.964425298806624e-07 0 3 2 2 3 1 1 1 0 1
-3.09023710117067e-05 0 3 2 2 3 1 1 1 3 1
2.446287824951765e-05 0 3 2 2 3 1 1 2 0 2
-1.354678039971303e-05 0 3 2 2 3 1 1 2 3 2
-0.017226668607931383 0 3 2 2 3 1 1 3 1 1
0.3166532845072956 0 3 2 2 3 1 1 3 2 2
-1.610313400183214e-06 0 3 2 2 3 1 2 0 1 2
-0.4219705755084225 0 3 2 2 3 1 2 0 2 1
1.1028595630124637e-06 0 3 2 2 3 1 2 1 0 2
-3.183617929825394e-05 0 3 2 2 3 1 2 1 3 2
-2.596218034241078e-05 0 3 2 2 3 1 2 2 0 1
1.448058868626028e-05 0 3 2 2 3 1 2 2 3 1
1.7155318182340346e-05 0 3 2 2 3 1 2 3 1 2
-0.3338971084334093 0 3 2 2 3 1 2 3 2 1
-0.4219705755084225 0 3 2 2 3 2 1 0 1 2
-1.610313400183214e-06 0 3 2 2 3 2 1 0 2 1
-2.5962180342410777e-05 0 3 2 2 3 2 1 1 0 2
1.4480588686260226e-05 0 3 2 2 3 2 1 1 3 2
1.1028595630124633e-06 0 3 2 2 3 2 1 2 0 1
-3.1836179298253956e-05 0 3 2 2 3 2 1 2 3 1
-0.3338971084334093 0 3 2 2 3 2 1 3 1 2
1.7155318182340346e-05 0 3 2 2 3 2 1 3 2 1
0.40025452520040444 0 3 2 2 3 2 2 0 1 1
-0.021717660621418295 0 3 2 2 3 2 2 0 2 2
2.446287824951765e-05 0 3 2 2 3 2 2 1 0 1
-1.3546780399712977e-05 0 3 2 2 3 2 2 1 3 1
-3.964425298806636e-07 0 3 2 2 3 2 2 2 0 2
-3.090237101170669e-05 0 3 2 2 3 2 2 2 3 2
0.3166532845072955 0 3 2 2 3 2 2 3 1 1
-0.017226668607931383 0 3 2 2 3 2 2 3 2 2
0.004300109505461733 0 3 2 2 3 3 0 0 0 0
0.0009034754554758108 0 3 2 2 3 3 0 0 0 3
0.0008627451977431701 0 3 2 2 3 3 0 0 3 0
-2.132152522651391 0 3 2 2 3 3 0 3 0 0
0.004099961476602319 0 3 2 2 3 3 0 3 0 3
0.0042982628462632545 0 3 2 2 3 3 0 3 3 0
0.0009034754554758104 0 3 2 2 3 3 0 3 3 3
0.0008568378059199468 0 3 2 2 3 3 3 0 0 0
0.0047379231128480605 0 3 2 2 3 3 3 3 0 0
0.0009375903670547392 0 3 2 2 3 3 3 3 0 3
0.0008568378059199464 0 3 2 2 3 3 3 3 3 0
-0.000219056992474824 0 3 2 3 1 0 0 0 1 2
0.000219056992474824 0 3 2 3 1 0 0 0 2 1
-3.896108210117375 0 3 2 3 1 0 0 1 0 2
0.010455544340120974 0 3 2 3 1 0 0 1 3 2
3.896108210117375 0 3 2 3 1 0 0 2 0 1
-0.010455544340120974 0 3 2 3 1 0 0 2 3 1
-1.0596763615952917e-05 0 3 2 3 1 0 0 3 1 2
1.0596763615952924e-05 0 3 2 3 1 0 0 3 2 1
-3.378426760176658e-05 0 3 2 3 1 0 3 0 1 2
3.378426760176658e-05 0 3 2 3 1 0 3 0 2 1
0.011548448241406752 0 3 2 3 1 0 3 1 0 2
0.0016389297999565742 0 3 2 3 1 0 3 1 3 2
-0.011548448241406752 0 3 2 3 1 0 3 2 0 1
-0.0016389297999565742 0 3 2 3 1 0 3 2 3 1
1.3592479644190608e-05 0 3 2 3 1 0 3 3 1 2
-1.3592479644190608e-05 0 3 2 3 1 0 3 3 2 1
2.880014871244677e-06 0 3 2 3 1 1 1 1 2 0
6.334248434507598e-07 0 3 2 3 1 1 1 2 1 0
-0.0001328395726418842 0 3 2 3 1 1 2 0 0 0
-0.0009347841949819579 0 3 2 3 1 1 2 0 3 0
-7.883508113998904e-05 0 3 2 3 1 1 2 0 3 3
-7.4520910837553765e-06 0 3 2 3 1 1 2 1 1 0
-3.9386513690599405e-06 0 3 2 3 1 1 2 2 2 0
-0.0009069510163586226 0 3 2 3 1 1 2 3 0 0
-0.0001230499989785685 0 3 2 3 1 1 2 3 0 3
1.2228434173775589 0 3 2 3 1 1 2 3 3 0
-0.0008050279945334817 0 3 2 3 1 1 2 3 3 3
0.0001328395726418842 0 3 2 3 1 2 1 0 0 0
0.0009347841949819579 0 3 2 3 1 2 1 0 3 0
7.883508113998901e-05 0 3 2 3 1 2 1 0 3 3
3.9386513690599405e-06 0 3 2 3 1 2 1 1 1 0
7.452091083755376e-06 0 3 2 3 1 2 1 2 2 0
0.0009069510163586226 0 3 2 3 1 2 1 3 0 0
0.0001230499989785685 0 3 2 3 1 2 1 3 0 3
-1.2228434173775586 0 3 2 3 1 2 1 3 3 0
0.0008050279945334817 0 3 2 3 1 2 1 3 3 3
-6.3342484345076e-07 0 3 2 3 1 2 2 1 2 0
-2.880014871244677e-06 0 3 2 3 1 2 2 2 1 0
-0.00038070956686232077 0 3 2 3 1 3 0 0 1 2
0.00038070956686232077 0 3 2 3 1 3 0 0 2 1
0.010671395265877959 0 3 2 3 1 3 0 1 0 2
0.0014266524551970446 0 3 2 3 1 3 0 1 3 2
-0.010671395265877959 0 3 2 3 1 3 0 2 0 1
-0.0014266524551970446 0 3 2 3 1 3 0 2 3 1
-0.018928748901521276 0 3 2 3 1 3 0 3 1 2
0.01892874890152128 0 3 2 3 1 3 0 3 2 1
-8.112781207533032e-05 0 3 2 3 1 3 3 0 1 2
8.112781207533032e-05 0 3 2 3 1 3 3 0 2 1
0.0015404237466210898 0 3 2 3 1 3 3 1 0 2
-0.0015404237466210898 0 3 2 3 1 3 3 2 0 1
-7.605341507194251e-06 0 3 2 3 1 3 3 3 1 2
7.605341507194251e-06 0 3 2 3 1 3 3 3 2 1
-5.642103011576801e-05 0 3 2 3 2 0 0 0 1 1
-5.642103011576801e-05 0 3 2 3 2 0 0 0 2 2
0.0002863650360148927 0 3 2 3 2 0 0 1 0 1
0.0002863650360148927 0 3 2 3 2 0 0 2 0 2
-0.00044055858390791287 0 3 2 3 2 0 0 3 1 1
-0.00044055858390791287 0 3 2 3 2 0 0 3 2 2
-7.600094015572063e-05 0 3 2 3 2 0 3 3 1 1
-7.600094015572063e-05 0 3 2 3 2 0 3 3 2 2
-0.25092829838309744 0 3 2 3 2 1 1 0 0 0
0.0009442192367492414 0 3 2 3 2 1 1 0 0 3
-1.7309033260704567 0 3 2 3 2 1 1 0 3 0
-0.8397614497634673 0 3 2 3 2 1 1 0 3 3
-0.010285540931436783 0 3 2 3 2 1 1 1 1 0
2.216337342556824e-05 0 3 2 3 2 1 1 1 1 3
-0.010395418325241816 0 3 2 3 2 1 1 2 2 0
-0.0003405871476170233 0 3 2 3 2 1 1 2 2 3
-1.7389400094617875 0 3 2 3 2 1 1 3 0 0
-0.26226659172420014 0 3 2 3 2 1 1 3 0 3
1179.9498618807895 0 3 2 3 2 1 1 3 3 0
-1.1947348241461846 0 3 2 3 2 1 1 3 3 3
0.00011098983928140309 0 3 2 3 2 1 2 1 2 0
0.00036275052104259146 0 3 2 3 2 1 2 1 2 3
-1.1124454763696705e-06 0 3 2 3 2 1 2 2 1 0
-1.1124454763696705e-06 0 3 2 3 2 2 1 1 2 0
0.00011098983928140309 0 3 2 3 2 2 1 2 1 0
0.00036275052104259146 0 3 2 3 2 2 1 2 1 3
-0.25092829838309744 0 3 2 3 2 2 2 0 0 0
0.0009442192367492414 0 3 2 3 2 2 2 0 0 3
-1.730903326070457 0 3 2 3 2 2 2 0 3 0
-0.8397614497634673 0 3 2 3 2 2 2 0 3 3
-0.010395418325241816 0 3 2 3 2 2 2 1 1 0
-0.0003405871476170233 0 3 2 3 2 2 2 1 1 3
-0.010285540931436783 0 3 2 3 2 2 2 2 2 0
2.216337342556824e-05 0 3 2 3 2 2 2 2 2 3
-1.7389400094617875 0 3 2 3 2 2 2 3 0 0
-0.2622665917242001 0 3 2 3 2 2 2 3 0 3
1179.9498618807895 0 3 2 3 2 2 2 3 3 0
-1.1947348241461846 0 3 2 3 2 2 2 3 3 3
-3.7318750879916646e-05 0 3 2 3 2 3 0 3 1 1
-3.7318750879916646e-05 0 3 2 3 2 3 0 3 2 2
224188.34698343606 0 3 3 0 0 0 0 0 0 0
-1097.9598845870855 0 3 3 0 0 0 0 0 0 3
-1140.4782602179637 0 3 3 0 0 0 0 0 3 0
-169.39101676965478 0 3 3 0 0 0 0 0 3 3
-0.007125233786406366 0 3 3 0 0 0 0 1 1 0
-0.0009403102214428548 0 3 3 0 0 0 0 1 1 3
-0.007125233786406366 0 3 3 0 0 0 0 2 2 0
-0.0009403102214428548 0 3 3 0 0 0 0 2 2 3
-1183.719424164697 0 3 3 0 0 0 0 3 0 0
-175.46849862090977 0 3 3 0 0 0 0 3 0 3
-164.0368996845803 0 3 3 0 0 0 0 3 3 0
0.6196341739349116 0 3 3 0 0 0 0 3 3 3
-1242.219514408903 0 3 3 0 0 0 3 0 0 0
-167.36059922554472 0 3 3 0 0 0 3 0 0 3
-161.48878337687867 0 3 3 0 0 0 3 0 3 0
0.6201644241697102 0 3 3 0 0 0 3 0 3 3
-0.0008946575212728945 0 3 3 0 0 0 3 1 1 0
-0.0008946575212728945 0 3 3 0 0 0 3 2 2 0
-168.3928270603489 0 3 3 0 0 0 3 3 0 0
0.6328275099933732 0 3 3 0 0 0 3 3 0 3
0.654098037294932 0 3 3 0 0 0 3 3 3 0
0.09190251264489503 0 3 3 0 0 0 3 3 3 3
0.3299014484229711 0 3 3 0 0 1 1 0 1 1
-6.0830381548696515 0 3 3 0 0 1 1 0 2 2
0.00014573622395100766 0 3 3 0 0 1 1 1 0 1
0.0008100610848514708 0 3 3 0 0 1 1 1 3 1
-0.002790068782780636 0 3 3 0 0 1 1 2 0 2
-0.015525299255312935 0 3 3 0 0 1 1 2 3 2
-0.0006940155467610655 0 3 3 0 0 1 1 3 1 1
0.01280346275582653 0 3 3 0 0 1 1 3 2 2
1.9499096613064416e-05 0 3 3 0 0 1 2 0 1 2
6.412920104196012 0 3 3 0 0 1 2 0 2 1
0.002935805006731644 0 3 3 0 0 1 2 2 0 1
0.01633536034016441 0 3 3 0 0 1 2 2 3 1
-0.013497478302587596 0 3 3 0 0 1 2 3 2 1
6.412920104196012 0 3 3 0 0 2 1 0 1 2
1.9499096613064416e-05 0 3 3 0 0 2 1 0 2 1
0.002935805006731644 0 3 3 0 0 2 1 1 0 2
0.01633536034016441 0 3 3 0 0 2 1 1 3 2
-0.013497478302587596 0 3 3 0 0 2 1 3 1 2
-6.083038154869651 0 3 3 0 0 2 2 0 1 1
0.3299014484229711 0 3 3 0 0 2 2 0 2 2
-0.002790068782780636 0 3 3 0 0 2 2 1 0 1
-0.015525299255312935 0 3 3 0 0 2 2 1 3 1
0.00014573622395100766 0 3 3 0 0 2 2 2 0 2
0.0008100610848514708 0 3 3 0 0 2 2 2 3 2
0.01280346275582653 0 3 3 0 0 2 2 3 1 1
-0.0006940155467610655 0 3 3 0 0 2 2 3 2 2
-1244.4417309651371 0 3 3 0 0 3 0 0 0 0
-173.05378875801992 0 3 3 0 0 3 0 0 0 3
-156.7834955224618 0 3 3 0 0 3 0 0 3 0
0.6424939958051719 0 3 3 0 0 3 0 0 3 3
-0.013021802671645061 0 3 3 0 0 3 0 1 1 0
-0.0018521096774470006 0 3 3 0 0 3 0 1 1 3
-0.013021802671645061 0 3 3 0 0 3 0 2 2 0
-0.0018521096774470006 0 3 3 0 0 3 0 2 2 3
-159.62565316925875 0 3 3 0 0 3 0 3 0 0
0.6493076835361111 0 3 3 0 0 3 0 3 0 3
0.6409485859207729 0 3 3 0 0 3 0 3 3 0
0.09219203055126546 0 3 3 0 0 3 0 3 3 3
-163.1885414239034 0 3 3 0 0 3 3 0 0 0
0.6625298365667516 0 3 3 0 0 3 3 0 0 3
0.6674300747784936 0 3 3 0 0 3 3 0 3 0
0.09018299847582079 0 3 3 0 0 3 3 0 3 3
-0.0017803433415664836 0 3 3 0 0 3 3 1 1 0
-0.0017803433415664836 0 3 3 0 0 3 3 2 2 0
0.6756898401779718 0 3 3 0 0 3 3 3 0 0
0.09126226586919865 0 3 3 0 0 3 3 3 0 3
0.08603078643753075 0 3 3 0 0 3 3 3 3 0
-978.3640714325606 0 3 3 0 3 0 0 0 0 0
-170.63917316097965 0 3 3 0 3 0 0 0 0 3
-155.96938686731482 0 3 3 0 3 0 0 0 3 0
0.5913371948938579 0 3 3 0 3 0 0 0 3 3
-0.0008293681688730342 0 3 3 0 3 0 0 1 1 0
-0.0008293681688730342 0 3 3 0 3 0 0 2 2 0
-160.72692901069556 0 3 3 0 3 0 0 3 0 0
0.6029210739186502 0 3 3 0 3 0 0 3 0 3
0.6003201140205379 0 3 3 0 3 0 0 3 3 0
0.0997552201023615 0 3 3 0 3 0 0 3 3 3
-161.60374912396148 0 3 3 0 3 0 3 0 0 0
0.6167130594136062 0 3 3 0 3 0 3 0 0 3
0.6201467233346419 0 3 3 0 3 0 3 0 3 0
0.09710894658026625 0 3 3 0 3 0 3 0 3 3
0.6328275099933733 0 3 3 0 3 0 3 3 0 0
0.09942466852648231 0 3 3 0 3 0 3 3 0 3
0.09354144244485162 0 3 3 0 3 0 3 3 3 0
2.1772935110834775 0 3 3 0 3 1 1 0 1 1
-40.146195029154356 0 3 3 0 3 1 1 0 2 2
0.0009743580339476026 0 3 3 0 3 1 1 1 0 1
-0.40902073033816544 0 3 3 0 3 1 1 1 3 1
-0.017968853125141647 0 3 3 0 3 1 1 2 0 2
7.541800597367794 0 3 3 0 3 1 1 2 3 2
0.3659783608077897 0 3 3 0 3 1 1 3 1 1
-6.748014125175045 0 3 3 0 3 1 1 3 2 2
0.00010248045376319288 0 3 3 0 3 1 2 0 1 2
42.32338605978408 0 3 3 0 3 1 2 0 2 1
-2.1340519386223817e-05 0 3 3 0 3 1 2 1 3 2
0.018943211159089247 0 3 3 0 3 1 2 2 0 1
-7.950799987186571 0 3 3 0 3 1 2 2 3 1
2.0985885001299007e-05 0 3 3 0 3 1 2 3 1 2
7.113971500097833 0 3 3 0 3 1 2 3 2 1
42.32338605978408 0 3 3 0 3 2 1 0 1 2
0.00010248045376319288 0 3 3 0 3 2 1 0 2 1
0.018943211159089247 0 3 3 0 3 2 1 1 0 2
-7.950799987186571 0 3 3 0 3 2 1 1 3 2
-2.1340519386223817e-05 0 3 3 0 3 2 1 2 3 1
7.113971500097833 0 3 3 0 3 2 1 3 1 2
2.0985885001299007e-05 0 3 3 0 3 2 1 3 2 1
-40.146195029154356 0 3 3 0 3 2 2 0 1 1
2.1772935110834775 0 3 3 0 3 2 2 0 2 2
-0.017968853125141647 0 3 3 0 3 2 2 1 0 1
7.541800597367793 0 3 3 0 3 2 2 1 3 1
0.0009743580339476026 0 3 3 0 3 2 2 2 0 2
-0.4090207303381655 0 3 3 0 3 2 2 2 3 2
-6.748014125175044 0 3 3 0 3 2 2 3 1 1
0.36597836080778967 0 3 3 0 3 2 2 3 2 2
-158.09380502871755 0 3 3 0 3 3 0 0 0 0
0.6354817993777897 0 3 3 0 3 3 0 0 0 3
0.620334839748519 0 3 3 0 3 3 0 0 3 0
0.09831234567509542 0 3 3 0 3 3 0 0 3 3
-0.0014247206246489755 0 3 3 0 3 3 0 1 1 0
-0.0014247206246489755 0 3 3 0 3 3 0 2 2 0
0.6276582786852808 0 3 3 0 3 3 0 3 0 0
0.09955456568426323 0 3 3 0 3 3 0 3 0 3
0.09105398877686728 0 3 3 0 3 3 0 3 3 0
0.6587368339087549 0 3 3 0 3 3 3 0 0 0
0.09883859460344054 0 3 3 0 3 3 3 0 0 3
0.09147479425614095 0 3 3 0 3 3 3 0 3 0
0.09265370398616814 0 3 3 0 3 3 3 3 0 0
0.0002592871239195253 0 3 3 1 1 0 0 0 1 1
0.0002592871239195253 0 3 3 1 1 0 0 0 2 2
0.0002156283940460182 0 3 3 1 1 0 0 1 0 1
4.784338969831415e-05 0 3 3 1 1 0 0 1 3 1
0.0002156283940460182 0 3 3 1 1 0 0 2 0 2
4.784338969831415e-05 0 3 3 1 1 0 0 2 3 2
3.3784267601766566e-05 0 3 3 1 1 0 3 1 0 1
3.3784267601766566e-05 0 3 3 1 1 0 3 2 0 2
0.2039494881475022 0 3 3 1 1 1 1 0 0 0
-0.0007436798328524848 0 3 3 1 1 1 1 0 0 3
1.3502742480349625 0 3 3 1 1 1 1 0 3 0
0.21809141077626926 0 3 3 1 1 1 1 0 3 3
8.207368292791835e-07 0 3 3 1 1 1 1 1 1 0
-3.731672822974674e-06 0 3 3 1 1 1 1 2 2 0
-0.00046143720918983514 0 3 3 1 1 1 1 3 0 0
-0.00012930711099134757 0 3 3 1 1 1 1 3 0 3
0.22465511972083277 0 3 3 1 1 1 1 3 3 0
-0.0004293818032689094 0 3 3 1 1 1 1 3 3 3
9.03299047323835e-06 0 3 3 1 1 1 2 1 2 0
-4.4805808209845015e-06 0 3 3 1 1 1 2 2 1 0
-4.4805808209845015e-06 0 3 3 1 1 2 1 1 2 0
9.03299047323835e-06 0 3 3 1 1 2 1 2 1 0
0.2039494881475022 0 3 3 1 1 2 2 0 0 0
-0.0007436798328524848 0 3 3 1 1 2 2 0 0 3
1.3502742480349623 0 3 3 1 1 2 2 0 3 0
0.21809141077626926 0 3 3 1 1 2 2 0 3 3
-3.731672822974674e-06 0 3 3 1 1 2 2 1 1 0
8.207368292791835e-07 0 3 3 1 1 2 2 2 2 0
-0.00046143720918983514 0 3 3 1 1 2 2 3 0 0
-0.00012930711099134757 0 3 3 1 1 2 2 3 0 3
0.2246551197208328 0 3 3 1 1 2 2 3 3 0
-0.0004293818032689094 0 3 3 1 1 2 2 3 3 3
-0.00016166270427798036 0 3 3 1 1 3 0 1 0 1
1.8891082411048362e-05 0 3 3 1 1 3 0 1 3 1
-0.00016166270427798036 0 3 3 1 1 3 0 2 0 2
1.8891082411048362e-05 0 3 3 1 1 3 0 2 3 2
-2.8554897605562304e-05 0 3 3 1 1 3 3 1 0 1
-2.8554897605562304e-05 0 3 3 1 1 3 3 2 0 2
3.8962211858575624 0 3 3 1 2 0 0 0 1 2
-3.8962211858575624 0 3 3 1 2 0 0 0 2 1
-5.168159721252428e-05 0 3 3 1 2 0 0 1 0 2
5.168159721252428e-05 0 3 3 1 2 0 0 2 0 1
-0.010430477407780088 0 3 3 1 2 0 0 3 1 2
0.010430477407780088 0 3 3 1 2 0 0 3 2 1
-0.011530747406338408 0 3 3 1 2 0 3 0 1 2
0.011530747406338408 0 3 3 1 2 0 3 0 2 1
-0.001638929799956576 0 3 3 1 2 0 3 3 1 2
0.001638929799956576 0 3 3 1 2 0 3 3 2 1
0.013332485876388201 0 3 3 1 2 1 1 1 2 0
-2.961641754665421e-05 0 3 3 1 2 1 1 1 2 3
-0.01347485544830097 0 3 3 1 2 1 1 2 1 0
-0.00044040416269760976 0 3 3 1 2 1 1 2 1 3
-0.00010902948934806707 0 3 3 1 2 1 2 0 0 0
-0.0007004447563353465 0 3 3 1 2 1 2 0 3 0
-0.00011134091983943616 0 3 3 1 2 1 2 0 3 3
-1.441410109599797e-06 0 3 3 1 2 1 2 1 1 0
-0.00014381098202237338 0 3 3 1 2 1 2 2 2 0
-0.00047002058024426396 0 3 3 1 2 1 2 2 2 3
-0.00011756227238132353 0 3 3 1 2 1 2 3 3 0
0.00010902948934806707 0 3 3 1 2 2 1 0 0 0
0.0007004447563353465 0 3 3 1 2 2 1 0 3 0
0.00011134091983943616 0 3 3 1 2 2 1 0 3 3
0.00014381098202237338 0 3 3 1 2 2 1 1 1 0
0.00047002058024426396 0 3 3 1 2 2 1 1 1 3
1.441410109599797e-06 0 3 3 1 2 2 1 2 2 0
0.00011756227238132351 0 3 3 1 2 2 1 3 3 0
0.013474855448300972 0 3 3 1 2 2 2 1 2 0
0.00044040416269760976 0 3 3 1 2 2 2 1 2 3
-0.0133324858763882 0 3 3 1 2 2 2 2 1 0
2.961641754665421e-05 0 3 3 1 2 2 2 2 1 3
-0.010756096372880072 0 3 3 1 2 3 0 0 1 2
0.010756096372880072 0 3 3 1 2 3 0 0 2 1
-0.001416754714095717 0 3 3 1 2 3 0 3 1 2
0.001416754714095717 0 3 3 1 2 3 0 3 2 1
-0.0015553847201389172 0 3 3 1 2 3 3 0 1 2
0.0015553847201389172 0 3 3 1 2 3 3 0 2 1
-3.8962211858575624 0 3 3 2 1 0 0 0 1 2
3.8962211858575624 0 3 3 2 1 0 0 0 2 1
5.168159721252428e-05 0 3 3 2 1 0 0 1 0 2
-5.168159721252428e-05 0 3 3 2 1 0 0 2 0 1
0.010430477407780088 0 3 3 2 1 0 0 3 1 2
-0.010430477407780088 0 3 3 2 1 0 0 3 2 1
0.011530747406338408 0 3 3 2 1 0 3 0 1 2
-0.011530747406338408 0 3 3 2 1 0 3 0 2 1
0.001638929799956576 0 3 3 2 1 0 3 3 1 2
-0.001638929799956576 0 3 3 2 1 0 3 3 2 1
-0.0133324858763882 0 3 3 2 1 1 1 1 2 0
2.961641754665421e-05 0 3 3 2 1 1 1 1 2 3
0.013474855448300972 0 3 3 2 1 1 1 2 1 0
0.00044040416269760976 0 3 3 2 1 1 1 2 1 3
0.00010902948934806707 0 3 3 2 1 1 2 0 0 0
0.0007004447563353465 0 3 3 2 1 1 2 0 3 0
0.00011134091983943616 0 3 3 2 1 1 2 0 3 3
1.4414101095997936e-06 0 3 3 2 1 1 2 1 1 0
0.00014381098202237338 0 3 3 2 1 1 2 2 2 0
0.00047002058024426396 0 3 3 2 1 1 2 2 2 3
0.00011756227238132353 0 3 3 2 1 1 2 3 3 0
-0.00010902948934806707 0 3 3 2 1 2 1 0 0 0
-0.0007004447563353465 0 3 3 2 1 2 1 0 3 0
-0.00011134091983943616 0 3 3 2 1 2 1 0 3 3
-0.00014381098202237338 0 3 3 2 1 2 1 1 1 0
-0.00047002058024426396 0 3 3 2 1 2 1 1 1 3
-1.4414101095997936e-06 0 3 3 2 1 2 1 2 2 0
-0.00011756227238132351 0 3 3 2 1 2 1 3 3 0
-0.01347485544830097 0 3 3 2 1 2 2 1 2 0
-0.00044040416269760976 0 3 3 2 1 2 2 1 2 3
0.013332485876388201 0 3 3 2 1 2 2 2 1 0
-2.961641754665421e-05 0 3 3 2 1 2 2 2 1 3
0.010756096372880072 0 3 3 2 1 3 0 0 1 2
-0.010756096372880072 0 3 3 2 1 3 0 0 2 1
0.001416754714095717 0 3 3 2 1 3 0 3 1 2
-0.001416754714095717 0 3 3 2 1 3 0 3 2 1
0.0015553847201389172 0 3 3 2 1 3 3 0 1 2
-0.0015553847201389172 0 3 3 2 1 3 3 0 2 1
0.0002592871239195253 0 3 3 2 2 0 0 0 1 1
0.0002592871239195253 0 3 3 2 2 0 0 0 2 2
0.0002156283940460182 0 3 3 2 2 0 0 1 0 1
4.784338969831415e-05 0 3 3 2 2 0 0 1 3 1
0.0002156283940460182 0 3 3 2 2 0 0 2 0 2
4.784338969831415e-05 0 3 3 2 2 0 0 2 3 2
3.3784267601766566e-05 0 3 3 2 2 0 3 1 0 1
3.3784267601766566e-05 0 3 3 2 2 0 3 2 0 2
0.2039494881475022 0 3 3 2 2 1 1 0 0 0
-0.0007436798328524848 0 3 3 2 2 1 1 0 0 3
1.3502742480349623 0 3 3 2 2 1 1 0 3 0
0.21809141077626926 0 3 3 2 2 1 1 0 3 3
8.207368292791835e-07 0 3 3 2 2 1 1 1 1 0
-3.731672822974674e-06 0 3 3 2 2 1 1 2 2 0
-0.00046143720918983514 0 3 3 2 2 1 1 3 0 0
-0.00012930711099134757 0 3 3 2 2 1 1 3 0 3
0.2246551197208328 0 3 3 2 2 1 1 3 3 0
-0.0004293818032689094 0 3 3 2 2 1 1 3 3 3
9.03299047323835e-06 0 3 3 2 2 1 2 1 2 0
-4.480580820984495e-06 0 3 3 2 2 1 2 2 1 0
-4.480580820984495e-06 0 3 3 2 2 2 1 1 2 0
9.03299047323835e-06 0 3 3 2 2 2 1 2 1 0
0.2039494881475022 0 3 3 2 2 2 2 0 0 0
-0.0007436798328524848 0 3 3 2 2 2 2 0 0 3
1.3502742480349623 0 3 3 2 2 2 2 0 3 0
0.21809141077626926 0 3 3 2 2 2 2 0 3 3
-3.731672822974674e-06 0 3 3 2 2 2 2 1 1 0
8.207368292791835e-07 0 3 3 2 2 2 2 2 2 0
-0.00046143720918983514 0 3 3 2 2 2 2 3 0 0
-0.00012930711099134757 0 3 3 2 2 2 2 3 0 3
0.22465511972083277 0 3 3 2 2 2 2 3 3 0
-0.0004293818032689094 0 3 3 2 2 2 2 3 3 3
-0.00016166270427798036 0 3 3 2 2 3 0 1 0 1
1.8891082411048362e-05 0 3 3 2 2 3 0 1 3 1
-0.00016166270427798036 0 3 3 2 2 3 0 2 0 2
1.8891082411048362e-05 0 3 3 2 2 3 0 2 3 2
-2.8554897605562304e-05 0 3 3 2 2 3 3 1 0 1
-2.8554897605562304e-05 0 3 3 2 2 3 3 2 0 2
-1088.2901469821538 0 3 3 3 0 0 0 0 0 0
-165.37336885890986 0 3 3 3 0 0 0 0 0 3
-158.78089971831915 0 3 3 3 0 0 0 0 3 0
0.6209484120213513 0 3 3 3 0 0 0 0 3 3
2.6300276258442468 0 3 3 3 0 0 0 1 1 0
-0.007511862062125258 0 3 3 3 0 0 0 1 1 3
2.6300276258442468 0 3 3 3 0 0 0 2 2 0
-0.007511862062125258 0 3 3 3 0 0 0 2 2 3
-158.78463289346357 0 3 3 3 0 0 0 3 0 0
0.6204557485029641 0 3 3 3 0 0 0 3 0 3
0.6375057908262238 0 3 3 3 0 0 0 3 3 0
0.09721050932249997 0 3 3 3 0 0 0 3 3 3
-158.0386156207049 0 3 3 3 0 0 3 0 0 0
0.6251047317499675 0 3 3 3 0 0 3 0 0 3
0.654566781664748 0 3 3 3 0 0 3 0 3 0
0.09354144244485155 0 3 3 3 0 0 3 0 3 3
-0.008324568590102218 0 3 3 3 0 0 3 1 1 0
-0.0009882745755802986 0 3 3 3 0 0 3 1 1 3
-0.008324568590102218 0 3 3 3 0 0 3 2 2 0
-0.0009882745755802986 0 3 3 3 0 0 3 2 2 3
0.6540980372949321 0 3 3 3 0 0 3 3 0 0
0.09354144244485162 0 3 3 3 0 0 3 3 0 3
0.09189732451157982 0 3 3 3 0 0 3 3 3 0
-0.0006251855619885556 0 3 3 3 0 1 1 0 1 1
0.011982050639740364 0 3 3 3 0 1 1 0 2 2
0.0008475262574964528 0 3 3 3 0 1 1 1 0 1
-0.386796516536532 0 3 3 3 0 1 1 1 3 1
-0.01621266291960797 0 3 3 3 0 1 1 2 0 2
7.9226934294669125 0 3 3 3 0 1 1 2 3 2
-0.00011247569445902552 0 3 3 3 0 1 1 3 1 1
0.0021533076363855572 0 3 3 3 0 1 1 3 2 2
-0.012607236201728917 0 3 3 3 0 1 2 0 2 1
-1.8058846828640443e-05 0 3 3 3 0 1 2 1 3 2
0.01706018917710442 0 3 3 3 0 1 2 2 0 1
-8.309471887156612 0 3 3 3 0 1 2 2 3 1
-0.002265783330844583 0 3 3 3 0 1 2 3 2 1
-0.012607236201728917 0 3 3 3 0 2 1 0 1 2
0.01706018917710442 0 3 3 3 0 2 1 1 0 2
-8.309471887156612 0 3 3 3 0 2 1 1 3 2
-1.8058846828640443e-05 0 3 3 3 0 2 1 2 3 1
-0.002265783330844583 0 3 3 3 0 2 1 3 1 2
0.011982050639740364 0 3 3 3 0 2 2 0 1 1
-0.0006251855619885556 0 3 3 3 0 2 2 0 2 2
-0.01621266291960797 0 3 3 3 0 2 2 1 0 1
7.9226934294669125 0 3 3 3 0 2 2 1 3 1
0.0008475262574964528 0 3 3 3 0 2 2 2 0 2
-0.386796516536532 0 3 3 3 0 2 2 2 3 2
0.0021533076363855572 0 3 3 3 0 2 2 3 1 1
-0.00011247569445902552 0 3 3 3 0 2 2 3 2 2
-156.71821172594238 0 3 3 3 0 3 0 0 0 0
0.6541690674133089 0 3 3 3 0 3 0 0 0 3
0.6567249550473935 0 3 3 3 0 3 0 0 3 0
0.09596934127198765 0 3 3 3 0 3 0 0 3 3
4.91605378224823 0 3 3 3 0 3 0 1 1 0
-0.013020676883905848 0 3 3 3 0 3 0 1 1 3
4.91605378224823 0 3 3 3 0 3 0 2 2 0
-0.013020676883905848 0 3 3 3 0 3 0 2 2 3
0.6499023480250903 0 3 3 3 0 3 0 3 0 0
0.0949989520862461 0 3 3 3 0 3 0 3 0 3
0.08950427742749024 0 3 3 3 0 3 0 3 3 0
0.6803001023828695 0 3 3 3 0 3 3 0 0 0
0.09344536500508625 0 3 3 3 0 3 3 0 0 3
0.08990106174695506 0 3 3 3 0 3 3 0 3 0
-0.014549226379003787 0 3 3 3 0 3 3 1 1 0
-0.001655838492798622 0 3 3 3 0 3 3 1 1 3
-0.014549226379003787 0 3 3 3 0 3 3 2 2 0
-0.001655838492798622 0 3 3 3 0 3 3 2 2 3
0.08896827361534476 0 3 3 3 0 3 3 3 0 0
-145.169363001799 0 3 3 3 3 0 0 0 0 0
0.5757343245763792 0 3 3 3 3 0 0 0 0 3
0.5807152706213997 0 3 3 3 3 0 0 0 3 0
0.09780999280921397 0 3 3 3 3 0 0 0 3 3
-0.006517913799339433 0 3 3 3 3 0 0 1 1 0
-0.0010054431117528133 0 3 3 3 3 0 0 1 1 3
-0.006517913799339433 0 3 3 3 3 0 0 2 2 0
-0.0010054431117528133 0 3 3 3 3 0 0 2 2 3
0.5802807337730302 0 3 3 3 3 0 0 3 0 0
0.09780999280921403 0 3 3 3 3 0 0 3 0 3
0.09250276001179066 0 3 3 3 3 0 0 3 3 0
0.6020255361022223 0 3 3 3 3 0 3 0 0 0
0.09595108560715826 0 3 3 3 3 0 3 0 0 3
0.09190251264489496 0 3 3 3 3 0 3 0 3 0
-0.0009544903079785321 0 3 3 3 3 0 3 1 1 0
-0.0009544903079785321 0 3 3 3 3 0 3 2 2 0
0.09190251264489503 0 3 3 3 3 0 3 3 0 0
0.31567231156193853 0 3 3 3 3 1 1 0 1 1
-5.820579377338612 0 3 3 3 3 1 1 0 2 2
-0.43073348056924243 0 3 3 3 3 1 1 1 0 1
-2.8213317320989795 0 3 3 3 3 1 1 1 3 1
7.941945321523059 0 3 3 3 3 1 1 2 0 2
52.01906316726516 0 3 3 3 3 1 1 2 3 2
-0.0007519859754073837 0 3 3 3 3 1 1 3 1 1
0.01386792644333891 0 3 3 3 3 1 1 3 2 2
1.6470096953305718e-05 0 3 3 3 3 1 2 0 1 2
6.136235218803593 0 3 3 3 3 1 2 0 2 1
-2.173884019931944e-05 0 3 3 3 3 1 2 1 0 2
-0.00024068119043429772 0 3 3 3 3 1 2 1 3 2
-8.372657063252102 0 3 3 3 3 1 2 2 0 1
-54.84015421817368 0 3 3 3 3 1 2 2 3 1
-0.014619912418746293 0 3 3 3 3 1 2 3 2 1
6.136235218803593 0 3 3 3 3 2 1 0 1 2
1.6470096953305827e-05 0 3 3 3 3 2 1 0 2 1
-8.372657063252102 0 3 3 3 3 2 1 1 0 2
-54.84015421817369 0 3 3 3 3 2 1 1 3 2
-2.173884019931944e-05 0 3 3 3 3 2 1 2 0 1
-0.00024068119043429772 0 3 3 3 3 2 1 2 3 1
-0.014619912418746293 0 3 3 3 3 2 1 3 1 2
-5.820579377338611 0 3 3 3 3 2 2 0 1 1
0.31567231156193853 0 3 3 3 3 2 2 0 2 2
7.941945321523059 0 3 3 3 3 2 2 1 0 1
52.019063167265166 0 3 3 3 3 2 2 1 3 1
-0.4307334805692425 0 3 3 3 3 2 2 2 0 2
-2.8213317320989795 0 3 3 3 3 2 2 2 3 2
0.01386792644333891 0 3 3 3 3 2 2 3 1 1
-0.0007519859754073837 0 3 3 3 3 2 2 3 2 2
0.6080356319896392 0 3 3 3 3 3 0 0 0 0
0.09805545271581842 0 3 3 3 3 3 0 0 0 3
0.09127368608070639 0 3 3 3 3 3 0 0 3 0
-0.010261445340961127 0 3 3 3 3 3 0 1 1 0
-0.0016527466465774618 0 3 3 3 3 3 0 1 1 3
-0.010261445340961127 0 3 3 3 3 3 0 2 2 0
-0.0016527466465774618 0 3 3 3 3 3 0 2 2 3
0.09052722192488596 0 3 3 3 3 3 0 3 0 0
0.0914879241272966 0 3 3 3 3 3 3 0 0 0
-0.0015729435617182837 0 3 3 3 3 3 3 1 1 0
-0.0015729435617182837 0 3 3 3 3 3 3 2 2 0
-0.2439560564591184 1 0 0 0 1 0 1 0 1 0
0.00027476403579442877 1 0 0 0 1 0 1 0 1 3
-3.1857292485456024e-05 1 0 0 0 1 0 1 1 0 0
3.737876284499146e-05 1 0 0 0 1 0 1 1 3 0
-6.198191197710374e-05 1 0 0 0 1 0 1 1 3 3
-4.918243545265972e-05 1 0 0 0 1 0 1 3 1 0
4.6972613206019115e-05 1 0 0 0 1 0 1 3 1 3
-0.24395605645911833 1 0 0 0 1 0 2 0 2 0
0.00027476403579442877 1 0 0 0 1 0 2 0 2 3
-3.1857292485456024e-05 1 0 0 0 1 0 2 2 0 0
3.737876284499146e-05 1 0 0 0 1 0 2 2 3 0
-6.198191197710375e-05 1 0 0 0 1 0 2 2 3 3
-4.918243545265972e-05 1 0 0 0 1 0 2 3 2 0
4.6972613206019115e-05 1 0 0 0 1 0 2 3 2 3
-2.69078424786145 1 0 0 0 1 1 0 0 0 1
0.0019151583574693537 1 0 0 0 1 1 0 0 3 1
4.366883175400485e-05 1 0 0 0 1 1 0 1 1 1
3.233422241876301e-05 1 0 0 0 1 1 0 1 2 2
1.125783933011442e-08 1 0 0 0 1 1 0 2 1 2
1.1323351495911738e-05 1 0 0 0 1 1 0 2 2 1
0.0018911305663066678 1 0 0 0 1 1 0 3 0 1
0.00029195777542970636 1 0 0 0 1 1 0 3 3 1
0.0022950775562451506 1 0 0 0 1 1 3 0 0 1
0.0002646800384593988 1 0 0 0 1 1 3 0 3 1
0.00025515206348910983 1 0 0 0 1 1 3 3 0 1
-2.6907842478614494 1 0 0 0 1 2 0 0 0 2
0.0019151583574693537 1 0 0 0 1 2 0 0 3 2
1.1323351495911738e-05 1 0 0 0 1 2 0 1 1 2
1.125783933011442e-08 1 0 0 0 1 2 0 1 2 1
3.233422241876301e-05 1 0 0 0 1 2 0 2 1 1
4.3668831754004866e-05 1 0 0 0 1 2 0 2 2 2
0.0018911305663066678 1 0 0 0 1 2 0 3 0 2
0.00029195777542970636 1 0 0 0 1 2 0 3 3 2
0.0022950775562451506 1 0 0 0 1 2 3 0 0 2
0.0002646800384593988 1 0 0 0 1 2 3 0 3 2
0.00025515206348910983 1 0 0 0 1 2 3 3 0 2
1.0170418516095696 1 0 0 0 1 3 1 0 1 0
0.09073822189242313 1 0 0 0 1 3 1 0 1 3
0.0003952997051195312 1 0 0 0 1 3 1 1 0 0
5.138278752621529e-05 1 0 0 0 1 3 1 1 0 3
-0.15103831218600616 1 0 0 0 1 3 1 1 3 0
0.00032291964637017176 1 0 0 0 1 3 1 1 3 3
0.12705343818322004 1 0 0 0 1 3 1 3 1 0
-0.0002461861751013084 1 0 0 0 1 3 1 3 1 3
1.0170418516095694 1 0 0 0 1 3 2 0 2 0
0.0907382218924231 1 0 0 0 1 3 2 0 2 3
0.0003952997051195312 1 0 0 0 1 3 2 2 0 0
5.138278752621529e-05 1 0 0 0 1 3 2 2 0 3
-0.15103831218600616 1 0 0 0 1 3 2 2 3 0
0.00032291964637017176 1 0 0 0 1 3 2 2 3 3
0.12705343818322004 1 0 0 0 1 3 2 3 2 0
-0.0002461861751013084 1 0 0 0 1 3 2 3 2 3
-2.9660771977476028e-05 1 0 0 0 2 0 1 0 2 0
2.966077197747602e-05 1 0 0 0 2 0 2 0 1 0
-14638.404038150818 1 0 0 0 2 1 0 0 0 2
21.581298661280297 1 0 0 0 2 1 0 0 3 2
0.6109514558651766 1 0 0 0 2 1 0 1 1 2
-0.6108811935020674 1 0 0 0 2 1 0 1 2 1
-1.347844973849068e-06 1 0 0 0 2 1 0 2 1 1
6.891451813513003e-05 1 0 0 0 2 1 0 2 2 2
21.491539230739864 1 0 0 0 2 1 0 3 0 2
3.1157808054620046 1 0 0 0 2 1 0 3 3 2
25.98358537828123 1 0 0 0 2 1 3 0 0 2
2.9625497403132717 1 0 0 0 2 1 3 0 3 2
-0.0005082303781436331 1 0 0 0 2 1 3 1 1 2
0.0005423722711403006 1 0 0 0 2 1 3 1 2 1
3.414189299666755e-05 1 0 0 0 2 1 3 2 2 2
2.951993863468076 1 0 0 0 2 1 3 3 0 2
-0.007166165273545279 1 0 0 0 2 1 3 3 3 2
14638.404038150818 1 0 0 0 2 2 0 0 0 1
-21.581298661280297 1 0 0 0 2 2 0 0 3 1
-6.891451813513003e-05 1 0 0 0 2 2 0 1 1 1
1.347844973849068e-06 1 0 0 0 2 2 0 1 2 2
0.6108811935020675 1 0 0 0 2 2 0 2 1 2
-0.6109514558651765 1 0 0 0 2 2 0 2 2 1
-21.491539230739864 1 0 0 0 2 2 0 3 0 1
-3.1157808054620046 1 0 0 0 2 2 0 3 3 1
-25.98358537828123 1 0 0 0 2 2 3 0 0 1
-2.9625497403132712 1 0 0 0 2 2 3 0 3 1
-3.414189299666755e-05 1 0 0 0 2 2 3 1 1 1
-0.0005423722711403006 1 0 0 0 2 2 3 2 1 2
0.0005082303781436331 1 0 0 0 2 2 3 2 2 1
-2.9519938634680756 1 0 0 0 2 2 3 3 0 1
0.007166165273545279 1 0 0 0 2 2 3 3 3 1
-0.0006074977047130664 1 0 0 0 2 3 1 0 2 0
-0.0001299304929502691 1 0 0 0 2 3 1 0 2 3
9.547618151955485e-05 1 0 0 0 2 3 1 2 3 0
-8.697718496315385e-05 1 0 0 0 2 3 1 3 2 0
0.0006074977047130664 1 0 0 0 2 3 2 0 1 0
0.0001299304929502691 1 0 0 0 2 3 2 0 1 3
-9.547618151955485e-05 1 0 0 0 2 3 2 1 3 0
8.697718496315385e-05 1 0 0 0 2 3 2 3 1 0
5.884500326911054e-06 1 0 0 1 0 0 1 1 1 1
4.264462659965384e-05 1 0 0 1 0 0 1 1 2 2
-3.676012627274278e-05 1 0 0 1 0 0 1 2 1 2
-3.676012627274278e-05 1 0 0 1 0 0 2 1 2 1
4.264462659965384e-05 1 0 0 1 0 0 2 2 1 1
5.884500326911054e-06 1 0 0 1 0 0 2 2 2 2
-1.730931759679684 1 0 0 1 0 1 0 0 1 0
0.0009638950470786864 1 0 0 1 0 1 0 0 1 3
35429.958576528654 1 0 0 1 0 1 0 1 0 0
-35.91704807445346 1 0 0 1 0 1 0 1 0 3
-52.672674791888596 1 0 0 1 0 1 0 1 3 0
-7.882317017464531 1 0 0 1 0 1 0 1 3 3
0.0013123431613588704 1 0 0 1 0 1 0 3 1 0
0.0001924022827932741 1 0 0 1 0 1 0 3 1 3
0.0015152865458162889 1 0 0 1 0 1 3 0 1 0
0.00016194810893198624 1 0 0 1 0 1 3 0 1 3
-62.90256107299297 1 0 0 1 0 1 3 1 0 0
-4.851331271300648 1 0 0 1 0 1 3 1 0 3
-7.209132391572774 1 0 0 1 0 1 3 1 3 0
0.014346900888030954 1 0 0 1 0 1 3 1 3 3
0.00017735650511352538 1 0 0 1 0 1 3 3 1 0
-1.7309317596796843 1 0 0 1 0 2 0 0 2 0
0.0009638950470786873 1 0 0 1 0 2 0 0 2 3
35429.958576528654 1 0 0 1 0 2 0 2 0 0
-35.91704807445346 1 0 0 1 0 2 0 2 0 3
-52.672674791888596 1 0 0 1 0 2 0 2 3 0
-7.882317017464531 1 0 0 1 0 2 0 2 3 3
0.0013123431613588704 1 0 0 1 0 2 0 3 2 0
0.0001924022827932741 1 0 0 1 0 2 0 3 2 3
0.0015152865458162906 1 0 0 1 0 2 3 0 2 0
0.00016194810893198624 1 0 0 1 0 2 3 0 2 3
-62.90256107299297 1 0 0 1 0 2 3 2 0 0
-4.851331271300645 1 0 0 1 0 2 3 2 0 3
-7.209132391572773 1 0 0 1 0 2 3 2 3 0
0.014346900888030954 1 0 0 1 0 2 3 2 3 3
0.0001773565051135256 1 0 0 1 0 2 3 3 2 0
2.6532755349954794e-05 1 0 0 1 0 3 1 0 3 1
2.2313300601412348e-05 1 0 0 1 0 3 1 1 1 1
2.5512939523788015e-05 1 0 0 1 0 3 1 1 2 2
-3.1996389223756652e-06 1 0 0 1 0 3 1 2 1 2
2.6532755349954794e-05 1 0 0 1 0 3 2 0 3 2
-3.1996389223756652e-06 1 0 0 1 0 3 2 1 2 1
2.5512939523788015e-05 1 0 0 1 0 3 2 2 1 1
2.2313300601412348e-05 1 0 0 1 0 3 2 2 2 2
3.027105491116567e-05 1 0 0 1 3 0 1 0 3 1
3.445959424650112e-05 1 0 0 1 3 0 1 1 1 1
0.0024519471398164214 1 0 0 1 3 0 1 1 2 2
-0.0024174875455699207 1 0 0 1 3 0 1 2 1 2
3.0271054911165562e-05 1 0 0 1 3 0 2 0 3 2
-0.0024174875455699207 1 0 0 1 3 0 2 1 2 1
0.0024519471398164214 1 0 0 1 3 0 2 2 1 1
3.445959424650112e-05 1 0 0 1 3 0 2 2 2 2
0.0009638950470786846 1 0 0 1 3 1 0 0 1 0
0.0002701419479581406 1 0 0 1 3 1 0 0 1 3
-35.917048074453476 1 0 0 1 3 1 0 1 0 0
-9.513973376997278 1 0 0 1 3 1 0 1 0 3
-8.493230545189014 1 0 0 1 3 1 0 1 3 0
0.015431044365569604 1 0 0 1 3 1 0 1 3 3
0.00020471749385858346 1 0 0 1 3 1 0 3 1 0
0.00020369212127239946 1 0 0 1 3 1 3 0 1 0
-8.561691664368677 1 0 0 1 3 1 3 1 0 0
0.015307976516972726 1 0 0 1 3 1 3 1 0 3
0.017645580105193542 1 0 0 1 3 1 3 1 3 0
0.002524808509962226 1 0 0 1 3 1 3 1 3 3
0.0009638950470786846 1 0 0 1 3 2 0 0 2 0
0.0002701419479581408 1 0 0 1 3 2 0 0 2 3
-35.917048074453476 1 0 0 1 3 2 0 2 0 0
-9.513973376997278 1 0 0 1 3 2 0 2 0 3
-8.493230545189014 1 0 0 1 3 2 0 2 3 0
0.015431044365569604 1 0 0 1 3 2 0 2 3 3
0.00020471749385858368 1 0 0 1 3 2 0 3 2 0
0.00020369212127239978 1 0 0 1 3 2 3 0 2 0
-8.561691664368677 1 0 0 1 3 2 3 2 0 0
0.015307976516972726 1 0 0 1 3 2 3 2 0 3
0.017645580105193542 1 0 0 1 3 2 3 2 3 0
0.002524808509962226 1 0 0 1 3 2 3 2 3 3
4.943356260066569e-05 1 0 0 1 3 3 1 0 0 1
0.00028871037341043107 1 0 0 1 3 3 1 0 3 1
-0.021601469882937353 1 0 0 1 3 3 1 1 1 1
0.0006327793339457215 1 0 0 1 3 3 1 1 2 2
-0.022232597483976917 1 0 0 1 3 3 1 2 1 2
-1.6517329061520944e-06 1 0 0 1 3 3 1 2 2 1
3.820751174728613e-05 1 0 0 1 3 3 1 3 3 1
4.943356260066591e-05 1 0 0 1 3 3 2 0 0 2
0.00028871037341043107 1 0 0 1 3 3 2 0 3 2
-1.6517329061520944e-06 1 0 0 1 3 3 2 1 1 2
-0.02223259748397692 1 0 0 1 3 3 2 1 2 1
0.0006327793339457215 1 0 0 1 3 3 2 2 1 1
-0.021601469882937353 1 0 0 1 3 3 2 2 2 2
3.820751174728613e-05 1 0 0 1 3 3 2 3 3 2
0.0017380169892177268 1 0 0 2 0 0 1 0 0 2
0.011533656505915466 1 0 0 2 0 0 1 0 3 2
0.0017338249411860212 1 0 0 2 0 0 1 3 3 2
-0.0017380169892177268 1 0 0 2 0 0 2 0 0 1
-0.011533656505915466 1 0 0 2 0 0 2 0 3 1
-0.0017338249411860212 1 0 0 2 0 0 2 3 3 1
-36675.16268939764 1 0 0 2 0 1 0 0 2 0
37.17796523643317 1 0 0 2 0 1 0 0 2 3
-0.25646793713203697 1 0 0 2 0 1 0 2 0 0
0.00010111171632280537 1 0 0 2 0 1 0 2 0 3
0.00019441979344750424 1 0 0 2 0 1 0 2 3 0
2.8041420397429892e-05 1 0 0 2 0 1 0 2 3 3
54.26778593546172 1 0 0 2 0 1 0 3 2 0
8.159057168143473 1 0 0 2 0 1 0 3 2 3
65.1110543634968 1 0 0 2 0 1 3 0 2 0
5.5089861779027745 1 0 0 2 0 1 3 0 2 3
0.00023964166039015783 1 0 0 2 0 1 3 2 0 0
2.4102292634905695e-05 1 0 0 2 0 1 3 2 0 3
2.5582544218816618e-05 1 0 0 2 0 1 3 2 3 0
7.462341403055191 1 0 0 2 0 1 3 3 2 0
-0.015187931169515438 1 0 0 2 0 1 3 3 2 3
36675.16268939764 1 0 0 2 0 2 0 0 1 0
-37.17796523643317 1 0 0 2 0 2 0 0 1 3
0.25646793713203725 1 0 0 2 0 2 0 1 0 0
-0.00010111171632280537 1 0 0 2 0 2 0 1 0 3
-0.00019441979344750424 1 0 0 2 0 2 0 1 3 0
-2.8041420397429892e-05 1 0 0 2 0 2 0 1 3 3
-54.26778593546172 1 0 0 2 0 2 0 3 1 0
-8.159057168143475 1 0 0 2 0 2 0 3 1 3
-65.11105436349682 1 0 0 2 0 2 3 0 1 0
-5.5089861779027745 1 0 0 2 0 2 3 0 1 3
-0.00023964166039015697 1 0 0 2 0 2 3 1 0 0
-2.4102292634905695e-05 1 0 0 2 0 2 3 1 0 3
-2.5582544218816618e-05 1 0 0 2 0 2 3 1 3 0
-7.462341403055191 1 0 0 2 0 2 3 3 1 0
0.015187931169515438 1 0 0 2 0 2 3 3 1 3
0.01102211819804801 1 0 0 2 0 3 1 0 0 2
-2.396094287819058 1 0 0 2 0 3 1 0 3 2
0.0017773315112152332 1 0 0 2 0 3 1 3 0 2
0.01101501997771418 1 0 0 2 0 3 1 3 3 2
-0.01102211819804801 1 0 0 2 0 3 2 0 0 1
2.396094287819057 1 0 0 2 0 3 2 0 3 1
-0.0017773315112152332 1 0 0 2 0 3 2 3 0 1
-0.01101501997771418 1 0 0 2 0 3 2 3 3 1
0.013789817866651507 1 0 0 2 3 0 1 0 0 2
-6.083044935911872 1 0 0 2 3 0 1 0 3 2
0.0014173419187073727 1 0 0 2 3 0 1 3 0 2
0.013054506515341477 1 0 0 2 3 0 1 3 3 2
-0.013789817866651507 1 0 0 2 3 0 2 0 0 1
6.083044935911871 1 0 0 2 3 0 2 0 3 1
-0.0014173419187073727 1 0 0 2 3 0 2 3 0 1
-0.013054506515341477 1 0 0 2 3 0 2 3 3 1
37.17796523643317 1 0 0 2 3 1 0 0 2 0
10.10026583013867 1 0 0 2 3 1 0 0 2 3
0.00010111171632280769 1 0 0 2 3 1 0 2 0 0
2.87531655066022e-05 1 0 0 2 3 1 0 2 0 3
2.940052321060891e-05 1 0 0 2 3 1 0 2 3 0
8.791428207739049 1 0 0 2 3 1 0 3 2 0
-0.016122185065372992 1 0 0 2 3 1 0 3 2 3
8.86235100209811 1 0 0 2 3 1 3 0 2 0
-0.01631650536545081 1 0 0 2 3 1 3 0 2 3
3.1046674547443687e-05 1 0 0 2 3 1 3 2 0 0
-0.018234104985596782 1 0 0 2 3 1 3 3 2 0
-0.002697485734381384 1 0 0 2 3 1 3 3 2 3
-37.17796523643317 1 0 0 2 3 2 0 0 1 0
-10.10026583013867 1 0 0 2 3 2 0 0 1 3
-0.00010111171632280769 1 0 0 2 3 2 0 1 0 0
-2.8753165506602415e-05 1 0 0 2 3 2 0 1 0 3
-2.940052321060869e-05 1 0 0 2 3 2 0 1 3 0
-8.791428207739049 1 0 0 2 3 2 0 3 1 0
0.016122185065372992 1 0 0 2 3 2 0 3 1 3
-8.86235100209811 1 0 0 2 3 2 3 0 1 0
0.01631650536545081 1 0 0 2 3 2 3 0 1 3
-3.104667454744358e-05 1 0 0 2 3 2 3 1 0 0
0.018234104985596782 1 0 0 2 3 2 3 3 1 0
0.002697485734381384 1 0 0 2 3 2 3 3 1 3
-6.282799964502263 1 0 0 2 3 3 1 0 0 2
-50.15159110502229 1 0 0 2 3 3 1 0 3 2
7.0787036275899654e-06 1 0 0 2 3 3 1 1 1 2
1.2330553693700622e-06 1 0 0 2 3 3 1 1 2 1
-1.257525463244015e-05 1 0 0 2 3 3 1 2 1 1
-4.263495635480095e-06 1 0 0 2 3 3 1 2 2 2
0.014666690067611031 1 0 0 2 3 3 1 3 0 2
-6.26630664818645 1 0 0 2 3 3 1 3 3 2
6.282799964502263 1 0 0 2 3 3 2 0 0 1
50.151591105022284 1 0 0 2 3 3 2 0 3 1
4.263495635480095e-06 1 0 0 2 3 3 2 1 1 1
1.257525463244015e-05 1 0 0 2 3 3 2 1 2 2
-1.2330553693700622e-06 1 0 0 2 3 3 2 2 1 2
-7.0787036275899654e-06 1 0 0 2 3 3 2 2 2 1
-0.014666690067611031 1 0 0 2 3 3 2 3 0 1
6.26630664818645 1 0 0 2 3 3 2 3 3 1
0.0004955079401228405 1 0 0 3 1 0 1 0 1 0
0.00016560681351691697 1 0 0 3 1 0 1 0 1 3
6.372632293633936e-05 1 0 0 3 1 0 1 1 0 0
-6.0863027436121005e-05 1 0 0 3 1 0 1 1 0 3
0.3160970434486409 1 0 0 3 1 0 1 1 3 0
-0.0003560153439977821 1 0 0 3 1 0 1 1 3 3
3.40685949179392e-05 1 0 0 3 1 0 1 3 1 0
0.0004955079401228405 1 0 0 3 1 0 2 0 2 0
0.000165606813516917 1 0 0 3 1 0 2 0 2 3
6.372632293633936e-05 1 0 0 3 1 0 2 2 0 0
-6.0863027436121005e-05 1 0 0 3 1 0 2 2 0 3
0.3160970434486409 1 0 0 3 1 0 2 2 3 0
-0.0003560153439977821 1 0 0 3 1 0 2 2 3 3
3.40685949179392e-05 1 0 0 3 1 0 2 3 2 0
0.0019151583574693529 1 0 0 3 1 1 0 0 0 1
0.00039052318883132117 1 0 0 3 1 1 0 0 3 1
-4.586005820548936e-05 1 0 0 3 1 1 0 1 1 1
-4.586005820548954e-05 1 0 0 3 1 1 0 2 2 1
0.00032173251648540444 1 0 0 3 1 1 0 3 0 1
0.0002818565278053303 1 0 0 3 1 1 3 0 0 1
-1.8185337293777367e-05 1 0 0 3 1 1 3 1 1 1
-1.8185337293777414e-05 1 0 0 3 1 1 3 2 2 1
0.0019151583574693529 1 0 0 3 1 2 0 0 0 2
0.0003905231888313214 1 0 0 3 1 2 0 0 3 2
-4.586005820548954e-05 1 0 0 3 1 2 0 1 1 2
-4.586005820548936e-05 1 0 0 3 1 2 0 2 2 2
0.00032173251648540444 1 0 0 3 1 2 0 3 0 2
0.00028185652780533024 1 0 0 3 1 2 3 0 0 2
-1.8185337293777414e-05 1 0 0 3 1 2 3 1 1 2
-1.8185337293777367e-05 1 0 0 3 1 2 3 2 2 2
-0.43846596267472837 1 0 0 3 1 3 1 0 1 0
0.0004648009128984196 1 0 0 3 1 3 1 0 1 3
-0.16462479658270268 1 0 0 3 1 3 1 1 0 0
0.0003189866372532304 1 0 0 3 1 3 1 1 0 3
-1.3177943889709973 1 0 0 3 1 3 1 1 3 0
-0.11757069729805354 1 0 0 3 1 3 1 1 3 3
0.0001116847442002998 1 0 0 3 1 3 1 3 1 0
7.756045391591509e-05 1 0 0 3 1 3 1 3 1 3
-0.43846596267472837 1 0 0 3 1 3 2 0 2 0
0.0004648009128984196 1 0 0 3 1 3 2 0 2 3
-0.16462479658270268 1 0 0 3 1 3 2 2 0 0
0.0003189866372532304 1 0 0 3 1 3 2 2 0 3
-1.317794388970997 1 0 0 3 1 3 2 2 3 0
-0.11757069729805354 1 0 0 3 1 3 2 2 3 3
0.0001116847442002998 1 0 0 3 1 3 2 3 2 0
7.756045391591509e-05 1 0 0 3 1 3 2 3 2 3
3.843184901644632e-05 1 0 0 3 2 0 1 2 3 0
-3.843184901644632e-05 1 0 0 3 2 0 2 1 3 0
21.58129866128029 1 0 0 3 2 1 0 0 0 2
4.2449912894949495 1 0 0 3 2 1 0 0 3 2
-0.17131715026176314 1 0 0 3 2 1 0 1 1 2
-0.17131715026176314 1 0 0 3 2 1 0 2 2 2
3.281433855072409 1 0 0 3 2 1 0 3 0 2
-0.007878898677409922 1 0 0 3 2 1 0 3 3 2
3.269477086033271 1 0 0 3 2 1 3 0 0 2
-0.008412212912293288 1 0 0 3 2 1 3 0 3 2
-0.020147217164200926 1 0 0 3 2 1 3 1 1 2
-0.020147217164200978 1 0 0 3 2 1 3 2 2 2
-0.007538839417897876 1 0 0 3 2 1 3 3 0 2
-0.0011216609140237753 1 0 0 3 2 1 3 3 3 2
-21.58129866128029 1 0 0 3 2 2 0 0 0 1
-4.2449912894949495 1 0 0 3 2 2 0 0 3 1
0.17131715026176317 1 0 0 3 2 2 0 1 1 1
0.17131715026176314 1 0 0 3 2 2 0 2 2 1
-3.281433855072409 1 0 0 3 2 2 0 3 0 1
0.007878898677409922 1 0 0 3 2 2 0 3 3 1
-3.269477086033271 1 0 0 3 2 2 3 0 0 1
0.008412212912293288 1 0 0 3 2 2 3 0 3 1
0.020147217164200974 1 0 0 3 2 2 3 1 1 1
0.020147217164200926 1 0 0 3 2 2 3 2 2 1
0.007538839417897876 1 0 0 3 2 2 3 3 0 1
0.0011216609140237753 1 0 0 3 2 2 3 3 3 1
-4.511353305778682e-05 1 0 0 3 2 3 1 0 2 0
0.00011269747270630202 1 0 0 3 2 3 1 2 0 0
0.0007871426975366605 1 0 0 3 2 3 1 2 3 0
0.00016835263396007213 1 0 0 3 2 3 1 2 3 3
4.5113533057786815e-05 1 0 0 3 2 3 2 0 1 0
-0.00011269747270630202 1 0 0 3 2 3 2 1 0 0
-0.0007871426975366607 1 0 0 3 2 3 2 1 3 0
-0.00016835263396007216 1 0 0 3 2 3 2 1 3 3
6.368572481480644e-05 1 0 1 0 0 1 0 0 1 0
-1.5965586630359447 1 0 1 0 0 1 0 1 0 0
0.0009109188560538241 1 0 1 0 0 1 0 1 0 3
0.001210479396295221 1 0 1 0 0 1 0 1 3 0
0.00017771033909369356 1 0 1 0 0 1 0 1 3 3
0.0001944197934475051 1 0 1 0 0 1 0 3 1 0
2.940052321060891e-05 1 0 1 0 0 1 0 3 1 3
0.001389729361742654 1 0 1 0 0 1 3 1 0 0
0.00014932002086069413 1 0 1 0 0 1 3 1 0 3
0.00016395285815028757 1 0 1 0 0 1 3 1 3 0
2.6516631977946078e-05 1 0 1 0 0 1 3 3 1 0
6.368572481480644e-05 1 0 1 0 0 2 0 0 2 0
-1.596558663035943 1 0 1 0 0 2 0 2 0 0
0.0009109188560538241 1 0 1 0 0 2 0 2 0 3
0.0012104793962952193 1 0 1 0 0 2 0 2 3 0
0.00017771033909369356 1 0 1 0 0 2 0 2 3 3
0.0001944197934475051 1 0 1 0 0 2 0 3 2 0
2.940052321060891e-05 1 0 1 0 0 2 0 3 2 3
0.001389729361742654 1 0 1 0 0 2 3 2 0 0
0.00014932002086069413 1 0 1 0 0 2 3 2 0 3
0.00016395285815028757 1 0 1 0 0 2 3 2 3 0
2.6516631977946078e-05 1 0 1 0 0 2 3 3 2 0
0.000910918856053824 1 0 1 0 3 1 0 1 0 0
0.0002550770945084751 1 0 1 0 3 1 0 1 0 3
0.00018931346561655918 1 0 1 0 3 1 0 1 3 0
2.804142039743011e-05 1 0 1 0 3 1 0 3 1 0
0.00018742561308396138 1 0 1 0 3 1 3 1 0 0
0.000910918856053824 1 0 1 0 3 2 0 2 0 0
0.0002550770945084751 1 0 1 0 3 2 0 2 0 3
0.00018931346561655918 1 0 1 0 3 2 0 2 3 0
2.804142039743011e-05 1 0 1 0 3 2 0 3 2 0
0.00018742561308396138 1 0 1 0 3 2 3 2 0 0
8.074147442913084e-07 1 0 1 0 3 3 1 1 1 1
-3.2904628610719046e-06 1 0 1 0 3 3 1 1 2 2
-5.463172331475125e-06 1 0 1 0 3 3 1 2 1 2
9.561049936838341e-06 1 0 1 0 3 3 1 2 2 1
-4.594121158700021e-05 1 0 1 0 3 3 1 3 3 1
9.561049936838341e-06 1 0 1 0 3 3 2 1 1 2
-5.463172331475125e-06 1 0 1 0 3 3 2 1 2 1
-3.2904628610719046e-06 1 0 1 0 3 3 2 2 1 1
8.074147442913084e-07 1 0 1 0 3 3 2 2 2 2
-4.594121158700021e-05 1 0 1 0 3 3 2 3 3 2
3.0305351866117384e-05 1 0 1 1 1 0 1 0 1 0
6.08071543378491e-05 1 0 1 1 1 0 1 3 1 0
7.0033848678937705e-06 1 0 1 1 1 0 1 3 1 3
3.0305351866117384e-05 1 0 1 1 1 0 2 0 2 0
6.08071543378491e-05 1 0 1 1 1 0 2 3 2 0
7.0033848678937705e-06 1 0 1 1 1 0 2 3 2 3
5.220246046590153e-05 1 0 1 1 1 1 0 0 0 1
1.552104325968768e-06 1 0 1 1 1 1 0 1 2 2
8.459181845075373e-07 1 0 1 1 1 1 0 2 1 2
-2.3980225104763043e-06 1 0 1 1 1 1 0 2 2 1
-4.5860058205489295e-05 1 0 1 1 1 1 0 3 0 1
1.1323351495911736e-05 1 0 1 1 1 1 0 3 3 1
-2.5479032177351534e-05 1 0 1 1 1 1 3 3 0 1
5.220246046590153e-05 1 0 1 1 1 2 0 0 0 2
-2.3980225104763043e-06 1 0 1 1 1 2 0 1 1 2
8.459181845075373e-07 1 0 1 1 1 2 0 1 2 1
1.552104325968768e-06 1 0 1 1 1 2 0 2 1 1
-4.5860058205489295e-05 1 0 1 1 1 2 0 3 0 2
1.1323351495911736e-05 1 0 1 1 1 2 0 3 3 2
-2.5479032177351534e-05 1 0 1 1 1 2 3 3 0 2
3.713055982638972e-05 1 0 1 1 1 3 1 0 1 0
4.2253171203820215e-06 1 0 1 1 1 3 1 0 1 3
-1.9134381055480166e-06 1 0 1 1 1 3 1 1 3 0
-0.03518799359471298 1 0 1 1 1 3 1 3 1 0
1.8380291484470956e-05 1 0 1 1 1 3 1 3 1 3
3.713055982638972e-05 1 0 1 1 1 3 2 0 2 0
4.2253171203820215e-06 1 0 1 1 1 3 2 0 2 3
-1.9134381055480166e-06 1 0 1 1 1 3 2 2 3 0
-0.03518799359471298 1 0 1 1 1 3 2 3 2 0
1.8380291484470956e-05 1 0 1 1 1 3 2 3 2 3
0.6109568725689707 1 0 1 1 2 1 0 0 0 2
-0.00043786956447889203 1 0 1 1 2 1 0 0 3 2
-3.730573743158076e-05 1 0 1 1 2 1 0 1 1 2
1.3155230848834737e-05 1 0 1 1 2 1 0 1 2 1
1.3161129249817044e-05 1 0 1 1 2 1 0 2 1 1
-1.0989377332928918e-05 1 0 1 1 2 1 0 2 2 2
-0.17131715026176308 1 0 1 1 2 1 0 3 0 2
6.891451813512999e-05 1 0 1 1 2 1 0 3 3 2
-0.0005470458642413071 1 0 1 1 2 1 3 0 0 2
-6.600658958274552e-05 1 0 1 1 2 1 3 0 3 2
0.030095841609406957 1 0 1 1 2 1 3 3 0 2
-4.703348245838291e-06 1 0 1 1 2 1 3 3 3 2
-0.6109568725689706 1 0 1 1 2 2 0 0 0 1
0.00043786956447889203 1 0 1 1 2 2 0 0 3 1
1.0989377332928925e-05 1 0 1 1 2 2 0 1 1 1
-1.3161129249817044e-05 1 0 1 1 2 2 0 1 2 2
-1.3155230848834737e-05 1 0 1 1 2 2 0 2 1 2
3.730573743158076e-05 1 0 1 1 2 2 0 2 2 1
0.1713171502617631 1 0 1 1 2 2 0 3 0 1
-6.891451813512999e-05 1 0 1 1 2 2 0 3 3 1
0.0005470458642413071 1 0 1 1 2 2 3 0 0 1
6.600658958274552e-05 1 0 1 1 2 2 3 0 3 1
-0.030095841609406957 1 0 1 1 2 2 3 3 0 1
4.703348245838291e-06 1 0 1 1 2 2 3 3 3 1
1.262078623178493e-06 1 0 1 1 2 3 1 2 3 0
8.414114883626872e-06 1 0 1 1 2 3 1 3 2 0
-1.262078623178493e-06 1 0 1 1 2 3 2 1 3 0
-8.414114883626872e-06 1 0 1 1 2 3 2 3 1 0
-3.8077397139151556e-05 1 0 1 2 1 0 1 2 0 0
-0.000517139175971226 1 0 1 2 1 0 1 2 3 0
-0.00011663112019543272 1 0 1 2 1 0 1 2 3 3
3.8077397139151556e-05 1 0 1 2 1 0 2 1 0 0
0.000517139175971226 1 0 1 2 1 0 2 1 3 0
0.00011663112019543272 1 0 1 2 1 0 2 1 3 3
-1.347844973849094e-06 1 0 1 2 1 1 0 0 0 2
1.315523084883473e-05 1 0 1 2 1 1 0 1 1 2
-7.992168411123981e-05 1 0 1 2 1 1 0 1 2 1
2.7376718545222105e-05 1 0 1 2 1 1 0 2 1 1
-3.9389734717182965e-05 1 0 1 2 1 1 0 2 2 2
1.3478449738490673e-06 1 0 1 2 1 1 0 3 3 2
1.347844973849094e-06 1 0 1 2 1 2 0 0 0 1
3.9389734717182965e-05 1 0 1 2 1 2 0 1 1 1
-2.73767185452221e-05 1 0 1 2 1 2 0 1 2 2
7.992168411123981e-05 1 0 1 2 1 2 0 2 1 2
-1.315523084883473e-05 1 0 1 2 1 2 0 2 2 1
-1.3478449738490673e-06 1 0 1 2 1 2 0 3 3 1
-0.0003963525315033519 1 0 1 2 1 3 1 2 0 0
-0.00011395544953903566 1 0 1 2 1 3 1 2 0 3
0.5278743492765183 1 0 1 2 1 3 1 2 3 0
-0.0007009381982148037 1 0 1 2 1 3 1 2 3 3
-2.4792667038666207e-06 1 0 1 2 1 3 1 3 2 0
0.0003963525315033519 1 0 1 2 1 3 2 1 0 0
0.00011395544953903566 1 0 1 2 1 3 2 1 0 3
-0.5278743492765183 1 0 1 2 1 3 2 1 3 0
0.0007009381982148037 1 0 1 2 1 3 2 1 3 3
2.4792667038666174e-06 1 0 1 2 1 3 2 3 1 0
1.1257839330066987e-08 1 0 1 2 2 1 0 0 0 1
1.5521043259687688e-06 1 0 1 2 2 1 0 1 1 1
-0.7979721579896067 1 0 1 2 2 1 0 1 2 2
0.16564206023307407 1 0 1 2 2 1 0 2 1 2
0.6323316498608585 1 0 1 2 2 1 0 2 2 1
-1.1257839330117809e-08 1 0 1 2 2 1 0 3 3 1
0.0007083882510430663 1 0 1 2 2 1 3 1 2 2
-0.00014698345216620308 1 0 1 2 2 1 3 2 1 2
-0.0005614047988768633 1 0 1 2 2 1 3 2 2 1
1.1257839330066987e-08 1 0 1 2 2 2 0 0 0 2
0.6323316498608587 1 0 1 2 2 2 0 1 1 2
0.16564206023307407 1 0 1 2 2 2 0 1 2 1
-0.7979721579896069 1 0 1 2 2 2 0 2 1 1
1.5521043259687654e-06 1 0 1 2 2 2 0 2 2 2
-1.1257839330117809e-08 1 0 1 2 2 2 0 3 3 2
-0.0005614047988768633 1 0 1 2 2 2 3 1 1 2
-0.00014698345216620308 1 0 1 2 2 2 3 1 2 1
0.0007083882510430663 1 0 1 2 2 2 3 2 1 1
3.976198036921754e-05 1 0 1 2 2 3 1 1 3 0
-1.6352917290795366e-06 1 0 1 2 2 3 1 3 1 0
3.9761980369217544e-05 1 0 1 2 2 3 2 2 3 0
-1.6352917290795366e-06 1 0 1 2 2 3 2 3 2 0
0.00019441979344750338 1 0 1 3 0 1 0 0 1 0
2.804142039743e-05 1 0 1 3 0 1 0 0 1 3
0.0012104793962952158 1 0 1 3 0 1 0 1 0 0
0.0001893134656165594 1 0 1 3 0 1 0 1 0 3
0.00024173120390975152 1 0 1 3 0 1 0 1 3 0
-0.25646793713203875 1 0 1 3 0 1 0 3 1 0
0.00010111171632280504 1 0 1 3 0 1 0 3 1 3
2.558254421881651e-05 1 0 1 3 0 1 3 0 1 0
0.00017590034467072392 1 0 1 3 0 1 3 1 0 0
0.00023964166039015778 1 0 1 3 0 1 3 3 1 0
2.4102292634905586e-05 1 0 1 3 0 1 3 3 1 3
0.00019441979344750338 1 0 1 3 0 2 0 0 2 0
2.804142039743e-05 1 0 1 3 0 2 0 0 2 3
0.0012104793962952158 1 0 1 3 0 2 0 2 0 0
0.0001893134656165594 1 0 1 3 0 2 0 2 0 3
0.0002417312039097513 1 0 1 3 0 2 0 2 3 0
-0.2564679371320387 1 0 1 3 0 2 0 3 2 0
0.00010111171632280504 1 0 1 3 0 2 0 3 2 3
2.558254421881651e-05 1 0 1 3 0 2 3 0 2 0
0.00017590034467072392 1 0 1 3 0 2 3 2 0 0
0.00023964166039015778 1 0 1 3 0 2 3 3 2 0
2.4102292634905586e-05 1 0 1 3 0 2 3 3 2 3
-3.437883708401566e-05 1 0 1 3 0 3 1 3 3 1
-3.437883708401566e-05 1 0 1 3 0 3 2 3 3 2
-3.922260057148717e-05 1 0 1 3 3 0 1 3 3 1
-3.9222600571486956e-05 1 0 1 3 3 0 2 3 3 2
2.9400523210609125e-05 1 0 1 3 3 1 0 0 1 0
0.00017771033909369277 1 0 1 3 3 1 0 1 0 0
0.00010111171632280603 1 0 1 3 3 1 0 3 1 0
2.87531655066022e-05 1 0 1 3 3 1 0 3 1 3
3.1046674547443687e-05 1 0 1 3 3 1 3 3 1 0
2.9400523210609125e-05 1 0 1 3 3 2 0 0 2 0
0.00017771033909369277 1 0 1 3 3 2 0 2 0 0
0.00010111171632280603 1 0 1 3 3 2 0 3 2 0
2.87531655066022e-05 1 0 1 3 3 2 0 3 2 3
3.10466745474439e-05 1 0 1 3 3 2 3 3 2 0
-6.386483409980405e-05 1 0 1 3 3 3 1 0 3 1
-4.9692848739248246e-05 1 0 1 3 3 3 1 3 0 1
-0.00037408579550180524 1 0 1 3 3 3 1 3 3 1
-6.386483409980426e-05 1 0 1 3 3 3 2 0 3 2
-4.9692848739248246e-05 1 0 1 3 3 3 2 3 0 2
-0.00037408579550180524 1 0 1 3 3 3 2 3 3 2
-4.950451047240937e-05 1 0 2 0 0 0 1 1 1 2
4.541515093983656e-06 1 0 2 0 0 0 1 2 1 1
-4.4962995378425714e-05 1 0 2 0 0 0 1 2 2 2
-0.0021620822451232456 1 0 2 0 0 0 1 3 3 2
4.4962995378425714e-05 1 0 2 0 0 0 2 1 1 1
-4.541515093983656e-06 1 0 2 0 0 0 2 1 2 2
4.950451047240937e-05 1 0 2 0 0 0 2 2 2 1
0.0021620822451232456 1 0 2 0 0 0 2 3 3 1
-8.34351669719294 1 0 2 0 0 1 0 0 2 0
0.016478304394977113 1 0 2 0 0 1 0 0 2 3
-55238.23650332457 1 0 2 0 0 1 0 2 0 0
55.996243365217936 1 0 2 0 0 1 0 2 0 3
81.86496045732345 1 0 2 0 0 1 0 2 3 0
12.288896391746151 1 0 2 0 0 1 0 2 3 3
-52.67267479188858 1 0 2 0 0 1 0 3 2 0
-8.493230545189014 1 0 2 0 0 1 0 3 2 3
0.018728309217401366 1 0 2 0 0 1 3 0 2 0
0.0023346512343719534 1 0 2 0 0 1 3 0 2 3
98.06804701029478 1 0 2 0 0 1 3 2 0 0
8.05077917183038 1 0 2 0 0 1 3 2 0 3
11.239474148781595 1 0 2 0 0 1 3 2 3 0
-0.022704806460530955 1 0 2 0 0 1 3 2 3 3
-7.85823453386492 1 0 2 0 0 1 3 3 2 0
0.01521846714824605 1 0 2 0 0 1 3 3 2 3
8.343516697192943 1 0 2 0 0 2 0 0 1 0
-0.016478304394977113 1 0 2 0 0 2 0 0 1 3
55238.236503324566 1 0 2 0 0 2 0 1 0 0
-55.996243365217936 1 0 2 0 0 2 0 1 0 3
-81.86496045732345 1 0 2 0 0 2 0 1 3 0
-12.28889639174615 1 0 2 0 0 2 0 1 3 3
52.67267479188858 1 0 2 0 0 2 0 3 1 0
8.493230545189016 1 0 2 0 0 2 0 3 1 3
-0.018728309217401366 1 0 2 0 0 2 3 0 1 0
-0.0023346512343719534 1 0 2 0 0 2 3 0 1 3
-98.06804701029475 1 0 2 0 0 2 3 1 0 0
-8.050779171830381 1 0 2 0 0 2 3 1 0 3
-11.239474148781593 1 0 2 0 0 2 3 1 3 0
0.022704806460530955 1 0 2 0 0 2 3 1 3 3
7.85823453386492 1 0 2 0 0 2 3 3 1 0
-0.01521846714824605 1 0 2 0 0 2 3 3 1 3
-0.0021695532414186267 1 0 2 0 0 3 1 0 3 2
-2.7104723240566838e-05 1 0 2 0 0 3 1 1 1 2
1.722086597811493e-05 1 0 2 0 0 3 1 2 1 1
-9.88385726245191e-06 1 0 2 0 0 3 1 2 2 2
-0.00219250469039387 1 0 2 0 0 3 1 3 0 2
-0.013395638764508338 1 0 2 0 0 3 1 3 3 2
0.0021695532414186267 1 0 2 0 0 3 2 0 3 1
9.88385726245191e-06 1 0 2 0 0 3 2 1 1 1
-1.722086597811493e-05 1 0 2 0 0 3 2 1 2 2
2.7104723240566838e-05 1 0 2 0 0 3 2 2 2 1
0.00219250469039387 1 0 2 0 0 3 2 3 0 1
0.013395638764508338 1 0 2 0 0 3 2 3 3 1
-0.0021542924177675566 1 0 2 0 3 0 1 0 3 2
-0.003031064230298258 1 0 2 0 3 0 1 1 1 2
2.6595081775649724e-05 1 0 2 0 3 0 1 2 1 1
-0.0030044691485226083 1 0 2 0 3 0 1 2 2 2
-0.0024718848283031463 1 0 2 0 3 0 1 3 0 2
-0.020211607253567243 1 0 2 0 3 0 1 3 3 2
0.0021542924177675566 1 0 2 0 3 0 2 0 3 1
0.0030044691485226083 1 0 2 0 3 0 2 1 1 1
-2.6595081775649724e-05 1 0 2 0 3 0 2 1 2 2
0.003031064230298258 1 0 2 0 3 0 2 2 2 1
0.0024718848283031463 1 0 2 0 3 0 2 3 0 1
0.020211607253567243 1 0 2 0 3 0 2 3 3 1
0.016478304394977106 1 0 2 0 3 1 0 0 2 0
0.0030425789856205468 1 0 2 0 3 1 0 0 2 3
55.996243365217936 1 0 2 0 3 1 0 2 0 0
15.084990542121075 1 0 2 0 3 1 0 2 0 3
13.241347763487209 1 0 2 0 3 1 0 2 3 0
-0.024207083470357646 1 0 2 0 3 1 0 2 3 3
-7.8823170174645325 1 0 2 0 3 1 0 3 2 0
0.015431044365569604 1 0 2 0 3 1 0 3 2 3
0.0027793072839523572 1 0 2 0 3 1 3 0 2 0
13.348139885945281 1 0 2 0 3 1 3 2 0 0
-0.024336923944621097 1 0 2 0 3 1 3 2 0 3
-0.027479281077878864 1 0 2 0 3 1 3 2 3 0
-0.004020326872770645 1 0 2 0 3 1 3 2 3 3
0.017432401823128038 1 0 2 0 3 1 3 3 2 0
0.0026436733833251993 1 0 2 0 3 1 3 3 2 3
-0.016478304394977106 1 0 2 0 3 2 0 0 1 0
-0.0030425789856205468 1 0 2 0 3 2 0 0 1 3
-55.996243365217936 1 0 2 0 3 2 0 1 0 0
-15.084990542121075 1 0 2 0 3 2 0 1 0 3
-13.241347763487207 1 0 2 0 3 2 0 1 3 0
0.024207083470357646 1 0 2 0 3 2 0 1 3 3
7.8823170174645325 1 0 2 0 3 2 0 3 1 0
-0.015431044365569604 1 0 2 0 3 2 0 3 1 3
-0.0027793072839523572 1 0 2 0 3 2 3 0 1 0
-13.348139885945281 1 0 2 0 3 2 3 1 0 0
0.024336923944621097 1 0 2 0 3 2 3 1 0 3
0.027479281077878864 1 0 2 0 3 2 3 1 3 0
0.004020326872770645 1 0 2 0 3 2 3 1 3 3
-0.017432401823128038 1 0 2 0 3 2 3 3 1 0
-0.0026436733833251993 1 0 2 0 3 2 3 3 1 3
-0.002739439714388965 1 0 2 0 3 3 1 0 0 2
-0.018915782594694685 1 0 2 0 3 3 1 0 3 2
-0.0007807131438998747 1 0 2 0 3 3 1 1 1 2
1.2747675261761619e-06 1 0 2 0 3 3 1 1 2 1
-0.016671492238167784 1 0 2 0 3 3 1 2 1 1
-0.01745093061454148 1 0 2 0 3 3 1 2 2 2
-0.019658404196096477 1 0 2 0 3 3 1 3 0 2
7.447903074865794 1 0 2 0 3 3 1 3 3 2
0.002739439714388965 1 0 2 0 3 3 2 0 0 1
0.018915782594694685 1 0 2 0 3 3 2 0 3 1
0.01745093061454148 1 0 2 0 3 3 2 1 1 1
0.016671492238167784 1 0 2 0 3 3 2 1 2 2
-1.2747675261761619e-06 1 0 2 0 3 3 2 2 1 2
0.0007807131438998747 1 0 2 0 3 3 2 2 2 1
0.019658404196096477 1 0 2 0 3 3 2 3 0 1
-7.447903074865794 1 0 2 0 3 3 2 3 3 1
3.656268559751367e-05 1 0 2 1 1 0 1 2 0 0
5.6993372981535144e-05 1 0 2 1 1 0 1 2 3 0
6.485991883772497e-06 1 0 2 1 1 0 1 2 3 3
-3.656268559751367e-05 1 0 2 1 1 0 2 1 0 0
-5.6993372981535144e-05 1 0 2 1 1 0 2 1 3 0
-6.485991883772497e-06 1 0 2 1 1 0 2 1 3 3
-0.6108811935020679 1 0 2 1 1 1 0 0 0 2
1.3161129249817044e-05 1 0 2 1 1 1 0 1 1 2
2.7376718545222102e-05 1 0 2 1 1 1 0 1 2 1
-9.686868494616764e-05 1 0 2 1 1 1 0 2 1 1
-5.6330837151128514e-05 1 0 2 1 1 1 0 2 2 2
0.6108811935020674 1 0 2 1 1 1 0 3 3 2
0.0005423722711403011 1 0 2 1 1 1 3 0 0 2
-0.0005423722711403006 1 0 2 1 1 1 3 3 3 2
0.6108811935020679 1 0 2 1 1 2 0 0 0 1
5.6330837151128514e-05 1 0 2 1 1 2 0 1 1 1
9.686868494616764e-05 1 0 2 1 1 2 0 1 2 2
-2.7376718545222102e-05 1 0 2 1 1 2 0 2 1 2
-1.3161129249817058e-05 1 0 2 1 1 2 0 2 2 1
-0.6108811935020674 1 0 2 1 1 2 0 3 3 1
-0.0005423722711403011 1 0 2 1 1 2 3 0 0 1
0.0005423722711403006 1 0 2 1 1 2 3 3 3 1
3.0745006129436156e-05 1 0 2 1 1 3 1 2 0 0
3.2609976060882543e-06 1 0 2 1 1 3 1 2 0 3
-0.027156713497590718 1 0 2 1 1 3 1 2 3 0
1.4464520910047977e-05 1 0 2 1 1 3 1 2 3 3
3.977891210557631e-05 1 0 2 1 1 3 1 3 2 0
-3.0745006129436156e-05 1 0 2 1 1 3 2 1 0 0
-3.2609976060882543e-06 1 0 2 1 1 3 2 1 0 3
0.027156713497590714 1 0 2 1 1 3 2 1 3 0
-1.4464520910047977e-05 1 0 2 1 1 3 2 1 3 3
-3.977891210557631e-05 1 0 2 1 1 3 2 3 1 0
-1.9626314957648645e-06 1 0 2 1 2 0 1 0 1 0
-0.0005962169170607022 1 0 2 1 2 0 1 3 1 0
-0.00014271647900416642 1 0 2 1 2 0 1 3 1 3
-1.9626314957648645e-06 1 0 2 1 2 0 2 0 2 0
-0.0005962169170607022 1 0 2 1 2 0 2 3 2 0
-0.00014271647900416642 1 0 2 1 2 0 2 3 2 3
3.23342224187631e-05 1 0 2 1 2 1 0 0 0 1
8.459181845075359e-07 1 0 2 1 2 1 0 1 1 1
0.16564206023307404 1 0 2 1 2 1 0 1 2 2
-1.1180362552188003 1 0 2 1 2 1 0 2 1 2
0.9523950409039099 1 0 2 1 2 1 0 2 2 1
-3.233422241876302e-05 1 0 2 1 2 1 0 3 3 1
-0.00014698345216620308 1 0 2 1 2 1 3 1 2 2
0.0009925572681210137 1 0 2 1 2 1 3 2 1 2
-0.0008455738159548105 1 0 2 1 2 1 3 2 2 1
3.233422241876309e-05 1 0 2 1 2 2 0 0 0 2
0.9523950409039099 1 0 2 1 2 2 0 1 1 2
-1.1180362552188001 1 0 2 1 2 2 0 1 2 1
0.16564206023307404 1 0 2 1 2 2 0 2 1 1
8.459181845075359e-07 1 0 2 1 2 2 0 2 2 2
-3.2334222418763006e-05 1 0 2 1 2 2 0 3 3 2
-0.0008455738159548105 1 0 2 1 2 2 3 1 1 2
0.0009925572681210137 1 0 2 1 2 2 3 1 2 1
-0.00014698345216620308 1 0 2 1 2 2 3 2 1 1
-0.00047372243801061534 1 0 2 1 2 3 1 0 1 0
-0.00014342824478324025 1 0 2 1 2 3 1 0 1 3
-1.0975015770470615e-05 1 0 2 1 2 3 1 1 3 0
0.6487880051387755 1 0 2 1 2 3 1 3 1 0
-0.000889472895040476 1 0 2 1 2 3 1 3 1 3
-0.00047372243801061534 1 0 2 1 2 3 2 0 2 0
-0.00014342824478324022 1 0 2 1 2 3 2 0 2 3
-1.0975015770470617e-05 1 0 2 1 2 3 2 2 3 0
0.6487880051387755 1 0 2 1 2 3 2 3 2 0
-0.000889472895040476 1 0 2 1 2 3 2 3 2 3
3.226798336188225e-05 1 0 2 2 1 0 1 0 1 0
0.0006570240713985513 1 0 2 2 1 0 1 3 1 0
0.00014971986387206024 1 0 2 2 1 0 1 3 1 3
3.226798336188225e-05 1 0 2 2 1 0 2 0 2 0
0.0006570240713985513 1 0 2 2 1 0 2 3 2 0
0.00014971986387206024 1 0 2 2 1 0 2 3 2 3
1.985698020780837e-05 1 0 2 2 1 1 0 0 0 1
-2.3980225104763047e-06 1 0 2 2 1 1 0 1 1 1
0.6323316498608585 1 0 2 2 1 1 0 1 2 2
0.9523950409039099 1 0 2 2 1 1 0 2 1 2
-1.5847290887872807 1 0 2 2 1 1 0 2 2 1
-4.586005820548924e-05 1 0 2 2 1 1 0 3 0 1
4.366883175400486e-05 1 0 2 2 1 1 0 3 3 1
-0.0005614047988768633 1 0 2 2 1 1 3 1 2 2
-0.0008455738159548105 1 0 2 2 1 1 3 2 1 2
0.0014069786148316738 1 0 2 2 1 1 3 2 2 1
-2.5479032177351476e-05 1 0 2 2 1 1 3 3 0 1
1.9856980207808385e-05 1 0 2 2 1 2 0 0 0 2
-1.5847290887872805 1 0 2 2 1 2 0 1 1 2
0.9523950409039099 1 0 2 2 1 2 0 1 2 1
0.6323316498608587 1 0 2 2 1 2 0 2 1 1
-2.3980225104763047e-06 1 0 2 2 1 2 0 2 2 2
-4.586005820548924e-05 1 0 2 2 1 2 0 3 0 2
4.366883175400486e-05 1 0 2 2 1 2 0 3 3 2
0.0014069786148316738 1 0 2 2 1 2 3 1 1 2
-0.0008455738159548105 1 0 2 2 1 2 3 1 2 1
-0.0005614047988768633 1 0 2 2 1 2 3 2 1 1
-2.5479032177351476e-05 1 0 2 2 1 2 3 3 0 2
0.0005108529978370051 1 0 2 2 1 3 1 0 1 0
0.00014765356190362227 1 0 2 2 1 3 1 0 1 3
-3.070040270429494e-05 1 0 2 2 1 3 1 1 3 0
-0.6839743634417595 1 0 2 2 1 3 1 3 1 0
0.000907853186524947 1 0 2 2 1 3 1 3 1 3
0.0005108529978370051 1 0 2 2 1 3 2 0 2 0
0.00014765356190362227 1 0 2 2 1 3 2 0 2 3
-3.070040270429494e-05 1 0 2 2 1 3 2 2 3 0
-0.6839743634417597 1 0 2 2 1 3 2 3 2 0
0.000907853186524947 1 0 2 2 1 3 2 3 2 3
-1.514711541637891e-06 1 0 2 2 2 0 1 2 0 0
-0.0004601458029896908 1 0 2 2 2 0 1 2 3 0
-0.00011014512831166022 1 0 2 2 2 0 1 2 3 3
1.514711541637891e-06 1 0 2 2 2 0 2 1 0 0
0.0004601458029896908 1 0 2 2 2 0 2 1 3 0
0.00011014512831166022 1 0 2 2 2 0 2 1 3 3
7.433122192885574e-05 1 0 2 2 2 1 0 0 0 2
-0.0004378695644788916 1 0 2 2 2 1 0 0 3 2
-1.098937733292892e-05 1 0 2 2 2 1 0 1 1 2
-3.938973471718298e-05 1 0 2 2 2 1 0 1 2 1
-5.633083715112851e-05 1 0 2 2 2 1 0 2 1 1
-0.00010670994920124042 1 0 2 2 2 1 0 2 2 2
-0.17131715026176306 1 0 2 2 2 1 0 3 0 2
0.6109514558651764 1 0 2 2 2 1 0 3 3 2
-4.673593101005981e-06 1 0 2 2 2 1 3 0 0 2
-6.600658958274549e-05 1 0 2 2 2 1 3 0 3 2
0.030095841609406936 1 0 2 2 2 1 3 3 0 2
-0.0005470756193861388 1 0 2 2 2 1 3 3 3 2
-7.433122192885574e-05 1 0 2 2 2 2 0 0 0 1
0.0004378695644788916 1 0 2 2 2 2 0 0 3 1
0.00010670994920124042 1 0 2 2 2 2 0 1 1 1
5.633083715112851e-05 1 0 2 2 2 2 0 1 2 2
3.938973471718298e-05 1 0 2 2 2 2 0 2 1 2
1.0989377332928926e-05 1 0 2 2 2 2 0 2 2 1
0.17131715026176306 1 0 2 2 2 2 0 3 0 1
-0.6109514558651764 1 0 2 2 2 2 0 3 3 1
4.673593101005981e-06 1 0 2 2 2 2 3 0 0 1
6.600658958274549e-05 1 0 2 2 2 2 3 0 3 1
-0.030095841609406936 1 0 2 2 2 2 3 3 0 1
0.0005470756193861388 1 0 2 2 2 2 3 3 3 1
-0.00036560752537391586 1 0 2 2 2 3 1 2 0 0
-0.00011069445193294739 1 0 2 2 2 3 1 2 0 3
0.5007188978575507 1 0 2 2 2 3 1 2 3 0
-0.0006864736773047558 1 0 2 2 2 3 1 2 3 3
4.571376028533657e-05 1 0 2 2 2 3 1 3 2 0
0.00036560752537391586 1 0 2 2 2 3 2 1 0 0
0.00011069445193294739 1 0 2 2 2 3 2 1 0 3
-0.5007188978575509 1 0 2 2 2 3 2 1 3 0
0.0006864736773047558 1 0 2 2 2 3 2 1 3 3
-4.571376028533657e-05 1 0 2 2 2 3 2 3 1 0
-0.00223047226287305 1 0 2 3 0 0 1 0 3 2
-0.0022680385978546694 1 0 2 3 0 0 1 3 0 2
-0.014944309129226374 1 0 2 3 0 0 1 3 3 2
0.0022304722628730504 1 0 2 3 0 0 2 0 3 1
0.0022680385978546694 1 0 2 3 0 0 2 3 0 1
0.014944309129226374 1 0 2 3 0 0 2 3 3 1
-52.67267479188861 1 0 2 3 0 1 0 0 2 0
-7.882317017464532 1 0 2 3 0 1 0 0 2 3
81.86496045732342 1 0 2 3 0 1 0 2 0 0
13.241347763487209 1 0 2 3 0 1 0 2 0 3
14.048259541993348 1 0 2 3 0 1 0 2 3 0
-0.026158758113827344 1 0 2 3 0 1 0 2 3 3
35429.958576528654 1 0 2 3 0 1 0 3 2 0
-35.91704807445346 1 0 2 3 0 1 0 3 2 3
-7.20913239157278 1 0 2 3 0 1 3 0 2 0
0.014346900888030954 1 0 2 3 0 1 3 0 2 3
12.25146332960805 1 0 2 3 0 1 3 2 0 0
-0.02406360307997853 1 0 2 3 0 1 3 2 0 3
-0.030067058223609132 1 0 2 3 0 1 3 2 3 0
-0.0037746912457354634 1 0 2 3 0 1 3 2 3 3
-62.90256107299297 1 0 2 3 0 1 3 3 2 0
-4.85133127130065 1 0 2 3 0 1 3 3 2 3
52.67267479188861 1 0 2 3 0 2 0 0 1 0
7.882317017464532 1 0 2 3 0 2 0 0 1 3
-81.8649604573234 1 0 2 3 0 2 0 1 0 0
-13.241347763487207 1 0 2 3 0 2 0 1 0 3
-14.048259541993346 1 0 2 3 0 2 0 1 3 0
0.026158758113827344 1 0 2 3 0 2 0 1 3 3
-35429.958576528654 1 0 2 3 0 2 0 3 1 0
35.91704807445346 1 0 2 3 0 2 0 3 1 3
7.20913239157278 1 0 2 3 0 2 3 0 1 0
-0.014346900888030954 1 0 2 3 0 2 3 0 1 3
-12.251463329608049 1 0 2 3 0 2 3 1 0 0
0.024063603079978527 1 0 2 3 0 2 3 1 0 3
0.030067058223609132 1 0 2 3 0 2 3 1 3 0
0.0037746912457354634 1 0 2 3 0 2 3 1 3 3
62.90256107299297 1 0 2 3 0 2 3 3 1 0
4.851331271300648 1 0 2 3 0 2 3 3 1 3
-0.0023029116148112027 1 0 2 3 0 3 1 0 0 2
-0.014271895269642421 1 0 2 3 0 3 1 0 3 2
-9.94169016647877e-06 1 0 2 3 0 3 1 1 1 2
2.1700068672135912e-06 1 0 2 3 0 3 1 2 1 1
-7.771683299265179e-06 1 0 2 3 0 3 1 2 2 2
-0.014281912020626442 1 0 2 3 0 3 1 3 0 2
3.104650612888988 1 0 2 3 0 3 1 3 3 2
0.0023029116148112027 1 0 2 3 0 3 2 0 0 1
0.014271895269642421 1 0 2 3 0 3 2 0 3 1
7.771683299265179e-06 1 0 2 3 0 3 2 1 1 1
-2.1700068672135912e-06 1 0 2 3 0 3 2 1 2 2
9.94169016647877e-06 1 0 2 3 0 3 2 2 2 1
0.014281912020626442 1 0 2 3 0 3 2 3 0 1
-3.104650612888988 1 0 2 3 0 3 2 3 3 1
-0.0018364684056708506 1 0 2 3 3 0 1 0 0 2
-0.01639220451651117 1 0 2 3 3 0 1 0 3 2
-0.00037880749378176287 1 0 2 3 3 0 1 1 1 2
2.8481192597665745e-06 1 0 2 3 3 0 1 2 1 1
-0.00037595937452199624 1 0 2 3 3 0 1 2 2 2
-0.018390336625058026 1 0 2 3 3 0 1 3 0 2
7.8818806440626235 1 0 2 3 3 0 1 3 3 2
0.0018364684056708506 1 0 2 3 3 0 2 0 0 1
0.01639220451651117 1 0 2 3 3 0 2 0 3 1
0.00037595937452199624 1 0 2 3 3 0 2 1 1 1
-2.8481192597665745e-06 1 0 2 3 3 0 2 1 2 2
0.00037880749378176287 1 0 2 3 3 0 2 2 2 1
0.018390336625058026 1 0 2 3 3 0 2 3 0 1
-7.8818806440626235 1 0 2 3 3 0 2 3 3 1
-8.493230545189014 1 0 2 3 3 1 0 0 2 0
0.015431044365569606 1 0 2 3 3 1 0 0 2 3
12.288896391746153 1 0 2 3 3 1 0 2 0 0
-0.02420708347035764 1 0 2 3 3 1 0 2 0 3
-0.026158758113827337 1 0 2 3 3 1 0 2 3 0
-0.0049297576920609345 1 0 2 3 3 1 0 2 3 3
-35.917048074453454 1 0 2 3 3 1 0 3 2 0
-9.513973376997278 1 0 2 3 3 1 0 3 2 3
0.017645580105193542 1 0 2 3 3 1 3 0 2 0
0.002524808509962227 1 0 2 3 3 1 3 0 2 3
-0.027146930065416814 1 0 2 3 3 1 3 2 0 0
-0.0042047608290327445 1 0 2 3 3 1 3 2 0 3
-0.004459190536324247 1 0 2 3 3 1 3 2 3 0
-8.561691664368677 1 0 2 3 3 1 3 3 2 0
0.015307976516972726 1 0 2 3 3 1 3 3 2 3
8.493230545189014 1 0 2 3 3 2 0 0 1 0
-0.015431044365569606 1 0 2 3 3 2 0 0 1 3
-12.288896391746151 1 0 2 3 3 2 0 1 0 0
0.02420708347035764 1 0 2 3 3 2 0 1 0 3
0.026158758113827337 1 0 2 3 3 2 0 1 3 0
0.0049297576920609345 1 0 2 3 3 2 0 1 3 3
35.917048074453454 1 0 2 3 3 2 0 3 1 0
9.513973376997276 1 0 2 3 3 2 0 3 1 3
-0.017645580105193542 1 0 2 3 3 2 3 0 1 0
-0.002524808509962227 1 0 2 3 3 2 3 0 1 3
0.027146930065416814 1 0 2 3 3 2 3 1 0 0
0.0042047608290327445 1 0 2 3 3 2 3 1 0 3
0.004459190536324247 1 0 2 3 3 2 3 1 3 0
8.561691664368677 1 0 2 3 3 2 3 3 1 0
-0.015307976516972726 1 0 2 3 3 2 3 3 1 3
-0.019003821568686123 1 0 2 3 3 3 1 0 0 2
8.141084640203909 1 0 2 3 3 3 1 0 3 2
-0.0003274773490184811 1 0 2 3 3 3 1 1 1 2
1.2165114724009402e-05 1 0 2 3 3 3 1 2 1 1
-0.00031531223429447173 1 0 2 3 3 3 1 2 2 2
8.118956433453283 1 0 2 3 3 3 1 3 0 2
64.98207055252718 1 0 2 3 3 3 1 3 3 2
0.019003821568686123 1 0 2 3 3 3 2 0 0 1
-8.141084640203909 1 0 2 3 3 3 2 0 3 1
0.00031531223429447173 1 0 2 3 3 3 2 1 1 1
-1.2165114724009402e-05 1 0 2 3 3 3 2 1 2 2
0.0003274773490184811 1 0 2 3 3 3 2 2 2 1
-8.118956433453285 1 0 2 3 3 3 2 3 0 1
-64.98207055252719 1 0 2 3 3 3 2 3 3 1
-1.8784144246774358e-05 1 0 3 0 1 0 1 0 1 0
4.891708999580795e-05 1 0 3 0 1 0 1 0 1 3
-8.7827525905738e-05 1 0 3 0 1 0 1 1 3 0
3.7760435849214925e-05 1 0 3 0 1 0 1 3 1 0
-1.8784144246774358e-05 1 0 3 0 1 0 2 0 2 0
4.891708999580796e-05 1 0 3 0 1 0 2 0 2 3
-8.7827525905738e-05 1 0 3 0 1 0 2 2 3 0
3.7760435849214925e-05 1 0 3 0 1 0 2 3 2 0
0.0018911305663066665 1 0 3 0 1 1 0 0 0 1
0.0003217325164854045 1 0 3 0 1 1 0 0 3 1
0.00042380672581287447 1 0 3 0 1 1 0 3 0 1
0.0002685071146527868 1 0 3 0 1 1 3 0 0 1
0.0018911305663066665 1 0 3 0 1 2 0 0 0 2
0.0003217325164854045 1 0 3 0 1 2 0 0 3 2
0.00042380672581287425 1 0 3 0 1 2 0 3 0 2
0.00026850711465278675 1 0 3 0 1 2 3 0 0 2
0.11656824726622471 1 0 3 0 1 3 1 0 1 0
-0.0002489425201693753 1 0 3 0 1 3 1 0 1 3
-3.952545329434688e-05 1 0 3 0 1 3 1 1 0 0
-0.00016878558695584094 1 0 3 0 1 3 1 1 3 0
-0.0001019097024242549 1 0 3 0 1 3 1 1 3 3
-0.00030299421831515676 1 0 3 0 1 3 1 3 1 0
-3.965599322920876e-05 1 0 3 0 1 3 1 3 1 3
0.11656824726622471 1 0 3 0 1 3 2 0 2 0
-0.0002489425201693753 1 0 3 0 1 3 2 0 2 3
-3.952545329434688e-05 1 0 3 0 1 3 2 2 0 0
-0.00016878558695584094 1 0 3 0 1 3 2 2 3 0
-0.0001019097024242549 1 0 3 0 1 3 2 2 3 3
-0.00030299421831515676 1 0 3 0 1 3 2 3 2 0
-3.965599322920876e-05 1 0 3 0 1 3 2 3 2 3
21.491539230739846 1 0 3 0 2 1 0 0 0 2
3.281433855072409 1 0 3 0 2 1 0 0 3 2
-0.00043786956447889144 1 0 3 0 2 1 0 1 1 2
-0.0004378695644788919 1 0 3 0 2 1 0 2 2 2
4.565130438498217 1 0 3 0 2 1 0 3 0 2
-0.008108314837429895 1 0 3 0 2 1 0 3 3 2
3.285245417460501 1 0 3 0 2 1 3 0 0 2
-0.007559191885399266 1 0 3 0 2 1 3 0 3 2
-6.565488488588387e-05 1 0 3 0 2 1 3 1 1 2
-6.565488488588387e-05 1 0 3 0 2 1 3 2 2 2
-0.008680942390401632 1 0 3 0 2 1 3 3 0 2
-0.0011562442227223586 1 0 3 0 2 1 3 3 3 2
-21.491539230739846 1 0 3 0 2 2 0 0 0 1
-3.281433855072409 1 0 3 0 2 2 0 0 3 1
0.0004378695644788919 1 0 3 0 2 2 0 1 1 1
0.00043786956447889144 1 0 3 0 2 2 0 2 2 1
-4.565130438498217 1 0 3 0 2 2 0 3 0 1
0.008108314837429895 1 0 3 0 2 2 0 3 3 1
-3.285245417460501 1 0 3 0 2 2 3 0 0 1
0.007559191885399266 1 0 3 0 2 2 3 0 3 1
6.565488488588387e-05 1 0 3 0 2 2 3 1 1 1
6.565488488588387e-05 1 0 3 0 2 2 3 2 2 1
0.008680942390401632 1 0 3 0 2 2 3 3 0 1
0.0011562442227223586 1 0 3 0 2 2 3 3 3 1
-6.920500343621667e-05 1 0 3 0 2 3 1 0 2 0
6.920500343621666e-05 1 0 3 0 2 3 2 0 1 0
0.0013123431613588721 1 0 3 1 0 1 0 0 1 0
0.00020471749385858338 1 0 3 1 0 1 0 0 1 3
-52.67267479188859 1 0 3 1 0 1 0 1 0 0
-8.493230545189016 1 0 3 1 0 1 0 1 0 3
-8.343516697192943 1 0 3 1 0 1 0 1 3 0
0.01647830439497711 1 0 3 1 0 1 0 1 3 3
0.0002750985251860987 1 0 3 1 0 1 0 3 1 0
0.0001897933949727763 1 0 3 1 0 1 3 0 1 0
-7.858234533864926 1 0 3 1 0 1 3 1 0 0
0.015218467148246054 1 0 3 1 0 1 3 1 0 3
0.01872830921740137 1 0 3 1 0 1 3 1 3 0
0.002334651234371953 1 0 3 1 0 1 3 1 3 3
0.0013123431613588721 1 0 3 1 0 2 0 0 2 0
0.00020471749385858338 1 0 3 1 0 2 0 0 2 3
-52.67267479188858 1 0 3 1 0 2 0 2 0 0
-8.493230545189016 1 0 3 1 0 2 0 2 0 3
-8.343516697192943 1 0 3 1 0 2 0 2 3 0
0.01647830439497711 1 0 3 1 0 2 0 2 3 3
0.0002750985251860987 1 0 3 1 0 2 0 3 2 0
0.00018979339497277652 1 0 3 1 0 2 3 0 2 0
-7.858234533864925 1 0 3 1 0 2 3 2 0 0
0.015218467148246054 1 0 3 1 0 2 3 2 0 3
0.01872830921740137 1 0 3 1 0 2 3 2 3 0
0.002334651234371953 1 0 3 1 0 2 3 2 3 3
2.8117061939161725e-06 1 0 3 1 0 3 1 1 1 1
1.2881577584580252e-05 1 0 3 1 0 3 1 1 2 2
-1.0069871390664081e-05 1 0 3 1 0 3 1 2 1 2
-1.0069871390664081e-05 1 0 3 1 0 3 2 1 2 1
1.2881577584580252e-05 1 0 3 1 0 3 2 2 1 1
2.8117061939161725e-06 1 0 3 1 0 3 2 2 2 2
3.6903452632757893e-06 1 0 3 1 3 0 1 1 1 1
0.0003234769888557462 1 0 3 1 3 0 1 1 2 2
-0.0003197866435924704 1 0 3 1 3 0 1 2 1 2
-0.0003197866435924704 1 0 3 1 3 0 2 1 2 1
0.0003234769888557462 1 0 3 1 3 0 2 2 1 1
3.6903452632757893e-06 1 0 3 1 3 0 2 2 2 2
0.00019240228279327398 1 0 3 1 3 1 0 0 1 0
-7.8823170174645325 1 0 3 1 3 1 0 1 0 0
0.0154310443655696 1 0 3 1 3 1 0 1 0 3
0.01647830439497711 1 0 3 1 3 1 0 1 3 0
0.0030425789856205468 1 0 3 1 3 1 0 1 3 3
0.01743240182312804 1 0 3 1 3 1 3 1 0 0
0.0026436733833252006 1 0 3 1 3 1 3 1 0 3
0.002779307283952358 1 0 3 1 3 1 3 1 3 0
0.0001924022827932742 1 0 3 1 3 2 0 0 2 0
-7.8823170174645325 1 0 3 1 3 2 0 2 0 0
0.0154310443655696 1 0 3 1 3 2 0 2 0 3
0.01647830439497711 1 0 3 1 3 2 0 2 3 0
0.0030425789856205468 1 0 3 1 3 2 0 2 3 3
0.01743240182312804 1 0 3 1 3 2 3 2 0 0
0.0026436733833252006 1 0 3 1 3 2 3 2 0 3
0.002779307283952358 1 0 3 1 3 2 3 2 3 0
3.54563164699117e-05 1 0 3 1 3 3 1 0 3 1
1.5762497776386644e-05 1 0 3 1 3 3 1 1 1 1
0.0004014459617955677 1 0 3 1 3 3 1 1 2 2
-0.0003856834640191811 1 0 3 1 3 3 1 2 1 2
3.54563164699117e-05 1 0 3 1 3 3 2 0 3 2
-0.0003856834640191811 1 0 3 1 3 3 2 1 2 1
0.0004014459617955677 1 0 3 1 3 3 2 2 1 1
1.5762497776386644e-05 1 0 3 1 3 3 2 2 2 2
0.0016686428082527869 1 0 3 2 0 0 1 0 3 2
-0.0016686428082527869 1 0 3 2 0 0 2 0 3 1
54.26778593546169 1 0 3 2 0 1 0 0 2 0
8.791428207739052 1 0 3 2 0 1 0 0 2 3
0.00019441979344750164 1 0 3 2 0 1 0 2 0 0
2.940052321060891e-05 1 0 3 2 0 1 0 2 0 3
6.368572481480655e-05 1 0 3 2 0 1 0 2 3 0
9.676780642767994 1 0 3 2 0 1 0 3 2 0
-0.01752516120595634 1 0 3 2 0 1 0 3 2 3
8.134241815385893 1 0 3 2 0 1 3 0 2 0
-0.01609008179014948 1 0 3 2 0 1 3 0 2 3
2.651663197794597e-05 1 0 3 2 0 1 3 2 0 0
-0.020254600055989964 1 0 3 2 0 1 3 3 2 0
-0.0025514805806760815 1 0 3 2 0 1 3 3 2 3
-54.26778593546169 1 0 3 2 0 2 0 0 1 0
-8.791428207739052 1 0 3 2 0 2 0 0 1 3
-0.00019441979344750164 1 0 3 2 0 2 0 1 0 0
-2.940052321060891e-05 1 0 3 2 0 2 0 1 0 3
-6.368572481480655e-05 1 0 3 2 0 2 0 1 3 0
-9.676780642767996 1 0 3 2 0 2 0 3 1 0
0.01752516120595634 1 0 3 2 0 2 0 3 1 3
-8.134241815385893 1 0 3 2 0 2 3 0 1 0
0.01609008179014948 1 0 3 2 0 2 3 0 1 3
-2.651663197794597e-05 1 0 3 2 0 2 3 1 0 0
0.020254600055989964 1 0 3 2 0 2 3 3 1 0
0.0025514805806760815 1 0 3 2 0 2 3 3 1 3
0.0016744087425815514 1 0 3 2 0 3 1 0 0 2
0.010338430157671871 1 0 3 2 0 3 1 0 3 2
0.0016921221160472958 1 0 3 2 0 3 1 3 3 2
-0.0016744087425815514 1 0 3 2 0 3 2 0 0 1
-0.010338430157671871 1 0 3 2 0 3 2 0 3 1
-0.0016921221160472958 1 0 3 2 0 3 2 3 3 1
0.0017917865816877313 1 0 3 2 3 0 1 0 0 2
0.015598829860874394 1 0 3 2 3 0 1 0 3 2
0.0017785851785773509 1 0 3 2 3 0 1 3 3 2
-0.0017917865816877313 1 0 3 2 3 0 2 0 0 1
-0.015598829860874394 1 0 3 2 3 0 2 0 3 1
-0.0017785851785773509 1 0 3 2 3 0 2 3 3 1
8.159057168143477 1 0 3 2 3 1 0 0 2 0
-0.016122185065372985 1 0 3 2 3 1 0 0 2 3
2.804142039743011e-05 1 0 3 2 3 1 0 2 0 0
-0.017525161205956343 1 0 3 2 3 1 0 3 2 0
-0.0033356373327954555 1 0 3 2 3 1 0 3 2 3
-0.018013446008477096 1 0 3 2 3 1 3 0 2 0
-0.0028196419599666642 1 0 3 2 3 1 3 0 2 3
-0.003003008019143134 1 0 3 2 3 1 3 3 2 0
-8.159057168143477 1 0 3 2 3 2 0 0 1 0
0.016122185065372985 1 0 3 2 3 2 0 0 1 3
-2.804142039743011e-05 1 0 3 2 3 2 0 1 0 0
0.017525161205956343 1 0 3 2 3 2 0 3 1 0
0.0033356373327954555 1 0 3 2 3 2 0 3 1 3
0.018013446008477096 1 0 3 2 3 2 3 0 1 0
0.0028196419599666642 1 0 3 2 3 2 3 0 1 3
0.003003008019143134 1 0 3 2 3 2 3 3 1 0
0.014616394776531585 1 0 3 2 3 3 1 0 0 2
-5.748111539452652 1 0 3 2 3 3 1 0 3 2
0.0021142333453631613 1 0 3 2 3 3 1 3 0 2
0.015154230054155279 1 0 3 2 3 3 1 3 3 2
-0.014616394776531585 1 0 3 2 3 3 2 0 0 1
5.748111539452653 1 0 3 2 3 3 2 0 3 1
-0.0021142333453631613 1 0 3 2 3 3 2 3 0 1
-0.015154230054155279 1 0 3 2 3 3 2 3 3 1
6.778316125568628e-05 1 0 3 3 1 0 1 0 1 0
-6.121251930289644e-05 1 0 3 3 1 0 1 1 0 0
-0.000655076001459316 1 0 3 3 1 0 1 1 3 0
-0.00021597950711477055 1 0 3 3 1 0 1 1 3 3
6.778316125568628e-05 1 0 3 3 1 0 2 0 2 0
-6.121251930289644e-05 1 0 3 3 1 0 2 2 0 0
-0.000655076001459316 1 0 3 3 1 0 2 2 3 0
-0.00021597950711477055 1 0 3 3 1 0 2 2 3 3
0.0002919577754297063 1 0 3 3 1 1 0 0 0 1
1.985698020780839e-05 1 0 3 3 1 1 0 1 1 1
-3.23342224187631e-05 1 0 3 3 1 1 0 1 2 2
-1.1257839330073763e-08 1 0 3 3 1 1 0 2 1 2
5.220246046590155e-05 1 0 3 3 1 1 0 2 2 1
0.0002919577754297063 1 0 3 3 1 2 0 0 0 2
5.2202460465901546e-05 1 0 3 3 1 2 0 1 1 2
-1.1257839330066987e-08 1 0 3 3 1 2 0 1 2 1
-3.23342224187631e-05 1 0 3 3 1 2 0 2 1 1
1.9856980207808395e-05 1 0 3 3 1 2 0 2 2 2
0.00013026463560572636 1 0 3 3 1 3 1 0 1 0
7.865144465478973e-05 1 0 3 3 1 3 1 0 1 3
-0.00014741752490583798 1 0 3 3 1 3 1 1 0 0
-0.00010049609149778905 1 0 3 3 1 3 1 1 0 3
0.5681253794650729 1 0 3 3 1 3 1 1 3 0
-0.0006026101805408639 1 0 3 3 1 3 1 1 3 3
3.0504789321177756e-05 1 0 3 3 1 3 1 3 1 0
0.00013026463560572636 1 0 3 3 1 3 2 0 2 0
7.865144465478973e-05 1 0 3 3 1 3 2 0 2 3
-0.00014741752490583798 1 0 3 3 1 3 2 2 0 0
-0.00010049609149778905 1 0 3 3 1 3 2 2 0 3
0.5681253794650728 1 0 3 3 1 3 2 2 3 0
-0.0006026101805408639 1 0 3 3 1 3 2 2 3 3
3.0504789321177756e-05 1 0 3 3 1 3 2 3 2 0
3.1157808054620038 1 0 3 3 2 1 0 0 0 2
-0.00787889867740992 1 0 3 3 2 1 0 0 3 2
7.433122192885574e-05 1 0 3 3 2 1 0 1 1 2
0.6108811935020682 1 0 3 3 2 1 0 1 2 1
1.347844973849095e-06 1 0 3 3 2 1 0 2 1 1
0.6109568725689709 1 0 3 3 2 1 0 2 2 2
-0.008108314837429893 1 0 3 3 2 1 0 3 0 2
-0.0013644687388703577 1 0 3 3 2 1 0 3 3 2
-0.007637899125419456 1 0 3 3 2 1 3 0 0 2
-0.0011704967055065135 1 0 3 3 2 1 3 0 3 2
3.41716481414998e-05 1 0 3 3 2 1 3 1 1 2
-0.0005423722711403011 1 0 3 3 2 1 3 1 2 1
-0.0005082006229988013 1 0 3 3 2 1 3 2 2 2
-0.001204895743025822 1 0 3 3 2 1 3 3 0 2
-3.1157808054620038 1 0 3 3 2 2 0 0 0 1
0.00787889867740992 1 0 3 3 2 2 0 0 3 1
-0.6109568725689708 1 0 3 3 2 2 0 1 1 1
-1.347844973849095e-06 1 0 3 3 2 2 0 1 2 2
-0.6108811935020682 1 0 3 3 2 2 0 2 1 2
-7.433122192885574e-05 1 0 3 3 2 2 0 2 2 1
0.008108314837429893 1 0 3 3 2 2 0 3 0 1
0.0013644687388703577 1 0 3 3 2 2 0 3 3 1
0.007637899125419456 1 0 3 3 2 2 3 0 0 1
0.0011704967055065135 1 0 3 3 2 2 3 0 3 1
0.0005082006229988013 1 0 3 3 2 2 3 1 1 1
0.0005423722711403011 1 0 3 3 2 2 3 2 1 2
-3.41716481414998e-05 1 0 3 3 2 2 3 2 2 1
0.001204895743025822 1 0 3 3 2 2 3 3 0 1
5.264783688613572e-05 1 0 3 3 2 3 1 2 3 0
-5.264783688613572e-05 1 0 3 3 2 3 2 1 3 0
0.5943730576708938 1 1 0 0 0 0 0 0 1 1
0.5943730576708938 1 1 0 0 0 0 0 0 2 2
0.00017807212263132365 1 1 0 0 0 0 0 1 0 1
0.0009445497015949124 1 1 0 0 0 0 0 1 3 1
0.00017807212263132365 1 1 0 0 0 0 0 2 0 2
0.0009445497015949124 1 1 0 0 0 0 0 2 3 2
-0.0007459604957035167 1 1 0 0 0 0 0 3 1 1
-0.0007459604957035167 1 1 0 0 0 0 0 3 2 2
-0.0009713823282307408 1 1 0 0 0 0 3 0 1 1
-0.0009713823282307407 1 1 0 0 0 0 3 0 2 2
0.0001896773341800373 1 1 0 0 0 0 3 1 3 1
0.0001896773341800373 1 1 0 0 0 0 3 2 3 2
-0.00014447441647033227 1 1 0 0 0 0 3 3 1 1
-0.00014447441647033227 1 1 0 0 0 0 3 3 2 2
-3.4766223696849385 1 1 0 0 0 1 1 0 0 0
0.00198897734303461 1 1 0 0 0 1 1 0 0 3
0.0026474891908242633 1 1 0 0 0 1 1 0 3 0
0.00036439547319801815 1 1 0 0 0 1 1 0 3 3
4.341478602621871e-05 1 1 0 0 0 1 1 1 1 0
7.533680760030078e-06 1 1 0 0 0 1 1 2 2 0
0.002678153935040466 1 1 0 0 0 1 1 3 0 0
0.000350812259008254 1 1 0 0 0 1 1 3 0 3
0.00036949806313515347 1 1 0 0 0 1 1 3 3 0
3.687608223679658e-05 1 1 0 0 0 1 2 1 2 0
-9.949769706079618e-07 1 1 0 0 0 1 2 2 1 0
-9.949769706079584e-07 1 1 0 0 0 2 1 1 2 0
3.687608223679658e-05 1 1 0 0 0 2 1 2 1 0
-3.4766223696849385 1 1 0 0 0 2 2 0 0 0
0.00198897734303461 1 1 0 0 0 2 2 0 0 3
0.0026474891908242633 1 1 0 0 0 2 2 0 3 0
0.00036439547319801815 1 1 0 0 0 2 2 0 3 3
7.533680760030085e-06 1 1 0 0 0 2 2 1 1 0
4.341478602621871e-05 1 1 0 0 0 2 2 2 2 0
0.002678153935040466 1 1 0 0 0 2 2 3 0 0
0.000350812259008254 1 1 0 0 0 2 2 3 0 3
0.00036949806313515347 1 1 0 0 0 2 2 3 3 0
0.922067454453864 1 1 0 0 0 3 0 0 1 1
0.922067454453864 1 1 0 0 0 3 0 0 2 2
0.0005554565558744323 1 1 0 0 0 3 0 1 0 1
-0.26226659172420014 1 1 0 0 0 3 0 1 3 1
0.0005554565558744323 1 1 0 0 0 3 0 2 0 2
-0.26226659172420014 1 1 0 0 0 3 0 2 3 2
0.21809141077626926 1 1 0 0 0 3 0 3 1 1
0.21809141077626926 1 1 0 0 0 3 0 3 2 2
0.18973203695004975 1 1 0 0 0 3 3 0 1 1
0.18973203695004975 1 1 0 0 0 3 3 0 2 2
8.913577144223117e-05 1 1 0 0 0 3 3 1 0 1
0.0005494993718706054 1 1 0 0 0 3 3 1 3 1
8.913577144223117e-05 1 1 0 0 0 3 3 2 0 2
0.0005494993718706054 1 1 0 0 0 3 3 2 3 2
-0.000430422850947603 1 1 0 0 0 3 3 3 1 1
-0.000430422850947603 1 1 0 0 0 3 3 3 2 2
1.696153380045379 1 1 0 0 3 0 0 0 1 1
1.696153380045379 1 1 0 0 3 0 0 0 2 2
0.0006514069687230857 1 1 0 0 3 0 0 1 0 1
-0.2547322347883897 1 1 0 0 3 0 0 1 3 1
0.0006514069687230857 1 1 0 0 3 0 0 2 0 2
-0.2547322347883897 1 1 0 0 3 0 0 2 3 2
0.1959244221708014 1 1 0 0 3 0 0 3 1 1
0.1959244221708014 1 1 0 0 3 0 0 3 2 2
0.5206146859464815 1 1 0 0 3 0 3 0 1 1
0.5206146859464815 1 1 0 0 3 0 3 0 2 2
0.00016332050884960506 1 1 0 0 3 0 3 1 0 1
0.0009721890297538064 1 1 0 0 3 0 3 1 3 1
0.00016332050884960506 1 1 0 0 3 0 3 2 0 2
0.0009721890297538064 1 1 0 0 3 0 3 2 3 2
-0.0007365604723055896 1 1 0 0 3 0 3 3 1 1
-0.0007365604723055895 1 1 0 0 3 0 3 3 2 2
0.0019889773430346097 1 1 0 0 3 1 1 0 0 0
0.0005634297532132533 1 1 0 0 3 1 1 0 0 3
0.0003960765957851383 1 1 0 0 3 1 1 0 3 0
0.00038467707286754017 1 1 0 0 3 1 1 3 0 0
0.0019889773430346097 1 1 0 0 3 2 2 0 0 0
0.0005634297532132533 1 1 0 0 3 2 2 0 0 3
0.0003960765957851383 1 1 0 0 3 2 2 0 3 0
0.00038467707286754017 1 1 0 0 3 2 2 3 0 0
-910.6567780052292 1 1 0 0 3 3 0 0 1 1
-910.6567780052292 1 1 0 0 3 3 0 0 2 2
-0.2910831916679729 1 1 0 0 3 3 0 1 0 1
-1.7389400094617868 1 1 0 0 3 3 0 1 3 1
-0.2910831916679729 1 1 0 0 3 3 0 2 0 2
-1.7389400094617868 1 1 0 0 3 3 0 2 3 2
1.3502742480349634 1 1 0 0 3 3 0 3 1 1
1.3502742480349637 1 1 0 0 3 3 0 3 2 2
1.615109787873207 1 1 0 0 3 3 3 0 1 1
1.6151097878732072 1 1 0 0 3 3 3 0 2 2
0.000636061163967879 1 1 0 0 3 3 3 1 0 1
-0.2614714316168631 1 1 0 0 3 3 3 1 3 1
0.000636061163967879 1 1 0 0 3 3 3 2 0 2
-0.26147143161686315 1 1 0 0 3 3 3 2 3 2
0.1851083086256855 1 1 0 0 3 3 3 3 1 1
0.1851083086256855 1 1 0 0 3 3 3 3 2 2
0.2943996679140228 1 1 0 1 1 0 0 0 0 0
-0.0006725311486602445 1 1 0 1 1 0 0 0 0 3
2.7641433329474454 1 1 0 1 1 0 0 0 3 0
0.3274329092919209 1 1 0 1 1 0 0 0 3 3
-1.0539909833829372e-08 1 1 0 1 1 0 0 1 1 0
-1.0539909833829372e-08 1 1 0 1 1 0 0 2 2 0
-0.0007196457085325927 1 1 0 1 1 0 0 3 0 0
-9.61367907109942e-05 1 1 0 1 1 0 0 3 0 3
0.2774762016664484 1 1 0 1 1 0 0 3 3 0
-0.0006921850568171877 1 1 0 1 1 0 0 3 3 3
-0.0007329994425188662 1 1 0 1 1 0 3 0 0 0
-8.988832667450016e-05 1 1 0 1 1 0 3 0 0 3
0.2766889005422742 1 1 0 1 1 0 3 0 3 0
-0.000696618292436312 1 1 0 1 1 0 3 0 3 3
-8.663614123379063e-05 1 1 0 1 1 0 3 3 0 0
-0.0007366825625122734 1 1 0 1 1 0 3 3 3 0
-9.304001913524199e-05 1 1 0 1 1 0 3 3 3 3
2.5337431411027194e-06 1 1 0 1 1 1 1 0 2 2
4.050655049255865e-05 1 1 0 1 1 1 1 1 0 1
7.998096193644965e-06 1 1 0 1 1 1 1 2 0 2
3.3908571789023576e-06 1 1 0 1 1 1 2 0 1 2
-5.924600320005189e-06 1 1 0 1 1 1 2 0 2 1
4.530671337236689e-05 1 1 0 1 1 1 2 1 0 2
-1.2798259073453161e-05 1 1 0 1 1 1 2 2 0 1
-5.924600320005189e-06 1 1 0 1 1 2 1 0 1 2
3.3908571789023576e-06 1 1 0 1 1 2 1 0 2 1
-1.2798259073453173e-05 1 1 0 1 1 2 1 1 0 2
4.530671337236691e-05 1 1 0 1 1 2 1 2 0 1
2.5337431411027194e-06 1 1 0 1 1 2 2 0 1 1
7.998096193644984e-06 1 1 0 1 1 2 2 1 0 1
4.050655049255865e-05 1 1 0 1 1 2 2 2 0 2
2.186509556214273 1 1 0 1 1 3 0 0 0 0
0.29851305375556336 1 1 0 1 1 3 0 0 0 3
-1482.9642795691532 1 1 0 1 1 3 0 0 3 0
1.5030889298905221 1 1 0 1 1 3 0 0 3 3
-4.004060507507967e-05 1 1 0 1 1 3 0 1 1 0
1.9115573030798602e-06 1 1 0 1 1 3 0 1 1 3
-4.004060507507967e-05 1 1 0 1 1 3 0 2 2 0
1.9115573030798602e-06 1 1 0 1 1 3 0 2 2 3
0.3156723115619387 1 1 0 1 1 3 0 3 0 0
-0.0006251855619885558 1 1 0 1 1 3 0 3 0 3
2.177293511083479 1 1 0 1 1 3 0 3 3 0
0.32990144842297103 1 1 0 1 1 3 0 3 3 3
0.28076997223149475 1 1 0 1 1 3 3 0 0 0
-0.0006175951868298018 1 1 0 1 1 3 3 0 0 3
2.632440349856189 1 1 0 1 1 3 3 0 3 0
0.28049679159782304 1 1 0 1 1 3 3 0 3 3
-2.0356106250636837e-06 1 1 0 1 1 3 3 1 1 0
-2.03561062506367e-06 1 1 0 1 1 3 3 2 2 0
-0.0007134887507539444 1 1 0 1 1 3 3 3 0 0
-9.245838923342011e-05 1 1 0 1 1 3 3 3 0 3
0.3017396897883237 1 1 0 1 1 3 3 3 3 0
-0.0006552288348453332 1 1 0 1 1 3 3 3 3 3
-2.705062487798318 1 1 0 1 2 0 0 1 2 0
0.0013905077678915364 1 1 0 1 2 0 0 1 2 3
2.705062487798318 1 1 0 1 2 0 0 2 1 0
-0.0013905077678915364 1 1 0 1 2 0 0 2 1 3
0.0024353055668878366 1 1 0 1 2 0 3 1 2 0
3.924007514050898e-05 1 1 0 1 2 0 3 1 2 3
-0.0024353055668878366 1 1 0 1 2 0 3 2 1 0
-3.9240075140508965e-05 1 1 0 1 2 0 3 2 1 3
-8.606654291961692e-05 1 1 0 1 2 1 1 0 1 2
3.421486572822298e-05 1 1 0 1 2 1 1 0 2 1
3.7605617387850967 1 1 0 1 2 1 1 1 0 2
-0.0027951521872647926 1 1 0 1 2 1 1 1 3 2
3.83024704903173e-06 1 1 0 1 2 1 1 2 0 1
4.5134869519316275e-05 1 1 0 1 2 1 2 0 1 1
-6.716807672077671e-06 1 1 0 1 2 1 2 0 2 2
-3.7103150863546595 1 1 0 1 2 1 2 1 0 1
0.0027563069460222866 1 1 0 1 2 1 2 1 3 1
0.050250482677486004 1 1 0 1 2 1 2 2 0 2
-3.8845241242505835e-05 1 1 0 1 2 1 2 2 3 2
6.716807672077657e-06 1 1 0 1 2 2 1 0 1 1
-4.5134869519316275e-05 1 1 0 1 2 2 1 0 2 2
-0.050250482677486004 1 1 0 1 2 2 1 1 0 1
3.8845241242505835e-05 1 1 0 1 2 2 1 1 3 1
3.7103150863546603 1 1 0 1 2 2 1 2 0 2
-0.0027563069460222866 1 1 0 1 2 2 1 2 3 2
-3.4214865728222964e-05 1 1 0 1 2 2 2 0 1 2
8.606654291961692e-05 1 1 0 1 2 2 2 0 2 1
-3.830247049031723e-06 1 1 0 1 2 2 2 1 0 2
-3.7605617387850967 1 1 0 1 2 2 2 2 0 1
0.0027951521872647926 1 1 0 1 2 2 2 2 3 1
-0.3166532845072957 1 1 0 1 2 3 0 1 2 0
0.020843094599735445 1 1 0 1 2 3 0 1 2 3
0.31665328450729563 1 1 0 1 2 3 0 2 1 0
-0.02084309459973545 1 1 0 1 2 3 0 2 1 3
0.0006020963697385492 1 1 0 1 2 3 3 1 2 0
-5.005489730753575e-06 1 1 0 1 2 3 3 1 2 3
-0.0006020963697385492 1 1 0 1 2 3 3 2 1 0
5.005489730753575e-06 1 1 0 1 2 3 3 2 1 3
-0.0322870222001054 1 1 0 2 1 0 0 1 2 0
3.725105818015512e-05 1 1 0 2 1 0 0 1 2 3
0.0322870222001054 1 1 0 2 1 0 0 2 1 0
-3.725105818015512e-05 1 1 0 2 1 0 0 2 1 3
4.2989133019933235e-05 1 1 0 2 1 0 3 1 2 0
4.5234360001275885e-06 1 1 0 2 1 0 3 1 2 3
-4.2989133019933235e-05 1 1 0 2 1 0 3 2 1 0
-4.5234360001275885e-06 1 1 0 2 1 0 3 2 1 3
3.421486572822296e-05 1 1 0 2 1 1 1 0 1 2
-9.412317491363712e-05 1 1 0 2 1 1 1 0 2 1
3.8302470490315775e-06 1 1 0 2 1 1 1 1 0 2
1.1251889025926392e-05 1 1 0 2 1 1 2 0 1 1
-4.86564201594878e-05 1 1 0 2 1 1 2 0 2 2
-5.504564189878884e-06 1 1 0 2 1 1 2 1 0 1
-1.6743171408473361e-06 1 1 0 2 1 1 2 2 0 2
4.865642015948778e-05 1 1 0 2 1 2 1 0 1 1
-1.1251889025926379e-05 1 1 0 2 1 2 1 0 2 2
1.6743171408473361e-06 1 1 0 2 1 2 1 1 0 1
5.504564189878884e-06 1 1 0 2 1 2 1 2 0 2
9.412317491363709e-05 1 1 0 2 1 2 2 0 1 2
-3.4214865728222984e-05 1 1 0 2 1 2 2 0 2 1
-3.8302470490315775e-06 1 1 0 2 1 2 2 2 0 1
-0.017226668607931404 1 1 0 2 1 3 0 1 2 0
-0.020316905294607352 1 1 0 2 1 3 0 1 2 3
0.0172266686079314 1 1 0 2 1 3 0 2 1 0
0.020316905294607352 1 1 0 2 1 3 0 2 1 3
-0.01356050322529982 1 1 0 2 1 3 3 1 2 0
2.658542013760021e-05 1 1 0 2 1 3 3 1 2 3
0.013560503225299819 1 1 0 2 1 3 3 2 1 0
-2.658542013760021e-05 1 1 0 2 1 3 3 2 1 3
-3.5627906026935228 1 1 0 2 2 0 0 0 0 0
0.012230194004278225 1 1 0 2 2 0 0 0 0 3
-50.96677629384842 1 1 0 2 2 0 0 0 3 0
-6.315814065954383 1 1 0 2 2 0 0 0 3 3
3.5557837543442564e-05 1 1 0 2 2 0 0 1 1 0
3.5557837543442564e-05 1 1 0 2 2 0 0 2 2 0
0.010153711908927655 1 1 0 2 2 0 0 3 0 0
0.00139974508823542 1 1 0 2 2 0 0 3 0 3
-2.781121510840139 1 1 0 2 2 0 0 3 3 0
0.011784947994168805 1 1 0 2 2 0 0 3 3 3
0.012561310484009804 1 1 0 2 2 0 3 0 0 0
0.0014825218490263092 1 1 0 2 2 0 3 0 0 3
-5.562459910737369 1 1 0 2 2 0 3 0 3 0
0.010562274177684726 1 1 0 2 2 0 3 0 3 3
0.0012585597854164912 1 1 0 2 2 0 3 3 0 0
0.01184986721231064 1 1 0 2 2 0 3 3 3 0
0.0014771811886493276 1 1 0 2 2 0 3 3 3 3
2.533743141102765e-06 1 1 0 2 2 1 1 0 1 1
-3.660234262944355 1 1 0 2 2 1 1 0 2 2
7.998096193644806e-06 1 1 0 2 2 1 1 1 0 1
-4.6958724561056464e-06 1 1 0 2 2 1 1 2 0 2
0.0027104597093908743 1 1 0 2 2 1 1 3 2 2
0.30692062891232635 1 1 0 2 2 1 2 0 1 2
3.3533161677751706 1 1 0 2 2 1 2 0 2 1
7.4239038780600005e-06 1 1 0 2 2 1 2 1 0 2
5.270064771690397e-06 1 1 0 2 2 1 2 2 0 1
-0.00022569069218639367 1 1 0 2 2 1 2 3 1 2
-0.0024847690172044804 1 1 0 2 2 1 2 3 2 1
3.3533161677751706 1 1 0 2 2 2 1 0 1 2
0.30692062891232635 1 1 0 2 2 2 1 0 2 1
5.2700647716903835e-06 1 1 0 2 2 2 1 1 0 2
7.42390387805998e-06 1 1 0 2 2 2 1 2 0 1
-0.0024847690172044804 1 1 0 2 2 2 1 3 1 2
-0.00022569069218639367 1 1 0 2 2 2 1 3 2 1
-3.660234262944355 1 1 0 2 2 2 2 0 1 1
2.5337431411027854e-06 1 1 0 2 2 2 2 0 2 2
-4.6958724561056464e-06 1 1 0 2 2 2 2 1 0 1
7.998096193644806e-06 1 1 0 2 2 2 2 2 0 2
0.0027104597093908743 1 1 0 2 2 2 2 3 1 1
-40.313253863393726 1 1 0 2 2 3 0 0 0 0
-6.114316754389043 1 1 0 2 2 3 0 0 0 3
27336.15322617854 1 1 0 2 2 3 0 0 3 0
-27.714088523435755 1 1 0 2 2 3 0 0 3 3
-1.755274000879266e-05 1 1 0 2 2 3 0 1 1 0
-4.346746565064273e-06 1 1 0 2 2 3 0 1 1 3
-1.755274000879266e-05 1 1 0 2 2 3 0 2 2 0
-4.34674656506428e-06 1 1 0 2 2 3 0 2 2 3
-5.820579377338614 1 1 0 2 2 3 0 3 0 0
0.01198205063974037 1 1 0 2 2 3 0 3 0 3
-40.14619502915438 1 1 0 2 2 3 0 3 3 0
-6.08303815486965 1 1 0 2 2 3 0 3 3 3
-5.563658576691698 1 1 0 2 2 3 3 0 0 0
0.009939722098319784 1 1 0 2 2 3 3 0 0 3
-48.53708881485375 1 1 0 2 2 3 3 0 3 0
-2.206492181361957 1 1 0 2 2 3 3 0 3 3
6.639069652595249e-06 1 1 0 2 2 3 3 1 1 0
6.639069652595249e-06 1 1 0 2 2 3 3 2 2 0
0.013445164041153437 1 1 0 2 2 3 3 3 0 0
0.0014933572185268625 1 1 0 2 2 3 3 3 0 3
-5.563828294504438 1 1 0 2 2 3 3 3 3 0
0.009905039119755349 1 1 0 2 2 3 3 3 3 3
-0.001142164107193123 1 1 0 3 0 0 0 0 1 1
-0.001142164107193123 1 1 0 3 0 0 0 0 2 2
0.0009665507413253293 1 1 0 3 0 0 0 1 0 1
-0.7701369212236912 1 1 0 3 0 0 0 1 3 1
0.0009665507413253293 1 1 0 3 0 0 0 2 0 2
-0.7701369212236912 1 1 0 3 0 0 0 2 3 2
-0.00013424151610239062 1 1 0 3 0 0 0 3 1 1
-0.00013424151610239062 1 1 0 3 0 0 0 3 2 2
-0.0002554951401914171 1 1 0 3 0 0 3 0 1 1
-0.0002554951401914171 1 1 0 3 0 0 3 0 2 2
0.0001871973853122711 1 1 0 3 0 0 3 1 0 1
0.0012586327491461561 1 1 0 3 0 0 3 1 3 1
0.0001871973853122711 1 1 0 3 0 0 3 2 0 2
0.0012586327491461561 1 1 0 3 0 0 3 2 3 2
0.0026474891908242625 1 1 0 3 0 1 1 0 0 0
0.0003960765957851382 1 1 0 3 0 1 1 0 0 3
0.0004871348046976997 1 1 0 3 0 1 1 0 3 0
5.852751695275854e-05 1 1 0 3 0 1 1 1 1 0
-2.592527083086857e-05 1 1 0 3 0 1 1 1 1 3
5.85275169527585e-05 1 1 0 3 0 1 1 2 2 0
-2.5925270830868596e-05 1 1 0 3 0 1 1 2 2 3
0.00040193913465552694 1 1 0 3 0 1 1 3 0 0
0.0026474891908242625 1 1 0 3 0 2 2 0 0 0
0.0003960765957851383 1 1 0 3 0 2 2 0 0 3
0.0004871348046976997 1 1 0 3 0 2 2 0 3 0
5.85275169527585e-05 1 1 0 3 0 2 2 1 1 0
-2.5925270830868596e-05 1 1 0 3 0 2 2 1 1 3
5.852751695275854e-05 1 1 0 3 0 2 2 2 2 0
-2.592527083086857e-05 1 1 0 3 0 2 2 2 2 3
0.00040193913465552694 1 1 0 3 0 2 2 3 0 0
0.648099198186937 1 1 0 3 0 3 0 0 1 1
0.648099198186937 1 1 0 3 0 3 0 0 2 2
-0.28258388477219243 1 1 0 3 0 3 0 1 0 1
-1.1947348241461853 1 1 0 3 0 3 0 1 3 1
-0.28258388477219243 1 1 0 3 0 3 0 2 0 2
-1.1947348241461853 1 1 0 3 0 3 0 2 3 2
-0.0007436798328524849 1 1 0 3 0 3 0 3 1 1
-0.0007436798328524849 1 1 0 3 0 3 0 3 2 2
-0.0010823960997282216 1 1 0 3 0 3 3 0 1 1
-0.0010823960997282216 1 1 0 3 0 3 3 0 2 2
0.0005577045005237349 1 1 0 3 0 3 3 1 0 1
-0.245838274310068 1 1 0 3 0 3 3 1 3 1
0.0005577045005237349 1 1 0 3 0 3 3 2 0 2
-0.245838274310068 1 1 0 3 0 3 3 2 3 2
-0.00017462565337012615 1 1 0 3 0 3 3 3 1 1
-0.00017462565337012615 1 1 0 3 0 3 3 3 2 2
0.19168495150116194 1 1 0 3 3 0 0 0 1 1
0.19168495150116197 1 1 0 3 3 0 0 0 2 2
-0.2538618285869531 1 1 0 3 3 0 0 1 0 1
-2.1977280517223448 1 1 0 3 3 0 0 1 3 1
-0.25386182858695316 1 1 0 3 3 0 0 2 0 2
-2.1977280517223448 1 1 0 3 3 0 0 2 3 2
-0.00048003351999644417 1 1 0 3 3 0 0 3 1 1
-0.00048003351999644417 1 1 0 3 3 0 0 3 2 2
-0.0012285073826417065 1 1 0 3 3 0 3 0 1 1
-0.0012285073826417065 1 1 0 3 3 0 3 0 2 2
0.0009543710084358905 1 1 0 3 3 0 3 1 0 1
-0.6745672371991439 1 1 0 3 3 0 3 1 3 1
0.0009543710084358905 1 1 0 3 3 0 3 2 0 2
-0.674567237199144 1 1 0 3 3 0 3 2 3 2
-0.00012817797795624332 1 1 0 3 3 0 3 3 1 1
-0.00012817797795624332 1 1 0 3 3 0 3 3 2 2
0.00036439547319801804 1 1 0 3 3 1 1 0 0 0
-2.175742168625535e-05 1 1 0 3 3 1 1 1 1 0
-2.1757421686255377e-05 1 1 0 3 3 1 1 2 2 0
0.00036439547319801804 1 1 0 3 3 2 2 0 0 0
-2.1757421686255377e-05 1 1 0 3 3 2 2 1 1 0
-2.175742168625535e-05 1 1 0 3 3 2 2 2 2 0
1.3414335167183582 1 1 0 3 3 3 0 0 1 1
1.3414335167183582 1 1 0 3 3 3 0 0 2 2
-1.7495679502435917 1 1 0 3 3 3 0 1 0 1
1179.9498618807897 1 1 0 3 3 3 0 1 3 1
-1.7495679502435917 1 1 0 3 3 3 0 2 0 2
1179.9498618807897 1 1 0 3 3 3 0 2 3 2
0.20394948814750216 1 1 0 3 3 3 0 3 1 1
0.20394948814750216 1 1 0 3 3 3 0 3 2 2
0.7191865013436227 1 1 0 3 3 3 3 0 1 1
0.7191865013436227 1 1 0 3 3 3 3 0 2 2
-0.23984724922852332 1 1 0 3 3 3 3 1 0 1
-2.0927188125671217 1 1 0 3 3 3 3 1 3 1
-0.23984724922852332 1 1 0 3 3 3 3 2 0 2
-2.0927188125671217 1 1 0 3 3 3 3 2 3 2
-0.000850389637059383 1 1 0 3 3 3 3 3 1 1
-0.000850389637059383 1 1 0 3 3 3 3 3 2 2
0.00013416580107223665 1 1 1 0 1 0 0 0 0 0
0.0009904204747589094 1 1 1 0 1 0 0 0 3 0
0.00013549295694811948 1 1 1 0 1 0 0 0 3 3
-0.0418365133571261 1 1 1 0 1 0 0 1 1 0
3.83400457648582e-05 1 1 1 0 1 0 0 1 1 3
-0.0418365133571261 1 1 1 0 1 0 0 2 2 0
3.83400457648582e-05 1 1 1 0 1 0 0 2 2 3
0.0010485466827951967 1 1 1 0 1 0 0 3 0 0
0.00014710778226867543 1 1 1 0 1 0 0 3 0 3
-0.42987164252775784 1 1 1 0 1 0 0 3 3 0
0.0009666656330530644 1 1 1 0 1 0 0 3 3 3
0.00012289313821997486 1 1 1 0 1 0 3 0 3 0
4.9060345245975954e-05 1 1 1 0 1 0 3 1 1 0
4.461784129071165e-06 1 1 1 0 1 0 3 1 1 3
4.9060345245975954e-05 1 1 1 0 1 0 3 2 2 0
4.461784129071165e-06 1 1 1 0 1 0 3 2 2 3
0.00013146321636414897 1 1 1 0 1 0 3 3 0 0
0.0010525569256187308 1 1 1 0 1 0 3 3 3 0
0.0001322188582030611 1 1 1 0 1 0 3 3 3 3
4.54055211162908e-06 1 1 1 0 1 1 1 2 0 2
4.268094238221466e-06 1 1 1 0 1 1 2 1 0 2
-8.808646349850492e-06 1 1 1 0 1 1 2 2 0 1
-8.808646349850492e-06 1 1 1 0 1 2 1 1 0 2
4.268094238221466e-06 1 1 1 0 1 2 1 2 0 1
4.54055211162908e-06 1 1 1 0 1 2 2 1 0 1
0.0009743580339476028 1 1 1 0 1 3 0 0 0 0
0.00014573622395100766 1 1 1 0 1 3 0 0 0 3
-0.43073348056924243 1 1 1 0 1 3 0 0 3 0
0.0008475262574964529 1 1 1 0 1 3 0 0 3 3
-0.022369057704776082 1 1 1 0 1 3 0 1 1 0
-0.015672949476711356 1 1 1 0 1 3 0 1 1 3
-0.022369057704776082 1 1 1 0 1 3 0 2 2 0
-0.015672949476711356 1 1 1 0 1 3 0 2 2 3
-0.4741913485118177 1 1 1 0 1 3 0 3 0 0
0.0009007825392927746 1 1 1 0 1 3 0 3 0 3
-2.850132364616289 1 1 1 0 1 3 0 3 3 0
-0.4605487693269969 1 1 1 0 1 3 0 3 3 3
0.0001355282247138894 1 1 1 0 1 3 3 0 0 0
0.0009715176255422483 1 1 1 0 1 3 3 0 3 0
0.0001285803508201687 1 1 1 0 1 3 3 0 3 3
-0.0104559423019825 1 1 1 0 1 3 3 1 1 0
2.138019120357836e-05 1 1 1 0 1 3 3 1 1 3
-0.0104559423019825 1 1 1 0 1 3 3 2 2 0
2.138019120357836e-05 1 1 1 0 1 3 3 2 2 3
0.00103136086908741 1 1 1 0 1 3 3 3 0 0
0.00014051855896844644 1 1 1 0 1 3 3 3 0 3
-0.4261219754875332 1 1 1 0 1 3 3 3 3 0
0.0008990044383783773 1 1 1 0 1 3 3 3 3 3
2.7442679402098415e-05 1 1 1 0 2 0 0 1 2 0
-2.744267940209841e-05 1 1 1 0 2 0 0 2 1 0
-8.360620058432485e-05 1 1 1 0 2 1 1 1 0 2
3.840536597091541e-05 1 1 1 0 2 1 1 2 0 1
4.237368646148818e-05 1 1 1 0 2 1 2 1 0 1
-2.827148151921576e-06 1 1 1 0 2 1 2 2 0 2
2.82714815192161e-06 1 1 1 0 2 2 1 1 0 1
-4.237368646148821e-05 1 1 1 0 2 2 1 2 0 2
-3.840536597091541e-05 1 1 1 0 2 2 2 1 0 2
8.36062005843249e-05 1 1 1 0 2 2 2 2 0 1
-1.3546780399713117e-05 1 1 1 0 2 3 0 1 2 0
-3.3547139159262543e-06 1 1 1 0 2 3 0 1 2 3
1.3546780399713117e-05 1 1 1 0 2 3 0 2 1 0
3.3547139159262543e-06 1 1 1 0 2 3 0 2 1 3
5.123873457765194e-06 1 1 1 0 2 3 3 1 2 0
-5.123873457765194e-06 1 1 1 0 2 3 3 2 1 0
-1.3990650184737723e-05 1 1 1 1 0 0 0 0 1 1
-1.3990650184737723e-05 1 1 1 1 0 0 0 0 2 2
4.211577159732016e-05 1 1 1 1 0 0 0 3 1 1
4.211577159732016e-05 1 1 1 1 0 0 0 3 2 2
3.404551459144871e-06 1 1 1 1 0 0 3 3 1 1
3.404551459144871e-06 1 1 1 1 0 0 3 3 2 2
5.0818787031460084e-05 1 1 1 1 0 1 1 0 0 0
-7.088976747214243e-07 1 1 1 1 0 1 1 2 2 0
5.85275169527587e-05 1 1 1 1 0 1 1 3 0 0
-2.1757421686255374e-05 1 1 1 1 0 1 1 3 0 3
7.533680760030088e-06 1 1 1 1 0 1 1 3 3 0
8.598032381090377e-07 1 1 1 1 0 1 2 1 2 0
-1.5090556338760314e-07 1 1 1 1 0 1 2 2 1 0
-1.5090556338760314e-07 1 1 1 1 0 2 1 1 2 0
8.598032381090377e-07 1 1 1 1 0 2 1 2 1 0
5.0818787031460084e-05 1 1 1 1 0 2 2 0 0 0
-7.088976747214243e-07 1 1 1 1 0 2 2 1 1 0
5.85275169527587e-05 1 1 1 1 0 2 2 3 0 0
-2.1757421686255367e-05 1 1 1 1 0 2 2 3 0 3
7.533680760030088e-06 1 1 1 1 0 2 2 3 3 0
2.9616417546654213e-05 1 1 1 1 0 3 0 0 1 1
2.9616417546654213e-05 1 1 1 1 0 3 0 0 2 2
-1.5292015082757013e-06 1 1 1 1 0 3 0 1 3 1
-1.5292015082757046e-06 1 1 1 1 0 3 0 2 3 2
-0.03310073900809914 1 1 1 1 0 3 0 3 1 1
-0.03310073900809914 1 1 1 1 0 3 0 3 2 2
4.5554931476730825e-06 1 1 1 1 0 3 3 0 1 1
4.5554931476730825e-06 1 1 1 1 0 3 3 0 2 2
3.051842925454159e-05 1 1 1 1 0 3 3 3 1 1
3.051842925454159e-05 1 1 1 1 0 3 3 3 2 2
2.489959664110373e-05 1 1 1 1 3 0 0 0 1 1
2.489959664110373e-05 1 1 1 1 3 0 0 0 2 2
-1.3627607078257493e-06 1 1 1 1 3 0 0 1 3 1
-1.3627607078257493e-06 1 1 1 1 3 0 0 2 3 2
-0.015261811466703908 1 1 1 1 3 0 0 3 1 1
-0.01526181146670391 1 1 1 1 3 0 0 3 2 2
-1.966779154522773e-05 1 1 1 1 3 0 3 0 1 1
-1.966779154522773e-05 1 1 1 1 3 0 3 0 2 2
1.6641572928585246e-05 1 1 1 1 3 0 3 3 1 1
1.664157292858525e-05 1 1 1 1 3 0 3 3 2 2
-2.592527083086859e-05 1 1 1 1 3 1 1 3 0 0
-2.592527083086859e-05 1 1 1 1 3 2 2 3 0 0
-0.0133324858763882 1 1 1 1 3 3 0 0 1 1
-0.013332485876388203 1 1 1 1 3 3 0 0 2 2
6.334248434507623e-07 1 1 1 1 3 3 0 1 0 1
-3.6635717799366445e-05 1 1 1 1 3 3 0 1 3 1
6.334248434507623e-07 1 1 1 1 3 3 0 2 0 2
-3.6635717799366445e-05 1 1 1 1 3 3 0 2 3 2
-0.010541322270178023 1 1 1 1 3 3 0 3 1 1
-0.010541322270178023 1 1 1 1 3 3 0 3 2 2
9.910387740942877e-06 1 1 1 1 3 3 3 0 1 1
9.910387740942877e-06 1 1 1 1 3 3 3 0 2 2
-1.6013774968884073e-06 1 1 1 1 3 3 3 1 3 1
-1.6013774968884073e-06 1 1 1 1 3 3 3 2 3 2
2.2268849323545563e-05 1 1 1 1 3 3 3 3 1 1
2.2268849323545563e-05 1 1 1 1 3 3 3 3 2 2
-2.5910489600690344e-05 1 1 1 2 0 0 0 1 0 2
-0.00042898758530139717 1 1 1 2 0 0 0 1 3 2
2.5910489600690344e-05 1 1 1 2 0 0 0 2 0 1
0.00042898758530139717 1 1 1 2 0 0 0 2 3 1
-0.00011216933606636154 1 1 1 2 0 0 3 1 3 2
0.00011216933606636154 1 1 1 2 0 0 3 2 3 1
-8.567360417542097e-05 1 1 1 2 0 1 1 1 2 0
3.1732173845652264e-05 1 1 1 2 0 1 1 2 1 0
-1.9290647297374465e-06 1 1 1 2 0 1 2 0 0 0
1.2807289758545528e-05 1 1 1 2 0 1 2 1 1 0
-4.113414057122317e-05 1 1 1 2 0 1 2 2 2 0
1.9290647297374232e-06 1 1 1 2 0 1 2 3 3 0
1.9290647297374465e-06 1 1 1 2 0 2 1 0 0 0
4.113414057122317e-05 1 1 1 2 0 2 1 1 1 0
-1.2807289758545535e-05 1 1 1 2 0 2 1 2 2 0
-1.9290647297374232e-06 1 1 1 2 0 2 1 3 3 0
-3.173217384565228e-05 1 1 1 2 0 2 2 1 2 0
8.567360417542095e-05 1 1 1 2 0 2 2 2 1 0
-0.0003405871476170235 1 1 1 2 0 3 0 1 0 2
0.4712676304934098 1 1 1 2 0 3 0 1 3 2
0.0003405871476170235 1 1 1 2 0 3 0 2 0 1
-0.47126763049340975 1 1 1 2 0 3 0 2 3 1
1.981406334481233e-06 1 1 1 2 0 3 0 3 1 2
-1.981406334481233e-06 1 1 1 2 0 3 0 3 2 1
-0.00010934863931824473 1 1 1 2 0 3 3 1 0 2
-0.0006795580070112254 1 1 1 2 0 3 3 1 3 2
0.00010934863931824473 1 1 1 2 0 3 3 2 0 1
0.0006795580070112254 1 1 1 2 0 3 3 2 3 1
1.9850020516358796e-05 1 1 1 2 3 0 0 1 0 2
-0.011819778137554506 1 1 1 2 3 0 0 1 3 2
-1.9850020516358796e-05 1 1 1 2 3 0 0 2 0 1
0.011819778137554509 1 1 1 2 3 0 0 2 3 1
1.7657468190131836e-06 1 1 1 2 3 0 0 3 1 2
-1.7657468190131836e-06 1 1 1 2 3 0 0 3 2 1
-3.060415533463802e-05 1 1 1 2 3 0 3 1 0 2
-0.00046807883072524996 1 1 1 2 3 0 3 1 3 2
3.060415533463802e-05 1 1 1 2 3 0 3 2 0 1
0.00046807883072524996 1 1 1 2 3 0 3 2 3 1
-8.207368292791782e-07 1 1 1 2 3 3 0 0 1 2
8.207368292791782e-07 1 1 1 2 3 3 0 0 2 1
-0.010395418325241813 1 1 1 2 3 3 0 1 0 2
-0.014459384421109339 1 1 1 2 3 3 0 1 3 2
0.010395418325241813 1 1 1 2 3 3 0 2 0 1
0.014459384421109337 1 1 1 2 3 3 0 2 3 1
4.746937726852099e-05 1 1 1 2 3 3 0 3 1 2
-4.746937726852099e-05 1 1 1 2 3 3 0 3 2 1
-0.0003711363893982131 1 1 1 2 3 3 3 1 0 2
0.5174088459245989 1 1 1 2 3 3 3 1 3 2
0.0003711363893982131 1 1 1 2 3 3 3 2 0 1
-0.5174088459245989 1 1 1 2 3 3 3 2 3 1
2.0749257040742885e-06 1 1 1 2 3 3 3 3 1 2
-2.0749257040742885e-06 1 1 1 2 3 3 3 3 2 1
0.0009324543284531077 1 1 1 3 1 0 0 0 0 0
0.00012456569331156808 1 1 1 3 1 0 0 0 0 3
-0.359536394887338 1 1 1 3 1 0 0 0 3 0
0.0008589807398134486 1 1 1 3 1 0 0 0 3 3
4.922610205700882e-05 1 1 1 3 1 0 0 1 1 0
8.65988202344807e-06 1 1 1 3 1 0 0 1 1 3
4.922610205700882e-05 1 1 1 3 1 0 0 2 2 0
8.65988202344807e-06 1 1 1 3 1 0 0 2 2 3
-0.38145062637278315 1 1 1 3 1 0 0 3 0 0
0.0009092998430060058 1 1 1 3 1 0 0 3 0 3
-3.581536559881969 1 1 1 3 1 0 0 3 3 0
-0.4242590901706426 1 1 1 3 1 0 0 3 3 3
0.00011225557789908524 1 1 1 3 1 0 3 0 0 0
0.0009291779396631602 1 1 1 3 1 0 3 0 3 0
0.000115211721105994 1 1 1 3 1 0 3 0 3 3
7.473241804513529e-06 1 1 1 3 1 0 3 1 1 0
7.473241804513529e-06 1 1 1 3 1 0 3 2 2 0
0.0009751081983522965 1 1 1 3 1 0 3 3 0 0
0.00012181092187602243 1 1 1 3 1 0 3 3 0 3
-0.3585094163510743 1 1 1 3 1 0 3 3 3 0
0.0009026174051483741 1 1 1 3 1 0 3 3 3 3
-3.830247049031706e-06 1 1 1 3 1 1 1 3 2 2
-1.6743171408473331e-06 1 1 1 3 1 1 2 3 1 2
5.5045641898790264e-06 1 1 1 3 1 1 2 3 2 1
5.5045641898790264e-06 1 1 1 3 1 2 1 3 1 2
-1.6743171408473331e-06 1 1 1 3 1 2 1 3 2 1
-3.830247049031706e-06 1 1 1 3 1 2 2 3 1 1
-0.4090207303381655 1 1 1 3 1 3 0 0 0 0
0.0008100610848514711 1 1 1 3 1 3 0 0 0 3
-2.8213317320989804 1 1 1 3 1 3 0 0 3 0
-0.3867965165365319 1 1 1 3 1 3 0 0 3 3
-0.016752223796206073 1 1 1 3 1 3 0 1 1 0
2.2892234178498266e-05 1 1 1 3 1 3 0 1 1 3
-0.016752223796206073 1 1 1 3 1 3 0 2 2 0
2.2892234178498266e-05 1 1 1 3 1 3 0 2 2 3
-2.832904804537643 1 1 1 3 1 3 0 3 0 0
-0.42744834822325106 1 1 1 3 1 3 0 3 0 3
1921.496154330189 1 1 1 3 1 3 0 3 3 0
-1.9475719261694044 1 1 1 3 1 3 0 3 3 3
0.000924476677974916 1 1 1 3 1 3 3 0 0 0
0.00011979954055211354 1 1 1 3 1 3 3 0 0 3
-0.3638099165975205 1 1 1 3 1 3 3 0 3 0
0.0007991089643881867 1 1 1 3 1 3 3 0 3 3
2.5216142105138932e-05 1 1 1 3 1 3 3 1 1 0
4.606810220790911e-06 1 1 1 3 1 3 3 1 1 3
2.5216142105138932e-05 1 1 1 3 1 3 3 2 2 0
4.606810220790911e-06 1 1 1 3 1 3 3 2 2 3
-0.39095544818688793 1 1 1 3 1 3 3 3 0 0
0.0008501057176393647 1 1 1 3 1 3 3 3 0 3
-3.4108872873336185 1 1 1 3 1 3 3 3 3 0
-0.3634433504452054 1 1 1 3 1 3 3 3 3 3
-4.6958724561056735e-06 1 1 1 3 2 1 1 3 1 2
-7.998096193644965e-06 1 1 1 3 2 1 1 3 2 1
5.270064771690398e-06 1 1 1 3 2 1 2 3 1 1
-7.423903878060156e-06 1 1 1 3 2 1 2 3 2 2
7.42390387806017e-06 1 1 1 3 2 2 1 3 1 1
-5.2700647716904114e-06 1 1 1 3 2 2 1 3 2 2
7.998096193644969e-06 1 1 1 3 2 2 2 3 1 2
4.6958724561056735e-06 1 1 1 3 2 2 2 3 2 1
2.4462878249517653e-05 1 1 1 3 2 3 0 1 2 0
-2.4462878249517653e-05 1 1 1 3 2 3 0 2 1 0
8.134447606148734e-09 1 1 2 0 1 0 0 1 2 0
-8.134447606148734e-09 1 1 2 0 1 0 0 2 1 0
3.840536597091539e-05 1 1 2 0 1 1 1 1 0 2
-0.00011534606415627517 1 1 2 0 1 1 1 2 0 1
4.54640481382632e-06 1 1 2 0 1 1 2 1 0 1
-7.239429337153368e-05 1 1 2 0 1 1 2 2 0 2
7.239429337153368e-05 1 1 2 0 1 2 1 1 0 1
-4.5464048138262796e-06 1 1 2 0 1 2 1 2 0 2
0.0001153460641562752 1 1 2 0 1 2 2 1 0 2
-3.840536597091541e-05 1 1 2 0 1 2 2 2 0 1
3.090237101170668e-05 1 1 2 0 1 3 0 1 2 0
-1.4752937144467886e-06 1 1 2 0 1 3 0 1 2 3
-3.090237101170668e-05 1 1 2 0 1 3 0 2 1 0
1.4752937144467886e-06 1 1 2 0 1 3 0 2 1 3
1.5710350693536364e-06 1 1 2 0 1 3 3 1 2 0
-1.5710350693536432e-06 1 1 2 0 1 3 3 2 1 0
-0.0017958014896161676 1 1 2 0 2 0 0 0 0 0
-0.015565714916986068 1 1 2 0 2 0 0 0 3 0
-0.002187379542868662 1 1 2 0 2 0 0 0 3 3
3.3439092729923923 1 1 2 0 2 0 0 1 1 0
-0.0017299077926735324 1 1 2 0 2 0 0 1 1 3
3.3439092729923923 1 1 2 0 2 0 0 2 2 0
-0.0017299077926735324 1 1 2 0 2 0 0 2 2 3
-0.01799659890377877 1 1 2 0 2 0 0 3 0 0
-0.002545885887628954 1 1 2 0 2 0 0 3 0 3
7.926270714397291 1 1 2 0 2 0 0 3 3 0
-0.018094704208459066 1 1 2 0 2 0 0 3 3 3
-0.0019758397370037255 1 1 2 0 2 0 3 0 3 0
-0.0030124021762581664 1 1 2 0 2 0 3 1 1 0
-4.698720313312706e-05 1 1 2 0 2 0 3 1 1 3
-0.0030124021762581664 1 1 2 0 2 0 3 2 2 0
-4.698720313312705e-05 1 1 2 0 2 0 3 2 2 3
-0.0023085643194535417 1 1 2 0 2 0 3 3 0 0
-0.01985345316219205 1 1 2 0 2 0 3 3 3 0
-0.002117601338815142 1 1 2 0 2 0 3 3 3 3
-0.00044500775427726617 1 1 2 0 2 1 1 0 2 2
4.540552111629125e-06 1 1 2 0 2 1 1 1 0 1
-5.63053250611369 1 1 2 0 2 1 1 2 0 2
0.004174943961080878 1 1 2 0 2 1 1 2 3 2
-0.0027951521872647913 1 1 2 0 2 1 1 3 2 2
3.5170469686163457e-07 1 1 2 0 2 1 2 0 1 2
0.00044465604958040454 1 1 2 0 2 1 2 0 2 1
0.33324872684427215 1 1 2 0 2 1 2 1 0 2
-0.00024604315968778485 1 1 2 0 2 1 2 1 3 2
5.297288319821534 1 1 2 0 2 1 2 2 0 1
-0.0039289008013930924 1 1 2 0 2 1 2 2 3 1
3.8845241242505774e-05 1 1 2 0 2 1 2 3 1 2
0.0027563069460222857 1 1 2 0 2 1 2 3 2 1
0.00044465604958040454 1 1 2 0 2 2 1 0 1 2
3.5170469686163457e-07 1 1 2 0 2 2 1 0 2 1
5.297288319821533 1 1 2 0 2 2 1 1 0 2
-0.0039289008013930924 1 1 2 0 2 2 1 1 3 2
0.3332487268442722 1 1 2 0 2 2 1 2 0 1
-0.00024604315968778485 1 1 2 0 2 2 1 2 3 1
0.0027563069460222857 1 1 2 0 2 2 1 3 1 2
3.8845241242505774e-05 1 1 2 0 2 2 1 3 2 1
-0.00044500775427726617 1 1 2 0 2 2 2 0 1 1
-5.630532506113689 1 1 2 0 2 2 2 1 0 1
0.004174943961080878 1 1 2 0 2 2 2 1 3 1
4.540552111629105e-06 1 1 2 0 2 2 2 2 0 2
-0.0027951521872647913 1 1 2 0 2 2 2 3 1 1
-0.01796885312514165 1 1 2 0 2 3 0 0 0 0
-0.0027900687827806356 1 1 2 0 2 3 0 0 0 3
7.941945321523058 1 1 2 0 2 3 0 0 3 0
-0.016212662919607972 1 1 2 0 2 3 0 0 3 3
0.4105838263046305 1 1 2 0 2 3 0 1 1 0
-0.01631269917346682 1 1 2 0 2 3 0 1 1 3
0.4105838263046305 1 1 2 0 2 3 0 2 2 0
-0.01631269917346682 1 1 2 0 2 3 0 2 2 3
8.743138400077365 1 1 2 0 2 3 0 3 0 0
-0.016615552454233507 1 1 2 0 2 3 0 3 0 3
52.54904744769681 1 1 2 0 2 3 0 3 3 0
8.4917028823194 1 1 2 0 2 3 0 3 3 3
-0.0025643860363807284 1 1 2 0 2 3 3 0 0 0
-0.0182863323800336 1 1 2 0 2 3 3 0 3 0
-0.002086716750077826 1 1 2 0 2 3 3 0 3 3
-0.0007432103659663555 1 1 2 0 2 3 3 1 1 0
-2.9681869689215168e-06 1 1 2 0 2 3 3 1 1 3
-0.0007432103659663555 1 1 2 0 2 3 3 2 2 0
-2.9681869689215168e-06 1 1 2 0 2 3 3 2 2 3
-0.019022343032128596 1 1 2 0 2 3 3 3 0 0
-0.0021033689189516383 1 1 2 0 2 3 3 3 0 3
7.856985020717852 1 1 2 0 2 3 3 3 3 0
-0.01372740715902508 1 1 2 0 2 3 3 3 3 3
2.090858046153884e-05 1 1 2 1 0 0 0 1 0 2
-3.673595861768562e-05 1 1 2 1 0 0 0 1 3 2
-2.090858046153884e-05 1 1 2 1 0 0 0 2 0 1
3.673595861768562e-05 1 1 2 1 0 0 0 2 3 1
-2.517307339282322e-06 1 1 2 1 0 0 3 1 3 2
2.517307339282322e-06 1 1 2 1 0 0 3 2 3 1
3.173217384565227e-05 1 1 2 1 0 1 1 1 2 0
-0.00010447305052935449 1 1 2 1 0 1 1 2 1 0
-0.6490652662099102 1 1 2 1 0 1 2 0 0 0
0.000329193989074798 1 1 2 1 0 1 2 0 0 3
1.2285984295863203e-05 1 1 2 1 0 1 2 1 1 0
-6.0454892387839e-05 1 1 2 1 0 1 2 2 2 0
0.6490652662099097 1 1 2 1 0 1 2 3 3 0
-0.00032919398907479774 1 1 2 1 0 1 2 3 3 3
0.6490652662099103 1 1 2 1 0 2 1 0 0 0
-0.000329193989074798 1 1 2 1 0 2 1 0 0 3
6.045489238783901e-05 1 1 2 1 0 2 1 1 1 0
-1.2285984295863216e-05 1 1 2 1 0 2 1 2 2 0
-0.6490652662099097 1 1 2 1 0 2 1 3 3 0
0.00032919398907479774 1 1 2 1 0 2 1 3 3 3
0.00010447305052935446 1 1 2 1 0 2 2 1 2 0
-3.1732173845652284e-05 1 1 2 1 0 2 2 2 1 0
-2.2163373425568243e-05 1 1 2 1 0 3 0 1 0 2
0.025537962721402657 1 1 2 1 0 3 0 1 3 2
2.2163373425568243e-05 1 1 2 1 0 3 0 2 0 1
-0.025537962721402657 1 1 2 1 0 3 0 2 3 1
3.790899358294409e-05 1 1 2 1 0 3 0 3 1 2
-3.790899358294409e-05 1 1 2 1 0 3 0 3 2 1
-3.5158194819162484e-06 1 1 2 1 0 3 3 1 0 2
-2.4136536271645316e-05 1 1 2 1 0 3 3 1 3 2
3.5158194819162484e-06 1 1 2 1 0 3 3 2 0 1
2.4136536271645316e-05 1 1 2 1 0 3 3 2 3 1
-2.3362887103398092e-05 1 1 2 1 3 0 0 1 0 2
0.01651436650610402 1 1 2 1 3 0 0 1 3 2
2.3362887103398092e-05 1 1 2 1 3 0 0 2 0 1
-0.016514366506104015 1 1 2 1 3 0 0 2 3 1
2.2801701375793673e-06 1 1 2 1 3 0 0 3 1 2
-2.2801701375793673e-06 1 1 2 1 3 0 0 3 2 1
2.6241324533233567e-05 1 1 2 1 3 0 3 1 0 2
-1.866205404009053e-05 1 1 2 1 3 0 3 1 3 2
-2.6241324533233567e-05 1 1 2 1 3 0 3 2 0 1
1.8662054040090526e-05 1 1 2 1 3 0 3 2 3 1
0.00032919398907479806 1 1 2 1 3 1 2 0 0 0
0.00011886487336297384 1 1 2 1 3 1 2 0 0 3
-0.00032919398907479774 1 1 2 1 3 1 2 3 3 0
-0.00011886487336297373 1 1 2 1 3 1 2 3 3 3
-0.00032919398907479806 1 1 2 1 3 2 1 0 0 0
-0.00011886487336297384 1 1 2 1 3 2 1 0 0 3
0.00032919398907479774 1 1 2 1 3 2 1 3 3 0
0.00011886487336297374 1 1 2 1 3 2 1 3 3 3
-3.7316728229746754e-06 1 1 2 1 3 3 0 0 1 2
3.7316728229746754e-06 1 1 2 1 3 3 0 0 2 1
0.01028554093143678 1 1 2 1 3 3 0 1 0 2
0.013699712091954794 1 1 2 1 3 3 0 1 3 2
-0.01028554093143678 1 1 2 1 3 3 0 2 0 1
-0.013699712091954792 1 1 2 1 3 3 0 2 3 1
1.54912169952616e-05 1 1 2 1 3 3 0 3 1 2
-1.54912169952616e-05 1 1 2 1 3 3 0 3 2 1
-6.63625069971218e-06 1 1 2 1 3 3 3 1 0 2
-2.6527762163048445e-05 1 1 2 1 3 3 3 1 3 2
6.63625069971218e-06 1 1 2 1 3 3 3 2 0 1
2.6527762163048445e-05 1 1 2 1 3 3 3 2 3 1
3.939503438666473e-05 1 1 2 1 3 3 3 3 1 2
-3.9395034386664744e-05 1 1 2 1 3 3 3 3 2 1
-2.0471689079336646e-05 1 1 2 2 0 0 0 0 1 1
-2.047168907933665e-05 1 1 2 2 0 0 0 0 2 2
-0.000561328297117224 1 1 2 2 0 0 0 3 1 1
-0.000561328297117224 1 1 2 2 0 0 0 3 2 2
-0.00014519642787193265 1 1 2 2 0 0 3 3 1 1
-0.00014519642787193265 1 1 2 2 0 0 3 3 2 2
1.493768176527152e-05 1 1 2 2 0 1 1 0 0 0
-7.088976747214221e-07 1 1 2 2 0 1 1 1 1 0
-1.6837887130218645 1 1 2 2 0 1 1 2 2 0
0.0008539686252499435 1 1 2 2 0 1 1 2 2 3
5.8527516952758673e-05 1 1 2 2 0 1 1 3 0 0
-2.1757421686255344e-05 1 1 2 2 0 1 1 3 0 3
4.3414786026218704e-05 1 1 2 2 0 1 1 3 3 0
0.6718592781901278 1 1 2 2 0 1 2 1 2 0
-0.00034074582175717884 1 1 2 2 0 1 2 1 2 3
1.0119287259340635 1 1 2 2 0 1 2 2 1 0
-0.0005132228034927648 1 1 2 2 0 1 2 2 1 3
1.0119287259340632 1 1 2 2 0 2 1 1 2 0
-0.0005132228034927648 1 1 2 2 0 2 1 1 2 3
0.6718592781901278 1 1 2 2 0 2 1 2 1 0
-0.00034074582175717884 1 1 2 2 0 2 1 2 1 3
1.4937681765271534e-05 1 1 2 2 0 2 2 0 0 0
-1.6837887130218645 1 1 2 2 0 2 2 1 1 0
0.0008539686252499435 1 1 2 2 0 2 2 1 1 3
-7.088976747214221e-07 1 1 2 2 0 2 2 2 2 0
5.8527516952758673e-05 1 1 2 2 0 2 2 3 0 0
-2.1757421686255344e-05 1 1 2 2 0 2 2 3 0 3
4.341478602621872e-05 1 1 2 2 0 2 2 3 3 0
-0.00044040416269761 1 1 2 2 0 3 0 0 1 1
-0.00044040416269761 1 1 2 2 0 3 0 0 2 2
2.9257244793976425e-05 1 1 2 2 0 3 0 1 3 1
2.925724479397642e-05 1 1 2 2 0 3 0 2 3 2
0.6106167462770704 1 1 2 2 0 3 0 3 1 1
0.6106167462770703 1 1 2 2 0 3 0 3 2 2
-0.00014168445782948333 1 1 2 2 0 3 3 0 1 1
-0.00014168445782948333 1 1 2 2 0 3 3 0 2 2
-0.0008812677663873466 1 1 2 2 0 3 3 3 1 1
-0.0008812677663873466 1 1 2 2 0 3 3 3 2 2
2.034792959782727e-05 1 1 2 2 3 0 0 0 1 1
2.034792959782727e-05 1 1 2 2 3 0 0 0 2 2
1.7597801888649771e-06 1 1 2 2 3 0 0 1 3 1
1.759780188864978e-06 1 1 2 2 3 0 0 2 3 2
-0.009178972101920245 1 1 2 2 3 0 0 3 1 1
-0.009178972101920245 1 1 2 2 3 0 0 3 2 2
-2.5320768304268386e-05 1 1 2 2 3 0 3 0 1 1
-2.5320768304268386e-05 1 1 2 2 3 0 3 0 2 2
-0.0006140349383786181 1 1 2 2 3 0 3 3 1 1
-0.0006140349383786181 1 1 2 2 3 0 3 3 2 2
0.0008539686252499435 1 1 2 2 3 1 1 2 2 0
0.0003065901818473792 1 1 2 2 3 1 1 2 2 3
-2.5925270830868565e-05 1 1 2 2 3 1 1 3 0 0
-0.00034074582175717884 1 1 2 2 3 1 2 1 2 0
-0.00012215622558527954 1 1 2 2 3 1 2 1 2 3
-0.0005132228034927648 1 1 2 2 3 1 2 2 1 0
-0.00018443395626209968 1 1 2 2 3 1 2 2 1 3
-0.0005132228034927648 1 1 2 2 3 2 1 1 2 0
-0.00018443395626209968 1 1 2 2 3 2 1 1 2 3
-0.00034074582175717884 1 1 2 2 3 2 1 2 1 0
-0.00012215622558527954 1 1 2 2 3 2 1 2 1 3
0.0008539686252499435 1 1 2 2 3 2 2 1 1 0
0.0003065901818473792 1 1 2 2 3 2 2 1 1 3
-2.5925270830868565e-05 1 1 2 2 3 2 2 3 0 0
-0.01347485544830097 1 1 2 2 3 3 0 0 1 1
-0.01347485544830097 1 1 2 2 3 3 0 0 2 2
-2.8800148712446754e-06 1 1 2 2 3 3 0 1 0 1
1.1955746775374465e-05 1 1 2 2 3 3 0 1 3 1
-2.8800148712446754e-06 1 1 2 2 3 3 0 2 0 2
1.1955746775374465e-05 1 1 2 2 3 3 0 2 3 2
-0.011525639612902955 1 1 2 2 3 3 0 3 1 1
-0.011525639612902955 1 1 2 2 3 3 0 3 2 2
-0.00047957454804605914 1 1 2 2 3 3 3 0 1 1
-0.00047957454804605914 1 1 2 2 3 3 3 0 2 2
3.0404135161117462e-05 1 1 2 2 3 3 3 1 3 1
3.0404135161117462e-05 1 1 2 2 3 3 3 2 3 2
0.6704012849618276 1 1 2 2 3 3 3 3 1 1
0.6704012849618275 1 1 2 2 3 3 3 3 2 2
-7.998096193644816e-06 1 1 2 3 1 1 1 3 1 2
4.050655049255865e-05 1 1 2 3 1 1 1 3 2 1
1.2798259073452966e-05 1 1 2 3 1 1 2 3 1 1
4.530671337236688e-05 1 1 2 3 1 1 2 3 2 2
-4.5306713372366905e-05 1 1 2 3 1 2 1 3 1 1
-1.2798259073452975e-05 1 1 2 3 1 2 1 3 2 2
-4.050655049255865e-05 1 1 2 3 1 2 2 3 1 2
7.998096193644791e-06 1 1 2 3 1 2 2 3 2 1
3.964425298806607e-07 1 1 2 3 1 3 0 1 2 0
-3.964425298806607e-07 1 1 2 3 1 3 0 2 1 0
-0.01315629692095446 1 1 2 3 2 0 0 0 0 0
-0.0018136679629723379 1 1 2 3 2 0 0 0 0 3
2.988669880821699 1 1 2 3 2 0 0 0 3 0
-0.014995865532022262 1 1 2 3 2 0 0 0 3 3
-0.0028178650918233034 1 1 2 3 2 0 0 1 1 0
-0.0004363514418113016 1 1 2 3 2 0 0 1 1 3
-0.0028178650918233034 1 1 2 3 2 0 0 2 2 0
-0.0004363514418113016 1 1 2 3 2 0 0 2 2 3
5.231219766894646 1 1 2 3 2 0 0 3 0 0
-0.01612086710371989 1 1 2 3 2 0 0 3 0 3
66.03831663139523 1 1 2 3 2 0 0 3 3 0
8.183482641079983 1 1 2 3 2 0 0 3 3 3
-0.0016307323251069862 1 1 2 3 2 0 3 0 0 0
-0.014807950575388688 1 1 2 3 2 0 3 0 3 0
-0.0018992810346522852 1 1 2 3 2 0 3 0 3 3
-0.0004050488183149964 1 1 2 3 2 0 3 1 1 0
-0.0004050488183149964 1 1 2 3 2 0 3 2 2 0
-0.01682193067824351 1 1 2 3 2 0 3 3 0 0
-0.0019356447846704664 1 1 2 3 2 0 3 3 0 3
7.207351838712499 1 1 2 3 2 0 3 3 3 0
-0.013685676380080215 1 1 2 3 2 0 3 3 3 3
-0.002795152187264793 1 1 2 3 2 1 1 0 2 2
0.004174943961080876 1 1 2 3 2 1 1 2 0 2
0.0007333350820715224 1 1 2 3 2 1 1 2 3 2
-3.830247049031604e-06 1 1 2 3 2 1 1 3 1 1
3.7605617387850963 1 1 2 3 2 1 1 3 2 2
3.884524124250579e-05 1 1 2 3 2 1 2 0 1 2
0.0027563069460222875 1 1 2 3 2 1 2 0 2 1
-0.0002460431596877847 1 1 2 3 2 1 2 1 0 2
-4.8835791482737907e-05 1 1 2 3 2 1 2 1 3 2
-0.003928900801393092 1 1 2 3 2 1 2 2 0 1
-0.0006844992905887845 1 1 2 3 2 1 2 2 3 1
-0.050250482677485935 1 1 2 3 2 1 2 3 1 2
-3.7103150863546595 1 1 2 3 2 1 2 3 2 1
0.0027563069460222875 1 1 2 3 2 2 1 0 1 2
3.884524124250579e-05 1 1 2 3 2 2 1 0 2 1
-0.003928900801393092 1 1 2 3 2 2 1 1 0 2
-0.0006844992905887845 1 1 2 3 2 2 1 1 3 2
-0.0002460431596877847 1 1 2 3 2 2 1 2 0 1
-4.8835791482737907e-05 1 1 2 3 2 2 1 2 3 1
-3.7103150863546595 1 1 2 3 2 2 1 3 1 2
-0.05025048267748593 1 1 2 3 2 2 1 3 2 1
-0.002795152187264793 1 1 2 3 2 2 2 0 1 1
0.004174943961080876 1 1 2 3 2 2 2 1 0 1
0.0007333350820715224 1 1 2 3 2 2 2 1 3 1
3.7605617387850963 1 1 2 3 2 2 2 3 1 1
-3.830247049031597e-06 1 1 2 3 2 2 2 3 2 2
7.541800597367794 1 1 2 3 2 3 0 0 0 0
-0.01552529925531294 1 1 2 3 2 3 0 0 0 3
52.019063167265195 1 1 2 3 2 3 0 0 3 0
7.922693429466909 1 1 2 3 2 3 0 0 3 3
0.3086354922054732 1 1 2 3 2 3 0 1 1 0
-0.00019496820476392062 1 1 2 3 2 3 0 1 1 3
0.3086354922054732 1 1 2 3 2 3 0 2 2 0
-0.00019496820476392062 1 1 2 3 2 3 0 2 2 3
52.23329392354366 1 1 2 3 2 3 0 3 0 0
7.8815783753470505 1 1 2 3 2 3 0 3 0 3
-35419.810188242285 1 1 2 3 2 3 0 3 3 0
35.90950588103152 1 1 2 3 2 3 0 3 3 3
-0.01742107436796836 1 1 2 3 2 3 3 0 0 0
-0.0019349624208576778 1 1 2 3 2 3 3 0 0 3
7.209265856812304 1 1 2 3 2 3 3 0 3 0
-0.012870176124713365 1 1 2 3 2 3 3 0 3 3
-0.000320841098318769 1 1 2 3 2 3 3 1 1 0
-6.4258706845625245e-06 1 1 2 3 2 3 3 1 1 3
-0.000320841098318769 1 1 2 3 2 3 3 2 2 0
-6.4258706845625245e-06 1 1 2 3 2 3 3 2 2 3
7.208763980410068 1 1 2 3 2 3 3 3 0 0
-0.012842939753715355 1 1 2 3 2 3 3 3 0 3
62.89013888265754 1 1 2 3 2 3 3 3 3 0
2.8589806912128783 1 1 2 3 2 3 3 3 3 3
-0.0007247486008652494 1 1 3 0 0 0 0 0 1 1
-0.0007247486008652494 1 1 3 0 0 0 0 0 2 2
0.00020348019608724553 1 1 3 0 0 0 0 1 3 1
0.00020348019608724553 1 1 3 0 0 0 0 2 3 2
-0.00014754269421141447 1 1 3 0 0 0 0 3 1 1
-0.00014754269421141447 1 1 3 0 0 0 0 3 2 2
-0.00014649862422503362 1 1 3 0 0 0 3 0 1 1
-0.00014649862422503362 1 1 3 0 0 0 3 0 2 2
0.0026781539350404665 1 1 3 0 0 1 1 0 0 0
0.0003846770728675401 1 1 3 0 0 1 1 0 0 3
0.00040193913465552694 1 1 3 0 0 1 1 0 3 0
0.0005177078341439107 1 1 3 0 0 1 1 3 0 0
0.0026781539350404665 1 1 3 0 0 2 2 0 0 0
0.0003846770728675401 1 1 3 0 0 2 2 0 0 3
0.00040193913465552694 1 1 3 0 0 2 2 0 3 0
0.0005177078341439107 1 1 3 0 0 2 2 3 0 0
0.20241940260591776 1 1 3 0 0 3 0 0 1 1
0.20241940260591776 1 1 3 0 0 3 0 0 2 2
0.00016754490982723275 1 1 3 0 0 3 0 1 0 1
0.000944219236749241 1 1 3 0 0 3 0 1 3 1
0.00016754490982723275 1 1 3 0 0 3 0 2 0 2
0.000944219236749241 1 1 3 0 0 3 0 2 3 2
-0.00042938180326890945 1 1 3 0 0 3 0 3 1 1
-0.00042938180326890945 1 1 3 0 0 3 0 3 2 2
-0.0004235071806540725 1 1 3 0 0 3 3 0 1 1
-0.0004235071806540725 1 1 3 0 0 3 3 0 2 2
0.00022452094917028466 1 1 3 0 0 3 3 1 3 1
0.00022452094917028466 1 1 3 0 0 3 3 2 3 2
-6.879283353379776e-05 1 1 3 0 0 3 3 3 1 1
-6.879283353379776e-05 1 1 3 0 0 3 3 3 2 2
0.19186051126315068 1 1 3 0 3 0 0 0 1 1
0.19186051126315068 1 1 3 0 3 0 0 0 2 2
8.637296243241541e-05 1 1 3 0 3 0 0 1 0 1
0.0006034945251568872 1 1 3 0 3 0 0 1 3 1
8.637296243241541e-05 1 1 3 0 3 0 0 2 0 2
0.0006034945251568872 1 1 3 0 3 0 0 2 3 2
-0.0004985941702724504 1 1 3 0 3 0 0 3 1 1
-0.0004985941702724504 1 1 3 0 3 0 0 3 2 2
-0.0007444935000411487 1 1 3 0 3 0 3 0 1 1
-0.0007444935000411487 1 1 3 0 3 0 3 0 2 2
0.00020377344906809903 1 1 3 0 3 0 3 1 3 1
0.00020377344906809903 1 1 3 0 3 0 3 2 3 2
-0.0001371090189313512 1 1 3 0 3 0 3 3 1 1
-0.00013710901893135117 1 1 3 0 3 0 3 3 2 2
0.0003508122590082539 1 1 3 0 3 1 1 0 0 0
0.000350812259008254 1 1 3 0 3 2 2 0 0 0
1.3365076858697447 1 1 3 0 3 3 0 0 1 1
1.3365076858697449 1 1 3 0 3 3 0 0 2 2
0.0005978902089136775 1 1 3 0 3 3 0 1 0 1
-0.2509282983830973 1 1 3 0 3 3 0 1 3 1
0.0005978902089136775 1 1 3 0 3 3 0 2 0 2
-0.2509282983830974 1 1 3 0 3 3 0 2 3 2
0.2246551197208328 1 1 3 0 3 3 0 3 1 1
0.22465511972083277 1 1 3 0 3 3 0 3 2 2
0.20180667102905261 1 1 3 0 3 3 3 0 1 1
0.20180667102905261 1 1 3 0 3 3 3 0 2 2
0.0001750536780082363 1 1 3 0 3 3 3 1 0 1
0.0011090247627071437 1 1 3 0 3 3 3 1 3 1
0.0001750536780082363 1 1 3 0 3 3 3 2 0 2
0.0011090247627071437 1 1 3 0 3 3 3 2 3 2
-0.0004919089764886157 1 1 3 0 3 3 3 3 1 1
-0.0004919089764886157 1 1 3 0 3 3 3 3 2 2
-0.0007779636626780487 1 1 3 1 1 0 0 0 0 0
-0.00010668767235855081 1 1 3 1 1 0 0 0 0 3
0.33176454151718315 1 1 3 1 1 0 0 0 3 0
-0.0007460491663614645 1 1 3 1 1 0 0 0 3 3
-0.00010354592179720706 1 1 3 1 1 0 0 3 0 0
-0.0007956618973072233 1 1 3 1 1 0 0 3 3 0
-0.00011141674627060498 1 1 3 1 1 0 0 3 3 3
-9.69575022980707e-05 1 1 3 1 1 0 3 0 0 0
-0.000812337989533899 1 1 3 1 1 0 3 0 3 0
-0.00010204331835829682 1 1 3 1 1 0 3 0 3 3
-9.934858308213624e-05 1 1 3 1 1 0 3 3 3 0
0.33242074563758844 1 1 3 1 1 3 0 0 0 0
-0.0006552869170779669 1 1 3 1 1 3 0 0 0 3
2.1996632568038033 1 1 3 1 1 3 0 0 3 0
0.35544040635852714 1 1 3 1 1 3 0 0 3 3
-5.136757554268285e-07 1 1 3 1 1 3 0 1 1 0
-5.136757554268285e-07 1 1 3 1 1 3 0 2 2 0
-0.0007519859754073837 1 1 3 1 1 3 0 3 0 0
-0.0001124756944590255 1 1 3 1 1 3 0 3 0 3
0.3659783608077896 1 1 3 1 1 3 0 3 3 0
-0.0006940155467610653 1 1 3 1 1 3 0 3 3 3
-0.0007508700075830928 1 1 3 1 1 3 3 0 0 0
-9.923520632142465e-05 1 1 3 1 1 3 3 0 0 3
0.3288706391440766 1 1 3 1 1 3 3 0 3 0
-0.0006938298920270262 1 1 3 1 1 3 3 0 3 3
-0.00010459740742712019 1 1 3 1 1 3 3 3 0 0
-0.0007949031948037723 1 1 3 1 1 3 3 3 3 0
-0.00010844882676300653 1 1 3 1 1 3 3 3 3 3
0.0024166467602936433 1 1 3 1 2 0 0 1 2 0
0.00036968073387260136 1 1 3 1 2 0 0 1 2 3
-0.0024166467602936433 1 1 3 1 2 0 0 2 1 0
-0.00036968073387260136 1 1 3 1 2 0 0 2 1 3
0.00034314478040097397 1 1 3 1 2 0 3 1 2 0
-0.00034314478040097397 1 1 3 1 2 0 3 2 1 0
-0.0027951521872647913 1 1 3 1 2 1 1 1 0 2
-0.0004450077542772662 1 1 3 1 2 1 1 1 3 2
0.0027563069460222857 1 1 3 1 2 1 2 1 0 1
0.00044465604958040454 1 1 3 1 2 1 2 1 3 1
-3.8845241242505815e-05 1 1 3 1 2 1 2 2 0 2
-3.517046968616405e-07 1 1 3 1 2 1 2 2 3 2
3.8845241242505815e-05 1 1 3 1 2 2 1 1 0 1
3.517046968616405e-07 1 1 3 1 2 2 1 1 3 1
-0.0027563069460222857 1 1 3 1 2 2 1 2 0 2
-0.00044465604958040454 1 1 3 1 2 2 1 2 3 2
0.0027951521872647913 1 1 3 1 2 2 2 2 0 1
0.0004450077542772662 1 1 3 1 2 2 2 2 3 1
-0.40025452520040444 1 1 3 1 2 3 0 1 2 0
0.00022668403601923957 1 1 3 1 2 3 0 1 2 3
0.4002545252004044 1 1 3 1 2 3 0 2 1 0
-0.00022668403601923957 1 1 3 1 2 3 0 2 1 3
0.00039153557405462484 1 1 3 1 2 3 3 1 2 0
8.326084436907163e-06 1 1 3 1 2 3 3 1 2 3
-0.00039153557405462484 1 1 3 1 2 3 3 2 1 0
-8.326084436907163e-06 1 1 3 1 2 3 3 2 1 3
4.6185715000493666e-05 1 1 3 2 1 0 0 1 2 0
8.477070765675179e-06 1 1 3 2 1 0 0 1 2 3
-4.6185715000493666e-05 1 1 3 2 1 0 0 2 1 0
-8.477070765675179e-06 1 1 3 2 1 0 0 2 1 3
6.94721505761387e-06 1 1 3 2 1 0 3 1 2 0
-6.94721505761387e-06 1 1 3 2 1 0 3 2 1 0
-0.02171766062141829 1 1 3 2 1 3 0 1 2 0
2.812422067650623e-05 1 1 3 2 1 3 0 1 2 3
0.02171766062141829 1 1 3 2 1 3 0 2 1 0
-2.812422067650623e-05 1 1 3 2 1 3 0 2 1 3
3.127844979094593e-05 1 1 3 2 1 3 3 1 2 0
5.969104074138935e-06 1 1 3 2 1 3 3 1 2 3
-3.127844979094593e-05 1 1 3 2 1 3 3 2 1 0
-5.969104074138933e-06 1 1 3 2 1 3 3 2 1 3
0.012965998015249551 1 1 3 2 2 0 0 0 0 0
0.0018392074395617648 1 1 3 2 2 0 0 0 0 3
-6.117304119062214 1 1 3 2 2 0 0 0 3 0
0.013965055266982 1 1 3 2 2 0 0 0 3 3
0.001385956176022734 1 1 3 2 2 0 0 3 0 0
0.01293658441965223 1 1 3 2 2 0 0 3 3 0
0.001813812392577489 1 1 3 2 2 0 0 3 3 3
0.001665123315273125 1 1 3 2 2 0 3 0 0 0
0.015322415191558494 1 1 3 2 2 0 3 0 3 0
0.0016343135200941152 1 1 3 2 2 0 3 0 3 3
0.0016414761596460002 1 1 3 2 2 0 3 3 3 0
0.002710459709390874 1 1 3 2 2 1 1 0 2 2
0.0005001789587705158 1 1 3 2 2 1 1 3 2 2
-0.0002256906921863935 1 1 3 2 2 1 2 0 1 2
-0.0024847690172044795 1 1 3 2 2 1 2 0 2 1
-4.865152030346334e-05 1 1 3 2 2 1 2 3 1 2
-0.0004515274384670524 1 1 3 2 2 1 2 3 2 1
-0.0024847690172044795 1 1 3 2 2 2 1 0 1 2
-0.0002256906921863935 1 1 3 2 2 2 1 0 2 1
-0.0004515274384670524 1 1 3 2 2 2 1 3 1 2
-4.865152030346334e-05 1 1 3 2 2 2 1 3 2 1
0.002710459709390874 1 1 3 2 2 2 2 0 1 1
0.0005001789587705158 1 1 3 2 2 2 2 3 1 1
-6.129130127751902 1 1 3 2 2 3 0 0 0 0
0.012532560244635964 1 1 3 2 2 3 0 0 0 3
-40.55608444216947 1 1 3 2 2 3 0 0 3 0
-6.553690996890823 1 1 3 2 2 3 0 0 3 3
3.1696870334565494e-05 1 1 3 2 2 3 0 1 1 0
3.1696870334565494e-05 1 1 3 2 2 3 0 2 2 0
0.013867926443338913 1 1 3 2 2 3 0 3 0 0
0.0021533076363855577 1 1 3 2 2 3 0 3 0 3
-6.748014125175045 1 1 3 2 2 3 0 3 3 0
0.012803462755826531 1 1 3 2 2 3 0 3 3 3
0.01413161266484612 1 1 3 2 2 3 3 0 0 0
0.001610477541144372 1 1 3 2 2 3 3 0 0 3
-6.0638310956683235 1 1 3 2 2 3 3 0 3 0
0.010594480984029025 1 1 3 2 2 3 3 0 3 3
0.0019791311486148633 1 1 3 2 2 3 3 3 0 0
0.014662321077666667 1 1 3 2 2 3 3 3 3 0
0.0016233292825134987 1 1 3 2 2 3 3 3 3 3
-0.00015704109618803797 1 1 3 3 0 0 0 0 1 1
-0.00015704109618803797 1 1 3 3 0 0 0 0 2 2
0.0001870393530316316 1 1 3 3 0 0 0 1 0 1
0.0014744334380708195 1 1 3 3 0 0 0 1 3 1
0.0001870393530316316 1 1 3 3 0 0 0 2 0 2
0.0014744334380708195 1 1 3 3 0 0 0 2 3 2
0.0003311912282207646 1 1 3 3 0 0 3 1 3 1
0.0003311912282207646 1 1 3 3 0 0 3 2 3 2
0.00036949806313515336 1 1 3 3 0 1 1 0 0 0
1.4937681765271516e-05 1 1 3 3 0 1 1 1 1 0
5.081878703146011e-05 1 1 3 3 0 1 1 2 2 0
-3.687608223679656e-05 1 1 3 3 0 1 2 1 2 0
9.949769706079813e-07 1 1 3 3 0 1 2 2 1 0
9.94976970607978e-07 1 1 3 3 0 2 1 1 2 0
-3.687608223679656e-05 1 1 3 3 0 2 1 2 1 0
0.00036949806313515336 1 1 3 3 0 2 2 0 0 0
5.081878703146011e-05 1 1 3 3 0 2 2 1 1 0
1.4937681765271522e-05 1 1 3 3 0 2 2 2 2 0
-0.0007287255803378293 1 1 3 3 0 3 0 0 1 1
-0.0007287255803378293 1 1 3 3 0 3 0 0 2 2
0.00096449470232742 1 1 3 3 0 3 0 1 0 1
-0.8397614497634673 1 1 3 3 0 3 0 1 3 1
0.00096449470232742 1 1 3 3 0 3 0 2 0 2
-0.8397614497634674 1 1 3 3 0 3 0 2 3 2
-0.00012930711099134754 1 1 3 3 0 3 0 3 1 1
-0.00012930711099134754 1 1 3 3 0 3 0 3 2 2
-0.00017327984075542346 1 1 3 3 0 3 3 0 1 1
-0.00017327984075542346 1 1 3 3 0 3 3 0 2 2
0.00022626473612404155 1 1 3 3 0 3 3 1 0 1
0.0014017191449290508 1 1 3 3 0 3 3 1 3 1
0.00022626473612404155 1 1 3 3 0 3 3 2 0 2
0.0014017191449290508 1 1 3 3 0 3 3 2 3 2
-0.0004657624849814932 1 1 3 3 3 0 0 0 1 1
-0.0004657624849814932 1 1 3 3 3 0 0 0 2 2
0.0006166136904926828 1 1 3 3 3 0 0 1 0 1
-0.24223262260287168 1 1 3 3 3 0 0 1 3 1
0.0006166136904926828 1 1 3 3 3 0 0 2 0 2
-0.2422326226028717 1 1 3 3 3 0 0 2 3 2
-6.666056433117897e-05 1 1 3 3 3 0 0 3 1 1
-6.666056433117897e-05 1 1 3 3 3 0 0 3 2 2
-0.0001572674217492435 1 1 3 3 3 0 3 0 1 1
-0.0001572674217492435 1 1 3 3 3 0 3 0 2 2
0.0001804153122595955 1 1 3 3 3 0 3 1 0 1
0.0015842539411224763 1 1 3 3 3 0 3 1 3 1
0.0001804153122595955 1 1 3 3 3 0 3 2 0 2
0.0015842539411224763 1 1 3 3 3 0 3 2 3 2
0.19366039447782266 1 1 3 3 3 3 0 0 1 1
0.19366039447782266 1 1 3 3 3 3 0 0 2 2
-0.2642653875887529 1 1 3 3 3 3 0 1 0 1
-1.7309033260704556 1 1 3 3 3 3 0 1 3 1
-0.2642653875887529 1 1 3 3 3 3 0 2 0 2
-1.7309033260704558 1 1 3 3 3 3 0 2 3 2
-0.00046143720918983503 1 1 3 3 3 3 0 3 1 1
-0.00046143720918983503 1 1 3 3 3 3 0 3 2 2
-0.00085591850108368 1 1 3 3 3 3 3 0 1 1
-0.00085591850108368 1 1 3 3 3 3 3 0 2 2
0.0011031726526717002 1 1 3 3 3 3 3 1 0 1
-0.9318714312284937 1 1 3 3 3 3 3 1 3 1
0.0011031726526717002 1 1 3 3 3 3 3 2 0 2
-0.9318714312284937 1 1 3 3 3 3 3 2 3 2
-0.00013510219674829795 1 1 3 3 3 3 3 3 1 1
-0.00013510219674829795 1 1 3 3 3 3 3 3 2 2
-6.873236102562485e-05 1 2 0 0 0 0 0 0 1 2
6.873236102562482e-05 1 2 0 0 0 0 0 0 2 1
-0.6490652662099096 1 2 0 0 0 1 1 1 2 0
0.00032919398907479774 1 2 0 0 0 1 1 1 2 3
-1.9290647297374236e-06 1 2 0 0 0 1 1 2 1 0
-14450.08380184709 1 2 0 0 0 1 2 0 0 0
14.646967353745543 1 2 0 0 0 1 2 0 0 3
21.30604381541669 1 2 0 0 0 1 2 0 3 0
3.2354489036611387 1 2 0 0 0 1 2 0 3 3
0.6491294298286018 1 2 0 0 0 1 2 1 1 0
-0.00032923428699900917 1 2 0 0 0 1 2 1 1 3
6.223455396229836e-05 1 2 0 0 0 1 2 2 2 0
-4.029792421141598e-08 1 2 0 0 0 1 2 2 2 3
21.217369018622776 1 2 0 0 0 1 2 3 0 0
3.2498444662846224 1 2 0 0 0 1 2 3 0 3
3.075643082970968 1 2 0 0 0 1 2 3 3 0
-0.0063615942247032195 1 2 0 0 0 1 2 3 3 3
14450.08380184709 1 2 0 0 0 2 1 0 0 0
-14.646967353745543 1 2 0 0 0 2 1 0 0 3
-21.30604381541669 1 2 0 0 0 2 1 0 3 0
-3.2354489036611387 1 2 0 0 0 2 1 0 3 3
-6.223455396229838e-05 1 2 0 0 0 2 1 1 1 0
4.029792421141598e-08 1 2 0 0 0 2 1 1 1 3
-0.6491294298286018 1 2 0 0 0 2 1 2 2 0
0.00032923428699900917 1 2 0 0 0 2 1 2 2 3
-21.217369018622776 1 2 0 0 0 2 1 3 0 0
-3.2498444662846224 1 2 0 0 0 2 1 3 0 3
-3.075643082970968 1 2 0 0 0 2 1 3 3 0
0.0063615942247032195 1 2 0 0 0 2 1 3 3 3
1.9290647297374236e-06 1 2 0 0 0 2 2 1 2 0
0.6490652662099095 1 2 0 0 0 2 2 2 1 0
-0.00032919398907479774 1 2 0 0 0 2 2 2 1 3
-0.0006213011445565448 1 2 0 0 0 3 0 0 1 2
0.0006213011445565447 1 2 0 0 0 3 0 0 2 1
0.00012304999897856848 1 2 0 0 0 3 0 1 3 2
-0.00012304999897856848 1 2 0 0 0 3 0 2 3 1
-0.00011134091983943619 1 2 0 0 0 3 0 3 1 2
0.00011134091983943619 1 2 0 0 0 3 0 3 2 1
-0.00014461675465367912 1 2 0 0 0 3 3 0 1 2
0.0001446167546536791 1 2 0 0 0 3 3 0 2 1
-0.0007860694450847212 1 2 0 0 3 0 0 0 1 2
0.000786069445084721 1 2 0 0 3 0 0 0 2 1
0.0001606861186581182 1 2 0 0 3 0 0 1 3 2
-0.0001606861186581182 1 2 0 0 3 0 0 2 3 1
-0.00010325971787380644 1 2 0 0 3 0 0 3 1 2
0.00010325971787380644 1 2 0 0 3 0 0 3 2 1
-4.6428298509945214e-05 1 2 0 0 3 0 3 0 1 2
4.6428298509945214e-05 1 2 0 0 3 0 3 0 2 1
0.0003291939890747978 1 2 0 0 3 1 1 1 2 0
0.00011886487336297372 1 2 0 0 3 1 1 1 2 3
14.646967353745543 1 2 0 0 3 1 2 0 0 0
4.647775792754332 1 2 0 0 3 1 2 0 0 3
3.4488318848461432 1 2 0 0 3 1 2 0 3 0
-0.00683827146788559 1 2 0 0 3 1 2 0 3 3
-0.0002963109495686954 1 2 0 0 3 1 2 1 1 0
-0.0001192929858160366 1 2 0 0 3 1 2 1 1 3
3.28830395061024e-05 1 2 0 0 3 1 2 2 2 0
-4.28112453062858e-07 1 2 0 0 3 1 2 2 2 3
3.4389582484783685 1 2 0 0 3 1 2 3 0 0
-0.006826307032740036 1 2 0 0 3 1 2 3 0 3
-0.006657189283635331 1 2 0 0 3 1 2 3 3 0
-0.001277083445731154 1 2 0 0 3 1 2 3 3 3
-14.646967353745543 1 2 0 0 3 2 1 0 0 0
-4.647775792754332 1 2 0 0 3 2 1 0 0 3
-3.4488318848461432 1 2 0 0 3 2 1 0 3 0
0.00683827146788559 1 2 0 0 3 2 1 0 3 3
-3.28830395061024e-05 1 2 0 0 3 2 1 1 1 0
4.28112453062858e-07 1 2 0 0 3 2 1 1 1 3
0.0002963109495686954 1 2 0 0 3 2 1 2 2 0
0.0001192929858160366 1 2 0 0 3 2 1 2 2 3
-3.4389582484783685 1 2 0 0 3 2 1 3 0 0
0.006826307032740036 1 2 0 0 3 2 1 3 0 3
0.006657189283635331 1 2 0 0 3 2 1 3 3 0
0.001277083445731154 1 2 0 0 3 2 1 3 3 3
-0.0003291939890747978 1 2 0 0 3 2 2 2 1 0
-0.00011886487336297372 1 2 0 0 3 2 2 2 1 3
0.943760987182061 1 2 0 0 3 3 0 0 1 2
-0.9437609871820611 1 2 0 0 3 3 0 0 2 1
0.0001529497504084064 1 2 0 0 3 3 0 1 0 2
0.0009069510163586223 1 2 0 0 3 3 0 1 3 2
-0.00015294975040840646 1 2 0 0 3 3 0 2 0 1
-0.0009069510163586223 1 2 0 0 3 3 0 2 3 1
-0.0007004447563353472 1 2 0 0 3 3 0 3 1 2
0.0007004447563353472 1 2 0 0 3 3 0 3 2 1
-0.0007471375165919429 1 2 0 0 3 3 3 0 1 2
0.0007471375165919429 1 2 0 0 3 3 3 0 2 1
0.00013226339944748402 1 2 0 0 3 3 3 1 3 2
-0.00013226339944748402 1 2 0 0 3 3 3 2 3 1
-0.00010002581520147122 1 2 0 0 3 3 3 3 1 2
0.00010002581520147122 1 2 0 0 3 3 3 3 2 1
2.737345857431492 1 2 0 1 1 0 0 1 2 0
-0.0014277588260716914 1 2 0 1 1 0 0 1 2 3
-2.737345857431492 1 2 0 1 1 0 0 2 1 0
0.0014277588260716914 1 2 0 1 1 0 0 2 1 3
-0.0024782946999077696 1 2 0 1 1 0 3 1 2 0
-4.3763511140636565e-05 1 2 0 1 1 0 3 1 2 3
0.0024782946999077696 1 2 0 1 1 0 3 2 1 0
4.3763511140636565e-05 1 2 0 1 1 0 3 2 1 3
4.513486951931626e-05 1 2 0 1 1 1 1 0 1 2
1.1251889025926382e-05 1 2 0 1 1 1 1 0 2 1
-3.71031508635466 1 2 0 1 1 1 1 1 0 2
0.002756306946022287 1 2 0 1 1 1 1 1 3 2
-5.504564189879031e-06 1 2 0 1 1 1 1 2 0 1
-7.962980887494819e-05 1 2 0 1 1 1 2 0 1 1
-2.324305032970549e-05 1 2 0 1 1 1 2 0 2 2
3.663985833485637 1 2 0 1 1 1 2 1 0 1
-0.002723383608591973 1 2 0 1 1 1 2 1 3 1
-0.04633475743321298 1 2 0 1 1 1 2 2 0 2
3.292333743031382e-05 1 2 0 1 1 1 2 2 3 2
2.324305032970547e-05 1 2 0 1 1 2 1 0 1 1
7.962980887494822e-05 1 2 0 1 1 2 1 0 2 2
0.04633475743321298 1 2 0 1 1 2 1 1 0 1
-3.292333743031382e-05 1 2 0 1 1 2 1 1 3 1
-3.6639858334856372 1 2 0 1 1 2 1 2 0 2
0.002723383608591973 1 2 0 1 1 2 1 2 3 2
-1.1251889025926375e-05 1 2 0 1 1 2 2 0 1 2
-4.513486951931628e-05 1 2 0 1 1 2 2 0 2 1
5.504564189879024e-06 1 2 0 1 1 2 2 1 0 2
3.71031508635466 1 2 0 1 1 2 2 2 0 1
-0.002756306946022287 1 2 0 1 1 2 2 2 3 1
0.3338971084334094 1 2 0 1 1 3 0 1 2 0
-0.0005284722178487167 1 2 0 1 1 3 0 1 2 3
-0.3338971084334095 1 2 0 1 1 3 0 2 1 0
0.0005284722178487167 1 2 0 1 1 3 0 2 1 3
0.012960443953323682 1 2 0 1 1 3 3 1 2 0
-2.1579930406846633e-05 1 2 0 1 1 3 3 1 2 3
-0.012960443953323684 1 2 0 1 1 3 3 2 1 0
2.1579930406846633e-05 1 2 0 1 1 3 3 2 1 3
1.2962308987954948e-05 1 2 0 1 2 0 0 0 0 0
0.00017638946783498678 1 2 0 1 2 0 0 0 3 0
2.1201071867904954e-05 1 2 0 1 2 0 0 0 3 3
-4.0036800810124776e-07 1 2 0 1 2 0 0 1 1 0
-4.0036800810124776e-07 1 2 0 1 2 0 0 2 2 0
1.540534349620448e-05 1 2 0 1 2 0 0 3 3 0
1.3503528378696456e-05 1 2 0 1 2 0 3 0 3 0
3.3908571789023555e-06 1 2 0 1 2 1 1 0 1 1
0.3069206289123263 1 2 0 1 2 1 1 0 2 2
4.530671337236692e-05 1 2 0 1 2 1 1 1 0 1
7.4239038780601555e-06 1 2 0 1 2 1 1 2 0 2
-0.00022569069218639361 1 2 0 1 2 1 1 3 2 2
-0.5202769761898216 1 2 0 1 2 1 2 0 1 2
0.21335973813467443 1 2 0 1 2 1 2 0 2 1
5.1824866715205645e-05 1 2 0 1 2 1 2 1 0 2
-1.3942057220899014e-05 1 2 0 1 2 1 2 2 0 1
0.00038211310250857114 1 2 0 1 2 1 2 3 1 2
-0.00015642241032217744 1 2 0 1 2 1 2 3 2 1
0.21335973813467446 1 2 0 1 2 2 1 0 1 2
-0.5202769761898215 1 2 0 1 2 2 1 0 2 1
-1.3942057220899007e-05 1 2 0 1 2 2 1 1 0 2
5.1824866715205645e-05 1 2 0 1 2 2 1 2 0 1
-0.00015642241032217744 1 2 0 1 2 2 1 3 1 2
0.00038211310250857114 1 2 0 1 2 2 1 3 2 1
0.3069206289123263 1 2 0 1 2 2 2 0 1 1
3.3908571789023555e-06 1 2 0 1 2 2 2 0 2 2
7.423903878060169e-06 1 2 0 1 2 2 2 1 0 1
4.530671337236692e-05 1 2 0 1 2 2 2 2 0 2
-0.00022569069218639361 1 2 0 1 2 2 2 3 1 1
0.00020502896123219833 1 2 0 1 2 3 0 0 0 0
1.3245637196507526e-05 1 2 0 1 2 3 0 0 0 3
-0.1577007293073887 1 2 0 1 2 3 0 0 3 0
0.00011339625477442203 1 2 0 1 2 3 0 0 3 3
-4.1250552648465314e-05 1 2 0 1 2 3 0 1 1 0
1.3716863297834592e-05 1 2 0 1 2 3 0 1 1 3
-4.1250552648465314e-05 1 2 0 1 2 3 0 2 2 0
1.3716863297834585e-05 1 2 0 1 2 3 0 2 2 3
1.6470096953305827e-05 1 2 0 1 2 3 0 3 0 0
0.0001024804537631931 1 2 0 1 2 3 0 3 3 0
1.9499096613064416e-05 1 2 0 1 2 3 0 3 3 3
1.8883183197916393e-05 1 2 0 1 2 3 3 0 0 0
0.0001490705615315559 1 2 0 1 2 3 3 0 3 0
1.1846493646544684e-05 1 2 0 1 2 3 3 0 3 3
-1.0993513615075256e-05 1 2 0 1 2 3 3 1 1 0
-1.0993513615075256e-05 1 2 0 1 2 3 3 2 2 0
1.5412696245601016e-05 1 2 0 1 2 3 3 3 3 0
3.8571773082985596 1 2 0 2 1 0 0 0 0 0
-0.012902725152938471 1 2 0 2 1 0 0 0 0 3
53.730743237328056 1 2 0 2 1 0 0 0 3 0
6.643225774174443 1 2 0 2 1 0 0 0 3 3
-3.5168009445175144e-05 1 2 0 2 1 0 0 1 1 0
-3.5168009445175144e-05 1 2 0 2 1 0 0 2 2 0
-0.010873357617460246 1 2 0 2 1 0 0 3 0 0
-0.0014958818789464145 1 2 0 2 1 0 0 3 0 3
3.0585823071630913 1 2 0 2 1 0 0 3 3 0
-0.012477133050985991 1 2 0 2 1 0 0 3 3 3
-0.01329430992652867 1 2 0 2 1 0 3 0 0 0
-0.0015724101757008102 1 2 0 2 1 0 3 0 0 3
5.839135307751268 1 2 0 2 1 0 3 0 3 0
-0.011258892470121039 1 2 0 2 1 0 3 0 3 3
-0.0013451959266502817 1 2 0 2 1 0 3 3 0 0
-0.01258654977482291 1 2 0 2 1 0 3 3 3 0
-0.0015702212077845698 1 2 0 2 1 0 3 3 3 3
-5.924600320005209e-06 1 2 0 2 1 1 1 0 1 1
3.3533161677751706 1 2 0 2 1 1 1 0 2 2
-1.2798259073452963e-05 1 2 0 2 1 1 1 1 0 1
5.270064771690394e-06 1 2 0 2 1 1 1 2 0 2
-0.002484769017204481 1 2 0 2 1 1 1 3 2 2
0.21335973813467446 1 2 0 2 1 1 2 0 1 2
-3.566681830510166 1 2 0 2 1 1 2 0 2 1
-1.3942057220898812e-05 1 2 0 2 1 1 2 1 0 2
-4.126266624244662e-06 1 2 0 2 1 1 2 2 0 1
-0.00015642241032217744 1 2 0 2 1 1 2 3 1 2
0.002641191427526658 1 2 0 2 1 1 2 3 2 1
-3.566681830510167 1 2 0 2 1 2 1 0 1 2
0.21335973813467443 1 2 0 2 1 2 1 0 2 1
-4.1262666242446755e-06 1 2 0 2 1 2 1 1 0 2
-1.394205722089884e-05 1 2 0 2 1 2 1 2 0 1
0.002641191427526658 1 2 0 2 1 2 1 3 1 2
-0.00015642241032217744 1 2 0 2 1 2 1 3 2 1
3.3533161677751706 1 2 0 2 1 2 2 0 1 1
-5.924600320005188e-06 1 2 0 2 1 2 2 0 2 2
5.27006477169038e-06 1 2 0 2 1 2 2 1 0 1
-1.279825907345295e-05 1 2 0 2 1 2 2 2 0 2
-0.002484769017204481 1 2 0 2 1 2 2 3 1 1
42.49955839064676 1 2 0 2 1 3 0 0 0 0
6.412816562507419 1 2 0 2 1 3 0 0 0 3
-28818.959805018436 1 2 0 2 1 3 0 0 3 0
29.217064057071507 1 2 0 2 1 3 0 0 3 3
1.8762687582178247e-05 1 2 0 2 1 3 0 1 1 0
-7.4585594296904455e-06 1 2 0 2 1 3 0 1 1 3
1.8762687582178247e-05 1 2 0 2 1 3 0 2 2 0
-7.4585594296904455e-06 1 2 0 2 1 3 0 2 2 3
6.136235218803597 1 2 0 2 1 3 0 3 0 0
-0.012607236201728923 1 2 0 2 1 3 0 3 0 3
42.32338605978409 1 2 0 2 1 3 0 3 3 0
6.412920104196013 1 2 0 2 1 3 0 3 3 3
5.844409665739996 1 2 0 2 1 3 3 0 0 0
-0.010557317285149588 1 2 0 2 1 3 3 0 0 3
51.16938009414845 1 2 0 2 1 3 3 0 3 0
2.486977126466135 1 2 0 2 1 3 3 0 3 3
2.3188333374163326e-06 1 2 0 2 1 3 3 1 1 0
2.3188333374163326e-06 1 2 0 2 1 3 3 2 2 0
-0.014158652791907379 1 2 0 2 1 3 3 3 0 0
-0.0015858156077602822 1 2 0 2 1 3 3 3 0 3
5.865552571596516 1 2 0 2 1 3 3 3 3 0
-0.010560267954600683 1 2 0 2 1 3 3 3 3 3
-3.652566930696319e-06 1 2 0 2 2 0 0 1 2 0
3.652566930696319e-06 1 2 0 2 2 0 0 2 1 0
-6.716807672077661e-06 1 2 0 2 2 1 1 0 1 2
-4.865642015948777e-05 1 2 0 2 2 1 1 0 2 1
0.05025048267748593 1 2 0 2 2 1 1 1 0 2
-3.884524124250579e-05 1 2 0 2 2 1 1 1 3 2
-1.674317140847333e-06 1 2 0 2 2 1 1 2 0 1
-2.3243050329705536e-05 1 2 0 2 2 1 2 0 1 1
-7.861627816127096e-05 1 2 0 2 2 1 2 0 2 2
-0.046334757433212914 1 2 0 2 2 1 2 1 0 1
3.292333743031377e-05 1 2 0 2 2 1 2 1 3 1
0.003914050927132192 1 2 0 2 2 1 2 2 0 2
-5.921903812192008e-06 1 2 0 2 2 1 2 2 3 2
7.861627816127096e-05 1 2 0 2 2 2 1 0 1 1
2.3243050329705536e-05 1 2 0 2 2 2 1 0 2 2
-0.00391405092713219 1 2 0 2 2 2 1 1 0 1
5.921903812192008e-06 1 2 0 2 2 2 1 1 3 1
0.046334757433212914 1 2 0 2 2 2 1 2 0 2
-3.292333743031377e-05 1 2 0 2 2 2 1 2 3 2
4.865642015948778e-05 1 2 0 2 2 2 2 0 1 2
6.71680767207764e-06 1 2 0 2 2 2 2 0 2 1
1.674317140847333e-06 1 2 0 2 2 2 2 1 0 2
-0.050250482677485935 1 2 0 2 2 2 2 2 0 1
3.884524124250579e-05 1 2 0 2 2 2 2 2 3 1
1.715531818234034e-05 1 2 0 2 2 3 0 1 2 0
-2.2829127206247463e-06 1 2 0 2 2 3 0 1 2 3
-1.715531818234034e-05 1 2 0 2 2 3 0 2 1 0
2.2829127206247463e-06 1 2 0 2 2 3 0 2 1 3
2.037097762417249e-06 1 2 0 2 2 3 3 1 2 0
-2.037097762417249e-06 1 2 0 2 2 3 3 2 1 0
8.905741642485315e-05 1 2 0 3 0 0 0 1 3 2
-8.90574164248531e-05 1 2 0 3 0 0 0 2 3 1
21.30604381541668 1 2 0 3 0 1 2 0 0 0
3.448831884846143 1 2 0 3 0 1 2 0 0 3
4.2379939296180025 1 2 0 3 0 1 2 0 3 0
-0.00710744352417376 1 2 0 3 0 1 2 0 3 3
-0.16924699048675856 1 2 0 3 0 1 2 1 1 0
0.027475739877368885 1 2 0 3 0 1 2 1 1 3
-0.16924699048675856 1 2 0 3 0 1 2 2 2 0
0.02747573987736891 1 2 0 3 0 1 2 2 2 3
3.239166087702814 1 2 0 3 0 1 2 3 0 0
-0.006600884035793644 1 2 0 3 0 1 2 3 0 3
-0.0078131347402948 1 2 0 3 0 1 2 3 3 0
-0.0012159857150066695 1 2 0 3 0 1 2 3 3 3
-21.30604381541668 1 2 0 3 0 2 1 0 0 0
-3.448831884846143 1 2 0 3 0 2 1 0 0 3
-4.2379939296180025 1 2 0 3 0 2 1 0 3 0
0.00710744352417376 1 2 0 3 0 2 1 0 3 3
0.16924699048675856 1 2 0 3 0 2 1 1 1 0
-0.027475739877368906 1 2 0 3 0 2 1 1 1 3
0.16924699048675854 1 2 0 3 0 2 1 2 2 0
-0.02747573987736889 1 2 0 3 0 2 1 2 2 3
-3.2391660877028143 1 2 0 3 0 2 1 3 0 0
0.006600884035793644 1 2 0 3 0 2 1 3 0 3
0.0078131347402948 1 2 0 3 0 2 1 3 3 0
0.0012159857150066695 1 2 0 3 0 2 1 3 3 3
-6.666430881836728e-05 1 2 0 3 0 3 0 0 1 2
6.666430881836728e-05 1 2 0 3 0 3 0 0 2 1
0.0001442658816793745 1 2 0 3 0 3 0 1 0 2
0.0008050279945334815 1 2 0 3 0 3 0 1 3 2
-0.0001442658816793745 1 2 0 3 0 3 0 2 0 1
-0.000805027994533482 1 2 0 3 0 3 0 2 3 1
0.00018738181475246967 1 2 0 3 0 3 3 1 3 2
-0.0001873818147524697 1 2 0 3 0 3 3 2 3 1
-0.00012977660440145555 1 2 0 3 3 0 0 0 1 2
0.00012977660440145555 1 2 0 3 3 0 0 0 2 1
0.0001337949629166957 1 2 0 3 3 0 0 1 0 2
0.0010185204300440622 1 2 0 3 3 0 0 1 3 2
-0.0001337949629166957 1 2 0 3 3 0 0 2 0 1
-0.0010185204300440622 1 2 0 3 3 0 0 2 3 1
6.0157751786760896e-05 1 2 0 3 3 0 3 1 3 2
-6.0157751786760896e-05 1 2 0 3 3 0 3 2 3 1
3.23544890366114 1 2 0 3 3 1 2 0 0 0
-0.006838271467885588 1 2 0 3 3 1 2 0 0 3
-0.007107443524173761 1 2 0 3 3 1 2 0 3 0
-0.0014819989641379557 1 2 0 3 3 1 2 0 3 3
-0.018845075498623107 1 2 0 3 3 1 2 1 1 0
2.2835627646993888e-05 1 2 0 3 3 1 2 1 1 3
-0.018845075498623163 1 2 0 3 3 1 2 2 2 0
2.2835627646993902e-05 1 2 0 3 3 1 2 2 2 3
-0.0065836342740814 1 2 0 3 3 1 2 3 0 0
-0.0013047446446870755 1 2 0 3 3 1 2 3 0 3
-0.0012464221298252262 1 2 0 3 3 1 2 3 3 0
-3.23544890366114 1 2 0 3 3 2 1 0 0 0
0.006838271467885588 1 2 0 3 3 2 1 0 0 3
0.007107443524173761 1 2 0 3 3 2 1 0 3 0
0.0014819989641379557 1 2 0 3 3 2 1 0 3 3
0.018845075498623163 1 2 0 3 3 2 1 1 1 0
-2.2835627646993902e-05 1 2 0 3 3 2 1 1 1 3
0.018845075498623107 1 2 0 3 3 2 1 2 2 0
-2.2835627646993888e-05 1 2 0 3 3 2 1 2 2 3
0.0065836342740814 1 2 0 3 3 2 1 3 0 0
0.0013047446446870755 1 2 0 3 3 2 1 3 0 3
0.0012464221298252262 1 2 0 3 3 2 1 3 3 0
-0.0007213702791145072 1 2 0 3 3 3 0 0 1 2
0.0007213702791145072 1 2 0 3 3 3 0 0 2 1
0.0009075754043179926 1 2 0 3 3 3 0 1 0 2
-1.2228434173775582 1 2 0 3 3 3 0 1 3 2
-0.0009075754043179926 1 2 0 3 3 3 0 2 0 1
1.2228434173775584 1 2 0 3 3 3 0 2 3 1
-0.00010902948934806707 1 2 0 3 3 3 0 3 1 2
0.00010902948934806707 1 2 0 3 3 3 0 3 2 1
-7.566391246053626e-05 1 2 0 3 3 3 3 0 1 2
7.566391246053628e-05 1 2 0 3 3 3 3 0 2 1
0.00012960475305528514 1 2 0 3 3 3 3 1 0 2
0.0009680758226383697 1 2 0 3 3 3 3 1 3 2
-0.00012960475305528514 1 2 0 3 3 3 3 2 0 1
-0.0009680758226383697 1 2 0 3 3 3 3 2 3 1
-2.7141819499985033e-05 1 2 1 0 1 0 0 1 2 0
2.7141819499985053e-05 1 2 1 0 1 0 0 2 1 0
4.237368646148811e-05 1 2 1 0 1 1 1 1 0 2
4.5464048138262525e-06 1 2 1 0 1 1 1 2 0 1
-7.746790423268483e-05 1 2 1 0 1 1 2 1 0 1
-3.0547812957370534e-05 1 2 1 0 1 1 2 2 0 2
3.0547812957370554e-05 1 2 1 0 1 2 1 1 0 1
7.746790423268479e-05 1 2 1 0 1 2 1 2 0 2
-4.546404813826239e-06 1 2 1 0 1 2 2 1 0 2
-4.2373686461488126e-05 1 2 1 0 1 2 2 2 0 1
1.4480588686260389e-05 1 2 1 0 1 3 0 1 2 0
-5.756335856487965e-06 1 2 1 0 1 3 0 1 2 3
-1.4480588686260389e-05 1 2 1 0 1 3 0 2 1 0
5.756335856487965e-06 1 2 1 0 1 3 0 2 1 3
1.7896195118127933e-06 1 2 1 0 1 3 3 1 2 0
-1.7896195118127933e-06 1 2 1 0 1 3 3 2 1 0
-3.6286032014655966e-06 1 2 1 0 2 0 0 1 1 0
-3.6286032014655966e-06 1 2 1 0 2 0 0 2 2 0
-2.403340360873185e-05 1 2 1 0 2 0 0 3 3 0
3.5170469686163944e-07 1 2 1 0 2 1 1 0 2 2
4.268094238221468e-06 1 2 1 0 2 1 1 1 0 1
0.33324872684427226 1 2 1 0 2 1 1 2 0 2
-0.00024604315968778485 1 2 1 0 2 1 1 2 3 2
3.8845241242505815e-05 1 2 1 0 2 1 1 3 2 2
1.0723064929762022e-05 1 2 1 0 2 1 2 0 1 2
-1.1074769626623664e-05 1 2 1 0 2 1 2 0 2 1
-0.5223276931308226 1 2 1 0 2 1 2 1 0 2
0.0003852158082977201 1 2 1 0 2 1 2 1 3 2
0.1890832343807887 1 2 1 0 2 1 2 2 0 1
-0.0001391726486099353 1 2 1 0 2 1 2 2 3 1
-5.921903812192006e-06 1 2 1 0 2 1 2 3 1 2
-3.292333743031381e-05 1 2 1 0 2 1 2 3 2 1
-1.1074769626623664e-05 1 2 1 0 2 2 1 0 1 2
1.0723064929762022e-05 1 2 1 0 2 2 1 0 2 1
0.18908323438078867 1 2 1 0 2 2 1 1 0 2
-0.0001391726486099353 1 2 1 0 2 2 1 1 3 2
-0.5223276931308226 1 2 1 0 2 2 1 2 0 1
0.0003852158082977201 1 2 1 0 2 2 1 2 3 1
-3.292333743031381e-05 1 2 1 0 2 2 1 3 1 2
-5.921903812192006e-06 1 2 1 0 2 2 1 3 2 1
3.5170469686163944e-07 1 2 1 0 2 2 2 0 1 1
0.3332487268442722 1 2 1 0 2 2 2 1 0 1
-0.00024604315968778485 1 2 1 0 2 2 2 1 3 1
4.268094238221468e-06 1 2 1 0 2 2 2 2 0 2
3.8845241242505815e-05 1 2 1 0 2 2 2 3 1 1
-2.1738840199319286e-05 1 2 1 0 2 3 0 0 3 0
-6.0369771027352e-06 1 2 1 0 2 3 0 1 1 0
-1.0701526365716236e-06 1 2 1 0 2 3 0 1 1 3
-6.0369771027352e-06 1 2 1 0 2 3 0 2 2 0
-1.0701526365716236e-06 1 2 1 0 2 3 0 2 2 3
-2.6433989434236117e-05 1 2 1 0 2 3 0 3 0 0
-0.0001850418644431407 1 2 1 0 2 3 0 3 3 0
-2.5218796781843874e-05 1 2 1 0 2 3 0 3 3 3
1.4895380529381858e-06 1 2 1 0 2 3 3 1 1 0
1.4895380529381858e-06 1 2 1 0 2 3 3 2 2 0
-2.1862046663976707e-05 1 2 1 0 2 3 3 3 3 0
1.2807289758545528e-05 1 2 1 1 0 1 1 1 2 0
1.2285984295863198e-05 1 2 1 1 0 1 1 2 1 0
0.6491339612426407 1 2 1 1 0 1 2 0 0 0
-0.00029628475829611325 1 2 1 1 0 1 2 0 0 3
-0.0004664809327679247 1 2 1 1 0 1 2 0 3 0
-7.013196255703017e-05 1 2 1 1 0 1 2 0 3 3
-3.8433969314090435e-05 1 2 1 1 0 1 2 1 1 0
-1.3340695259681666e-05 1 2 1 1 0 1 2 2 2 0
-0.16924699048675848 1 2 1 1 0 1 2 3 0 0
-0.018845075498623166 1 2 1 1 0 1 2 3 0 3
6.223455396229837e-05 1 2 1 1 0 1 2 3 3 0
3.28830395061024e-05 1 2 1 1 0 1 2 3 3 3
-0.6491339612426407 1 2 1 1 0 2 1 0 0 0
0.00029628475829611325 1 2 1 1 0 2 1 0 0 3
0.0004664809327679247 1 2 1 1 0 2 1 0 3 0
7.013196255703017e-05 1 2 1 1 0 2 1 0 3 3
1.3340695259681666e-05 1 2 1 1 0 2 1 1 1 0
3.843396931409049e-05 1 2 1 1 0 2 1 2 2 0
0.16924699048675848 1 2 1 1 0 2 1 3 0 0
0.018845075498623163 1 2 1 1 0 2 1 3 0 3
-6.223455396229837e-05 1 2 1 1 0 2 1 3 3 0
-3.28830395061024e-05 1 2 1 1 0 2 1 3 3 3
-1.2285984295863198e-05 1 2 1 1 0 2 2 1 2 0
-1.2807289758545514e-05 1 2 1 1 0 2 2 2 1 0
-4.3953090175669006e-07 1 2 1 1 0 3 0 1 3 2
4.3953090175669006e-07 1 2 1 1 0 3 0 2 3 1
9.501573009822089e-06 1 2 1 1 0 3 0 3 1 2
-9.501573009822089e-06 1 2 1 1 0 3 0 3 2 1
1.0057626010192877e-06 1 2 1 1 3 0 0 1 3 2
-1.0057626010192877e-06 1 2 1 1 3 0 0 2 3 1
-2.716483812733137e-05 1 2 1 1 3 0 0 3 1 2
2.7164838127331358e-05 1 2 1 1 3 0 0 3 2 1
-0.0003292080957264271 1 2 1 1 3 1 2 0 0 0
-0.00011929298581603668 1 2 1 1 3 1 2 0 0 3
-8.120673218365383e-05 1 2 1 1 3 1 2 0 3 0
0.027475739877368906 1 2 1 1 3 1 2 3 0 0
2.2835627646993888e-05 1 2 1 1 3 1 2 3 0 3
-4.0297924211431226e-08 1 2 1 1 3 1 2 3 3 0
-4.281124530628573e-07 1 2 1 1 3 1 2 3 3 3
0.0003292080957264271 1 2 1 1 3 2 1 0 0 0
0.00011929298581603668 1 2 1 1 3 2 1 0 0 3
8.120673218365383e-05 1 2 1 1 3 2 1 0 3 0
-0.027475739877368906 1 2 1 1 3 2 1 3 0 0
-2.2835627646993888e-05 1 2 1 1 3 2 1 3 0 3
4.0297924211431226e-08 1 2 1 1 3 2 1 3 3 0
4.281124530628572e-07 1 2 1 1 3 2 1 3 3 3
9.03299047323835e-06 1 2 1 1 3 3 0 0 1 2
-9.03299047323835e-06 1 2 1 1 3 3 0 0 2 1
-1.1124454763696722e-06 1 2 1 1 3 3 0 1 0 2
3.3132459746302315e-05 1 2 1 1 3 3 0 1 3 2
1.1124454763696722e-06 1 2 1 1 3 3 0 2 0 1
-3.3132459746302315e-05 1 2 1 1 3 3 0 2 3 1
-4.548963376413491e-05 1 2 1 1 3 3 0 3 1 2
4.548963376413491e-05 1 2 1 1 3 3 0 3 2 1
-4.125947562888951e-07 1 2 1 1 3 3 3 1 3 2
4.125947562888951e-07 1 2 1 1 3 3 3 2 3 1
5.047842587644726e-06 1 2 1 1 3 3 3 3 1 2
-5.047842587644726e-06 1 2 1 1 3 3 3 3 2 1
-9.94976970607984e-07 1 2 1 2 0 1 1 0 0 0
8.598032381090384e-07 1 2 1 2 0 1 1 1 1 0
0.6718592781901277 1 2 1 2 0 1 1 2 2 0
-0.00034074582175717884 1 2 1 2 0 1 1 2 2 3
9.94976970607957e-07 1 2 1 2 0 1 1 3 3 0
-0.8353680824234775 1 2 1 2 0 1 2 1 2 0
0.00042361322252542683 1 2 1 2 0 1 2 1 2 3
0.16350966403658748 1 2 1 2 0 1 2 2 1 0
-8.286740076824799e-05 1 2 1 2 0 1 2 2 1 3
0.16350966403658748 1 2 1 2 0 2 1 1 2 0
-8.286740076824799e-05 1 2 1 2 0 2 1 1 2 3
-0.8353680824234775 1 2 1 2 0 2 1 2 1 0
0.00042361322252542683 1 2 1 2 0 2 1 2 1 3
-9.94976970607984e-07 1 2 1 2 0 2 2 0 0 0
0.6718592781901277 1 2 1 2 0 2 2 1 1 0
-0.00034074582175717884 1 2 1 2 0 2 2 1 1 3
8.598032381090384e-07 1 2 1 2 0 2 2 2 2 0
9.949769706079536e-07 1 2 1 2 0 2 2 3 3 0
-4.3940829689570793e-05 1 2 1 2 0 3 0 1 3 1
-4.3940829689570793e-05 1 2 1 2 0 3 0 2 3 2
-5.695059207226136e-07 1 2 1 2 0 3 0 3 1 1
-5.695059207226136e-07 1 2 1 2 0 3 0 3 2 2
2.9059239851651663e-05 1 2 1 2 3 0 0 1 3 1
2.9059239851651663e-05 1 2 1 2 3 0 0 2 3 2
1.3031797169039876e-06 1 2 1 2 3 0 0 3 1 1
1.3031797169039876e-06 1 2 1 2 3 0 0 3 2 2
-0.00034074582175717884 1 2 1 2 3 1 1 2 2 0
-0.00012215622558527954 1 2 1 2 3 1 1 2 2 3
0.00042361322252542683 1 2 1 2 3 1 2 1 2 0
0.00014981742454120062 1 2 1 2 3 1 2 1 2 3
-8.286740076824799e-05 1 2 1 2 3 1 2 2 1 0
-2.7661198955921086e-05 1 2 1 2 3 1 2 2 1 3
-8.286740076824799e-05 1 2 1 2 3 2 1 1 2 0
-2.7661198955921086e-05 1 2 1 2 3 2 1 1 2 3
0.00042361322252542683 1 2 1 2 3 2 1 2 1 0
0.00014981742454120062 1 2 1 2 3 2 1 2 1 3
-0.00034074582175717884 1 2 1 2 3 2 2 1 1 0
-0.00012215622558527954 1 2 1 2 3 2 2 1 1 3
-1.4414101095997955e-06 1 2 1 2 3 3 0 0 1 1
-1.4414101095997955e-06 1 2 1 2 3 3 0 0 2 2
-3.93865136905994e-06 1 2 1 2 3 3 0 1 0 1
-1.341010087126272e-05 1 2 1 2 3 3 0 1 3 1
-3.93865136905994e-06 1 2 1 2 3 3 0 2 0 2
-1.3410100871262717e-05 1 2 1 2 3 3 0 2 3 2
4.29301601280078e-05 1 2 1 2 3 3 0 3 1 1
4.29301601280078e-05 1 2 1 2 3 3 0 3 2 2
-4.044410367786441e-05 1 2 1 2 3 3 3 1 3 1
-4.0444103677864404e-05 1 2 1 2 3 3 3 2 3 2
-5.346044058028675e-07 1 2 1 2 3 3 3 3 1 1
-5.346044058028675e-07 1 2 1 2 3 3 3 3 2 2
5.270064771690434e-06 1 2 1 3 1 1 1 3 1 2
1.2798259073453176e-05 1 2 1 3 1 1 1 3 2 1
-4.126266624244649e-06 1 2 1 3 1 1 2 3 1 1
1.3942057220898975e-05 1 2 1 3 1 1 2 3 2 2
-1.3942057220899002e-05 1 2 1 3 1 2 1 3 1 1
4.126266624244663e-06 1 2 1 3 1 2 1 3 2 2
-1.2798259073453166e-05 1 2 1 3 1 2 2 3 1 2
-5.270064771690407e-06 1 2 1 3 1 2 2 3 2 1
-2.5962180342410777e-05 1 2 1 3 1 3 0 1 2 0
2.5962180342410777e-05 1 2 1 3 1 3 0 2 1 0
-1.5746371226237977e-05 1 2 1 3 2 0 0 0 3 0
-2.1009966000929857e-05 1 2 1 3 2 0 0 3 0 0
-0.0002285501335256377 1 2 1 3 2 0 0 3 3 0
-2.7470505273190183e-05 1 2 1 3 2 0 0 3 3 3
-1.749669780117208e-05 1 2 1 3 2 0 3 3 3 0
3.8845241242505835e-05 1 2 1 3 2 1 1 0 2 2
-0.0002460431596877847 1 2 1 3 2 1 1 2 0 2
-4.8835791482737907e-05 1 2 1 3 2 1 1 2 3 2
-1.6743171408473376e-06 1 2 1 3 2 1 1 3 1 1
-0.050250482677485976 1 2 1 3 2 1 1 3 2 2
-5.921903812192012e-06 1 2 1 3 2 1 2 0 1 2
-3.292333743031383e-05 1 2 1 3 2 1 2 0 2 1
0.00038521580829771994 1 2 1 3 2 1 2 1 0 2
7.927220630129465e-05 1 2 1 3 2 1 2 1 3 2
-0.00013917264860993528 1 2 1 3 2 1 2 2 0 1
-3.0436414818556747e-05 1 2 1 3 2 1 2 2 3 1
0.003914050927132191 1 2 1 3 2 1 2 3 1 2
0.04633475743321298 1 2 1 3 2 1 2 3 2 1
-3.292333743031383e-05 1 2 1 3 2 2 1 0 1 2
-5.921903812192012e-06 1 2 1 3 2 2 1 0 2 1
-0.00013917264860993528 1 2 1 3 2 2 1 1 0 2
-3.0436414818556747e-05 1 2 1 3 2 2 1 1 3 2
0.00038521580829771994 1 2 1 3 2 2 1 2 0 1
7.927220630129465e-05 1 2 1 3 2 2 1 2 3 1
0.04633475743321298 1 2 1 3 2 2 1 3 1 2
0.003914050927132191 1 2 1 3 2 2 1 3 2 1
3.8845241242505835e-05 1 2 1 3 2 2 2 0 1 1
-0.0002460431596877847 1 2 1 3 2 2 2 1 0 1
-4.8835791482737907e-05 1 2 1 3 2 2 2 1 3 1
-0.050250482677485976 1 2 1 3 2 2 2 3 1 1
-1.6743171408473372e-06 1 2 1 3 2 2 2 3 2 2
-2.1340519386224034e-05 1 2 1 3 2 3 0 0 0 0
-0.0002406811904342972 1 2 1 3 2 3 0 0 3 0
-1.8058846828640463e-05 1 2 1 3 2 3 0 0 3 3
-6.580299527545872e-07 1 2 1 3 2 3 0 1 1 0
-6.580299527545872e-07 1 2 1 3 2 3 0 2 2 0
-0.00015776276838151866 1 2 1 3 2 3 0 3 0 0
-2.43689317473469e-05 1 2 1 3 2 3 0 3 0 3
0.2043348913213609 1 2 1 3 2 3 0 3 3 0
-0.0001469290059554259 1 2 1 3 2 3 0 3 3 3
-2.436010281488309e-05 1 2 1 3 2 3 3 0 3 0
-2.007751538535957e-05 1 2 1 3 2 3 3 3 0 0
-0.0001931526704000916 1 2 1 3 2 3 3 3 3 0
-1.5349656291617844e-05 1 2 1 3 2 3 3 3 3 3
0.0019299672906884044 1 2 2 0 1 0 0 0 0 0
0.01655613539174498 1 2 2 0 1 0 0 0 3 0
0.0023228724998167823 1 2 2 0 1 0 0 0 3 3
-3.385742157746317 1 2 2 0 1 0 0 1 1 0
0.0017682478384383902 1 2 2 0 1 0 0 1 1 3
-3.385742157746317 1 2 2 0 1 0 0 2 2 0
0.0017682478384383902 1 2 2 0 1 0 0 2 2 3
0.01904514558657397 1 2 2 0 1 0 0 3 0 0
0.00269299366989763 1 2 2 0 1 0 0 3 0 3
-8.356118323521441 1 2 2 0 1 0 0 3 3 0
0.019061369841512132 1 2 2 0 1 0 0 3 3 3
0.0020987328752237 1 2 2 0 1 0 3 0 3 0
0.003061462521504143 1 2 2 0 1 0 3 1 1 0
5.144898726219823e-05 1 2 2 0 1 0 3 1 1 3
0.003061462521504143 1 2 2 0 1 0 3 2 2 0
5.144898726219822e-05 1 2 2 0 1 0 3 2 2 3
0.0024400275358176906 1 2 2 0 1 0 3 3 0 0
0.020906010087810786 1 2 2 0 1 0 3 3 3 0
0.002249820197018203 1 2 2 0 1 0 3 3 3 3
0.0004446560495804046 1 2 2 0 1 1 1 0 2 2
-8.808646349850484e-06 1 2 2 0 1 1 1 1 0 1
5.297288319821535 1 2 2 0 1 1 1 2 0 2
-0.0039289008013930924 1 2 2 0 1 1 1 2 3 2
0.0027563069460222857 1 2 2 0 1 1 1 3 2 2
-1.1074769626623656e-05 1 2 2 0 1 1 2 0 1 2
-0.0004335812799537809 1 2 2 0 1 1 2 0 2 1
0.18908323438078864 1 2 2 0 1 1 2 1 0 2
-0.0001391726486099353 1 2 2 0 1 1 2 1 3 2
-5.486380362848671 1 2 2 0 1 1 2 2 0 1
0.004068073450003028 1 2 2 0 1 1 2 2 3 1
-3.292333743031376e-05 1 2 2 0 1 1 2 3 1 2
-0.0027233836085919726 1 2 2 0 1 1 2 3 2 1
-0.0004335812799537809 1 2 2 0 1 2 1 0 1 2
-1.1074769626623656e-05 1 2 2 0 1 2 1 0 2 1
-5.486380362848671 1 2 2 0 1 2 1 1 0 2
0.004068073450003028 1 2 2 0 1 2 1 1 3 2
0.18908323438078867 1 2 2 0 1 2 1 2 0 1
-0.0001391726486099353 1 2 2 0 1 2 1 2 3 1
-0.0027233836085919726 1 2 2 0 1 2 1 3 1 2
-3.292333743031376e-05 1 2 2 0 1 2 1 3 2 1
0.0004446560495804046 1 2 2 0 1 2 2 0 1 1
5.297288319821533 1 2 2 0 1 2 2 1 0 1
-0.0039289008013930924 1 2 2 0 1 2 2 1 3 1
-8.808646349850497e-06 1 2 2 0 1 2 2 2 0 2
0.0027563069460222857 1 2 2 0 1 2 2 3 1 1
0.01894321115908925 1 2 2 0 1 3 0 0 0 0
0.002935805006731644 1 2 2 0 1 3 0 0 0 3
-8.372657063252106 1 2 2 0 1 3 0 0 3 0
0.017060189177104425 1 2 2 0 1 3 0 0 3 3
-0.43294684703230374 1 2 2 0 1 3 0 1 1 0
0.0006408198493920331 1 2 2 0 1 3 0 1 1 3
-0.43294684703230374 1 2 2 0 1 3 0 2 2 0
0.0006408198493920331 1 2 2 0 1 3 0 2 2 3
-9.217303314599752 1 2 2 0 1 3 0 3 0 0
0.017516334993526284 1 2 2 0 1 3 0 3 0 3
-55.39899477044868 1 2 2 0 1 3 0 3 3 0
-8.952226432849615 1 2 2 0 1 3 0 3 3 3
0.0026999142610946176 1 2 2 0 1 3 3 0 0 0
0.019257850005575845 1 2 2 0 1 3 3 0 3 0
0.002215297100897994 1 2 2 0 1 3 3 0 3 3
-0.009714221474069085 1 2 2 0 1 3 3 1 1 0
2.4348378172499878e-05 1 2 2 0 1 3 3 1 1 3
-0.009714221474069085 1 2 2 0 1 3 3 2 2 0
2.4348378172499878e-05 1 2 2 0 1 3 3 2 2 3
0.020053703901216004 1 2 2 0 1 3 3 3 0 0
0.002243887477920085 1 2 2 0 1 3 3 3 0 3
-8.283085134158716 1 2 2 0 1 3 3 3 3 0
0.01462641159740346 1 2 2 0 1 3 3 3 3 3
3.089943497195012e-07 1 2 2 0 2 0 0 1 2 0
-3.08994349719501e-07 1 2 2 0 2 0 0 2 1 0
-2.827148151921538e-06 1 2 2 0 2 1 1 1 0 2
-7.239429337153373e-05 1 2 2 0 2 1 1 2 0 1
-3.0547812957370595e-05 1 2 2 0 2 1 2 1 0 1
-0.00010576925448082562 1 2 2 0 2 1 2 2 0 2
0.00010576925448082564 1 2 2 0 2 2 1 1 0 1
3.054781295737061e-05 1 2 2 0 2 2 1 2 0 2
7.23942933715337e-05 1 2 2 0 2 2 2 1 0 2
2.8271481519215175e-06 1 2 2 0 2 2 2 2 0 1
3.183617929825397e-05 1 2 2 0 2 3 0 1 2 0
-1.0586343486861002e-05 1 2 2 0 2 3 0 1 2 3
-3.183617929825397e-05 1 2 2 0 2 3 0 2 1 0
1.0586343486861002e-05 1 2 2 0 2 3 0 2 1 3
8.484528038931633e-06 1 2 2 0 2 3 3 1 2 0
-8.484528038931633e-06 1 2 2 0 2 3 3 2 1 0
6.4810388945989244e-06 1 2 2 1 0 0 0 0 1 1
6.4810388945989244e-06 1 2 2 1 0 0 0 0 2 2
0.0006034440687145441 1 2 2 1 0 0 0 3 1 1
0.0006034440687145441 1 2 2 1 0 0 0 3 2 2
0.00014860097933107753 1 2 2 1 0 0 3 3 1 1
0.00014860097933107753 1 2 2 1 0 0 3 3 2 2
3.687608223679656e-05 1 2 2 1 0 1 1 0 0 0
-1.5090556338761294e-07 1 2 2 1 0 1 1 1 1 0
1.0119287259340635 1 2 2 1 0 1 1 2 2 0
-0.0005132228034927648 1 2 2 1 0 1 1 2 2 3
-3.687608223679658e-05 1 2 2 1 0 1 1 3 3 0
0.16350966403658748 1 2 2 1 0 1 2 1 2 0
-8.286740076824799e-05 1 2 2 1 0 1 2 1 2 3
-1.175438540876214 1 2 2 1 0 1 2 2 1 0
0.0005960902042610128 1 2 2 1 0 1 2 2 1 3
-1.175438540876214 1 2 2 1 0 2 1 1 2 0
0.0005960902042610128 1 2 2 1 0 2 1 1 2 3
0.16350966403658748 1 2 2 1 0 2 1 2 1 0
-8.286740076824799e-05 1 2 2 1 0 2 1 2 1 3
3.687608223679656e-05 1 2 2 1 0 2 2 0 0 0
1.0119287259340635 1 2 2 1 0 2 2 1 1 0
-0.0005132228034927648 1 2 2 1 0 2 2 1 1 3
-1.5090556338761294e-07 1 2 2 1 0 2 2 2 2 0
-3.687608223679658e-05 1 2 2 1 0 2 2 3 3 0
0.00047002058024426423 1 2 2 1 0 3 0 0 1 1
0.00047002058024426423 1 2 2 1 0 3 0 0 2 2
1.3154383387318667e-05 1 2 2 1 0 3 0 1 3 1
1.3154383387318667e-05 1 2 2 1 0 3 0 2 3 2
-0.6437169157792484 1 2 2 1 0 3 0 3 1 1
-0.6437169157792485 1 2 2 1 0 3 0 3 2 2
0.00014623995097715642 1 2 2 1 0 3 3 0 1 1
0.00014623995097715642 1 2 2 1 0 3 3 0 2 2
0.0009117861956418886 1 2 2 1 0 3 3 3 1 1
0.0009117861956418886 1 2 2 1 0 3 3 3 2 2
4.5516670432764664e-06 1 2 2 1 3 0 0 0 1 1
4.5516670432764664e-06 1 2 2 1 3 0 0 0 2 2
-3.218178074834238e-05 1 2 2 1 3 0 0 1 3 1
-3.218178074834238e-05 1 2 2 1 3 0 0 2 3 2
-0.0060841425445005695 1 2 2 1 3 0 0 3 1 1
-0.006084142544500573 1 2 2 1 3 0 0 3 2 2
5.6529767590406584e-06 1 2 2 1 3 0 3 0 1 1
5.6529767590406584e-06 1 2 2 1 3 0 3 0 2 2
0.0006306765113072034 1 2 2 1 3 0 3 3 1 1
0.0006306765113072034 1 2 2 1 3 0 3 3 2 2
-0.0005132228034927648 1 2 2 1 3 1 1 2 2 0
-0.00018443395626209968 1 2 2 1 3 1 1 2 2 3
-8.286740076824799e-05 1 2 2 1 3 1 2 1 2 0
-2.7661198955921086e-05 1 2 2 1 3 1 2 1 2 3
0.0005960902042610128 1 2 2 1 3 1 2 2 1 0
0.0002120951552180208 1 2 2 1 3 1 2 2 1 3
0.0005960902042610128 1 2 2 1 3 2 1 1 2 0
0.0002120951552180208 1 2 2 1 3 2 1 1 2 3
-8.286740076824799e-05 1 2 2 1 3 2 1 2 1 0
-2.7661198955921086e-05 1 2 2 1 3 2 1 2 1 3
-0.0005132228034927648 1 2 2 1 3 2 2 1 1 0
-0.00018443395626209968 1 2 2 1 3 2 2 1 1 3
0.00014381098202237338 1 2 2 1 3 3 0 0 1 1
0.00014381098202237338 1 2 2 1 3 3 0 0 2 2
7.452091083755371e-06 1 2 2 1 3 3 0 1 0 1
-3.5181363703478115e-05 1 2 2 1 3 3 0 1 3 1
7.452091083755371e-06 1 2 2 1 3 3 0 2 0 2
-3.5181363703478115e-05 1 2 2 1 3 3 0 2 3 2
0.000941387182596929 1 2 2 1 3 3 0 3 1 1
0.000941387182596929 1 2 2 1 3 3 0 3 2 2
0.000489484935787002 1 2 2 1 3 3 3 0 1 1
0.000489484935787002 1 2 2 1 3 3 3 0 2 2
8.438591019858531e-06 1 2 2 1 3 3 3 1 3 1
8.43859101985853e-06 1 2 2 1 3 3 3 2 3 2
-0.6703784815080981 1 2 2 1 3 3 3 3 1 1
-0.670378481508098 1 2 2 1 3 3 3 3 2 2
-5.001909139151502e-06 1 2 2 2 0 0 0 1 0 2
-0.00046572354391908276 1 2 2 2 0 0 0 1 3 2
5.001909139151502e-06 1 2 2 2 0 0 0 2 0 1
0.00046572354391908276 1 2 2 2 0 0 0 2 3 1
-0.00011468664340564386 1 2 2 2 0 0 3 1 3 2
0.00011468664340564386 1 2 2 2 0 0 3 2 3 1
-4.113414057122316e-05 1 2 2 2 0 1 1 1 2 0
-6.0454892387839e-05 1 2 2 2 0 1 1 2 1 0
6.676596800086537e-05 1 2 2 2 0 1 2 0 0 0
3.290923077868473e-05 1 2 2 2 0 1 2 0 0 3
-0.0004664809327679244 1 2 2 2 0 1 2 0 3 0
-7.013196255703012e-05 1 2 2 2 0 1 2 0 3 3
-1.3340695259681662e-05 1 2 2 2 0 1 2 1 1 0
-0.00011492972821874396 1 2 2 2 0 1 2 2 2 0
-0.16924699048675845 1 2 2 2 0 1 2 3 0 0
-0.018845075498623107 1 2 2 2 0 1 2 3 0 3
0.6491294298286017 1 2 2 2 0 1 2 3 3 0
-0.0002963109495686954 1 2 2 2 0 1 2 3 3 3
-6.676596800086537e-05 1 2 2 2 0 2 1 0 0 0
-3.290923077868473e-05 1 2 2 2 0 2 1 0 0 3
0.0004664809327679244 1 2 2 2 0 2 1 0 3 0
7.013196255703012e-05 1 2 2 2 0 2 1 0 3 3
0.00011492972821874393 1 2 2 2 0 2 1 1 1 0
1.3340695259681683e-05 1 2 2 2 0 2 1 2 2 0
0.16924699048675845 1 2 2 2 0 2 1 3 0 0
0.018845075498623104 1 2 2 2 0 2 1 3 0 3
-0.6491294298286017 1 2 2 2 0 2 1 3 3 0
0.0002963109495686954 1 2 2 2 0 2 1 3 3 3
6.045489238783901e-05 1 2 2 2 0 2 2 1 2 0
4.113414057122316e-05 1 2 2 2 0 2 2 2 1 0
-0.0003627505210425917 1 2 2 2 0 3 0 1 0 2
0.4968051536839111 1 2 2 2 0 3 0 1 3 2
0.0003627505210425917 1 2 2 2 0 3 0 2 0 1
-0.49680515368391115 1 2 2 2 0 3 0 2 3 1
4.939197292724741e-05 1 2 2 2 0 3 0 3 1 2
-4.939197292724741e-05 1 2 2 2 0 3 0 3 2 1
-0.00011286445880016101 1 2 2 2 0 3 3 1 0 2
-0.0007036945432828707 1 2 2 2 0 3 3 1 3 2
0.00011286445880016101 1 2 2 2 0 3 3 2 0 1
0.0007036945432828707 1 2 2 2 0 3 3 2 3 1
-3.5128665870392937e-06 1 2 2 2 3 0 0 1 0 2
0.004695594131150536 1 2 2 2 3 0 0 1 3 2
3.5128665870392937e-06 1 2 2 2 3 0 0 2 0 1
-0.004695594131150537 1 2 2 2 3 0 0 2 3 1
-2.3118921170738807e-05 1 2 2 2 3 0 0 3 1 2
2.3118921170738807e-05 1 2 2 2 3 0 0 3 2 1
-4.362830801404462e-06 1 2 2 2 3 0 3 1 0 2
-0.0004867408847653405 1 2 2 2 3 0 3 1 3 2
4.362830801404461e-06 1 2 2 2 3 0 3 2 0 1
0.0004867408847653405 1 2 2 2 3 0 3 2 3 1
-1.41066516290381e-08 1 2 2 2 3 1 2 0 0 0
-4.281124530628623e-07 1 2 2 2 3 1 2 0 0 3
-8.120673218365378e-05 1 2 2 2 3 1 2 0 3 0
0.027475739877368892 1 2 2 2 3 1 2 3 0 0
2.2835627646993868e-05 1 2 2 2 3 1 2 3 0 3
-0.00032923428699900917 1 2 2 2 3 1 2 3 3 0
-0.00011929298581603657 1 2 2 2 3 1 2 3 3 3
1.41066516290381e-08 1 2 2 2 3 2 1 0 0 0
4.281124530628623e-07 1 2 2 2 3 2 1 0 0 3
8.120673218365378e-05 1 2 2 2 3 2 1 0 3 0
-0.027475739877368892 1 2 2 2 3 2 1 3 0 0
-2.2835627646993868e-05 1 2 2 2 3 2 1 3 0 3
0.00032923428699900917 1 2 2 2 3 2 1 3 3 0
0.00011929298581603657 1 2 2 2 3 2 1 3 3 3
4.480580820984491e-06 1 2 2 2 3 3 0 0 1 2
-4.480580820984491e-06 1 2 2 2 3 3 0 0 2 1
-0.00011098983928140306 1 2 2 2 3 3 0 1 0 2
-0.0007265398694082406 1 2 2 2 3 3 0 1 3 2
0.00011098983928140306 1 2 2 2 3 3 0 2 0 1
0.0007265398694082406 1 2 2 2 3 3 0 2 3 1
1.7470960499647663e-05 1 2 2 2 3 3 0 3 1 2
-1.7470960499647663e-05 1 2 2 2 3 3 0 3 2 1
-0.00037777264009792525 1 2 2 2 3 3 3 1 0 2
0.5173819055676798 1 2 2 2 3 3 3 1 3 2
0.00037777264009792525 1 2 2 2 3 3 3 2 0 1
-0.5173819055676799 1 2 2 2 3 3 3 2 3 1
4.651780267838375e-05 1 2 2 2 3 3 3 3 1 2
-4.651780267838376e-05 1 2 2 2 3 3 3 3 2 1
0.01408875124940757 1 2 2 3 1 0 0 0 0 0
0.0019382336562839063 1 2 2 3 1 0 0 0 0 3
-3.348190529337808 1 2 2 3 1 0 0 0 3 0
0.015854846271835712 1 2 2 3 1 0 0 0 3 3
0.002867091193880312 1 2 2 3 1 0 0 1 1 0
0.00044501132383474964 1 2 2 3 1 0 0 1 1 3
0.002867091193880312 1 2 2 3 1 0 0 2 2 0
0.00044501132383474964 1 2 2 3 1 0 0 2 2 3
-5.612649383301428 1 2 2 3 1 0 0 3 0 0
0.017030166946725902 1 2 2 3 1 0 0 3 0 3
-69.61962464114369 1 2 2 3 1 0 0 3 3 0
-8.607714260745352 1 2 2 3 1 0 0 3 3 3
0.0017429879030060713 1 2 2 3 1 0 3 0 0 0
0.01573712851505185 1 2 2 3 1 0 3 0 3 0
0.0020144927557582794 1 2 2 3 1 0 3 0 3 3
0.00041252206011951003 1 2 2 3 1 0 3 1 1 0
0.00041252206011951003 1 2 2 3 1 0 3 2 2 0
0.017797038876595807 1 2 2 3 1 0 3 3 0 0
0.0020574557065464886 1 2 2 3 1 0 3 3 0 3
-7.56584375836577 1 2 2 3 1 0 3 3 3 0
0.014588293785228591 1 2 2 3 1 0 3 3 3 3
0.0027563069460222866 1 2 2 3 1 1 1 0 2 2
-0.003928900801393092 1 2 2 3 1 1 1 2 0 2
-0.0006844992905887845 1 2 2 3 1 1 1 2 3 2
5.5045641898788714e-06 1 2 2 3 1 1 1 3 1 1
-3.710315086354659 1 2 2 3 1 1 1 3 2 2
-3.292333743031378e-05 1 2 2 3 1 1 2 0 1 2
-0.0027233836085919726 1 2 2 3 1 1 2 0 2 1
-0.00013917264860993528 1 2 2 3 1 1 2 1 0 2
-3.0436414818556747e-05 1 2 2 3 1 1 2 1 3 2
0.004068073450003026 1 2 2 3 1 1 2 2 0 1
0.0007149357054073412 1 2 2 3 1 1 2 2 3 1
0.046334757433212914 1 2 2 3 1 1 2 3 1 2
3.663985833485637 1 2 2 3 1 1 2 3 2 1
-0.0027233836085919726 1 2 2 3 1 2 1 0 1 2
-3.292333743031378e-05 1 2 2 3 1 2 1 0 2 1
0.004068073450003026 1 2 2 3 1 2 1 1 0 2
0.0007149357054073412 1 2 2 3 1 2 1 1 3 2
-0.00013917264860993528 1 2 2 3 1 2 1 2 0 1
-3.0436414818556747e-05 1 2 2 3 1 2 1 2 3 1
3.663985833485637 1 2 2 3 1 2 1 3 1 2
0.046334757433212914 1 2 2 3 1 2 1 3 2 1
0.0027563069460222866 1 2 2 3 1 2 2 0 1 1
-0.003928900801393092 1 2 2 3 1 2 2 1 0 1
-0.0006844992905887845 1 2 2 3 1 2 2 1 3 1
-3.7103150863546595 1 2 2 3 1 2 2 3 1 1
5.504564189878885e-06 1 2 2 3 1 2 2 3 2 2
-7.950799987186572 1 2 2 3 1 3 0 0 0 0
0.016335360340164414 1 2 2 3 1 3 0 0 0 3
-54.840154218173716 1 2 2 3 1 3 0 0 3 0
-8.309471887156608 1 2 2 3 1 3 0 0 3 3
-0.3253870579717267 1 2 2 3 1 3 0 1 1 0
0.0002178604389424189 1 2 2 3 1 3 0 1 1 3
-0.3253870579717266 1 2 2 3 1 3 0 2 2 0
0.0002178604389424189 1 2 2 3 1 3 0 2 2 3
-55.066040965312936 1 2 2 3 1 3 0 3 0 0
-8.309002354638556 1 2 2 3 1 3 0 3 0 3
37341.1020076811 1 2 2 3 1 3 0 3 3 0
-37.856930878194966 1 2 2 3 1 3 0 3 3 3
0.01834555104594328 1 2 2 3 1 3 3 0 0 0
0.002054761961409791 1 2 2 3 1 3 3 0 0 3
-7.5730514133070095 1 2 2 3 1 3 3 0 3 0
0.013669285089101552 1 2 2 3 1 3 3 0 3 3
0.0003460572404239079 1 2 2 3 1 3 3 1 1 0
1.1032680905353436e-05 1 2 2 3 1 3 3 1 1 3
0.0003460572404239079 1 2 2 3 1 3 3 2 2 0
1.1032680905353438e-05 1 2 2 3 1 3 3 2 2 3
-7.599699351081566 1 2 2 3 1 3 3 3 0 0
0.013693045471354725 1 2 2 3 1 3 3 3 0 3
-66.30083301732077 1 2 2 3 1 3 3 3 3 0
-3.222408692001792 1 2 2 3 1 3 3 3 3 3
-7.423903878059996e-06 1 2 2 3 2 1 1 3 1 2
4.53067133723669e-05 1 2 2 3 2 1 1 3 2 1
1.3942057220898816e-05 1 2 2 3 2 1 2 3 1 1
5.182486671520563e-05 1 2 2 3 2 1 2 3 2 2
-5.1824866715205645e-05 1 2 2 3 2 2 1 3 1 1
-1.3942057220898816e-05 1 2 2 3 2 2 1 3 2 2
-4.5306713372366925e-05 1 2 2 3 2 2 2 3 1 2
7.42390387806001e-06 1 2 2 3 2 2 2 3 2 1
-1.1028595630124607e-06 1 2 2 3 2 3 0 1 2 0
1.102859563012461e-06 1 2 2 3 2 3 0 2 1 0
21.21736901862276 1 2 3 0 0 1 2 0 0 0
3.4389582484783685 1 2 3 0 0 1 2 0 0 3
3.239166087702814 1 2 3 0 0 1 2 0 3 0
-0.0065836342740814 1 2 3 0 0 1 2 0 3 3
-0.00046648093276792417 1 2 3 0 0 1 2 1 1 0
-8.120673218365378e-05 1 2 3 0 0 1 2 1 1 3
-0.0004664809327679246 1 2 3 0 0 1 2 2 2 0
-8.120673218365383e-05 1 2 3 0 0 1 2 2 2 3
4.578131976244921 1 2 3 0 0 1 2 3 0 0
-0.007262699248779042 1 2 3 0 0 1 2 3 0 3
-0.008057541460925209 1 2 3 0 0 1 2 3 3 0
-0.0012527304601310449 1 2 3 0 0 1 2 3 3 3
-21.217369018622758 1 2 3 0 0 2 1 0 0 0
-3.4389582484783685 1 2 3 0 0 2 1 0 0 3
-3.2391660877028143 1 2 3 0 0 2 1 0 3 0
0.0065836342740814 1 2 3 0 0 2 1 0 3 3
0.0004664809327679246 1 2 3 0 0 2 1 1 1 0
8.120673218365383e-05 1 2 3 0 0 2 1 1 1 3
0.00046648093276792417 1 2 3 0 0 2 1 2 2 0
8.120673218365378e-05 1 2 3 0 0 2 1 2 2 3
-4.578131976244922 1 2 3 0 0 2 1 3 0 0
0.007262699248779042 1 2 3 0 0 2 1 3 0 3
0.008057541460925209 1 2 3 0 0 2 1 3 3 0
0.0012527304601310449 1 2 3 0 0 2 1 3 3 3
-8.914571542710975e-05 1 2 3 0 0 3 0 0 1 2
8.914571542710975e-05 1 2 3 0 0 3 0 0 2 1
-0.0001352302771730007 1 2 3 0 3 0 0 0 1 2
0.00013523027717300072 1 2 3 0 3 0 0 0 2 1
3.2498444662846233 1 2 3 0 3 1 2 0 0 0
-0.006826307032740035 1 2 3 0 3 1 2 0 0 3
-0.006600884035793644 1 2 3 0 3 1 2 0 3 0
-0.0013047446446870753 1 2 3 0 3 1 2 0 3 3
-7.013196255703012e-05 1 2 3 0 3 1 2 1 1 0
-7.013196255703017e-05 1 2 3 0 3 1 2 2 2 0
-0.007262699248779043 1 2 3 0 3 1 2 3 0 0
-0.0015447253029072588 1 2 3 0 3 1 2 3 0 3
-0.0012889693589013453 1 2 3 0 3 1 2 3 3 0
-3.2498444662846233 1 2 3 0 3 2 1 0 0 0
0.006826307032740035 1 2 3 0 3 2 1 0 0 3
0.006600884035793644 1 2 3 0 3 2 1 0 3 0
0.0013047446446870753 1 2 3 0 3 2 1 0 3 3
7.013196255703017e-05 1 2 3 0 3 2 1 1 1 0
7.013196255703012e-05 1 2 3 0 3 2 1 2 2 0
0.007262699248779043 1 2 3 0 3 2 1 3 0 0
0.0015447253029072588 1 2 3 0 3 2 1 3 0 3
0.0012889693589013453 1 2 3 0 3 2 1 3 3 0
-0.0007000364328832592 1 2 3 0 3 3 0 0 1 2
0.0007000364328832592 1 2 3 0 3 3 0 0 2 1
0.00013283957264188415 1 2 3 0 3 3 0 1 3 2
-0.0001328395726418842 1 2 3 0 3 3 0 2 3 1
-0.00011756227238132356 1 2 3 0 3 3 0 3 1 2
0.00011756227238132356 1 2 3 0 3 3 0 3 2 1
-9.753490607118967e-05 1 2 3 0 3 3 3 0 1 2
9.753490607118967e-05 1 2 3 0 3 3 3 0 2 1
-0.0024628324752941364 1 2 3 1 1 0 0 1 2 0
-0.0003781578046382764 1 2 3 1 1 0 0 1 2 3
0.0024628324752941364 1 2 3 1 1 0 0 2 1 0
0.0003781578046382764 1 2 3 1 1 0 0 2 1 3
-0.0003500919954585878 1 2 3 1 1 0 3 1 2 0
0.0003500919954585878 1 2 3 1 1 0 3 2 1 0
0.0027563069460222853 1 2 3 1 1 1 1 1 0 2
0.0004446560495804046 1 2 3 1 1 1 1 1 3 2
-0.0027233836085919718 1 2 3 1 1 1 2 1 0 1
-0.0004335812799537809 1 2 3 1 1 1 2 1 3 1
3.2923337430313816e-05 1 2 3 1 1 1 2 2 0 2
1.1074769626623664e-05 1 2 3 1 1 1 2 2 3 2
-3.2923337430313816e-05 1 2 3 1 1 2 1 1 0 1
-1.1074769626623664e-05 1 2 3 1 1 2 1 1 3 1
0.0027233836085919718 1 2 3 1 1 2 1 2 0 2
0.0004335812799537809 1 2 3 1 1 2 1 2 3 2
-0.0027563069460222853 1 2 3 1 1 2 2 2 0 1
-0.0004446560495804046 1 2 3 1 1 2 2 2 3 1
0.4219705755084225 1 2 3 1 1 3 0 1 2 0
-0.00025480825669574575 1 2 3 1 1 3 0 1 2 3
-0.4219705755084225 1 2 3 1 1 3 0 2 1 0
0.00025480825669574575 1 2 3 1 1 3 0 2 1 3
-0.00042281402384557074 1 2 3 1 1 3 3 1 2 0
-1.4295188511046098e-05 1 2 3 1 1 3 3 1 2 3
0.00042281402384557074 1 2 3 1 1 3 3 2 1 0
1.4295188511046098e-05 1 2 3 1 1 3 3 2 1 3
1.8548399895518676e-05 1 2 3 1 2 0 0 0 3 0
-0.00022569069218639348 1 2 3 1 2 1 1 0 2 2
-4.865152030346334e-05 1 2 3 1 2 1 1 3 2 2
0.0003821131025085708 1 2 3 1 2 1 2 0 1 2
-0.00015642241032217736 1 2 3 1 2 1 2 0 2 1
8.489041907376374e-05 1 2 3 1 2 1 2 3 1 2
-3.6238898770300406e-05 1 2 3 1 2 1 2 3 2 1
-0.00015642241032217736 1 2 3 1 2 2 1 0 1 2
0.0003821131025085708 1 2 3 1 2 2 1 0 2 1
-3.6238898770300406e-05 1 2 3 1 2 2 1 3 1 2
8.489041907376374e-05 1 2 3 1 2 2 1 3 2 1
-0.00022569069218639348 1 2 3 1 2 2 2 0 1 1
-4.865152030346334e-05 1 2 3 1 2 2 2 3 1 1
1.6192740327376277e-05 1 2 3 1 2 3 0 0 0 0
0.0001428108375734474 1 2 3 1 2 3 0 0 3 0
1.9463257689539466e-05 1 2 3 1 2 3 0 0 3 3
1.4289895166661146e-06 1 2 3 1 2 3 0 1 1 0
1.4289895166661146e-06 1 2 3 1 2 3 0 2 2 0
2.0985885001298973e-05 1 2 3 1 2 3 0 3 3 0
1.6872599098306253e-05 1 2 3 1 2 3 3 0 3 0
-0.013743961677927598 1 2 3 2 1 0 0 0 0 0
-0.0019458951119203152 1 2 3 2 1 0 0 0 0 3
6.449050112179506 1 2 3 2 1 0 0 0 3 0
-0.014711104433343464 1 2 3 2 1 0 0 0 3 3
-0.0014895020978199411 1 2 3 2 1 0 0 3 0 0
-0.013732246316959454 1 2 3 2 1 0 0 3 3 0
-0.0019252291388480937 1 2 3 2 1 0 0 3 3 3
-0.0017620808175711957 1 2 3 2 1 0 3 0 0 0
-0.016134753181092393 1 2 3 2 1 0 3 0 3 0
-0.0017363568384524115 1 2 3 2 1 0 3 0 3 3
-0.001740824742728136 1 2 3 2 1 0 3 3 3 0
-0.0024847690172044795 1 2 3 2 1 1 1 0 2 2
-0.0004515274384670524 1 2 3 2 1 1 1 3 2 2
-0.00015642241032217736 1 2 3 2 1 1 2 0 1 2
0.0026411914275266566 1 2 3 2 1 1 2 0 2 1
-3.6238898770300406e-05 1 2 3 2 1 1 2 3 1 2
0.0004877663372373529 1 2 3 2 1 1 2 3 2 1
0.0026411914275266566 1 2 3 2 1 2 1 0 1 2
-0.00015642241032217736 1 2 3 2 1 2 1 0 2 1
0.0004877663372373529 1 2 3 2 1 2 1 3 1 2
-3.6238898770300406e-05 1 2 3 2 1 2 1 3 2 1
-0.0024847690172044795 1 2 3 2 1 2 2 0 1 1
-0.0004515274384670524 1 2 3 2 1 2 2 3 1 1
6.461534680649162 1 2 3 2 1 3 0 0 0 0
-0.013187847161713931 1 2 3 2 1 3 0 0 0 3
42.75560488813568 1 2 3 2 1 3 0 0 3 0
6.909111939991664 1 2 3 2 1 3 0 0 3 3
-3.363953560665843e-05 1 2 3 2 1 3 0 1 1 0
-3.363953560665843e-05 1 2 3 2 1 3 0 2 2 0
-0.014619912418746297 1 2 3 2 1 3 0 3 0 0
-0.0022657833308445826 1 2 3 2 1 3 0 3 0 3
7.113971500097835 1 2 3 2 1 3 0 3 3 0
-0.013497478302587594 1 2 3 2 1 3 0 3 3 3
-0.014882482672429212 1 2 3 2 1 3 3 0 0 0
-0.0017097127474657967 1 2 3 2 1 3 3 0 0 3
6.392684862213306 1 2 3 2 1 3 3 0 3 0
-0.011288310876056053 1 2 3 2 1 3 3 0 3 3
-0.0020837285560419833 1 2 3 2 1 3 3 3 0 0
-0.015457224272470439 1 2 3 2 1 3 3 3 3 0
-0.001731778109276505 1 2 3 2 1 3 3 3 3 3
-3.884524124250577e-05 1 2 3 2 2 1 1 1 0 2
-3.5170469686163473e-07 1 2 3 2 2 1 1 1 3 2
3.292333743031376e-05 1 2 3 2 2 1 2 1 0 1
1.1074769626623658e-05 1 2 3 2 2 1 2 1 3 1
-5.921903812192008e-06 1 2 3 2 2 1 2 2 0 2
1.0723064929762022e-05 1 2 3 2 2 1 2 2 3 2
5.921903812192008e-06 1 2 3 2 2 2 1 1 0 1
-1.0723064929762022e-05 1 2 3 2 2 2 1 1 3 1
-3.292333743031376e-05 1 2 3 2 2 2 1 2 0 2
-1.1074769626623658e-05 1 2 3 2 2 2 1 2 3 2
3.884524124250577e-05 1 2 3 2 2 2 2 2 0 1
3.5170469686163473e-07 1 2 3 2 2 2 2 2 3 1
-1.6103134001832172e-06 1 2 3 2 2 3 0 1 2 0
1.6103134001832172e-06 1 2 3 2 2 3 0 2 1 0
0.6490652662099101 1 2 3 3 0 1 1 1 2 0
-0.00032919398907479806 1 2 3 3 0 1 1 1 2 3
1.9290647297374474e-06 1 2 3 3 0 1 1 2 1 0
3.0756430829709673 1 2 3 3 0 1 2 0 0 0
-0.00665718928363533 1 2 3 3 0 1 2 0 0 3
-0.007813134740294799 1 2 3 3 0 1 2 0 3 0
-0.0012464221298252262 1 2 3 3 0 1 2 0 3 3
6.676596800086538e-05 1 2 3 3 0 1 2 1 1 0
-1.4106651629018618e-08 1 2 3 3 0 1 2 1 1 3
0.6491339612426408 1 2 3 3 0 1 2 2 2 0
-0.0003292080957264271 1 2 3 3 0 1 2 2 2 3
-0.008057541460925209 1 2 3 3 0 1 2 3 0 0
-0.0012889693589013453 1 2 3 3 0 1 2 3 0 3
-0.0013624521489089497 1 2 3 3 0 1 2 3 3 0
-3.0756430829709673 1 2 3 3 0 2 1 0 0 0
0.00665718928363533 1 2 3 3 0 2 1 0 0 3
0.007813134740294799 1 2 3 3 0 2 1 0 3 0
0.0012464221298252262 1 2 3 3 0 2 1 0 3 3
-0.6491339612426408 1 2 3 3 0 2 1 1 1 0
0.0003292080957264271 1 2 3 3 0 2 1 1 1 3
-6.676596800086538e-05 1 2 3 3 0 2 1 2 2 0
1.4106651629018618e-08 1 2 3 3 0 2 1 2 2 3
0.008057541460925209 1 2 3 3 0 2 1 3 0 0
0.0012889693589013453 1 2 3 3 0 2 1 3 0 3
0.0013624521489089497 1 2 3 3 0 2 1 3 3 0
-1.9290647297374474e-06 1 2 3 3 0 2 2 1 2 0
-0.64906526620991 1 2 3 3 0 2 2 2 1 0
0.00032919398907479806 1 2 3 3 0 2 2 2 1 3
7.883508113998903e-05 1 2 3 3 0 3 0 1 3 2
-7.883508113998903e-05 1 2 3 3 0 3 0 2 3 1
0.00018268675338725194 1 2 3 3 3 0 0 1 3 2
-0.000182686753387252 1 2 3 3 3 0 0 2 3 1
-0.00032919398907479795 1 2 3 3 3 1 1 1 2 0
-0.00011886487336297383 1 2 3 3 3 1 1 1 2 3
-0.006361594224703217 1 2 3 3 3 1 2 0 0 0
-0.0012770834457311543 1 2 3 3 3 1 2 0 0 3
-0.0012159857150066695 1 2 3 3 3 1 2 0 3 0
3.2909230778684736e-05 1 2 3 3 3 1 2 1 1 0
-4.281124530628624e-07 1 2 3 3 3 1 2 1 1 3
-0.00029628475829611325 1 2 3 3 3 1 2 2 2 0
-0.00011929298581603671 1 2 3 3 3 1 2 2 2 3
-0.0012527304601310447 1 2 3 3 3 1 2 3 0 0
0.006361594224703217 1 2 3 3 3 2 1 0 0 0
0.0012770834457311543 1 2 3 3 3 2 1 0 0 3
0.0012159857150066695 1 2 3 3 3 2 1 0 3 0
0.00029628475829611325 1 2 3 3 3 2 1 1 1 0
0.00011929298581603671 1 2 3 3 3 2 1 1 1 3
-3.2909230778684736e-05 1 2 3 3 3 2 1 2 2 0
4.281124530628624e-07 1 2 3 3 3 2 1 2 2 3
0.0012527304601310447 1 2 3 3 3 2 1 3 0 0
0.00032919398907479795 1 2 3 3 3 2 2 2 1 0
0.00011886487336297383 1 2 3 3 3 2 2 2 1 3
-0.00010252237075635299 1 2 3 3 3 3 0 0 1 2
0.00010252237075635299 1 2 3 3 3 3 0 0 2 1
0.00014064814993510128 1 2 3 3 3 3 0 1 0 2
0.0009347841949819579 1 2 3 3 3 3 0 1 3 2
-0.00014064814993510128 1 2 3 3 3 3 0 2 0 1
-0.0009347841949819579 1 2 3 3 3 3 0 2 3 1
9.215256817105669e-05 1 2 3 3 3 3 3 1 3 2
-9.215256817105672e-05 1 2 3 3 3 3 3 2 3 1
1.067654513053693 1 3 0 0 1 0 1 0 1 0
-0.26699090122667607 1 3 0 0 1 0 1 0 1 3
0.0003971397140721114 1 3 0 0 1 0 1 1 0 0
-3.096434036264819e-05 1 3 0 0 1 0 1 1 0 3
-0.1428086630349696 1 3 0 0 1 0 1 1 3 0
-1.5135126722002923e-05 1 3 0 0 1 0 1 1 3 3
0.12334864150781133 1 3 0 0 1 0 1 3 1 0
1.543539312147094e-05 1 3 0 0 1 0 1 3 1 3
1.067654513053693 1 3 0 0 1 0 2 0 2 0
-0.2669909012266761 1 3 0 0 1 0 2 0 2 3
0.0003971397140721114 1 3 0 0 1 0 2 2 0 0
-3.096434036264819e-05 1 3 0 0 1 0 2 2 0 3
-0.1428086630349696 1 3 0 0 1 0 2 2 3 0
-1.5135126722002923e-05 1 3 0 0 1 0 2 2 3 3
0.12334864150781132 1 3 0 0 1 0 2 3 2 0
1.543539312147094e-05 1 3 0 0 1 0 2 3 2 3
0.0022950775562451506 1 3 0 0 1 1 0 0 0 1
0.0002818565278053303 1 3 0 0 1 1 0 0 3 1
0.00026850711465278675 1 3 0 0 1 1 0 3 0 1
0.00044616719770792346 1 3 0 0 1 1 3 0 0 1
0.0022950775562451515 1 3 0 0 1 2 0 0 0 2
0.0002818565278053302 1 3 0 0 1 2 0 0 3 2
0.00026850711465278675 1 3 0 0 1 2 0 3 0 2
0.00044616719770792325 1 3 0 0 1 2 3 0 0 2
-571.9627883742827 1 3 0 0 1 3 1 0 1 0
0.5808135032257709 1 3 0 0 1 3 1 0 1 3
-0.18305156492543811 1 3 0 0 1 3 1 1 0 0
0.00034532598341834253 1 3 0 0 1 3 1 1 0 3
-1.0935843047604044 1 3 0 0 1 3 1 1 3 0
-0.17791185435443713 1 3 0 0 1 3 1 1 3 3
0.8491412757758512 1 3 0 0 1 3 1 3 1 0
0.1274423313098627 1 3 0 0 1 3 1 3 1 3
-571.9627883742827 1 3 0 0 1 3 2 0 2 0
0.5808135032257709 1 3 0 0 1 3 2 0 2 3
-0.18305156492543814 1 3 0 0 1 3 2 2 0 0
0.00034532598341834253 1 3 0 0 1 3 2 2 0 3
-1.0935843047604046 1 3 0 0 1 3 2 2 3 0
-0.17791185435443713 1 3 0 0 1 3 2 2 3 3
0.8491412757758511 1 3 0 0 1 3 2 3 2 0
0.12744233130986268 1 3 0 0 1 3 2 3 2 3
-0.0006270190645474337 1 3 0 0 2 0 1 0 2 0
-3.918058519030626e-05 1 3 0 0 2 0 1 0 2 3
0.00013695462294469982 1 3 0 0 2 0 1 2 3 0
-8.294317951203398e-05 1 3 0 0 2 0 1 3 2 0
0.0006270190645474337 1 3 0 0 2 0 2 0 1 0
3.918058519030626e-05 1 3 0 0 2 0 2 0 1 3
-0.00013695462294469982 1 3 0 0 2 0 2 1 3 0
8.294317951203398e-05 1 3 0 0 2 0 2 3 1 0
25.98358537828123 1 3 0 0 2 1 0 0 0 2
3.269477086033271 1 3 0 0 2 1 0 0 3 2
-0.0005470756193861388 1 3 0 0 2 1 0 1 1 2
0.0005423722711403006 1 3 0 0 2 1 0 1 2 1
-4.703348245838276e-06 1 3 0 0 2 1 0 2 2 2
3.285245417460501 1 3 0 0 2 1 0 3 0 2
-0.007637899125419458 1 3 0 0 2 1 0 3 3 2
4.342380061920864 1 3 0 0 2 1 3 0 0 2
-0.008791705068777269 1 3 0 0 2 1 3 0 3 2
-0.00011144982868590075 1 3 0 0 2 1 3 1 1 2
0.00010968270968089254 1 3 0 0 2 1 3 1 2 1
-1.7671190050082397e-06 1 3 0 0 2 1 3 2 2 2
-0.008782878338404783 1 3 0 0 2 1 3 3 0 2
-0.001138367588970343 1 3 0 0 2 1 3 3 3 2
-25.98358537828123 1 3 0 0 2 2 0 0 0 1
-3.2694770860332714 1 3 0 0 2 2 0 0 3 1
4.703348245838276e-06 1 3 0 0 2 2 0 1 1 1
-0.0005423722711403006 1 3 0 0 2 2 0 2 1 2
0.0005470756193861388 1 3 0 0 2 2 0 2 2 1
-3.285245417460501 1 3 0 0 2 2 0 3 0 1
0.007637899125419458 1 3 0 0 2 2 0 3 3 1
-4.342380061920864 1 3 0 0 2 2 3 0 0 1
0.008791705068777269 1 3 0 0 2 2 3 0 3 1
1.7671190050082397e-06 1 3 0 0 2 2 3 1 1 1
-0.00010968270968089254 1 3 0 0 2 2 3 2 1 2
0.00011144982868590075 1 3 0 0 2 2 3 2 2 1
0.008782878338404783 1 3 0 0 2 2 3 3 0 1
0.001138367588970343 1 3 0 0 2 2 3 3 3 1
0.7567485268478881 1 3 0 0 2 3 1 0 2 0
-0.0005267251884434001 1 3 0 0 2 3 1 0 2 3
0.00012279182143603423 1 3 0 0 2 3 1 2 0 0
0.0007265564652437135 1 3 0 0 2 3 1 2 3 0
0.00010437323528226871 1 3 0 0 2 3 1 2 3 3
-0.0005628510180482969 1 3 0 0 2 3 1 3 2 0
-8.214330576637728e-05 1 3 0 0 2 3 1 3 2 3
-0.756748526847888 1 3 0 0 2 3 2 0 1 0
0.0005267251884434001 1 3 0 0 2 3 2 0 1 3
-0.00012279182143603423 1 3 0 0 2 3 2 1 0 0
-0.0007265564652437135 1 3 0 0 2 3 2 1 3 0
-0.00010437323528226871 1 3 0 0 2 3 2 1 3 3
0.0005628510180482969 1 3 0 0 2 3 2 3 1 0
8.214330576637728e-05 1 3 0 0 2 3 2 3 1 3
5.075284770322331e-05 1 3 0 1 0 0 1 0 3 1
2.011473186690347e-05 1 3 0 1 0 0 1 1 1 1
0.0014326235394888562 1 3 0 1 0 0 1 1 2 2
-0.0014125088076219529 1 3 0 1 0 0 1 2 1 2
5.075284770322331e-05 1 3 0 1 0 0 2 0 3 2
-0.0014125088076219529 1 3 0 1 0 0 2 1 2 1
0.0014326235394888562 1 3 0 1 0 0 2 2 1 1
2.011473186690347e-05 1 3 0 1 0 0 2 2 2 2
0.001515286545816293 1 3 0 1 0 1 0 0 1 0
0.0002036921212723994 1 3 0 1 0 1 0 0 1 3
-62.90256107299297 1 3 0 1 0 1 0 1 0 0
-8.561691664368675 1 3 0 1 0 1 0 1 0 3
-7.858234533864919 1 3 0 1 0 1 0 1 3 0
0.017432401823128035 1 3 0 1 0 1 0 1 3 3
0.0001897933949727765 1 3 0 1 0 1 0 3 1 0
0.0002577321642441006 1 3 0 1 0 1 3 0 1 0
-8.67603798524498 1 3 0 1 0 1 3 1 0 0
0.016405217330279342 1 3 0 1 0 1 3 1 0 3
0.0199678119786839 1 3 0 1 0 1 3 1 3 0
0.002401226470032667 1 3 0 1 0 1 3 1 3 3
0.001515286545816293 1 3 0 1 0 2 0 0 2 0
0.0002036921212723994 1 3 0 1 0 2 0 0 2 3
-62.90256107299297 1 3 0 1 0 2 0 2 0 0
-8.561691664368675 1 3 0 1 0 2 0 2 0 3
-7.85823453386492 1 3 0 1 0 2 0 2 3 0
0.017432401823128035 1 3 0 1 0 2 0 2 3 3
0.0001897933949727765 1 3 0 1 0 2 0 3 2 0
0.0002577321642441006 1 3 0 1 0 2 3 0 2 0
-8.676037985244978 1 3 0 1 0 2 3 2 0 0
0.016405217330279342 1 3 0 1 0 2 3 2 0 3
0.0199678119786839 1 3 0 1 0 2 3 2 3 0
0.002401226470032667 1 3 0 1 0 2 3 2 3 3
3.059394338300657e-05 1 3 0 1 0 3 1 0 0 1
0.00020797221088756594 1 3 0 1 0 3 1 0 3 1
-0.012778154919962783 1 3 0 1 0 3 1 1 1 1
-0.012243996664543776 1 3 0 1 0 3 1 1 2 2
-0.0005368577979344467 1 3 0 1 0 3 1 2 1 2
2.699542515440777e-06 1 3 0 1 0 3 1 2 2 1
4.3372182830232146e-05 1 3 0 1 0 3 1 3 3 1
3.059394338300668e-05 1 3 0 1 0 3 2 0 0 2
0.00020797221088756594 1 3 0 1 0 3 2 0 3 2
2.699542515440777e-06 1 3 0 1 0 3 2 1 1 2
-0.0005368577979344467 1 3 0 1 0 3 2 1 2 1
-0.012243996664543778 1 3 0 1 0 3 2 2 1 1
-0.012778154919962781 1 3 0 1 0 3 2 2 2 2
4.3372182830232254e-05 1 3 0 1 0 3 2 3 3 2
2.9463256913670865e-05 1 3 0 1 3 0 1 0 0 1
0.00033543984837227595 1 3 0 1 3 0 1 0 3 1
-0.016132877569757183 1 3 0 1 3 0 1 1 1 1
-2.7203562715143916 1 3 0 1 3 0 1 1 2 2
2.704222609306694 1 3 0 1 3 0 1 2 1 2
7.846379406063439e-07 1 3 0 1 3 0 1 2 2 1
3.093915795361103e-05 1 3 0 1 3 0 1 3 3 1
2.9463256913670865e-05 1 3 0 1 3 0 2 0 0 2
0.00033543984837227595 1 3 0 1 3 0 2 0 3 2
7.846379406063439e-07 1 3 0 1 3 0 2 1 1 2
2.704222609306694 1 3 0 1 3 0 2 1 2 1
-2.7203562715143907 1 3 0 1 3 0 2 2 1 1
-0.016132877569757193 1 3 0 1 3 0 2 2 2 2
3.093915795361103e-05 1 3 0 1 3 0 2 3 3 2
0.00016194810893198615 1 3 0 1 3 1 0 0 1 0
-4.851331271300649 1 3 0 1 3 1 0 1 0 0
0.015307976516972726 1 3 0 1 3 1 0 1 0 3
0.015218467148246052 1 3 0 1 3 1 0 1 3 0
0.0026436733833251997 1 3 0 1 3 1 0 1 3 3
0.016405217330279342 1 3 0 1 3 1 3 1 0 0
0.002798938946830956 1 3 0 1 3 1 3 1 0 3
0.0025109091797135595 1 3 0 1 3 1 3 1 3 0
0.00016194810893198615 1 3 0 1 3 2 0 0 2 0
-4.85133127130065 1 3 0 1 3 2 0 2 0 0
0.015307976516972726 1 3 0 1 3 2 0 2 0 3
0.015218467148246052 1 3 0 1 3 2 0 2 3 0
0.0026436733833251997 1 3 0 1 3 2 0 2 3 3
0.016405217330279342 1 3 0 1 3 2 3 2 0 0
0.002798938946830956 1 3 0 1 3 2 3 2 0 3
0.0025109091797135595 1 3 0 1 3 2 3 2 3 0
0.0003446777638361053 1 3 0 1 3 3 1 0 0 1
-0.3447131896415634 1 3 0 1 3 3 1 0 3 1
1.7156511295328742e-06 1 3 0 1 3 3 1 1 1 1
-0.327237434569029 1 3 0 1 3 3 1 1 2 2
0.3272777662031742 1 3 0 1 3 3 1 2 1 2
-3.86159830157281e-05 1 3 0 1 3 3 1 2 2 1
3.658551059718303e-05 1 3 0 1 3 3 1 3 0 1
0.00024510255378443636 1 3 0 1 3 3 1 3 3 1
0.0003446777638361053 1 3 0 1 3 3 2 0 0 2
-0.34471318964156333 1 3 0 1 3 3 2 0 3 2
-3.861598301572811e-05 1 3 0 1 3 3 2 1 1 2
0.3272777662031742 1 3 0 1 3 3 2 1 2 1
-0.327237434569029 1 3 0 1 3 3 2 2 1 1
1.7156511295328742e-06 1 3 0 1 3 3 2 2 2 2
3.658551059718303e-05 1 3 0 1 3 3 2 3 0 2
0.00024510255378443636 1 3 0 1 3 3 2 3 3 2
0.01337235811147135 1 3 0 2 0 0 1 0 0 2
-6.910147943040086 1 3 0 2 0 0 1 0 3 2
0.0015598970939385013 1 3 0 2 0 0 1 3 0 2
0.012959896075173716 1 3 0 2 0 0 1 3 3 2
-0.01337235811147135 1 3 0 2 0 0 2 0 0 1
6.910147943040086 1 3 0 2 0 0 2 0 3 1
-0.0015598970939385013 1 3 0 2 0 0 2 3 0 1
-0.012959896075173716 1 3 0 2 0 0 2 3 3 1
65.11105436349682 1 3 0 2 0 1 0 0 2 0
8.862351002098107 1 3 0 2 0 1 0 0 2 3
0.00023964166039015832 1 3 0 2 0 1 0 2 0 0
3.104667454744402e-05 1 3 0 2 0 1 0 2 0 3
2.6516631977946024e-05 1 3 0 2 0 1 0 2 3 0
8.134241815385893 1 3 0 2 0 1 0 3 2 0
-0.0180134460084771 1 3 0 2 0 1 0 3 2 3
9.245248393803022 1 3 0 2 0 1 3 0 2 0
-0.017548082787567802 1 3 0 2 0 1 3 0 2 3
2.658688351402502e-05 1 3 0 2 0 1 3 2 0 0
-0.020830010312032375 1 3 0 2 0 1 3 3 2 0
-0.002570031290620592 1 3 0 2 0 1 3 3 2 3
-65.11105436349683 1 3 0 2 0 2 0 0 1 0
-8.862351002098107 1 3 0 2 0 2 0 0 1 3
-0.00023964166039015832 1 3 0 2 0 2 0 1 0 0
-3.10466745474438e-05 1 3 0 2 0 2 0 1 0 3
-2.6516631977946024e-05 1 3 0 2 0 2 0 1 3 0
-8.134241815385893 1 3 0 2 0 2 0 3 1 0
0.0180134460084771 1 3 0 2 0 2 0 3 1 3
-9.24524839380302 1 3 0 2 0 2 3 0 1 0
0.017548082787567802 1 3 0 2 0 2 3 0 1 3
-2.658688351402491e-05 1 3 0 2 0 2 3 1 0 0
0.020830010312032375 1 3 0 2 0 2 3 3 1 0
0.002570031290620592 1 3 0 2 0 2 3 3 1 3
-6.762366636573352 1 3 0 2 0 3 1 0 0 2
-28.635629252701165 1 3 0 2 0 3 1 0 3 2
-3.06232913917317e-06 1 3 0 2 0 3 1 1 1 2
-2.7096458737084255e-06 1 3 0 2 0 3 1 1 2 1
1.0420557522220563e-05 1 3 0 2 0 3 1 2 1 1
4.648582509338969e-06 1 3 0 2 0 3 1 2 2 2
0.013066317620209876 1 3 0 2 0 3 1 3 0 2
-6.772351700402985 1 3 0 2 0 3 1 3 3 2
6.762366636573353 1 3 0 2 0 3 2 0 0 1
28.63562925270116 1 3 0 2 0 3 2 0 3 1
-4.648582509338969e-06 1 3 0 2 0 3 2 1 1 1
-1.0420557522220563e-05 1 3 0 2 0 3 2 1 2 2
2.7096458737084255e-06 1 3 0 2 0 3 2 2 1 2
3.06232913917317e-06 1 3 0 2 0 3 2 2 2 1
-0.013066317620209876 1 3 0 2 0 3 2 3 0 1
6.772351700402985 1 3 0 2 0 3 2 3 3 1
-3.754362278538209 1 3 0 2 3 0 1 0 0 2
-52.66230265482921 1 3 0 2 3 0 1 0 3 2
3.5864896027839356e-05 1 3 0 2 3 0 1 1 1 2
-8.781185434082368e-06 1 3 0 2 3 0 1 1 2 1
7.430480841298078e-06 1 3 0 2 3 0 1 2 1 1
3.451419143505503e-05 1 3 0 2 3 0 1 2 2 2
0.01061389540840774 1 3 0 2 3 0 1 3 0 2
-2.9651090127320106 1 3 0 2 3 0 1 3 3 2
3.754362278538208 1 3 0 2 3 0 2 0 0 1
52.66230265482921 1 3 0 2 3 0 2 0 3 1
-3.4514191435055045e-05 1 3 0 2 3 0 2 1 1 1
-7.430480841298078e-06 1 3 0 2 3 0 2 1 2 2
8.781185434082368e-06 1 3 0 2 3 0 2 2 1 2
-3.586489602783933e-05 1 3 0 2 3 0 2 2 2 1
-0.01061389540840774 1 3 0 2 3 0 2 3 0 1
2.96510901273201 1 3 0 2 3 0 2 3 3 1
5.508986177902776 1 3 0 2 3 1 0 0 2 0
-0.01631650536545081 1 3 0 2 3 1 0 0 2 3
2.410229263490583e-05 1 3 0 2 3 1 0 2 0 0
-0.016090081790149483 1 3 0 2 3 1 0 3 2 0
-0.002819641959966664 1 3 0 2 3 1 0 3 2 3
-0.017548082787567802 1 3 0 2 3 1 3 0 2 0
-0.0030189817943639635 1 3 0 2 3 1 3 0 2 3
-0.0026803932097798967 1 3 0 2 3 1 3 3 2 0
-5.508986177902776 1 3 0 2 3 2 0 0 1 0
0.01631650536545081 1 3 0 2 3 2 0 0 1 3
-2.410229263490583e-05 1 3 0 2 3 2 0 1 0 0
0.016090081790149483 1 3 0 2 3 2 0 3 1 0
0.002819641959966664 1 3 0 2 3 2 0 3 1 3
0.017548082787567802 1 3 0 2 3 2 3 0 1 0
0.0030189817943639635 1 3 0 2 3 2 3 0 1 3
0.0026803932097798967 1 3 0 2 3 2 3 3 1 0
-41.65410565863558 1 3 0 2 3 3 1 0 0 2
28246.053255656934 1 3 0 2 3 3 1 0 3 2
-1.883195409651376e-05 1 3 0 2 3 3 1 1 1 2
1.8634660603445123e-05 1 3 0 2 3 3 1 1 2 1
-1.6633298795756544e-05 1 3 0 2 3 3 1 2 1 1
-1.6830592288825217e-05 1 3 0 2 3 3 1 2 2 2
-6.014047992715905 1 3 0 2 3 3 1 3 0 2
-41.48146197695475 1 3 0 2 3 3 1 3 3 2
41.65410565863557 1 3 0 2 3 3 2 0 0 1
-28246.05325565693 1 3 0 2 3 3 2 0 3 1
1.6830592288825217e-05 1 3 0 2 3 3 2 1 1 1
1.6633298795756544e-05 1 3 0 2 3 3 2 1 2 2
-1.8634660603445123e-05 1 3 0 2 3 3 2 2 1 2
1.883195409651376e-05 1 3 0 2 3 3 2 2 2 1
6.014047992715904 1 3 0 2 3 3 2 3 0 1
41.48146197695474 1 3 0 2 3 3 2 3 3 1
0.10268525315594727 1 3 0 3 1 0 1 0 1 0
0.00046963295853287877 1 3 0 3 1 0 1 0 1 3
-0.15982444322123027 1 3 0 3 1 0 1 1 0 0
-1.9999840139168083e-05 1 3 0 3 1 0 1 1 0 3
-1.38337387437408 1 3 0 3 1 0 1 1 3 0
0.34594359217961546 1 3 0 3 1 0 1 1 3 3
-0.00028883829059315715 1 3 0 3 1 0 1 3 1 0
2.9444843367948308e-05 1 3 0 3 1 0 1 3 1 3
0.10268525315594727 1 3 0 3 1 0 2 0 2 0
0.00046963295853287877 1 3 0 3 1 0 2 0 2 3
-0.15982444322123024 1 3 0 3 1 0 2 2 0 0
-1.9999840139168083e-05 1 3 0 3 1 0 2 2 0 3
-1.3833738743740798 1 3 0 3 1 0 2 2 3 0
0.34594359217961546 1 3 0 3 1 0 2 2 3 3
-0.00028883829059315715 1 3 0 3 1 0 2 3 2 0
2.9444843367948314e-05 1 3 0 3 1 0 2 3 2 3
0.00026468003845939885 1 3 0 3 1 1 0 0 0 1
-2.5479032177351473e-05 1 3 0 3 1 1 0 1 1 1
-2.547903217735154e-05 1 3 0 3 1 1 0 2 2 1
0.00026468003845939875 1 3 0 3 1 2 0 0 0 2
-2.5479032177351534e-05 1 3 0 3 1 2 0 1 1 2
-2.5479032177351473e-05 1 3 0 3 1 2 0 2 2 2
0.8447313617320779 1 3 0 3 1 3 1 0 1 0
-0.3496167383747566 1 3 0 3 1 3 1 0 1 3
-1.1002434235033407 1 3 0 3 1 3 1 1 0 0
-0.16512869047791265 1 3 0 3 1 3 1 1 0 3
741.099643074652 1 3 0 3 1 3 1 1 3 0
-0.7525676297176943 1 3 0 3 1 3 1 1 3 3
0.1284378546996275 1 3 0 3 1 3 1 3 1 0
9.560203668543092e-05 1 3 0 3 1 3 1 3 1 3
0.8447313617320779 1 3 0 3 1 3 2 0 2 0
-0.3496167383747566 1 3 0 3 1 3 2 0 2 3
-1.1002434235033407 1 3 0 3 1 3 2 2 0 0
-0.16512869047791265 1 3 0 3 1 3 2 2 0 3
741.0996430746521 1 3 0 3 1 3 2 2 3 0
-0.7525676297176943 1 3 0 3 1 3 2 2 3 3
0.12843785469962754 1 3 0 3 1 3 2 3 2 0
9.560203668543092e-05 1 3 0 3 1 3 2 3 2 3
-0.00011327565647573936 1 3 0 3 2 0 1 0 2 0
0.0001074705592413831 1 3 0 3 2 0 1 2 0 0
0.0008124367780251877 1 3 0 3 2 0 1 2 3 0
5.076679513106853e-05 1 3 0 3 2 0 1 2 3 3
0.00011327565647573936 1 3 0 3 2 0 2 0 1 0
-0.0001074705592413831 1 3 0 3 2 0 2 1 0 0
-0.0008124367780251879 1 3 0 3 2 0 2 1 3 0
-5.076679513106853e-05 1 3 0 3 2 0 2 1 3 3
2.9625497403132717 1 3 0 3 2 1 0 0 0 2
-0.008412212912293288 1 3 0 3 2 1 0 0 3 2
0.030095841609406936 1 3 0 3 2 1 0 1 1 2
0.030095841609406957 1 3 0 3 2 1 0 2 2 2
-0.007559191885399266 1 3 0 3 2 1 0 3 0 2
-0.0011704967055065135 1 3 0 3 2 1 0 3 3 2
-0.008791705068777267 1 3 0 3 2 1 3 0 0 2
-0.0013321195447381796 1 3 0 3 2 1 3 0 3 2
1.6846923876846494e-05 1 3 0 3 2 1 3 1 1 2
1.684692387684652e-05 1 3 0 3 2 1 3 2 2 2
-0.0011664728876430368 1 3 0 3 2 1 3 3 0 2
-2.9625497403132717 1 3 0 3 2 2 0 0 0 1
0.008412212912293288 1 3 0 3 2 2 0 0 3 1
-0.03009584160940695 1 3 0 3 2 2 0 1 1 1
-0.030095841609406936 1 3 0 3 2 2 0 2 2 1
0.007559191885399266 1 3 0 3 2 2 0 3 0 1
0.0011704967055065135 1 3 0 3 2 2 0 3 3 1
0.008791705068777267 1 3 0 3 2 2 3 0 0 1
0.0013321195447381796 1 3 0 3 2 2 3 0 3 1
-1.684692387684652e-05 1 3 0 3 2 2 3 1 1 1
-1.6846923876846494e-05 1 3 0 3 2 2 3 2 2 1
0.0011664728876430368 1 3 0 3 2 2 3 3 0 1
-0.0005817214765105974 1 3 0 3 2 3 1 0 2 0
-4.931600263186826e-05 1 3 0 3 2 3 1 0 2 3
0.0007292934034492372 1 3 0 3 2 3 1 2 0 0
0.00010643415239908506 1 3 0 3 2 3 1 2 0 3
-0.980528933950931 1 3 0 3 2 3 1 2 3 0
0.0006824846949630394 1 3 0 3 2 3 1 2 3 3
-8.746580314627307e-05 1 3 0 3 2 3 1 3 2 0
0.0005817214765105971 1 3 0 3 2 3 2 0 1 0
4.931600263186826e-05 1 3 0 3 2 3 2 0 1 3
-0.0007292934034492374 1 3 0 3 2 3 2 1 0 0
-0.00010643415239908506 1 3 0 3 2 3 2 1 0 3
0.980528933950931 1 3 0 3 2 3 2 1 3 0
-0.0006824846949630394 1 3 0 3 2 3 2 1 3 3
8.746580314627304e-05 1 3 0 3 2 3 2 3 1 0
0.0013897293617426564 1 3 1 0 0 1 0 1 0 0
0.000187425613083961 1 3 1 0 0 1 0 1 0 3
0.0001759003446707239 1 3 1 0 0 1 0 1 3 0
2.5582544218816726e-05 1 3 1 0 0 1 0 3 1 0
0.0002438023065479064 1 3 1 0 0 1 3 1 0 0
0.0013897293617426564 1 3 1 0 0 2 0 2 0 0
0.00018742561308396122 1 3 1 0 0 2 0 2 0 3
0.0001759003446707239 1 3 1 0 0 2 0 2 3 0
2.5582544218816726e-05 1 3 1 0 0 2 0 3 2 0
0.0002438023065479064 1 3 1 0 0 2 3 2 0 0
-1.4210353857626138e-06 1 3 1 0 0 3 1 1 1 1
3.587663600806282e-06 1 3 1 0 0 3 1 1 2 2
2.3634315975306207e-06 1 3 1 0 0 3 1 2 1 2
-7.372130584099513e-06 1 3 1 0 0 3 1 2 2 1
-5.076671045042662e-05 1 3 1 0 0 3 1 3 3 1
-7.372130584099513e-06 1 3 1 0 0 3 2 1 1 2
2.3634315975306207e-06 1 3 1 0 0 3 2 1 2 1
3.587663600806282e-06 1 3 1 0 0 3 2 2 1 1
-1.4210353857626138e-06 1 3 1 0 0 3 2 2 2 2
-5.076671045042662e-05 1 3 1 0 0 3 2 3 3 2
-9.573786048852674e-06 1 3 1 0 3 0 1 1 1 1
2.6637218565883727e-05 1 3 1 0 3 0 1 1 2 2
-2.7679659717189254e-05 1 3 1 0 3 0 1 2 1 2
-8.531344897547205e-06 1 3 1 0 3 0 1 2 2 1
-5.138730461503997e-05 1 3 1 0 3 0 1 3 3 1
-8.531344897547191e-06 1 3 1 0 3 0 2 1 1 2
-2.7679659717189254e-05 1 3 1 0 3 0 2 1 2 1
2.663721856588376e-05 1 3 1 0 3 0 2 2 1 1
-9.573786048852694e-06 1 3 1 0 3 0 2 2 2 2
-5.138730461503997e-05 1 3 1 0 3 0 2 3 3 2
0.00014932002086069396 1 3 1 0 3 1 0 1 0 0
0.00014932002086069418 1 3 1 0 3 2 0 2 0 0
-4.940551638345052e-05 1 3 1 0 3 3 1 0 3 1
-3.954537269320345e-06 1 3 1 0 3 3 1 1 1 1
-1.2989444247428485e-05 1 3 1 0 3 3 1 1 2 2
1.4534046907500148e-05 1 3 1 0 3 3 1 2 1 2
-5.4991399293921186e-06 1 3 1 0 3 3 1 2 2 1
-5.6591918406608726e-05 1 3 1 0 3 3 1 3 0 1
-0.0003601400037163997 1 3 1 0 3 3 1 3 3 1
-4.940551638345052e-05 1 3 1 0 3 3 2 0 3 2
-5.4991399293921186e-06 1 3 1 0 3 3 2 1 1 2
1.4534046907500148e-05 1 3 1 0 3 3 2 1 2 1
-1.2989444247428485e-05 1 3 1 0 3 3 2 2 1 1
-3.954537269320345e-06 1 3 1 0 3 3 2 2 2 2
-5.6591918406608726e-05 1 3 1 0 3 3 2 3 0 2
-0.0003601400037163997 1 3 1 0 3 3 2 3 3 2
3.306654966469812e-05 1 3 1 1 1 0 1 0 1 0
2.4917913821289115e-05 1 3 1 1 1 0 1 0 1 3
5.011616669179822e-07 1 3 1 1 1 0 1 1 3 0
-0.033150412962927006 1 3 1 1 1 0 1 3 1 0
1.525001844973841e-05 1 3 1 1 1 0 1 3 1 3
3.306654966469812e-05 1 3 1 1 1 0 2 0 2 0
2.4917913821289115e-05 1 3 1 1 1 0 2 0 2 3
5.011616669179822e-07 1 3 1 1 1 0 2 2 3 0
-0.033150412962927006 1 3 1 1 1 0 2 3 2 0
1.5250018449738407e-05 1 3 1 1 1 0 2 3 2 3
-1.818533729377741e-05 1 3 1 1 1 1 0 3 0 1
-1.818533729377741e-05 1 3 1 1 1 2 0 3 0 2
-0.008377343570965251 1 3 1 1 1 3 1 0 1 0
7.84875509832752e-06 1 3 1 1 1 3 1 0 1 3
-1.343142546438978e-06 1 3 1 1 1 3 1 1 0 0
3.462360418513413e-05 1 3 1 1 1 3 1 1 3 0
-2.6082031574383677e-06 1 3 1 1 1 3 1 1 3 3
-0.006664831863999348 1 3 1 1 1 3 1 3 1 0
1.1159929240921815e-06 1 3 1 1 1 3 1 3 1 3
-0.008377343570965253 1 3 1 1 1 3 2 0 2 0
7.84875509832752e-06 1 3 1 1 1 3 2 0 2 3
-1.343142546438978e-06 1 3 1 1 1 3 2 2 0 0
3.462360418513413e-05 1 3 1 1 1 3 2 2 3 0
-2.6082031574383677e-06 1 3 1 1 1 3 2 2 3 3
-0.006664831863999348 1 3 1 1 1 3 2 3 2 0
1.1159929240921815e-06 1 3 1 1 1 3 2 3 2 3
1.1257803927348666e-06 1 3 1 1 2 0 1 2 3 0
-3.19722493689283e-05 1 3 1 1 2 0 1 3 2 0
-1.1257803927348666e-06 1 3 1 1 2 0 2 1 3 0
3.19722493689283e-05 1 3 1 1 2 0 2 3 1 0
-0.0005082006229988013 1 3 1 1 2 1 0 0 0 2
-6.565488488588387e-05 1 3 1 1 2 1 0 0 3 2
-0.020147217164200985 1 3 1 1 2 1 0 3 0 2
3.4141892996667535e-05 1 3 1 1 2 1 0 3 3 2
-0.00011144982868590086 1 3 1 1 2 1 3 0 0 2
1.6846923876846514e-05 1 3 1 1 2 1 3 3 0 2
-1.7671190050082397e-06 1 3 1 1 2 1 3 3 3 2
0.0005082006229988013 1 3 1 1 2 2 0 0 0 1
6.565488488588387e-05 1 3 1 1 2 2 0 0 3 1
0.020147217164200985 1 3 1 1 2 2 0 3 0 1
-3.4141892996667535e-05 1 3 1 1 2 2 0 3 3 1
0.00011144982868590086 1 3 1 1 2 2 3 0 0 1
-1.6846923876846514e-05 1 3 1 1 2 2 3 3 0 1
1.7671190050082397e-06 1 3 1 1 2 2 3 3 3 1
7.445233613163608e-06 1 3 1 1 2 3 1 0 2 0
-1.1241113065714913e-06 1 3 1 1 2 3 1 2 0 0
3.762298430715362e-05 1 3 1 1 2 3 1 2 3 0
5.379191898800804e-07 1 3 1 1 2 3 1 2 3 3
-4.282779155522168e-05 1 3 1 1 2 3 1 3 2 0
1.364774381993281e-05 1 3 1 1 2 3 1 3 2 3
-7.4452336131636046e-06 1 3 1 1 2 3 2 0 1 0
1.1241113065714913e-06 1 3 1 1 2 3 2 1 0 0
-3.762298430715362e-05 1 3 1 1 2 3 2 1 3 0
-5.379191898800804e-07 1 3 1 1 2 3 2 1 3 3
4.282779155522168e-05 1 3 1 1 2 3 2 3 1 0
-1.364774381993281e-05 1 3 1 1 2 3 2 3 1 3
-2.937608154065003e-05 1 3 1 2 1 0 1 2 0 0
-3.4570371624138413e-05 1 3 1 2 1 0 1 2 0 3
0.03000820387467405 1 3 1 2 1 0 1 2 3 0
-0.00046732763106625526 1 3 1 2 1 0 1 2 3 3
6.493617067838891e-07 1 3 1 2 1 0 1 3 2 0
2.937608154065003e-05 1 3 1 2 1 0 2 1 0 0
3.4570371624138413e-05 1 3 1 2 1 0 2 1 0 3
-0.03000820387467404 1 3 1 2 1 0 2 1 3 0
0.00046732763106625526 1 3 1 2 1 0 2 1 3 3
-6.493617067838891e-07 1 3 1 2 1 0 2 3 1 0
-1.7403273114909942e-06 1 3 1 2 1 3 1 0 2 0
0.006354710834283794 1 3 1 2 1 3 1 2 0 0
-0.00036347938179552173 1 3 1 2 1 3 1 2 0 3
0.007904174143737354 1 3 1 2 1 3 1 2 3 0
0.48693320783953714 1 3 1 2 1 3 1 2 3 3
4.486225542136085e-05 1 3 1 2 1 3 1 3 2 0
-3.3794828410740852e-06 1 3 1 2 1 3 1 3 2 3
1.7403273114909942e-06 1 3 1 2 1 3 2 0 1 0
-0.006354710834283793 1 3 1 2 1 3 2 1 0 0
0.00036347938179552173 1 3 1 2 1 3 2 1 0 3
-0.007904174143737352 1 3 1 2 1 3 2 1 3 0
-0.4869332078395371 1 3 1 2 1 3 2 1 3 3
-4.486225542136085e-05 1 3 1 2 1 3 2 3 1 0
3.3794828410740886e-06 1 3 1 2 1 3 2 3 1 3
-3.500442269903875e-05 1 3 1 2 2 0 1 1 3 0
-1.458688334616409e-06 1 3 1 2 2 0 1 3 1 0
-3.500442269903875e-05 1 3 1 2 2 0 2 2 3 0
-1.458688334616409e-06 1 3 1 2 2 0 2 3 2 0
0.0007083882510430663 1 3 1 2 2 1 0 1 2 2
-0.00014698345216620308 1 3 1 2 2 1 0 2 1 2
-0.0005614047988768633 1 3 1 2 2 1 0 2 2 1
0.00013846721783199815 1 3 1 2 2 1 3 1 2 2
-2.810529867269354e-05 1 3 1 2 2 1 3 2 1 2
-0.00011036191915930461 1 3 1 2 2 1 3 2 2 1
-0.0005614047988768633 1 3 1 2 2 2 0 1 1 2
-0.00014698345216620308 1 3 1 2 2 2 0 1 2 1
0.0007083882510430663 1 3 1 2 2 2 0 2 1 1
-0.00011036191915930461 1 3 1 2 2 2 3 1 1 2
-2.810529867269354e-05 1 3 1 2 2 2 3 1 2 1
0.00013846721783199815 1 3 1 2 2 2 3 2 1 1
1.456525677910308e-06 1 3 1 2 2 3 1 0 1 0
3.27996320104797e-06 1 3 1 2 2 3 1 1 0 0
1.5492540704677667e-05 1 3 1 2 2 3 1 1 3 0
4.35899469403798e-05 1 3 1 2 2 3 1 1 3 3
-4.874859135624211e-05 1 3 1 2 2 3 1 3 1 0
-6.969889085901004e-07 1 3 1 2 2 3 1 3 1 3
1.456525677910308e-06 1 3 1 2 2 3 2 0 2 0
3.279963201047971e-06 1 3 1 2 2 3 2 2 0 0
1.5492540704677667e-05 1 3 1 2 2 3 2 2 3 0
4.358994694037981e-05 1 3 1 2 2 3 2 2 3 3
-4.874859135624211e-05 1 3 1 2 2 3 2 3 2 0
-6.969889085901004e-07 1 3 1 2 2 3 2 3 2 3
-6.576112656697533e-05 1 3 1 3 0 0 1 3 3 1
-6.576112656697533e-05 1 3 1 3 0 0 2 3 3 2
2.6516631977945963e-05 1 3 1 3 0 1 0 0 1 0
0.00016395285815028687 1 3 1 3 0 1 0 1 0 0
0.00023964166039015488 1 3 1 3 0 1 0 3 1 0
3.104667454744402e-05 1 3 1 3 0 1 0 3 1 3
2.6586883514024785e-05 1 3 1 3 0 1 3 3 1 0
2.6516631977945963e-05 1 3 1 3 0 2 0 0 2 0
0.00016395285815028708 1 3 1 3 0 2 0 2 0 0
0.00023964166039015488 1 3 1 3 0 2 0 3 2 0
3.10466745474438e-05 1 3 1 3 0 2 0 3 2 3
2.6586883514025e-05 1 3 1 3 0 2 3 3 2 0
-4.050936316940784e-05 1 3 1 3 0 3 1 0 3 1
-5.532951105535343e-05 1 3 1 3 0 3 1 3 0 1
-0.00026947230552587 1 3 1 3 0 3 1 3 3 1
-4.050936316940773e-05 1 3 1 3 0 3 2 0 3 2
-5.532951105535365e-05 1 3 1 3 0 3 2 3 0 2
-0.00026947230552587 1 3 1 3 0 3 2 3 3 2
-3.4552232184793395e-05 1 3 1 3 3 0 1 0 3 1
-4.371196438335322e-05 1 3 1 3 3 0 1 3 0 1
-0.00043463378554451596 1 3 1 3 3 0 1 3 3 1
-3.4552232184793395e-05 1 3 1 3 3 0 2 0 3 2
-4.371196438335322e-05 1 3 1 3 3 0 2 3 0 2
-0.00043463378554451596 1 3 1 3 3 0 2 3 3 2
2.4102292634905783e-05 1 3 1 3 3 1 0 3 1 0
2.4102292634905783e-05 1 3 1 3 3 2 0 3 2 0
-4.740432314196937e-05 1 3 1 3 3 3 1 0 0 1
-0.00042284486696094695 1 3 1 3 3 3 1 0 3 1
-1.3167181207665497e-06 1 3 1 3 3 3 1 1 1 1
2.573148327234147e-05 1 3 1 3 3 3 1 1 2 2
-2.495356471263839e-05 1 3 1 3 3 3 1 2 1 2
-2.0946366804696343e-06 1 3 1 3 3 3 1 2 2 1
-0.0003413411810919255 1 3 1 3 3 3 1 3 0 1
0.44664937474799143 1 3 1 3 3 3 1 3 3 1
-4.740432314196937e-05 1 3 1 3 3 3 2 0 0 2
-0.00042284486696094695 1 3 1 3 3 3 2 0 3 2
-2.0946366804696343e-06 1 3 1 3 3 3 2 1 1 2
-2.4953564712638386e-05 1 3 1 3 3 3 2 1 2 1
2.5731483272341475e-05 1 3 1 3 3 3 2 2 1 1
-1.3167181207665497e-06 1 3 1 3 3 3 2 2 2 2
-0.0003413411810919255 1 3 1 3 3 3 2 3 0 2
0.44664937474799143 1 3 1 3 3 3 2 3 3 2
-0.002370388049876571 1 3 2 0 0 0 1 0 3 2
-0.0017666437512912183 1 3 2 0 0 0 1 1 1 2
1.5524063779418456e-05 1 3 2 0 0 0 1 2 1 1
-0.0017511196875117996 1 3 2 0 0 0 1 2 2 2
-0.0027239580102602773 1 3 2 0 0 0 1 3 0 2
-0.018477925612936756 1 3 2 0 0 0 1 3 3 2
0.002370388049876571 1 3 2 0 0 0 2 0 3 1
0.0017511196875117996 1 3 2 0 0 0 2 1 1 1
-1.5524063779418456e-05 1 3 2 0 0 0 2 1 2 2
0.0017666437512912183 1 3 2 0 0 0 2 2 2 1
0.0027239580102602773 1 3 2 0 0 0 2 3 0 1
0.018477925612936756 1 3 2 0 0 0 2 3 3 1
0.01872830921740137 1 3 2 0 0 1 0 0 2 0
0.0027793072839523577 1 3 2 0 0 1 0 0 2 3
98.06804701029478 1 3 2 0 0 1 0 2 0 0
13.348139885945281 1 3 2 0 0 1 0 2 0 3
12.251463329608049 1 3 2 0 0 1 0 2 3 0
-0.02714693006541681 1 3 2 0 0 1 0 2 3 3
-7.2091323915727745 1 3 2 0 0 1 0 3 2 0
0.01764558010519354 1 3 2 0 0 1 0 3 2 3
0.0026660291618600587 1 3 2 0 0 1 3 0 2 0
13.790947570522624 1 3 2 0 0 1 3 2 0 0
-0.026143386662329637 1 3 2 0 0 1 3 2 0 3
-0.03129189010402503 1 3 2 0 0 1 3 2 3 0
-0.003828123199220805 1 3 2 0 0 1 3 2 3 3
0.019967811978683896 1 3 2 0 0 1 3 3 2 0
0.002510909179713559 1 3 2 0 0 1 3 3 2 3
-0.01872830921740137 1 3 2 0 0 2 0 0 1 0
-0.0027793072839523577 1 3 2 0 0 2 0 0 1 3
-98.06804701029475 1 3 2 0 0 2 0 1 0 0
-13.348139885945281 1 3 2 0 0 2 0 1 0 3
-12.251463329608049 1 3 2 0 0 2 0 1 3 0
0.02714693006541681 1 3 2 0 0 2 0 1 3 3
7.2091323915727745 1 3 2 0 0 2 0 3 1 0
-0.01764558010519354 1 3 2 0 0 2 0 3 1 3
-0.0026660291618600587 1 3 2 0 0 2 3 0 1 0
-13.790947570522624 1 3 2 0 0 2 3 1 0 0
0.026143386662329637 1 3 2 0 0 2 3 1 0 3
0.03129189010402503 1 3 2 0 0 2 3 1 3 0
0.003828123199220805 1 3 2 0 0 2 3 1 3 3
-0.019967811978683896 1 3 2 0 0 2 3 3 1 0
-0.002510909179713559 1 3 2 0 0 2 3 3 1 3
-0.00295761369260787 1 3 2 0 0 3 1 0 0 2
-0.0167164779936596 1 3 2 0 0 3 1 0 3 2
0.009208930790569277 1 3 2 0 0 3 1 1 1 2
-2.0834416517333465e-06 1 3 2 0 0 3 1 1 2 1
-0.00986187105417924 1 3 2 0 0 3 1 2 1 1
-0.0006550237052617014 1 3 2 0 0 3 1 2 2 2
-0.017171009010107943 1 3 2 0 0 3 1 3 0 2
8.143208384620548 1 3 2 0 0 3 1 3 3 2
0.00295761369260787 1 3 2 0 0 3 2 0 0 1
0.0167164779936596 1 3 2 0 0 3 2 0 3 1
0.0006550237052617014 1 3 2 0 0 3 2 1 1 1
0.00986187105417924 1 3 2 0 0 3 2 1 2 2
2.0834416517333465e-06 1 3 2 0 0 3 2 2 1 2
-0.009208930790569277 1 3 2 0 0 3 2 2 2 1
0.017171009010107943 1 3 2 0 0 3 2 3 0 1
-8.143208384620548 1 3 2 0 0 3 2 3 3 1
-0.0018821744520485827 1 3 2 0 3 0 1 0 0 2
-0.016189557371740784 1 3 2 0 3 0 1 0 3 2
3.360461518562091 1 3 2 0 3 0 1 1 1 2
-6.055645938671959e-07 1 3 2 0 3 0 1 1 2 1
-0.012450964894567849 1 3 2 0 3 0 1 2 1 1
3.34800994810293 1 3 2 0 3 0 1 2 2 2
-0.018648005872501865 1 3 2 0 3 0 1 3 0 2
8.190072170558222 1 3 2 0 3 0 1 3 3 2
0.0018821744520485827 1 3 2 0 3 0 2 0 0 1
0.016189557371740784 1 3 2 0 3 0 2 0 3 1
-3.34800994810293 1 3 2 0 3 0 2 1 1 1
0.012450964894567842 1 3 2 0 3 0 2 1 2 2
6.055645938672094e-07 1 3 2 0 3 0 2 2 1 2
-3.360461518562091 1 3 2 0 3 0 2 2 2 1
0.018648005872501865 1 3 2 0 3 0 2 3 0 1
-8.190072170558224 1 3 2 0 3 0 2 3 3 1
0.0023346512343719534 1 3 2 0 3 1 0 0 2 0
8.050779171830376 1 3 2 0 3 1 0 2 0 0
-0.024336923944621097 1 3 2 0 3 1 0 2 0 3
-0.024063603079978534 1 3 2 0 3 1 0 2 3 0
-0.004204760829032745 1 3 2 0 3 1 0 2 3 3
0.014346900888030952 1 3 2 0 3 1 0 3 2 0
0.0025248085099622256 1 3 2 0 3 1 0 3 2 3
-0.026143386662329637 1 3 2 0 3 1 3 2 0 0
-0.004485450070313848 1 3 2 0 3 1 3 2 0 3
-0.003995951971792316 1 3 2 0 3 1 3 2 3 0
0.0024012264700326667 1 3 2 0 3 1 3 3 2 0
-0.0023346512343719534 1 3 2 0 3 2 0 0 1 0
-8.050779171830376 1 3 2 0 3 2 0 1 0 0
0.024336923944621097 1 3 2 0 3 2 0 1 0 3
0.024063603079978534 1 3 2 0 3 2 0 1 3 0
0.004204760829032745 1 3 2 0 3 2 0 1 3 3
-0.014346900888030952 1 3 2 0 3 2 0 3 1 0
-0.0025248085099622256 1 3 2 0 3 2 0 3 1 3
0.026143386662329637 1 3 2 0 3 2 3 1 0 0
0.004485450070313848 1 3 2 0 3 2 3 1 0 3
0.003995951971792316 1 3 2 0 3 2 3 1 3 0
-0.0024012264700326667 1 3 2 0 3 2 3 3 1 0
-0.01856674333405533 1 3 2 0 3 3 1 0 0 2
8.20623944255046 1 3 2 0 3 3 1 0 3 2
0.424315724695706 1 3 2 0 3 3 1 1 1 2
2.9802882146665825e-05 1 3 2 0 3 3 1 1 2 1
1.3240980657523641e-06 1 3 2 0 3 3 1 2 1 1
0.4243468516759184 1 3 2 0 3 3 1 2 2 2
9.034098799923898 1 3 2 0 3 3 1 3 0 2
54.29876831215111 1 3 2 0 3 3 1 3 3 2
0.01856674333405533 1 3 2 0 3 3 2 0 0 1
-8.20623944255046 1 3 2 0 3 3 2 0 3 1
-0.4243468516759184 1 3 2 0 3 3 2 1 1 1
-1.3240980657523641e-06 1 3 2 0 3 3 2 1 2 2
-2.9802882146665804e-05 1 3 2 0 3 3 2 2 1 2
-0.424315724695706 1 3 2 0 3 3 2 2 2 1
-9.034098799923898 1 3 2 0 3 3 2 3 0 1
-54.29876831215111 1 3 2 0 3 3 2 3 3 1
3.495506704205791e-05 1 3 2 1 1 0 1 2 0 0
3.1459462109095454e-05 1 3 2 1 1 0 1 2 0 3
-0.037764391424134326 1 3 2 1 1 0 1 2 3 0
1.7128150926591035e-05 1 3 2 1 1 0 1 2 3 3
3.075347988019493e-06 1 3 2 1 1 0 1 3 2 0
-3.495506704205791e-05 1 3 2 1 1 0 2 1 0 0
-3.145946210909546e-05 1 3 2 1 1 0 2 1 0 3
0.037764391424134326 1 3 2 1 1 0 2 1 3 0
-1.7128150926591035e-05 1 3 2 1 1 0 2 1 3 3
-3.075347988019493e-06 1 3 2 1 1 0 2 3 1 0
0.0005423722711403011 1 3 2 1 1 1 0 0 0 2
-0.0005423722711403006 1 3 2 1 1 1 0 3 3 2
0.0001096827096808926 1 3 2 1 1 1 3 0 0 2
-0.00010968270968089251 1 3 2 1 1 1 3 3 3 2
-0.0005423722711403011 1 3 2 1 1 2 0 0 0 1
0.0005423722711403006 1 3 2 1 1 2 0 3 3 1
-0.0001096827096808926 1 3 2 1 1 2 3 0 0 1
0.00010968270968089251 1 3 2 1 1 2 3 3 3 1
-2.021120048770734e-06 1 3 2 1 1 3 1 0 2 0
-0.00646117998356248 1 3 2 1 1 3 1 2 0 0
7.937981663842842e-06 1 3 2 1 1 3 1 2 0 3
-0.008635176720088743 1 3 2 1 1 3 1 2 3 0
-1.0494724823495364e-06 1 3 2 1 1 3 1 2 3 3
1.6915839054613223e-05 1 3 2 1 1 3 1 3 2 0
3.869697879530499e-05 1 3 2 1 1 3 1 3 2 3
2.021120048770734e-06 1 3 2 1 1 3 2 0 1 0
0.00646117998356248 1 3 2 1 1 3 2 1 0 0
-7.937981663842842e-06 1 3 2 1 1 3 2 1 0 3
0.008635176720088742 1 3 2 1 1 3 2 1 3 0
1.0494724823495364e-06 1 3 2 1 1 3 2 1 3 3
-1.6915839054613223e-05 1 3 2 1 1 3 2 3 1 0
-3.869697879530499e-05 1 3 2 1 1 3 2 3 1 3
7.2287642620317175e-06 1 3 2 1 2 0 1 0 1 0
-4.030846023722721e-06 1 3 2 1 2 0 1 0 1 3
3.787906359629511e-05 1 3 2 1 2 0 1 1 3 0
-0.010048334657248527 1 3 2 1 2 0 1 3 1 0
-0.0005833293368476408 1 3 2 1 2 0 1 3 1 3
7.2287642620317175e-06 1 3 2 1 2 0 2 0 2 0
-4.030846023722721e-06 1 3 2 1 2 0 2 0 2 3
3.787906359629511e-05 1 3 2 1 2 0 2 2 3 0
-0.01004833465724853 1 3 2 1 2 0 2 3 2 0
-0.0005833293368476408 1 3 2 1 2 0 2 3 2 3
-0.00014698345216620308 1 3 2 1 2 1 0 1 2 2
0.0009925572681210137 1 3 2 1 2 1 0 2 1 2
-0.0008455738159548105 1 3 2 1 2 1 0 2 2 1
-2.810529867269354e-05 1 3 2 1 2 1 3 1 2 2
0.00019593407124420448 1 3 2 1 2 1 3 2 1 2
-0.00016782877257151088 1 3 2 1 2 1 3 2 2 1
-0.0008455738159548105 1 3 2 1 2 2 0 1 1 2
0.0009925572681210137 1 3 2 1 2 2 0 1 2 1
-0.00014698345216620308 1 3 2 1 2 2 0 2 1 1
-0.00016782877257151088 1 3 2 1 2 2 3 1 1 2
0.00019593407124420448 1 3 2 1 2 2 3 1 2 1
-2.810529867269354e-05 1 3 2 1 2 2 3 2 1 1
-0.00013940999071567625 1 3 2 1 2 3 1 0 1 0
-0.0004606796282757889 1 3 2 1 2 3 1 0 1 3
-6.182957340368676e-06 1 3 2 1 2 3 1 1 0 0
3.218629912087174e-05 1 3 2 1 2 3 1 1 3 0
-1.6332757366555212e-05 1 3 2 1 2 3 1 1 3 3
-0.0008984209788189307 1 3 2 1 2 3 1 3 1 0
0.6309250439959884 1 3 2 1 2 3 1 3 1 3
-0.00013940999071567625 1 3 2 1 2 3 2 0 2 0
-0.0004606796282757889 1 3 2 1 2 3 2 0 2 3
-6.182957340368676e-06 1 3 2 1 2 3 2 2 0 0
3.218629912087174e-05 1 3 2 1 2 3 2 2 3 0
-1.633275736655521e-05 1 3 2 1 2 3 2 2 3 3
-0.0008984209788189307 1 3 2 1 2 3 2 3 2 0
0.6309250439959884 1 3 2 1 2 3 2 3 2 3
2.5837785402666403e-05 1 3 2 2 1 0 1 0 1 0
2.894875984501183e-05 1 3 2 2 1 0 1 0 1 3
-2.3734792303383978e-06 1 3 2 2 1 0 1 1 3 0
-0.023100619617343846 1 3 2 2 1 0 1 3 1 0
0.0005985793552973791 1 3 2 2 1 0 1 3 1 3
2.5837785402666403e-05 1 3 2 2 1 0 2 0 2 0
2.8948759845011833e-05 1 3 2 2 1 0 2 0 2 3
-2.3734792303383978e-06 1 3 2 2 1 0 2 2 3 0
-0.023100619617343846 1 3 2 2 1 0 2 3 2 0
0.0005985793552973791 1 3 2 2 1 0 2 3 2 3
-0.0005614047988768633 1 3 2 2 1 1 0 1 2 2
-0.0008455738159548105 1 3 2 2 1 1 0 2 1 2
0.0014069786148316738 1 3 2 2 1 1 0 2 2 1
-1.818533729377737e-05 1 3 2 2 1 1 0 3 0 1
-0.00011036191915930461 1 3 2 2 1 1 3 1 2 2
-0.0001678287725715109 1 3 2 2 1 1 3 2 1 2
0.00027819069173081547 1 3 2 2 1 1 3 2 2 1
0.0014069786148316738 1 3 2 2 1 2 0 1 1 2
-0.0008455738159548105 1 3 2 2 1 2 0 1 2 1
-0.0005614047988768633 1 3 2 2 1 2 0 2 1 1
-1.818533729377737e-05 1 3 2 2 1 2 0 3 0 2
0.00027819069173081547 1 3 2 2 1 2 3 1 1 2
-0.0001678287725715109 1 3 2 2 1 2 3 1 2 1
-0.00011036191915930461 1 3 2 2 1 2 3 2 1 1
-0.008239390105927483 1 3 2 2 1 3 1 0 1 0
0.0004685283833741163 1 3 2 2 1 3 1 0 1 3
1.5598515928817266e-06 1 3 2 2 1 3 1 1 0 0
-1.3055235640415266e-05 1 3 2 2 1 3 1 1 3 0
-2.9865392731262973e-05 1 3 2 2 1 3 1 1 3 3
-0.005717662293824174 1 3 2 2 1 3 1 3 1 0
-0.6309232310141554 1 3 2 2 1 3 1 3 1 3
-0.008239390105927483 1 3 2 2 1 3 2 0 2 0
0.0004685283833741163 1 3 2 2 1 3 2 0 2 3
1.5598515928817262e-06 1 3 2 2 1 3 2 2 0 0
-1.3055235640415266e-05 1 3 2 2 1 3 2 2 3 0
-2.986539273126296e-05 1 3 2 2 1 3 2 2 3 3
-0.005717662293824174 1 3 2 2 1 3 2 3 2 0
-0.6309232310141554 1 3 2 2 1 3 2 3 2 3
5.5789855014078854e-06 1 3 2 2 2 0 1 2 0 0
-3.110909515042958e-06 1 3 2 2 2 0 1 2 0 3
-0.007755061769067554 1 3 2 2 2 0 1 2 3 0
-0.00045019948013966433 1 3 2 2 2 0 1 2 3 3
-2.824753967412491e-05 1 3 2 2 2 0 1 3 2 0
-5.5789855014078854e-06 1 3 2 2 2 0 2 1 0 0
3.11090951504296e-06 1 3 2 2 2 0 2 1 0 3
0.007755061769067554 1 3 2 2 2 0 2 1 3 0
0.00045019948013966433 1 3 2 2 2 0 2 1 3 3
2.8247539674124907e-05 1 3 2 2 2 0 2 3 1 0
3.4171648141499796e-05 1 3 2 2 2 1 0 0 0 2
-6.565488488588387e-05 1 3 2 2 2 1 0 0 3 2
-0.02014721716420093 1 3 2 2 2 1 0 3 0 2
-0.0005082303781436331 1 3 2 2 2 1 0 3 3 2
-1.7671190050082448e-06 1 3 2 2 2 1 3 0 0 2
1.6846923876846477e-05 1 3 2 2 2 1 3 3 0 2
-0.00011144982868590075 1 3 2 2 2 1 3 3 3 2
-3.4171648141499796e-05 1 3 2 2 2 2 0 0 0 1
6.565488488588387e-05 1 3 2 2 2 2 0 0 3 1
0.020147217164200926 1 3 2 2 2 2 0 3 0 1
0.0005082303781436331 1 3 2 2 2 2 0 3 3 1
1.7671190050082448e-06 1 3 2 2 2 2 3 0 0 1
-1.6846923876846477e-05 1 3 2 2 2 2 3 3 0 1
0.00011144982868590075 1 3 2 2 2 2 3 3 3 1
3.6837862529018706e-06 1 3 2 2 2 3 1 0 2 0
-0.00010759326058525613 1 3 2 2 2 3 1 2 0 0
-0.00035554140013167884 1 3 2 2 2 3 1 2 0 3
-0.0006933795920442343 1 3 2 2 2 3 1 2 3 0
0.48693269628624475 1 3 2 2 2 3 1 2 3 3
1.8950302920752447e-05 1 3 2 2 2 3 1 3 2 0
4.896523977416373e-05 1 3 2 2 2 3 1 3 2 3
-3.6837862529018706e-06 1 3 2 2 2 3 2 0 1 0
0.00010759326058525613 1 3 2 2 2 3 2 1 0 0
0.00035554140013167884 1 3 2 2 2 3 2 1 0 3
0.0006933795920442343 1 3 2 2 2 3 2 1 3 0
-0.4869326962862447 1 3 2 2 2 3 2 1 3 3
-1.8950302920752447e-05 1 3 2 2 2 3 2 3 1 0
-4.896523977416373e-05 1 3 2 2 2 3 2 3 1 3
-0.0020211790050833067 1 3 2 3 0 0 1 0 0 2
-0.016470298970093087 1 3 2 3 0 0 1 0 3 2
-0.00041544286134976254 1 3 2 3 0 0 1 1 1 2
1.8909996241085433e-06 1 3 2 3 0 0 1 2 1 1
-0.0004135518617256541 1 3 2 3 0 0 1 2 2 2
-0.01764874614216245 1 3 2 3 0 0 1 3 0 2
8.953568795508543 1 3 2 3 0 0 1 3 3 2
0.0020211790050833067 1 3 2 3 0 0 2 0 0 1
0.016470298970093087 1 3 2 3 0 0 2 0 3 1
0.0004135518617256541 1 3 2 3 0 0 2 1 1 1
-1.8909996241085433e-06 1 3 2 3 0 0 2 1 2 2
0.00041544286134976254 1 3 2 3 0 0 2 2 2 1
0.01764874614216245 1 3 2 3 0 0 2 3 0 1
-8.953568795508543 1 3 2 3 0 0 2 3 3 1
-7.858234533864925 1 3 2 3 0 1 0 0 2 0
0.017432401823128045 1 3 2 3 0 1 0 0 2 3
11.239474148781596 1 3 2 3 0 1 0 2 0 0
-0.02747928107787886 1 3 2 3 0 1 0 2 0 3
-0.03006705822360914 1 3 2 3 0 1 0 2 3 0
-0.004459190536324247 1 3 2 3 0 1 0 2 3 3
-62.90256107299297 1 3 2 3 0 1 0 3 2 0
-8.561691664368674 1 3 2 3 0 1 0 3 2 3
0.01996781197868391 1 3 2 3 0 1 3 0 2 0
0.002401226470032668 1 3 2 3 0 1 3 0 2 3
-0.03129189010402502 1 3 2 3 0 1 3 2 0 0
-0.003995951971792316 1 3 2 3 0 1 3 2 0 3
-0.004334319071218358 1 3 2 3 0 1 3 2 3 0
-8.67603798524498 1 3 2 3 0 1 3 3 2 0
0.016405217330279342 1 3 2 3 0 1 3 3 2 3
7.858234533864924 1 3 2 3 0 2 0 0 1 0
-0.017432401823128045 1 3 2 3 0 2 0 0 1 3
-11.239474148781596 1 3 2 3 0 2 0 1 0 0
0.02747928107787886 1 3 2 3 0 2 0 1 0 3
0.03006705822360914 1 3 2 3 0 2 0 1 3 0
0.004459190536324247 1 3 2 3 0 2 0 1 3 3
62.90256107299297 1 3 2 3 0 2 0 3 1 0
8.561691664368672 1 3 2 3 0 2 0 3 1 3
-0.01996781197868391 1 3 2 3 0 2 3 0 1 0
-0.002401226470032668 1 3 2 3 0 2 3 0 1 3
0.03129189010402502 1 3 2 3 0 2 3 1 0 0
0.003995951971792316 1 3 2 3 0 2 3 1 0 3
0.004334319071218358 1 3 2 3 0 2 3 1 3 0
8.676037985244978 1 3 2 3 0 2 3 3 1 0
-0.016405217330279342 1 3 2 3 0 2 3 3 1 3
-0.016930198120337976 1 3 2 3 0 3 1 0 0 2
8.762398494665577 1 3 2 3 0 3 1 0 3 2
-0.00021713157818948885 1 3 2 3 0 3 1 1 1 2
7.209120910912811e-06 1 3 2 3 0 3 1 2 1 1
-0.00020992245727857606 1 3 2 3 0 3 1 2 2 2
8.774712542154617 1 3 2 3 0 3 1 3 0 2
37.10355822048272 1 3 2 3 0 3 1 3 3 2
0.016930198120337976 1 3 2 3 0 3 2 0 0 1
-8.762398494665575 1 3 2 3 0 3 2 0 3 1
0.00020992245727857606 1 3 2 3 0 3 2 1 1 1
-7.209120910912811e-06 1 3 2 3 0 3 2 1 2 2
0.00021713157818948885 1 3 2 3 0 3 2 2 2 1
-8.774712542154617 1 3 2 3 0 3 2 3 0 1
-37.10355822048272 1 3 2 3 0 3 2 3 3 1
-0.013752562681849316 1 3 2 3 3 0 1 0 0 2
3.230738622532143 1 3 2 3 3 0 1 0 3 2
-0.002841227978926702 1 3 2 3 3 0 1 1 1 2
9.091852088447196e-06 1 3 2 3 3 0 1 2 1 1
-0.002832136126838255 1 3 2 3 3 0 1 2 2 2
5.4757679489268725 1 3 2 3 3 0 1 3 0 2
68.23523224633952 1 3 2 3 3 0 1 3 3 2
0.013752562681849316 1 3 2 3 3 0 2 0 0 1
-3.2307386225321424 1 3 2 3 3 0 2 0 3 1
0.002832136126838255 1 3 2 3 3 0 2 1 1 1
-9.091852088447196e-06 1 3 2 3 3 0 2 1 2 2
0.002841227978926702 1 3 2 3 3 0 2 2 2 1
-5.475767948926873 1 3 2 3 3 0 2 3 0 1
-68.23523224633952 1 3 2 3 3 0 2 3 3 1
0.015218467148246054 1 3 2 3 3 1 0 0 2 0
0.0026436733833252006 1 3 2 3 3 1 0 0 2 3
-0.022704806460530955 1 3 2 3 3 1 0 2 0 0
-0.004020326872770644 1 3 2 3 3 1 0 2 0 3
-0.0037746912457354634 1 3 2 3 3 1 0 2 3 0
-4.85133127130065 1 3 2 3 3 1 0 3 2 0
0.015307976516972726 1 3 2 3 3 1 0 3 2 3
0.0025109091797135604 1 3 2 3 3 1 3 0 2 0
-0.0038281231992208058 1 3 2 3 3 1 3 2 0 0
0.016405217330279342 1 3 2 3 3 1 3 3 2 0
0.002798938946830956 1 3 2 3 3 1 3 3 2 3
-0.015218467148246054 1 3 2 3 3 2 0 0 1 0
-0.0026436733833252006 1 3 2 3 3 2 0 0 1 3
0.022704806460530955 1 3 2 3 3 2 0 1 0 0
0.004020326872770644 1 3 2 3 3 2 0 1 0 3
0.0037746912457354634 1 3 2 3 3 2 0 1 3 0
4.85133127130065 1 3 2 3 3 2 0 3 1 0
-0.015307976516972726 1 3 2 3 3 2 0 3 1 3
-0.0025109091797135604 1 3 2 3 3 2 3 0 1 0
0.0038281231992208058 1 3 2 3 3 2 3 1 0 0
-0.016405217330279342 1 3 2 3 3 2 3 3 1 0
-0.002798938946830956 1 3 2 3 3 2 3 3 1 3
7.7924804050696075 1 3 2 3 3 3 1 0 0 2
53.74921387281718 1 3 2 3 3 3 1 0 3 2
0.31891485017956966 1 3 2 3 3 3 1 1 1 2
-9.237207484822773e-07 1 3 2 3 3 3 1 1 2 1
4.499438259159388e-06 1 3 2 3 3 3 1 2 1 1
0.3189184258970803 1 3 2 3 3 3 1 2 2 2
53.97062516892612 1 3 2 3 3 3 1 3 0 2
-36598.77952118908 1 3 2 3 3 3 1 3 3 2
-7.7924804050696075 1 3 2 3 3 3 2 0 0 1
-53.74921387281719 1 3 2 3 3 3 2 0 3 1
-0.3189184258970803 1 3 2 3 3 3 2 1 1 1
-4.499438259159388e-06 1 3 2 3 3 3 2 1 2 2
9.237207484822773e-07 1 3 2 3 3 3 2 2 1 2
-0.3189148501795696 1 3 2 3 3 3 2 2 2 1
-53.97062516892613 1 3 2 3 3 3 2 3 0 1
36598.77952118908 1 3 2 3 3 3 2 3 3 1
0.09803656960450503 1 3 3 0 1 0 1 0 1 0
1.7039480268643483e-05 1 3 3 0 1 0 1 0 1 3
4.779283863982126e-05 1 3 3 0 1 0 1 1 0 0
0.0003407402346015286 1 3 3 0 1 0 1 1 3 0
-7.646430990480118e-05 1 3 3 0 1 0 1 1 3 3
-0.0002970677270347727 1 3 3 0 1 0 1 3 1 0
3.612594794080946e-05 1 3 3 0 1 0 1 3 1 3
0.09803656960450503 1 3 3 0 1 0 2 0 2 0
1.7039480268643483e-05 1 3 3 0 1 0 2 0 2 3
4.779283863982126e-05 1 3 3 0 1 0 2 2 0 0
0.0003407402346015286 1 3 3 0 1 0 2 2 3 0
-7.646430990480118e-05 1 3 3 0 1 0 2 2 3 3
-0.0002970677270347727 1 3 3 0 1 0 2 3 2 0
3.6125947940809463e-05 1 3 3 0 1 0 2 3 2 3
0.0002551520634891097 1 3 3 0 1 1 0 0 0 1
0.0002551520634891096 1 3 3 0 1 2 0 0 0 2
0.8405105083044834 1 3 3 0 1 3 1 0 1 0
0.13730615738678237 1 3 3 0 1 3 1 0 1 3
0.0003764678250339254 1 3 3 0 1 3 1 1 0 0
-2.180868587622508e-05 1 3 3 0 1 3 1 1 0 3
-0.15803960356582944 1 3 3 0 1 3 1 1 3 0
-0.0001248171999292946 1 3 3 0 1 3 1 1 3 3
0.14127902378282817 1 3 3 0 1 3 1 3 1 0
-0.000264633743492156 1 3 3 0 1 3 1 3 1 3
0.8405105083044833 1 3 3 0 1 3 2 0 2 0
0.13730615738678234 1 3 3 0 1 3 2 0 2 3
0.0003764678250339254 1 3 3 0 1 3 2 2 0 0
-2.180868587622508e-05 1 3 3 0 1 3 2 2 0 3
-0.15803960356582947 1 3 3 0 1 3 2 2 3 0
-0.0001248171999292946 1 3 3 0 1 3 2 2 3 3
0.14127902378282814 1 3 3 0 1 3 2 3 2 0
-0.000264633743492156 1 3 3 0 1 3 2 3 2 3
-0.00011890192156372307 1 3 3 0 2 0 1 0 2 0
0.00011890192156372304 1 3 3 0 2 0 2 0 1 0
2.9519938634680774 1 3 3 0 2 1 0 0 0 2
-0.0075388394178978755 1 3 3 0 2 1 0 0 3 2
-6.600658958274549e-05 1 3 3 0 2 1 0 1 1 2
-6.60065895827455e-05 1 3 3 0 2 1 0 2 2 2
-0.008680942390401632 1 3 3 0 2 1 0 3 0 2
-0.001204895743025822 1 3 3 0 2 1 0 3 3 2
-0.00878287833840478 1 3 3 0 2 1 3 0 0 2
-0.0011664728876430368 1 3 3 0 2 1 3 0 3 2
-0.0013914381169694832 1 3 3 0 2 1 3 3 0 2
-2.9519938634680774 1 3 3 0 2 2 0 0 0 1
0.0075388394178978755 1 3 3 0 2 2 0 0 3 1
6.60065895827455e-05 1 3 3 0 2 2 0 1 1 1
6.600658958274549e-05 1 3 3 0 2 2 0 2 2 1
0.008680942390401632 1 3 3 0 2 2 0 3 0 1
0.001204895743025822 1 3 3 0 2 2 0 3 3 1
0.00878287833840478 1 3 3 0 2 2 3 0 0 1
0.0011664728876430368 1 3 3 0 2 2 3 0 3 1
0.0013914381169694832 1 3 3 0 2 2 3 3 0 1
-0.000559871560271278 1 3 3 0 2 3 1 0 2 0
-7.47529811367064e-05 1 3 3 0 2 3 1 0 2 3
0.00010699276581571722 1 3 3 0 2 3 1 2 3 0
-9.433085325404672e-05 1 3 3 0 2 3 1 3 2 0
0.0005598715602712779 1 3 3 0 2 3 2 0 1 0
7.47529811367064e-05 1 3 3 0 2 3 2 0 1 3
-0.00010699276581571722 1 3 3 0 2 3 2 1 3 0
9.433085325404672e-05 1 3 3 0 2 3 2 3 1 0
2.4501928708762078e-06 1 3 3 1 0 0 1 1 1 1
0.0003556900836878636 1 3 3 1 0 0 1 1 2 2
-0.0003532398908169873 1 3 3 1 0 0 1 2 1 2
-0.0003532398908169873 1 3 3 1 0 0 2 1 2 1
0.0003556900836878636 1 3 3 1 0 0 2 2 1 1
2.4501928708762078e-06 1 3 3 1 0 0 2 2 2 2
0.00017735650511352516 1 3 3 1 0 1 0 0 1 0
-7.20913239157278 1 3 3 1 0 1 0 1 0 0
0.017645580105193542 1 3 3 1 0 1 0 1 0 3
0.01872830921740137 1 3 3 1 0 1 0 1 3 0
0.0027793072839523577 1 3 3 1 0 1 0 1 3 3
0.019967811978683907 1 3 3 1 0 1 3 1 0 0
0.0025109091797135604 1 3 3 1 0 1 3 1 0 3
0.0026660291618600587 1 3 3 1 0 1 3 1 3 0
0.00017735650511352538 1 3 3 1 0 2 0 0 2 0
-7.20913239157278 1 3 3 1 0 2 0 2 0 0
0.017645580105193542 1 3 3 1 0 2 0 2 0 3
0.01872830921740137 1 3 3 1 0 2 0 2 3 0
0.0027793072839523577 1 3 3 1 0 2 0 2 3 3
0.019967811978683907 1 3 3 1 0 2 3 2 0 0
0.0025109091797135604 1 3 3 1 0 2 3 2 0 3
0.0026660291618600587 1 3 3 1 0 2 3 2 3 0
3.9180519835833546e-05 1 3 3 1 0 3 1 0 3 1
9.340951968475497e-06 1 3 3 1 0 3 1 1 1 1
0.00025630045356589377 1 3 3 1 0 3 1 1 2 2
-0.00024695950159741827 1 3 3 1 0 3 1 2 1 2
3.9180519835833546e-05 1 3 3 1 0 3 2 0 3 2
-0.00024695950159741827 1 3 3 1 0 3 2 1 2 1
0.00025630045356589377 1 3 3 1 0 3 2 2 1 1
9.340951968475497e-06 1 3 3 1 0 3 2 2 2 2
3.965947940916218e-05 1 3 3 1 3 0 1 0 3 1
1.1780431305308162e-05 1 3 3 1 3 0 1 1 1 1
0.0024415463569347467 1 3 3 1 3 0 1 1 2 2
-0.0024297659256294385 1 3 3 1 3 0 1 2 1 2
3.965947940916218e-05 1 3 3 1 3 0 2 0 3 2
-0.0024297659256294385 1 3 3 1 3 0 2 1 2 1
0.0024415463569347467 1 3 3 1 3 0 2 2 1 1
1.1780431305308162e-05 1 3 3 1 3 0 2 2 2 2
0.014346900888030952 1 3 3 1 3 1 0 1 0 0
0.0025248085099622264 1 3 3 1 3 1 0 1 0 3
0.0023346512343719534 1 3 3 1 3 1 0 1 3 0
0.002401226470032668 1 3 3 1 3 1 3 1 0 0
0.014346900888030952 1 3 3 1 3 2 0 2 0 0
0.0025248085099622264 1 3 3 1 3 2 0 2 0 3
0.0023346512343719534 1 3 3 1 3 2 0 2 3 0
0.002401226470032668 1 3 3 1 3 2 3 2 0 0
3.7588953544842146e-05 1 3 3 1 3 3 1 0 0 1
0.00027794734845123115 1 3 3 1 3 3 1 0 3 1
5.829980823363242e-06 1 3 3 1 3 3 1 1 1 1
-0.41357956584317973 1 3 3 1 3 3 1 1 2 2
0.4135841989469845 1 3 3 1 3 3 1 2 1 2
1.1968770187770864e-06 1 3 3 1 3 3 1 2 2 1
4.4217304128575446e-05 1 3 3 1 3 3 1 3 3 1
3.7588953544842146e-05 1 3 3 1 3 3 2 0 0 2
0.00027794734845123115 1 3 3 1 3 3 2 0 3 2
1.1968770187770864e-06 1 3 3 1 3 3 2 1 1 2
0.4135841989469845 1 3 3 1 3 3 2 1 2 1
-0.41357956584317973 1 3 3 1 3 3 2 2 1 1
5.829980823363239e-06 1 3 3 1 3 3 2 2 2 2
4.4217304128575446e-05 1 3 3 1 3 3 2 3 3 2
0.001970338046149112 1 3 3 2 0 0 1 0 0 2
0.01426081628254585 1 3 3 2 0 0 1 0 3 2
0.001961355086788903 1 3 3 2 0 0 1 3 3 2
-0.001970338046149112 1 3 3 2 0 0 2 0 0 1
-0.01426081628254585 1 3 3 2 0 0 2 0 3 1
-0.001961355086788903 1 3 3 2 0 0 2 3 3 1
7.462341403055191 1 3 3 2 0 1 0 0 2 0
-0.01823410498559678 1 3 3 2 0 1 0 0 2 3
2.5582544218816726e-05 1 3 3 2 0 1 0 2 0 0
-0.020254600055989964 1 3 3 2 0 1 0 3 2 0
-0.003003008019143134 1 3 3 2 0 1 0 3 2 3
-0.020830010312032368 1 3 3 2 0 1 3 0 2 0
-0.002680393209779897 1 3 3 2 0 1 3 0 2 3
-0.002937487177814024 1 3 3 2 0 1 3 3 2 0
-7.462341403055191 1 3 3 2 0 2 0 0 1 0
0.01823410498559678 1 3 3 2 0 2 0 0 1 3
-2.5582544218816726e-05 1 3 3 2 0 2 0 1 0 0
0.020254600055989964 1 3 3 2 0 2 0 3 1 0
0.003003008019143134 1 3 3 2 0 2 0 3 1 3
0.020830010312032368 1 3 3 2 0 2 3 0 1 0
0.002680393209779897 1 3 3 2 0 2 3 0 1 3
0.002937487177814024 1 3 3 2 0 2 3 3 1 0
0.01292069867735677 1 3 3 2 0 3 1 0 0 2
-6.2847313684527695 1 3 3 2 0 3 1 0 3 2
0.002282614747376905 1 3 3 2 0 3 1 3 0 2
0.013232844559095437 1 3 3 2 0 3 1 3 3 2
-0.01292069867735677 1 3 3 2 0 3 2 0 0 1
6.2847313684527695 1 3 3 2 0 3 2 0 3 1
-0.002282614747376905 1 3 3 2 0 3 2 3 0 1
-0.013232844559095437 1 3 3 2 0 3 2 3 3 1
0.013451610520747401 1 3 3 2 3 0 1 0 0 2
-6.320899705503223 1 3 3 2 3 0 1 0 3 2
0.0014526167403539135 1 3 3 2 3 0 1 3 0 2
0.013435178589924678 1 3 3 2 3 0 1 3 3 2
-0.013451610520747401 1 3 3 2 3 0 2 0 0 1
6.320899705503223 1 3 3 2 3 0 2 0 3 1
-0.0014526167403539133 1 3 3 2 3 0 2 3 0 1
-0.013435178589924678 1 3 3 2 3 0 2 3 3 1
-0.015187931169515436 1 3 3 2 3 1 0 0 2 0
-0.002697485734381384 1 3 3 2 3 1 0 0 2 3
-0.0025514805806760815 1 3 3 2 3 1 0 3 2 0
-0.002570031290620592 1 3 3 2 3 1 3 0 2 0
0.015187931169515436 1 3 3 2 3 2 0 0 1 0
0.002697485734381384 1 3 3 2 3 2 0 0 1 3
0.0025514805806760815 1 3 3 2 3 2 0 3 1 0
0.002570031290620592 1 3 3 2 3 2 3 0 1 0
-6.333101354766689 1 3 3 2 3 3 1 0 0 2
-41.90647670569552 1 3 3 2 3 3 1 0 3 2
3.2332659183196615e-05 1 3 3 2 3 3 1 1 1 2
-2.407107968265844e-06 1 3 3 2 3 3 1 1 2 1
3.415067189836463e-06 1 3 3 2 3 3 1 2 1 1
3.334061840476722e-05 1 3 3 2 3 3 1 2 2 2
0.014329363652528748 1 3 3 2 3 3 1 3 0 2
-6.972574914042629 1 3 3 2 3 3 1 3 3 2
6.333101354766688 1 3 3 2 3 3 2 0 0 1
41.90647670569551 1 3 3 2 3 3 2 0 3 1
-3.3340618404767237e-05 1 3 3 2 3 3 2 1 1 1
-3.4150671898364696e-06 1 3 3 2 3 3 2 1 2 2
2.4071079682658475e-06 1 3 3 2 3 3 2 2 1 2
-3.2332659183196615e-05 1 3 3 2 3 3 2 2 2 1
-0.014329363652528748 1 3 3 2 3 3 2 3 0 1
6.972574914042628 1 3 3 2 3 3 2 3 3 1
-0.0002629750756395463 1 3 3 3 1 0 1 0 1 0
5.9013305852935235e-05 1 3 3 3 1 0 1 0 1 3
0.0003620263529609185 1 3 3 3 1 0 1 1 0 0
-5.399658895438827e-05 1 3 3 3 1 0 1 1 0 3
-0.11726922005228146 1 3 3 3 1 0 1 1 3 0
-0.0006154526982573707 1 3 3 3 1 0 1 1 3 3
-3.688535746602804e-05 1 3 3 3 1 0 1 3 1 0
-0.0002629750756395463 1 3 3 3 1 0 2 0 2 0
5.9013305852935235e-05 1 3 3 3 1 0 2 0 2 3
0.0003620263529609185 1 3 3 3 1 0 2 2 0 0
-5.399658895438826e-05 1 3 3 3 1 0 2 2 0 3
-0.11726922005228146 1 3 3 3 1 0 2 2 3 0
-0.0006154526982573707 1 3 3 3 1 0 2 2 3 3
-3.688535746602804e-05 1 3 3 3 1 0 2 3 2 0
0.12197114541043252 1 3 3 3 1 3 1 0 1 0
9.633089743836087e-05 1 3 3 3 1 3 1 0 1 3
-0.16642411153020276 1 3 3 3 1 3 1 1 0 0
-0.0001263093967994427 1 3 3 3 1 3 1 1 0 3
-1.0900055611615629 1 3 3 3 1 3 1 1 3 0
0.4530054425901043 1 3 3 3 1 3 1 1 3 3
-0.00029054876621754846 1 3 3 3 1 3 1 3 1 0
1.6831416532322047e-05 1 3 3 3 1 3 1 3 1 3
0.12197114541043252 1 3 3 3 1 3 2 0 2 0
9.633089743836087e-05 1 3 3 3 1 3 2 0 2 3
-0.16642411153020276 1 3 3 3 1 3 2 2 0 0
-0.0001263093967994427 1 3 3 3 1 3 2 2 0 3
-1.0900055611615629 1 3 3 3 1 3 2 2 3 0
0.4530054425901043 1 3 3 3 1 3 2 2 3 3
-0.00029054876621754846 1 3 3 3 1 3 2 3 2 0
1.6831416532322047e-05 1 3 3 3 1 3 2 3 2 3
0.00016388089242869695 1 3 3 3 2 0 1 2 3 0
-0.0001638808924286969 1 3 3 3 2 0 2 1 3 0
-0.007166165273545277 1 3 3 3 2 1 0 0 0 2
-0.0011216609140237753 1 3 3 3 2 1 0 0 3 2
-4.673593101005963e-06 1 3 3 3 2 1 0 1 1 2
-0.0005423722711403011 1 3 3 3 2 1 0 1 2 1
-0.0005470458642413071 1 3 3 3 2 1 0 2 2 2
-0.0011562442227223584 1 3 3 3 2 1 0 3 0 2
-0.001138367588970343 1 3 3 3 2 1 3 0 0 2
-1.7671190050082446e-06 1 3 3 3 2 1 3 1 1 2
-0.00010968270968089261 1 3 3 3 2 1 3 1 2 1
-0.00011144982868590085 1 3 3 3 2 1 3 2 2 2
0.007166165273545277 1 3 3 3 2 2 0 0 0 1
0.0011216609140237753 1 3 3 3 2 2 0 0 3 1
0.0005470458642413071 1 3 3 3 2 2 0 1 1 1
0.0005423722711403011 1 3 3 3 2 2 0 2 1 2
4.673593101005963e-06 1 3 3 3 2 2 0 2 2 1
0.0011562442227223584 1 3 3 3 2 2 0 3 0 1
0.001138367588970343 1 3 3 3 2 2 3 0 0 1
0.00011144982868590085 1 3 3 3 2 2 3 1 1 1
0.00010968270968089261 1 3 3 3 2 2 3 2 1 2
1.7671190050082446e-06 1 3 3 3 2 2 3 2 2 1
-8.257443009680423e-05 1 3 3 3 2 3 1 0 2 0
0.00011276447682139204 1 3 3 3 2 3 1 2 0 0
0.0007526205184553095 1 3 3 3 2 3 1 2 3 0
5.638456479922252e-05 1 3 3 3 2 3 1 2 3 3
8.257443009680423e-05 1 3 3 3 2 3 2 0 1 0
-0.00011276447682139204 1 3 3 3 2 3 2 1 0 0
-0.0007526205184553094 1 3 3 3 2 3 2 1 3 0
-5.638456479922251e-05 1 3 3 3 2 3 2 1 3 3
2.9660771977476007e-05 2 0 0 0 1 0 1 0 2 0
-2.9660771977476014e-05 2 0 0 0 1 0 2 0 1 0
14638.404038150818 2 0 0 0 1 1 0 0 0 2
-21.581298661280297 2 0 0 0 1 1 0 0 3 2
-0.6109514558651767 2 0 0 0 1 1 0 1 1 2
0.6108811935020675 2 0 0 0 1 1 0 1 2 1
1.347844973849068e-06 2 0 0 0 1 1 0 2 1 1
-6.891451813513003e-05 2 0 0 0 1 1 0 2 2 2
-21.491539230739864 2 0 0 0 1 1 0 3 0 2
-3.1157808054620046 2 0 0 0 1 1 0 3 3 2
-25.98358537828123 2 0 0 0 1 1 3 0 0 2
-2.9625497403132717 2 0 0 0 1 1 3 0 3 2
0.0005082303781436331 2 0 0 0 1 1 3 1 1 2
-0.0005423722711403006 2 0 0 0 1 1 3 1 2 1
-3.414189299666755e-05 2 0 0 0 1 1 3 2 2 2
-2.9519938634680756 2 0 0 0 1 1 3 3 0 2
0.007166165273545279 2 0 0 0 1 1 3 3 3 2
-14638.404038150818 2 0 0 0 1 2 0 0 0 1
21.581298661280297 2 0 0 0 1 2 0 0 3 1
6.891451813513e-05 2 0 0 0 1 2 0 1 1 1
-1.3478449738490713e-06 2 0 0 0 1 2 0 1 2 2
-0.6108811935020675 2 0 0 0 1 2 0 2 1 2
0.6109514558651766 2 0 0 0 1 2 0 2 2 1
21.49153923073986 2 0 0 0 1 2 0 3 0 1
3.1157808054620046 2 0 0 0 1 2 0 3 3 1
25.98358537828123 2 0 0 0 1 2 3 0 0 1
2.9625497403132712 2 0 0 0 1 2 3 0 3 1
3.414189299666755e-05 2 0 0 0 1 2 3 1 1 1
0.0005423722711403006 2 0 0 0 1 2 3 2 1 2
-0.0005082303781436331 2 0 0 0 1 2 3 2 2 1
2.951993863468075 2 0 0 0 1 2 3 3 0 1
-0.007166165273545279 2 0 0 0 1 2 3 3 3 1
0.0006074977047130664 2 0 0 0 1 3 1 0 2 0
0.0001299304929502691 2 0 0 0 1 3 1 0 2 3
-9.547618151955487e-05 2 0 0 0 1 3 1 2 3 0
8.697718496315385e-05 2 0 0 0 1 3 1 3 2 0
-0.0006074977047130664 2 0 0 0 1 3 2 0 1 0
-0.0001299304929502691 2 0 0 0 1 3 2 0 1 3
9.547618151955487e-05 2 0 0 0 1 3 2 1 3 0
-8.697718496315385e-05 2 0 0 0 1 3 2 3 1 0
-0.2439560564591184 2 0 0 0 2 0 1 0 1 0
0.00027476403579442877 2 0 0 0 2 0 1 0 1 3
-3.1857292485456024e-05 2 0 0 0 2 0 1 1 0 0
3.737876284499146e-05 2 0 0 0 2 0 1 1 3 0
-6.198191197710374e-05 2 0 0 0 2 0 1 1 3 3
-4.918243545265972e-05 2 0 0 0 2 0 1 3 1 0
4.69726132060191e-05 2 0 0 0 2 0 1 3 1 3
-0.2439560564591184 2 0 0 0 2 0 2 0 2 0
0.00027476403579442877 2 0 0 0 2 0 2 0 2 3
-3.1857292485456024e-05 2 0 0 0 2 0 2 2 0 0
3.737876284499146e-05 2 0 0 0 2 0 2 2 3 0
-6.198191197710374e-05 2 0 0 0 2 0 2 2 3 3
-4.918243545265972e-05 2 0 0 0 2 0 2 3 2 0
4.6972613206019115e-05 2 0 0 0 2 0 2 3 2 3
-2.69078424786145 2 0 0 0 2 1 0 0 0 1
0.0019151583574693537 2 0 0 0 2 1 0 0 3 1
4.366883175400485e-05 2 0 0 0 2 1 0 1 1 1
3.233422241876302e-05 2 0 0 0 2 1 0 1 2 2
1.1257839330117809e-08 2 0 0 0 2 1 0 2 1 2
1.1323351495911738e-05 2 0 0 0 2 1 0 2 2 1
0.0018911305663066678 2 0 0 0 2 1 0 3 0 1
0.00029195777542970626 2 0 0 0 2 1 0 3 3 1
0.0022950775562451506 2 0 0 0 2 1 3 0 0 1
0.00026468003845939885 2 0 0 0 2 1 3 0 3 1
0.00025515206348910983 2 0 0 0 2 1 3 3 0 1
-2.6907842478614494 2 0 0 0 2 2 0 0 0 2
0.0019151583574693537 2 0 0 0 2 2 0 0 3 2
1.1323351495911738e-05 2 0 0 0 2 2 0 1 1 2
1.125783933011442e-08 2 0 0 0 2 2 0 1 2 1
3.233422241876302e-05 2 0 0 0 2 2 0 2 1 1
4.3668831754004866e-05 2 0 0 0 2 2 0 2 2 2
0.0018911305663066678 2 0 0 0 2 2 0 3 0 2
0.00029195777542970636 2 0 0 0 2 2 0 3 3 2
0.0022950775562451506 2 0 0 0 2 2 3 0 0 2
0.00026468003845939885 2 0 0 0 2 2 3 0 3 2
0.00025515206348910983 2 0 0 0 2 2 3 3 0 2
1.0170418516095698 2 0 0 0 2 3 1 0 1 0
0.09073822189242312 2 0 0 0 2 3 1 0 1 3
0.0003952997051195312 2 0 0 0 2 3 1 1 0 0
5.138278752621529e-05 2 0 0 0 2 3 1 1 0 3
-0.1510383121860062 2 0 0 0 2 3 1 1 3 0
0.00032291964637017176 2 0 0 0 2 3 1 1 3 3
0.12705343818322004 2 0 0 0 2 3 1 3 1 0
-0.0002461861751013084 2 0 0 0 2 3 1 3 1 3
1.0170418516095696 2 0 0 0 2 3 2 0 2 0
0.0907382218924231 2 0 0 0 2 3 2 0 2 3
0.0003952997051195312 2 0 0 0 2 3 2 2 0 0
5.138278752621529e-05 2 0 0 0 2 3 2 2 0 3
-0.15103831218600616 2 0 0 0 2 3 2 2 3 0
0.00032291964637017176 2 0 0 0 2 3 2 2 3 3
0.12705343818322004 2 0 0 0 2 3 2 3 2 0
-0.0002461861751013084 2 0 0 0 2 3 2 3 2 3
-0.0017380169892177266 2 0 0 1 0 0 1 0 0 2
-0.011533656505915466 2 0 0 1 0 0 1 0 3 2
-0.0017338249411860212 2 0 0 1 0 0 1 3 3 2
0.0017380169892177266 2 0 0 1 0 0 2 0 0 1
0.011533656505915466 2 0 0 1 0 0 2 0 3 1
0.0017338249411860212 2 0 0 1 0 0 2 3 3 1
36675.16268939764 2 0 0 1 0 1 0 0 2 0
-37.17796523643317 2 0 0 1 0 1 0 0 2 3
0.25646793713203786 2 0 0 1 0 1 0 2 0 0
-0.00010111171632280537 2 0 0 1 0 1 0 2 0 3
-0.00019441979344750424 2 0 0 1 0 1 0 2 3 0
-2.8041420397429892e-05 2 0 0 1 0 1 0 2 3 3
-54.267785935461724 2 0 0 1 0 1 0 3 2 0
-8.159057168143475 2 0 0 1 0 1 0 3 2 3
-65.1110543634968 2 0 0 1 0 1 3 0 2 0
-5.5089861779027745 2 0 0 1 0 1 3 0 2 3
-0.00023964166039015783 2 0 0 1 0 1 3 2 0 0
-2.4102292634905695e-05 2 0 0 1 0 1 3 2 0 3
-2.5582544218816618e-05 2 0 0 1 0 1 3 2 3 0
-7.462341403055191 2 0 0 1 0 1 3 3 2 0
0.015187931169515438 2 0 0 1 0 1 3 3 2 3
-36675.16268939764 2 0 0 1 0 2 0 0 1 0
37.17796523643317 2 0 0 1 0 2 0 0 1 3
-0.2564679371320374 2 0 0 1 0 2 0 1 0 0
0.00010111171632280537 2 0 0 1 0 2 0 1 0 3
0.00019441979344750424 2 0 0 1 0 2 0 1 3 0
2.8041420397429892e-05 2 0 0 1 0 2 0 1 3 3
54.267785935461724 2 0 0 1 0 2 0 3 1 0
8.159057168143475 2 0 0 1 0 2 0 3 1 3
65.11105436349682 2 0 0 1 0 2 3 0 1 0
5.5089861779027745 2 0 0 1 0 2 3 0 1 3
0.00023964166039015783 2 0 0 1 0 2 3 1 0 0
2.4102292634905695e-05 2 0 0 1 0 2 3 1 0 3
2.5582544218816618e-05 2 0 0 1 0 2 3 1 3 0
7.462341403055191 2 0 0 1 0 2 3 3 1 0
-0.015187931169515438 2 0 0 1 0 2 3 3 1 3
-0.01102211819804801 2 0 0 1 0 3 1 0 0 2
2.3960942878190576 2 0 0 1 0 3 1 0 3 2
-0.0017773315112152332 2 0 0 1 0 3 1 3 0 2
-0.01101501997771418 2 0 0 1 0 3 1 3 3 2
0.01102211819804801 2 0 0 1 0 3 2 0 0 1
-2.396094287819057 2 0 0 1 0 3 2 0 3 1
0.0017773315112152332 2 0 0 1 0 3 2 3 0 1
0.01101501997771418 2 0 0 1 0 3 2 3 3 1
-0.013789817866651507 2 0 0 1 3 0 1 0 0 2
6.083044935911872 2 0 0 1 3 0 1 0 3 2
-0.0014173419187073725 2 0 0 1 3 0 1 3 0 2
-0.013054506515341477 2 0 0 1 3 0 1 3 3 2
0.013789817866651507 2 0 0 1 3 0 2 0 0 1
-6.083044935911872 2 0 0 1 3 0 2 0 3 1
0.0014173419187073725 2 0 0 1 3 0 2 3 0 1
0.013054506515341477 2 0 0 1 3 0 2 3 3 1
-37.177965236433174 2 0 0 1 3 1 0 0 2 0
-10.10026583013867 2 0 0 1 3 1 0 0 2 3
-0.00010111171632280769 2 0 0 1 3 1 0 2 0 0
-2.87531655066022e-05 2 0 0 1 3 1 0 2 0 3
-2.940052321060891e-05 2 0 0 1 3 1 0 2 3 0
-8.79142820773905 2 0 0 1 3 1 0 3 2 0
0.016122185065372992 2 0 0 1 3 1 0 3 2 3
-8.862351002098109 2 0 0 1 3 1 3 0 2 0
0.01631650536545081 2 0 0 1 3 1 3 0 2 3
-3.10466745474439e-05 2 0 0 1 3 1 3 2 0 0
0.018234104985596782 2 0 0 1 3 1 3 3 2 0
0.002697485734381384 2 0 0 1 3 1 3 3 2 3
37.177965236433174 2 0 0 1 3 2 0 0 1 0
10.10026583013867 2 0 0 1 3 2 0 0 1 3
0.00010111171632280769 2 0 0 1 3 2 0 1 0 0
2.87531655066022e-05 2 0 0 1 3 2 0 1 0 3
2.940052321060891e-05 2 0 0 1 3 2 0 1 3 0
8.79142820773905 2 0 0 1 3 2 0 3 1 0
-0.016122185065372992 2 0 0 1 3 2 0 3 1 3
8.862351002098109 2 0 0 1 3 2 3 0 1 0
-0.01631650536545081 2 0 0 1 3 2 3 0 1 3
3.1046674547443687e-05 2 0 0 1 3 2 3 1 0 0
-0.018234104985596782 2 0 0 1 3 2 3 3 1 0
-0.002697485734381384 2 0 0 1 3 2 3 3 1 3
6.282799964502263 2 0 0 1 3 3 1 0 0 2
50.15159110502229 2 0 0 1 3 3 1 0 3 2
-7.078703627589972e-06 2 0 0 1 3 3 1 1 1 2
-1.2330553693700622e-06 2 0 0 1 3 3 1 1 2 1
1.2575254632440137e-05 2 0 0 1 3 3 1 2 1 1
4.263495635480092e-06 2 0 0 1 3 3 1 2 2 2
-0.014666690067611031 2 0 0 1 3 3 1 3 0 2
6.26630664818645 2 0 0 1 3 3 1 3 3 2
-6.282799964502263 2 0 0 1 3 3 2 0 0 1
-50.15159110502229 2 0 0 1 3 3 2 0 3 1
-4.263495635480092e-06 2 0 0 1 3 3 2 1 1 1
-1.2575254632440137e-05 2 0 0 1 3 3 2 1 2 2
1.2330553693700622e-06 2 0 0 1 3 3 2 2 1 2
7.078703627589972e-06 2 0 0 1 3 3 2 2 2 1
0.014666690067611031 2 0 0 1 3 3 2 3 0 1
-6.26630664818645 2 0 0 1 3 3 2 3 3 1
5.884500326911054e-06 2 0 0 2 0 0 1 1 1 1
4.2644626599653844e-05 2 0 0 2 0 0 1 1 2 2
-3.6760126272742785e-05 2 0 0 2 0 0 1 2 1 2
-3.6760126272742785e-05 2 0 0 2 0 0 2 1 2 1
4.2644626599653844e-05 2 0 0 2 0 0 2 2 1 1
5.884500326911054e-06 2 0 0 2 0 0 2 2 2 2
-1.730931759679684 2 0 0 2 0 1 0 0 1 0
0.0009638950470786864 2 0 0 2 0 1 0 0 1 3
35429.95857652866 2 0 0 2 0 1 0 1 0 0
-35.917048074453454 2 0 0 2 0 1 0 1 0 3
-52.6726747918886 2 0 0 2 0 1 0 1 3 0
-7.882317017464532 2 0 0 2 0 1 0 1 3 3
0.0013123431613588704 2 0 0 2 0 1 0 3 1 0
0.0001924022827932741 2 0 0 2 0 1 0 3 1 3
0.0015152865458162889 2 0 0 2 0 1 3 0 1 0
0.00016194810893198624 2 0 0 2 0 1 3 0 1 3
-62.902561072992974 2 0 0 2 0 1 3 1 0 0
-4.851331271300647 2 0 0 2 0 1 3 1 0 3
-7.209132391572774 2 0 0 2 0 1 3 1 3 0
0.014346900888030954 2 0 0 2 0 1 3 1 3 3
0.0001773565051135256 2 0 0 2 0 1 3 3 1 0
-1.7309317596796845 2 0 0 2 0 2 0 0 2 0
0.0009638950470786864 2 0 0 2 0 2 0 0 2 3
35429.95857652866 2 0 0 2 0 2 0 2 0 0
-35.91704807445346 2 0 0 2 0 2 0 2 0 3
-52.672674791888596 2 0 0 2 0 2 0 2 3 0
-7.882317017464531 2 0 0 2 0 2 0 2 3 3
0.0013123431613588704 2 0 0 2 0 2 0 3 2 0
0.0001924022827932741 2 0 0 2 0 2 0 3 2 3
0.0015152865458162889 2 0 0 2 0 2 3 0 2 0
0.00016194810893198624 2 0 0 2 0 2 3 0 2 3
-62.90256107299297 2 0 0 2 0 2 3 2 0 0
-4.851331271300646 2 0 0 2 0 2 3 2 0 3
-7.2091323915727745 2 0 0 2 0 2 3 2 3 0
0.014346900888030954 2 0 0 2 0 2 3 2 3 3
0.00017735650511352538 2 0 0 2 0 2 3 3 2 0
2.6532755349954686e-05 2 0 0 2 0 3 1 0 3 1
2.2313300601412348e-05 2 0 0 2 0 3 1 1 1 1
2.5512939523788015e-05 2 0 0 2 0 3 1 1 2 2
-3.1996389223756652e-06 2 0 0 2 0 3 1 2 1 2
2.6532755349954686e-05 2 0 0 2 0 3 2 0 3 2
-3.1996389223756652e-06 2 0 0 2 0 3 2 1 2 1
2.5512939523788015e-05 2 0 0 2 0 3 2 2 1 1
2.2313300601412348e-05 2 0 0 2 0 3 2 2 2 2
3.0271054911165562e-05 2 0 0 2 3 0 1 0 3 1
3.445959424650111e-05 2 0 0 2 3 0 1 1 1 1
0.0024519471398164214 2 0 0 2 3 0 1 1 2 2
-0.0024174875455699207 2 0 0 2 3 0 1 2 1 2
3.0271054911165562e-05 2 0 0 2 3 0 2 0 3 2
-0.0024174875455699207 2 0 0 2 3 0 2 1 2 1
0.0024519471398164214 2 0 0 2 3 0 2 2 1 1
3.445959424650111e-05 2 0 0 2 3 0 2 2 2 2
0.0009638950470786828 2 0 0 2 3 1 0 0 1 0
0.00027014194795814037 2 0 0 2 3 1 0 0 1 3
-35.91704807445347 2 0 0 2 3 1 0 1 0 0
-9.513973376997278 2 0 0 2 3 1 0 1 0 3
-8.493230545189014 2 0 0 2 3 1 0 1 3 0
0.015431044365569604 2 0 0 2 3 1 0 1 3 3
0.00020471749385858346 2 0 0 2 3 1 0 3 1 0
0.00020369212127239957 2 0 0 2 3 1 3 0 1 0
-8.561691664368675 2 0 0 2 3 1 3 1 0 0
0.015307976516972726 2 0 0 2 3 1 3 1 0 3
0.017645580105193542 2 0 0 2 3 1 3 1 3 0
0.002524808509962226 2 0 0 2 3 1 3 1 3 3
0.0009638950470786828 2 0 0 2 3 2 0 0 2 0
0.0002701419479581406 2 0 0 2 3 2 0 0 2 3
-35.917048074453476 2 0 0 2 3 2 0 2 0 0
-9.513973376997276 2 0 0 2 3 2 0 2 0 3
-8.493230545189014 2 0 0 2 3 2 0 2 3 0
0.015431044365569604 2 0 0 2 3 2 0 2 3 3
0.00020471749385858346 2 0 0 2 3 2 0 3 2 0
0.00020369212127239968 2 0 0 2 3 2 3 0 2 0
-8.561691664368677 2 0 0 2 3 2 3 2 0 0
0.015307976516972726 2 0 0 2 3 2 3 2 0 3
0.017645580105193542 2 0 0 2 3 2 3 2 3 0
0.002524808509962226 2 0 0 2 3 2 3 2 3 3
4.943356260066591e-05 2 0 0 2 3 3 1 0 0 1
0.00028871037341043107 2 0 0 2 3 3 1 0 3 1
-0.021601469882937357 2 0 0 2 3 3 1 1 1 1
0.0006327793339457215 2 0 0 2 3 3 1 1 2 2
-0.02223259748397692 2 0 0 2 3 3 1 2 1 2
-1.6517329061520898e-06 2 0 0 2 3 3 1 2 2 1
3.820751174728613e-05 2 0 0 2 3 3 1 3 3 1
4.943356260066602e-05 2 0 0 2 3 3 2 0 0 2
0.00028871037341043107 2 0 0 2 3 3 2 0 3 2
-1.6517329061520898e-06 2 0 0 2 3 3 2 1 1 2
-0.02223259748397692 2 0 0 2 3 3 2 1 2 1
0.0006327793339457215 2 0 0 2 3 3 2 2 1 1
-0.021601469882937357 2 0 0 2 3 3 2 2 2 2
3.820751174728602e-05 2 0 0 2 3 3 2 3 3 2
-3.8431849016446325e-05 2 0 0 3 1 0 1 2 3 0
3.8431849016446304e-05 2 0 0 3 1 0 2 1 3 0
-21.58129866128029 2 0 0 3 1 1 0 0 0 2
-4.2449912894949495 2 0 0 3 1 1 0 0 3 2
0.17131715026176317 2 0 0 3 1 1 0 1 1 2
0.17131715026176314 2 0 0 3 1 1 0 2 2 2
-3.281433855072409 2 0 0 3 1 1 0 3 0 2
0.007878898677409922 2 0 0 3 1 1 0 3 3 2
-3.269477086033271 2 0 0 3 1 1 3 0 0 2
0.008412212912293288 2 0 0 3 1 1 3 0 3 2
0.020147217164200926 2 0 0 3 1 1 3 1 1 2
0.02014721716420098 2 0 0 3 1 1 3 2 2 2
0.007538839417897876 2 0 0 3 1 1 3 3 0 2
0.0011216609140237753 2 0 0 3 1 1 3 3 3 2
21.58129866128029 2 0 0 3 1 2 0 0 0 1
4.2449912894949495 2 0 0 3 1 2 0 0 3 1
-0.17131715026176317 2 0 0 3 1 2 0 1 1 1
-0.17131715026176317 2 0 0 3 1 2 0 2 2 1
3.281433855072409 2 0 0 3 1 2 0 3 0 1
-0.007878898677409922 2 0 0 3 1 2 0 3 3 1
3.269477086033271 2 0 0 3 1 2 3 0 0 1
-0.008412212912293288 2 0 0 3 1 2 3 0 3 1
-0.020147217164200978 2 0 0 3 1 2 3 1 1 1
-0.020147217164200926 2 0 0 3 1 2 3 2 2 1
-0.007538839417897876 2 0 0 3 1 2 3 3 0 1
-0.0011216609140237753 2 0 0 3 1 2 3 3 3 1
4.5113533057786815e-05 2 0 0 3 1 3 1 0 2 0
-0.000112697472706302 2 0 0 3 1 3 1 2 0 0
-0.0007871426975366607 2 0 0 3 1 3 1 2 3 0
-0.00016835263396007216 2 0 0 3 1 3 1 2 3 3
-4.5113533057786815e-05 2 0 0 3 1 3 2 0 1 0
0.000112697472706302 2 0 0 3 1 3 2 1 0 0
0.0007871426975366607 2 0 0 3 1 3 2 1 3 0
0.00016835263396007213 2 0 0 3 1 3 2 1 3 3
0.0004955079401228405 2 0 0 3 2 0 1 0 1 0
0.00016560681351691697 2 0 0 3 2 0 1 0 1 3
6.372632293633936e-05 2 0 0 3 2 0 1 1 0 0
-6.0863027436121005e-05 2 0 0 3 2 0 1 1 0 3
0.316097043448641 2 0 0 3 2 0 1 1 3 0
-0.0003560153439977821 2 0 0 3 2 0 1 1 3 3
3.406859491793919e-05 2 0 0 3 2 0 1 3 1 0
0.0004955079401228405 2 0 0 3 2 0 2 0 2 0
0.00016560681351691697 2 0 0 3 2 0 2 0 2 3
6.372632293633936e-05 2 0 0 3 2 0 2 2 0 0
-6.086302743612102e-05 2 0 0 3 2 0 2 2 0 3
0.31609704344864104 2 0 0 3 2 0 2 2 3 0
-0.0003560153439977821 2 0 0 3 2 0 2 2 3 3
3.406859491793919e-05 2 0 0 3 2 0 2 3 2 0
0.0019151583574693524 2 0 0 3 2 1 0 0 0 1
0.00039052318883132096 2 0 0 3 2 1 0 0 3 1
-4.586005820548939e-05 2 0 0 3 2 1 0 1 1 1
-4.586005820548951e-05 2 0 0 3 2 1 0 2 2 1
0.0003217325164854043 2 0 0 3 2 1 0 3 0 1
0.00028185652780533024 2 0 0 3 2 1 3 0 0 1
-1.8185337293777367e-05 2 0 0 3 2 1 3 1 1 1
-1.8185337293777408e-05 2 0 0 3 2 1 3 2 2 1
0.0019151583574693524 2 0 0 3 2 2 0 0 0 2
0.00039052318883132096 2 0 0 3 2 2 0 0 3 2
-4.586005820548951e-05 2 0 0 3 2 2 0 1 1 2
-4.586005820548939e-05 2 0 0 3 2 2 0 2 2 2
0.0003217325164854043 2 0 0 3 2 2 0 3 0 2
0.0002818565278053303 2 0 0 3 2 2 3 0 0 2
-1.8185337293777408e-05 2 0 0 3 2 2 3 1 1 2
-1.8185337293777367e-05 2 0 0 3 2 2 3 2 2 2
-0.43846596267472854 2 0 0 3 2 3 1 0 1 0
0.0004648009128984196 2 0 0 3 2 3 1 0 1 3
-0.16462479658270274 2 0 0 3 2 3 1 1 0 0
0.0003189866372532304 2 0 0 3 2 3 1 1 0 3
-1.3177943889709975 2 0 0 3 2 3 1 1 3 0
-0.11757069729805354 2 0 0 3 2 3 1 1 3 3
0.00011168474420029985 2 0 0 3 2 3 1 3 1 0
7.756045391591509e-05 2 0 0 3 2 3 1 3 1 3
-0.43846596267472854 2 0 0 3 2 3 2 0 2 0
0.0004648009128984196 2 0 0 3 2 3 2 0 2 3
-0.1646247965827027 2 0 0 3 2 3 2 2 0 0
0.0003189866372532304 2 0 0 3 2 3 2 2 0 3
-1.317794388970997 2 0 0 3 2 3 2 2 3 0
-0.11757069729805354 2 0 0 3 2 3 2 2 3 3
0.00011168474420029985 2 0 0 3 2 3 2 3 2 0
7.756045391591509e-05 2 0 0 3 2 3 2 3 2 3
4.950451047240939e-05 2 0 1 0 0 0 1 1 1 2
-4.541515093983656e-06 2 0 1 0 0 0 1 2 1 1
4.4962995378425714e-05 2 0 1 0 0 0 1 2 2 2
0.0021620822451232456 2 0 1 0 0 0 1 3 3 2
-4.4962995378425714e-05 2 0 1 0 0 0 2 1 1 1
4.541515093983656e-06 2 0 1 0 0 0 2 1 2 2
-4.950451047240939e-05 2 0 1 0 0 0 2 2 2 1
-0.0021620822451232456 2 0 1 0 0 0 2 3 3 1
8.34351669719294 2 0 1 0 0 1 0 0 2 0
-0.016478304394977113 2 0 1 0 0 1 0 0 2 3
55238.236503324566 2 0 1 0 0 1 0 2 0 0
-55.996243365217936 2 0 1 0 0 1 0 2 0 3
-81.86496045732345 2 0 1 0 0 1 0 2 3 0
-12.288896391746148 2 0 1 0 0 1 0 2 3 3
52.67267479188858 2 0 1 0 0 1 0 3 2 0
8.493230545189014 2 0 1 0 0 1 0 3 2 3
-0.018728309217401366 2 0 1 0 0 1 3 0 2 0
-0.0023346512343719534 2 0 1 0 0 1 3 0 2 3
-98.06804701029475 2 0 1 0 0 1 3 2 0 0
-8.050779171830381 2 0 1 0 0 1 3 2 0 3
-11.239474148781593 2 0 1 0 0 1 3 2 3 0
0.022704806460530955 2 0 1 0 0 1 3 2 3 3
7.85823453386492 2 0 1 0 0 1 3 3 2 0
-0.01521846714824605 2 0 1 0 0 1 3 3 2 3
-8.34351669719294 2 0 1 0 0 2 0 0 1 0
0.016478304394977113 2 0 1 0 0 2 0 0 1 3
-55238.23650332457 2 0 1 0 0 2 0 1 0 0
55.996243365217936 2 0 1 0 0 2 0 1 0 3
81.86496045732345 2 0 1 0 0 2 0 1 3 0
12.28889639174615 2 0 1 0 0 2 0 1 3 3
-52.67267479188858 2 0 1 0 0 2 0 3 1 0
-8.493230545189014 2 0 1 0 0 2 0 3 1 3
0.018728309217401366 2 0 1 0 0 2 3 0 1 0
0.0023346512343719534 2 0 1 0 0 2 3 0 1 3
98.06804701029475 2 0 1 0 0 2 3 1 0 0
8.050779171830381 2 0 1 0 0 2 3 1 0 3
11.239474148781591 2 0 1 0 0 2 3 1 3 0
-0.022704806460530955 2 0 1 0 0 2 3 1 3 3
-7.85823453386492 2 0 1 0 0 2 3 3 1 0
0.01521846714824605 2 0 1 0 0 2 3 3 1 3
0.0021695532414186267 2 0 1 0 0 3 1 0 3 2
2.7104723240566838e-05 2 0 1 0 0 3 1 1 1 2
-1.722086597811493e-05 2 0 1 0 0 3 1 2 1 1
9.88385726245191e-06 2 0 1 0 0 3 1 2 2 2
0.00219250469039387 2 0 1 0 0 3 1 3 0 2
0.013395638764508338 2 0 1 0 0 3 1 3 3 2
-0.0021695532414186267 2 0 1 0 0 3 2 0 3 1
-9.88385726245191e-06 2 0 1 0 0 3 2 1 1 1
1.722086597811493e-05 2 0 1 0 0 3 2 1 2 2
-2.7104723240566838e-05 2 0 1 0 0 3 2 2 2 1
-0.00219250469039387 2 0 1 0 0 3 2 3 0 1
-0.013395638764508338 2 0 1 0 0 3 2 3 3 1
0.0021542924177675566 2 0 1 0 3 0 1 0 3 2
0.003031064230298258 2 0 1 0 3 0 1 1 1 2
-2.6595081775649724e-05 2 0 1 0 3 0 1 2 1 1
0.0030044691485226083 2 0 1 0 3 0 1 2 2 2
0.0024718848283031463 2 0 1 0 3 0 1 3 0 2
0.020211607253567243 2 0 1 0 3 0 1 3 3 2
-0.0021542924177675566 2 0 1 0 3 0 2 0 3 1
-0.0030044691485226083 2 0 1 0 3 0 2 1 1 1
2.6595081775649724e-05 2 0 1 0 3 0 2 1 2 2
-0.003031064230298258 2 0 1 0 3 0 2 2 2 1
-0.0024718848283031463 2 0 1 0 3 0 2 3 0 1
-0.020211607253567243 2 0 1 0 3 0 2 3 3 1
-0.016478304394977106 2 0 1 0 3 1 0 0 2 0
-0.0030425789856205468 2 0 1 0 3 1 0 0 2 3
-55.996243365217936 2 0 1 0 3 1 0 2 0 0
-15.084990542121075 2 0 1 0 3 1 0 2 0 3
-13.241347763487207 2 0 1 0 3 1 0 2 3 0
0.024207083470357646 2 0 1 0 3 1 0 2 3 3
7.8823170174645325 2 0 1 0 3 1 0 3 2 0
-0.015431044365569604 2 0 1 0 3 1 0 3 2 3
-0.0027793072839523572 2 0 1 0 3 1 3 0 2 0
-13.348139885945281 2 0 1 0 3 1 3 2 0 0
0.024336923944621097 2 0 1 0 3 1 3 2 0 3
0.027479281077878864 2 0 1 0 3 1 3 2 3 0
0.004020326872770645 2 0 1 0 3 1 3 2 3 3
-0.017432401823128038 2 0 1 0 3 1 3 3 2 0
-0.0026436733833251993 2 0 1 0 3 1 3 3 2 3
0.016478304394977106 2 0 1 0 3 2 0 0 1 0
0.0030425789856205468 2 0 1 0 3 2 0 0 1 3
55.996243365217936 2 0 1 0 3 2 0 1 0 0
15.084990542121075 2 0 1 0 3 2 0 1 0 3
13.241347763487207 2 0 1 0 3 2 0 1 3 0
-0.024207083470357646 2 0 1 0 3 2 0 1 3 3
-7.8823170174645325 2 0 1 0 3 2 0 3 1 0
0.015431044365569604 2 0 1 0 3 2 0 3 1 3
0.0027793072839523572 2 0 1 0 3 2 3 0 1 0
13.348139885945281 2 0 1 0 3 2 3 1 0 0
-0.024336923944621097 2 0 1 0 3 2 3 1 0 3
-0.027479281077878864 2 0 1 0 3 2 3 1 3 0
-0.004020326872770645 2 0 1 0 3 2 3 1 3 3
0.017432401823128038 2 0 1 0 3 2 3 3 1 0
0.0026436733833251993 2 0 1 0 3 2 3 3 1 3
0.002739439714388965 2 0 1 0 3 3 1 0 0 2
0.018915782594694685 2 0 1 0 3 3 1 0 3 2
0.0007807131438998747 2 0 1 0 3 3 1 1 1 2
-1.2747675261761619e-06 2 0 1 0 3 3 1 1 2 1
0.016671492238167784 2 0 1 0 3 3 1 2 1 1
0.017450930614541484 2 0 1 0 3 3 1 2 2 2
0.019658404196096477 2 0 1 0 3 3 1 3 0 2
-7.447903074865794 2 0 1 0 3 3 1 3 3 2
-0.002739439714388965 2 0 1 0 3 3 2 0 0 1
-0.018915782594694685 2 0 1 0 3 3 2 0 3 1
-0.01745093061454148 2 0 1 0 3 3 2 1 1 1
-0.016671492238167787 2 0 1 0 3 3 2 1 2 2
1.2747675261761619e-06 2 0 1 0 3 3 2 2 1 2
-0.0007807131438998747 2 0 1 0 3 3 2 2 2 1
-0.019658404196096477 2 0 1 0 3 3 2 3 0 1
7.447903074865794 2 0 1 0 3 3 2 3 3 1
1.514711541637891e-06 2 0 1 1 1 0 1 2 0 0
0.0004601458029896908 2 0 1 1 1 0 1 2 3 0
0.00011014512831166023 2 0 1 1 1 0 1 2 3 3
-1.514711541637891e-06 2 0 1 1 1 0 2 1 0 0
-0.0004601458029896908 2 0 1 1 1 0 2 1 3 0
-0.00011014512831166023 2 0 1 1 1 0 2 1 3 3
-7.433122192885574e-05 2 0 1 1 1 1 0 0 0 2
0.0004378695644788916 2 0 1 1 1 1 0 0 3 2
1.0989377332928926e-05 2 0 1 1 1 1 0 1 1 2
3.938973471718297e-05 2 0 1 1 1 1 0 1 2 1
5.633083715112851e-05 2 0 1 1 1 1 0 2 1 1
0.00010670994920124042 2 0 1 1 1 1 0 2 2 2
0.1713171502617631 2 0 1 1 1 1 0 3 0 2
-0.6109514558651763 2 0 1 1 1 1 0 3 3 2
4.673593101005981e-06 2 0 1 1 1 1 3 0 0 2
6.600658958274549e-05 2 0 1 1 1 1 3 0 3 2
-0.030095841609406936 2 0 1 1 1 1 3 3 0 2
0.0005470756193861388 2 0 1 1 1 1 3 3 3 2
7.433122192885574e-05 2 0 1 1 1 2 0 0 0 1
-0.0004378695644788916 2 0 1 1 1 2 0 0 3 1
-0.00010670994920124042 2 0 1 1 1 2 0 1 1 1
-5.633083715112849e-05 2 0 1 1 1 2 0 1 2 2
-3.938973471718298e-05 2 0 1 1 1 2 0 2 1 2
-1.098937733292892e-05 2 0 1 1 1 2 0 2 2 1
-0.17131715026176314 2 0 1 1 1 2 0 3 0 1
0.6109514558651763 2 0 1 1 1 2 0 3 3 1
-4.673593101005981e-06 2 0 1 1 1 2 3 0 0 1
-6.600658958274549e-05 2 0 1 1 1 2 3 0 3 1
0.030095841609406936 2 0 1 1 1 2 3 3 0 1
-0.0005470756193861388 2 0 1 1 1 2 3 3 3 1
0.00036560752537391586 2 0 1 1 1 3 1 2 0 0
0.00011069445193294739 2 0 1 1 1 3 1 2 0 3
-0.5007188978575506 2 0 1 1 1 3 1 2 3 0
0.0006864736773047558 2 0 1 1 1 3 1 2 3 3
-4.571376028533657e-05 2 0 1 1 1 3 1 3 2 0
-0.00036560752537391586 2 0 1 1 1 3 2 1 0 0
-0.00011069445193294739 2 0 1 1 1 3 2 1 0 3
0.5007188978575507 2 0 1 1 1 3 2 1 3 0
-0.0006864736773047558 2 0 1 1 1 3 2 1 3 3
4.571376028533657e-05 2 0 1 1 1 3 2 3 1 0
3.2267983361882254e-05 2 0 1 1 2 0 1 0 1 0
0.0006570240713985513 2 0 1 1 2 0 1 3 1 0
0.0001497198638720602 2 0 1 1 2 0 1 3 1 3
3.2267983361882254e-05 2 0 1 1 2 0 2 0 2 0
0.0006570240713985513 2 0 1 1 2 0 2 3 2 0
0.0001497198638720602 2 0 1 1 2 0 2 3 2 3
1.9856980207808392e-05 2 0 1 1 2 1 0 0 0 1
-2.398022510476305e-06 2 0 1 1 2 1 0 1 1 1
0.6323316498608587 2 0 1 1 2 1 0 1 2 2
0.9523950409039099 2 0 1 1 2 1 0 2 1 2
-1.5847290887872807 2 0 1 1 2 1 0 2 2 1
-4.5860058205489214e-05 2 0 1 1 2 1 0 3 0 1
4.366883175400485e-05 2 0 1 1 2 1 0 3 3 1
-0.0005614047988768633 2 0 1 1 2 1 3 1 2 2
-0.0008455738159548105 2 0 1 1 2 1 3 2 1 2
0.0014069786148316738 2 0 1 1 2 1 3 2 2 1
-2.5479032177351473e-05 2 0 1 1 2 1 3 3 0 1
1.9856980207808385e-05 2 0 1 1 2 2 0 0 0 2
-1.584729088787281 2 0 1 1 2 2 0 1 1 2
0.9523950409039099 2 0 1 1 2 2 0 1 2 1
0.6323316498608588 2 0 1 1 2 2 0 2 1 1
-2.398022510476305e-06 2 0 1 1 2 2 0 2 2 2
-4.5860058205489214e-05 2 0 1 1 2 2 0 3 0 2
4.366883175400485e-05 2 0 1 1 2 2 0 3 3 2
0.0014069786148316738 2 0 1 1 2 2 3 1 1 2
-0.0008455738159548105 2 0 1 1 2 2 3 1 2 1
-0.0005614047988768633 2 0 1 1 2 2 3 2 1 1
-2.5479032177351473e-05 2 0 1 1 2 2 3 3 0 2
0.0005108529978370051 2 0 1 1 2 3 1 0 1 0
0.00014765356190362227 2 0 1 1 2 3 1 0 1 3
-3.0700402704294926e-05 2 0 1 1 2 3 1 1 3 0
-0.6839743634417597 2 0 1 1 2 3 1 3 1 0
0.000907853186524947 2 0 1 1 2 3 1 3 1 3
0.0005108529978370051 2 0 1 1 2 3 2 0 2 0
0.00014765356190362227 2 0 1 1 2 3 2 0 2 3
-3.070040270429494e-05 2 0 1 1 2 3 2 2 3 0
-0.6839743634417597 2 0 1 1 2 3 2 3 2 0
0.000907853186524947 2 0 1 1 2 3 2 3 2 3
-1.9626314957648645e-06 2 0 1 2 1 0 1 0 1 0
-0.0005962169170607022 2 0 1 2 1 0 1 3 1 0
-0.00014271647900416644 2 0 1 2 1 0 1 3 1 3
-1.9626314957648645e-06 2 0 1 2 1 0 2 0 2 0
-0.0005962169170607022 2 0 1 2 1 0 2 3 2 0
-0.00014271647900416644 2 0 1 2 1 0 2 3 2 3
3.233422241876309e-05 2 0 1 2 1 1 0 0 0 1
8.459181845075359e-07 2 0 1 2 1 1 0 1 1 1
0.16564206023307404 2 0 1 2 1 1 0 1 2 2
-1.1180362552188001 2 0 1 2 1 1 0 2 1 2
0.9523950409039099 2 0 1 2 1 1 0 2 2 1
-3.233422241876302e-05 2 0 1 2 1 1 0 3 3 1
-0.00014698345216620308 2 0 1 2 1 1 3 1 2 2
0.0009925572681210137 2 0 1 2 1 1 3 2 1 2
-0.0008455738159548105 2 0 1 2 1 1 3 2 2 1
3.233422241876309e-05 2 0 1 2 1 2 0 0 0 2
0.9523950409039099 2 0 1 2 1 2 0 1 1 2
-1.1180362552188 2 0 1 2 1 2 0 1 2 1
0.16564206023307407 2 0 1 2 1 2 0 2 1 1
8.459181845075359e-07 2 0 1 2 1 2 0 2 2 2
-3.2334222418763006e-05 2 0 1 2 1 2 0 3 3 2
-0.0008455738159548105 2 0 1 2 1 2 3 1 1 2
0.0009925572681210137 2 0 1 2 1 2 3 1 2 1
-0.00014698345216620308 2 0 1 2 1 2 3 2 1 1
-0.00047372243801061534 2 0 1 2 1 3 1 0 1 0
-0.00014342824478324025 2 0 1 2 1 3 1 0 1 3
-1.0975015770470617e-05 2 0 1 2 1 3 1 1 3 0
0.6487880051387757 2 0 1 2 1 3 1 3 1 0
-0.000889472895040476 2 0 1 2 1 3 1 3 1 3
-0.00047372243801061534 2 0 1 2 1 3 2 0 2 0
-0.00014342824478324022 2 0 1 2 1 3 2 0 2 3
-1.0975015770470617e-05 2 0 1 2 1 3 2 2 3 0
0.6487880051387757 2 0 1 2 1 3 2 3 2 0
-0.000889472895040476 2 0 1 2 1 3 2 3 2 3
-3.6562685597513664e-05 2 0 1 2 2 0 1 2 0 0
-5.699337298153515e-05 2 0 1 2 2 0 1 2 3 0
-6.485991883772496e-06 2 0 1 2 2 0 1 2 3 3
3.6562685597513664e-05 2 0 1 2 2 0 2 1 0 0
5.699337298153515e-05 2 0 1 2 2 0 2 1 3 0
6.485991883772496e-06 2 0 1 2 2 0 2 1 3 3
0.610881193502068 2 0 1 2 2 1 0 0 0 2
-1.3161129249817058e-05 2 0 1 2 2 1 0 1 1 2
-2.7376718545222105e-05 2 0 1 2 2 1 0 1 2 1
9.686868494616758e-05 2 0 1 2 2 1 0 2 1 1
5.63308371511285e-05 2 0 1 2 2 1 0 2 2 2
-0.6108811935020675 2 0 1 2 2 1 0 3 3 2
-0.0005423722711403011 2 0 1 2 2 1 3 0 0 2
0.0005423722711403006 2 0 1 2 2 1 3 3 3 2
-0.610881193502068 2 0 1 2 2 2 0 0 0 1
-5.63308371511285e-05 2 0 1 2 2 2 0 1 1 1
-9.686868494616758e-05 2 0 1 2 2 2 0 1 2 2
2.7376718545222112e-05 2 0 1 2 2 2 0 2 1 2
1.3161129249817044e-05 2 0 1 2 2 2 0 2 2 1
0.6108811935020675 2 0 1 2 2 2 0 3 3 1
0.0005423722711403011 2 0 1 2 2 2 3 0 0 1
-0.0005423722711403006 2 0 1 2 2 2 3 3 3 1
-3.0745006129436156e-05 2 0 1 2 2 3 1 2 0 0
-3.2609976060882543e-06 2 0 1 2 2 3 1 2 0 3
0.027156713497590714 2 0 1 2 2 3 1 2 3 0
-1.4464520910047977e-05 2 0 1 2 2 3 1 2 3 3
-3.977891210557631e-05 2 0 1 2 2 3 1 3 2 0
3.0745006129436156e-05 2 0 1 2 2 3 2 1 0 0
3.2609976060882543e-06 2 0 1 2 2 3 2 1 0 3
-0.027156713497590718 2 0 1 2 2 3 2 1 3 0
1.4464520910047977e-05 2 0 1 2 2 3 2 1 3 3
3.977891210557631e-05 2 0 1 2 2 3 2 3 1 0
0.0022304722628730504 2 0 1 3 0 0 1 0 3 2
0.0022680385978546694 2 0 1 3 0 0 1 3 0 2
0.014944309129226374 2 0 1 3 0 0 1 3 3 2
-0.0022304722628730504 2 0 1 3 0 0 2 0 3 1
-0.0022680385978546694 2 0 1 3 0 0 2 3 0 1
-0.014944309129226374 2 0 1 3 0 0 2 3 3 1
52.67267479188861 2 0 1 3 0 1 0 0 2 0
7.882317017464531 2 0 1 3 0 1 0 0 2 3
-81.86496045732342 2 0 1 3 0 1 0 2 0 0
-13.241347763487207 2 0 1 3 0 1 0 2 0 3
-14.048259541993346 2 0 1 3 0 1 0 2 3 0
0.026158758113827344 2 0 1 3 0 1 0 2 3 3
-35429.95857652866 2 0 1 3 0 1 0 3 2 0
35.91704807445347 2 0 1 3 0 1 0 3 2 3
7.20913239157278 2 0 1 3 0 1 3 0 2 0
-0.014346900888030954 2 0 1 3 0 1 3 0 2 3
-12.251463329608049 2 0 1 3 0 1 3 2 0 0
0.02406360307997853 2 0 1 3 0 1 3 2 0 3
0.030067058223609132 2 0 1 3 0 1 3 2 3 0
0.0037746912457354634 2 0 1 3 0 1 3 2 3 3
62.90256107299297 2 0 1 3 0 1 3 3 2 0
4.851331271300649 2 0 1 3 0 1 3 3 2 3
-52.67267479188861 2 0 1 3 0 2 0 0 1 0
-7.882317017464531 2 0 1 3 0 2 0 0 1 3
81.86496045732342 2 0 1 3 0 2 0 1 0 0
13.241347763487207 2 0 1 3 0 2 0 1 0 3
14.048259541993346 2 0 1 3 0 2 0 1 3 0
-0.026158758113827344 2 0 1 3 0 2 0 1 3 3
35429.95857652866 2 0 1 3 0 2 0 3 1 0
-35.91704807445347 2 0 1 3 0 2 0 3 1 3
-7.20913239157278 2 0 1 3 0 2 3 0 1 0
0.014346900888030954 2 0 1 3 0 2 3 0 1 3
12.251463329608049 2 0 1 3 0 2 3 1 0 0
-0.024063603079978527 2 0 1 3 0 2 3 1 0 3
-0.030067058223609132 2 0 1 3 0 2 3 1 3 0
-0.0037746912457354634 2 0 1 3 0 2 3 1 3 3
-62.90256107299297 2 0 1 3 0 2 3 3 1 0
-4.851331271300648 2 0 1 3 0 2 3 3 1 3
0.0023029116148112027 2 0 1 3 0 3 1 0 0 2
0.014271895269642421 2 0 1 3 0 3 1 0 3 2
9.941690166478769e-06 2 0 1 3 0 3 1 1 1 2
-2.170006867213591e-06 2 0 1 3 0 3 1 2 1 1
7.771683299265179e-06 2 0 1 3 0 3 1 2 2 2
0.014281912020626442 2 0 1 3 0 3 1 3 0 2
-3.104650612888988 2 0 1 3 0 3 1 3 3 2
-0.0023029116148112027 2 0 1 3 0 3 2 0 0 1
-0.014271895269642421 2 0 1 3 0 3 2 0 3 1
-7.771683299265179e-06 2 0 1 3 0 3 2 1 1 1
2.170006867213591e-06 2 0 1 3 0 3 2 1 2 2
-9.941690166478769e-06 2 0 1 3 0 3 2 2 2 1
-0.014281912020626442 2 0 1 3 0 3 2 3 0 1
3.104650612888988 2 0 1 3 0 3 2 3 3 1
0.0018364684056708506 2 0 1 3 3 0 1 0 0 2
0.01639220451651117 2 0 1 3 3 0 1 0 3 2
0.00037880749378176287 2 0 1 3 3 0 1 1 1 2
-2.8481192597665745e-06 2 0 1 3 3 0 1 2 1 1
0.00037595937452199624 2 0 1 3 3 0 1 2 2 2
0.018390336625058026 2 0 1 3 3 0 1 3 0 2
-7.8818806440626235 2 0 1 3 3 0 1 3 3 2
-0.0018364684056708506 2 0 1 3 3 0 2 0 0 1
-0.01639220451651117 2 0 1 3 3 0 2 0 3 1
-0.00037595937452199624 2 0 1 3 3 0 2 1 1 1
2.8481192597665745e-06 2 0 1 3 3 0 2 1 2 2
-0.00037880749378176287 2 0 1 3 3 0 2 2 2 1
-0.018390336625058026 2 0 1 3 3 0 2 3 0 1
7.881880644062624 2 0 1 3 3 0 2 3 3 1
8.493230545189013 2 0 1 3 3 1 0 0 2 0
-0.015431044365569606 2 0 1 3 3 1 0 0 2 3
-12.28889639174615 2 0 1 3 3 1 0 2 0 0
0.02420708347035764 2 0 1 3 3 1 0 2 0 3
0.026158758113827337 2 0 1 3 3 1 0 2 3 0
0.0049297576920609345 2 0 1 3 3 1 0 2 3 3
35.91704807445346 2 0 1 3 3 1 0 3 2 0
9.513973376997276 2 0 1 3 3 1 0 3 2 3
-0.017645580105193542 2 0 1 3 3 1 3 0 2 0
-0.002524808509962227 2 0 1 3 3 1 3 0 2 3
0.027146930065416814 2 0 1 3 3 1 3 2 0 0
0.0042047608290327445 2 0 1 3 3 1 3 2 0 3
0.004459190536324247 2 0 1 3 3 1 3 2 3 0
8.561691664368677 2 0 1 3 3 1 3 3 2 0
-0.015307976516972726 2 0 1 3 3 1 3 3 2 3
-8.493230545189014 2 0 1 3 3 2 0 0 1 0
0.015431044365569606 2 0 1 3 3 2 0 0 1 3
12.288896391746151 2 0 1 3 3 2 0 1 0 0
-0.02420708347035764 2 0 1 3 3 2 0 1 0 3
-0.026158758113827337 2 0 1 3 3 2 0 1 3 0
-0.0049297576920609345 2 0 1 3 3 2 0 1 3 3
-35.91704807445346 2 0 1 3 3 2 0 3 1 0
-9.513973376997276 2 0 1 3 3 2 0 3 1 3
0.017645580105193542 2 0 1 3 3 2 3 0 1 0
0.002524808509962227 2 0 1 3 3 2 3 0 1 3
-0.027146930065416814 2 0 1 3 3 2 3 1 0 0
-0.0042047608290327445 2 0 1 3 3 2 3 1 0 3
-0.004459190536324247 2 0 1 3 3 2 3 1 3 0
-8.561691664368677 2 0 1 3 3 2 3 3 1 0
0.015307976516972726 2 0 1 3 3 2 3 3 1 3
0.019003821568686123 2 0 1 3 3 3 1 0 0 2
-8.141084640203909 2 0 1 3 3 3 1 0 3 2
0.0003274773490184811 2 0 1 3 3 3 1 1 1 2
-1.2165114724009402e-05 2 0 1 3 3 3 1 2 1 1
0.00031531223429447173 2 0 1 3 3 3 1 2 2 2
-8.118956433453283 2 0 1 3 3 3 1 3 0 2
-64.98207055252719 2 0 1 3 3 3 1 3 3 2
-0.019003821568686123 2 0 1 3 3 3 2 0 0 1
8.14108464020391 2 0 1 3 3 3 2 0 3 1
-0.00031531223429447173 2 0 1 3 3 3 2 1 1 1
1.2165114724009402e-05 2 0 1 3 3 3 2 1 2 2
-0.0003274773490184811 2 0 1 3 3 3 2 2 2 1
8.118956433453283 2 0 1 3 3 3 2 3 0 1
64.98207055252719 2 0 1 3 3 3 2 3 3 1
6.368572481480644e-05 2 0 2 0 0 1 0 0 1 0
-1.596558663035943 2 0 2 0 0 1 0 1 0 0
0.0009109188560538241 2 0 2 0 0 1 0 1 0 3
0.001210479396295221 2 0 2 0 0 1 0 1 3 0
0.00017771033909369356 2 0 2 0 0 1 0 1 3 3
0.0001944197934475051 2 0 2 0 0 1 0 3 1 0
2.940052321060891e-05 2 0 2 0 0 1 0 3 1 3
0.001389729361742654 2 0 2 0 0 1 3 1 0 0
0.00014932002086069413 2 0 2 0 0 1 3 1 0 3
0.00016395285815028757 2 0 2 0 0 1 3 1 3 0
2.651663197794597e-05 2 0 2 0 0 1 3 3 1 0
6.368572481480644e-05 2 0 2 0 0 2 0 0 2 0
-1.5965586630359447 2 0 2 0 0 2 0 2 0 0
0.0009109188560538241 2 0 2 0 0 2 0 2 0 3
0.0012104793962952193 2 0 2 0 0 2 0 2 3 0
0.00017771033909369356 2 0 2 0 0 2 0 2 3 3
0.0001944197934475051 2 0 2 0 0 2 0 3 2 0
2.940052321060891e-05 2 0 2 0 0 2 0 3 2 3
0.001389729361742654 2 0 2 0 0 2 3 2 0 0
0.00014932002086069413 2 0 2 0 0 2 3 2 0 3
0.00016395285815028757 2 0 2 0 0 2 3 2 3 0
2.651663197794597e-05 2 0 2 0 0 2 3 3 2 0
0.000910918856053824 2 0 2 0 3 1 0 1 0 0
0.00025507709450847487 2 0 2 0 3 1 0 1 0 3
0.00018931346561655918 2 0 2 0 3 1 0 1 3 0
2.804142039743011e-05 2 0 2 0 3 1 0 3 1 0
0.00018742561308396095 2 0 2 0 3 1 3 1 0 0
0.000910918856053824 2 0 2 0 3 2 0 2 0 0
0.00025507709450847487 2 0 2 0 3 2 0 2 0 3
0.00018931346561655918 2 0 2 0 3 2 0 2 3 0
2.804142039743011e-05 2 0 2 0 3 2 0 3 2 0
0.00018742561308396138 2 0 2 0 3 2 3 2 0 0
8.07414744291305e-07 2 0 2 0 3 3 1 1 1 1
-3.290462861071898e-06 2 0 2 0 3 3 1 1 2 2
-5.463172331475125e-06 2 0 2 0 3 3 1 2 1 2
9.561049936838341e-06 2 0 2 0 3 3 1 2 2 1
-4.594121158700021e-05 2 0 2 0 3 3 1 3 3 1
9.561049936838341e-06 2 0 2 0 3 3 2 1 1 2
-5.463172331475125e-06 2 0 2 0 3 3 2 1 2 1
-3.290462861071898e-06 2 0 2 0 3 3 2 2 1 1
8.07414744291305e-07 2 0 2 0 3 3 2 2 2 2
-4.594121158700021e-05 2 0 2 0 3 3 2 3 3 2
1.1257839330070375e-08 2 0 2 1 1 1 0 0 0 1
1.5521043259687654e-06 2 0 2 1 1 1 0 1 1 1
-0.7979721579896069 2 0 2 1 1 1 0 1 2 2
0.16564206023307404 2 0 2 1 1 1 0 2 1 2
0.6323316498608587 2 0 2 1 1 1 0 2 2 1
-1.1257839330117809e-08 2 0 2 1 1 1 0 3 3 1
0.0007083882510430663 2 0 2 1 1 1 3 1 2 2
-0.00014698345216620308 2 0 2 1 1 1 3 2 1 2
-0.0005614047988768633 2 0 2 1 1 1 3 2 2 1
1.1257839330063599e-08 2 0 2 1 1 2 0 0 0 2
0.6323316498608587 2 0 2 1 1 2 0 1 1 2
0.16564206023307404 2 0 2 1 1 2 0 1 2 1
-0.7979721579896069 2 0 2 1 1 2 0 2 1 1
1.5521043259687654e-06 2 0 2 1 1 2 0 2 2 2
-1.1257839330117809e-08 2 0 2 1 1 2 0 3 3 2
-0.0005614047988768633 2 0 2 1 1 2 3 1 1 2
-0.00014698345216620308 2 0 2 1 1 2 3 1 2 1
0.0007083882510430663 2 0 2 1 1 2 3 2 1 1
3.976198036921754e-05 2 0 2 1 1 3 1 1 3 0
-1.6352917290795366e-06 2 0 2 1 1 3 1 3 1 0
3.976198036921754e-05 2 0 2 1 1 3 2 2 3 0
-1.6352917290795366e-06 2 0 2 1 1 3 2 3 2 0
3.8077397139151556e-05 2 0 2 1 2 0 1 2 0 0
0.000517139175971226 2 0 2 1 2 0 1 2 3 0
0.00011663112019543271 2 0 2 1 2 0 1 2 3 3
-3.8077397139151556e-05 2 0 2 1 2 0 2 1 0 0
-0.000517139175971226 2 0 2 1 2 0 2 1 3 0
-0.00011663112019543271 2 0 2 1 2 0 2 1 3 3
1.347844973849094e-06 2 0 2 1 2 1 0 0 0 2
-1.315523084883471e-05 2 0 2 1 2 1 0 1 1 2
7.992168411123983e-05 2 0 2 1 2 1 0 1 2 1
-2.73767185452221e-05 2 0 2 1 2 1 0 2 1 1
3.938973471718297e-05 2 0 2 1 2 1 0 2 2 2
-1.3478449738490673e-06 2 0 2 1 2 1 0 3 3 2
-1.347844973849094e-06 2 0 2 1 2 2 0 0 0 1
-3.9389734717182986e-05 2 0 2 1 2 2 0 1 1 1
2.7376718545222105e-05 2 0 2 1 2 2 0 1 2 2
-7.992168411123983e-05 2 0 2 1 2 2 0 2 1 2
1.315523084883471e-05 2 0 2 1 2 2 0 2 2 1
1.3478449738490673e-06 2 0 2 1 2 2 0 3 3 1
0.0003963525315033519 2 0 2 1 2 3 1 2 0 0
0.00011395544953903566 2 0 2 1 2 3 1 2 0 3
-0.5278743492765183 2 0 2 1 2 3 1 2 3 0
0.0007009381982148037 2 0 2 1 2 3 1 2 3 3
2.479266703866614e-06 2 0 2 1 2 3 1 3 2 0
-0.0003963525315033519 2 0 2 1 2 3 2 1 0 0
-0.00011395544953903566 2 0 2 1 2 3 2 1 0 3
0.5278743492765183 2 0 2 1 2 3 2 1 3 0
-0.0007009381982148037 2 0 2 1 2 3 2 1 3 3
-2.479266703866614e-06 2 0 2 1 2 3 2 3 1 0
-0.6109568725689707 2 0 2 2 1 1 0 0 0 2
0.00043786956447889203 2 0 2 2 1 1 0 0 3 2
3.730573743158072e-05 2 0 2 2 1 1 0 1 1 2
-1.3155230848834723e-05 2 0 2 2 1 1 0 1 2 1
-1.3161129249817051e-05 2 0 2 2 1 1 0 2 1 1
1.0989377332928925e-05 2 0 2 2 1 1 0 2 2 2
0.17131715026176306 2 0 2 2 1 1 0 3 0 2
-6.891451813512999e-05 2 0 2 2 1 1 0 3 3 2
0.0005470458642413071 2 0 2 2 1 1 3 0 0 2
6.600658958274552e-05 2 0 2 2 1 1 3 0 3 2
-0.030095841609406957 2 0 2 2 1 1 3 3 0 2
4.703348245838291e-06 2 0 2 2 1 1 3 3 3 2
0.6109568725689707 2 0 2 2 1 2 0 0 0 1
-0.00043786956447889203 2 0 2 2 1 2 0 0 3 1
-1.0989377332928918e-05 2 0 2 2 1 2 0 1 1 1
1.3161129249817044e-05 2 0 2 2 1 2 0 1 2 2
1.3155230848834723e-05 2 0 2 2 1 2 0 2 1 2
-3.730573743158072e-05 2 0 2 2 1 2 0 2 2 1
-0.17131715026176308 2 0 2 2 1 2 0 3 0 1
6.891451813512999e-05 2 0 2 2 1 2 0 3 3 1
-0.0005470458642413071 2 0 2 2 1 2 3 0 0 1
-6.600658958274552e-05 2 0 2 2 1 2 3 0 3 1
0.030095841609406957 2 0 2 2 1 2 3 3 0 1
-4.703348245838291e-06 2 0 2 2 1 2 3 3 3 1
-1.2620786231784862e-06 2 0 2 2 1 3 1 2 3 0
-8.414114883626874e-06 2 0 2 2 1 3 1 3 2 0
1.2620786231784862e-06 2 0 2 2 1 3 2 1 3 0
8.414114883626874e-06 2 0 2 2 1 3 2 3 1 0
3.030535186611739e-05 2 0 2 2 2 0 1 0 1 0
6.08071543378491e-05 2 0 2 2 2 0 1 3 1 0
7.003384867893771e-06 2 0 2 2 2 0 1 3 1 3
3.030535186611739e-05 2 0 2 2 2 0 2 0 2 0
6.08071543378491e-05 2 0 2 2 2 0 2 3 2 0
7.0033848678937705e-06 2 0 2 2 2 0 2 3 2 3
5.220246046590156e-05 2 0 2 2 2 1 0 0 0 1
1.5521043259687696e-06 2 0 2 2 2 1 0 1 2 2
8.459181845075314e-07 2 0 2 2 2 1 0 2 1 2
-2.3980225104763153e-06 2 0 2 2 2 1 0 2 2 1
-4.586005820548928e-05 2 0 2 2 2 1 0 3 0 1
1.1323351495911736e-05 2 0 2 2 2 1 0 3 3 1
-2.5479032177351534e-05 2 0 2 2 2 1 3 3 0 1
5.220246046590156e-05 2 0 2 2 2 2 0 0 0 2
-2.3980225104763153e-06 2 0 2 2 2 2 0 1 1 2
8.459181845075314e-07 2 0 2 2 2 2 0 1 2 1
1.5521043259687696e-06 2 0 2 2 2 2 0 2 1 1
-4.586005820548928e-05 2 0 2 2 2 2 0 3 0 2
1.1323351495911743e-05 2 0 2 2 2 2 0 3 3 2
-2.5479032177351534e-05 2 0 2 2 2 2 3 3 0 2
3.7130559826389725e-05 2 0 2 2 2 3 1 0 1 0
4.2253171203820215e-06 2 0 2 2 2 3 1 0 1 3
-1.91343810554802e-06 2 0 2 2 2 3 1 1 3 0
-0.03518799359471299 2 0 2 2 2 3 1 3 1 0
1.8380291484470956e-05 2 0 2 2 2 3 1 3 1 3
3.7130559826389725e-05 2 0 2 2 2 3 2 0 2 0
4.2253171203820215e-06 2 0 2 2 2 3 2 0 2 3
-1.913438105548013e-06 2 0 2 2 2 3 2 2 3 0
-0.03518799359471299 2 0 2 2 2 3 2 3 2 0
1.8380291484470956e-05 2 0 2 2 2 3 2 3 2 3
0.00019441979344750338 2 0 2 3 0 1 0 0 1 0
2.804142039743e-05 2 0 2 3 0 1 0 0 1 3
0.0012104793962952158 2 0 2 3 0 1 0 1 0 0
0.0001893134656165594 2 0 2 3 0 1 0 1 0 3
0.00024173120390975173 2 0 2 3 0 1 0 1 3 0
-0.2564679371320383 2 0 2 3 0 1 0 3 1 0
0.00010111171632280504 2 0 2 3 0 1 0 3 1 3
2.558254421881651e-05 2 0 2 3 0 1 3 0 1 0
0.00017590034467072392 2 0 2 3 0 1 3 1 0 0
0.00023964166039015778 2 0 2 3 0 1 3 3 1 0
2.4102292634905695e-05 2 0 2 3 0 1 3 3 1 3
0.00019441979344750338 2 0 2 3 0 2 0 0 2 0
2.804142039743e-05 2 0 2 3 0 2 0 0 2 3
0.0012104793962952158 2 0 2 3 0 2 0 2 0 0
0.0001893134656165594 2 0 2 3 0 2 0 2 0 3
0.00024173120390975173 2 0 2 3 0 2 0 2 3 0
-0.25646793713203825 2 0 2 3 0 2 0 3 2 0
0.00010111171632280504 2 0 2 3 0 2 0 3 2 3
2.558254421881651e-05 2 0 2 3 0 2 3 0 2 0
0.00017590034467072392 2 0 2 3 0 2 3 2 0 0
0.00023964166039015778 2 0 2 3 0 2 3 3 2 0
2.4102292634905695e-05 2 0 2 3 0 2 3 3 2 3
-3.437883708401566e-05 2 0 2 3 0 3 1 3 3 1
-3.437883708401566e-05 2 0 2 3 0 3 2 3 3 2
-3.922260057148728e-05 2 0 2 3 3 0 1 3 3 1
-3.922260057148717e-05 2 0 2 3 3 0 2 3 3 2
2.9400523210609125e-05 2 0 2 3 3 1 0 0 1 0
0.00017771033909369277 2 0 2 3 3 1 0 1 0 0
0.00010111171632280603 2 0 2 3 3 1 0 3 1 0
2.87531655066022e-05 2 0 2 3 3 1 0 3 1 3
3.10466745474439e-05 2 0 2 3 3 1 3 3 1 0
2.9400523210609125e-05 2 0 2 3 3 2 0 0 2 0
0.00017771033909369277 2 0 2 3 3 2 0 2 0 0
0.00010111171632280603 2 0 2 3 3 2 0 3 2 0
2.87531655066022e-05 2 0 2 3 3 2 0 3 2 3
3.1046674547443687e-05 2 0 2 3 3 2 3 3 2 0
-6.386483409980426e-05 2 0 2 3 3 3 1 0 3 1
-4.969284873924846e-05 2 0 2 3 3 3 1 3 0 1
-0.00037408579550180524 2 0 2 3 3 3 1 3 3 1
-6.386483409980405e-05 2 0 2 3 3 3 2 0 3 2
-4.969284873924846e-05 2 0 2 3 3 3 2 3 0 2
-0.00037408579550180524 2 0 2 3 3 3 2 3 3 2
-21.491539230739846 2 0 3 0 1 1 0 0 0 2
-3.281433855072409 2 0 3 0 1 1 0 0 3 2
0.00043786956447889144 2 0 3 0 1 1 0 1 1 2
0.0004378695644788919 2 0 3 0 1 1 0 2 2 2
-4.565130438498217 2 0 3 0 1 1 0 3 0 2
0.008108314837429895 2 0 3 0 1 1 0 3 3 2
-3.285245417460501 2 0 3 0 1 1 3 0 0 2
0.007559191885399266 2 0 3 0 1 1 3 0 3 2
6.565488488588387e-05 2 0 3 0 1 1 3 1 1 2
6.565488488588387e-05 2 0 3 0 1 1 3 2 2 2
0.008680942390401632 2 0 3 0 1 1 3 3 0 2
0.0011562442227223586 2 0 3 0 1 1 3 3 3 2
21.491539230739843 2 0 3 0 1 2 0 0 0 1
3.281433855072409 2 0 3 0 1 2 0 0 3 1
-0.0004378695644788919 2 0 3 0 1 2 0 1 1 1
-0.00043786956447889144 2 0 3 0 1 2 0 2 2 1
4.565130438498217 2 0 3 0 1 2 0 3 0 1
-0.008108314837429895 2 0 3 0 1 2 0 3 3 1
3.285245417460501 2 0 3 0 1 2 3 0 0 1
-0.007559191885399266 2 0 3 0 1 2 3 0 3 1
-6.565488488588387e-05 2 0 3 0 1 2 3 1 1 1
-6.565488488588387e-05 2 0 3 0 1 2 3 2 2 1
-0.008680942390401632 2 0 3 0 1 2 3 3 0 1
-0.0011562442227223586 2 0 3 0 1 2 3 3 3 1
6.920500343621666e-05 2 0 3 0 1 3 1 0 2 0
-6.920500343621666e-05 2 0 3 0 1 3 2 0 1 0
-1.8784144246774358e-05 2 0 3 0 2 0 1 0 1 0
4.8917089995807945e-05 2 0 3 0 2 0 1 0 1 3
-8.7827525905738e-05 2 0 3 0 2 0 1 1 3 0
3.7760435849214925e-05 2 0 3 0 2 0 1 3 1 0
-1.8784144246774358e-05 2 0 3 0 2 0 2 0 2 0
4.8917089995807945e-05 2 0 3 0 2 0 2 0 2 3
-8.7827525905738e-05 2 0 3 0 2 0 2 2 3 0
3.7760435849214925e-05 2 0 3 0 2 0 2 3 2 0
0.001891130566306666 2 0 3 0 2 1 0 0 0 1
0.00032173251648540433 2 0 3 0 2 1 0 0 3 1
0.0004238067258128747 2 0 3 0 2 1 0 3 0 1
0.0002685071146527868 2 0 3 0 2 1 3 0 0 1
0.001891130566306666 2 0 3 0 2 2 0 0 0 2
0.00032173251648540444 2 0 3 0 2 2 0 0 3 2
0.0004238067258128746 2 0 3 0 2 2 0 3 0 2
0.00026850711465278675 2 0 3 0 2 2 3 0 0 2
0.11656824726622472 2 0 3 0 2 3 1 0 1 0
-0.0002489425201693753 2 0 3 0 2 3 1 0 1 3
-3.952545329434688e-05 2 0 3 0 2 3 1 1 0 0
-0.000168785586955841 2 0 3 0 2 3 1 1 3 0
-0.0001019097024242549 2 0 3 0 2 3 1 1 3 3
-0.00030299421831515676 2 0 3 0 2 3 1 3 1 0
-3.965599322920876e-05 2 0 3 0 2 3 1 3 1 3
0.11656824726622472 2 0 3 0 2 3 2 0 2 0
-0.0002489425201693753 2 0 3 0 2 3 2 0 2 3
-3.952545329434688e-05 2 0 3 0 2 3 2 2 0 0
-0.000168785586955841 2 0 3 0 2 3 2 2 3 0
-0.0001019097024242549 2 0 3 0 2 3 2 2 3 3
-0.00030299421831515676 2 0 3 0 2 3 2 3 2 0
-3.965599322920876e-05 2 0 3 0 2 3 2 3 2 3
-0.0016686428082527869 2 0 3 1 0 0 1 0 3 2
0.0016686428082527869 2 0 3 1 0 0 2 0 3 1
-54.26778593546168 2 0 3 1 0 1 0 0 2 0
-8.791428207739052 2 0 3 1 0 1 0 0 2 3
-0.0001944197934475025 2 0 3 1 0 1 0 2 0 0
-2.940052321060891e-05 2 0 3 1 0 1 0 2 0 3
-6.368572481480666e-05 2 0 3 1 0 1 0 2 3 0
-9.676780642767996 2 0 3 1 0 1 0 3 2 0
0.017525161205956343 2 0 3 1 0 1 0 3 2 3
-8.134241815385893 2 0 3 1 0 1 3 0 2 0
0.01609008179014948 2 0 3 1 0 1 3 0 2 3
-2.651663197794597e-05 2 0 3 1 0 1 3 2 0 0
0.020254600055989967 2 0 3 1 0 1 3 3 2 0
0.0025514805806760815 2 0 3 1 0 1 3 3 2 3
54.26778593546169 2 0 3 1 0 2 0 0 1 0
8.791428207739054 2 0 3 1 0 2 0 0 1 3
0.00019441979344750164 2 0 3 1 0 2 0 1 0 0
2.940052321060891e-05 2 0 3 1 0 2 0 1 0 3
6.368572481480666e-05 2 0 3 1 0 2 0 1 3 0
9.676780642767998 2 0 3 1 0 2 0 3 1 0
-0.017525161205956343 2 0 3 1 0 2 0 3 1 3
8.134241815385893 2 0 3 1 0 2 3 0 1 0
-0.01609008179014948 2 0 3 1 0 2 3 0 1 3
2.651663197794597e-05 2 0 3 1 0 2 3 1 0 0
-0.020254600055989967 2 0 3 1 0 2 3 3 1 0
-0.0025514805806760815 2 0 3 1 0 2 3 3 1 3
-0.0016744087425815514 2 0 3 1 0 3 1 0 0 2
-0.010338430157671873 2 0 3 1 0 3 1 0 3 2
-0.0016921221160472958 2 0 3 1 0 3 1 3 3 2
0.0016744087425815514 2 0 3 1 0 3 2 0 0 1
0.010338430157671873 2 0 3 1 0 3 2 0 3 1
0.0016921221160472958 2 0 3 1 0 3 2 3 3 1
-0.0017917865816877313 2 0 3 1 3 0 1 0 0 2
-0.015598829860874394 2 0 3 1 3 0 1 0 3 2
-0.0017785851785773509 2 0 3 1 3 0 1 3 3 2
0.0017917865816877313 2 0 3 1 3 0 2 0 0 1
0.015598829860874394 2 0 3 1 3 0 2 0 3 1
0.0017785851785773509 2 0 3 1 3 0 2 3 3 1
-8.159057168143477 2 0 3 1 3 1 0 0 2 0
0.016122185065372985 2 0 3 1 3 1 0 0 2 3
-2.804142039743011e-05 2 0 3 1 3 1 0 2 0 0
0.017525161205956347 2 0 3 1 3 1 0 3 2 0
0.0033356373327954555 2 0 3 1 3 1 0 3 2 3
0.018013446008477096 2 0 3 1 3 1 3 0 2 0
0.0028196419599666642 2 0 3 1 3 1 3 0 2 3
0.003003008019143134 2 0 3 1 3 1 3 3 2 0
8.159057168143478 2 0 3 1 3 2 0 0 1 0
-0.016122185065372985 2 0 3 1 3 2 0 0 1 3
2.804142039743011e-05 2 0 3 1 3 2 0 1 0 0
-0.017525161205956347 2 0 3 1 3 2 0 3 1 0
-0.0033356373327954555 2 0 3 1 3 2 0 3 1 3
-0.018013446008477096 2 0 3 1 3 2 3 0 1 0
-0.0028196419599666642 2 0 3 1 3 2 3 0 1 3
-0.003003008019143134 2 0 3 1 3 2 3 3 1 0
-0.014616394776531585 2 0 3 1 3 3 1 0 0 2
5.748111539452652 2 0 3 1 3 3 1 0 3 2
-0.0021142333453631613 2 0 3 1 3 3 1 3 0 2
-0.015154230054155279 2 0 3 1 3 3 1 3 3 2
0.014616394776531585 2 0 3 1 3 3 2 0 0 1
-5.748111539452653 2 0 3 1 3 3 2 0 3 1
0.0021142333453631613 2 0 3 1 3 3 2 3 0 1
0.015154230054155279 2 0 3 1 3 3 2 3 3 1
0.0013123431613588721 2 0 3 2 0 1 0 0 1 0
0.00020471749385858338 2 0 3 2 0 1 0 0 1 3
-52.67267479188859 2 0 3 2 0 1 0 1 0 0
-8.493230545189018 2 0 3 2 0 1 0 1 0 3
-8.343516697192943 2 0 3 2 0 1 0 1 3 0
0.016478304394977113 2 0 3 2 0 1 0 1 3 3
0.0002750985251860987 2 0 3 2 0 1 0 3 1 0
0.0001897933949727763 2 0 3 2 0 1 3 0 1 0
-7.858234533864926 2 0 3 2 0 1 3 1 0 0
0.015218467148246054 2 0 3 2 0 1 3 1 0 3
0.01872830921740137 2 0 3 2 0 1 3 1 3 0
0.002334651234371953 2 0 3 2 0 1 3 1 3 3
0.0013123431613588721 2 0 3 2 0 2 0 0 2 0
0.00020471749385858338 2 0 3 2 0 2 0 0 2 3
-52.67267479188859 2 0 3 2 0 2 0 2 0 0
-8.493230545189016 2 0 3 2 0 2 0 2 0 3
-8.343516697192943 2 0 3 2 0 2 0 2 3 0
0.016478304394977113 2 0 3 2 0 2 0 2 3 3
0.0002750985251860987 2 0 3 2 0 2 0 3 2 0
0.0001897933949727763 2 0 3 2 0 2 3 0 2 0
-7.858234533864926 2 0 3 2 0 2 3 2 0 0
0.015218467148246054 2 0 3 2 0 2 3 2 0 3
0.01872830921740137 2 0 3 2 0 2 3 2 3 0
0.002334651234371953 2 0 3 2 0 2 3 2 3 3
2.8117061939161716e-06 2 0 3 2 0 3 1 1 1 1
1.2881577584580252e-05 2 0 3 2 0 3 1 1 2 2
-1.006987139066408e-05 2 0 3 2 0 3 1 2 1 2
-1.006987139066408e-05 2 0 3 2 0 3 2 1 2 1
1.2881577584580252e-05 2 0 3 2 0 3 2 2 1 1
2.8117061939161716e-06 2 0 3 2 0 3 2 2 2 2
3.6903452632757893e-06 2 0 3 2 3 0 1 1 1 1
0.0003234769888557462 2 0 3 2 3 0 1 1 2 2
-0.0003197866435924704 2 0 3 2 3 0 1 2 1 2
-0.0003197866435924704 2 0 3 2 3 0 2 1 2 1
0.0003234769888557462 2 0 3 2 3 0 2 2 1 1
3.6903452632757893e-06 2 0 3 2 3 0 2 2 2 2
0.0001924022827932742 2 0 3 2 3 1 0 0 1 0
-7.882317017464533 2 0 3 2 3 1 0 1 0 0
0.0154310443655696 2 0 3 2 3 1 0 1 0 3
0.01647830439497711 2 0 3 2 3 1 0 1 3 0
0.0030425789856205468 2 0 3 2 3 1 0 1 3 3
0.01743240182312804 2 0 3 2 3 1 3 1 0 0
0.0026436733833252006 2 0 3 2 3 1 3 1 0 3
0.002779307283952358 2 0 3 2 3 1 3 1 3 0
0.0001924022827932742 2 0 3 2 3 2 0 0 2 0
-7.882317017464533 2 0 3 2 3 2 0 2 0 0
0.0154310443655696 2 0 3 2 3 2 0 2 0 3
0.01647830439497711 2 0 3 2 3 2 0 2 3 0
0.0030425789856205468 2 0 3 2 3 2 0 2 3 3
0.01743240182312804 2 0 3 2 3 2 3 2 0 0
0.0026436733833252006 2 0 3 2 3 2 3 2 0 3
0.002779307283952358 2 0 3 2 3 2 3 2 3 0
3.54563164699117e-05 2 0 3 2 3 3 1 0 3 1
1.5762497776386644e-05 2 0 3 2 3 3 1 1 1 1
0.0004014459617955677 2 0 3 2 3 3 1 1 2 2
-0.0003856834640191811 2 0 3 2 3 3 1 2 1 2
3.54563164699117e-05 2 0 3 2 3 3 2 0 3 2
-0.0003856834640191811 2 0 3 2 3 3 2 1 2 1
0.0004014459617955677 2 0 3 2 3 3 2 2 1 1
1.5762497776386644e-05 2 0 3 2 3 3 2 2 2 2
-3.1157808054620038 2 0 3 3 1 1 0 0 0 2
0.00787889867740992 2 0 3 3 1 1 0 0 3 2
-7.433122192885574e-05 2 0 3 3 1 1 0 1 1 2
-0.6108811935020682 2 0 3 3 1 1 0 1 2 1
-1.347844973849095e-06 2 0 3 3 1 1 0 2 1 1
-0.610956872568971 2 0 3 3 1 1 0 2 2 2
0.008108314837429893 2 0 3 3 1 1 0 3 0 2
0.0013644687388703577 2 0 3 3 1 1 0 3 3 2
0.007637899125419456 2 0 3 3 1 1 3 0 0 2
0.0011704967055065135 2 0 3 3 1 1 3 0 3 2
-3.41716481414998e-05 2 0 3 3 1 1 3 1 1 2
0.0005423722711403011 2 0 3 3 1 1 3 1 2 1
0.0005082006229988013 2 0 3 3 1 1 3 2 2 2
0.001204895743025822 2 0 3 3 1 1 3 3 0 2
3.1157808054620038 2 0 3 3 1 2 0 0 0 1
-0.00787889867740992 2 0 3 3 1 2 0 0 3 1
0.6109568725689709 2 0 3 3 1 2 0 1 1 1
1.347844973849095e-06 2 0 3 3 1 2 0 1 2 2
0.6108811935020682 2 0 3 3 1 2 0 2 1 2
7.433122192885574e-05 2 0 3 3 1 2 0 2 2 1
-0.008108314837429893 2 0 3 3 1 2 0 3 0 1
-0.0013644687388703577 2 0 3 3 1 2 0 3 3 1
-0.007637899125419456 2 0 3 3 1 2 3 0 0 1
-0.0011704967055065135 2 0 3 3 1 2 3 0 3 1
-0.0005082006229988013 2 0 3 3 1 2 3 1 1 1
-0.0005423722711403011 2 0 3 3 1 2 3 2 1 2
3.41716481414998e-05 2 0 3 3 1 2 3 2 2 1
-0.001204895743025822 2 0 3 3 1 2 3 3 0 1
-5.264783688613572e-05 2 0 3 3 1 3 1 2 3 0
5.264783688613571e-05 2 0 3 3 1 3 2 1 3 0
6.778316125568629e-05 2 0 3 3 2 0 1 0 1 0
-6.121251930289644e-05 2 0 3 3 2 0 1 1 0 0
-0.000655076001459316 2 0 3 3 2 0 1 1 3 0
-0.00021597950711477055 2 0 3 3 2 0 1 1 3 3
6.778316125568629e-05 2 0 3 3 2 0 2 0 2 0
-6.121251930289644e-05 2 0 3 3 2 0 2 2 0 0
-0.000655076001459316 2 0 3 3 2 0 2 2 3 0
-0.00021597950711477055 2 0 3 3 2 0 2 2 3 3
0.0002919577754297063 2 0 3 3 2 1 0 0 0 1
1.985698020780839e-05 2 0 3 3 2 1 0 1 1 1
-3.233422241876309e-05 2 0 3 3 2 1 0 1 2 2
-1.1257839330063599e-08 2 0 3 3 2 1 0 2 1 2
5.220246046590156e-05 2 0 3 3 2 1 0 2 2 1
0.0002919577754297063 2 0 3 3 2 2 0 0 0 2
5.220246046590156e-05 2 0 3 3 2 2 0 1 1 2
-1.125783933006021e-08 2 0 3 3 2 2 0 1 2 1
-3.23342224187631e-05 2 0 3 3 2 2 0 2 1 1
1.985698020780839e-05 2 0 3 3 2 2 0 2 2 2
0.00013026463560572644 2 0 3 3 2 3 1 0 1 0
7.865144465478973e-05 2 0 3 3 2 3 1 0 1 3
-0.00014741752490583814 2 0 3 3 2 3 1 1 0 0
-0.00010049609149778905 2 0 3 3 2 3 1 1 0 3
0.5681253794650729 2 0 3 3 2 3 1 1 3 0
-0.0006026101805408639 2 0 3 3 2 3 1 1 3 3
3.050478932117775e-05 2 0 3 3 2 3 1 3 1 0
0.00013026463560572644 2 0 3 3 2 3 2 0 2 0
7.865144465478973e-05 2 0 3 3 2 3 2 0 2 3
-0.00014741752490583814 2 0 3 3 2 3 2 2 0 0
-0.00010049609149778905 2 0 3 3 2 3 2 2 0 3
0.5681253794650729 2 0 3 3 2 3 2 2 3 0
-0.0006026101805408639 2 0 3 3 2 3 2 2 3 3
3.050478932117775e-05 2 0 3 3 2 3 2 3 2 0
6.873236102562485e-05 2 1 0 0 0 0 0 0 1 2
-6.873236102562482e-05 2 1 0 0 0 0 0 0 2 1
0.6490652662099096 2 1 0 0 0 1 1 1 2 0
-0.00032919398907479774 2 1 0 0 0 1 1 1 2 3
1.9290647297374236e-06 2 1 0 0 0 1 1 2 1 0
14450.083801847093 2 1 0 0 0 1 2 0 0 0
-14.646967353745545 2 1 0 0 0 1 2 0 0 3
-21.306043815416693 2 1 0 0 0 1 2 0 3 0
-3.2354489036611396 2 1 0 0 0 1 2 0 3 3
-0.6491294298286018 2 1 0 0 0 1 2 1 1 0
0.0003292342869990092 2 1 0 0 0 1 2 1 1 3
-6.223455396229838e-05 2 1 0 0 0 1 2 2 2 0
4.029792421141513e-08 2 1 0 0 0 1 2 2 2 3
-21.21736901862278 2 1 0 0 0 1 2 3 0 0
-3.2498444662846224 2 1 0 0 0 1 2 3 0 3
-3.0756430829709682 2 1 0 0 0 1 2 3 3 0
0.006361594224703218 2 1 0 0 0 1 2 3 3 3
-14450.083801847093 2 1 0 0 0 2 1 0 0 0
14.646967353745545 2 1 0 0 0 2 1 0 0 3
21.306043815416693 2 1 0 0 0 2 1 0 3 0
3.2354489036611396 2 1 0 0 0 2 1 0 3 3
6.223455396229838e-05 2 1 0 0 0 2 1 1 1 0
-4.029792421141513e-08 2 1 0 0 0 2 1 1 1 3
0.6491294298286018 2 1 0 0 0 2 1 2 2 0
-0.0003292342869990092 2 1 0 0 0 2 1 2 2 3
21.21736901862278 2 1 0 0 0 2 1 3 0 0
3.2498444662846224 2 1 0 0 0 2 1 3 0 3
3.0756430829709682 2 1 0 0 0 2 1 3 3 0
-0.006361594224703218 2 1 0 0 0 2 1 3 3 3
-1.9290647297374236e-06 2 1 0 0 0 2 2 1 2 0
-0.6490652662099095 2 1 0 0 0 2 2 2 1 0
0.00032919398907479774 2 1 0 0 0 2 2 2 1 3
0.0006213011445565448 2 1 0 0 0 3 0 0 1 2
-0.0006213011445565448 2 1 0 0 0 3 0 0 2 1
-0.0001230499989785685 2 1 0 0 0 3 0 1 3 2
0.0001230499989785685 2 1 0 0 0 3 0 2 3 1
0.00011134091983943619 2 1 0 0 0 3 0 3 1 2
-0.00011134091983943619 2 1 0 0 0 3 0 3 2 1
0.0001446167546536791 2 1 0 0 0 3 3 0 1 2
-0.0001446167546536791 2 1 0 0 0 3 3 0 2 1
0.000786069445084721 2 1 0 0 3 0 0 0 1 2
-0.000786069445084721 2 1 0 0 3 0 0 0 2 1
-0.00016068611865811813 2 1 0 0 3 0 0 1 3 2
0.00016068611865811816 2 1 0 0 3 0 0 2 3 1
0.00010325971787380644 2 1 0 0 3 0 0 3 1 2
-0.00010325971787380644 2 1 0 0 3 0 0 3 2 1
4.6428298509945214e-05 2 1 0 0 3 0 3 0 1 2
-4.6428298509945214e-05 2 1 0 0 3 0 3 0 2 1
-0.00032919398907479774 2 1 0 0 3 1 1 1 2 0
-0.00011886487336297372 2 1 0 0 3 1 1 1 2 3
-14.646967353745545 2 1 0 0 3 1 2 0 0 0
-4.6477757927543335 2 1 0 0 3 1 2 0 0 3
-3.4488318848461437 2 1 0 0 3 1 2 0 3 0
0.00683827146788559 2 1 0 0 3 1 2 0 3 3
0.0002963109495686954 2 1 0 0 3 1 2 1 1 0
0.00011929298581603661 2 1 0 0 3 1 2 1 1 3
-3.28830395061024e-05 2 1 0 0 3 1 2 2 2 0
4.28112453062858e-07 2 1 0 0 3 1 2 2 2 3
-3.4389582484783685 2 1 0 0 3 1 2 3 0 0
0.006826307032740037 2 1 0 0 3 1 2 3 0 3
0.006657189283635331 2 1 0 0 3 1 2 3 3 0
0.0012770834457311538 2 1 0 0 3 1 2 3 3 3
14.646967353745545 2 1 0 0 3 2 1 0 0 0
4.6477757927543335 2 1 0 0 3 2 1 0 0 3
3.4488318848461437 2 1 0 0 3 2 1 0 3 0
-0.00683827146788559 2 1 0 0 3 2 1 0 3 3
3.28830395061024e-05 2 1 0 0 3 2 1 1 1 0
-4.28112453062858e-07 2 1 0 0 3 2 1 1 1 3
-0.0002963109495686954 2 1 0 0 3 2 1 2 2 0
-0.00011929298581603661 2 1 0 0 3 2 1 2 2 3
3.4389582484783685 2 1 0 0 3 2 1 3 0 0
-0.006826307032740037 2 1 0 0 3 2 1 3 0 3
-0.006657189283635331 2 1 0 0 3 2 1 3 3 0
-0.0012770834457311538 2 1 0 0 3 2 1 3 3 3
0.00032919398907479774 2 1 0 0 3 2 2 2 1 0
0.00011886487336297372 2 1 0 0 3 2 2 2 1 3
-0.9437609871820608 2 1 0 0 3 3 0 0 1 2
0.9437609871820609 2 1 0 0 3 3 0 0 2 1
-0.00015294975040840644 2 1 0 0 3 3 0 1 0 2
-0.0009069510163586223 2 1 0 0 3 3 0 1 3 2
0.0001529497504084064 2 1 0 0 3 3 0 2 0 1
0.0009069510163586223 2 1 0 0 3 3 0 2 3 1
0.0007004447563353469 2 1 0 0 3 3 0 3 1 2
-0.0007004447563353472 2 1 0 0 3 3 0 3 2 1
0.0007471375165919429 2 1 0 0 3 3 3 0 1 2
-0.0007471375165919429 2 1 0 0 3 3 3 0 2 1
-0.00013226339944748396 2 1 0 0 3 3 3 1 3 2
0.00013226339944748396 2 1 0 0 3 3 3 2 3 1
0.00010002581520147122 2 1 0 0 3 3 3 3 1 2
-0.00010002581520147122 2 1 0 0 3 3 3 3 2 1
3.6525669306963124e-06 2 1 0 1 1 0 0 1 2 0
-3.6525669306963124e-06 2 1 0 1 1 0 0 2 1 0
6.716807672077647e-06 2 1 0 1 1 1 1 0 1 2
4.8656420159487764e-05 2 1 0 1 1 1 1 0 2 1
-0.050250482677485935 2 1 0 1 1 1 1 1 0 2
3.884524124250579e-05 2 1 0 1 1 1 1 1 3 2
1.674317140847333e-06 2 1 0 1 1 1 1 2 0 1
2.324305032970547e-05 2 1 0 1 1 1 2 0 1 1
7.861627816127104e-05 2 1 0 1 1 1 2 0 2 2
0.04633475743321291 2 1 0 1 1 1 2 1 0 1
-3.2923337430313776e-05 2 1 0 1 1 1 2 1 3 1
-0.003914050927132191 2 1 0 1 1 1 2 2 0 2
5.921903812192008e-06 2 1 0 1 1 1 2 2 3 2
-7.8616278161271e-05 2 1 0 1 1 2 1 0 1 1
-2.324305032970544e-05 2 1 0 1 1 2 1 0 2 2
0.00391405092713219 2 1 0 1 1 2 1 1 0 1
-5.921903812192008e-06 2 1 0 1 1 2 1 1 3 1
-0.04633475743321291 2 1 0 1 1 2 1 2 0 2
3.2923337430313776e-05 2 1 0 1 1 2 1 2 3 2
-4.865642015948775e-05 2 1 0 1 1 2 2 0 1 2
-6.716807672077647e-06 2 1 0 1 1 2 2 0 2 1
-1.6743171408473325e-06 2 1 0 1 1 2 2 1 0 2
0.05025048267748593 2 1 0 1 1 2 2 2 0 1
-3.884524124250579e-05 2 1 0 1 1 2 2 2 3 1
-1.715531818234034e-05 2 1 0 1 1 3 0 1 2 0
2.2829127206247463e-06 2 1 0 1 1 3 0 1 2 3
1.715531818234034e-05 2 1 0 1 1 3 0 2 1 0
-2.2829127206247463e-06 2 1 0 1 1 3 0 2 1 3
-2.037097762417249e-06 2 1 0 1 1 3 3 1 2 0
2.037097762417249e-06 2 1 0 1 1 3 3 2 1 0
3.85717730829856 2 1 0 1 2 0 0 0 0 0
-0.012902725152938471 2 1 0 1 2 0 0 0 0 3
53.73074323732805 2 1 0 1 2 0 0 0 3 0
6.643225774174444 2 1 0 1 2 0 0 0 3 3
-3.516800944517516e-05 2 1 0 1 2 0 0 1 1 0
-3.516800944517516e-05 2 1 0 1 2 0 0 2 2 0
-0.010873357617460248 2 1 0 1 2 0 0 3 0 0
-0.0014958818789464145 2 1 0 1 2 0 0 3 0 3
3.0585823071630913 2 1 0 1 2 0 0 3 3 0
-0.012477133050985991 2 1 0 1 2 0 0 3 3 3
-0.01329430992652867 2 1 0 1 2 0 3 0 0 0
-0.0015724101757008105 2 1 0 1 2 0 3 0 0 3
5.839135307751268 2 1 0 1 2 0 3 0 3 0
-0.011258892470121039 2 1 0 1 2 0 3 0 3 3
-0.0013451959266502819 2 1 0 1 2 0 3 3 0 0
-0.01258654977482291 2 1 0 1 2 0 3 3 3 0
-0.00157022120778457 2 1 0 1 2 0 3 3 3 3
-5.924600320005188e-06 2 1 0 1 2 1 1 0 1 1
3.3533161677751706 2 1 0 1 2 1 1 0 2 2
-1.279825907345296e-05 2 1 0 1 2 1 1 1 0 1
5.270064771690379e-06 2 1 0 1 2 1 1 2 0 2
-0.0024847690172044804 2 1 0 1 2 1 1 3 2 2
0.21335973813467446 2 1 0 1 2 1 2 0 1 2
-3.566681830510167 2 1 0 1 2 1 2 0 2 1
-1.3942057220898812e-05 2 1 0 1 2 1 2 1 0 2
-4.1262666242446695e-06 2 1 0 1 2 1 2 2 0 1
-0.00015642241032217744 2 1 0 1 2 1 2 3 1 2
0.0026411914275266575 2 1 0 1 2 1 2 3 2 1
-3.5666818305101664 2 1 0 1 2 2 1 0 1 2
0.21335973813467446 2 1 0 1 2 2 1 0 2 1
-4.1262666242446424e-06 2 1 0 1 2 2 1 1 0 2
-1.3942057220898805e-05 2 1 0 1 2 2 1 2 0 1
0.0026411914275266575 2 1 0 1 2 2 1 3 1 2
-0.00015642241032217744 2 1 0 1 2 2 1 3 2 1
3.353316167775171 2 1 0 1 2 2 2 0 1 1
-5.924600320005188e-06 2 1 0 1 2 2 2 0 2 2
5.270064771690352e-06 2 1 0 1 2 2 2 1 0 1
-1.2798259073452946e-05 2 1 0 1 2 2 2 2 0 2
-0.0024847690172044804 2 1 0 1 2 2 2 3 1 1
42.499558390646776 2 1 0 1 2 3 0 0 0 0
6.41281656250742 2 1 0 1 2 3 0 0 0 3
-28818.95980501844 2 1 0 1 2 3 0 0 3 0
29.21706405707151 2 1 0 1 2 3 0 0 3 3
1.8762687582178247e-05 2 1 0 1 2 3 0 1 1 0
-7.458559429690454e-06 2 1 0 1 2 3 0 1 1 3
1.8762687582178247e-05 2 1 0 1 2 3 0 2 2 0
-7.458559429690447e-06 2 1 0 1 2 3 0 2 2 3
6.136235218803597 2 1 0 1 2 3 0 3 0 0
-0.012607236201728923 2 1 0 1 2 3 0 3 0 3
42.3233860597841 2 1 0 1 2 3 0 3 3 0
6.412920104196013 2 1 0 1 2 3 0 3 3 3
5.844409665739997 2 1 0 1 2 3 3 0 0 0
-0.010557317285149588 2 1 0 1 2 3 3 0 0 3
51.169380094148444 2 1 0 1 2 3 3 0 3 0
2.4869771264661353 2 1 0 1 2 3 3 0 3 3
2.3188333374163284e-06 2 1 0 1 2 3 3 1 1 0
2.3188333374163284e-06 2 1 0 1 2 3 3 2 2 0
-0.014158652791907379 2 1 0 1 2 3 3 3 0 0
-0.0015858156077602822 2 1 0 1 2 3 3 3 0 3
5.865552571596517 2 1 0 1 2 3 3 3 3 0
-0.010560267954600683 2 1 0 1 2 3 3 3 3 3
1.2962308987954948e-05 2 1 0 2 1 0 0 0 0 0
0.00017638946783498678 2 1 0 2 1 0 0 0 3 0
2.1201071867905062e-05 2 1 0 2 1 0 0 0 3 3
-4.0036800810124734e-07 2 1 0 2 1 0 0 1 1 0
-4.0036800810124734e-07 2 1 0 2 1 0 0 2 2 0
1.540534349620448e-05 2 1 0 2 1 0 0 3 3 0
1.3503528378696456e-05 2 1 0 2 1 0 3 0 3 0
3.3908571789023598e-06 2 1 0 2 1 1 1 0 1 1
0.3069206289123263 2 1 0 2 1 1 1 0 2 2
4.530671337236692e-05 2 1 0 2 1 1 1 1 0 1
7.423903878060149e-06 2 1 0 2 1 1 1 2 0 2
-0.00022569069218639367 2 1 0 2 1 1 1 3 2 2
-0.5202769761898217 2 1 0 2 1 1 2 0 1 2
0.21335973813467443 2 1 0 2 1 1 2 0 2 1
5.182486671520562e-05 2 1 0 2 1 1 2 1 0 2
-1.394205722089898e-05 2 1 0 2 1 1 2 2 0 1
0.00038211310250857114 2 1 0 2 1 1 2 3 1 2
-0.00015642241032217744 2 1 0 2 1 1 2 3 2 1
0.21335973813467446 2 1 0 2 1 2 1 0 1 2
-0.5202769761898217 2 1 0 2 1 2 1 0 2 1
-1.3942057220898987e-05 2 1 0 2 1 2 1 1 0 2
5.182486671520562e-05 2 1 0 2 1 2 1 2 0 1
-0.00015642241032217744 2 1 0 2 1 2 1 3 1 2
0.00038211310250857114 2 1 0 2 1 2 1 3 2 1
0.3069206289123263 2 1 0 2 1 2 2 0 1 1
3.3908571789023598e-06 2 1 0 2 1 2 2 0 2 2
7.423903878060135e-06 2 1 0 2 1 2 2 1 0 1
4.530671337236692e-05 2 1 0 2 1 2 2 2 0 2
-0.00022569069218639367 2 1 0 2 1 2 2 3 1 1
0.00020502896123219833 2 1 0 2 1 3 0 0 0 0
1.3245637196507417e-05 2 1 0 2 1 3 0 0 0 3
-0.15770072930738782 2 1 0 2 1 3 0 0 3 0
0.00011339625477442203 2 1 0 2 1 3 0 0 3 3
-4.125055264846531e-05 2 1 0 2 1 3 0 1 1 0
1.3716863297834588e-05 2 1 0 2 1 3 0 1 1 3
-4.125055264846531e-05 2 1 0 2 1 3 0 2 2 0
1.3716863297834588e-05 2 1 0 2 1 3 0 2 2 3
1.6470096953305827e-05 2 1 0 2 1 3 0 3 0 0
0.00010248045376319397 2 1 0 2 1 3 0 3 3 0
1.9499096613064633e-05 2 1 0 2 1 3 0 3 3 3
1.88831831979165e-05 2 1 0 2 1 3 3 0 0 0
0.00014907056153155504 2 1 0 2 1 3 3 0 3 0
1.1846493646544684e-05 2 1 0 2 1 3 3 0 3 3
-1.0993513615075251e-05 2 1 0 2 1 3 3 1 1 0
-1.0993513615075265e-05 2 1 0 2 1 3 3 2 2 0
1.5412696245601016e-05 2 1 0 2 1 3 3 3 3 0
-2.7373458574314924 2 1 0 2 2 0 0 1 2 0
0.0014277588260716914 2 1 0 2 2 0 0 1 2 3
2.737345857431492 2 1 0 2 2 0 0 2 1 0
-0.0014277588260716914 2 1 0 2 2 0 0 2 1 3
0.0024782946999077696 2 1 0 2 2 0 3 1 2 0
4.376351114063656e-05 2 1 0 2 2 0 3 1 2 3
-0.0024782946999077696 2 1 0 2 2 0 3 2 1 0
-4.3763511140636545e-05 2 1 0 2 2 0 3 2 1 3
-4.513486951931628e-05 2 1 0 2 2 1 1 0 1 2
-1.1251889025926416e-05 2 1 0 2 2 1 1 0 2 1
3.71031508635466 2 1 0 2 2 1 1 1 0 2
-0.002756306946022287 2 1 0 2 2 1 1 1 3 2
5.504564189879044e-06 2 1 0 2 2 1 1 2 0 1
7.962980887494811e-05 2 1 0 2 2 1 2 0 1 1
2.324305032970552e-05 2 1 0 2 2 1 2 0 2 2
-3.663985833485637 2 1 0 2 2 1 2 1 0 1
0.002723383608591973 2 1 0 2 2 1 2 1 3 1
0.04633475743321298 2 1 0 2 2 1 2 2 0 2
-3.292333743031382e-05 2 1 0 2 2 1 2 2 3 2
-2.324305032970552e-05 2 1 0 2 2 2 1 0 1 1
-7.962980887494811e-05 2 1 0 2 2 2 1 0 2 2
-0.04633475743321298 2 1 0 2 2 2 1 1 0 1
3.292333743031382e-05 2 1 0 2 2 2 1 1 3 1
3.6639858334856372 2 1 0 2 2 2 1 2 0 2
-0.002723383608591973 2 1 0 2 2 2 1 2 3 2
1.1251889025926396e-05 2 1 0 2 2 2 2 0 1 2
4.5134869519316255e-05 2 1 0 2 2 2 2 0 2 1
-5.504564189879017e-06 2 1 0 2 2 2 2 1 0 2
-3.71031508635466 2 1 0 2 2 2 2 2 0 1
0.002756306946022287 2 1 0 2 2 2 2 2 3 1
-0.3338971084334095 2 1 0 2 2 3 0 1 2 0
0.0005284722178487168 2 1 0 2 2 3 0 1 2 3
0.33389710843340953 2 1 0 2 2 3 0 2 1 0
-0.0005284722178487168 2 1 0 2 2 3 0 2 1 3
-0.012960443953323686 2 1 0 2 2 3 3 1 2 0
2.1579930406846633e-05 2 1 0 2 2 3 3 1 2 3
0.012960443953323684 2 1 0 2 2 3 3 2 1 0
-2.1579930406846633e-05 2 1 0 2 2 3 3 2 1 3
-8.905741642485312e-05 2 1 0 3 0 0 0 1 3 2
8.905741642485315e-05 2 1 0 3 0 0 0 2 3 1
-21.306043815416682 2 1 0 3 0 1 2 0 0 0
-3.4488318848461437 2 1 0 3 0 1 2 0 0 3
-4.2379939296180025 2 1 0 3 0 1 2 0 3 0
0.007107443524173759 2 1 0 3 0 1 2 0 3 3
0.16924699048675856 2 1 0 3 0 1 2 1 1 0
-0.02747573987736889 2 1 0 3 0 1 2 1 1 3
0.16924699048675856 2 1 0 3 0 1 2 2 2 0
-0.02747573987736891 2 1 0 3 0 1 2 2 2 3
-3.2391660877028143 2 1 0 3 0 1 2 3 0 0
0.006600884035793644 2 1 0 3 0 1 2 3 0 3
0.0078131347402948 2 1 0 3 0 1 2 3 3 0
0.0012159857150066693 2 1 0 3 0 1 2 3 3 3
21.306043815416682 2 1 0 3 0 2 1 0 0 0
3.4488318848461437 2 1 0 3 0 2 1 0 0 3
4.237993929618003 2 1 0 3 0 2 1 0 3 0
-0.007107443524173759 2 1 0 3 0 2 1 0 3 3
-0.1692469904867586 2 1 0 3 0 2 1 1 1 0
0.027475739877368906 2 1 0 3 0 2 1 1 1 3
-0.16924699048675856 2 1 0 3 0 2 1 2 2 0
0.027475739877368892 2 1 0 3 0 2 1 2 2 3
3.239166087702815 2 1 0 3 0 2 1 3 0 0
-0.006600884035793644 2 1 0 3 0 2 1 3 0 3
-0.0078131347402948 2 1 0 3 0 2 1 3 3 0
-0.0012159857150066693 2 1 0 3 0 2 1 3 3 3
6.666430881836727e-05 2 1 0 3 0 3 0 0 1 2
-6.666430881836728e-05 2 1 0 3 0 3 0 0 2 1
-0.00014426588167937453 2 1 0 3 0 3 0 1 0 2
-0.0008050279945334815 2 1 0 3 0 3 0 1 3 2
0.00014426588167937453 2 1 0 3 0 3 0 2 0 1
0.0008050279945334815 2 1 0 3 0 3 0 2 3 1
-0.00018738181475246965 2 1 0 3 0 3 3 1 3 2
0.00018738181475246965 2 1 0 3 0 3 3 2 3 1
0.00012977660440145555 2 1 0 3 3 0 0 0 1 2
-0.00012977660440145555 2 1 0 3 3 0 0 0 2 1
-0.00013379496291669567 2 1 0 3 3 0 0 1 0 2
-0.001018520430044062 2 1 0 3 3 0 0 1 3 2
0.00013379496291669567 2 1 0 3 3 0 0 2 0 1
0.001018520430044062 2 1 0 3 3 0 0 2 3 1
-6.015775178676087e-05 2 1 0 3 3 0 3 1 3 2
6.015775178676087e-05 2 1 0 3 3 0 3 2 3 1
-3.23544890366114 2 1 0 3 3 1 2 0 0 0
0.006838271467885588 2 1 0 3 3 1 2 0 0 3
0.00710744352417376 2 1 0 3 3 1 2 0 3 0
0.0014819989641379554 2 1 0 3 3 1 2 0 3 3
0.01884507549862311 2 1 0 3 3 1 2 1 1 0
-2.2835627646993885e-05 2 1 0 3 3 1 2 1 1 3
0.018845075498623166 2 1 0 3 3 1 2 2 2 0
-2.2835627646993902e-05 2 1 0 3 3 1 2 2 2 3
0.006583634274081399 2 1 0 3 3 1 2 3 0 0
0.0013047446446870753 2 1 0 3 3 1 2 3 0 3
0.0012464221298252262 2 1 0 3 3 1 2 3 3 0
3.23544890366114 2 1 0 3 3 2 1 0 0 0
-0.006838271467885588 2 1 0 3 3 2 1 0 0 3
-0.00710744352417376 2 1 0 3 3 2 1 0 3 0
-0.0014819989641379554 2 1 0 3 3 2 1 0 3 3
-0.018845075498623166 2 1 0 3 3 2 1 1 1 0
2.2835627646993902e-05 2 1 0 3 3 2 1 1 1 3
-0.018845075498623107 2 1 0 3 3 2 1 2 2 0
2.2835627646993885e-05 2 1 0 3 3 2 1 2 2 3
-0.006583634274081399 2 1 0 3 3 2 1 3 0 0
-0.0013047446446870753 2 1 0 3 3 2 1 3 0 3
-0.0012464221298252262 2 1 0 3 3 2 1 3 3 0
0.0007213702791145073 2 1 0 3 3 3 0 0 1 2
-0.0007213702791145073 2 1 0 3 3 3 0 0 2 1
-0.0009075754043179926 2 1 0 3 3 3 0 1 0 2
1.2228434173775584 2 1 0 3 3 3 0 1 3 2
0.0009075754043179926 2 1 0 3 3 3 0 2 0 1
-1.2228434173775584 2 1 0 3 3 3 0 2 3 1
0.00010902948934806707 2 1 0 3 3 3 0 3 1 2
-0.00010902948934806707 2 1 0 3 3 3 0 3 2 1
7.566391246053631e-05 2 1 0 3 3 3 3 0 1 2
-7.566391246053628e-05 2 1 0 3 3 3 3 0 2 1
-0.0001296047530552851 2 1 0 3 3 3 3 1 0 2
-0.0009680758226383697 2 1 0 3 3 3 3 1 3 2
0.0001296047530552851 2 1 0 3 3 3 3 2 0 1
0.0009680758226383697 2 1 0 3 3 3 3 2 3 1
-3.0899434971949167e-07 2 1 1 0 1 0 0 1 2 0
3.0899434971949167e-07 2 1 1 0 1 0 0 2 1 0
2.827148151921565e-06 2 1 1 0 1 1 1 1 0 2
7.239429337153365e-05 2 1 1 0 1 1 1 2 0 1
3.054781295737062e-05 2 1 1 0 1 1 2 1 0 1
0.00010576925448082561 2 1 1 0 1 1 2 2 0 2
-0.00010576925448082556 2 1 1 0 1 2 1 1 0 1
-3.054781295737062e-05 2 1 1 0 1 2 1 2 0 2
-7.239429337153365e-05 2 1 1 0 1 2 2 1 0 2
-2.8271481519215107e-06 2 1 1 0 1 2 2 2 0 1
-3.183617929825397e-05 2 1 1 0 1 3 0 1 2 0
1.0586343486861002e-05 2 1 1 0 1 3 0 1 2 3
3.183617929825397e-05 2 1 1 0 1 3 0 2 1 0
-1.0586343486861002e-05 2 1 1 0 1 3 0 2 1 3
-8.48452803893162e-06 2 1 1 0 1 3 3 1 2 0
8.484528038931633e-06 2 1 1 0 1 3 3 2 1 0
0.0019299672906884044 2 1 1 0 2 0 0 0 0 0
0.01655613539174498 2 1 1 0 2 0 0 0 3 0
0.0023228724998167823 2 1 1 0 2 0 0 0 3 3
-3.385742157746317 2 1 1 0 2 0 0 1 1 0
0.0017682478384383902 2 1 1 0 2 0 0 1 1 3
-3.385742157746317 2 1 1 0 2 0 0 2 2 0
0.0017682478384383902 2 1 1 0 2 0 0 2 2 3
0.01904514558657397 2 1 1 0 2 0 0 3 0 0
0.00269299366989763 2 1 1 0 2 0 0 3 0 3
-8.356118323521441 2 1 1 0 2 0 0 3 3 0
0.019061369841512132 2 1 1 0 2 0 0 3 3 3
0.0020987328752237 2 1 1 0 2 0 3 0 3 0
0.003061462521504143 2 1 1 0 2 0 3 1 1 0
5.1448987262198194e-05 2 1 1 0 2 0 3 1 1 3
0.003061462521504143 2 1 1 0 2 0 3 2 2 0
5.144898726219822e-05 2 1 1 0 2 0 3 2 2 3
0.0024400275358176906 2 1 1 0 2 0 3 3 0 0
0.020906010087810786 2 1 1 0 2 0 3 3 3 0
0.002249820197018203 2 1 1 0 2 0 3 3 3 3
0.00044465604958040454 2 1 1 0 2 1 1 0 2 2
-8.808646349850423e-06 2 1 1 0 2 1 1 1 0 1
5.297288319821534 2 1 1 0 2 1 1 2 0 2
-0.0039289008013930924 2 1 1 0 2 1 1 2 3 2
0.0027563069460222857 2 1 1 0 2 1 1 3 2 2
-1.1074769626623656e-05 2 1 1 0 2 1 2 0 1 2
-0.00043358127995378096 2 1 1 0 2 1 2 0 2 1
0.1890832343807887 2 1 1 0 2 1 2 1 0 2
-0.0001391726486099353 2 1 1 0 2 1 2 1 3 2
-5.48638036284867 2 1 1 0 2 1 2 2 0 1
0.004068073450003027 2 1 1 0 2 1 2 2 3 1
-3.292333743031376e-05 2 1 1 0 2 1 2 3 1 2
-0.002723383608591972 2 1 1 0 2 1 2 3 2 1
-0.00043358127995378096 2 1 1 0 2 2 1 0 1 2
-1.1074769626623656e-05 2 1 1 0 2 2 1 0 2 1
-5.48638036284867 2 1 1 0 2 2 1 1 0 2
0.004068073450003027 2 1 1 0 2 2 1 1 3 2
0.18908323438078867 2 1 1 0 2 2 1 2 0 1
-0.0001391726486099353 2 1 1 0 2 2 1 2 3 1
-0.002723383608591972 2 1 1 0 2 2 1 3 1 2
-3.292333743031376e-05 2 1 1 0 2 2 1 3 2 1
0.00044465604958040454 2 1 1 0 2 2 2 0 1 1
5.297288319821533 2 1 1 0 2 2 2 1 0 1
-0.0039289008013930924 2 1 1 0 2 2 2 1 3 1
-8.808646349850477e-06 2 1 1 0 2 2 2 2 0 2
0.0027563069460222857 2 1 1 0 2 2 2 3 1 1
0.01894321115908925 2 1 1 0 2 3 0 0 0 0
0.002935805006731644 2 1 1 0 2 3 0 0 0 3
-8.372657063252108 2 1 1 0 2 3 0 0 3 0
0.017060189177104425 2 1 1 0 2 3 0 0 3 3
-0.4329468470323037 2 1 1 0 2 3 0 1 1 0
0.0006408198493920331 2 1 1 0 2 3 0 1 1 3
-0.4329468470323037 2 1 1 0 2 3 0 2 2 0
0.0006408198493920331 2 1 1 0 2 3 0 2 2 3
-9.21730331459975 2 1 1 0 2 3 0 3 0 0
0.017516334993526284 2 1 1 0 2 3 0 3 0 3
-55.398994770448674 2 1 1 0 2 3 0 3 3 0
-8.952226432849612 2 1 1 0 2 3 0 3 3 3
0.0026999142610946176 2 1 1 0 2 3 3 0 0 0
0.019257850005575845 2 1 1 0 2 3 3 0 3 0
0.002215297100897994 2 1 1 0 2 3 3 0 3 3
-0.009714221474069086 2 1 1 0 2 3 3 1 1 0
2.4348378172499878e-05 2 1 1 0 2 3 3 1 1 3
-0.009714221474069086 2 1 1 0 2 3 3 2 2 0
2.4348378172499878e-05 2 1 1 0 2 3 3 2 2 3
0.020053703901216004 2 1 1 0 2 3 3 3 0 0
0.002243887477920085 2 1 1 0 2 3 3 3 0 3
-8.283085134158716 2 1 1 0 2 3 3 3 3 0
0.01462641159740346 2 1 1 0 2 3 3 3 3 3
5.001909139151502e-06 2 1 1 1 0 0 0 1 0 2
0.00046572354391908276 2 1 1 1 0 0 0 1 3 2
-5.001909139151502e-06 2 1 1 1 0 0 0 2 0 1
-0.00046572354391908276 2 1 1 1 0 0 0 2 3 1
0.00011468664340564386 2 1 1 1 0 0 3 1 3 2
-0.00011468664340564386 2 1 1 1 0 0 3 2 3 1
4.1134140571223156e-05 2 1 1 1 0 1 1 1 2 0
6.0454892387839e-05 2 1 1 1 0 1 1 2 1 0
-6.676596800086539e-05 2 1 1 1 0 1 2 0 0 0
-3.290923077868473e-05 2 1 1 1 0 1 2 0 0 3
0.0004664809327679244 2 1 1 1 0 1 2 0 3 0
7.013196255703013e-05 2 1 1 1 0 1 2 0 3 3
1.3340695259681666e-05 2 1 1 1 0 1 2 1 1 0
0.00011492972821874388 2 1 1 1 0 1 2 2 2 0
0.1692469904867585 2 1 1 1 0 1 2 3 0 0
0.01884507549862311 2 1 1 1 0 1 2 3 0 3
-0.6491294298286017 2 1 1 1 0 1 2 3 3 0
0.00029631094956869547 2 1 1 1 0 1 2 3 3 3
6.676596800086539e-05 2 1 1 1 0 2 1 0 0 0
3.290923077868473e-05 2 1 1 1 0 2 1 0 0 3
-0.0004664809327679244 2 1 1 1 0 2 1 0 3 0
-7.013196255703013e-05 2 1 1 1 0 2 1 0 3 3
-0.0001149297282187439 2 1 1 1 0 2 1 1 1 0
-1.3340695259681673e-05 2 1 1 1 0 2 1 2 2 0
-0.1692469904867585 2 1 1 1 0 2 1 3 0 0
-0.018845075498623107 2 1 1 1 0 2 1 3 0 3
0.6491294298286018 2 1 1 1 0 2 1 3 3 0
-0.00029631094956869547 2 1 1 1 0 2 1 3 3 3
-6.045489238783899e-05 2 1 1 1 0 2 2 1 2 0
-4.113414057122317e-05 2 1 1 1 0 2 2 2 1 0
0.0003627505210425917 2 1 1 1 0 3 0 1 0 2
-0.49680515368391115 2 1 1 1 0 3 0 1 3 2
-0.0003627505210425917 2 1 1 1 0 3 0 2 0 1
0.4968051536839111 2 1 1 1 0 3 0 2 3 1
-4.939197292724741e-05 2 1 1 1 0 3 0 3 1 2
4.939197292724741e-05 2 1 1 1 0 3 0 3 2 1
0.00011286445880016101 2 1 1 1 0 3 3 1 0 2
0.0007036945432828707 2 1 1 1 0 3 3 1 3 2
-0.00011286445880016101 2 1 1 1 0 3 3 2 0 1
-0.0007036945432828707 2 1 1 1 0 3 3 2 3 1
3.5128665870392937e-06 2 1 1 1 3 0 0 1 0 2
-0.004695594131150538 2 1 1 1 3 0 0 1 3 2
-3.5128665870392937e-06 2 1 1 1 3 0 0 2 0 1
0.004695594131150534 2 1 1 1 3 0 0 2 3 1
2.3118921170738807e-05 2 1 1 1 3 0 0 3 1 2
-2.3118921170738807e-05 2 1 1 1 3 0 0 3 2 1
4.362830801404463e-06 2 1 1 1 3 0 3 1 0 2
0.00048674088476534047 2 1 1 1 3 0 3 1 3 2
-4.36283080140446e-06 2 1 1 1 3 0 3 2 0 1
-0.00048674088476534047 2 1 1 1 3 0 3 2 3 1
1.4106651629036405e-08 2 1 1 1 3 1 2 0 0 0
4.281124530628623e-07 2 1 1 1 3 1 2 0 0 3
8.120673218365378e-05 2 1 1 1 3 1 2 0 3 0
-0.027475739877368885 2 1 1 1 3 1 2 3 0 0
-2.2835627646993875e-05 2 1 1 1 3 1 2 3 0 3
0.0003292342869990092 2 1 1 1 3 1 2 3 3 0
0.00011929298581603657 2 1 1 1 3 1 2 3 3 3
-1.4106651629036405e-08 2 1 1 1 3 2 1 0 0 0
-4.281124530628623e-07 2 1 1 1 3 2 1 0 0 3
-8.120673218365378e-05 2 1 1 1 3 2 1 0 3 0
0.027475739877368885 2 1 1 1 3 2 1 3 0 0
2.2835627646993875e-05 2 1 1 1 3 2 1 3 0 3
-0.0003292342869990092 2 1 1 1 3 2 1 3 3 0
-0.00011929298581603657 2 1 1 1 3 2 1 3 3 3
-4.480580820984491e-06 2 1 1 1 3 3 0 0 1 2
4.480580820984491e-06 2 1 1 1 3 3 0 0 2 1
0.00011098983928140309 2 1 1 1 3 3 0 1 0 2
0.0007265398694082406 2 1 1 1 3 3 0 1 3 2
-0.00011098983928140309 2 1 1 1 3 3 0 2 0 1
-0.0007265398694082406 2 1 1 1 3 3 0 2 3 1
-1.7470960499647666e-05 2 1 1 1 3 3 0 3 1 2
1.7470960499647666e-05 2 1 1 1 3 3 0 3 2 1
0.00037777264009792525 2 1 1 1 3 3 3 1 0 2
-0.5173819055676797 2 1 1 1 3 3 3 1 3 2
-0.00037777264009792525 2 1 1 1 3 3 3 2 0 1
0.5173819055676799 2 1 1 1 3 3 3 2 3 1
-4.651780267838375e-05 2 1 1 1 3 3 3 3 1 2
4.6517802678383764e-05 2 1 1 1 3 3 3 3 2 1
6.4810388945989244e-06 2 1 1 2 0 0 0 0 1 1
6.4810388945989244e-06 2 1 1 2 0 0 0 0 2 2
0.0006034440687145441 2 1 1 2 0 0 0 3 1 1
0.0006034440687145441 2 1 1 2 0 0 0 3 2 2
0.00014860097933107753 2 1 1 2 0 0 3 3 1 1
0.00014860097933107753 2 1 1 2 0 0 3 3 2 2
3.687608223679656e-05 2 1 1 2 0 1 1 0 0 0
-1.5090556338761294e-07 2 1 1 2 0 1 1 1 1 0
1.011928725934063 2 1 1 2 0 1 1 2 2 0
-0.0005132228034927648 2 1 1 2 0 1 1 2 2 3
-3.687608223679659e-05 2 1 1 2 0 1 1 3 3 0
0.16350966403658743 2 1 1 2 0 1 2 1 2 0
-8.286740076824799e-05 2 1 1 2 0 1 2 1 2 3
-1.1754385408762136 2 1 1 2 0 1 2 2 1 0
0.0005960902042610127 2 1 1 2 0 1 2 2 1 3
-1.1754385408762136 2 1 1 2 0 2 1 1 2 0
0.0005960902042610127 2 1 1 2 0 2 1 1 2 3
0.16350966403658748 2 1 1 2 0 2 1 2 1 0
-8.286740076824799e-05 2 1 1 2 0 2 1 2 1 3
3.6876082236796546e-05 2 1 1 2 0 2 2 0 0 0
1.011928725934063 2 1 1 2 0 2 2 1 1 0
-0.0005132228034927648 2 1 1 2 0 2 2 1 1 3
-1.5090556338761294e-07 2 1 1 2 0 2 2 2 2 0
-3.687608223679658e-05 2 1 1 2 0 2 2 3 3 0
0.00047002058024426423 2 1 1 2 0 3 0 0 1 1
0.00047002058024426423 2 1 1 2 0 3 0 0 2 2
1.3154383387318667e-05 2 1 1 2 0 3 0 1 3 1
1.315438338731867e-05 2 1 1 2 0 3 0 2 3 2
-0.6437169157792486 2 1 1 2 0 3 0 3 1 1
-0.6437169157792487 2 1 1 2 0 3 0 3 2 2
0.00014623995097715642 2 1 1 2 0 3 3 0 1 1
0.00014623995097715642 2 1 1 2 0 3 3 0 2 2
0.0009117861956418886 2 1 1 2 0 3 3 3 1 1
0.0009117861956418886 2 1 1 2 0 3 3 3 2 2
4.5516670432764664e-06 2 1 1 2 3 0 0 0 1 1
4.5516670432764664e-06 2 1 1 2 3 0 0 0 2 2
-3.218178074834238e-05 2 1 1 2 3 0 0 1 3 1
-3.218178074834238e-05 2 1 1 2 3 0 0 2 3 2
-0.006084142544500569 2 1 1 2 3 0 0 3 1 1
-0.00608414254450057 2 1 1 2 3 0 0 3 2 2
5.65297675904066e-06 2 1 1 2 3 0 3 0 1 1
5.65297675904066e-06 2 1 1 2 3 0 3 0 2 2
0.0006306765113072035 2 1 1 2 3 0 3 3 1 1
0.0006306765113072035 2 1 1 2 3 0 3 3 2 2
-0.0005132228034927648 2 1 1 2 3 1 1 2 2 0
-0.00018443395626209968 2 1 1 2 3 1 1 2 2 3
-8.286740076824799e-05 2 1 1 2 3 1 2 1 2 0
-2.7661198955921086e-05 2 1 1 2 3 1 2 1 2 3
0.0005960902042610127 2 1 1 2 3 1 2 2 1 0
0.0002120951552180208 2 1 1 2 3 1 2 2 1 3
0.0005960902042610127 2 1 1 2 3 2 1 1 2 0
0.0002120951552180208 2 1 1 2 3 2 1 1 2 3
-8.286740076824799e-05 2 1 1 2 3 2 1 2 1 0
-2.7661198955921086e-05 2 1 1 2 3 2 1 2 1 3
-0.0005132228034927648 2 1 1 2 3 2 2 1 1 0
-0.00018443395626209968 2 1 1 2 3 2 2 1 1 3
0.0001438109820223734 2 1 1 2 3 3 0 0 1 1
0.0001438109820223734 2 1 1 2 3 3 0 0 2 2
7.452091083755373e-06 2 1 1 2 3 3 0 1 0 1
-3.51813637034781e-05 2 1 1 2 3 3 0 1 3 1
7.452091083755373e-06 2 1 1 2 3 3 0 2 0 2
-3.51813637034781e-05 2 1 1 2 3 3 0 2 3 2
0.000941387182596929 2 1 1 2 3 3 0 3 1 1
0.000941387182596929 2 1 1 2 3 3 0 3 2 2
0.000489484935787002 2 1 1 2 3 3 3 0 1 1
0.000489484935787002 2 1 1 2 3 3 3 0 2 2
8.438591019858536e-06 2 1 1 2 3 3 3 1 3 1
8.438591019858526e-06 2 1 1 2 3 3 3 2 3 2
-0.6703784815080982 2 1 1 2 3 3 3 3 1 1
-0.6703784815080981 2 1 1 2 3 3 3 3 2 2
7.4239038780599895e-06 2 1 1 3 1 1 1 3 1 2
-4.5306713372366925e-05 2 1 1 3 1 1 1 3 2 1
-1.3942057220898816e-05 2 1 1 3 1 1 2 3 1 1
-5.182486671520563e-05 2 1 1 3 1 1 2 3 2 2
5.182486671520562e-05 2 1 1 3 1 2 1 3 1 1
1.3942057220898816e-05 2 1 1 3 1 2 1 3 2 2
4.5306713372366925e-05 2 1 1 3 1 2 2 3 1 2
-7.423903878060017e-06 2 1 1 3 1 2 2 3 2 1
1.1028595630124624e-06 2 1 1 3 1 3 0 1 2 0
-1.1028595630124624e-06 2 1 1 3 1 3 0 2 1 0
0.01408875124940757 2 1 1 3 2 0 0 0 0 0
0.0019382336562839063 2 1 1 3 2 0 0 0 0 3
-3.348190529337808 2 1 1 3 2 0 0 0 3 0
0.015854846271835712 2 1 1 3 2 0 0 0 3 3
0.002867091193880312 2 1 1 3 2 0 0 1 1 0
0.00044501132383474964 2 1 1 3 2 0 0 1 1 3
0.002867091193880312 2 1 1 3 2 0 0 2 2 0
0.00044501132383474964 2 1 1 3 2 0 0 2 2 3
-5.61264938330143 2 1 1 3 2 0 0 3 0 0
0.017030166946725902 2 1 1 3 2 0 0 3 0 3
-69.61962464114367 2 1 1 3 2 0 0 3 3 0
-8.60771426074535 2 1 1 3 2 0 0 3 3 3
0.0017429879030060717 2 1 1 3 2 0 3 0 0 0
0.01573712851505185 2 1 1 3 2 0 3 0 3 0
0.0020144927557582794 2 1 1 3 2 0 3 0 3 3
0.00041252206011951003 2 1 1 3 2 0 3 1 1 0
0.00041252206011951003 2 1 1 3 2 0 3 2 2 0
0.017797038876595807 2 1 1 3 2 0 3 3 0 0
0.0020574557065464886 2 1 1 3 2 0 3 3 0 3
-7.56584375836577 2 1 1 3 2 0 3 3 3 0
0.014588293785228591 2 1 1 3 2 0 3 3 3 3
0.002756306946022287 2 1 1 3 2 1 1 0 2 2
-0.003928900801393092 2 1 1 3 2 1 1 2 0 2
-0.0006844992905887845 2 1 1 3 2 1 1 2 3 2
5.5045641898788985e-06 2 1 1 3 2 1 1 3 1 1
-3.7103150863546595 2 1 1 3 2 1 1 3 2 2
-3.2923337430313776e-05 2 1 1 3 2 1 2 0 1 2
-0.0027233836085919726 2 1 1 3 2 1 2 0 2 1
-0.00013917264860993528 2 1 1 3 2 1 2 1 0 2
-3.0436414818556747e-05 2 1 1 3 2 1 2 1 3 2
0.004068073450003026 2 1 1 3 2 1 2 2 0 1
0.0007149357054073411 2 1 1 3 2 1 2 2 3 1
0.0463347574332129 2 1 1 3 2 1 2 3 1 2
3.663985833485637 2 1 1 3 2 1 2 3 2 1
-0.0027233836085919726 2 1 1 3 2 2 1 0 1 2
-3.2923337430313776e-05 2 1 1 3 2 2 1 0 2 1
0.004068073450003026 2 1 1 3 2 2 1 1 0 2
0.0007149357054073411 2 1 1 3 2 2 1 1 3 2
-0.00013917264860993528 2 1 1 3 2 2 1 2 0 1
-3.0436414818556747e-05 2 1 1 3 2 2 1 2 3 1
3.663985833485637 2 1 1 3 2 2 1 3 1 2
0.04633475743321291 2 1 1 3 2 2 1 3 2 1
0.002756306946022287 2 1 1 3 2 2 2 0 1 1
-0.003928900801393092 2 1 1 3 2 2 2 1 0 1
-0.0006844992905887845 2 1 1 3 2 2 2 1 3 1
-3.710315086354659 2 1 1 3 2 2 2 3 1 1
5.504564189878885e-06 2 1 1 3 2 2 2 3 2 2
-7.950799987186573 2 1 1 3 2 3 0 0 0 0
0.016335360340164414 2 1 1 3 2 3 0 0 0 3
-54.840154218173716 2 1 1 3 2 3 0 0 3 0
-8.309471887156606 2 1 1 3 2 3 0 0 3 3
-0.32538705797172673 2 1 1 3 2 3 0 1 1 0
0.0002178604389424189 2 1 1 3 2 3 0 1 1 3
-0.32538705797172673 2 1 1 3 2 3 0 2 2 0
0.0002178604389424189 2 1 1 3 2 3 0 2 2 3
-55.06604096531294 2 1 1 3 2 3 0 3 0 0
-8.309002354638556 2 1 1 3 2 3 0 3 0 3
37341.10200768109 2 1 1 3 2 3 0 3 3 0
-37.856930878194966 2 1 1 3 2 3 0 3 3 3
0.01834555104594328 2 1 1 3 2 3 3 0 0 0
0.002054761961409791 2 1 1 3 2 3 3 0 0 3
-7.5730514133070095 2 1 1 3 2 3 3 0 3 0
0.013669285089101552 2 1 1 3 2 3 3 0 3 3
0.0003460572404239079 2 1 1 3 2 3 3 1 1 0
1.1032680905353436e-05 2 1 1 3 2 3 3 1 1 3
0.0003460572404239079 2 1 1 3 2 3 3 2 2 0
1.1032680905353438e-05 2 1 1 3 2 3 3 2 2 3
-7.599699351081566 2 1 1 3 2 3 3 3 0 0
0.013693045471354725 2 1 1 3 2 3 3 3 0 3
-66.30083301732077 2 1 1 3 2 3 3 3 3 0
-3.222408692001792 2 1 1 3 2 3 3 3 3 3
-3.628603201465617e-06 2 1 2 0 1 0 0 1 1 0
-3.628603201465617e-06 2 1 2 0 1 0 0 2 2 0
-2.403340360873185e-05 2 1 2 0 1 0 0 3 3 0
3.5170469686163965e-07 2 1 2 0 1 1 1 0 2 2
4.268094238221467e-06 2 1 2 0 1 1 1 1 0 1
0.33324872684427215 2 1 2 0 1 1 1 2 0 2
-0.00024604315968778485 2 1 2 0 1 1 1 2 3 2
3.8845241242505815e-05 2 1 2 0 1 1 1 3 2 2
1.0723064929762022e-05 2 1 2 0 1 1 2 0 1 2
-1.1074769626623664e-05 2 1 2 0 1 1 2 0 2 1
-0.5223276931308227 2 1 2 0 1 1 2 1 0 2
0.0003852158082977201 2 1 2 0 1 1 2 1 3 2
0.18908323438078867 2 1 2 0 1 1 2 2 0 1
-0.0001391726486099353 2 1 2 0 1 1 2 2 3 1
-5.921903812192005e-06 2 1 2 0 1 1 2 3 1 2
-3.2923337430313816e-05 2 1 2 0 1 1 2 3 2 1
-1.1074769626623664e-05 2 1 2 0 1 2 1 0 1 2
1.0723064929762022e-05 2 1 2 0 1 2 1 0 2 1
0.1890832343807887 2 1 2 0 1 2 1 1 0 2
-0.0001391726486099353 2 1 2 0 1 2 1 1 3 2
-0.5223276931308227 2 1 2 0 1 2 1 2 0 1
0.0003852158082977201 2 1 2 0 1 2 1 2 3 1
-3.2923337430313816e-05 2 1 2 0 1 2 1 3 1 2
-5.921903812192005e-06 2 1 2 0 1 2 1 3 2 1
3.5170469686163965e-07 2 1 2 0 1 2 2 0 1 1
0.33324872684427215 2 1 2 0 1 2 2 1 0 1
-0.00024604315968778485 2 1 2 0 1 2 2 1 3 1
4.268094238221467e-06 2 1 2 0 1 2 2 2 0 2
3.8845241242505815e-05 2 1 2 0 1 2 2 3 1 1
-2.1738840199319286e-05 2 1 2 0 1 3 0 0 3 0
-6.0369771027352e-06 2 1 2 0 1 3 0 1 1 0
-1.0701526365716236e-06 2 1 2 0 1 3 0 1 1 3
-6.0369771027352e-06 2 1 2 0 1 3 0 2 2 0
-1.0701526365716236e-06 2 1 2 0 1 3 0 2 2 3
-2.64339894342359e-05 2 1 2 0 1 3 0 3 0 0
-0.0001850418644431407 2 1 2 0 1 3 0 3 3 0
-2.5218796781843874e-05 2 1 2 0 1 3 0 3 3 3
1.4895380529381858e-06 2 1 2 0 1 3 3 1 1 0
1.4895380529381858e-06 2 1 2 0 1 3 3 2 2 0
-2.18620466639766e-05 2 1 2 0 1 3 3 3 3 0
2.7141819499985026e-05 2 1 2 0 2 0 0 1 2 0
-2.7141819499985033e-05 2 1 2 0 2 0 0 2 1 0
-4.237368646148817e-05 2 1 2 0 2 1 1 1 0 2
-4.546404813826287e-06 2 1 2 0 2 1 1 2 0 1
7.746790423268478e-05 2 1 2 0 2 1 2 1 0 1
3.054781295737065e-05 2 1 2 0 2 1 2 2 0 2
-3.054781295737062e-05 2 1 2 0 2 2 1 1 0 1
-7.746790423268478e-05 2 1 2 0 2 2 1 2 0 2
4.546404813826314e-06 2 1 2 0 2 2 2 1 0 2
4.237368646148817e-05 2 1 2 0 2 2 2 2 0 1
-1.4480588686260389e-05 2 1 2 0 2 3 0 1 2 0
5.756335856487962e-06 2 1 2 0 2 3 0 1 2 3
1.4480588686260389e-05 2 1 2 0 2 3 0 2 1 0
-5.756335856487962e-06 2 1 2 0 2 3 0 2 1 3
-1.7896195118127988e-06 2 1 2 0 2 3 3 1 2 0
1.7896195118127988e-06 2 1 2 0 2 3 3 2 1 0
-9.94976970607973e-07 2 1 2 1 0 1 1 0 0 0
8.598032381090401e-07 2 1 2 1 0 1 1 1 1 0
0.6718592781901279 2 1 2 1 0 1 1 2 2 0
-0.00034074582175717884 2 1 2 1 0 1 1 2 2 3
9.949769706079527e-07 2 1 2 1 0 1 1 3 3 0
-0.8353680824234775 2 1 2 1 0 1 2 1 2 0
0.0004236132225254269 2 1 2 1 0 1 2 1 2 3
0.16350966403658745 2 1 2 1 0 1 2 2 1 0
-8.286740076824799e-05 2 1 2 1 0 1 2 2 1 3
0.16350966403658745 2 1 2 1 0 2 1 1 2 0
-8.286740076824799e-05 2 1 2 1 0 2 1 1 2 3
-0.8353680824234775 2 1 2 1 0 2 1 2 1 0
0.0004236132225254269 2 1 2 1 0 2 1 2 1 3
-9.949769706079764e-07 2 1 2 1 0 2 2 0 0 0
0.6718592781901279 2 1 2 1 0 2 2 1 1 0
-0.00034074582175717884 2 1 2 1 0 2 2 1 1 3
8.598032381090401e-07 2 1 2 1 0 2 2 2 2 0
9.949769706079527e-07 2 1 2 1 0 2 2 3 3 0
-4.39408296895708e-05 2 1 2 1 0 3 0 1 3 1
-4.394082968957079e-05 2 1 2 1 0 3 0 2 3 2
-5.695059207226136e-07 2 1 2 1 0 3 0 3 1 1
-5.695059207226136e-07 2 1 2 1 0 3 0 3 2 2
2.905923985165166e-05 2 1 2 1 3 0 0 1 3 1
2.905923985165166e-05 2 1 2 1 3 0 0 2 3 2
1.3031797169039876e-06 2 1 2 1 3 0 0 3 1 1
1.3031797169039876e-06 2 1 2 1 3 0 0 3 2 2
-0.00034074582175717884 2 1 2 1 3 1 1 2 2 0
-0.00012215622558527954 2 1 2 1 3 1 1 2 2 3
0.0004236132225254269 2 1 2 1 3 1 2 1 2 0
0.00014981742454120062 2 1 2 1 3 1 2 1 2 3
-8.286740076824799e-05 2 1 2 1 3 1 2 2 1 0
-2.7661198955921086e-05 2 1 2 1 3 1 2 2 1 3
-8.286740076824799e-05 2 1 2 1 3 2 1 1 2 0
-2.7661198955921086e-05 2 1 2 1 3 2 1 1 2 3
0.0004236132225254269 2 1 2 1 3 2 1 2 1 0
0.00014981742454120062 2 1 2 1 3 2 1 2 1 3
-0.00034074582175717884 2 1 2 1 3 2 2 1 1 0
-0.00012215622558527954 2 1 2 1 3 2 2 1 1 3
-1.4414101095997955e-06 2 1 2 1 3 3 0 0 1 1
-1.4414101095997955e-06 2 1 2 1 3 3 0 0 2 2
-3.938651369059939e-06 2 1 2 1 3 3 0 1 0 1
-1.341010087126274e-05 2 1 2 1 3 3 0 1 3 1
-3.938651369059939e-06 2 1 2 1 3 3 0 2 0 2
-1.341010087126274e-05 2 1 2 1 3 3 0 2 3 2
4.29301601280078e-05 2 1 2 1 3 3 0 3 1 1
4.29301601280078e-05 2 1 2 1 3 3 0 3 2 2
-4.044410367786441e-05 2 1 2 1 3 3 3 1 3 1
-4.044410367786441e-05 2 1 2 1 3 3 3 2 3 2
-5.346044058028675e-07 2 1 2 1 3 3 3 3 1 1
-5.346044058028675e-07 2 1 2 1 3 3 3 3 2 2
-1.2807289758545521e-05 2 1 2 2 0 1 1 1 2 0
-1.2285984295863211e-05 2 1 2 2 0 1 1 2 1 0
-0.6491339612426407 2 1 2 2 0 1 2 0 0 0
0.0002962847582961133 2 1 2 2 0 1 2 0 0 3
0.0004664809327679247 2 1 2 2 0 1 2 0 3 0
7.013196255703016e-05 2 1 2 2 0 1 2 0 3 3
3.843396931409046e-05 2 1 2 2 0 1 2 1 1 0
1.3340695259681674e-05 2 1 2 2 0 1 2 2 2 0
0.16924699048675848 2 1 2 2 0 1 2 3 0 0
0.018845075498623173 2 1 2 2 0 1 2 3 0 3
-6.223455396229837e-05 2 1 2 2 0 1 2 3 3 0
-3.28830395061024e-05 2 1 2 2 0 1 2 3 3 3
0.6491339612426408 2 1 2 2 0 2 1 0 0 0
-0.0002962847582961133 2 1 2 2 0 2 1 0 0 3
-0.0004664809327679247 2 1 2 2 0 2 1 0 3 0
-7.013196255703016e-05 2 1 2 2 0 2 1 0 3 3
-1.3340695259681688e-05 2 1 2 2 0 2 1 1 1 0
-3.843396931409046e-05 2 1 2 2 0 2 1 2 2 0
-0.16924699048675848 2 1 2 2 0 2 1 3 0 0
-0.018845075498623166 2 1 2 2 0 2 1 3 0 3
6.223455396229837e-05 2 1 2 2 0 2 1 3 3 0
3.28830395061024e-05 2 1 2 2 0 2 1 3 3 3
1.2285984295863198e-05 2 1 2 2 0 2 2 1 2 0
1.2807289758545535e-05 2 1 2 2 0 2 2 2 1 0
4.395309017566833e-07 2 1 2 2 0 3 0 1 3 2
-4.395309017566833e-07 2 1 2 2 0 3 0 2 3 1
-9.501573009822093e-06 2 1 2 2 0 3 0 3 1 2
9.501573009822089e-06 2 1 2 2 0 3 0 3 2 1
-1.0057626010192877e-06 2 1 2 2 3 0 0 1 3 2
1.0057626010192877e-06 2 1 2 2 3 0 0 2 3 1
2.7164838127331348e-05 2 1 2 2 3 0 0 3 1 2
-2.7164838127331348e-05 2 1 2 2 3 0 0 3 2 1
0.0003292080957264271 2 1 2 2 3 1 2 0 0 0
0.00011929298581603668 2 1 2 2 3 1 2 0 0 3
8.120673218365383e-05 2 1 2 2 3 1 2 0 3 0
-0.027475739877368913 2 1 2 2 3 1 2 3 0 0
-2.2835627646993888e-05 2 1 2 2 3 1 2 3 0 3
4.0297924211431226e-08 2 1 2 2 3 1 2 3 3 0
4.281124530628573e-07 2 1 2 2 3 1 2 3 3 3
-0.0003292080957264271 2 1 2 2 3 2 1 0 0 0
-0.00011929298581603668 2 1 2 2 3 2 1 0 0 3
-8.120673218365383e-05 2 1 2 2 3 2 1 0 3 0
0.02747573987736891 2 1 2 2 3 2 1 3 0 0
2.2835627646993888e-05 2 1 2 2 3 2 1 3 0 3
-4.0297924211431226e-08 2 1 2 2 3 2 1 3 3 0
-4.281124530628572e-07 2 1 2 2 3 2 1 3 3 3
-9.03299047323835e-06 2 1 2 2 3 3 0 0 1 2
9.03299047323835e-06 2 1 2 2 3 3 0 0 2 1
1.1124454763696722e-06 2 1 2 2 3 3 0 1 0 2
-3.3132459746302315e-05 2 1 2 2 3 3 0 1 3 2
-1.1124454763696722e-06 2 1 2 2 3 3 0 2 0 1
3.3132459746302315e-05 2 1 2 2 3 3 0 2 3 1
4.5489633764134926e-05 2 1 2 2 3 3 0 3 1 2
-4.5489633764134926e-05 2 1 2 2 3 3 0 3 2 1
4.125947562888917e-07 2 1 2 2 3 3 3 1 3 2
-4.125947562888917e-07 2 1 2 2 3 3 3 2 3 1
-5.047842587644731e-06 2 1 2 2 3 3 3 3 1 2
5.047842587644731e-06 2 1 2 2 3 3 3 3 2 1
-1.5746371226237977e-05 2 1 2 3 1 0 0 0 3 0
-2.1009966000929857e-05 2 1 2 3 1 0 0 3 0 0
-0.0002285501335256377 2 1 2 3 1 0 0 3 3 0
-2.747050527318975e-05 2 1 2 3 1 0 0 3 3 3
-1.749669780117208e-05 2 1 2 3 1 0 3 3 3 0
3.8845241242505835e-05 2 1 2 3 1 1 1 0 2 2
-0.0002460431596877847 2 1 2 3 1 1 1 2 0 2
-4.8835791482737907e-05 2 1 2 3 1 1 1 2 3 2
-1.6743171408473363e-06 2 1 2 3 1 1 1 3 1 1
-0.05025048267748599 2 1 2 3 1 1 1 3 2 2
-5.921903812192011e-06 2 1 2 3 1 1 2 0 1 2
-3.292333743031383e-05 2 1 2 3 1 1 2 0 2 1
0.00038521580829771994 2 1 2 3 1 1 2 1 0 2
7.927220630129465e-05 2 1 2 3 1 1 2 1 3 2
-0.00013917264860993528 2 1 2 3 1 1 2 2 0 1
-3.043641481855674e-05 2 1 2 3 1 1 2 2 3 1
0.003914050927132192 2 1 2 3 1 1 2 3 1 2
0.04633475743321298 2 1 2 3 1 1 2 3 2 1
-3.292333743031383e-05 2 1 2 3 1 2 1 0 1 2
-5.921903812192011e-06 2 1 2 3 1 2 1 0 2 1
-0.00013917264860993528 2 1 2 3 1 2 1 1 0 2
-3.043641481855674e-05 2 1 2 3 1 2 1 1 3 2
0.00038521580829771994 2 1 2 3 1 2 1 2 0 1
7.927220630129465e-05 2 1 2 3 1 2 1 2 3 1
0.04633475743321298 2 1 2 3 1 2 1 3 1 2
0.00391405092713219 2 1 2 3 1 2 1 3 2 1
3.8845241242505835e-05 2 1 2 3 1 2 2 0 1 1
-0.0002460431596877847 2 1 2 3 1 2 2 1 0 1
-4.8835791482737907e-05 2 1 2 3 1 2 2 1 3 1
-0.05025048267748599 2 1 2 3 1 2 2 3 1 1
-1.6743171408473367e-06 2 1 2 3 1 2 2 3 2 2
-2.1340519386224034e-05 2 1 2 3 1 3 0 0 0 0
-0.00024068119043429807 2 1 2 3 1 3 0 0 3 0
-1.805884682864068e-05 2 1 2 3 1 3 0 0 3 3
-6.580299527545872e-07 2 1 2 3 1 3 0 1 1 0
-6.580299527545872e-07 2 1 2 3 1 3 0 2 2 0
-0.00015776276838151866 2 1 2 3 1 3 0 3 0 0
-2.4368931747347118e-05 2 1 2 3 1 3 0 3 0 3
0.20433489132136134 2 1 2 3 1 3 0 3 3 0
-0.0001469290059554259 2 1 2 3 1 3 0 3 3 3
-2.436010281488309e-05 2 1 2 3 1 3 3 0 3 0
-2.007751538535957e-05 2 1 2 3 1 3 3 3 0 0
-0.0001931526704000916 2 1 2 3 1 3 3 3 3 0
-1.5349656291617844e-05 2 1 2 3 1 3 3 3 3 3
-5.27006477169042e-06 2 1 2 3 2 1 1 3 1 2
-1.2798259073453173e-05 2 1 2 3 2 1 1 3 2 1
4.12626662424467e-06 2 1 2 3 2 1 2 3 1 1
-1.3942057220898975e-05 2 1 2 3 2 1 2 3 2 2
1.3942057220899002e-05 2 1 2 3 2 2 1 3 1 1
-4.126266624244657e-06 2 1 2 3 2 2 1 3 2 2
1.2798259073453163e-05 2 1 2 3 2 2 2 3 1 2
5.27006477169042e-06 2 1 2 3 2 2 2 3 2 1
2.596218034241077e-05 2 1 2 3 2 3 0 1 2 0
-2.5962180342410777e-05 2 1 2 3 2 3 0 2 1 0
-21.217369018622765 2 1 3 0 0 1 2 0 0 0
-3.4389582484783685 2 1 3 0 0 1 2 0 0 3
-3.239166087702815 2 1 3 0 0 1 2 0 3 0
0.0065836342740814 2 1 3 0 0 1 2 0 3 3
0.00046648093276792417 2 1 3 0 0 1 2 1 1 0
8.120673218365378e-05 2 1 3 0 0 1 2 1 1 3
0.0004664809327679246 2 1 3 0 0 1 2 2 2 0
8.120673218365383e-05 2 1 3 0 0 1 2 2 2 3
-4.578131976244924 2 1 3 0 0 1 2 3 0 0
0.007262699248779042 2 1 3 0 0 1 2 3 0 3
0.008057541460925209 2 1 3 0 0 1 2 3 3 0
0.0012527304601310447 2 1 3 0 0 1 2 3 3 3
21.217369018622765 2 1 3 0 0 2 1 0 0 0
3.4389582484783685 2 1 3 0 0 2 1 0 0 3
3.2391660877028143 2 1 3 0 0 2 1 0 3 0
-0.0065836342740814 2 1 3 0 0 2 1 0 3 3
-0.0004664809327679246 2 1 3 0 0 2 1 1 1 0
-8.120673218365383e-05 2 1 3 0 0 2 1 1 1 3
-0.00046648093276792417 2 1 3 0 0 2 1 2 2 0
-8.120673218365378e-05 2 1 3 0 0 2 1 2 2 3
4.578131976244924 2 1 3 0 0 2 1 3 0 0
-0.007262699248779042 2 1 3 0 0 2 1 3 0 3
-0.008057541460925209 2 1 3 0 0 2 1 3 3 0
-0.0012527304601310447 2 1 3 0 0 2 1 3 3 3
8.914571542710975e-05 2 1 3 0 0 3 0 0 1 2
-8.914571542710975e-05 2 1 3 0 0 3 0 0 2 1
0.00013523027717300072 2 1 3 0 3 0 0 0 1 2
-0.00013523027717300072 2 1 3 0 3 0 0 0 2 1
-3.2498444662846238 2 1 3 0 3 1 2 0 0 0
0.006826307032740035 2 1 3 0 3 1 2 0 0 3
0.006600884035793644 2 1 3 0 3 1 2 0 3 0
0.0013047446446870753 2 1 3 0 3 1 2 0 3 3
7.013196255703013e-05 2 1 3 0 3 1 2 1 1 0
7.013196255703017e-05 2 1 3 0 3 1 2 2 2 0
0.007262699248779043 2 1 3 0 3 1 2 3 0 0
0.0015447253029072588 2 1 3 0 3 1 2 3 0 3
0.0012889693589013453 2 1 3 0 3 1 2 3 3 0
3.2498444662846238 2 1 3 0 3 2 1 0 0 0
-0.006826307032740035 2 1 3 0 3 2 1 0 0 3
-0.006600884035793644 2 1 3 0 3 2 1 0 3 0
-0.0013047446446870753 2 1 3 0 3 2 1 0 3 3
-7.013196255703017e-05 2 1 3 0 3 2 1 1 1 0
-7.013196255703013e-05 2 1 3 0 3 2 1 2 2 0
-0.007262699248779043 2 1 3 0 3 2 1 3 0 0
-0.0015447253029072588 2 1 3 0 3 2 1 3 0 3
-0.0012889693589013453 2 1 3 0 3 2 1 3 3 0
0.0007000364328832592 2 1 3 0 3 3 0 0 1 2
-0.0007000364328832592 2 1 3 0 3 3 0 0 2 1
-0.00013283957264188415 2 1 3 0 3 3 0 1 3 2
0.00013283957264188415 2 1 3 0 3 3 0 2 3 1
0.00011756227238132353 2 1 3 0 3 3 0 3 1 2
-0.00011756227238132353 2 1 3 0 3 3 0 3 2 1
9.753490607118967e-05 2 1 3 0 3 3 3 0 1 2
-9.753490607118967e-05 2 1 3 0 3 3 3 0 2 1
3.884524124250577e-05 2 1 3 1 1 1 1 1 0 2
3.5170469686163494e-07 2 1 3 1 1 1 1 1 3 2
-3.2923337430313755e-05 2 1 3 1 1 1 2 1 0 1
-1.1074769626623658e-05 2 1 3 1 1 1 2 1 3 1
5.921903812192008e-06 2 1 3 1 1 1 2 2 0 2
-1.0723064929762022e-05 2 1 3 1 1 1 2 2 3 2
-5.921903812192008e-06 2 1 3 1 1 2 1 1 0 1
1.0723064929762022e-05 2 1 3 1 1 2 1 1 3 1
3.2923337430313755e-05 2 1 3 1 1 2 1 2 0 2
1.1074769626623658e-05 2 1 3 1 1 2 1 2 3 2
-3.884524124250577e-05 2 1 3 1 1 2 2 2 0 1
-3.5170469686163494e-07 2 1 3 1 1 2 2 2 3 1
1.6103134001832138e-06 2 1 3 1 1 3 0 1 2 0
-1.6103134001832138e-06 2 1 3 1 1 3 0 2 1 0
-0.013743961677927598 2 1 3 1 2 0 0 0 0 0
-0.0019458951119203152 2 1 3 1 2 0 0 0 0 3
6.449050112179507 2 1 3 1 2 0 0 0 3 0
-0.014711104433343464 2 1 3 1 2 0 0 0 3 3
-0.0014895020978199411 2 1 3 1 2 0 0 3 0 0
-0.013732246316959454 2 1 3 1 2 0 0 3 3 0
-0.0019252291388480937 2 1 3 1 2 0 0 3 3 3
-0.0017620808175711957 2 1 3 1 2 0 3 0 0 0
-0.016134753181092393 2 1 3 1 2 0 3 0 3 0
-0.0017363568384524115 2 1 3 1 2 0 3 0 3 3
-0.001740824742728136 2 1 3 1 2 0 3 3 3 0
-0.0024847690172044795 2 1 3 1 2 1 1 0 2 2
-0.0004515274384670524 2 1 3 1 2 1 1 3 2 2
-0.00015642241032217736 2 1 3 1 2 1 2 0 1 2
0.002641191427526657 2 1 3 1 2 1 2 0 2 1
-3.6238898770300406e-05 2 1 3 1 2 1 2 3 1 2
0.00048776633723735284 2 1 3 1 2 1 2 3 2 1
0.002641191427526657 2 1 3 1 2 2 1 0 1 2
-0.00015642241032217736 2 1 3 1 2 2 1 0 2 1
0.00048776633723735284 2 1 3 1 2 2 1 3 1 2
-3.6238898770300406e-05 2 1 3 1 2 2 1 3 2 1
-0.0024847690172044795 2 1 3 1 2 2 2 0 1 1
-0.0004515274384670524 2 1 3 1 2 2 2 3 1 1
6.461534680649163 2 1 3 1 2 3 0 0 0 0
-0.013187847161713931 2 1 3 1 2 3 0 0 0 3
42.75560488813569 2 1 3 1 2 3 0 0 3 0
6.909111939991664 2 1 3 1 2 3 0 0 3 3
-3.3639535606658445e-05 2 1 3 1 2 3 0 1 1 0
-3.3639535606658445e-05 2 1 3 1 2 3 0 2 2 0
-0.014619912418746297 2 1 3 1 2 3 0 3 0 0
-0.0022657833308445826 2 1 3 1 2 3 0 3 0 3
7.113971500097836 2 1 3 1 2 3 0 3 3 0
-0.013497478302587594 2 1 3 1 2 3 0 3 3 3
-0.014882482672429212 2 1 3 1 2 3 3 0 0 0
-0.0017097127474657967 2 1 3 1 2 3 3 0 0 3
6.392684862213305 2 1 3 1 2 3 3 0 3 0
-0.011288310876056053 2 1 3 1 2 3 3 0 3 3
-0.0020837285560419833 2 1 3 1 2 3 3 3 0 0
-0.015457224272470439 2 1 3 1 2 3 3 3 3 0
-0.001731778109276505 2 1 3 1 2 3 3 3 3 3
1.8548399895518676e-05 2 1 3 2 1 0 0 0 3 0
-0.0002256906921863935 2 1 3 2 1 1 1 0 2 2
-4.865152030346334e-05 2 1 3 2 1 1 1 3 2 2
0.0003821131025085708 2 1 3 2 1 1 2 0 1 2
-0.00015642241032217736 2 1 3 2 1 1 2 0 2 1
8.489041907376374e-05 2 1 3 2 1 1 2 3 1 2
-3.6238898770300406e-05 2 1 3 2 1 1 2 3 2 1
-0.00015642241032217736 2 1 3 2 1 2 1 0 1 2
0.0003821131025085708 2 1 3 2 1 2 1 0 2 1
-3.6238898770300406e-05 2 1 3 2 1 2 1 3 1 2
8.489041907376374e-05 2 1 3 2 1 2 1 3 2 1
-0.0002256906921863935 2 1 3 2 1 2 2 0 1 1
-4.865152030346334e-05 2 1 3 2 1 2 2 3 1 1
1.6192740327376277e-05 2 1 3 2 1 3 0 0 0 0
0.0001428108375734474 2 1 3 2 1 3 0 0 3 0
1.9463257689539466e-05 2 1 3 2 1 3 0 0 3 3
1.428989516666111e-06 2 1 3 2 1 3 0 1 1 0
1.428989516666111e-06 2 1 3 2 1 3 0 2 2 0
2.0985885001298973e-05 2 1 3 2 1 3 0 3 3 0
1.6872599098306253e-05 2 1 3 2 1 3 3 0 3 0
0.0024628324752941364 2 1 3 2 2 0 0 1 2 0
0.0003781578046382764 2 1 3 2 2 0 0 1 2 3
-0.0024628324752941364 2 1 3 2 2 0 0 2 1 0
-0.0003781578046382764 2 1 3 2 2 0 0 2 1 3
0.0003500919954585878 2 1 3 2 2 0 3 1 2 0
-0.0003500919954585878 2 1 3 2 2 0 3 2 1 0
-0.0027563069460222857 2 1 3 2 2 1 1 1 0 2
-0.00044465604958040454 2 1 3 2 2 1 1 1 3 2
0.002723383608591972 2 1 3 2 2 1 2 1 0 1
0.00043358127995378086 2 1 3 2 2 1 2 1 3 1
-3.2923337430313816e-05 2 1 3 2 2 1 2 2 0 2
-1.1074769626623664e-05 2 1 3 2 2 1 2 2 3 2
3.2923337430313816e-05 2 1 3 2 2 2 1 1 0 1
1.1074769626623664e-05 2 1 3 2 2 2 1 1 3 1
-0.002723383608591972 2 1 3 2 2 2 1 2 0 2
-0.00043358127995378086 2 1 3 2 2 2 1 2 3 2
0.0027563069460222857 2 1 3 2 2 2 2 2 0 1
0.00044465604958040454 2 1 3 2 2 2 2 2 3 1
-0.4219705755084225 2 1 3 2 2 3 0 1 2 0
0.00025480825669574575 2 1 3 2 2 3 0 1 2 3
0.4219705755084225 2 1 3 2 2 3 0 2 1 0
-0.00025480825669574575 2 1 3 2 2 3 0 2 1 3
0.00042281402384557074 2 1 3 2 2 3 3 1 2 0
1.4295188511046098e-05 2 1 3 2 2 3 3 1 2 3
-0.00042281402384557074 2 1 3 2 2 3 3 2 1 0
-1.4295188511046098e-05 2 1 3 2 2 3 3 2 1 3
-0.6490652662099102 2 1 3 3 0 1 1 1 2 0
0.00032919398907479806 2 1 3 3 0 1 1 1 2 3
-1.9290647297374474e-06 2 1 3 3 0 1 1 2 1 0
-3.0756430829709682 2 1 3 3 0 1 2 0 0 0
0.00665718928363533 2 1 3 3 0 1 2 0 0 3
0.007813134740294799 2 1 3 3 0 1 2 0 3 0
0.0012464221298252262 2 1 3 3 0 1 2 0 3 3
-6.676596800086537e-05 2 1 3 3 0 1 2 1 1 0
1.410665162901777e-08 2 1 3 3 0 1 2 1 1 3
-0.6491339612426409 2 1 3 3 0 1 2 2 2 0
0.00032920809572642705 2 1 3 3 0 1 2 2 2 3
0.008057541460925209 2 1 3 3 0 1 2 3 0 0
0.0012889693589013453 2 1 3 3 0 1 2 3 0 3
0.0013624521489089497 2 1 3 3 0 1 2 3 3 0
3.0756430829709682 2 1 3 3 0 2 1 0 0 0
-0.00665718928363533 2 1 3 3 0 2 1 0 0 3
-0.007813134740294799 2 1 3 3 0 2 1 0 3 0
-0.0012464221298252262 2 1 3 3 0 2 1 0 3 3
0.6491339612426409 2 1 3 3 0 2 1 1 1 0
-0.00032920809572642705 2 1 3 3 0 2 1 1 1 3
6.676596800086537e-05 2 1 3 3 0 2 1 2 2 0
-1.410665162901777e-08 2 1 3 3 0 2 1 2 2 3
-0.008057541460925209 2 1 3 3 0 2 1 3 0 0
-0.0012889693589013453 2 1 3 3 0 2 1 3 0 3
-0.0013624521489089497 2 1 3 3 0 2 1 3 3 0
1.9290647297374474e-06 2 1 3 3 0 2 2 1 2 0
0.6490652662099101 2 1 3 3 0 2 2 2 1 0
-0.00032919398907479806 2 1 3 3 0 2 2 2 1 3
-7.883508113998903e-05 2 1 3 3 0 3 0 1 3 2
7.883508113998903e-05 2 1 3 3 0 3 0 2 3 1
-0.00018268675338725194 2 1 3 3 3 0 0 1 3 2
0.00018268675338725194 2 1 3 3 3 0 0 2 3 1
0.000329193989074798 2 1 3 3 3 1 1 1 2 0
0.00011886487336297383 2 1 3 3 3 1 1 1 2 3
0.006361594224703218 2 1 3 3 3 1 2 0 0 0
0.0012770834457311543 2 1 3 3 3 1 2 0 0 3
0.0012159857150066695 2 1 3 3 3 1 2 0 3 0
-3.2909230778684736e-05 2 1 3 3 3 1 2 1 1 0
4.281124530628623e-07 2 1 3 3 3 1 2 1 1 3
0.0002962847582961133 2 1 3 3 3 1 2 2 2 0
0.00011929298581603671 2 1 3 3 3 1 2 2 2 3
0.0012527304601310447 2 1 3 3 3 1 2 3 0 0
-0.006361594224703218 2 1 3 3 3 2 1 0 0 0
-0.0012770834457311543 2 1 3 3 3 2 1 0 0 3
-0.0012159857150066695 2 1 3 3 3 2 1 0 3 0
-0.0002962847582961133 2 1 3 3 3 2 1 1 1 0
-0.00011929298581603671 2 1 3 3 3 2 1 1 1 3
3.2909230778684736e-05 2 1 3 3 3 2 1 2 2 0
-4.281124530628623e-07 2 1 3 3 3 2 1 2 2 3
-0.0012527304601310447 2 1 3 3 3 2 1 3 0 0
-0.000329193989074798 2 1 3 3 3 2 2 2 1 0
-0.00011886487336297383 2 1 3 3 3 2 2 2 1 3
0.00010252237075635299 2 1 3 3 3 3 0 0 1 2
-0.00010252237075635299 2 1 3 3 3 3 0 0 2 1
-0.00014064814993510128 2 1 3 3 3 3 0 1 0 2
-0.0009347841949819577 2 1 3 3 3 3 0 1 3 2
0.0001406481499351013 2 1 3 3 3 3 0 2 0 1
0.0009347841949819577 2 1 3 3 3 3 0 2 3 1
-9.215256817105667e-05 2 1 3 3 3 3 3 1 3 2
9.215256817105669e-05 2 1 3 3 3 3 3 2 3 1
0.5943730576708938 2 2 0 0 0 0 0 0 1 1
0.5943730576708938 2 2 0 0 0 0 0 0 2 2
0.00017807212263132365 2 2 0 0 0 0 0 1 0 1
0.0009445497015949124 2 2 0 0 0 0 0 1 3 1
0.00017807212263132365 2 2 0 0 0 0 0 2 0 2
0.0009445497015949124 2 2 0 0 0 0 0 2 3 2
-0.0007459604957035167 2 2 0 0 0 0 0 3 1 1
-0.0007459604957035167 2 2 0 0 0 0 0 3 2 2
-0.0009713823282307408 2 2 0 0 0 0 3 0 1 1
-0.0009713823282307409 2 2 0 0 0 0 3 0 2 2
0.00018967733418003734 2 2 0 0 0 0 3 1 3 1
0.0001896773341800373 2 2 0 0 0 0 3 2 3 2
-0.00014447441647033227 2 2 0 0 0 0 3 3 1 1
-0.00014447441647033227 2 2 0 0 0 0 3 3 2 2
-3.476622369684939 2 2 0 0 0 1 1 0 0 0
0.0019889773430346105 2 2 0 0 0 1 1 0 0 3
0.0026474891908242646 2 2 0 0 0 1 1 0 3 0
0.0003643954731980182 2 2 0 0 0 1 1 0 3 3
4.341478602621872e-05 2 2 0 0 0 1 1 1 1 0
7.533680760030085e-06 2 2 0 0 0 1 1 2 2 0
0.002678153935040467 2 2 0 0 0 1 1 3 0 0
0.0003508122590082541 2 2 0 0 0 1 1 3 0 3
0.0003694980631351534 2 2 0 0 0 1 1 3 3 0
3.687608223679658e-05 2 2 0 0 0 1 2 1 2 0
-9.949769706079546e-07 2 2 0 0 0 1 2 2 1 0
-9.94976970607958e-07 2 2 0 0 0 2 1 1 2 0
3.687608223679659e-05 2 2 0 0 0 2 1 2 1 0
-3.476622369684939 2 2 0 0 0 2 2 0 0 0
0.0019889773430346105 2 2 0 0 0 2 2 0 0 3
0.0026474891908242646 2 2 0 0 0 2 2 0 3 0
0.0003643954731980182 2 2 0 0 0 2 2 0 3 3
7.533680760030085e-06 2 2 0 0 0 2 2 1 1 0
4.341478602621872e-05 2 2 0 0 0 2 2 2 2 0
0.002678153935040467 2 2 0 0 0 2 2 3 0 0
0.0003508122590082541 2 2 0 0 0 2 2 3 0 3
0.0003694980631351534 2 2 0 0 0 2 2 3 3 0
0.9220674544538641 2 2 0 0 0 3 0 0 1 1
0.9220674544538641 2 2 0 0 0 3 0 0 2 2
0.0005554565558744323 2 2 0 0 0 3 0 1 0 1
-0.26226659172420014 2 2 0 0 0 3 0 1 3 1
0.0005554565558744323 2 2 0 0 0 3 0 2 0 2
-0.26226659172420014 2 2 0 0 0 3 0 2 3 2
0.21809141077626926 2 2 0 0 0 3 0 3 1 1
0.21809141077626926 2 2 0 0 0 3 0 3 2 2
0.18973203695004978 2 2 0 0 0 3 3 0 1 1
0.18973203695004978 2 2 0 0 0 3 3 0 2 2
8.913577144223117e-05 2 2 0 0 0 3 3 1 0 1
0.0005494993718706054 2 2 0 0 0 3 3 1 3 1
8.913577144223117e-05 2 2 0 0 0 3 3 2 0 2
0.0005494993718706054 2 2 0 0 0 3 3 2 3 2
-0.000430422850947603 2 2 0 0 0 3 3 3 1 1
-0.000430422850947603 2 2 0 0 0 3 3 3 2 2
1.696153380045379 2 2 0 0 3 0 0 0 1 1
1.696153380045379 2 2 0 0 3 0 0 0 2 2
0.0006514069687230857 2 2 0 0 3 0 0 1 0 1
-0.25473223478838974 2 2 0 0 3 0 0 1 3 1
0.0006514069687230857 2 2 0 0 3 0 0 2 0 2
-0.2547322347883898 2 2 0 0 3 0 0 2 3 2
0.1959244221708014 2 2 0 0 3 0 0 3 1 1
0.1959244221708014 2 2 0 0 3 0 0 3 2 2
0.5206146859464814 2 2 0 0 3 0 3 0 1 1
0.5206146859464814 2 2 0 0 3 0 3 0 2 2
0.00016332050884960506 2 2 0 0 3 0 3 1 0 1
0.0009721890297538062 2 2 0 0 3 0 3 1 3 1
0.00016332050884960506 2 2 0 0 3 0 3 2 0 2
0.0009721890297538062 2 2 0 0 3 0 3 2 3 2
-0.0007365604723055896 2 2 0 0 3 0 3 3 1 1
-0.0007365604723055896 2 2 0 0 3 0 3 3 2 2
0.0019889773430346105 2 2 0 0 3 1 1 0 0 0
0.0005634297532132534 2 2 0 0 3 1 1 0 0 3
0.00039607659578513827 2 2 0 0 3 1 1 0 3 0
0.00038467707286754017 2 2 0 0 3 1 1 3 0 0
0.0019889773430346105 2 2 0 0 3 2 2 0 0 0
0.0005634297532132533 2 2 0 0 3 2 2 0 0 3
0.0003960765957851383 2 2 0 0 3 2 2 0 3 0
0.0003846770728675402 2 2 0 0 3 2 2 3 0 0
-910.6567780052293 2 2 0 0 3 3 0 0 1 1
-910.6567780052293 2 2 0 0 3 3 0 0 2 2
-0.29108319166797286 2 2 0 0 3 3 0 1 0 1
-1.7389400094617868 2 2 0 0 3 3 0 1 3 1
-0.29108319166797286 2 2 0 0 3 3 0 2 0 2
-1.7389400094617868 2 2 0 0 3 3 0 2 3 2
1.3502742480349634 2 2 0 0 3 3 0 3 1 1
1.3502742480349634 2 2 0 0 3 3 0 3 2 2
1.6151097878732072 2 2 0 0 3 3 3 0 1 1
1.615109787873207 2 2 0 0 3 3 3 0 2 2
0.000636061163967879 2 2 0 0 3 3 3 1 0 1
-0.2614714316168631 2 2 0 0 3 3 3 1 3 1
0.000636061163967879 2 2 0 0 3 3 3 2 0 2
-0.2614714316168631 2 2 0 0 3 3 3 2 3 2
0.1851083086256855 2 2 0 0 3 3 3 3 1 1
0.1851083086256855 2 2 0 0 3 3 3 3 2 2
-3.5627906026935237 2 2 0 1 1 0 0 0 0 0
0.012230194004278225 2 2 0 1 1 0 0 0 0 3
-50.96677629384842 2 2 0 1 1 0 0 0 3 0
-6.315814065954385 2 2 0 1 1 0 0 0 3 3
3.5557837543442564e-05 2 2 0 1 1 0 0 1 1 0
3.555783754344255e-05 2 2 0 1 1 0 0 2 2 0
0.010153711908927655 2 2 0 1 1 0 0 3 0 0
0.00139974508823542 2 2 0 1 1 0 0 3 0 3
-2.7811215108401384 2 2 0 1 1 0 0 3 3 0
0.011784947994168805 2 2 0 1 1 0 0 3 3 3
0.0125613104840098 2 2 0 1 1 0 3 0 0 0
0.0014825218490263092 2 2 0 1 1 0 3 0 0 3
-5.562459910737369 2 2 0 1 1 0 3 0 3 0
0.010562274177684725 2 2 0 1 1 0 3 0 3 3
0.0012585597854164912 2 2 0 1 1 0 3 3 0 0
0.011849867212310638 2 2 0 1 1 0 3 3 3 0
0.0014771811886493276 2 2 0 1 1 0 3 3 3 3
2.533743141102738e-06 2 2 0 1 1 1 1 0 1 1
-3.6602342629443556 2 2 0 1 1 1 1 0 2 2
7.99809619364479e-06 2 2 0 1 1 1 1 1 0 1
-4.69587245610566e-06 2 2 0 1 1 1 1 2 0 2
0.0027104597093908743 2 2 0 1 1 1 1 3 2 2
0.3069206289123263 2 2 0 1 1 1 2 0 1 2
3.353316167775171 2 2 0 1 1 1 2 0 2 1
7.423903878059989e-06 2 2 0 1 1 1 2 1 0 2
5.2700647716903835e-06 2 2 0 1 1 1 2 2 0 1
-0.00022569069218639364 2 2 0 1 1 1 2 3 1 2
-0.002484769017204481 2 2 0 1 1 1 2 3 2 1
3.353316167775171 2 2 0 1 1 2 1 0 1 2
0.3069206289123263 2 2 0 1 1 2 1 0 2 1
5.2700647716903835e-06 2 2 0 1 1 2 1 1 0 2
7.423903878059989e-06 2 2 0 1 1 2 1 2 0 1
-0.002484769017204481 2 2 0 1 1 2 1 3 1 2
-0.00022569069218639364 2 2 0 1 1 2 1 3 2 1
-3.660234262944355 2 2 0 1 1 2 2 0 1 1
2.5337431411027583e-06 2 2 0 1 1 2 2 0 2 2
-4.69587245610566e-06 2 2 0 1 1 2 2 1 0 1
7.998096193644803e-06 2 2 0 1 1 2 2 2 0 2
0.0027104597093908743 2 2 0 1 1 2 2 3 1 1
-40.31325386339373 2 2 0 1 1 3 0 0 0 0
-6.114316754389044 2 2 0 1 1 3 0 0 0 3
27336.15322617854 2 2 0 1 1 3 0 0 3 0
-27.71408852343576 2 2 0 1 1 3 0 0 3 3
-1.755274000879263e-05 2 2 0 1 1 3 0 1 1 0
-4.346746565064281e-06 2 2 0 1 1 3 0 1 1 3
-1.755274000879263e-05 2 2 0 1 1 3 0 2 2 0
-4.346746565064281e-06 2 2 0 1 1 3 0 2 2 3
-5.820579377338613 2 2 0 1 1 3 0 3 0 0
0.01198205063974037 2 2 0 1 1 3 0 3 0 3
-40.146195029154384 2 2 0 1 1 3 0 3 3 0
-6.083038154869651 2 2 0 1 1 3 0 3 3 3
-5.563658576691701 2 2 0 1 1 3 3 0 0 0
0.009939722098319784 2 2 0 1 1 3 3 0 0 3
-48.53708881485377 2 2 0 1 1 3 3 0 3 0
-2.206492181361957 2 2 0 1 1 3 3 0 3 3
6.639069652595258e-06 2 2 0 1 1 3 3 1 1 0
6.639069652595244e-06 2 2 0 1 1 3 3 2 2 0
0.013445164041153437 2 2 0 1 1 3 3 3 0 0
0.0014933572185268625 2 2 0 1 1 3 3 3 0 3
-5.5638282945044395 2 2 0 1 1 3 3 3 3 0
0.009905039119755349 2 2 0 1 1 3 3 3 3 3
0.0322870222001054 2 2 0 1 2 0 0 1 2 0
-3.725105818015512e-05 2 2 0 1 2 0 0 1 2 3
-0.0322870222001054 2 2 0 1 2 0 0 2 1 0
3.725105818015512e-05 2 2 0 1 2 0 0 2 1 3
-4.2989133019933235e-05 2 2 0 1 2 0 3 1 2 0
-4.5234360001275885e-06 2 2 0 1 2 0 3 1 2 3
4.2989133019933235e-05 2 2 0 1 2 0 3 2 1 0
4.5234360001275885e-06 2 2 0 1 2 0 3 2 1 3
-3.4214865728222943e-05 2 2 0 1 2 1 1 0 1 2
9.412317491363717e-05 2 2 0 1 2 1 1 0 2 1
-3.830247049031591e-06 2 2 0 1 2 1 1 1 0 2
-1.1251889025926369e-05 2 2 0 1 2 1 2 0 1 1
4.865642015948774e-05 2 2 0 1 2 1 2 0 2 2
5.504564189878871e-06 2 2 0 1 2 1 2 1 0 1
1.6743171408473365e-06 2 2 0 1 2 1 2 2 0 2
-4.8656420159487764e-05 2 2 0 1 2 2 1 0 1 1
1.1251889025926355e-05 2 2 0 1 2 2 1 0 2 2
-1.6743171408473365e-06 2 2 0 1 2 2 1 1 0 1
-5.504564189878871e-06 2 2 0 1 2 2 1 2 0 2
-9.412317491363712e-05 2 2 0 1 2 2 2 0 1 2
3.4214865728222943e-05 2 2 0 1 2 2 2 0 2 1
3.830247049031591e-06 2 2 0 1 2 2 2 2 0 1
0.0172266686079314 2 2 0 1 2 3 0 1 2 0
0.02031690529460735 2 2 0 1 2 3 0 1 2 3
-0.017226668607931397 2 2 0 1 2 3 0 2 1 0
-0.020316905294607352 2 2 0 1 2 3 0 2 1 3
0.01356050322529982 2 2 0 1 2 3 3 1 2 0
-2.658542013760021e-05 2 2 0 1 2 3 3 1 2 3
-0.013560503225299819 2 2 0 1 2 3 3 2 1 0
2.658542013760021e-05 2 2 0 1 2 3 3 2 1 3
2.705062487798318 2 2 0 2 1 0 0 1 2 0
-0.0013905077678915362 2 2 0 2 1 0 0 1 2 3
-2.705062487798318 2 2 0 2 1 0 0 2 1 0
0.0013905077678915362 2 2 0 2 1 0 0 2 1 3
-0.002435305566887836 2 2 0 2 1 0 3 1 2 0
-3.924007514050896e-05 2 2 0 2 1 0 3 1 2 3
0.002435305566887836 2 2 0 2 1 0 3 2 1 0
3.924007514050897e-05 2 2 0 2 1 0 3 2 1 3
8.606654291961694e-05 2 2 0 2 1 1 1 0 1 2
-3.421486572822292e-05 2 2 0 2 1 1 1 0 2 1
-3.7605617387850967 2 2 0 2 1 1 1 1 0 2
0.0027951521872647926 2 2 0 2 1 1 1 1 3 2
-3.83024704903173e-06 2 2 0 2 1 1 1 2 0 1
-4.5134869519316255e-05 2 2 0 2 1 1 2 0 1 1
6.71680767207763e-06 2 2 0 2 1 1 2 0 2 2
3.71031508635466 2 2 0 2 1 1 2 1 0 1
-0.0027563069460222866 2 2 0 2 1 1 2 1 3 1
-0.050250482677486004 2 2 0 2 1 1 2 2 0 2
3.8845241242505835e-05 2 2 0 2 1 1 2 2 3 2
-6.7168076720776235e-06 2 2 0 2 1 2 1 0 1 1
4.5134869519316275e-05 2 2 0 2 1 2 1 0 2 2
0.050250482677486004 2 2 0 2 1 2 1 1 0 1
-3.8845241242505835e-05 2 2 0 2 1 2 1 1 3 1
-3.71031508635466 2 2 0 2 1 2 1 2 0 2
0.0027563069460222866 2 2 0 2 1 2 1 2 3 2
3.421486572822294e-05 2 2 0 2 1 2 2 0 1 2
-8.606654291961691e-05 2 2 0 2 1 2 2 0 2 1
3.830247049031723e-06 2 2 0 2 1 2 2 1 0 2
3.7605617387850967 2 2 0 2 1 2 2 2 0 1
-0.0027951521872647926 2 2 0 2 1 2 2 2 3 1
0.3166532845072957 2 2 0 2 1 3 0 1 2 0
-0.020843094599735445 2 2 0 2 1 3 0 1 2 3
-0.31665328450729563 2 2 0 2 1 3 0 2 1 0
0.020843094599735445 2 2 0 2 1 3 0 2 1 3
-0.0006020963697385492 2 2 0 2 1 3 3 1 2 0
5.005489730753575e-06 2 2 0 2 1 3 3 1 2 3
0.0006020963697385492 2 2 0 2 1 3 3 2 1 0
-5.005489730753575e-06 2 2 0 2 1 3 3 2 1 3
0.29439966791402283 2 2 0 2 2 0 0 0 0 0
-0.0006725311486602445 2 2 0 2 2 0 0 0 0 3
2.764143332947446 2 2 0 2 2 0 0 0 3 0
0.327432909291921 2 2 0 2 2 0 0 0 3 3
-1.0539909833829372e-08 2 2 0 2 2 0 0 1 1 0
-1.0539909833829372e-08 2 2 0 2 2 0 0 2 2 0
-0.0007196457085325927 2 2 0 2 2 0 0 3 0 0
-9.61367907109942e-05 2 2 0 2 2 0 0 3 0 3
0.2774762016664484 2 2 0 2 2 0 0 3 3 0
-0.0006921850568171877 2 2 0 2 2 0 0 3 3 3
-0.0007329994425188662 2 2 0 2 2 0 3 0 0 0
-8.988832667450019e-05 2 2 0 2 2 0 3 0 0 3
0.2766889005422743 2 2 0 2 2 0 3 0 3 0
-0.000696618292436312 2 2 0 2 2 0 3 0 3 3
-8.663614123379063e-05 2 2 0 2 2 0 3 3 0 0
-0.0007366825625122734 2 2 0 2 2 0 3 3 3 0
-9.304001913524199e-05 2 2 0 2 2 0 3 3 3 3
2.53374314110276e-06 2 2 0 2 2 1 1 0 2 2
4.05065504925586e-05 2 2 0 2 2 1 1 1 0 1
7.998096193644974e-06 2 2 0 2 2 1 1 2 0 2
3.390857178902357e-06 2 2 0 2 2 1 2 0 1 2
-5.9246003200051825e-06 2 2 0 2 2 1 2 0 2 1
4.530671337236694e-05 2 2 0 2 2 1 2 1 0 2
-1.2798259073453166e-05 2 2 0 2 2 1 2 2 0 1
-5.9246003200051825e-06 2 2 0 2 2 2 1 0 1 2
3.390857178902357e-06 2 2 0 2 2 2 1 0 2 1
-1.279825907345318e-05 2 2 0 2 2 2 1 1 0 2
4.530671337236691e-05 2 2 0 2 2 2 1 2 0 1
2.53374314110276e-06 2 2 0 2 2 2 2 0 1 1
7.99809619364498e-06 2 2 0 2 2 2 2 1 0 1
4.05065504925586e-05 2 2 0 2 2 2 2 2 0 2
2.1865095562142742 2 2 0 2 2 3 0 0 0 0
0.29851305375556336 2 2 0 2 2 3 0 0 0 3
-1482.9642795691534 2 2 0 2 2 3 0 0 3 0
1.5030889298905221 2 2 0 2 2 3 0 0 3 3
-4.004060507507967e-05 2 2 0 2 2 3 0 1 1 0
1.911557303079867e-06 2 2 0 2 2 3 0 1 1 3
-4.004060507507967e-05 2 2 0 2 2 3 0 2 2 0
1.911557303079867e-06 2 2 0 2 2 3 0 2 2 3
0.31567231156193865 2 2 0 2 2 3 0 3 0 0
-0.0006251855619885558 2 2 0 2 2 3 0 3 0 3
2.177293511083479 2 2 0 2 2 3 0 3 3 0
0.3299014484229711 2 2 0 2 2 3 0 3 3 3
0.28076997223149475 2 2 0 2 2 3 3 0 0 0
-0.0006175951868298018 2 2 0 2 2 3 3 0 0 3
2.632440349856189 2 2 0 2 2 3 3 0 3 0
0.280496791597823 2 2 0 2 2 3 3 0 3 3
-2.0356106250636862e-06 2 2 0 2 2 3 3 1 1 0
-2.0356106250636727e-06 2 2 0 2 2 3 3 2 2 0
-0.0007134887507539444 2 2 0 2 2 3 3 3 0 0
-9.245838923342011e-05 2 2 0 2 2 3 3 3 0 3
0.3017396897883237 2 2 0 2 2 3 3 3 3 0
-0.0006552288348453332 2 2 0 2 2 3 3 3 3 3
-0.001142164107193123 2 2 0 3 0 0 0 0 1 1
-0.001142164107193123 2 2 0 3 0 0 0 0 2 2
0.0009665507413253293 2 2 0 3 0 0 0 1 0 1
-0.7701369212236912 2 2 0 3 0 0 0 1 3 1
0.0009665507413253293 2 2 0 3 0 0 0 2 0 2
-0.7701369212236912 2 2 0 3 0 0 0 2 3 2
-0.00013424151610239062 2 2 0 3 0 0 0 3 1 1
-0.00013424151610239062 2 2 0 3 0 0 0 3 2 2
-0.0002554951401914171 2 2 0 3 0 0 3 0 1 1
-0.0002554951401914171 2 2 0 3 0 0 3 0 2 2
0.0001871973853122711 2 2 0 3 0 0 3 1 0 1
0.0012586327491461561 2 2 0 3 0 0 3 1 3 1
0.0001871973853122711 2 2 0 3 0 0 3 2 0 2
0.0012586327491461561 2 2 0 3 0 0 3 2 3 2
0.0026474891908242625 2 2 0 3 0 1 1 0 0 0
0.0003960765957851383 2 2 0 3 0 1 1 0 0 3
0.0004871348046976997 2 2 0 3 0 1 1 0 3 0
5.852751695275851e-05 2 2 0 3 0 1 1 1 1 0
-2.5925270830868562e-05 2 2 0 3 0 1 1 1 1 3
5.85275169527585e-05 2 2 0 3 0 1 1 2 2 0
-2.592527083086859e-05 2 2 0 3 0 1 1 2 2 3
0.00040193913465552705 2 2 0 3 0 1 1 3 0 0
0.0026474891908242633 2 2 0 3 0 2 2 0 0 0
0.0003960765957851384 2 2 0 3 0 2 2 0 0 3
0.0004871348046976997 2 2 0 3 0 2 2 0 3 0
5.85275169527585e-05 2 2 0 3 0 2 2 1 1 0
-2.592527083086859e-05 2 2 0 3 0 2 2 1 1 3
5.852751695275851e-05 2 2 0 3 0 2 2 2 2 0
-2.5925270830868562e-05 2 2 0 3 0 2 2 2 2 3
0.00040193913465552705 2 2 0 3 0 2 2 3 0 0
0.6480991981869368 2 2 0 3 0 3 0 0 1 1
0.6480991981869368 2 2 0 3 0 3 0 0 2 2
-0.28258388477219243 2 2 0 3 0 3 0 1 0 1
-1.194734824146185 2 2 0 3 0 3 0 1 3 1
-0.28258388477219243 2 2 0 3 0 3 0 2 0 2
-1.194734824146185 2 2 0 3 0 3 0 2 3 2
-0.000743679832852485 2 2 0 3 0 3 0 3 1 1
-0.000743679832852485 2 2 0 3 0 3 0 3 2 2
-0.0010823960997282216 2 2 0 3 0 3 3 0 1 1
-0.0010823960997282216 2 2 0 3 0 3 3 0 2 2
0.0005577045005237349 2 2 0 3 0 3 3 1 0 1
-0.245838274310068 2 2 0 3 0 3 3 1 3 1
0.0005577045005237349 2 2 0 3 0 3 3 2 0 2
-0.24583827431006805 2 2 0 3 0 3 3 2 3 2
-0.00017462565337012615 2 2 0 3 0 3 3 3 1 1
-0.00017462565337012615 2 2 0 3 0 3 3 3 2 2
0.19168495150116197 2 2 0 3 3 0 0 0 1 1
0.19168495150116194 2 2 0 3 3 0 0 0 2 2
-0.2538618285869531 2 2 0 3 3 0 0 1 0 1
-2.1977280517223443 2 2 0 3 3 0 0 1 3 1
-0.25386182858695316 2 2 0 3 3 0 0 2 0 2
-2.1977280517223443 2 2 0 3 3 0 0 2 3 2
-0.00048003351999644417 2 2 0 3 3 0 0 3 1 1
-0.00048003351999644417 2 2 0 3 3 0 0 3 2 2
-0.0012285073826417065 2 2 0 3 3 0 3 0 1 1
-0.0012285073826417065 2 2 0 3 3 0 3 0 2 2
0.0009543710084358905 2 2 0 3 3 0 3 1 0 1
-0.6745672371991436 2 2 0 3 3 0 3 1 3 1
0.0009543710084358907 2 2 0 3 3 0 3 2 0 2
-0.6745672371991437 2 2 0 3 3 0 3 2 3 2
-0.00012817797795624332 2 2 0 3 3 0 3 3 1 1
-0.00012817797795624332 2 2 0 3 3 0 3 3 2 2
0.00036439547319801804 2 2 0 3 3 1 1 0 0 0
-2.175742168625535e-05 2 2 0 3 3 1 1 1 1 0
-2.1757421686255377e-05 2 2 0 3 3 1 1 2 2 0
0.00036439547319801804 2 2 0 3 3 2 2 0 0 0
-2.1757421686255377e-05 2 2 0 3 3 2 2 1 1 0
-2.175742168625535e-05 2 2 0 3 3 2 2 2 2 0
1.341433516718358 2 2 0 3 3 3 0 0 1 1
1.3414335167183582 2 2 0 3 3 3 0 0 2 2
-1.7495679502435917 2 2 0 3 3 3 0 1 0 1
1179.9498618807895 2 2 0 3 3 3 0 1 3 1
-1.7495679502435917 2 2 0 3 3 3 0 2 0 2
1179.9498618807897 2 2 0 3 3 3 0 2 3 2
0.2039494881475022 2 2 0 3 3 3 0 3 1 1
0.2039494881475022 2 2 0 3 3 3 0 3 2 2
0.7191865013436226 2 2 0 3 3 3 3 0 1 1
0.7191865013436226 2 2 0 3 3 3 3 0 2 2
-0.23984724922852332 2 2 0 3 3 3 3 1 0 1
-2.0927188125671212 2 2 0 3 3 3 3 1 3 1
-0.23984724922852332 2 2 0 3 3 3 3 2 0 2
-2.0927188125671212 2 2 0 3 3 3 3 2 3 2
-0.000850389637059383 2 2 0 3 3 3 3 3 1 1
-0.000850389637059383 2 2 0 3 3 3 3 3 2 2
-0.0017958014896161676 2 2 1 0 1 0 0 0 0 0
-0.015565714916986068 2 2 1 0 1 0 0 0 3 0
-0.002187379542868662 2 2 1 0 1 0 0 0 3 3
3.3439092729923923 2 2 1 0 1 0 0 1 1 0
-0.0017299077926735324 2 2 1 0 1 0 0 1 1 3
3.3439092729923923 2 2 1 0 1 0 0 2 2 0
-0.0017299077926735324 2 2 1 0 1 0 0 2 2 3
-0.01799659890377877 2 2 1 0 1 0 0 3 0 0
-0.002545885887628954 2 2 1 0 1 0 0 3 0 3
7.926270714397291 2 2 1 0 1 0 0 3 3 0
-0.018094704208459066 2 2 1 0 1 0 0 3 3 3
-0.0019758397370037255 2 2 1 0 1 0 3 0 3 0
-0.003012402176258166 2 2 1 0 1 0 3 1 1 0
-4.698720313312708e-05 2 2 1 0 1 0 3 1 1 3
-0.003012402176258166 2 2 1 0 1 0 3 2 2 0
-4.698720313312705e-05 2 2 1 0 1 0 3 2 2 3
-0.0023085643194535417 2 2 1 0 1 0 3 3 0 0
-0.01985345316219205 2 2 1 0 1 0 3 3 3 0
-0.0021176013388151415 2 2 1 0 1 0 3 3 3 3
-0.00044500775427726617 2 2 1 0 1 1 1 0 2 2
4.540552111629071e-06 2 2 1 0 1 1 1 1 0 1
-5.63053250611369 2 2 1 0 1 1 1 2 0 2
0.004174943961080878 2 2 1 0 1 1 1 2 3 2
-0.0027951521872647917 2 2 1 0 1 1 1 3 2 2
3.5170469686163436e-07 2 2 1 0 1 1 2 0 1 2
0.0004446560495804046 2 2 1 0 1 1 2 0 2 1
0.33324872684427215 2 2 1 0 1 1 2 1 0 2
-0.00024604315968778485 2 2 1 0 1 1 2 1 3 2
5.297288319821534 2 2 1 0 1 1 2 2 0 1
-0.0039289008013930924 2 2 1 0 1 1 2 2 3 1
3.8845241242505774e-05 2 2 1 0 1 1 2 3 1 2
0.002756306946022286 2 2 1 0 1 1 2 3 2 1
0.0004446560495804046 2 2 1 0 1 2 1 0 1 2
3.5170469686163436e-07 2 2 1 0 1 2 1 0 2 1
5.297288319821534 2 2 1 0 1 2 1 1 0 2
-0.0039289008013930924 2 2 1 0 1 2 1 1 3 2
0.3332487268442722 2 2 1 0 1 2 1 2 0 1
-0.00024604315968778485 2 2 1 0 1 2 1 2 3 1
0.002756306946022286 2 2 1 0 1 2 1 3 1 2
3.8845241242505774e-05 2 2 1 0 1 2 1 3 2 1
-0.00044500775427726617 2 2 1 0 1 2 2 0 1 1
-5.630532506113691 2 2 1 0 1 2 2 1 0 1
0.004174943961080878 2 2 1 0 1 2 2 1 3 1
4.5405521116290505e-06 2 2 1 0 1 2 2 2 0 2
-0.0027951521872647917 2 2 1 0 1 2 2 3 1 1
-0.01796885312514165 2 2 1 0 1 3 0 0 0 0
-0.0027900687827806356 2 2 1 0 1 3 0 0 0 3
7.9419453215230575 2 2 1 0 1 3 0 0 3 0
-0.016212662919607972 2 2 1 0 1 3 0 0 3 3
0.4105838263046305 2 2 1 0 1 3 0 1 1 0
-0.016312699173466824 2 2 1 0 1 3 0 1 1 3
0.4105838263046305 2 2 1 0 1 3 0 2 2 0
-0.016312699173466824 2 2 1 0 1 3 0 2 2 3
8.743138400077367 2 2 1 0 1 3 0 3 0 0
-0.016615552454233507 2 2 1 0 1 3 0 3 0 3
52.549047447696815 2 2 1 0 1 3 0 3 3 0
8.491702882319402 2 2 1 0 1 3 0 3 3 3
-0.0025643860363807284 2 2 1 0 1 3 3 0 0 0
-0.0182863323800336 2 2 1 0 1 3 3 0 3 0
-0.002086716750077826 2 2 1 0 1 3 3 0 3 3
-0.0007432103659663554 2 2 1 0 1 3 3 1 1 0
-2.9681869689215168e-06 2 2 1 0 1 3 3 1 1 3
-0.0007432103659663554 2 2 1 0 1 3 3 2 2 0
-2.9681869689215168e-06 2 2 1 0 1 3 3 2 2 3
-0.019022343032128596 2 2 1 0 1 3 3 3 0 0
-0.0021033689189516383 2 2 1 0 1 3 3 3 0 3
7.856985020717852 2 2 1 0 1 3 3 3 3 0
-0.01372740715902508 2 2 1 0 1 3 3 3 3 3
-8.134447606162286e-09 2 2 1 0 2 0 0 1 2 0
8.134447606162286e-09 2 2 1 0 2 0 0 2 1 0
-3.840536597091537e-05 2 2 1 0 2 1 1 1 0 2
0.00011534606415627517 2 2 1 0 2 1 1 2 0 1
-4.546404813826241e-06 2 2 1 0 2 1 2 1 0 1
7.239429337153366e-05 2 2 1 0 2 1 2 2 0 2
-7.239429337153366e-05 2 2 1 0 2 2 1 1 0 1
4.546404813826241e-06 2 2 1 0 2 2 1 2 0 2
-0.00011534606415627517 2 2 1 0 2 2 2 1 0 2
3.840536597091537e-05 2 2 1 0 2 2 2 2 0 1
-3.090237101170668e-05 2 2 1 0 2 3 0 1 2 0
1.4752937144467886e-06 2 2 1 0 2 3 0 1 2 3
3.090237101170668e-05 2 2 1 0 2 3 0 2 1 0
-1.4752937144467886e-06 2 2 1 0 2 3 0 2 1 3
-1.57103506935365e-06 2 2 1 0 2 3 3 1 2 0
1.5710350693536567e-06 2 2 1 0 2 3 3 2 1 0
-2.0471689079336646e-05 2 2 1 1 0 0 0 0 1 1
-2.047168907933665e-05 2 2 1 1 0 0 0 0 2 2
-0.000561328297117224 2 2 1 1 0 0 0 3 1 1
-0.000561328297117224 2 2 1 1 0 0 0 3 2 2
-0.00014519642787193265 2 2 1 1 0 0 3 3 1 1
-0.00014519642787193265 2 2 1 1 0 0 3 3 2 2
1.4937681765271527e-05 2 2 1 1 0 1 1 0 0 0
-7.088976747214238e-07 2 2 1 1 0 1 1 1 1 0
-1.6837887130218647 2 2 1 1 0 1 1 2 2 0
0.0008539686252499435 2 2 1 1 0 1 1 2 2 3
5.85275169527587e-05 2 2 1 1 0 1 1 3 0 0
-2.1757421686255354e-05 2 2 1 1 0 1 1 3 0 3
4.3414786026218704e-05 2 2 1 1 0 1 1 3 3 0
0.6718592781901278 2 2 1 1 0 1 2 1 2 0
-0.00034074582175717884 2 2 1 1 0 1 2 1 2 3
1.0119287259340635 2 2 1 1 0 1 2 2 1 0
-0.0005132228034927648 2 2 1 1 0 1 2 2 1 3
1.0119287259340632 2 2 1 1 0 2 1 1 2 0
-0.0005132228034927648 2 2 1 1 0 2 1 1 2 3
0.6718592781901278 2 2 1 1 0 2 1 2 1 0
-0.00034074582175717884 2 2 1 1 0 2 1 2 1 3
1.493768176527152e-05 2 2 1 1 0 2 2 0 0 0
-1.6837887130218647 2 2 1 1 0 2 2 1 1 0
0.0008539686252499435 2 2 1 1 0 2 2 1 1 3
-7.088976747214238e-07 2 2 1 1 0 2 2 2 2 0
5.85275169527587e-05 2 2 1 1 0 2 2 3 0 0
-2.1757421686255354e-05 2 2 1 1 0 2 2 3 0 3
4.3414786026218704e-05 2 2 1 1 0 2 2 3 3 0
-0.00044040416269761 2 2 1 1 0 3 0 0 1 1
-0.00044040416269761 2 2 1 1 0 3 0 0 2 2
2.9257244793976415e-05 2 2 1 1 0 3 0 1 3 1
2.9257244793976415e-05 2 2 1 1 0 3 0 2 3 2
0.6106167462770703 2 2 1 1 0 3 0 3 1 1
0.6106167462770702 2 2 1 1 0 3 0 3 2 2
-0.00014168445782948333 2 2 1 1 0 3 3 0 1 1
-0.00014168445782948333 2 2 1 1 0 3 3 0 2 2
-0.0008812677663873466 2 2 1 1 0 3 3 3 1 1
-0.0008812677663873466 2 2 1 1 0 3 3 3 2 2
2.0347929597827263e-05 2 2 1 1 3 0 0 0 1 1
2.0347929597827263e-05 2 2 1 1 3 0 0 0 2 2
1.759780188864984e-06 2 2 1 1 3 0 0 1 3 1
1.7597801888649763e-06 2 2 1 1 3 0 0 2 3 2
-0.009178972101920244 2 2 1 1 3 0 0 3 1 1
-0.009178972101920244 2 2 1 1 3 0 0 3 2 2
-2.5320768304268386e-05 2 2 1 1 3 0 3 0 1 1
-2.5320768304268386e-05 2 2 1 1 3 0 3 0 2 2
-0.0006140349383786181 2 2 1 1 3 0 3 3 1 1
-0.0006140349383786181 2 2 1 1 3 0 3 3 2 2
0.0008539686252499435 2 2 1 1 3 1 1 2 2 0
0.0003065901818473792 2 2 1 1 3 1 1 2 2 3
-2.5925270830868565e-05 2 2 1 1 3 1 1 3 0 0
-0.00034074582175717884 2 2 1 1 3 1 2 1 2 0
-0.00012215622558527954 2 2 1 1 3 1 2 1 2 3
-0.0005132228034927648 2 2 1 1 3 1 2 2 1 0
-0.00018443395626209968 2 2 1 1 3 1 2 2 1 3
-0.0005132228034927648 2 2 1 1 3 2 1 1 2 0
-0.00018443395626209968 2 2 1 1 3 2 1 1 2 3
-0.00034074582175717884 2 2 1 1 3 2 1 2 1 0
-0.00012215622558527954 2 2 1 1 3 2 1 2 1 3
0.0008539686252499435 2 2 1 1 3 2 2 1 1 0
0.0003065901818473792 2 2 1 1 3 2 2 1 1 3
-2.5925270830868565e-05 2 2 1 1 3 2 2 3 0 0
-0.013474855448300972 2 2 1 1 3 3 0 0 1 1
-0.013474855448300972 2 2 1 1 3 3 0 0 2 2
-2.8800148712446754e-06 2 2 1 1 3 3 0 1 0 1
1.1955746775374465e-05 2 2 1 1 3 3 0 1 3 1
-2.8800148712446754e-06 2 2 1 1 3 3 0 2 0 2
1.1955746775374465e-05 2 2 1 1 3 3 0 2 3 2
-0.011525639612902958 2 2 1 1 3 3 0 3 1 1
-0.011525639612902958 2 2 1 1 3 3 0 3 2 2
-0.00047957454804605914 2 2 1 1 3 3 3 0 1 1
-0.00047957454804605914 2 2 1 1 3 3 3 0 2 2
3.040413516111745e-05 2 2 1 1 3 3 3 1 3 1
3.0404135161117455e-05 2 2 1 1 3 3 3 2 3 2
0.6704012849618276 2 2 1 1 3 3 3 3 1 1
0.6704012849618275 2 2 1 1 3 3 3 3 2 2
-2.090858046153884e-05 2 2 1 2 0 0 0 1 0 2
3.673595861768562e-05 2 2 1 2 0 0 0 1 3 2
2.090858046153884e-05 2 2 1 2 0 0 0 2 0 1
-3.673595861768562e-05 2 2 1 2 0 0 0 2 3 1
2.517307339282323e-06 2 2 1 2 0 0 3 1 3 2
-2.517307339282323e-06 2 2 1 2 0 0 3 2 3 1
-3.173217384565228e-05 2 2 1 2 0 1 1 1 2 0
0.00010447305052935452 2 2 1 2 0 1 1 2 1 0
0.6490652662099101 2 2 1 2 0 1 2 0 0 0
-0.00032919398907479795 2 2 1 2 0 1 2 0 0 3
-1.2285984295863208e-05 2 2 1 2 0 1 2 1 1 0
6.0454892387839e-05 2 2 1 2 0 1 2 2 2 0
-0.6490652662099096 2 2 1 2 0 1 2 3 3 0
0.0003291939890747978 2 2 1 2 0 1 2 3 3 3
-0.6490652662099101 2 2 1 2 0 2 1 0 0 0
0.00032919398907479795 2 2 1 2 0 2 1 0 0 3
-6.045489238783901e-05 2 2 1 2 0 2 1 1 1 0
1.2285984295863208e-05 2 2 1 2 0 2 1 2 2 0
0.6490652662099097 2 2 1 2 0 2 1 3 3 0
-0.0003291939890747978 2 2 1 2 0 2 1 3 3 3
-0.00010447305052935452 2 2 1 2 0 2 2 1 2 0
3.173217384565227e-05 2 2 1 2 0 2 2 2 1 0
2.2163373425568246e-05 2 2 1 2 0 3 0 1 0 2
-0.025537962721402657 2 2 1 2 0 3 0 1 3 2
-2.2163373425568246e-05 2 2 1 2 0 3 0 2 0 1
0.025537962721402657 2 2 1 2 0 3 0 2 3 1
-3.790899358294409e-05 2 2 1 2 0 3 0 3 1 2
3.790899358294409e-05 2 2 1 2 0 3 0 3 2 1
3.5158194819162484e-06 2 2 1 2 0 3 3 1 0 2
2.4136536271645316e-05 2 2 1 2 0 3 3 1 3 2
-3.5158194819162484e-06 2 2 1 2 0 3 3 2 0 1
-2.4136536271645316e-05 2 2 1 2 0 3 3 2 3 1
2.336288710339809e-05 2 2 1 2 3 0 0 1 0 2
-0.016514366506104015 2 2 1 2 3 0 0 1 3 2
-2.336288710339809e-05 2 2 1 2 3 0 0 2 0 1
0.016514366506104015 2 2 1 2 3 0 0 2 3 1
-2.280170137579374e-06 2 2 1 2 3 0 0 3 1 2
2.280170137579374e-06 2 2 1 2 3 0 0 3 2 1
-2.6241324533233567e-05 2 2 1 2 3 0 3 1 0 2
1.8662054040090526e-05 2 2 1 2 3 0 3 1 3 2
2.6241324533233567e-05 2 2 1 2 3 0 3 2 0 1
-1.8662054040090526e-05 2 2 1 2 3 0 3 2 3 1
-0.00032919398907479806 2 2 1 2 3 1 2 0 0 0
-0.00011886487336297384 2 2 1 2 3 1 2 0 0 3
0.00032919398907479774 2 2 1 2 3 1 2 3 3 0
0.00011886487336297373 2 2 1 2 3 1 2 3 3 3
0.00032919398907479806 2 2 1 2 3 2 1 0 0 0
0.00011886487336297384 2 2 1 2 3 2 1 0 0 3
-0.00032919398907479774 2 2 1 2 3 2 1 3 3 0
-0.00011886487336297374 2 2 1 2 3 2 1 3 3 3
3.731672822974676e-06 2 2 1 2 3 3 0 0 1 2
-3.731672822974676e-06 2 2 1 2 3 3 0 0 2 1
-0.01028554093143678 2 2 1 2 3 3 0 1 0 2
-0.013699712091954796 2 2 1 2 3 3 0 1 3 2
0.010285540931436781 2 2 1 2 3 3 0 2 0 1
0.013699712091954794 2 2 1 2 3 3 0 2 3 1
-1.54912169952616e-05 2 2 1 2 3 3 0 3 1 2
1.54912169952616e-05 2 2 1 2 3 3 0 3 2 1
6.6362506997121805e-06 2 2 1 2 3 3 3 1 0 2
2.652776216304846e-05 2 2 1 2 3 3 3 1 3 2
-6.6362506997121805e-06 2 2 1 2 3 3 3 2 0 1
-2.652776216304846e-05 2 2 1 2 3 3 3 2 3 1
-3.9395034386664744e-05 2 2 1 2 3 3 3 3 1 2
3.939503438666474e-05 2 2 1 2 3 3 3 3 2 1
-0.01315629692095446 2 2 1 3 1 0 0 0 0 0
-0.0018136679629723379 2 2 1 3 1 0 0 0 0 3
2.988669880821698 2 2 1 3 1 0 0 0 3 0
-0.014995865532022262 2 2 1 3 1 0 0 0 3 3
-0.0028178650918233034 2 2 1 3 1 0 0 1 1 0
-0.0004363514418113016 2 2 1 3 1 0 0 1 1 3
-0.0028178650918233034 2 2 1 3 1 0 0 2 2 0
-0.0004363514418113016 2 2 1 3 1 0 0 2 2 3
5.231219766894648 2 2 1 3 1 0 0 3 0 0
-0.01612086710371989 2 2 1 3 1 0 0 3 0 3
66.03831663139522 2 2 1 3 1 0 0 3 3 0
8.183482641079983 2 2 1 3 1 0 0 3 3 3
-0.0016307323251069867 2 2 1 3 1 0 3 0 0 0
-0.014807950575388688 2 2 1 3 1 0 3 0 3 0
-0.0018992810346522854 2 2 1 3 1 0 3 0 3 3
-0.0004050488183149964 2 2 1 3 1 0 3 1 1 0
-0.0004050488183149964 2 2 1 3 1 0 3 2 2 0
-0.01682193067824351 2 2 1 3 1 0 3 3 0 0
-0.001935644784670466 2 2 1 3 1 0 3 3 0 3
7.207351838712497 2 2 1 3 1 0 3 3 3 0
-0.013685676380080215 2 2 1 3 1 0 3 3 3 3
-0.0027951521872647926 2 2 1 3 1 1 1 0 2 2
0.004174943961080877 2 2 1 3 1 1 1 2 0 2
0.0007333350820715224 2 2 1 3 1 1 1 2 3 2
-3.830247049031604e-06 2 2 1 3 1 1 1 3 1 1
3.7605617387850967 2 2 1 3 1 1 1 3 2 2
3.884524124250579e-05 2 2 1 3 1 1 2 0 1 2
0.0027563069460222866 2 2 1 3 1 1 2 0 2 1
-0.0002460431596877847 2 2 1 3 1 1 2 1 0 2
-4.8835791482737907e-05 2 2 1 3 1 1 2 1 3 2
-0.003928900801393092 2 2 1 3 1 1 2 2 0 1
-0.0006844992905887845 2 2 1 3 1 1 2 2 3 1
-0.050250482677485935 2 2 1 3 1 1 2 3 1 2
-3.71031508635466 2 2 1 3 1 1 2 3 2 1
0.0027563069460222866 2 2 1 3 1 2 1 0 1 2
3.884524124250579e-05 2 2 1 3 1 2 1 0 2 1
-0.003928900801393092 2 2 1 3 1 2 1 1 0 2
-0.0006844992905887845 2 2 1 3 1 2 1 1 3 2
-0.0002460431596877847 2 2 1 3 1 2 1 2 0 1
-4.8835791482737907e-05 2 2 1 3 1 2 1 2 3 1
-3.71031508635466 2 2 1 3 1 2 1 3 1 2
-0.05025048267748593 2 2 1 3 1 2 1 3 2 1
-0.0027951521872647926 2 2 1 3 1 2 2 0 1 1
0.004174943961080877 2 2 1 3 1 2 2 1 0 1
0.0007333350820715224 2 2 1 3 1 2 2 1 3 1
3.7605617387850967 2 2 1 3 1 2 2 3 1 1
-3.830247049031597e-06 2 2 1 3 1 2 2 3 2 2
7.541800597367794 2 2 1 3 1 3 0 0 0 0
-0.01552529925531294 2 2 1 3 1 3 0 0 0 3
52.019063167265195 2 2 1 3 1 3 0 0 3 0
7.922693429466908 2 2 1 3 1 3 0 0 3 3
0.3086354922054732 2 2 1 3 1 3 0 1 1 0
-0.00019496820476392062 2 2 1 3 1 3 0 1 1 3
0.3086354922054732 2 2 1 3 1 3 0 2 2 0
-0.00019496820476392062 2 2 1 3 1 3 0 2 2 3
52.23329392354366 2 2 1 3 1 3 0 3 0 0
7.88157837534705 2 2 1 3 1 3 0 3 0 3
-35419.81018824227 2 2 1 3 1 3 0 3 3 0
35.909505881031514 2 2 1 3 1 3 0 3 3 3
-0.01742107436796836 2 2 1 3 1 3 3 0 0 0
-0.0019349624208576778 2 2 1 3 1 3 3 0 0 3
7.209265856812304 2 2 1 3 1 3 3 0 3 0
-0.012870176124713365 2 2 1 3 1 3 3 0 3 3
-0.000320841098318769 2 2 1 3 1 3 3 1 1 0
-6.4258706845625245e-06 2 2 1 3 1 3 3 1 1 3
-0.000320841098318769 2 2 1 3 1 3 3 2 2 0
-6.4258706845625245e-06 2 2 1 3 1 3 3 2 2 3
7.208763980410067 2 2 1 3 1 3 3 3 0 0
-0.012842939753715355 2 2 1 3 1 3 3 3 0 3
62.89013888265753 2 2 1 3 1 3 3 3 3 0
2.858980691212878 2 2 1 3 1 3 3 3 3 3
7.998096193644788e-06 2 2 1 3 2 1 1 3 1 2
-4.05065504925586e-05 2 2 1 3 2 1 1 3 2 1
-1.2798259073452975e-05 2 2 1 3 2 1 2 3 1 1
-4.5306713372366905e-05 2 2 1 3 2 1 2 3 2 2
4.5306713372366905e-05 2 2 1 3 2 2 1 3 1 1
1.2798259073452947e-05 2 2 1 3 2 2 1 3 2 2
4.050655049255859e-05 2 2 1 3 2 2 2 3 1 2
-7.998096193644794e-06 2 2 1 3 2 2 2 3 2 1
-3.964425298806607e-07 2 2 1 3 2 3 0 1 2 0
3.964425298806607e-07 2 2 1 3 2 3 0 2 1 0
-2.7442679402098415e-05 2 2 2 0 1 0 0 1 2 0
2.744267940209841e-05 2 2 2 0 1 0 0 2 1 0
8.36062005843249e-05 2 2 2 0 1 1 1 1 0 2
-3.8405365970915345e-05 2 2 2 0 1 1 1 2 0 1
-4.237368646148813e-05 2 2 2 0 1 1 2 1 0 1
2.827148151921503e-06 2 2 2 0 1 1 2 2 0 2
-2.8271481519215234e-06 2 2 2 0 1 2 1 1 0 1
4.237368646148813e-05 2 2 2 0 1 2 1 2 0 2
3.840536597091535e-05 2 2 2 0 1 2 2 1 0 2
-8.360620058432492e-05 2 2 2 0 1 2 2 2 0 1
1.3546780399713136e-05 2 2 2 0 1 3 0 1 2 0
3.354713915926256e-06 2 2 2 0 1 3 0 1 2 3
-1.3546780399713136e-05 2 2 2 0 1 3 0 2 1 0
-3.354713915926256e-06 2 2 2 0 1 3 0 2 1 3
-5.12387345776518e-06 2 2 2 0 1 3 3 1 2 0
5.123873457765187e-06 2 2 2 0 1 3 3 2 1 0
0.00013416580107223665 2 2 2 0 2 0 0 0 0 0
0.0009904204747589094 2 2 2 0 2 0 0 0 3 0
0.00013549295694811948 2 2 2 0 2 0 0 0 3 3
-0.0418365133571261 2 2 2 0 2 0 0 1 1 0
3.83400457648582e-05 2 2 2 0 2 0 0 1 1 3
-0.04183651335712609 2 2 2 0 2 0 0 2 2 0
3.83400457648582e-05 2 2 2 0 2 0 0 2 2 3
0.0010485466827951967 2 2 2 0 2 0 0 3 0 0
0.00014710778226867543 2 2 2 0 2 0 0 3 0 3
-0.42987164252775795 2 2 2 0 2 0 0 3 3 0
0.0009666656330530644 2 2 2 0 2 0 0 3 3 3
0.00012289313821997486 2 2 2 0 2 0 3 0 3 0
4.9060345245975954e-05 2 2 2 0 2 0 3 1 1 0
4.461784129071165e-06 2 2 2 0 2 0 3 1 1 3
4.9060345245975954e-05 2 2 2 0 2 0 3 2 2 0
4.461784129071165e-06 2 2 2 0 2 0 3 2 2 3
0.00013146321636414897 2 2 2 0 2 0 3 3 0 0
0.0010525569256187306 2 2 2 0 2 0 3 3 3 0
0.0001322188582030611 2 2 2 0 2 0 3 3 3 3
4.540552111629073e-06 2 2 2 0 2 1 1 2 0 2
4.268094238221463e-06 2 2 2 0 2 1 2 1 0 2
-8.808646349850465e-06 2 2 2 0 2 1 2 2 0 1
-8.808646349850465e-06 2 2 2 0 2 2 1 1 0 2
4.268094238221463e-06 2 2 2 0 2 2 1 2 0 1
4.540552111629073e-06 2 2 2 0 2 2 2 1 0 1
0.0009743580339476028 2 2 2 0 2 3 0 0 0 0
0.00014573622395100766 2 2 2 0 2 3 0 0 0 3
-0.4307334805692425 2 2 2 0 2 3 0 0 3 0
0.0008475262574964529 2 2 2 0 2 3 0 0 3 3
-0.02236905770477609 2 2 2 0 2 3 0 1 1 0
-0.015672949476711356 2 2 2 0 2 3 0 1 1 3
-0.022369057704776082 2 2 2 0 2 3 0 2 2 0
-0.015672949476711356 2 2 2 0 2 3 0 2 2 3
-0.47419134851181766 2 2 2 0 2 3 0 3 0 0
0.0009007825392927746 2 2 2 0 2 3 0 3 0 3
-2.8501323646162886 2 2 2 0 2 3 0 3 3 0
-0.460548769326997 2 2 2 0 2 3 0 3 3 3
0.0001355282247138894 2 2 2 0 2 3 3 0 0 0
0.0009715176255422483 2 2 2 0 2 3 3 0 3 0
0.0001285803508201687 2 2 2 0 2 3 3 0 3 3
-0.0104559423019825 2 2 2 0 2 3 3 1 1 0
2.138019120357836e-05 2 2 2 0 2 3 3 1 1 3
-0.010455942301982503 2 2 2 0 2 3 3 2 2 0
2.138019120357836e-05 2 2 2 0 2 3 3 2 2 3
0.00103136086908741 2 2 2 0 2 3 3 3 0 0
0.00014051855896844644 2 2 2 0 2 3 3 3 0 3
-0.4261219754875332 2 2 2 0 2 3 3 3 3 0
0.0008990044383783773 2 2 2 0 2 3 3 3 3 3
2.5910489600690344e-05 2 2 2 1 0 0 0 1 0 2
0.00042898758530139717 2 2 2 1 0 0 0 1 3 2
-2.5910489600690344e-05 2 2 2 1 0 0 0 2 0 1
-0.00042898758530139717 2 2 2 1 0 0 0 2 3 1
0.00011216933606636154 2 2 2 1 0 0 3 1 3 2
-0.00011216933606636154 2 2 2 1 0 0 3 2 3 1
8.5673604175421e-05 2 2 2 1 0 1 1 1 2 0
-3.173217384565228e-05 2 2 2 1 0 1 1 2 1 0
1.9290647297374465e-06 2 2 2 1 0 1 2 0 0 0
-1.2807289758545514e-05 2 2 2 1 0 1 2 1 1 0
4.113414057122317e-05 2 2 2 1 0 1 2 2 2 0
-1.9290647297374232e-06 2 2 2 1 0 1 2 3 3 0
-1.9290647297374465e-06 2 2 2 1 0 2 1 0 0 0
-4.113414057122317e-05 2 2 2 1 0 2 1 1 1 0
1.2807289758545528e-05 2 2 2 1 0 2 1 2 2 0
1.9290647297374232e-06 2 2 2 1 0 2 1 3 3 0
3.173217384565228e-05 2 2 2 1 0 2 2 1 2 0
-8.5673604175421e-05 2 2 2 1 0 2 2 2 1 0
0.0003405871476170235 2 2 2 1 0 3 0 1 0 2
-0.47126763049340986 2 2 2 1 0 3 0 1 3 2
-0.0003405871476170235 2 2 2 1 0 3 0 2 0 1
0.4712676304934099 2 2 2 1 0 3 0 2 3 1
-1.981406334481229e-06 2 2 2 1 0 3 0 3 1 2
1.981406334481236e-06 2 2 2 1 0 3 0 3 2 1
0.00010934863931824473 2 2 2 1 0 3 3 1 0 2
0.0006795580070112254 2 2 2 1 0 3 3 1 3 2
-0.00010934863931824473 2 2 2 1 0 3 3 2 0 1
-0.0006795580070112254 2 2 2 1 0 3 3 2 3 1
-1.98500205163588e-05 2 2 2 1 3 0 0 1 0 2
0.01181977813755451 2 2 2 1 3 0 0 1 3 2
1.98500205163588e-05 2 2 2 1 3 0 0 2 0 1
-0.01181977813755451 2 2 2 1 3 0 0 2 3 1
-1.7657468190131891e-06 2 2 2 1 3 0 0 3 1 2
1.7657468190131891e-06 2 2 2 1 3 0 0 3 2 1
3.060415533463803e-05 2 2 2 1 3 0 3 1 0 2
0.00046807883072524996 2 2 2 1 3 0 3 1 3 2
-3.060415533463803e-05 2 2 2 1 3 0 3 2 0 1
-0.00046807883072524996 2 2 2 1 3 0 3 2 3 1
8.207368292791835e-07 2 2 2 1 3 3 0 0 1 2
-8.207368292791835e-07 2 2 2 1 3 3 0 0 2 1
0.010395418325241813 2 2 2 1 3 3 0 1 0 2
0.014459384421109337 2 2 2 1 3 3 0 1 3 2
-0.010395418325241813 2 2 2 1 3 3 0 2 0 1
-0.014459384421109335 2 2 2 1 3 3 0 2 3 1
-4.746937726852095e-05 2 2 2 1 3 3 0 3 1 2
4.746937726852095e-05 2 2 2 1 3 3 0 3 2 1
0.0003711363893982131 2 2 2 1 3 3 3 1 0 2
-0.5174088459245988 2 2 2 1 3 3 3 1 3 2
-0.0003711363893982131 2 2 2 1 3 3 3 2 0 1
0.517408845924599 2 2 2 1 3 3 3 2 3 1
-2.074925704074293e-06 2 2 2 1 3 3 3 3 1 2
2.074925704074293e-06 2 2 2 1 3 3 3 3 2 1
-1.3990650184737723e-05 2 2 2 2 0 0 0 0 1 1
-1.3990650184737723e-05 2 2 2 2 0 0 0 0 2 2
4.211577159732016e-05 2 2 2 2 0 0 0 3 1 1
4.211577159732016e-05 2 2 2 2 0 0 0 3 2 2
3.404551459144871e-06 2 2 2 2 0 0 3 3 1 1
3.404551459144871e-06 2 2 2 2 0 0 3 3 2 2
5.081878703146012e-05 2 2 2 2 0 1 1 0 0 0
-7.088976747214205e-07 2 2 2 2 0 1 1 2 2 0
5.8527516952758673e-05 2 2 2 2 0 1 1 3 0 0
-2.175742168625538e-05 2 2 2 2 0 1 1 3 0 3
7.533680760030087e-06 2 2 2 2 0 1 1 3 3 0
8.598032381090411e-07 2 2 2 2 0 1 2 1 2 0
-1.5090556338760018e-07 2 2 2 2 0 1 2 2 1 0
-1.5090556338760018e-07 2 2 2 2 0 2 1 1 2 0
8.598032381090411e-07 2 2 2 2 0 2 1 2 1 0
5.081878703146012e-05 2 2 2 2 0 2 2 0 0 0
-7.088976747214205e-07 2 2 2 2 0 2 2 1 1 0
5.8527516952758673e-05 2 2 2 2 0 2 2 3 0 0
-2.1757421686255374e-05 2 2 2 2 0 2 2 3 0 3
7.533680760030087e-06 2 2 2 2 0 2 2 3 3 0
2.9616417546654213e-05 2 2 2 2 0 3 0 0 1 1
2.9616417546654213e-05 2 2 2 2 0 3 0 0 2 2
-1.5292015082757036e-06 2 2 2 2 0 3 0 1 3 1
-1.529201508275707e-06 2 2 2 2 0 3 0 2 3 2
-0.03310073900809913 2 2 2 2 0 3 0 3 1 1
-0.033100739008099136 2 2 2 2 0 3 0 3 2 2
4.5554931476730825e-06 2 2 2 2 0 3 3 0 1 1
4.5554931476730825e-06 2 2 2 2 0 3 3 0 2 2
3.051842925454159e-05 2 2 2 2 0 3 3 3 1 1
3.051842925454159e-05 2 2 2 2 0 3 3 3 2 2
2.4899596641103737e-05 2 2 2 2 3 0 0 0 1 1
2.4899596641103737e-05 2 2 2 2 3 0 0 0 2 2
-1.3627607078257487e-06 2 2 2 2 3 0 0 1 3 1
-1.3627607078257453e-06 2 2 2 2 3 0 0 2 3 2
-0.01526181146670391 2 2 2 2 3 0 0 3 1 1
-0.015261811466703912 2 2 2 2 3 0 0 3 2 2
-1.966779154522773e-05 2 2 2 2 3 0 3 0 1 1
-1.966779154522773e-05 2 2 2 2 3 0 3 0 2 2
1.6641572928585246e-05 2 2 2 2 3 0 3 3 1 1
1.664157292858525e-05 2 2 2 2 3 0 3 3 2 2
-2.5925270830868593e-05 2 2 2 2 3 1 1 3 0 0
-2.5925270830868593e-05 2 2 2 2 3 2 2 3 0 0
-0.013332485876388201 2 2 2 2 3 3 0 0 1 1
-0.013332485876388201 2 2 2 2 3 3 0 0 2 2
6.334248434507623e-07 2 2 2 2 3 3 0 1 0 1
-3.6635717799366445e-05 2 2 2 2 3 3 0 1 3 1
6.334248434507623e-07 2 2 2 2 3 3 0 2 0 2
-3.6635717799366445e-05 2 2 2 2 3 3 0 2 3 2
-0.010541322270178023 2 2 2 2 3 3 0 3 1 1
-0.010541322270178023 2 2 2 2 3 3 0 3 2 2
9.910387740942877e-06 2 2 2 2 3 3 3 0 1 1
9.910387740942877e-06 2 2 2 2 3 3 3 0 2 2
-1.6013774968884109e-06 2 2 2 2 3 3 3 1 3 1
-1.6013774968884109e-06 2 2 2 2 3 3 3 2 3 2
2.2268849323545556e-05 2 2 2 2 3 3 3 3 1 1
2.2268849323545556e-05 2 2 2 2 3 3 3 3 2 2
4.695872456105687e-06 2 2 2 3 1 1 1 3 1 2
7.998096193644948e-06 2 2 2 3 1 1 1 3 2 1
-5.270064771690398e-06 2 2 2 3 1 1 2 3 1 1
7.423903878060138e-06 2 2 2 3 1 1 2 3 2 2
-7.423903878060158e-06 2 2 2 3 1 2 1 3 1 1
5.270064771690425e-06 2 2 2 3 1 2 1 3 2 2
-7.998096193644952e-06 2 2 2 3 1 2 2 3 1 2
-4.69587245610566e-06 2 2 2 3 1 2 2 3 2 1
-2.446287824951766e-05 2 2 2 3 1 3 0 1 2 0
2.446287824951766e-05 2 2 2 3 1 3 0 2 1 0
0.0009324543284531077 2 2 2 3 2 0 0 0 0 0
0.00012456569331156808 2 2 2 3 2 0 0 0 0 3
-0.359536394887338 2 2 2 3 2 0 0 0 3 0
0.0008589807398134486 2 2 2 3 2 0 0 0 3 3
4.922610205700882e-05 2 2 2 3 2 0 0 1 1 0
8.65988202344807e-06 2 2 2 3 2 0 0 1 1 3
4.922610205700882e-05 2 2 2 3 2 0 0 2 2 0
8.65988202344807e-06 2 2 2 3 2 0 0 2 2 3
-0.38145062637278315 2 2 2 3 2 0 0 3 0 0
0.0009092998430060058 2 2 2 3 2 0 0 3 0 3
-3.5815365598819686 2 2 2 3 2 0 0 3 3 0
-0.4242590901706427 2 2 2 3 2 0 0 3 3 3
0.00011225557789908521 2 2 2 3 2 0 3 0 0 0
0.0009291779396631602 2 2 2 3 2 0 3 0 3 0
0.000115211721105994 2 2 2 3 2 0 3 0 3 3
7.4732418045135284e-06 2 2 2 3 2 0 3 1 1 0
7.473241804513529e-06 2 2 2 3 2 0 3 2 2 0
0.0009751081983522965 2 2 2 3 2 0 3 3 0 0
0.00012181092187602243 2 2 2 3 2 0 3 3 0 3
-0.35850941635107414 2 2 2 3 2 0 3 3 3 0
0.0009026174051483741 2 2 2 3 2 0 3 3 3 3
-3.8302470490317265e-06 2 2 2 3 2 1 1 3 2 2
-1.6743171408473327e-06 2 2 2 3 2 1 2 3 1 2
5.5045641898790264e-06 2 2 2 3 2 1 2 3 2 1
5.5045641898790264e-06 2 2 2 3 2 2 1 3 1 2
-1.6743171408473327e-06 2 2 2 3 2 2 1 3 2 1
-3.8302470490317265e-06 2 2 2 3 2 2 2 3 1 1
-0.40902073033816555 2 2 2 3 2 3 0 0 0 0
0.0008100610848514711 2 2 2 3 2 3 0 0 0 3
-2.821331732098981 2 2 2 3 2 3 0 0 3 0
-0.3867965165365319 2 2 2 3 2 3 0 0 3 3
-0.016752223796206073 2 2 2 3 2 3 0 1 1 0
2.2892234178498266e-05 2 2 2 3 2 3 0 1 1 3
-0.016752223796206073 2 2 2 3 2 3 0 2 2 0
2.2892234178498266e-05 2 2 2 3 2 3 0 2 2 3
-2.832904804537643 2 2 2 3 2 3 0 3 0 0
-0.42744834822325106 2 2 2 3 2 3 0 3 0 3
1921.4961543301893 2 2 2 3 2 3 0 3 3 0
-1.9475719261694047 2 2 2 3 2 3 0 3 3 3
0.000924476677974916 2 2 2 3 2 3 3 0 0 0
0.00011979954055211354 2 2 2 3 2 3 3 0 0 3
-0.3638099165975205 2 2 2 3 2 3 3 0 3 0
0.0007991089643881867 2 2 2 3 2 3 3 0 3 3
2.5216142105138932e-05 2 2 2 3 2 3 3 1 1 0
4.606810220790911e-06 2 2 2 3 2 3 3 1 1 3
2.5216142105138932e-05 2 2 2 3 2 3 3 2 2 0
4.606810220790911e-06 2 2 2 3 2 3 3 2 2 3
-0.39095544818688793 2 2 2 3 2 3 3 3 0 0
0.0008501057176393647 2 2 2 3 2 3 3 3 0 3
-3.4108872873336185 2 2 2 3 2 3 3 3 3 0
-0.3634433504452054 2 2 2 3 2 3 3 3 3 3
-0.0007247486008652494 2 2 3 0 0 0 0 0 1 1
-0.0007247486008652494 2 2 3 0 0 0 0 0 2 2
0.00020348019608724553 2 2 3 0 0 0 0 1 3 1
0.00020348019608724553 2 2 3 0 0 0 0 2 3 2
-0.00014754269421141447 2 2 3 0 0 0 0 3 1 1
-0.00014754269421141447 2 2 3 0 0 0 0 3 2 2
-0.00014649862422503362 2 2 3 0 0 0 3 0 1 1
-0.00014649862422503362 2 2 3 0 0 0 3 0 2 2
0.0026781539350404673 2 2 3 0 0 1 1 0 0 0
0.00038467707286754017 2 2 3 0 0 1 1 0 0 3
0.00040193913465552705 2 2 3 0 0 1 1 0 3 0
0.0005177078341439109 2 2 3 0 0 1 1 3 0 0
0.0026781539350404673 2 2 3 0 0 2 2 0 0 0
0.00038467707286754017 2 2 3 0 0 2 2 0 0 3
0.00040193913465552705 2 2 3 0 0 2 2 0 3 0
0.0005177078341439109 2 2 3 0 0 2 2 3 0 0
0.20241940260591776 2 2 3 0 0 3 0 0 1 1
0.20241940260591776 2 2 3 0 0 3 0 0 2 2
0.00016754490982723273 2 2 3 0 0 3 0 1 0 1
0.0009442192367492411 2 2 3 0 0 3 0 1 3 1
0.00016754490982723273 2 2 3 0 0 3 0 2 0 2
0.0009442192367492411 2 2 3 0 0 3 0 2 3 2
-0.00042938180326890945 2 2 3 0 0 3 0 3 1 1
-0.00042938180326890945 2 2 3 0 0 3 0 3 2 2
-0.0004235071806540725 2 2 3 0 0 3 3 0 1 1
-0.0004235071806540725 2 2 3 0 0 3 3 0 2 2
0.00022452094917028463 2 2 3 0 0 3 3 1 3 1
0.00022452094917028463 2 2 3 0 0 3 3 2 3 2
-6.879283353379776e-05 2 2 3 0 0 3 3 3 1 1
-6.879283353379776e-05 2 2 3 0 0 3 3 3 2 2
0.19186051126315068 2 2 3 0 3 0 0 0 1 1
0.19186051126315068 2 2 3 0 3 0 0 0 2 2
8.637296243241541e-05 2 2 3 0 3 0 0 1 0 1
0.0006034945251568872 2 2 3 0 3 0 0 1 3 1
8.637296243241541e-05 2 2 3 0 3 0 0 2 0 2
0.0006034945251568872 2 2 3 0 3 0 0 2 3 2
-0.0004985941702724504 2 2 3 0 3 0 0 3 1 1
-0.0004985941702724504 2 2 3 0 3 0 0 3 2 2
-0.0007444935000411487 2 2 3 0 3 0 3 0 1 1
-0.0007444935000411487 2 2 3 0 3 0 3 0 2 2
0.00020377344906809903 2 2 3 0 3 0 3 1 3 1
0.00020377344906809903 2 2 3 0 3 0 3 2 3 2
-0.00013710901893135117 2 2 3 0 3 0 3 3 1 1
-0.00013710901893135117 2 2 3 0 3 0 3 3 2 2
0.000350812259008254 2 2 3 0 3 1 1 0 0 0
0.000350812259008254 2 2 3 0 3 2 2 0 0 0
1.336507685869745 2 2 3 0 3 3 0 0 1 1
1.336507685869745 2 2 3 0 3 3 0 0 2 2
0.0005978902089136775 2 2 3 0 3 3 0 1 0 1
-0.2509282983830973 2 2 3 0 3 3 0 1 3 1
0.0005978902089136775 2 2 3 0 3 3 0 2 0 2
-0.2509282983830974 2 2 3 0 3 3 0 2 3 2
0.22465511972083277 2 2 3 0 3 3 0 3 1 1
0.2246551197208328 2 2 3 0 3 3 0 3 2 2
0.20180667102905264 2 2 3 0 3 3 3 0 1 1
0.20180667102905264 2 2 3 0 3 3 3 0 2 2
0.0001750536780082363 2 2 3 0 3 3 3 1 0 1
0.0011090247627071437 2 2 3 0 3 3 3 1 3 1
0.0001750536780082363 2 2 3 0 3 3 3 2 0 2
0.0011090247627071437 2 2 3 0 3 3 3 2 3 2
-0.0004919089764886157 2 2 3 0 3 3 3 3 1 1
-0.0004919089764886157 2 2 3 0 3 3 3 3 2 2
0.012965998015249551 2 2 3 1 1 0 0 0 0 0
0.0018392074395617648 2 2 3 1 1 0 0 0 0 3
-6.117304119062215 2 2 3 1 1 0 0 0 3 0
0.013965055266982 2 2 3 1 1 0 0 0 3 3
0.001385956176022734 2 2 3 1 1 0 0 3 0 0
0.01293658441965223 2 2 3 1 1 0 0 3 3 0
0.001813812392577489 2 2 3 1 1 0 0 3 3 3
0.0016651233152731252 2 2 3 1 1 0 3 0 0 0
0.015322415191558494 2 2 3 1 1 0 3 0 3 0
0.001634313520094115 2 2 3 1 1 0 3 0 3 3
0.0016414761596460002 2 2 3 1 1 0 3 3 3 0
0.0027104597093908734 2 2 3 1 1 1 1 0 2 2
0.0005001789587705158 2 2 3 1 1 1 1 3 2 2
-0.00022569069218639348 2 2 3 1 1 1 2 0 1 2
-0.002484769017204479 2 2 3 1 1 1 2 0 2 1
-4.865152030346334e-05 2 2 3 1 1 1 2 3 1 2
-0.0004515274384670524 2 2 3 1 1 1 2 3 2 1
-0.002484769017204479 2 2 3 1 1 2 1 0 1 2
-0.00022569069218639348 2 2 3 1 1 2 1 0 2 1
-0.0004515274384670524 2 2 3 1 1 2 1 3 1 2
-4.865152030346334e-05 2 2 3 1 1 2 1 3 2 1
0.0027104597093908734 2 2 3 1 1 2 2 0 1 1
0.0005001789587705158 2 2 3 1 1 2 2 3 1 1
-6.129130127751903 2 2 3 1 1 3 0 0 0 0
0.012532560244635964 2 2 3 1 1 3 0 0 0 3
-40.556084442169485 2 2 3 1 1 3 0 0 3 0
-6.553690996890824 2 2 3 1 1 3 0 0 3 3
3.1696870334565494e-05 2 2 3 1 1 3 0 1 1 0
3.1696870334565494e-05 2 2 3 1 1 3 0 2 2 0
0.013867926443338913 2 2 3 1 1 3 0 3 0 0
0.0021533076363855577 2 2 3 1 1 3 0 3 0 3
-6.748014125175045 2 2 3 1 1 3 0 3 3 0
0.012803462755826531 2 2 3 1 1 3 0 3 3 3
0.01413161266484612 2 2 3 1 1 3 3 0 0 0
0.001610477541144372 2 2 3 1 1 3 3 0 0 3
-6.063831095668324 2 2 3 1 1 3 3 0 3 0
0.010594480984029025 2 2 3 1 1 3 3 0 3 3
0.0019791311486148633 2 2 3 1 1 3 3 3 0 0
0.014662321077666667 2 2 3 1 1 3 3 3 3 0
0.0016233292825134987 2 2 3 1 1 3 3 3 3 3
-4.6185715000493666e-05 2 2 3 1 2 0 0 1 2 0
-8.477070765675179e-06 2 2 3 1 2 0 0 1 2 3
4.6185715000493666e-05 2 2 3 1 2 0 0 2 1 0
8.477070765675179e-06 2 2 3 1 2 0 0 2 1 3
-6.94721505761387e-06 2 2 3 1 2 0 3 1 2 0
6.947215057613871e-06 2 2 3 1 2 0 3 2 1 0
0.021717660621418295 2 2 3 1 2 3 0 1 2 0
-2.812422067650623e-05 2 2 3 1 2 3 0 1 2 3
-0.0217176606214183 2 2 3 1 2 3 0 2 1 0
2.812422067650623e-05 2 2 3 1 2 3 0 2 1 3
-3.127844979094593e-05 2 2 3 1 2 3 3 1 2 0
-5.969104074138935e-06 2 2 3 1 2 3 3 1 2 3
3.127844979094593e-05 2 2 3 1 2 3 3 2 1 0
5.969104074138933e-06 2 2 3 1 2 3 3 2 1 3
-0.0024166467602936433 2 2 3 2 1 0 0 1 2 0
-0.00036968073387260136 2 2 3 2 1 0 0 1 2 3
0.0024166467602936433 2 2 3 2 1 0 0 2 1 0
0.00036968073387260136 2 2 3 2 1 0 0 2 1 3
-0.00034314478040097397 2 2 3 2 1 0 3 1 2 0
0.00034314478040097397 2 2 3 2 1 0 3 2 1 0
0.0027951521872647913 2 2 3 2 1 1 1 1 0 2
0.00044500775427726617 2 2 3 2 1 1 1 1 3 2
-0.0027563069460222853 2 2 3 2 1 1 2 1 0 1
-0.0004446560495804046 2 2 3 2 1 1 2 1 3 1
3.8845241242505815e-05 2 2 3 2 1 1 2 2 0 2
3.517046968616403e-07 2 2 3 2 1 1 2 2 3 2
-3.8845241242505815e-05 2 2 3 2 1 2 1 1 0 1
-3.517046968616403e-07 2 2 3 2 1 2 1 1 3 1
0.0027563069460222853 2 2 3 2 1 2 1 2 0 2
0.0004446560495804046 2 2 3 2 1 2 1 2 3 2
-0.0027951521872647913 2 2 3 2 1 2 2 2 0 1
-0.00044500775427726617 2 2 3 2 1 2 2 2 3 1
0.4002545252004044 2 2 3 2 1 3 0 1 2 0
-0.00022668403601923957 2 2 3 2 1 3 0 1 2 3
-0.4002545252004044 2 2 3 2 1 3 0 2 1 0
0.00022668403601923957 2 2 3 2 1 3 0 2 1 3
-0.00039153557405462484 2 2 3 2 1 3 3 1 2 0
-8.326084436907163e-06 2 2 3 2 1 3 3 1 2 3
0.00039153557405462484 2 2 3 2 1 3 3 2 1 0
8.326084436907163e-06 2 2 3 2 1 3 3 2 1 3
-0.0007779636626780487 2 2 3 2 2 0 0 0 0 0
-0.00010668767235855081 2 2 3 2 2 0 0 0 0 3
0.3317645415171831 2 2 3 2 2 0 0 0 3 0
-0.0007460491663614645 2 2 3 2 2 0 0 0 3 3
-0.00010354592179720706 2 2 3 2 2 0 0 3 0 0
-0.0007956618973072233 2 2 3 2 2 0 0 3 3 0
-0.00011141674627060498 2 2 3 2 2 0 0 3 3 3
-9.695750229807073e-05 2 2 3 2 2 0 3 0 0 0
-0.000812337989533899 2 2 3 2 2 0 3 0 3 0
-0.00010204331835829684 2 2 3 2 2 0 3 0 3 3
-9.934858308213624e-05 2 2 3 2 2 0 3 3 3 0
0.33242074563758844 2 2 3 2 2 3 0 0 0 0
-0.0006552869170779669 2 2 3 2 2 3 0 0 0 3
2.1996632568038037 2 2 3 2 2 3 0 0 3 0
0.3554404063585272 2 2 3 2 2 3 0 0 3 3
-5.136757554268285e-07 2 2 3 2 2 3 0 1 1 0
-5.136757554268285e-07 2 2 3 2 2 3 0 2 2 0
-0.0007519859754073837 2 2 3 2 2 3 0 3 0 0
-0.0001124756944590255 2 2 3 2 2 3 0 3 0 3
0.36597836080778967 2 2 3 2 2 3 0 3 3 0
-0.0006940155467610653 2 2 3 2 2 3 0 3 3 3
-0.0007508700075830928 2 2 3 2 2 3 3 0 0 0
-9.923520632142465e-05 2 2 3 2 2 3 3 0 0 3
0.3288706391440766 2 2 3 2 2 3 3 0 3 0
-0.0006938298920270262 2 2 3 2 2 3 3 0 3 3
-0.00010459740742712019 2 2 3 2 2 3 3 3 0 0
-0.0007949031948037723 2 2 3 2 2 3 3 3 3 0
-0.00010844882676300653 2 2 3 2 2 3 3 3 3 3
-0.00015704109618803797 2 2 3 3 0 0 0 0 1 1
-0.00015704109618803797 2 2 3 3 0 0 0 0 2 2
0.0001870393530316316 2 2 3 3 0 0 0 1 0 1
0.0014744334380708195 2 2 3 3 0 0 0 1 3 1
0.0001870393530316316 2 2 3 3 0 0 0 2 0 2
0.0014744334380708195 2 2 3 3 0 0 0 2 3 2
0.0003311912282207646 2 2 3 3 0 0 3 1 3 1
0.00033119122822076455 2 2 3 3 0 0 3 2 3 2
0.00036949806313515325 2 2 3 3 0 1 1 0 0 0
1.4937681765271516e-05 2 2 3 3 0 1 1 1 1 0
5.0818787031460105e-05 2 2 3 3 0 1 1 2 2 0
-3.687608223679656e-05 2 2 3 3 0 1 2 1 2 0
9.94976970607978e-07 2 2 3 3 0 1 2 2 1 0
9.949769706079813e-07 2 2 3 3 0 2 1 1 2 0
-3.687608223679656e-05 2 2 3 3 0 2 1 2 1 0
0.00036949806313515325 2 2 3 3 0 2 2 0 0 0
5.0818787031460105e-05 2 2 3 3 0 2 2 1 1 0
1.4937681765271516e-05 2 2 3 3 0 2 2 2 2 0
-0.0007287255803378292 2 2 3 3 0 3 0 0 1 1
-0.0007287255803378292 2 2 3 3 0 3 0 0 2 2
0.0009644947023274198 2 2 3 3 0 3 0 1 0 1
-0.8397614497634674 2 2 3 3 0 3 0 1 3 1
0.0009644947023274198 2 2 3 3 0 3 0 2 0 2
-0.8397614497634673 2 2 3 3 0 3 0 2 3 2
-0.00012930711099134757 2 2 3 3 0 3 0 3 1 1
-0.00012930711099134757 2 2 3 3 0 3 0 3 2 2
-0.00017327984075542346 2 2 3 3 0 3 3 0 1 1
-0.00017327984075542346 2 2 3 3 0 3 3 0 2 2
0.00022626473612404155 2 2 3 3 0 3 3 1 0 1
0.0014017191449290506 2 2 3 3 0 3 3 1 3 1
0.00022626473612404155 2 2 3 3 0 3 3 2 0 2
0.0014017191449290506 2 2 3 3 0 3 3 2 3 2
-0.0004657624849814932 2 2 3 3 3 0 0 0 1 1
-0.0004657624849814932 2 2 3 3 3 0 0 0 2 2
0.0006166136904926828 2 2 3 3 3 0 0 1 0 1
-0.24223262260287168 2 2 3 3 3 0 0 1 3 1
0.0006166136904926828 2 2 3 3 3 0 0 2 0 2
-0.24223262260287168 2 2 3 3 3 0 0 2 3 2
-6.666056433117897e-05 2 2 3 3 3 0 0 3 1 1
-6.666056433117897e-05 2 2 3 3 3 0 0 3 2 2
-0.00015726742174924346 2 2 3 3 3 0 3 0 1 1
-0.00015726742174924346 2 2 3 3 3 0 3 0 2 2
0.0001804153122595955 2 2 3 3 3 0 3 1 0 1
0.0015842539411224763 2 2 3 3 3 0 3 1 3 1
0.0001804153122595955 2 2 3 3 3 0 3 2 0 2
0.0015842539411224763 2 2 3 3 3 0 3 2 3 2
0.19366039447782268 2 2 3 3 3 3 0 0 1 1
0.19366039447782268 2 2 3 3 3 3 0 0 2 2
-0.2642653875887529 2 2 3 3 3 3 0 1 0 1
-1.7309033260704556 2 2 3 3 3 3 0 1 3 1
-0.2642653875887529 2 2 3 3 3 3 0 2 0 2
-1.7309033260704558 2 2 3 3 3 3 0 2 3 2
-0.00046143720918983503 2 2 3 3 3 3 0 3 1 1
-0.00046143720918983503 2 2 3 3 3 3 0 3 2 2
-0.00085591850108368 2 2 3 3 3 3 3 0 1 1
-0.00085591850108368 2 2 3 3 3 3 3 0 2 2
0.0011031726526717002 2 2 3 3 3 3 3 1 0 1
-0.9318714312284937 2 2 3 3 3 3 3 1 3 1
0.0011031726526717002 2 2 3 3 3 3 3 2 0 2
-0.9318714312284937 2 2 3 3 3 3 3 2 3 2
-0.00013510219674829795 2 2 3 3 3 3 3 3 1 1
-0.00013510219674829795 2 2 3 3 3 3 3 3 2 2
0.000627019064547434 2 3 0 0 1 0 1 0 2 0
3.918058519030625e-05 2 3 0 0 1 0 1 0 2 3
-0.00013695462294469982 2 3 0 0 1 0 1 2 3 0
8.294317951203398e-05 2 3 0 0 1 0 1 3 2 0
-0.000627019064547434 2 3 0 0 1 0 2 0 1 0
-3.918058519030626e-05 2 3 0 0 1 0 2 0 1 3
0.00013695462294469984 2 3 0 0 1 0 2 1 3 0
-8.294317951203398e-05 2 3 0 0 1 0 2 3 1 0
-25.98358537828123 2 3 0 0 1 1 0 0 0 2
-3.2694770860332714 2 3 0 0 1 1 0 0 3 2
0.0005470756193861388 2 3 0 0 1 1 0 1 1 2
-0.0005423722711403006 2 3 0 0 1 1 0 1 2 1
4.7033482458382745e-06 2 3 0 0 1 1 0 2 2 2
-3.285245417460501 2 3 0 0 1 1 0 3 0 2
0.007637899125419458 2 3 0 0 1 1 0 3 3 2
-4.342380061920864 2 3 0 0 1 1 3 0 0 2
0.008791705068777269 2 3 0 0 1 1 3 0 3 2
0.00011144982868590077 2 3 0 0 1 1 3 1 1 2
-0.00010968270968089253 2 3 0 0 1 1 3 1 2 1
1.767119005008239e-06 2 3 0 0 1 1 3 2 2 2
0.008782878338404783 2 3 0 0 1 1 3 3 0 2
0.001138367588970343 2 3 0 0 1 1 3 3 3 2
25.98358537828123 2 3 0 0 1 2 0 0 0 1
3.2694770860332714 2 3 0 0 1 2 0 0 3 1
-4.7033482458382745e-06 2 3 0 0 1 2 0 1 1 1
0.0005423722711403006 2 3 0 0 1 2 0 2 1 2
-0.0005470756193861388 2 3 0 0 1 2 0 2 2 1
3.285245417460501 2 3 0 0 1 2 0 3 0 1
-0.007637899125419458 2 3 0 0 1 2 0 3 3 1
4.3423800619208635 2 3 0 0 1 2 3 0 0 1
-0.008791705068777269 2 3 0 0 1 2 3 0 3 1
-1.767119005008239e-06 2 3 0 0 1 2 3 1 1 1
0.00010968270968089253 2 3 0 0 1 2 3 2 1 2
-0.00011144982868590077 2 3 0 0 1 2 3 2 2 1
-0.008782878338404783 2 3 0 0 1 2 3 3 0 1
-0.001138367588970343 2 3 0 0 1 2 3 3 3 1
-0.7567485268478881 2 3 0 0 1 3 1 0 2 0
0.0005267251884434001 2 3 0 0 1 3 1 0 2 3
-0.00012279182143603423 2 3 0 0 1 3 1 2 0 0
-0.0007265564652437134 2 3 0 0 1 3 1 2 3 0
-0.00010437323528226871 2 3 0 0 1 3 1 2 3 3
0.0005628510180482969 2 3 0 0 1 3 1 3 2 0
8.214330576637728e-05 2 3 0 0 1 3 1 3 2 3
0.7567485268478881 2 3 0 0 1 3 2 0 1 0
-0.0005267251884434001 2 3 0 0 1 3 2 0 1 3
0.00012279182143603423 2 3 0 0 1 3 2 1 0 0
0.0007265564652437134 2 3 0 0 1 3 2 1 3 0
0.00010437323528226871 2 3 0 0 1 3 2 1 3 3
-0.0005628510180482969 2 3 0 0 1 3 2 3 1 0
-8.214330576637728e-05 2 3 0 0 1 3 2 3 1 3
1.067654513053693 2 3 0 0 2 0 1 0 1 0
-0.26699090122667607 2 3 0 0 2 0 1 0 1 3
0.0003971397140721114 2 3 0 0 2 0 1 1 0 0
-3.096434036264818e-05 2 3 0 0 2 0 1 1 0 3
-0.14280866303496964 2 3 0 0 2 0 1 1 3 0
-1.5135126722002923e-05 2 3 0 0 2 0 1 1 3 3
0.12334864150781132 2 3 0 0 2 0 1 3 1 0
1.543539312147094e-05 2 3 0 0 2 0 1 3 1 3
1.067654513053693 2 3 0 0 2 0 2 0 2 0
-0.26699090122667607 2 3 0 0 2 0 2 0 2 3
0.0003971397140721114 2 3 0 0 2 0 2 2 0 0
-3.096434036264819e-05 2 3 0 0 2 0 2 2 0 3
-0.14280866303496964 2 3 0 0 2 0 2 2 3 0
-1.5135126722002923e-05 2 3 0 0 2 0 2 2 3 3
0.12334864150781133 2 3 0 0 2 0 2 3 2 0
1.543539312147094e-05 2 3 0 0 2 0 2 3 2 3
0.0022950775562451515 2 3 0 0 2 1 0 0 0 1
0.00028185652780533024 2 3 0 0 2 1 0 0 3 1
0.00026850711465278675 2 3 0 0 2 1 0 3 0 1
0.00044616719770792346 2 3 0 0 2 1 3 0 0 1
0.0022950775562451515 2 3 0 0 2 2 0 0 0 2
0.0002818565278053304 2 3 0 0 2 2 0 0 3 2
0.00026850711465278685 2 3 0 0 2 2 0 3 0 2
0.00044616719770792336 2 3 0 0 2 2 3 0 0 2
-571.9627883742827 2 3 0 0 2 3 1 0 1 0
0.5808135032257707 2 3 0 0 2 3 1 0 1 3
-0.18305156492543814 2 3 0 0 2 3 1 1 0 0
0.00034532598341834253 2 3 0 0 2 3 1 1 0 3
-1.0935843047604046 2 3 0 0 2 3 1 1 3 0
-0.17791185435443713 2 3 0 0 2 3 1 1 3 3
0.8491412757758512 2 3 0 0 2 3 1 3 1 0
0.1274423313098627 2 3 0 0 2 3 1 3 1 3
-571.9627883742827 2 3 0 0 2 3 2 0 2 0
0.5808135032257709 2 3 0 0 2 3 2 0 2 3
-0.18305156492543814 2 3 0 0 2 3 2 2 0 0
0.00034532598341834253 2 3 0 0 2 3 2 2 0 3
-1.0935843047604046 2 3 0 0 2 3 2 2 3 0
-0.17791185435443713 2 3 0 0 2 3 2 2 3 3
0.8491412757758512 2 3 0 0 2 3 2 3 2 0
0.12744233130986268 2 3 0 0 2 3 2 3 2 3
-0.01337235811147135 2 3 0 1 0 0 1 0 0 2
6.910147943040086 2 3 0 1 0 0 1 0 3 2
-0.0015598970939385013 2 3 0 1 0 0 1 3 0 2
-0.012959896075173716 2 3 0 1 0 0 1 3 3 2
0.01337235811147135 2 3 0 1 0 0 2 0 0 1
-6.910147943040086 2 3 0 1 0 0 2 0 3 1
0.0015598970939385013 2 3 0 1 0 0 2 3 0 1
0.012959896075173716 2 3 0 1 0 0 2 3 3 1
-65.11105436349683 2 3 0 1 0 1 0 0 2 0
-8.862351002098105 2 3 0 1 0 1 0 0 2 3
-0.00023964166039015832 2 3 0 1 0 1 0 2 0 0
-3.10466745474438e-05 2 3 0 1 0 1 0 2 0 3
-2.6516631977946024e-05 2 3 0 1 0 1 0 2 3 0
-8.134241815385895 2 3 0 1 0 1 0 3 2 0
0.0180134460084771 2 3 0 1 0 1 0 3 2 3
-9.245248393803017 2 3 0 1 0 1 3 0 2 0
0.017548082787567802 2 3 0 1 0 1 3 0 2 3
-2.6586883514024585e-05 2 3 0 1 0 1 3 2 0 0
0.020830010312032375 2 3 0 1 0 1 3 3 2 0
0.002570031290620592 2 3 0 1 0 1 3 3 2 3
65.11105436349685 2 3 0 1 0 2 0 0 1 0
8.862351002098105 2 3 0 1 0 2 0 0 1 3
0.00023964166039015832 2 3 0 1 0 2 0 1 0 0
3.10466745474438e-05 2 3 0 1 0 2 0 1 0 3
2.6516631977946024e-05 2 3 0 1 0 2 0 1 3 0
8.134241815385893 2 3 0 1 0 2 0 3 1 0
-0.0180134460084771 2 3 0 1 0 2 0 3 1 3
9.245248393803015 2 3 0 1 0 2 3 0 1 0
-0.017548082787567802 2 3 0 1 0 2 3 0 1 3
2.6586883514024693e-05 2 3 0 1 0 2 3 1 0 0
-0.020830010312032375 2 3 0 1 0 2 3 3 1 0
-0.002570031290620592 2 3 0 1 0 2 3 3 1 3
6.762366636573352 2 3 0 1 0 3 1 0 0 2
28.63562925270116 2 3 0 1 0 3 1 0 3 2
3.06232913917317e-06 2 3 0 1 0 3 1 1 1 2
2.709645873708429e-06 2 3 0 1 0 3 1 1 2 1
-1.0420557522220565e-05 2 3 0 1 0 3 1 2 1 1
-4.648582509338969e-06 2 3 0 1 0 3 1 2 2 2
-0.013066317620209876 2 3 0 1 0 3 1 3 0 2
6.772351700402985 2 3 0 1 0 3 1 3 3 2
-6.762366636573353 2 3 0 1 0 3 2 0 0 1
-28.635629252701165 2 3 0 1 0 3 2 0 3 1
4.648582509338969e-06 2 3 0 1 0 3 2 1 1 1
1.0420557522220565e-05 2 3 0 1 0 3 2 1 2 2
-2.709645873708429e-06 2 3 0 1 0 3 2 2 1 2
-3.06232913917317e-06 2 3 0 1 0 3 2 2 2 1
0.013066317620209876 2 3 0 1 0 3 2 3 0 1
-6.772351700402985 2 3 0 1 0 3 2 3 3 1
3.754362278538209 2 3 0 1 3 0 1 0 0 2
52.66230265482921 2 3 0 1 3 0 1 0 3 2
-3.586489602783933e-05 2 3 0 1 3 0 1 1 1 2
8.781185434082361e-06 2 3 0 1 3 0 1 1 2 1
-7.430480841298078e-06 2 3 0 1 3 0 1 2 1 1
-3.4514191435055045e-05 2 3 0 1 3 0 1 2 2 2
-0.01061389540840774 2 3 0 1 3 0 1 3 0 2
2.96510901273201 2 3 0 1 3 0 1 3 3 2
-3.754362278538209 2 3 0 1 3 0 2 0 0 1
-52.66230265482921 2 3 0 1 3 0 2 0 3 1
3.451419143505506e-05 2 3 0 1 3 0 2 1 1 1
7.430480841298078e-06 2 3 0 1 3 0 2 1 2 2
-8.781185434082361e-06 2 3 0 1 3 0 2 2 1 2
3.586489602783933e-05 2 3 0 1 3 0 2 2 2 1
0.01061389540840774 2 3 0 1 3 0 2 3 0 1
-2.96510901273201 2 3 0 1 3 0 2 3 3 1
-5.508986177902775 2 3 0 1 3 1 0 0 2 0
0.01631650536545081 2 3 0 1 3 1 0 0 2 3
-2.410229263490583e-05 2 3 0 1 3 1 0 2 0 0
0.016090081790149483 2 3 0 1 3 1 0 3 2 0
0.002819641959966664 2 3 0 1 3 1 0 3 2 3
0.017548082787567802 2 3 0 1 3 1 3 0 2 0
0.0030189817943639644 2 3 0 1 3 1 3 0 2 3
0.0026803932097798967 2 3 0 1 3 1 3 3 2 0
5.508986177902775 2 3 0 1 3 2 0 0 1 0
-0.01631650536545081 2 3 0 1 3 2 0 0 1 3
2.410229263490583e-05 2 3 0 1 3 2 0 1 0 0
-0.016090081790149483 2 3 0 1 3 2 0 3 1 0
-0.002819641959966664 2 3 0 1 3 2 0 3 1 3
-0.017548082787567802 2 3 0 1 3 2 3 0 1 0
-0.003018981794363964 2 3 0 1 3 2 3 0 1 3
-0.0026803932097798967 2 3 0 1 3 2 3 3 1 0
41.65410565863559 2 3 0 1 3 3 1 0 0 2
-28246.053255656934 2 3 0 1 3 3 1 0 3 2
1.8831954096513813e-05 2 3 0 1 3 3 1 1 1 2
-1.863466060344511e-05 2 3 0 1 3 3 1 1 2 1
1.6633298795756558e-05 2 3 0 1 3 3 1 2 1 1
1.6830592288825163e-05 2 3 0 1 3 3 1 2 2 2
6.014047992715904 2 3 0 1 3 3 1 3 0 2
41.48146197695474 2 3 0 1 3 3 1 3 3 2
-41.65410565863558 2 3 0 1 3 3 2 0 0 1
28246.05325565693 2 3 0 1 3 3 2 0 3 1
-1.6830592288825163e-05 2 3 0 1 3 3 2 1 1 1
-1.6633298795756558e-05 2 3 0 1 3 3 2 1 2 2
1.863466060344511e-05 2 3 0 1 3 3 2 2 1 2
-1.8831954096513813e-05 2 3 0 1 3 3 2 2 2 1
-6.014047992715905 2 3 0 1 3 3 2 3 0 1
-41.48146197695474 2 3 0 1 3 3 2 3 3 1
5.075284770322331e-05 2 3 0 2 0 0 1 0 3 1
2.0114731866903463e-05 2 3 0 2 0 0 1 1 1 1
0.0014326235394888562 2 3 0 2 0 0 1 1 2 2
-0.0014125088076219529 2 3 0 2 0 0 1 2 1 2
5.075284770322331e-05 2 3 0 2 0 0 2 0 3 2
-0.0014125088076219529 2 3 0 2 0 0 2 1 2 1
0.0014326235394888562 2 3 0 2 0 0 2 2 1 1
2.0114731866903463e-05 2 3 0 2 0 0 2 2 2 2
0.001515286545816293 2 3 0 2 0 1 0 0 1 0
0.0002036921212723994 2 3 0 2 0 1 0 0 1 3
-62.902561072992974 2 3 0 2 0 1 0 1 0 0
-8.561691664368677 2 3 0 2 0 1 0 1 0 3
-7.858234533864921 2 3 0 2 0 1 0 1 3 0
0.017432401823128035 2 3 0 2 0 1 0 1 3 3
0.00018979339497277628 2 3 0 2 0 1 0 3 1 0
0.00025773216424410084 2 3 0 2 0 1 3 0 1 0
-8.67603798524498 2 3 0 2 0 1 3 1 0 0
0.016405217330279342 2 3 0 2 0 1 3 1 0 3
0.0199678119786839 2 3 0 2 0 1 3 1 3 0
0.002401226470032667 2 3 0 2 0 1 3 1 3 3
0.001515286545816293 2 3 0 2 0 2 0 0 2 0
0.0002036921212723994 2 3 0 2 0 2 0 0 2 3
-62.90256107299297 2 3 0 2 0 2 0 2 0 0
-8.561691664368675 2 3 0 2 0 2 0 2 0 3
-7.85823453386492 2 3 0 2 0 2 0 2 3 0
0.017432401823128035 2 3 0 2 0 2 0 2 3 3
0.0001897933949727765 2 3 0 2 0 2 0 3 2 0
0.00025773216424410084 2 3 0 2 0 2 3 0 2 0
-8.67603798524498 2 3 0 2 0 2 3 2 0 0
0.016405217330279342 2 3 0 2 0 2 3 2 0 3
0.0199678119786839 2 3 0 2 0 2 3 2 3 0
0.002401226470032667 2 3 0 2 0 2 3 2 3 3
3.059394338300646e-05 2 3 0 2 0 3 1 0 0 1
0.00020797221088756594 2 3 0 2 0 3 1 0 3 1
-0.012778154919962783 2 3 0 2 0 3 1 1 1 1
-0.01224399666454378 2 3 0 2 0 3 1 1 2 2
-0.0005368577979344467 2 3 0 2 0 3 1 2 1 2
2.699542515440777e-06 2 3 0 2 0 3 1 2 2 1
4.337218283023204e-05 2 3 0 2 0 3 1 3 3 1
3.059394338300657e-05 2 3 0 2 0 3 2 0 0 2
0.00020797221088756594 2 3 0 2 0 3 2 0 3 2
2.699542515440777e-06 2 3 0 2 0 3 2 1 1 2
-0.0005368577979344467 2 3 0 2 0 3 2 1 2 1
-0.012243996664543778 2 3 0 2 0 3 2 2 1 1
-0.012778154919962781 2 3 0 2 0 3 2 2 2 2
4.337218283023204e-05 2 3 0 2 0 3 2 3 3 2
2.9463256913670865e-05 2 3 0 2 3 0 1 0 0 1
0.00033543984837227595 2 3 0 2 3 0 1 0 3 1
-0.01613287756975718 2 3 0 2 3 0 1 1 1 1
-2.720356271514392 2 3 0 2 3 0 1 1 2 2
2.704222609306694 2 3 0 2 3 0 1 2 1 2
7.846379406063439e-07 2 3 0 2 3 0 1 2 2 1
3.093915795361103e-05 2 3 0 2 3 0 1 3 3 1
2.9463256913670865e-05 2 3 0 2 3 0 2 0 0 2
0.00033543984837227595 2 3 0 2 3 0 2 0 3 2
7.846379406063507e-07 2 3 0 2 3 0 2 1 1 2
2.704222609306694 2 3 0 2 3 0 2 1 2 1
-2.720356271514392 2 3 0 2 3 0 2 2 1 1
-0.01613287756975719 2 3 0 2 3 0 2 2 2 2
3.093915795361103e-05 2 3 0 2 3 0 2 3 3 2
0.00016194810893198615 2 3 0 2 3 1 0 0 1 0
-4.851331271300649 2 3 0 2 3 1 0 1 0 0
0.015307976516972726 2 3 0 2 3 1 0 1 0 3
0.015218467148246052 2 3 0 2 3 1 0 1 3 0
0.0026436733833251997 2 3 0 2 3 1 0 1 3 3
0.016405217330279342 2 3 0 2 3 1 3 1 0 0
0.0027989389468309556 2 3 0 2 3 1 3 1 0 3
0.0025109091797135595 2 3 0 2 3 1 3 1 3 0
0.00016194810893198615 2 3 0 2 3 2 0 0 2 0
-4.851331271300649 2 3 0 2 3 2 0 2 0 0
0.015307976516972726 2 3 0 2 3 2 0 2 0 3
0.015218467148246052 2 3 0 2 3 2 0 2 3 0
0.0026436733833251997 2 3 0 2 3 2 0 2 3 3
0.016405217330279342 2 3 0 2 3 2 3 2 0 0
0.0027989389468309556 2 3 0 2 3 2 3 2 0 3
0.0025109091797135595 2 3 0 2 3 2 3 2 3 0
0.0003446777638361036 2 3 0 2 3 3 1 0 0 1
-0.3447131896415641 2 3 0 2 3 3 1 0 3 1
1.7156511295328742e-06 2 3 0 2 3 3 1 1 1 1
-0.32723743456902893 2 3 0 2 3 3 1 1 2 2
0.32727776620317417 2 3 0 2 3 3 1 2 1 2
-3.86159830157281e-05 2 3 0 2 3 3 1 2 2 1
3.658551059718303e-05 2 3 0 2 3 3 1 3 0 1
0.00024510255378443636 2 3 0 2 3 3 1 3 3 1
0.0003446777638361053 2 3 0 2 3 3 2 0 0 2
-0.3447131896415633 2 3 0 2 3 3 2 0 3 2
-3.861598301572811e-05 2 3 0 2 3 3 2 1 1 2
0.32727776620317417 2 3 0 2 3 3 2 1 2 1
-0.32723743456902893 2 3 0 2 3 3 2 2 1 1
1.7156511295328742e-06 2 3 0 2 3 3 2 2 2 2
3.6585510597183135e-05 2 3 0 2 3 3 2 3 0 2
0.00024510255378443636 2 3 0 2 3 3 2 3 3 2
0.00011327565647573939 2 3 0 3 1 0 1 0 2 0
-0.0001074705592413831 2 3 0 3 1 0 1 2 0 0
-0.0008124367780251879 2 3 0 3 1 0 1 2 3 0
-5.076679513106853e-05 2 3 0 3 1 0 1 2 3 3
-0.00011327565647573939 2 3 0 3 1 0 2 0 1 0
0.0001074705592413831 2 3 0 3 1 0 2 1 0 0
0.0008124367780251877 2 3 0 3 1 0 2 1 3 0
5.076679513106853e-05 2 3 0 3 1 0 2 1 3 3
-2.9625497403132717 2 3 0 3 1 1 0 0 0 2
0.008412212912293288 2 3 0 3 1 1 0 0 3 2
-0.03009584160940694 2 3 0 3 1 1 0 1 1 2
-0.030095841609406954 2 3 0 3 1 1 0 2 2 2
0.007559191885399266 2 3 0 3 1 1 0 3 0 2
0.0011704967055065135 2 3 0 3 1 1 0 3 3 2
0.008791705068777267 2 3 0 3 1 1 3 0 0 2
0.0013321195447381794 2 3 0 3 1 1 3 0 3 2
-1.6846923876846494e-05 2 3 0 3 1 1 3 1 1 2
-1.684692387684652e-05 2 3 0 3 1 1 3 2 2 2
0.0011664728876430368 2 3 0 3 1 1 3 3 0 2
2.9625497403132717 2 3 0 3 1 2 0 0 0 1
-0.008412212912293288 2 3 0 3 1 2 0 0 3 1
0.030095841609406954 2 3 0 3 1 2 0 1 1 1
0.03009584160940694 2 3 0 3 1 2 0 2 2 1
-0.007559191885399266 2 3 0 3 1 2 0 3 0 1
-0.0011704967055065135 2 3 0 3 1 2 0 3 3 1
-0.008791705068777267 2 3 0 3 1 2 3 0 0 1
-0.0013321195447381794 2 3 0 3 1 2 3 0 3 1
1.684692387684652e-05 2 3 0 3 1 2 3 1 1 1
1.6846923876846494e-05 2 3 0 3 1 2 3 2 2 1
-0.0011664728876430365 2 3 0 3 1 2 3 3 0 1
0.0005817214765105971 2 3 0 3 1 3 1 0 2 0
4.931600263186826e-05 2 3 0 3 1 3 1 0 2 3
-0.0007292934034492374 2 3 0 3 1 3 1 2 0 0
-0.00010643415239908508 2 3 0 3 1 3 1 2 0 3
0.9805289339509309 2 3 0 3 1 3 1 2 3 0
-0.0006824846949630395 2 3 0 3 1 3 1 2 3 3
8.746580314627307e-05 2 3 0 3 1 3 1 3 2 0
-0.0005817214765105971 2 3 0 3 1 3 2 0 1 0
-4.931600263186826e-05 2 3 0 3 1 3 2 0 1 3
0.0007292934034492374 2 3 0 3 1 3 2 1 0 0
0.00010643415239908508 2 3 0 3 1 3 2 1 0 3
-0.9805289339509309 2 3 0 3 1 3 2 1 3 0
0.0006824846949630395 2 3 0 3 1 3 2 1 3 3
-8.746580314627304e-05 2 3 0 3 1 3 2 3 1 0
0.10268525315594727 2 3 0 3 2 0 1 0 1 0
0.00046963295853287877 2 3 0 3 2 0 1 0 1 3
-0.15982444322123027 2 3 0 3 2 0 1 1 0 0
-1.9999840139168083e-05 2 3 0 3 2 0 1 1 0 3
-1.38337387437408 2 3 0 3 2 0 1 1 3 0
0.34594359217961546 2 3 0 3 2 0 1 1 3 3
-0.00028883829059315715 2 3 0 3 2 0 1 3 1 0
2.9444843367948308e-05 2 3 0 3 2 0 1 3 1 3
0.10268525315594727 2 3 0 3 2 0 2 0 2 0
0.00046963295853287877 2 3 0 3 2 0 2 0 2 3
-0.15982444322123027 2 3 0 3 2 0 2 2 0 0
-1.9999840139168083e-05 2 3 0 3 2 0 2 2 0 3
-1.3833738743740798 2 3 0 3 2 0 2 2 3 0
0.34594359217961557 2 3 0 3 2 0 2 2 3 3
-0.00028883829059315715 2 3 0 3 2 0 2 3 2 0
2.9444843367948314e-05 2 3 0 3 2 0 2 3 2 3
0.00026468003845939885 2 3 0 3 2 1 0 0 0 1
-2.547903217735148e-05 2 3 0 3 2 1 0 1 1 1
-2.5479032177351534e-05 2 3 0 3 2 1 0 2 2 1
0.00026468003845939885 2 3 0 3 2 2 0 0 0 2
-2.5479032177351534e-05 2 3 0 3 2 2 0 1 1 2
-2.547903217735148e-05 2 3 0 3 2 2 0 2 2 2
0.8447313617320779 2 3 0 3 2 3 1 0 1 0
-0.3496167383747566 2 3 0 3 2 3 1 0 1 3
-1.1002434235033407 2 3 0 3 2 3 1 1 0 0
-0.16512869047791268 2 3 0 3 2 3 1 1 0 3
741.0996430746521 2 3 0 3 2 3 1 1 3 0
-0.7525676297176944 2 3 0 3 2 3 1 1 3 3
0.1284378546996275 2 3 0 3 2 3 1 3 1 0
9.560203668543092e-05 2 3 0 3 2 3 1 3 1 3
0.8447313617320779 2 3 0 3 2 3 2 0 2 0
-0.34961673837475665 2 3 0 3 2 3 2 0 2 3
-1.1002434235033405 2 3 0 3 2 3 2 2 0 0
-0.16512869047791265 2 3 0 3 2 3 2 2 0 3
741.0996430746521 2 3 0 3 2 3 2 2 3 0
-0.7525676297176943 2 3 0 3 2 3 2 2 3 3
0.1284378546996275 2 3 0 3 2 3 2 3 2 0
9.560203668543092e-05 2 3 0 3 2 3 2 3 2 3
0.002370388049876571 2 3 1 0 0 0 1 0 3 2
0.0017666437512912183 2 3 1 0 0 0 1 1 1 2
-1.5524063779418456e-05 2 3 1 0 0 0 1 2 1 1
0.0017511196875117996 2 3 1 0 0 0 1 2 2 2
0.0027239580102602773 2 3 1 0 0 0 1 3 0 2
0.018477925612936756 2 3 1 0 0 0 1 3 3 2
-0.002370388049876571 2 3 1 0 0 0 2 0 3 1
-0.0017511196875117996 2 3 1 0 0 0 2 1 1 1
1.5524063779418456e-05 2 3 1 0 0 0 2 1 2 2
-0.0017666437512912183 2 3 1 0 0 0 2 2 2 1
-0.0027239580102602773 2 3 1 0 0 0 2 3 0 1
-0.018477925612936756 2 3 1 0 0 0 2 3 3 1
-0.01872830921740137 2 3 1 0 0 1 0 0 2 0
-0.0027793072839523577 2 3 1 0 0 1 0 0 2 3
-98.06804701029475 2 3 1 0 0 1 0 2 0 0
-13.348139885945281 2 3 1 0 0 1 0 2 0 3
-12.251463329608049 2 3 1 0 0 1 0 2 3 0
0.02714693006541681 2 3 1 0 0 1 0 2 3 3
7.2091323915727745 2 3 1 0 0 1 0 3 2 0
-0.01764558010519354 2 3 1 0 0 1 0 3 2 3
-0.0026660291618600587 2 3 1 0 0 1 3 0 2 0
-13.790947570522624 2 3 1 0 0 1 3 2 0 0
0.026143386662329637 2 3 1 0 0 1 3 2 0 3
0.03129189010402503 2 3 1 0 0 1 3 2 3 0
0.003828123199220805 2 3 1 0 0 1 3 2 3 3
-0.019967811978683896 2 3 1 0 0 1 3 3 2 0
-0.002510909179713559 2 3 1 0 0 1 3 3 2 3
0.01872830921740137 2 3 1 0 0 2 0 0 1 0
0.0027793072839523577 2 3 1 0 0 2 0 0 1 3
98.06804701029475 2 3 1 0 0 2 0 1 0 0
13.348139885945281 2 3 1 0 0 2 0 1 0 3
12.251463329608049 2 3 1 0 0 2 0 1 3 0
-0.02714693006541681 2 3 1 0 0 2 0 1 3 3
-7.2091323915727745 2 3 1 0 0 2 0 3 1 0
0.01764558010519354 2 3 1 0 0 2 0 3 1 3
0.0026660291618600587 2 3 1 0 0 2 3 0 1 0
13.790947570522624 2 3 1 0 0 2 3 1 0 0
-0.026143386662329637 2 3 1 0 0 2 3 1 0 3
-0.03129189010402503 2 3 1 0 0 2 3 1 3 0
-0.003828123199220805 2 3 1 0 0 2 3 1 3 3
0.019967811978683896 2 3 1 0 0 2 3 3 1 0
0.002510909179713559 2 3 1 0 0 2 3 3 1 3
0.00295761369260787 2 3 1 0 0 3 1 0 0 2
0.0167164779936596 2 3 1 0 0 3 1 0 3 2
-0.009208930790569277 2 3 1 0 0 3 1 1 1 2
2.0834416517333465e-06 2 3 1 0 0 3 1 1 2 1
0.00986187105417924 2 3 1 0 0 3 1 2 1 1
0.0006550237052617014 2 3 1 0 0 3 1 2 2 2
0.017171009010107943 2 3 1 0 0 3 1 3 0 2
-8.143208384620548 2 3 1 0 0 3 1 3 3 2
-0.00295761369260787 2 3 1 0 0 3 2 0 0 1
-0.0167164779936596 2 3 1 0 0 3 2 0 3 1
-0.0006550237052617014 2 3 1 0 0 3 2 1 1 1
-0.00986187105417924 2 3 1 0 0 3 2 1 2 2
-2.0834416517333465e-06 2 3 1 0 0 3 2 2 1 2
0.009208930790569277 2 3 1 0 0 3 2 2 2 1
-0.017171009010107943 2 3 1 0 0 3 2 3 0 1
8.143208384620548 2 3 1 0 0 3 2 3 3 1
0.0018821744520485827 2 3 1 0 3 0 1 0 0 2
0.016189557371740784 2 3 1 0 3 0 1 0 3 2
-3.360461518562091 2 3 1 0 3 0 1 1 1 2
6.055645938671959e-07 2 3 1 0 3 0 1 1 2 1
0.012450964894567842 2 3 1 0 3 0 1 2 1 1
-3.3480099481029306 2 3 1 0 3 0 1 2 2 2
0.018648005872501865 2 3 1 0 3 0 1 3 0 2
-8.190072170558222 2 3 1 0 3 0 1 3 3 2
-0.0018821744520485827 2 3 1 0 3 0 2 0 0 1
-0.016189557371740784 2 3 1 0 3 0 2 0 3 1
3.3480099481029306 2 3 1 0 3 0 2 1 1 1
-0.012450964894567842 2 3 1 0 3 0 2 1 2 2
-6.055645938672094e-07 2 3 1 0 3 0 2 2 1 2
3.360461518562091 2 3 1 0 3 0 2 2 2 1
-0.018648005872501865 2 3 1 0 3 0 2 3 0 1
8.190072170558224 2 3 1 0 3 0 2 3 3 1
-0.0023346512343719534 2 3 1 0 3 1 0 0 2 0
-8.050779171830374 2 3 1 0 3 1 0 2 0 0
0.024336923944621097 2 3 1 0 3 1 0 2 0 3
0.024063603079978534 2 3 1 0 3 1 0 2 3 0
0.004204760829032745 2 3 1 0 3 1 0 2 3 3
-0.014346900888030952 2 3 1 0 3 1 0 3 2 0
-0.0025248085099622256 2 3 1 0 3 1 0 3 2 3
0.026143386662329637 2 3 1 0 3 1 3 2 0 0
0.004485450070313846 2 3 1 0 3 1 3 2 0 3
0.003995951971792316 2 3 1 0 3 1 3 2 3 0
-0.0024012264700326667 2 3 1 0 3 1 3 3 2 0
0.0023346512343719534 2 3 1 0 3 2 0 0 1 0
8.050779171830374 2 3 1 0 3 2 0 1 0 0
-0.024336923944621097 2 3 1 0 3 2 0 1 0 3
-0.024063603079978534 2 3 1 0 3 2 0 1 3 0
-0.004204760829032745 2 3 1 0 3 2 0 1 3 3
0.014346900888030952 2 3 1 0 3 2 0 3 1 0
0.0025248085099622256 2 3 1 0 3 2 0 3 1 3
-0.026143386662329637 2 3 1 0 3 2 3 1 0 0
-0.004485450070313847 2 3 1 0 3 2 3 1 0 3
-0.003995951971792316 2 3 1 0 3 2 3 1 3 0
0.0024012264700326667 2 3 1 0 3 2 3 3 1 0
0.01856674333405533 2 3 1 0 3 3 1 0 0 2
-8.20623944255046 2 3 1 0 3 3 1 0 3 2
-0.424315724695706 2 3 1 0 3 3 1 1 1 2
-2.9802882146665825e-05 2 3 1 0 3 3 1 1 2 1
-1.3240980657523641e-06 2 3 1 0 3 3 1 2 1 1
-0.4243468516759184 2 3 1 0 3 3 1 2 2 2
-9.034098799923898 2 3 1 0 3 3 1 3 0 2
-54.29876831215111 2 3 1 0 3 3 1 3 3 2
-0.01856674333405533 2 3 1 0 3 3 2 0 0 1
8.20623944255046 2 3 1 0 3 3 2 0 3 1
0.4243468516759184 2 3 1 0 3 3 2 1 1 1
1.3240980657523641e-06 2 3 1 0 3 3 2 1 2 2
2.9802882146665804e-05 2 3 1 0 3 3 2 2 1 2
0.424315724695706 2 3 1 0 3 3 2 2 2 1
9.034098799923898 2 3 1 0 3 3 2 3 0 1
54.29876831215111 2 3 1 0 3 3 2 3 3 1
-5.5789855014078854e-06 2 3 1 1 1 0 1 2 0 0
3.110909515042958e-06 2 3 1 1 1 0 1 2 0 3
0.007755061769067551 2 3 1 1 1 0 1 2 3 0
0.00045019948013966433 2 3 1 1 1 0 1 2 3 3
2.8247539674124917e-05 2 3 1 1 1 0 1 3 2 0
5.5789855014078854e-06 2 3 1 1 1 0 2 1 0 0
-3.11090951504296e-06 2 3 1 1 1 0 2 1 0 3
-0.007755061769067552 2 3 1 1 1 0 2 1 3 0
-0.00045019948013966433 2 3 1 1 1 0 2 1 3 3
-2.8247539674124917e-05 2 3 1 1 1 0 2 3 1 0
-3.4171648141499796e-05 2 3 1 1 1 1 0 0 0 2
6.565488488588387e-05 2 3 1 1 1 1 0 0 3 2
0.02014721716420093 2 3 1 1 1 1 0 3 0 2
0.0005082303781436331 2 3 1 1 1 1 0 3 3 2
1.7671190050082448e-06 2 3 1 1 1 1 3 0 0 2
-1.6846923876846477e-05 2 3 1 1 1 1 3 3 0 2
0.00011144982868590075 2 3 1 1 1 1 3 3 3 2
3.4171648141499796e-05 2 3 1 1 1 2 0 0 0 1
-6.565488488588387e-05 2 3 1 1 1 2 0 0 3 1
-0.02014721716420093 2 3 1 1 1 2 0 3 0 1
-0.0005082303781436331 2 3 1 1 1 2 0 3 3 1
-1.7671190050082448e-06 2 3 1 1 1 2 3 0 0 1
1.6846923876846477e-05 2 3 1 1 1 2 3 3 0 1
-0.00011144982868590075 2 3 1 1 1 2 3 3 3 1
-3.6837862529018697e-06 2 3 1 1 1 3 1 0 2 0
0.00010759326058525613 2 3 1 1 1 3 1 2 0 0
0.00035554140013167884 2 3 1 1 1 3 1 2 0 3
0.0006933795920442343 2 3 1 1 1 3 1 2 3 0
-0.4869326962862448 2 3 1 1 1 3 1 2 3 3
-1.8950302920752467e-05 2 3 1 1 1 3 1 3 2 0
-4.896523977416373e-05 2 3 1 1 1 3 1 3 2 3
3.6837862529018697e-06 2 3 1 1 1 3 2 0 1 0
-0.00010759326058525613 2 3 1 1 1 3 2 1 0 0
-0.00035554140013167884 2 3 1 1 1 3 2 1 0 3
-0.0006933795920442343 2 3 1 1 1 3 2 1 3 0
0.48693269628624475 2 3 1 1 1 3 2 1 3 3
1.8950302920752467e-05 2 3 1 1 1 3 2 3 1 0
4.896523977416373e-05 2 3 1 1 1 3 2 3 1 3
2.5837785402666403e-05 2 3 1 1 2 0 1 0 1 0
2.894875984501183e-05 2 3 1 1 2 0 1 0 1 3
-2.3734792303383978e-06 2 3 1 1 2 0 1 1 3 0
-0.023100619617343846 2 3 1 1 2 0 1 3 1 0
0.0005985793552973791 2 3 1 1 2 0 1 3 1 3
2.5837785402666403e-05 2 3 1 1 2 0 2 0 2 0
2.8948759845011833e-05 2 3 1 1 2 0 2 0 2 3
-2.373479230338397e-06 2 3 1 1 2 0 2 2 3 0
-0.02310061961734385 2 3 1 1 2 0 2 3 2 0
0.0005985793552973791 2 3 1 1 2 0 2 3 2 3
-0.0005614047988768633 2 3 1 1 2 1 0 1 2 2
-0.0008455738159548105 2 3 1 1 2 1 0 2 1 2
0.0014069786148316738 2 3 1 1 2 1 0 2 2 1
-1.8185337293777367e-05 2 3 1 1 2 1 0 3 0 1
-0.00011036191915930461 2 3 1 1 2 1 3 1 2 2
-0.00016782877257151088 2 3 1 1 2 1 3 2 1 2
0.0002781906917308154 2 3 1 1 2 1 3 2 2 1
0.0014069786148316738 2 3 1 1 2 2 0 1 1 2
-0.0008455738159548105 2 3 1 1 2 2 0 1 2 1
-0.0005614047988768633 2 3 1 1 2 2 0 2 1 1
-1.8185337293777367e-05 2 3 1 1 2 2 0 3 0 2
0.0002781906917308154 2 3 1 1 2 2 3 1 1 2
-0.00016782877257151088 2 3 1 1 2 2 3 1 2 1
-0.00011036191915930461 2 3 1 1 2 2 3 2 1 1
-0.008239390105927481 2 3 1 1 2 3 1 0 1 0
0.0004685283833741163 2 3 1 1 2 3 1 0 1 3
1.5598515928817266e-06 2 3 1 1 2 3 1 1 0 0
-1.3055235640415266e-05 2 3 1 1 2 3 1 1 3 0
-2.986539273126296e-05 2 3 1 1 2 3 1 1 3 3
-0.005717662293824176 2 3 1 1 2 3 1 3 1 0
-0.6309232310141554 2 3 1 1 2 3 1 3 1 3
-0.008239390105927483 2 3 1 1 2 3 2 0 2 0
0.0004685283833741163 2 3 1 1 2 3 2 0 2 3
1.5598515928817262e-06 2 3 1 1 2 3 2 2 0 0
-1.3055235640415266e-05 2 3 1 1 2 3 2 2 3 0
-2.986539273126296e-05 2 3 1 1 2 3 2 2 3 3
-0.005717662293824175 2 3 1 1 2 3 2 3 2 0
-0.6309232310141554 2 3 1 1 2 3 2 3 2 3
7.2287642620317175e-06 2 3 1 2 1 0 1 0 1 0
-4.030846023722724e-06 2 3 1 2 1 0 1 0 1 3
3.7879063596295115e-05 2 3 1 2 1 0 1 1 3 0
-0.010048334657248532 2 3 1 2 1 0 1 3 1 0
-0.0005833293368476408 2 3 1 2 1 0 1 3 1 3
7.2287642620317175e-06 2 3 1 2 1 0 2 0 2 0
-4.030846023722721e-06 2 3 1 2 1 0 2 0 2 3
3.7879063596295115e-05 2 3 1 2 1 0 2 2 3 0
-0.01004833465724853 2 3 1 2 1 0 2 3 2 0
-0.0005833293368476408 2 3 1 2 1 0 2 3 2 3
-0.00014698345216620308 2 3 1 2 1 1 0 1 2 2
0.0009925572681210137 2 3 1 2 1 1 0 2 1 2
-0.0008455738159548105 2 3 1 2 1 1 0 2 2 1
-2.810529867269354e-05 2 3 1 2 1 1 3 1 2 2
0.00019593407124420448 2 3 1 2 1 1 3 2 1 2
-0.00016782877257151088 2 3 1 2 1 1 3 2 2 1
-0.0008455738159548105 2 3 1 2 1 2 0 1 1 2
0.0009925572681210137 2 3 1 2 1 2 0 1 2 1
-0.00014698345216620308 2 3 1 2 1 2 0 2 1 1
-0.00016782877257151088 2 3 1 2 1 2 3 1 1 2
0.00019593407124420448 2 3 1 2 1 2 3 1 2 1
-2.810529867269354e-05 2 3 1 2 1 2 3 2 1 1
-0.00013940999071567628 2 3 1 2 1 3 1 0 1 0
-0.0004606796282757889 2 3 1 2 1 3 1 0 1 3
-6.182957340368674e-06 2 3 1 2 1 3 1 1 0 0
3.218629912087174e-05 2 3 1 2 1 3 1 1 3 0
-1.6332757366555212e-05 2 3 1 2 1 3 1 1 3 3
-0.0008984209788189307 2 3 1 2 1 3 1 3 1 0
0.6309250439959884 2 3 1 2 1 3 1 3 1 3
-0.00013940999071567628 2 3 1 2 1 3 2 0 2 0
-0.0004606796282757889 2 3 1 2 1 3 2 0 2 3
-6.182957340368674e-06 2 3 1 2 1 3 2 2 0 0
3.218629912087174e-05 2 3 1 2 1 3 2 2 3 0
-1.6332757366555212e-05 2 3 1 2 1 3 2 2 3 3
-0.0008984209788189307 2 3 1 2 1 3 2 3 2 0
0.6309250439959884 2 3 1 2 1 3 2 3 2 3
-3.495506704205792e-05 2 3 1 2 2 0 1 2 0 0
-3.1459462109095454e-05 2 3 1 2 2 0 1 2 0 3
0.037764391424134326 2 3 1 2 2 0 1 2 3 0
-1.7128150926591035e-05 2 3 1 2 2 0 1 2 3 3
-3.075347988019493e-06 2 3 1 2 2 0 1 3 2 0
3.495506704205792e-05 2 3 1 2 2 0 2 1 0 0
3.145946210909546e-05 2 3 1 2 2 0 2 1 0 3
-0.03776439142413433 2 3 1 2 2 0 2 1 3 0
1.7128150926591035e-05 2 3 1 2 2 0 2 1 3 3
3.075347988019493e-06 2 3 1 2 2 0 2 3 1 0
-0.0005423722711403011 2 3 1 2 2 1 0 0 0 2
0.0005423722711403006 2 3 1 2 2 1 0 3 3 2
-0.0001096827096808926 2 3 1 2 2 1 3 0 0 2
0.00010968270968089251 2 3 1 2 2 1 3 3 3 2
0.0005423722711403011 2 3 1 2 2 2 0 0 0 1
-0.0005423722711403006 2 3 1 2 2 2 0 3 3 1
0.0001096827096808926 2 3 1 2 2 2 3 0 0 1
-0.00010968270968089251 2 3 1 2 2 2 3 3 3 1
2.0211200487707334e-06 2 3 1 2 2 3 1 0 2 0
0.00646117998356248 2 3 1 2 2 3 1 2 0 0
-7.937981663842842e-06 2 3 1 2 2 3 1 2 0 3
0.008635176720088742 2 3 1 2 2 3 1 2 3 0
1.0494724823495296e-06 2 3 1 2 2 3 1 2 3 3
-1.6915839054613223e-05 2 3 1 2 2 3 1 3 2 0
-3.869697879530499e-05 2 3 1 2 2 3 1 3 2 3
-2.0211200487707334e-06 2 3 1 2 2 3 2 0 1 0
-0.00646117998356248 2 3 1 2 2 3 2 1 0 0
7.937981663842842e-06 2 3 1 2 2 3 2 1 0 3
-0.008635176720088742 2 3 1 2 2 3 2 1 3 0
-1.0494724823495296e-06 2 3 1 2 2 3 2 1 3 3
1.6915839054613223e-05 2 3 1 2 2 3 2 3 1 0
3.869697879530499e-05 2 3 1 2 2 3 2 3 1 3
0.0020211790050833067 2 3 1 3 0 0 1 0 0 2
0.016470298970093087 2 3 1 3 0 0 1 0 3 2
0.00041544286134976254 2 3 1 3 0 0 1 1 1 2
-1.8909996241085433e-06 2 3 1 3 0 0 1 2 1 1
0.0004135518617256541 2 3 1 3 0 0 1 2 2 2
0.01764874614216245 2 3 1 3 0 0 1 3 0 2
-8.953568795508543 2 3 1 3 0 0 1 3 3 2
-0.0020211790050833067 2 3 1 3 0 0 2 0 0 1
-0.016470298970093087 2 3 1 3 0 0 2 0 3 1
-0.0004135518617256541 2 3 1 3 0 0 2 1 1 1
1.8909996241085433e-06 2 3 1 3 0 0 2 1 2 2
-0.00041544286134976254 2 3 1 3 0 0 2 2 2 1
-0.01764874614216245 2 3 1 3 0 0 2 3 0 1
8.953568795508543 2 3 1 3 0 0 2 3 3 1
7.858234533864925 2 3 1 3 0 1 0 0 2 0
-0.017432401823128045 2 3 1 3 0 1 0 0 2 3
-11.239474148781596 2 3 1 3 0 1 0 2 0 0
0.02747928107787886 2 3 1 3 0 1 0 2 0 3
0.03006705822360914 2 3 1 3 0 1 0 2 3 0
0.004459190536324247 2 3 1 3 0 1 0 2 3 3
62.90256107299297 2 3 1 3 0 1 0 3 2 0
8.561691664368675 2 3 1 3 0 1 0 3 2 3
-0.01996781197868391 2 3 1 3 0 1 3 0 2 0
-0.002401226470032668 2 3 1 3 0 1 3 0 2 3
0.03129189010402502 2 3 1 3 0 1 3 2 0 0
0.003995951971792316 2 3 1 3 0 1 3 2 0 3
0.004334319071218358 2 3 1 3 0 1 3 2 3 0
8.67603798524498 2 3 1 3 0 1 3 3 2 0
-0.016405217330279342 2 3 1 3 0 1 3 3 2 3
-7.858234533864924 2 3 1 3 0 2 0 0 1 0
0.017432401823128045 2 3 1 3 0 2 0 0 1 3
11.239474148781595 2 3 1 3 0 2 0 1 0 0
-0.02747928107787886 2 3 1 3 0 2 0 1 0 3
-0.03006705822360914 2 3 1 3 0 2 0 1 3 0
-0.004459190536324247 2 3 1 3 0 2 0 1 3 3
-62.90256107299297 2 3 1 3 0 2 0 3 1 0
-8.561691664368675 2 3 1 3 0 2 0 3 1 3
0.01996781197868391 2 3 1 3 0 2 3 0 1 0
0.002401226470032668 2 3 1 3 0 2 3 0 1 3
-0.03129189010402502 2 3 1 3 0 2 3 1 0 0
-0.003995951971792316 2 3 1 3 0 2 3 1 0 3
-0.004334319071218359 2 3 1 3 0 2 3 1 3 0
-8.676037985244978 2 3 1 3 0 2 3 3 1 0
0.016405217330279342 2 3 1 3 0 2 3 3 1 3
0.016930198120337976 2 3 1 3 0 3 1 0 0 2
-8.762398494665577 2 3 1 3 0 3 1 0 3 2
0.00021713157818948885 2 3 1 3 0 3 1 1 1 2
-7.209120910912811e-06 2 3 1 3 0 3 1 2 1 1
0.00020992245727857606 2 3 1 3 0 3 1 2 2 2
-8.774712542154615 2 3 1 3 0 3 1 3 0 2
-37.10355822048271 2 3 1 3 0 3 1 3 3 2
-0.016930198120337976 2 3 1 3 0 3 2 0 0 1
8.762398494665575 2 3 1 3 0 3 2 0 3 1
-0.00020992245727857606 2 3 1 3 0 3 2 1 1 1
7.209120910912811e-06 2 3 1 3 0 3 2 1 2 2
-0.00021713157818948885 2 3 1 3 0 3 2 2 2 1
8.774712542154615 2 3 1 3 0 3 2 3 0 1
37.10355822048271 2 3 1 3 0 3 2 3 3 1
0.013752562681849316 2 3 1 3 3 0 1 0 0 2
-3.2307386225321424 2 3 1 3 3 0 1 0 3 2
0.002841227978926702 2 3 1 3 3 0 1 1 1 2
-9.091852088447196e-06 2 3 1 3 3 0 1 2 1 1
0.002832136126838255 2 3 1 3 3 0 1 2 2 2
-5.475767948926874 2 3 1 3 3 0 1 3 0 2
-68.23523224633952 2 3 1 3 3 0 1 3 3 2
-0.013752562681849316 2 3 1 3 3 0 2 0 0 1
3.230738622532143 2 3 1 3 3 0 2 0 3 1
-0.002832136126838255 2 3 1 3 3 0 2 1 1 1
9.091852088447196e-06 2 3 1 3 3 0 2 1 2 2
-0.002841227978926702 2 3 1 3 3 0 2 2 2 1
5.475767948926874 2 3 1 3 3 0 2 3 0 1
68.23523224633952 2 3 1 3 3 0 2 3 3 1
-0.015218467148246054 2 3 1 3 3 1 0 0 2 0
-0.0026436733833252006 2 3 1 3 3 1 0 0 2 3
0.022704806460530955 2 3 1 3 3 1 0 2 0 0
0.004020326872770644 2 3 1 3 3 1 0 2 0 3
0.0037746912457354634 2 3 1 3 3 1 0 2 3 0
4.85133127130065 2 3 1 3 3 1 0 3 2 0
-0.015307976516972726 2 3 1 3 3 1 0 3 2 3
-0.0025109091797135604 2 3 1 3 3 1 3 0 2 0
0.0038281231992208058 2 3 1 3 3 1 3 2 0 0
-0.016405217330279342 2 3 1 3 3 1 3 3 2 0
-0.0027989389468309556 2 3 1 3 3 1 3 3 2 3
0.015218467148246054 2 3 1 3 3 2 0 0 1 0
0.0026436733833252006 2 3 1 3 3 2 0 0 1 3
-0.022704806460530955 2 3 1 3 3 2 0 1 0 0
-0.004020326872770644 2 3 1 3 3 2 0 1 0 3
-0.0037746912457354634 2 3 1 3 3 2 0 1 3 0
-4.851331271300649 2 3 1 3 3 2 0 3 1 0
0.015307976516972726 2 3 1 3 3 2 0 3 1 3
0.0025109091797135604 2 3 1 3 3 2 3 0 1 0
-0.0038281231992208058 2 3 1 3 3 2 3 1 0 0
0.016405217330279342 2 3 1 3 3 2 3 3 1 0
0.0027989389468309556 2 3 1 3 3 2 3 3 1 3
-7.7924804050696075 2 3 1 3 3 3 1 0 0 2
-53.74921387281718 2 3 1 3 3 3 1 0 3 2
-0.31891485017956966 2 3 1 3 3 3 1 1 1 2
9.237207484822773e-07 2 3 1 3 3 3 1 1 2 1
-4.499438259159387e-06 2 3 1 3 3 3 1 2 1 1
-0.3189184258970803 2 3 1 3 3 3 1 2 2 2
-53.97062516892612 2 3 1 3 3 3 1 3 0 2
36598.77952118907 2 3 1 3 3 3 1 3 3 2
7.7924804050696075 2 3 1 3 3 3 2 0 0 1
53.74921387281719 2 3 1 3 3 3 2 0 3 1
0.3189184258970803 2 3 1 3 3 3 2 1 1 1
4.499438259159387e-06 2 3 1 3 3 3 2 1 2 2
-9.237207484822773e-07 2 3 1 3 3 3 2 2 1 2
0.3189148501795696 2 3 1 3 3 3 2 2 2 1
53.97062516892613 2 3 1 3 3 3 2 3 0 1
-36598.77952118908 2 3 1 3 3 3 2 3 3 1
0.0013897293617426564 2 3 2 0 0 1 0 1 0 0
0.00018742561308396144 2 3 2 0 0 1 0 1 0 3
0.00017590034467072368 2 3 2 0 0 1 0 1 3 0
2.5582544218816618e-05 2 3 2 0 0 1 0 3 1 0
0.00024380230654790598 2 3 2 0 0 1 3 1 0 0
0.0013897293617426564 2 3 2 0 0 2 0 2 0 0
0.00018742561308396144 2 3 2 0 0 2 0 2 0 3
0.00017590034467072368 2 3 2 0 0 2 0 2 3 0
2.5582544218816618e-05 2 3 2 0 0 2 0 3 2 0
0.00024380230654790663 2 3 2 0 0 2 3 2 0 0
-1.4210353857626104e-06 2 3 2 0 0 3 1 1 1 1
3.587663600806282e-06 2 3 2 0 0 3 1 1 2 2
2.3634315975306207e-06 2 3 2 0 0 3 1 2 1 2
-7.372130584099513e-06 2 3 2 0 0 3 1 2 2 1
-5.076671045042662e-05 2 3 2 0 0 3 1 3 3 1
-7.372130584099513e-06 2 3 2 0 0 3 2 1 1 2
2.3634315975306207e-06 2 3 2 0 0 3 2 1 2 1
3.587663600806282e-06 2 3 2 0 0 3 2 2 1 1
-1.4210353857626104e-06 2 3 2 0 0 3 2 2 2 2
-5.076671045042662e-05 2 3 2 0 0 3 2 3 3 2
-9.573786048852681e-06 2 3 2 0 3 0 1 1 1 1
2.6637218565883734e-05 2 3 2 0 3 0 1 1 2 2
-2.767965971718924e-05 2 3 2 0 3 0 1 2 1 2
-8.531344897547178e-06 2 3 2 0 3 0 1 2 2 1
-5.138730461503997e-05 2 3 2 0 3 0 1 3 3 1
-8.531344897547205e-06 2 3 2 0 3 0 2 1 1 2
-2.7679659717189254e-05 2 3 2 0 3 0 2 1 2 1
2.6637218565883748e-05 2 3 2 0 3 0 2 2 1 1
-9.573786048852715e-06 2 3 2 0 3 0 2 2 2 2
-5.138730461503997e-05 2 3 2 0 3 0 2 3 3 2
0.00014932002086069418 2 3 2 0 3 1 0 1 0 0
0.00014932002086069418 2 3 2 0 3 2 0 2 0 0
-4.940551638345052e-05 2 3 2 0 3 3 1 0 3 1
-3.954537269320345e-06 2 3 2 0 3 3 1 1 1 1
-1.2989444247428539e-05 2 3 2 0 3 3 1 1 2 2
1.4534046907500094e-05 2 3 2 0 3 3 1 2 1 2
-5.499139929392132e-06 2 3 2 0 3 3 1 2 2 1
-5.6591918406608726e-05 2 3 2 0 3 3 1 3 0 1
-0.00036014000371640056 2 3 2 0 3 3 1 3 3 1
-4.940551638345052e-05 2 3 2 0 3 3 2 0 3 2
-5.499139929392132e-06 2 3 2 0 3 3 2 1 1 2
1.4534046907500094e-05 2 3 2 0 3 3 2 1 2 1
-1.2989444247428539e-05 2 3 2 0 3 3 2 2 1 1
-3.954537269320345e-06 2 3 2 0 3 3 2 2 2 2
-5.6591918406608726e-05 2 3 2 0 3 3 2 3 0 2
-0.00036014000371640056 2 3 2 0 3 3 2 3 3 2
-3.500442269903874e-05 2 3 2 1 1 0 1 1 3 0
-1.4586883346164097e-06 2 3 2 1 1 0 1 3 1 0
-3.500442269903874e-05 2 3 2 1 1 0 2 2 3 0
-1.4586883346164097e-06 2 3 2 1 1 0 2 3 2 0
0.0007083882510430663 2 3 2 1 1 1 0 1 2 2
-0.00014698345216620308 2 3 2 1 1 1 0 2 1 2
-0.0005614047988768633 2 3 2 1 1 1 0 2 2 1
0.00013846721783199818 2 3 2 1 1 1 3 1 2 2
-2.810529867269354e-05 2 3 2 1 1 1 3 2 1 2
-0.00011036191915930461 2 3 2 1 1 1 3 2 2 1
-0.0005614047988768633 2 3 2 1 1 2 0 1 1 2
-0.00014698345216620308 2 3 2 1 1 2 0 1 2 1
0.0007083882510430663 2 3 2 1 1 2 0 2 1 1
-0.00011036191915930461 2 3 2 1 1 2 3 1 1 2
-2.810529867269354e-05 2 3 2 1 1 2 3 1 2 1
0.00013846721783199818 2 3 2 1 1 2 3 2 1 1
1.456525677910308e-06 2 3 2 1 1 3 1 0 1 0
3.279963201047972e-06 2 3 2 1 1 3 1 1 0 0
1.549254070467765e-05 2 3 2 1 1 3 1 1 3 0
4.358994694037981e-05 2 3 2 1 1 3 1 1 3 3
-4.874859135624211e-05 2 3 2 1 1 3 1 3 1 0
-6.969889085901004e-07 2 3 2 1 1 3 1 3 1 3
1.456525677910308e-06 2 3 2 1 1 3 2 0 2 0
3.279963201047972e-06 2 3 2 1 1 3 2 2 0 0
1.549254070467765e-05 2 3 2 1 1 3 2 2 3 0
4.358994694037981e-05 2 3 2 1 1 3 2 2 3 3
-4.874859135624211e-05 2 3 2 1 1 3 2 3 2 0
-6.969889085901004e-07 2 3 2 1 1 3 2 3 2 3
2.937608154065003e-05 2 3 2 1 2 0 1 2 0 0
3.4570371624138413e-05 2 3 2 1 2 0 1 2 0 3
-0.03000820387467405 2 3 2 1 2 0 1 2 3 0
0.00046732763106625526 2 3 2 1 2 0 1 2 3 3
-6.493617067838958e-07 2 3 2 1 2 0 1 3 2 0
-2.937608154065003e-05 2 3 2 1 2 0 2 1 0 0
-3.4570371624138413e-05 2 3 2 1 2 0 2 1 0 3
0.030008203874674046 2 3 2 1 2 0 2 1 3 0
-0.00046732763106625526 2 3 2 1 2 0 2 1 3 3
6.493617067838958e-07 2 3 2 1 2 0 2 3 1 0
1.7403273114909942e-06 2 3 2 1 2 3 1 0 2 0
-0.006354710834283794 2 3 2 1 2 3 1 2 0 0
0.00036347938179552173 2 3 2 1 2 3 1 2 0 3
-0.007904174143737354 2 3 2 1 2 3 1 2 3 0
-0.48693320783953714 2 3 2 1 2 3 1 2 3 3
-4.486225542136085e-05 2 3 2 1 2 3 1 3 2 0
3.3794828410740852e-06 2 3 2 1 2 3 1 3 2 3
-1.7403273114909942e-06 2 3 2 1 2 3 2 0 1 0
0.006354710834283794 2 3 2 1 2 3 2 1 0 0
-0.00036347938179552173 2 3 2 1 2 3 2 1 0 3
0.007904174143737354 2 3 2 1 2 3 2 1 3 0
0.4869332078395371 2 3 2 1 2 3 2 1 3 3
4.486225542136085e-05 2 3 2 1 2 3 2 3 1 0
-3.3794828410740852e-06 2 3 2 1 2 3 2 3 1 3
-1.1257803927348668e-06 2 3 2 2 1 0 1 2 3 0
3.197224936892831e-05 2 3 2 2 1 0 1 3 2 0
1.1257803927348668e-06 2 3 2 2 1 0 2 1 3 0
-3.197224936892831e-05 2 3 2 2 1 0 2 3 1 0
0.0005082006229988013 2 3 2 2 1 1 0 0 0 2
6.565488488588387e-05 2 3 2 2 1 1 0 0 3 2
0.02014721716420099 2 3 2 2 1 1 0 3 0 2
-3.414189299666754e-05 2 3 2 2 1 1 0 3 3 2
0.00011144982868590086 2 3 2 2 1 1 3 0 0 2
-1.684692387684651e-05 2 3 2 2 1 1 3 3 0 2
1.7671190050082397e-06 2 3 2 2 1 1 3 3 3 2
-0.0005082006229988013 2 3 2 2 1 2 0 0 0 1
-6.565488488588387e-05 2 3 2 2 1 2 0 0 3 1
-0.020147217164200988 2 3 2 2 1 2 0 3 0 1
3.414189299666754e-05 2 3 2 2 1 2 0 3 3 1
-0.00011144982868590086 2 3 2 2 1 2 3 0 0 1
1.684692387684651e-05 2 3 2 2 1 2 3 3 0 1
-1.7671190050082397e-06 2 3 2 2 1 2 3 3 3 1
-7.445233613163611e-06 2 3 2 2 1 3 1 0 2 0
1.1241113065714913e-06 2 3 2 2 1 3 1 2 0 0
-3.762298430715362e-05 2 3 2 2 1 3 1 2 3 0
-5.379191898800804e-07 2 3 2 2 1 3 1 2 3 3
4.282779155522168e-05 2 3 2 2 1 3 1 3 2 0
-1.3647743819932812e-05 2 3 2 2 1 3 1 3 2 3
7.445233613163611e-06 2 3 2 2 1 3 2 0 1 0
-1.1241113065714913e-06 2 3 2 2 1 3 2 1 0 0
3.762298430715362e-05 2 3 2 2 1 3 2 1 3 0
5.379191898800804e-07 2 3 2 2 1 3 2 1 3 3
-4.282779155522168e-05 2 3 2 2 1 3 2 3 1 0
1.3647743819932808e-05 2 3 2 2 1 3 2 3 1 3
3.306654966469812e-05 2 3 2 2 2 0 1 0 1 0
2.4917913821289112e-05 2 3 2 2 2 0 1 0 1 3
5.011616669179855e-07 2 3 2 2 2 0 1 1 3 0
-0.033150412962927006 2 3 2 2 2 0 1 3 1 0
1.525001844973841e-05 2 3 2 2 2 0 1 3 1 3
3.306654966469812e-05 2 3 2 2 2 0 2 0 2 0
2.4917913821289115e-05 2 3 2 2 2 0 2 0 2 3
5.011616669179889e-07 2 3 2 2 2 0 2 2 3 0
-0.033150412962927006 2 3 2 2 2 0 2 3 2 0
1.5250018449738407e-05 2 3 2 2 2 0 2 3 2 3
-1.818533729377741e-05 2 3 2 2 2 1 0 3 0 1
-1.818533729377741e-05 2 3 2 2 2 2 0 3 0 2
-0.00837734357096525 2 3 2 2 2 3 1 0 1 0
7.84875509832752e-06 2 3 2 2 2 3 1 0 1 3
-1.343142546438978e-06 2 3 2 2 2 3 1 1 0 0
3.46236041851341e-05 2 3 2 2 2 3 1 1 3 0
-2.6082031574383677e-06 2 3 2 2 2 3 1 1 3 3
-0.006664831863999347 2 3 2 2 2 3 1 3 1 0
1.1159929240921815e-06 2 3 2 2 2 3 1 3 1 3
-0.00837734357096525 2 3 2 2 2 3 2 0 2 0
7.84875509832752e-06 2 3 2 2 2 3 2 0 2 3
-1.343142546438978e-06 2 3 2 2 2 3 2 2 0 0
3.46236041851341e-05 2 3 2 2 2 3 2 2 3 0
-2.608203157438371e-06 2 3 2 2 2 3 2 2 3 3
-0.006664831863999347 2 3 2 2 2 3 2 3 2 0
1.1159929240921815e-06 2 3 2 2 2 3 2 3 2 3
-6.576112656697533e-05 2 3 2 3 0 0 1 3 3 1
-6.576112656697555e-05 2 3 2 3 0 0 2 3 3 2
2.6516631977945963e-05 2 3 2 3 0 1 0 0 1 0
0.00016395285815028687 2 3 2 3 0 1 0 1 0 0
0.00023964166039015488 2 3 2 3 0 1 0 3 1 0
3.10466745474438e-05 2 3 2 3 0 1 0 3 1 3
2.6586883514024568e-05 2 3 2 3 0 1 3 3 1 0
2.6516631977945963e-05 2 3 2 3 0 2 0 0 2 0
0.00016395285815028687 2 3 2 3 0 2 0 2 0 0
0.00023964166039015488 2 3 2 3 0 2 0 3 2 0
3.104667454744369e-05 2 3 2 3 0 2 0 3 2 3
2.6586883514024785e-05 2 3 2 3 0 2 3 3 2 0
-4.050936316940784e-05 2 3 2 3 0 3 1 0 3 1
-5.532951105535343e-05 2 3 2 3 0 3 1 3 0 1
-0.00026947230552587 2 3 2 3 0 3 1 3 3 1
-4.0509363169407946e-05 2 3 2 3 0 3 2 0 3 2
-5.532951105535343e-05 2 3 2 3 0 3 2 3 0 2
-0.00026947230552587 2 3 2 3 0 3 2 3 3 2
-3.4552232184793395e-05 2 3 2 3 3 0 1 0 3 1
-4.371196438335322e-05 2 3 2 3 3 0 1 3 0 1
-0.00043463378554451596 2 3 2 3 3 0 1 3 3 1
-3.4552232184793395e-05 2 3 2 3 3 0 2 0 3 2
-4.371196438335322e-05 2 3 2 3 3 0 2 3 0 2
-0.00043463378554451596 2 3 2 3 3 0 2 3 3 2
2.4102292634905786e-05 2 3 2 3 3 1 0 3 1 0
2.4102292634905786e-05 2 3 2 3 3 2 0 3 2 0
-4.7404323141969585e-05 2 3 2 3 3 3 1 0 0 1
-0.00042284486696094695 2 3 2 3 3 3 1 0 3 1
-1.316718120766548e-06 2 3 2 3 3 3 1 1 1 1
2.573148327234147e-05 2 3 2 3 3 3 1 1 2 2
-2.495356471263839e-05 2 3 2 3 3 3 1 2 1 2
-2.0946366804696377e-06 2 3 2 3 3 3 1 2 2 1
-0.0003413411810919255 2 3 2 3 3 3 1 3 0 1
0.44664937474799143 2 3 2 3 3 3 1 3 3 1
-4.7404323141969585e-05 2 3 2 3 3 3 2 0 0 2
-0.00042284486696094695 2 3 2 3 3 3 2 0 3 2
-2.094636680469636e-06 2 3 2 3 3 3 2 1 1 2
-2.495356471263839e-05 2 3 2 3 3 3 2 1 2 1
2.5731483272341475e-05 2 3 2 3 3 3 2 2 1 1
-1.316718120766548e-06 2 3 2 3 3 3 2 2 2 2
-0.0003413411810919255 2 3 2 3 3 3 2 3 0 2
0.44664937474799143 2 3 2 3 3 3 2 3 3 2
0.00011890192156372304 2 3 3 0 1 0 1 0 2 0
-0.00011890192156372307 2 3 3 0 1 0 2 0 1 0
-2.9519938634680774 2 3 3 0 1 1 0 0 0 2
0.0075388394178978755 2 3 3 0 1 1 0 0 3 2
6.600658958274549e-05 2 3 3 0 1 1 0 1 1 2
6.600658958274552e-05 2 3 3 0 1 1 0 2 2 2
0.008680942390401632 2 3 3 0 1 1 0 3 0 2
0.001204895743025822 2 3 3 0 1 1 0 3 3 2
0.00878287833840478 2 3 3 0 1 1 3 0 0 2
0.0011664728876430368 2 3 3 0 1 1 3 0 3 2
0.0013914381169694832 2 3 3 0 1 1 3 3 0 2
2.9519938634680774 2 3 3 0 1 2 0 0 0 1
-0.0075388394178978755 2 3 3 0 1 2 0 0 3 1
-6.600658958274552e-05 2 3 3 0 1 2 0 1 1 1
-6.600658958274549e-05 2 3 3 0 1 2 0 2 2 1
-0.008680942390401632 2 3 3 0 1 2 0 3 0 1
-0.001204895743025822 2 3 3 0 1 2 0 3 3 1
-0.00878287833840478 2 3 3 0 1 2 3 0 0 1
-0.0011664728876430368 2 3 3 0 1 2 3 0 3 1
-0.0013914381169694832 2 3 3 0 1 2 3 3 0 1
0.000559871560271278 2 3 3 0 1 3 1 0 2 0
7.475298113670639e-05 2 3 3 0 1 3 1 0 2 3
-0.00010699276581571719 2 3 3 0 1 3 1 2 3 0
9.433085325404671e-05 2 3 3 0 1 3 1 3 2 0
-0.000559871560271278 2 3 3 0 1 3 2 0 1 0
-7.475298113670639e-05 2 3 3 0 1 3 2 0 1 3
0.00010699276581571719 2 3 3 0 1 3 2 1 3 0
-9.433085325404672e-05 2 3 3 0 1 3 2 3 1 0
0.09803656960450503 2 3 3 0 2 0 1 0 1 0
1.7039480268643483e-05 2 3 3 0 2 0 1 0 1 3
4.779283863982126e-05 2 3 3 0 2 0 1 1 0 0
0.0003407402346015286 2 3 3 0 2 0 1 1 3 0
-7.646430990480118e-05 2 3 3 0 2 0 1 1 3 3
-0.0002970677270347727 2 3 3 0 2 0 1 3 1 0
3.612594794080946e-05 2 3 3 0 2 0 1 3 1 3
0.09803656960450503 2 3 3 0 2 0 2 0 2 0
1.7039480268643483e-05 2 3 3 0 2 0 2 0 2 3
4.779283863982126e-05 2 3 3 0 2 0 2 2 0 0
0.0003407402346015286 2 3 3 0 2 0 2 2 3 0
-7.646430990480118e-05 2 3 3 0 2 0 2 2 3 3
-0.0002970677270347727 2 3 3 0 2 0 2 3 2 0
3.6125947940809463e-05 2 3 3 0 2 0 2 3 2 3
0.0002551520634891097 2 3 3 0 2 1 0 0 0 1
0.0002551520634891097 2 3 3 0 2 2 0 0 0 2
0.8405105083044834 2 3 3 0 2 3 1 0 1 0
0.13730615738678234 2 3 3 0 2 3 1 0 1 3
0.0003764678250339254 2 3 3 0 2 3 1 1 0 0
-2.180868587622508e-05 2 3 3 0 2 3 1 1 0 3
-0.15803960356582944 2 3 3 0 2 3 1 1 3 0
-0.0001248171999292946 2 3 3 0 2 3 1 1 3 3
0.14127902378282817 2 3 3 0 2 3 1 3 1 0
-0.000264633743492156 2 3 3 0 2 3 1 3 1 3
0.8405105083044835 2 3 3 0 2 3 2 0 2 0
0.13730615738678234 2 3 3 0 2 3 2 0 2 3
0.0003764678250339254 2 3 3 0 2 3 2 2 0 0
-2.180868587622508e-05 2 3 3 0 2 3 2 2 0 3
-0.15803960356582947 2 3 3 0 2 3 2 2 3 0
-0.0001248171999292946 2 3 3 0 2 3 2 2 3 3
0.14127902378282817 2 3 3 0 2 3 2 3 2 0
-0.000264633743492156 2 3 3 0 2 3 2 3 2 3
-0.001970338046149112 2 3 3 1 0 0 1 0 0 2
-0.01426081628254585 2 3 3 1 0 0 1 0 3 2
-0.001961355086788903 2 3 3 1 0 0 1 3 3 2
0.001970338046149112 2 3 3 1 0 0 2 0 0 1
0.01426081628254585 2 3 3 1 0 0 2 0 3 1
0.001961355086788903 2 3 3 1 0 0 2 3 3 1
-7.462341403055191 2 3 3 1 0 1 0 0 2 0
0.01823410498559678 2 3 3 1 0 1 0 0 2 3
-2.5582544218816726e-05 2 3 3 1 0 1 0 2 0 0
0.020254600055989964 2 3 3 1 0 1 0 3 2 0
0.003003008019143134 2 3 3 1 0 1 0 3 2 3
0.020830010312032368 2 3 3 1 0 1 3 0 2 0
0.002680393209779897 2 3 3 1 0 1 3 0 2 3
0.002937487177814024 2 3 3 1 0 1 3 3 2 0
7.462341403055191 2 3 3 1 0 2 0 0 1 0
-0.01823410498559678 2 3 3 1 0 2 0 0 1 3
2.5582544218816726e-05 2 3 3 1 0 2 0 1 0 0
-0.020254600055989964 2 3 3 1 0 2 0 3 1 0
-0.003003008019143134 2 3 3 1 0 2 0 3 1 3
-0.020830010312032368 2 3 3 1 0 2 3 0 1 0
-0.002680393209779897 2 3 3 1 0 2 3 0 1 3
-0.002937487177814024 2 3 3 1 0 2 3 3 1 0
-0.01292069867735677 2 3 3 1 0 3 1 0 0 2
6.2847313684527695 2 3 3 1 0 3 1 0 3 2
-0.002282614747376905 2 3 3 1 0 3 1 3 0 2
-0.013232844559095437 2 3 3 1 0 3 1 3 3 2
0.01292069867735677 2 3 3 1 0 3 2 0 0 1
-6.2847313684527695 2 3 3 1 0 3 2 0 3 1
0.002282614747376905 2 3 3 1 0 3 2 3 0 1
0.013232844559095437 2 3 3 1 0 3 2 3 3 1
-0.013451610520747401 2 3 3 1 3 0 1 0 0 2
6.320899705503223 2 3 3 1 3 0 1 0 3 2
-0.0014526167403539135 2 3 3 1 3 0 1 3 0 2
-0.013435178589924678 2 3 3 1 3 0 1 3 3 2
0.013451610520747401 2 3 3 1 3 0 2 0 0 1
-6.320899705503223 2 3 3 1 3 0 2 0 3 1
0.0014526167403539133 2 3 3 1 3 0 2 3 0 1
0.013435178589924678 2 3 3 1 3 0 2 3 3 1
0.015187931169515436 2 3 3 1 3 1 0 0 2 0
0.002697485734381384 2 3 3 1 3 1 0 0 2 3
0.0025514805806760815 2 3 3 1 3 1 0 3 2 0
0.0025700312906205922 2 3 3 1 3 1 3 0 2 0
-0.015187931169515436 2 3 3 1 3 2 0 0 1 0
-0.002697485734381384 2 3 3 1 3 2 0 0 1 3
-0.0025514805806760815 2 3 3 1 3 2 0 3 1 0
-0.0025700312906205922 2 3 3 1 3 2 3 0 1 0
6.333101354766689 2 3 3 1 3 3 1 0 0 2
41.90647670569552 2 3 3 1 3 3 1 0 3 2
-3.2332659183196615e-05 2 3 3 1 3 3 1 1 1 2
2.4071079682658475e-06 2 3 3 1 3 3 1 1 2 1
-3.415067189836463e-06 2 3 3 1 3 3 1 2 1 1
-3.3340618404767237e-05 2 3 3 1 3 3 1 2 2 2
-0.014329363652528748 2 3 3 1 3 3 1 3 0 2
6.97257491404263 2 3 3 1 3 3 1 3 3 2
-6.33310135476669 2 3 3 1 3 3 2 0 0 1
-41.90647670569552 2 3 3 1 3 3 2 0 3 1
3.3340618404767237e-05 2 3 3 1 3 3 2 1 1 1
3.415067189836463e-06 2 3 3 1 3 3 2 1 2 2
-2.4071079682658475e-06 2 3 3 1 3 3 2 2 1 2
3.2332659183196615e-05 2 3 3 1 3 3 2 2 2 1
0.014329363652528748 2 3 3 1 3 3 2 3 0 1
-6.972574914042629 2 3 3 1 3 3 2 3 3 1
2.4501928708762078e-06 2 3 3 2 0 0 1 1 1 1
0.0003556900836878636 2 3 3 2 0 0 1 1 2 2
-0.0003532398908169873 2 3 3 2 0 0 1 2 1 2
-0.0003532398908169873 2 3 3 2 0 0 2 1 2 1
0.0003556900836878636 2 3 3 2 0 0 2 2 1 1
2.4501928708762078e-06 2 3 3 2 0 0 2 2 2 2
0.00017735650511352516 2 3 3 2 0 1 0 0 1 0
-7.209132391572781 2 3 3 2 0 1 0 1 0 0
0.017645580105193542 2 3 3 2 0 1 0 1 0 3
0.018728309217401373 2 3 3 2 0 1 0 1 3 0
0.0027793072839523577 2 3 3 2 0 1 0 1 3 3
0.019967811978683907 2 3 3 2 0 1 3 1 0 0
0.0025109091797135604 2 3 3 2 0 1 3 1 0 3
0.0026660291618600587 2 3 3 2 0 1 3 1 3 0
0.00017735650511352516 2 3 3 2 0 2 0 0 2 0
-7.20913239157278 2 3 3 2 0 2 0 2 0 0
0.017645580105193542 2 3 3 2 0 2 0 2 0 3
0.018728309217401373 2 3 3 2 0 2 0 2 3 0
0.0027793072839523577 2 3 3 2 0 2 0 2 3 3
0.019967811978683907 2 3 3 2 0 2 3 2 0 0
0.0025109091797135604 2 3 3 2 0 2 3 2 0 3
0.0026660291618600587 2 3 3 2 0 2 3 2 3 0
3.9180519835833546e-05 2 3 3 2 0 3 1 0 3 1
9.340951968475497e-06 2 3 3 2 0 3 1 1 1 1
0.00025630045356589377 2 3 3 2 0 3 1 1 2 2
-0.00024695950159741827 2 3 3 2 0 3 1 2 1 2
3.9180519835833546e-05 2 3 3 2 0 3 2 0 3 2
-0.00024695950159741827 2 3 3 2 0 3 2 1 2 1
0.00025630045356589377 2 3 3 2 0 3 2 2 1 1
9.340951968475497e-06 2 3 3 2 0 3 2 2 2 2
3.965947940916218e-05 2 3 3 2 3 0 1 0 3 1
1.1780431305308162e-05 2 3 3 2 3 0 1 1 1 1
0.0024415463569347467 2 3 3 2 3 0 1 1 2 2
-0.0024297659256294385 2 3 3 2 3 0 1 2 1 2
3.965947940916218e-05 2 3 3 2 3 0 2 0 3 2
-0.0024297659256294385 2 3 3 2 3 0 2 1 2 1
0.0024415463569347467 2 3 3 2 3 0 2 2 1 1
1.1780431305308162e-05 2 3 3 2 3 0 2 2 2 2
0.014346900888030952 2 3 3 2 3 1 0 1 0 0
0.0025248085099622264 2 3 3 2 3 1 0 1 0 3
0.0023346512343719534 2 3 3 2 3 1 0 1 3 0
0.002401226470032668 2 3 3 2 3 1 3 1 0 0
0.014346900888030952 2 3 3 2 3 2 0 2 0 0
0.0025248085099622264 2 3 3 2 3 2 0 2 0 3
0.0023346512343719534 2 3 3 2 3 2 0 2 3 0
0.002401226470032668 2 3 3 2 3 2 3 2 0 0
3.7588953544842146e-05 2 3 3 2 3 3 1 0 0 1
0.00027794734845123115 2 3 3 2 3 3 1 0 3 1
5.829980823363242e-06 2 3 3 2 3 3 1 1 1 1
-0.4135795658431798 2 3 3 2 3 3 1 1 2 2
0.41358419894698445 2 3 3 2 3 3 1 2 1 2
1.1968770187770864e-06 2 3 3 2 3 3 1 2 2 1
4.4217304128575446e-05 2 3 3 2 3 3 1 3 3 1
3.7588953544842146e-05 2 3 3 2 3 3 2 0 0 2
0.00027794734845123115 2 3 3 2 3 3 2 0 3 2
1.1968770187770864e-06 2 3 3 2 3 3 2 1 1 2
0.41358419894698445 2 3 3 2 3 3 2 1 2 1
-0.4135795658431798 2 3 3 2 3 3 2 2 1 1
5.829980823363239e-06 2 3 3 2 3 3 2 2 2 2
4.4217304128575446e-05 2 3 3 2 3 3 2 3 3 2
-0.00016388089242869695 2 3 3 3 1 0 1 2 3 0
0.0001638808924286969 2 3 3 3 1 0 2 1 3 0
0.007166165273545277 2 3 3 3 1 1 0 0 0 2
0.0011216609140237753 2 3 3 3 1 1 0 0 3 2
4.673593101005965e-06 2 3 3 3 1 1 0 1 1 2
0.0005423722711403011 2 3 3 3 1 1 0 1 2 1
0.0005470458642413071 2 3 3 3 1 1 0 2 2 2
0.0011562442227223586 2 3 3 3 1 1 0 3 0 2
0.001138367588970343 2 3 3 3 1 1 3 0 0 2
1.767119005008245e-06 2 3 3 3 1 1 3 1 1 2
0.00010968270968089261 2 3 3 3 1 1 3 1 2 1
0.00011144982868590085 2 3 3 3 1 1 3 2 2 2
-0.007166165273545277 2 3 3 3 1 2 0 0 0 1
-0.0011216609140237753 2 3 3 3 1 2 0 0 3 1
-0.0005470458642413071 2 3 3 3 1 2 0 1 1 1
-0.0005423722711403011 2 3 3 3 1 2 0 2 1 2
-4.673593101005965e-06 2 3 3 3 1 2 0 2 2 1
-0.0011562442227223586 2 3 3 3 1 2 0 3 0 1
-0.001138367588970343 2 3 3 3 1 2 3 0 0 1
-0.00011144982868590085 2 3 3 3 1 2 3 1 1 1
-0.00010968270968089261 2 3 3 3 1 2 3 2 1 2
-1.767119005008245e-06 2 3 3 3 1 2 3 2 2 1
8.25744300968042e-05 2 3 3 3 1 3 1 0 2 0
-0.00011276447682139204 2 3 3 3 1 3 1 2 0 0
-0.0007526205184553095 2 3 3 3 1 3 1 2 3 0
-5.6384564799222495e-05 2 3 3 3 1 3 1 2 3 3
-8.257443009680423e-05 2 3 3 3 1 3 2 0 1 0
0.00011276447682139204 2 3 3 3 1 3 2 1 0 0
0.0007526205184553095 2 3 3 3 1 3 2 1 3 0
5.638456479922248e-05 2 3 3 3 1 3 2 1 3 3
-0.0002629750756395463 2 3 3 3 2 0 1 0 1 0
5.9013305852935235e-05 2 3 3 3 2 0 1 0 1 3
0.0003620263529609185 2 3 3 3 2 0 1 1 0 0
-5.399658895438827e-05 2 3 3 3 2 0 1 1 0 3
-0.11726922005228148 2 3 3 3 2 0 1 1 3 0
-0.0006154526982573707 2 3 3 3 2 0 1 1 3 3
-3.688535746602804e-05 2 3 3 3 2 0 1 3 1 0
-0.0002629750756395463 2 3 3 3 2 0 2 0 2 0
5.9013305852935235e-05 2 3 3 3 2 0 2 0 2 3
0.0003620263529609185 2 3 3 3 2 0 2 2 0 0
-5.399658895438826e-05 2 3 3 3 2 0 2 2 0 3
-0.11726922005228146 2 3 3 3 2 0 2 2 3 0
-0.0006154526982573707 2 3 3 3 2 0 2 2 3 3
-3.688535746602804e-05 2 3 3 3 2 0 2 3 2 0
0.12197114541043252 2 3 3 3 2 3 1 0 1 0
9.633089743836087e-05 2 3 3 3 2 3 1 0 1 3
-0.16642411153020278 2 3 3 3 2 3 1 1 0 0
-0.0001263093967994427 2 3 3 3 2 3 1 1 0 3
-1.0900055611615629 2 3 3 3 2 3 1 1 3 0
0.4530054425901043 2 3 3 3 2 3 1 1 3 3
-0.00029054876621754846 2 3 3 3 2 3 1 3 1 0
1.6831416532322047e-05 2 3 3 3 2 3 1 3 1 3
0.12197114541043252 2 3 3 3 2 3 2 0 2 0
9.633089743836087e-05 2 3 3 3 2 3 2 0 2 3
-0.16642411153020276 2 3 3 3 2 3 2 2 0 0
-0.0001263093967994427 2 3 3 3 2 3 2 2 0 3
-1.090005561161563 2 3 3 3 2 3 2 2 3 0
0.4530054425901043 2 3 3 3 2 3 2 2 3 3
-0.00029054876621754846 2 3 3 3 2 3 2 3 2 0
1.6831416532322047e-05 2 3 3 3 2 3 2 3 2 3
2067572.978268426 3 0 0 0 0 0 0 0 0 0
269734.5479275287 3 0 0 0 0 0 0 0 0 3
255278.49606837344 3 0 0 0 0 0 0 0 3 0
-1123.3916478442852 3 0 0 0 0 0 0 0 3 3
-13.996566019060678 3 0 0 0 0 0 0 1 1 0
-2.7001798267649737 3 0 0 0 0 0 0 1 1 3
-13.99656601906068 3 0 0 0 0 0 0 2 2 0
-2.7001798267649733 3 0 0 0 0 0 0 2 2 3
261179.33515193555 3 0 0 0 0 0 0 3 0 0
-1127.7034350659753 3 0 0 0 0 0 0 3 0 3
-1210.1933462783404 3 0 0 0 0 0 0 3 3 0
-173.35424437824764 3 0 0 0 0 0 0 3 3 3
237221.59323915033 3 0 0 0 0 0 3 0 0 0
-1118.6121087562797 3 0 0 0 0 0 3 0 0 3
-1235.4525760106626 3 0 0 0 0 0 3 0 3 0
-156.97669097465965 3 0 0 0 0 0 3 0 3 3
-2.4993503225061335 3 0 0 0 0 0 3 1 1 0
0.0042982628462632545 3 0 0 0 0 0 3 1 1 3
-2.4993503225061335 3 0 0 0 0 0 3 2 2 0
0.0042982628462632545 3 0 0 0 0 0 3 2 2 3
-1244.4417309651367 3 0 0 0 0 0 3 3 0 0
-158.09380502871758 3 0 0 0 0 0 3 3 0 3
-156.71821172594244 3 0 0 0 0 0 3 3 3 0
0.6080356319896392 3 0 0 0 0 0 3 3 3 3
-0.0006966182924363121 3 0 0 0 0 1 1 0 1 1
0.010562274177684725 3 0 0 0 0 1 1 0 2 2
0.00012181092187602242 3 0 0 0 0 1 1 1 3 1
-0.001935644784670466 3 0 0 0 0 1 1 2 3 2
-0.00010204331835829684 3 0 0 0 0 1 1 3 1 1
0.001634313520094115 3 0 0 0 0 1 1 3 2 2
-0.011258892470121035 3 0 0 0 0 1 2 0 2 1
0.0020574557065464886 3 0 0 0 0 1 2 2 3 1
-0.0017363568384524118 3 0 0 0 0 1 2 3 2 1
-0.011258892470121035 3 0 0 0 0 2 1 0 1 2
0.0020574557065464886 3 0 0 0 0 2 1 1 3 2
-0.0017363568384524118 3 0 0 0 0 2 1 3 1 2
0.010562274177684725 3 0 0 0 0 2 2 0 1 1
-0.0006966182924363121 3 0 0 0 0 2 2 0 2 2
-0.001935644784670466 3 0 0 0 0 2 2 1 3 1
0.00012181092187602242 3 0 0 0 0 2 2 2 3 2
0.001634313520094115 3 0 0 0 0 2 2 3 1 1
-0.00010204331835829684 3 0 0 0 0 2 2 3 2 2
277383.4468136061 3 0 0 0 0 3 0 0 0 0
-1270.2555474820806 3 0 0 0 0 3 0 0 0 3
-1307.6670632608107 3 0 0 0 0 3 0 0 3 0
-175.34409229803825 3 0 0 0 0 3 0 0 3 3
-0.14483196720029823 3 0 0 0 0 3 0 1 1 0
-0.0063708951693586995 3 0 0 0 0 3 0 1 1 3
-0.14483196720029867 3 0 0 0 0 3 0 2 2 0
-0.0063708951693586995 3 0 0 0 0 3 0 2 2 3
-1293.2967292799815 3 0 0 0 0 3 0 3 0 0
-173.6121349529812 3 0 0 0 0 3 0 3 0 3
-160.26610244301824 3 0 0 0 0 3 0 3 3 0
0.6471283273074531 3 0 0 0 0 3 0 3 3 3
-1368.1870373269828 3 0 0 0 0 3 3 0 0 0
-163.01884294111633 3 0 0 0 0 3 3 0 0 3
-156.42265712908662 3 0 0 0 0 3 3 0 3 0
0.6454969463487759 3 0 0 0 0 3 3 0 3 3
-0.005741705625981642 3 0 0 0 0 3 3 1 1 0
-0.0006547151343857815 3 0 0 0 0 3 3 1 1 3
-0.005741705625981642 3 0 0 0 0 3 3 2 2 0
-0.0006547151343857815 3 0 0 0 0 3 3 2 2 3
-154.886182090057 3 0 0 0 0 3 3 3 0 0
0.6423516231272404 3 0 0 0 0 3 3 3 0 3
0.6530960526824298 3 0 0 0 0 3 3 3 3 0
0.08643726863285094 3 0 0 0 0 3 3 3 3 3
255093.45310513 3 0 0 0 3 0 0 0 0 0
-1092.0998899810631 3 0 0 0 3 0 0 0 0 3
-1137.5018852713013 3 0 0 0 3 0 0 0 3 0
-191.01222153495726 3 0 0 0 3 0 0 0 3 3
-2.5061548239716838 3 0 0 0 3 0 0 1 1 0
0.0038072095877136037 3 0 0 0 3 0 0 1 1 3
-2.5061548239716838 3 0 0 0 3 0 0 2 2 0
0.0038072095877136037 3 0 0 0 3 0 0 2 2 3
-1141.9033839486424 3 0 0 0 3 0 0 3 0 0
-192.59656695306194 3 0 0 0 3 0 0 3 0 3
-179.2080478920093 3 0 0 0 3 0 0 3 3 0
0.6366925446364361 3 0 0 0 3 0 0 3 3 3
-1201.3006557411286 3 0 0 0 3 0 3 0 0 0
-178.2248572995763 3 0 0 0 3 0 3 0 0 3
-171.6268541061066 3 0 0 0 3 0 3 0 3 0
0.6333336769813144 3 0 0 0 3 0 3 0 3 3
0.004545456843619828 3 0 0 0 3 0 3 1 1 0
0.0009034754554758104 3 0 0 0 3 0 3 1 1 3
0.004545456843619828 3 0 0 0 3 0 3 2 2 0
0.0009034754554758104 3 0 0 0 3 0 3 2 2 3
-173.05378875802006 3 0 0 0 3 0 3 3 0 0
0.6354817993777897 3 0 0 0 3 0 3 3 0 3
0.6541690674133092 3 0 0 0 3 0 3 3 3 0
0.09805545271581842 3 0 0 0 3 0 3 3 3 3
0.2766889005422743 3 0 0 0 3 1 1 0 1 1
-5.56245991073737 3 0 0 0 3 1 1 0 2 2
0.000131463216364149 3 0 0 0 3 1 1 1 0 1
0.0009751081983522965 3 0 0 0 3 1 1 1 3 1
-0.0023085643194535412 3 0 0 0 3 1 1 2 0 2
-0.016821930678243512 3 0 0 0 3 1 1 2 3 2
-0.0008123379895338993 3 0 0 0 3 1 1 3 1 1
0.015322415191558499 3 0 0 0 3 1 1 3 2 2
1.3503528378696678e-05 3 0 0 0 3 1 2 0 1 2
5.839135307751264 3 0 0 0 3 1 2 0 2 1
0.0024400275358176906 3 0 0 0 3 1 2 2 0 1
0.017797038876595807 3 0 0 0 3 1 2 2 3 1
-0.016134753181092396 3 0 0 0 3 1 2 3 2 1
5.839135307751264 3 0 0 0 3 2 1 0 1 2
1.3503528378696695e-05 3 0 0 0 3 2 1 0 2 1
0.0024400275358176906 3 0 0 0 3 2 1 1 0 2
0.017797038876595807 3 0 0 0 3 2 1 1 3 2
-0.016134753181092396 3 0 0 0 3 2 1 3 1 2
-5.562459910737369 3 0 0 0 3 2 2 0 1 1
0.27668890054227435 3 0 0 0 3 2 2 0 2 2
-0.0023085643194535412 3 0 0 0 3 2 2 1 0 1
-0.016821930678243512 3 0 0 0 3 2 2 1 3 1
0.000131463216364149 3 0 0 0 3 2 2 2 0 2
0.0009751081983522965 3 0 0 0 3 2 2 2 3 2
0.015322415191558499 3 0 0 0 3 2 2 3 1 1
-0.0008123379895338993 3 0 0 0 3 2 2 3 2 2
-1270.2555474820801 3 0 0 0 3 3 0 0 0 0
-200.82756296927425 3 0 0 0 3 3 0 0 0 3
-180.64970354565563 3 0 0 0 3 3 0 0 3 0
0.6823400130571258 3 0 0 0 3 3 0 0 3 3
-0.005786915858042025 3 0 0 0 3 3 0 1 1 0
-0.000691853157128223 3 0 0 0 3 3 0 1 1 3
-0.005786915858042025 3 0 0 0 3 3 0 2 2 0
-0.000691853157128223 3 0 0 0 3 3 0 2 2 3
-179.16239345028586 3 0 0 0 3 3 0 3 0 0
0.6783701978539921 3 0 0 0 3 3 0 3 0 3
0.6705290343771283 3 0 0 0 3 3 0 3 3 0
0.1034637684928069 3 0 0 0 3 3 0 3 3 3
-177.8912579999868 3 0 0 0 3 3 3 0 0 0
0.6867866075232794 3 0 0 0 3 3 3 0 0 3
0.6910294548375641 3 0 0 0 3 3 3 0 3 0
0.09938303637561816 3 0 0 0 3 3 3 0 3 3
-0.0006359770389609888 3 0 0 0 3 3 3 1 1 0
-0.0006359770389609888 3 0 0 0 3 3 3 2 2 0
0.6868226853061258 3 0 0 0 3 3 3 3 0 0
0.09893186168917914 3 0 0 0 3 3 3 3 0 3
0.09314433327499357 3 0 0 0 3 3 3 3 3 0
0.0021515224545302003 3 0 0 1 1 0 0 0 1 1
0.002151522454530201 3 0 0 1 1 0 0 0 2 2
0.0004930965480473592 3 0 0 1 1 0 0 1 0 1
0.19399337768672126 3 0 0 1 1 0 0 1 3 1
0.0004930965480473592 3 0 0 1 1 0 0 2 0 2
0.19399337768672126 3 0 0 1 1 0 0 2 3 2
0.0002926441784089455 3 0 0 1 1 0 0 3 1 1
0.0002926441784089455 3 0 0 1 1 0 0 3 2 2
0.00026252276968239687 3 0 0 1 1 0 3 0 1 1
0.00026252276968239687 3 0 0 1 1 0 3 0 2 2
0.018928748901521273 3 0 0 1 1 0 3 1 0 1
-0.0001616627042779802 3 0 0 1 1 0 3 1 3 1
0.018928748901521273 3 0 0 1 1 0 3 2 0 2
-0.0001616627042779802 3 0 0 1 1 0 3 2 3 2
-0.0012285073826417067 3 0 0 1 1 1 1 0 0 0
-0.0002554951401914171 3 0 0 1 1 1 1 0 0 3
0.5206146859464815 3 0 0 1 1 1 1 0 3 0
-0.0009713823282307409 3 0 0 1 1 1 1 0 3 3
-0.0001572674217492435 3 0 0 1 1 1 1 3 0 0
-0.0007444935000411488 3 0 0 1 1 1 1 3 3 0
-0.00014649862422503362 3 0 0 1 1 1 1 3 3 3
-0.0012285073826417067 3 0 0 1 1 2 2 0 0 0
-0.0002554951401914171 3 0 0 1 1 2 2 0 0 3
0.5206146859464815 3 0 0 1 1 2 2 0 3 0
-0.0009713823282307409 3 0 0 1 1 2 2 0 3 3
-0.0001572674217492435 3 0 0 1 1 2 2 3 0 0
-0.0007444935000411488 3 0 0 1 1 2 2 3 3 0
-0.00014649862422503362 3 0 0 1 1 2 2 3 3 3
0.0003819702483625429 3 0 0 1 1 3 0 0 1 1
0.0003819702483625429 3 0 0 1 1 3 0 0 2 2
-0.46682113949449433 3 0 0 1 1 3 0 1 0 1
0.0005839793113166715 3 0 0 1 1 3 0 1 3 1
-0.4668211394944943 3 0 0 1 1 3 0 2 0 2
0.0005839793113166715 3 0 0 1 1 3 0 2 3 2
0.00042257975980702434 3 0 0 1 1 3 3 1 0 1
7.450369750104316e-05 3 0 0 1 1 3 3 1 3 1
0.00042257975980702434 3 0 0 1 1 3 3 2 0 2
7.450369750104316e-05 3 0 0 1 1 3 3 2 3 2
35.691299724197684 3 0 0 1 2 0 0 0 1 2
-35.691299724197684 3 0 0 1 2 0 0 0 2 1
-0.0003556703852246142 3 0 0 1 2 0 0 1 0 2
-4.9971865874719885e-05 3 0 0 1 2 0 0 1 3 2
0.0003556703852246142 3 0 0 1 2 0 0 2 0 1
4.997186587471989e-05 3 0 0 1 2 0 0 2 3 1
4.535452578249894 3 0 0 1 2 0 0 3 1 2
-4.535452578249894 3 0 0 1 2 0 0 3 2 1
4.113050363638964 3 0 0 1 2 0 3 0 1 2
-4.113050363638964 3 0 0 1 2 0 3 0 2 1
-3.731875087991663e-05 3 0 0 1 2 0 3 1 0 2
3.731875087991663e-05 3 0 0 1 2 0 3 2 0 1
-0.010756096372880074 3 0 0 1 2 0 3 3 1 2
0.010756096372880074 3 0 0 1 2 0 3 3 2 1
-1.6641572928585252e-05 3 0 0 1 2 1 1 1 2 0
-3.4045514591448703e-06 3 0 0 1 2 1 1 1 2 3
-0.0006140349383786184 3 0 0 1 2 1 1 2 1 0
-0.0001451964278719326 3 0 0 1 2 1 1 2 1 3
-4.64282985099452e-05 3 0 0 1 2 1 2 0 3 0
-0.0006306765113072035 3 0 0 1 2 1 2 2 2 0
-0.00014860097933107748 3 0 0 1 2 1 2 2 2 3
4.64282985099452e-05 3 0 0 1 2 2 1 0 3 0
0.0006306765113072035 3 0 0 1 2 2 1 1 1 0
0.00014860097933107748 3 0 0 1 2 2 1 1 1 3
0.0006140349383786184 3 0 0 1 2 2 2 1 2 0
0.0001451964278719326 3 0 0 1 2 2 2 1 2 3
1.6641572928585252e-05 3 0 0 1 2 2 2 2 1 0
3.4045514591448703e-06 3 0 0 1 2 2 2 2 1 3
5.305229277369013 3 0 0 1 2 3 0 0 1 2
-5.305229277369013 3 0 0 1 2 3 0 0 2 1
-0.00011887319812442358 3 0 0 1 2 3 0 1 0 2
0.00011887319812442356 3 0 0 1 2 3 0 2 0 1
-0.011547369287927479 3 0 0 1 2 3 0 3 1 2
0.011547369287927479 3 0 0 1 2 3 0 3 2 1
-0.012275714969127964 3 0 0 1 2 3 3 0 1 2
0.012275714969127964 3 0 0 1 2 3 3 0 2 1
-0.0014062679254693321 3 0 0 1 2 3 3 3 1 2
0.0014062679254693321 3 0 0 1 2 3 3 3 2 1
-35.691299724197684 3 0 0 2 1 0 0 0 1 2
35.691299724197684 3 0 0 2 1 0 0 0 2 1
0.0003556703852246142 3 0 0 2 1 0 0 1 0 2
4.9971865874719885e-05 3 0 0 2 1 0 0 1 3 2
-0.0003556703852246142 3 0 0 2 1 0 0 2 0 1
-4.997186587471988e-05 3 0 0 2 1 0 0 2 3 1
-4.535452578249894 3 0 0 2 1 0 0 3 1 2
4.535452578249894 3 0 0 2 1 0 0 3 2 1
-4.113050363638965 3 0 0 2 1 0 3 0 1 2
4.113050363638964 3 0 0 2 1 0 3 0 2 1
3.731875087991662e-05 3 0 0 2 1 0 3 1 0 2
-3.731875087991662e-05 3 0 0 2 1 0 3 2 0 1
0.010756096372880074 3 0 0 2 1 0 3 3 1 2
-0.010756096372880074 3 0 0 2 1 0 3 3 2 1
1.6641572928585252e-05 3 0 0 2 1 1 1 1 2 0
3.4045514591448703e-06 3 0 0 2 1 1 1 1 2 3
0.0006140349383786184 3 0 0 2 1 1 1 2 1 0
0.0001451964278719326 3 0 0 2 1 1 1 2 1 3
4.64282985099452e-05 3 0 0 2 1 1 2 0 3 0
0.0006306765113072035 3 0 0 2 1 1 2 2 2 0
0.00014860097933107748 3 0 0 2 1 1 2 2 2 3
-4.64282985099452e-05 3 0 0 2 1 2 1 0 3 0
-0.0006306765113072035 3 0 0 2 1 2 1 1 1 0
-0.00014860097933107748 3 0 0 2 1 2 1 1 1 3
-0.0006140349383786184 3 0 0 2 1 2 2 1 2 0
-0.0001451964278719326 3 0 0 2 1 2 2 1 2 3
-1.6641572928585252e-05 3 0 0 2 1 2 2 2 1 0
-3.4045514591448703e-06 3 0 0 2 1 2 2 2 1 3
-5.305229277369011 3 0 0 2 1 3 0 0 1 2
5.305229277369011 3 0 0 2 1 3 0 0 2 1
0.00011887319812442356 3 0 0 2 1 3 0 1 0 2
-0.00011887319812442356 3 0 0 2 1 3 0 2 0 1
0.011547369287927479 3 0 0 2 1 3 0 3 1 2
-0.011547369287927479 3 0 0 2 1 3 0 3 2 1
0.012275714969127964 3 0 0 2 1 3 3 0 1 2
-0.012275714969127964 3 0 0 2 1 3 3 0 2 1
0.001406267925469332 3 0 0 2 1 3 3 3 1 2
-0.001406267925469332 3 0 0 2 1 3 3 3 2 1
0.002151522454530201 3 0 0 2 2 0 0 0 1 1
0.002151522454530201 3 0 0 2 2 0 0 0 2 2
0.0004930965480473592 3 0 0 2 2 0 0 1 0 1
0.19399337768672126 3 0 0 2 2 0 0 1 3 1
0.0004930965480473592 3 0 0 2 2 0 0 2 0 2
0.19399337768672126 3 0 0 2 2 0 0 2 3 2
0.0002926441784089455 3 0 0 2 2 0 0 3 1 1
0.0002926441784089455 3 0 0 2 2 0 0 3 2 2
0.0002625227696823971 3 0 0 2 2 0 3 0 1 1
0.0002625227696823971 3 0 0 2 2 0 3 0 2 2
0.018928748901521273 3 0 0 2 2 0 3 1 0 1
-0.0001616627042779802 3 0 0 2 2 0 3 1 3 1
0.018928748901521276 3 0 0 2 2 0 3 2 0 2
-0.0001616627042779802 3 0 0 2 2 0 3 2 3 2
-0.0012285073826417067 3 0 0 2 2 1 1 0 0 0
-0.00025549514019141713 3 0 0 2 2 1 1 0 0 3
0.5206146859464815 3 0 0 2 2 1 1 0 3 0
-0.0009713823282307408 3 0 0 2 2 1 1 0 3 3
-0.0001572674217492435 3 0 0 2 2 1 1 3 0 0
-0.0007444935000411488 3 0 0 2 2 1 1 3 3 0
-0.0001464986242250336 3 0 0 2 2 1 1 3 3 3
-0.0012285073826417067 3 0 0 2 2 2 2 0 0 0
-0.00025549514019141713 3 0 0 2 2 2 2 0 0 3
0.5206146859464816 3 0 0 2 2 2 2 0 3 0
-0.0009713823282307408 3 0 0 2 2 2 2 0 3 3
-0.0001572674217492435 3 0 0 2 2 2 2 3 0 0
-0.0007444935000411488 3 0 0 2 2 2 2 3 3 0
-0.0001464986242250336 3 0 0 2 2 2 2 3 3 3
0.0003819702483625429 3 0 0 2 2 3 0 0 1 1
0.0003819702483625429 3 0 0 2 2 3 0 0 2 2
-0.46682113949449433 3 0 0 2 2 3 0 1 0 1
0.0005839793113166715 3 0 0 2 2 3 0 1 3 1
-0.46682113949449433 3 0 0 2 2 3 0 2 0 2
0.0005839793113166715 3 0 0 2 2 3 0 2 3 2
0.00042257975980702434 3 0 0 2 2 3 3 1 0 1
7.450369750104316e-05 3 0 0 2 2 3 3 1 3 1
0.00042257975980702434 3 0 0 2 2 3 3 2 0 2
7.450369750104316e-05 3 0 0 2 2 3 3 2 3 2
218601.6024472159 3 0 0 3 0 0 0 0 0 0
-1121.9061699594572 3 0 0 3 0 0 0 0 0 3
-1219.0175933620822 3 0 0 3 0 0 0 0 3 0
-177.52049287518912 3 0 0 3 0 0 0 0 3 3
11262.492752709417 3 0 0 3 0 0 0 1 1 0
-8.229587631152672 3 0 0 3 0 0 0 1 1 3
11262.492752709417 3 0 0 3 0 0 0 2 2 0
-8.229587631152674 3 0 0 3 0 0 0 2 2 3
-1179.500450846631 3 0 0 3 0 0 0 3 0 0
-172.79881392433697 3 0 0 3 0 0 0 3 0 3
-169.41735833604764 3 0 0 3 0 0 0 3 3 0
0.6398194687399676 3 0 0 3 0 0 0 3 3 3
-1208.2672598298182 3 0 0 3 0 0 3 0 0 0
-160.57136114501336 3 0 0 3 0 0 3 0 0 3
-160.8918540487392 3 0 0 3 0 0 3 0 3 0
0.6307826119123678 3 0 0 3 0 0 3 0 3 3
-17.156931598043947 3 0 0 3 0 0 3 1 1 0
-2.1321525226513893 3 0 0 3 0 0 3 1 1 3
-17.15693159804395 3 0 0 3 0 0 3 2 2 0
-2.1321525226513893 3 0 0 3 0 0 3 2 2 3
-156.7834955224618 3 0 0 3 0 0 3 3 0 0
0.6203348397485189 3 0 0 3 0 0 3 3 0 3
0.6567249550473934 3 0 0 3 0 0 3 3 3 0
0.09127368608070639 3 0 0 3 0 0 3 3 3 3
-8.988832667450019e-05 3 0 0 3 0 1 1 0 1 1
0.0014825218490263094 3 0 0 3 0 1 1 0 2 2
0.00013221885820306108 3 0 0 3 0 1 1 1 0 1
0.000902617405148374 3 0 0 3 0 1 1 1 3 1
-0.0021176013388151415 3 0 0 3 0 1 1 2 0 2
-0.013685676380080218 3 0 0 3 0 1 1 2 3 2
-0.0015724101757008096 3 0 0 3 0 1 2 0 2 1
0.002249820197018203 3 0 0 3 0 1 2 2 0 1
0.014588293785228593 3 0 0 3 0 1 2 2 3 1
-0.0015724101757008096 3 0 0 3 0 2 1 0 1 2
0.002249820197018203 3 0 0 3 0 2 1 1 0 2
0.014588293785228593 3 0 0 3 0 2 1 1 3 2
0.0014825218490263094 3 0 0 3 0 2 2 0 1 1
-8.988832667450019e-05 3 0 0 3 0 2 2 0 2 2
-0.0021176013388151415 3 0 0 3 0 2 2 1 0 1
-0.013685676380080218 3 0 0 3 0 2 2 1 3 1
0.00013221885820306108 3 0 0 3 0 2 2 2 0 2
0.000902617405148374 3 0 0 3 0 2 2 2 3 2
-1307.6670632608111 3 0 0 3 0 3 0 0 0 0
-180.64970354565554 3 0 0 3 0 3 0 0 0 3
-174.6661192607978 3 0 0 3 0 3 0 0 3 0
0.686203777654778 3 0 0 3 0 3 0 0 3 3
27.427587843224533 3 0 0 3 0 3 0 1 1 0
3.3056581903830855 3 0 0 3 0 3 0 1 1 3
27.427587843224533 3 0 0 3 0 3 0 2 2 0
3.3056581903830855 3 0 0 3 0 3 0 2 2 3
-167.0255037826158 3 0 0 3 0 3 0 3 0 0
0.667744323331915 3 0 0 3 0 3 0 3 0 3
0.681666160428825 3 0 0 3 0 3 0 3 3 0
0.09743744945193986 3 0 0 3 0 3 0 3 3 3
-162.0232482457028 3 0 0 3 0 3 3 0 0 0
0.6696922137982226 3 0 0 3 0 3 3 0 0 3
0.6961164773724162 3 0 0 3 0 3 3 0 3 0
0.0929209207867549 3 0 0 3 0 3 3 0 3 3
2.9325556495846765 3 0 0 3 0 3 3 1 1 0
-0.00600324453621482 3 0 0 3 0 3 3 1 1 3
2.932555649584676 3 0 0 3 0 3 3 2 2 0
-0.00600324453621482 3 0 0 3 0 3 3 2 2 3
0.6763339663693154 3 0 0 3 0 3 3 3 0 0
0.09060876859092787 3 0 0 3 0 3 3 3 0 3
0.08826147546358588 3 0 0 3 0 3 3 3 3 0
-1064.6295048931677 3 0 0 3 3 0 0 0 0 0
-180.91168556287064 3 0 0 3 3 0 0 0 0 3
-173.2751110625054 3 0 0 3 3 0 0 0 3 0
0.638106022453487 3 0 0 3 3 0 0 0 3 3
-8.400813215309817 3 0 0 3 3 0 0 1 1 0
-3.023922282324198 3 0 0 3 3 0 0 1 1 3
-8.400813215309817 3 0 0 3 3 0 0 2 2 0
-3.0239222823241985 3 0 0 3 3 0 0 2 2 3
-168.78306081408397 3 0 0 3 3 0 0 3 0 0
0.6270940731814907 3 0 0 3 3 0 0 3 0 3
0.6426877603245926 3 0 0 3 3 0 0 3 3 0
0.10558221249472952 3 0 0 3 3 0 0 3 3 3
-163.33454741322612 3 0 0 3 3 0 3 0 0 0
0.627988173502401 3 0 0 3 3 0 3 0 0 3
0.6537481667180842 3 0 0 3 3 0 3 0 3 0
0.09994713674519243 3 0 0 3 3 0 3 0 3 3
-2.723484058484748 3 0 0 3 3 0 3 1 1 0
0.00409996147660232 3 0 0 3 3 0 3 1 1 3
-2.723484058484748 3 0 0 3 3 0 3 2 2 0
0.00409996147660232 3 0 0 3 3 0 3 2 2 3
0.6424939958051719 3 0 0 3 3 0 3 3 0 0
0.09831234567509543 3 0 0 3 3 0 3 3 0 3
0.09596934127198765 3 0 0 3 3 0 3 3 3 0
-0.0007329994425188662 3 0 0 3 3 1 1 0 1 1
0.0125613104840098 3 0 0 3 3 1 1 0 2 2
0.001052556925618731 3 0 0 3 3 1 1 1 0 1
-0.35850941635107425 3 0 0 3 3 1 1 1 3 1
-0.01985345316219205 3 0 0 3 3 1 1 2 0 2
7.207351838712499 3 0 0 3 3 1 1 2 3 2
-9.695750229807075e-05 3 0 0 3 3 1 1 3 1 1
0.0016651233152731257 3 0 0 3 3 1 1 3 2 2
-0.013294309926528667 3 0 0 3 3 1 2 0 2 1
-1.749669780117188e-05 3 0 0 3 3 1 2 1 3 2
0.020906010087810786 3 0 0 3 3 1 2 2 0 1
-7.56584375836577 3 0 0 3 3 1 2 2 3 1
-0.0017620808175711964 3 0 0 3 3 1 2 3 2 1
-0.013294309926528667 3 0 0 3 3 2 1 0 1 2
0.020906010087810786 3 0 0 3 3 2 1 1 0 2
-7.56584375836577 3 0 0 3 3 2 1 1 3 2
-1.7496697801171893e-05 3 0 0 3 3 2 1 2 3 1
-0.0017620808175711964 3 0 0 3 3 2 1 3 1 2
0.0125613104840098 3 0 0 3 3 2 2 0 1 1
-0.0007329994425188662 3 0 0 3 3 2 2 0 2 2
-0.01985345316219205 3 0 0 3 3 2 2 1 0 1
7.207351838712498 3 0 0 3 3 2 2 1 3 1
0.001052556925618731 3 0 0 3 3 2 2 2 0 2
-0.35850941635107425 3 0 0 3 3 2 2 2 3 2
0.0016651233152731257 3 0 0 3 3 2 2 3 1 1
-9.695750229807075e-05 3 0 0 3 3 2 2 3 2 2
-175.34409229803828 3 0 0 3 3 3 0 0 0 0
0.6823400130571258 3 0 0 3 3 3 0 0 0 3
0.6862037776547781 3 0 0 3 3 3 0 0 3 0
0.10809497266066936 3 0 0 3 3 3 0 0 3 3
2.838718177690468 3 0 0 3 3 3 0 1 1 0
-0.007576891069516157 3 0 0 3 3 3 0 1 1 3
2.8387181776904677 3 0 0 3 3 3 0 2 2 0
-0.007576891069516157 3 0 0 3 3 3 0 2 2 3
0.6680502918257352 3 0 0 3 3 3 0 3 0 0
0.10514694086609752 3 0 0 3 3 3 0 3 0 3
0.09911482797661013 3 0 0 3 3 3 0 3 3 0
0.6906732923487547 3 0 0 3 3 3 3 0 0 0
0.1014583593036933 3 0 0 3 3 3 3 0 0 3
0.09745234268602683 3 0 0 3 3 3 3 0 3 0
-0.008029148175236507 3 0 0 3 3 3 3 1 1 0
-0.0008611235731510619 3 0 0 3 3 3 3 1 1 3
-0.008029148175236507 3 0 0 3 3 3 3 2 2 0
-0.0008611235731510619 3 0 0 3 3 3 3 2 2 3
0.09491201835914287 3 0 0 3 3 3 3 3 0 0
0.002337871405520124 3 0 1 0 1 0 0 1 0 1
0.0003188262986292787 3 0 1 0 1 0 0 1 3 1
0.002337871405520124 3 0 1 0 1 0 0 2 0 2
0.0003188262986292787 3 0 1 0 1 0 0 2 3 2
-8.095824331963384e-05 3 0 1 0 1 0 0 3 1 1
-8.095824331963384e-05 3 0 1 0 1 0 0 3 2 2
0.00028207545207493 3 0 1 0 1 0 3 1 0 1
0.00028207545207493013 3 0 1 0 1 0 3 2 0 2
0.00018041531225959558 3 0 1 0 1 1 1 0 3 0
1.866205404009053e-05 3 0 1 0 1 1 1 1 1 0
2.517307339282323e-06 3 0 1 0 1 1 1 1 1 3
-0.00046807883072525006 3 0 1 0 1 1 1 2 2 0
-0.00011216933606636155 3 0 1 0 1 1 1 2 2 3
0.00016332050884960506 3 0 1 0 1 1 1 3 0 0
0.0009543710084358904 3 0 1 0 1 1 1 3 3 0
0.00018719738531227103 3 0 1 0 1 1 1 3 3 3
0.0004867408847653406 3 0 1 0 1 1 2 1 2 0
0.00011468664340564383 3 0 1 0 1 1 2 1 2 3
0.0004867408847653406 3 0 1 0 1 2 1 2 1 0
0.00011468664340564383 3 0 1 0 1 2 1 2 1 3
0.00018041531225959558 3 0 1 0 1 2 2 0 3 0
-0.00046807883072525006 3 0 1 0 1 2 2 1 1 0
-0.00011216933606636155 3 0 1 0 1 2 2 1 1 3
1.866205404009053e-05 3 0 1 0 1 2 2 2 2 0
2.517307339282323e-06 3 0 1 0 1 2 2 2 2 3
0.00016332050884960506 3 0 1 0 1 2 2 3 0 0
0.0009543710084358904 3 0 1 0 1 2 2 3 3 0
0.00018719738531227103 3 0 1 0 1 2 2 3 3 3
0.00044425234069169145 3 0 1 0 1 3 0 1 0 1
0.00044425234069169145 3 0 1 0 1 3 0 2 0 2
0.0002125947189701468 3 0 1 0 2 0 0 0 1 2
-0.0002125947189701468 3 0 1 0 2 0 0 0 2 1
35.691041372565735 3 0 1 0 2 0 0 1 0 2
4.433812228272258 3 0 1 0 2 0 0 1 3 2
-35.691041372565735 3 0 1 0 2 0 0 2 0 1
-4.433812228272257 3 0 1 0 2 0 0 2 3 1
-0.41688780455750707 3 0 1 0 2 0 0 3 1 2
0.41688780455750707 3 0 1 0 2 0 0 3 2 1
1.8891082411048362e-05 3 0 1 0 2 0 3 0 1 2
-1.8891082411048362e-05 3 0 1 0 2 0 3 0 2 1
4.103132887661534 3 0 1 0 2 0 3 1 0 2
-0.01067139526587796 3 0 1 0 2 0 3 1 3 2
-4.103132887661534 3 0 1 0 2 0 3 2 0 1
0.01067139526587796 3 0 1 0 2 0 3 2 3 1
0.00038070956686232034 3 0 1 0 2 0 3 3 1 2
-0.00038070956686232034 3 0 1 0 2 0 3 3 2 1
4.0131954583741235e-05 3 0 1 0 2 3 0 0 1 2
-4.0131954583741235e-05 3 0 1 0 2 3 0 0 2 1
5.549814244964169 3 0 1 0 2 3 0 1 0 2
-0.011853337781747825 3 0 1 0 2 3 0 1 3 2
-5.5498142449641685 3 0 1 0 2 3 0 2 0 1
0.011853337781747825 3 0 1 0 2 3 0 2 3 1
0.0005839793113166714 3 0 1 0 2 3 0 3 1 2
-0.0005839793113166714 3 0 1 0 2 3 0 3 2 1
-0.012497120231474684 3 0 1 0 2 3 3 1 0 2
-0.00144530318522373 3 0 1 0 2 3 3 1 3 2
0.012497120231474684 3 0 1 0 2 3 3 2 0 1
0.00144530318522373 3 0 1 0 2 3 3 2 3 1
7.440140205385231e-05 3 0 1 0 2 3 3 3 1 2
-7.440140205385231e-05 3 0 1 0 2 3 3 3 2 1
38.597728243317555 3 0 1 1 0 0 0 0 0 0
5.376242909112461 3 0 1 1 0 0 0 0 0 3
5.39821494673914 3 0 1 1 0 0 0 0 3 0
-0.011700389354871651 3 0 1 1 0 0 0 0 3 3
0.0017426679764082813 3 0 1 1 0 0 0 1 1 0
0.00023538438173616134 3 0 1 1 0 0 0 1 1 3
0.0017426679764082817 3 0 1 1 0 0 0 2 2 0
0.0002353843817361614 3 0 1 1 0 0 0 2 2 3
-24167.209355882103 3 0 1 1 0 0 0 3 0 0
27.68749675774729 3 0 1 1 0 0 0 3 0 3
38.67591435303445 3 0 1 1 0 0 0 3 3 0
5.376052555100006 3 0 1 1 0 0 0 3 3 3
4.9160537822482295 3 0 1 1 0 0 3 0 0 0
-0.01026144534096113 3 0 1 1 0 0 3 0 0 3
-0.013021802671645065 3 0 1 1 0 0 3 0 3 0
-0.0014247206246489753 3 0 1 1 0 0 3 0 3 3
0.0002135817282572885 3 0 1 1 0 0 3 1 1 0
0.0002135817282572885 3 0 1 1 0 0 3 2 2 0
45.74571023569548 3 0 1 1 0 0 3 3 0 0
2.708102726062485 3 0 1 1 0 0 3 3 0 3
4.91584596562812 3 0 1 1 0 0 3 3 3 0
-0.010263292000159603 3 0 1 1 0 0 3 3 3 3
4.5234360001275885e-06 3 0 1 1 0 1 1 3 1 1
-3.924007514050897e-05 3 0 1 1 0 1 1 3 2 2
4.3763511140636565e-05 3 0 1 1 0 1 2 3 2 1
4.3763511140636565e-05 3 0 1 1 0 2 1 3 1 2
-3.924007514050897e-05 3 0 1 1 0 2 2 3 1 1
4.5234360001275885e-06 3 0 1 1 0 2 2 3 2 2
-1.66467876741361 3 0 1 1 0 3 0 0 0 0
-0.004996884496593229 3 0 1 1 0 3 0 0 0 3
-0.0018906889797907938 3 0 1 1 0 3 0 0 3 0
-7.265312645114632e-05 3 0 1 1 0 3 0 0 3 3
0.0003336050709356924 3 0 1 1 0 3 0 1 1 0
0.0003336050709356924 3 0 1 1 0 3 0 2 2 0
27.42758784322453 3 0 1 1 0 3 0 3 0 0
2.838718177690468 3 0 1 1 0 3 0 3 0 3
-0.14483196720029864 3 0 1 1 0 3 0 3 3 0
-0.005786915858042025 3 0 1 1 0 3 0 3 3 3
-0.0037807581089137005 3 0 1 1 0 3 3 0 0 0
-0.00043590746400150624 3 0 1 1 0 3 3 0 0 3
-5.4676829780871106e-05 3 0 1 1 0 3 3 0 3 0
2.471621415554954 3 0 1 1 0 3 3 3 0 0
-0.005337798942413294 3 0 1 1 0 3 3 3 0 3
-0.00514737390723447 3 0 1 1 0 3 3 3 3 0
-0.0004974211106856283 3 0 1 1 0 3 3 3 3 3
5.7933072192182395 3 0 1 1 3 0 0 0 0 0
-0.011613162396413888 3 0 1 1 3 0 0 0 0 3
-0.012350853638320692 3 0 1 1 3 0 0 0 3 0
-0.0020347036215346637 3 0 1 1 3 0 0 0 3 3
0.00022199698189275636 3 0 1 1 3 0 0 1 1 0
0.00022199698189275633 3 0 1 1 3 0 0 2 2 0
27.515996321264474 3 0 1 1 3 0 0 3 0 0
6.490022341507577 3 0 1 1 3 0 0 3 0 3
5.793102914873278 3 0 1 1 3 0 0 3 3 0
-0.011623834777856 3 0 1 1 3 0 0 3 3 3
-0.013020676883905846 3 0 1 1 3 0 3 0 0 0
-0.0016527466465774622 3 0 1 1 3 0 3 0 0 3
-0.0018521096774470006 3 0 1 1 3 0 3 0 3 0
5.83957754369269 3 0 1 1 3 0 3 3 0 0
-0.011203079459368121 3 0 1 1 3 0 3 3 0 3
-0.013030297052652162 3 0 1 1 3 0 3 3 3 0
-0.0016527466465774614 3 0 1 1 3 0 3 3 3 3
6.947215057613872e-06 3 0 1 1 3 1 1 0 1 1
-0.00034314478040097397 3 0 1 1 3 1 1 0 2 2
4.2989133019933235e-05 3 0 1 1 3 1 1 3 1 1
-0.002435305566887837 3 0 1 1 3 1 1 3 2 2
0.0003500919954585878 3 0 1 1 3 1 2 0 2 1
0.0024782946999077687 3 0 1 1 3 1 2 3 2 1
0.0003500919954585878 3 0 1 1 3 2 1 0 1 2
0.0024782946999077687 3 0 1 1 3 2 1 3 1 2
-0.00034314478040097397 3 0 1 1 3 2 2 0 1 1
6.947215057613872e-06 3 0 1 1 3 2 2 0 2 2
-0.002435305566887837 3 0 1 1 3 2 2 3 1 1
4.2989133019933235e-05 3 0 1 1 3 2 2 3 2 2
-0.0055808638079099 3 0 1 1 3 3 0 0 0 0
-0.00048730791966888475 3 0 1 1 3 3 0 0 0 3
-0.00011278508103488753 3 0 1 1 3 3 0 0 3 0
3.3056581903830855 3 0 1 1 3 3 0 3 0 0
-0.0075768910695161555 3 0 1 1 3 3 0 3 0 3
-0.006370895169358697 3 0 1 1 3 3 0 3 3 0
-0.0006918531571282231 3 0 1 1 3 3 0 3 3 3
-0.0004431777310804095 3 0 1 1 3 3 3 0 0 0
-0.008208862101049035 3 0 1 1 3 3 3 3 0 0
-0.0007709938045894285 3 0 1 1 3 3 3 3 0 3
-0.0006275881148157309 3 0 1 1 3 3 3 3 3 0
23.574460178938 3 0 1 2 0 0 0 1 2 0
3.0678385097055423 3 0 1 2 0 0 0 1 2 3
-23.574460178938 3 0 1 2 0 0 0 2 1 0
-3.0678385097055423 3 0 1 2 0 0 0 2 1 3
2.7085339422908628 3 0 1 2 0 0 3 1 2 0
-0.0063534205948973825 3 0 1 2 0 0 3 1 2 3
-2.7085339422908623 3 0 1 2 0 0 3 2 1 0
0.0063534205948973825 3 0 1 2 0 0 3 2 1 3
-4.698720313312705e-05 3 0 1 2 0 1 1 1 3 2
-4.461784129071163e-06 3 0 1 2 0 1 1 2 3 1
5.144898726219821e-05 3 0 1 2 0 1 2 1 3 1
-5.144898726219821e-05 3 0 1 2 0 2 1 2 3 2
4.461784129071163e-06 3 0 1 2 0 2 2 1 3 2
4.698720313312705e-05 3 0 1 2 0 2 2 2 3 1
6.759067734526549 3 0 1 2 0 3 0 1 2 0
-0.00906862673653457 3 0 1 2 0 3 0 1 2 3
-6.759067734526549 3 0 1 2 0 3 0 2 1 0
0.00906862673653457 3 0 1 2 0 3 0 2 1 3
-0.010995466823009501 3 0 1 2 0 3 3 1 2 0
-0.0011019678090097552 3 0 1 2 0 3 3 1 2 3
0.010995466823009501 3 0 1 2 0 3 3 2 1 0
0.0011019678090097552 3 0 1 2 0 3 3 2 1 3
2.9021690727539204 3 0 1 2 3 0 0 1 2 0
-0.006523713610427539 3 0 1 2 3 0 0 1 2 3
-2.90216907275392 3 0 1 2 3 0 0 2 1 0
0.006523713610427539 3 0 1 2 3 0 0 2 1 3
-0.006836213756273123 3 0 1 2 3 0 3 1 2 0
-0.0010540777418995774 3 0 1 2 3 0 3 1 2 3
0.006836213756273123 3 0 1 2 3 0 3 2 1 0
0.0010540777418995774 3 0 1 2 3 0 3 2 1 3
-0.00040504881831499647 3 0 1 2 3 1 1 1 0 2
-0.003012402176258167 3 0 1 2 3 1 1 1 3 2
-7.47324180451353e-06 3 0 1 2 3 1 1 2 0 1
-4.9060345245975954e-05 3 0 1 2 3 1 1 2 3 1
0.00041252206011951 3 0 1 2 3 1 2 1 0 1
0.0030614625215041437 3 0 1 2 3 1 2 1 3 1
-0.00041252206011951 3 0 1 2 3 2 1 2 0 2
-0.0030614625215041437 3 0 1 2 3 2 1 2 3 2
7.47324180451353e-06 3 0 1 2 3 2 2 1 0 2
4.9060345245975954e-05 3 0 1 2 3 2 2 1 3 2
0.00040504881831499647 3 0 1 2 3 2 2 2 0 1
0.003012402176258167 3 0 1 2 3 2 2 2 3 1
-0.009068626736534571 3 0 1 2 3 3 0 1 2 0
-0.0016831723732906308 3 0 1 2 3 3 0 1 2 3
0.009068626736534571 3 0 1 2 3 3 0 2 1 0
0.0016831723732906308 3 0 1 2 3 3 0 2 1 3
-0.0014555265302993025 3 0 1 2 3 3 3 1 2 0
0.0014555265302993025 3 0 1 2 3 3 3 2 1 0
-4.997186587471991e-05 3 0 1 3 1 0 0 0 1 1
-4.997186587471992e-05 3 0 1 3 1 0 0 0 2 2
0.0002802824820966035 3 0 1 3 1 0 0 1 0 1
0.00028028248209660344 3 0 1 3 1 0 0 2 0 2
-0.0003556703852246144 3 0 1 3 1 0 0 3 1 1
-0.0003556703852246144 3 0 1 3 1 0 0 3 2 2
-3.731875087991666e-05 3 0 1 3 1 0 3 3 1 1
-3.731875087991666e-05 3 0 1 3 1 0 3 3 2 2
0.00020377344906809903 3 0 1 3 1 1 1 0 0 0
0.001584253941122477 3 0 1 3 1 1 1 0 3 0
0.00033119122822076455 3 0 1 3 1 1 1 0 3 3
-2.6241324533233564e-05 3 0 1 3 1 1 1 1 1 0
-3.060415533463803e-05 3 0 1 3 1 1 1 2 2 0
0.0009721890297538066 3 0 1 3 1 1 1 3 0 0
0.0001896773341800373 3 0 1 3 1 1 1 3 0 3
-0.6745672371991439 3 0 1 3 1 1 1 3 3 0
0.0012586327491461563 3 0 1 3 1 1 1 3 3 3
4.362830801404464e-06 3 0 1 3 1 1 2 1 2 0
4.362830801404464e-06 3 0 1 3 1 2 1 2 1 0
0.00020377344906809903 3 0 1 3 1 2 2 0 0 0
0.001584253941122477 3 0 1 3 1 2 2 0 3 0
0.00033119122822076455 3 0 1 3 1 2 2 0 3 3
-3.060415533463803e-05 3 0 1 3 1 2 2 1 1 0
-2.6241324533233564e-05 3 0 1 3 1 2 2 2 2 0
0.0009721890297538066 3 0 1 3 1 2 2 3 0 0
0.0001896773341800373 3 0 1 3 1 2 2 3 0 3
-0.674567237199144 3 0 1 3 1 2 2 3 3 0
0.0012586327491461563 3 0 1 3 1 2 2 3 3 3
-0.00011887319812442358 3 0 1 3 1 3 0 3 1 1
-0.00011887319812442356 3 0 1 3 1 3 0 3 2 2
0.19399337768672142 3 0 1 3 2 0 0 0 1 2
-0.19399337768672142 3 0 1 3 2 0 0 0 2 1
3.801467417282146 3 0 1 3 2 0 0 1 0 2
-0.010747190262034691 3 0 1 3 2 0 0 1 3 2
-3.8014674172821463 3 0 1 3 2 0 0 2 0 1
0.010747190262034691 3 0 1 3 2 0 0 2 3 1
0.0004930965480473588 3 0 1 3 2 0 0 3 1 2
-0.0004930965480473588 3 0 1 3 2 0 0 3 2 1
-0.00016166270427798033 3 0 1 3 2 0 3 0 1 2
0.00016166270427798033 3 0 1 3 2 0 3 0 2 1
-0.010436975192636398 3 0 1 3 2 0 3 1 0 2
-0.0014266524551970446 3 0 1 3 2 0 3 1 3 2
0.010436975192636398 3 0 1 3 2 0 3 2 0 1
0.0014266524551970446 3 0 1 3 2 0 3 2 3 1
0.018928748901521214 3 0 1 3 2 0 3 3 1 2
-0.01892874890152121 3 0 1 3 2 0 3 3 2 1
6.015775178676089e-05 3 0 1 3 2 1 2 3 3 0
-6.015775178676089e-05 3 0 1 3 2 2 1 3 3 0
0.0005839793113166719 3 0 1 3 2 3 0 0 1 2
-0.0005839793113166719 3 0 1 3 2 3 0 0 2 1
-0.011853337781747825 3 0 1 3 2 3 0 1 0 2
-0.0016773785246702833 3 0 1 3 2 3 0 1 3 2
0.011853337781747825 3 0 1 3 2 3 0 2 0 1
0.0016773785246702833 3 0 1 3 2 3 0 2 3 1
-0.4668211394944943 3 0 1 3 2 3 0 3 1 2
0.46682113949449433 3 0 1 3 2 3 0 3 2 1
7.450369750104323e-05 3 0 1 3 2 3 3 0 1 2
-7.450369750104323e-05 3 0 1 3 2 3 3 0 2 1
-0.0015004654409452678 3 0 1 3 2 3 3 1 0 2
0.0015004654409452678 3 0 1 3 2 3 3 2 0 1
0.00042257975980702445 3 0 1 3 2 3 3 3 1 2
-0.00042257975980702445 3 0 1 3 2 3 3 3 2 1
-0.0002125947189701468 3 0 2 0 1 0 0 0 1 2
0.0002125947189701468 3 0 2 0 1 0 0 0 2 1
-35.691041372565735 3 0 2 0 1 0 0 1 0 2
-4.433812228272257 3 0 2 0 1 0 0 1 3 2
35.69104137256574 3 0 2 0 1 0 0 2 0 1
4.433812228272256 3 0 2 0 1 0 0 2 3 1
0.416887804557507 3 0 2 0 1 0 0 3 1 2
-0.416887804557507 3 0 2 0 1 0 0 3 2 1
-1.8891082411048362e-05 3 0 2 0 1 0 3 0 1 2
1.8891082411048362e-05 3 0 2 0 1 0 3 0 2 1
-4.103132887661534 3 0 2 0 1 0 3 1 0 2
0.01067139526587796 3 0 2 0 1 0 3 1 3 2
4.103132887661534 3 0 2 0 1 0 3 2 0 1
-0.01067139526587796 3 0 2 0 1 0 3 2 3 1
-0.00038070956686232034 3 0 2 0 1 0 3 3 1 2
0.00038070956686232034 3 0 2 0 1 0 3 3 2 1
-4.0131954583741235e-05 3 0 2 0 1 3 0 0 1 2
4.0131954583741235e-05 3 0 2 0 1 3 0 0 2 1
-5.549814244964168 3 0 2 0 1 3 0 1 0 2
0.011853337781747825 3 0 2 0 1 3 0 1 3 2
5.549814244964168 3 0 2 0 1 3 0 2 0 1
-0.011853337781747825 3 0 2 0 1 3 0 2 3 1
-0.0005839793113166714 3 0 2 0 1 3 0 3 1 2
0.0005839793113166714 3 0 2 0 1 3 0 3 2 1
0.012497120231474684 3 0 2 0 1 3 3 1 0 2
0.00144530318522373 3 0 2 0 1 3 3 1 3 2
-0.012497120231474684 3 0 2 0 1 3 3 2 0 1
-0.00144530318522373 3 0 2 0 1 3 3 2 3 1
-7.440140205385232e-05 3 0 2 0 1 3 3 3 1 2
7.440140205385232e-05 3 0 2 0 1 3 3 3 2 1
0.0023378714055201258 3 0 2 0 2 0 0 1 0 1
0.0003188262986292787 3 0 2 0 2 0 0 1 3 1
0.002337871405520124 3 0 2 0 2 0 0 2 0 2
0.0003188262986292787 3 0 2 0 2 0 0 2 3 2
-8.095824331963386e-05 3 0 2 0 2 0 0 3 1 1
-8.095824331963386e-05 3 0 2 0 2 0 0 3 2 2
0.00028207545207493024 3 0 2 0 2 0 3 1 0 1
0.00028207545207493024 3 0 2 0 2 0 3 2 0 2
0.00018041531225959558 3 0 2 0 2 1 1 0 3 0
1.866205404009053e-05 3 0 2 0 2 1 1 1 1 0
2.5173073392823225e-06 3 0 2 0 2 1 1 1 1 3
-0.00046807883072525006 3 0 2 0 2 1 1 2 2 0
-0.00011216933606636151 3 0 2 0 2 1 1 2 2 3
0.00016332050884960506 3 0 2 0 2 1 1 3 0 0
0.0009543710084358904 3 0 2 0 2 1 1 3 3 0
0.00018719738531227103 3 0 2 0 2 1 1 3 3 3
0.0004867408847653406 3 0 2 0 2 1 2 1 2 0
0.00011468664340564385 3 0 2 0 2 1 2 1 2 3
0.0004867408847653406 3 0 2 0 2 2 1 2 1 0
0.00011468664340564385 3 0 2 0 2 2 1 2 1 3
0.00018041531225959558 3 0 2 0 2 2 2 0 3 0
-0.00046807883072525006 3 0 2 0 2 2 2 1 1 0
-0.00011216933606636151 3 0 2 0 2 2 2 1 1 3
1.866205404009053e-05 3 0 2 0 2 2 2 2 2 0
2.5173073392823225e-06 3 0 2 0 2 2 2 2 2 3
0.00016332050884960506 3 0 2 0 2 2 2 3 0 0
0.0009543710084358904 3 0 2 0 2 2 2 3 3 0
0.00018719738531227103 3 0 2 0 2 2 2 3 3 3
0.00044425234069169167 3 0 2 0 2 3 0 1 0 1
0.00044425234069169167 3 0 2 0 2 3 0 2 0 2
-23.574460178938 3 0 2 1 0 0 0 1 2 0
-3.0678385097055423 3 0 2 1 0 0 0 1 2 3
23.574460178937997 3 0 2 1 0 0 0 2 1 0
3.0678385097055423 3 0 2 1 0 0 0 2 1 3
-2.7085339422908623 3 0 2 1 0 0 3 1 2 0
0.0063534205948973825 3 0 2 1 0 0 3 1 2 3
2.708533942290862 3 0 2 1 0 0 3 2 1 0
-0.0063534205948973825 3 0 2 1 0 0 3 2 1 3
4.698720313312706e-05 3 0 2 1 0 1 1 1 3 2
4.461784129071165e-06 3 0 2 1 0 1 1 2 3 1
-5.14489872621982e-05 3 0 2 1 0 1 2 1 3 1
5.14489872621982e-05 3 0 2 1 0 2 1 2 3 2
-4.461784129071165e-06 3 0 2 1 0 2 2 1 3 2
-4.698720313312706e-05 3 0 2 1 0 2 2 2 3 1
-6.759067734526549 3 0 2 1 0 3 0 1 2 0
0.00906862673653457 3 0 2 1 0 3 0 1 2 3
6.75906773452655 3 0 2 1 0 3 0 2 1 0
-0.00906862673653457 3 0 2 1 0 3 0 2 1 3
0.0109954668230095 3 0 2 1 0 3 3 1 2 0
0.0011019678090097554 3 0 2 1 0 3 3 1 2 3
-0.0109954668230095 3 0 2 1 0 3 3 2 1 0
-0.0011019678090097554 3 0 2 1 0 3 3 2 1 3
-2.90216907275392 3 0 2 1 3 0 0 1 2 0
0.006523713610427539 3 0 2 1 3 0 0 1 2 3
2.9021690727539196 3 0 2 1 3 0 0 2 1 0
-0.006523713610427539 3 0 2 1 3 0 0 2 1 3
0.006836213756273123 3 0 2 1 3 0 3 1 2 0
0.0010540777418995774 3 0 2 1 3 0 3 1 2 3
-0.006836213756273123 3 0 2 1 3 0 3 2 1 0
-0.0010540777418995774 3 0 2 1 3 0 3 2 1 3
0.00040504881831499636 3 0 2 1 3 1 1 1 0 2
0.0030124021762581664 3 0 2 1 3 1 1 1 3 2
7.47324180451353e-06 3 0 2 1 3 1 1 2 0 1
4.9060345245975954e-05 3 0 2 1 3 1 1 2 3 1
-0.00041252206011951 3 0 2 1 3 1 2 1 0 1
-0.003061462521504143 3 0 2 1 3 1 2 1 3 1
0.00041252206011951 3 0 2 1 3 2 1 2 0 2
0.003061462521504143 3 0 2 1 3 2 1 2 3 2
-7.47324180451353e-06 3 0 2 1 3 2 2 1 0 2
-4.9060345245975954e-05 3 0 2 1 3 2 2 1 3 2
-0.00040504881831499636 3 0 2 1 3 2 2 2 0 1
-0.0030124021762581664 3 0 2 1 3 2 2 2 3 1
0.009068626736534567 3 0 2 1 3 3 0 1 2 0
0.0016831723732906305 3 0 2 1 3 3 0 1 2 3
-0.009068626736534567 3 0 2 1 3 3 0 2 1 0
-0.0016831723732906305 3 0 2 1 3 3 0 2 1 3
0.0014555265302993023 3 0 2 1 3 3 3 1 2 0
-0.0014555265302993023 3 0 2 1 3 3 3 2 1 0
38.59772824331755 3 0 2 2 0 0 0 0 0 0
5.376242909112462 3 0 2 2 0 0 0 0 0 3
5.39821494673914 3 0 2 2 0 0 0 0 3 0
-0.011700389354871651 3 0 2 2 0 0 0 0 3 3
0.0017426679764082817 3 0 2 2 0 0 0 1 1 0
0.00023538438173616134 3 0 2 2 0 0 0 1 1 3
0.0017426679764082817 3 0 2 2 0 0 0 2 2 0
0.0002353843817361614 3 0 2 2 0 0 0 2 2 3
-24167.2093558821 3 0 2 2 0 0 0 3 0 0
27.687496757747287 3 0 2 2 0 0 0 3 0 3
38.67591435303445 3 0 2 2 0 0 0 3 3 0
5.376052555100006 3 0 2 2 0 0 0 3 3 3
4.9160537822482295 3 0 2 2 0 0 3 0 0 0
-0.01026144534096113 3 0 2 2 0 0 3 0 0 3
-0.013021802671645065 3 0 2 2 0 0 3 0 3 0
-0.0014247206246489753 3 0 2 2 0 0 3 0 3 3
0.0002135817282572885 3 0 2 2 0 0 3 1 1 0
0.0002135817282572885 3 0 2 2 0 0 3 2 2 0
45.745710235695476 3 0 2 2 0 0 3 3 0 0
2.708102726062485 3 0 2 2 0 0 3 3 0 3
4.915845965628119 3 0 2 2 0 0 3 3 3 0
-0.010263292000159603 3 0 2 2 0 0 3 3 3 3
4.5234360001275885e-06 3 0 2 2 0 1 1 3 1 1
-3.924007514050896e-05 3 0 2 2 0 1 1 3 2 2
4.3763511140636565e-05 3 0 2 2 0 1 2 3 2 1
4.3763511140636565e-05 3 0 2 2 0 2 1 3 1 2
-3.924007514050896e-05 3 0 2 2 0 2 2 3 1 1
4.5234360001275885e-06 3 0 2 2 0 2 2 3 2 2
-1.6646787674136105 3 0 2 2 0 3 0 0 0 0
-0.004996884496593229 3 0 2 2 0 3 0 0 0 3
-0.001890688979790793 3 0 2 2 0 3 0 0 3 0
-7.265312645114632e-05 3 0 2 2 0 3 0 0 3 3
0.0003336050709356922 3 0 2 2 0 3 0 1 1 0
0.0003336050709356923 3 0 2 2 0 3 0 2 2 0
27.42758784322453 3 0 2 2 0 3 0 3 0 0
2.8387181776904677 3 0 2 2 0 3 0 3 0 3
-0.14483196720029887 3 0 2 2 0 3 0 3 3 0
-0.005786915858042025 3 0 2 2 0 3 0 3 3 3
-0.0037807581089137005 3 0 2 2 0 3 3 0 0 0
-0.00043590746400150624 3 0 2 2 0 3 3 0 0 3
-5.4676829780871106e-05 3 0 2 2 0 3 3 0 3 0
2.4716214155549534 3 0 2 2 0 3 3 3 0 0
-0.005337798942413294 3 0 2 2 0 3 3 3 0 3
-0.00514737390723447 3 0 2 2 0 3 3 3 3 0
-0.0004974211106856283 3 0 2 2 0 3 3 3 3 3
5.793307219218239 3 0 2 2 3 0 0 0 0 0
-0.011613162396413888 3 0 2 2 3 0 0 0 0 3
-0.012350853638320692 3 0 2 2 3 0 0 0 3 0
-0.0020347036215346637 3 0 2 2 3 0 0 0 3 3
0.00022199698189275633 3 0 2 2 3 0 0 1 1 0
0.00022199698189275636 3 0 2 2 3 0 0 2 2 0
27.51599632126447 3 0 2 2 3 0 0 3 0 0
6.490022341507576 3 0 2 2 3 0 0 3 0 3
5.793102914873278 3 0 2 2 3 0 0 3 3 0
-0.011623834777856 3 0 2 2 3 0 0 3 3 3
-0.013020676883905846 3 0 2 2 3 0 3 0 0 0
-0.0016527466465774622 3 0 2 2 3 0 3 0 0 3
-0.0018521096774470006 3 0 2 2 3 0 3 0 3 0
5.839577543692689 3 0 2 2 3 0 3 3 0 0
-0.011203079459368121 3 0 2 2 3 0 3 3 0 3
-0.013030297052652162 3 0 2 2 3 0 3 3 3 0
-0.0016527466465774614 3 0 2 2 3 0 3 3 3 3
6.947215057613872e-06 3 0 2 2 3 1 1 0 1 1
-0.00034314478040097397 3 0 2 2 3 1 1 0 2 2
4.2989133019933235e-05 3 0 2 2 3 1 1 3 1 1
-0.002435305566887837 3 0 2 2 3 1 1 3 2 2
0.00035009199545858787 3 0 2 2 3 1 2 0 2 1
0.0024782946999077687 3 0 2 2 3 1 2 3 2 1
0.00035009199545858787 3 0 2 2 3 2 1 0 1 2
0.0024782946999077687 3 0 2 2 3 2 1 3 1 2
-0.00034314478040097397 3 0 2 2 3 2 2 0 1 1
6.947215057613872e-06 3 0 2 2 3 2 2 0 2 2
-0.002435305566887837 3 0 2 2 3 2 2 3 1 1
4.2989133019933235e-05 3 0 2 2 3 2 2 3 2 2
-0.0055808638079099 3 0 2 2 3 3 0 0 0 0
-0.00048730791966888475 3 0 2 2 3 3 0 0 0 3
-0.00011278508103488753 3 0 2 2 3 3 0 0 3 0
3.305658190383085 3 0 2 2 3 3 0 3 0 0
-0.0075768910695161555 3 0 2 2 3 3 0 3 0 3
-0.006370895169358697 3 0 2 2 3 3 0 3 3 0
-0.000691853157128223 3 0 2 2 3 3 0 3 3 3
-0.0004431777310804095 3 0 2 2 3 3 3 0 0 0
-0.008208862101049035 3 0 2 2 3 3 3 3 0 0
-0.0007709938045894285 3 0 2 2 3 3 3 3 0 3
-0.0006275881148157309 3 0 2 2 3 3 3 3 3 0
-0.19399337768672142 3 0 2 3 1 0 0 0 1 2
0.19399337768672142 3 0 2 3 1 0 0 0 2 1
-3.8014674172821463 3 0 2 3 1 0 0 1 0 2
0.01074719026203469 3 0 2 3 1 0 0 1 3 2
3.801467417282146 3 0 2 3 1 0 0 2 0 1
-0.01074719026203469 3 0 2 3 1 0 0 2 3 1
-0.000493096548047359 3 0 2 3 1 0 0 3 1 2
0.000493096548047359 3 0 2 3 1 0 0 3 2 1
0.00016166270427798033 3 0 2 3 1 0 3 0 1 2
-0.00016166270427798033 3 0 2 3 1 0 3 0 2 1
0.010436975192636398 3 0 2 3 1 0 3 1 0 2
0.0014266524551970446 3 0 2 3 1 0 3 1 3 2
-0.010436975192636398 3 0 2 3 1 0 3 2 0 1
-0.0014266524551970446 3 0 2 3 1 0 3 2 3 1
-0.01892874890152121 3 0 2 3 1 0 3 3 1 2
0.01892874890152121 3 0 2 3 1 0 3 3 2 1
-6.015775178676089e-05 3 0 2 3 1 1 2 3 3 0
6.015775178676089e-05 3 0 2 3 1 2 1 3 3 0
-0.0005839793113166719 3 0 2 3 1 3 0 0 1 2
0.0005839793113166719 3 0 2 3 1 3 0 0 2 1
0.011853337781747825 3 0 2 3 1 3 0 1 0 2
0.001677378524670283 3 0 2 3 1 3 0 1 3 2
-0.011853337781747825 3 0 2 3 1 3 0 2 0 1
-0.001677378524670283 3 0 2 3 1 3 0 2 3 1
0.4668211394944943 3 0 2 3 1 3 0 3 1 2
-0.46682113949449433 3 0 2 3 1 3 0 3 2 1
-7.450369750104323e-05 3 0 2 3 1 3 3 0 1 2
7.450369750104323e-05 3 0 2 3 1 3 3 0 2 1
0.0015004654409452678 3 0 2 3 1 3 3 1 0 2
-0.0015004654409452678 3 0 2 3 1 3 3 2 0 1
-0.0004225797598070244 3 0 2 3 1 3 3 3 1 2
0.0004225797598070244 3 0 2 3 1 3 3 3 2 1
-4.997186587471993e-05 3 0 2 3 2 0 0 0 1 1
-4.997186587471993e-05 3 0 2 3 2 0 0 0 2 2
0.00028028248209660355 3 0 2 3 2 0 0 1 0 1
0.00028028248209660344 3 0 2 3 2 0 0 2 0 2
-0.0003556703852246144 3 0 2 3 2 0 0 3 1 1
-0.0003556703852246144 3 0 2 3 2 0 0 3 2 2
-3.7318750879916666e-05 3 0 2 3 2 0 3 3 1 1
-3.731875087991666e-05 3 0 2 3 2 0 3 3 2 2
0.00020377344906809903 3 0 2 3 2 1 1 0 0 0
0.001584253941122477 3 0 2 3 2 1 1 0 3 0
0.00033119122822076455 3 0 2 3 2 1 1 0 3 3
-2.6241324533233567e-05 3 0 2 3 2 1 1 1 1 0
-3.060415533463803e-05 3 0 2 3 2 1 1 2 2 0
0.0009721890297538066 3 0 2 3 2 1 1 3 0 0
0.0001896773341800373 3 0 2 3 2 1 1 3 0 3
-0.6745672371991439 3 0 2 3 2 1 1 3 3 0
0.0012586327491461563 3 0 2 3 2 1 1 3 3 3
4.362830801404464e-06 3 0 2 3 2 1 2 1 2 0
4.362830801404464e-06 3 0 2 3 2 2 1 2 1 0
0.00020377344906809903 3 0 2 3 2 2 2 0 0 0
0.001584253941122477 3 0 2 3 2 2 2 0 3 0
0.0003311912282207646 3 0 2 3 2 2 2 0 3 3
-3.060415533463803e-05 3 0 2 3 2 2 2 1 1 0
-2.6241324533233567e-05 3 0 2 3 2 2 2 2 2 0
0.0009721890297538066 3 0 2 3 2 2 2 3 0 0
0.0001896773341800373 3 0 2 3 2 2 2 3 0 3
-0.6745672371991439 3 0 2 3 2 2 2 3 3 0
0.0012586327491461563 3 0 2 3 2 2 2 3 3 3
-0.00011887319812442359 3 0 2 3 2 3 0 3 1 1
-0.00011887319812442358 3 0 2 3 2 3 0 3 2 2
205939.50208994796 3 0 3 0 0 0 0 0 0 0
-1107.3996600258731 3 0 3 0 0 0 0 0 0 3
-1151.9033781885344 3 0 3 0 0 0 0 0 3 0
-168.5673752248205 3 0 3 0 0 0 0 0 3 3
-2.945238064728988 3 0 3 0 0 0 0 1 1 0
0.004565320321135314 3 0 3 0 0 0 0 1 1 3
-2.945238064728988 3 0 3 0 0 0 0 2 2 0
0.004565320321135314 3 0 3 0 0 0 0 2 2 3
-1206.1281289476428 3 0 3 0 0 0 0 3 0 0
-176.1184038374322 3 0 3 0 0 0 0 3 0 3
-166.58903263243974 3 0 3 0 0 0 0 3 3 0
0.6336891993303376 3 0 3 0 0 0 0 3 3 3
-1184.2993798239336 3 0 3 0 0 0 3 0 0 0
-159.152485345568 3 0 3 0 0 0 3 0 0 3
-152.8983982327184 3 0 3 0 0 0 3 0 3 0
0.6127054992604167 3 0 3 0 0 0 3 0 3 3
0.0054806187357108824 3 0 3 0 0 0 3 1 1 0
0.00086274519774317 3 0 3 0 0 0 3 1 1 3
0.0054806187357108824 3 0 3 0 0 0 3 2 2 0
0.00086274519774317 3 0 3 0 0 0 3 2 2 3
-159.62565316925878 3 0 3 0 0 0 3 3 0 0
0.6276582786852807 3 0 3 0 0 0 3 3 0 3
0.6499023480250905 3 0 3 0 0 0 3 3 3 0
0.09052722192488599 3 0 3 0 0 0 3 3 3 3
-9.3040019135242e-05 3 0 3 0 0 1 1 0 1 1
0.0014771811886493276 3 0 3 0 0 1 1 0 2 2
-0.0015702212077845696 3 0 3 0 0 1 2 0 2 1
-0.0015702212077845696 3 0 3 0 0 2 1 0 1 2
0.0014771811886493276 3 0 3 0 0 2 2 0 1 1
-9.3040019135242e-05 3 0 3 0 0 2 2 0 2 2
-1293.2967292799808 3 0 3 0 0 3 0 0 0 0
-179.16239345028586 3 0 3 0 0 3 0 0 0 3
-167.02550378261574 3 0 3 0 0 3 0 0 3 0
0.6680502918257353 3 0 3 0 0 3 0 0 3 3
-0.0018906889797907962 3 0 3 0 0 3 0 1 1 0
-0.00011278508103488734 3 0 3 0 0 3 0 1 1 3
-0.0018906889797907962 3 0 3 0 0 3 0 2 2 0
-0.00011278508103488734 3 0 3 0 0 3 0 2 2 3
-175.6141892750821 3 0 3 0 0 3 0 3 0 0
0.680247774839147 3 0 3 0 0 3 0 3 0 3
0.6806755581108682 3 0 3 0 0 3 0 3 3 0
0.09739938377522701 3 0 3 0 0 3 0 3 3 3
-160.72827380541597 3 0 3 0 0 3 3 0 0 0
0.6668955422876452 3 0 3 0 0 3 3 0 0 3
0.6766453588746505 3 0 3 0 0 3 3 0 3 0
0.09069118078359606 3 0 3 0 0 3 3 0 3 3
-9.315490658447971e-05 3 0 3 0 0 3 3 1 1 0
-9.315490658447971e-05 3 0 3 0 0 3 3 2 2 0
0.6911273042459658 3 0 3 0 0 3 3 3 0 0
0.09234950302025466 3 0 3 0 0 3 3 3 0 3
0.08823282823768132 3 0 3 0 0 3 3 3 3 0
-1050.2128504205962 3 0 3 0 3 0 0 0 0 0
-177.51132133384647 3 0 3 0 3 0 0 0 0 3
-164.4347708302215 3 0 3 0 3 0 0 0 3 0
0.619009174776506 3 0 3 0 3 0 0 0 3 3
0.004340045475626569 3 0 3 0 3 0 0 1 1 0
0.0010078753640858828 3 0 3 0 3 0 0 1 1 3
0.004340045475626569 3 0 3 0 3 0 0 2 2 0
0.0010078753640858828 3 0 3 0 3 0 0 2 2 3
-171.55284959220813 3 0 3 0 3 0 0 3 0 0
0.6340161932807283 3 0 3 0 3 0 0 3 0 3
0.6362166884700229 3 0 3 0 3 0 0 3 3 0
0.10451615554649954 3 0 3 0 3 0 0 3 3 3
-160.27497541989254 3 0 3 0 3 0 3 0 0 0
0.6221184632542694 3 0 3 0 3 0 3 0 0 3
0.6332854042623061 3 0 3 0 3 0 3 0 3 0
0.09697304578676191 3 0 3 0 3 0 3 0 3 3
0.0009181460640445079 3 0 3 0 3 0 3 1 1 0
0.0009181460640445079 3 0 3 0 3 0 3 2 2 0
0.6493076835361111 3 0 3 0 3 0 3 3 0 0
0.09955456568426324 3 0 3 0 3 0 3 3 0 3
0.09499895208624612 3 0 3 0 3 0 3 3 3 0
-0.0007366825625122733 3 0 3 0 3 1 1 0 1 1
0.011849867212310638 3 0 3 0 3 1 1 0 2 2
0.00011225557789908522 3 0 3 0 3 1 1 1 3 1
-0.0016307323251069864 3 0 3 0 3 1 1 2 3 2
-9.934858308213626e-05 3 0 3 0 3 1 1 3 1 1
0.0016414761596459995 3 0 3 0 3 1 1 3 2 2
-0.01258654977482291 3 0 3 0 3 1 2 0 2 1
0.0017429879030060715 3 0 3 0 3 1 2 2 3 1
-0.0017408247427281357 3 0 3 0 3 1 2 3 2 1
-0.01258654977482291 3 0 3 0 3 2 1 0 1 2
0.0017429879030060715 3 0 3 0 3 2 1 1 3 2
-0.0017408247427281357 3 0 3 0 3 2 1 3 1 2
0.011849867212310638 3 0 3 0 3 2 2 0 1 1
-0.0007366825625122733 3 0 3 0 3 2 2 0 2 2
-0.0016307323251069864 3 0 3 0 3 2 2 1 3 1
0.00011225557789908522 3 0 3 0 3 2 2 2 3 2
0.0016414761596459995 3 0 3 0 3 2 2 3 1 1
-9.934858308213626e-05 3 0 3 0 3 2 2 3 2 2
-173.61213495298117 3 0 3 0 3 3 0 0 0 0
0.6783701978539921 3 0 3 0 3 3 0 0 0 3
0.6677443233319151 3 0 3 0 3 3 0 0 3 0
0.10514694086609752 3 0 3 0 3 3 0 0 3 3
-7.265312645114632e-05 3 0 3 0 3 3 0 1 1 0
-7.265312645114632e-05 3 0 3 0 3 3 0 2 2 0
0.6802477748391468 3 0 3 0 3 3 0 3 0 0
0.10747716629039626 3 0 3 0 3 3 0 3 0 3
0.09905573567539178 3 0 3 0 3 3 0 3 3 0
0.6863723640035814 3 0 3 0 3 3 3 0 0 0
0.10105440695715702 3 0 3 0 3 3 3 0 0 3
0.09491641362869396 3 0 3 0 3 3 3 0 3 0
0.09688693334156893 3 0 3 0 3 3 3 3 0 0
0.00023786544558378588 3 0 3 1 1 0 0 0 1 1
0.00023786544558378577 3 0 3 1 1 0 0 0 2 2
-0.41688780455750735 3 0 3 1 1 0 0 1 0 1
0.00021259471897014723 3 0 3 1 1 0 0 1 3 1
-0.41688780455750735 3 0 3 1 1 0 0 2 0 2
0.00021259471897014723 3 0 3 1 1 0 0 2 3 2
0.00038070956686232077 3 0 3 1 1 0 3 1 0 1
1.8891082411048376e-05 3 0 3 1 1 0 3 1 3 1
0.00038070956686232077 3 0 3 1 1 0 3 2 0 2
1.8891082411048376e-05 3 0 3 1 1 0 3 2 3 2
-0.00012817797795624337 3 0 3 1 1 1 1 0 0 0
-0.0007365604723055894 3 0 3 1 1 1 1 0 3 0
-0.00014447441647033227 3 0 3 1 1 1 1 0 3 3
-0.0001371090189313512 3 0 3 1 1 1 1 3 3 0
-0.00012817797795624337 3 0 3 1 1 2 2 0 0 0
-0.0007365604723055894 3 0 3 1 1 2 2 0 3 0
-0.00014447441647033227 3 0 3 1 1 2 2 0 3 3
-0.0001371090189313512 3 0 3 1 1 2 2 3 3 0
0.0005839793113166716 3 0 3 1 1 3 0 1 0 1
4.0131954583741235e-05 3 0 3 1 1 3 0 1 3 1
0.0005839793113166716 3 0 3 1 1 3 0 2 0 2
4.013195458374125e-05 3 0 3 1 1 3 0 2 3 2
7.440140205385238e-05 3 0 3 1 1 3 3 1 0 1
7.440140205385238e-05 3 0 3 1 1 3 3 2 0 2
3.583044382115134 3 0 3 1 2 0 0 0 1 2
-3.583044382115134 3 0 3 1 2 0 0 0 2 1
-8.09582433196339e-05 3 0 3 1 2 0 0 1 0 2
8.095824331963391e-05 3 0 3 1 2 0 0 2 0 1
-0.010635803977115117 3 0 3 1 2 0 0 3 1 2
0.010635803977115117 3 0 3 1 2 0 0 3 2 1
-0.010237507282560563 3 0 3 1 2 0 3 0 1 2
0.010237507282560563 3 0 3 1 2 0 3 0 2 1
-0.001416754714095717 3 0 3 1 2 0 3 3 1 2
0.001416754714095717 3 0 3 1 2 0 3 3 2 1
1.966779154522773e-05 3 0 3 1 2 1 1 1 2 0
-2.5320768304268386e-05 3 0 3 1 2 1 1 2 1 0
-5.652976759040657e-06 3 0 3 1 2 1 2 2 2 0
5.652976759040657e-06 3 0 3 1 2 2 1 1 1 0
2.5320768304268386e-05 3 0 3 1 2 2 2 1 2 0
-1.966779154522773e-05 3 0 3 1 2 2 2 2 1 0
-0.011547369287927479 3 0 3 1 2 3 0 0 1 2
0.011547369287927479 3 0 3 1 2 3 0 0 2 1
-0.0016563519001647539 3 0 3 1 2 3 0 3 1 2
0.0016563519001647539 3 0 3 1 2 3 0 3 2 1
-0.0014614837775825487 3 0 3 1 2 3 3 0 1 2
0.0014614837775825487 3 0 3 1 2 3 3 0 2 1
-3.583044382115134 3 0 3 2 1 0 0 0 1 2
3.583044382115134 3 0 3 2 1 0 0 0 2 1
8.09582433196339e-05 3 0 3 2 1 0 0 1 0 2
-8.09582433196339e-05 3 0 3 2 1 0 0 2 0 1
0.010635803977115119 3 0 3 2 1 0 0 3 1 2
-0.010635803977115119 3 0 3 2 1 0 0 3 2 1
0.010237507282560563 3 0 3 2 1 0 3 0 1 2
-0.010237507282560563 3 0 3 2 1 0 3 0 2 1
0.001416754714095717 3 0 3 2 1 0 3 3 1 2
-0.001416754714095717 3 0 3 2 1 0 3 3 2 1
-1.966779154522773e-05 3 0 3 2 1 1 1 1 2 0
2.5320768304268386e-05 3 0 3 2 1 1 1 2 1 0
5.65297675904065e-06 3 0 3 2 1 1 2 2 2 0
-5.65297675904065e-06 3 0 3 2 1 2 1 1 1 0
-2.5320768304268386e-05 3 0 3 2 1 2 2 1 2 0
1.966779154522773e-05 3 0 3 2 1 2 2 2 1 0
0.011547369287927479 3 0 3 2 1 3 0 0 1 2
-0.011547369287927479 3 0 3 2 1 3 0 0 2 1
0.0016563519001647539 3 0 3 2 1 3 0 3 1 2
-0.0016563519001647539 3 0 3 2 1 3 0 3 2 1
0.0014614837775825487 3 0 3 2 1 3 3 0 1 2
-0.0014614837775825487 3 0 3 2 1 3 3 0 2 1
0.00023786544558378577 3 0 3 2 2 0 0 0 1 1
0.00023786544558378588 3 0 3 2 2 0 0 0 2 2
-0.41688780455750735 3 0 3 2 2 0 0 1 0 1
0.00021259471897014723 3 0 3 2 2 0 0 1 3 1
-0.41688780455750735 3 0 3 2 2 0 0 2 0 2
0.00021259471897014723 3 0 3 2 2 0 0 2 3 2
0.00038070956686232077 3 0 3 2 2 0 3 1 0 1
1.8891082411048376e-05 3 0 3 2 2 0 3 1 3 1
0.00038070956686232077 3 0 3 2 2 0 3 2 0 2
1.8891082411048376e-05 3 0 3 2 2 0 3 2 3 2
-0.00012817797795624337 3 0 3 2 2 1 1 0 0 0
-0.0007365604723055894 3 0 3 2 2 1 1 0 3 0
-0.0001444744164703323 3 0 3 2 2 1 1 0 3 3
-0.0001371090189313512 3 0 3 2 2 1 1 3 3 0
-0.00012817797795624337 3 0 3 2 2 2 2 0 0 0
-0.0007365604723055894 3 0 3 2 2 2 2 0 3 0
-0.0001444744164703323 3 0 3 2 2 2 2 0 3 3
-0.0001371090189313512 3 0 3 2 2 2 2 3 3 0
0.0005839793113166716 3 0 3 2 2 3 0 1 0 1
4.0131954583741235e-05 3 0 3 2 2 3 0 1 3 1
0.0005839793113166716 3 0 3 2 2 3 0 2 0 2
4.0131954583741235e-05 3 0 3 2 2 3 0 2 3 2
7.440140205385235e-05 3 0 3 2 2 3 3 1 0 1
7.440140205385235e-05 3 0 3 2 2 3 3 2 0 2
-1074.0580770629974 3 0 3 3 0 0 0 0 0 0
-160.29095065306092 3 0 3 3 0 0 0 0 0 3
-155.36885706285034 3 0 3 3 0 0 0 0 3 0
0.6244079008881752 3 0 3 3 0 0 0 0 3 3
-14.074752128777584 3 0 3 3 0 0 0 1 1 0
-2.6999894727525175 3 0 3 3 0 0 0 1 1 3
-14.074752128777584 3 0 3 3 0 0 0 2 2 0
-2.699989472752517 3 0 3 3 0 0 0 2 2 3
-156.91197689114654 3 0 3 3 0 0 0 3 0 0
0.6267998421014965 3 0 3 3 0 0 0 3 0 3
0.6474089889733582 3 0 3 3 0 0 0 3 3 0
0.09782678770014026 3 0 3 3 0 0 0 3 3 3
-145.86227300366608 3 0 3 3 0 0 3 0 0 0
0.6106908880406905 3 0 3 3 0 0 3 0 0 3
0.6380770858054888 3 0 3 3 0 0 3 0 3 0
0.090601964460956 3 0 3 3 0 0 3 0 3 3
-2.4991425058860286 3 0 3 3 0 0 3 1 1 0
0.004300109505461733 3 0 3 3 0 0 3 1 1 3
-2.4991425058860286 3 0 3 3 0 0 3 2 2 0
0.004300109505461733 3 0 3 3 0 0 3 2 2 3
0.6409485859207729 3 0 3 3 0 0 3 3 0 0
0.09105398877686727 3 0 3 3 0 0 3 3 0 3
0.08950427742749023 3 0 3 3 0 0 3 3 3 0
0.000115211721105994 3 0 3 3 0 1 1 1 3 1
-0.0018992810346522854 3 0 3 3 0 1 1 2 3 2
0.0020144927557582794 3 0 3 3 0 1 2 2 3 1
0.0020144927557582794 3 0 3 3 0 2 1 1 3 2
-0.0018992810346522854 3 0 3 3 0 2 2 1 3 1
0.000115211721105994 3 0 3 3 0 2 2 2 3 2
-160.26610244301827 3 0 3 3 0 3 0 0 0 0
0.6705290343771282 3 0 3 3 0 3 0 0 0 3
0.6816661604288249 3 0 3 3 0 3 0 0 3 0
0.09911482797661014 3 0 3 3 0 3 0 0 3 3
-1.6646787674136103 3 0 3 3 0 3 0 1 1 0
-0.005580863807909902 3 0 3 3 0 3 0 1 1 3
-1.6646787674136105 3 0 3 3 0 3 0 2 2 0
-0.005580863807909902 3 0 3 3 0 3 0 2 2 3
0.6806755581108681 3 0 3 3 0 3 0 3 0 0
0.09905573567539176 3 0 3 3 0 3 0 3 0 3
0.09483249069326974 3 0 3 3 0 3 0 3 3 0
0.6778923389155173 3 0 3 3 0 3 3 0 0 0
0.0927691232314882 3 0 3 3 0 3 3 0 0 3
0.09003673004400299 3 0 3 3 0 3 3 0 3 0
-0.0043750898276608725 3 0 3 3 0 3 3 1 1 0
-0.0005932014877016596 3 0 3 3 0 3 3 1 1 3
-0.0043750898276608725 3 0 3 3 0 3 3 2 2 0
-0.0005932014877016597 3 0 3 3 0 3 3 2 2 3
0.08998792272171051 3 0 3 3 0 3 3 3 0 0
-149.7898479424987 3 0 3 3 3 0 0 0 0 0
0.5963632761007055 3 0 3 3 3 0 0 0 0 3
0.6057818119487304 3 0 3 3 3 0 0 0 3 0
0.10065245480266863 3 0 3 3 3 0 0 0 3 3
-2.5059505196267224 3 0 3 3 3 0 0 1 1 0
0.0038178819691557222 3 0 3 3 3 0 0 1 1 3
-2.505950519626722 3 0 3 3 3 0 0 2 2 0
0.0038178819691557222 3 0 3 3 3 0 0 2 2 3
0.6080557232869513 3 0 3 3 3 0 0 3 0 0
0.1011805182137041 3 0 3 3 3 0 0 3 0 3
0.09646231896126992 3 0 3 3 3 0 0 3 3 0
0.6078369456799336 3 0 3 3 3 0 3 0 0 0
0.09481519308039238 3 0 3 3 3 0 3 0 0 3
0.09171097965977168 3 0 3 3 3 0 3 0 3 0
0.004555077012366145 3 0 3 3 3 0 3 1 1 0
0.0009034754554758108 3 0 3 3 3 0 3 1 1 3
0.004555077012366145 3 0 3 3 3 0 3 2 2 0
0.0009034754554758108 3 0 3 3 3 0 3 2 2 3
0.09219203055126546 3 0 3 3 3 0 3 3 0 0
-8.663614123379063e-05 3 0 3 3 3 1 1 0 1 1
0.001258559785416491 3 0 3 3 3 1 1 0 2 2
0.00012289313821997486 3 0 3 3 3 1 1 1 0 1
0.0009291779396631603 3 0 3 3 3 1 1 1 3 1
-0.001975839737003725 3 0 3 3 3 1 1 2 0 2
-0.014807950575388688 3 0 3 3 3 1 1 2 3 2
-0.0013451959266502819 3 0 3 3 3 1 2 0 2 1
0.0020987328752237 3 0 3 3 3 1 2 2 0 1
0.015737128515051848 3 0 3 3 3 1 2 2 3 1
-0.0013451959266502819 3 0 3 3 3 2 1 0 1 2
0.0020987328752237 3 0 3 3 3 2 1 1 0 2
0.015737128515051848 3 0 3 3 3 2 1 1 3 2
0.001258559785416491 3 0 3 3 3 2 2 0 1 1
-8.663614123379063e-05 3 0 3 3 3 2 2 0 2 2
-0.001975839737003725 3 0 3 3 3 2 2 1 0 1
-0.014807950575388688 3 0 3 3 3 2 2 1 3 1
0.00012289313821997486 3 0 3 3 3 2 2 2 0 2
0.0009291779396631603 3 0 3 3 3 2 2 2 3 2
0.647128327307453 3 0 3 3 3 3 0 0 0 0
0.10346376849280692 3 0 3 3 3 3 0 0 0 3
0.09743744945193986 3 0 3 3 3 3 0 0 3 0
-0.004996884496593229 3 0 3 3 3 3 0 1 1 0
-0.0004873079196688848 3 0 3 3 3 3 0 1 1 3
-0.004996884496593229 3 0 3 3 3 3 0 2 2 0
-0.0004873079196688848 3 0 3 3 3 3 0 2 2 3
0.09739938377522703 3 0 3 3 3 3 0 3 0 0
0.0936626675444099 3 0 3 3 3 3 3 0 0 0
-0.00045156665522566716 3 0 3 3 3 3 3 1 1 0
-0.00045156665522566716 3 0 3 3 3 3 3 2 2 0
0.0020553723306405373 3 1 0 0 1 0 1 0 0 1
0.0003168487303434074 3 1 0 0 1 0 1 0 3 1
0.00032166942342016667 3 1 0 0 1 0 1 3 0 1
0.0020553723306405373 3 1 0 0 1 0 2 0 0 2
0.0003168487303434078 3 1 0 0 1 0 2 0 3 2
0.00032166942342016754 3 1 0 0 1 0 2 3 0 2
0.00033543984837227286 3 1 0 0 1 1 0 0 1 0
5.0752847703222875e-05 3 1 0 0 1 1 0 0 1 3
-4.3711964383352976e-05 3 1 0 0 1 1 0 1 3 0
3.9659479409162136e-05 3 1 0 0 1 1 0 3 1 0
3.0271054911165792e-05 3 1 0 0 1 1 3 0 1 0
0.0003354398483722728 3 1 0 0 1 2 0 0 2 0
5.075284770322331e-05 3 1 0 0 1 2 0 0 2 3
-4.3711964383352976e-05 3 1 0 0 1 2 0 2 3 0
3.9659479409162136e-05 3 1 0 0 1 2 0 3 2 0
3.0271054911165792e-05 3 1 0 0 1 2 3 0 2 0
0.00039067479387062715 3 1 0 0 1 3 1 0 0 1
0.00039067479387062715 3 1 0 0 1 3 2 0 0 2
108.67237206835576 3 1 0 0 2 0 1 0 0 2
13.499347816659714 3 1 0 0 2 0 1 0 3 2
-0.0003747148086378889 3 1 0 0 2 0 1 1 1 2
-0.0003747148086378889 3 1 0 0 2 0 1 2 2 2
13.80849611229707 3 1 0 0 2 0 1 3 0 2
-0.031872109058457 3 1 0 0 2 0 1 3 3 2
-108.67237206835577 3 1 0 0 2 0 2 0 0 1
-13.499347816659714 3 1 0 0 2 0 2 0 3 1
0.0003747148086378889 3 1 0 0 2 0 2 1 1 1
0.0003747148086378889 3 1 0 0 2 0 2 2 2 1
-13.808496112297068 3 1 0 0 2 0 2 3 0 1
0.031872109058457 3 1 0 0 2 0 2 3 3 1
-52.66230265482921 3 1 0 0 2 1 0 0 2 0
-6.910147943040085 3 1 0 0 2 1 0 0 2 3
-0.018648005872501858 3 1 0 0 2 1 0 2 0 0
-0.0027239580102602773 3 1 0 0 2 1 0 2 0 3
5.475767948926874 3 1 0 0 2 1 0 2 3 0
-0.017648746142162452 3 1 0 0 2 1 0 2 3 3
-6.320899705503222 3 1 0 0 2 1 0 3 2 0
0.014260816282545854 3 1 0 0 2 1 0 3 2 3
-6.083044935911872 3 1 0 0 2 1 3 0 2 0
0.011533656505915466 3 1 0 0 2 1 3 0 2 3
-0.002471884828303147 3 1 0 0 2 1 3 2 0 0
-0.018390336625058026 3 1 0 0 2 1 3 2 3 0
-0.00226803859785467 3 1 0 0 2 1 3 2 3 3
0.015598829860874396 3 1 0 0 2 1 3 3 2 0
0.0016686428082527873 3 1 0 0 2 1 3 3 2 3
52.662302654829205 3 1 0 0 2 2 0 0 1 0
6.910147943040085 3 1 0 0 2 2 0 0 1 3
0.018648005872501858 3 1 0 0 2 2 0 1 0 0
0.0027239580102602773 3 1 0 0 2 2 0 1 0 3
-5.475767948926874 3 1 0 0 2 2 0 1 3 0
0.017648746142162452 3 1 0 0 2 2 0 1 3 3
6.320899705503222 3 1 0 0 2 2 0 3 1 0
-0.014260816282545854 3 1 0 0 2 2 0 3 1 3
6.083044935911872 3 1 0 0 2 2 3 0 1 0
-0.011533656505915466 3 1 0 0 2 2 3 0 1 3
0.002471884828303147 3 1 0 0 2 2 3 1 0 0
0.018390336625058026 3 1 0 0 2 2 3 1 3 0
0.00226803859785467 3 1 0 0 2 2 3 1 3 3
-0.015598829860874396 3 1 0 0 2 2 3 3 1 0
-0.0016686428082527873 3 1 0 0 2 2 3 3 1 3
14.872024384076576 3 1 0 0 2 3 1 0 0 2
-0.033256793519660204 3 1 0 0 2 3 1 0 3 2
5.566330662905946e-05 3 1 0 0 2 3 1 1 1 2
1.0229544719085022e-07 3 1 0 0 2 3 1 1 2 1
5.5765602076250305e-05 3 1 0 0 2 3 1 2 2 2
-0.031973941947410794 3 1 0 0 2 3 1 3 0 2
-0.0038554935314495265 3 1 0 0 2 3 1 3 3 2
-14.872024384076576 3 1 0 0 2 3 2 0 0 1
0.033256793519660204 3 1 0 0 2 3 2 0 3 1
-5.5765602076250305e-05 3 1 0 0 2 3 2 1 1 1
-1.0229544719085022e-07 3 1 0 0 2 3 2 2 1 2
-5.566330662905946e-05 3 1 0 0 2 3 2 2 2 1
0.031973941947410794 3 1 0 0 2 3 2 3 0 1
0.003855493531449527 3 1 0 0 2 3 2 3 3 1
0.0024187783933547744 3 1 0 1 0 0 1 0 1 0
0.00029565520658875855 3 1 0 1 0 0 1 0 1 3
0.0006712160257843226 3 1 0 1 0 0 1 1 0 0
-0.02992042325102759 3 1 0 1 0 0 1 1 0 3
0.20612446701249568 3 1 0 1 0 0 1 1 3 0
-5.2991254113923576e-05 3 1 0 1 0 0 1 1 3 3
0.0003079935433996717 3 1 0 1 0 0 1 3 1 0
0.0024187783933547744 3 1 0 1 0 0 2 0 2 0
0.00029565520658875855 3 1 0 1 0 0 2 0 2 3
0.0006712160257843226 3 1 0 1 0 0 2 2 0 0
-0.02992042325102759 3 1 0 1 0 0 2 2 0 3
0.20612446701249568 3 1 0 1 0 0 2 2 3 0
-5.2991254113923576e-05 3 1 0 1 0 0 2 2 3 3
0.0003079935433996717 3 1 0 1 0 0 2 3 2 0
0.0004696329585328789 3 1 0 1 0 1 0 0 0 1
-0.26699090122667635 3 1 0 1 0 1 0 0 3 1
5.901330585293524e-05 3 1 0 1 0 1 0 3 0 1
1.7039480268643544e-05 3 1 0 1 0 1 0 3 3 1
0.000165606813516917 3 1 0 1 0 1 3 0 0 1
0.00027476403579442877 3 1 0 1 0 1 3 0 3 1
4.891708999580795e-05 3 1 0 1 0 1 3 3 3 1
0.0004696329585328789 3 1 0 1 0 2 0 0 0 2
-0.2669909012266763 3 1 0 1 0 2 0 0 3 2
5.901330585293524e-05 3 1 0 1 0 2 0 3 0 2
1.7039480268643544e-05 3 1 0 1 0 2 0 3 3 2
0.000165606813516917 3 1 0 1 0 2 3 0 0 2
0.00027476403579442877 3 1 0 1 0 2 3 0 3 2
4.891708999580795e-05 3 1 0 1 0 2 3 3 3 2
0.00040842262161462444 3 1 0 1 0 3 1 0 1 0
-0.4608208211427306 3 1 0 1 0 3 1 1 0 0
0.0002428658339944994 3 1 0 1 0 3 1 1 0 3
0.0005943317187471699 3 1 0 1 0 3 1 1 3 0
8.279032619911007e-05 3 1 0 1 0 3 1 1 3 3
0.00040842262161462466 3 1 0 1 0 3 2 0 2 0
-0.4608208211427306 3 1 0 1 0 3 2 2 0 0
0.0002428658339944994 3 1 0 1 0 3 2 2 0 3
0.0005943317187471699 3 1 0 1 0 3 2 2 3 0
8.279032619911007e-05 3 1 0 1 0 3 2 2 3 3
0.00028301379859667586 3 1 0 1 3 0 1 0 1 0
0.020317261167384967 3 1 0 1 3 0 1 1 0 0
4.935581002285166e-06 3 1 0 1 3 0 1 1 0 3
-9.183649535642941e-05 3 1 0 1 3 0 1 1 3 0
-3.141359209104625e-05 3 1 0 1 3 0 1 1 3 3
0.00028301379859667586 3 1 0 1 3 0 2 0 2 0
0.020317261167384967 3 1 0 1 3 0 2 2 0 0
4.935581002285166e-06 3 1 0 1 3 0 2 2 0 3
-9.183649535642941e-05 3 1 0 1 3 0 2 2 3 0
-3.141359209104625e-05 3 1 0 1 3 0 2 2 3 3
0.10268525315594729 3 1 0 1 3 1 0 0 0 1
1.0676545130536925 3 1 0 1 3 1 0 0 3 1
6.493617067838924e-07 3 1 0 1 3 1 0 1 1 1
3.1972249368928296e-05 3 1 0 1 3 1 0 1 2 2
-2.8247539674124897e-05 3 1 0 1 3 1 0 2 1 2
-3.0753479880194903e-06 3 1 0 1 3 1 0 2 2 1
-0.0002629750756395464 3 1 0 1 3 1 0 3 0 1
0.09803656960450503 3 1 0 1 3 1 0 3 3 1
0.0004955079401228406 3 1 0 1 3 1 3 0 0 1
-0.24395605645911836 3 1 0 1 3 1 3 0 3 1
6.77831612556863e-05 3 1 0 1 3 1 3 3 0 1
-1.878414424677426e-05 3 1 0 1 3 1 3 3 3 1
0.10268525315594729 3 1 0 1 3 2 0 0 0 2
1.0676545130536925 3 1 0 1 3 2 0 0 3 2
-3.0753479880194903e-06 3 1 0 1 3 2 0 1 1 2
-2.8247539674124897e-05 3 1 0 1 3 2 0 1 2 1
3.1972249368928296e-05 3 1 0 1 3 2 0 2 1 1
6.493617067838924e-07 3 1 0 1 3 2 0 2 2 2
-0.0002629750756395464 3 1 0 1 3 2 0 3 0 2
0.09803656960450503 3 1 0 1 3 2 0 3 3 2
0.0004955079401228405 3 1 0 1 3 2 3 0 0 2
-0.24395605645911836 3 1 0 1 3 2 3 0 3 2
6.77831612556863e-05 3 1 0 1 3 2 3 3 0 2
-1.878414424677426e-05 3 1 0 1 3 2 3 3 3 2
0.00024286583399449932 3 1 0 1 3 3 1 1 0 0
9.012976856163318e-05 3 1 0 1 3 3 1 1 0 3
8.289262164630092e-05 3 1 0 1 3 3 1 1 3 0
0.00024286583399449932 3 1 0 1 3 3 2 2 0 0
9.012976856163318e-05 3 1 0 1 3 3 2 2 0 3
8.289262164630092e-05 3 1 0 1 3 3 2 2 3 0
37.92483469080348 3 1 0 2 0 0 1 0 2 0
4.990209754750267 3 1 0 2 0 0 1 0 2 3
-0.00035081361892090574 3 1 0 2 0 0 1 2 0 0
-2.2927193751212766e-05 3 1 0 2 0 0 1 2 0 3
-3.498790679627945e-05 3 1 0 2 0 0 1 2 3 0
4.818747038517209 3 1 0 2 0 0 1 3 2 0
-0.01037762196061764 3 1 0 2 0 0 1 3 2 3
-37.92483469080348 3 1 0 2 0 0 2 0 1 0
-4.990209754750267 3 1 0 2 0 0 2 0 1 3
0.00035081361892090574 3 1 0 2 0 0 2 1 0 0
2.2927193751212766e-05 3 1 0 2 0 0 2 1 0 3
3.498790679627945e-05 3 1 0 2 0 0 2 1 3 0
-4.81874703851721 3 1 0 2 0 0 2 3 1 0
0.01037762196061764 3 1 0 2 0 0 2 3 1 3
-3.918058519030625e-05 3 1 0 2 0 1 0 0 3 2
1.5250018449738412e-05 3 1 0 2 0 1 0 1 2 1
-0.0005985793552973792 3 1 0 2 0 1 0 2 1 1
-0.0005833293368476409 3 1 0 2 0 1 0 2 2 2
7.0033848678937705e-06 3 1 0 2 0 1 3 1 2 1
-0.0001497198638720602 3 1 0 2 0 1 3 2 1 1
-0.00014271647900416644 3 1 0 2 0 1 3 2 2 2
3.918058519030625e-05 3 1 0 2 0 2 0 0 3 1
0.0005833293368476409 3 1 0 2 0 2 0 1 1 1
0.0005985793552973792 3 1 0 2 0 2 0 1 2 2
-1.5250018449738412e-05 3 1 0 2 0 2 0 2 1 2
0.00014271647900416644 3 1 0 2 0 2 3 1 1 1
0.0001497198638720602 3 1 0 2 0 2 3 1 2 2
-7.0033848678937705e-06 3 1 0 2 0 2 3 2 1 2
5.6001826939946735 3 1 0 2 0 3 1 0 2 0
-0.011919552480318675 3 1 0 2 0 3 1 0 2 3
-0.00011341288699155268 3 1 0 2 0 3 1 2 0 0
-0.012242446863876308 3 1 0 2 0 3 1 3 2 0
-0.0016632642235978074 3 1 0 2 0 3 1 3 2 3
-5.6001826939946735 3 1 0 2 0 3 2 0 1 0
0.011919552480318675 3 1 0 2 0 3 2 0 1 3
0.00011341288699155265 3 1 0 2 0 3 2 1 0 0
0.012242446863876308 3 1 0 2 0 3 2 3 1 0
0.0016632642235978074 3 1 0 2 0 3 2 3 1 3
4.683277873948912 3 1 0 2 3 0 1 0 2 0
-0.010971001886537398 3 1 0 2 3 0 1 0 2 3
-2.4846533439393866e-05 3 1 0 2 3 0 1 2 0 0
-0.010478915994066546 3 1 0 2 3 0 1 3 2 0
-0.0019003009517588165 3 1 0 2 3 0 1 3 2 3
-4.683277873948912 3 1 0 2 3 0 2 0 1 0
0.010971001886537398 3 1 0 2 3 0 2 0 1 3
2.4846533439393866e-05 3 1 0 2 3 0 2 1 0 0
0.010478915994066546 3 1 0 2 3 0 2 3 1 0
0.0019003009517588165 3 1 0 2 3 0 2 3 1 3
-0.00011327565647573937 3 1 0 2 3 1 0 0 0 2
-0.0006270190645474341 3 1 0 2 3 1 0 0 3 2
1.4586883346164089e-06 3 1 0 2 3 1 0 1 1 2
-0.03315041296292701 3 1 0 2 3 1 0 1 2 1
0.02310061961734385 3 1 0 2 3 1 0 2 1 1
-0.010048334657248536 3 1 0 2 3 1 0 2 2 2
-0.00011890192156372303 3 1 0 2 3 1 0 3 3 2
-2.9660771977476014e-05 3 1 0 2 3 1 3 0 3 2
6.08071543378491e-05 3 1 0 2 3 1 3 1 2 1
-0.0006570240713985515 3 1 0 2 3 1 3 2 1 1
-0.0005962169170607023 3 1 0 2 3 1 3 2 2 2
0.00011327565647573937 3 1 0 2 3 2 0 0 0 1
0.0006270190645474338 3 1 0 2 3 2 0 0 3 1
0.010048334657248532 3 1 0 2 3 2 0 1 1 1
-0.02310061961734385 3 1 0 2 3 2 0 1 2 2
0.033150412962927006 3 1 0 2 3 2 0 2 1 2
-1.4586883346164089e-06 3 1 0 2 3 2 0 2 2 1
0.00011890192156372303 3 1 0 2 3 2 0 3 3 1
2.966077197747602e-05 3 1 0 2 3 2 3 0 3 1
0.0005962169170607023 3 1 0 2 3 2 3 1 1 1
0.0006570240713985515 3 1 0 2 3 2 3 1 2 2
-6.08071543378491e-05 3 1 0 2 3 2 3 2 1 2
-0.011919552480318679 3 1 0 2 3 3 1 0 2 0
-0.0020753229280751264 3 1 0 2 3 3 1 0 2 3
-0.0017184264793193447 3 1 0 2 3 3 1 3 2 0
0.011919552480318679 3 1 0 2 3 3 2 0 1 0
0.0020753229280751264 3 1 0 2 3 3 2 0 1 3
0.0017184264793193447 3 1 0 2 3 3 2 3 1 0
0.000271583167362823 3 1 0 3 1 0 1 0 0 1
9.200898392781795e-06 3 1 0 3 1 0 1 1 1 1
9.200898392781798e-06 3 1 0 3 1 0 1 2 2 1
0.000271583167362823 3 1 0 3 1 0 2 0 0 2
9.200898392781798e-06 3 1 0 3 1 0 2 1 1 2
9.200898392781795e-06 3 1 0 3 1 0 2 2 2 2
2.946325691367049e-05 3 1 0 3 1 1 0 0 1 0
-5.1387304615039886e-05 3 1 0 3 1 1 0 1 0 0
-0.000434633785544514 3 1 0 3 1 1 0 1 3 0
-6.576112656697533e-05 3 1 0 3 1 1 0 1 3 3
-3.922260057148761e-05 3 1 0 3 1 1 3 1 3 0
2.9463256913670597e-05 3 1 0 3 1 2 0 0 2 0
-5.1387304615039886e-05 3 1 0 3 1 2 0 2 0 0
-0.000434633785544514 3 1 0 3 1 2 0 2 3 0
-6.576112656697577e-05 3 1 0 3 1 2 0 2 3 3
-3.9222600571486746e-05 3 1 0 3 1 2 3 2 3 0
10.145986514015021 3 1 0 3 2 0 1 0 0 2
-0.03137776771800959 3 1 0 3 2 0 1 0 3 2
0.590048362584113 3 1 0 3 2 0 1 1 1 2
0.590048362584113 3 1 0 3 2 0 1 2 2 2
-0.030017116654794458 3 1 0 3 2 0 1 3 0 2
-0.0043906636501080095 3 1 0 3 2 0 1 3 3 2
-10.145986514015021 3 1 0 3 2 0 2 0 0 1
0.03137776771800959 3 1 0 3 2 0 2 0 3 1
-0.590048362584113 3 1 0 3 2 0 2 1 1 1
-0.590048362584113 3 1 0 3 2 0 2 2 2 1
0.030017116654794458 3 1 0 3 2 0 2 3 0 1
0.0043906636501080095 3 1 0 3 2 0 2 3 3 1
-3.754362278538208 3 1 0 3 2 1 0 0 2 0
0.013372358111471354 3 1 0 3 2 1 0 0 2 3
8.190072170558215 3 1 0 3 2 1 0 2 0 0
-0.01847792561293676 3 1 0 3 2 1 0 2 0 3
68.23523224633952 3 1 0 3 2 1 0 2 3 0
8.953568795508545 3 1 0 3 2 1 0 2 3 3
0.013451610520747406 3 1 0 3 2 1 0 3 2 0
0.0019703380461491126 3 1 0 3 2 1 0 3 2 3
0.01378981786665151 3 1 0 3 2 1 3 0 2 0
0.0017380169892177266 3 1 0 3 2 1 3 0 2 3
-0.020211607253567243 3 1 0 3 2 1 3 2 0 0
-0.002162082245123246 3 1 0 3 2 1 3 2 0 3
7.881880644062624 3 1 0 3 2 1 3 2 3 0
-0.014944309129226375 3 1 0 3 2 1 3 2 3 3
0.0017917865816877315 3 1 0 3 2 1 3 3 2 0
3.754362278538208 3 1 0 3 2 2 0 0 1 0
-0.013372358111471354 3 1 0 3 2 2 0 0 1 3
-8.190072170558215 3 1 0 3 2 2 0 1 0 0
0.01847792561293676 3 1 0 3 2 2 0 1 0 3
-68.23523224633952 3 1 0 3 2 2 0 1 3 0
-8.953568795508543 3 1 0 3 2 2 0 1 3 3
-0.013451610520747406 3 1 0 3 2 2 0 3 1 0
-0.0019703380461491126 3 1 0 3 2 2 0 3 1 3
-0.01378981786665151 3 1 0 3 2 2 3 0 1 0
-0.0017380169892177266 3 1 0 3 2 2 3 0 1 3
0.020211607253567243 3 1 0 3 2 2 3 1 0 0
0.002162082245123246 3 1 0 3 2 2 3 1 0 3
-7.881880644062624 3 1 0 3 2 2 3 1 3 0
0.014944309129226375 3 1 0 3 2 2 3 1 3 3
-0.0017917865816877315 3 1 0 3 2 2 3 3 1 0
-0.0332567935196602 3 1 0 3 2 3 1 0 0 2
-0.004531421899271929 3 1 0 3 2 3 1 0 3 2
0.002448483398828714 3 1 0 3 2 3 1 1 1 2
0.002448483398828714 3 1 0 3 2 3 1 2 2 2
-0.004209052252739073 3 1 0 3 2 3 1 3 0 2
0.0332567935196602 3 1 0 3 2 3 2 0 0 1
0.004531421899271929 3 1 0 3 2 3 2 0 3 1
-0.002448483398828714 3 1 0 3 2 3 2 1 1 1
-0.002448483398828714 3 1 0 3 2 3 2 2 2 1
0.004209052252739073 3 1 0 3 2 3 2 3 0 1
0.002602582703735023 3 1 1 0 0 0 1 1 0 0
0.0003076676166239179 3 1 1 0 0 0 1 1 0 3
0.00032632500983509674 3 1 1 0 0 0 1 1 3 0
-6.993492430333862e-05 3 1 1 0 0 0 1 3 1 0
0.002602582703735023 3 1 1 0 0 0 2 2 0 0
0.0003076676166239179 3 1 1 0 0 0 2 2 0 3
0.00032632500983509674 3 1 1 0 0 0 2 2 3 0
-6.993492430333862e-05 3 1 1 0 0 0 2 3 2 0
-5.399658895438827e-05 3 1 1 0 0 1 0 0 3 1
1.7128150926591038e-05 3 1 1 0 0 1 0 1 1 1
-0.00045019948013966433 3 1 1 0 0 1 0 1 2 2
0.00046732763106625537 3 1 1 0 0 1 0 2 2 1
-3.0964340362648205e-05 3 1 1 0 0 1 0 3 0 1
-1.999984013916802e-05 3 1 1 0 0 1 0 3 3 1
6.485991883772497e-06 3 1 1 0 0 1 3 1 1 1
-0.0001101451283116602 3 1 1 0 0 1 3 1 2 2
0.00011663112019543272 3 1 1 0 0 1 3 2 2 1
-6.086302743612103e-05 3 1 1 0 0 1 3 3 3 1
-5.399658895438827e-05 3 1 1 0 0 2 0 0 3 2
0.00046732763106625537 3 1 1 0 0 2 0 1 1 2
-0.00045019948013966433 3 1 1 0 0 2 0 2 1 1
1.7128150926591038e-05 3 1 1 0 0 2 0 2 2 2
-3.0964340362648205e-05 3 1 1 0 0 2 0 3 0 2
-1.999984013916802e-05 3 1 1 0 0 2 0 3 3 2
0.00011663112019543272 3 1 1 0 0 2 3 1 1 2
-0.0001101451283116602 3 1 1 0 0 2 3 2 1 1
6.485991883772497e-06 3 1 1 0 0 2 3 2 2 2
-6.086302743612103e-05 3 1 1 0 0 2 3 3 3 2
0.0004678438537373585 3 1 1 0 0 3 1 1 0 0
0.0004678438537373583 3 1 1 0 0 3 2 2 0 0
0.000296031822122146 3 1 1 0 3 0 1 1 0 0
0.000296031822122146 3 1 1 0 3 0 2 2 0 0
4.779283863982126e-05 3 1 1 0 3 1 0 0 0 1
0.0003620263529609186 3 1 1 0 3 1 0 0 3 1
-0.037764391424134326 3 1 1 0 3 1 0 1 1 1
-0.007755061769067551 3 1 1 0 3 1 0 1 2 2
-1.125780392734873e-06 3 1 1 0 3 1 0 2 1 2
-0.030008203874674042 3 1 1 0 3 1 0 2 2 1
0.0003971397140721114 3 1 1 0 3 1 0 3 0 1
-0.1598244432212303 3 1 1 0 3 1 0 3 3 1
-6.121251930289644e-05 3 1 1 0 3 1 3 0 3 1
5.699337298153514e-05 3 1 1 0 3 1 3 1 1 1
-0.0004601458029896908 3 1 1 0 3 1 3 1 2 2
0.0005171391759712261 3 1 1 0 3 1 3 2 2 1
-3.185729248545601e-05 3 1 1 0 3 1 3 3 0 1
6.372632293633947e-05 3 1 1 0 3 1 3 3 3 1
4.779283863982126e-05 3 1 1 0 3 2 0 0 0 2
0.0003620263529609186 3 1 1 0 3 2 0 0 3 2
-0.030008203874674042 3 1 1 0 3 2 0 1 1 2
-1.125780392734873e-06 3 1 1 0 3 2 0 1 2 1
-0.007755061769067549 3 1 1 0 3 2 0 2 1 1
-0.037764391424134326 3 1 1 0 3 2 0 2 2 2
0.0003971397140721114 3 1 1 0 3 2 0 3 0 2
-0.15982444322123027 3 1 1 0 3 2 0 3 3 2
-6.121251930289643e-05 3 1 1 0 3 2 3 0 3 2
0.0005171391759712261 3 1 1 0 3 2 3 1 1 2
-0.0004601458029896908 3 1 1 0 3 2 3 2 1 1
5.699337298153514e-05 3 1 1 0 3 2 3 2 2 2
-3.185729248545601e-05 3 1 1 0 3 2 3 3 0 2
6.372632293633947e-05 3 1 1 0 3 2 3 3 3 2
-3.443149783873777e-05 3 1 1 1 1 0 1 3 0 1
-3.443149783873777e-05 3 1 1 1 1 0 2 3 0 2
9.091852088447194e-06 3 1 1 1 1 1 0 1 0 0
1.8909996241085431e-06 3 1 1 1 1 1 0 1 0 3
-0.012450964894567837 3 1 1 1 1 1 0 1 3 0
1.552406377941846e-05 3 1 1 1 1 1 0 1 3 3
-8.781185434082355e-06 3 1 1 1 1 1 0 3 1 0
2.848119259766574e-06 3 1 1 1 1 1 3 1 0 0
2.6595081775649727e-05 3 1 1 1 1 1 3 1 3 0
4.541515093983657e-06 3 1 1 1 1 1 3 1 3 3
9.091852088447194e-06 3 1 1 1 1 2 0 2 0 0
1.8909996241085427e-06 3 1 1 1 1 2 0 2 0 3
-0.012450964894567833 3 1 1 1 1 2 0 2 3 0
1.552406377941846e-05 3 1 1 1 1 2 0 2 3 3
-8.781185434082355e-06 3 1 1 1 1 2 0 3 2 0
2.848119259766574e-06 3 1 1 1 1 2 3 2 0 0
2.6595081775649727e-05 3 1 1 1 1 2 3 2 3 0
4.541515093983657e-06 3 1 1 1 1 2 3 2 3 3
0.0023738483829813944 3 1 1 1 2 0 1 0 0 2
0.00034249138080423103 3 1 1 1 2 0 1 0 3 2
-3.1202614537057745 3 1 1 1 2 0 1 3 0 2
0.002381592137384398 3 1 1 1 2 0 1 3 3 2
-0.0023738483829813944 3 1 1 1 2 0 2 0 0 1
-0.00034249138080423103 3 1 1 1 2 0 2 0 3 1
3.120261453705775 3 1 1 1 2 0 2 3 0 1
-0.002381592137384398 3 1 1 1 2 0 2 3 3 1
-0.0024415463569347476 3 1 1 1 2 1 0 0 2 0
-0.0003556900836878636 3 1 1 1 2 1 0 0 2 3
2.7679659717189254e-05 3 1 1 1 2 1 0 2 3 0
2.7203562715143916 3 1 1 1 2 1 0 3 2 0
-0.0014326235394888564 3 1 1 1 2 1 0 3 2 3
-0.0003234769888557462 3 1 1 1 2 1 3 0 2 0
-0.002451947139816422 3 1 1 1 2 1 3 3 2 0
-4.2644626599653844e-05 3 1 1 1 2 1 3 3 2 3
0.0024415463569347476 3 1 1 1 2 2 0 0 1 0
0.0003556900836878636 3 1 1 1 2 2 0 0 1 3
-2.7679659717189254e-05 3 1 1 1 2 2 0 1 3 0
-2.720356271514391 3 1 1 1 2 2 0 3 1 0
0.0014326235394888564 3 1 1 1 2 2 0 3 1 3
0.0003234769888557462 3 1 1 1 2 2 3 0 1 0
0.002451947139816422 3 1 1 1 2 2 3 3 1 0
4.2644626599653844e-05 3 1 1 1 2 2 3 3 1 3
-6.723343042214003e-05 3 1 1 1 2 3 1 0 0 2
0.002448483398828713 3 1 1 1 2 3 1 3 0 2
5.57656020762503e-05 3 1 1 1 2 3 1 3 3 2
6.723343042214005e-05 3 1 1 1 2 3 2 0 0 1
-0.002448483398828713 3 1 1 1 2 3 2 3 0 1
-5.57656020762503e-05 3 1 1 1 2 3 2 3 3 1
1.178043130530817e-05 3 1 1 2 1 1 0 0 2 0
2.4501928708762073e-06 3 1 1 2 1 1 0 0 2 3
8.531344897547202e-06 3 1 1 2 1 1 0 2 3 0
-0.01613287756975719 3 1 1 2 1 1 0 3 2 0
2.0114731866903467e-05 3 1 1 2 1 1 0 3 2 3
3.690345263275789e-06 3 1 1 2 1 1 3 0 2 0
3.445959424650112e-05 3 1 1 2 1 1 3 3 2 0
5.884500326911054e-06 3 1 1 2 1 1 3 3 2 3
-1.178043130530817e-05 3 1 1 2 1 2 0 0 1 0
-2.4501928708762073e-06 3 1 1 2 1 2 0 0 1 3
-8.531344897547188e-06 3 1 1 2 1 2 0 1 3 0
0.016132877569757186 3 1 1 2 1 2 0 3 1 0
-2.0114731866903467e-05 3 1 1 2 1 2 0 3 1 3
-3.6903452632757893e-06 3 1 1 2 1 2 3 0 1 0
-3.445959424650112e-05 3 1 1 2 1 2 3 3 1 0
-5.884500326911054e-06 3 1 1 2 1 2 3 3 1 3
0.000956761339177245 3 1 1 2 2 0 1 1 2 2
-0.000629776613541944 3 1 1 2 2 0 1 2 1 2
-0.000326984725635301 3 1 1 2 2 0 1 2 2 1
-0.000326984725635301 3 1 1 2 2 0 2 1 1 2
-0.000629776613541944 3 1 1 2 2 0 2 1 2 1
0.000956761339177245 3 1 1 2 2 0 2 2 1 1
-0.0028321361268382563 3 1 1 2 2 1 0 1 0 0
-0.00041355186172565417 3 1 1 2 2 1 0 1 0 3
3.3480099481029306 3 1 1 2 2 1 0 1 3 0
-0.0017511196875117994 3 1 1 2 2 1 0 1 3 3
-3.586489602783935e-05 3 1 1 2 2 1 0 3 1 0
-0.00037595937452199624 3 1 1 2 2 1 3 1 0 0
-0.003004469148522608 3 1 1 2 2 1 3 1 3 0
-4.4962995378425714e-05 3 1 1 2 2 1 3 1 3 3
-0.0028321361268382563 3 1 1 2 2 2 0 2 0 0
-0.00041355186172565417 3 1 1 2 2 2 0 2 0 3
3.3480099481029306 3 1 1 2 2 2 0 2 3 0
-0.0017511196875117994 3 1 1 2 2 2 0 2 3 3
-3.5864896027839335e-05 3 1 1 2 2 2 0 3 2 0
-0.00037595937452199624 3 1 1 2 2 2 3 2 0 0
-0.003004469148522608 3 1 1 2 2 2 3 2 3 0
-4.49629953784257e-05 3 1 1 2 2 2 3 2 3 3
0.0004087209770110844 3 1 1 2 2 3 1 1 2 2
-0.00035355872128954693 3 1 1 2 2 3 1 2 1 2
-5.516225572153749e-05 3 1 1 2 2 3 1 2 2 1
-5.516225572153749e-05 3 1 1 2 2 3 2 1 1 2
-0.00035355872128954693 3 1 1 2 2 3 2 1 2 1
0.0004087209770110844 3 1 1 2 2 3 2 2 1 1
-3.498790679627951e-05 3 1 1 3 0 0 1 0 1 0
0.00028503996370048595 3 1 1 3 0 0 1 1 0 0
-0.0003508136189209056 3 1 1 3 0 0 1 3 1 0
-2.2927193751212786e-05 3 1 1 3 0 0 1 3 1 3
-3.498790679627951e-05 3 1 1 3 0 0 2 0 2 0
0.00028503996370048595 3 1 1 3 0 0 2 2 0 0
-0.0003508136189209056 3 1 1 3 0 0 2 3 2 0
-2.2927193751212793e-05 3 1 1 3 0 0 2 3 2 3
-7.646430990480117e-05 3 1 1 3 0 1 0 0 0 1
-0.0006154526982573708 3 1 1 3 0 1 0 0 3 1
3.145946210909546e-05 3 1 1 3 0 1 0 1 1 1
-3.1109095150429565e-06 3 1 1 3 0 1 0 1 2 2
3.4570371624138413e-05 3 1 1 3 0 1 0 2 2 1
-1.5135126722002998e-05 3 1 1 3 0 1 0 3 0 1
0.34594359217961523 3 1 1 3 0 1 0 3 3 1
-0.0002159795071147705 3 1 1 3 0 1 3 0 3 1
-6.198191197710374e-05 3 1 1 3 0 1 3 3 0 1
-0.00035601534399778224 3 1 1 3 0 1 3 3 3 1
-7.646430990480117e-05 3 1 1 3 0 2 0 0 0 2
-0.0006154526982573708 3 1 1 3 0 2 0 0 3 2
3.4570371624138413e-05 3 1 1 3 0 2 0 1 1 2
-3.1109095150429565e-06 3 1 1 3 0 2 0 2 1 1
3.145946210909546e-05 3 1 1 3 0 2 0 2 2 2
-1.5135126722002998e-05 3 1 1 3 0 2 0 3 0 2
0.34594359217961523 3 1 1 3 0 2 0 3 3 2
-0.0002159795071147705 3 1 1 3 0 2 3 0 3 2
-6.198191197710374e-05 3 1 1 3 0 2 3 3 0 2
-0.00035601534399778224 3 1 1 3 0 2 3 3 3 2
-0.00011341288699155263 3 1 1 3 0 3 1 3 1 0
-0.00011341288699155265 3 1 1 3 0 3 2 3 2 0
-2.4846533439393893e-05 3 1 1 3 3 0 1 3 1 0
-2.48465334393939e-05 3 1 1 3 3 0 2 3 2 0
0.00034074023460152876 3 1 1 3 3 1 0 0 0 1
-0.11726922005228146 3 1 1 3 3 1 0 0 3 1
3.4955067042057906e-05 3 1 1 3 3 1 0 1 1 1
5.578985501407884e-06 3 1 1 3 3 1 0 1 2 2
2.9376081540650027e-05 3 1 1 3 3 1 0 2 2 1
-0.1428086630349696 3 1 1 3 3 1 0 3 0 1
-1.3833738743740798 3 1 1 3 3 1 0 3 3 1
-8.782752590573801e-05 3 1 1 3 3 1 3 0 0 1
-0.0006550760014593163 3 1 1 3 3 1 3 0 3 1
3.6562685597513664e-05 3 1 1 3 3 1 3 1 1 1
-1.5147115416378911e-06 3 1 1 3 3 1 3 1 2 2
3.8077397139151556e-05 3 1 1 3 3 1 3 2 2 1
3.737876284499137e-05 3 1 1 3 3 1 3 3 0 1
0.316097043448641 3 1 1 3 3 1 3 3 3 1
0.00034074023460152876 3 1 1 3 3 2 0 0 0 2
-0.11726922005228146 3 1 1 3 3 2 0 0 3 2
2.9376081540650027e-05 3 1 1 3 3 2 0 1 1 2
5.578985501407884e-06 3 1 1 3 3 2 0 2 1 1
3.4955067042057906e-05 3 1 1 3 3 2 0 2 2 2
-0.1428086630349696 3 1 1 3 3 2 0 3 0 2
-1.3833738743740798 3 1 1 3 3 2 0 3 3 2
-8.7827525905738e-05 3 1 1 3 3 2 3 0 0 2
-0.0006550760014593162 3 1 1 3 3 2 3 0 3 2
3.8077397139151556e-05 3 1 1 3 3 2 3 1 1 2
-1.5147115416378911e-06 3 1 1 3 3 2 3 2 1 1
3.6562685597513664e-05 3 1 1 3 3 2 3 2 2 2
3.737876284499137e-05 3 1 1 3 3 2 3 3 0 2
0.3160970434486409 3 1 1 3 3 2 3 3 3 2
0.00022588781004542432 3 1 2 0 0 0 1 0 2 0
2.8294329568759243e-05 3 1 2 0 0 0 1 0 2 3
37.92448301574849 3 1 2 0 0 0 1 2 0 0
5.005886177971398 3 1 2 0 0 0 1 2 0 3
4.710750759386813 3 1 2 0 0 0 1 2 3 0
-0.01034985787053313 3 1 2 0 0 0 1 2 3 3
-0.44294179417438423 3 1 2 0 0 0 1 3 2 0
0.0002762027349608742 3 1 2 0 0 0 1 3 2 3
-0.00022588781004542432 3 1 2 0 0 0 2 0 1 0
-2.8294329568759243e-05 3 1 2 0 0 0 2 0 1 3
-37.92448301574849 3 1 2 0 0 0 2 1 0 0
-5.005886177971399 3 1 2 0 0 0 2 1 0 3
-4.710750759386812 3 1 2 0 0 0 2 1 3 0
0.01034985787053313 3 1 2 0 0 0 2 1 3 3
0.44294179417438423 3 1 2 0 0 0 2 3 1 0
-0.0002762027349608742 3 1 2 0 0 0 2 3 1 3
3.847807680360862e-05 3 1 2 0 0 3 1 0 2 0
5.841623871505222 3 1 2 0 0 3 1 2 0 0
-0.012046798928930328 3 1 2 0 0 3 1 2 0 3
-0.012553839369211346 3 1 2 0 0 3 1 2 3 0
-0.0017066411565116184 3 1 2 0 0 3 1 2 3 3
0.0005943317187471697 3 1 2 0 0 3 1 3 2 0
8.289262164630092e-05 3 1 2 0 0 3 1 3 2 3
-3.847807680360862e-05 3 1 2 0 0 3 2 0 1 0
-5.841623871505222 3 1 2 0 0 3 2 1 0 0
0.012046798928930328 3 1 2 0 0 3 2 1 0 3
0.012553839369211346 3 1 2 0 0 3 2 1 3 0
0.0017066411565116184 3 1 2 0 0 3 2 1 3 3
-0.0005943317187471697 3 1 2 0 0 3 2 3 1 0
-8.289262164630092e-05 3 1 2 0 0 3 2 3 1 3
2.7942624871897618e-05 3 1 2 0 3 0 1 0 2 0
4.672632904722314 3 1 2 0 3 0 1 2 0 0
-0.010973587821100729 3 1 2 0 3 0 1 2 0 3
-0.01043079943648065 3 1 2 0 3 0 1 2 3 0
-0.0018838422018145546 3 1 2 0 3 0 1 2 3 3
0.0002373574937183684 3 1 2 0 3 0 1 3 2 0
8.745128127192749e-05 3 1 2 0 3 0 1 3 2 3
-2.7942624871897618e-05 3 1 2 0 3 0 2 0 1 0
-4.672632904722314 3 1 2 0 3 0 2 1 0 0
0.010973587821100729 3 1 2 0 3 0 2 1 0 3
0.01043079943648065 3 1 2 0 3 0 2 1 3 0
0.0018838422018145546 3 1 2 0 3 0 2 1 3 3
-0.0002373574937183684 3 1 2 0 3 0 2 3 1 0
-8.745128127192749e-05 3 1 2 0 3 0 2 3 1 3
-3.787906359629511e-05 3 1 2 0 3 1 0 1 1 2
2.3734792303383952e-06 3 1 2 0 3 1 0 1 2 1
5.011616669179788e-07 3 1 2 0 3 1 0 2 1 1
-3.5004422699038754e-05 3 1 2 0 3 1 0 2 2 2
0.00010747055924138307 3 1 2 0 3 1 0 3 3 2
3.500442269903874e-05 3 1 2 0 3 2 0 1 1 1
-5.011616669179822e-07 3 1 2 0 3 2 0 1 2 2
-2.3734792303383952e-06 3 1 2 0 3 2 0 2 1 2
3.787906359629511e-05 3 1 2 0 3 2 0 2 2 1
-0.00010747055924138307 3 1 2 0 3 2 0 3 3 1
-0.012046798928930328 3 1 2 0 3 3 1 2 0 0
-0.0021225452679778938 3 1 2 0 3 3 1 2 0 3
-0.0017618570086248345 3 1 2 0 3 3 1 2 3 0
8.279032619911007e-05 3 1 2 0 3 3 1 3 2 0
0.012046798928930328 3 1 2 0 3 3 2 1 0 0
0.0021225452679778933 3 1 2 0 3 3 2 1 0 3
0.0017618570086248345 3 1 2 0 3 3 2 1 3 0
-8.279032619911007e-05 3 1 2 0 3 3 2 3 1 0
-9.573786048852708e-06 3 1 2 1 1 1 0 2 3 0
-7.846379406063376e-07 3 1 2 1 1 1 0 3 2 0
9.573786048852694e-06 3 1 2 1 1 2 0 1 3 0
7.846379406063376e-07 3 1 2 1 1 2 0 3 1 0
1.0229544719086216e-07 3 1 2 1 1 3 1 0 0 2
-1.0229544719085019e-07 3 1 2 1 1 3 1 3 3 2
-1.0229544719086216e-07 3 1 2 1 1 3 2 0 0 1
1.0229544719084977e-07 3 1 2 1 1 3 2 3 3 1
-0.000629776613541944 3 1 2 1 2 0 1 1 2 2
0.0009567613391772449 3 1 2 1 2 0 1 2 1 2
-0.00032698472563530087 3 1 2 1 2 0 1 2 2 1
-0.00032698472563530087 3 1 2 1 2 0 2 1 1 2
0.0009567613391772449 3 1 2 1 2 0 2 1 2 1
-0.000629776613541944 3 1 2 1 2 0 2 2 1 1
0.002841227978926703 3 1 2 1 2 1 0 1 0 0
0.00041544286134976264 3 1 2 1 2 1 0 1 0 3
-3.3604615185620914 3 1 2 1 2 1 0 1 3 0
0.0017666437512912179 3 1 2 1 2 1 0 1 3 3
3.4514191435055045e-05 3 1 2 1 2 1 0 3 1 0
0.0003788074937817629 3 1 2 1 2 1 3 1 0 0
0.0030310642302982574 3 1 2 1 2 1 3 1 3 0
4.950451047240939e-05 3 1 2 1 2 1 3 1 3 3
0.002841227978926703 3 1 2 1 2 2 0 2 0 0
0.00041544286134976264 3 1 2 1 2 2 0 2 0 3
-3.3604615185620914 3 1 2 1 2 2 0 2 3 0
0.0017666437512912179 3 1 2 1 2 2 0 2 3 3
3.4514191435055045e-05 3 1 2 1 2 2 0 3 2 0
0.0003788074937817629 3 1 2 1 2 2 3 2 0 0
0.0030310642302982574 3 1 2 1 2 2 3 2 3 0
4.95045104724094e-05 3 1 2 1 2 2 3 2 3 3
-0.00035355872128954693 3 1 2 1 2 3 1 1 2 2
0.0004087745734027632 3 1 2 1 2 3 1 2 1 2
-5.52158521132163e-05 3 1 2 1 2 3 1 2 2 1
-5.52158521132163e-05 3 1 2 1 2 3 2 1 1 2
0.0004087745734027632 3 1 2 1 2 3 2 1 2 1
-0.00035355872128954693 3 1 2 1 2 3 2 2 1 1
-0.000326984725635301 3 1 2 2 1 0 1 1 2 2
-0.00032698472563530087 3 1 2 2 1 0 1 2 1 2
0.0006539694512706018 3 1 2 2 1 0 1 2 2 1
-3.443149783873777e-05 3 1 2 2 1 0 1 3 0 1
0.0006539694512706018 3 1 2 2 1 0 2 1 1 2
-0.00032698472563530087 3 1 2 2 1 0 2 1 2 1
-0.000326984725635301 3 1 2 2 1 0 2 2 1 1
-3.443149783873777e-05 3 1 2 2 1 0 2 3 0 2
6.055645938672012e-07 3 1 2 2 1 1 0 1 3 0
-7.430480841298074e-06 3 1 2 2 1 1 0 3 1 0
6.055645938672012e-07 3 1 2 2 1 2 0 2 3 0
-7.430480841298074e-06 3 1 2 2 1 2 0 3 2 0
-5.516225572153749e-05 3 1 2 2 1 3 1 1 2 2
-5.521585211321631e-05 3 1 2 2 1 3 1 2 1 2
0.0001103781078347538 3 1 2 2 1 3 1 2 2 1
0.0001103781078347538 3 1 2 2 1 3 2 1 1 2
-5.521585211321631e-05 3 1 2 2 1 3 2 1 2 1
-5.516225572153749e-05 3 1 2 2 1 3 2 2 1 1
0.0023738483829813944 3 1 2 2 2 0 1 0 0 2
0.00034249138080423103 3 1 2 2 2 0 1 0 3 2
-3.1202614537057745 3 1 2 2 2 0 1 3 0 2
0.0023815921373843986 3 1 2 2 2 0 1 3 3 2
-0.0023738483829813944 3 1 2 2 2 0 2 0 0 1
-0.00034249138080423103 3 1 2 2 2 0 2 0 3 1
3.120261453705775 3 1 2 2 2 0 2 3 0 1
-0.0023815921373843986 3 1 2 2 2 0 2 3 3 1
-0.00242976592562944 3 1 2 2 2 1 0 0 2 0
-0.00035323989081698727 3 1 2 2 2 1 0 0 2 3
2.663721856588374e-05 3 1 2 2 2 1 0 2 3 0
2.7042226093066932 3 1 2 2 2 1 0 3 2 0
-0.0014125088076219529 3 1 2 2 2 1 0 3 2 3
-0.0003197866435924704 3 1 2 2 2 1 3 0 2 0
-0.00241748754556992 3 1 2 2 2 1 3 3 2 0
-3.6760126272742785e-05 3 1 2 2 2 1 3 3 2 3
0.00242976592562944 3 1 2 2 2 2 0 0 1 0
0.00035323989081698727 3 1 2 2 2 2 0 0 1 3
-2.663721856588374e-05 3 1 2 2 2 2 0 1 3 0
-2.7042226093066932 3 1 2 2 2 2 0 3 1 0
0.0014125088076219529 3 1 2 2 2 2 0 3 1 3
0.0003197866435924704 3 1 2 2 2 2 3 0 1 0
0.00241748754556992 3 1 2 2 2 2 3 3 1 0
3.67601262727428e-05 3 1 2 2 2 2 3 3 1 3
-6.713113497494919e-05 3 1 2 2 2 3 1 0 0 2
0.002448483398828713 3 1 2 2 2 3 1 3 0 2
5.5663306629059456e-05 3 1 2 2 2 3 1 3 3 2
6.713113497494919e-05 3 1 2 2 2 3 2 0 0 1
-0.002448483398828713 3 1 2 2 2 3 2 3 0 1
-5.5663306629059483e-05 3 1 2 2 2 3 2 3 3 1
0.20612446701249584 3 1 2 3 0 0 1 0 2 0
-5.299125411392365e-05 3 1 2 3 0 0 1 0 2 3
4.038879195212387 3 1 2 3 0 0 1 2 0 0
-0.010336096774411253 3 1 2 3 0 0 1 2 0 3
-0.011419188981704784 3 1 2 3 0 0 1 2 3 0
-0.0016763171707880407 3 1 2 3 0 0 1 2 3 3
0.000671216025784322 3 1 2 3 0 0 1 3 2 0
-0.029920423251027565 3 1 2 3 0 0 1 3 2 3
-0.20612446701249584 3 1 2 3 0 0 2 0 1 0
5.299125411392365e-05 3 1 2 3 0 0 2 0 1 3
-4.038879195212387 3 1 2 3 0 0 2 1 0 0
0.010336096774411253 3 1 2 3 0 0 2 1 0 3
0.011419188981704784 3 1 2 3 0 0 2 1 3 0
0.0016763171707880407 3 1 2 3 0 0 2 1 3 3
-0.000671216025784322 3 1 2 3 0 0 2 3 1 0
0.029920423251027565 3 1 2 3 0 0 2 3 1 3
5.0766795131068546e-05 3 1 2 3 0 1 0 3 3 2
-5.0766795131068546e-05 3 1 2 3 0 2 0 3 3 1
0.0005943317187471702 3 1 2 3 0 3 1 0 2 0
8.27903261991101e-05 3 1 2 3 0 3 1 0 2 3
-0.012553839369211343 3 1 2 3 0 3 1 2 0 0
-0.0017618570086248345 3 1 2 3 0 3 1 2 0 3
-0.0017752545804170952 3 1 2 3 0 3 1 2 3 0
-0.4608208211427306 3 1 2 3 0 3 1 3 2 0
0.00024286583399449932 3 1 2 3 0 3 1 3 2 3
-0.0005943317187471702 3 1 2 3 0 3 2 0 1 0
-8.27903261991101e-05 3 1 2 3 0 3 2 0 1 3
0.012553839369211343 3 1 2 3 0 3 2 1 0 0
0.0017618570086248345 3 1 2 3 0 3 2 1 0 3
0.0017752545804170952 3 1 2 3 0 3 2 1 3 0
0.4608208211427306 3 1 2 3 0 3 2 3 1 0
-0.00024286583399449932 3 1 2 3 0 3 2 3 1 3
-9.183649535642944e-05 3 1 2 3 3 0 1 0 2 0
-3.141359209104628e-05 3 1 2 3 3 0 1 0 2 3
-0.009763068889088167 3 1 2 3 3 0 1 2 0 0
-0.0017616859762292752 3 1 2 3 3 0 1 2 0 3
-0.0016274813793053027 3 1 2 3 3 0 1 2 3 0
0.020317261167384897 3 1 2 3 3 0 1 3 2 0
4.935581002285185e-06 3 1 2 3 3 0 1 3 2 3
9.183649535642944e-05 3 1 2 3 3 0 2 0 1 0
3.141359209104628e-05 3 1 2 3 3 0 2 0 1 3
0.009763068889088167 3 1 2 3 3 0 2 1 0 0
0.0017616859762292752 3 1 2 3 3 0 2 1 0 3
0.0016274813793053027 3 1 2 3 3 0 2 1 3 0
-0.020317261167384897 3 1 2 3 3 0 2 3 1 0
-4.935581002285185e-06 3 1 2 3 3 0 2 3 1 3
0.0001638808924286969 3 1 2 3 3 1 0 0 3 2
0.0001369546229446998 3 1 2 3 3 1 0 3 0 2
0.0008124367780251877 3 1 2 3 3 1 0 3 3 2
3.8431849016446325e-05 3 1 2 3 3 1 3 3 3 2
-0.0001638808924286969 3 1 2 3 3 2 0 0 3 1
-0.0001369546229446998 3 1 2 3 3 2 0 3 0 1
-0.0008124367780251877 3 1 2 3 3 2 0 3 3 1
-3.8431849016446325e-05 3 1 2 3 3 2 3 3 3 1
8.289262164630097e-05 3 1 2 3 3 3 1 0 2 0
-0.0017066411565116184 3 1 2 3 3 3 1 2 0 0
0.0002428658339944994 3 1 2 3 3 3 1 3 2 0
9.012976856163318e-05 3 1 2 3 3 3 1 3 2 3
-8.289262164630097e-05 3 1 2 3 3 3 2 0 1 0
0.0017066411565116184 3 1 2 3 3 3 2 1 0 0
-0.0002428658339944994 3 1 2 3 3 3 2 3 1 0
-9.012976856163318e-05 3 1 2 3 3 3 2 3 1 3
0.00025354322428685315 3 1 3 0 1 0 1 0 0 1
0.00025354322428685337 3 1 3 0 1 0 2 0 0 2
3.093915795361098e-05 3 1 3 0 1 1 0 0 1 0
3.093915795361098e-05 3 1 3 0 1 2 0 0 2 0
8.511165418789075 3 1 3 0 2 0 1 0 0 2
-0.028572984870605844 3 1 3 0 2 0 1 0 3 2
-0.00010216466877617351 3 1 3 0 2 0 1 1 1 2
-0.00010216466877617351 3 1 3 0 2 0 1 2 2 2
-0.030330347241232035 3 1 3 0 2 0 1 3 0 2
-0.004211219669986783 3 1 3 0 2 0 1 3 3 2
-8.511165418789073 3 1 3 0 2 0 2 0 0 1
0.028572984870605844 3 1 3 0 2 0 2 0 3 1
0.00010216466877617351 3 1 3 0 2 0 2 1 1 1
0.00010216466877617351 3 1 3 0 2 0 2 2 2 1
0.030330347241232035 3 1 3 0 2 0 2 3 0 1
0.004211219669986783 3 1 3 0 2 0 2 3 3 1
-2.9651090127320097 3 1 3 0 2 1 0 0 2 0
0.01295989607517372 3 1 3 0 2 1 0 0 2 3
-0.0018821744520485827 3 1 3 0 2 1 0 2 0 0
-0.013752562681849316 3 1 3 0 2 1 0 2 3 0
-0.0020211790050833067 3 1 3 0 2 1 0 2 3 3
0.01343517858992468 3 1 3 0 2 1 0 3 2 0
0.001961355086788903 3 1 3 0 2 1 0 3 2 3
0.013054506515341477 3 1 3 0 2 1 3 0 2 0
0.0017338249411860214 3 1 3 0 2 1 3 0 2 3
-0.0018364684056708504 3 1 3 0 2 1 3 2 3 0
0.001778585178577351 3 1 3 0 2 1 3 3 2 0
2.9651090127320097 3 1 3 0 2 2 0 0 1 0
-0.01295989607517372 3 1 3 0 2 2 0 0 1 3
0.0018821744520485827 3 1 3 0 2 2 0 1 0 0
0.013752562681849316 3 1 3 0 2 2 0 1 3 0
0.0020211790050833067 3 1 3 0 2 2 0 1 3 3
-0.01343517858992468 3 1 3 0 2 2 0 3 1 0
-0.001961355086788903 3 1 3 0 2 2 0 3 1 3
-0.013054506515341477 3 1 3 0 2 2 3 0 1 0
-0.0017338249411860212 3 1 3 0 2 2 3 0 1 3
0.0018364684056708504 3 1 3 0 2 2 3 1 3 0
-0.001778585178577351 3 1 3 0 2 2 3 3 1 0
-0.031973941947410794 3 1 3 0 2 3 1 0 0 2
-0.004209052252739073 3 1 3 0 2 3 1 0 3 2
-0.004537430321314271 3 1 3 0 2 3 1 3 0 2
0.031973941947410794 3 1 3 0 2 3 2 0 0 1
0.004209052252739073 3 1 3 0 2 3 2 0 3 1
0.004537430321314271 3 1 3 0 2 3 2 3 0 1
0.0002483984542499418 3 1 3 1 0 0 1 0 1 0
-0.44294179417438484 3 1 3 1 0 0 1 1 0 0
0.0002762027349608744 3 1 3 1 0 0 1 1 0 3
0.00022588781004542465 3 1 3 1 0 0 1 1 3 0
2.8294329568759304e-05 3 1 3 1 0 0 1 1 3 3
0.00024839845424994185 3 1 3 1 0 0 2 0 2 0
-0.44294179417438484 3 1 3 1 0 0 2 2 0 0
0.0002762027349608744 3 1 3 1 0 0 2 2 0 3
0.00022588781004542465 3 1 3 1 0 0 2 2 3 0
2.8294329568759304e-05 3 1 3 1 0 0 2 2 3 3
2.9444843367948314e-05 3 1 3 1 0 1 0 0 0 1
1.5435393121470873e-05 3 1 3 1 0 1 0 0 3 1
3.61259479408095e-05 3 1 3 1 0 1 0 3 3 1
4.697261320601912e-05 3 1 3 1 0 1 3 0 3 1
2.9444843367948314e-05 3 1 3 1 0 2 0 0 0 2
1.5435393121470873e-05 3 1 3 1 0 2 0 0 3 2
3.61259479408095e-05 3 1 3 1 0 2 0 3 3 2
4.697261320601912e-05 3 1 3 1 0 2 3 0 3 2
0.0005943317187471699 3 1 3 1 0 3 1 1 0 0
8.289262164630096e-05 3 1 3 1 0 3 1 1 0 3
3.847807680360862e-05 3 1 3 1 0 3 1 1 3 0
0.0005943317187471699 3 1 3 1 0 3 2 2 0 0
8.289262164630096e-05 3 1 3 1 0 3 2 2 0 3
3.847807680360863e-05 3 1 3 1 0 3 2 2 3 0
0.00023735749371836857 3 1 3 1 3 0 1 1 0 0
8.745128127192754e-05 3 1 3 1 3 0 1 1 0 3
2.794262487189767e-05 3 1 3 1 3 0 1 1 3 0
0.00023735749371836857 3 1 3 1 3 0 2 2 0 0
8.745128127192754e-05 3 1 3 1 3 0 2 2 0 3
2.794262487189767e-05 3 1 3 1 3 0 2 2 3 0
-0.0002888382905931571 3 1 3 1 3 1 0 0 0 1
0.12334864150781132 3 1 3 1 3 1 0 0 3 1
-3.688535746602804e-05 3 1 3 1 3 1 0 3 0 1
-0.0002970677270347727 3 1 3 1 3 1 0 3 3 1
3.40685949179392e-05 3 1 3 1 3 1 3 0 0 1
-4.9182435452659836e-05 3 1 3 1 3 1 3 0 3 1
3.776043584921493e-05 3 1 3 1 3 1 3 3 3 1
-0.0002888382905931571 3 1 3 1 3 2 0 0 0 2
0.12334864150781133 3 1 3 1 3 2 0 0 3 2
-3.688535746602804e-05 3 1 3 1 3 2 0 3 0 2
-0.0002970677270347727 3 1 3 1 3 2 0 3 3 2
3.40685949179392e-05 3 1 3 1 3 2 3 0 0 2
-4.9182435452659836e-05 3 1 3 1 3 2 3 0 3 2
3.776043584921493e-05 3 1 3 1 3 2 3 3 3 2
8.279032619911011e-05 3 1 3 1 3 3 1 1 0 0
8.279032619911011e-05 3 1 3 1 3 3 2 2 0 0
3.8068055052933896 3 1 3 2 0 0 1 0 2 0
-0.010191383882760174 3 1 3 2 0 0 1 0 2 3
-6.993492430333863e-05 3 1 3 2 0 0 1 2 0 0
-0.011300837951672329 3 1 3 2 0 0 1 3 2 0
-0.001661492718561659 3 1 3 2 0 0 1 3 2 3
-3.8068055052933896 3 1 3 2 0 0 2 0 1 0
0.010191383882760174 3 1 3 2 0 0 2 0 1 3
6.993492430333865e-05 3 1 3 2 0 0 2 1 0 0
0.011300837951672329 3 1 3 2 0 0 2 3 1 0
0.001661492718561659 3 1 3 2 0 0 2 3 1 3
2.4917913821289115e-05 3 1 3 2 0 1 0 1 2 1
-2.894875984501183e-05 3 1 3 2 0 1 0 2 1 1
-4.0308460237227175e-06 3 1 3 2 0 1 0 2 2 2
4.0308460237227175e-06 3 1 3 2 0 2 0 1 1 1
2.894875984501183e-05 3 1 3 2 0 2 0 1 2 2
-2.4917913821289115e-05 3 1 3 2 0 2 0 2 1 2
-0.012242446863876306 3 1 3 2 0 3 1 0 2 0
-0.0017184264793193445 3 1 3 2 0 3 1 0 2 3
-0.0017550944840291627 3 1 3 2 0 3 1 3 2 0
0.012242446863876306 3 1 3 2 0 3 2 0 1 0
0.0017184264793193445 3 1 3 2 0 3 2 0 1 3
0.0017550944840291627 3 1 3 2 0 3 2 3 1 0
-0.00963870846493848 3 1 3 2 3 0 1 0 2 0
-0.0017158669954967169 3 1 3 2 3 0 1 0 2 3
-0.0016128411982581957 3 1 3 2 3 0 1 3 2 0
0.00963870846493848 3 1 3 2 3 0 2 0 1 0
0.0017158669954967169 3 1 3 2 3 0 2 0 1 3
0.0016128411982581957 3 1 3 2 3 0 2 3 1 0
-8.294317951203398e-05 3 1 3 2 3 1 0 0 3 2
3.3066549664698114e-05 3 1 3 2 3 1 0 1 2 1
-2.5837785402666396e-05 3 1 3 2 3 1 0 2 1 1
7.228764262031711e-06 3 1 3 2 3 1 0 2 2 2
3.0305351866117388e-05 3 1 3 2 3 1 3 1 2 1
-3.226798336188225e-05 3 1 3 2 3 1 3 2 1 1
-1.962631495764859e-06 3 1 3 2 3 1 3 2 2 2
8.294317951203398e-05 3 1 3 2 3 2 0 0 3 1
-7.228764262031711e-06 3 1 3 2 3 2 0 1 1 1
2.5837785402666396e-05 3 1 3 2 3 2 0 1 2 2
-3.3066549664698114e-05 3 1 3 2 3 2 0 2 1 2
1.962631495764859e-06 3 1 3 2 3 2 3 1 1 1
3.226798336188225e-05 3 1 3 2 3 2 3 1 2 2
-3.0305351866117388e-05 3 1 3 2 3 2 3 2 1 2
-0.0016632642235978074 3 1 3 2 3 3 1 0 2 0
0.0016632642235978074 3 1 3 2 3 3 2 0 1 0
-3.455223218479337e-05 3 1 3 3 1 1 0 1 3 0
-3.455223218479337e-05 3 1 3 3 1 2 0 2 3 0
-0.025458439239859416 3 1 3 3 2 0 1 0 0 2
-0.003706164359519226 3 1 3 3 2 0 1 0 3 2
-0.0003824585630408928 3 1 3 3 2 0 1 1 1 2
-0.0003824585630408928 3 1 3 3 2 0 1 2 2 2
-0.00375969223151973 3 1 3 3 2 0 1 3 0 2
0.025458439239859416 3 1 3 3 2 0 2 0 0 1
0.003706164359519226 3 1 3 3 2 0 2 0 3 1
0.0003824585630408928 3 1 3 3 2 0 2 1 1 1
0.0003824585630408928 3 1 3 3 2 0 2 2 2 1
0.00375969223151973 3 1 3 3 2 0 2 3 0 1
0.010613895408407738 3 1 3 3 2 1 0 0 2 0
0.0015598970939385013 3 1 3 3 2 1 0 0 2 3
-0.016189557371740788 3 1 3 3 2 1 0 2 0 0
-0.0023703880498765714 3 1 3 3 2 1 0 2 0 3
3.230738622532142 3 1 3 3 2 1 0 2 3 0
-0.016470298970093084 3 1 3 3 2 1 0 2 3 3
0.001452616740353913 3 1 3 3 2 1 0 3 2 0
0.0014173419187073727 3 1 3 3 2 1 3 0 2 0
-0.002154292417767556 3 1 3 3 2 1 3 2 0 0
-0.016392204516511168 3 1 3 3 2 1 3 2 3 0
-0.00223047226287305 3 1 3 3 2 1 3 2 3 3
-0.010613895408407738 3 1 3 3 2 2 0 0 1 0
-0.0015598970939385013 3 1 3 3 2 2 0 0 1 3
0.016189557371740788 3 1 3 3 2 2 0 1 0 0
0.0023703880498765714 3 1 3 3 2 2 0 1 0 3
-3.230738622532142 3 1 3 3 2 2 0 1 3 0
0.016470298970093084 3 1 3 3 2 2 0 1 3 3
-0.001452616740353913 3 1 3 3 2 2 0 3 1 0
-0.0014173419187073727 3 1 3 3 2 2 3 0 1 0
0.002154292417767556 3 1 3 3 2 2 3 1 0 0
0.016392204516511168 3 1 3 3 2 2 3 1 3 0
0.00223047226287305 3 1 3 3 2 2 3 1 3 3
-0.0038554935314495256 3 1 3 3 2 3 1 0 0 2
-6.713113497494919e-05 3 1 3 3 2 3 1 1 1 2
-1.0229544719086243e-07 3 1 3 3 2 3 1 1 2 1
-6.723343042214004e-05 3 1 3 3 2 3 1 2 2 2
0.0038554935314495256 3 1 3 3 2 3 2 0 0 1
6.723343042214004e-05 3 1 3 3 2 3 2 1 1 1
1.0229544719086243e-07 3 1 3 3 2 3 2 2 1 2
6.713113497494919e-05 3 1 3 3 2 3 2 2 2 1
-108.67237206835578 3 2 0 0 1 0 1 0 0 2
-13.499347816659716 3 2 0 0 1 0 1 0 3 2
0.0003747148086378889 3 2 0 0 1 0 1 1 1 2
0.0003747148086378889 3 2 0 0 1 0 1 2 2 2
-13.80849611229707 3 2 0 0 1 0 1 3 0 2
0.031872109058457 3 2 0 0 1 0 1 3 3 2
108.67237206835578 3 2 0 0 1 0 2 0 0 1
13.499347816659716 3 2 0 0 1 0 2 0 3 1
-0.0003747148086378889 3 2 0 0 1 0 2 1 1 1
-0.0003747148086378889 3 2 0 0 1 0 2 2 2 1
13.808496112297068 3 2 0 0 1 0 2 3 0 1
-0.031872109058457 3 2 0 0 1 0 2 3 3 1
52.662302654829205 3 2 0 0 1 1 0 0 2 0
6.910147943040085 3 2 0 0 1 1 0 0 2 3
0.018648005872501858 3 2 0 0 1 1 0 2 0 0
0.002723958010260277 3 2 0 0 1 1 0 2 0 3
-5.475767948926874 3 2 0 0 1 1 0 2 3 0
0.017648746142162452 3 2 0 0 1 1 0 2 3 3
6.320899705503222 3 2 0 0 1 1 0 3 2 0
-0.014260816282545854 3 2 0 0 1 1 0 3 2 3
6.083044935911871 3 2 0 0 1 1 3 0 2 0
-0.011533656505915466 3 2 0 0 1 1 3 0 2 3
0.0024718848283031467 3 2 0 0 1 1 3 2 0 0
0.018390336625058026 3 2 0 0 1 1 3 2 3 0
0.0022680385978546703 3 2 0 0 1 1 3 2 3 3
-0.015598829860874396 3 2 0 0 1 1 3 3 2 0
-0.0016686428082527873 3 2 0 0 1 1 3 3 2 3
-52.66230265482921 3 2 0 0 1 2 0 0 1 0
-6.910147943040086 3 2 0 0 1 2 0 0 1 3
-0.018648005872501858 3 2 0 0 1 2 0 1 0 0
-0.002723958010260277 3 2 0 0 1 2 0 1 0 3
5.475767948926874 3 2 0 0 1 2 0 1 3 0
-0.017648746142162452 3 2 0 0 1 2 0 1 3 3
-6.320899705503223 3 2 0 0 1 2 0 3 1 0
0.014260816282545854 3 2 0 0 1 2 0 3 1 3
-6.083044935911872 3 2 0 0 1 2 3 0 1 0
0.011533656505915466 3 2 0 0 1 2 3 0 1 3
-0.0024718848283031467 3 2 0 0 1 2 3 1 0 0
-0.018390336625058026 3 2 0 0 1 2 3 1 3 0
-0.0022680385978546703 3 2 0 0 1 2 3 1 3 3
0.015598829860874396 3 2 0 0 1 2 3 3 1 0
0.0016686428082527873 3 2 0 0 1 2 3 3 1 3
-14.872024384076576 3 2 0 0 1 3 1 0 0 2
0.033256793519660204 3 2 0 0 1 3 1 0 3 2
-5.5663306629059456e-05 3 2 0 0 1 3 1 1 1 2
-1.0229544719085043e-07 3 2 0 0 1 3 1 1 2 1
-5.57656020762503e-05 3 2 0 0 1 3 1 2 2 2
0.031973941947410794 3 2 0 0 1 3 1 3 0 2
0.0038554935314495265 3 2 0 0 1 3 1 3 3 2
14.872024384076576 3 2 0 0 1 3 2 0 0 1
-0.033256793519660204 3 2 0 0 1 3 2 0 3 1
5.57656020762503e-05 3 2 0 0 1 3 2 1 1 1
1.0229544719085043e-07 3 2 0 0 1 3 2 2 1 2
5.5663306629059456e-05 3 2 0 0 1 3 2 2 2 1
-0.031973941947410794 3 2 0 0 1 3 2 3 0 1
-0.0038554935314495265 3 2 0 0 1 3 2 3 3 1
0.0020553723306405373 3 2 0 0 2 0 1 0 0 1
0.0003168487303434074 3 2 0 0 2 0 1 0 3 1
0.0003216694234201671 3 2 0 0 2 0 1 3 0 1
0.0020553723306405373 3 2 0 0 2 0 2 0 0 2
0.0003168487303434074 3 2 0 0 2 0 2 0 3 2
0.00032166942342016624 3 2 0 0 2 0 2 3 0 2
0.00033543984837227286 3 2 0 0 2 1 0 0 1 0
5.075284770322309e-05 3 2 0 0 2 1 0 0 1 3
-4.3711964383352976e-05 3 2 0 0 2 1 0 1 3 0
3.9659479409162136e-05 3 2 0 0 2 1 0 3 1 0
3.0271054911165792e-05 3 2 0 0 2 1 3 0 1 0
0.0003354398483722737 3 2 0 0 2 2 0 0 2 0
5.0752847703222875e-05 3 2 0 0 2 2 0 0 2 3
-4.3711964383352976e-05 3 2 0 0 2 2 0 2 3 0
3.9659479409162136e-05 3 2 0 0 2 2 0 3 2 0
3.0271054911165792e-05 3 2 0 0 2 2 3 0 2 0
0.0003906747938706263 3 2 0 0 2 3 1 0 0 1
0.0003906747938706263 3 2 0 0 2 3 2 0 0 2
-37.92483469080348 3 2 0 1 0 0 1 0 2 0
-4.990209754750266 3 2 0 1 0 0 1 0 2 3
0.00035081361892090574 3 2 0 1 0 0 1 2 0 0
2.2927193751212752e-05 3 2 0 1 0 0 1 2 0 3
3.4987906796279445e-05 3 2 0 1 0 0 1 2 3 0
-4.81874703851721 3 2 0 1 0 0 1 3 2 0
0.01037762196061764 3 2 0 1 0 0 1 3 2 3
37.924834690803486 3 2 0 1 0 0 2 0 1 0
4.990209754750266 3 2 0 1 0 0 2 0 1 3
-0.00035081361892090574 3 2 0 1 0 0 2 1 0 0
-2.2927193751212766e-05 3 2 0 1 0 0 2 1 0 3
-3.498790679627945e-05 3 2 0 1 0 0 2 1 3 0
4.818747038517209 3 2 0 1 0 0 2 3 1 0
-0.01037762196061764 3 2 0 1 0 0 2 3 1 3
3.9180585190306234e-05 3 2 0 1 0 1 0 0 3 2
-1.5250018449738409e-05 3 2 0 1 0 1 0 1 2 1
0.0005985793552973792 3 2 0 1 0 1 0 2 1 1
0.0005833293368476409 3 2 0 1 0 1 0 2 2 2
-7.00338486789377e-06 3 2 0 1 0 1 3 1 2 1
0.0001497198638720602 3 2 0 1 0 1 3 2 1 1
0.00014271647900416647 3 2 0 1 0 1 3 2 2 2
-3.918058519030625e-05 3 2 0 1 0 2 0 0 3 1
-0.0005833293368476409 3 2 0 1 0 2 0 1 1 1
-0.0005985793552973792 3 2 0 1 0 2 0 1 2 2
1.5250018449738409e-05 3 2 0 1 0 2 0 2 1 2
-0.00014271647900416647 3 2 0 1 0 2 3 1 1 1
-0.0001497198638720602 3 2 0 1 0 2 3 1 2 2
7.00338486789377e-06 3 2 0 1 0 2 3 2 1 2
-5.600182693994672 3 2 0 1 0 3 1 0 2 0
0.011919552480318677 3 2 0 1 0 3 1 0 2 3
0.00011341288699155265 3 2 0 1 0 3 1 2 0 0
0.012242446863876308 3 2 0 1 0 3 1 3 2 0
0.0016632642235978072 3 2 0 1 0 3 1 3 2 3
5.600182693994672 3 2 0 1 0 3 2 0 1 0
-0.011919552480318677 3 2 0 1 0 3 2 0 1 3
-0.00011341288699155265 3 2 0 1 0 3 2 1 0 0
-0.012242446863876308 3 2 0 1 0 3 2 3 1 0
-0.0016632642235978076 3 2 0 1 0 3 2 3 1 3
-4.683277873948912 3 2 0 1 3 0 1 0 2 0
0.010971001886537398 3 2 0 1 3 0 1 0 2 3
2.4846533439393866e-05 3 2 0 1 3 0 1 2 0 0
0.010478915994066546 3 2 0 1 3 0 1 3 2 0
0.0019003009517588165 3 2 0 1 3 0 1 3 2 3
4.683277873948912 3 2 0 1 3 0 2 0 1 0
-0.010971001886537398 3 2 0 1 3 0 2 0 1 3
-2.4846533439393866e-05 3 2 0 1 3 0 2 1 0 0
-0.010478915994066546 3 2 0 1 3 0 2 3 1 0
-0.0019003009517588165 3 2 0 1 3 0 2 3 1 3
0.00011327565647573937 3 2 0 1 3 1 0 0 0 2
0.0006270190645474338 3 2 0 1 3 1 0 0 3 2
-1.4586883346164123e-06 3 2 0 1 3 1 0 1 1 2
0.033150412962927006 3 2 0 1 3 1 0 1 2 1
-0.02310061961734385 3 2 0 1 3 1 0 2 1 1
0.01004833465724853 3 2 0 1 3 1 0 2 2 2
0.00011890192156372306 3 2 0 1 3 1 0 3 3 2
2.9660771977476007e-05 3 2 0 1 3 1 3 0 3 2
-6.0807154337849096e-05 3 2 0 1 3 1 3 1 2 1
0.0006570240713985515 3 2 0 1 3 1 3 2 1 1
0.0005962169170607023 3 2 0 1 3 1 3 2 2 2
-0.00011327565647573937 3 2 0 1 3 2 0 0 0 1
-0.0006270190645474341 3 2 0 1 3 2 0 0 3 1
-0.010048334657248527 3 2 0 1 3 2 0 1 1 1
0.02310061961734385 3 2 0 1 3 2 0 1 2 2
-0.033150412962927006 3 2 0 1 3 2 0 2 1 2
1.4586883346164089e-06 3 2 0 1 3 2 0 2 2 1
-0.00011890192156372306 3 2 0 1 3 2 0 3 3 1
-2.9660771977476014e-05 3 2 0 1 3 2 3 0 3 1
-0.0005962169170607023 3 2 0 1 3 2 3 1 1 1
-0.0006570240713985515 3 2 0 1 3 2 3 1 2 2
6.0807154337849096e-05 3 2 0 1 3 2 3 2 1 2
0.011919552480318679 3 2 0 1 3 3 1 0 2 0
0.002075322928075127 3 2 0 1 3 3 1 0 2 3
0.0017184264793193445 3 2 0 1 3 3 1 3 2 0
-0.011919552480318679 3 2 0 1 3 3 2 0 1 0
-0.0020753229280751264 3 2 0 1 3 3 2 0 1 3
-0.0017184264793193445 3 2 0 1 3 3 2 3 1 0
0.0024187783933547744 3 2 0 2 0 0 1 0 1 0
0.00029565520658875855 3 2 0 2 0 0 1 0 1 3
0.0006712160257843226 3 2 0 2 0 0 1 1 0 0
-0.029920423251027586 3 2 0 2 0 0 1 1 0 3
0.20612446701249568 3 2 0 2 0 0 1 1 3 0
-5.2991254113923576e-05 3 2 0 2 0 0 1 1 3 3
0.0003079935433996717 3 2 0 2 0 0 1 3 1 0
0.0024187783933547744 3 2 0 2 0 0 2 0 2 0
0.00029565520658875844 3 2 0 2 0 0 2 0 2 3
0.0006712160257843226 3 2 0 2 0 0 2 2 0 0
-0.02992042325102759 3 2 0 2 0 0 2 2 0 3
0.20612446701249568 3 2 0 2 0 0 2 2 3 0
-5.2991254113923576e-05 3 2 0 2 0 0 2 2 3 3
0.0003079935433996717 3 2 0 2 0 0 2 3 2 0
0.0004696329585328789 3 2 0 2 0 1 0 0 0 1
-0.26699090122667635 3 2 0 2 0 1 0 0 3 1
5.901330585293523e-05 3 2 0 2 0 1 0 3 0 1
1.703948026864349e-05 3 2 0 2 0 1 0 3 3 1
0.00016560681351691697 3 2 0 2 0 1 3 0 0 1
0.00027476403579442866 3 2 0 2 0 1 3 0 3 1
4.891708999580794e-05 3 2 0 2 0 1 3 3 3 1
0.0004696329585328789 3 2 0 2 0 2 0 0 0 2
-0.26699090122667635 3 2 0 2 0 2 0 0 3 2
5.901330585293523e-05 3 2 0 2 0 2 0 3 0 2
1.703948026864349e-05 3 2 0 2 0 2 0 3 3 2
0.00016560681351691697 3 2 0 2 0 2 3 0 0 2
0.00027476403579442866 3 2 0 2 0 2 3 0 3 2
4.891708999580795e-05 3 2 0 2 0 2 3 3 3 2
0.00040842262161462466 3 2 0 2 0 3 1 0 1 0
-0.4608208211427306 3 2 0 2 0 3 1 1 0 0
0.00024286583399449934 3 2 0 2 0 3 1 1 0 3
0.0005943317187471699 3 2 0 2 0 3 1 1 3 0
8.279032619911007e-05 3 2 0 2 0 3 1 1 3 3
0.00040842262161462466 3 2 0 2 0 3 2 0 2 0
-0.4608208211427306 3 2 0 2 0 3 2 2 0 0
0.00024286583399449934 3 2 0 2 0 3 2 2 0 3
0.0005943317187471699 3 2 0 2 0 3 2 2 3 0
8.279032619911007e-05 3 2 0 2 0 3 2 2 3 3
0.00028301379859667586 3 2 0 2 3 0 1 0 1 0
0.020317261167384963 3 2 0 2 3 0 1 1 0 0
4.935581002285166e-06 3 2 0 2 3 0 1 1 0 3
-9.183649535642941e-05 3 2 0 2 3 0 1 1 3 0
-3.141359209104625e-05 3 2 0 2 3 0 1 1 3 3
0.00028301379859667586 3 2 0 2 3 0 2 0 2 0
0.020317261167384967 3 2 0 2 3 0 2 2 0 0
4.935581002285166e-06 3 2 0 2 3 0 2 2 0 3
-9.183649535642941e-05 3 2 0 2 3 0 2 2 3 0
-3.141359209104625e-05 3 2 0 2 3 0 2 2 3 3
0.10268525315594727 3 2 0 2 3 1 0 0 0 1
1.0676545130536925 3 2 0 2 3 1 0 0 3 1
6.493617067838924e-07 3 2 0 2 3 1 0 1 1 1
3.197224936892829e-05 3 2 0 2 3 1 0 1 2 2
-2.824753967412491e-05 3 2 0 2 3 1 0 2 1 2
-3.0753479880194936e-06 3 2 0 2 3 1 0 2 2 1
-0.0002629750756395464 3 2 0 2 3 1 0 3 0 1
0.09803656960450503 3 2 0 2 3 1 0 3 3 1
0.0004955079401228408 3 2 0 2 3 1 3 0 0 1
-0.24395605645911841 3 2 0 2 3 1 3 0 3 1
6.77831612556863e-05 3 2 0 2 3 1 3 3 0 1
-1.878414424677426e-05 3 2 0 2 3 1 3 3 3 1
0.10268525315594729 3 2 0 2 3 2 0 0 0 2
1.0676545130536925 3 2 0 2 3 2 0 0 3 2
-3.0753479880194936e-06 3 2 0 2 3 2 0 1 1 2
-2.8247539674124903e-05 3 2 0 2 3 2 0 1 2 1
3.197224936892829e-05 3 2 0 2 3 2 0 2 1 1
6.493617067838924e-07 3 2 0 2 3 2 0 2 2 2
-0.0002629750756395464 3 2 0 2 3 2 0 3 0 2
0.09803656960450503 3 2 0 2 3 2 0 3 3 2
0.0004955079401228406 3 2 0 2 3 2 3 0 0 2
-0.24395605645911841 3 2 0 2 3 2 3 0 3 2
6.77831612556863e-05 3 2 0 2 3 2 3 3 0 2
-1.878414424677426e-05 3 2 0 2 3 2 3 3 3 2
0.00024286583399449932 3 2 0 2 3 3 1 1 0 0
9.012976856163318e-05 3 2 0 2 3 3 1 1 0 3
8.289262164630092e-05 3 2 0 2 3 3 1 1 3 0
0.00024286583399449932 3 2 0 2 3 3 2 2 0 0
9.012976856163318e-05 3 2 0 2 3 3 2 2 0 3
8.289262164630092e-05 3 2 0 2 3 3 2 2 3 0
-10.145986514015027 3 2 0 3 1 0 1 0 0 2
0.03137776771800959 3 2 0 3 1 0 1 0 3 2
-0.5900483625841131 3 2 0 3 1 0 1 1 1 2
-0.5900483625841131 3 2 0 3 1 0 1 2 2 2
0.030017116654794458 3 2 0 3 1 0 1 3 0 2
0.0043906636501080095 3 2 0 3 1 0 1 3 3 2
10.145986514015025 3 2 0 3 1 0 2 0 0 1
-0.03137776771800959 3 2 0 3 1 0 2 0 3 1
0.5900483625841131 3 2 0 3 1 0 2 1 1 1
0.5900483625841131 3 2 0 3 1 0 2 2 2 1
-0.030017116654794458 3 2 0 3 1 0 2 3 0 1
-0.0043906636501080095 3 2 0 3 1 0 2 3 3 1
3.754362278538208 3 2 0 3 1 1 0 0 2 0
-0.013372358111471354 3 2 0 3 1 1 0 0 2 3
-8.190072170558215 3 2 0 3 1 1 0 2 0 0
0.01847792561293676 3 2 0 3 1 1 0 2 0 3
-68.23523224633952 3 2 0 3 1 1 0 2 3 0
-8.953568795508543 3 2 0 3 1 1 0 2 3 3
-0.013451610520747406 3 2 0 3 1 1 0 3 2 0
-0.001970338046149112 3 2 0 3 1 1 0 3 2 3
-0.01378981786665151 3 2 0 3 1 1 3 0 2 0
-0.0017380169892177268 3 2 0 3 1 1 3 0 2 3
0.020211607253567243 3 2 0 3 1 1 3 2 0 0
0.002162082245123246 3 2 0 3 1 1 3 2 0 3
-7.881880644062624 3 2 0 3 1 1 3 2 3 0
0.014944309129226375 3 2 0 3 1 1 3 2 3 3
-0.0017917865816877315 3 2 0 3 1 1 3 3 2 0
-3.7543622785382085 3 2 0 3 1 2 0 0 1 0
0.013372358111471354 3 2 0 3 1 2 0 0 1 3
8.190072170558217 3 2 0 3 1 2 0 1 0 0
-0.01847792561293676 3 2 0 3 1 2 0 1 0 3
68.23523224633952 3 2 0 3 1 2 0 1 3 0
8.953568795508543 3 2 0 3 1 2 0 1 3 3
0.013451610520747406 3 2 0 3 1 2 0 3 1 0
0.001970338046149112 3 2 0 3 1 2 0 3 1 3
0.01378981786665151 3 2 0 3 1 2 3 0 1 0
0.0017380169892177268 3 2 0 3 1 2 3 0 1 3
-0.020211607253567243 3 2 0 3 1 2 3 1 0 0
-0.002162082245123246 3 2 0 3 1 2 3 1 0 3
7.881880644062625 3 2 0 3 1 2 3 1 3 0
-0.014944309129226375 3 2 0 3 1 2 3 1 3 3
0.0017917865816877315 3 2 0 3 1 2 3 3 1 0
0.0332567935196602 3 2 0 3 1 3 1 0 0 2
0.00453142189927193 3 2 0 3 1 3 1 0 3 2
-0.002448483398828714 3 2 0 3 1 3 1 1 1 2
-0.002448483398828714 3 2 0 3 1 3 1 2 2 2
0.004209052252739072 3 2 0 3 1 3 1 3 0 2
-0.0332567935196602 3 2 0 3 1 3 2 0 0 1
-0.00453142189927193 3 2 0 3 1 3 2 0 3 1
0.002448483398828714 3 2 0 3 1 3 2 1 1 1
0.002448483398828714 3 2 0 3 1 3 2 2 2 1
-0.004209052252739072 3 2 0 3 1 3 2 3 0 1
0.000271583167362823 3 2 0 3 2 0 1 0 0 1
9.200898392781795e-06 3 2 0 3 2 0 1 1 1 1
9.200898392781812e-06 3 2 0 3 2 0 1 2 2 1
0.000271583167362823 3 2 0 3 2 0 2 0 0 2
9.200898392781812e-06 3 2 0 3 2 0 2 1 1 2
9.200898392781795e-06 3 2 0 3 2 0 2 2 2 2
2.9463256913670597e-05 3 2 0 3 2 1 0 0 1 0
-5.1387304615039886e-05 3 2 0 3 2 1 0 1 0 0
-0.00043463378554451314 3 2 0 3 2 1 0 1 3 0
-6.57611265669762e-05 3 2 0 3 2 1 0 1 3 3
-3.922260057148696e-05 3 2 0 3 2 1 3 1 3 0
2.9463256913670597e-05 3 2 0 3 2 2 0 0 2 0
-5.1387304615039886e-05 3 2 0 3 2 2 0 2 0 0
-0.00043463378554451314 3 2 0 3 2 2 0 2 3 0
-6.576112656697577e-05 3 2 0 3 2 2 0 2 3 3
-3.922260057148696e-05 3 2 0 3 2 2 3 2 3 0
-0.00022588781004542432 3 2 1 0 0 0 1 0 2 0
-2.8294329568759243e-05 3 2 1 0 0 0 1 0 2 3
-37.92448301574849 3 2 1 0 0 0 1 2 0 0
-5.005886177971397 3 2 1 0 0 0 1 2 0 3
-4.710750759386812 3 2 1 0 0 0 1 2 3 0
0.01034985787053313 3 2 1 0 0 0 1 2 3 3
0.4429417941743843 3 2 1 0 0 0 1 3 2 0
-0.0002762027349608742 3 2 1 0 0 0 1 3 2 3
0.00022588781004542432 3 2 1 0 0 0 2 0 1 0
2.8294329568759243e-05 3 2 1 0 0 0 2 0 1 3
37.9244830157485 3 2 1 0 0 0 2 1 0 0
5.005886177971398 3 2 1 0 0 0 2 1 0 3
4.710750759386811 3 2 1 0 0 0 2 1 3 0
-0.01034985787053313 3 2 1 0 0 0 2 1 3 3
-0.4429417941743843 3 2 1 0 0 0 2 3 1 0
0.0002762027349608742 3 2 1 0 0 0 2 3 1 3
-3.847807680360863e-05 3 2 1 0 0 3 1 0 2 0
-5.841623871505221 3 2 1 0 0 3 1 2 0 0
0.012046798928930328 3 2 1 0 0 3 1 2 0 3
0.012553839369211346 3 2 1 0 0 3 1 2 3 0
0.0017066411565116184 3 2 1 0 0 3 1 2 3 3
-0.0005943317187471697 3 2 1 0 0 3 1 3 2 0
-8.289262164630092e-05 3 2 1 0 0 3 1 3 2 3
3.847807680360862e-05 3 2 1 0 0 3 2 0 1 0
5.841623871505221 3 2 1 0 0 3 2 1 0 0
-0.012046798928930328 3 2 1 0 0 3 2 1 0 3
-0.012553839369211346 3 2 1 0 0 3 2 1 3 0
-0.0017066411565116184 3 2 1 0 0 3 2 1 3 3
0.0005943317187471697 3 2 1 0 0 3 2 3 1 0
8.289262164630092e-05 3 2 1 0 0 3 2 3 1 3
-2.7942624871897618e-05 3 2 1 0 3 0 1 0 2 0
-4.672632904722314 3 2 1 0 3 0 1 2 0 0
0.010973587821100729 3 2 1 0 3 0 1 2 0 3
0.01043079943648065 3 2 1 0 3 0 1 2 3 0
0.0018838422018145546 3 2 1 0 3 0 1 2 3 3
-0.0002373574937183684 3 2 1 0 3 0 1 3 2 0
-8.745128127192749e-05 3 2 1 0 3 0 1 3 2 3
2.7942624871897618e-05 3 2 1 0 3 0 2 0 1 0
4.672632904722314 3 2 1 0 3 0 2 1 0 0
-0.010973587821100729 3 2 1 0 3 0 2 1 0 3
-0.01043079943648065 3 2 1 0 3 0 2 1 3 0
-0.0018838422018145546 3 2 1 0 3 0 2 1 3 3
0.0002373574937183684 3 2 1 0 3 0 2 3 1 0
8.745128127192749e-05 3 2 1 0 3 0 2 3 1 3
3.7879063596295115e-05 3 2 1 0 3 1 0 1 1 2
-2.3734792303383986e-06 3 2 1 0 3 1 0 1 2 1
-5.011616669179822e-07 3 2 1 0 3 1 0 2 1 1
3.500442269903875e-05 3 2 1 0 3 1 0 2 2 2
-0.0001074705592413831 3 2 1 0 3 1 0 3 3 2
-3.500442269903875e-05 3 2 1 0 3 2 0 1 1 1
5.011616669179822e-07 3 2 1 0 3 2 0 1 2 2
2.3734792303383986e-06 3 2 1 0 3 2 0 2 1 2
-3.7879063596295115e-05 3 2 1 0 3 2 0 2 2 1
0.0001074705592413831 3 2 1 0 3 2 0 3 3 1
0.012046798928930328 3 2 1 0 3 3 1 2 0 0
0.0021225452679778933 3 2 1 0 3 3 1 2 0 3
0.0017618570086248345 3 2 1 0 3 3 1 2 3 0
-8.279032619911005e-05 3 2 1 0 3 3 1 3 2 0
-0.012046798928930328 3 2 1 0 3 3 2 1 0 0
-0.0021225452679778933 3 2 1 0 3 3 2 1 0 3
-0.0017618570086248345 3 2 1 0 3 3 2 1 3 0
8.279032619911005e-05 3 2 1 0 3 3 2 3 1 0
-0.0023738483829813944 3 2 1 1 1 0 1 0 0 2
-0.00034249138080423103 3 2 1 1 1 0 1 0 3 2
3.120261453705775 3 2 1 1 1 0 1 3 0 2
-0.0023815921373843986 3 2 1 1 1 0 1 3 3 2
0.0023738483829813944 3 2 1 1 1 0 2 0 0 1
0.00034249138080423103 3 2 1 1 1 0 2 0 3 1
-3.1202614537057745 3 2 1 1 1 0 2 3 0 1
0.0023815921373843986 3 2 1 1 1 0 2 3 3 1
0.00242976592562944 3 2 1 1 1 1 0 0 2 0
0.0003532398908169873 3 2 1 1 1 1 0 0 2 3
-2.6637218565883727e-05 3 2 1 1 1 1 0 2 3 0
-2.704222609306694 3 2 1 1 1 1 0 3 2 0
0.0014125088076219529 3 2 1 1 1 1 0 3 2 3
0.00031978664359247035 3 2 1 1 1 1 3 0 2 0
0.00241748754556992 3 2 1 1 1 1 3 3 2 0
3.676012627274279e-05 3 2 1 1 1 1 3 3 2 3
-0.00242976592562944 3 2 1 1 1 2 0 0 1 0
-0.0003532398908169873 3 2 1 1 1 2 0 0 1 3
2.6637218565883754e-05 3 2 1 1 1 2 0 1 3 0
2.704222609306694 3 2 1 1 1 2 0 3 1 0
-0.0014125088076219529 3 2 1 1 1 2 0 3 1 3
-0.00031978664359247035 3 2 1 1 1 2 3 0 1 0
-0.00241748754556992 3 2 1 1 1 2 3 3 1 0
-3.6760126272742785e-05 3 2 1 1 1 2 3 3 1 3
6.713113497494919e-05 3 2 1 1 1 3 1 0 0 2
-0.002448483398828713 3 2 1 1 1 3 1 3 0 2
-5.566330662905946e-05 3 2 1 1 1 3 1 3 3 2
-6.713113497494919e-05 3 2 1 1 1 3 2 0 0 1
0.002448483398828713 3 2 1 1 1 3 2 3 0 1
5.566330662905948e-05 3 2 1 1 1 3 2 3 3 1
-0.000326984725635301 3 2 1 1 2 0 1 1 2 2
-0.00032698472563530087 3 2 1 1 2 0 1 2 1 2
0.0006539694512706018 3 2 1 1 2 0 1 2 2 1
-3.4431497838737746e-05 3 2 1 1 2 0 1 3 0 1
0.0006539694512706018 3 2 1 1 2 0 2 1 1 2
-0.00032698472563530087 3 2 1 1 2 0 2 1 2 1
-0.000326984725635301 3 2 1 1 2 0 2 2 1 1
-3.443149783873776e-05 3 2 1 1 2 0 2 3 0 2
6.055645938672351e-07 3 2 1 1 2 1 0 1 3 0
-7.430480841298067e-06 3 2 1 1 2 1 0 3 1 0
6.055645938672351e-07 3 2 1 1 2 2 0 2 3 0
-7.430480841298067e-06 3 2 1 1 2 2 0 3 2 0
-5.516225572153749e-05 3 2 1 1 2 3 1 1 2 2
-5.521585211321631e-05 3 2 1 1 2 3 1 2 1 2
0.0001103781078347538 3 2 1 1 2 3 1 2 2 1
0.0001103781078347538 3 2 1 1 2 3 2 1 1 2
-5.521585211321631e-05 3 2 1 1 2 3 2 1 2 1
-5.516225572153749e-05 3 2 1 1 2 3 2 2 1 1
-0.000629776613541944 3 2 1 2 1 0 1 1 2 2
0.0009567613391772449 3 2 1 2 1 0 1 2 1 2
-0.00032698472563530087 3 2 1 2 1 0 1 2 2 1
-0.00032698472563530087 3 2 1 2 1 0 2 1 1 2
0.0009567613391772449 3 2 1 2 1 0 2 1 2 1
-0.000629776613541944 3 2 1 2 1 0 2 2 1 1
0.0028412279789267027 3 2 1 2 1 1 0 1 0 0
0.00041544286134976264 3 2 1 2 1 1 0 1 0 3
-3.3604615185620914 3 2 1 2 1 1 0 1 3 0
0.001766643751291218 3 2 1 2 1 1 0 1 3 3
3.451419143505507e-05 3 2 1 2 1 1 0 3 1 0
0.000378807493781763 3 2 1 2 1 1 3 1 0 0
0.0030310642302982566 3 2 1 2 1 1 3 1 3 0
4.950451047240939e-05 3 2 1 2 1 1 3 1 3 3
0.0028412279789267027 3 2 1 2 1 2 0 2 0 0
0.00041544286134976264 3 2 1 2 1 2 0 2 0 3
-3.3604615185620914 3 2 1 2 1 2 0 2 3 0
0.001766643751291218 3 2 1 2 1 2 0 2 3 3
3.451419143505507e-05 3 2 1 2 1 2 0 3 2 0
0.000378807493781763 3 2 1 2 1 2 3 2 0 0
0.0030310642302982566 3 2 1 2 1 2 3 2 3 0
4.9504510472409385e-05 3 2 1 2 1 2 3 2 3 3
-0.0003535587212895469 3 2 1 2 1 3 1 1 2 2
0.00040877457340276325 3 2 1 2 1 3 1 2 1 2
-5.521585211321631e-05 3 2 1 2 1 3 1 2 2 1
-5.521585211321631e-05 3 2 1 2 1 3 2 1 1 2
0.00040877457340276325 3 2 1 2 1 3 2 1 2 1
-0.0003535587212895469 3 2 1 2 1 3 2 2 1 1
9.573786048852708e-06 3 2 1 2 2 1 0 2 3 0
7.846379406063376e-07 3 2 1 2 2 1 0 3 2 0
-9.573786048852708e-06 3 2 1 2 2 2 0 1 3 0
-7.846379406063376e-07 3 2 1 2 2 2 0 3 1 0
-1.0229544719086194e-07 3 2 1 2 2 3 1 0 0 2
1.0229544719085019e-07 3 2 1 2 2 3 1 3 3 2
1.0229544719086194e-07 3 2 1 2 2 3 2 0 0 1
-1.0229544719085019e-07 3 2 1 2 2 3 2 3 3 1
-0.20612446701249584 3 2 1 3 0 0 1 0 2 0
5.299125411392365e-05 3 2 1 3 0 0 1 0 2 3
-4.038879195212387 3 2 1 3 0 0 1 2 0 0
0.010336096774411253 3 2 1 3 0 0 1 2 0 3
0.011419188981704784 3 2 1 3 0 0 1 2 3 0
0.0016763171707880407 3 2 1 3 0 0 1 2 3 3
-0.000671216025784322 3 2 1 3 0 0 1 3 2 0
0.029920423251027558 3 2 1 3 0 0 1 3 2 3
0.20612446701249584 3 2 1 3 0 0 2 0 1 0
-5.299125411392365e-05 3 2 1 3 0 0 2 0 1 3
4.038879195212387 3 2 1 3 0 0 2 1 0 0
-0.010336096774411253 3 2 1 3 0 0 2 1 0 3
-0.011419188981704784 3 2 1 3 0 0 2 1 3 0
-0.0016763171707880407 3 2 1 3 0 0 2 1 3 3
0.000671216025784322 3 2 1 3 0 0 2 3 1 0
-0.029920423251027558 3 2 1 3 0 0 2 3 1 3
-5.0766795131068546e-05 3 2 1 3 0 1 0 3 3 2
5.0766795131068546e-05 3 2 1 3 0 2 0 3 3 1
-0.0005943317187471702 3 2 1 3 0 3 1 0 2 0
-8.27903261991101e-05 3 2 1 3 0 3 1 0 2 3
0.012553839369211343 3 2 1 3 0 3 1 2 0 0
0.0017618570086248347 3 2 1 3 0 3 1 2 0 3
0.0017752545804170952 3 2 1 3 0 3 1 2 3 0
0.4608208211427306 3 2 1 3 0 3 1 3 2 0
-0.00024286583399449932 3 2 1 3 0 3 1 3 2 3
0.0005943317187471702 3 2 1 3 0 3 2 0 1 0
8.27903261991101e-05 3 2 1 3 0 3 2 0 1 3
-0.012553839369211343 3 2 1 3 0 3 2 1 0 0
-0.0017618570086248347 3 2 1 3 0 3 2 1 0 3
-0.0017752545804170952 3 2 1 3 0 3 2 1 3 0
-0.46082082114273054 3 2 1 3 0 3 2 3 1 0
0.00024286583399449932 3 2 1 3 0 3 2 3 1 3
9.183649535642944e-05 3 2 1 3 3 0 1 0 2 0
3.141359209104628e-05 3 2 1 3 3 0 1 0 2 3
0.009763068889088167 3 2 1 3 3 0 1 2 0 0
0.0017616859762292752 3 2 1 3 3 0 1 2 0 3
0.0016274813793053027 3 2 1 3 3 0 1 2 3 0
-0.020317261167384897 3 2 1 3 3 0 1 3 2 0
-4.935581002285187e-06 3 2 1 3 3 0 1 3 2 3
-9.183649535642944e-05 3 2 1 3 3 0 2 0 1 0
-3.141359209104628e-05 3 2 1 3 3 0 2 0 1 3
-0.009763068889088167 3 2 1 3 3 0 2 1 0 0
-0.0017616859762292752 3 2 1 3 3 0 2 1 0 3
-0.0016274813793053027 3 2 1 3 3 0 2 1 3 0
0.0203172611673849 3 2 1 3 3 0 2 3 1 0
4.935581002285187e-06 3 2 1 3 3 0 2 3 1 3
-0.00016388089242869695 3 2 1 3 3 1 0 0 3 2
-0.0001369546229446998 3 2 1 3 3 1 0 3 0 2
-0.0008124367780251878 3 2 1 3 3 1 0 3 3 2
-3.843184901644634e-05 3 2 1 3 3 1 3 3 3 2
0.0001638808924286969 3 2 1 3 3 2 0 0 3 1
0.0001369546229446998 3 2 1 3 3 2 0 3 0 1
0.0008124367780251878 3 2 1 3 3 2 0 3 3 1
3.843184901644632e-05 3 2 1 3 3 2 3 3 3 1
-8.289262164630094e-05 3 2 1 3 3 3 1 0 2 0
0.0017066411565116184 3 2 1 3 3 3 1 2 0 0
-0.00024286583399449937 3 2 1 3 3 3 1 3 2 0
-9.01297685616332e-05 3 2 1 3 3 3 1 3 2 3
8.289262164630094e-05 3 2 1 3 3 3 2 0 1 0
-0.0017066411565116184 3 2 1 3 3 3 2 1 0 0
0.00024286583399449937 3 2 1 3 3 3 2 3 1 0
9.01297685616332e-05 3 2 1 3 3 3 2 3 1 3
0.002602582703735023 3 2 2 0 0 0 1 1 0 0
0.0003076676166239179 3 2 2 0 0 0 1 1 0 3
0.00032632500983509674 3 2 2 0 0 0 1 1 3 0
-6.993492430333862e-05 3 2 2 0 0 0 1 3 1 0
0.002602582703735023 3 2 2 0 0 0 2 2 0 0
0.0003076676166239178 3 2 2 0 0 0 2 2 0 3
0.00032632500983509664 3 2 2 0 0 0 2 2 3 0
-6.99349243033386e-05 3 2 2 0 0 0 2 3 2 0
-5.399658895438826e-05 3 2 2 0 0 1 0 0 3 1
1.7128150926591038e-05 3 2 2 0 0 1 0 1 1 1
-0.00045019948013966433 3 2 2 0 0 1 0 1 2 2
0.00046732763106625537 3 2 2 0 0 1 0 2 2 1
-3.096434036264819e-05 3 2 2 0 0 1 0 3 0 1
-1.999984013916802e-05 3 2 2 0 0 1 0 3 3 1
6.485991883772498e-06 3 2 2 0 0 1 3 1 1 1
-0.0001101451283116602 3 2 2 0 0 1 3 1 2 2
0.00011663112019543274 3 2 2 0 0 1 3 2 2 1
-6.086302743612102e-05 3 2 2 0 0 1 3 3 3 1
-5.399658895438826e-05 3 2 2 0 0 2 0 0 3 2
0.00046732763106625537 3 2 2 0 0 2 0 1 1 2
-0.00045019948013966433 3 2 2 0 0 2 0 2 1 1
1.7128150926591038e-05 3 2 2 0 0 2 0 2 2 2
-3.096434036264819e-05 3 2 2 0 0 2 0 3 0 2
-1.999984013916802e-05 3 2 2 0 0 2 0 3 3 2
0.00011663112019543274 3 2 2 0 0 2 3 1 1 2
-0.0001101451283116602 3 2 2 0 0 2 3 2 1 1
6.485991883772498e-06 3 2 2 0 0 2 3 2 2 2
-6.086302743612102e-05 3 2 2 0 0 2 3 3 3 2
0.00046784385373735784 3 2 2 0 0 3 1 1 0 0
0.00046784385373735784 3 2 2 0 0 3 2 2 0 0
0.000296031822122146 3 2 2 0 3 0 1 1 0 0
0.000296031822122146 3 2 2 0 3 0 2 2 0 0
4.779283863982126e-05 3 2 2 0 3 1 0 0 0 1
0.0003620263529609186 3 2 2 0 3 1 0 0 3 1
-0.03776439142413434 3 2 2 0 3 1 0 1 1 1
-0.007755061769067554 3 2 2 0 3 1 0 1 2 2
-1.125780392734873e-06 3 2 2 0 3 1 0 2 1 2
-0.030008203874674042 3 2 2 0 3 1 0 2 2 1
0.0003971397140721114 3 2 2 0 3 1 0 3 0 1
-0.1598244432212303 3 2 2 0 3 1 0 3 3 1
-6.121251930289643e-05 3 2 2 0 3 1 3 0 3 1
5.6993372981535144e-05 3 2 2 0 3 1 3 1 1 1
-0.0004601458029896908 3 2 2 0 3 1 3 1 2 2
0.0005171391759712261 3 2 2 0 3 1 3 2 2 1
-3.1857292485456e-05 3 2 2 0 3 1 3 3 0 1
6.372632293633947e-05 3 2 2 0 3 1 3 3 3 1
4.779283863982126e-05 3 2 2 0 3 2 0 0 0 2
0.0003620263529609186 3 2 2 0 3 2 0 0 3 2
-0.03000820387467404 3 2 2 0 3 2 0 1 1 2
-1.1257803927348696e-06 3 2 2 0 3 2 0 1 2 1
-0.007755061769067554 3 2 2 0 3 2 0 2 1 1
-0.03776439142413433 3 2 2 0 3 2 0 2 2 2
0.0003971397140721114 3 2 2 0 3 2 0 3 0 2
-0.15982444322123027 3 2 2 0 3 2 0 3 3 2
-6.121251930289643e-05 3 2 2 0 3 2 3 0 3 2
0.0005171391759712261 3 2 2 0 3 2 3 1 1 2
-0.0004601458029896908 3 2 2 0 3 2 3 2 1 1
5.6993372981535144e-05 3 2 2 0 3 2 3 2 2 2
-3.1857292485456e-05 3 2 2 0 3 2 3 3 0 2
6.372632293633947e-05 3 2 2 0 3 2 3 3 3 2
0.000956761339177245 3 2 2 1 1 0 1 1 2 2
-0.000629776613541944 3 2 2 1 1 0 1 2 1 2
-0.000326984725635301 3 2 2 1 1 0 1 2 2 1
-0.000326984725635301 3 2 2 1 1 0 2 1 1 2
-0.000629776613541944 3 2 2 1 1 0 2 1 2 1
0.000956761339177245 3 2 2 1 1 0 2 2 1 1
-0.002832136126838256 3 2 2 1 1 1 0 1 0 0
-0.0004135518617256541 3 2 2 1 1 1 0 1 0 3
3.348009948102931 3 2 2 1 1 1 0 1 3 0
-0.0017511196875117996 3 2 2 1 1 1 0 1 3 3
-3.586489602783935e-05 3 2 2 1 1 1 0 3 1 0
-0.00037595937452199624 3 2 2 1 1 1 3 1 0 0
-0.0030044691485226075 3 2 2 1 1 1 3 1 3 0
-4.496299537842571e-05 3 2 2 1 1 1 3 1 3 3
-0.002832136126838256 3 2 2 1 1 2 0 2 0 0
-0.0004135518617256541 3 2 2 1 1 2 0 2 0 3
3.348009948102931 3 2 2 1 1 2 0 2 3 0
-0.0017511196875117996 3 2 2 1 1 2 0 2 3 3
-3.5864896027839356e-05 3 2 2 1 1 2 0 3 2 0
-0.00037595937452199624 3 2 2 1 1 2 3 2 0 0
-0.0030044691485226075 3 2 2 1 1 2 3 2 3 0
-4.496299537842571e-05 3 2 2 1 1 2 3 2 3 3
0.00040872097701108434 3 2 2 1 1 3 1 1 2 2
-0.00035355872128954693 3 2 2 1 1 3 1 2 1 2
-5.516225572153749e-05 3 2 2 1 1 3 1 2 2 1
-5.516225572153749e-05 3 2 2 1 1 3 2 1 1 2
-0.00035355872128954693 3 2 2 1 1 3 2 1 2 1
0.00040872097701108434 3 2 2 1 1 3 2 2 1 1
-1.1780431305308169e-05 3 2 2 1 2 1 0 0 2 0
-2.4501928708762078e-06 3 2 2 1 2 1 0 0 2 3
-8.531344897547195e-06 3 2 2 1 2 1 0 2 3 0
0.016132877569757197 3 2 2 1 2 1 0 3 2 0
-2.0114731866903467e-05 3 2 2 1 2 1 0 3 2 3
-3.6903452632757893e-06 3 2 2 1 2 1 3 0 2 0
-3.445959424650112e-05 3 2 2 1 2 1 3 3 2 0
-5.884500326911054e-06 3 2 2 1 2 1 3 3 2 3
1.1780431305308169e-05 3 2 2 1 2 2 0 0 1 0
2.4501928708762078e-06 3 2 2 1 2 2 0 0 1 3
8.531344897547195e-06 3 2 2 1 2 2 0 1 3 0
-0.016132877569757193 3 2 2 1 2 2 0 3 1 0
2.0114731866903467e-05 3 2 2 1 2 2 0 3 1 3
3.6903452632757893e-06 3 2 2 1 2 2 3 0 1 0
3.445959424650112e-05 3 2 2 1 2 2 3 3 1 0
5.884500326911054e-06 3 2 2 1 2 2 3 3 1 3
-0.0023738483829813944 3 2 2 2 1 0 1 0 0 2
-0.000342491380804231 3 2 2 2 1 0 1 0 3 2
3.120261453705775 3 2 2 2 1 0 1 3 0 2
-0.002381592137384398 3 2 2 2 1 0 1 3 3 2
0.0023738483829813944 3 2 2 2 1 0 2 0 0 1
0.000342491380804231 3 2 2 2 1 0 2 0 3 1
-3.120261453705775 3 2 2 2 1 0 2 3 0 1
0.002381592137384398 3 2 2 2 1 0 2 3 3 1
0.0024415463569347476 3 2 2 2 1 1 0 0 2 0
0.0003556900836878636 3 2 2 2 1 1 0 0 2 3
-2.7679659717189247e-05 3 2 2 2 1 1 0 2 3 0
-2.7203562715143907 3 2 2 2 1 1 0 3 2 0
0.0014326235394888566 3 2 2 2 1 1 0 3 2 3
0.0003234769888557462 3 2 2 2 1 1 3 0 2 0
0.0024519471398164214 3 2 2 2 1 1 3 3 2 0
4.2644626599653844e-05 3 2 2 2 1 1 3 3 2 3
-0.0024415463569347476 3 2 2 2 1 2 0 0 1 0
-0.0003556900836878636 3 2 2 2 1 2 0 0 1 3
2.7679659717189247e-05 3 2 2 2 1 2 0 1 3 0
2.7203562715143907 3 2 2 2 1 2 0 3 1 0
-0.0014326235394888566 3 2 2 2 1 2 0 3 1 3
-0.0003234769888557462 3 2 2 2 1 2 3 0 1 0
-0.0024519471398164214 3 2 2 2 1 2 3 3 1 0
-4.264462659965386e-05 3 2 2 2 1 2 3 3 1 3
6.723343042214005e-05 3 2 2 2 1 3 1 0 0 2
-0.002448483398828713 3 2 2 2 1 3 1 3 0 2
-5.576560207625031e-05 3 2 2 2 1 3 1 3 3 2
-6.723343042214003e-05 3 2 2 2 1 3 2 0 0 1
0.002448483398828713 3 2 2 2 1 3 2 3 0 1
5.57656020762503e-05 3 2 2 2 1 3 2 3 3 1
-3.443149783873776e-05 3 2 2 2 2 0 1 3 0 1
-3.443149783873776e-05 3 2 2 2 2 0 2 3 0 2
9.091852088447194e-06 3 2 2 2 2 1 0 1 0 0
1.8909996241085431e-06 3 2 2 2 2 1 0 1 0 3
-0.012450964894567835 3 2 2 2 2 1 0 1 3 0
1.552406377941846e-05 3 2 2 2 2 1 0 1 3 3
-8.781185434082355e-06 3 2 2 2 2 1 0 3 1 0
2.8481192597665737e-06 3 2 2 2 2 1 3 1 0 0
2.6595081775649727e-05 3 2 2 2 2 1 3 1 3 0
4.541515093983656e-06 3 2 2 2 2 1 3 1 3 3
9.091852088447194e-06 3 2 2 2 2 2 0 2 0 0
1.8909996241085431e-06 3 2 2 2 2 2 0 2 0 3
-0.012450964894567838 3 2 2 2 2 2 0 2 3 0
1.552406377941846e-05 3 2 2 2 2 2 0 2 3 3
-8.781185434082355e-06 3 2 2 2 2 2 0 3 2 0
2.8481192597665737e-06 3 2 2 2 2 2 3 2 0 0
2.6595081775649727e-05 3 2 2 2 2 2 3 2 3 0
4.541515093983656e-06 3 2 2 2 2 2 3 2 3 3
-3.4987906796279527e-05 3 2 2 3 0 0 1 0 1 0
0.00028503996370048595 3 2 2 3 0 0 1 1 0 0
-0.0003508136189209056 3 2 2 3 0 0 1 3 1 0
-2.2927193751212793e-05 3 2 2 3 0 0 1 3 1 3
-3.4987906796279527e-05 3 2 2 3 0 0 2 0 2 0
0.0002850399637004859 3 2 2 3 0 0 2 2 0 0
-0.0003508136189209056 3 2 2 3 0 0 2 3 2 0
-2.2927193751212793e-05 3 2 2 3 0 0 2 3 2 3
-7.646430990480117e-05 3 2 2 3 0 1 0 0 0 1
-0.0006154526982573706 3 2 2 3 0 1 0 0 3 1
3.145946210909546e-05 3 2 2 3 0 1 0 1 1 1
-3.1109095150429565e-06 3 2 2 3 0 1 0 1 2 2
3.4570371624138413e-05 3 2 2 3 0 1 0 2 2 1
-1.5135126722003052e-05 3 2 2 3 0 1 0 3 0 1
0.34594359217961534 3 2 2 3 0 1 0 3 3 1
-0.00021597950711477057 3 2 2 3 0 1 3 0 3 1
-6.198191197710374e-05 3 2 2 3 0 1 3 3 0 1
-0.00035601534399778214 3 2 2 3 0 1 3 3 3 1
-7.646430990480117e-05 3 2 2 3 0 2 0 0 0 2
-0.0006154526982573706 3 2 2 3 0 2 0 0 3 2
3.4570371624138413e-05 3 2 2 3 0 2 0 1 1 2
-3.1109095150429565e-06 3 2 2 3 0 2 0 2 1 1
3.145946210909546e-05 3 2 2 3 0 2 0 2 2 2
-1.5135126722003052e-05 3 2 2 3 0 2 0 3 0 2
0.34594359217961534 3 2 2 3 0 2 0 3 3 2
-0.00021597950711477052 3 2 2 3 0 2 3 0 3 2
-6.198191197710374e-05 3 2 2 3 0 2 3 3 0 2
-0.00035601534399778214 3 2 2 3 0 2 3 3 3 2
-0.00011341288699155268 3 2 2 3 0 3 1 3 1 0
-0.00011341288699155265 3 2 2 3 0 3 2 3 2 0
-2.48465334393939e-05 3 2 2 3 3 0 1 3 1 0
-2.48465334393939e-05 3 2 2 3 3 0 2 3 2 0
0.00034074023460152876 3 2 2 3 3 1 0 0 0 1
-0.11726922005228146 3 2 2 3 3 1 0 0 3 1
3.4955067042057906e-05 3 2 2 3 3 1 0 1 1 1
5.578985501407883e-06 3 2 2 3 3 1 0 1 2 2
2.937608154065003e-05 3 2 2 3 3 1 0 2 2 1
-0.14280866303496967 3 2 2 3 3 1 0 3 0 1
-1.3833738743740798 3 2 2 3 3 1 0 3 3 1
-8.782752590573801e-05 3 2 2 3 3 1 3 0 0 1
-0.0006550760014593162 3 2 2 3 3 1 3 0 3 1
3.6562685597513664e-05 3 2 2 3 3 1 3 1 1 1
-1.5147115416378911e-06 3 2 2 3 3 1 3 1 2 2
3.807739713915156e-05 3 2 2 3 3 1 3 2 2 1
3.737876284499137e-05 3 2 2 3 3 1 3 3 0 1
0.316097043448641 3 2 2 3 3 1 3 3 3 1
0.00034074023460152876 3 2 2 3 3 2 0 0 0 2
-0.11726922005228148 3 2 2 3 3 2 0 0 3 2
2.937608154065003e-05 3 2 2 3 3 2 0 1 1 2
5.578985501407883e-06 3 2 2 3 3 2 0 2 1 1
3.4955067042057906e-05 3 2 2 3 3 2 0 2 2 2
-0.14280866303496967 3 2 2 3 3 2 0 3 0 2
-1.3833738743740795 3 2 2 3 3 2 0 3 3 2
-8.7827525905738e-05 3 2 2 3 3 2 3 0 0 2
-0.0006550760014593162 3 2 2 3 3 2 3 0 3 2
3.807739713915156e-05 3 2 2 3 3 2 3 1 1 2
-1.5147115416378911e-06 3 2 2 3 3 2 3 2 1 1
3.6562685597513664e-05 3 2 2 3 3 2 3 2 2 2
3.737876284499137e-05 3 2 2 3 3 2 3 3 0 2
0.3160970434486409 3 2 2 3 3 2 3 3 3 2
-8.511165418789076 3 2 3 0 1 0 1 0 0 2
0.028572984870605844 3 2 3 0 1 0 1 0 3 2
0.00010216466877617351 3 2 3 0 1 0 1 1 1 2
0.00010216466877617351 3 2 3 0 1 0 1 2 2 2
0.030330347241232035 3 2 3 0 1 0 1 3 0 2
0.004211219669986783 3 2 3 0 1 0 1 3 3 2
8.511165418789075 3 2 3 0 1 0 2 0 0 1
-0.028572984870605844 3 2 3 0 1 0 2 0 3 1
-0.00010216466877617351 3 2 3 0 1 0 2 1 1 1
-0.00010216466877617351 3 2 3 0 1 0 2 2 2 1
-0.030330347241232035 3 2 3 0 1 0 2 3 0 1
-0.004211219669986783 3 2 3 0 1 0 2 3 3 1
2.965109012732009 3 2 3 0 1 1 0 0 2 0
-0.01295989607517372 3 2 3 0 1 1 0 0 2 3
0.0018821744520485827 3 2 3 0 1 1 0 2 0 0
0.013752562681849316 3 2 3 0 1 1 0 2 3 0
0.0020211790050833067 3 2 3 0 1 1 0 2 3 3
-0.01343517858992468 3 2 3 0 1 1 0 3 2 0
-0.001961355086788903 3 2 3 0 1 1 0 3 2 3
-0.013054506515341477 3 2 3 0 1 1 3 0 2 0
-0.0017338249411860216 3 2 3 0 1 1 3 0 2 3
0.0018364684056708506 3 2 3 0 1 1 3 2 3 0
-0.001778585178577351 3 2 3 0 1 1 3 3 2 0
-2.96510901273201 3 2 3 0 1 2 0 0 1 0
0.01295989607517372 3 2 3 0 1 2 0 0 1 3
-0.0018821744520485827 3 2 3 0 1 2 0 1 0 0
-0.013752562681849316 3 2 3 0 1 2 0 1 3 0
-0.0020211790050833067 3 2 3 0 1 2 0 1 3 3
0.01343517858992468 3 2 3 0 1 2 0 3 1 0
0.001961355086788903 3 2 3 0 1 2 0 3 1 3
0.013054506515341477 3 2 3 0 1 2 3 0 1 0
0.0017338249411860216 3 2 3 0 1 2 3 0 1 3
-0.0018364684056708506 3 2 3 0 1 2 3 1 3 0
0.001778585178577351 3 2 3 0 1 2 3 3 1 0
0.031973941947410794 3 2 3 0 1 3 1 0 0 2
0.004209052252739073 3 2 3 0 1 3 1 0 3 2
0.004537430321314271 3 2 3 0 1 3 1 3 0 2
-0.031973941947410794 3 2 3 0 1 3 2 0 0 1
-0.004209052252739073 3 2 3 0 1 3 2 0 3 1
-0.004537430321314271 3 2 3 0 1 3 2 3 0 1
0.00025354322428685315 3 2 3 0 2 0 1 0 0 1
0.00025354322428685315 3 2 3 0 2 0 2 0 0 2
3.093915795361098e-05 3 2 3 0 2 1 0 0 1 0
3.093915795361098e-05 3 2 3 0 2 2 0 0 2 0
-3.8068055052933896 3 2 3 1 0 0 1 0 2 0
0.010191383882760174 3 2 3 1 0 0 1 0 2 3
6.993492430333863e-05 3 2 3 1 0 0 1 2 0 0
0.011300837951672329 3 2 3 1 0 0 1 3 2 0
0.001661492718561659 3 2 3 1 0 0 1 3 2 3
3.8068055052933896 3 2 3 1 0 0 2 0 1 0
-0.010191383882760174 3 2 3 1 0 0 2 0 1 3
-6.993492430333863e-05 3 2 3 1 0 0 2 1 0 0
-0.011300837951672329 3 2 3 1 0 0 2 3 1 0
-0.001661492718561659 3 2 3 1 0 0 2 3 1 3
-2.4917913821289115e-05 3 2 3 1 0 1 0 1 2 1
2.8948759845011826e-05 3 2 3 1 0 1 0 2 1 1
4.0308460237227175e-06 3 2 3 1 0 1 0 2 2 2
-4.0308460237227175e-06 3 2 3 1 0 2 0 1 1 1
-2.8948759845011826e-05 3 2 3 1 0 2 0 1 2 2
2.4917913821289115e-05 3 2 3 1 0 2 0 2 1 2
0.012242446863876306 3 2 3 1 0 3 1 0 2 0
0.0017184264793193445 3 2 3 1 0 3 1 0 2 3
0.0017550944840291627 3 2 3 1 0 3 1 3 2 0
-0.012242446863876306 3 2 3 1 0 3 2 0 1 0
-0.0017184264793193445 3 2 3 1 0 3 2 0 1 3
-0.0017550944840291627 3 2 3 1 0 3 2 3 1 0
0.00963870846493848 3 2 3 1 3 0 1 0 2 0
0.0017158669954967169 3 2 3 1 3 0 1 0 2 3
0.0016128411982581957 3 2 3 1 3 0 1 3 2 0
-0.00963870846493848 3 2 3 1 3 0 2 0 1 0
-0.0017158669954967169 3 2 3 1 3 0 2 0 1 3
-0.0016128411982581957 3 2 3 1 3 0 2 3 1 0
8.294317951203398e-05 3 2 3 1 3 1 0 0 3 2
-3.3066549664698114e-05 3 2 3 1 3 1 0 1 2 1
2.5837785402666396e-05 3 2 3 1 3 1 0 2 1 1
-7.228764262031711e-06 3 2 3 1 3 1 0 2 2 2
-3.030535186611739e-05 3 2 3 1 3 1 3 1 2 1
3.226798336188225e-05 3 2 3 1 3 1 3 2 1 1
1.962631495764859e-06 3 2 3 1 3 1 3 2 2 2
-8.294317951203398e-05 3 2 3 1 3 2 0 0 3 1
7.228764262031711e-06 3 2 3 1 3 2 0 1 1 1
-2.5837785402666396e-05 3 2 3 1 3 2 0 1 2 2
3.3066549664698114e-05 3 2 3 1 3 2 0 2 1 2
-1.962631495764859e-06 3 2 3 1 3 2 3 1 1 1
-3.226798336188225e-05 3 2 3 1 3 2 3 1 2 2
3.030535186611739e-05 3 2 3 1 3 2 3 2 1 2
0.0016632642235978074 3 2 3 1 3 3 1 0 2 0
-0.0016632642235978074 3 2 3 1 3 3 2 0 1 0
0.00024839845424994185 3 2 3 2 0 0 1 0 1 0
-0.4429417941743848 3 2 3 2 0 0 1 1 0 0
0.0002762027349608744 3 2 3 2 0 0 1 1 0 3
0.00022588781004542465 3 2 3 2 0 0 1 1 3 0
2.8294329568759304e-05 3 2 3 2 0 0 1 1 3 3
0.00024839845424994185 3 2 3 2 0 0 2 0 2 0
-0.4429417941743848 3 2 3 2 0 0 2 2 0 0
0.0002762027349608744 3 2 3 2 0 0 2 2 0 3
0.00022588781004542465 3 2 3 2 0 0 2 2 3 0
2.8294329568759304e-05 3 2 3 2 0 0 2 2 3 3
2.9444843367948308e-05 3 2 3 2 0 1 0 0 0 1
1.5435393121470873e-05 3 2 3 2 0 1 0 0 3 1
3.612594794080947e-05 3 2 3 2 0 1 0 3 3 1
4.697261320601912e-05 3 2 3 2 0 1 3 0 3 1
2.9444843367948308e-05 3 2 3 2 0 2 0 0 0 2
1.5435393121470873e-05 3 2 3 2 0 2 0 0 3 2
3.612594794080947e-05 3 2 3 2 0 2 0 3 3 2
4.697261320601912e-05 3 2 3 2 0 2 3 0 3 2
0.0005943317187471699 3 2 3 2 0 3 1 1 0 0
8.289262164630093e-05 3 2 3 2 0 3 1 1 0 3
3.847807680360862e-05 3 2 3 2 0 3 1 1 3 0
0.0005943317187471699 3 2 3 2 0 3 2 2 0 0
8.289262164630093e-05 3 2 3 2 0 3 2 2 0 3
3.847807680360862e-05 3 2 3 2 0 3 2 2 3 0
0.00023735749371836857 3 2 3 2 3 0 1 1 0 0
8.745128127192754e-05 3 2 3 2 3 0 1 1 0 3
2.794262487189767e-05 3 2 3 2 3 0 1 1 3 0
0.00023735749371836857 3 2 3 2 3 0 2 2 0 0
8.745128127192754e-05 3 2 3 2 3 0 2 2 0 3
2.794262487189767e-05 3 2 3 2 3 0 2 2 3 0
-0.0002888382905931571 3 2 3 2 3 1 0 0 0 1
0.12334864150781132 3 2 3 2 3 1 0 0 3 1
-3.688535746602804e-05 3 2 3 2 3 1 0 3 0 1
-0.0002970677270347727 3 2 3 2 3 1 0 3 3 1
3.406859491793919e-05 3 2 3 2 3 1 3 0 0 1
-4.9182435452659836e-05 3 2 3 2 3 1 3 0 3 1
3.776043584921492e-05 3 2 3 2 3 1 3 3 3 1
-0.0002888382905931571 3 2 3 2 3 2 0 0 0 2
0.12334864150781133 3 2 3 2 3 2 0 0 3 2
-3.688535746602804e-05 3 2 3 2 3 2 0 3 0 2
-0.0002970677270347727 3 2 3 2 3 2 0 3 3 2
3.406859491793919e-05 3 2 3 2 3 2 3 0 0 2
-4.9182435452659836e-05 3 2 3 2 3 2 3 0 3 2
3.776043584921492e-05 3 2 3 2 3 2 3 3 3 2
8.279032619911011e-05 3 2 3 2 3 3 1 1 0 0
8.279032619911011e-05 3 2 3 2 3 3 2 2 0 0
0.025458439239859416 3 2 3 3 1 0 1 0 0 2
0.0037061643595192257 3 2 3 3 1 0 1 0 3 2
0.0003824585630408928 3 2 3 3 1 0 1 1 1 2
0.0003824585630408928 3 2 3 3 1 0 1 2 2 2
0.00375969223151973 3 2 3 3 1 0 1 3 0 2
-0.025458439239859416 3 2 3 3 1 0 2 0 0 1
-0.0037061643595192257 3 2 3 3 1 0 2 0 3 1
-0.0003824585630408928 3 2 3 3 1 0 2 1 1 1
-0.0003824585630408928 3 2 3 3 1 0 2 2 2 1
-0.00375969223151973 3 2 3 3 1 0 2 3 0 1
-0.010613895408407738 3 2 3 3 1 1 0 0 2 0
-0.0015598970939385013 3 2 3 3 1 1 0 0 2 3
0.016189557371740788 3 2 3 3 1 1 0 2 0 0
0.0023703880498765714 3 2 3 3 1 1 0 2 0 3
-3.2307386225321424 3 2 3 3 1 1 0 2 3 0
0.016470298970093084 3 2 3 3 1 1 0 2 3 3
-0.001452616740353913 3 2 3 3 1 1 0 3 2 0
-0.0014173419187073727 3 2 3 3 1 1 3 0 2 0
0.002154292417767556 3 2 3 3 1 1 3 2 0 0
0.016392204516511168 3 2 3 3 1 1 3 2 3 0
0.00223047226287305 3 2 3 3 1 1 3 2 3 3
0.010613895408407738 3 2 3 3 1 2 0 0 1 0
0.0015598970939385013 3 2 3 3 1 2 0 0 1 3
-0.016189557371740788 3 2 3 3 1 2 0 1 0 0
-0.0023703880498765714 3 2 3 3 1 2 0 1 0 3
3.230738622532143 3 2 3 3 1 2 0 1 3 0
-0.016470298970093084 3 2 3 3 1 2 0 1 3 3
0.001452616740353913 3 2 3 3 1 2 0 3 1 0
0.0014173419187073727 3 2 3 3 1 2 3 0 1 0
-0.002154292417767556 3 2 3 3 1 2 3 1 0 0
-0.016392204516511168 3 2 3 3 1 2 3 1 3 0
-0.00223047226287305 3 2 3 3 1 2 3 1 3 3
0.0038554935314495256 3 2 3 3 1 3 1 0 0 2
6.713113497494919e-05 3 2 3 3 1 3 1 1 1 2
1.0229544719086265e-07 3 2 3 3 1 3 1 1 2 1
6.723343042214007e-05 3 2 3 3 1 3 1 2 2 2
-0.0038554935314495256 3 2 3 3 1 3 2 0 0 1
-6.723343042214007e-05 3 2 3 3 1 3 2 1 1 1
-1.0229544719086265e-07 3 2 3 3 1 3 2 2 1 2
-6.713113497494919e-05 3 2 3 3 1 3 2 2 2 1
-3.455223218479337e-05 3 2 3 3 2 1 0 1 3 0
-3.455223218479337e-05 3 2 3 3 2 2 0 2 3 0
222768.0328149335 3 3 0 0 0 0 0 0 0 0
-1212.6375798658778 3 3 0 0 0 0 0 0 0 3
-1252.0711381752524 3 3 0 0 0 0 0 0 3 0
-172.23104775087214 3 3 0 0 0 0 0 0 3 3
-2.293190141077951 3 3 0 0 0 0 0 1 1 0
0.004619946102863009 3 3 0 0 0 0 0 1 1 3
-2.2931901410779507 3 3 0 0 0 0 0 2 2 0
0.004619946102863009 3 3 0 0 0 0 0 2 2 3
-1261.1487693910324 3 3 0 0 0 0 0 3 0 0
-173.6586213774824 3 3 0 0 0 0 0 3 0 3
-163.17233126136554 3 3 0 0 0 0 0 3 3 0
0.6542736266545438 3 3 0 0 0 0 0 3 3 3
-1337.0719720359023 3 3 0 0 0 0 3 0 0 0
-166.6986368316703 3 3 0 0 0 0 3 0 0 3
-161.74272519381864 3 3 0 0 0 0 3 0 3 0
0.6562544596694923 3 3 0 0 0 0 3 0 3 3
0.005408809227117212 3 3 0 0 0 0 3 1 1 0
0.0008568378059199465 3 3 0 0 0 0 3 1 1 3
0.005408809227117212 3 3 0 0 0 0 3 2 2 0
0.0008568378059199465 3 3 0 0 0 0 3 2 2 3
-163.18854142390342 3 3 0 0 0 0 3 3 0 0
0.658736833908755 3 3 0 0 0 0 3 3 0 3
0.6803001023828694 3 3 0 0 0 0 3 3 3 0
0.0914879241272966 3 3 0 0 0 0 3 3 3 3
0.32743290929192087 3 3 0 0 0 1 1 0 1 1
-6.315814065954382 3 3 0 0 0 1 1 0 2 2
0.00014710778226867545 3 3 0 0 0 1 1 1 0 1
0.0009092998430060058 3 3 0 0 0 1 1 1 3 1
-0.0025458858876289537 3 3 0 0 0 1 1 2 0 2
-0.01612086710371989 3 3 0 0 0 1 1 2 3 2
-0.0007460491663614644 3 3 0 0 0 1 1 3 1 1
0.013965055266982005 3 3 0 0 0 1 1 3 2 2
2.1201071867905415e-05 3 3 0 0 0 1 2 0 1 2
6.643225774174442 3 3 0 0 0 1 2 0 2 1
0.002692993669897629 3 3 0 0 0 1 2 2 0 1
0.0170301669467259 3 3 0 0 0 1 2 2 3 1
-0.014711104433343468 3 3 0 0 0 1 2 3 2 1
6.643225774174441 3 3 0 0 0 2 1 0 1 2
2.1201071867905205e-05 3 3 0 0 0 2 1 0 2 1
0.002692993669897629 3 3 0 0 0 2 1 1 0 2
0.0170301669467259 3 3 0 0 0 2 1 1 3 2
-0.014711104433343468 3 3 0 0 0 2 1 3 1 2
-6.315814065954382 3 3 0 0 0 2 2 0 1 1
0.32743290929192087 3 3 0 0 0 2 2 0 2 2
-0.0025458858876289537 3 3 0 0 0 2 2 1 0 1
-0.01612086710371989 3 3 0 0 0 2 2 1 3 1
0.00014710778226867545 3 3 0 0 0 2 2 2 0 2
0.0009092998430060058 3 3 0 0 0 2 2 2 3 2
0.013965055266982005 3 3 0 0 0 2 2 3 1 1
-0.0007460491663614644 3 3 0 0 0 2 2 3 2 2
-1368.1870373269833 3 3 0 0 0 3 0 0 0 0
-177.8912579999868 3 3 0 0 0 3 0 0 0 3
-162.02324824570283 3 3 0 0 0 3 0 0 3 0
0.6906732923487547 3 3 0 0 0 3 0 0 3 3
-0.00514737390723447 3 3 0 0 0 3 0 1 1 0
-0.0006275881148157309 3 3 0 0 0 3 0 1 1 3
-0.00514737390723447 3 3 0 0 0 3 0 2 2 0
-0.0006275881148157309 3 3 0 0 0 3 0 2 2 3
-160.72827380541597 3 3 0 0 0 3 0 3 0 0
0.6863723640035814 3 3 0 0 0 3 0 3 0 3
0.6778923389155174 3 3 0 0 0 3 0 3 3 0
0.09366266754440992 3 3 0 0 0 3 0 3 3 3
-165.92878238430416 3 3 0 0 0 3 3 0 0 0
0.7031961719162988 3 3 0 0 0 3 3 0 0 3
0.7091508414271662 3 3 0 0 0 3 3 0 3 0
0.09193854490291871 3 3 0 0 0 3 3 0 3 3
-0.0005601532740024846 3 3 0 0 0 3 3 1 1 0
-0.0005601532740024846 3 3 0 0 0 3 3 2 2 0
0.7045294301435637 3 3 0 0 0 3 3 3 0 0
0.09150967816413756 3 3 0 0 0 3 3 3 0 3
0.0866405562132316 3 3 0 0 0 3 3 3 3 0
-1077.9772719693544 3 3 0 0 3 0 0 0 0 0
-173.57651807706873 3 3 0 0 3 0 0 0 0 3
-159.36152236702205 3 3 0 0 3 0 0 0 3 0
0.6374664073999662 3 3 0 0 3 0 0 0 3 3
0.004111788579131613 3 3 0 0 3 0 0 1 1 0
0.0008716337509317013 3 3 0 0 3 0 0 1 1 3
0.004111788579131613 3 3 0 0 3 0 0 2 2 0
0.0008716337509317013 3 3 0 0 3 0 0 2 2 3
-160.47855698729282 3 3 0 0 3 0 0 3 0 0
0.6396290801661506 3 3 0 0 3 0 0 3 0 3
0.6365494845017639 3 3 0 0 3 0 0 3 3 0
0.10056251242366065 3 3 0 0 3 0 0 3 3 3
-162.35581060255168 3 3 0 0 3 0 3 0 0 0
0.6576494427093025 3 3 0 0 3 0 3 0 0 3
0.6600346508756703 3 3 0 0 3 0 3 0 3 0
0.09834735611798558 3 3 0 0 3 0 3 0 3 3
0.000826515789309376 3 3 0 0 3 0 3 1 1 0
0.000826515789309376 3 3 0 0 3 0 3 2 2 0
0.6625298365667516 3 3 0 0 3 0 3 3 0 0
0.09883859460344051 3 3 0 0 3 0 3 3 0 3
0.09344536500508627 3 3 0 0 3 0 3 3 3 0
2.7641433329474454 3 3 0 0 3 1 1 0 1 1
-50.96677629384842 3 3 0 0 3 1 1 0 2 2
0.001048546682795197 3 3 0 0 3 1 1 1 0 1
-0.38145062637278315 3 3 0 0 3 1 1 1 3 1
-0.01799659890377877 3 3 0 0 3 1 1 2 0 2
5.231219766894646 3 3 0 0 3 1 1 2 3 2
0.3317645415171832 3 3 0 0 3 1 1 3 1 1
-6.117304119062212 3 3 0 0 3 1 1 3 2 2
0.0001763894678349874 3 3 0 0 3 1 2 0 1 2
53.730743237328035 3 3 0 0 3 1 2 0 2 1
-2.100996600092974e-05 3 3 0 0 3 1 2 1 3 2
0.019045145586573973 3 3 0 0 3 1 2 2 0 1
-5.612649383301431 3 3 0 0 3 1 2 2 3 1
1.854839989551854e-05 3 3 0 0 3 1 2 3 1 2
6.449050112179504 3 3 0 0 3 1 2 3 2 1
53.730743237328035 3 3 0 0 3 2 1 0 1 2
0.00017638946783498732 3 3 0 0 3 2 1 0 2 1
0.019045145586573973 3 3 0 0 3 2 1 1 0 2
-5.61264938330143 3 3 0 0 3 2 1 1 3 2
-2.1009966000929755e-05 3 3 0 0 3 2 1 2 3 1
6.449050112179504 3 3 0 0 3 2 1 3 1 2
1.8548399895518517e-05 3 3 0 0 3 2 1 3 2 1
-50.96677629384842 3 3 0 0 3 2 2 0 1 1
2.764143332947446 3 3 0 0 3 2 2 0 2 2
-0.01799659890377877 3 3 0 0 3 2 2 1 0 1
5.231219766894646 3 3 0 0 3 2 2 1 3 1
0.001048546682795197 3 3 0 0 3 2 2 2 0 2
-0.3814506263727832 3 3 0 0 3 2 2 2 3 2
-6.117304119062212 3 3 0 0 3 2 2 3 1 1
0.33176454151718315 3 3 0 0 3 2 2 3 2 2
-163.0188429411163 3 3 0 0 3 3 0 0 0 0
0.6867866075232795 3 3 0 0 3 3 0 0 0 3
0.6696922137982226 3 3 0 0 3 3 0 0 3 0
0.10145835930369332 3 3 0 0 3 3 0 0 3 3
-0.0004974211106856283 3 3 0 0 3 3 0 1 1 0
-0.0004974211106856283 3 3 0 0 3 3 0 2 2 0
0.6668955422876455 3 3 0 0 3 3 0 3 0 0
0.10105440695715702 3 3 0 0 3 3 0 3 0 3
0.09276912323148816 3 3 0 0 3 3 0 3 3 0
0.7031961719162989 3 3 0 0 3 3 3 0 0 0
0.10090447076658351 3 3 0 0 3 3 3 0 0 3
0.09361122010782594 3 3 0 0 3 3 3 0 3 0
0.09322547466508731 3 3 0 0 3 3 3 3 0 0
0.0002418134624937943 3 3 0 1 1 0 0 0 1 1
0.0002418134624937943 3 3 0 1 1 0 0 0 2 2
-0.027398010435498055 3 3 0 1 1 0 0 1 0 1
-0.0001287393668476664 3 3 0 1 1 0 0 1 3 1
-0.027398010435498055 3 3 0 1 1 0 0 2 0 2
-0.0001287393668476664 3 3 0 1 1 0 0 2 3 2
7.605341507194251e-06 3 3 0 1 1 0 3 1 0 1
-2.855489760556228e-05 3 3 0 1 1 0 3 1 3 1
7.605341507194251e-06 3 3 0 1 1 0 3 2 0 2
-2.855489760556228e-05 3 3 0 1 1 0 3 2 3 2
0.191684951501162 3 3 0 1 1 1 1 0 0 0
-0.0011421641071931233 3 3 0 1 1 1 1 0 0 3
1.6961533800453792 3 3 0 1 1 1 1 0 3 0
0.5943730576708937 3 3 0 1 1 1 1 0 3 3
-1.7657468190131904e-06 3 3 0 1 1 1 1 1 1 0
2.280170137579364e-06 3 3 0 1 1 1 1 2 2 0
-0.0004657624849814934 3 3 0 1 1 1 1 3 0 0
-0.00015704109618803797 3 3 0 1 1 1 1 3 0 3
0.19186051126315068 3 3 0 1 1 1 1 3 3 0
-0.0007247486008652496 3 3 0 1 1 1 1 3 3 3
-2.7164838127331348e-05 3 3 0 1 1 1 2 1 2 0
2.3118921170738817e-05 3 3 0 1 1 1 2 2 1 0
2.3118921170738817e-05 3 3 0 1 1 2 1 1 2 0
-2.7164838127331348e-05 3 3 0 1 1 2 1 2 1 0
0.19168495150116197 3 3 0 1 1 2 2 0 0 0
-0.0011421641071931233 3 3 0 1 1 2 2 0 0 3
1.696153380045379 3 3 0 1 1 2 2 0 3 0
0.5943730576708937 3 3 0 1 1 2 2 0 3 3
2.280170137579364e-06 3 3 0 1 1 2 2 1 1 0
-1.7657468190131904e-06 3 3 0 1 1 2 2 2 2 0
-0.0004657624849814934 3 3 0 1 1 2 2 3 0 0
-0.00015704109618803797 3 3 0 1 1 2 2 3 0 3
0.19186051126315068 3 3 0 1 1 2 2 3 3 0
-0.0007247486008652496 3 3 0 1 1 2 2 3 3 3
0.00042257975980702445 3 3 0 1 1 3 0 1 0 1
7.440140205385231e-05 3 3 0 1 1 3 0 1 3 1
0.00042257975980702445 3 3 0 1 1 3 0 2 0 2
7.440140205385231e-05 3 3 0 1 1 3 0 2 3 2
8.230241111286491e-05 3 3 0 1 1 3 3 1 0 1
8.230241111286489e-05 3 3 0 1 1 3 3 2 0 2
3.8996564106385607 3 3 0 1 2 0 0 0 1 2
-3.8996564106385607 3 3 0 1 2 0 0 0 2 1
-2.720694070804939e-05 3 3 0 1 2 0 0 1 0 2
2.720694070804939e-05 3 3 0 1 2 0 0 2 0 1
-0.010926658688193197 3 3 0 1 2 0 0 3 1 2
0.010926658688193197 3 3 0 1 2 0 0 3 2 1
-0.012571896274955132 3 3 0 1 2 0 3 0 1 2
0.012571896274955132 3 3 0 1 2 0 3 0 2 1
-0.0015553847201389172 3 3 0 1 2 0 3 3 1 2
0.0015553847201389172 3 3 0 1 2 0 3 3 2 1
0.015261811466703907 3 3 0 1 2 1 1 1 2 0
-4.2115771597320175e-05 3 3 0 1 2 1 1 1 2 3
-0.00917897210192024 3 3 0 1 2 1 1 2 1 0
-0.0005613282971172241 3 3 0 1 2 1 1 2 1 3
-0.00012977660440145555 3 3 0 1 2 1 2 0 0 0
-0.000786069445084721 3 3 0 1 2 1 2 0 3 0
-6.873236102562485e-05 3 3 0 1 2 1 2 0 3 3
1.3031797169039872e-06 3 3 0 1 2 1 2 1 1 0
0.006084142544500569 3 3 0 1 2 1 2 2 2 0
-0.0006034440687145442 3 3 0 1 2 1 2 2 2 3
-0.00013523027717300072 3 3 0 1 2 1 2 3 3 0
0.00012977660440145555 3 3 0 1 2 2 1 0 0 0
0.000786069445084721 3 3 0 1 2 2 1 0 3 0
6.873236102562482e-05 3 3 0 1 2 2 1 0 3 3
-0.006084142544500569 3 3 0 1 2 2 1 1 1 0
0.0006034440687145442 3 3 0 1 2 2 1 1 1 3
-1.3031797169039872e-06 3 3 0 1 2 2 1 2 2 0
0.00013523027717300072 3 3 0 1 2 2 1 3 3 0
0.009178972101920242 3 3 0 1 2 2 2 1 2 0
0.0005613282971172241 3 3 0 1 2 2 2 1 2 3
-0.015261811466703907 3 3 0 1 2 2 2 2 1 0
4.2115771597320175e-05 3 3 0 1 2 2 2 2 1 3
-0.012275714969127965 3 3 0 1 2 3 0 0 1 2
0.012275714969127965 3 3 0 1 2 3 0 0 2 1
-0.0014614837775825487 3 3 0 1 2 3 0 3 1 2
0.0014614837775825487 3 3 0 1 2 3 0 3 2 1
-0.001672675204907212 3 3 0 1 2 3 3 0 1 2
0.001672675204907212 3 3 0 1 2 3 3 0 2 1
-3.8996564106385607 3 3 0 2 1 0 0 0 1 2
3.8996564106385607 3 3 0 2 1 0 0 0 2 1
2.720694070804939e-05 3 3 0 2 1 0 0 1 0 2
-2.720694070804939e-05 3 3 0 2 1 0 0 2 0 1
0.010926658688193197 3 3 0 2 1 0 0 3 1 2
-0.010926658688193197 3 3 0 2 1 0 0 3 2 1
0.012571896274955132 3 3 0 2 1 0 3 0 1 2
-0.012571896274955132 3 3 0 2 1 0 3 0 2 1
0.0015553847201389172 3 3 0 2 1 0 3 3 1 2
-0.0015553847201389172 3 3 0 2 1 0 3 3 2 1
-0.015261811466703908 3 3 0 2 1 1 1 1 2 0
4.2115771597320175e-05 3 3 0 2 1 1 1 1 2 3
0.009178972101920242 3 3 0 2 1 1 1 2 1 0
0.0005613282971172241 3 3 0 2 1 1 1 2 1 3
0.00012977660440145555 3 3 0 2 1 1 2 0 0 0
0.000786069445084721 3 3 0 2 1 1 2 0 3 0
6.873236102562485e-05 3 3 0 2 1 1 2 0 3 3
-1.3031797169039872e-06 3 3 0 2 1 1 2 1 1 0
-0.0060841425445005695 3 3 0 2 1 1 2 2 2 0
0.0006034440687145442 3 3 0 2 1 1 2 2 2 3
0.00013523027717300072 3 3 0 2 1 1 2 3 3 0
-0.00012977660440145555 3 3 0 2 1 2 1 0 0 0
-0.000786069445084721 3 3 0 2 1 2 1 0 3 0
-6.873236102562487e-05 3 3 0 2 1 2 1 0 3 3
0.006084142544500569 3 3 0 2 1 2 1 1 1 0
-0.0006034440687145442 3 3 0 2 1 2 1 1 1 3
1.3031797169039872e-06 3 3 0 2 1 2 1 2 2 0
-0.00013523027717300072 3 3 0 2 1 2 1 3 3 0
-0.009178972101920242 3 3 0 2 1 2 2 1 2 0
-0.0005613282971172241 3 3 0 2 1 2 2 1 2 3
0.015261811466703907 3 3 0 2 1 2 2 2 1 0
-4.2115771597320175e-05 3 3 0 2 1 2 2 2 1 3
0.012275714969127965 3 3 0 2 1 3 0 0 1 2
-0.012275714969127965 3 3 0 2 1 3 0 0 2 1
0.0014614837775825487 3 3 0 2 1 3 0 3 1 2
-0.0014614837775825487 3 3 0 2 1 3 0 3 2 1
0.001672675204907212 3 3 0 2 1 3 3 0 1 2
-0.001672675204907212 3 3 0 2 1 3 3 0 2 1
0.0002418134624937943 3 3 0 2 2 0 0 0 1 1
0.0002418134624937943 3 3 0 2 2 0 0 0 2 2
-0.027398010435498055 3 3 0 2 2 0 0 1 0 1
-0.0001287393668476664 3 3 0 2 2 0 0 1 3 1
-0.02739801043549806 3 3 0 2 2 0 0 2 0 2
-0.0001287393668476664 3 3 0 2 2 0 0 2 3 2
7.6053415071942515e-06 3 3 0 2 2 0 3 1 0 1
-2.855489760556228e-05 3 3 0 2 2 0 3 1 3 1
7.6053415071942515e-06 3 3 0 2 2 0 3 2 0 2
-2.855489760556228e-05 3 3 0 2 2 0 3 2 3 2
0.191684951501162 3 3 0 2 2 1 1 0 0 0
-0.0011421641071931233 3 3 0 2 2 1 1 0 0 3
1.6961533800453792 3 3 0 2 2 1 1 0 3 0
0.5943730576708938 3 3 0 2 2 1 1 0 3 3
-1.765746819013187e-06 3 3 0 2 2 1 1 1 1 0
2.2801701375793606e-06 3 3 0 2 2 1 1 2 2 0
-0.00046576248498149343 3 3 0 2 2 1 1 3 0 0
-0.00015704109618803797 3 3 0 2 2 1 1 3 0 3
0.19186051126315068 3 3 0 2 2 1 1 3 3 0
-0.0007247486008652496 3 3 0 2 2 1 1 3 3 3
-2.716483812733136e-05 3 3 0 2 2 1 2 1 2 0
2.3118921170738814e-05 3 3 0 2 2 1 2 2 1 0
2.311892117073882e-05 3 3 0 2 2 2 1 1 2 0
-2.716483812733136e-05 3 3 0 2 2 2 1 2 1 0
0.191684951501162 3 3 0 2 2 2 2 0 0 0
-0.0011421641071931233 3 3 0 2 2 2 2 0 0 3
1.696153380045379 3 3 0 2 2 2 2 0 3 0
0.5943730576708937 3 3 0 2 2 2 2 0 3 3
2.2801701375793606e-06 3 3 0 2 2 2 2 1 1 0
-1.765746819013187e-06 3 3 0 2 2 2 2 2 2 0
-0.00046576248498149343 3 3 0 2 2 2 2 3 0 0
-0.00015704109618803797 3 3 0 2 2 2 2 3 0 3
0.19186051126315068 3 3 0 2 2 2 2 3 3 0
-0.0007247486008652496 3 3 0 2 2 2 2 3 3 3
0.0004225797598070244 3 3 0 2 2 3 0 1 0 1
7.440140205385231e-05 3 3 0 2 2 3 0 1 3 1
0.0004225797598070244 3 3 0 2 2 3 0 2 0 2
7.440140205385231e-05 3 3 0 2 2 3 0 2 3 2
8.23024111128649e-05 3 3 0 2 2 3 3 1 0 1
8.23024111128649e-05 3 3 0 2 2 3 3 2 0 2
-1149.0313150560125 3 3 0 3 0 0 0 0 0 0
-162.27788587079698 3 3 0 3 0 0 0 0 0 3
-156.65337298431658 3 3 0 3 0 0 0 0 3 0
0.6550529361062037 3 3 0 3 0 0 0 0 3 3
-17.325799658606883 3 3 0 3 0 0 0 1 1 0
-2.7247036219721346 3 3 0 3 0 0 0 1 1 3
-17.32579965860688 3 3 0 3 0 0 0 2 2 0
-2.724703621972135 3 3 0 3 0 0 0 2 2 3
-152.76403669873966 3 3 0 3 0 0 0 3 0 0
0.6437095471813133 3 3 0 3 0 0 0 3 0 3
0.6603310092888033 3 3 0 3 0 0 0 3 3 0
0.09612468118659577 3 3 0 3 0 0 0 3 3 3
-152.49721906785135 3 3 0 3 0 0 3 0 0 0
0.6512782731568798 3 3 0 3 0 0 3 0 0 3
0.6804788448818309 3 3 0 3 0 0 3 0 3 0
0.0930288984412998 3 3 0 3 0 0 3 0 3 3
-2.7595219226430276 3 3 0 3 0 0 3 1 1 0
0.004737923112848059 3 3 0 3 0 0 3 1 1 3
-2.7595219226430276 3 3 0 3 0 0 3 2 2 0
0.004737923112848059 3 3 0 3 0 0 3 2 2 3
0.6674300747784938 3 3 0 3 0 0 3 3 0 0
0.09147479425614094 3 3 0 3 0 0 3 3 0 3
0.08990106174695503 3 3 0 3 0 0 3 3 3 0
-0.0006725311486602444 3 3 0 3 0 1 1 0 1 1
0.012230194004278227 3 3 0 3 0 1 1 0 2 2
0.0009666656330530646 3 3 0 3 0 1 1 1 0 1
-0.4242590901706428 3 3 0 3 0 1 1 1 3 1
-0.01809470420845907 3 3 0 3 0 1 1 2 0 2
8.183482641079985 3 3 0 3 0 1 1 2 3 2
-0.00010668767235855084 3 3 0 3 0 1 1 3 1 1
0.0018392074395617646 3 3 0 3 0 1 1 3 2 2
-0.012902725152938473 3 3 0 3 0 1 2 0 2 1
-2.7470505273190204e-05 3 3 0 3 0 1 2 1 3 2
0.019061369841512132 3 3 0 3 0 1 2 2 0 1
-8.607714260745352 3 3 0 3 0 1 2 2 3 1
-0.0019458951119203157 3 3 0 3 0 1 2 3 2 1
-0.012902725152938473 3 3 0 3 0 2 1 0 1 2
0.019061369841512132 3 3 0 3 0 2 1 1 0 2
-8.607714260745352 3 3 0 3 0 2 1 1 3 2
-2.747050527318977e-05 3 3 0 3 0 2 1 2 3 1
-0.0019458951119203157 3 3 0 3 0 2 1 3 1 2
0.012230194004278227 3 3 0 3 0 2 2 0 1 1
-0.0006725311486602444 3 3 0 3 0 2 2 0 2 2
-0.01809470420845907 3 3 0 3 0 2 2 1 0 1
8.183482641079985 3 3 0 3 0 2 2 1 3 1
0.0009666656330530646 3 3 0 3 0 2 2 2 0 2
-0.4242590901706428 3 3 0 3 0 2 2 2 3 2
0.0018392074395617646 3 3 0 3 0 2 2 3 1 1
-0.00010668767235855084 3 3 0 3 0 2 2 3 2 2
-156.42265712908656 3 3 0 3 0 3 0 0 0 0
0.6910294548375642 3 3 0 3 0 3 0 0 0 3
0.6961164773724163 3 3 0 3 0 3 0 0 3 0
0.09745234268602684 3 3 0 3 0 3 0 0 3 3
2.4716214155549547 3 3 0 3 0 3 0 1 1 0
-0.008208862101049035 3 3 0 3 0 3 0 1 1 3
2.4716214155549543 3 3 0 3 0 3 0 2 2 0
-0.008208862101049035 3 3 0 3 0 3 0 2 2 3
0.6766453588746506 3 3 0 3 0 3 0 3 0 0
0.09491641362869398 3 3 0 3 0 3 0 3 0 3
0.090036730044003 3 3 0 3 0 3 0 3 3 0
0.7091508414271662 3 3 0 3 0 3 3 0 0 0
0.09361122010782592 3 3 0 3 0 3 3 0 0 3
0.09058498315686363 3 3 0 3 0 3 3 0 3 0
-0.008820544053448693 3 3 0 3 0 3 3 1 1 0
-0.0008185460523498264 3 3 0 3 0 3 3 1 1 3
-0.008820544053448693 3 3 0 3 0 3 3 2 2 0
-0.0008185460523498264 3 3 0 3 0 3 3 2 2 3
0.08809595274272165 3 3 0 3 0 3 3 3 0 0
-145.26891512916183 3 3 0 3 3 0 0 0 0 0
0.610178900147978 3 3 0 3 3 0 0 0 0 3
0.6152629554759008 3 3 0 3 3 0 0 0 3 0
0.09846513778105447 3 3 0 3 3 0 0 0 3 3
-2.1320009132886075 3 3 0 3 3 0 0 1 1 0
0.0041277326852516 3 3 0 3 3 0 0 1 1 3
-2.1320009132886075 3 3 0 3 3 0 0 2 2 0
0.0041277326852516 3 3 0 3 3 0 0 2 2 3
0.6051773977713175 3 3 0 3 3 0 0 3 0 0
0.09686898605487881 3 3 0 3 3 0 0 3 0 3
0.09195973687135972 3 3 0 3 3 0 0 3 3 0
0.6299146718131472 3 3 0 3 3 0 3 0 0 0
0.09532837432362162 3 3 0 3 3 0 3 0 0 3
0.09169677889656164 3 3 0 3 3 0 3 0 3 0
0.0047623753782321 3 3 0 3 3 0 3 1 1 0
0.0009375903670547393 3 3 0 3 3 0 3 1 1 3
0.0047623753782321 3 3 0 3 3 0 3 2 2 0
0.0009375903670547393 3 3 0 3 3 0 3 2 2 3
0.09018299847582077 3 3 0 3 3 0 3 3 0 0
0.294399667914023 3 3 0 3 3 1 1 0 1 1
-3.562790602693523 3 3 0 3 3 1 1 0 2 2
-0.42987164252775795 3 3 0 3 3 1 1 1 0 1
-3.581536559881969 3 3 0 3 3 1 1 1 3 1
7.926270714397292 3 3 0 3 3 1 1 2 0 2
66.03831663139525 3 3 0 3 3 1 1 2 3 2
-0.0007779636626780487 3 3 0 3 3 1 1 3 1 1
0.012965998015249551 3 3 0 3 3 1 1 3 2 2
1.296230898795491e-05 3 3 0 3 3 1 2 0 1 2
3.8571773082985583 3 3 0 3 3 1 2 0 2 1
-2.4033403608732016e-05 3 3 0 3 3 1 2 1 0 2
-0.00022855013352563895 3 3 0 3 3 1 2 1 3 2
-8.356118323521441 3 3 0 3 3 1 2 2 0 1
-69.6196246411437 3 3 0 3 3 1 2 2 3 1
-0.0137439616779276 3 3 0 3 3 1 2 3 2 1
3.8571773082985583 3 3 0 3 3 2 1 0 1 2
1.2962308987954923e-05 3 3 0 3 3 2 1 0 2 1
-8.356118323521441 3 3 0 3 3 2 1 1 0 2
-69.61962464114369 3 3 0 3 3 2 1 1 3 2
-2.403340360873204e-05 3 3 0 3 3 2 1 2 0 1
-0.00022855013352563903 3 3 0 3 3 2 1 2 3 1
-0.0137439616779276 3 3 0 3 3 2 1 3 1 2
-3.562790602693523 3 3 0 3 3 2 2 0 1 1
0.294399667914023 3 3 0 3 3 2 2 0 2 2
7.926270714397292 3 3 0 3 3 2 2 1 0 1
66.03831663139522 3 3 0 3 3 2 2 1 3 1
-0.429871642527758 3 3 0 3 3 2 2 2 0 2
-3.581536559881969 3 3 0 3 3 2 2 2 3 2
0.012965998015249551 3 3 0 3 3 2 2 3 1 1
-0.0007779636626780487 3 3 0 3 3 2 2 3 2 2
0.6454969463487759 3 3 0 3 3 3 0 0 0 0
0.09938303637561817 3 3 0 3 3 3 0 0 0 3
0.09292092078675489 3 3 0 3 3 3 0 0 3 0
-0.0053377989424132945 3 3 0 3 3 3 0 1 1 0
-0.0007709938045894285 3 3 0 3 3 3 0 1 1 3
-0.0053377989424132945 3 3 0 3 3 3 0 2 2 0
-0.0007709938045894285 3 3 0 3 3 3 0 2 2 3
0.09069118078359606 3 3 0 3 3 3 0 3 0 0
0.09193854490291872 3 3 0 3 3 3 3 0 0 0
-0.0007362436412369616 3 3 0 3 3 3 3 1 1 0
-0.0007362436412369616 3 3 0 3 3 3 3 2 2 0
0.0002560681912291889 3 3 1 0 1 0 0 1 0 1
0.0002560681912291889 3 3 1 0 1 0 0 2 0 2
8.637296243241541e-05 3 3 1 0 1 1 1 0 0 0
0.0006166136904926828 3 3 1 0 1 1 1 0 3 0
0.0001870393530316316 3 3 1 0 1 1 1 0 3 3
-0.01651436650610402 3 3 1 0 1 1 1 1 1 0
3.673595861768562e-05 3 3 1 0 1 1 1 1 1 3
-0.011819778137554502 3 3 1 0 1 1 1 2 2 0
-0.0004289875853013972 3 3 1 0 1 1 1 2 2 3
0.0006514069687230858 3 3 1 0 1 1 1 3 0 0
0.0001780721226313237 3 3 1 0 1 1 1 3 0 3
-0.2538618285869533 3 3 1 0 1 1 1 3 3 0
0.0009665507413253292 3 3 1 0 1 1 1 3 3 3
-0.004695594131150539 3 3 1 0 1 1 2 1 2 0
0.00046572354391908276 3 3 1 0 1 1 2 1 2 3
1.0057626010192913e-06 3 3 1 0 1 1 2 2 1 0
1.0057626010192913e-06 3 3 1 0 1 2 1 1 2 0
-0.0046955941311505375 3 3 1 0 1 2 1 2 1 0
0.00046572354391908276 3 3 1 0 1 2 1 2 1 3
8.637296243241541e-05 3 3 1 0 1 2 2 0 0 0
0.0006166136904926828 3 3 1 0 1 2 2 0 3 0
0.0001870393530316316 3 3 1 0 1 2 2 0 3 3
-0.011819778137554506 3 3 1 0 1 2 2 1 1 0
-0.0004289875853013972 3 3 1 0 1 2 2 1 1 3
-0.01651436650610402 3 3 1 0 1 2 2 2 2 0
3.673595861768562e-05 3 3 1 0 1 2 2 2 2 3
0.0006514069687230858 3 3 1 0 1 2 2 3 0 0
0.0001780721226313237 3 3 1 0 1 2 2 3 0 3
-0.2538618285869533 3 3 1 0 1 2 2 3 3 0
0.0009665507413253292 3 3 1 0 1 2 2 3 3 3
2.9965852037672027e-05 3 3 1 0 2 0 0 0 1 2
-2.9965852037672027e-05 3 3 1 0 2 0 0 0 2 1
3.9140112479147757 3 3 1 0 2 0 0 1 0 2
-0.010859207342903325 3 3 1 0 2 0 0 1 3 2
-3.9140112479147757 3 3 1 0 2 0 0 2 0 1
0.010859207342903325 3 3 1 0 2 0 0 2 3 1
0.00041363290429263414 3 3 1 0 2 0 0 3 1 2
-0.00041363290429263414 3 3 1 0 2 0 0 3 2 1
-0.012575880996401353 3 3 1 0 2 0 3 1 0 2
-0.00154042374662109 3 3 1 0 2 0 3 1 3 2
0.012575880996401353 3 3 1 0 2 0 3 2 0 1
0.00154042374662109 3 3 1 0 2 0 3 2 3 1
8.112781207533024e-05 3 3 1 0 2 0 3 3 1 2
-8.112781207533024e-05 3 3 1 0 2 0 3 3 2 1
1.7597801888649775e-06 3 3 1 0 2 1 1 1 2 0
1.3627607078257527e-06 3 3 1 0 2 1 1 2 1 0
-3.2181780748342383e-05 3 3 1 0 2 1 2 1 1 0
-2.905923985165166e-05 3 3 1 0 2 1 2 2 2 0
0.00013379496291669564 3 3 1 0 2 1 2 3 3 0
2.905923985165166e-05 3 3 1 0 2 2 1 1 1 0
3.2181780748342383e-05 3 3 1 0 2 2 1 2 2 0
-0.00013379496291669564 3 3 1 0 2 2 1 3 3 0
-1.362760707825746e-06 3 3 1 0 2 2 2 1 2 0
-1.7597801888649775e-06 3 3 1 0 2 2 2 2 1 0
-0.012497120231474684 3 3 1 0 2 3 0 1 0 2
-0.0015004654409452676 3 3 1 0 2 3 0 1 3 2
0.012497120231474684 3 3 1 0 2 3 0 2 0 1
0.0015004654409452676 3 3 1 0 2 3 0 2 3 1
7.450369750104317e-05 3 3 1 0 2 3 0 3 1 2
-7.450369750104317e-05 3 3 1 0 2 3 0 3 2 1
-0.001715796500949721 3 3 1 0 2 3 3 1 0 2
0.001715796500949721 3 3 1 0 2 3 3 2 0 1
5.359148149084446 3 3 1 1 0 0 0 0 0 0
-0.012878587228124712 3 3 1 1 0 0 0 0 0 3
-0.013714171414458416 3 3 1 1 0 0 0 0 3 0
-0.001865638297578996 3 3 1 1 0 0 0 0 3 3
0.00019953213532288537 3 3 1 1 0 0 0 1 1 0
0.00019953213532288537 3 3 1 1 0 0 0 2 2 0
45.576201370318834 3 3 1 1 0 0 0 3 0 0
5.83947512879057 3 3 1 1 0 0 0 3 0 3
5.358928397049293 3 3 1 1 0 0 0 3 3 0
-0.012888203832998773 3 3 1 1 0 0 0 3 3 3
-0.014549226379003789 3 3 1 1 0 0 3 0 0 0
-0.0015729435617182837 3 3 1 1 0 0 3 0 0 3
-0.0017803433415664836 3 3 1 1 0 0 3 0 3 0
5.916489475718435 3 3 1 1 0 0 3 3 0 0
-0.011659688875924088 3 3 1 1 0 0 3 3 0 3
-0.014559002751566687 3 3 1 1 0 0 3 3 3 0
-0.0015729435617182826 3 3 1 1 0 0 3 3 3 3
8.47707076567518e-06 3 3 1 1 0 1 1 0 1 1
-0.0003696807338726014 3 3 1 1 0 1 1 0 2 2
3.7251058180155104e-05 3 3 1 1 0 1 1 3 1 1
-0.0013905077678915364 3 3 1 1 0 1 1 3 2 2
0.0003781578046382764 3 3 1 1 0 1 2 0 2 1
0.0014277588260716912 3 3 1 1 0 1 2 3 2 1
0.0003781578046382764 3 3 1 1 0 2 1 0 1 2
0.0014277588260716912 3 3 1 1 0 2 1 3 1 2
-0.0003696807338726014 3 3 1 1 0 2 2 0 1 1
8.47707076567518e-06 3 3 1 1 0 2 2 0 2 2
-0.0013905077678915364 3 3 1 1 0 2 2 3 1 1
3.7251058180155104e-05 3 3 1 1 0 2 2 3 2 2
-0.0043750898276608725 3 3 1 1 0 3 0 0 0 0
-0.0004515666552256673 3 3 1 1 0 3 0 0 0 3
-9.315490658447972e-05 3 3 1 1 0 3 0 0 3 0
2.9325556495846756 3 3 1 1 0 3 0 3 0 0
-0.008029148175236507 3 3 1 1 0 3 0 3 0 3
-0.005741705625981641 3 3 1 1 0 3 0 3 3 0
-0.0006359770389609889 3 3 1 1 0 3 0 3 3 3
-0.0003727808062720144 3 3 1 1 0 3 3 0 0 0
-0.008820544053448691 3 3 1 1 0 3 3 3 0 0
-0.0007362436412369617 3 3 1 1 0 3 3 3 0 3
-0.0005601532740024847 3 3 1 1 0 3 3 3 3 0
-0.010884200101294454 3 3 1 1 3 0 0 0 0 0
-0.0017406260403024529 3 3 1 1 3 0 0 0 0 3
-0.0016187676536983213 3 3 1 1 3 0 0 0 3 0
2.726439058461667 3 3 1 1 3 0 0 3 0 0
-0.011185179412723413 3 3 1 1 3 0 0 3 0 3
-0.010886102706910344 3 3 1 1 3 0 0 3 3 0
-0.0017406260403024518 3 3 1 1 3 0 0 3 3 3
-0.001655838492798622 3 3 1 1 3 0 3 0 0 0
-0.011650447293554437 3 3 1 1 3 0 3 3 0 0
-0.0018613485797762163 3 3 1 1 3 0 3 3 0 3
-0.0016558384927986213 3 3 1 1 3 0 3 3 3 0
4.618571500049368e-05 3 3 1 1 3 1 1 0 1 1
-0.002416646760293644 3 3 1 1 3 1 1 0 2 2
-8.134447606161651e-09 3 3 1 1 3 1 1 1 3 1
2.7442679402098395e-05 3 3 1 1 3 1 1 2 3 2
-0.03228702220010542 3 3 1 1 3 1 1 3 1 1
2.7050624877983185 3 3 1 1 3 1 1 3 2 2
0.0024628324752941377 3 3 1 1 3 1 2 0 2 1
-3.0899434971950924e-07 3 3 1 1 3 1 2 1 3 2
-2.7141819499985016e-05 3 3 1 1 3 1 2 2 3 1
-3.6525669306963217e-06 3 3 1 1 3 1 2 3 1 2
-2.737345857431492 3 3 1 1 3 1 2 3 2 1
0.0024628324752941377 3 3 1 1 3 2 1 0 1 2
-2.7141819499985016e-05 3 3 1 1 3 2 1 1 3 2
-3.0899434971950924e-07 3 3 1 1 3 2 1 2 3 1
-2.737345857431492 3 3 1 1 3 2 1 3 1 2
-3.6525669306963217e-06 3 3 1 1 3 2 1 3 2 1
-0.002416646760293644 3 3 1 1 3 2 2 0 1 1
4.618571500049368e-05 3 3 1 1 3 2 2 0 2 2
2.7442679402098422e-05 3 3 1 1 3 2 2 1 3 1
-8.134447606161651e-09 3 3 1 1 3 2 2 2 3 2
2.7050624877983176 3 3 1 1 3 2 2 3 1 1
-0.03228702220010542 3 3 1 1 3 2 2 3 2 2
-0.0005932014877016598 3 3 1 1 3 3 0 0 0 0
-0.006003244536214817 3 3 1 1 3 3 0 3 0 0
-0.0008611235731510619 3 3 1 1 3 3 0 3 0 3
-0.0006547151343857816 3 3 1 1 3 3 0 3 3 0
-0.0008185460523498264 3 3 1 1 3 3 3 3 0 0
2.5449925460804295 3 3 1 2 0 0 0 1 2 0
-0.006900329807671078 3 3 1 2 0 0 0 1 2 3
-2.5449925460804295 3 3 1 2 0 0 0 2 1 0
0.006900329807671078 3 3 1 2 0 0 0 2 1 3
-0.007959982707656493 3 3 1 2 0 0 3 1 2 0
-0.0010015166993260212 3 3 1 2 0 0 3 1 2 3
0.007959982707656493 3 3 1 2 0 0 3 2 1 0
0.0010015166993260212 3 3 1 2 0 0 3 2 1 3
-0.00043635144181130154 3 3 1 2 0 1 1 1 0 2
-0.0017299077926735324 3 3 1 2 0 1 1 1 3 2
-8.65988202344807e-06 3 3 1 2 0 1 1 2 0 1
-3.83400457648582e-05 3 3 1 2 0 1 1 2 3 1
0.0004450113238347496 3 3 1 2 0 1 2 1 0 1
0.0017682478384383905 3 3 1 2 0 1 2 1 3 1
-0.0004450113238347496 3 3 1 2 0 2 1 2 0 2
-0.0017682478384383905 3 3 1 2 0 2 1 2 3 2
8.65988202344807e-06 3 3 1 2 0 2 2 1 0 2
3.83400457648582e-05 3 3 1 2 0 2 2 1 3 2
0.00043635144181130154 3 3 1 2 0 2 2 2 0 1
0.0017299077926735324 3 3 1 2 0 2 2 2 3 1
-0.0109954668230095 3 3 1 2 0 3 0 1 2 0
-0.0014555265302993025 3 3 1 2 0 3 0 1 2 3
0.0109954668230095 3 3 1 2 0 3 0 2 1 0
0.0014555265302993025 3 3 1 2 0 3 0 2 1 3
-0.001455396529490036 3 3 1 2 0 3 3 1 2 0
0.001455396529490036 3 3 1 2 0 3 3 2 1 0
-0.006123569741962931 3 3 1 2 3 0 0 1 2 0
-0.0010264165429436562 3 3 1 2 3 0 0 1 2 3
0.006123569741962931 3 3 1 2 3 0 0 2 1 0
0.0010264165429436562 3 3 1 2 3 0 0 2 1 3
-0.0009734114006533277 3 3 1 2 3 0 3 1 2 0
0.0009734114006533277 3 3 1 2 3 0 3 2 1 0
-0.002817865091823305 3 3 1 2 3 1 1 1 0 2
3.3439092729923927 3 3 1 2 3 1 1 1 3 2
-4.922610205700883e-05 3 3 1 2 3 1 1 2 0 1
0.0418365133571261 3 3 1 2 3 1 1 2 3 1
-3.555783754344257e-05 3 3 1 2 3 1 1 3 1 2
-1.053990983385489e-08 3 3 1 2 3 1 1 3 2 1
0.0028670911938803137 3 3 1 2 3 1 2 1 0 1
-3.385742157746317 3 3 1 2 3 1 2 1 3 1
3.6286032014656186e-06 3 3 1 2 3 1 2 2 3 2
3.516800944517515e-05 3 3 1 2 3 1 2 3 1 1
-4.003680081012376e-07 3 3 1 2 3 1 2 3 2 2
-3.628603201465605e-06 3 3 1 2 3 2 1 1 3 1
-0.0028670911938803137 3 3 1 2 3 2 1 2 0 2
3.385742157746317 3 3 1 2 3 2 1 2 3 2
4.003680081012355e-07 3 3 1 2 3 2 1 3 1 1
-3.516800944517515e-05 3 3 1 2 3 2 1 3 2 2
4.922610205700883e-05 3 3 1 2 3 2 2 1 0 2
-0.041836513357126105 3 3 1 2 3 2 2 1 3 2
0.002817865091823305 3 3 1 2 3 2 2 2 0 1
-3.3439092729923927 3 3 1 2 3 2 2 2 3 1
1.053990983385489e-08 3 3 1 2 3 2 2 3 1 2
3.555783754344257e-05 3 3 1 2 3 2 2 3 2 1
-0.0011019678090097552 3 3 1 2 3 3 0 1 2 0
0.0011019678090097552 3 3 1 2 3 3 0 2 1 0
-2.7206940708049438e-05 3 3 1 3 1 0 0 3 1 1
-2.7206940708049438e-05 3 3 1 3 1 0 0 3 2 2
0.0006034945251568873 3 3 1 3 1 1 1 0 0 0
0.00020348019608724548 3 3 1 3 1 1 1 0 0 3
-0.24223262260287168 3 3 1 3 1 1 1 0 3 0
0.0014744334380708195 3 3 1 3 1 1 1 0 3 3
2.3362887103398092e-05 3 3 1 3 1 1 1 1 1 0
-2.0908580461538838e-05 3 3 1 3 1 1 1 1 1 3
1.9850020516358796e-05 3 3 1 3 1 1 1 2 2 0
-2.5910489600690344e-05 3 3 1 3 1 1 1 2 2 3
-0.25473223478838986 3 3 1 3 1 1 1 3 0 0
0.0009445497015949126 3 3 1 3 1 1 1 3 0 3
-2.197728051722346 3 3 1 3 1 1 1 3 3 0
-0.7701369212236912 3 3 1 3 1 1 1 3 3 3
3.512866587039293e-06 3 3 1 3 1 1 2 1 2 0
5.001909139151496e-06 3 3 1 3 1 1 2 1 2 3
3.512866587039293e-06 3 3 1 3 1 2 1 2 1 0
5.001909139151496e-06 3 3 1 3 1 2 1 2 1 3
0.0006034945251568873 3 3 1 3 1 2 2 0 0 0
0.00020348019608724548 3 3 1 3 1 2 2 0 0 3
-0.24223262260287168 3 3 1 3 1 2 2 0 3 0
0.0014744334380708195 3 3 1 3 1 2 2 0 3 3
1.9850020516358796e-05 3 3 1 3 1 2 2 1 1 0
-2.5910489600690344e-05 3 3 1 3 1 2 2 1 1 3
2.3362887103398092e-05 3 3 1 3 1 2 2 2 2 0
-2.0908580461538838e-05 3 3 1 3 1 2 2 2 2 3
-0.25473223478838986 3 3 1 3 1 2 2 3 0 0
0.0009445497015949126 3 3 1 3 1 2 2 3 0 3
-2.197728051722346 3 3 1 3 1 2 2 3 3 0
-0.7701369212236912 3 3 1 3 1 2 2 3 3 3
-0.00012873936684766656 3 3 1 3 2 0 0 0 1 2
0.00012873936684766656 3 3 1 3 2 0 0 0 2 1
-0.00997081781839116 3 3 1 3 2 0 0 1 0 2
-0.0013962160403784877 3 3 1 3 2 0 0 1 3 2
0.00997081781839116 3 3 1 3 2 0 0 2 0 1
0.0013962160403784877 3 3 1 3 2 0 0 2 3 1
-0.02739801043549803 3 3 1 3 2 0 0 3 1 2
0.02739801043549803 3 3 1 3 2 0 0 3 2 1
-2.8554897605562304e-05 3 3 1 3 2 0 3 0 1 2
2.8554897605562304e-05 3 3 1 3 2 0 3 0 2 1
-0.0014300618274617853 3 3 1 3 2 0 3 1 0 2
0.0014300618274617853 3 3 1 3 2 0 3 2 0 1
7.6053415071942795e-06 3 3 1 3 2 0 3 3 1 2
-7.6053415071942795e-06 3 3 1 3 2 0 3 3 2 1
0.00018268675338725194 3 3 1 3 2 1 2 0 3 0
0.00016068611865811816 3 3 1 3 2 1 2 3 0 0
0.0010185204300440624 3 3 1 3 2 1 2 3 3 0
8.905741642485318e-05 3 3 1 3 2 1 2 3 3 3
-0.00018268675338725194 3 3 1 3 2 2 1 0 3 0
-0.00016068611865811816 3 3 1 3 2 2 1 3 0 0
-0.0010185204300440624 3 3 1 3 2 2 1 3 3 0
-8.905741642485318e-05 3 3 1 3 2 2 1 3 3 3
7.440140205385236e-05 3 3 1 3 2 3 0 0 1 2
-7.440140205385236e-05 3 3 1 3 2 3 0 0 2 1
-0.0014453031852237302 3 3 1 3 2 3 0 1 0 2
0.0014453031852237302 3 3 1 3 2 3 0 2 0 1
0.00042257975980702423 3 3 1 3 2 3 0 3 1 2
-0.00042257975980702423 3 3 1 3 2 3 0 3 2 1
8.23024111128649e-05 3 3 1 3 2 3 3 3 1 2
-8.23024111128649e-05 3 3 1 3 2 3 3 3 2 1
-2.9965852037672027e-05 3 3 2 0 1 0 0 0 1 2
2.9965852037672027e-05 3 3 2 0 1 0 0 0 2 1
-3.9140112479147757 3 3 2 0 1 0 0 1 0 2
0.010859207342903325 3 3 2 0 1 0 0 1 3 2
3.9140112479147753 3 3 2 0 1 0 0 2 0 1
-0.010859207342903325 3 3 2 0 1 0 0 2 3 1
-0.00041363290429263414 3 3 2 0 1 0 0 3 1 2
0.00041363290429263414 3 3 2 0 1 0 0 3 2 1
0.012575880996401353 3 3 2 0 1 0 3 1 0 2
0.00154042374662109 3 3 2 0 1 0 3 1 3 2
-0.012575880996401353 3 3 2 0 1 0 3 2 0 1
-0.00154042374662109 3 3 2 0 1 0 3 2 3 1
-8.112781207533024e-05 3 3 2 0 1 0 3 3 1 2
8.112781207533024e-05 3 3 2 0 1 0 3 3 2 1
-1.7597801888649742e-06 3 3 2 0 1 1 1 1 2 0
-1.362760707825746e-06 3 3 2 0 1 1 1 2 1 0
3.21817807483424e-05 3 3 2 0 1 1 2 1 1 0
2.9059239851651663e-05 3 3 2 0 1 1 2 2 2 0
-0.00013379496291669564 3 3 2 0 1 1 2 3 3 0
-2.9059239851651663e-05 3 3 2 0 1 2 1 1 1 0
-3.21817807483424e-05 3 3 2 0 1 2 1 2 2 0
0.00013379496291669564 3 3 2 0 1 2 1 3 3 0
1.362760707825746e-06 3 3 2 0 1 2 2 1 2 0
1.7597801888649775e-06 3 3 2 0 1 2 2 2 1 0
0.012497120231474684 3 3 2 0 1 3 0 1 0 2
0.0015004654409452676 3 3 2 0 1 3 0 1 3 2
-0.012497120231474684 3 3 2 0 1 3 0 2 0 1
-0.0015004654409452676 3 3 2 0 1 3 0 2 3 1
-7.450369750104317e-05 3 3 2 0 1 3 0 3 1 2
7.450369750104317e-05 3 3 2 0 1 3 0 3 2 1
0.0017157965009497213 3 3 2 0 1 3 3 1 0 2
-0.0017157965009497213 3 3 2 0 1 3 3 2 0 1
0.0002560681912291889 3 3 2 0 2 0 0 1 0 1
0.0002560681912291889 3 3 2 0 2 0 0 2 0 2
8.637296243241541e-05 3 3 2 0 2 1 1 0 0 0
0.0006166136904926828 3 3 2 0 2 1 1 0 3 0
0.00018703935303163158 3 3 2 0 2 1 1 0 3 3
-0.016514366506104015 3 3 2 0 2 1 1 1 1 0
3.673595861768562e-05 3 3 2 0 2 1 1 1 1 3
-0.011819778137554506 3 3 2 0 2 1 1 2 2 0
-0.0004289875853013972 3 3 2 0 2 1 1 2 2 3
0.0006514069687230858 3 3 2 0 2 1 1 3 0 0
0.0001780721226313237 3 3 2 0 2 1 1 3 0 3
-0.2538618285869533 3 3 2 0 2 1 1 3 3 0
0.0009665507413253292 3 3 2 0 2 1 1 3 3 3
-0.00469559413115054 3 3 2 0 2 1 2 1 2 0
0.00046572354391908276 3 3 2 0 2 1 2 1 2 3
1.0057626010192913e-06 3 3 2 0 2 1 2 2 1 0
1.0057626010192913e-06 3 3 2 0 2 2 1 1 2 0
-0.004695594131150537 3 3 2 0 2 2 1 2 1 0
0.00046572354391908276 3 3 2 0 2 2 1 2 1 3
8.637296243241541e-05 3 3 2 0 2 2 2 0 0 0
0.0006166136904926828 3 3 2 0 2 2 2 0 3 0
0.00018703935303163158 3 3 2 0 2 2 2 0 3 3
-0.011819778137554506 3 3 2 0 2 2 2 1 1 0
-0.0004289875853013972 3 3 2 0 2 2 2 1 1 3
-0.016514366506104015 3 3 2 0 2 2 2 2 2 0
3.673595861768562e-05 3 3 2 0 2 2 2 2 2 3
0.0006514069687230858 3 3 2 0 2 2 2 3 0 0
0.0001780721226313237 3 3 2 0 2 2 2 3 0 3
-0.2538618285869533 3 3 2 0 2 2 2 3 3 0
0.0009665507413253292 3 3 2 0 2 2 2 3 3 3
-2.5449925460804295 3 3 2 1 0 0 0 1 2 0
0.006900329807671078 3 3 2 1 0 0 0 1 2 3
2.54499254608043 3 3 2 1 0 0 0 2 1 0
-0.006900329807671078 3 3 2 1 0 0 0 2 1 3
0.007959982707656493 3 3 2 1 0 0 3 1 2 0
0.0010015166993260212 3 3 2 1 0 0 3 1 2 3
-0.007959982707656493 3 3 2 1 0 0 3 2 1 0
-0.0010015166993260212 3 3 2 1 0 0 3 2 1 3
0.0004363514418113016 3 3 2 1 0 1 1 1 0 2
0.0017299077926735324 3 3 2 1 0 1 1 1 3 2
8.65988202344807e-06 3 3 2 1 0 1 1 2 0 1
3.83400457648582e-05 3 3 2 1 0 1 1 2 3 1
-0.0004450113238347497 3 3 2 1 0 1 2 1 0 1
-0.0017682478384383905 3 3 2 1 0 1 2 1 3 1
0.0004450113238347497 3 3 2 1 0 2 1 2 0 2
0.0017682478384383905 3 3 2 1 0 2 1 2 3 2
-8.65988202344807e-06 3 3 2 1 0 2 2 1 0 2
-3.83400457648582e-05 3 3 2 1 0 2 2 1 3 2
-0.0004363514418113016 3 3 2 1 0 2 2 2 0 1
-0.0017299077926735324 3 3 2 1 0 2 2 2 3 1
0.0109954668230095 3 3 2 1 0 3 0 1 2 0
0.0014555265302993025 3 3 2 1 0 3 0 1 2 3
-0.0109954668230095 3 3 2 1 0 3 0 2 1 0
-0.0014555265302993025 3 3 2 1 0 3 0 2 1 3
0.001455396529490036 3 3 2 1 0 3 3 1 2 0
-0.001455396529490036 3 3 2 1 0 3 3 2 1 0
0.006123569741962931 3 3 2 1 3 0 0 1 2 0
0.0010264165429436562 3 3 2 1 3 0 0 1 2 3
-0.006123569741962931 3 3 2 1 3 0 0 2 1 0
-0.0010264165429436562 3 3 2 1 3 0 0 2 1 3
0.0009734114006533277 3 3 2 1 3 0 3 1 2 0
-0.0009734114006533277 3 3 2 1 3 0 3 2 1 0
0.002817865091823305 3 3 2 1 3 1 1 1 0 2
-3.3439092729923927 3 3 2 1 3 1 1 1 3 2
4.922610205700883e-05 3 3 2 1 3 1 1 2 0 1
-0.041836513357126105 3 3 2 1 3 1 1 2 3 1
3.555783754344252e-05 3 3 2 1 3 1 1 3 1 2
1.0539909833814232e-08 3 3 2 1 3 1 1 3 2 1
-0.002867091193880314 3 3 2 1 3 1 2 1 0 1
3.385742157746317 3 3 2 1 3 1 2 1 3 1
-3.6286032014656186e-06 3 3 2 1 3 1 2 2 3 2
-3.516800944517519e-05 3 3 2 1 3 1 2 3 1 1
4.003680081012715e-07 3 3 2 1 3 1 2 3 2 2
3.628603201465612e-06 3 3 2 1 3 2 1 1 3 1
0.002867091193880314 3 3 2 1 3 2 1 2 0 2
-3.3857421577463174 3 3 2 1 3 2 1 2 3 2
-4.0036800810126936e-07 3 3 2 1 3 2 1 3 1 1
3.516800944517518e-05 3 3 2 1 3 2 1 3 2 2
-4.922610205700883e-05 3 3 2 1 3 2 2 1 0 2
0.041836513357126105 3 3 2 1 3 2 2 1 3 2
-0.002817865091823305 3 3 2 1 3 2 2 2 0 1
3.343909272992393 3 3 2 1 3 2 2 2 3 1
-1.0539909833814232e-08 3 3 2 1 3 2 2 3 1 2
-3.555783754344252e-05 3 3 2 1 3 2 2 3 2 1
0.0011019678090097552 3 3 2 1 3 3 0 1 2 0
-0.0011019678090097552 3 3 2 1 3 3 0 2 1 0
5.3591481490844455 3 3 2 2 0 0 0 0 0 0
-0.012878587228124712 3 3 2 2 0 0 0 0 0 3
-0.013714171414458416 3 3 2 2 0 0 0 0 3 0
-0.001865638297578996 3 3 2 2 0 0 0 0 3 3
0.00019953213532288537 3 3 2 2 0 0 0 1 1 0
0.00019953213532288537 3 3 2 2 0 0 0 2 2 0
45.57620137031883 3 3 2 2 0 0 0 3 0 0
5.83947512879057 3 3 2 2 0 0 0 3 0 3
5.358928397049292 3 3 2 2 0 0 0 3 3 0
-0.012888203832998773 3 3 2 2 0 0 0 3 3 3
-0.014549226379003789 3 3 2 2 0 0 3 0 0 0
-0.0015729435617182837 3 3 2 2 0 0 3 0 0 3
-0.0017803433415664836 3 3 2 2 0 0 3 0 3 0
5.916489475718435 3 3 2 2 0 0 3 3 0 0
-0.011659688875924088 3 3 2 2 0 0 3 3 0 3
-0.014559002751566687 3 3 2 2 0 0 3 3 3 0
-0.0015729435617182826 3 3 2 2 0 0 3 3 3 3
8.47707076567518e-06 3 3 2 2 0 1 1 0 1 1
-0.00036968073387260136 3 3 2 2 0 1 1 0 2 2
3.7251058180155104e-05 3 3 2 2 0 1 1 3 1 1
-0.0013905077678915362 3 3 2 2 0 1 1 3 2 2
0.0003781578046382765 3 3 2 2 0 1 2 0 2 1
0.001427758826071691 3 3 2 2 0 1 2 3 2 1
0.0003781578046382765 3 3 2 2 0 2 1 0 1 2
0.001427758826071691 3 3 2 2 0 2 1 3 1 2
-0.00036968073387260136 3 3 2 2 0 2 2 0 1 1
8.47707076567518e-06 3 3 2 2 0 2 2 0 2 2
-0.0013905077678915362 3 3 2 2 0 2 2 3 1 1
3.7251058180155104e-05 3 3 2 2 0 2 2 3 2 2
-0.0043750898276608725 3 3 2 2 0 3 0 0 0 0
-0.0004515666552256673 3 3 2 2 0 3 0 0 0 3
-9.315490658447972e-05 3 3 2 2 0 3 0 0 3 0
2.9325556495846747 3 3 2 2 0 3 0 3 0 0
-0.008029148175236507 3 3 2 2 0 3 0 3 0 3
-0.00574170562598164 3 3 2 2 0 3 0 3 3 0
-0.0006359770389609889 3 3 2 2 0 3 0 3 3 3
-0.0003727808062720144 3 3 2 2 0 3 3 0 0 0
-0.008820544053448691 3 3 2 2 0 3 3 3 0 0
-0.0007362436412369617 3 3 2 2 0 3 3 3 0 3
-0.0005601532740024847 3 3 2 2 0 3 3 3 3 0
-0.010884200101294454 3 3 2 2 3 0 0 0 0 0
-0.0017406260403024529 3 3 2 2 3 0 0 0 0 3
-0.0016187676536983213 3 3 2 2 3 0 0 0 3 0
2.726439058461667 3 3 2 2 3 0 0 3 0 0
-0.011185179412723413 3 3 2 2 3 0 0 3 0 3
-0.010886102706910344 3 3 2 2 3 0 0 3 3 0
-0.0017406260403024518 3 3 2 2 3 0 0 3 3 3
-0.001655838492798622 3 3 2 2 3 0 3 0 0 0
-0.011650447293554437 3 3 2 2 3 0 3 3 0 0
-0.0018613485797762163 3 3 2 2 3 0 3 3 0 3
-0.0016558384927986213 3 3 2 2 3 0 3 3 3 0
4.618571500049368e-05 3 3 2 2 3 1 1 0 1 1
-0.002416646760293644 3 3 2 2 3 1 1 0 2 2
-8.134447606141322e-09 3 3 2 2 3 1 1 1 3 1
2.7442679402098402e-05 3 3 2 2 3 1 1 2 3 2
-0.03228702220010541 3 3 2 2 3 1 1 3 1 1
2.705062487798318 3 3 2 2 3 1 1 3 2 2
0.0024628324752941377 3 3 2 2 3 1 2 0 2 1
-3.0899434971951623e-07 3 3 2 2 3 1 2 1 3 2
-2.7141819499985026e-05 3 3 2 2 3 1 2 2 3 1
-3.6525669306962675e-06 3 3 2 2 3 1 2 3 1 2
-2.737345857431492 3 3 2 2 3 1 2 3 2 1
0.0024628324752941377 3 3 2 2 3 2 1 0 1 2
-2.7141819499985026e-05 3 3 2 2 3 2 1 1 3 2
-3.0899434971950945e-07 3 3 2 2 3 2 1 2 3 1
-2.737345857431492 3 3 2 2 3 2 1 3 1 2
-3.6525669306962675e-06 3 3 2 2 3 2 1 3 2 1
-0.002416646760293644 3 3 2 2 3 2 2 0 1 1
4.618571500049368e-05 3 3 2 2 3 2 2 0 2 2
2.7442679402098402e-05 3 3 2 2 3 2 2 1 3 1
-8.134447606141322e-09 3 3 2 2 3 2 2 2 3 2
2.7050624877983176 3 3 2 2 3 2 2 3 1 1
-0.03228702220010541 3 3 2 2 3 2 2 3 2 2
-0.0005932014877016598 3 3 2 2 3 3 0 0 0 0
-0.006003244536214817 3 3 2 2 3 3 0 3 0 0
-0.0008611235731510619 3 3 2 2 3 3 0 3 0 3
-0.0006547151343857816 3 3 2 2 3 3 0 3 3 0
-0.0008185460523498264 3 3 2 2 3 3 3 3 0 0
0.00012873936684766656 3 3 2 3 1 0 0 0 1 2
-0.00012873936684766656 3 3 2 3 1 0 0 0 2 1
0.00997081781839116 3 3 2 3 1 0 0 1 0 2
0.0013962160403784877 3 3 2 3 1 0 0 1 3 2
-0.00997081781839116 3 3 2 3 1 0 0 2 0 1
-0.0013962160403784877 3 3 2 3 1 0 0 2 3 1
0.02739801043549803 3 3 2 3 1 0 0 3 1 2
-0.02739801043549803 3 3 2 3 1 0 0 3 2 1
2.8554897605562304e-05 3 3 2 3 1 0 3 0 1 2
-2.8554897605562304e-05 3 3 2 3 1 0 3 0 2 1
0.0014300618274617853 3 3 2 3 1 0 3 1 0 2
-0.0014300618274617853 3 3 2 3 1 0 3 2 0 1
-7.6053415071942795e-06 3 3 2 3 1 0 3 3 1 2
7.6053415071942795e-06 3 3 2 3 1 0 3 3 2 1
-0.00018268675338725196 3 3 2 3 1 1 2 0 3 0
-0.00016068611865811816 3 3 2 3 1 1 2 3 0 0
-0.0010185204300440622 3 3 2 3 1 1 2 3 3 0
-8.90574164248531e-05 3 3 2 3 1 1 2 3 3 3
0.00018268675338725196 3 3 2 3 1 2 1 0 3 0
0.00016068611865811816 3 3 2 3 1 2 1 3 0 0
0.0010185204300440622 3 3 2 3 1 2 1 3 3 0
8.905741642485312e-05 3 3 2 3 1 2 1 3 3 3
-7.440140205385236e-05 3 3 2 3 1 3 0 0 1 2
7.440140205385236e-05 3 3 2 3 1 3 0 0 2 1
0.0014453031852237302 3 3 2 3 1 3 0 1 0 2
-0.0014453031852237302 3 3 2 3 1 3 0 2 0 1
-0.0004225797598070243 3 3 2 3 1 3 0 3 1 2
0.0004225797598070243 3 3 2 3 1 3 0 3 2 1
-8.23024111128649e-05 3 3 2 3 1 3 3 3 1 2
8.23024111128649e-05 3 3 2 3 1 3 3 3 2 1
-2.7206940708049445e-05 3 3 2 3 2 0 0 3 1 1
-2.7206940708049445e-05 3 3 2 3 2 0 0 3 2 2
0.0006034945251568873 3 3 2 3 2 1 1 0 0 0
0.0002034801960872455 3 3 2 3 2 1 1 0 0 3
-0.24223262260287168 3 3 2 3 2 1 1 0 3 0
0.0014744334380708195 3 3 2 3 2 1 1 0 3 3
2.3362887103398092e-05 3 3 2 3 2 1 1 1 1 0
-2.0908580461538834e-05 3 3 2 3 2 1 1 1 1 3
1.98500205163588e-05 3 3 2 3 2 1 1 2 2 0
-2.5910489600690344e-05 3 3 2 3 2 1 1 2 2 3
-0.25473223478838974 3 3 2 3 2 1 1 3 0 0
0.0009445497015949126 3 3 2 3 2 1 1 3 0 3
-2.197728051722346 3 3 2 3 2 1 1 3 3 0
-0.7701369212236912 3 3 2 3 2 1 1 3 3 3
3.512866587039293e-06 3 3 2 3 2 1 2 1 2 0
5.0019091391515026e-06 3 3 2 3 2 1 2 1 2 3
3.512866587039293e-06 3 3 2 3 2 2 1 2 1 0
5.0019091391515026e-06 3 3 2 3 2 2 1 2 1 3
0.0006034945251568873 3 3 2 3 2 2 2 0 0 0
0.0002034801960872455 3 3 2 3 2 2 2 0 0 3
-0.24223262260287168 3 3 2 3 2 2 2 0 3 0
0.0014744334380708195 3 3 2 3 2 2 2 0 3 3
1.98500205163588e-05 3 3 2 3 2 2 2 1 1 0
-2.5910489600690344e-05 3 3 2 3 2 2 2 1 1 3
2.3362887103398092e-05 3 3 2 3 2 2 2 2 2 0
-2.0908580461538834e-05 3 3 2 3 2 2 2 2 2 3
-0.25473223478838974 3 3 2 3 2 2 2 3 0 0
0.0009445497015949126 3 3 2 3 2 2 2 3 0 3
-2.1977280517223456 3 3 2 3 2 2 2 3 3 0
-0.7701369212236912 3 3 2 3 2 2 2 3 3 3
-1125.1522470529223 3 3 3 0 0 0 0 0 0 0
-159.21836753644206 3 3 3 0 0 0 0 0 0 3
-148.75480702523186 3 3 3 0 0 0 0 0 3 0
0.6345363758691682 3 3 3 0 0 0 0 0 3 3
0.005240025612988383 3 3 3 0 0 0 0 1 1 0
0.0009119974639044488 3 3 3 0 0 0 0 1 1 3
0.005240025612988383 3 3 3 0 0 0 0 2 2 0
0.0009119974639044488 3 3 3 0 0 0 0 2 2 3
-155.04700348517983 3 3 3 0 0 0 0 3 0 0
0.6507259266777337 3 3 3 0 0 0 0 3 0 3
0.6531456445158377 3 3 3 0 0 0 0 3 3 0
0.09514720385330337 3 3 3 0 0 0 0 3 3 3
-149.39735005107414 3 3 3 0 0 0 3 0 0 0
0.6451693282428268 3 3 3 0 0 0 3 0 0 3
0.656968194986501 3 3 3 0 0 0 3 0 3 0
0.09020174137402291 3 3 3 0 0 0 3 0 3 3
0.0008856858202935753 3 3 3 0 0 0 3 1 1 0
0.0008856858202935753 3 3 3 0 0 0 3 2 2 0
0.6756898401779718 3 3 3 0 0 0 3 3 0 0
0.09265370398616812 3 3 3 0 0 0 3 3 0 3
0.08896827361534476 3 3 3 0 0 0 3 3 3 0
-0.0006921850568171876 3 3 3 0 0 1 1 0 1 1
0.011784947994168805 3 3 3 0 0 1 1 0 2 2
0.0001245656933115681 3 3 3 0 0 1 1 1 3 1
-0.0018136679629723383 3 3 3 0 0 1 1 2 3 2
-0.00011141674627060502 3 3 3 0 0 1 1 3 1 1
0.0018138123925774887 3 3 3 0 0 1 1 3 2 2
-0.01247713305098599 3 3 3 0 0 1 2 0 2 1
0.0019382336562839065 3 3 3 0 0 1 2 2 3 1
-0.0019252291388480937 3 3 3 0 0 1 2 3 2 1
-0.01247713305098599 3 3 3 0 0 2 1 0 1 2
0.0019382336562839065 3 3 3 0 0 2 1 1 3 2
-0.0019252291388480937 3 3 3 0 0 2 1 3 1 2
0.011784947994168805 3 3 3 0 0 2 2 0 1 1
-0.0006921850568171876 3 3 3 0 0 2 2 0 2 2
-0.0018136679629723383 3 3 3 0 0 2 2 1 3 1
0.0001245656933115681 3 3 3 0 0 2 2 2 3 2
0.0018138123925774887 3 3 3 0 0 2 2 3 1 1
-0.00011141674627060502 3 3 3 0 0 2 2 3 2 2
-154.886182090057 3 3 3 0 0 3 0 0 0 0
0.6868226853061259 3 3 3 0 0 3 0 0 0 3
0.6763339663693156 3 3 3 0 0 3 0 0 3 0
0.09491201835914286 3 3 3 0 0 3 0 0 3 3
-5.4676829780870944e-05 3 3 3 0 0 3 0 1 1 0
-5.4676829780870944e-05 3 3 3 0 0 3 0 2 2 0
0.6911273042459656 3 3 3 0 0 3 0 3 0 0
0.09688693334156895 3 3 3 0 0 3 0 3 0 3
0.0899879227217105 3 3 3 0 0 3 0 3 3 0
0.7045294301435635 3 3 3 0 0 3 3 0 0 0
0.0932254746650873 3 3 3 0 0 3 3 0 0 3
0.08809595274272165 3 3 3 0 0 3 3 0 3 0
0.09009618427333538 3 3 3 0 0 3 3 3 0 0
-143.84043224279122 3 3 3 0 3 0 0 0 0 0
0.6043185684004285 3 3 3 0 3 0 0 0 0 3
0.5973194443843642 3 3 3 0 3 0 0 0 3 0
0.095500325935757 3 3 3 0 3 0 0 0 3 3
0.0007737920575832018 3 3 3 0 3 0 0 1 1 0
0.0007737920575832018 3 3 3 0 3 0 0 2 2 0
0.6117146370461001 3 3 3 0 3 0 0 3 0 0
0.09800984038135596 3 3 3 0 3 0 0 3 0 3
0.09111160425561618 3 3 3 0 3 0 0 3 3 0
0.6238105689080207 3 3 3 0 3 0 3 0 0 0
0.09435314453312667 3 3 3 0 3 0 3 0 0 3
0.08888240068732617 3 3 3 0 3 0 3 0 3 0
0.09126226586919864 3 3 3 0 3 0 3 3 0 0
0.2774762016664484 3 3 3 0 3 1 1 0 1 1
-2.781121510840138 3 3 3 0 3 1 1 0 2 2
0.00013416580107223662 3 3 3 0 3 1 1 1 0 1
0.0009324543284531075 3 3 3 0 3 1 1 1 3 1
-0.0017958014896161674 3 3 3 0 3 1 1 2 0 2
-0.013156296920954456 3 3 3 0 3 1 1 2 3 2
-0.0007956618973072232 3 3 3 0 3 1 1 3 1 1
0.012936584419652227 3 3 3 0 3 1 1 3 2 2
1.5405343496204393e-05 3 3 3 0 3 1 2 0 1 2
3.058582307163089 3 3 3 0 3 1 2 0 2 1
0.0019299672906884044 3 3 3 0 3 1 2 2 0 1
0.01408875124940757 3 3 3 0 3 1 2 2 3 1
-0.01373224631695945 3 3 3 0 3 1 2 3 2 1
3.058582307163089 3 3 3 0 3 2 1 0 1 2
1.5405343496204437e-05 3 3 3 0 3 2 1 0 2 1
0.0019299672906884044 3 3 3 0 3 2 1 1 0 2
0.01408875124940757 3 3 3 0 3 2 1 1 3 2
-0.01373224631695945 3 3 3 0 3 2 1 3 1 2
-2.781121510840138 3 3 3 0 3 2 2 0 1 1
0.2774762016664484 3 3 3 0 3 2 2 0 2 2
-0.0017958014896161674 3 3 3 0 3 2 2 1 0 1
-0.013156296920954456 3 3 3 0 3 2 2 1 3 1
0.00013416580107223662 3 3 3 0 3 2 2 2 0 2
0.0009324543284531075 3 3 3 0 3 2 2 2 3 2
0.012936584419652227 3 3 3 0 3 2 2 3 1 1
-0.0007956618973072232 3 3 3 0 3 2 2 3 2 2
0.6423516231272403 3 3 3 0 3 3 0 0 0 0
0.09893186168917911 3 3 3 0 3 3 0 0 0 3
0.09060876859092785 3 3 3 0 3 3 0 0 3 0
0.09234950302025464 3 3 3 0 3 3 0 3 0 0
0.09150967816413759 3 3 3 0 3 3 3 0 0 0
0.0004136329042926346 3 3 3 1 1 0 0 1 0 1
2.9965852037672047e-05 3 3 3 1 1 0 0 1 3 1
0.0004136329042926346 3 3 3 1 1 0 0 2 0 2
2.9965852037672047e-05 3 3 3 1 1 0 0 2 3 2
8.112781207533032e-05 3 3 3 1 1 0 3 1 0 1
8.112781207533032e-05 3 3 3 1 1 0 3 2 0 2
-0.0004800335199964441 3 3 3 1 1 1 1 0 0 0
-0.00013424151610239062 3 3 3 1 1 1 1 0 0 3
0.1959244221708014 3 3 3 1 1 1 1 0 3 0
-0.0007459604957035166 3 3 3 1 1 1 1 0 3 3
-6.666056433117898e-05 3 3 3 1 1 1 1 3 0 0
-0.0004985941702724504 3 3 3 1 1 1 1 3 3 0
-0.00014754269421141445 3 3 3 1 1 1 1 3 3 3
-0.0004800335199964441 3 3 3 1 1 2 2 0 0 0
-0.00013424151610239062 3 3 3 1 1 2 2 0 0 3
0.1959244221708014 3 3 3 1 1 2 2 0 3 0
-0.0007459604957035166 3 3 3 1 1 2 2 0 3 3
-6.666056433117898e-05 3 3 3 1 1 2 2 3 0 0
-0.0004985941702724504 3 3 3 1 1 2 2 3 3 0
-0.00014754269421141445 3 3 3 1 1 2 2 3 3 3
7.450369750104323e-05 3 3 3 1 1 3 0 1 0 1
7.450369750104323e-05 3 3 3 1 1 3 0 2 0 2
-0.009754100146603084 3 3 3 1 2 0 0 0 1 2
0.009754100146603084 3 3 3 1 2 0 0 0 2 1
-0.0013805158153254165 3 3 3 1 2 0 0 3 1 2
0.0013805158153254165 3 3 3 1 2 0 0 3 2 1
-0.001387555947567406 3 3 3 1 2 0 3 0 1 2
0.001387555947567406 3 3 3 1 2 0 3 0 2 1
-2.4899596641103734e-05 3 3 3 1 2 1 1 1 2 0
1.3990650184737721e-05 3 3 3 1 2 1 1 1 2 3
2.0347929597827267e-05 3 3 3 1 2 1 1 2 1 0
-2.047168907933664e-05 3 3 3 1 2 1 1 2 1 3
-0.00010325971787380644 3 3 3 1 2 1 2 0 3 0
-4.551667043276463e-06 3 3 3 1 2 1 2 2 2 0
-6.481038894598923e-06 3 3 3 1 2 1 2 2 2 3
0.00010325971787380644 3 3 3 1 2 2 1 0 3 0
4.551667043276463e-06 3 3 3 1 2 2 1 1 1 0
6.481038894598923e-06 3 3 3 1 2 2 1 1 1 3
-2.0347929597827267e-05 3 3 3 1 2 2 2 1 2 0
2.047168907933664e-05 3 3 3 1 2 2 2 1 2 3
2.4899596641103734e-05 3 3 3 1 2 2 2 2 1 0
-1.3990650184737721e-05 3 3 3 1 2 2 2 2 1 3
-0.0014062679254693324 3 3 3 1 2 3 0 0 1 2
0.0014062679254693324 3 3 3 1 2 3 0 0 2 1
0.009754100146603084 3 3 3 2 1 0 0 0 1 2
-0.009754100146603084 3 3 3 2 1 0 0 0 2 1
0.0013805158153254165 3 3 3 2 1 0 0 3 1 2
-0.0013805158153254165 3 3 3 2 1 0 0 3 2 1
0.001387555947567406 3 3 3 2 1 0 3 0 1 2
-0.001387555947567406 3 3 3 2 1 0 3 0 2 1
2.4899596641103734e-05 3 3 3 2 1 1 1 1 2 0
-1.3990650184737721e-05 3 3 3 2 1 1 1 1 2 3
-2.0347929597827267e-05 3 3 3 2 1 1 1 2 1 0
2.047168907933664e-05 3 3 3 2 1 1 1 2 1 3
0.00010325971787380644 3 3 3 2 1 1 2 0 3 0
4.551667043276464e-06 3 3 3 2 1 1 2 2 2 0
6.481038894598923e-06 3 3 3 2 1 1 2 2 2 3
-0.00010325971787380644 3 3 3 2 1 2 1 0 3 0
-4.551667043276464e-06 3 3 3 2 1 2 1 1 1 0
-6.481038894598923e-06 3 3 3 2 1 2 1 1 1 3
2.0347929597827267e-05 3 3 3 2 1 2 2 1 2 0
-2.047168907933664e-05 3 3 3 2 1 2 2 1 2 3
-2.4899596641103734e-05 3 3 3 2 1 2 2 2 1 0
1.3990650184737721e-05 3 3 3 2 1 2 2 2 1 3
0.001406267925469332 3 3 3 2 1 3 0 0 1 2
-0.001406267925469332 3 3 3 2 1 3 0 0 2 1
0.0004136329042926346 3 3 3 2 2 0 0 1 0 1
2.9965852037672047e-05 3 3 3 2 2 0 0 1 3 1
0.0004136329042926346 3 3 3 2 2 0 0 2 0 2
2.9965852037672047e-05 3 3 3 2 2 0 0 2 3 2
8.112781207533032e-05 3 3 3 2 2 0 3 1 0 1
8.112781207533032e-05 3 3 3 2 2 0 3 2 0 2
-0.0004800335199964441 3 3 3 2 2 1 1 0 0 0
-0.00013424151610239062 3 3 3 2 2 1 1 0 0 3
0.19592442217080136 3 3 3 2 2 1 1 0 3 0
-0.0007459604957035166 3 3 3 2 2 1 1 0 3 3
-6.666056433117898e-05 3 3 3 2 2 1 1 3 0 0
-0.0004985941702724504 3 3 3 2 2 1 1 3 3 0
-0.00014754269421141445 3 3 3 2 2 1 1 3 3 3
-0.0004800335199964441 3 3 3 2 2 2 2 0 0 0
-0.00013424151610239062 3 3 3 2 2 2 2 0 0 3
0.19592442217080136 3 3 3 2 2 2 2 0 3 0
-0.0007459604957035166 3 3 3 2 2 2 2 0 3 3
-6.666056433117898e-05 3 3 3 2 2 2 2 3 0 0
-0.0004985941702724504 3 3 3 2 2 2 2 3 3 0
-0.00014754269421141445 3 3 3 2 2 2 2 3 3 3
7.450369750104323e-05 3 3 3 2 2 3 0 1 0 1
7.450369750104323e-05 3 3 3 2 2 3 0 2 0 2
-134.94004228370827 3 3 3 3 0 0 0 0 0 0
0.6089646573397433 3 3 3 3 0 0 0 0 0 3
0.6188447620834893 3 3 3 3 0 0 0 0 3 0
0.09138538951986197 3 3 3 3 0 0 0 0 3 3
-2.292970389042802 3 3 3 3 0 0 0 1 1 0
0.004629562707737073 3 3 3 3 0 0 0 1 1 3
-2.292970389042802 3 3 3 3 0 0 0 2 2 0
0.004629562707737073 3 3 3 3 0 0 0 2 2 3
0.6215902065081753 3 3 3 3 0 0 0 3 0 0
0.091863218930924 3 3 3 3 0 0 0 3 0 3
0.08814182527858128 3 3 3 3 0 0 0 3 3 0
0.6281782019668122 3 3 3 3 0 0 3 0 0 0
0.0879073874124844 3 3 3 3 0 0 3 0 0 3
0.08556674267573669 3 3 3 3 0 0 3 0 3 0
0.005418585599680121 3 3 3 3 0 0 3 1 1 0
0.0008568378059199469 3 3 3 3 0 0 3 1 1 3
0.005418585599680121 3 3 3 3 0 0 3 2 2 0
0.0008568378059199469 3 3 3 3 0 0 3 2 2 3
0.08603078643753075 3 3 3 3 0 0 3 3 0 0
-9.613679071099421e-05 3 3 3 3 0 1 1 0 1 1
0.0013997450882354203 3 3 3 3 0 1 1 0 2 2
0.0001354929569481195 3 3 3 3 0 1 1 1 0 1
0.0008589807398134485 3 3 3 3 0 1 1 1 3 1
-0.0021873795428686625 3 3 3 3 0 1 1 2 0 2
-0.014995865532022264 3 3 3 3 0 1 1 2 3 2
-0.001495881878946415 3 3 3 3 0 1 2 0 2 1
0.0023228724998167823 3 3 3 3 0 1 2 2 0 1
0.015854846271835712 3 3 3 3 0 1 2 2 3 1
-0.001495881878946415 3 3 3 3 0 2 1 0 1 2
0.0023228724998167823 3 3 3 3 0 2 1 1 0 2
0.015854846271835712 3 3 3 3 0 2 1 1 3 2
0.0013997450882354203 3 3 3 3 0 2 2 0 1 1
-9.613679071099421e-05 3 3 3 3 0 2 2 0 2 2
-0.0021873795428686625 3 3 3 3 0 2 2 1 0 1
-0.014995865532022264 3 3 3 3 0 2 2 1 3 1
0.0001354929569481195 3 3 3 3 0 2 2 2 0 2
0.0008589807398134485 3 3 3 3 0 2 2 2 3 2
0.6530960526824298 3 3 3 3 0 3 0 0 0 0
0.09314433327499354 3 3 3 3 0 3 0 0 0 3
0.08826147546358591 3 3 3 3 0 3 0 0 3 0
-0.0037807581089137027 3 3 3 3 0 3 0 1 1 0
-0.00044317773108040954 3 3 3 3 0 3 0 1 1 3
-0.0037807581089137027 3 3 3 3 0 3 0 2 2 0
-0.00044317773108040954 3 3 3 3 0 3 0 2 2 3
0.08823282823768133 3 3 3 3 0 3 0 3 0 0
0.08664055621323162 3 3 3 3 0 3 3 0 0 0
-0.0003727808062720144 3 3 3 3 0 3 3 1 1 0
-0.0003727808062720144 3 3 3 3 0 3 3 2 2 0
0.5566151348613443 3 3 3 3 3 0 0 0 0 0
0.09006055666293525 3 3 3 3 3 0 0 0 0 3
0.08516134820594047 3 3 3 3 3 0 0 0 3 0
0.004113691184747507 3 3 3 3 3 0 0 1 1 0
0.0008716337509317016 3 3 3 3 3 0 0 1 1 3
0.004113691184747507 3 3 3 3 3 0 0 2 2 0
0.0008716337509317016 3 3 3 3 3 0 0 2 2 3
0.08556676666135649 3 3 3 3 3 0 0 3 0 0
0.08395140204848486 3 3 3 3 3 0 3 0 0 0
0.0008265157893093764 3 3 3 3 3 0 3 1 1 0
0.0008265157893093764 3 3 3 3 3 0 3 2 2 0
-0.0007196457085325926 3 3 3 3 3 1 1 0 1 1
0.010153711908927653 3 3 3 3 3 1 1 0 2 2
0.0009904204747589096 3 3 3 3 3 1 1 1 0 1
-0.35953639488733796 3 3 3 3 3 1 1 1 3 1
-0.01556571491698607 3 3 3 3 3 1 1 2 0 2
2.988669880821699 3 3 3 3 3 1 1 2 3 2
-0.00010354592179720706 3 3 3 3 3 1 1 3 1 1
0.0013859561760227338 3 3 3 3 3 1 1 3 2 2
-0.010873357617460243 3 3 3 3 3 1 2 0 2 1
-1.5746371226237892e-05 3 3 3 3 3 1 2 1 3 2
0.01655613539174498 3 3 3 3 3 1 2 2 0 1
-3.348190529337808 3 3 3 3 3 1 2 2 3 1
-0.0014895020978199411 3 3 3 3 3 1 2 3 2 1
-0.010873357617460243 3 3 3 3 3 2 1 0 1 2
0.01655613539174498 3 3 3 3 3 2 1 1 0 2
-3.348190529337807 3 3 3 3 3 2 1 1 3 2
-1.574637122623791e-05 3 3 3 3 3 2 1 2 3 1
-0.0014895020978199411 3 3 3 3 3 2 1 3 1 2
0.010153711908927653 3 3 3 3 3 2 2 0 1 1
-0.0007196457085325926 3 3 3 3 3 2 2 0 2 2
-0.01556571491698607 3 3 3 3 3 2 2 1 0 1
2.9886698808216976 3 3 3 3 3 2 2 1 3 1
0.0009904204747589096 3 3 3 3 3 2 2 2 0 2
-0.35953639488733796 3 3 3 3 3 2 2 2 3 2
0.0013859561760227338 3 3 3 3 3 2 2 3 1 1
-0.00010354592179720706 3 3 3 3 3 2 2 3 2 2
0.08643726863285095 3 3 3 3 3 3 0 0 0 0
-0.0004359074640015061 3 3 3 3 3 3 0 1 1 0
-0.0004359074640015061 3 3 3 3 3 3 0 2 2 0
